ISO-10303-21;
HEADER;
FILE_DESCRIPTION(('FreeCAD Model'),'2;1');
FILE_NAME('Open CASCADE Shape Model','2026-09-09T13:50:12',(''),(''),
  'Open CASCADE STEP processor 7.8','FreeCAD','Unknown');
FILE_SCHEMA(('AUTOMOTIVE_DESIGN { 1 0 10303 214 1 1 1 1 }'));
ENDSEC;
DATA;
#1 = APPLICATION_PROTOCOL_DEFINITION('international standard',
  'automotive_design',2000,#2);
#2 = APPLICATION_CONTEXT(
  'core data for automotive mechanical design processes');
#3 = SHAPE_DEFINITION_REPRESENTATION(#4,#10);
#4 = PRODUCT_DEFINITION_SHAPE('','',#5);
#5 = PRODUCT_DEFINITION('design','',#6,#9);
#6 = PRODUCT_DEFINITION_FORMATION('','',#7);
#7 = PRODUCT('Assembly','Assembly','',(#8));
#8 = PRODUCT_CONTEXT('',#2,'mechanical');
#9 = PRODUCT_DEFINITION_CONTEXT('part definition',#2,'design');
#10 = SHAPE_REPRESENTATION('',(#11,#15,#19,#23,#27),#31);
#11 = AXIS2_PLACEMENT_3D('',#12,#13,#14);
#12 = CARTESIAN_POINT('',(0.,0.,0.));
#13 = DIRECTION('',(0.,0.,1.));
#14 = DIRECTION('',(1.,0.,-0.));
#15 = AXIS2_PLACEMENT_3D('',#16,#17,#18);
#16 = CARTESIAN_POINT('',(0.,0.,0.));
#17 = DIRECTION('',(0.,0.,1.));
#18 = DIRECTION('',(1.,0.,0.));
#19 = AXIS2_PLACEMENT_3D('',#20,#21,#22);
#20 = CARTESIAN_POINT('',(480.,922.35743270648,197.08901592641));
#21 = DIRECTION('',(1.563293083009E-15,-3.834589412336E-02,
    0.999264525741));
#22 = DIRECTION('',(-1.,1.867789996286E-15,1.636118483481E-15));
#23 = AXIS2_PLACEMENT_3D('',#24,#25,#26);
#24 = CARTESIAN_POINT('',(1.035E+03,765.57701549443,530.45558709853));
#25 = DIRECTION('',(5.463437919862E-16,-0.70137199426,0.712795430448));
#26 = DIRECTION('',(3.330669073875E-16,-0.712795430448,-0.70137199426));
#27 = AXIS2_PLACEMENT_3D('',#28,#29,#30);
#28 = CARTESIAN_POINT('',(-74.99999999999,765.57701549443,
    530.45558709854));
#29 = DIRECTION('',(-2.374085696192E-16,-0.70137199426,0.712795430448));
#30 = DIRECTION('',(-4.440892098501E-16,0.712795430448,0.70137199426));
#31 = ( GEOMETRIC_REPRESENTATION_CONTEXT(3) 
GLOBAL_UNCERTAINTY_ASSIGNED_CONTEXT((#35)) GLOBAL_UNIT_ASSIGNED_CONTEXT(
(#32,#33,#34)) REPRESENTATION_CONTEXT('Context #1',
  '3D Context with UNIT and UNCERTAINTY') );
#32 = ( LENGTH_UNIT() NAMED_UNIT(*) SI_UNIT(.MILLI.,.METRE.) );
#33 = ( NAMED_UNIT(*) PLANE_ANGLE_UNIT() SI_UNIT($,.RADIAN.) );
#34 = ( NAMED_UNIT(*) SI_UNIT($,.STERADIAN.) SOLID_ANGLE_UNIT() );
#35 = UNCERTAINTY_MEASURE_WITH_UNIT(LENGTH_MEASURE(2.E-07),#32,
  'distance_accuracy_value','confusion accuracy');
#36 = PRODUCT_RELATED_PRODUCT_CATEGORY('part',$,(#7));
#37 = SHAPE_DEFINITION_REPRESENTATION(#38,#44);
#38 = PRODUCT_DEFINITION_SHAPE('','',#39);
#39 = PRODUCT_DEFINITION('design','',#40,#43);
#40 = PRODUCT_DEFINITION_FORMATION('','',#41);
#41 = PRODUCT('Assembly','Assembly','',(#42));
#42 = PRODUCT_CONTEXT('',#2,'mechanical');
#43 = PRODUCT_DEFINITION_CONTEXT('part definition',#2,'design');
#44 = SHAPE_REPRESENTATION('',(#11,#45,#49,#53,#57,#61,#65,#69,#73,#77),
  #81);
#45 = AXIS2_PLACEMENT_3D('',#46,#47,#48);
#46 = CARTESIAN_POINT('',(0.,-4.1E-15,4.E-16));
#47 = DIRECTION('',(0.,0.,1.));
#48 = DIRECTION('',(1.,0.,0.));
#49 = AXIS2_PLACEMENT_3D('',#50,#51,#52);
#50 = CARTESIAN_POINT('',(960.,-85.,-1.08E-14));
#51 = DIRECTION('',(0.,0.,1.));
#52 = DIRECTION('',(-4.440892098501E-16,1.,0.));
#53 = AXIS2_PLACEMENT_3D('',#54,#55,#56);
#54 = CARTESIAN_POINT('',(-25.,-85.,-9.79E-14));
#55 = DIRECTION('',(0.,0.,1.));
#56 = DIRECTION('',(-2.22044604925E-16,1.,0.));
#57 = AXIS2_PLACEMENT_3D('',#58,#59,#60);
#58 = CARTESIAN_POINT('',(190.,-25.,1.19E+03));
#59 = DIRECTION('',(-8.659560562355E-17,-8.659560562355E-17,-1.));
#60 = DIRECTION('',(2.22044604925E-16,-1.,8.659560562355E-17));
#61 = AXIS2_PLACEMENT_3D('',#62,#63,#64);
#62 = CARTESIAN_POINT('',(200.,-125.,288.));
#63 = DIRECTION('',(8.659560562355E-17,-8.659560562355E-17,-1.));
#64 = DIRECTION('',(-4.440892098501E-16,1.,-8.659560562355E-17));
#65 = AXIS2_PLACEMENT_3D('',#66,#67,#68);
#66 = CARTESIAN_POINT('',(770.,-25.,494.));
#67 = DIRECTION('',(0.,0.,1.));
#68 = DIRECTION('',(-1.110223024625E-15,-1.,0.));
#69 = AXIS2_PLACEMENT_3D('',#70,#71,#72);
#70 = CARTESIAN_POINT('',(760.,-125.,-9.E-15));
#71 = DIRECTION('',(0.,-0.,1.));
#72 = DIRECTION('',(4.440892098501E-16,1.,0.));
#73 = AXIS2_PLACEMENT_3D('',#74,#75,#76);
#74 = CARTESIAN_POINT('',(1.703E-13,2.287E-13,2.43E-14));
#75 = DIRECTION('',(0.,1.,-2.22044604925E-16));
#76 = DIRECTION('',(1.,0.,0.));
#77 = AXIS2_PLACEMENT_3D('',#78,#79,#80);
#78 = CARTESIAN_POINT('',(635.,2.209E-13,1.19E+03));
#79 = DIRECTION('',(-2.22044604925E-16,1.,2.22044604925E-16));
#80 = DIRECTION('',(2.22044604925E-16,2.22044604925E-16,-1.));
#81 = ( GEOMETRIC_REPRESENTATION_CONTEXT(3) 
GLOBAL_UNCERTAINTY_ASSIGNED_CONTEXT((#85)) GLOBAL_UNIT_ASSIGNED_CONTEXT(
(#82,#83,#84)) REPRESENTATION_CONTEXT('Context #1',
  '3D Context with UNIT and UNCERTAINTY') );
#82 = ( LENGTH_UNIT() NAMED_UNIT(*) SI_UNIT(.MILLI.,.METRE.) );
#83 = ( NAMED_UNIT(*) PLANE_ANGLE_UNIT() SI_UNIT($,.RADIAN.) );
#84 = ( NAMED_UNIT(*) SI_UNIT($,.STERADIAN.) SOLID_ANGLE_UNIT() );
#85 = UNCERTAINTY_MEASURE_WITH_UNIT(LENGTH_MEASURE(2.E-07),#82,
  'distance_accuracy_value','confusion accuracy');
#86 = CONTEXT_DEPENDENT_SHAPE_REPRESENTATION(#87,#89);
#87 = ( REPRESENTATION_RELATIONSHIP('','',#44,#10) 
REPRESENTATION_RELATIONSHIP_WITH_TRANSFORMATION(#88) 
SHAPE_REPRESENTATION_RELATIONSHIP() );
#88 = ITEM_DEFINED_TRANSFORMATION('','',#11,#15);
#89 = PRODUCT_DEFINITION_SHAPE('Placement','Placement of an item',#90);
#90 = NEXT_ASSEMBLY_USAGE_OCCURRENCE('49','Assembly','',#5,#39,$);
#91 = PRODUCT_RELATED_PRODUCT_CATEGORY('part',$,(#41));
#92 = SHAPE_DEFINITION_REPRESENTATION(#93,#99);
#93 = PRODUCT_DEFINITION_SHAPE('','',#94);
#94 = PRODUCT_DEFINITION('design','',#95,#98);
#95 = PRODUCT_DEFINITION_FORMATION('','',#96);
#96 = PRODUCT('Body','Body','',(#97));
#97 = PRODUCT_CONTEXT('',#2,'mechanical');
#98 = PRODUCT_DEFINITION_CONTEXT('part definition',#2,'design');
#99 = ADVANCED_BREP_SHAPE_REPRESENTATION('',(#11,#100),#3097);
#100 = MANIFOLD_SOLID_BREP('',#101);
#101 = CLOSED_SHELL('',(#102,#142,#173,#204,#226,#259,#292,#325,#358,
    #391,#424,#457,#490,#523,#556,#589,#622,#655,#688,#721,#754,#787,
    #820,#853,#886,#919,#952,#985,#1018,#1051,#1084,#1117,#1150,#1183,
    #1216,#1249,#1282,#1315,#1348,#1381,#1414,#1447,#1480,#1513,#1546,
    #1579,#1612,#1645,#1678,#1711,#1744,#1777,#1810,#1843,#1876,#1909,
    #1942,#1975,#2008,#2041,#2074,#2107,#2140,#2173,#2206,#2239,#2272,
    #2305,#2338,#2371,#2404,#2437,#2470,#2503,#2536,#2569,#2602,#2635,
    #2866));
#102 = ADVANCED_FACE('',(#103),#137,.F.);
#103 = FACE_BOUND('',#104,.F.);
#104 = EDGE_LOOP('',(#105,#115,#123,#131));
#105 = ORIENTED_EDGE('',*,*,#106,.T.);
#106 = EDGE_CURVE('',#107,#109,#111,.T.);
#107 = VERTEX_POINT('',#108);
#108 = CARTESIAN_POINT('',(0.,0.,0.));
#109 = VERTEX_POINT('',#110);
#110 = CARTESIAN_POINT('',(0.,-25.,6.E-15));
#111 = LINE('',#112,#113);
#112 = CARTESIAN_POINT('',(0.,0.,0.));
#113 = VECTOR('',#114,1.);
#114 = DIRECTION('',(0.,-1.,2.2E-16));
#115 = ORIENTED_EDGE('',*,*,#116,.T.);
#116 = EDGE_CURVE('',#109,#117,#119,.T.);
#117 = VERTEX_POINT('',#118);
#118 = CARTESIAN_POINT('',(960.,-25.,6.E-15));
#119 = LINE('',#120,#121);
#120 = CARTESIAN_POINT('',(0.,-25.,6.E-15));
#121 = VECTOR('',#122,1.);
#122 = DIRECTION('',(1.,0.,0.));
#123 = ORIENTED_EDGE('',*,*,#124,.F.);
#124 = EDGE_CURVE('',#125,#117,#127,.T.);
#125 = VERTEX_POINT('',#126);
#126 = CARTESIAN_POINT('',(960.,0.,0.));
#127 = LINE('',#128,#129);
#128 = CARTESIAN_POINT('',(960.,0.,0.));
#129 = VECTOR('',#130,1.);
#130 = DIRECTION('',(0.,-1.,2.2E-16));
#131 = ORIENTED_EDGE('',*,*,#132,.F.);
#132 = EDGE_CURVE('',#107,#125,#133,.T.);
#133 = LINE('',#134,#135);
#134 = CARTESIAN_POINT('',(0.,0.,0.));
#135 = VECTOR('',#136,1.);
#136 = DIRECTION('',(1.,0.,0.));
#137 = PLANE('',#138);
#138 = AXIS2_PLACEMENT_3D('',#139,#140,#141);
#139 = CARTESIAN_POINT('',(0.,0.,0.));
#140 = DIRECTION('',(0.,2.2E-16,1.));
#141 = DIRECTION('',(1.,0.,-0.));
#142 = ADVANCED_FACE('',(#143),#168,.F.);
#143 = FACE_BOUND('',#144,.F.);
#144 = EDGE_LOOP('',(#145,#146,#154,#162));
#145 = ORIENTED_EDGE('',*,*,#124,.T.);
#146 = ORIENTED_EDGE('',*,*,#147,.T.);
#147 = EDGE_CURVE('',#117,#148,#150,.T.);
#148 = VERTEX_POINT('',#149);
#149 = CARTESIAN_POINT('',(960.,-25.,1.19E+03));
#150 = LINE('',#151,#152);
#151 = CARTESIAN_POINT('',(960.,-25.,6.E-15));
#152 = VECTOR('',#153,1.);
#153 = DIRECTION('',(0.,0.,1.));
#154 = ORIENTED_EDGE('',*,*,#155,.F.);
#155 = EDGE_CURVE('',#156,#148,#158,.T.);
#156 = VERTEX_POINT('',#157);
#157 = CARTESIAN_POINT('',(960.,2.64E-13,1.19E+03));
#158 = LINE('',#159,#160);
#159 = CARTESIAN_POINT('',(960.,2.6423E-13,1.19E+03));
#160 = VECTOR('',#161,1.);
#161 = DIRECTION('',(0.,-1.,2.2E-16));
#162 = ORIENTED_EDGE('',*,*,#163,.F.);
#163 = EDGE_CURVE('',#125,#156,#164,.T.);
#164 = LINE('',#165,#166);
#165 = CARTESIAN_POINT('',(960.,0.,0.));
#166 = VECTOR('',#167,1.);
#167 = DIRECTION('',(0.,0.,1.));
#168 = PLANE('',#169);
#169 = AXIS2_PLACEMENT_3D('',#170,#171,#172);
#170 = CARTESIAN_POINT('',(960.,0.,0.));
#171 = DIRECTION('',(-1.,0.,0.));
#172 = DIRECTION('',(0.,2.2E-16,1.));
#173 = ADVANCED_FACE('',(#174),#199,.F.);
#174 = FACE_BOUND('',#175,.F.);
#175 = EDGE_LOOP('',(#176,#177,#185,#193));
#176 = ORIENTED_EDGE('',*,*,#155,.T.);
#177 = ORIENTED_EDGE('',*,*,#178,.T.);
#178 = EDGE_CURVE('',#148,#179,#181,.T.);
#179 = VERTEX_POINT('',#180);
#180 = CARTESIAN_POINT('',(0.,-25.,1.19E+03));
#181 = LINE('',#182,#183);
#182 = CARTESIAN_POINT('',(960.,-25.,1.19E+03));
#183 = VECTOR('',#184,1.);
#184 = DIRECTION('',(-1.,0.,0.));
#185 = ORIENTED_EDGE('',*,*,#186,.F.);
#186 = EDGE_CURVE('',#187,#179,#189,.T.);
#187 = VERTEX_POINT('',#188);
#188 = CARTESIAN_POINT('',(0.,2.64E-13,1.19E+03));
#189 = LINE('',#190,#191);
#190 = CARTESIAN_POINT('',(0.,2.6423E-13,1.19E+03));
#191 = VECTOR('',#192,1.);
#192 = DIRECTION('',(0.,-1.,2.2E-16));
#193 = ORIENTED_EDGE('',*,*,#194,.F.);
#194 = EDGE_CURVE('',#156,#187,#195,.T.);
#195 = LINE('',#196,#197);
#196 = CARTESIAN_POINT('',(960.,0.,1.19E+03));
#197 = VECTOR('',#198,1.);
#198 = DIRECTION('',(-1.,0.,0.));
#199 = PLANE('',#200);
#200 = AXIS2_PLACEMENT_3D('',#201,#202,#203);
#201 = CARTESIAN_POINT('',(960.,2.6423E-13,1.19E+03));
#202 = DIRECTION('',(-0.,-2.2E-16,-1.));
#203 = DIRECTION('',(-1.,0.,0.));
#204 = ADVANCED_FACE('',(#205),#221,.F.);
#205 = FACE_BOUND('',#206,.F.);
#206 = EDGE_LOOP('',(#207,#208,#214,#215));
#207 = ORIENTED_EDGE('',*,*,#186,.T.);
#208 = ORIENTED_EDGE('',*,*,#209,.T.);
#209 = EDGE_CURVE('',#179,#109,#210,.T.);
#210 = LINE('',#211,#212);
#211 = CARTESIAN_POINT('',(0.,-25.,1.19E+03));
#212 = VECTOR('',#213,1.);
#213 = DIRECTION('',(0.,0.,-1.));
#214 = ORIENTED_EDGE('',*,*,#106,.F.);
#215 = ORIENTED_EDGE('',*,*,#216,.F.);
#216 = EDGE_CURVE('',#187,#107,#217,.T.);
#217 = LINE('',#218,#219);
#218 = CARTESIAN_POINT('',(0.,0.,1.19E+03));
#219 = VECTOR('',#220,1.);
#220 = DIRECTION('',(0.,0.,-1.));
#221 = PLANE('',#222);
#222 = AXIS2_PLACEMENT_3D('',#223,#224,#225);
#223 = CARTESIAN_POINT('',(0.,2.6423E-13,1.19E+03));
#224 = DIRECTION('',(1.,0.,0.));
#225 = DIRECTION('',(0.,-2.2E-16,-1.));
#226 = ADVANCED_FACE('',(#227),#254,.F.);
#227 = FACE_BOUND('',#228,.T.);
#228 = EDGE_LOOP('',(#229,#239,#246,#247));
#229 = ORIENTED_EDGE('',*,*,#230,.T.);
#230 = EDGE_CURVE('',#231,#233,#235,.T.);
#231 = VERTEX_POINT('',#232);
#232 = CARTESIAN_POINT('',(510.,2.42E-13,1.09E+03));
#233 = VERTEX_POINT('',#234);
#234 = CARTESIAN_POINT('',(510.,-25.,1.09E+03));
#235 = LINE('',#236,#237);
#236 = CARTESIAN_POINT('',(510.,2.4203E-13,1.09E+03));
#237 = VECTOR('',#238,1.);
#238 = DIRECTION('',(0.,-1.,2.2E-16));
#239 = ORIENTED_EDGE('',*,*,#240,.T.);
#240 = EDGE_CURVE('',#233,#233,#241,.T.);
#241 = CIRCLE('',#242,30.);
#242 = AXIS2_PLACEMENT_3D('',#243,#244,#245);
#243 = CARTESIAN_POINT('',(480.,-25.,1.09E+03));
#244 = DIRECTION('',(0.,-1.,0.));
#245 = DIRECTION('',(1.,0.,0.));
#246 = ORIENTED_EDGE('',*,*,#230,.F.);
#247 = ORIENTED_EDGE('',*,*,#248,.F.);
#248 = EDGE_CURVE('',#231,#231,#249,.T.);
#249 = CIRCLE('',#250,30.);
#250 = AXIS2_PLACEMENT_3D('',#251,#252,#253);
#251 = CARTESIAN_POINT('',(480.,0.,1.09E+03));
#252 = DIRECTION('',(0.,-1.,0.));
#253 = DIRECTION('',(1.,0.,0.));
#254 = CYLINDRICAL_SURFACE('',#255,30.);
#255 = AXIS2_PLACEMENT_3D('',#256,#257,#258);
#256 = CARTESIAN_POINT('',(480.,2.4203E-13,1.09E+03));
#257 = DIRECTION('',(0.,1.,-2.2E-16));
#258 = DIRECTION('',(1.,0.,0.));
#259 = ADVANCED_FACE('',(#260),#287,.F.);
#260 = FACE_BOUND('',#261,.T.);
#261 = EDGE_LOOP('',(#262,#272,#279,#280));
#262 = ORIENTED_EDGE('',*,*,#263,.T.);
#263 = EDGE_CURVE('',#264,#266,#268,.T.);
#264 = VERTEX_POINT('',#265);
#265 = CARTESIAN_POINT('',(251.,2.55E-13,1.15E+03));
#266 = VERTEX_POINT('',#267);
#267 = CARTESIAN_POINT('',(251.,-25.,1.15E+03));
#268 = LINE('',#269,#270);
#269 = CARTESIAN_POINT('',(251.,2.5535E-13,1.15E+03));
#270 = VECTOR('',#271,1.);
#271 = DIRECTION('',(0.,-1.,2.2E-16));
#272 = ORIENTED_EDGE('',*,*,#273,.T.);
#273 = EDGE_CURVE('',#266,#266,#274,.T.);
#274 = CIRCLE('',#275,6.);
#275 = AXIS2_PLACEMENT_3D('',#276,#277,#278);
#276 = CARTESIAN_POINT('',(245.,-25.,1.15E+03));
#277 = DIRECTION('',(0.,-1.,0.));
#278 = DIRECTION('',(1.,0.,0.));
#279 = ORIENTED_EDGE('',*,*,#263,.F.);
#280 = ORIENTED_EDGE('',*,*,#281,.F.);
#281 = EDGE_CURVE('',#264,#264,#282,.T.);
#282 = CIRCLE('',#283,6.);
#283 = AXIS2_PLACEMENT_3D('',#284,#285,#286);
#284 = CARTESIAN_POINT('',(245.,0.,1.15E+03));
#285 = DIRECTION('',(0.,-1.,0.));
#286 = DIRECTION('',(1.,0.,0.));
#287 = CYLINDRICAL_SURFACE('',#288,6.);
#288 = AXIS2_PLACEMENT_3D('',#289,#290,#291);
#289 = CARTESIAN_POINT('',(245.,2.5535E-13,1.15E+03));
#290 = DIRECTION('',(0.,1.,-2.2E-16));
#291 = DIRECTION('',(1.,0.,0.));
#292 = ADVANCED_FACE('',(#293),#320,.F.);
#293 = FACE_BOUND('',#294,.T.);
#294 = EDGE_LOOP('',(#295,#305,#312,#313));
#295 = ORIENTED_EDGE('',*,*,#296,.T.);
#296 = EDGE_CURVE('',#297,#299,#301,.T.);
#297 = VERTEX_POINT('',#298);
#298 = CARTESIAN_POINT('',(276.5,2.55E-13,1.15E+03));
#299 = VERTEX_POINT('',#300);
#300 = CARTESIAN_POINT('',(276.5,-25.,1.15E+03));
#301 = LINE('',#302,#303);
#302 = CARTESIAN_POINT('',(276.5,2.5535E-13,1.15E+03));
#303 = VECTOR('',#304,1.);
#304 = DIRECTION('',(0.,-1.,2.2E-16));
#305 = ORIENTED_EDGE('',*,*,#306,.T.);
#306 = EDGE_CURVE('',#299,#299,#307,.T.);
#307 = CIRCLE('',#308,6.);
#308 = AXIS2_PLACEMENT_3D('',#309,#310,#311);
#309 = CARTESIAN_POINT('',(270.5,-25.,1.15E+03));
#310 = DIRECTION('',(0.,-1.,0.));
#311 = DIRECTION('',(1.,0.,0.));
#312 = ORIENTED_EDGE('',*,*,#296,.F.);
#313 = ORIENTED_EDGE('',*,*,#314,.F.);
#314 = EDGE_CURVE('',#297,#297,#315,.T.);
#315 = CIRCLE('',#316,6.);
#316 = AXIS2_PLACEMENT_3D('',#317,#318,#319);
#317 = CARTESIAN_POINT('',(270.5,0.,1.15E+03));
#318 = DIRECTION('',(0.,-1.,0.));
#319 = DIRECTION('',(1.,0.,0.));
#320 = CYLINDRICAL_SURFACE('',#321,6.);
#321 = AXIS2_PLACEMENT_3D('',#322,#323,#324);
#322 = CARTESIAN_POINT('',(270.5,2.5535E-13,1.15E+03));
#323 = DIRECTION('',(0.,1.,-2.2E-16));
#324 = DIRECTION('',(1.,0.,0.));
#325 = ADVANCED_FACE('',(#326),#353,.F.);
#326 = FACE_BOUND('',#327,.T.);
#327 = EDGE_LOOP('',(#328,#338,#345,#346));
#328 = ORIENTED_EDGE('',*,*,#329,.T.);
#329 = EDGE_CURVE('',#330,#332,#334,.T.);
#330 = VERTEX_POINT('',#331);
#331 = CARTESIAN_POINT('',(302.,2.55E-13,1.15E+03));
#332 = VERTEX_POINT('',#333);
#333 = CARTESIAN_POINT('',(302.,-25.,1.15E+03));
#334 = LINE('',#335,#336);
#335 = CARTESIAN_POINT('',(302.,2.5535E-13,1.15E+03));
#336 = VECTOR('',#337,1.);
#337 = DIRECTION('',(0.,-1.,2.2E-16));
#338 = ORIENTED_EDGE('',*,*,#339,.T.);
#339 = EDGE_CURVE('',#332,#332,#340,.T.);
#340 = CIRCLE('',#341,6.);
#341 = AXIS2_PLACEMENT_3D('',#342,#343,#344);
#342 = CARTESIAN_POINT('',(296.,-25.,1.15E+03));
#343 = DIRECTION('',(0.,-1.,0.));
#344 = DIRECTION('',(1.,0.,0.));
#345 = ORIENTED_EDGE('',*,*,#329,.F.);
#346 = ORIENTED_EDGE('',*,*,#347,.F.);
#347 = EDGE_CURVE('',#330,#330,#348,.T.);
#348 = CIRCLE('',#349,6.);
#349 = AXIS2_PLACEMENT_3D('',#350,#351,#352);
#350 = CARTESIAN_POINT('',(296.,0.,1.15E+03));
#351 = DIRECTION('',(0.,-1.,0.));
#352 = DIRECTION('',(1.,0.,0.));
#353 = CYLINDRICAL_SURFACE('',#354,6.);
#354 = AXIS2_PLACEMENT_3D('',#355,#356,#357);
#355 = CARTESIAN_POINT('',(296.,2.5535E-13,1.15E+03));
#356 = DIRECTION('',(0.,1.,-2.2E-16));
#357 = DIRECTION('',(1.,0.,0.));
#358 = ADVANCED_FACE('',(#359),#386,.F.);
#359 = FACE_BOUND('',#360,.T.);
#360 = EDGE_LOOP('',(#361,#371,#378,#379));
#361 = ORIENTED_EDGE('',*,*,#362,.T.);
#362 = EDGE_CURVE('',#363,#365,#367,.T.);
#363 = VERTEX_POINT('',#364);
#364 = CARTESIAN_POINT('',(251.,2.4E-13,1.08E+03));
#365 = VERTEX_POINT('',#366);
#366 = CARTESIAN_POINT('',(251.,-25.,1.08E+03));
#367 = LINE('',#368,#369);
#368 = CARTESIAN_POINT('',(251.,2.3981E-13,1.08E+03));
#369 = VECTOR('',#370,1.);
#370 = DIRECTION('',(0.,-1.,2.2E-16));
#371 = ORIENTED_EDGE('',*,*,#372,.T.);
#372 = EDGE_CURVE('',#365,#365,#373,.T.);
#373 = CIRCLE('',#374,6.);
#374 = AXIS2_PLACEMENT_3D('',#375,#376,#377);
#375 = CARTESIAN_POINT('',(245.,-25.,1.08E+03));
#376 = DIRECTION('',(0.,-1.,0.));
#377 = DIRECTION('',(1.,0.,0.));
#378 = ORIENTED_EDGE('',*,*,#362,.F.);
#379 = ORIENTED_EDGE('',*,*,#380,.F.);
#380 = EDGE_CURVE('',#363,#363,#381,.T.);
#381 = CIRCLE('',#382,6.);
#382 = AXIS2_PLACEMENT_3D('',#383,#384,#385);
#383 = CARTESIAN_POINT('',(245.,0.,1.08E+03));
#384 = DIRECTION('',(0.,-1.,0.));
#385 = DIRECTION('',(1.,0.,0.));
#386 = CYLINDRICAL_SURFACE('',#387,6.);
#387 = AXIS2_PLACEMENT_3D('',#388,#389,#390);
#388 = CARTESIAN_POINT('',(245.,2.3981E-13,1.08E+03));
#389 = DIRECTION('',(0.,1.,-2.2E-16));
#390 = DIRECTION('',(1.,0.,0.));
#391 = ADVANCED_FACE('',(#392),#419,.F.);
#392 = FACE_BOUND('',#393,.T.);
#393 = EDGE_LOOP('',(#394,#404,#411,#412));
#394 = ORIENTED_EDGE('',*,*,#395,.T.);
#395 = EDGE_CURVE('',#396,#398,#400,.T.);
#396 = VERTEX_POINT('',#397);
#397 = CARTESIAN_POINT('',(276.5,2.4E-13,1.08E+03));
#398 = VERTEX_POINT('',#399);
#399 = CARTESIAN_POINT('',(276.5,-25.,1.08E+03));
#400 = LINE('',#401,#402);
#401 = CARTESIAN_POINT('',(276.5,2.3981E-13,1.08E+03));
#402 = VECTOR('',#403,1.);
#403 = DIRECTION('',(0.,-1.,2.2E-16));
#404 = ORIENTED_EDGE('',*,*,#405,.T.);
#405 = EDGE_CURVE('',#398,#398,#406,.T.);
#406 = CIRCLE('',#407,6.);
#407 = AXIS2_PLACEMENT_3D('',#408,#409,#410);
#408 = CARTESIAN_POINT('',(270.5,-25.,1.08E+03));
#409 = DIRECTION('',(0.,-1.,0.));
#410 = DIRECTION('',(1.,0.,0.));
#411 = ORIENTED_EDGE('',*,*,#395,.F.);
#412 = ORIENTED_EDGE('',*,*,#413,.F.);
#413 = EDGE_CURVE('',#396,#396,#414,.T.);
#414 = CIRCLE('',#415,6.);
#415 = AXIS2_PLACEMENT_3D('',#416,#417,#418);
#416 = CARTESIAN_POINT('',(270.5,0.,1.08E+03));
#417 = DIRECTION('',(0.,-1.,0.));
#418 = DIRECTION('',(1.,0.,0.));
#419 = CYLINDRICAL_SURFACE('',#420,6.);
#420 = AXIS2_PLACEMENT_3D('',#421,#422,#423);
#421 = CARTESIAN_POINT('',(270.5,2.3981E-13,1.08E+03));
#422 = DIRECTION('',(0.,1.,-2.2E-16));
#423 = DIRECTION('',(1.,0.,0.));
#424 = ADVANCED_FACE('',(#425),#452,.F.);
#425 = FACE_BOUND('',#426,.T.);
#426 = EDGE_LOOP('',(#427,#437,#444,#445));
#427 = ORIENTED_EDGE('',*,*,#428,.T.);
#428 = EDGE_CURVE('',#429,#431,#433,.T.);
#429 = VERTEX_POINT('',#430);
#430 = CARTESIAN_POINT('',(302.,2.4E-13,1.08E+03));
#431 = VERTEX_POINT('',#432);
#432 = CARTESIAN_POINT('',(302.,-25.,1.08E+03));
#433 = LINE('',#434,#435);
#434 = CARTESIAN_POINT('',(302.,2.3981E-13,1.08E+03));
#435 = VECTOR('',#436,1.);
#436 = DIRECTION('',(0.,-1.,2.2E-16));
#437 = ORIENTED_EDGE('',*,*,#438,.T.);
#438 = EDGE_CURVE('',#431,#431,#439,.T.);
#439 = CIRCLE('',#440,6.);
#440 = AXIS2_PLACEMENT_3D('',#441,#442,#443);
#441 = CARTESIAN_POINT('',(296.,-25.,1.08E+03));
#442 = DIRECTION('',(0.,-1.,0.));
#443 = DIRECTION('',(1.,0.,0.));
#444 = ORIENTED_EDGE('',*,*,#428,.F.);
#445 = ORIENTED_EDGE('',*,*,#446,.F.);
#446 = EDGE_CURVE('',#429,#429,#447,.T.);
#447 = CIRCLE('',#448,6.);
#448 = AXIS2_PLACEMENT_3D('',#449,#450,#451);
#449 = CARTESIAN_POINT('',(296.,0.,1.08E+03));
#450 = DIRECTION('',(0.,-1.,0.));
#451 = DIRECTION('',(1.,0.,0.));
#452 = CYLINDRICAL_SURFACE('',#453,6.);
#453 = AXIS2_PLACEMENT_3D('',#454,#455,#456);
#454 = CARTESIAN_POINT('',(296.,2.3981E-13,1.08E+03));
#455 = DIRECTION('',(0.,1.,-2.2E-16));
#456 = DIRECTION('',(1.,0.,0.));
#457 = ADVANCED_FACE('',(#458),#485,.F.);
#458 = FACE_BOUND('',#459,.T.);
#459 = EDGE_LOOP('',(#460,#470,#477,#478));
#460 = ORIENTED_EDGE('',*,*,#461,.T.);
#461 = EDGE_CURVE('',#462,#464,#466,.T.);
#462 = VERTEX_POINT('',#463);
#463 = CARTESIAN_POINT('',(251.,2.24E-13,1.01E+03));
#464 = VERTEX_POINT('',#465);
#465 = CARTESIAN_POINT('',(251.,-25.,1.01E+03));
#466 = LINE('',#467,#468);
#467 = CARTESIAN_POINT('',(251.,2.2427E-13,1.01E+03));
#468 = VECTOR('',#469,1.);
#469 = DIRECTION('',(0.,-1.,2.2E-16));
#470 = ORIENTED_EDGE('',*,*,#471,.T.);
#471 = EDGE_CURVE('',#464,#464,#472,.T.);
#472 = CIRCLE('',#473,6.);
#473 = AXIS2_PLACEMENT_3D('',#474,#475,#476);
#474 = CARTESIAN_POINT('',(245.,-25.,1.01E+03));
#475 = DIRECTION('',(0.,-1.,0.));
#476 = DIRECTION('',(1.,0.,0.));
#477 = ORIENTED_EDGE('',*,*,#461,.F.);
#478 = ORIENTED_EDGE('',*,*,#479,.F.);
#479 = EDGE_CURVE('',#462,#462,#480,.T.);
#480 = CIRCLE('',#481,6.);
#481 = AXIS2_PLACEMENT_3D('',#482,#483,#484);
#482 = CARTESIAN_POINT('',(245.,0.,1.01E+03));
#483 = DIRECTION('',(0.,-1.,0.));
#484 = DIRECTION('',(1.,0.,0.));
#485 = CYLINDRICAL_SURFACE('',#486,6.);
#486 = AXIS2_PLACEMENT_3D('',#487,#488,#489);
#487 = CARTESIAN_POINT('',(245.,2.2427E-13,1.01E+03));
#488 = DIRECTION('',(0.,1.,-2.2E-16));
#489 = DIRECTION('',(1.,0.,0.));
#490 = ADVANCED_FACE('',(#491),#518,.F.);
#491 = FACE_BOUND('',#492,.T.);
#492 = EDGE_LOOP('',(#493,#503,#510,#511));
#493 = ORIENTED_EDGE('',*,*,#494,.T.);
#494 = EDGE_CURVE('',#495,#497,#499,.T.);
#495 = VERTEX_POINT('',#496);
#496 = CARTESIAN_POINT('',(276.5,2.24E-13,1.01E+03));
#497 = VERTEX_POINT('',#498);
#498 = CARTESIAN_POINT('',(276.5,-25.,1.01E+03));
#499 = LINE('',#500,#501);
#500 = CARTESIAN_POINT('',(276.5,2.2427E-13,1.01E+03));
#501 = VECTOR('',#502,1.);
#502 = DIRECTION('',(0.,-1.,2.2E-16));
#503 = ORIENTED_EDGE('',*,*,#504,.T.);
#504 = EDGE_CURVE('',#497,#497,#505,.T.);
#505 = CIRCLE('',#506,6.);
#506 = AXIS2_PLACEMENT_3D('',#507,#508,#509);
#507 = CARTESIAN_POINT('',(270.5,-25.,1.01E+03));
#508 = DIRECTION('',(0.,-1.,0.));
#509 = DIRECTION('',(1.,0.,0.));
#510 = ORIENTED_EDGE('',*,*,#494,.F.);
#511 = ORIENTED_EDGE('',*,*,#512,.F.);
#512 = EDGE_CURVE('',#495,#495,#513,.T.);
#513 = CIRCLE('',#514,6.);
#514 = AXIS2_PLACEMENT_3D('',#515,#516,#517);
#515 = CARTESIAN_POINT('',(270.5,0.,1.01E+03));
#516 = DIRECTION('',(0.,-1.,0.));
#517 = DIRECTION('',(1.,0.,0.));
#518 = CYLINDRICAL_SURFACE('',#519,6.);
#519 = AXIS2_PLACEMENT_3D('',#520,#521,#522);
#520 = CARTESIAN_POINT('',(270.5,2.2427E-13,1.01E+03));
#521 = DIRECTION('',(0.,1.,-2.2E-16));
#522 = DIRECTION('',(1.,0.,0.));
#523 = ADVANCED_FACE('',(#524),#551,.F.);
#524 = FACE_BOUND('',#525,.T.);
#525 = EDGE_LOOP('',(#526,#536,#543,#544));
#526 = ORIENTED_EDGE('',*,*,#527,.T.);
#527 = EDGE_CURVE('',#528,#530,#532,.T.);
#528 = VERTEX_POINT('',#529);
#529 = CARTESIAN_POINT('',(302.,2.24E-13,1.01E+03));
#530 = VERTEX_POINT('',#531);
#531 = CARTESIAN_POINT('',(302.,-25.,1.01E+03));
#532 = LINE('',#533,#534);
#533 = CARTESIAN_POINT('',(302.,2.2427E-13,1.01E+03));
#534 = VECTOR('',#535,1.);
#535 = DIRECTION('',(0.,-1.,2.2E-16));
#536 = ORIENTED_EDGE('',*,*,#537,.T.);
#537 = EDGE_CURVE('',#530,#530,#538,.T.);
#538 = CIRCLE('',#539,6.);
#539 = AXIS2_PLACEMENT_3D('',#540,#541,#542);
#540 = CARTESIAN_POINT('',(296.,-25.,1.01E+03));
#541 = DIRECTION('',(0.,-1.,0.));
#542 = DIRECTION('',(1.,0.,0.));
#543 = ORIENTED_EDGE('',*,*,#527,.F.);
#544 = ORIENTED_EDGE('',*,*,#545,.F.);
#545 = EDGE_CURVE('',#528,#528,#546,.T.);
#546 = CIRCLE('',#547,6.);
#547 = AXIS2_PLACEMENT_3D('',#548,#549,#550);
#548 = CARTESIAN_POINT('',(296.,0.,1.01E+03));
#549 = DIRECTION('',(0.,-1.,0.));
#550 = DIRECTION('',(1.,0.,0.));
#551 = CYLINDRICAL_SURFACE('',#552,6.);
#552 = AXIS2_PLACEMENT_3D('',#553,#554,#555);
#553 = CARTESIAN_POINT('',(296.,2.2427E-13,1.01E+03));
#554 = DIRECTION('',(0.,1.,-2.2E-16));
#555 = DIRECTION('',(1.,0.,0.));
#556 = ADVANCED_FACE('',(#557),#584,.F.);
#557 = FACE_BOUND('',#558,.T.);
#558 = EDGE_LOOP('',(#559,#569,#576,#577));
#559 = ORIENTED_EDGE('',*,*,#560,.T.);
#560 = EDGE_CURVE('',#561,#563,#565,.T.);
#561 = VERTEX_POINT('',#562);
#562 = CARTESIAN_POINT('',(251.,2.09E-13,940.));
#563 = VERTEX_POINT('',#564);
#564 = CARTESIAN_POINT('',(251.,-25.,940.));
#565 = LINE('',#566,#567);
#566 = CARTESIAN_POINT('',(251.,2.0872E-13,940.));
#567 = VECTOR('',#568,1.);
#568 = DIRECTION('',(0.,-1.,2.2E-16));
#569 = ORIENTED_EDGE('',*,*,#570,.T.);
#570 = EDGE_CURVE('',#563,#563,#571,.T.);
#571 = CIRCLE('',#572,6.);
#572 = AXIS2_PLACEMENT_3D('',#573,#574,#575);
#573 = CARTESIAN_POINT('',(245.,-25.,940.));
#574 = DIRECTION('',(0.,-1.,0.));
#575 = DIRECTION('',(1.,0.,0.));
#576 = ORIENTED_EDGE('',*,*,#560,.F.);
#577 = ORIENTED_EDGE('',*,*,#578,.F.);
#578 = EDGE_CURVE('',#561,#561,#579,.T.);
#579 = CIRCLE('',#580,6.);
#580 = AXIS2_PLACEMENT_3D('',#581,#582,#583);
#581 = CARTESIAN_POINT('',(245.,0.,940.));
#582 = DIRECTION('',(0.,-1.,0.));
#583 = DIRECTION('',(1.,0.,0.));
#584 = CYLINDRICAL_SURFACE('',#585,6.);
#585 = AXIS2_PLACEMENT_3D('',#586,#587,#588);
#586 = CARTESIAN_POINT('',(245.,2.0872E-13,940.));
#587 = DIRECTION('',(0.,1.,-2.2E-16));
#588 = DIRECTION('',(1.,0.,0.));
#589 = ADVANCED_FACE('',(#590),#617,.F.);
#590 = FACE_BOUND('',#591,.T.);
#591 = EDGE_LOOP('',(#592,#602,#609,#610));
#592 = ORIENTED_EDGE('',*,*,#593,.T.);
#593 = EDGE_CURVE('',#594,#596,#598,.T.);
#594 = VERTEX_POINT('',#595);
#595 = CARTESIAN_POINT('',(276.5,2.09E-13,940.));
#596 = VERTEX_POINT('',#597);
#597 = CARTESIAN_POINT('',(276.5,-25.,940.));
#598 = LINE('',#599,#600);
#599 = CARTESIAN_POINT('',(276.5,2.0872E-13,940.));
#600 = VECTOR('',#601,1.);
#601 = DIRECTION('',(0.,-1.,2.2E-16));
#602 = ORIENTED_EDGE('',*,*,#603,.T.);
#603 = EDGE_CURVE('',#596,#596,#604,.T.);
#604 = CIRCLE('',#605,6.);
#605 = AXIS2_PLACEMENT_3D('',#606,#607,#608);
#606 = CARTESIAN_POINT('',(270.5,-25.,940.));
#607 = DIRECTION('',(0.,-1.,0.));
#608 = DIRECTION('',(1.,0.,0.));
#609 = ORIENTED_EDGE('',*,*,#593,.F.);
#610 = ORIENTED_EDGE('',*,*,#611,.F.);
#611 = EDGE_CURVE('',#594,#594,#612,.T.);
#612 = CIRCLE('',#613,6.);
#613 = AXIS2_PLACEMENT_3D('',#614,#615,#616);
#614 = CARTESIAN_POINT('',(270.5,0.,940.));
#615 = DIRECTION('',(0.,-1.,0.));
#616 = DIRECTION('',(1.,0.,0.));
#617 = CYLINDRICAL_SURFACE('',#618,6.);
#618 = AXIS2_PLACEMENT_3D('',#619,#620,#621);
#619 = CARTESIAN_POINT('',(270.5,2.0872E-13,940.));
#620 = DIRECTION('',(0.,1.,-2.2E-16));
#621 = DIRECTION('',(1.,0.,0.));
#622 = ADVANCED_FACE('',(#623),#650,.F.);
#623 = FACE_BOUND('',#624,.T.);
#624 = EDGE_LOOP('',(#625,#635,#642,#643));
#625 = ORIENTED_EDGE('',*,*,#626,.T.);
#626 = EDGE_CURVE('',#627,#629,#631,.T.);
#627 = VERTEX_POINT('',#628);
#628 = CARTESIAN_POINT('',(302.,2.09E-13,940.));
#629 = VERTEX_POINT('',#630);
#630 = CARTESIAN_POINT('',(302.,-25.,940.));
#631 = LINE('',#632,#633);
#632 = CARTESIAN_POINT('',(302.,2.0872E-13,940.));
#633 = VECTOR('',#634,1.);
#634 = DIRECTION('',(0.,-1.,2.2E-16));
#635 = ORIENTED_EDGE('',*,*,#636,.T.);
#636 = EDGE_CURVE('',#629,#629,#637,.T.);
#637 = CIRCLE('',#638,6.);
#638 = AXIS2_PLACEMENT_3D('',#639,#640,#641);
#639 = CARTESIAN_POINT('',(296.,-25.,940.));
#640 = DIRECTION('',(0.,-1.,0.));
#641 = DIRECTION('',(1.,0.,0.));
#642 = ORIENTED_EDGE('',*,*,#626,.F.);
#643 = ORIENTED_EDGE('',*,*,#644,.F.);
#644 = EDGE_CURVE('',#627,#627,#645,.T.);
#645 = CIRCLE('',#646,6.);
#646 = AXIS2_PLACEMENT_3D('',#647,#648,#649);
#647 = CARTESIAN_POINT('',(296.,0.,940.));
#648 = DIRECTION('',(0.,-1.,0.));
#649 = DIRECTION('',(1.,0.,0.));
#650 = CYLINDRICAL_SURFACE('',#651,6.);
#651 = AXIS2_PLACEMENT_3D('',#652,#653,#654);
#652 = CARTESIAN_POINT('',(296.,2.0872E-13,940.));
#653 = DIRECTION('',(0.,1.,-2.2E-16));
#654 = DIRECTION('',(1.,0.,0.));
#655 = ADVANCED_FACE('',(#656),#683,.F.);
#656 = FACE_BOUND('',#657,.T.);
#657 = EDGE_LOOP('',(#658,#668,#675,#676));
#658 = ORIENTED_EDGE('',*,*,#659,.T.);
#659 = EDGE_CURVE('',#660,#662,#664,.T.);
#660 = VERTEX_POINT('',#661);
#661 = CARTESIAN_POINT('',(251.,1.51E-13,680.));
#662 = VERTEX_POINT('',#663);
#663 = CARTESIAN_POINT('',(251.,-25.,680.));
#664 = LINE('',#665,#666);
#665 = CARTESIAN_POINT('',(251.,1.5099E-13,680.));
#666 = VECTOR('',#667,1.);
#667 = DIRECTION('',(0.,-1.,2.2E-16));
#668 = ORIENTED_EDGE('',*,*,#669,.T.);
#669 = EDGE_CURVE('',#662,#662,#670,.T.);
#670 = CIRCLE('',#671,6.);
#671 = AXIS2_PLACEMENT_3D('',#672,#673,#674);
#672 = CARTESIAN_POINT('',(245.,-25.,680.));
#673 = DIRECTION('',(0.,-1.,0.));
#674 = DIRECTION('',(1.,0.,0.));
#675 = ORIENTED_EDGE('',*,*,#659,.F.);
#676 = ORIENTED_EDGE('',*,*,#677,.F.);
#677 = EDGE_CURVE('',#660,#660,#678,.T.);
#678 = CIRCLE('',#679,6.);
#679 = AXIS2_PLACEMENT_3D('',#680,#681,#682);
#680 = CARTESIAN_POINT('',(245.,0.,680.));
#681 = DIRECTION('',(0.,-1.,0.));
#682 = DIRECTION('',(1.,0.,0.));
#683 = CYLINDRICAL_SURFACE('',#684,6.);
#684 = AXIS2_PLACEMENT_3D('',#685,#686,#687);
#685 = CARTESIAN_POINT('',(245.,1.5099E-13,680.));
#686 = DIRECTION('',(0.,1.,-2.2E-16));
#687 = DIRECTION('',(1.,0.,0.));
#688 = ADVANCED_FACE('',(#689),#716,.F.);
#689 = FACE_BOUND('',#690,.T.);
#690 = EDGE_LOOP('',(#691,#701,#708,#709));
#691 = ORIENTED_EDGE('',*,*,#692,.T.);
#692 = EDGE_CURVE('',#693,#695,#697,.T.);
#693 = VERTEX_POINT('',#694);
#694 = CARTESIAN_POINT('',(276.5,1.51E-13,680.));
#695 = VERTEX_POINT('',#696);
#696 = CARTESIAN_POINT('',(276.5,-25.,680.));
#697 = LINE('',#698,#699);
#698 = CARTESIAN_POINT('',(276.5,1.5099E-13,680.));
#699 = VECTOR('',#700,1.);
#700 = DIRECTION('',(0.,-1.,2.2E-16));
#701 = ORIENTED_EDGE('',*,*,#702,.T.);
#702 = EDGE_CURVE('',#695,#695,#703,.T.);
#703 = CIRCLE('',#704,6.);
#704 = AXIS2_PLACEMENT_3D('',#705,#706,#707);
#705 = CARTESIAN_POINT('',(270.5,-25.,680.));
#706 = DIRECTION('',(0.,-1.,0.));
#707 = DIRECTION('',(1.,0.,0.));
#708 = ORIENTED_EDGE('',*,*,#692,.F.);
#709 = ORIENTED_EDGE('',*,*,#710,.F.);
#710 = EDGE_CURVE('',#693,#693,#711,.T.);
#711 = CIRCLE('',#712,6.);
#712 = AXIS2_PLACEMENT_3D('',#713,#714,#715);
#713 = CARTESIAN_POINT('',(270.5,0.,680.));
#714 = DIRECTION('',(0.,-1.,0.));
#715 = DIRECTION('',(1.,0.,0.));
#716 = CYLINDRICAL_SURFACE('',#717,6.);
#717 = AXIS2_PLACEMENT_3D('',#718,#719,#720);
#718 = CARTESIAN_POINT('',(270.5,1.5099E-13,680.));
#719 = DIRECTION('',(0.,1.,-2.2E-16));
#720 = DIRECTION('',(1.,0.,0.));
#721 = ADVANCED_FACE('',(#722),#749,.F.);
#722 = FACE_BOUND('',#723,.T.);
#723 = EDGE_LOOP('',(#724,#734,#741,#742));
#724 = ORIENTED_EDGE('',*,*,#725,.T.);
#725 = EDGE_CURVE('',#726,#728,#730,.T.);
#726 = VERTEX_POINT('',#727);
#727 = CARTESIAN_POINT('',(302.,1.51E-13,680.));
#728 = VERTEX_POINT('',#729);
#729 = CARTESIAN_POINT('',(302.,-25.,680.));
#730 = LINE('',#731,#732);
#731 = CARTESIAN_POINT('',(302.,1.5099E-13,680.));
#732 = VECTOR('',#733,1.);
#733 = DIRECTION('',(0.,-1.,2.2E-16));
#734 = ORIENTED_EDGE('',*,*,#735,.T.);
#735 = EDGE_CURVE('',#728,#728,#736,.T.);
#736 = CIRCLE('',#737,6.);
#737 = AXIS2_PLACEMENT_3D('',#738,#739,#740);
#738 = CARTESIAN_POINT('',(296.,-25.,680.));
#739 = DIRECTION('',(0.,-1.,0.));
#740 = DIRECTION('',(1.,0.,0.));
#741 = ORIENTED_EDGE('',*,*,#725,.F.);
#742 = ORIENTED_EDGE('',*,*,#743,.F.);
#743 = EDGE_CURVE('',#726,#726,#744,.T.);
#744 = CIRCLE('',#745,6.);
#745 = AXIS2_PLACEMENT_3D('',#746,#747,#748);
#746 = CARTESIAN_POINT('',(296.,0.,680.));
#747 = DIRECTION('',(0.,-1.,0.));
#748 = DIRECTION('',(1.,0.,0.));
#749 = CYLINDRICAL_SURFACE('',#750,6.);
#750 = AXIS2_PLACEMENT_3D('',#751,#752,#753);
#751 = CARTESIAN_POINT('',(296.,1.5099E-13,680.));
#752 = DIRECTION('',(0.,1.,-2.2E-16));
#753 = DIRECTION('',(1.,0.,0.));
#754 = ADVANCED_FACE('',(#755),#782,.F.);
#755 = FACE_BOUND('',#756,.T.);
#756 = EDGE_LOOP('',(#757,#767,#774,#775));
#757 = ORIENTED_EDGE('',*,*,#758,.T.);
#758 = EDGE_CURVE('',#759,#761,#763,.T.);
#759 = VERTEX_POINT('',#760);
#760 = CARTESIAN_POINT('',(251.,1.35E-13,610.));
#761 = VERTEX_POINT('',#762);
#762 = CARTESIAN_POINT('',(251.,-25.,610.));
#763 = LINE('',#764,#765);
#764 = CARTESIAN_POINT('',(251.,1.3545E-13,610.));
#765 = VECTOR('',#766,1.);
#766 = DIRECTION('',(0.,-1.,2.2E-16));
#767 = ORIENTED_EDGE('',*,*,#768,.T.);
#768 = EDGE_CURVE('',#761,#761,#769,.T.);
#769 = CIRCLE('',#770,6.);
#770 = AXIS2_PLACEMENT_3D('',#771,#772,#773);
#771 = CARTESIAN_POINT('',(245.,-25.,610.));
#772 = DIRECTION('',(0.,-1.,0.));
#773 = DIRECTION('',(1.,0.,0.));
#774 = ORIENTED_EDGE('',*,*,#758,.F.);
#775 = ORIENTED_EDGE('',*,*,#776,.F.);
#776 = EDGE_CURVE('',#759,#759,#777,.T.);
#777 = CIRCLE('',#778,6.);
#778 = AXIS2_PLACEMENT_3D('',#779,#780,#781);
#779 = CARTESIAN_POINT('',(245.,0.,610.));
#780 = DIRECTION('',(0.,-1.,0.));
#781 = DIRECTION('',(1.,0.,0.));
#782 = CYLINDRICAL_SURFACE('',#783,6.);
#783 = AXIS2_PLACEMENT_3D('',#784,#785,#786);
#784 = CARTESIAN_POINT('',(245.,1.3545E-13,610.));
#785 = DIRECTION('',(0.,1.,-2.2E-16));
#786 = DIRECTION('',(1.,0.,0.));
#787 = ADVANCED_FACE('',(#788),#815,.F.);
#788 = FACE_BOUND('',#789,.T.);
#789 = EDGE_LOOP('',(#790,#800,#807,#808));
#790 = ORIENTED_EDGE('',*,*,#791,.T.);
#791 = EDGE_CURVE('',#792,#794,#796,.T.);
#792 = VERTEX_POINT('',#793);
#793 = CARTESIAN_POINT('',(276.5,1.35E-13,610.));
#794 = VERTEX_POINT('',#795);
#795 = CARTESIAN_POINT('',(276.5,-25.,610.));
#796 = LINE('',#797,#798);
#797 = CARTESIAN_POINT('',(276.5,1.3545E-13,610.));
#798 = VECTOR('',#799,1.);
#799 = DIRECTION('',(0.,-1.,2.2E-16));
#800 = ORIENTED_EDGE('',*,*,#801,.T.);
#801 = EDGE_CURVE('',#794,#794,#802,.T.);
#802 = CIRCLE('',#803,6.);
#803 = AXIS2_PLACEMENT_3D('',#804,#805,#806);
#804 = CARTESIAN_POINT('',(270.5,-25.,610.));
#805 = DIRECTION('',(0.,-1.,0.));
#806 = DIRECTION('',(1.,0.,0.));
#807 = ORIENTED_EDGE('',*,*,#791,.F.);
#808 = ORIENTED_EDGE('',*,*,#809,.F.);
#809 = EDGE_CURVE('',#792,#792,#810,.T.);
#810 = CIRCLE('',#811,6.);
#811 = AXIS2_PLACEMENT_3D('',#812,#813,#814);
#812 = CARTESIAN_POINT('',(270.5,0.,610.));
#813 = DIRECTION('',(0.,-1.,0.));
#814 = DIRECTION('',(1.,0.,0.));
#815 = CYLINDRICAL_SURFACE('',#816,6.);
#816 = AXIS2_PLACEMENT_3D('',#817,#818,#819);
#817 = CARTESIAN_POINT('',(270.5,1.3545E-13,610.));
#818 = DIRECTION('',(0.,1.,-2.2E-16));
#819 = DIRECTION('',(1.,0.,0.));
#820 = ADVANCED_FACE('',(#821),#848,.F.);
#821 = FACE_BOUND('',#822,.T.);
#822 = EDGE_LOOP('',(#823,#833,#840,#841));
#823 = ORIENTED_EDGE('',*,*,#824,.T.);
#824 = EDGE_CURVE('',#825,#827,#829,.T.);
#825 = VERTEX_POINT('',#826);
#826 = CARTESIAN_POINT('',(302.,1.35E-13,610.));
#827 = VERTEX_POINT('',#828);
#828 = CARTESIAN_POINT('',(302.,-25.,610.));
#829 = LINE('',#830,#831);
#830 = CARTESIAN_POINT('',(302.,1.3545E-13,610.));
#831 = VECTOR('',#832,1.);
#832 = DIRECTION('',(0.,-1.,2.2E-16));
#833 = ORIENTED_EDGE('',*,*,#834,.T.);
#834 = EDGE_CURVE('',#827,#827,#835,.T.);
#835 = CIRCLE('',#836,6.);
#836 = AXIS2_PLACEMENT_3D('',#837,#838,#839);
#837 = CARTESIAN_POINT('',(296.,-25.,610.));
#838 = DIRECTION('',(0.,-1.,0.));
#839 = DIRECTION('',(1.,0.,0.));
#840 = ORIENTED_EDGE('',*,*,#824,.F.);
#841 = ORIENTED_EDGE('',*,*,#842,.F.);
#842 = EDGE_CURVE('',#825,#825,#843,.T.);
#843 = CIRCLE('',#844,6.);
#844 = AXIS2_PLACEMENT_3D('',#845,#846,#847);
#845 = CARTESIAN_POINT('',(296.,0.,610.));
#846 = DIRECTION('',(0.,-1.,0.));
#847 = DIRECTION('',(1.,0.,0.));
#848 = CYLINDRICAL_SURFACE('',#849,6.);
#849 = AXIS2_PLACEMENT_3D('',#850,#851,#852);
#850 = CARTESIAN_POINT('',(296.,1.3545E-13,610.));
#851 = DIRECTION('',(0.,1.,-2.2E-16));
#852 = DIRECTION('',(1.,0.,0.));
#853 = ADVANCED_FACE('',(#854),#881,.F.);
#854 = FACE_BOUND('',#855,.T.);
#855 = EDGE_LOOP('',(#856,#866,#873,#874));
#856 = ORIENTED_EDGE('',*,*,#857,.T.);
#857 = EDGE_CURVE('',#858,#860,#862,.T.);
#858 = VERTEX_POINT('',#859);
#859 = CARTESIAN_POINT('',(251.,1.2E-13,540.));
#860 = VERTEX_POINT('',#861);
#861 = CARTESIAN_POINT('',(251.,-25.,540.));
#862 = LINE('',#863,#864);
#863 = CARTESIAN_POINT('',(251.,1.199E-13,540.));
#864 = VECTOR('',#865,1.);
#865 = DIRECTION('',(0.,-1.,2.2E-16));
#866 = ORIENTED_EDGE('',*,*,#867,.T.);
#867 = EDGE_CURVE('',#860,#860,#868,.T.);
#868 = CIRCLE('',#869,6.);
#869 = AXIS2_PLACEMENT_3D('',#870,#871,#872);
#870 = CARTESIAN_POINT('',(245.,-25.,540.));
#871 = DIRECTION('',(0.,-1.,0.));
#872 = DIRECTION('',(1.,0.,0.));
#873 = ORIENTED_EDGE('',*,*,#857,.F.);
#874 = ORIENTED_EDGE('',*,*,#875,.F.);
#875 = EDGE_CURVE('',#858,#858,#876,.T.);
#876 = CIRCLE('',#877,6.);
#877 = AXIS2_PLACEMENT_3D('',#878,#879,#880);
#878 = CARTESIAN_POINT('',(245.,0.,540.));
#879 = DIRECTION('',(0.,-1.,0.));
#880 = DIRECTION('',(1.,0.,0.));
#881 = CYLINDRICAL_SURFACE('',#882,6.);
#882 = AXIS2_PLACEMENT_3D('',#883,#884,#885);
#883 = CARTESIAN_POINT('',(245.,1.199E-13,540.));
#884 = DIRECTION('',(0.,1.,-2.2E-16));
#885 = DIRECTION('',(1.,0.,0.));
#886 = ADVANCED_FACE('',(#887),#914,.F.);
#887 = FACE_BOUND('',#888,.T.);
#888 = EDGE_LOOP('',(#889,#899,#906,#907));
#889 = ORIENTED_EDGE('',*,*,#890,.T.);
#890 = EDGE_CURVE('',#891,#893,#895,.T.);
#891 = VERTEX_POINT('',#892);
#892 = CARTESIAN_POINT('',(276.5,1.2E-13,540.));
#893 = VERTEX_POINT('',#894);
#894 = CARTESIAN_POINT('',(276.5,-25.,540.));
#895 = LINE('',#896,#897);
#896 = CARTESIAN_POINT('',(276.5,1.199E-13,540.));
#897 = VECTOR('',#898,1.);
#898 = DIRECTION('',(0.,-1.,2.2E-16));
#899 = ORIENTED_EDGE('',*,*,#900,.T.);
#900 = EDGE_CURVE('',#893,#893,#901,.T.);
#901 = CIRCLE('',#902,6.);
#902 = AXIS2_PLACEMENT_3D('',#903,#904,#905);
#903 = CARTESIAN_POINT('',(270.5,-25.,540.));
#904 = DIRECTION('',(0.,-1.,0.));
#905 = DIRECTION('',(1.,0.,0.));
#906 = ORIENTED_EDGE('',*,*,#890,.F.);
#907 = ORIENTED_EDGE('',*,*,#908,.F.);
#908 = EDGE_CURVE('',#891,#891,#909,.T.);
#909 = CIRCLE('',#910,6.);
#910 = AXIS2_PLACEMENT_3D('',#911,#912,#913);
#911 = CARTESIAN_POINT('',(270.5,0.,540.));
#912 = DIRECTION('',(0.,-1.,0.));
#913 = DIRECTION('',(1.,0.,0.));
#914 = CYLINDRICAL_SURFACE('',#915,6.);
#915 = AXIS2_PLACEMENT_3D('',#916,#917,#918);
#916 = CARTESIAN_POINT('',(270.5,1.199E-13,540.));
#917 = DIRECTION('',(0.,1.,-2.2E-16));
#918 = DIRECTION('',(1.,0.,0.));
#919 = ADVANCED_FACE('',(#920),#947,.F.);
#920 = FACE_BOUND('',#921,.T.);
#921 = EDGE_LOOP('',(#922,#932,#939,#940));
#922 = ORIENTED_EDGE('',*,*,#923,.T.);
#923 = EDGE_CURVE('',#924,#926,#928,.T.);
#924 = VERTEX_POINT('',#925);
#925 = CARTESIAN_POINT('',(302.,1.2E-13,540.));
#926 = VERTEX_POINT('',#927);
#927 = CARTESIAN_POINT('',(302.,-25.,540.));
#928 = LINE('',#929,#930);
#929 = CARTESIAN_POINT('',(302.,1.199E-13,540.));
#930 = VECTOR('',#931,1.);
#931 = DIRECTION('',(0.,-1.,2.2E-16));
#932 = ORIENTED_EDGE('',*,*,#933,.T.);
#933 = EDGE_CURVE('',#926,#926,#934,.T.);
#934 = CIRCLE('',#935,6.);
#935 = AXIS2_PLACEMENT_3D('',#936,#937,#938);
#936 = CARTESIAN_POINT('',(296.,-25.,540.));
#937 = DIRECTION('',(0.,-1.,0.));
#938 = DIRECTION('',(1.,0.,0.));
#939 = ORIENTED_EDGE('',*,*,#923,.F.);
#940 = ORIENTED_EDGE('',*,*,#941,.F.);
#941 = EDGE_CURVE('',#924,#924,#942,.T.);
#942 = CIRCLE('',#943,6.);
#943 = AXIS2_PLACEMENT_3D('',#944,#945,#946);
#944 = CARTESIAN_POINT('',(296.,0.,540.));
#945 = DIRECTION('',(0.,-1.,0.));
#946 = DIRECTION('',(1.,0.,0.));
#947 = CYLINDRICAL_SURFACE('',#948,6.);
#948 = AXIS2_PLACEMENT_3D('',#949,#950,#951);
#949 = CARTESIAN_POINT('',(296.,1.199E-13,540.));
#950 = DIRECTION('',(0.,1.,-2.2E-16));
#951 = DIRECTION('',(1.,0.,0.));
#952 = ADVANCED_FACE('',(#953),#980,.F.);
#953 = FACE_BOUND('',#954,.T.);
#954 = EDGE_LOOP('',(#955,#965,#972,#973));
#955 = ORIENTED_EDGE('',*,*,#956,.T.);
#956 = EDGE_CURVE('',#957,#959,#961,.T.);
#957 = VERTEX_POINT('',#958);
#958 = CARTESIAN_POINT('',(251.,1.04E-13,470.));
#959 = VERTEX_POINT('',#960);
#960 = CARTESIAN_POINT('',(251.,-25.,470.));
#961 = LINE('',#962,#963);
#962 = CARTESIAN_POINT('',(251.,1.0436E-13,470.));
#963 = VECTOR('',#964,1.);
#964 = DIRECTION('',(0.,-1.,2.2E-16));
#965 = ORIENTED_EDGE('',*,*,#966,.T.);
#966 = EDGE_CURVE('',#959,#959,#967,.T.);
#967 = CIRCLE('',#968,6.);
#968 = AXIS2_PLACEMENT_3D('',#969,#970,#971);
#969 = CARTESIAN_POINT('',(245.,-25.,470.));
#970 = DIRECTION('',(0.,-1.,0.));
#971 = DIRECTION('',(1.,0.,0.));
#972 = ORIENTED_EDGE('',*,*,#956,.F.);
#973 = ORIENTED_EDGE('',*,*,#974,.F.);
#974 = EDGE_CURVE('',#957,#957,#975,.T.);
#975 = CIRCLE('',#976,6.);
#976 = AXIS2_PLACEMENT_3D('',#977,#978,#979);
#977 = CARTESIAN_POINT('',(245.,0.,470.));
#978 = DIRECTION('',(0.,-1.,0.));
#979 = DIRECTION('',(1.,0.,0.));
#980 = CYLINDRICAL_SURFACE('',#981,6.);
#981 = AXIS2_PLACEMENT_3D('',#982,#983,#984);
#982 = CARTESIAN_POINT('',(245.,1.0436E-13,470.));
#983 = DIRECTION('',(0.,1.,-2.2E-16));
#984 = DIRECTION('',(1.,0.,0.));
#985 = ADVANCED_FACE('',(#986),#1013,.F.);
#986 = FACE_BOUND('',#987,.T.);
#987 = EDGE_LOOP('',(#988,#998,#1005,#1006));
#988 = ORIENTED_EDGE('',*,*,#989,.T.);
#989 = EDGE_CURVE('',#990,#992,#994,.T.);
#990 = VERTEX_POINT('',#991);
#991 = CARTESIAN_POINT('',(276.5,1.04E-13,470.));
#992 = VERTEX_POINT('',#993);
#993 = CARTESIAN_POINT('',(276.5,-25.,470.));
#994 = LINE('',#995,#996);
#995 = CARTESIAN_POINT('',(276.5,1.0436E-13,470.));
#996 = VECTOR('',#997,1.);
#997 = DIRECTION('',(0.,-1.,2.2E-16));
#998 = ORIENTED_EDGE('',*,*,#999,.T.);
#999 = EDGE_CURVE('',#992,#992,#1000,.T.);
#1000 = CIRCLE('',#1001,6.);
#1001 = AXIS2_PLACEMENT_3D('',#1002,#1003,#1004);
#1002 = CARTESIAN_POINT('',(270.5,-25.,470.));
#1003 = DIRECTION('',(0.,-1.,0.));
#1004 = DIRECTION('',(1.,0.,0.));
#1005 = ORIENTED_EDGE('',*,*,#989,.F.);
#1006 = ORIENTED_EDGE('',*,*,#1007,.F.);
#1007 = EDGE_CURVE('',#990,#990,#1008,.T.);
#1008 = CIRCLE('',#1009,6.);
#1009 = AXIS2_PLACEMENT_3D('',#1010,#1011,#1012);
#1010 = CARTESIAN_POINT('',(270.5,0.,470.));
#1011 = DIRECTION('',(0.,-1.,0.));
#1012 = DIRECTION('',(1.,0.,0.));
#1013 = CYLINDRICAL_SURFACE('',#1014,6.);
#1014 = AXIS2_PLACEMENT_3D('',#1015,#1016,#1017);
#1015 = CARTESIAN_POINT('',(270.5,1.0436E-13,470.));
#1016 = DIRECTION('',(0.,1.,-2.2E-16));
#1017 = DIRECTION('',(1.,0.,0.));
#1018 = ADVANCED_FACE('',(#1019),#1046,.F.);
#1019 = FACE_BOUND('',#1020,.T.);
#1020 = EDGE_LOOP('',(#1021,#1031,#1038,#1039));
#1021 = ORIENTED_EDGE('',*,*,#1022,.T.);
#1022 = EDGE_CURVE('',#1023,#1025,#1027,.T.);
#1023 = VERTEX_POINT('',#1024);
#1024 = CARTESIAN_POINT('',(302.,1.04E-13,470.));
#1025 = VERTEX_POINT('',#1026);
#1026 = CARTESIAN_POINT('',(302.,-25.,470.));
#1027 = LINE('',#1028,#1029);
#1028 = CARTESIAN_POINT('',(302.,1.0436E-13,470.));
#1029 = VECTOR('',#1030,1.);
#1030 = DIRECTION('',(0.,-1.,2.2E-16));
#1031 = ORIENTED_EDGE('',*,*,#1032,.T.);
#1032 = EDGE_CURVE('',#1025,#1025,#1033,.T.);
#1033 = CIRCLE('',#1034,6.);
#1034 = AXIS2_PLACEMENT_3D('',#1035,#1036,#1037);
#1035 = CARTESIAN_POINT('',(296.,-25.,470.));
#1036 = DIRECTION('',(0.,-1.,0.));
#1037 = DIRECTION('',(1.,0.,0.));
#1038 = ORIENTED_EDGE('',*,*,#1022,.F.);
#1039 = ORIENTED_EDGE('',*,*,#1040,.F.);
#1040 = EDGE_CURVE('',#1023,#1023,#1041,.T.);
#1041 = CIRCLE('',#1042,6.);
#1042 = AXIS2_PLACEMENT_3D('',#1043,#1044,#1045);
#1043 = CARTESIAN_POINT('',(296.,0.,470.));
#1044 = DIRECTION('',(0.,-1.,0.));
#1045 = DIRECTION('',(1.,0.,0.));
#1046 = CYLINDRICAL_SURFACE('',#1047,6.);
#1047 = AXIS2_PLACEMENT_3D('',#1048,#1049,#1050);
#1048 = CARTESIAN_POINT('',(296.,1.0436E-13,470.));
#1049 = DIRECTION('',(0.,1.,-2.2E-16));
#1050 = DIRECTION('',(1.,0.,0.));
#1051 = ADVANCED_FACE('',(#1052),#1079,.F.);
#1052 = FACE_BOUND('',#1053,.T.);
#1053 = EDGE_LOOP('',(#1054,#1064,#1071,#1072));
#1054 = ORIENTED_EDGE('',*,*,#1055,.T.);
#1055 = EDGE_CURVE('',#1056,#1058,#1060,.T.);
#1056 = VERTEX_POINT('',#1057);
#1057 = CARTESIAN_POINT('',(251.,5.7E-14,255.));
#1058 = VERTEX_POINT('',#1059);
#1059 = CARTESIAN_POINT('',(251.,-25.,255.));
#1060 = LINE('',#1061,#1062);
#1061 = CARTESIAN_POINT('',(251.,5.662E-14,255.));
#1062 = VECTOR('',#1063,1.);
#1063 = DIRECTION('',(0.,-1.,2.2E-16));
#1064 = ORIENTED_EDGE('',*,*,#1065,.T.);
#1065 = EDGE_CURVE('',#1058,#1058,#1066,.T.);
#1066 = CIRCLE('',#1067,6.);
#1067 = AXIS2_PLACEMENT_3D('',#1068,#1069,#1070);
#1068 = CARTESIAN_POINT('',(245.,-25.,255.));
#1069 = DIRECTION('',(0.,-1.,0.));
#1070 = DIRECTION('',(1.,0.,0.));
#1071 = ORIENTED_EDGE('',*,*,#1055,.F.);
#1072 = ORIENTED_EDGE('',*,*,#1073,.F.);
#1073 = EDGE_CURVE('',#1056,#1056,#1074,.T.);
#1074 = CIRCLE('',#1075,6.);
#1075 = AXIS2_PLACEMENT_3D('',#1076,#1077,#1078);
#1076 = CARTESIAN_POINT('',(245.,0.,255.));
#1077 = DIRECTION('',(0.,-1.,0.));
#1078 = DIRECTION('',(1.,0.,0.));
#1079 = CYLINDRICAL_SURFACE('',#1080,6.);
#1080 = AXIS2_PLACEMENT_3D('',#1081,#1082,#1083);
#1081 = CARTESIAN_POINT('',(245.,5.662E-14,255.));
#1082 = DIRECTION('',(0.,1.,-2.2E-16));
#1083 = DIRECTION('',(1.,0.,0.));
#1084 = ADVANCED_FACE('',(#1085),#1112,.F.);
#1085 = FACE_BOUND('',#1086,.T.);
#1086 = EDGE_LOOP('',(#1087,#1097,#1104,#1105));
#1087 = ORIENTED_EDGE('',*,*,#1088,.T.);
#1088 = EDGE_CURVE('',#1089,#1091,#1093,.T.);
#1089 = VERTEX_POINT('',#1090);
#1090 = CARTESIAN_POINT('',(276.5,5.7E-14,255.));
#1091 = VERTEX_POINT('',#1092);
#1092 = CARTESIAN_POINT('',(276.5,-25.,255.));
#1093 = LINE('',#1094,#1095);
#1094 = CARTESIAN_POINT('',(276.5,5.662E-14,255.));
#1095 = VECTOR('',#1096,1.);
#1096 = DIRECTION('',(0.,-1.,2.2E-16));
#1097 = ORIENTED_EDGE('',*,*,#1098,.T.);
#1098 = EDGE_CURVE('',#1091,#1091,#1099,.T.);
#1099 = CIRCLE('',#1100,6.);
#1100 = AXIS2_PLACEMENT_3D('',#1101,#1102,#1103);
#1101 = CARTESIAN_POINT('',(270.5,-25.,255.));
#1102 = DIRECTION('',(0.,-1.,0.));
#1103 = DIRECTION('',(1.,0.,0.));
#1104 = ORIENTED_EDGE('',*,*,#1088,.F.);
#1105 = ORIENTED_EDGE('',*,*,#1106,.F.);
#1106 = EDGE_CURVE('',#1089,#1089,#1107,.T.);
#1107 = CIRCLE('',#1108,6.);
#1108 = AXIS2_PLACEMENT_3D('',#1109,#1110,#1111);
#1109 = CARTESIAN_POINT('',(270.5,0.,255.));
#1110 = DIRECTION('',(0.,-1.,0.));
#1111 = DIRECTION('',(1.,0.,0.));
#1112 = CYLINDRICAL_SURFACE('',#1113,6.);
#1113 = AXIS2_PLACEMENT_3D('',#1114,#1115,#1116);
#1114 = CARTESIAN_POINT('',(270.5,5.662E-14,255.));
#1115 = DIRECTION('',(0.,1.,-2.2E-16));
#1116 = DIRECTION('',(1.,0.,0.));
#1117 = ADVANCED_FACE('',(#1118),#1145,.F.);
#1118 = FACE_BOUND('',#1119,.T.);
#1119 = EDGE_LOOP('',(#1120,#1130,#1137,#1138));
#1120 = ORIENTED_EDGE('',*,*,#1121,.T.);
#1121 = EDGE_CURVE('',#1122,#1124,#1126,.T.);
#1122 = VERTEX_POINT('',#1123);
#1123 = CARTESIAN_POINT('',(302.,5.7E-14,255.));
#1124 = VERTEX_POINT('',#1125);
#1125 = CARTESIAN_POINT('',(302.,-25.,255.));
#1126 = LINE('',#1127,#1128);
#1127 = CARTESIAN_POINT('',(302.,5.662E-14,255.));
#1128 = VECTOR('',#1129,1.);
#1129 = DIRECTION('',(0.,-1.,2.2E-16));
#1130 = ORIENTED_EDGE('',*,*,#1131,.T.);
#1131 = EDGE_CURVE('',#1124,#1124,#1132,.T.);
#1132 = CIRCLE('',#1133,6.);
#1133 = AXIS2_PLACEMENT_3D('',#1134,#1135,#1136);
#1134 = CARTESIAN_POINT('',(296.,-25.,255.));
#1135 = DIRECTION('',(0.,-1.,0.));
#1136 = DIRECTION('',(1.,0.,0.));
#1137 = ORIENTED_EDGE('',*,*,#1121,.F.);
#1138 = ORIENTED_EDGE('',*,*,#1139,.F.);
#1139 = EDGE_CURVE('',#1122,#1122,#1140,.T.);
#1140 = CIRCLE('',#1141,6.);
#1141 = AXIS2_PLACEMENT_3D('',#1142,#1143,#1144);
#1142 = CARTESIAN_POINT('',(296.,0.,255.));
#1143 = DIRECTION('',(0.,-1.,0.));
#1144 = DIRECTION('',(1.,0.,0.));
#1145 = CYLINDRICAL_SURFACE('',#1146,6.);
#1146 = AXIS2_PLACEMENT_3D('',#1147,#1148,#1149);
#1147 = CARTESIAN_POINT('',(296.,5.662E-14,255.));
#1148 = DIRECTION('',(0.,1.,-2.2E-16));
#1149 = DIRECTION('',(1.,0.,0.));
#1150 = ADVANCED_FACE('',(#1151),#1178,.F.);
#1151 = FACE_BOUND('',#1152,.T.);
#1152 = EDGE_LOOP('',(#1153,#1163,#1170,#1171));
#1153 = ORIENTED_EDGE('',*,*,#1154,.T.);
#1154 = EDGE_CURVE('',#1155,#1157,#1159,.T.);
#1155 = VERTEX_POINT('',#1156);
#1156 = CARTESIAN_POINT('',(251.,4.1E-14,185.));
#1157 = VERTEX_POINT('',#1158);
#1158 = CARTESIAN_POINT('',(251.,-25.,185.));
#1159 = LINE('',#1160,#1161);
#1160 = CARTESIAN_POINT('',(251.,4.108E-14,185.));
#1161 = VECTOR('',#1162,1.);
#1162 = DIRECTION('',(0.,-1.,2.2E-16));
#1163 = ORIENTED_EDGE('',*,*,#1164,.T.);
#1164 = EDGE_CURVE('',#1157,#1157,#1165,.T.);
#1165 = CIRCLE('',#1166,6.);
#1166 = AXIS2_PLACEMENT_3D('',#1167,#1168,#1169);
#1167 = CARTESIAN_POINT('',(245.,-25.,185.));
#1168 = DIRECTION('',(0.,-1.,0.));
#1169 = DIRECTION('',(1.,0.,0.));
#1170 = ORIENTED_EDGE('',*,*,#1154,.F.);
#1171 = ORIENTED_EDGE('',*,*,#1172,.F.);
#1172 = EDGE_CURVE('',#1155,#1155,#1173,.T.);
#1173 = CIRCLE('',#1174,6.);
#1174 = AXIS2_PLACEMENT_3D('',#1175,#1176,#1177);
#1175 = CARTESIAN_POINT('',(245.,0.,185.));
#1176 = DIRECTION('',(0.,-1.,0.));
#1177 = DIRECTION('',(1.,0.,0.));
#1178 = CYLINDRICAL_SURFACE('',#1179,6.);
#1179 = AXIS2_PLACEMENT_3D('',#1180,#1181,#1182);
#1180 = CARTESIAN_POINT('',(245.,4.108E-14,185.));
#1181 = DIRECTION('',(0.,1.,-2.2E-16));
#1182 = DIRECTION('',(1.,0.,0.));
#1183 = ADVANCED_FACE('',(#1184),#1211,.F.);
#1184 = FACE_BOUND('',#1185,.T.);
#1185 = EDGE_LOOP('',(#1186,#1196,#1203,#1204));
#1186 = ORIENTED_EDGE('',*,*,#1187,.T.);
#1187 = EDGE_CURVE('',#1188,#1190,#1192,.T.);
#1188 = VERTEX_POINT('',#1189);
#1189 = CARTESIAN_POINT('',(276.5,4.1E-14,185.));
#1190 = VERTEX_POINT('',#1191);
#1191 = CARTESIAN_POINT('',(276.5,-25.,185.));
#1192 = LINE('',#1193,#1194);
#1193 = CARTESIAN_POINT('',(276.5,4.108E-14,185.));
#1194 = VECTOR('',#1195,1.);
#1195 = DIRECTION('',(0.,-1.,2.2E-16));
#1196 = ORIENTED_EDGE('',*,*,#1197,.T.);
#1197 = EDGE_CURVE('',#1190,#1190,#1198,.T.);
#1198 = CIRCLE('',#1199,6.);
#1199 = AXIS2_PLACEMENT_3D('',#1200,#1201,#1202);
#1200 = CARTESIAN_POINT('',(270.5,-25.,185.));
#1201 = DIRECTION('',(0.,-1.,0.));
#1202 = DIRECTION('',(1.,0.,0.));
#1203 = ORIENTED_EDGE('',*,*,#1187,.F.);
#1204 = ORIENTED_EDGE('',*,*,#1205,.F.);
#1205 = EDGE_CURVE('',#1188,#1188,#1206,.T.);
#1206 = CIRCLE('',#1207,6.);
#1207 = AXIS2_PLACEMENT_3D('',#1208,#1209,#1210);
#1208 = CARTESIAN_POINT('',(270.5,0.,185.));
#1209 = DIRECTION('',(0.,-1.,0.));
#1210 = DIRECTION('',(1.,0.,0.));
#1211 = CYLINDRICAL_SURFACE('',#1212,6.);
#1212 = AXIS2_PLACEMENT_3D('',#1213,#1214,#1215);
#1213 = CARTESIAN_POINT('',(270.5,4.108E-14,185.));
#1214 = DIRECTION('',(0.,1.,-2.2E-16));
#1215 = DIRECTION('',(1.,0.,0.));
#1216 = ADVANCED_FACE('',(#1217),#1244,.F.);
#1217 = FACE_BOUND('',#1218,.T.);
#1218 = EDGE_LOOP('',(#1219,#1229,#1236,#1237));
#1219 = ORIENTED_EDGE('',*,*,#1220,.T.);
#1220 = EDGE_CURVE('',#1221,#1223,#1225,.T.);
#1221 = VERTEX_POINT('',#1222);
#1222 = CARTESIAN_POINT('',(302.,4.1E-14,185.));
#1223 = VERTEX_POINT('',#1224);
#1224 = CARTESIAN_POINT('',(302.,-25.,185.));
#1225 = LINE('',#1226,#1227);
#1226 = CARTESIAN_POINT('',(302.,4.108E-14,185.));
#1227 = VECTOR('',#1228,1.);
#1228 = DIRECTION('',(0.,-1.,2.2E-16));
#1229 = ORIENTED_EDGE('',*,*,#1230,.T.);
#1230 = EDGE_CURVE('',#1223,#1223,#1231,.T.);
#1231 = CIRCLE('',#1232,6.);
#1232 = AXIS2_PLACEMENT_3D('',#1233,#1234,#1235);
#1233 = CARTESIAN_POINT('',(296.,-25.,185.));
#1234 = DIRECTION('',(0.,-1.,0.));
#1235 = DIRECTION('',(1.,0.,0.));
#1236 = ORIENTED_EDGE('',*,*,#1220,.F.);
#1237 = ORIENTED_EDGE('',*,*,#1238,.F.);
#1238 = EDGE_CURVE('',#1221,#1221,#1239,.T.);
#1239 = CIRCLE('',#1240,6.);
#1240 = AXIS2_PLACEMENT_3D('',#1241,#1242,#1243);
#1241 = CARTESIAN_POINT('',(296.,0.,185.));
#1242 = DIRECTION('',(0.,-1.,0.));
#1243 = DIRECTION('',(1.,0.,0.));
#1244 = CYLINDRICAL_SURFACE('',#1245,6.);
#1245 = AXIS2_PLACEMENT_3D('',#1246,#1247,#1248);
#1246 = CARTESIAN_POINT('',(296.,4.108E-14,185.));
#1247 = DIRECTION('',(0.,1.,-2.2E-16));
#1248 = DIRECTION('',(1.,0.,0.));
#1249 = ADVANCED_FACE('',(#1250),#1277,.F.);
#1250 = FACE_BOUND('',#1251,.T.);
#1251 = EDGE_LOOP('',(#1252,#1262,#1269,#1270));
#1252 = ORIENTED_EDGE('',*,*,#1253,.T.);
#1253 = EDGE_CURVE('',#1254,#1256,#1258,.T.);
#1254 = VERTEX_POINT('',#1255);
#1255 = CARTESIAN_POINT('',(251.,2.6E-14,115.));
#1256 = VERTEX_POINT('',#1257);
#1257 = CARTESIAN_POINT('',(251.,-25.,115.));
#1258 = LINE('',#1259,#1260);
#1259 = CARTESIAN_POINT('',(251.,2.554E-14,115.));
#1260 = VECTOR('',#1261,1.);
#1261 = DIRECTION('',(0.,-1.,2.2E-16));
#1262 = ORIENTED_EDGE('',*,*,#1263,.T.);
#1263 = EDGE_CURVE('',#1256,#1256,#1264,.T.);
#1264 = CIRCLE('',#1265,6.);
#1265 = AXIS2_PLACEMENT_3D('',#1266,#1267,#1268);
#1266 = CARTESIAN_POINT('',(245.,-25.,115.));
#1267 = DIRECTION('',(0.,-1.,0.));
#1268 = DIRECTION('',(1.,0.,0.));
#1269 = ORIENTED_EDGE('',*,*,#1253,.F.);
#1270 = ORIENTED_EDGE('',*,*,#1271,.F.);
#1271 = EDGE_CURVE('',#1254,#1254,#1272,.T.);
#1272 = CIRCLE('',#1273,6.);
#1273 = AXIS2_PLACEMENT_3D('',#1274,#1275,#1276);
#1274 = CARTESIAN_POINT('',(245.,0.,115.));
#1275 = DIRECTION('',(0.,-1.,0.));
#1276 = DIRECTION('',(1.,0.,0.));
#1277 = CYLINDRICAL_SURFACE('',#1278,6.);
#1278 = AXIS2_PLACEMENT_3D('',#1279,#1280,#1281);
#1279 = CARTESIAN_POINT('',(245.,2.554E-14,115.));
#1280 = DIRECTION('',(0.,1.,-2.2E-16));
#1281 = DIRECTION('',(1.,0.,0.));
#1282 = ADVANCED_FACE('',(#1283),#1310,.F.);
#1283 = FACE_BOUND('',#1284,.T.);
#1284 = EDGE_LOOP('',(#1285,#1295,#1302,#1303));
#1285 = ORIENTED_EDGE('',*,*,#1286,.T.);
#1286 = EDGE_CURVE('',#1287,#1289,#1291,.T.);
#1287 = VERTEX_POINT('',#1288);
#1288 = CARTESIAN_POINT('',(276.5,2.6E-14,115.));
#1289 = VERTEX_POINT('',#1290);
#1290 = CARTESIAN_POINT('',(276.5,-25.,115.));
#1291 = LINE('',#1292,#1293);
#1292 = CARTESIAN_POINT('',(276.5,2.554E-14,115.));
#1293 = VECTOR('',#1294,1.);
#1294 = DIRECTION('',(0.,-1.,2.2E-16));
#1295 = ORIENTED_EDGE('',*,*,#1296,.T.);
#1296 = EDGE_CURVE('',#1289,#1289,#1297,.T.);
#1297 = CIRCLE('',#1298,6.);
#1298 = AXIS2_PLACEMENT_3D('',#1299,#1300,#1301);
#1299 = CARTESIAN_POINT('',(270.5,-25.,115.));
#1300 = DIRECTION('',(0.,-1.,0.));
#1301 = DIRECTION('',(1.,0.,0.));
#1302 = ORIENTED_EDGE('',*,*,#1286,.F.);
#1303 = ORIENTED_EDGE('',*,*,#1304,.F.);
#1304 = EDGE_CURVE('',#1287,#1287,#1305,.T.);
#1305 = CIRCLE('',#1306,6.);
#1306 = AXIS2_PLACEMENT_3D('',#1307,#1308,#1309);
#1307 = CARTESIAN_POINT('',(270.5,0.,115.));
#1308 = DIRECTION('',(0.,-1.,0.));
#1309 = DIRECTION('',(1.,0.,0.));
#1310 = CYLINDRICAL_SURFACE('',#1311,6.);
#1311 = AXIS2_PLACEMENT_3D('',#1312,#1313,#1314);
#1312 = CARTESIAN_POINT('',(270.5,2.554E-14,115.));
#1313 = DIRECTION('',(0.,1.,-2.2E-16));
#1314 = DIRECTION('',(1.,0.,0.));
#1315 = ADVANCED_FACE('',(#1316),#1343,.F.);
#1316 = FACE_BOUND('',#1317,.T.);
#1317 = EDGE_LOOP('',(#1318,#1328,#1335,#1336));
#1318 = ORIENTED_EDGE('',*,*,#1319,.T.);
#1319 = EDGE_CURVE('',#1320,#1322,#1324,.T.);
#1320 = VERTEX_POINT('',#1321);
#1321 = CARTESIAN_POINT('',(302.,2.6E-14,115.));
#1322 = VERTEX_POINT('',#1323);
#1323 = CARTESIAN_POINT('',(302.,-25.,115.));
#1324 = LINE('',#1325,#1326);
#1325 = CARTESIAN_POINT('',(302.,2.554E-14,115.));
#1326 = VECTOR('',#1327,1.);
#1327 = DIRECTION('',(0.,-1.,2.2E-16));
#1328 = ORIENTED_EDGE('',*,*,#1329,.T.);
#1329 = EDGE_CURVE('',#1322,#1322,#1330,.T.);
#1330 = CIRCLE('',#1331,6.);
#1331 = AXIS2_PLACEMENT_3D('',#1332,#1333,#1334);
#1332 = CARTESIAN_POINT('',(296.,-25.,115.));
#1333 = DIRECTION('',(0.,-1.,0.));
#1334 = DIRECTION('',(1.,0.,0.));
#1335 = ORIENTED_EDGE('',*,*,#1319,.F.);
#1336 = ORIENTED_EDGE('',*,*,#1337,.F.);
#1337 = EDGE_CURVE('',#1320,#1320,#1338,.T.);
#1338 = CIRCLE('',#1339,6.);
#1339 = AXIS2_PLACEMENT_3D('',#1340,#1341,#1342);
#1340 = CARTESIAN_POINT('',(296.,0.,115.));
#1341 = DIRECTION('',(0.,-1.,0.));
#1342 = DIRECTION('',(1.,0.,0.));
#1343 = CYLINDRICAL_SURFACE('',#1344,6.);
#1344 = AXIS2_PLACEMENT_3D('',#1345,#1346,#1347);
#1345 = CARTESIAN_POINT('',(296.,2.554E-14,115.));
#1346 = DIRECTION('',(0.,1.,-2.2E-16));
#1347 = DIRECTION('',(1.,0.,0.));
#1348 = ADVANCED_FACE('',(#1349),#1376,.F.);
#1349 = FACE_BOUND('',#1350,.T.);
#1350 = EDGE_LOOP('',(#1351,#1361,#1368,#1369));
#1351 = ORIENTED_EDGE('',*,*,#1352,.T.);
#1352 = EDGE_CURVE('',#1353,#1355,#1357,.T.);
#1353 = VERTEX_POINT('',#1354);
#1354 = CARTESIAN_POINT('',(251.,1.E-14,45.));
#1355 = VERTEX_POINT('',#1356);
#1356 = CARTESIAN_POINT('',(251.,-25.,45.));
#1357 = LINE('',#1358,#1359);
#1358 = CARTESIAN_POINT('',(251.,9.99E-15,45.));
#1359 = VECTOR('',#1360,1.);
#1360 = DIRECTION('',(0.,-1.,2.2E-16));
#1361 = ORIENTED_EDGE('',*,*,#1362,.T.);
#1362 = EDGE_CURVE('',#1355,#1355,#1363,.T.);
#1363 = CIRCLE('',#1364,6.);
#1364 = AXIS2_PLACEMENT_3D('',#1365,#1366,#1367);
#1365 = CARTESIAN_POINT('',(245.,-25.,45.));
#1366 = DIRECTION('',(0.,-1.,0.));
#1367 = DIRECTION('',(1.,0.,0.));
#1368 = ORIENTED_EDGE('',*,*,#1352,.F.);
#1369 = ORIENTED_EDGE('',*,*,#1370,.F.);
#1370 = EDGE_CURVE('',#1353,#1353,#1371,.T.);
#1371 = CIRCLE('',#1372,6.);
#1372 = AXIS2_PLACEMENT_3D('',#1373,#1374,#1375);
#1373 = CARTESIAN_POINT('',(245.,0.,45.));
#1374 = DIRECTION('',(0.,-1.,0.));
#1375 = DIRECTION('',(1.,0.,0.));
#1376 = CYLINDRICAL_SURFACE('',#1377,6.);
#1377 = AXIS2_PLACEMENT_3D('',#1378,#1379,#1380);
#1378 = CARTESIAN_POINT('',(245.,9.99E-15,45.));
#1379 = DIRECTION('',(0.,1.,-2.2E-16));
#1380 = DIRECTION('',(1.,0.,0.));
#1381 = ADVANCED_FACE('',(#1382),#1409,.F.);
#1382 = FACE_BOUND('',#1383,.T.);
#1383 = EDGE_LOOP('',(#1384,#1394,#1401,#1402));
#1384 = ORIENTED_EDGE('',*,*,#1385,.T.);
#1385 = EDGE_CURVE('',#1386,#1388,#1390,.T.);
#1386 = VERTEX_POINT('',#1387);
#1387 = CARTESIAN_POINT('',(276.5,1.E-14,45.));
#1388 = VERTEX_POINT('',#1389);
#1389 = CARTESIAN_POINT('',(276.5,-25.,45.));
#1390 = LINE('',#1391,#1392);
#1391 = CARTESIAN_POINT('',(276.5,9.99E-15,45.));
#1392 = VECTOR('',#1393,1.);
#1393 = DIRECTION('',(0.,-1.,2.2E-16));
#1394 = ORIENTED_EDGE('',*,*,#1395,.T.);
#1395 = EDGE_CURVE('',#1388,#1388,#1396,.T.);
#1396 = CIRCLE('',#1397,6.);
#1397 = AXIS2_PLACEMENT_3D('',#1398,#1399,#1400);
#1398 = CARTESIAN_POINT('',(270.5,-25.,45.));
#1399 = DIRECTION('',(0.,-1.,0.));
#1400 = DIRECTION('',(1.,0.,0.));
#1401 = ORIENTED_EDGE('',*,*,#1385,.F.);
#1402 = ORIENTED_EDGE('',*,*,#1403,.F.);
#1403 = EDGE_CURVE('',#1386,#1386,#1404,.T.);
#1404 = CIRCLE('',#1405,6.);
#1405 = AXIS2_PLACEMENT_3D('',#1406,#1407,#1408);
#1406 = CARTESIAN_POINT('',(270.5,0.,45.));
#1407 = DIRECTION('',(0.,-1.,0.));
#1408 = DIRECTION('',(1.,0.,0.));
#1409 = CYLINDRICAL_SURFACE('',#1410,6.);
#1410 = AXIS2_PLACEMENT_3D('',#1411,#1412,#1413);
#1411 = CARTESIAN_POINT('',(270.5,9.99E-15,45.));
#1412 = DIRECTION('',(0.,1.,-2.2E-16));
#1413 = DIRECTION('',(1.,0.,0.));
#1414 = ADVANCED_FACE('',(#1415),#1442,.F.);
#1415 = FACE_BOUND('',#1416,.T.);
#1416 = EDGE_LOOP('',(#1417,#1427,#1434,#1435));
#1417 = ORIENTED_EDGE('',*,*,#1418,.T.);
#1418 = EDGE_CURVE('',#1419,#1421,#1423,.T.);
#1419 = VERTEX_POINT('',#1420);
#1420 = CARTESIAN_POINT('',(302.,1.E-14,45.));
#1421 = VERTEX_POINT('',#1422);
#1422 = CARTESIAN_POINT('',(302.,-25.,45.));
#1423 = LINE('',#1424,#1425);
#1424 = CARTESIAN_POINT('',(302.,9.99E-15,45.));
#1425 = VECTOR('',#1426,1.);
#1426 = DIRECTION('',(0.,-1.,2.2E-16));
#1427 = ORIENTED_EDGE('',*,*,#1428,.T.);
#1428 = EDGE_CURVE('',#1421,#1421,#1429,.T.);
#1429 = CIRCLE('',#1430,6.);
#1430 = AXIS2_PLACEMENT_3D('',#1431,#1432,#1433);
#1431 = CARTESIAN_POINT('',(296.,-25.,45.));
#1432 = DIRECTION('',(0.,-1.,0.));
#1433 = DIRECTION('',(1.,0.,0.));
#1434 = ORIENTED_EDGE('',*,*,#1418,.F.);
#1435 = ORIENTED_EDGE('',*,*,#1436,.F.);
#1436 = EDGE_CURVE('',#1419,#1419,#1437,.T.);
#1437 = CIRCLE('',#1438,6.);
#1438 = AXIS2_PLACEMENT_3D('',#1439,#1440,#1441);
#1439 = CARTESIAN_POINT('',(296.,0.,45.));
#1440 = DIRECTION('',(0.,-1.,0.));
#1441 = DIRECTION('',(1.,0.,0.));
#1442 = CYLINDRICAL_SURFACE('',#1443,6.);
#1443 = AXIS2_PLACEMENT_3D('',#1444,#1445,#1446);
#1444 = CARTESIAN_POINT('',(296.,9.99E-15,45.));
#1445 = DIRECTION('',(0.,1.,-2.2E-16));
#1446 = DIRECTION('',(1.,0.,0.));
#1447 = ADVANCED_FACE('',(#1448),#1475,.F.);
#1448 = FACE_BOUND('',#1449,.T.);
#1449 = EDGE_LOOP('',(#1450,#1460,#1467,#1468));
#1450 = ORIENTED_EDGE('',*,*,#1451,.T.);
#1451 = EDGE_CURVE('',#1452,#1454,#1456,.T.);
#1452 = VERTEX_POINT('',#1453);
#1453 = CARTESIAN_POINT('',(670.,2.55E-13,1.15E+03));
#1454 = VERTEX_POINT('',#1455);
#1455 = CARTESIAN_POINT('',(670.,-25.,1.15E+03));
#1456 = LINE('',#1457,#1458);
#1457 = CARTESIAN_POINT('',(670.,2.5535E-13,1.15E+03));
#1458 = VECTOR('',#1459,1.);
#1459 = DIRECTION('',(0.,-1.,2.2E-16));
#1460 = ORIENTED_EDGE('',*,*,#1461,.T.);
#1461 = EDGE_CURVE('',#1454,#1454,#1462,.T.);
#1462 = CIRCLE('',#1463,6.);
#1463 = AXIS2_PLACEMENT_3D('',#1464,#1465,#1466);
#1464 = CARTESIAN_POINT('',(664.,-25.,1.15E+03));
#1465 = DIRECTION('',(0.,-1.,0.));
#1466 = DIRECTION('',(1.,0.,0.));
#1467 = ORIENTED_EDGE('',*,*,#1451,.F.);
#1468 = ORIENTED_EDGE('',*,*,#1469,.F.);
#1469 = EDGE_CURVE('',#1452,#1452,#1470,.T.);
#1470 = CIRCLE('',#1471,6.);
#1471 = AXIS2_PLACEMENT_3D('',#1472,#1473,#1474);
#1472 = CARTESIAN_POINT('',(664.,0.,1.15E+03));
#1473 = DIRECTION('',(0.,-1.,0.));
#1474 = DIRECTION('',(1.,0.,0.));
#1475 = CYLINDRICAL_SURFACE('',#1476,6.);
#1476 = AXIS2_PLACEMENT_3D('',#1477,#1478,#1479);
#1477 = CARTESIAN_POINT('',(664.,2.5535E-13,1.15E+03));
#1478 = DIRECTION('',(0.,1.,-2.2E-16));
#1479 = DIRECTION('',(1.,0.,0.));
#1480 = ADVANCED_FACE('',(#1481),#1508,.F.);
#1481 = FACE_BOUND('',#1482,.T.);
#1482 = EDGE_LOOP('',(#1483,#1493,#1500,#1501));
#1483 = ORIENTED_EDGE('',*,*,#1484,.T.);
#1484 = EDGE_CURVE('',#1485,#1487,#1489,.T.);
#1485 = VERTEX_POINT('',#1486);
#1486 = CARTESIAN_POINT('',(695.5,2.55E-13,1.15E+03));
#1487 = VERTEX_POINT('',#1488);
#1488 = CARTESIAN_POINT('',(695.5,-25.,1.15E+03));
#1489 = LINE('',#1490,#1491);
#1490 = CARTESIAN_POINT('',(695.5,2.5535E-13,1.15E+03));
#1491 = VECTOR('',#1492,1.);
#1492 = DIRECTION('',(0.,-1.,2.2E-16));
#1493 = ORIENTED_EDGE('',*,*,#1494,.T.);
#1494 = EDGE_CURVE('',#1487,#1487,#1495,.T.);
#1495 = CIRCLE('',#1496,6.);
#1496 = AXIS2_PLACEMENT_3D('',#1497,#1498,#1499);
#1497 = CARTESIAN_POINT('',(689.5,-25.,1.15E+03));
#1498 = DIRECTION('',(0.,-1.,0.));
#1499 = DIRECTION('',(1.,0.,0.));
#1500 = ORIENTED_EDGE('',*,*,#1484,.F.);
#1501 = ORIENTED_EDGE('',*,*,#1502,.F.);
#1502 = EDGE_CURVE('',#1485,#1485,#1503,.T.);
#1503 = CIRCLE('',#1504,6.);
#1504 = AXIS2_PLACEMENT_3D('',#1505,#1506,#1507);
#1505 = CARTESIAN_POINT('',(689.5,0.,1.15E+03));
#1506 = DIRECTION('',(0.,-1.,0.));
#1507 = DIRECTION('',(1.,0.,0.));
#1508 = CYLINDRICAL_SURFACE('',#1509,6.);
#1509 = AXIS2_PLACEMENT_3D('',#1510,#1511,#1512);
#1510 = CARTESIAN_POINT('',(689.5,2.5535E-13,1.15E+03));
#1511 = DIRECTION('',(0.,1.,-2.2E-16));
#1512 = DIRECTION('',(1.,0.,0.));
#1513 = ADVANCED_FACE('',(#1514),#1541,.F.);
#1514 = FACE_BOUND('',#1515,.T.);
#1515 = EDGE_LOOP('',(#1516,#1526,#1533,#1534));
#1516 = ORIENTED_EDGE('',*,*,#1517,.T.);
#1517 = EDGE_CURVE('',#1518,#1520,#1522,.T.);
#1518 = VERTEX_POINT('',#1519);
#1519 = CARTESIAN_POINT('',(721.,2.55E-13,1.15E+03));
#1520 = VERTEX_POINT('',#1521);
#1521 = CARTESIAN_POINT('',(721.,-25.,1.15E+03));
#1522 = LINE('',#1523,#1524);
#1523 = CARTESIAN_POINT('',(721.,2.5535E-13,1.15E+03));
#1524 = VECTOR('',#1525,1.);
#1525 = DIRECTION('',(0.,-1.,2.2E-16));
#1526 = ORIENTED_EDGE('',*,*,#1527,.T.);
#1527 = EDGE_CURVE('',#1520,#1520,#1528,.T.);
#1528 = CIRCLE('',#1529,6.);
#1529 = AXIS2_PLACEMENT_3D('',#1530,#1531,#1532);
#1530 = CARTESIAN_POINT('',(715.,-25.,1.15E+03));
#1531 = DIRECTION('',(0.,-1.,0.));
#1532 = DIRECTION('',(1.,0.,0.));
#1533 = ORIENTED_EDGE('',*,*,#1517,.F.);
#1534 = ORIENTED_EDGE('',*,*,#1535,.F.);
#1535 = EDGE_CURVE('',#1518,#1518,#1536,.T.);
#1536 = CIRCLE('',#1537,6.);
#1537 = AXIS2_PLACEMENT_3D('',#1538,#1539,#1540);
#1538 = CARTESIAN_POINT('',(715.,0.,1.15E+03));
#1539 = DIRECTION('',(0.,-1.,0.));
#1540 = DIRECTION('',(1.,0.,0.));
#1541 = CYLINDRICAL_SURFACE('',#1542,6.);
#1542 = AXIS2_PLACEMENT_3D('',#1543,#1544,#1545);
#1543 = CARTESIAN_POINT('',(715.,2.5535E-13,1.15E+03));
#1544 = DIRECTION('',(0.,1.,-2.2E-16));
#1545 = DIRECTION('',(1.,0.,0.));
#1546 = ADVANCED_FACE('',(#1547),#1574,.F.);
#1547 = FACE_BOUND('',#1548,.T.);
#1548 = EDGE_LOOP('',(#1549,#1559,#1566,#1567));
#1549 = ORIENTED_EDGE('',*,*,#1550,.T.);
#1550 = EDGE_CURVE('',#1551,#1553,#1555,.T.);
#1551 = VERTEX_POINT('',#1552);
#1552 = CARTESIAN_POINT('',(670.,2.4E-13,1.08E+03));
#1553 = VERTEX_POINT('',#1554);
#1554 = CARTESIAN_POINT('',(670.,-25.,1.08E+03));
#1555 = LINE('',#1556,#1557);
#1556 = CARTESIAN_POINT('',(670.,2.3981E-13,1.08E+03));
#1557 = VECTOR('',#1558,1.);
#1558 = DIRECTION('',(0.,-1.,2.2E-16));
#1559 = ORIENTED_EDGE('',*,*,#1560,.T.);
#1560 = EDGE_CURVE('',#1553,#1553,#1561,.T.);
#1561 = CIRCLE('',#1562,6.);
#1562 = AXIS2_PLACEMENT_3D('',#1563,#1564,#1565);
#1563 = CARTESIAN_POINT('',(664.,-25.,1.08E+03));
#1564 = DIRECTION('',(0.,-1.,0.));
#1565 = DIRECTION('',(1.,0.,0.));
#1566 = ORIENTED_EDGE('',*,*,#1550,.F.);
#1567 = ORIENTED_EDGE('',*,*,#1568,.F.);
#1568 = EDGE_CURVE('',#1551,#1551,#1569,.T.);
#1569 = CIRCLE('',#1570,6.);
#1570 = AXIS2_PLACEMENT_3D('',#1571,#1572,#1573);
#1571 = CARTESIAN_POINT('',(664.,0.,1.08E+03));
#1572 = DIRECTION('',(0.,-1.,0.));
#1573 = DIRECTION('',(1.,0.,0.));
#1574 = CYLINDRICAL_SURFACE('',#1575,6.);
#1575 = AXIS2_PLACEMENT_3D('',#1576,#1577,#1578);
#1576 = CARTESIAN_POINT('',(664.,2.3981E-13,1.08E+03));
#1577 = DIRECTION('',(0.,1.,-2.2E-16));
#1578 = DIRECTION('',(1.,0.,0.));
#1579 = ADVANCED_FACE('',(#1580),#1607,.F.);
#1580 = FACE_BOUND('',#1581,.T.);
#1581 = EDGE_LOOP('',(#1582,#1592,#1599,#1600));
#1582 = ORIENTED_EDGE('',*,*,#1583,.T.);
#1583 = EDGE_CURVE('',#1584,#1586,#1588,.T.);
#1584 = VERTEX_POINT('',#1585);
#1585 = CARTESIAN_POINT('',(695.5,2.4E-13,1.08E+03));
#1586 = VERTEX_POINT('',#1587);
#1587 = CARTESIAN_POINT('',(695.5,-25.,1.08E+03));
#1588 = LINE('',#1589,#1590);
#1589 = CARTESIAN_POINT('',(695.5,2.3981E-13,1.08E+03));
#1590 = VECTOR('',#1591,1.);
#1591 = DIRECTION('',(0.,-1.,2.2E-16));
#1592 = ORIENTED_EDGE('',*,*,#1593,.T.);
#1593 = EDGE_CURVE('',#1586,#1586,#1594,.T.);
#1594 = CIRCLE('',#1595,6.);
#1595 = AXIS2_PLACEMENT_3D('',#1596,#1597,#1598);
#1596 = CARTESIAN_POINT('',(689.5,-25.,1.08E+03));
#1597 = DIRECTION('',(0.,-1.,0.));
#1598 = DIRECTION('',(1.,0.,0.));
#1599 = ORIENTED_EDGE('',*,*,#1583,.F.);
#1600 = ORIENTED_EDGE('',*,*,#1601,.F.);
#1601 = EDGE_CURVE('',#1584,#1584,#1602,.T.);
#1602 = CIRCLE('',#1603,6.);
#1603 = AXIS2_PLACEMENT_3D('',#1604,#1605,#1606);
#1604 = CARTESIAN_POINT('',(689.5,0.,1.08E+03));
#1605 = DIRECTION('',(0.,-1.,0.));
#1606 = DIRECTION('',(1.,0.,0.));
#1607 = CYLINDRICAL_SURFACE('',#1608,6.);
#1608 = AXIS2_PLACEMENT_3D('',#1609,#1610,#1611);
#1609 = CARTESIAN_POINT('',(689.5,2.3981E-13,1.08E+03));
#1610 = DIRECTION('',(0.,1.,-2.2E-16));
#1611 = DIRECTION('',(1.,0.,0.));
#1612 = ADVANCED_FACE('',(#1613),#1640,.F.);
#1613 = FACE_BOUND('',#1614,.T.);
#1614 = EDGE_LOOP('',(#1615,#1625,#1632,#1633));
#1615 = ORIENTED_EDGE('',*,*,#1616,.T.);
#1616 = EDGE_CURVE('',#1617,#1619,#1621,.T.);
#1617 = VERTEX_POINT('',#1618);
#1618 = CARTESIAN_POINT('',(721.,2.4E-13,1.08E+03));
#1619 = VERTEX_POINT('',#1620);
#1620 = CARTESIAN_POINT('',(721.,-25.,1.08E+03));
#1621 = LINE('',#1622,#1623);
#1622 = CARTESIAN_POINT('',(721.,2.3981E-13,1.08E+03));
#1623 = VECTOR('',#1624,1.);
#1624 = DIRECTION('',(0.,-1.,2.2E-16));
#1625 = ORIENTED_EDGE('',*,*,#1626,.T.);
#1626 = EDGE_CURVE('',#1619,#1619,#1627,.T.);
#1627 = CIRCLE('',#1628,6.);
#1628 = AXIS2_PLACEMENT_3D('',#1629,#1630,#1631);
#1629 = CARTESIAN_POINT('',(715.,-25.,1.08E+03));
#1630 = DIRECTION('',(0.,-1.,0.));
#1631 = DIRECTION('',(1.,0.,0.));
#1632 = ORIENTED_EDGE('',*,*,#1616,.F.);
#1633 = ORIENTED_EDGE('',*,*,#1634,.F.);
#1634 = EDGE_CURVE('',#1617,#1617,#1635,.T.);
#1635 = CIRCLE('',#1636,6.);
#1636 = AXIS2_PLACEMENT_3D('',#1637,#1638,#1639);
#1637 = CARTESIAN_POINT('',(715.,0.,1.08E+03));
#1638 = DIRECTION('',(0.,-1.,0.));
#1639 = DIRECTION('',(1.,0.,0.));
#1640 = CYLINDRICAL_SURFACE('',#1641,6.);
#1641 = AXIS2_PLACEMENT_3D('',#1642,#1643,#1644);
#1642 = CARTESIAN_POINT('',(715.,2.3981E-13,1.08E+03));
#1643 = DIRECTION('',(0.,1.,-2.2E-16));
#1644 = DIRECTION('',(1.,0.,0.));
#1645 = ADVANCED_FACE('',(#1646),#1673,.F.);
#1646 = FACE_BOUND('',#1647,.T.);
#1647 = EDGE_LOOP('',(#1648,#1658,#1665,#1666));
#1648 = ORIENTED_EDGE('',*,*,#1649,.T.);
#1649 = EDGE_CURVE('',#1650,#1652,#1654,.T.);
#1650 = VERTEX_POINT('',#1651);
#1651 = CARTESIAN_POINT('',(670.,2.24E-13,1.01E+03));
#1652 = VERTEX_POINT('',#1653);
#1653 = CARTESIAN_POINT('',(670.,-25.,1.01E+03));
#1654 = LINE('',#1655,#1656);
#1655 = CARTESIAN_POINT('',(670.,2.2427E-13,1.01E+03));
#1656 = VECTOR('',#1657,1.);
#1657 = DIRECTION('',(0.,-1.,2.2E-16));
#1658 = ORIENTED_EDGE('',*,*,#1659,.T.);
#1659 = EDGE_CURVE('',#1652,#1652,#1660,.T.);
#1660 = CIRCLE('',#1661,6.);
#1661 = AXIS2_PLACEMENT_3D('',#1662,#1663,#1664);
#1662 = CARTESIAN_POINT('',(664.,-25.,1.01E+03));
#1663 = DIRECTION('',(0.,-1.,0.));
#1664 = DIRECTION('',(1.,0.,0.));
#1665 = ORIENTED_EDGE('',*,*,#1649,.F.);
#1666 = ORIENTED_EDGE('',*,*,#1667,.F.);
#1667 = EDGE_CURVE('',#1650,#1650,#1668,.T.);
#1668 = CIRCLE('',#1669,6.);
#1669 = AXIS2_PLACEMENT_3D('',#1670,#1671,#1672);
#1670 = CARTESIAN_POINT('',(664.,0.,1.01E+03));
#1671 = DIRECTION('',(0.,-1.,0.));
#1672 = DIRECTION('',(1.,0.,0.));
#1673 = CYLINDRICAL_SURFACE('',#1674,6.);
#1674 = AXIS2_PLACEMENT_3D('',#1675,#1676,#1677);
#1675 = CARTESIAN_POINT('',(664.,2.2427E-13,1.01E+03));
#1676 = DIRECTION('',(0.,1.,-2.2E-16));
#1677 = DIRECTION('',(1.,0.,0.));
#1678 = ADVANCED_FACE('',(#1679),#1706,.F.);
#1679 = FACE_BOUND('',#1680,.T.);
#1680 = EDGE_LOOP('',(#1681,#1691,#1698,#1699));
#1681 = ORIENTED_EDGE('',*,*,#1682,.T.);
#1682 = EDGE_CURVE('',#1683,#1685,#1687,.T.);
#1683 = VERTEX_POINT('',#1684);
#1684 = CARTESIAN_POINT('',(695.5,2.24E-13,1.01E+03));
#1685 = VERTEX_POINT('',#1686);
#1686 = CARTESIAN_POINT('',(695.5,-25.,1.01E+03));
#1687 = LINE('',#1688,#1689);
#1688 = CARTESIAN_POINT('',(695.5,2.2427E-13,1.01E+03));
#1689 = VECTOR('',#1690,1.);
#1690 = DIRECTION('',(0.,-1.,2.2E-16));
#1691 = ORIENTED_EDGE('',*,*,#1692,.T.);
#1692 = EDGE_CURVE('',#1685,#1685,#1693,.T.);
#1693 = CIRCLE('',#1694,6.);
#1694 = AXIS2_PLACEMENT_3D('',#1695,#1696,#1697);
#1695 = CARTESIAN_POINT('',(689.5,-25.,1.01E+03));
#1696 = DIRECTION('',(0.,-1.,0.));
#1697 = DIRECTION('',(1.,0.,0.));
#1698 = ORIENTED_EDGE('',*,*,#1682,.F.);
#1699 = ORIENTED_EDGE('',*,*,#1700,.F.);
#1700 = EDGE_CURVE('',#1683,#1683,#1701,.T.);
#1701 = CIRCLE('',#1702,6.);
#1702 = AXIS2_PLACEMENT_3D('',#1703,#1704,#1705);
#1703 = CARTESIAN_POINT('',(689.5,0.,1.01E+03));
#1704 = DIRECTION('',(0.,-1.,0.));
#1705 = DIRECTION('',(1.,0.,0.));
#1706 = CYLINDRICAL_SURFACE('',#1707,6.);
#1707 = AXIS2_PLACEMENT_3D('',#1708,#1709,#1710);
#1708 = CARTESIAN_POINT('',(689.5,2.2427E-13,1.01E+03));
#1709 = DIRECTION('',(0.,1.,-2.2E-16));
#1710 = DIRECTION('',(1.,0.,0.));
#1711 = ADVANCED_FACE('',(#1712),#1739,.F.);
#1712 = FACE_BOUND('',#1713,.T.);
#1713 = EDGE_LOOP('',(#1714,#1724,#1731,#1732));
#1714 = ORIENTED_EDGE('',*,*,#1715,.T.);
#1715 = EDGE_CURVE('',#1716,#1718,#1720,.T.);
#1716 = VERTEX_POINT('',#1717);
#1717 = CARTESIAN_POINT('',(721.,2.24E-13,1.01E+03));
#1718 = VERTEX_POINT('',#1719);
#1719 = CARTESIAN_POINT('',(721.,-25.,1.01E+03));
#1720 = LINE('',#1721,#1722);
#1721 = CARTESIAN_POINT('',(721.,2.2427E-13,1.01E+03));
#1722 = VECTOR('',#1723,1.);
#1723 = DIRECTION('',(0.,-1.,2.2E-16));
#1724 = ORIENTED_EDGE('',*,*,#1725,.T.);
#1725 = EDGE_CURVE('',#1718,#1718,#1726,.T.);
#1726 = CIRCLE('',#1727,6.);
#1727 = AXIS2_PLACEMENT_3D('',#1728,#1729,#1730);
#1728 = CARTESIAN_POINT('',(715.,-25.,1.01E+03));
#1729 = DIRECTION('',(0.,-1.,0.));
#1730 = DIRECTION('',(1.,0.,0.));
#1731 = ORIENTED_EDGE('',*,*,#1715,.F.);
#1732 = ORIENTED_EDGE('',*,*,#1733,.F.);
#1733 = EDGE_CURVE('',#1716,#1716,#1734,.T.);
#1734 = CIRCLE('',#1735,6.);
#1735 = AXIS2_PLACEMENT_3D('',#1736,#1737,#1738);
#1736 = CARTESIAN_POINT('',(715.,0.,1.01E+03));
#1737 = DIRECTION('',(0.,-1.,0.));
#1738 = DIRECTION('',(1.,0.,0.));
#1739 = CYLINDRICAL_SURFACE('',#1740,6.);
#1740 = AXIS2_PLACEMENT_3D('',#1741,#1742,#1743);
#1741 = CARTESIAN_POINT('',(715.,2.2427E-13,1.01E+03));
#1742 = DIRECTION('',(0.,1.,-2.2E-16));
#1743 = DIRECTION('',(1.,0.,0.));
#1744 = ADVANCED_FACE('',(#1745),#1772,.F.);
#1745 = FACE_BOUND('',#1746,.T.);
#1746 = EDGE_LOOP('',(#1747,#1757,#1764,#1765));
#1747 = ORIENTED_EDGE('',*,*,#1748,.T.);
#1748 = EDGE_CURVE('',#1749,#1751,#1753,.T.);
#1749 = VERTEX_POINT('',#1750);
#1750 = CARTESIAN_POINT('',(670.,2.09E-13,940.));
#1751 = VERTEX_POINT('',#1752);
#1752 = CARTESIAN_POINT('',(670.,-25.,940.));
#1753 = LINE('',#1754,#1755);
#1754 = CARTESIAN_POINT('',(670.,2.0872E-13,940.));
#1755 = VECTOR('',#1756,1.);
#1756 = DIRECTION('',(0.,-1.,2.2E-16));
#1757 = ORIENTED_EDGE('',*,*,#1758,.T.);
#1758 = EDGE_CURVE('',#1751,#1751,#1759,.T.);
#1759 = CIRCLE('',#1760,6.);
#1760 = AXIS2_PLACEMENT_3D('',#1761,#1762,#1763);
#1761 = CARTESIAN_POINT('',(664.,-25.,940.));
#1762 = DIRECTION('',(0.,-1.,0.));
#1763 = DIRECTION('',(1.,0.,0.));
#1764 = ORIENTED_EDGE('',*,*,#1748,.F.);
#1765 = ORIENTED_EDGE('',*,*,#1766,.F.);
#1766 = EDGE_CURVE('',#1749,#1749,#1767,.T.);
#1767 = CIRCLE('',#1768,6.);
#1768 = AXIS2_PLACEMENT_3D('',#1769,#1770,#1771);
#1769 = CARTESIAN_POINT('',(664.,0.,940.));
#1770 = DIRECTION('',(0.,-1.,0.));
#1771 = DIRECTION('',(1.,0.,0.));
#1772 = CYLINDRICAL_SURFACE('',#1773,6.);
#1773 = AXIS2_PLACEMENT_3D('',#1774,#1775,#1776);
#1774 = CARTESIAN_POINT('',(664.,2.0872E-13,940.));
#1775 = DIRECTION('',(0.,1.,-2.2E-16));
#1776 = DIRECTION('',(1.,0.,0.));
#1777 = ADVANCED_FACE('',(#1778),#1805,.F.);
#1778 = FACE_BOUND('',#1779,.T.);
#1779 = EDGE_LOOP('',(#1780,#1790,#1797,#1798));
#1780 = ORIENTED_EDGE('',*,*,#1781,.T.);
#1781 = EDGE_CURVE('',#1782,#1784,#1786,.T.);
#1782 = VERTEX_POINT('',#1783);
#1783 = CARTESIAN_POINT('',(695.5,2.09E-13,940.));
#1784 = VERTEX_POINT('',#1785);
#1785 = CARTESIAN_POINT('',(695.5,-25.,940.));
#1786 = LINE('',#1787,#1788);
#1787 = CARTESIAN_POINT('',(695.5,2.0872E-13,940.));
#1788 = VECTOR('',#1789,1.);
#1789 = DIRECTION('',(0.,-1.,2.2E-16));
#1790 = ORIENTED_EDGE('',*,*,#1791,.T.);
#1791 = EDGE_CURVE('',#1784,#1784,#1792,.T.);
#1792 = CIRCLE('',#1793,6.);
#1793 = AXIS2_PLACEMENT_3D('',#1794,#1795,#1796);
#1794 = CARTESIAN_POINT('',(689.5,-25.,940.));
#1795 = DIRECTION('',(0.,-1.,0.));
#1796 = DIRECTION('',(1.,0.,0.));
#1797 = ORIENTED_EDGE('',*,*,#1781,.F.);
#1798 = ORIENTED_EDGE('',*,*,#1799,.F.);
#1799 = EDGE_CURVE('',#1782,#1782,#1800,.T.);
#1800 = CIRCLE('',#1801,6.);
#1801 = AXIS2_PLACEMENT_3D('',#1802,#1803,#1804);
#1802 = CARTESIAN_POINT('',(689.5,0.,940.));
#1803 = DIRECTION('',(0.,-1.,0.));
#1804 = DIRECTION('',(1.,0.,0.));
#1805 = CYLINDRICAL_SURFACE('',#1806,6.);
#1806 = AXIS2_PLACEMENT_3D('',#1807,#1808,#1809);
#1807 = CARTESIAN_POINT('',(689.5,2.0872E-13,940.));
#1808 = DIRECTION('',(0.,1.,-2.2E-16));
#1809 = DIRECTION('',(1.,0.,0.));
#1810 = ADVANCED_FACE('',(#1811),#1838,.F.);
#1811 = FACE_BOUND('',#1812,.T.);
#1812 = EDGE_LOOP('',(#1813,#1823,#1830,#1831));
#1813 = ORIENTED_EDGE('',*,*,#1814,.T.);
#1814 = EDGE_CURVE('',#1815,#1817,#1819,.T.);
#1815 = VERTEX_POINT('',#1816);
#1816 = CARTESIAN_POINT('',(721.,2.09E-13,940.));
#1817 = VERTEX_POINT('',#1818);
#1818 = CARTESIAN_POINT('',(721.,-25.,940.));
#1819 = LINE('',#1820,#1821);
#1820 = CARTESIAN_POINT('',(721.,2.0872E-13,940.));
#1821 = VECTOR('',#1822,1.);
#1822 = DIRECTION('',(0.,-1.,2.2E-16));
#1823 = ORIENTED_EDGE('',*,*,#1824,.T.);
#1824 = EDGE_CURVE('',#1817,#1817,#1825,.T.);
#1825 = CIRCLE('',#1826,6.);
#1826 = AXIS2_PLACEMENT_3D('',#1827,#1828,#1829);
#1827 = CARTESIAN_POINT('',(715.,-25.,940.));
#1828 = DIRECTION('',(0.,-1.,0.));
#1829 = DIRECTION('',(1.,0.,0.));
#1830 = ORIENTED_EDGE('',*,*,#1814,.F.);
#1831 = ORIENTED_EDGE('',*,*,#1832,.F.);
#1832 = EDGE_CURVE('',#1815,#1815,#1833,.T.);
#1833 = CIRCLE('',#1834,6.);
#1834 = AXIS2_PLACEMENT_3D('',#1835,#1836,#1837);
#1835 = CARTESIAN_POINT('',(715.,0.,940.));
#1836 = DIRECTION('',(0.,-1.,0.));
#1837 = DIRECTION('',(1.,0.,0.));
#1838 = CYLINDRICAL_SURFACE('',#1839,6.);
#1839 = AXIS2_PLACEMENT_3D('',#1840,#1841,#1842);
#1840 = CARTESIAN_POINT('',(715.,2.0872E-13,940.));
#1841 = DIRECTION('',(0.,1.,-2.2E-16));
#1842 = DIRECTION('',(1.,0.,0.));
#1843 = ADVANCED_FACE('',(#1844),#1871,.F.);
#1844 = FACE_BOUND('',#1845,.T.);
#1845 = EDGE_LOOP('',(#1846,#1856,#1863,#1864));
#1846 = ORIENTED_EDGE('',*,*,#1847,.T.);
#1847 = EDGE_CURVE('',#1848,#1850,#1852,.T.);
#1848 = VERTEX_POINT('',#1849);
#1849 = CARTESIAN_POINT('',(670.,1.51E-13,680.));
#1850 = VERTEX_POINT('',#1851);
#1851 = CARTESIAN_POINT('',(670.,-25.,680.));
#1852 = LINE('',#1853,#1854);
#1853 = CARTESIAN_POINT('',(670.,1.5099E-13,680.));
#1854 = VECTOR('',#1855,1.);
#1855 = DIRECTION('',(0.,-1.,2.2E-16));
#1856 = ORIENTED_EDGE('',*,*,#1857,.T.);
#1857 = EDGE_CURVE('',#1850,#1850,#1858,.T.);
#1858 = CIRCLE('',#1859,6.);
#1859 = AXIS2_PLACEMENT_3D('',#1860,#1861,#1862);
#1860 = CARTESIAN_POINT('',(664.,-25.,680.));
#1861 = DIRECTION('',(0.,-1.,0.));
#1862 = DIRECTION('',(1.,0.,0.));
#1863 = ORIENTED_EDGE('',*,*,#1847,.F.);
#1864 = ORIENTED_EDGE('',*,*,#1865,.F.);
#1865 = EDGE_CURVE('',#1848,#1848,#1866,.T.);
#1866 = CIRCLE('',#1867,6.);
#1867 = AXIS2_PLACEMENT_3D('',#1868,#1869,#1870);
#1868 = CARTESIAN_POINT('',(664.,0.,680.));
#1869 = DIRECTION('',(0.,-1.,0.));
#1870 = DIRECTION('',(1.,0.,0.));
#1871 = CYLINDRICAL_SURFACE('',#1872,6.);
#1872 = AXIS2_PLACEMENT_3D('',#1873,#1874,#1875);
#1873 = CARTESIAN_POINT('',(664.,1.5099E-13,680.));
#1874 = DIRECTION('',(0.,1.,-2.2E-16));
#1875 = DIRECTION('',(1.,0.,0.));
#1876 = ADVANCED_FACE('',(#1877),#1904,.F.);
#1877 = FACE_BOUND('',#1878,.T.);
#1878 = EDGE_LOOP('',(#1879,#1889,#1896,#1897));
#1879 = ORIENTED_EDGE('',*,*,#1880,.T.);
#1880 = EDGE_CURVE('',#1881,#1883,#1885,.T.);
#1881 = VERTEX_POINT('',#1882);
#1882 = CARTESIAN_POINT('',(695.5,1.51E-13,680.));
#1883 = VERTEX_POINT('',#1884);
#1884 = CARTESIAN_POINT('',(695.5,-25.,680.));
#1885 = LINE('',#1886,#1887);
#1886 = CARTESIAN_POINT('',(695.5,1.5099E-13,680.));
#1887 = VECTOR('',#1888,1.);
#1888 = DIRECTION('',(0.,-1.,2.2E-16));
#1889 = ORIENTED_EDGE('',*,*,#1890,.T.);
#1890 = EDGE_CURVE('',#1883,#1883,#1891,.T.);
#1891 = CIRCLE('',#1892,6.);
#1892 = AXIS2_PLACEMENT_3D('',#1893,#1894,#1895);
#1893 = CARTESIAN_POINT('',(689.5,-25.,680.));
#1894 = DIRECTION('',(0.,-1.,0.));
#1895 = DIRECTION('',(1.,0.,0.));
#1896 = ORIENTED_EDGE('',*,*,#1880,.F.);
#1897 = ORIENTED_EDGE('',*,*,#1898,.F.);
#1898 = EDGE_CURVE('',#1881,#1881,#1899,.T.);
#1899 = CIRCLE('',#1900,6.);
#1900 = AXIS2_PLACEMENT_3D('',#1901,#1902,#1903);
#1901 = CARTESIAN_POINT('',(689.5,0.,680.));
#1902 = DIRECTION('',(0.,-1.,0.));
#1903 = DIRECTION('',(1.,0.,0.));
#1904 = CYLINDRICAL_SURFACE('',#1905,6.);
#1905 = AXIS2_PLACEMENT_3D('',#1906,#1907,#1908);
#1906 = CARTESIAN_POINT('',(689.5,1.5099E-13,680.));
#1907 = DIRECTION('',(0.,1.,-2.2E-16));
#1908 = DIRECTION('',(1.,0.,0.));
#1909 = ADVANCED_FACE('',(#1910),#1937,.F.);
#1910 = FACE_BOUND('',#1911,.T.);
#1911 = EDGE_LOOP('',(#1912,#1922,#1929,#1930));
#1912 = ORIENTED_EDGE('',*,*,#1913,.T.);
#1913 = EDGE_CURVE('',#1914,#1916,#1918,.T.);
#1914 = VERTEX_POINT('',#1915);
#1915 = CARTESIAN_POINT('',(721.,1.51E-13,680.));
#1916 = VERTEX_POINT('',#1917);
#1917 = CARTESIAN_POINT('',(721.,-25.,680.));
#1918 = LINE('',#1919,#1920);
#1919 = CARTESIAN_POINT('',(721.,1.5099E-13,680.));
#1920 = VECTOR('',#1921,1.);
#1921 = DIRECTION('',(0.,-1.,2.2E-16));
#1922 = ORIENTED_EDGE('',*,*,#1923,.T.);
#1923 = EDGE_CURVE('',#1916,#1916,#1924,.T.);
#1924 = CIRCLE('',#1925,6.);
#1925 = AXIS2_PLACEMENT_3D('',#1926,#1927,#1928);
#1926 = CARTESIAN_POINT('',(715.,-25.,680.));
#1927 = DIRECTION('',(0.,-1.,0.));
#1928 = DIRECTION('',(1.,0.,0.));
#1929 = ORIENTED_EDGE('',*,*,#1913,.F.);
#1930 = ORIENTED_EDGE('',*,*,#1931,.F.);
#1931 = EDGE_CURVE('',#1914,#1914,#1932,.T.);
#1932 = CIRCLE('',#1933,6.);
#1933 = AXIS2_PLACEMENT_3D('',#1934,#1935,#1936);
#1934 = CARTESIAN_POINT('',(715.,0.,680.));
#1935 = DIRECTION('',(0.,-1.,0.));
#1936 = DIRECTION('',(1.,0.,0.));
#1937 = CYLINDRICAL_SURFACE('',#1938,6.);
#1938 = AXIS2_PLACEMENT_3D('',#1939,#1940,#1941);
#1939 = CARTESIAN_POINT('',(715.,1.5099E-13,680.));
#1940 = DIRECTION('',(0.,1.,-2.2E-16));
#1941 = DIRECTION('',(1.,0.,0.));
#1942 = ADVANCED_FACE('',(#1943),#1970,.F.);
#1943 = FACE_BOUND('',#1944,.T.);
#1944 = EDGE_LOOP('',(#1945,#1955,#1962,#1963));
#1945 = ORIENTED_EDGE('',*,*,#1946,.T.);
#1946 = EDGE_CURVE('',#1947,#1949,#1951,.T.);
#1947 = VERTEX_POINT('',#1948);
#1948 = CARTESIAN_POINT('',(670.,1.35E-13,610.));
#1949 = VERTEX_POINT('',#1950);
#1950 = CARTESIAN_POINT('',(670.,-25.,610.));
#1951 = LINE('',#1952,#1953);
#1952 = CARTESIAN_POINT('',(670.,1.3545E-13,610.));
#1953 = VECTOR('',#1954,1.);
#1954 = DIRECTION('',(0.,-1.,2.2E-16));
#1955 = ORIENTED_EDGE('',*,*,#1956,.T.);
#1956 = EDGE_CURVE('',#1949,#1949,#1957,.T.);
#1957 = CIRCLE('',#1958,6.);
#1958 = AXIS2_PLACEMENT_3D('',#1959,#1960,#1961);
#1959 = CARTESIAN_POINT('',(664.,-25.,610.));
#1960 = DIRECTION('',(0.,-1.,0.));
#1961 = DIRECTION('',(1.,0.,0.));
#1962 = ORIENTED_EDGE('',*,*,#1946,.F.);
#1963 = ORIENTED_EDGE('',*,*,#1964,.F.);
#1964 = EDGE_CURVE('',#1947,#1947,#1965,.T.);
#1965 = CIRCLE('',#1966,6.);
#1966 = AXIS2_PLACEMENT_3D('',#1967,#1968,#1969);
#1967 = CARTESIAN_POINT('',(664.,0.,610.));
#1968 = DIRECTION('',(0.,-1.,0.));
#1969 = DIRECTION('',(1.,0.,0.));
#1970 = CYLINDRICAL_SURFACE('',#1971,6.);
#1971 = AXIS2_PLACEMENT_3D('',#1972,#1973,#1974);
#1972 = CARTESIAN_POINT('',(664.,1.3545E-13,610.));
#1973 = DIRECTION('',(0.,1.,-2.2E-16));
#1974 = DIRECTION('',(1.,0.,0.));
#1975 = ADVANCED_FACE('',(#1976),#2003,.F.);
#1976 = FACE_BOUND('',#1977,.T.);
#1977 = EDGE_LOOP('',(#1978,#1988,#1995,#1996));
#1978 = ORIENTED_EDGE('',*,*,#1979,.T.);
#1979 = EDGE_CURVE('',#1980,#1982,#1984,.T.);
#1980 = VERTEX_POINT('',#1981);
#1981 = CARTESIAN_POINT('',(695.5,1.35E-13,610.));
#1982 = VERTEX_POINT('',#1983);
#1983 = CARTESIAN_POINT('',(695.5,-25.,610.));
#1984 = LINE('',#1985,#1986);
#1985 = CARTESIAN_POINT('',(695.5,1.3545E-13,610.));
#1986 = VECTOR('',#1987,1.);
#1987 = DIRECTION('',(0.,-1.,2.2E-16));
#1988 = ORIENTED_EDGE('',*,*,#1989,.T.);
#1989 = EDGE_CURVE('',#1982,#1982,#1990,.T.);
#1990 = CIRCLE('',#1991,6.);
#1991 = AXIS2_PLACEMENT_3D('',#1992,#1993,#1994);
#1992 = CARTESIAN_POINT('',(689.5,-25.,610.));
#1993 = DIRECTION('',(0.,-1.,0.));
#1994 = DIRECTION('',(1.,0.,0.));
#1995 = ORIENTED_EDGE('',*,*,#1979,.F.);
#1996 = ORIENTED_EDGE('',*,*,#1997,.F.);
#1997 = EDGE_CURVE('',#1980,#1980,#1998,.T.);
#1998 = CIRCLE('',#1999,6.);
#1999 = AXIS2_PLACEMENT_3D('',#2000,#2001,#2002);
#2000 = CARTESIAN_POINT('',(689.5,0.,610.));
#2001 = DIRECTION('',(0.,-1.,0.));
#2002 = DIRECTION('',(1.,0.,0.));
#2003 = CYLINDRICAL_SURFACE('',#2004,6.);
#2004 = AXIS2_PLACEMENT_3D('',#2005,#2006,#2007);
#2005 = CARTESIAN_POINT('',(689.5,1.3545E-13,610.));
#2006 = DIRECTION('',(0.,1.,-2.2E-16));
#2007 = DIRECTION('',(1.,0.,0.));
#2008 = ADVANCED_FACE('',(#2009),#2036,.F.);
#2009 = FACE_BOUND('',#2010,.T.);
#2010 = EDGE_LOOP('',(#2011,#2021,#2028,#2029));
#2011 = ORIENTED_EDGE('',*,*,#2012,.T.);
#2012 = EDGE_CURVE('',#2013,#2015,#2017,.T.);
#2013 = VERTEX_POINT('',#2014);
#2014 = CARTESIAN_POINT('',(721.,1.35E-13,610.));
#2015 = VERTEX_POINT('',#2016);
#2016 = CARTESIAN_POINT('',(721.,-25.,610.));
#2017 = LINE('',#2018,#2019);
#2018 = CARTESIAN_POINT('',(721.,1.3545E-13,610.));
#2019 = VECTOR('',#2020,1.);
#2020 = DIRECTION('',(0.,-1.,2.2E-16));
#2021 = ORIENTED_EDGE('',*,*,#2022,.T.);
#2022 = EDGE_CURVE('',#2015,#2015,#2023,.T.);
#2023 = CIRCLE('',#2024,6.);
#2024 = AXIS2_PLACEMENT_3D('',#2025,#2026,#2027);
#2025 = CARTESIAN_POINT('',(715.,-25.,610.));
#2026 = DIRECTION('',(0.,-1.,0.));
#2027 = DIRECTION('',(1.,0.,0.));
#2028 = ORIENTED_EDGE('',*,*,#2012,.F.);
#2029 = ORIENTED_EDGE('',*,*,#2030,.F.);
#2030 = EDGE_CURVE('',#2013,#2013,#2031,.T.);
#2031 = CIRCLE('',#2032,6.);
#2032 = AXIS2_PLACEMENT_3D('',#2033,#2034,#2035);
#2033 = CARTESIAN_POINT('',(715.,0.,610.));
#2034 = DIRECTION('',(0.,-1.,0.));
#2035 = DIRECTION('',(1.,0.,0.));
#2036 = CYLINDRICAL_SURFACE('',#2037,6.);
#2037 = AXIS2_PLACEMENT_3D('',#2038,#2039,#2040);
#2038 = CARTESIAN_POINT('',(715.,1.3545E-13,610.));
#2039 = DIRECTION('',(0.,1.,-2.2E-16));
#2040 = DIRECTION('',(1.,0.,0.));
#2041 = ADVANCED_FACE('',(#2042),#2069,.F.);
#2042 = FACE_BOUND('',#2043,.T.);
#2043 = EDGE_LOOP('',(#2044,#2054,#2061,#2062));
#2044 = ORIENTED_EDGE('',*,*,#2045,.T.);
#2045 = EDGE_CURVE('',#2046,#2048,#2050,.T.);
#2046 = VERTEX_POINT('',#2047);
#2047 = CARTESIAN_POINT('',(670.,1.2E-13,540.));
#2048 = VERTEX_POINT('',#2049);
#2049 = CARTESIAN_POINT('',(670.,-25.,540.));
#2050 = LINE('',#2051,#2052);
#2051 = CARTESIAN_POINT('',(670.,1.199E-13,540.));
#2052 = VECTOR('',#2053,1.);
#2053 = DIRECTION('',(0.,-1.,2.2E-16));
#2054 = ORIENTED_EDGE('',*,*,#2055,.T.);
#2055 = EDGE_CURVE('',#2048,#2048,#2056,.T.);
#2056 = CIRCLE('',#2057,6.);
#2057 = AXIS2_PLACEMENT_3D('',#2058,#2059,#2060);
#2058 = CARTESIAN_POINT('',(664.,-25.,540.));
#2059 = DIRECTION('',(0.,-1.,0.));
#2060 = DIRECTION('',(1.,0.,0.));
#2061 = ORIENTED_EDGE('',*,*,#2045,.F.);
#2062 = ORIENTED_EDGE('',*,*,#2063,.F.);
#2063 = EDGE_CURVE('',#2046,#2046,#2064,.T.);
#2064 = CIRCLE('',#2065,6.);
#2065 = AXIS2_PLACEMENT_3D('',#2066,#2067,#2068);
#2066 = CARTESIAN_POINT('',(664.,0.,540.));
#2067 = DIRECTION('',(0.,-1.,0.));
#2068 = DIRECTION('',(1.,0.,0.));
#2069 = CYLINDRICAL_SURFACE('',#2070,6.);
#2070 = AXIS2_PLACEMENT_3D('',#2071,#2072,#2073);
#2071 = CARTESIAN_POINT('',(664.,1.199E-13,540.));
#2072 = DIRECTION('',(0.,1.,-2.2E-16));
#2073 = DIRECTION('',(1.,0.,0.));
#2074 = ADVANCED_FACE('',(#2075),#2102,.F.);
#2075 = FACE_BOUND('',#2076,.T.);
#2076 = EDGE_LOOP('',(#2077,#2087,#2094,#2095));
#2077 = ORIENTED_EDGE('',*,*,#2078,.T.);
#2078 = EDGE_CURVE('',#2079,#2081,#2083,.T.);
#2079 = VERTEX_POINT('',#2080);
#2080 = CARTESIAN_POINT('',(695.5,1.2E-13,540.));
#2081 = VERTEX_POINT('',#2082);
#2082 = CARTESIAN_POINT('',(695.5,-25.,540.));
#2083 = LINE('',#2084,#2085);
#2084 = CARTESIAN_POINT('',(695.5,1.199E-13,540.));
#2085 = VECTOR('',#2086,1.);
#2086 = DIRECTION('',(0.,-1.,2.2E-16));
#2087 = ORIENTED_EDGE('',*,*,#2088,.T.);
#2088 = EDGE_CURVE('',#2081,#2081,#2089,.T.);
#2089 = CIRCLE('',#2090,6.);
#2090 = AXIS2_PLACEMENT_3D('',#2091,#2092,#2093);
#2091 = CARTESIAN_POINT('',(689.5,-25.,540.));
#2092 = DIRECTION('',(0.,-1.,0.));
#2093 = DIRECTION('',(1.,0.,0.));
#2094 = ORIENTED_EDGE('',*,*,#2078,.F.);
#2095 = ORIENTED_EDGE('',*,*,#2096,.F.);
#2096 = EDGE_CURVE('',#2079,#2079,#2097,.T.);
#2097 = CIRCLE('',#2098,6.);
#2098 = AXIS2_PLACEMENT_3D('',#2099,#2100,#2101);
#2099 = CARTESIAN_POINT('',(689.5,0.,540.));
#2100 = DIRECTION('',(0.,-1.,0.));
#2101 = DIRECTION('',(1.,0.,0.));
#2102 = CYLINDRICAL_SURFACE('',#2103,6.);
#2103 = AXIS2_PLACEMENT_3D('',#2104,#2105,#2106);
#2104 = CARTESIAN_POINT('',(689.5,1.199E-13,540.));
#2105 = DIRECTION('',(0.,1.,-2.2E-16));
#2106 = DIRECTION('',(1.,0.,0.));
#2107 = ADVANCED_FACE('',(#2108),#2135,.F.);
#2108 = FACE_BOUND('',#2109,.T.);
#2109 = EDGE_LOOP('',(#2110,#2120,#2127,#2128));
#2110 = ORIENTED_EDGE('',*,*,#2111,.T.);
#2111 = EDGE_CURVE('',#2112,#2114,#2116,.T.);
#2112 = VERTEX_POINT('',#2113);
#2113 = CARTESIAN_POINT('',(721.,1.2E-13,540.));
#2114 = VERTEX_POINT('',#2115);
#2115 = CARTESIAN_POINT('',(721.,-25.,540.));
#2116 = LINE('',#2117,#2118);
#2117 = CARTESIAN_POINT('',(721.,1.199E-13,540.));
#2118 = VECTOR('',#2119,1.);
#2119 = DIRECTION('',(0.,-1.,2.2E-16));
#2120 = ORIENTED_EDGE('',*,*,#2121,.T.);
#2121 = EDGE_CURVE('',#2114,#2114,#2122,.T.);
#2122 = CIRCLE('',#2123,6.);
#2123 = AXIS2_PLACEMENT_3D('',#2124,#2125,#2126);
#2124 = CARTESIAN_POINT('',(715.,-25.,540.));
#2125 = DIRECTION('',(0.,-1.,0.));
#2126 = DIRECTION('',(1.,0.,0.));
#2127 = ORIENTED_EDGE('',*,*,#2111,.F.);
#2128 = ORIENTED_EDGE('',*,*,#2129,.F.);
#2129 = EDGE_CURVE('',#2112,#2112,#2130,.T.);
#2130 = CIRCLE('',#2131,6.);
#2131 = AXIS2_PLACEMENT_3D('',#2132,#2133,#2134);
#2132 = CARTESIAN_POINT('',(715.,0.,540.));
#2133 = DIRECTION('',(0.,-1.,0.));
#2134 = DIRECTION('',(1.,0.,0.));
#2135 = CYLINDRICAL_SURFACE('',#2136,6.);
#2136 = AXIS2_PLACEMENT_3D('',#2137,#2138,#2139);
#2137 = CARTESIAN_POINT('',(715.,1.199E-13,540.));
#2138 = DIRECTION('',(0.,1.,-2.2E-16));
#2139 = DIRECTION('',(1.,0.,0.));
#2140 = ADVANCED_FACE('',(#2141),#2168,.F.);
#2141 = FACE_BOUND('',#2142,.T.);
#2142 = EDGE_LOOP('',(#2143,#2153,#2160,#2161));
#2143 = ORIENTED_EDGE('',*,*,#2144,.T.);
#2144 = EDGE_CURVE('',#2145,#2147,#2149,.T.);
#2145 = VERTEX_POINT('',#2146);
#2146 = CARTESIAN_POINT('',(670.,1.04E-13,470.));
#2147 = VERTEX_POINT('',#2148);
#2148 = CARTESIAN_POINT('',(670.,-25.,470.));
#2149 = LINE('',#2150,#2151);
#2150 = CARTESIAN_POINT('',(670.,1.0436E-13,470.));
#2151 = VECTOR('',#2152,1.);
#2152 = DIRECTION('',(0.,-1.,2.2E-16));
#2153 = ORIENTED_EDGE('',*,*,#2154,.T.);
#2154 = EDGE_CURVE('',#2147,#2147,#2155,.T.);
#2155 = CIRCLE('',#2156,6.);
#2156 = AXIS2_PLACEMENT_3D('',#2157,#2158,#2159);
#2157 = CARTESIAN_POINT('',(664.,-25.,470.));
#2158 = DIRECTION('',(0.,-1.,0.));
#2159 = DIRECTION('',(1.,0.,0.));
#2160 = ORIENTED_EDGE('',*,*,#2144,.F.);
#2161 = ORIENTED_EDGE('',*,*,#2162,.F.);
#2162 = EDGE_CURVE('',#2145,#2145,#2163,.T.);
#2163 = CIRCLE('',#2164,6.);
#2164 = AXIS2_PLACEMENT_3D('',#2165,#2166,#2167);
#2165 = CARTESIAN_POINT('',(664.,0.,470.));
#2166 = DIRECTION('',(0.,-1.,0.));
#2167 = DIRECTION('',(1.,0.,0.));
#2168 = CYLINDRICAL_SURFACE('',#2169,6.);
#2169 = AXIS2_PLACEMENT_3D('',#2170,#2171,#2172);
#2170 = CARTESIAN_POINT('',(664.,1.0436E-13,470.));
#2171 = DIRECTION('',(0.,1.,-2.2E-16));
#2172 = DIRECTION('',(1.,0.,0.));
#2173 = ADVANCED_FACE('',(#2174),#2201,.F.);
#2174 = FACE_BOUND('',#2175,.T.);
#2175 = EDGE_LOOP('',(#2176,#2186,#2193,#2194));
#2176 = ORIENTED_EDGE('',*,*,#2177,.T.);
#2177 = EDGE_CURVE('',#2178,#2180,#2182,.T.);
#2178 = VERTEX_POINT('',#2179);
#2179 = CARTESIAN_POINT('',(695.5,1.04E-13,470.));
#2180 = VERTEX_POINT('',#2181);
#2181 = CARTESIAN_POINT('',(695.5,-25.,470.));
#2182 = LINE('',#2183,#2184);
#2183 = CARTESIAN_POINT('',(695.5,1.0436E-13,470.));
#2184 = VECTOR('',#2185,1.);
#2185 = DIRECTION('',(0.,-1.,2.2E-16));
#2186 = ORIENTED_EDGE('',*,*,#2187,.T.);
#2187 = EDGE_CURVE('',#2180,#2180,#2188,.T.);
#2188 = CIRCLE('',#2189,6.);
#2189 = AXIS2_PLACEMENT_3D('',#2190,#2191,#2192);
#2190 = CARTESIAN_POINT('',(689.5,-25.,470.));
#2191 = DIRECTION('',(0.,-1.,0.));
#2192 = DIRECTION('',(1.,0.,0.));
#2193 = ORIENTED_EDGE('',*,*,#2177,.F.);
#2194 = ORIENTED_EDGE('',*,*,#2195,.F.);
#2195 = EDGE_CURVE('',#2178,#2178,#2196,.T.);
#2196 = CIRCLE('',#2197,6.);
#2197 = AXIS2_PLACEMENT_3D('',#2198,#2199,#2200);
#2198 = CARTESIAN_POINT('',(689.5,0.,470.));
#2199 = DIRECTION('',(0.,-1.,0.));
#2200 = DIRECTION('',(1.,0.,0.));
#2201 = CYLINDRICAL_SURFACE('',#2202,6.);
#2202 = AXIS2_PLACEMENT_3D('',#2203,#2204,#2205);
#2203 = CARTESIAN_POINT('',(689.5,1.0436E-13,470.));
#2204 = DIRECTION('',(0.,1.,-2.2E-16));
#2205 = DIRECTION('',(1.,0.,0.));
#2206 = ADVANCED_FACE('',(#2207),#2234,.F.);
#2207 = FACE_BOUND('',#2208,.T.);
#2208 = EDGE_LOOP('',(#2209,#2219,#2226,#2227));
#2209 = ORIENTED_EDGE('',*,*,#2210,.T.);
#2210 = EDGE_CURVE('',#2211,#2213,#2215,.T.);
#2211 = VERTEX_POINT('',#2212);
#2212 = CARTESIAN_POINT('',(721.,1.04E-13,470.));
#2213 = VERTEX_POINT('',#2214);
#2214 = CARTESIAN_POINT('',(721.,-25.,470.));
#2215 = LINE('',#2216,#2217);
#2216 = CARTESIAN_POINT('',(721.,1.0436E-13,470.));
#2217 = VECTOR('',#2218,1.);
#2218 = DIRECTION('',(0.,-1.,2.2E-16));
#2219 = ORIENTED_EDGE('',*,*,#2220,.T.);
#2220 = EDGE_CURVE('',#2213,#2213,#2221,.T.);
#2221 = CIRCLE('',#2222,6.);
#2222 = AXIS2_PLACEMENT_3D('',#2223,#2224,#2225);
#2223 = CARTESIAN_POINT('',(715.,-25.,470.));
#2224 = DIRECTION('',(0.,-1.,0.));
#2225 = DIRECTION('',(1.,0.,0.));
#2226 = ORIENTED_EDGE('',*,*,#2210,.F.);
#2227 = ORIENTED_EDGE('',*,*,#2228,.F.);
#2228 = EDGE_CURVE('',#2211,#2211,#2229,.T.);
#2229 = CIRCLE('',#2230,6.);
#2230 = AXIS2_PLACEMENT_3D('',#2231,#2232,#2233);
#2231 = CARTESIAN_POINT('',(715.,0.,470.));
#2232 = DIRECTION('',(0.,-1.,0.));
#2233 = DIRECTION('',(1.,0.,0.));
#2234 = CYLINDRICAL_SURFACE('',#2235,6.);
#2235 = AXIS2_PLACEMENT_3D('',#2236,#2237,#2238);
#2236 = CARTESIAN_POINT('',(715.,1.0436E-13,470.));
#2237 = DIRECTION('',(0.,1.,-2.2E-16));
#2238 = DIRECTION('',(1.,0.,0.));
#2239 = ADVANCED_FACE('',(#2240),#2267,.F.);
#2240 = FACE_BOUND('',#2241,.T.);
#2241 = EDGE_LOOP('',(#2242,#2252,#2259,#2260));
#2242 = ORIENTED_EDGE('',*,*,#2243,.T.);
#2243 = EDGE_CURVE('',#2244,#2246,#2248,.T.);
#2244 = VERTEX_POINT('',#2245);
#2245 = CARTESIAN_POINT('',(670.,5.7E-14,255.));
#2246 = VERTEX_POINT('',#2247);
#2247 = CARTESIAN_POINT('',(670.,-25.,255.));
#2248 = LINE('',#2249,#2250);
#2249 = CARTESIAN_POINT('',(670.,5.662E-14,255.));
#2250 = VECTOR('',#2251,1.);
#2251 = DIRECTION('',(0.,-1.,2.2E-16));
#2252 = ORIENTED_EDGE('',*,*,#2253,.T.);
#2253 = EDGE_CURVE('',#2246,#2246,#2254,.T.);
#2254 = CIRCLE('',#2255,6.);
#2255 = AXIS2_PLACEMENT_3D('',#2256,#2257,#2258);
#2256 = CARTESIAN_POINT('',(664.,-25.,255.));
#2257 = DIRECTION('',(0.,-1.,0.));
#2258 = DIRECTION('',(1.,0.,0.));
#2259 = ORIENTED_EDGE('',*,*,#2243,.F.);
#2260 = ORIENTED_EDGE('',*,*,#2261,.F.);
#2261 = EDGE_CURVE('',#2244,#2244,#2262,.T.);
#2262 = CIRCLE('',#2263,6.);
#2263 = AXIS2_PLACEMENT_3D('',#2264,#2265,#2266);
#2264 = CARTESIAN_POINT('',(664.,0.,255.));
#2265 = DIRECTION('',(0.,-1.,0.));
#2266 = DIRECTION('',(1.,0.,0.));
#2267 = CYLINDRICAL_SURFACE('',#2268,6.);
#2268 = AXIS2_PLACEMENT_3D('',#2269,#2270,#2271);
#2269 = CARTESIAN_POINT('',(664.,5.662E-14,255.));
#2270 = DIRECTION('',(0.,1.,-2.2E-16));
#2271 = DIRECTION('',(1.,0.,0.));
#2272 = ADVANCED_FACE('',(#2273),#2300,.F.);
#2273 = FACE_BOUND('',#2274,.T.);
#2274 = EDGE_LOOP('',(#2275,#2285,#2292,#2293));
#2275 = ORIENTED_EDGE('',*,*,#2276,.T.);
#2276 = EDGE_CURVE('',#2277,#2279,#2281,.T.);
#2277 = VERTEX_POINT('',#2278);
#2278 = CARTESIAN_POINT('',(695.5,5.7E-14,255.));
#2279 = VERTEX_POINT('',#2280);
#2280 = CARTESIAN_POINT('',(695.5,-25.,255.));
#2281 = LINE('',#2282,#2283);
#2282 = CARTESIAN_POINT('',(695.5,5.662E-14,255.));
#2283 = VECTOR('',#2284,1.);
#2284 = DIRECTION('',(0.,-1.,2.2E-16));
#2285 = ORIENTED_EDGE('',*,*,#2286,.T.);
#2286 = EDGE_CURVE('',#2279,#2279,#2287,.T.);
#2287 = CIRCLE('',#2288,6.);
#2288 = AXIS2_PLACEMENT_3D('',#2289,#2290,#2291);
#2289 = CARTESIAN_POINT('',(689.5,-25.,255.));
#2290 = DIRECTION('',(0.,-1.,0.));
#2291 = DIRECTION('',(1.,0.,0.));
#2292 = ORIENTED_EDGE('',*,*,#2276,.F.);
#2293 = ORIENTED_EDGE('',*,*,#2294,.F.);
#2294 = EDGE_CURVE('',#2277,#2277,#2295,.T.);
#2295 = CIRCLE('',#2296,6.);
#2296 = AXIS2_PLACEMENT_3D('',#2297,#2298,#2299);
#2297 = CARTESIAN_POINT('',(689.5,0.,255.));
#2298 = DIRECTION('',(0.,-1.,0.));
#2299 = DIRECTION('',(1.,0.,0.));
#2300 = CYLINDRICAL_SURFACE('',#2301,6.);
#2301 = AXIS2_PLACEMENT_3D('',#2302,#2303,#2304);
#2302 = CARTESIAN_POINT('',(689.5,5.662E-14,255.));
#2303 = DIRECTION('',(0.,1.,-2.2E-16));
#2304 = DIRECTION('',(1.,0.,0.));
#2305 = ADVANCED_FACE('',(#2306),#2333,.F.);
#2306 = FACE_BOUND('',#2307,.T.);
#2307 = EDGE_LOOP('',(#2308,#2318,#2325,#2326));
#2308 = ORIENTED_EDGE('',*,*,#2309,.T.);
#2309 = EDGE_CURVE('',#2310,#2312,#2314,.T.);
#2310 = VERTEX_POINT('',#2311);
#2311 = CARTESIAN_POINT('',(721.,5.7E-14,255.));
#2312 = VERTEX_POINT('',#2313);
#2313 = CARTESIAN_POINT('',(721.,-25.,255.));
#2314 = LINE('',#2315,#2316);
#2315 = CARTESIAN_POINT('',(721.,5.662E-14,255.));
#2316 = VECTOR('',#2317,1.);
#2317 = DIRECTION('',(0.,-1.,2.2E-16));
#2318 = ORIENTED_EDGE('',*,*,#2319,.T.);
#2319 = EDGE_CURVE('',#2312,#2312,#2320,.T.);
#2320 = CIRCLE('',#2321,6.);
#2321 = AXIS2_PLACEMENT_3D('',#2322,#2323,#2324);
#2322 = CARTESIAN_POINT('',(715.,-25.,255.));
#2323 = DIRECTION('',(0.,-1.,0.));
#2324 = DIRECTION('',(1.,0.,0.));
#2325 = ORIENTED_EDGE('',*,*,#2309,.F.);
#2326 = ORIENTED_EDGE('',*,*,#2327,.F.);
#2327 = EDGE_CURVE('',#2310,#2310,#2328,.T.);
#2328 = CIRCLE('',#2329,6.);
#2329 = AXIS2_PLACEMENT_3D('',#2330,#2331,#2332);
#2330 = CARTESIAN_POINT('',(715.,0.,255.));
#2331 = DIRECTION('',(0.,-1.,0.));
#2332 = DIRECTION('',(1.,0.,0.));
#2333 = CYLINDRICAL_SURFACE('',#2334,6.);
#2334 = AXIS2_PLACEMENT_3D('',#2335,#2336,#2337);
#2335 = CARTESIAN_POINT('',(715.,5.662E-14,255.));
#2336 = DIRECTION('',(0.,1.,-2.2E-16));
#2337 = DIRECTION('',(1.,0.,0.));
#2338 = ADVANCED_FACE('',(#2339),#2366,.F.);
#2339 = FACE_BOUND('',#2340,.T.);
#2340 = EDGE_LOOP('',(#2341,#2351,#2358,#2359));
#2341 = ORIENTED_EDGE('',*,*,#2342,.T.);
#2342 = EDGE_CURVE('',#2343,#2345,#2347,.T.);
#2343 = VERTEX_POINT('',#2344);
#2344 = CARTESIAN_POINT('',(670.,4.1E-14,185.));
#2345 = VERTEX_POINT('',#2346);
#2346 = CARTESIAN_POINT('',(670.,-25.,185.));
#2347 = LINE('',#2348,#2349);
#2348 = CARTESIAN_POINT('',(670.,4.108E-14,185.));
#2349 = VECTOR('',#2350,1.);
#2350 = DIRECTION('',(0.,-1.,2.2E-16));
#2351 = ORIENTED_EDGE('',*,*,#2352,.T.);
#2352 = EDGE_CURVE('',#2345,#2345,#2353,.T.);
#2353 = CIRCLE('',#2354,6.);
#2354 = AXIS2_PLACEMENT_3D('',#2355,#2356,#2357);
#2355 = CARTESIAN_POINT('',(664.,-25.,185.));
#2356 = DIRECTION('',(0.,-1.,0.));
#2357 = DIRECTION('',(1.,0.,0.));
#2358 = ORIENTED_EDGE('',*,*,#2342,.F.);
#2359 = ORIENTED_EDGE('',*,*,#2360,.F.);
#2360 = EDGE_CURVE('',#2343,#2343,#2361,.T.);
#2361 = CIRCLE('',#2362,6.);
#2362 = AXIS2_PLACEMENT_3D('',#2363,#2364,#2365);
#2363 = CARTESIAN_POINT('',(664.,0.,185.));
#2364 = DIRECTION('',(0.,-1.,0.));
#2365 = DIRECTION('',(1.,0.,0.));
#2366 = CYLINDRICAL_SURFACE('',#2367,6.);
#2367 = AXIS2_PLACEMENT_3D('',#2368,#2369,#2370);
#2368 = CARTESIAN_POINT('',(664.,4.108E-14,185.));
#2369 = DIRECTION('',(0.,1.,-2.2E-16));
#2370 = DIRECTION('',(1.,0.,0.));
#2371 = ADVANCED_FACE('',(#2372),#2399,.F.);
#2372 = FACE_BOUND('',#2373,.T.);
#2373 = EDGE_LOOP('',(#2374,#2384,#2391,#2392));
#2374 = ORIENTED_EDGE('',*,*,#2375,.T.);
#2375 = EDGE_CURVE('',#2376,#2378,#2380,.T.);
#2376 = VERTEX_POINT('',#2377);
#2377 = CARTESIAN_POINT('',(695.5,4.1E-14,185.));
#2378 = VERTEX_POINT('',#2379);
#2379 = CARTESIAN_POINT('',(695.5,-25.,185.));
#2380 = LINE('',#2381,#2382);
#2381 = CARTESIAN_POINT('',(695.5,4.108E-14,185.));
#2382 = VECTOR('',#2383,1.);
#2383 = DIRECTION('',(0.,-1.,2.2E-16));
#2384 = ORIENTED_EDGE('',*,*,#2385,.T.);
#2385 = EDGE_CURVE('',#2378,#2378,#2386,.T.);
#2386 = CIRCLE('',#2387,6.);
#2387 = AXIS2_PLACEMENT_3D('',#2388,#2389,#2390);
#2388 = CARTESIAN_POINT('',(689.5,-25.,185.));
#2389 = DIRECTION('',(0.,-1.,0.));
#2390 = DIRECTION('',(1.,0.,0.));
#2391 = ORIENTED_EDGE('',*,*,#2375,.F.);
#2392 = ORIENTED_EDGE('',*,*,#2393,.F.);
#2393 = EDGE_CURVE('',#2376,#2376,#2394,.T.);
#2394 = CIRCLE('',#2395,6.);
#2395 = AXIS2_PLACEMENT_3D('',#2396,#2397,#2398);
#2396 = CARTESIAN_POINT('',(689.5,0.,185.));
#2397 = DIRECTION('',(0.,-1.,0.));
#2398 = DIRECTION('',(1.,0.,0.));
#2399 = CYLINDRICAL_SURFACE('',#2400,6.);
#2400 = AXIS2_PLACEMENT_3D('',#2401,#2402,#2403);
#2401 = CARTESIAN_POINT('',(689.5,4.108E-14,185.));
#2402 = DIRECTION('',(0.,1.,-2.2E-16));
#2403 = DIRECTION('',(1.,0.,0.));
#2404 = ADVANCED_FACE('',(#2405),#2432,.F.);
#2405 = FACE_BOUND('',#2406,.T.);
#2406 = EDGE_LOOP('',(#2407,#2417,#2424,#2425));
#2407 = ORIENTED_EDGE('',*,*,#2408,.T.);
#2408 = EDGE_CURVE('',#2409,#2411,#2413,.T.);
#2409 = VERTEX_POINT('',#2410);
#2410 = CARTESIAN_POINT('',(721.,4.1E-14,185.));
#2411 = VERTEX_POINT('',#2412);
#2412 = CARTESIAN_POINT('',(721.,-25.,185.));
#2413 = LINE('',#2414,#2415);
#2414 = CARTESIAN_POINT('',(721.,4.108E-14,185.));
#2415 = VECTOR('',#2416,1.);
#2416 = DIRECTION('',(0.,-1.,2.2E-16));
#2417 = ORIENTED_EDGE('',*,*,#2418,.T.);
#2418 = EDGE_CURVE('',#2411,#2411,#2419,.T.);
#2419 = CIRCLE('',#2420,6.);
#2420 = AXIS2_PLACEMENT_3D('',#2421,#2422,#2423);
#2421 = CARTESIAN_POINT('',(715.,-25.,185.));
#2422 = DIRECTION('',(0.,-1.,0.));
#2423 = DIRECTION('',(1.,0.,0.));
#2424 = ORIENTED_EDGE('',*,*,#2408,.F.);
#2425 = ORIENTED_EDGE('',*,*,#2426,.F.);
#2426 = EDGE_CURVE('',#2409,#2409,#2427,.T.);
#2427 = CIRCLE('',#2428,6.);
#2428 = AXIS2_PLACEMENT_3D('',#2429,#2430,#2431);
#2429 = CARTESIAN_POINT('',(715.,0.,185.));
#2430 = DIRECTION('',(0.,-1.,0.));
#2431 = DIRECTION('',(1.,0.,0.));
#2432 = CYLINDRICAL_SURFACE('',#2433,6.);
#2433 = AXIS2_PLACEMENT_3D('',#2434,#2435,#2436);
#2434 = CARTESIAN_POINT('',(715.,4.108E-14,185.));
#2435 = DIRECTION('',(0.,1.,-2.2E-16));
#2436 = DIRECTION('',(1.,0.,0.));
#2437 = ADVANCED_FACE('',(#2438),#2465,.F.);
#2438 = FACE_BOUND('',#2439,.T.);
#2439 = EDGE_LOOP('',(#2440,#2450,#2457,#2458));
#2440 = ORIENTED_EDGE('',*,*,#2441,.T.);
#2441 = EDGE_CURVE('',#2442,#2444,#2446,.T.);
#2442 = VERTEX_POINT('',#2443);
#2443 = CARTESIAN_POINT('',(670.,2.6E-14,115.));
#2444 = VERTEX_POINT('',#2445);
#2445 = CARTESIAN_POINT('',(670.,-25.,115.));
#2446 = LINE('',#2447,#2448);
#2447 = CARTESIAN_POINT('',(670.,2.554E-14,115.));
#2448 = VECTOR('',#2449,1.);
#2449 = DIRECTION('',(0.,-1.,2.2E-16));
#2450 = ORIENTED_EDGE('',*,*,#2451,.T.);
#2451 = EDGE_CURVE('',#2444,#2444,#2452,.T.);
#2452 = CIRCLE('',#2453,6.);
#2453 = AXIS2_PLACEMENT_3D('',#2454,#2455,#2456);
#2454 = CARTESIAN_POINT('',(664.,-25.,115.));
#2455 = DIRECTION('',(0.,-1.,0.));
#2456 = DIRECTION('',(1.,0.,0.));
#2457 = ORIENTED_EDGE('',*,*,#2441,.F.);
#2458 = ORIENTED_EDGE('',*,*,#2459,.F.);
#2459 = EDGE_CURVE('',#2442,#2442,#2460,.T.);
#2460 = CIRCLE('',#2461,6.);
#2461 = AXIS2_PLACEMENT_3D('',#2462,#2463,#2464);
#2462 = CARTESIAN_POINT('',(664.,0.,115.));
#2463 = DIRECTION('',(0.,-1.,0.));
#2464 = DIRECTION('',(1.,0.,0.));
#2465 = CYLINDRICAL_SURFACE('',#2466,6.);
#2466 = AXIS2_PLACEMENT_3D('',#2467,#2468,#2469);
#2467 = CARTESIAN_POINT('',(664.,2.554E-14,115.));
#2468 = DIRECTION('',(0.,1.,-2.2E-16));
#2469 = DIRECTION('',(1.,0.,0.));
#2470 = ADVANCED_FACE('',(#2471),#2498,.F.);
#2471 = FACE_BOUND('',#2472,.T.);
#2472 = EDGE_LOOP('',(#2473,#2483,#2490,#2491));
#2473 = ORIENTED_EDGE('',*,*,#2474,.T.);
#2474 = EDGE_CURVE('',#2475,#2477,#2479,.T.);
#2475 = VERTEX_POINT('',#2476);
#2476 = CARTESIAN_POINT('',(695.5,2.6E-14,115.));
#2477 = VERTEX_POINT('',#2478);
#2478 = CARTESIAN_POINT('',(695.5,-25.,115.));
#2479 = LINE('',#2480,#2481);
#2480 = CARTESIAN_POINT('',(695.5,2.554E-14,115.));
#2481 = VECTOR('',#2482,1.);
#2482 = DIRECTION('',(0.,-1.,2.2E-16));
#2483 = ORIENTED_EDGE('',*,*,#2484,.T.);
#2484 = EDGE_CURVE('',#2477,#2477,#2485,.T.);
#2485 = CIRCLE('',#2486,6.);
#2486 = AXIS2_PLACEMENT_3D('',#2487,#2488,#2489);
#2487 = CARTESIAN_POINT('',(689.5,-25.,115.));
#2488 = DIRECTION('',(0.,-1.,0.));
#2489 = DIRECTION('',(1.,0.,0.));
#2490 = ORIENTED_EDGE('',*,*,#2474,.F.);
#2491 = ORIENTED_EDGE('',*,*,#2492,.F.);
#2492 = EDGE_CURVE('',#2475,#2475,#2493,.T.);
#2493 = CIRCLE('',#2494,6.);
#2494 = AXIS2_PLACEMENT_3D('',#2495,#2496,#2497);
#2495 = CARTESIAN_POINT('',(689.5,0.,115.));
#2496 = DIRECTION('',(0.,-1.,0.));
#2497 = DIRECTION('',(1.,0.,0.));
#2498 = CYLINDRICAL_SURFACE('',#2499,6.);
#2499 = AXIS2_PLACEMENT_3D('',#2500,#2501,#2502);
#2500 = CARTESIAN_POINT('',(689.5,2.554E-14,115.));
#2501 = DIRECTION('',(0.,1.,-2.2E-16));
#2502 = DIRECTION('',(1.,0.,0.));
#2503 = ADVANCED_FACE('',(#2504),#2531,.F.);
#2504 = FACE_BOUND('',#2505,.T.);
#2505 = EDGE_LOOP('',(#2506,#2516,#2523,#2524));
#2506 = ORIENTED_EDGE('',*,*,#2507,.T.);
#2507 = EDGE_CURVE('',#2508,#2510,#2512,.T.);
#2508 = VERTEX_POINT('',#2509);
#2509 = CARTESIAN_POINT('',(721.,2.6E-14,115.));
#2510 = VERTEX_POINT('',#2511);
#2511 = CARTESIAN_POINT('',(721.,-25.,115.));
#2512 = LINE('',#2513,#2514);
#2513 = CARTESIAN_POINT('',(721.,2.554E-14,115.));
#2514 = VECTOR('',#2515,1.);
#2515 = DIRECTION('',(0.,-1.,2.2E-16));
#2516 = ORIENTED_EDGE('',*,*,#2517,.T.);
#2517 = EDGE_CURVE('',#2510,#2510,#2518,.T.);
#2518 = CIRCLE('',#2519,6.);
#2519 = AXIS2_PLACEMENT_3D('',#2520,#2521,#2522);
#2520 = CARTESIAN_POINT('',(715.,-25.,115.));
#2521 = DIRECTION('',(0.,-1.,0.));
#2522 = DIRECTION('',(1.,0.,0.));
#2523 = ORIENTED_EDGE('',*,*,#2507,.F.);
#2524 = ORIENTED_EDGE('',*,*,#2525,.F.);
#2525 = EDGE_CURVE('',#2508,#2508,#2526,.T.);
#2526 = CIRCLE('',#2527,6.);
#2527 = AXIS2_PLACEMENT_3D('',#2528,#2529,#2530);
#2528 = CARTESIAN_POINT('',(715.,0.,115.));
#2529 = DIRECTION('',(0.,-1.,0.));
#2530 = DIRECTION('',(1.,0.,0.));
#2531 = CYLINDRICAL_SURFACE('',#2532,6.);
#2532 = AXIS2_PLACEMENT_3D('',#2533,#2534,#2535);
#2533 = CARTESIAN_POINT('',(715.,2.554E-14,115.));
#2534 = DIRECTION('',(0.,1.,-2.2E-16));
#2535 = DIRECTION('',(1.,0.,0.));
#2536 = ADVANCED_FACE('',(#2537),#2564,.F.);
#2537 = FACE_BOUND('',#2538,.T.);
#2538 = EDGE_LOOP('',(#2539,#2549,#2556,#2557));
#2539 = ORIENTED_EDGE('',*,*,#2540,.T.);
#2540 = EDGE_CURVE('',#2541,#2543,#2545,.T.);
#2541 = VERTEX_POINT('',#2542);
#2542 = CARTESIAN_POINT('',(670.,1.E-14,45.));
#2543 = VERTEX_POINT('',#2544);
#2544 = CARTESIAN_POINT('',(670.,-25.,45.));
#2545 = LINE('',#2546,#2547);
#2546 = CARTESIAN_POINT('',(670.,9.99E-15,45.));
#2547 = VECTOR('',#2548,1.);
#2548 = DIRECTION('',(0.,-1.,2.2E-16));
#2549 = ORIENTED_EDGE('',*,*,#2550,.T.);
#2550 = EDGE_CURVE('',#2543,#2543,#2551,.T.);
#2551 = CIRCLE('',#2552,6.);
#2552 = AXIS2_PLACEMENT_3D('',#2553,#2554,#2555);
#2553 = CARTESIAN_POINT('',(664.,-25.,45.));
#2554 = DIRECTION('',(0.,-1.,0.));
#2555 = DIRECTION('',(1.,0.,0.));
#2556 = ORIENTED_EDGE('',*,*,#2540,.F.);
#2557 = ORIENTED_EDGE('',*,*,#2558,.F.);
#2558 = EDGE_CURVE('',#2541,#2541,#2559,.T.);
#2559 = CIRCLE('',#2560,6.);
#2560 = AXIS2_PLACEMENT_3D('',#2561,#2562,#2563);
#2561 = CARTESIAN_POINT('',(664.,0.,45.));
#2562 = DIRECTION('',(0.,-1.,0.));
#2563 = DIRECTION('',(1.,0.,0.));
#2564 = CYLINDRICAL_SURFACE('',#2565,6.);
#2565 = AXIS2_PLACEMENT_3D('',#2566,#2567,#2568);
#2566 = CARTESIAN_POINT('',(664.,9.99E-15,45.));
#2567 = DIRECTION('',(0.,1.,-2.2E-16));
#2568 = DIRECTION('',(1.,0.,0.));
#2569 = ADVANCED_FACE('',(#2570),#2597,.F.);
#2570 = FACE_BOUND('',#2571,.T.);
#2571 = EDGE_LOOP('',(#2572,#2582,#2589,#2590));
#2572 = ORIENTED_EDGE('',*,*,#2573,.T.);
#2573 = EDGE_CURVE('',#2574,#2576,#2578,.T.);
#2574 = VERTEX_POINT('',#2575);
#2575 = CARTESIAN_POINT('',(695.5,1.E-14,45.));
#2576 = VERTEX_POINT('',#2577);
#2577 = CARTESIAN_POINT('',(695.5,-25.,45.));
#2578 = LINE('',#2579,#2580);
#2579 = CARTESIAN_POINT('',(695.5,9.99E-15,45.));
#2580 = VECTOR('',#2581,1.);
#2581 = DIRECTION('',(0.,-1.,2.2E-16));
#2582 = ORIENTED_EDGE('',*,*,#2583,.T.);
#2583 = EDGE_CURVE('',#2576,#2576,#2584,.T.);
#2584 = CIRCLE('',#2585,6.);
#2585 = AXIS2_PLACEMENT_3D('',#2586,#2587,#2588);
#2586 = CARTESIAN_POINT('',(689.5,-25.,45.));
#2587 = DIRECTION('',(0.,-1.,0.));
#2588 = DIRECTION('',(1.,0.,0.));
#2589 = ORIENTED_EDGE('',*,*,#2573,.F.);
#2590 = ORIENTED_EDGE('',*,*,#2591,.F.);
#2591 = EDGE_CURVE('',#2574,#2574,#2592,.T.);
#2592 = CIRCLE('',#2593,6.);
#2593 = AXIS2_PLACEMENT_3D('',#2594,#2595,#2596);
#2594 = CARTESIAN_POINT('',(689.5,0.,45.));
#2595 = DIRECTION('',(0.,-1.,0.));
#2596 = DIRECTION('',(1.,0.,0.));
#2597 = CYLINDRICAL_SURFACE('',#2598,6.);
#2598 = AXIS2_PLACEMENT_3D('',#2599,#2600,#2601);
#2599 = CARTESIAN_POINT('',(689.5,9.99E-15,45.));
#2600 = DIRECTION('',(0.,1.,-2.2E-16));
#2601 = DIRECTION('',(1.,0.,0.));
#2602 = ADVANCED_FACE('',(#2603),#2630,.F.);
#2603 = FACE_BOUND('',#2604,.T.);
#2604 = EDGE_LOOP('',(#2605,#2615,#2622,#2623));
#2605 = ORIENTED_EDGE('',*,*,#2606,.T.);
#2606 = EDGE_CURVE('',#2607,#2609,#2611,.T.);
#2607 = VERTEX_POINT('',#2608);
#2608 = CARTESIAN_POINT('',(721.,1.E-14,45.));
#2609 = VERTEX_POINT('',#2610);
#2610 = CARTESIAN_POINT('',(721.,-25.,45.));
#2611 = LINE('',#2612,#2613);
#2612 = CARTESIAN_POINT('',(721.,9.99E-15,45.));
#2613 = VECTOR('',#2614,1.);
#2614 = DIRECTION('',(0.,-1.,2.2E-16));
#2615 = ORIENTED_EDGE('',*,*,#2616,.T.);
#2616 = EDGE_CURVE('',#2609,#2609,#2617,.T.);
#2617 = CIRCLE('',#2618,6.);
#2618 = AXIS2_PLACEMENT_3D('',#2619,#2620,#2621);
#2619 = CARTESIAN_POINT('',(715.,-25.,45.));
#2620 = DIRECTION('',(0.,-1.,0.));
#2621 = DIRECTION('',(1.,0.,0.));
#2622 = ORIENTED_EDGE('',*,*,#2606,.F.);
#2623 = ORIENTED_EDGE('',*,*,#2624,.F.);
#2624 = EDGE_CURVE('',#2607,#2607,#2625,.T.);
#2625 = CIRCLE('',#2626,6.);
#2626 = AXIS2_PLACEMENT_3D('',#2627,#2628,#2629);
#2627 = CARTESIAN_POINT('',(715.,0.,45.));
#2628 = DIRECTION('',(0.,-1.,0.));
#2629 = DIRECTION('',(1.,0.,0.));
#2630 = CYLINDRICAL_SURFACE('',#2631,6.);
#2631 = AXIS2_PLACEMENT_3D('',#2632,#2633,#2634);
#2632 = CARTESIAN_POINT('',(715.,9.99E-15,45.));
#2633 = DIRECTION('',(0.,1.,-2.2E-16));
#2634 = DIRECTION('',(1.,0.,0.));
#2635 = ADVANCED_FACE('',(#2636,#2642,#2645,#2648,#2651,#2654,#2657,
    #2660,#2663,#2666,#2669,#2672,#2675,#2678,#2681,#2684,#2687,#2690,
    #2693,#2696,#2699,#2702,#2705,#2708,#2711,#2714,#2717,#2720,#2723,
    #2726,#2729,#2732,#2735,#2738,#2741,#2744,#2747,#2750,#2753,#2756,
    #2759,#2762,#2765,#2768,#2771,#2774,#2777,#2780,#2783,#2786,#2789,
    #2792,#2795,#2798,#2801,#2804,#2807,#2810,#2813,#2816,#2819,#2822,
    #2825,#2828,#2831,#2834,#2837,#2840,#2843,#2846,#2849,#2852,#2855,
    #2858),#2861,.T.);
#2636 = FACE_BOUND('',#2637,.F.);
#2637 = EDGE_LOOP('',(#2638,#2639,#2640,#2641));
#2638 = ORIENTED_EDGE('',*,*,#132,.T.);
#2639 = ORIENTED_EDGE('',*,*,#163,.T.);
#2640 = ORIENTED_EDGE('',*,*,#194,.T.);
#2641 = ORIENTED_EDGE('',*,*,#216,.T.);
#2642 = FACE_BOUND('',#2643,.T.);
#2643 = EDGE_LOOP('',(#2644));
#2644 = ORIENTED_EDGE('',*,*,#248,.T.);
#2645 = FACE_BOUND('',#2646,.T.);
#2646 = EDGE_LOOP('',(#2647));
#2647 = ORIENTED_EDGE('',*,*,#281,.T.);
#2648 = FACE_BOUND('',#2649,.T.);
#2649 = EDGE_LOOP('',(#2650));
#2650 = ORIENTED_EDGE('',*,*,#314,.T.);
#2651 = FACE_BOUND('',#2652,.T.);
#2652 = EDGE_LOOP('',(#2653));
#2653 = ORIENTED_EDGE('',*,*,#347,.T.);
#2654 = FACE_BOUND('',#2655,.T.);
#2655 = EDGE_LOOP('',(#2656));
#2656 = ORIENTED_EDGE('',*,*,#380,.T.);
#2657 = FACE_BOUND('',#2658,.T.);
#2658 = EDGE_LOOP('',(#2659));
#2659 = ORIENTED_EDGE('',*,*,#413,.T.);
#2660 = FACE_BOUND('',#2661,.T.);
#2661 = EDGE_LOOP('',(#2662));
#2662 = ORIENTED_EDGE('',*,*,#446,.T.);
#2663 = FACE_BOUND('',#2664,.T.);
#2664 = EDGE_LOOP('',(#2665));
#2665 = ORIENTED_EDGE('',*,*,#479,.T.);
#2666 = FACE_BOUND('',#2667,.T.);
#2667 = EDGE_LOOP('',(#2668));
#2668 = ORIENTED_EDGE('',*,*,#512,.T.);
#2669 = FACE_BOUND('',#2670,.T.);
#2670 = EDGE_LOOP('',(#2671));
#2671 = ORIENTED_EDGE('',*,*,#545,.T.);
#2672 = FACE_BOUND('',#2673,.T.);
#2673 = EDGE_LOOP('',(#2674));
#2674 = ORIENTED_EDGE('',*,*,#578,.T.);
#2675 = FACE_BOUND('',#2676,.T.);
#2676 = EDGE_LOOP('',(#2677));
#2677 = ORIENTED_EDGE('',*,*,#611,.T.);
#2678 = FACE_BOUND('',#2679,.T.);
#2679 = EDGE_LOOP('',(#2680));
#2680 = ORIENTED_EDGE('',*,*,#644,.T.);
#2681 = FACE_BOUND('',#2682,.T.);
#2682 = EDGE_LOOP('',(#2683));
#2683 = ORIENTED_EDGE('',*,*,#677,.T.);
#2684 = FACE_BOUND('',#2685,.T.);
#2685 = EDGE_LOOP('',(#2686));
#2686 = ORIENTED_EDGE('',*,*,#710,.T.);
#2687 = FACE_BOUND('',#2688,.T.);
#2688 = EDGE_LOOP('',(#2689));
#2689 = ORIENTED_EDGE('',*,*,#743,.T.);
#2690 = FACE_BOUND('',#2691,.T.);
#2691 = EDGE_LOOP('',(#2692));
#2692 = ORIENTED_EDGE('',*,*,#776,.T.);
#2693 = FACE_BOUND('',#2694,.T.);
#2694 = EDGE_LOOP('',(#2695));
#2695 = ORIENTED_EDGE('',*,*,#809,.T.);
#2696 = FACE_BOUND('',#2697,.T.);
#2697 = EDGE_LOOP('',(#2698));
#2698 = ORIENTED_EDGE('',*,*,#842,.T.);
#2699 = FACE_BOUND('',#2700,.T.);
#2700 = EDGE_LOOP('',(#2701));
#2701 = ORIENTED_EDGE('',*,*,#875,.T.);
#2702 = FACE_BOUND('',#2703,.T.);
#2703 = EDGE_LOOP('',(#2704));
#2704 = ORIENTED_EDGE('',*,*,#908,.T.);
#2705 = FACE_BOUND('',#2706,.T.);
#2706 = EDGE_LOOP('',(#2707));
#2707 = ORIENTED_EDGE('',*,*,#941,.T.);
#2708 = FACE_BOUND('',#2709,.T.);
#2709 = EDGE_LOOP('',(#2710));
#2710 = ORIENTED_EDGE('',*,*,#974,.T.);
#2711 = FACE_BOUND('',#2712,.T.);
#2712 = EDGE_LOOP('',(#2713));
#2713 = ORIENTED_EDGE('',*,*,#1007,.T.);
#2714 = FACE_BOUND('',#2715,.T.);
#2715 = EDGE_LOOP('',(#2716));
#2716 = ORIENTED_EDGE('',*,*,#1040,.T.);
#2717 = FACE_BOUND('',#2718,.T.);
#2718 = EDGE_LOOP('',(#2719));
#2719 = ORIENTED_EDGE('',*,*,#1073,.T.);
#2720 = FACE_BOUND('',#2721,.T.);
#2721 = EDGE_LOOP('',(#2722));
#2722 = ORIENTED_EDGE('',*,*,#1106,.T.);
#2723 = FACE_BOUND('',#2724,.T.);
#2724 = EDGE_LOOP('',(#2725));
#2725 = ORIENTED_EDGE('',*,*,#1139,.T.);
#2726 = FACE_BOUND('',#2727,.T.);
#2727 = EDGE_LOOP('',(#2728));
#2728 = ORIENTED_EDGE('',*,*,#1172,.T.);
#2729 = FACE_BOUND('',#2730,.T.);
#2730 = EDGE_LOOP('',(#2731));
#2731 = ORIENTED_EDGE('',*,*,#1205,.T.);
#2732 = FACE_BOUND('',#2733,.T.);
#2733 = EDGE_LOOP('',(#2734));
#2734 = ORIENTED_EDGE('',*,*,#1238,.T.);
#2735 = FACE_BOUND('',#2736,.T.);
#2736 = EDGE_LOOP('',(#2737));
#2737 = ORIENTED_EDGE('',*,*,#1271,.T.);
#2738 = FACE_BOUND('',#2739,.T.);
#2739 = EDGE_LOOP('',(#2740));
#2740 = ORIENTED_EDGE('',*,*,#1304,.T.);
#2741 = FACE_BOUND('',#2742,.T.);
#2742 = EDGE_LOOP('',(#2743));
#2743 = ORIENTED_EDGE('',*,*,#1337,.T.);
#2744 = FACE_BOUND('',#2745,.T.);
#2745 = EDGE_LOOP('',(#2746));
#2746 = ORIENTED_EDGE('',*,*,#1370,.T.);
#2747 = FACE_BOUND('',#2748,.T.);
#2748 = EDGE_LOOP('',(#2749));
#2749 = ORIENTED_EDGE('',*,*,#1403,.T.);
#2750 = FACE_BOUND('',#2751,.T.);
#2751 = EDGE_LOOP('',(#2752));
#2752 = ORIENTED_EDGE('',*,*,#1436,.T.);
#2753 = FACE_BOUND('',#2754,.T.);
#2754 = EDGE_LOOP('',(#2755));
#2755 = ORIENTED_EDGE('',*,*,#1469,.T.);
#2756 = FACE_BOUND('',#2757,.T.);
#2757 = EDGE_LOOP('',(#2758));
#2758 = ORIENTED_EDGE('',*,*,#1502,.T.);
#2759 = FACE_BOUND('',#2760,.T.);
#2760 = EDGE_LOOP('',(#2761));
#2761 = ORIENTED_EDGE('',*,*,#1535,.T.);
#2762 = FACE_BOUND('',#2763,.T.);
#2763 = EDGE_LOOP('',(#2764));
#2764 = ORIENTED_EDGE('',*,*,#1568,.T.);
#2765 = FACE_BOUND('',#2766,.T.);
#2766 = EDGE_LOOP('',(#2767));
#2767 = ORIENTED_EDGE('',*,*,#1601,.T.);
#2768 = FACE_BOUND('',#2769,.T.);
#2769 = EDGE_LOOP('',(#2770));
#2770 = ORIENTED_EDGE('',*,*,#1634,.T.);
#2771 = FACE_BOUND('',#2772,.T.);
#2772 = EDGE_LOOP('',(#2773));
#2773 = ORIENTED_EDGE('',*,*,#1667,.T.);
#2774 = FACE_BOUND('',#2775,.T.);
#2775 = EDGE_LOOP('',(#2776));
#2776 = ORIENTED_EDGE('',*,*,#1700,.T.);
#2777 = FACE_BOUND('',#2778,.T.);
#2778 = EDGE_LOOP('',(#2779));
#2779 = ORIENTED_EDGE('',*,*,#1733,.T.);
#2780 = FACE_BOUND('',#2781,.T.);
#2781 = EDGE_LOOP('',(#2782));
#2782 = ORIENTED_EDGE('',*,*,#1766,.T.);
#2783 = FACE_BOUND('',#2784,.T.);
#2784 = EDGE_LOOP('',(#2785));
#2785 = ORIENTED_EDGE('',*,*,#1799,.T.);
#2786 = FACE_BOUND('',#2787,.T.);
#2787 = EDGE_LOOP('',(#2788));
#2788 = ORIENTED_EDGE('',*,*,#1832,.T.);
#2789 = FACE_BOUND('',#2790,.T.);
#2790 = EDGE_LOOP('',(#2791));
#2791 = ORIENTED_EDGE('',*,*,#1865,.T.);
#2792 = FACE_BOUND('',#2793,.T.);
#2793 = EDGE_LOOP('',(#2794));
#2794 = ORIENTED_EDGE('',*,*,#1898,.T.);
#2795 = FACE_BOUND('',#2796,.T.);
#2796 = EDGE_LOOP('',(#2797));
#2797 = ORIENTED_EDGE('',*,*,#1931,.T.);
#2798 = FACE_BOUND('',#2799,.T.);
#2799 = EDGE_LOOP('',(#2800));
#2800 = ORIENTED_EDGE('',*,*,#1964,.T.);
#2801 = FACE_BOUND('',#2802,.T.);
#2802 = EDGE_LOOP('',(#2803));
#2803 = ORIENTED_EDGE('',*,*,#1997,.T.);
#2804 = FACE_BOUND('',#2805,.T.);
#2805 = EDGE_LOOP('',(#2806));
#2806 = ORIENTED_EDGE('',*,*,#2030,.T.);
#2807 = FACE_BOUND('',#2808,.T.);
#2808 = EDGE_LOOP('',(#2809));
#2809 = ORIENTED_EDGE('',*,*,#2063,.T.);
#2810 = FACE_BOUND('',#2811,.T.);
#2811 = EDGE_LOOP('',(#2812));
#2812 = ORIENTED_EDGE('',*,*,#2096,.T.);
#2813 = FACE_BOUND('',#2814,.T.);
#2814 = EDGE_LOOP('',(#2815));
#2815 = ORIENTED_EDGE('',*,*,#2129,.T.);
#2816 = FACE_BOUND('',#2817,.T.);
#2817 = EDGE_LOOP('',(#2818));
#2818 = ORIENTED_EDGE('',*,*,#2162,.T.);
#2819 = FACE_BOUND('',#2820,.T.);
#2820 = EDGE_LOOP('',(#2821));
#2821 = ORIENTED_EDGE('',*,*,#2195,.T.);
#2822 = FACE_BOUND('',#2823,.T.);
#2823 = EDGE_LOOP('',(#2824));
#2824 = ORIENTED_EDGE('',*,*,#2228,.T.);
#2825 = FACE_BOUND('',#2826,.T.);
#2826 = EDGE_LOOP('',(#2827));
#2827 = ORIENTED_EDGE('',*,*,#2261,.T.);
#2828 = FACE_BOUND('',#2829,.T.);
#2829 = EDGE_LOOP('',(#2830));
#2830 = ORIENTED_EDGE('',*,*,#2294,.T.);
#2831 = FACE_BOUND('',#2832,.T.);
#2832 = EDGE_LOOP('',(#2833));
#2833 = ORIENTED_EDGE('',*,*,#2327,.T.);
#2834 = FACE_BOUND('',#2835,.T.);
#2835 = EDGE_LOOP('',(#2836));
#2836 = ORIENTED_EDGE('',*,*,#2360,.T.);
#2837 = FACE_BOUND('',#2838,.T.);
#2838 = EDGE_LOOP('',(#2839));
#2839 = ORIENTED_EDGE('',*,*,#2393,.T.);
#2840 = FACE_BOUND('',#2841,.T.);
#2841 = EDGE_LOOP('',(#2842));
#2842 = ORIENTED_EDGE('',*,*,#2426,.T.);
#2843 = FACE_BOUND('',#2844,.T.);
#2844 = EDGE_LOOP('',(#2845));
#2845 = ORIENTED_EDGE('',*,*,#2459,.T.);
#2846 = FACE_BOUND('',#2847,.T.);
#2847 = EDGE_LOOP('',(#2848));
#2848 = ORIENTED_EDGE('',*,*,#2492,.T.);
#2849 = FACE_BOUND('',#2850,.T.);
#2850 = EDGE_LOOP('',(#2851));
#2851 = ORIENTED_EDGE('',*,*,#2525,.T.);
#2852 = FACE_BOUND('',#2853,.T.);
#2853 = EDGE_LOOP('',(#2854));
#2854 = ORIENTED_EDGE('',*,*,#2558,.T.);
#2855 = FACE_BOUND('',#2856,.T.);
#2856 = EDGE_LOOP('',(#2857));
#2857 = ORIENTED_EDGE('',*,*,#2591,.T.);
#2858 = FACE_BOUND('',#2859,.T.);
#2859 = EDGE_LOOP('',(#2860));
#2860 = ORIENTED_EDGE('',*,*,#2624,.T.);
#2861 = PLANE('',#2862);
#2862 = AXIS2_PLACEMENT_3D('',#2863,#2864,#2865);
#2863 = CARTESIAN_POINT('',(480.,1.343E-13,604.84075360735));
#2864 = DIRECTION('',(0.,1.,0.));
#2865 = DIRECTION('',(0.,0.,1.));
#2866 = ADVANCED_FACE('',(#2867,#2873,#2876,#2879,#2882,#2885,#2888,
    #2891,#2894,#2897,#2900,#2903,#2906,#2909,#2912,#2915,#2918,#2921,
    #2924,#2927,#2930,#2933,#2936,#2939,#2942,#2945,#2948,#2951,#2954,
    #2957,#2960,#2963,#2966,#2969,#2972,#2975,#2978,#2981,#2984,#2987,
    #2990,#2993,#2996,#2999,#3002,#3005,#3008,#3011,#3014,#3017,#3020,
    #3023,#3026,#3029,#3032,#3035,#3038,#3041,#3044,#3047,#3050,#3053,
    #3056,#3059,#3062,#3065,#3068,#3071,#3074,#3077,#3080,#3083,#3086,
    #3089),#3092,.F.);
#2867 = FACE_BOUND('',#2868,.T.);
#2868 = EDGE_LOOP('',(#2869,#2870,#2871,#2872));
#2869 = ORIENTED_EDGE('',*,*,#116,.T.);
#2870 = ORIENTED_EDGE('',*,*,#147,.T.);
#2871 = ORIENTED_EDGE('',*,*,#178,.T.);
#2872 = ORIENTED_EDGE('',*,*,#209,.T.);
#2873 = FACE_BOUND('',#2874,.F.);
#2874 = EDGE_LOOP('',(#2875));
#2875 = ORIENTED_EDGE('',*,*,#240,.T.);
#2876 = FACE_BOUND('',#2877,.F.);
#2877 = EDGE_LOOP('',(#2878));
#2878 = ORIENTED_EDGE('',*,*,#273,.T.);
#2879 = FACE_BOUND('',#2880,.F.);
#2880 = EDGE_LOOP('',(#2881));
#2881 = ORIENTED_EDGE('',*,*,#306,.T.);
#2882 = FACE_BOUND('',#2883,.F.);
#2883 = EDGE_LOOP('',(#2884));
#2884 = ORIENTED_EDGE('',*,*,#339,.T.);
#2885 = FACE_BOUND('',#2886,.F.);
#2886 = EDGE_LOOP('',(#2887));
#2887 = ORIENTED_EDGE('',*,*,#372,.T.);
#2888 = FACE_BOUND('',#2889,.F.);
#2889 = EDGE_LOOP('',(#2890));
#2890 = ORIENTED_EDGE('',*,*,#405,.T.);
#2891 = FACE_BOUND('',#2892,.F.);
#2892 = EDGE_LOOP('',(#2893));
#2893 = ORIENTED_EDGE('',*,*,#438,.T.);
#2894 = FACE_BOUND('',#2895,.F.);
#2895 = EDGE_LOOP('',(#2896));
#2896 = ORIENTED_EDGE('',*,*,#471,.T.);
#2897 = FACE_BOUND('',#2898,.F.);
#2898 = EDGE_LOOP('',(#2899));
#2899 = ORIENTED_EDGE('',*,*,#504,.T.);
#2900 = FACE_BOUND('',#2901,.F.);
#2901 = EDGE_LOOP('',(#2902));
#2902 = ORIENTED_EDGE('',*,*,#537,.T.);
#2903 = FACE_BOUND('',#2904,.F.);
#2904 = EDGE_LOOP('',(#2905));
#2905 = ORIENTED_EDGE('',*,*,#570,.T.);
#2906 = FACE_BOUND('',#2907,.F.);
#2907 = EDGE_LOOP('',(#2908));
#2908 = ORIENTED_EDGE('',*,*,#603,.T.);
#2909 = FACE_BOUND('',#2910,.F.);
#2910 = EDGE_LOOP('',(#2911));
#2911 = ORIENTED_EDGE('',*,*,#636,.T.);
#2912 = FACE_BOUND('',#2913,.F.);
#2913 = EDGE_LOOP('',(#2914));
#2914 = ORIENTED_EDGE('',*,*,#669,.T.);
#2915 = FACE_BOUND('',#2916,.F.);
#2916 = EDGE_LOOP('',(#2917));
#2917 = ORIENTED_EDGE('',*,*,#702,.T.);
#2918 = FACE_BOUND('',#2919,.F.);
#2919 = EDGE_LOOP('',(#2920));
#2920 = ORIENTED_EDGE('',*,*,#735,.T.);
#2921 = FACE_BOUND('',#2922,.F.);
#2922 = EDGE_LOOP('',(#2923));
#2923 = ORIENTED_EDGE('',*,*,#768,.T.);
#2924 = FACE_BOUND('',#2925,.F.);
#2925 = EDGE_LOOP('',(#2926));
#2926 = ORIENTED_EDGE('',*,*,#801,.T.);
#2927 = FACE_BOUND('',#2928,.F.);
#2928 = EDGE_LOOP('',(#2929));
#2929 = ORIENTED_EDGE('',*,*,#834,.T.);
#2930 = FACE_BOUND('',#2931,.F.);
#2931 = EDGE_LOOP('',(#2932));
#2932 = ORIENTED_EDGE('',*,*,#867,.T.);
#2933 = FACE_BOUND('',#2934,.F.);
#2934 = EDGE_LOOP('',(#2935));
#2935 = ORIENTED_EDGE('',*,*,#900,.T.);
#2936 = FACE_BOUND('',#2937,.F.);
#2937 = EDGE_LOOP('',(#2938));
#2938 = ORIENTED_EDGE('',*,*,#933,.T.);
#2939 = FACE_BOUND('',#2940,.F.);
#2940 = EDGE_LOOP('',(#2941));
#2941 = ORIENTED_EDGE('',*,*,#966,.T.);
#2942 = FACE_BOUND('',#2943,.F.);
#2943 = EDGE_LOOP('',(#2944));
#2944 = ORIENTED_EDGE('',*,*,#999,.T.);
#2945 = FACE_BOUND('',#2946,.F.);
#2946 = EDGE_LOOP('',(#2947));
#2947 = ORIENTED_EDGE('',*,*,#1032,.T.);
#2948 = FACE_BOUND('',#2949,.F.);
#2949 = EDGE_LOOP('',(#2950));
#2950 = ORIENTED_EDGE('',*,*,#1065,.T.);
#2951 = FACE_BOUND('',#2952,.F.);
#2952 = EDGE_LOOP('',(#2953));
#2953 = ORIENTED_EDGE('',*,*,#1098,.T.);
#2954 = FACE_BOUND('',#2955,.F.);
#2955 = EDGE_LOOP('',(#2956));
#2956 = ORIENTED_EDGE('',*,*,#1131,.T.);
#2957 = FACE_BOUND('',#2958,.F.);
#2958 = EDGE_LOOP('',(#2959));
#2959 = ORIENTED_EDGE('',*,*,#1164,.T.);
#2960 = FACE_BOUND('',#2961,.F.);
#2961 = EDGE_LOOP('',(#2962));
#2962 = ORIENTED_EDGE('',*,*,#1197,.T.);
#2963 = FACE_BOUND('',#2964,.F.);
#2964 = EDGE_LOOP('',(#2965));
#2965 = ORIENTED_EDGE('',*,*,#1230,.T.);
#2966 = FACE_BOUND('',#2967,.F.);
#2967 = EDGE_LOOP('',(#2968));
#2968 = ORIENTED_EDGE('',*,*,#1263,.T.);
#2969 = FACE_BOUND('',#2970,.F.);
#2970 = EDGE_LOOP('',(#2971));
#2971 = ORIENTED_EDGE('',*,*,#1296,.T.);
#2972 = FACE_BOUND('',#2973,.F.);
#2973 = EDGE_LOOP('',(#2974));
#2974 = ORIENTED_EDGE('',*,*,#1329,.T.);
#2975 = FACE_BOUND('',#2976,.F.);
#2976 = EDGE_LOOP('',(#2977));
#2977 = ORIENTED_EDGE('',*,*,#1362,.T.);
#2978 = FACE_BOUND('',#2979,.F.);
#2979 = EDGE_LOOP('',(#2980));
#2980 = ORIENTED_EDGE('',*,*,#1395,.T.);
#2981 = FACE_BOUND('',#2982,.F.);
#2982 = EDGE_LOOP('',(#2983));
#2983 = ORIENTED_EDGE('',*,*,#1428,.T.);
#2984 = FACE_BOUND('',#2985,.F.);
#2985 = EDGE_LOOP('',(#2986));
#2986 = ORIENTED_EDGE('',*,*,#1461,.T.);
#2987 = FACE_BOUND('',#2988,.F.);
#2988 = EDGE_LOOP('',(#2989));
#2989 = ORIENTED_EDGE('',*,*,#1494,.T.);
#2990 = FACE_BOUND('',#2991,.F.);
#2991 = EDGE_LOOP('',(#2992));
#2992 = ORIENTED_EDGE('',*,*,#1527,.T.);
#2993 = FACE_BOUND('',#2994,.F.);
#2994 = EDGE_LOOP('',(#2995));
#2995 = ORIENTED_EDGE('',*,*,#1560,.T.);
#2996 = FACE_BOUND('',#2997,.F.);
#2997 = EDGE_LOOP('',(#2998));
#2998 = ORIENTED_EDGE('',*,*,#1593,.T.);
#2999 = FACE_BOUND('',#3000,.F.);
#3000 = EDGE_LOOP('',(#3001));
#3001 = ORIENTED_EDGE('',*,*,#1626,.T.);
#3002 = FACE_BOUND('',#3003,.F.);
#3003 = EDGE_LOOP('',(#3004));
#3004 = ORIENTED_EDGE('',*,*,#1659,.T.);
#3005 = FACE_BOUND('',#3006,.F.);
#3006 = EDGE_LOOP('',(#3007));
#3007 = ORIENTED_EDGE('',*,*,#1692,.T.);
#3008 = FACE_BOUND('',#3009,.F.);
#3009 = EDGE_LOOP('',(#3010));
#3010 = ORIENTED_EDGE('',*,*,#1725,.T.);
#3011 = FACE_BOUND('',#3012,.F.);
#3012 = EDGE_LOOP('',(#3013));
#3013 = ORIENTED_EDGE('',*,*,#1758,.T.);
#3014 = FACE_BOUND('',#3015,.F.);
#3015 = EDGE_LOOP('',(#3016));
#3016 = ORIENTED_EDGE('',*,*,#1791,.T.);
#3017 = FACE_BOUND('',#3018,.F.);
#3018 = EDGE_LOOP('',(#3019));
#3019 = ORIENTED_EDGE('',*,*,#1824,.T.);
#3020 = FACE_BOUND('',#3021,.F.);
#3021 = EDGE_LOOP('',(#3022));
#3022 = ORIENTED_EDGE('',*,*,#1857,.T.);
#3023 = FACE_BOUND('',#3024,.F.);
#3024 = EDGE_LOOP('',(#3025));
#3025 = ORIENTED_EDGE('',*,*,#1890,.T.);
#3026 = FACE_BOUND('',#3027,.F.);
#3027 = EDGE_LOOP('',(#3028));
#3028 = ORIENTED_EDGE('',*,*,#1923,.T.);
#3029 = FACE_BOUND('',#3030,.F.);
#3030 = EDGE_LOOP('',(#3031));
#3031 = ORIENTED_EDGE('',*,*,#1956,.T.);
#3032 = FACE_BOUND('',#3033,.F.);
#3033 = EDGE_LOOP('',(#3034));
#3034 = ORIENTED_EDGE('',*,*,#1989,.T.);
#3035 = FACE_BOUND('',#3036,.F.);
#3036 = EDGE_LOOP('',(#3037));
#3037 = ORIENTED_EDGE('',*,*,#2022,.T.);
#3038 = FACE_BOUND('',#3039,.F.);
#3039 = EDGE_LOOP('',(#3040));
#3040 = ORIENTED_EDGE('',*,*,#2055,.T.);
#3041 = FACE_BOUND('',#3042,.F.);
#3042 = EDGE_LOOP('',(#3043));
#3043 = ORIENTED_EDGE('',*,*,#2088,.T.);
#3044 = FACE_BOUND('',#3045,.F.);
#3045 = EDGE_LOOP('',(#3046));
#3046 = ORIENTED_EDGE('',*,*,#2121,.T.);
#3047 = FACE_BOUND('',#3048,.F.);
#3048 = EDGE_LOOP('',(#3049));
#3049 = ORIENTED_EDGE('',*,*,#2154,.T.);
#3050 = FACE_BOUND('',#3051,.F.);
#3051 = EDGE_LOOP('',(#3052));
#3052 = ORIENTED_EDGE('',*,*,#2187,.T.);
#3053 = FACE_BOUND('',#3054,.F.);
#3054 = EDGE_LOOP('',(#3055));
#3055 = ORIENTED_EDGE('',*,*,#2220,.T.);
#3056 = FACE_BOUND('',#3057,.F.);
#3057 = EDGE_LOOP('',(#3058));
#3058 = ORIENTED_EDGE('',*,*,#2253,.T.);
#3059 = FACE_BOUND('',#3060,.F.);
#3060 = EDGE_LOOP('',(#3061));
#3061 = ORIENTED_EDGE('',*,*,#2286,.T.);
#3062 = FACE_BOUND('',#3063,.F.);
#3063 = EDGE_LOOP('',(#3064));
#3064 = ORIENTED_EDGE('',*,*,#2319,.T.);
#3065 = FACE_BOUND('',#3066,.F.);
#3066 = EDGE_LOOP('',(#3067));
#3067 = ORIENTED_EDGE('',*,*,#2352,.T.);
#3068 = FACE_BOUND('',#3069,.F.);
#3069 = EDGE_LOOP('',(#3070));
#3070 = ORIENTED_EDGE('',*,*,#2385,.T.);
#3071 = FACE_BOUND('',#3072,.F.);
#3072 = EDGE_LOOP('',(#3073));
#3073 = ORIENTED_EDGE('',*,*,#2418,.T.);
#3074 = FACE_BOUND('',#3075,.F.);
#3075 = EDGE_LOOP('',(#3076));
#3076 = ORIENTED_EDGE('',*,*,#2451,.T.);
#3077 = FACE_BOUND('',#3078,.F.);
#3078 = EDGE_LOOP('',(#3079));
#3079 = ORIENTED_EDGE('',*,*,#2484,.T.);
#3080 = FACE_BOUND('',#3081,.F.);
#3081 = EDGE_LOOP('',(#3082));
#3082 = ORIENTED_EDGE('',*,*,#2517,.T.);
#3083 = FACE_BOUND('',#3084,.F.);
#3084 = EDGE_LOOP('',(#3085));
#3085 = ORIENTED_EDGE('',*,*,#2550,.T.);
#3086 = FACE_BOUND('',#3087,.F.);
#3087 = EDGE_LOOP('',(#3088));
#3088 = ORIENTED_EDGE('',*,*,#2583,.T.);
#3089 = FACE_BOUND('',#3090,.F.);
#3090 = EDGE_LOOP('',(#3091));
#3091 = ORIENTED_EDGE('',*,*,#2616,.T.);
#3092 = PLANE('',#3093);
#3093 = AXIS2_PLACEMENT_3D('',#3094,#3095,#3096);
#3094 = CARTESIAN_POINT('',(480.,-25.,604.84075360735));
#3095 = DIRECTION('',(0.,1.,0.));
#3096 = DIRECTION('',(0.,0.,1.));
#3097 = ( GEOMETRIC_REPRESENTATION_CONTEXT(3) 
GLOBAL_UNCERTAINTY_ASSIGNED_CONTEXT((#3101)) 
GLOBAL_UNIT_ASSIGNED_CONTEXT((#3098,#3099,#3100)) REPRESENTATION_CONTEXT
('Context #1','3D Context with UNIT and UNCERTAINTY') );
#3098 = ( LENGTH_UNIT() NAMED_UNIT(*) SI_UNIT(.MILLI.,.METRE.) );
#3099 = ( NAMED_UNIT(*) PLANE_ANGLE_UNIT() SI_UNIT($,.RADIAN.) );
#3100 = ( NAMED_UNIT(*) SI_UNIT($,.STERADIAN.) SOLID_ANGLE_UNIT() );
#3101 = UNCERTAINTY_MEASURE_WITH_UNIT(LENGTH_MEASURE(1.E-07),#3098,
  'distance_accuracy_value','confusion accuracy');
#3102 = CONTEXT_DEPENDENT_SHAPE_REPRESENTATION(#3103,#3105);
#3103 = ( REPRESENTATION_RELATIONSHIP('','',#99,#44) 
REPRESENTATION_RELATIONSHIP_WITH_TRANSFORMATION(#3104) 
SHAPE_REPRESENTATION_RELATIONSHIP() );
#3104 = ITEM_DEFINED_TRANSFORMATION('','',#11,#45);
#3105 = PRODUCT_DEFINITION_SHAPE('Placement','Placement of an item',
  #3106);
#3106 = NEXT_ASSEMBLY_USAGE_OCCURRENCE('1','Body','',#39,#94,$);
#3107 = PRODUCT_RELATED_PRODUCT_CATEGORY('part',$,(#96));
#3108 = SHAPE_DEFINITION_REPRESENTATION(#3109,#3115);
#3109 = PRODUCT_DEFINITION_SHAPE('','',#3110);
#3110 = PRODUCT_DEFINITION('design','',#3111,#3114);
#3111 = PRODUCT_DEFINITION_FORMATION('','',#3112);
#3112 = PRODUCT('Assembly','Assembly','',(#3113));
#3113 = PRODUCT_CONTEXT('',#2,'mechanical');
#3114 = PRODUCT_DEFINITION_CONTEXT('part definition',#2,'design');
#3115 = SHAPE_REPRESENTATION('',(#11,#3116,#3120,#3124),#3128);
#3116 = AXIS2_PLACEMENT_3D('',#3117,#3118,#3119);
#3117 = CARTESIAN_POINT('',(0.,0.,0.));
#3118 = DIRECTION('',(0.,0.,1.));
#3119 = DIRECTION('',(1.,0.,0.));
#3120 = AXIS2_PLACEMENT_3D('',#3121,#3122,#3123);
#3121 = CARTESIAN_POINT('',(16.,-25.,16.));
#3122 = DIRECTION('',(0.,0.,1.));
#3123 = DIRECTION('',(1.,0.,0.));
#3124 = AXIS2_PLACEMENT_3D('',#3125,#3126,#3127);
#3125 = CARTESIAN_POINT('',(16.,-41.,1.174E+03));
#3126 = DIRECTION('',(0.,-1.224646799147E-16,-1.));
#3127 = DIRECTION('',(1.,0.,0.));
#3128 = ( GEOMETRIC_REPRESENTATION_CONTEXT(3) 
GLOBAL_UNCERTAINTY_ASSIGNED_CONTEXT((#3132)) 
GLOBAL_UNIT_ASSIGNED_CONTEXT((#3129,#3130,#3131)) REPRESENTATION_CONTEXT
('Context #1','3D Context with UNIT and UNCERTAINTY') );
#3129 = ( LENGTH_UNIT() NAMED_UNIT(*) SI_UNIT(.MILLI.,.METRE.) );
#3130 = ( NAMED_UNIT(*) PLANE_ANGLE_UNIT() SI_UNIT($,.RADIAN.) );
#3131 = ( NAMED_UNIT(*) SI_UNIT($,.STERADIAN.) SOLID_ANGLE_UNIT() );
#3132 = UNCERTAINTY_MEASURE_WITH_UNIT(LENGTH_MEASURE(1.E-07),#3129,
  'distance_accuracy_value','confusion accuracy');
#3133 = CONTEXT_DEPENDENT_SHAPE_REPRESENTATION(#3134,#3136);
#3134 = ( REPRESENTATION_RELATIONSHIP('','',#3115,#44) 
REPRESENTATION_RELATIONSHIP_WITH_TRANSFORMATION(#3135) 
SHAPE_REPRESENTATION_RELATIONSHIP() );
#3135 = ITEM_DEFINED_TRANSFORMATION('','',#11,#49);
#3136 = PRODUCT_DEFINITION_SHAPE('Placement','Placement of an item',
  #3137);
#3137 = NEXT_ASSEMBLY_USAGE_OCCURRENCE('5','Assembly','',#39,#3110,$);
#3138 = PRODUCT_RELATED_PRODUCT_CATEGORY('part',$,(#3112));
#3139 = SHAPE_DEFINITION_REPRESENTATION(#3140,#3146);
#3140 = PRODUCT_DEFINITION_SHAPE('','',#3141);
#3141 = PRODUCT_DEFINITION('design','',#3142,#3145);
#3142 = PRODUCT_DEFINITION_FORMATION('','',#3143);
#3143 = PRODUCT('Body','Body','',(#3144));
#3144 = PRODUCT_CONTEXT('',#2,'mechanical');
#3145 = PRODUCT_DEFINITION_CONTEXT('part definition',#2,'design');
#3146 = ADVANCED_BREP_SHAPE_REPRESENTATION('',(#11,#3147),#3717);
#3147 = MANIFOLD_SOLID_BREP('',#3148);
#3148 = CLOSED_SHELL('',(#3149,#3189,#3220,#3251,#3284,#3315,#3348,#3379
    ,#3412,#3443,#3476,#3507,#3540,#3571,#3595,#3628,#3661,#3689));
#3149 = ADVANCED_FACE('',(#3150),#3184,.T.);
#3150 = FACE_BOUND('',#3151,.T.);
#3151 = EDGE_LOOP('',(#3152,#3162,#3170,#3178));
#3152 = ORIENTED_EDGE('',*,*,#3153,.T.);
#3153 = EDGE_CURVE('',#3154,#3156,#3158,.T.);
#3154 = VERTEX_POINT('',#3155);
#3155 = CARTESIAN_POINT('',(294.80626295546,0.,0.));
#3156 = VERTEX_POINT('',#3157);
#3157 = CARTESIAN_POINT('',(294.80626295546,-25.,6.E-15));
#3158 = LINE('',#3159,#3160);
#3159 = CARTESIAN_POINT('',(294.80626295546,-0.,-0.));
#3160 = VECTOR('',#3161,1.);
#3161 = DIRECTION('',(0.,-1.,2.2E-16));
#3162 = ORIENTED_EDGE('',*,*,#3163,.T.);
#3163 = EDGE_CURVE('',#3156,#3164,#3166,.T.);
#3164 = VERTEX_POINT('',#3165);
#3165 = CARTESIAN_POINT('',(0.,-25.,6.E-15));
#3166 = LINE('',#3167,#3168);
#3167 = CARTESIAN_POINT('',(294.80626295546,-25.,6.E-15));
#3168 = VECTOR('',#3169,1.);
#3169 = DIRECTION('',(-1.,0.,0.));
#3170 = ORIENTED_EDGE('',*,*,#3171,.F.);
#3171 = EDGE_CURVE('',#3172,#3164,#3174,.T.);
#3172 = VERTEX_POINT('',#3173);
#3173 = CARTESIAN_POINT('',(0.,0.,0.));
#3174 = LINE('',#3175,#3176);
#3175 = CARTESIAN_POINT('',(0.,0.,0.));
#3176 = VECTOR('',#3177,1.);
#3177 = DIRECTION('',(0.,-1.,2.2E-16));
#3178 = ORIENTED_EDGE('',*,*,#3179,.F.);
#3179 = EDGE_CURVE('',#3154,#3172,#3180,.T.);
#3180 = LINE('',#3181,#3182);
#3181 = CARTESIAN_POINT('',(294.80626295546,0.,0.));
#3182 = VECTOR('',#3183,1.);
#3183 = DIRECTION('',(-1.,0.,0.));
#3184 = PLANE('',#3185);
#3185 = AXIS2_PLACEMENT_3D('',#3186,#3187,#3188);
#3186 = CARTESIAN_POINT('',(294.80626295546,-0.,-0.));
#3187 = DIRECTION('',(-0.,-2.2E-16,-1.));
#3188 = DIRECTION('',(-1.,0.,0.));
#3189 = ADVANCED_FACE('',(#3190),#3215,.T.);
#3190 = FACE_BOUND('',#3191,.T.);
#3191 = EDGE_LOOP('',(#3192,#3193,#3201,#3209));
#3192 = ORIENTED_EDGE('',*,*,#3171,.T.);
#3193 = ORIENTED_EDGE('',*,*,#3194,.T.);
#3194 = EDGE_CURVE('',#3164,#3195,#3197,.T.);
#3195 = VERTEX_POINT('',#3196);
#3196 = CARTESIAN_POINT('',(0.,-25.,1.19E+03));
#3197 = LINE('',#3198,#3199);
#3198 = CARTESIAN_POINT('',(0.,-25.,6.E-15));
#3199 = VECTOR('',#3200,1.);
#3200 = DIRECTION('',(0.,0.,1.));
#3201 = ORIENTED_EDGE('',*,*,#3202,.F.);
#3202 = EDGE_CURVE('',#3203,#3195,#3205,.T.);
#3203 = VERTEX_POINT('',#3204);
#3204 = CARTESIAN_POINT('',(0.,2.64E-13,1.19E+03));
#3205 = LINE('',#3206,#3207);
#3206 = CARTESIAN_POINT('',(0.,2.6423E-13,1.19E+03));
#3207 = VECTOR('',#3208,1.);
#3208 = DIRECTION('',(0.,-1.,2.2E-16));
#3209 = ORIENTED_EDGE('',*,*,#3210,.F.);
#3210 = EDGE_CURVE('',#3172,#3203,#3211,.T.);
#3211 = LINE('',#3212,#3213);
#3212 = CARTESIAN_POINT('',(0.,0.,0.));
#3213 = VECTOR('',#3214,1.);
#3214 = DIRECTION('',(0.,0.,1.));
#3215 = PLANE('',#3216);
#3216 = AXIS2_PLACEMENT_3D('',#3217,#3218,#3219);
#3217 = CARTESIAN_POINT('',(0.,0.,0.));
#3218 = DIRECTION('',(-1.,0.,0.));
#3219 = DIRECTION('',(0.,2.2E-16,1.));
#3220 = ADVANCED_FACE('',(#3221),#3246,.T.);
#3221 = FACE_BOUND('',#3222,.T.);
#3222 = EDGE_LOOP('',(#3223,#3224,#3232,#3240));
#3223 = ORIENTED_EDGE('',*,*,#3202,.T.);
#3224 = ORIENTED_EDGE('',*,*,#3225,.T.);
#3225 = EDGE_CURVE('',#3195,#3226,#3228,.T.);
#3226 = VERTEX_POINT('',#3227);
#3227 = CARTESIAN_POINT('',(280.09389916098,-25.,1.19E+03));
#3228 = LINE('',#3229,#3230);
#3229 = CARTESIAN_POINT('',(0.,-25.,1.19E+03));
#3230 = VECTOR('',#3231,1.);
#3231 = DIRECTION('',(1.,0.,0.));
#3232 = ORIENTED_EDGE('',*,*,#3233,.F.);
#3233 = EDGE_CURVE('',#3234,#3226,#3236,.T.);
#3234 = VERTEX_POINT('',#3235);
#3235 = CARTESIAN_POINT('',(280.09389916098,2.64E-13,1.19E+03));
#3236 = LINE('',#3237,#3238);
#3237 = CARTESIAN_POINT('',(280.09389916098,2.6423E-13,1.19E+03));
#3238 = VECTOR('',#3239,1.);
#3239 = DIRECTION('',(0.,-1.,2.2E-16));
#3240 = ORIENTED_EDGE('',*,*,#3241,.F.);
#3241 = EDGE_CURVE('',#3203,#3234,#3242,.T.);
#3242 = LINE('',#3243,#3244);
#3243 = CARTESIAN_POINT('',(0.,0.,1.19E+03));
#3244 = VECTOR('',#3245,1.);
#3245 = DIRECTION('',(1.,0.,0.));
#3246 = PLANE('',#3247);
#3247 = AXIS2_PLACEMENT_3D('',#3248,#3249,#3250);
#3248 = CARTESIAN_POINT('',(0.,2.6423E-13,1.19E+03));
#3249 = DIRECTION('',(0.,2.2E-16,1.));
#3250 = DIRECTION('',(1.,0.,-0.));
#3251 = ADVANCED_FACE('',(#3252),#3279,.T.);
#3252 = FACE_BOUND('',#3253,.F.);
#3253 = EDGE_LOOP('',(#3254,#3264,#3271,#3272));
#3254 = ORIENTED_EDGE('',*,*,#3255,.T.);
#3255 = EDGE_CURVE('',#3256,#3258,#3260,.T.);
#3256 = VERTEX_POINT('',#3257);
#3257 = CARTESIAN_POINT('',(297.22029554035,2.63E-13,1.183212263644E+03)
  );
#3258 = VERTEX_POINT('',#3259);
#3259 = CARTESIAN_POINT('',(297.22029554035,-25.,1.183212263644E+03));
#3260 = LINE('',#3261,#3262);
#3261 = CARTESIAN_POINT('',(297.22029554035,2.6273E-13,
    1.183212263644E+03));
#3262 = VECTOR('',#3263,1.);
#3263 = DIRECTION('',(0.,-1.,2.2E-16));
#3264 = ORIENTED_EDGE('',*,*,#3265,.T.);
#3265 = EDGE_CURVE('',#3258,#3226,#3266,.T.);
#3266 = CIRCLE('',#3267,25.);
#3267 = AXIS2_PLACEMENT_3D('',#3268,#3269,#3270);
#3268 = CARTESIAN_POINT('',(280.09389916098,-25.,1.165E+03));
#3269 = DIRECTION('',(0.,-1.,0.));
#3270 = DIRECTION('',(1.,0.,0.));
#3271 = ORIENTED_EDGE('',*,*,#3233,.F.);
#3272 = ORIENTED_EDGE('',*,*,#3273,.F.);
#3273 = EDGE_CURVE('',#3256,#3234,#3274,.T.);
#3274 = CIRCLE('',#3275,25.);
#3275 = AXIS2_PLACEMENT_3D('',#3276,#3277,#3278);
#3276 = CARTESIAN_POINT('',(280.09389916098,0.,1.165E+03));
#3277 = DIRECTION('',(0.,-1.,0.));
#3278 = DIRECTION('',(1.,0.,0.));
#3279 = CYLINDRICAL_SURFACE('',#3280,25.);
#3280 = AXIS2_PLACEMENT_3D('',#3281,#3282,#3283);
#3281 = CARTESIAN_POINT('',(280.09389916098,2.5868E-13,1.165E+03));
#3282 = DIRECTION('',(0.,1.,-2.2E-16));
#3283 = DIRECTION('',(1.,0.,0.));
#3284 = ADVANCED_FACE('',(#3285),#3310,.T.);
#3285 = FACE_BOUND('',#3286,.T.);
#3286 = EDGE_LOOP('',(#3287,#3288,#3296,#3304));
#3287 = ORIENTED_EDGE('',*,*,#3255,.T.);
#3288 = ORIENTED_EDGE('',*,*,#3289,.T.);
#3289 = EDGE_CURVE('',#3258,#3290,#3292,.T.);
#3290 = VERTEX_POINT('',#3291);
#3291 = CARTESIAN_POINT('',(345.21368644155,-25.,1.138080376021E+03));
#3292 = LINE('',#3293,#3294);
#3293 = CARTESIAN_POINT('',(297.22029554035,-25.,1.183212263644E+03));
#3294 = VECTOR('',#3295,1.);
#3295 = DIRECTION('',(0.72849054578,0.,-0.685055855175));
#3296 = ORIENTED_EDGE('',*,*,#3297,.F.);
#3297 = EDGE_CURVE('',#3298,#3290,#3300,.T.);
#3298 = VERTEX_POINT('',#3299);
#3299 = CARTESIAN_POINT('',(345.21368644155,2.53E-13,1.138080376021E+03)
  );
#3300 = LINE('',#3301,#3302);
#3301 = CARTESIAN_POINT('',(345.21368644155,2.527E-13,1.138080376021E+03
    ));
#3302 = VECTOR('',#3303,1.);
#3303 = DIRECTION('',(0.,-1.,2.2E-16));
#3304 = ORIENTED_EDGE('',*,*,#3305,.F.);
#3305 = EDGE_CURVE('',#3256,#3298,#3306,.T.);
#3306 = LINE('',#3307,#3308);
#3307 = CARTESIAN_POINT('',(297.22029554035,0.,1.183212263644E+03));
#3308 = VECTOR('',#3309,1.);
#3309 = DIRECTION('',(0.72849054578,0.,-0.685055855175));
#3310 = PLANE('',#3311);
#3311 = AXIS2_PLACEMENT_3D('',#3312,#3313,#3314);
#3312 = CARTESIAN_POINT('',(297.22029554035,2.6273E-13,
    1.183212263644E+03));
#3313 = DIRECTION('',(0.685055855175,1.6E-16,0.72849054578));
#3314 = DIRECTION('',(0.72849054578,-1.5E-16,-0.685055855175));
#3315 = ADVANCED_FACE('',(#3316),#3343,.T.);
#3316 = FACE_BOUND('',#3317,.F.);
#3317 = EDGE_LOOP('',(#3318,#3328,#3335,#3336));
#3318 = ORIENTED_EDGE('',*,*,#3319,.T.);
#3319 = EDGE_CURVE('',#3320,#3322,#3324,.T.);
#3320 = VERTEX_POINT('',#3321);
#3321 = CARTESIAN_POINT('',(345.84102374436,2.31E-13,1.04251736589E+03)
  );
#3322 = VERTEX_POINT('',#3323);
#3323 = CARTESIAN_POINT('',(345.84102374436,-25.,1.04251736589E+03));
#3324 = LINE('',#3325,#3326);
#3325 = CARTESIAN_POINT('',(345.84102374436,2.3149E-13,1.04251736589E+03
    ));
#3326 = VECTOR('',#3327,1.);
#3327 = DIRECTION('',(0.,-1.,2.2E-16));
#3328 = ORIENTED_EDGE('',*,*,#3329,.T.);
#3329 = EDGE_CURVE('',#3322,#3290,#3330,.T.);
#3330 = CIRCLE('',#3331,66.);
#3331 = AXIS2_PLACEMENT_3D('',#3332,#3333,#3334);
#3332 = CARTESIAN_POINT('',(300.,-25.,1.09E+03));
#3333 = DIRECTION('',(0.,-1.,0.));
#3334 = DIRECTION('',(1.,0.,0.));
#3335 = ORIENTED_EDGE('',*,*,#3297,.F.);
#3336 = ORIENTED_EDGE('',*,*,#3337,.F.);
#3337 = EDGE_CURVE('',#3320,#3298,#3338,.T.);
#3338 = CIRCLE('',#3339,66.);
#3339 = AXIS2_PLACEMENT_3D('',#3340,#3341,#3342);
#3340 = CARTESIAN_POINT('',(300.,0.,1.09E+03));
#3341 = DIRECTION('',(0.,-1.,0.));
#3342 = DIRECTION('',(1.,0.,0.));
#3343 = CYLINDRICAL_SURFACE('',#3344,66.);
#3344 = AXIS2_PLACEMENT_3D('',#3345,#3346,#3347);
#3345 = CARTESIAN_POINT('',(300.,2.4203E-13,1.09E+03));
#3346 = DIRECTION('',(0.,1.,-2.2E-16));
#3347 = DIRECTION('',(1.,0.,0.));
#3348 = ADVANCED_FACE('',(#3349),#3374,.T.);
#3349 = FACE_BOUND('',#3350,.T.);
#3350 = EDGE_LOOP('',(#3351,#3352,#3360,#3368));
#3351 = ORIENTED_EDGE('',*,*,#3319,.T.);
#3352 = ORIENTED_EDGE('',*,*,#3353,.T.);
#3353 = EDGE_CURVE('',#3322,#3354,#3356,.T.);
#3354 = VERTEX_POINT('',#3355);
#3355 = CARTESIAN_POINT('',(257.64649943599,-25.,957.37197834557));
#3356 = LINE('',#3357,#3358);
#3357 = CARTESIAN_POINT('',(345.84102374436,-25.,1.04251736589E+03));
#3358 = VECTOR('',#3359,1.);
#3359 = DIRECTION('',(-0.719433850159,-0.,-0.694560965824));
#3360 = ORIENTED_EDGE('',*,*,#3361,.F.);
#3361 = EDGE_CURVE('',#3362,#3354,#3364,.T.);
#3362 = VERTEX_POINT('',#3363);
#3363 = CARTESIAN_POINT('',(257.64649943599,2.13E-13,957.37197834557));
#3364 = LINE('',#3365,#3366);
#3365 = CARTESIAN_POINT('',(257.64649943599,2.1258E-13,957.37197834557)
  );
#3366 = VECTOR('',#3367,1.);
#3367 = DIRECTION('',(0.,-1.,2.2E-16));
#3368 = ORIENTED_EDGE('',*,*,#3369,.F.);
#3369 = EDGE_CURVE('',#3320,#3362,#3370,.T.);
#3370 = LINE('',#3371,#3372);
#3371 = CARTESIAN_POINT('',(345.84102374436,0.,1.04251736589E+03));
#3372 = VECTOR('',#3373,1.);
#3373 = DIRECTION('',(-0.719433850159,-0.,-0.694560965824));
#3374 = PLANE('',#3375);
#3375 = AXIS2_PLACEMENT_3D('',#3376,#3377,#3378);
#3376 = CARTESIAN_POINT('',(345.84102374436,2.3149E-13,1.04251736589E+03
    ));
#3377 = DIRECTION('',(0.694560965824,-1.6E-16,-0.719433850159));
#3378 = DIRECTION('',(-0.719433850159,-1.5E-16,-0.694560965824));
#3379 = ADVANCED_FACE('',(#3380),#3407,.F.);
#3380 = FACE_BOUND('',#3381,.T.);
#3381 = EDGE_LOOP('',(#3382,#3383,#3392,#3400));
#3382 = ORIENTED_EDGE('',*,*,#3361,.T.);
#3383 = ORIENTED_EDGE('',*,*,#3384,.T.);
#3384 = EDGE_CURVE('',#3354,#3385,#3387,.T.);
#3385 = VERTEX_POINT('',#3386);
#3386 = CARTESIAN_POINT('',(250.01052358158,-25.,939.38613209161));
#3387 = CIRCLE('',#3388,25.);
#3388 = AXIS2_PLACEMENT_3D('',#3389,#3390,#3391);
#3389 = CARTESIAN_POINT('',(275.01052358158,-25.,939.38613209161));
#3390 = DIRECTION('',(0.,-1.,0.));
#3391 = DIRECTION('',(1.,0.,0.));
#3392 = ORIENTED_EDGE('',*,*,#3393,.F.);
#3393 = EDGE_CURVE('',#3394,#3385,#3396,.T.);
#3394 = VERTEX_POINT('',#3395);
#3395 = CARTESIAN_POINT('',(250.01052358158,2.09E-13,939.38613209161));
#3396 = LINE('',#3397,#3398);
#3397 = CARTESIAN_POINT('',(250.01052358158,2.0859E-13,939.38613209161)
  );
#3398 = VECTOR('',#3399,1.);
#3399 = DIRECTION('',(0.,-1.,2.2E-16));
#3400 = ORIENTED_EDGE('',*,*,#3401,.F.);
#3401 = EDGE_CURVE('',#3362,#3394,#3402,.T.);
#3402 = CIRCLE('',#3403,25.);
#3403 = AXIS2_PLACEMENT_3D('',#3404,#3405,#3406);
#3404 = CARTESIAN_POINT('',(275.01052358158,0.,939.38613209161));
#3405 = DIRECTION('',(0.,-1.,0.));
#3406 = DIRECTION('',(1.,0.,0.));
#3407 = CYLINDRICAL_SURFACE('',#3408,25.);
#3408 = AXIS2_PLACEMENT_3D('',#3409,#3410,#3411);
#3409 = CARTESIAN_POINT('',(275.01052358158,2.0859E-13,939.38613209161)
  );
#3410 = DIRECTION('',(0.,1.,-2.2E-16));
#3411 = DIRECTION('',(1.,0.,0.));
#3412 = ADVANCED_FACE('',(#3413),#3438,.T.);
#3413 = FACE_BOUND('',#3414,.T.);
#3414 = EDGE_LOOP('',(#3415,#3416,#3424,#3432));
#3415 = ORIENTED_EDGE('',*,*,#3393,.T.);
#3416 = ORIENTED_EDGE('',*,*,#3417,.T.);
#3417 = EDGE_CURVE('',#3385,#3418,#3420,.T.);
#3418 = VERTEX_POINT('',#3419);
#3419 = CARTESIAN_POINT('',(250.01052358158,-25.,433.17367434073));
#3420 = LINE('',#3421,#3422);
#3421 = CARTESIAN_POINT('',(250.01052358158,-25.,939.38613209161));
#3422 = VECTOR('',#3423,1.);
#3423 = DIRECTION('',(0.,0.,-1.));
#3424 = ORIENTED_EDGE('',*,*,#3425,.F.);
#3425 = EDGE_CURVE('',#3426,#3418,#3428,.T.);
#3426 = VERTEX_POINT('',#3427);
#3427 = CARTESIAN_POINT('',(250.01052358158,9.6E-14,433.17367434073));
#3428 = LINE('',#3429,#3430);
#3429 = CARTESIAN_POINT('',(250.01052358158,9.618E-14,433.17367434073));
#3430 = VECTOR('',#3431,1.);
#3431 = DIRECTION('',(0.,-1.,2.2E-16));
#3432 = ORIENTED_EDGE('',*,*,#3433,.F.);
#3433 = EDGE_CURVE('',#3394,#3426,#3434,.T.);
#3434 = LINE('',#3435,#3436);
#3435 = CARTESIAN_POINT('',(250.01052358158,0.,939.38613209161));
#3436 = VECTOR('',#3437,1.);
#3437 = DIRECTION('',(0.,0.,-1.));
#3438 = PLANE('',#3439);
#3439 = AXIS2_PLACEMENT_3D('',#3440,#3441,#3442);
#3440 = CARTESIAN_POINT('',(250.01052358158,2.0859E-13,939.38613209161)
  );
#3441 = DIRECTION('',(1.,0.,0.));
#3442 = DIRECTION('',(0.,-2.2E-16,-1.));
#3443 = ADVANCED_FACE('',(#3444),#3471,.F.);
#3444 = FACE_BOUND('',#3445,.T.);
#3445 = EDGE_LOOP('',(#3446,#3447,#3456,#3464));
#3446 = ORIENTED_EDGE('',*,*,#3425,.T.);
#3447 = ORIENTED_EDGE('',*,*,#3448,.T.);
#3448 = EDGE_CURVE('',#3418,#3449,#3451,.T.);
#3449 = VERTEX_POINT('',#3450);
#3450 = CARTESIAN_POINT('',(254.83909308861,-25.,418.40501184654));
#3451 = CIRCLE('',#3452,25.);
#3452 = AXIS2_PLACEMENT_3D('',#3453,#3454,#3455);
#3453 = CARTESIAN_POINT('',(275.01052358158,-25.,433.17367434073));
#3454 = DIRECTION('',(0.,-1.,0.));
#3455 = DIRECTION('',(1.,0.,0.));
#3456 = ORIENTED_EDGE('',*,*,#3457,.F.);
#3457 = EDGE_CURVE('',#3458,#3449,#3460,.T.);
#3458 = VERTEX_POINT('',#3459);
#3459 = CARTESIAN_POINT('',(254.83909308861,9.3E-14,418.40501184654));
#3460 = LINE('',#3461,#3462);
#3461 = CARTESIAN_POINT('',(254.83909308861,9.29E-14,418.40501184654));
#3462 = VECTOR('',#3463,1.);
#3463 = DIRECTION('',(0.,-1.,2.2E-16));
#3464 = ORIENTED_EDGE('',*,*,#3465,.F.);
#3465 = EDGE_CURVE('',#3426,#3458,#3466,.T.);
#3466 = CIRCLE('',#3467,25.);
#3467 = AXIS2_PLACEMENT_3D('',#3468,#3469,#3470);
#3468 = CARTESIAN_POINT('',(275.01052358158,0.,433.17367434073));
#3469 = DIRECTION('',(0.,-1.,0.));
#3470 = DIRECTION('',(1.,0.,0.));
#3471 = CYLINDRICAL_SURFACE('',#3472,25.);
#3472 = AXIS2_PLACEMENT_3D('',#3473,#3474,#3475);
#3473 = CARTESIAN_POINT('',(275.01052358158,9.618E-14,433.17367434073));
#3474 = DIRECTION('',(0.,1.,-2.2E-16));
#3475 = DIRECTION('',(1.,0.,0.));
#3476 = ADVANCED_FACE('',(#3477),#3502,.T.);
#3477 = FACE_BOUND('',#3478,.T.);
#3478 = EDGE_LOOP('',(#3479,#3480,#3488,#3496));
#3479 = ORIENTED_EDGE('',*,*,#3457,.T.);
#3480 = ORIENTED_EDGE('',*,*,#3481,.T.);
#3481 = EDGE_CURVE('',#3449,#3482,#3484,.T.);
#3482 = VERTEX_POINT('',#3483);
#3483 = CARTESIAN_POINT('',(353.25257650144,-25.,283.98926898466));
#3484 = LINE('',#3485,#3486);
#3485 = CARTESIAN_POINT('',(254.83909308861,-25.,418.40501184654));
#3486 = VECTOR('',#3487,1.);
#3487 = DIRECTION('',(0.590746499768,0.,-0.806857219719));
#3488 = ORIENTED_EDGE('',*,*,#3489,.F.);
#3489 = EDGE_CURVE('',#3490,#3482,#3492,.T.);
#3490 = VERTEX_POINT('',#3491);
#3491 = CARTESIAN_POINT('',(353.25257650144,6.3E-14,283.98926898466));
#3492 = LINE('',#3493,#3494);
#3493 = CARTESIAN_POINT('',(353.25257650144,6.306E-14,283.98926898466));
#3494 = VECTOR('',#3495,1.);
#3495 = DIRECTION('',(0.,-1.,2.2E-16));
#3496 = ORIENTED_EDGE('',*,*,#3497,.F.);
#3497 = EDGE_CURVE('',#3458,#3490,#3498,.T.);
#3498 = LINE('',#3499,#3500);
#3499 = CARTESIAN_POINT('',(254.83909308861,0.,418.40501184654));
#3500 = VECTOR('',#3501,1.);
#3501 = DIRECTION('',(0.590746499768,0.,-0.806857219719));
#3502 = PLANE('',#3503);
#3503 = AXIS2_PLACEMENT_3D('',#3504,#3505,#3506);
#3504 = CARTESIAN_POINT('',(254.83909308861,9.29E-14,418.40501184654));
#3505 = DIRECTION('',(0.806857219719,1.3E-16,0.590746499768));
#3506 = DIRECTION('',(0.590746499768,-1.8E-16,-0.806857219719));
#3507 = ADVANCED_FACE('',(#3508),#3535,.T.);
#3508 = FACE_BOUND('',#3509,.F.);
#3509 = EDGE_LOOP('',(#3510,#3520,#3527,#3528));
#3510 = ORIENTED_EDGE('',*,*,#3511,.T.);
#3511 = EDGE_CURVE('',#3512,#3514,#3516,.T.);
#3512 = VERTEX_POINT('',#3513);
#3513 = CARTESIAN_POINT('',(364.53610727565,5.1E-14,231.17643831332));
#3514 = VERTEX_POINT('',#3515);
#3515 = CARTESIAN_POINT('',(364.53610727565,-25.,231.17643831332));
#3516 = LINE('',#3517,#3518);
#3517 = CARTESIAN_POINT('',(364.53610727565,5.133E-14,231.17643831332));
#3518 = VECTOR('',#3519,1.);
#3519 = DIRECTION('',(0.,-1.,2.2E-16));
#3520 = ORIENTED_EDGE('',*,*,#3521,.T.);
#3521 = EDGE_CURVE('',#3514,#3482,#3522,.T.);
#3522 = CIRCLE('',#3523,66.);
#3523 = AXIS2_PLACEMENT_3D('',#3524,#3525,#3526);
#3524 = CARTESIAN_POINT('',(300.,-25.,245.));
#3525 = DIRECTION('',(0.,-1.,0.));
#3526 = DIRECTION('',(1.,0.,0.));
#3527 = ORIENTED_EDGE('',*,*,#3489,.F.);
#3528 = ORIENTED_EDGE('',*,*,#3529,.F.);
#3529 = EDGE_CURVE('',#3512,#3490,#3530,.T.);
#3530 = CIRCLE('',#3531,66.);
#3531 = AXIS2_PLACEMENT_3D('',#3532,#3533,#3534);
#3532 = CARTESIAN_POINT('',(300.,0.,245.));
#3533 = DIRECTION('',(0.,-1.,0.));
#3534 = DIRECTION('',(1.,0.,0.));
#3535 = CYLINDRICAL_SURFACE('',#3536,66.);
#3536 = AXIS2_PLACEMENT_3D('',#3537,#3538,#3539);
#3537 = CARTESIAN_POINT('',(300.,5.44E-14,245.));
#3538 = DIRECTION('',(0.,1.,-2.2E-16));
#3539 = DIRECTION('',(1.,0.,0.));
#3540 = ADVANCED_FACE('',(#3541),#3566,.T.);
#3541 = FACE_BOUND('',#3542,.T.);
#3542 = EDGE_LOOP('',(#3543,#3544,#3552,#3560));
#3543 = ORIENTED_EDGE('',*,*,#3511,.T.);
#3544 = ORIENTED_EDGE('',*,*,#3545,.T.);
#3545 = EDGE_CURVE('',#3514,#3546,#3548,.T.);
#3546 = VERTEX_POINT('',#3547);
#3547 = CARTESIAN_POINT('',(319.25175813563,-25.,19.763802391413));
#3548 = LINE('',#3549,#3550);
#3549 = CARTESIAN_POINT('',(364.53610727565,-25.,231.17643831332));
#3550 = VECTOR('',#3551,1.);
#3551 = DIRECTION('',(-0.209447904343,-0.,-0.977819807207));
#3552 = ORIENTED_EDGE('',*,*,#3553,.F.);
#3553 = EDGE_CURVE('',#3554,#3546,#3556,.T.);
#3554 = VERTEX_POINT('',#3555);
#3555 = CARTESIAN_POINT('',(319.25175813563,4.E-15,19.763802391413));
#3556 = LINE('',#3557,#3558);
#3557 = CARTESIAN_POINT('',(319.25175813563,4.39E-15,19.763802391413));
#3558 = VECTOR('',#3559,1.);
#3559 = DIRECTION('',(0.,-1.,2.2E-16));
#3560 = ORIENTED_EDGE('',*,*,#3561,.F.);
#3561 = EDGE_CURVE('',#3512,#3554,#3562,.T.);
#3562 = LINE('',#3563,#3564);
#3563 = CARTESIAN_POINT('',(364.53610727565,0.,231.17643831332));
#3564 = VECTOR('',#3565,1.);
#3565 = DIRECTION('',(-0.209447904343,-0.,-0.977819807207));
#3566 = PLANE('',#3567);
#3567 = AXIS2_PLACEMENT_3D('',#3568,#3569,#3570);
#3568 = CARTESIAN_POINT('',(364.53610727565,5.133E-14,231.17643831332));
#3569 = DIRECTION('',(0.977819807207,-5.E-17,-0.209447904343));
#3570 = DIRECTION('',(-0.209447904343,-2.2E-16,-0.977819807207));
#3571 = ADVANCED_FACE('',(#3572),#3590,.T.);
#3572 = FACE_BOUND('',#3573,.F.);
#3573 = EDGE_LOOP('',(#3574,#3575,#3582,#3583));
#3574 = ORIENTED_EDGE('',*,*,#3153,.T.);
#3575 = ORIENTED_EDGE('',*,*,#3576,.T.);
#3576 = EDGE_CURVE('',#3156,#3546,#3577,.T.);
#3577 = CIRCLE('',#3578,25.);
#3578 = AXIS2_PLACEMENT_3D('',#3579,#3580,#3581);
#3579 = CARTESIAN_POINT('',(294.80626295546,-25.,25.));
#3580 = DIRECTION('',(0.,-1.,0.));
#3581 = DIRECTION('',(1.,0.,0.));
#3582 = ORIENTED_EDGE('',*,*,#3553,.F.);
#3583 = ORIENTED_EDGE('',*,*,#3584,.F.);
#3584 = EDGE_CURVE('',#3154,#3554,#3585,.T.);
#3585 = CIRCLE('',#3586,25.);
#3586 = AXIS2_PLACEMENT_3D('',#3587,#3588,#3589);
#3587 = CARTESIAN_POINT('',(294.80626295546,0.,25.));
#3588 = DIRECTION('',(0.,-1.,0.));
#3589 = DIRECTION('',(1.,0.,0.));
#3590 = CYLINDRICAL_SURFACE('',#3591,25.);
#3591 = AXIS2_PLACEMENT_3D('',#3592,#3593,#3594);
#3592 = CARTESIAN_POINT('',(294.80626295546,5.55E-15,25.));
#3593 = DIRECTION('',(0.,1.,-2.2E-16));
#3594 = DIRECTION('',(1.,0.,0.));
#3595 = ADVANCED_FACE('',(#3596),#3623,.F.);
#3596 = FACE_BOUND('',#3597,.T.);
#3597 = EDGE_LOOP('',(#3598,#3608,#3615,#3616));
#3598 = ORIENTED_EDGE('',*,*,#3599,.T.);
#3599 = EDGE_CURVE('',#3600,#3602,#3604,.T.);
#3600 = VERTEX_POINT('',#3601);
#3601 = CARTESIAN_POINT('',(330.,2.42E-13,1.09E+03));
#3602 = VERTEX_POINT('',#3603);
#3603 = CARTESIAN_POINT('',(330.,-25.,1.09E+03));
#3604 = LINE('',#3605,#3606);
#3605 = CARTESIAN_POINT('',(330.,2.4203E-13,1.09E+03));
#3606 = VECTOR('',#3607,1.);
#3607 = DIRECTION('',(0.,-1.,2.2E-16));
#3608 = ORIENTED_EDGE('',*,*,#3609,.T.);
#3609 = EDGE_CURVE('',#3602,#3602,#3610,.T.);
#3610 = CIRCLE('',#3611,30.);
#3611 = AXIS2_PLACEMENT_3D('',#3612,#3613,#3614);
#3612 = CARTESIAN_POINT('',(300.,-25.,1.09E+03));
#3613 = DIRECTION('',(0.,-1.,0.));
#3614 = DIRECTION('',(1.,0.,0.));
#3615 = ORIENTED_EDGE('',*,*,#3599,.F.);
#3616 = ORIENTED_EDGE('',*,*,#3617,.F.);
#3617 = EDGE_CURVE('',#3600,#3600,#3618,.T.);
#3618 = CIRCLE('',#3619,30.);
#3619 = AXIS2_PLACEMENT_3D('',#3620,#3621,#3622);
#3620 = CARTESIAN_POINT('',(300.,0.,1.09E+03));
#3621 = DIRECTION('',(0.,-1.,0.));
#3622 = DIRECTION('',(1.,0.,0.));
#3623 = CYLINDRICAL_SURFACE('',#3624,30.);
#3624 = AXIS2_PLACEMENT_3D('',#3625,#3626,#3627);
#3625 = CARTESIAN_POINT('',(300.,2.4203E-13,1.09E+03));
#3626 = DIRECTION('',(0.,1.,-2.2E-16));
#3627 = DIRECTION('',(1.,0.,0.));
#3628 = ADVANCED_FACE('',(#3629),#3656,.F.);
#3629 = FACE_BOUND('',#3630,.T.);
#3630 = EDGE_LOOP('',(#3631,#3641,#3648,#3649));
#3631 = ORIENTED_EDGE('',*,*,#3632,.T.);
#3632 = EDGE_CURVE('',#3633,#3635,#3637,.T.);
#3633 = VERTEX_POINT('',#3634);
#3634 = CARTESIAN_POINT('',(330.,5.4E-14,245.));
#3635 = VERTEX_POINT('',#3636);
#3636 = CARTESIAN_POINT('',(330.,-25.,245.));
#3637 = LINE('',#3638,#3639);
#3638 = CARTESIAN_POINT('',(330.,5.44E-14,245.));
#3639 = VECTOR('',#3640,1.);
#3640 = DIRECTION('',(0.,-1.,2.2E-16));
#3641 = ORIENTED_EDGE('',*,*,#3642,.T.);
#3642 = EDGE_CURVE('',#3635,#3635,#3643,.T.);
#3643 = CIRCLE('',#3644,30.);
#3644 = AXIS2_PLACEMENT_3D('',#3645,#3646,#3647);
#3645 = CARTESIAN_POINT('',(300.,-25.,245.));
#3646 = DIRECTION('',(0.,-1.,0.));
#3647 = DIRECTION('',(1.,0.,0.));
#3648 = ORIENTED_EDGE('',*,*,#3632,.F.);
#3649 = ORIENTED_EDGE('',*,*,#3650,.F.);
#3650 = EDGE_CURVE('',#3633,#3633,#3651,.T.);
#3651 = CIRCLE('',#3652,30.);
#3652 = AXIS2_PLACEMENT_3D('',#3653,#3654,#3655);
#3653 = CARTESIAN_POINT('',(300.,0.,245.));
#3654 = DIRECTION('',(0.,-1.,0.));
#3655 = DIRECTION('',(1.,0.,0.));
#3656 = CYLINDRICAL_SURFACE('',#3657,30.);
#3657 = AXIS2_PLACEMENT_3D('',#3658,#3659,#3660);
#3658 = CARTESIAN_POINT('',(300.,5.44E-14,245.));
#3659 = DIRECTION('',(0.,1.,-2.2E-16));
#3660 = DIRECTION('',(1.,0.,0.));
#3661 = ADVANCED_FACE('',(#3662,#3678,#3681),#3684,.T.);
#3662 = FACE_BOUND('',#3663,.T.);
#3663 = EDGE_LOOP('',(#3664,#3665,#3666,#3667,#3668,#3669,#3670,#3671,
    #3672,#3673,#3674,#3675,#3676,#3677));
#3664 = ORIENTED_EDGE('',*,*,#3179,.T.);
#3665 = ORIENTED_EDGE('',*,*,#3210,.T.);
#3666 = ORIENTED_EDGE('',*,*,#3241,.T.);
#3667 = ORIENTED_EDGE('',*,*,#3273,.F.);
#3668 = ORIENTED_EDGE('',*,*,#3305,.T.);
#3669 = ORIENTED_EDGE('',*,*,#3337,.F.);
#3670 = ORIENTED_EDGE('',*,*,#3369,.T.);
#3671 = ORIENTED_EDGE('',*,*,#3401,.T.);
#3672 = ORIENTED_EDGE('',*,*,#3433,.T.);
#3673 = ORIENTED_EDGE('',*,*,#3465,.T.);
#3674 = ORIENTED_EDGE('',*,*,#3497,.T.);
#3675 = ORIENTED_EDGE('',*,*,#3529,.F.);
#3676 = ORIENTED_EDGE('',*,*,#3561,.T.);
#3677 = ORIENTED_EDGE('',*,*,#3584,.F.);
#3678 = FACE_BOUND('',#3679,.T.);
#3679 = EDGE_LOOP('',(#3680));
#3680 = ORIENTED_EDGE('',*,*,#3617,.T.);
#3681 = FACE_BOUND('',#3682,.T.);
#3682 = EDGE_LOOP('',(#3683));
#3683 = ORIENTED_EDGE('',*,*,#3650,.T.);
#3684 = PLANE('',#3685);
#3685 = AXIS2_PLACEMENT_3D('',#3686,#3687,#3688);
#3686 = CARTESIAN_POINT('',(166.95182412224,1.3435E-13,605.05134935858)
  );
#3687 = DIRECTION('',(0.,1.,0.));
#3688 = DIRECTION('',(0.,0.,1.));
#3689 = ADVANCED_FACE('',(#3690,#3706,#3709),#3712,.F.);
#3690 = FACE_BOUND('',#3691,.F.);
#3691 = EDGE_LOOP('',(#3692,#3693,#3694,#3695,#3696,#3697,#3698,#3699,
    #3700,#3701,#3702,#3703,#3704,#3705));
#3692 = ORIENTED_EDGE('',*,*,#3163,.T.);
#3693 = ORIENTED_EDGE('',*,*,#3194,.T.);
#3694 = ORIENTED_EDGE('',*,*,#3225,.T.);
#3695 = ORIENTED_EDGE('',*,*,#3265,.F.);
#3696 = ORIENTED_EDGE('',*,*,#3289,.T.);
#3697 = ORIENTED_EDGE('',*,*,#3329,.F.);
#3698 = ORIENTED_EDGE('',*,*,#3353,.T.);
#3699 = ORIENTED_EDGE('',*,*,#3384,.T.);
#3700 = ORIENTED_EDGE('',*,*,#3417,.T.);
#3701 = ORIENTED_EDGE('',*,*,#3448,.T.);
#3702 = ORIENTED_EDGE('',*,*,#3481,.T.);
#3703 = ORIENTED_EDGE('',*,*,#3521,.F.);
#3704 = ORIENTED_EDGE('',*,*,#3545,.T.);
#3705 = ORIENTED_EDGE('',*,*,#3576,.F.);
#3706 = FACE_BOUND('',#3707,.F.);
#3707 = EDGE_LOOP('',(#3708));
#3708 = ORIENTED_EDGE('',*,*,#3609,.T.);
#3709 = FACE_BOUND('',#3710,.F.);
#3710 = EDGE_LOOP('',(#3711));
#3711 = ORIENTED_EDGE('',*,*,#3642,.T.);
#3712 = PLANE('',#3713);
#3713 = AXIS2_PLACEMENT_3D('',#3714,#3715,#3716);
#3714 = CARTESIAN_POINT('',(166.95182412224,-25.,605.05134935858));
#3715 = DIRECTION('',(0.,1.,0.));
#3716 = DIRECTION('',(0.,0.,1.));
#3717 = ( GEOMETRIC_REPRESENTATION_CONTEXT(3) 
GLOBAL_UNCERTAINTY_ASSIGNED_CONTEXT((#3721)) 
GLOBAL_UNIT_ASSIGNED_CONTEXT((#3718,#3719,#3720)) REPRESENTATION_CONTEXT
('Context #1','3D Context with UNIT and UNCERTAINTY') );
#3718 = ( LENGTH_UNIT() NAMED_UNIT(*) SI_UNIT(.MILLI.,.METRE.) );
#3719 = ( NAMED_UNIT(*) PLANE_ANGLE_UNIT() SI_UNIT($,.RADIAN.) );
#3720 = ( NAMED_UNIT(*) SI_UNIT($,.STERADIAN.) SOLID_ANGLE_UNIT() );
#3721 = UNCERTAINTY_MEASURE_WITH_UNIT(LENGTH_MEASURE(1.E-07),#3718,
  'distance_accuracy_value','confusion accuracy');
#3722 = CONTEXT_DEPENDENT_SHAPE_REPRESENTATION(#3723,#3725);
#3723 = ( REPRESENTATION_RELATIONSHIP('','',#3146,#3115) 
REPRESENTATION_RELATIONSHIP_WITH_TRANSFORMATION(#3724) 
SHAPE_REPRESENTATION_RELATIONSHIP() );
#3724 = ITEM_DEFINED_TRANSFORMATION('','',#11,#3116);
#3725 = PRODUCT_DEFINITION_SHAPE('Placement','Placement of an item',
  #3726);
#3726 = NEXT_ASSEMBLY_USAGE_OCCURRENCE('2','Body004','',#3110,#3141,$);
#3727 = PRODUCT_RELATED_PRODUCT_CATEGORY('part',$,(#3143));
#3728 = SHAPE_DEFINITION_REPRESENTATION(#3729,#3735);
#3729 = PRODUCT_DEFINITION_SHAPE('','',#3730);
#3730 = PRODUCT_DEFINITION('design','',#3731,#3734);
#3731 = PRODUCT_DEFINITION_FORMATION('','',#3732);
#3732 = PRODUCT('Body','Body','',(#3733));
#3733 = PRODUCT_CONTEXT('',#2,'mechanical');
#3734 = PRODUCT_DEFINITION_CONTEXT('part definition',#2,'design');
#3735 = ADVANCED_BREP_SHAPE_REPRESENTATION('',(#11,#3736),#4065);
#3736 = MANIFOLD_SOLID_BREP('',#3737);
#3737 = CLOSED_SHELL('',(#3738,#3778,#3811,#3842,#3875,#3906,#3939,#3970
    ,#3994,#4027,#4046));
#3738 = ADVANCED_FACE('',(#3739),#3773,.T.);
#3739 = FACE_BOUND('',#3740,.T.);
#3740 = EDGE_LOOP('',(#3741,#3751,#3759,#3767));
#3741 = ORIENTED_EDGE('',*,*,#3742,.T.);
#3742 = EDGE_CURVE('',#3743,#3745,#3747,.T.);
#3743 = VERTEX_POINT('',#3744);
#3744 = CARTESIAN_POINT('',(0.,4.E-15,20.));
#3745 = VERTEX_POINT('',#3746);
#3746 = CARTESIAN_POINT('',(0.,-16.,20.));
#3747 = LINE('',#3748,#3749);
#3748 = CARTESIAN_POINT('',(0.,4.44E-15,20.));
#3749 = VECTOR('',#3750,1.);
#3750 = DIRECTION('',(0.,-1.,2.2E-16));
#3751 = ORIENTED_EDGE('',*,*,#3752,.T.);
#3752 = EDGE_CURVE('',#3745,#3753,#3755,.T.);
#3753 = VERTEX_POINT('',#3754);
#3754 = CARTESIAN_POINT('',(0.,-16.,640.36139799624));
#3755 = LINE('',#3756,#3757);
#3756 = CARTESIAN_POINT('',(0.,-16.,20.));
#3757 = VECTOR('',#3758,1.);
#3758 = DIRECTION('',(0.,0.,1.));
#3759 = ORIENTED_EDGE('',*,*,#3760,.F.);
#3760 = EDGE_CURVE('',#3761,#3753,#3763,.T.);
#3761 = VERTEX_POINT('',#3762);
#3762 = CARTESIAN_POINT('',(0.,1.42E-13,640.36139799624));
#3763 = LINE('',#3764,#3765);
#3764 = CARTESIAN_POINT('',(-0.,1.4219E-13,640.36139799624));
#3765 = VECTOR('',#3766,1.);
#3766 = DIRECTION('',(0.,-1.,2.2E-16));
#3767 = ORIENTED_EDGE('',*,*,#3768,.F.);
#3768 = EDGE_CURVE('',#3743,#3761,#3769,.T.);
#3769 = LINE('',#3770,#3771);
#3770 = CARTESIAN_POINT('',(0.,0.,20.));
#3771 = VECTOR('',#3772,1.);
#3772 = DIRECTION('',(0.,0.,1.));
#3773 = PLANE('',#3774);
#3774 = AXIS2_PLACEMENT_3D('',#3775,#3776,#3777);
#3775 = CARTESIAN_POINT('',(0.,4.44E-15,20.));
#3776 = DIRECTION('',(-1.,-0.,-0.));
#3777 = DIRECTION('',(-0.,2.2E-16,1.));
#3778 = ADVANCED_FACE('',(#3779),#3806,.T.);
#3779 = FACE_BOUND('',#3780,.F.);
#3780 = EDGE_LOOP('',(#3781,#3791,#3798,#3799));
#3781 = ORIENTED_EDGE('',*,*,#3782,.T.);
#3782 = EDGE_CURVE('',#3783,#3785,#3787,.T.);
#3783 = VERTEX_POINT('',#3784);
#3784 = CARTESIAN_POINT('',(36.137144394376,1.45E-13,652.17632799159));
#3785 = VERTEX_POINT('',#3786);
#3786 = CARTESIAN_POINT('',(36.137144394376,-16.,652.17632799159));
#3787 = LINE('',#3788,#3789);
#3788 = CARTESIAN_POINT('',(36.137144394376,1.4481E-13,652.17632799159)
  );
#3789 = VECTOR('',#3790,1.);
#3790 = DIRECTION('',(0.,-1.,2.2E-16));
#3791 = ORIENTED_EDGE('',*,*,#3792,.T.);
#3792 = EDGE_CURVE('',#3785,#3753,#3793,.T.);
#3793 = CIRCLE('',#3794,20.);
#3794 = AXIS2_PLACEMENT_3D('',#3795,#3796,#3797);
#3795 = CARTESIAN_POINT('',(20.,-16.,640.36139799624));
#3796 = DIRECTION('',(0.,-1.,0.));
#3797 = DIRECTION('',(1.,0.,0.));
#3798 = ORIENTED_EDGE('',*,*,#3760,.F.);
#3799 = ORIENTED_EDGE('',*,*,#3800,.F.);
#3800 = EDGE_CURVE('',#3783,#3761,#3801,.T.);
#3801 = CIRCLE('',#3802,20.);
#3802 = AXIS2_PLACEMENT_3D('',#3803,#3804,#3805);
#3803 = CARTESIAN_POINT('',(20.,0.,640.36139799624));
#3804 = DIRECTION('',(0.,-1.,0.));
#3805 = DIRECTION('',(1.,0.,0.));
#3806 = CYLINDRICAL_SURFACE('',#3807,20.);
#3807 = AXIS2_PLACEMENT_3D('',#3808,#3809,#3810);
#3808 = CARTESIAN_POINT('',(20.,1.4219E-13,640.36139799624));
#3809 = DIRECTION('',(0.,1.,-2.2E-16));
#3810 = DIRECTION('',(1.,0.,0.));
#3811 = ADVANCED_FACE('',(#3812),#3837,.T.);
#3812 = FACE_BOUND('',#3813,.T.);
#3813 = EDGE_LOOP('',(#3814,#3815,#3823,#3831));
#3814 = ORIENTED_EDGE('',*,*,#3782,.T.);
#3815 = ORIENTED_EDGE('',*,*,#3816,.T.);
#3816 = EDGE_CURVE('',#3785,#3817,#3819,.T.);
#3817 = VERTEX_POINT('',#3818);
#3818 = CARTESIAN_POINT('',(324.34286098594,-16.,258.53732498838));
#3819 = LINE('',#3820,#3821);
#3820 = CARTESIAN_POINT('',(36.137144394376,-16.,652.17632799159));
#3821 = VECTOR('',#3822,1.);
#3822 = DIRECTION('',(0.590746499768,0.,-0.806857219719));
#3823 = ORIENTED_EDGE('',*,*,#3824,.F.);
#3824 = EDGE_CURVE('',#3825,#3817,#3827,.T.);
#3825 = VERTEX_POINT('',#3826);
#3826 = CARTESIAN_POINT('',(324.34286098594,5.7E-14,258.53732498838));
#3827 = LINE('',#3828,#3829);
#3828 = CARTESIAN_POINT('',(324.34286098594,5.741E-14,258.53732498838));
#3829 = VECTOR('',#3830,1.);
#3830 = DIRECTION('',(0.,-1.,2.2E-16));
#3831 = ORIENTED_EDGE('',*,*,#3832,.F.);
#3832 = EDGE_CURVE('',#3783,#3825,#3833,.T.);
#3833 = LINE('',#3834,#3835);
#3834 = CARTESIAN_POINT('',(36.137144394376,0.,652.17632799159));
#3835 = VECTOR('',#3836,1.);
#3836 = DIRECTION('',(0.590746499768,0.,-0.806857219719));
#3837 = PLANE('',#3838);
#3838 = AXIS2_PLACEMENT_3D('',#3839,#3840,#3841);
#3839 = CARTESIAN_POINT('',(36.137144394376,1.4481E-13,652.17632799159)
  );
#3840 = DIRECTION('',(0.806857219719,1.3E-16,0.590746499768));
#3841 = DIRECTION('',(0.590746499768,-1.8E-16,-0.806857219719));
#3842 = ADVANCED_FACE('',(#3843),#3870,.T.);
#3843 = FACE_BOUND('',#3844,.F.);
#3844 = EDGE_LOOP('',(#3845,#3855,#3862,#3863));
#3845 = ORIENTED_EDGE('',*,*,#3846,.T.);
#3846 = EDGE_CURVE('',#3847,#3849,#3851,.T.);
#3847 = VERTEX_POINT('',#3848);
#3848 = CARTESIAN_POINT('',(332.89099036034,4.9E-14,218.52760478282));
#3849 = VERTEX_POINT('',#3850);
#3850 = CARTESIAN_POINT('',(332.89099036034,-16.,218.52760478282));
#3851 = LINE('',#3852,#3853);
#3852 = CARTESIAN_POINT('',(332.89099036034,4.852E-14,218.52760478282));
#3853 = VECTOR('',#3854,1.);
#3854 = DIRECTION('',(0.,-1.,2.2E-16));
#3855 = ORIENTED_EDGE('',*,*,#3856,.T.);
#3856 = EDGE_CURVE('',#3849,#3817,#3857,.T.);
#3857 = CIRCLE('',#3858,50.);
#3858 = AXIS2_PLACEMENT_3D('',#3859,#3860,#3861);
#3859 = CARTESIAN_POINT('',(284.,-16.,229.));
#3860 = DIRECTION('',(0.,-1.,0.));
#3861 = DIRECTION('',(1.,0.,0.));
#3862 = ORIENTED_EDGE('',*,*,#3824,.F.);
#3863 = ORIENTED_EDGE('',*,*,#3864,.F.);
#3864 = EDGE_CURVE('',#3847,#3825,#3865,.T.);
#3865 = CIRCLE('',#3866,50.);
#3866 = AXIS2_PLACEMENT_3D('',#3867,#3868,#3869);
#3867 = CARTESIAN_POINT('',(284.,0.,229.));
#3868 = DIRECTION('',(0.,-1.,0.));
#3869 = DIRECTION('',(1.,0.,0.));
#3870 = CYLINDRICAL_SURFACE('',#3871,50.);
#3871 = AXIS2_PLACEMENT_3D('',#3872,#3873,#3874);
#3872 = CARTESIAN_POINT('',(284.,5.085E-14,229.));
#3873 = DIRECTION('',(0.,1.,-2.2E-16));
#3874 = DIRECTION('',(1.,0.,0.));
#3875 = ADVANCED_FACE('',(#3876),#3901,.T.);
#3876 = FACE_BOUND('',#3877,.T.);
#3877 = EDGE_LOOP('',(#3878,#3879,#3887,#3895));
#3878 = ORIENTED_EDGE('',*,*,#3846,.T.);
#3879 = ORIENTED_EDGE('',*,*,#3880,.T.);
#3880 = EDGE_CURVE('',#3849,#3881,#3883,.T.);
#3881 = VERTEX_POINT('',#3882);
#3882 = CARTESIAN_POINT('',(289.46933030003,-16.,15.81104191313));
#3883 = LINE('',#3884,#3885);
#3884 = CARTESIAN_POINT('',(332.89099036034,-16.,218.52760478282));
#3885 = VECTOR('',#3886,1.);
#3886 = DIRECTION('',(-0.209447904343,-0.,-0.977819807207));
#3887 = ORIENTED_EDGE('',*,*,#3888,.F.);
#3888 = EDGE_CURVE('',#3889,#3881,#3891,.T.);
#3889 = VERTEX_POINT('',#3890);
#3890 = CARTESIAN_POINT('',(289.46933030003,4.E-15,15.81104191313));
#3891 = LINE('',#3892,#3893);
#3892 = CARTESIAN_POINT('',(289.46933030003,3.51E-15,15.81104191313));
#3893 = VECTOR('',#3894,1.);
#3894 = DIRECTION('',(0.,-1.,2.2E-16));
#3895 = ORIENTED_EDGE('',*,*,#3896,.F.);
#3896 = EDGE_CURVE('',#3847,#3889,#3897,.T.);
#3897 = LINE('',#3898,#3899);
#3898 = CARTESIAN_POINT('',(332.89099036034,0.,218.52760478282));
#3899 = VECTOR('',#3900,1.);
#3900 = DIRECTION('',(-0.209447904343,-0.,-0.977819807207));
#3901 = PLANE('',#3902);
#3902 = AXIS2_PLACEMENT_3D('',#3903,#3904,#3905);
#3903 = CARTESIAN_POINT('',(332.89099036034,4.852E-14,218.52760478282));
#3904 = DIRECTION('',(0.977819807207,-5.E-17,-0.209447904343));
#3905 = DIRECTION('',(-0.209447904343,-2.2E-16,-0.977819807207));
#3906 = ADVANCED_FACE('',(#3907),#3934,.T.);
#3907 = FACE_BOUND('',#3908,.F.);
#3908 = EDGE_LOOP('',(#3909,#3919,#3926,#3927));
#3909 = ORIENTED_EDGE('',*,*,#3910,.T.);
#3910 = EDGE_CURVE('',#3911,#3913,#3915,.T.);
#3911 = VERTEX_POINT('',#3912);
#3912 = CARTESIAN_POINT('',(269.91293415589,0.,0.));
#3913 = VERTEX_POINT('',#3914);
#3914 = CARTESIAN_POINT('',(269.91293415589,-16.,4.E-15));
#3915 = LINE('',#3916,#3917);
#3916 = CARTESIAN_POINT('',(269.91293415589,0.,0.));
#3917 = VECTOR('',#3918,1.);
#3918 = DIRECTION('',(0.,-1.,2.2E-16));
#3919 = ORIENTED_EDGE('',*,*,#3920,.T.);
#3920 = EDGE_CURVE('',#3913,#3881,#3921,.T.);
#3921 = CIRCLE('',#3922,20.);
#3922 = AXIS2_PLACEMENT_3D('',#3923,#3924,#3925);
#3923 = CARTESIAN_POINT('',(269.91293415589,-16.,20.));
#3924 = DIRECTION('',(0.,-1.,0.));
#3925 = DIRECTION('',(1.,0.,0.));
#3926 = ORIENTED_EDGE('',*,*,#3888,.F.);
#3927 = ORIENTED_EDGE('',*,*,#3928,.F.);
#3928 = EDGE_CURVE('',#3911,#3889,#3929,.T.);
#3929 = CIRCLE('',#3930,20.);
#3930 = AXIS2_PLACEMENT_3D('',#3931,#3932,#3933);
#3931 = CARTESIAN_POINT('',(269.91293415589,0.,20.));
#3932 = DIRECTION('',(0.,-1.,0.));
#3933 = DIRECTION('',(1.,0.,0.));
#3934 = CYLINDRICAL_SURFACE('',#3935,20.);
#3935 = AXIS2_PLACEMENT_3D('',#3936,#3937,#3938);
#3936 = CARTESIAN_POINT('',(269.91293415589,4.44E-15,20.));
#3937 = DIRECTION('',(0.,1.,-2.2E-16));
#3938 = DIRECTION('',(1.,0.,0.));
#3939 = ADVANCED_FACE('',(#3940),#3965,.T.);
#3940 = FACE_BOUND('',#3941,.T.);
#3941 = EDGE_LOOP('',(#3942,#3943,#3951,#3959));
#3942 = ORIENTED_EDGE('',*,*,#3910,.T.);
#3943 = ORIENTED_EDGE('',*,*,#3944,.T.);
#3944 = EDGE_CURVE('',#3913,#3945,#3947,.T.);
#3945 = VERTEX_POINT('',#3946);
#3946 = CARTESIAN_POINT('',(20.,-16.,4.E-15));
#3947 = LINE('',#3948,#3949);
#3948 = CARTESIAN_POINT('',(269.91293415589,-16.,4.E-15));
#3949 = VECTOR('',#3950,1.);
#3950 = DIRECTION('',(-1.,-0.,0.));
#3951 = ORIENTED_EDGE('',*,*,#3952,.F.);
#3952 = EDGE_CURVE('',#3953,#3945,#3955,.T.);
#3953 = VERTEX_POINT('',#3954);
#3954 = CARTESIAN_POINT('',(20.,0.,0.));
#3955 = LINE('',#3956,#3957);
#3956 = CARTESIAN_POINT('',(20.,-0.,-0.));
#3957 = VECTOR('',#3958,1.);
#3958 = DIRECTION('',(0.,-1.,2.2E-16));
#3959 = ORIENTED_EDGE('',*,*,#3960,.F.);
#3960 = EDGE_CURVE('',#3911,#3953,#3961,.T.);
#3961 = LINE('',#3962,#3963);
#3962 = CARTESIAN_POINT('',(269.91293415589,0.,0.));
#3963 = VECTOR('',#3964,1.);
#3964 = DIRECTION('',(-1.,-0.,0.));
#3965 = PLANE('',#3966);
#3966 = AXIS2_PLACEMENT_3D('',#3967,#3968,#3969);
#3967 = CARTESIAN_POINT('',(269.91293415589,0.,0.));
#3968 = DIRECTION('',(0.,-2.2E-16,-1.));
#3969 = DIRECTION('',(-1.,-0.,0.));
#3970 = ADVANCED_FACE('',(#3971),#3989,.T.);
#3971 = FACE_BOUND('',#3972,.F.);
#3972 = EDGE_LOOP('',(#3973,#3974,#3981,#3982));
#3973 = ORIENTED_EDGE('',*,*,#3742,.T.);
#3974 = ORIENTED_EDGE('',*,*,#3975,.T.);
#3975 = EDGE_CURVE('',#3745,#3945,#3976,.T.);
#3976 = CIRCLE('',#3977,20.);
#3977 = AXIS2_PLACEMENT_3D('',#3978,#3979,#3980);
#3978 = CARTESIAN_POINT('',(20.,-16.,20.));
#3979 = DIRECTION('',(0.,-1.,0.));
#3980 = DIRECTION('',(1.,0.,0.));
#3981 = ORIENTED_EDGE('',*,*,#3952,.F.);
#3982 = ORIENTED_EDGE('',*,*,#3983,.F.);
#3983 = EDGE_CURVE('',#3743,#3953,#3984,.T.);
#3984 = CIRCLE('',#3985,20.);
#3985 = AXIS2_PLACEMENT_3D('',#3986,#3987,#3988);
#3986 = CARTESIAN_POINT('',(20.,0.,20.));
#3987 = DIRECTION('',(0.,-1.,0.));
#3988 = DIRECTION('',(1.,0.,0.));
#3989 = CYLINDRICAL_SURFACE('',#3990,20.);
#3990 = AXIS2_PLACEMENT_3D('',#3991,#3992,#3993);
#3991 = CARTESIAN_POINT('',(20.,4.44E-15,20.));
#3992 = DIRECTION('',(0.,1.,-2.2E-16));
#3993 = DIRECTION('',(1.,0.,0.));
#3994 = ADVANCED_FACE('',(#3995),#4022,.F.);
#3995 = FACE_BOUND('',#3996,.T.);
#3996 = EDGE_LOOP('',(#3997,#4007,#4014,#4015));
#3997 = ORIENTED_EDGE('',*,*,#3998,.T.);
#3998 = EDGE_CURVE('',#3999,#4001,#4003,.T.);
#3999 = VERTEX_POINT('',#4000);
#4000 = CARTESIAN_POINT('',(314.,5.1E-14,229.));
#4001 = VERTEX_POINT('',#4002);
#4002 = CARTESIAN_POINT('',(314.,-16.,229.));
#4003 = LINE('',#4004,#4005);
#4004 = CARTESIAN_POINT('',(314.,5.085E-14,229.));
#4005 = VECTOR('',#4006,1.);
#4006 = DIRECTION('',(0.,-1.,2.2E-16));
#4007 = ORIENTED_EDGE('',*,*,#4008,.T.);
#4008 = EDGE_CURVE('',#4001,#4001,#4009,.T.);
#4009 = CIRCLE('',#4010,30.);
#4010 = AXIS2_PLACEMENT_3D('',#4011,#4012,#4013);
#4011 = CARTESIAN_POINT('',(284.,-16.,229.));
#4012 = DIRECTION('',(0.,-1.,0.));
#4013 = DIRECTION('',(1.,0.,0.));
#4014 = ORIENTED_EDGE('',*,*,#3998,.F.);
#4015 = ORIENTED_EDGE('',*,*,#4016,.F.);
#4016 = EDGE_CURVE('',#3999,#3999,#4017,.T.);
#4017 = CIRCLE('',#4018,30.);
#4018 = AXIS2_PLACEMENT_3D('',#4019,#4020,#4021);
#4019 = CARTESIAN_POINT('',(284.,0.,229.));
#4020 = DIRECTION('',(0.,-1.,0.));
#4021 = DIRECTION('',(1.,0.,0.));
#4022 = CYLINDRICAL_SURFACE('',#4023,30.);
#4023 = AXIS2_PLACEMENT_3D('',#4024,#4025,#4026);
#4024 = CARTESIAN_POINT('',(284.,5.085E-14,229.));
#4025 = DIRECTION('',(0.,1.,-2.2E-16));
#4026 = DIRECTION('',(1.,0.,0.));
#4027 = ADVANCED_FACE('',(#4028,#4038),#4041,.T.);
#4028 = FACE_BOUND('',#4029,.T.);
#4029 = EDGE_LOOP('',(#4030,#4031,#4032,#4033,#4034,#4035,#4036,#4037));
#4030 = ORIENTED_EDGE('',*,*,#3768,.T.);
#4031 = ORIENTED_EDGE('',*,*,#3800,.F.);
#4032 = ORIENTED_EDGE('',*,*,#3832,.T.);
#4033 = ORIENTED_EDGE('',*,*,#3864,.F.);
#4034 = ORIENTED_EDGE('',*,*,#3896,.T.);
#4035 = ORIENTED_EDGE('',*,*,#3928,.F.);
#4036 = ORIENTED_EDGE('',*,*,#3960,.T.);
#4037 = ORIENTED_EDGE('',*,*,#3983,.F.);
#4038 = FACE_BOUND('',#4039,.T.);
#4039 = EDGE_LOOP('',(#4040));
#4040 = ORIENTED_EDGE('',*,*,#4016,.T.);
#4041 = PLANE('',#4042);
#4042 = AXIS2_PLACEMENT_3D('',#4043,#4044,#4045);
#4043 = CARTESIAN_POINT('',(136.58769021651,6.284E-14,283.02144483637));
#4044 = DIRECTION('',(0.,1.,0.));
#4045 = DIRECTION('',(0.,0.,1.));
#4046 = ADVANCED_FACE('',(#4047,#4057),#4060,.F.);
#4047 = FACE_BOUND('',#4048,.F.);
#4048 = EDGE_LOOP('',(#4049,#4050,#4051,#4052,#4053,#4054,#4055,#4056));
#4049 = ORIENTED_EDGE('',*,*,#3752,.T.);
#4050 = ORIENTED_EDGE('',*,*,#3792,.F.);
#4051 = ORIENTED_EDGE('',*,*,#3816,.T.);
#4052 = ORIENTED_EDGE('',*,*,#3856,.F.);
#4053 = ORIENTED_EDGE('',*,*,#3880,.T.);
#4054 = ORIENTED_EDGE('',*,*,#3920,.F.);
#4055 = ORIENTED_EDGE('',*,*,#3944,.T.);
#4056 = ORIENTED_EDGE('',*,*,#3975,.F.);
#4057 = FACE_BOUND('',#4058,.F.);
#4058 = EDGE_LOOP('',(#4059));
#4059 = ORIENTED_EDGE('',*,*,#4008,.T.);
#4060 = PLANE('',#4061);
#4061 = AXIS2_PLACEMENT_3D('',#4062,#4063,#4064);
#4062 = CARTESIAN_POINT('',(136.58769021651,-16.,283.02144483637));
#4063 = DIRECTION('',(0.,1.,0.));
#4064 = DIRECTION('',(0.,0.,1.));
#4065 = ( GEOMETRIC_REPRESENTATION_CONTEXT(3) 
GLOBAL_UNCERTAINTY_ASSIGNED_CONTEXT((#4069)) 
GLOBAL_UNIT_ASSIGNED_CONTEXT((#4066,#4067,#4068)) REPRESENTATION_CONTEXT
('Context #1','3D Context with UNIT and UNCERTAINTY') );
#4066 = ( LENGTH_UNIT() NAMED_UNIT(*) SI_UNIT(.MILLI.,.METRE.) );
#4067 = ( NAMED_UNIT(*) PLANE_ANGLE_UNIT() SI_UNIT($,.RADIAN.) );
#4068 = ( NAMED_UNIT(*) SI_UNIT($,.STERADIAN.) SOLID_ANGLE_UNIT() );
#4069 = UNCERTAINTY_MEASURE_WITH_UNIT(LENGTH_MEASURE(1.E-07),#4066,
  'distance_accuracy_value','confusion accuracy');
#4070 = CONTEXT_DEPENDENT_SHAPE_REPRESENTATION(#4071,#4073);
#4071 = ( REPRESENTATION_RELATIONSHIP('','',#3735,#3115) 
REPRESENTATION_RELATIONSHIP_WITH_TRANSFORMATION(#4072) 
SHAPE_REPRESENTATION_RELATIONSHIP() );
#4072 = ITEM_DEFINED_TRANSFORMATION('','',#11,#3120);
#4073 = PRODUCT_DEFINITION_SHAPE('Placement','Placement of an item',
  #4074);
#4074 = NEXT_ASSEMBLY_USAGE_OCCURRENCE('3','Body002','',#3110,#3730,$);
#4075 = PRODUCT_RELATED_PRODUCT_CATEGORY('part',$,(#3732));
#4076 = SHAPE_DEFINITION_REPRESENTATION(#4077,#4083);
#4077 = PRODUCT_DEFINITION_SHAPE('','',#4078);
#4078 = PRODUCT_DEFINITION('design','',#4079,#4082);
#4079 = PRODUCT_DEFINITION_FORMATION('','',#4080);
#4080 = PRODUCT('Body','Body','',(#4081));
#4081 = PRODUCT_CONTEXT('',#2,'mechanical');
#4082 = PRODUCT_DEFINITION_CONTEXT('part definition',#2,'design');
#4083 = ADVANCED_BREP_SHAPE_REPRESENTATION('',(#11,#4084),#4413);
#4084 = MANIFOLD_SOLID_BREP('',#4085);
#4085 = CLOSED_SHELL('',(#4086,#4126,#4159,#4190,#4223,#4254,#4287,#4318
    ,#4342,#4375,#4394));
#4086 = ADVANCED_FACE('',(#4087),#4121,.T.);
#4087 = FACE_BOUND('',#4088,.T.);
#4088 = EDGE_LOOP('',(#4089,#4099,#4107,#4115));
#4089 = ORIENTED_EDGE('',*,*,#4090,.T.);
#4090 = EDGE_CURVE('',#4091,#4093,#4095,.T.);
#4091 = VERTEX_POINT('',#4092);
#4092 = CARTESIAN_POINT('',(0.,4.E-15,20.));
#4093 = VERTEX_POINT('',#4094);
#4094 = CARTESIAN_POINT('',(0.,-16.,20.));
#4095 = LINE('',#4096,#4097);
#4096 = CARTESIAN_POINT('',(0.,4.44E-15,20.));
#4097 = VECTOR('',#4098,1.);
#4098 = DIRECTION('',(0.,-1.,2.2E-16));
#4099 = ORIENTED_EDGE('',*,*,#4100,.T.);
#4100 = EDGE_CURVE('',#4093,#4101,#4103,.T.);
#4101 = VERTEX_POINT('',#4102);
#4102 = CARTESIAN_POINT('',(0.,-16.,380.55068623835));
#4103 = LINE('',#4104,#4105);
#4104 = CARTESIAN_POINT('',(0.,-16.,20.));
#4105 = VECTOR('',#4106,1.);
#4106 = DIRECTION('',(0.,0.,1.));
#4107 = ORIENTED_EDGE('',*,*,#4108,.F.);
#4108 = EDGE_CURVE('',#4109,#4101,#4111,.T.);
#4109 = VERTEX_POINT('',#4110);
#4110 = CARTESIAN_POINT('',(0.,8.4E-14,380.55068623835));
#4111 = LINE('',#4112,#4113);
#4112 = CARTESIAN_POINT('',(0.,8.45E-14,380.55068623835));
#4113 = VECTOR('',#4114,1.);
#4114 = DIRECTION('',(0.,-1.,2.2E-16));
#4115 = ORIENTED_EDGE('',*,*,#4116,.F.);
#4116 = EDGE_CURVE('',#4091,#4109,#4117,.T.);
#4117 = LINE('',#4118,#4119);
#4118 = CARTESIAN_POINT('',(0.,0.,20.));
#4119 = VECTOR('',#4120,1.);
#4120 = DIRECTION('',(0.,0.,1.));
#4121 = PLANE('',#4122);
#4122 = AXIS2_PLACEMENT_3D('',#4123,#4124,#4125);
#4123 = CARTESIAN_POINT('',(0.,4.44E-15,20.));
#4124 = DIRECTION('',(-1.,0.,0.));
#4125 = DIRECTION('',(0.,2.2E-16,1.));
#4126 = ADVANCED_FACE('',(#4127),#4154,.T.);
#4127 = FACE_BOUND('',#4128,.F.);
#4128 = EDGE_LOOP('',(#4129,#4139,#4146,#4147));
#4129 = ORIENTED_EDGE('',*,*,#4130,.T.);
#4130 = EDGE_CURVE('',#4131,#4133,#4135,.T.);
#4131 = VERTEX_POINT('',#4132);
#4132 = CARTESIAN_POINT('',(33.890656227996,8.8E-14,394.93990684113));
#4133 = VERTEX_POINT('',#4134);
#4134 = CARTESIAN_POINT('',(33.890656227996,-16.,394.93990684113));
#4135 = LINE('',#4136,#4137);
#4136 = CARTESIAN_POINT('',(33.890656227996,8.769E-14,394.93990684113));
#4137 = VECTOR('',#4138,1.);
#4138 = DIRECTION('',(0.,-1.,2.2E-16));
#4139 = ORIENTED_EDGE('',*,*,#4140,.T.);
#4140 = EDGE_CURVE('',#4133,#4101,#4141,.T.);
#4141 = CIRCLE('',#4142,20.);
#4142 = AXIS2_PLACEMENT_3D('',#4143,#4144,#4145);
#4143 = CARTESIAN_POINT('',(20.,-16.,380.55068623835));
#4144 = DIRECTION('',(0.,-1.,0.));
#4145 = DIRECTION('',(1.,0.,0.));
#4146 = ORIENTED_EDGE('',*,*,#4108,.F.);
#4147 = ORIENTED_EDGE('',*,*,#4148,.F.);
#4148 = EDGE_CURVE('',#4131,#4109,#4149,.T.);
#4149 = CIRCLE('',#4150,20.);
#4150 = AXIS2_PLACEMENT_3D('',#4151,#4152,#4153);
#4151 = CARTESIAN_POINT('',(20.,0.,380.55068623835));
#4152 = DIRECTION('',(0.,-1.,0.));
#4153 = DIRECTION('',(1.,0.,0.));
#4154 = CYLINDRICAL_SURFACE('',#4155,20.);
#4155 = AXIS2_PLACEMENT_3D('',#4156,#4157,#4158);
#4156 = CARTESIAN_POINT('',(20.,8.45E-14,380.55068623835));
#4157 = DIRECTION('',(0.,1.,-2.2E-16));
#4158 = DIRECTION('',(1.,0.,0.));
#4159 = ADVANCED_FACE('',(#4160),#4185,.T.);
#4160 = FACE_BOUND('',#4161,.T.);
#4161 = EDGE_LOOP('',(#4162,#4163,#4171,#4179));
#4162 = ORIENTED_EDGE('',*,*,#4130,.T.);
#4163 = ORIENTED_EDGE('',*,*,#4164,.T.);
#4164 = EDGE_CURVE('',#4133,#4165,#4167,.T.);
#4165 = VERTEX_POINT('',#4166);
#4166 = CARTESIAN_POINT('',(318.72664056999,-16.,119.97305150696));
#4167 = LINE('',#4168,#4169);
#4168 = CARTESIAN_POINT('',(33.890656227996,-16.,394.93990684113));
#4169 = VECTOR('',#4170,1.);
#4170 = DIRECTION('',(0.719461030139,0.,-0.6945328114));
#4171 = ORIENTED_EDGE('',*,*,#4172,.F.);
#4172 = EDGE_CURVE('',#4173,#4165,#4175,.T.);
#4173 = VERTEX_POINT('',#4174);
#4174 = CARTESIAN_POINT('',(318.72664056999,2.7E-14,119.97305150696));
#4175 = LINE('',#4176,#4177);
#4176 = CARTESIAN_POINT('',(318.72664056999,2.664E-14,119.97305150696));
#4177 = VECTOR('',#4178,1.);
#4178 = DIRECTION('',(0.,-1.,2.2E-16));
#4179 = ORIENTED_EDGE('',*,*,#4180,.F.);
#4180 = EDGE_CURVE('',#4131,#4173,#4181,.T.);
#4181 = LINE('',#4182,#4183);
#4182 = CARTESIAN_POINT('',(33.890656227996,0.,394.93990684113));
#4183 = VECTOR('',#4184,1.);
#4184 = DIRECTION('',(0.719461030139,0.,-0.6945328114));
#4185 = PLANE('',#4186);
#4186 = AXIS2_PLACEMENT_3D('',#4187,#4188,#4189);
#4187 = CARTESIAN_POINT('',(33.890656227996,8.769E-14,394.93990684113));
#4188 = DIRECTION('',(0.6945328114,1.6E-16,0.719461030139));
#4189 = DIRECTION('',(0.719461030139,-1.5E-16,-0.6945328114));
#4190 = ADVANCED_FACE('',(#4191),#4218,.T.);
#4191 = FACE_BOUND('',#4192,.F.);
#4192 = EDGE_LOOP('',(#4193,#4203,#4210,#4211));
#4193 = ORIENTED_EDGE('',*,*,#4194,.T.);
#4194 = EDGE_CURVE('',#4195,#4197,#4199,.T.);
#4195 = VERTEX_POINT('',#4196);
#4196 = CARTESIAN_POINT('',(318.25279275875,1.1E-14,47.575472711017));
#4197 = VERTEX_POINT('',#4198);
#4198 = CARTESIAN_POINT('',(318.25279275875,-16.,47.575472711017));
#4199 = LINE('',#4200,#4201);
#4200 = CARTESIAN_POINT('',(318.25279275875,1.056E-14,47.575472711017));
#4201 = VECTOR('',#4202,1.);
#4202 = DIRECTION('',(0.,-1.,2.2E-16));
#4203 = ORIENTED_EDGE('',*,*,#4204,.T.);
#4204 = EDGE_CURVE('',#4197,#4165,#4205,.T.);
#4205 = CIRCLE('',#4206,50.);
#4206 = AXIS2_PLACEMENT_3D('',#4207,#4208,#4209);
#4207 = CARTESIAN_POINT('',(284.,-16.,84.));
#4208 = DIRECTION('',(0.,-1.,0.));
#4209 = DIRECTION('',(1.,0.,0.));
#4210 = ORIENTED_EDGE('',*,*,#4172,.F.);
#4211 = ORIENTED_EDGE('',*,*,#4212,.F.);
#4212 = EDGE_CURVE('',#4195,#4173,#4213,.T.);
#4213 = CIRCLE('',#4214,50.);
#4214 = AXIS2_PLACEMENT_3D('',#4215,#4216,#4217);
#4215 = CARTESIAN_POINT('',(284.,0.,84.));
#4216 = DIRECTION('',(0.,-1.,0.));
#4217 = DIRECTION('',(1.,0.,0.));
#4218 = CYLINDRICAL_SURFACE('',#4219,50.);
#4219 = AXIS2_PLACEMENT_3D('',#4220,#4221,#4222);
#4220 = CARTESIAN_POINT('',(284.,1.865E-14,84.));
#4221 = DIRECTION('',(0.,1.,-2.2E-16));
#4222 = DIRECTION('',(1.,0.,0.));
#4223 = ADVANCED_FACE('',(#4224),#4249,.T.);
#4224 = FACE_BOUND('',#4225,.T.);
#4225 = EDGE_LOOP('',(#4226,#4227,#4235,#4243));
#4226 = ORIENTED_EDGE('',*,*,#4194,.T.);
#4227 = ORIENTED_EDGE('',*,*,#4228,.T.);
#4228 = EDGE_CURVE('',#4197,#4229,#4231,.T.);
#4229 = VERTEX_POINT('',#4230);
#4230 = CARTESIAN_POINT('',(273.43536591792,-16.,5.430189084407));
#4231 = LINE('',#4232,#4233);
#4232 = CARTESIAN_POINT('',(318.25279275875,-16.,47.575472711017));
#4233 = VECTOR('',#4234,1.);
#4234 = DIRECTION('',(-0.72849054578,-0.,-0.685055855175));
#4235 = ORIENTED_EDGE('',*,*,#4236,.F.);
#4236 = EDGE_CURVE('',#4237,#4229,#4239,.T.);
#4237 = VERTEX_POINT('',#4238);
#4238 = CARTESIAN_POINT('',(273.43536591792,1.E-15,5.430189084407));
#4239 = LINE('',#4240,#4241);
#4240 = CARTESIAN_POINT('',(273.43536591792,1.21E-15,5.430189084407));
#4241 = VECTOR('',#4242,1.);
#4242 = DIRECTION('',(0.,-1.,2.2E-16));
#4243 = ORIENTED_EDGE('',*,*,#4244,.F.);
#4244 = EDGE_CURVE('',#4195,#4237,#4245,.T.);
#4245 = LINE('',#4246,#4247);
#4246 = CARTESIAN_POINT('',(318.25279275875,0.,47.575472711017));
#4247 = VECTOR('',#4248,1.);
#4248 = DIRECTION('',(-0.72849054578,-0.,-0.685055855175));
#4249 = PLANE('',#4250);
#4250 = AXIS2_PLACEMENT_3D('',#4251,#4252,#4253);
#4251 = CARTESIAN_POINT('',(318.25279275875,1.056E-14,47.575472711017));
#4252 = DIRECTION('',(0.685055855175,-1.6E-16,-0.72849054578));
#4253 = DIRECTION('',(-0.72849054578,-1.5E-16,-0.685055855175));
#4254 = ADVANCED_FACE('',(#4255),#4282,.T.);
#4255 = FACE_BOUND('',#4256,.F.);
#4256 = EDGE_LOOP('',(#4257,#4267,#4274,#4275));
#4257 = ORIENTED_EDGE('',*,*,#4258,.T.);
#4258 = EDGE_CURVE('',#4259,#4261,#4263,.T.);
#4259 = VERTEX_POINT('',#4260);
#4260 = CARTESIAN_POINT('',(259.73424881442,0.,0.));
#4261 = VERTEX_POINT('',#4262);
#4262 = CARTESIAN_POINT('',(259.73424881442,-16.,4.E-15));
#4263 = LINE('',#4264,#4265);
#4264 = CARTESIAN_POINT('',(259.73424881442,-0.,-0.));
#4265 = VECTOR('',#4266,1.);
#4266 = DIRECTION('',(0.,-1.,2.2E-16));
#4267 = ORIENTED_EDGE('',*,*,#4268,.T.);
#4268 = EDGE_CURVE('',#4261,#4229,#4269,.T.);
#4269 = CIRCLE('',#4270,20.);
#4270 = AXIS2_PLACEMENT_3D('',#4271,#4272,#4273);
#4271 = CARTESIAN_POINT('',(259.73424881442,-16.,20.));
#4272 = DIRECTION('',(0.,-1.,0.));
#4273 = DIRECTION('',(1.,0.,0.));
#4274 = ORIENTED_EDGE('',*,*,#4236,.F.);
#4275 = ORIENTED_EDGE('',*,*,#4276,.F.);
#4276 = EDGE_CURVE('',#4259,#4237,#4277,.T.);
#4277 = CIRCLE('',#4278,20.);
#4278 = AXIS2_PLACEMENT_3D('',#4279,#4280,#4281);
#4279 = CARTESIAN_POINT('',(259.73424881442,0.,20.));
#4280 = DIRECTION('',(0.,-1.,0.));
#4281 = DIRECTION('',(1.,0.,0.));
#4282 = CYLINDRICAL_SURFACE('',#4283,20.);
#4283 = AXIS2_PLACEMENT_3D('',#4284,#4285,#4286);
#4284 = CARTESIAN_POINT('',(259.73424881442,4.44E-15,20.));
#4285 = DIRECTION('',(0.,1.,-2.2E-16));
#4286 = DIRECTION('',(1.,0.,0.));
#4287 = ADVANCED_FACE('',(#4288),#4313,.T.);
#4288 = FACE_BOUND('',#4289,.T.);
#4289 = EDGE_LOOP('',(#4290,#4291,#4299,#4307));
#4290 = ORIENTED_EDGE('',*,*,#4258,.T.);
#4291 = ORIENTED_EDGE('',*,*,#4292,.T.);
#4292 = EDGE_CURVE('',#4261,#4293,#4295,.T.);
#4293 = VERTEX_POINT('',#4294);
#4294 = CARTESIAN_POINT('',(20.,-16.,4.E-15));
#4295 = LINE('',#4296,#4297);
#4296 = CARTESIAN_POINT('',(259.73424881442,-16.,4.E-15));
#4297 = VECTOR('',#4298,1.);
#4298 = DIRECTION('',(-1.,0.,0.));
#4299 = ORIENTED_EDGE('',*,*,#4300,.F.);
#4300 = EDGE_CURVE('',#4301,#4293,#4303,.T.);
#4301 = VERTEX_POINT('',#4302);
#4302 = CARTESIAN_POINT('',(20.,0.,0.));
#4303 = LINE('',#4304,#4305);
#4304 = CARTESIAN_POINT('',(20.,0.,0.));
#4305 = VECTOR('',#4306,1.);
#4306 = DIRECTION('',(0.,-1.,2.2E-16));
#4307 = ORIENTED_EDGE('',*,*,#4308,.F.);
#4308 = EDGE_CURVE('',#4259,#4301,#4309,.T.);
#4309 = LINE('',#4310,#4311);
#4310 = CARTESIAN_POINT('',(259.73424881442,0.,0.));
#4311 = VECTOR('',#4312,1.);
#4312 = DIRECTION('',(-1.,0.,0.));
#4313 = PLANE('',#4314);
#4314 = AXIS2_PLACEMENT_3D('',#4315,#4316,#4317);
#4315 = CARTESIAN_POINT('',(259.73424881442,-0.,-0.));
#4316 = DIRECTION('',(-0.,-2.2E-16,-1.));
#4317 = DIRECTION('',(-1.,0.,0.));
#4318 = ADVANCED_FACE('',(#4319),#4337,.T.);
#4319 = FACE_BOUND('',#4320,.F.);
#4320 = EDGE_LOOP('',(#4321,#4322,#4329,#4330));
#4321 = ORIENTED_EDGE('',*,*,#4090,.T.);
#4322 = ORIENTED_EDGE('',*,*,#4323,.T.);
#4323 = EDGE_CURVE('',#4093,#4293,#4324,.T.);
#4324 = CIRCLE('',#4325,20.);
#4325 = AXIS2_PLACEMENT_3D('',#4326,#4327,#4328);
#4326 = CARTESIAN_POINT('',(20.,-16.,20.));
#4327 = DIRECTION('',(0.,-1.,0.));
#4328 = DIRECTION('',(1.,0.,0.));
#4329 = ORIENTED_EDGE('',*,*,#4300,.F.);
#4330 = ORIENTED_EDGE('',*,*,#4331,.F.);
#4331 = EDGE_CURVE('',#4091,#4301,#4332,.T.);
#4332 = CIRCLE('',#4333,20.);
#4333 = AXIS2_PLACEMENT_3D('',#4334,#4335,#4336);
#4334 = CARTESIAN_POINT('',(20.,0.,20.));
#4335 = DIRECTION('',(0.,-1.,0.));
#4336 = DIRECTION('',(1.,0.,0.));
#4337 = CYLINDRICAL_SURFACE('',#4338,20.);
#4338 = AXIS2_PLACEMENT_3D('',#4339,#4340,#4341);
#4339 = CARTESIAN_POINT('',(20.,4.44E-15,20.));
#4340 = DIRECTION('',(0.,1.,-2.2E-16));
#4341 = DIRECTION('',(1.,0.,0.));
#4342 = ADVANCED_FACE('',(#4343),#4370,.F.);
#4343 = FACE_BOUND('',#4344,.T.);
#4344 = EDGE_LOOP('',(#4345,#4355,#4362,#4363));
#4345 = ORIENTED_EDGE('',*,*,#4346,.T.);
#4346 = EDGE_CURVE('',#4347,#4349,#4351,.T.);
#4347 = VERTEX_POINT('',#4348);
#4348 = CARTESIAN_POINT('',(314.,1.9E-14,84.));
#4349 = VERTEX_POINT('',#4350);
#4350 = CARTESIAN_POINT('',(314.,-16.,84.));
#4351 = LINE('',#4352,#4353);
#4352 = CARTESIAN_POINT('',(314.,1.865E-14,84.));
#4353 = VECTOR('',#4354,1.);
#4354 = DIRECTION('',(0.,-1.,2.2E-16));
#4355 = ORIENTED_EDGE('',*,*,#4356,.T.);
#4356 = EDGE_CURVE('',#4349,#4349,#4357,.T.);
#4357 = CIRCLE('',#4358,30.);
#4358 = AXIS2_PLACEMENT_3D('',#4359,#4360,#4361);
#4359 = CARTESIAN_POINT('',(284.,-16.,84.));
#4360 = DIRECTION('',(0.,-1.,0.));
#4361 = DIRECTION('',(1.,0.,0.));
#4362 = ORIENTED_EDGE('',*,*,#4346,.F.);
#4363 = ORIENTED_EDGE('',*,*,#4364,.F.);
#4364 = EDGE_CURVE('',#4347,#4347,#4365,.T.);
#4365 = CIRCLE('',#4366,30.);
#4366 = AXIS2_PLACEMENT_3D('',#4367,#4368,#4369);
#4367 = CARTESIAN_POINT('',(284.,0.,84.));
#4368 = DIRECTION('',(0.,-1.,0.));
#4369 = DIRECTION('',(1.,0.,0.));
#4370 = CYLINDRICAL_SURFACE('',#4371,30.);
#4371 = AXIS2_PLACEMENT_3D('',#4372,#4373,#4374);
#4372 = CARTESIAN_POINT('',(284.,1.865E-14,84.));
#4373 = DIRECTION('',(0.,1.,-2.2E-16));
#4374 = DIRECTION('',(1.,0.,0.));
#4375 = ADVANCED_FACE('',(#4376,#4386),#4389,.T.);
#4376 = FACE_BOUND('',#4377,.T.);
#4377 = EDGE_LOOP('',(#4378,#4379,#4380,#4381,#4382,#4383,#4384,#4385));
#4378 = ORIENTED_EDGE('',*,*,#4116,.T.);
#4379 = ORIENTED_EDGE('',*,*,#4148,.F.);
#4380 = ORIENTED_EDGE('',*,*,#4180,.T.);
#4381 = ORIENTED_EDGE('',*,*,#4212,.F.);
#4382 = ORIENTED_EDGE('',*,*,#4244,.T.);
#4383 = ORIENTED_EDGE('',*,*,#4276,.F.);
#4384 = ORIENTED_EDGE('',*,*,#4308,.T.);
#4385 = ORIENTED_EDGE('',*,*,#4331,.F.);
#4386 = FACE_BOUND('',#4387,.T.);
#4387 = EDGE_LOOP('',(#4388));
#4388 = ORIENTED_EDGE('',*,*,#4364,.T.);
#4389 = PLANE('',#4390);
#4390 = AXIS2_PLACEMENT_3D('',#4391,#4392,#4393);
#4391 = CARTESIAN_POINT('',(142.14079003275,3.427E-14,154.33692287587));
#4392 = DIRECTION('',(0.,1.,0.));
#4393 = DIRECTION('',(0.,0.,1.));
#4394 = ADVANCED_FACE('',(#4395,#4405),#4408,.F.);
#4395 = FACE_BOUND('',#4396,.F.);
#4396 = EDGE_LOOP('',(#4397,#4398,#4399,#4400,#4401,#4402,#4403,#4404));
#4397 = ORIENTED_EDGE('',*,*,#4100,.T.);
#4398 = ORIENTED_EDGE('',*,*,#4140,.F.);
#4399 = ORIENTED_EDGE('',*,*,#4164,.T.);
#4400 = ORIENTED_EDGE('',*,*,#4204,.F.);
#4401 = ORIENTED_EDGE('',*,*,#4228,.T.);
#4402 = ORIENTED_EDGE('',*,*,#4268,.F.);
#4403 = ORIENTED_EDGE('',*,*,#4292,.T.);
#4404 = ORIENTED_EDGE('',*,*,#4323,.F.);
#4405 = FACE_BOUND('',#4406,.F.);
#4406 = EDGE_LOOP('',(#4407));
#4407 = ORIENTED_EDGE('',*,*,#4356,.T.);
#4408 = PLANE('',#4409);
#4409 = AXIS2_PLACEMENT_3D('',#4410,#4411,#4412);
#4410 = CARTESIAN_POINT('',(142.14079003275,-16.,154.33692287587));
#4411 = DIRECTION('',(0.,1.,0.));
#4412 = DIRECTION('',(0.,0.,1.));
#4413 = ( GEOMETRIC_REPRESENTATION_CONTEXT(3) 
GLOBAL_UNCERTAINTY_ASSIGNED_CONTEXT((#4417)) 
GLOBAL_UNIT_ASSIGNED_CONTEXT((#4414,#4415,#4416)) REPRESENTATION_CONTEXT
('Context #1','3D Context with UNIT and UNCERTAINTY') );
#4414 = ( LENGTH_UNIT() NAMED_UNIT(*) SI_UNIT(.MILLI.,.METRE.) );
#4415 = ( NAMED_UNIT(*) PLANE_ANGLE_UNIT() SI_UNIT($,.RADIAN.) );
#4416 = ( NAMED_UNIT(*) SI_UNIT($,.STERADIAN.) SOLID_ANGLE_UNIT() );
#4417 = UNCERTAINTY_MEASURE_WITH_UNIT(LENGTH_MEASURE(1.E-07),#4414,
  'distance_accuracy_value','confusion accuracy');
#4418 = CONTEXT_DEPENDENT_SHAPE_REPRESENTATION(#4419,#4421);
#4419 = ( REPRESENTATION_RELATIONSHIP('','',#4083,#3115) 
REPRESENTATION_RELATIONSHIP_WITH_TRANSFORMATION(#4420) 
SHAPE_REPRESENTATION_RELATIONSHIP() );
#4420 = ITEM_DEFINED_TRANSFORMATION('','',#11,#3124);
#4421 = PRODUCT_DEFINITION_SHAPE('Placement','Placement of an item',
  #4422);
#4422 = NEXT_ASSEMBLY_USAGE_OCCURRENCE('4','Body003','',#3110,#4078,$);
#4423 = PRODUCT_RELATED_PRODUCT_CATEGORY('part',$,(#4080));
#4424 = SHAPE_DEFINITION_REPRESENTATION(#4425,#4431);
#4425 = PRODUCT_DEFINITION_SHAPE('','',#4426);
#4426 = PRODUCT_DEFINITION('design','',#4427,#4430);
#4427 = PRODUCT_DEFINITION_FORMATION('','',#4428);
#4428 = PRODUCT('Assembly','Assembly','',(#4429));
#4429 = PRODUCT_CONTEXT('',#2,'mechanical');
#4430 = PRODUCT_DEFINITION_CONTEXT('part definition',#2,'design');
#4431 = SHAPE_REPRESENTATION('',(#11,#4432,#4436,#4440),#4444);
#4432 = AXIS2_PLACEMENT_3D('',#4433,#4434,#4435);
#4433 = CARTESIAN_POINT('',(0.,0.,0.));
#4434 = DIRECTION('',(0.,0.,1.));
#4435 = DIRECTION('',(1.,0.,0.));
#4436 = AXIS2_PLACEMENT_3D('',#4437,#4438,#4439);
#4437 = CARTESIAN_POINT('',(16.,16.,16.));
#4438 = DIRECTION('',(0.,0.,1.));
#4439 = DIRECTION('',(1.,0.,0.));
#4440 = AXIS2_PLACEMENT_3D('',#4441,#4442,#4443);
#4441 = CARTESIAN_POINT('',(16.,1.686E-13,1.174E+03));
#4442 = DIRECTION('',(0.,-1.224646799147E-16,-1.));
#4443 = DIRECTION('',(1.,0.,0.));
#4444 = ( GEOMETRIC_REPRESENTATION_CONTEXT(3) 
GLOBAL_UNCERTAINTY_ASSIGNED_CONTEXT((#4448)) 
GLOBAL_UNIT_ASSIGNED_CONTEXT((#4445,#4446,#4447)) REPRESENTATION_CONTEXT
('Context #1','3D Context with UNIT and UNCERTAINTY') );
#4445 = ( LENGTH_UNIT() NAMED_UNIT(*) SI_UNIT(.MILLI.,.METRE.) );
#4446 = ( NAMED_UNIT(*) PLANE_ANGLE_UNIT() SI_UNIT($,.RADIAN.) );
#4447 = ( NAMED_UNIT(*) SI_UNIT($,.STERADIAN.) SOLID_ANGLE_UNIT() );
#4448 = UNCERTAINTY_MEASURE_WITH_UNIT(LENGTH_MEASURE(1.E-07),#4445,
  'distance_accuracy_value','confusion accuracy');
#4449 = CONTEXT_DEPENDENT_SHAPE_REPRESENTATION(#4450,#4452);
#4450 = ( REPRESENTATION_RELATIONSHIP('','',#4431,#44) 
REPRESENTATION_RELATIONSHIP_WITH_TRANSFORMATION(#4451) 
SHAPE_REPRESENTATION_RELATIONSHIP() );
#4451 = ITEM_DEFINED_TRANSFORMATION('','',#11,#53);
#4452 = PRODUCT_DEFINITION_SHAPE('Placement','Placement of an item',
  #4453);
#4453 = NEXT_ASSEMBLY_USAGE_OCCURRENCE('9','Assembly','',#39,#4426,$);
#4454 = PRODUCT_RELATED_PRODUCT_CATEGORY('part',$,(#4428));
#4455 = CONTEXT_DEPENDENT_SHAPE_REPRESENTATION(#4456,#4458);
#4456 = ( REPRESENTATION_RELATIONSHIP('','',#3146,#4431) 
REPRESENTATION_RELATIONSHIP_WITH_TRANSFORMATION(#4457) 
SHAPE_REPRESENTATION_RELATIONSHIP() );
#4457 = ITEM_DEFINED_TRANSFORMATION('','',#11,#4432);
#4458 = PRODUCT_DEFINITION_SHAPE('Placement','Placement of an item',
  #4459);
#4459 = NEXT_ASSEMBLY_USAGE_OCCURRENCE('6','','',#4426,#3141,$);
#4460 = CONTEXT_DEPENDENT_SHAPE_REPRESENTATION(#4461,#4463);
#4461 = ( REPRESENTATION_RELATIONSHIP('','',#3735,#4431) 
REPRESENTATION_RELATIONSHIP_WITH_TRANSFORMATION(#4462) 
SHAPE_REPRESENTATION_RELATIONSHIP() );
#4462 = ITEM_DEFINED_TRANSFORMATION('','',#11,#4436);
#4463 = PRODUCT_DEFINITION_SHAPE('Placement','Placement of an item',
  #4464);
#4464 = NEXT_ASSEMBLY_USAGE_OCCURRENCE('7','Body005','',#4426,#3730,$);
#4465 = CONTEXT_DEPENDENT_SHAPE_REPRESENTATION(#4466,#4468);
#4466 = ( REPRESENTATION_RELATIONSHIP('','',#4083,#4431) 
REPRESENTATION_RELATIONSHIP_WITH_TRANSFORMATION(#4467) 
SHAPE_REPRESENTATION_RELATIONSHIP() );
#4467 = ITEM_DEFINED_TRANSFORMATION('','',#11,#4440);
#4468 = PRODUCT_DEFINITION_SHAPE('Placement','Placement of an item',
  #4469);
#4469 = NEXT_ASSEMBLY_USAGE_OCCURRENCE('8','Body006','',#4426,#4078,$);
#4470 = SHAPE_DEFINITION_REPRESENTATION(#4471,#4477);
#4471 = PRODUCT_DEFINITION_SHAPE('','',#4472);
#4472 = PRODUCT_DEFINITION('design','',#4473,#4476);
#4473 = PRODUCT_DEFINITION_FORMATION('','',#4474);
#4474 = PRODUCT('Assembly','Assembly','',(#4475));
#4475 = PRODUCT_CONTEXT('',#2,'mechanical');
#4476 = PRODUCT_DEFINITION_CONTEXT('part definition',#2,'design');
#4477 = SHAPE_REPRESENTATION('',(#11,#4478,#4482,#4486,#4490,#4494,#4498
    ,#4502,#4506),#4510);
#4478 = AXIS2_PLACEMENT_3D('',#4479,#4480,#4481);
#4479 = CARTESIAN_POINT('',(0.,0.,0.));
#4480 = DIRECTION('',(0.,0.,1.));
#4481 = DIRECTION('',(1.,0.,0.));
#4482 = AXIS2_PLACEMENT_3D('',#4483,#4484,#4485);
#4483 = CARTESIAN_POINT('',(100.,-10.,5.9E-15));
#4484 = DIRECTION('',(-2.E-16,2.E-16,1.));
#4485 = DIRECTION('',(2.22044604925E-16,-1.,2.E-16));
#4486 = AXIS2_PLACEMENT_3D('',#4487,#4488,#4489);
#4487 = CARTESIAN_POINT('',(7.28E-14,190.,-1.53E-14));
#4488 = DIRECTION('',(0.,0.,1.));
#4489 = DIRECTION('',(-2.22044604925E-16,-1.,0.));
#4490 = AXIS2_PLACEMENT_3D('',#4491,#4492,#4493);
#4491 = CARTESIAN_POINT('',(3.48E-14,190.,136.));
#4492 = DIRECTION('',(0.,0.,1.));
#4493 = DIRECTION('',(-2.22044604925E-16,-1.,0.));
#4494 = AXIS2_PLACEMENT_3D('',#4495,#4496,#4497);
#4495 = CARTESIAN_POINT('',(1.55E-14,190.,272.));
#4496 = DIRECTION('',(-0.,0.,1.));
#4497 = DIRECTION('',(2.22044604925E-16,-1.,0.));
#4498 = AXIS2_PLACEMENT_3D('',#4499,#4500,#4501);
#4499 = CARTESIAN_POINT('',(-2.37E-14,190.,408.));
#4500 = DIRECTION('',(-2.E-16,2.E-16,1.));
#4501 = DIRECTION('',(-2.22044604925E-16,-1.,2.E-16));
#4502 = AXIS2_PLACEMENT_3D('',#4503,#4504,#4505);
#4503 = CARTESIAN_POINT('',(-3.5E-14,190.,544.));
#4504 = DIRECTION('',(-0.,0.,1.));
#4505 = DIRECTION('',(2.22044604925E-16,-1.,0.));
#4506 = AXIS2_PLACEMENT_3D('',#4507,#4508,#4509);
#4507 = CARTESIAN_POINT('',(-7.09E-14,190.,680.));
#4508 = DIRECTION('',(-0.,0.,1.));
#4509 = DIRECTION('',(2.22044604925E-16,-1.,0.));
#4510 = ( GEOMETRIC_REPRESENTATION_CONTEXT(3) 
GLOBAL_UNCERTAINTY_ASSIGNED_CONTEXT((#4514)) 
GLOBAL_UNIT_ASSIGNED_CONTEXT((#4511,#4512,#4513)) REPRESENTATION_CONTEXT
('Context #1','3D Context with UNIT and UNCERTAINTY') );
#4511 = ( LENGTH_UNIT() NAMED_UNIT(*) SI_UNIT(.MILLI.,.METRE.) );
#4512 = ( NAMED_UNIT(*) PLANE_ANGLE_UNIT() SI_UNIT($,.RADIAN.) );
#4513 = ( NAMED_UNIT(*) SI_UNIT($,.STERADIAN.) SOLID_ANGLE_UNIT() );
#4514 = UNCERTAINTY_MEASURE_WITH_UNIT(LENGTH_MEASURE(1.E-07),#4511,
  'distance_accuracy_value','confusion accuracy');
#4515 = CONTEXT_DEPENDENT_SHAPE_REPRESENTATION(#4516,#4518);
#4516 = ( REPRESENTATION_RELATIONSHIP('','',#4477,#44) 
REPRESENTATION_RELATIONSHIP_WITH_TRANSFORMATION(#4517) 
SHAPE_REPRESENTATION_RELATIONSHIP() );
#4517 = ITEM_DEFINED_TRANSFORMATION('','',#11,#57);
#4518 = PRODUCT_DEFINITION_SHAPE('Placement','Placement of an item',
  #4519);
#4519 = NEXT_ASSEMBLY_USAGE_OCCURRENCE('18','Assembly','',#39,#4472,$);
#4520 = PRODUCT_RELATED_PRODUCT_CATEGORY('part',$,(#4474));
#4521 = SHAPE_DEFINITION_REPRESENTATION(#4522,#4528);
#4522 = PRODUCT_DEFINITION_SHAPE('','',#4523);
#4523 = PRODUCT_DEFINITION('design','',#4524,#4527);
#4524 = PRODUCT_DEFINITION_FORMATION('','',#4525);
#4525 = PRODUCT('Body','Body','',(#4526));
#4526 = PRODUCT_CONTEXT('',#2,'mechanical');
#4527 = PRODUCT_DEFINITION_CONTEXT('part definition',#2,'design');
#4528 = ADVANCED_BREP_SHAPE_REPRESENTATION('',(#11,#4529),#5069);
#4529 = MANIFOLD_SOLID_BREP('',#4530);
#4530 = CLOSED_SHELL('',(#4531,#4571,#4602,#4633,#4655,#4688,#4721,#4754
    ,#4787,#4820,#4853,#4886,#4919,#4952,#4985,#5027));
#4531 = ADVANCED_FACE('',(#4532),#4566,.F.);
#4532 = FACE_BOUND('',#4533,.F.);
#4533 = EDGE_LOOP('',(#4534,#4544,#4552,#4560));
#4534 = ORIENTED_EDGE('',*,*,#4535,.T.);
#4535 = EDGE_CURVE('',#4536,#4538,#4540,.T.);
#4536 = VERTEX_POINT('',#4537);
#4537 = CARTESIAN_POINT('',(0.,0.,0.));
#4538 = VERTEX_POINT('',#4539);
#4539 = CARTESIAN_POINT('',(0.,-10.,2.E-15));
#4540 = LINE('',#4541,#4542);
#4541 = CARTESIAN_POINT('',(0.,0.,0.));
#4542 = VECTOR('',#4543,1.);
#4543 = DIRECTION('',(0.,-1.,2.2E-16));
#4544 = ORIENTED_EDGE('',*,*,#4545,.T.);
#4545 = EDGE_CURVE('',#4538,#4546,#4548,.T.);
#4546 = VERTEX_POINT('',#4547);
#4547 = CARTESIAN_POINT('',(100.,-10.,2.E-15));
#4548 = LINE('',#4549,#4550);
#4549 = CARTESIAN_POINT('',(0.,-10.,2.E-15));
#4550 = VECTOR('',#4551,1.);
#4551 = DIRECTION('',(1.,0.,0.));
#4552 = ORIENTED_EDGE('',*,*,#4553,.F.);
#4553 = EDGE_CURVE('',#4554,#4546,#4556,.T.);
#4554 = VERTEX_POINT('',#4555);
#4555 = CARTESIAN_POINT('',(100.,0.,0.));
#4556 = LINE('',#4557,#4558);
#4557 = CARTESIAN_POINT('',(100.,0.,0.));
#4558 = VECTOR('',#4559,1.);
#4559 = DIRECTION('',(0.,-1.,2.2E-16));
#4560 = ORIENTED_EDGE('',*,*,#4561,.F.);
#4561 = EDGE_CURVE('',#4536,#4554,#4562,.T.);
#4562 = LINE('',#4563,#4564);
#4563 = CARTESIAN_POINT('',(0.,0.,0.));
#4564 = VECTOR('',#4565,1.);
#4565 = DIRECTION('',(1.,0.,0.));
#4566 = PLANE('',#4567);
#4567 = AXIS2_PLACEMENT_3D('',#4568,#4569,#4570);
#4568 = CARTESIAN_POINT('',(0.,0.,0.));
#4569 = DIRECTION('',(0.,2.2E-16,1.));
#4570 = DIRECTION('',(1.,0.,-0.));
#4571 = ADVANCED_FACE('',(#4572),#4597,.F.);
#4572 = FACE_BOUND('',#4573,.F.);
#4573 = EDGE_LOOP('',(#4574,#4575,#4583,#4591));
#4574 = ORIENTED_EDGE('',*,*,#4553,.T.);
#4575 = ORIENTED_EDGE('',*,*,#4576,.T.);
#4576 = EDGE_CURVE('',#4546,#4577,#4579,.T.);
#4577 = VERTEX_POINT('',#4578);
#4578 = CARTESIAN_POINT('',(100.,-10.,696.));
#4579 = LINE('',#4580,#4581);
#4580 = CARTESIAN_POINT('',(100.,-10.,2.E-15));
#4581 = VECTOR('',#4582,1.);
#4582 = DIRECTION('',(0.,0.,1.));
#4583 = ORIENTED_EDGE('',*,*,#4584,.F.);
#4584 = EDGE_CURVE('',#4585,#4577,#4587,.T.);
#4585 = VERTEX_POINT('',#4586);
#4586 = CARTESIAN_POINT('',(100.,1.55E-13,696.));
#4587 = LINE('',#4588,#4589);
#4588 = CARTESIAN_POINT('',(100.,1.5454E-13,696.));
#4589 = VECTOR('',#4590,1.);
#4590 = DIRECTION('',(0.,-1.,2.2E-16));
#4591 = ORIENTED_EDGE('',*,*,#4592,.F.);
#4592 = EDGE_CURVE('',#4554,#4585,#4593,.T.);
#4593 = LINE('',#4594,#4595);
#4594 = CARTESIAN_POINT('',(100.,0.,0.));
#4595 = VECTOR('',#4596,1.);
#4596 = DIRECTION('',(0.,0.,1.));
#4597 = PLANE('',#4598);
#4598 = AXIS2_PLACEMENT_3D('',#4599,#4600,#4601);
#4599 = CARTESIAN_POINT('',(100.,0.,0.));
#4600 = DIRECTION('',(-1.,0.,0.));
#4601 = DIRECTION('',(0.,2.2E-16,1.));
#4602 = ADVANCED_FACE('',(#4603),#4628,.F.);
#4603 = FACE_BOUND('',#4604,.F.);
#4604 = EDGE_LOOP('',(#4605,#4606,#4614,#4622));
#4605 = ORIENTED_EDGE('',*,*,#4584,.T.);
#4606 = ORIENTED_EDGE('',*,*,#4607,.T.);
#4607 = EDGE_CURVE('',#4577,#4608,#4610,.T.);
#4608 = VERTEX_POINT('',#4609);
#4609 = CARTESIAN_POINT('',(0.,-10.,696.));
#4610 = LINE('',#4611,#4612);
#4611 = CARTESIAN_POINT('',(100.,-10.,696.));
#4612 = VECTOR('',#4613,1.);
#4613 = DIRECTION('',(-1.,0.,0.));
#4614 = ORIENTED_EDGE('',*,*,#4615,.F.);
#4615 = EDGE_CURVE('',#4616,#4608,#4618,.T.);
#4616 = VERTEX_POINT('',#4617);
#4617 = CARTESIAN_POINT('',(0.,1.55E-13,696.));
#4618 = LINE('',#4619,#4620);
#4619 = CARTESIAN_POINT('',(0.,1.5454E-13,696.));
#4620 = VECTOR('',#4621,1.);
#4621 = DIRECTION('',(0.,-1.,2.2E-16));
#4622 = ORIENTED_EDGE('',*,*,#4623,.F.);
#4623 = EDGE_CURVE('',#4585,#4616,#4624,.T.);
#4624 = LINE('',#4625,#4626);
#4625 = CARTESIAN_POINT('',(100.,0.,696.));
#4626 = VECTOR('',#4627,1.);
#4627 = DIRECTION('',(-1.,0.,0.));
#4628 = PLANE('',#4629);
#4629 = AXIS2_PLACEMENT_3D('',#4630,#4631,#4632);
#4630 = CARTESIAN_POINT('',(100.,1.5454E-13,696.));
#4631 = DIRECTION('',(-0.,-2.2E-16,-1.));
#4632 = DIRECTION('',(-1.,0.,0.));
#4633 = ADVANCED_FACE('',(#4634),#4650,.F.);
#4634 = FACE_BOUND('',#4635,.F.);
#4635 = EDGE_LOOP('',(#4636,#4637,#4643,#4644));
#4636 = ORIENTED_EDGE('',*,*,#4615,.T.);
#4637 = ORIENTED_EDGE('',*,*,#4638,.T.);
#4638 = EDGE_CURVE('',#4608,#4538,#4639,.T.);
#4639 = LINE('',#4640,#4641);
#4640 = CARTESIAN_POINT('',(0.,-10.,696.));
#4641 = VECTOR('',#4642,1.);
#4642 = DIRECTION('',(0.,0.,-1.));
#4643 = ORIENTED_EDGE('',*,*,#4535,.F.);
#4644 = ORIENTED_EDGE('',*,*,#4645,.F.);
#4645 = EDGE_CURVE('',#4616,#4536,#4646,.T.);
#4646 = LINE('',#4647,#4648);
#4647 = CARTESIAN_POINT('',(0.,0.,696.));
#4648 = VECTOR('',#4649,1.);
#4649 = DIRECTION('',(0.,0.,-1.));
#4650 = PLANE('',#4651);
#4651 = AXIS2_PLACEMENT_3D('',#4652,#4653,#4654);
#4652 = CARTESIAN_POINT('',(0.,1.5454E-13,696.));
#4653 = DIRECTION('',(1.,0.,0.));
#4654 = DIRECTION('',(0.,-2.2E-16,-1.));
#4655 = ADVANCED_FACE('',(#4656),#4683,.F.);
#4656 = FACE_BOUND('',#4657,.T.);
#4657 = EDGE_LOOP('',(#4658,#4668,#4675,#4676));
#4658 = ORIENTED_EDGE('',*,*,#4659,.T.);
#4659 = EDGE_CURVE('',#4660,#4662,#4664,.T.);
#4660 = VERTEX_POINT('',#4661);
#4661 = CARTESIAN_POINT('',(56.,1.42E-13,640.));
#4662 = VERTEX_POINT('',#4663);
#4663 = CARTESIAN_POINT('',(56.,-10.,640.));
#4664 = LINE('',#4665,#4666);
#4665 = CARTESIAN_POINT('',(56.,1.4211E-13,640.));
#4666 = VECTOR('',#4667,1.);
#4667 = DIRECTION('',(0.,-1.,2.2E-16));
#4668 = ORIENTED_EDGE('',*,*,#4669,.T.);
#4669 = EDGE_CURVE('',#4662,#4662,#4670,.T.);
#4670 = CIRCLE('',#4671,6.);
#4671 = AXIS2_PLACEMENT_3D('',#4672,#4673,#4674);
#4672 = CARTESIAN_POINT('',(50.,-10.,640.));
#4673 = DIRECTION('',(0.,-1.,0.));
#4674 = DIRECTION('',(1.,0.,0.));
#4675 = ORIENTED_EDGE('',*,*,#4659,.F.);
#4676 = ORIENTED_EDGE('',*,*,#4677,.F.);
#4677 = EDGE_CURVE('',#4660,#4660,#4678,.T.);
#4678 = CIRCLE('',#4679,6.);
#4679 = AXIS2_PLACEMENT_3D('',#4680,#4681,#4682);
#4680 = CARTESIAN_POINT('',(50.,0.,640.));
#4681 = DIRECTION('',(0.,-1.,0.));
#4682 = DIRECTION('',(1.,0.,0.));
#4683 = CYLINDRICAL_SURFACE('',#4684,6.);
#4684 = AXIS2_PLACEMENT_3D('',#4685,#4686,#4687);
#4685 = CARTESIAN_POINT('',(50.,1.4211E-13,640.));
#4686 = DIRECTION('',(0.,1.,-2.2E-16));
#4687 = DIRECTION('',(1.,0.,0.));
#4688 = ADVANCED_FACE('',(#4689),#4716,.F.);
#4689 = FACE_BOUND('',#4690,.T.);
#4690 = EDGE_LOOP('',(#4691,#4701,#4708,#4709));
#4691 = ORIENTED_EDGE('',*,*,#4692,.T.);
#4692 = EDGE_CURVE('',#4693,#4695,#4697,.T.);
#4693 = VERTEX_POINT('',#4694);
#4694 = CARTESIAN_POINT('',(56.,1.33E-13,600.));
#4695 = VERTEX_POINT('',#4696);
#4696 = CARTESIAN_POINT('',(56.,-10.,600.));
#4697 = LINE('',#4698,#4699);
#4698 = CARTESIAN_POINT('',(56.,1.3323E-13,600.));
#4699 = VECTOR('',#4700,1.);
#4700 = DIRECTION('',(0.,-1.,2.2E-16));
#4701 = ORIENTED_EDGE('',*,*,#4702,.T.);
#4702 = EDGE_CURVE('',#4695,#4695,#4703,.T.);
#4703 = CIRCLE('',#4704,6.);
#4704 = AXIS2_PLACEMENT_3D('',#4705,#4706,#4707);
#4705 = CARTESIAN_POINT('',(50.,-10.,600.));
#4706 = DIRECTION('',(0.,-1.,0.));
#4707 = DIRECTION('',(1.,0.,0.));
#4708 = ORIENTED_EDGE('',*,*,#4692,.F.);
#4709 = ORIENTED_EDGE('',*,*,#4710,.F.);
#4710 = EDGE_CURVE('',#4693,#4693,#4711,.T.);
#4711 = CIRCLE('',#4712,6.);
#4712 = AXIS2_PLACEMENT_3D('',#4713,#4714,#4715);
#4713 = CARTESIAN_POINT('',(50.,0.,600.));
#4714 = DIRECTION('',(0.,-1.,0.));
#4715 = DIRECTION('',(1.,0.,0.));
#4716 = CYLINDRICAL_SURFACE('',#4717,6.);
#4717 = AXIS2_PLACEMENT_3D('',#4718,#4719,#4720);
#4718 = CARTESIAN_POINT('',(50.,1.3323E-13,600.));
#4719 = DIRECTION('',(0.,1.,-2.2E-16));
#4720 = DIRECTION('',(1.,0.,0.));
#4721 = ADVANCED_FACE('',(#4722),#4749,.F.);
#4722 = FACE_BOUND('',#4723,.T.);
#4723 = EDGE_LOOP('',(#4724,#4734,#4741,#4742));
#4724 = ORIENTED_EDGE('',*,*,#4725,.T.);
#4725 = EDGE_CURVE('',#4726,#4728,#4730,.T.);
#4726 = VERTEX_POINT('',#4727);
#4727 = CARTESIAN_POINT('',(56.,1.12E-13,504.));
#4728 = VERTEX_POINT('',#4729);
#4729 = CARTESIAN_POINT('',(56.,-10.,504.));
#4730 = LINE('',#4731,#4732);
#4731 = CARTESIAN_POINT('',(56.,1.1191E-13,504.));
#4732 = VECTOR('',#4733,1.);
#4733 = DIRECTION('',(0.,-1.,2.2E-16));
#4734 = ORIENTED_EDGE('',*,*,#4735,.T.);
#4735 = EDGE_CURVE('',#4728,#4728,#4736,.T.);
#4736 = CIRCLE('',#4737,6.);
#4737 = AXIS2_PLACEMENT_3D('',#4738,#4739,#4740);
#4738 = CARTESIAN_POINT('',(50.,-10.,504.));
#4739 = DIRECTION('',(0.,-1.,0.));
#4740 = DIRECTION('',(1.,0.,0.));
#4741 = ORIENTED_EDGE('',*,*,#4725,.F.);
#4742 = ORIENTED_EDGE('',*,*,#4743,.F.);
#4743 = EDGE_CURVE('',#4726,#4726,#4744,.T.);
#4744 = CIRCLE('',#4745,6.);
#4745 = AXIS2_PLACEMENT_3D('',#4746,#4747,#4748);
#4746 = CARTESIAN_POINT('',(50.,0.,504.));
#4747 = DIRECTION('',(0.,-1.,0.));
#4748 = DIRECTION('',(1.,0.,0.));
#4749 = CYLINDRICAL_SURFACE('',#4750,6.);
#4750 = AXIS2_PLACEMENT_3D('',#4751,#4752,#4753);
#4751 = CARTESIAN_POINT('',(50.,1.1191E-13,504.));
#4752 = DIRECTION('',(0.,1.,-2.2E-16));
#4753 = DIRECTION('',(1.,0.,0.));
#4754 = ADVANCED_FACE('',(#4755),#4782,.F.);
#4755 = FACE_BOUND('',#4756,.T.);
#4756 = EDGE_LOOP('',(#4757,#4767,#4774,#4775));
#4757 = ORIENTED_EDGE('',*,*,#4758,.T.);
#4758 = EDGE_CURVE('',#4759,#4761,#4763,.T.);
#4759 = VERTEX_POINT('',#4760);
#4760 = CARTESIAN_POINT('',(56.,1.03E-13,464.));
#4761 = VERTEX_POINT('',#4762);
#4762 = CARTESIAN_POINT('',(56.,-10.,464.));
#4763 = LINE('',#4764,#4765);
#4764 = CARTESIAN_POINT('',(56.,1.0303E-13,464.));
#4765 = VECTOR('',#4766,1.);
#4766 = DIRECTION('',(0.,-1.,2.2E-16));
#4767 = ORIENTED_EDGE('',*,*,#4768,.T.);
#4768 = EDGE_CURVE('',#4761,#4761,#4769,.T.);
#4769 = CIRCLE('',#4770,6.);
#4770 = AXIS2_PLACEMENT_3D('',#4771,#4772,#4773);
#4771 = CARTESIAN_POINT('',(50.,-10.,464.));
#4772 = DIRECTION('',(0.,-1.,0.));
#4773 = DIRECTION('',(1.,0.,0.));
#4774 = ORIENTED_EDGE('',*,*,#4758,.F.);
#4775 = ORIENTED_EDGE('',*,*,#4776,.F.);
#4776 = EDGE_CURVE('',#4759,#4759,#4777,.T.);
#4777 = CIRCLE('',#4778,6.);
#4778 = AXIS2_PLACEMENT_3D('',#4779,#4780,#4781);
#4779 = CARTESIAN_POINT('',(50.,0.,464.));
#4780 = DIRECTION('',(0.,-1.,0.));
#4781 = DIRECTION('',(1.,0.,0.));
#4782 = CYLINDRICAL_SURFACE('',#4783,6.);
#4783 = AXIS2_PLACEMENT_3D('',#4784,#4785,#4786);
#4784 = CARTESIAN_POINT('',(50.,1.0303E-13,464.));
#4785 = DIRECTION('',(0.,1.,-2.2E-16));
#4786 = DIRECTION('',(1.,0.,0.));
#4787 = ADVANCED_FACE('',(#4788),#4815,.F.);
#4788 = FACE_BOUND('',#4789,.T.);
#4789 = EDGE_LOOP('',(#4790,#4800,#4807,#4808));
#4790 = ORIENTED_EDGE('',*,*,#4791,.T.);
#4791 = EDGE_CURVE('',#4792,#4794,#4796,.T.);
#4792 = VERTEX_POINT('',#4793);
#4793 = CARTESIAN_POINT('',(56.,8.2E-14,368.));
#4794 = VERTEX_POINT('',#4795);
#4795 = CARTESIAN_POINT('',(56.,-10.,368.));
#4796 = LINE('',#4797,#4798);
#4797 = CARTESIAN_POINT('',(56.,8.171E-14,368.));
#4798 = VECTOR('',#4799,1.);
#4799 = DIRECTION('',(0.,-1.,2.2E-16));
#4800 = ORIENTED_EDGE('',*,*,#4801,.T.);
#4801 = EDGE_CURVE('',#4794,#4794,#4802,.T.);
#4802 = CIRCLE('',#4803,6.);
#4803 = AXIS2_PLACEMENT_3D('',#4804,#4805,#4806);
#4804 = CARTESIAN_POINT('',(50.,-10.,368.));
#4805 = DIRECTION('',(0.,-1.,0.));
#4806 = DIRECTION('',(1.,0.,0.));
#4807 = ORIENTED_EDGE('',*,*,#4791,.F.);
#4808 = ORIENTED_EDGE('',*,*,#4809,.F.);
#4809 = EDGE_CURVE('',#4792,#4792,#4810,.T.);
#4810 = CIRCLE('',#4811,6.);
#4811 = AXIS2_PLACEMENT_3D('',#4812,#4813,#4814);
#4812 = CARTESIAN_POINT('',(50.,0.,368.));
#4813 = DIRECTION('',(0.,-1.,0.));
#4814 = DIRECTION('',(1.,0.,0.));
#4815 = CYLINDRICAL_SURFACE('',#4816,6.);
#4816 = AXIS2_PLACEMENT_3D('',#4817,#4818,#4819);
#4817 = CARTESIAN_POINT('',(50.,8.171E-14,368.));
#4818 = DIRECTION('',(0.,1.,-2.2E-16));
#4819 = DIRECTION('',(1.,0.,0.));
#4820 = ADVANCED_FACE('',(#4821),#4848,.F.);
#4821 = FACE_BOUND('',#4822,.T.);
#4822 = EDGE_LOOP('',(#4823,#4833,#4840,#4841));
#4823 = ORIENTED_EDGE('',*,*,#4824,.T.);
#4824 = EDGE_CURVE('',#4825,#4827,#4829,.T.);
#4825 = VERTEX_POINT('',#4826);
#4826 = CARTESIAN_POINT('',(56.,7.3E-14,328.));
#4827 = VERTEX_POINT('',#4828);
#4828 = CARTESIAN_POINT('',(56.,-10.,328.));
#4829 = LINE('',#4830,#4831);
#4830 = CARTESIAN_POINT('',(56.,7.283E-14,328.));
#4831 = VECTOR('',#4832,1.);
#4832 = DIRECTION('',(0.,-1.,2.2E-16));
#4833 = ORIENTED_EDGE('',*,*,#4834,.T.);
#4834 = EDGE_CURVE('',#4827,#4827,#4835,.T.);
#4835 = CIRCLE('',#4836,6.);
#4836 = AXIS2_PLACEMENT_3D('',#4837,#4838,#4839);
#4837 = CARTESIAN_POINT('',(50.,-10.,328.));
#4838 = DIRECTION('',(0.,-1.,0.));
#4839 = DIRECTION('',(1.,0.,0.));
#4840 = ORIENTED_EDGE('',*,*,#4824,.F.);
#4841 = ORIENTED_EDGE('',*,*,#4842,.F.);
#4842 = EDGE_CURVE('',#4825,#4825,#4843,.T.);
#4843 = CIRCLE('',#4844,6.);
#4844 = AXIS2_PLACEMENT_3D('',#4845,#4846,#4847);
#4845 = CARTESIAN_POINT('',(50.,0.,328.));
#4846 = DIRECTION('',(0.,-1.,0.));
#4847 = DIRECTION('',(1.,0.,0.));
#4848 = CYLINDRICAL_SURFACE('',#4849,6.);
#4849 = AXIS2_PLACEMENT_3D('',#4850,#4851,#4852);
#4850 = CARTESIAN_POINT('',(50.,7.283E-14,328.));
#4851 = DIRECTION('',(0.,1.,-2.2E-16));
#4852 = DIRECTION('',(1.,0.,0.));
#4853 = ADVANCED_FACE('',(#4854),#4881,.F.);
#4854 = FACE_BOUND('',#4855,.T.);
#4855 = EDGE_LOOP('',(#4856,#4866,#4873,#4874));
#4856 = ORIENTED_EDGE('',*,*,#4857,.T.);
#4857 = EDGE_CURVE('',#4858,#4860,#4862,.T.);
#4858 = VERTEX_POINT('',#4859);
#4859 = CARTESIAN_POINT('',(56.,5.2E-14,232.));
#4860 = VERTEX_POINT('',#4861);
#4861 = CARTESIAN_POINT('',(56.,-10.,232.));
#4862 = LINE('',#4863,#4864);
#4863 = CARTESIAN_POINT('',(56.,5.151E-14,232.));
#4864 = VECTOR('',#4865,1.);
#4865 = DIRECTION('',(0.,-1.,2.2E-16));
#4866 = ORIENTED_EDGE('',*,*,#4867,.T.);
#4867 = EDGE_CURVE('',#4860,#4860,#4868,.T.);
#4868 = CIRCLE('',#4869,6.);
#4869 = AXIS2_PLACEMENT_3D('',#4870,#4871,#4872);
#4870 = CARTESIAN_POINT('',(50.,-10.,232.));
#4871 = DIRECTION('',(0.,-1.,0.));
#4872 = DIRECTION('',(1.,0.,0.));
#4873 = ORIENTED_EDGE('',*,*,#4857,.F.);
#4874 = ORIENTED_EDGE('',*,*,#4875,.F.);
#4875 = EDGE_CURVE('',#4858,#4858,#4876,.T.);
#4876 = CIRCLE('',#4877,6.);
#4877 = AXIS2_PLACEMENT_3D('',#4878,#4879,#4880);
#4878 = CARTESIAN_POINT('',(50.,0.,232.));
#4879 = DIRECTION('',(0.,-1.,0.));
#4880 = DIRECTION('',(1.,0.,0.));
#4881 = CYLINDRICAL_SURFACE('',#4882,6.);
#4882 = AXIS2_PLACEMENT_3D('',#4883,#4884,#4885);
#4883 = CARTESIAN_POINT('',(50.,5.151E-14,232.));
#4884 = DIRECTION('',(0.,1.,-2.2E-16));
#4885 = DIRECTION('',(1.,0.,0.));
#4886 = ADVANCED_FACE('',(#4887),#4914,.F.);
#4887 = FACE_BOUND('',#4888,.T.);
#4888 = EDGE_LOOP('',(#4889,#4899,#4906,#4907));
#4889 = ORIENTED_EDGE('',*,*,#4890,.T.);
#4890 = EDGE_CURVE('',#4891,#4893,#4895,.T.);
#4891 = VERTEX_POINT('',#4892);
#4892 = CARTESIAN_POINT('',(56.,4.3E-14,192.));
#4893 = VERTEX_POINT('',#4894);
#4894 = CARTESIAN_POINT('',(56.,-10.,192.));
#4895 = LINE('',#4896,#4897);
#4896 = CARTESIAN_POINT('',(56.,4.263E-14,192.));
#4897 = VECTOR('',#4898,1.);
#4898 = DIRECTION('',(0.,-1.,2.2E-16));
#4899 = ORIENTED_EDGE('',*,*,#4900,.T.);
#4900 = EDGE_CURVE('',#4893,#4893,#4901,.T.);
#4901 = CIRCLE('',#4902,6.);
#4902 = AXIS2_PLACEMENT_3D('',#4903,#4904,#4905);
#4903 = CARTESIAN_POINT('',(50.,-10.,192.));
#4904 = DIRECTION('',(0.,-1.,0.));
#4905 = DIRECTION('',(1.,0.,0.));
#4906 = ORIENTED_EDGE('',*,*,#4890,.F.);
#4907 = ORIENTED_EDGE('',*,*,#4908,.F.);
#4908 = EDGE_CURVE('',#4891,#4891,#4909,.T.);
#4909 = CIRCLE('',#4910,6.);
#4910 = AXIS2_PLACEMENT_3D('',#4911,#4912,#4913);
#4911 = CARTESIAN_POINT('',(50.,0.,192.));
#4912 = DIRECTION('',(0.,-1.,0.));
#4913 = DIRECTION('',(1.,0.,0.));
#4914 = CYLINDRICAL_SURFACE('',#4915,6.);
#4915 = AXIS2_PLACEMENT_3D('',#4916,#4917,#4918);
#4916 = CARTESIAN_POINT('',(50.,4.263E-14,192.));
#4917 = DIRECTION('',(0.,1.,-2.2E-16));
#4918 = DIRECTION('',(1.,0.,0.));
#4919 = ADVANCED_FACE('',(#4920),#4947,.F.);
#4920 = FACE_BOUND('',#4921,.T.);
#4921 = EDGE_LOOP('',(#4922,#4932,#4939,#4940));
#4922 = ORIENTED_EDGE('',*,*,#4923,.T.);
#4923 = EDGE_CURVE('',#4924,#4926,#4928,.T.);
#4924 = VERTEX_POINT('',#4925);
#4925 = CARTESIAN_POINT('',(56.,2.1E-14,96.));
#4926 = VERTEX_POINT('',#4927);
#4927 = CARTESIAN_POINT('',(56.,-10.,96.));
#4928 = LINE('',#4929,#4930);
#4929 = CARTESIAN_POINT('',(56.,2.132E-14,96.));
#4930 = VECTOR('',#4931,1.);
#4931 = DIRECTION('',(0.,-1.,2.2E-16));
#4932 = ORIENTED_EDGE('',*,*,#4933,.T.);
#4933 = EDGE_CURVE('',#4926,#4926,#4934,.T.);
#4934 = CIRCLE('',#4935,6.);
#4935 = AXIS2_PLACEMENT_3D('',#4936,#4937,#4938);
#4936 = CARTESIAN_POINT('',(50.,-10.,96.));
#4937 = DIRECTION('',(0.,-1.,0.));
#4938 = DIRECTION('',(1.,0.,0.));
#4939 = ORIENTED_EDGE('',*,*,#4923,.F.);
#4940 = ORIENTED_EDGE('',*,*,#4941,.F.);
#4941 = EDGE_CURVE('',#4924,#4924,#4942,.T.);
#4942 = CIRCLE('',#4943,6.);
#4943 = AXIS2_PLACEMENT_3D('',#4944,#4945,#4946);
#4944 = CARTESIAN_POINT('',(50.,0.,96.));
#4945 = DIRECTION('',(0.,-1.,0.));
#4946 = DIRECTION('',(1.,0.,0.));
#4947 = CYLINDRICAL_SURFACE('',#4948,6.);
#4948 = AXIS2_PLACEMENT_3D('',#4949,#4950,#4951);
#4949 = CARTESIAN_POINT('',(50.,2.132E-14,96.));
#4950 = DIRECTION('',(0.,1.,-2.2E-16));
#4951 = DIRECTION('',(1.,0.,0.));
#4952 = ADVANCED_FACE('',(#4953),#4980,.F.);
#4953 = FACE_BOUND('',#4954,.T.);
#4954 = EDGE_LOOP('',(#4955,#4965,#4972,#4973));
#4955 = ORIENTED_EDGE('',*,*,#4956,.T.);
#4956 = EDGE_CURVE('',#4957,#4959,#4961,.T.);
#4957 = VERTEX_POINT('',#4958);
#4958 = CARTESIAN_POINT('',(56.,1.2E-14,56.));
#4959 = VERTEX_POINT('',#4960);
#4960 = CARTESIAN_POINT('',(56.,-10.,56.));
#4961 = LINE('',#4962,#4963);
#4962 = CARTESIAN_POINT('',(56.,1.243E-14,56.));
#4963 = VECTOR('',#4964,1.);
#4964 = DIRECTION('',(0.,-1.,2.2E-16));
#4965 = ORIENTED_EDGE('',*,*,#4966,.T.);
#4966 = EDGE_CURVE('',#4959,#4959,#4967,.T.);
#4967 = CIRCLE('',#4968,6.);
#4968 = AXIS2_PLACEMENT_3D('',#4969,#4970,#4971);
#4969 = CARTESIAN_POINT('',(50.,-10.,56.));
#4970 = DIRECTION('',(0.,-1.,0.));
#4971 = DIRECTION('',(1.,0.,0.));
#4972 = ORIENTED_EDGE('',*,*,#4956,.F.);
#4973 = ORIENTED_EDGE('',*,*,#4974,.F.);
#4974 = EDGE_CURVE('',#4957,#4957,#4975,.T.);
#4975 = CIRCLE('',#4976,6.);
#4976 = AXIS2_PLACEMENT_3D('',#4977,#4978,#4979);
#4977 = CARTESIAN_POINT('',(50.,0.,56.));
#4978 = DIRECTION('',(0.,-1.,0.));
#4979 = DIRECTION('',(1.,0.,0.));
#4980 = CYLINDRICAL_SURFACE('',#4981,6.);
#4981 = AXIS2_PLACEMENT_3D('',#4982,#4983,#4984);
#4982 = CARTESIAN_POINT('',(50.,1.243E-14,56.));
#4983 = DIRECTION('',(0.,1.,-2.2E-16));
#4984 = DIRECTION('',(1.,0.,0.));
#4985 = ADVANCED_FACE('',(#4986,#4992,#4995,#4998,#5001,#5004,#5007,
    #5010,#5013,#5016,#5019),#5022,.T.);
#4986 = FACE_BOUND('',#4987,.F.);
#4987 = EDGE_LOOP('',(#4988,#4989,#4990,#4991));
#4988 = ORIENTED_EDGE('',*,*,#4561,.T.);
#4989 = ORIENTED_EDGE('',*,*,#4592,.T.);
#4990 = ORIENTED_EDGE('',*,*,#4623,.T.);
#4991 = ORIENTED_EDGE('',*,*,#4645,.T.);
#4992 = FACE_BOUND('',#4993,.T.);
#4993 = EDGE_LOOP('',(#4994));
#4994 = ORIENTED_EDGE('',*,*,#4677,.T.);
#4995 = FACE_BOUND('',#4996,.T.);
#4996 = EDGE_LOOP('',(#4997));
#4997 = ORIENTED_EDGE('',*,*,#4710,.T.);
#4998 = FACE_BOUND('',#4999,.T.);
#4999 = EDGE_LOOP('',(#5000));
#5000 = ORIENTED_EDGE('',*,*,#4743,.T.);
#5001 = FACE_BOUND('',#5002,.T.);
#5002 = EDGE_LOOP('',(#5003));
#5003 = ORIENTED_EDGE('',*,*,#4776,.T.);
#5004 = FACE_BOUND('',#5005,.T.);
#5005 = EDGE_LOOP('',(#5006));
#5006 = ORIENTED_EDGE('',*,*,#4809,.T.);
#5007 = FACE_BOUND('',#5008,.T.);
#5008 = EDGE_LOOP('',(#5009));
#5009 = ORIENTED_EDGE('',*,*,#4842,.T.);
#5010 = FACE_BOUND('',#5011,.T.);
#5011 = EDGE_LOOP('',(#5012));
#5012 = ORIENTED_EDGE('',*,*,#4875,.T.);
#5013 = FACE_BOUND('',#5014,.T.);
#5014 = EDGE_LOOP('',(#5015));
#5015 = ORIENTED_EDGE('',*,*,#4908,.T.);
#5016 = FACE_BOUND('',#5017,.T.);
#5017 = EDGE_LOOP('',(#5018));
#5018 = ORIENTED_EDGE('',*,*,#4941,.T.);
#5019 = FACE_BOUND('',#5020,.T.);
#5020 = EDGE_LOOP('',(#5021));
#5021 = ORIENTED_EDGE('',*,*,#4974,.T.);
#5022 = PLANE('',#5023);
#5023 = AXIS2_PLACEMENT_3D('',#5024,#5025,#5026);
#5024 = CARTESIAN_POINT('',(50.,7.727E-14,348.));
#5025 = DIRECTION('',(0.,1.,0.));
#5026 = DIRECTION('',(0.,0.,1.));
#5027 = ADVANCED_FACE('',(#5028,#5034,#5037,#5040,#5043,#5046,#5049,
    #5052,#5055,#5058,#5061),#5064,.F.);
#5028 = FACE_BOUND('',#5029,.T.);
#5029 = EDGE_LOOP('',(#5030,#5031,#5032,#5033));
#5030 = ORIENTED_EDGE('',*,*,#4545,.T.);
#5031 = ORIENTED_EDGE('',*,*,#4576,.T.);
#5032 = ORIENTED_EDGE('',*,*,#4607,.T.);
#5033 = ORIENTED_EDGE('',*,*,#4638,.T.);
#5034 = FACE_BOUND('',#5035,.F.);
#5035 = EDGE_LOOP('',(#5036));
#5036 = ORIENTED_EDGE('',*,*,#4669,.T.);
#5037 = FACE_BOUND('',#5038,.F.);
#5038 = EDGE_LOOP('',(#5039));
#5039 = ORIENTED_EDGE('',*,*,#4702,.T.);
#5040 = FACE_BOUND('',#5041,.F.);
#5041 = EDGE_LOOP('',(#5042));
#5042 = ORIENTED_EDGE('',*,*,#4735,.T.);
#5043 = FACE_BOUND('',#5044,.F.);
#5044 = EDGE_LOOP('',(#5045));
#5045 = ORIENTED_EDGE('',*,*,#4768,.T.);
#5046 = FACE_BOUND('',#5047,.F.);
#5047 = EDGE_LOOP('',(#5048));
#5048 = ORIENTED_EDGE('',*,*,#4801,.T.);
#5049 = FACE_BOUND('',#5050,.F.);
#5050 = EDGE_LOOP('',(#5051));
#5051 = ORIENTED_EDGE('',*,*,#4834,.T.);
#5052 = FACE_BOUND('',#5053,.F.);
#5053 = EDGE_LOOP('',(#5054));
#5054 = ORIENTED_EDGE('',*,*,#4867,.T.);
#5055 = FACE_BOUND('',#5056,.F.);
#5056 = EDGE_LOOP('',(#5057));
#5057 = ORIENTED_EDGE('',*,*,#4900,.T.);
#5058 = FACE_BOUND('',#5059,.F.);
#5059 = EDGE_LOOP('',(#5060));
#5060 = ORIENTED_EDGE('',*,*,#4933,.T.);
#5061 = FACE_BOUND('',#5062,.F.);
#5062 = EDGE_LOOP('',(#5063));
#5063 = ORIENTED_EDGE('',*,*,#4966,.T.);
#5064 = PLANE('',#5065);
#5065 = AXIS2_PLACEMENT_3D('',#5066,#5067,#5068);
#5066 = CARTESIAN_POINT('',(50.,-10.,348.));
#5067 = DIRECTION('',(0.,1.,0.));
#5068 = DIRECTION('',(0.,0.,1.));
#5069 = ( GEOMETRIC_REPRESENTATION_CONTEXT(3) 
GLOBAL_UNCERTAINTY_ASSIGNED_CONTEXT((#5073)) 
GLOBAL_UNIT_ASSIGNED_CONTEXT((#5070,#5071,#5072)) REPRESENTATION_CONTEXT
('Context #1','3D Context with UNIT and UNCERTAINTY') );
#5070 = ( LENGTH_UNIT() NAMED_UNIT(*) SI_UNIT(.MILLI.,.METRE.) );
#5071 = ( NAMED_UNIT(*) PLANE_ANGLE_UNIT() SI_UNIT($,.RADIAN.) );
#5072 = ( NAMED_UNIT(*) SI_UNIT($,.STERADIAN.) SOLID_ANGLE_UNIT() );
#5073 = UNCERTAINTY_MEASURE_WITH_UNIT(LENGTH_MEASURE(1.E-07),#5070,
  'distance_accuracy_value','confusion accuracy');
#5074 = CONTEXT_DEPENDENT_SHAPE_REPRESENTATION(#5075,#5077);
#5075 = ( REPRESENTATION_RELATIONSHIP('','',#4528,#4477) 
REPRESENTATION_RELATIONSHIP_WITH_TRANSFORMATION(#5076) 
SHAPE_REPRESENTATION_RELATIONSHIP() );
#5076 = ITEM_DEFINED_TRANSFORMATION('','',#11,#4478);
#5077 = PRODUCT_DEFINITION_SHAPE('Placement','Placement of an item',
  #5078);
#5078 = NEXT_ASSEMBLY_USAGE_OCCURRENCE('10','Body020','',#4472,#4523,$);
#5079 = PRODUCT_RELATED_PRODUCT_CATEGORY('part',$,(#4525));
#5080 = SHAPE_DEFINITION_REPRESENTATION(#5081,#5087);
#5081 = PRODUCT_DEFINITION_SHAPE('','',#5082);
#5082 = PRODUCT_DEFINITION('design','',#5083,#5086);
#5083 = PRODUCT_DEFINITION_FORMATION('','',#5084);
#5084 = PRODUCT('Body','Body','',(#5085));
#5085 = PRODUCT_CONTEXT('',#2,'mechanical');
#5086 = PRODUCT_DEFINITION_CONTEXT('part definition',#2,'design');
#5087 = ADVANCED_BREP_SHAPE_REPRESENTATION('',(#11,#5088),#5628);
#5088 = MANIFOLD_SOLID_BREP('',#5089);
#5089 = CLOSED_SHELL('',(#5090,#5130,#5161,#5192,#5214,#5247,#5280,#5313
    ,#5346,#5379,#5412,#5445,#5478,#5511,#5544,#5586));
#5090 = ADVANCED_FACE('',(#5091),#5125,.F.);
#5091 = FACE_BOUND('',#5092,.F.);
#5092 = EDGE_LOOP('',(#5093,#5103,#5111,#5119));
#5093 = ORIENTED_EDGE('',*,*,#5094,.T.);
#5094 = EDGE_CURVE('',#5095,#5097,#5099,.T.);
#5095 = VERTEX_POINT('',#5096);
#5096 = CARTESIAN_POINT('',(0.,0.,0.));
#5097 = VERTEX_POINT('',#5098);
#5098 = CARTESIAN_POINT('',(0.,-10.,2.E-15));
#5099 = LINE('',#5100,#5101);
#5100 = CARTESIAN_POINT('',(0.,0.,0.));
#5101 = VECTOR('',#5102,1.);
#5102 = DIRECTION('',(0.,-1.,2.2E-16));
#5103 = ORIENTED_EDGE('',*,*,#5104,.T.);
#5104 = EDGE_CURVE('',#5097,#5105,#5107,.T.);
#5105 = VERTEX_POINT('',#5106);
#5106 = CARTESIAN_POINT('',(60.,-10.,2.E-15));
#5107 = LINE('',#5108,#5109);
#5108 = CARTESIAN_POINT('',(0.,-10.,2.E-15));
#5109 = VECTOR('',#5110,1.);
#5110 = DIRECTION('',(1.,0.,0.));
#5111 = ORIENTED_EDGE('',*,*,#5112,.F.);
#5112 = EDGE_CURVE('',#5113,#5105,#5115,.T.);
#5113 = VERTEX_POINT('',#5114);
#5114 = CARTESIAN_POINT('',(60.,0.,0.));
#5115 = LINE('',#5116,#5117);
#5116 = CARTESIAN_POINT('',(60.,0.,0.));
#5117 = VECTOR('',#5118,1.);
#5118 = DIRECTION('',(0.,-1.,2.2E-16));
#5119 = ORIENTED_EDGE('',*,*,#5120,.F.);
#5120 = EDGE_CURVE('',#5095,#5113,#5121,.T.);
#5121 = LINE('',#5122,#5123);
#5122 = CARTESIAN_POINT('',(0.,0.,0.));
#5123 = VECTOR('',#5124,1.);
#5124 = DIRECTION('',(1.,0.,0.));
#5125 = PLANE('',#5126);
#5126 = AXIS2_PLACEMENT_3D('',#5127,#5128,#5129);
#5127 = CARTESIAN_POINT('',(0.,0.,0.));
#5128 = DIRECTION('',(0.,2.2E-16,1.));
#5129 = DIRECTION('',(1.,0.,-0.));
#5130 = ADVANCED_FACE('',(#5131),#5156,.F.);
#5131 = FACE_BOUND('',#5132,.F.);
#5132 = EDGE_LOOP('',(#5133,#5134,#5142,#5150));
#5133 = ORIENTED_EDGE('',*,*,#5112,.T.);
#5134 = ORIENTED_EDGE('',*,*,#5135,.T.);
#5135 = EDGE_CURVE('',#5105,#5136,#5138,.T.);
#5136 = VERTEX_POINT('',#5137);
#5137 = CARTESIAN_POINT('',(60.,-10.,696.));
#5138 = LINE('',#5139,#5140);
#5139 = CARTESIAN_POINT('',(60.,-10.,2.E-15));
#5140 = VECTOR('',#5141,1.);
#5141 = DIRECTION('',(0.,0.,1.));
#5142 = ORIENTED_EDGE('',*,*,#5143,.F.);
#5143 = EDGE_CURVE('',#5144,#5136,#5146,.T.);
#5144 = VERTEX_POINT('',#5145);
#5145 = CARTESIAN_POINT('',(60.,1.55E-13,696.));
#5146 = LINE('',#5147,#5148);
#5147 = CARTESIAN_POINT('',(60.,1.5454E-13,696.));
#5148 = VECTOR('',#5149,1.);
#5149 = DIRECTION('',(0.,-1.,2.2E-16));
#5150 = ORIENTED_EDGE('',*,*,#5151,.F.);
#5151 = EDGE_CURVE('',#5113,#5144,#5152,.T.);
#5152 = LINE('',#5153,#5154);
#5153 = CARTESIAN_POINT('',(60.,0.,0.));
#5154 = VECTOR('',#5155,1.);
#5155 = DIRECTION('',(0.,0.,1.));
#5156 = PLANE('',#5157);
#5157 = AXIS2_PLACEMENT_3D('',#5158,#5159,#5160);
#5158 = CARTESIAN_POINT('',(60.,0.,0.));
#5159 = DIRECTION('',(-1.,0.,0.));
#5160 = DIRECTION('',(0.,2.2E-16,1.));
#5161 = ADVANCED_FACE('',(#5162),#5187,.F.);
#5162 = FACE_BOUND('',#5163,.F.);
#5163 = EDGE_LOOP('',(#5164,#5165,#5173,#5181));
#5164 = ORIENTED_EDGE('',*,*,#5143,.T.);
#5165 = ORIENTED_EDGE('',*,*,#5166,.T.);
#5166 = EDGE_CURVE('',#5136,#5167,#5169,.T.);
#5167 = VERTEX_POINT('',#5168);
#5168 = CARTESIAN_POINT('',(0.,-10.,696.));
#5169 = LINE('',#5170,#5171);
#5170 = CARTESIAN_POINT('',(60.,-10.,696.));
#5171 = VECTOR('',#5172,1.);
#5172 = DIRECTION('',(-1.,0.,0.));
#5173 = ORIENTED_EDGE('',*,*,#5174,.F.);
#5174 = EDGE_CURVE('',#5175,#5167,#5177,.T.);
#5175 = VERTEX_POINT('',#5176);
#5176 = CARTESIAN_POINT('',(0.,1.55E-13,696.));
#5177 = LINE('',#5178,#5179);
#5178 = CARTESIAN_POINT('',(0.,1.5454E-13,696.));
#5179 = VECTOR('',#5180,1.);
#5180 = DIRECTION('',(0.,-1.,2.2E-16));
#5181 = ORIENTED_EDGE('',*,*,#5182,.F.);
#5182 = EDGE_CURVE('',#5144,#5175,#5183,.T.);
#5183 = LINE('',#5184,#5185);
#5184 = CARTESIAN_POINT('',(60.,0.,696.));
#5185 = VECTOR('',#5186,1.);
#5186 = DIRECTION('',(-1.,0.,0.));
#5187 = PLANE('',#5188);
#5188 = AXIS2_PLACEMENT_3D('',#5189,#5190,#5191);
#5189 = CARTESIAN_POINT('',(60.,1.5454E-13,696.));
#5190 = DIRECTION('',(-0.,-2.2E-16,-1.));
#5191 = DIRECTION('',(-1.,0.,0.));
#5192 = ADVANCED_FACE('',(#5193),#5209,.F.);
#5193 = FACE_BOUND('',#5194,.F.);
#5194 = EDGE_LOOP('',(#5195,#5196,#5202,#5203));
#5195 = ORIENTED_EDGE('',*,*,#5174,.T.);
#5196 = ORIENTED_EDGE('',*,*,#5197,.T.);
#5197 = EDGE_CURVE('',#5167,#5097,#5198,.T.);
#5198 = LINE('',#5199,#5200);
#5199 = CARTESIAN_POINT('',(0.,-10.,696.));
#5200 = VECTOR('',#5201,1.);
#5201 = DIRECTION('',(0.,0.,-1.));
#5202 = ORIENTED_EDGE('',*,*,#5094,.F.);
#5203 = ORIENTED_EDGE('',*,*,#5204,.F.);
#5204 = EDGE_CURVE('',#5175,#5095,#5205,.T.);
#5205 = LINE('',#5206,#5207);
#5206 = CARTESIAN_POINT('',(0.,0.,696.));
#5207 = VECTOR('',#5208,1.);
#5208 = DIRECTION('',(0.,0.,-1.));
#5209 = PLANE('',#5210);
#5210 = AXIS2_PLACEMENT_3D('',#5211,#5212,#5213);
#5211 = CARTESIAN_POINT('',(0.,1.5454E-13,696.));
#5212 = DIRECTION('',(1.,0.,0.));
#5213 = DIRECTION('',(0.,-2.2E-16,-1.));
#5214 = ADVANCED_FACE('',(#5215),#5242,.F.);
#5215 = FACE_BOUND('',#5216,.T.);
#5216 = EDGE_LOOP('',(#5217,#5227,#5234,#5235));
#5217 = ORIENTED_EDGE('',*,*,#5218,.T.);
#5218 = EDGE_CURVE('',#5219,#5221,#5223,.T.);
#5219 = VERTEX_POINT('',#5220);
#5220 = CARTESIAN_POINT('',(36.,1.42E-13,640.));
#5221 = VERTEX_POINT('',#5222);
#5222 = CARTESIAN_POINT('',(36.,-10.,640.));
#5223 = LINE('',#5224,#5225);
#5224 = CARTESIAN_POINT('',(36.,1.4211E-13,640.));
#5225 = VECTOR('',#5226,1.);
#5226 = DIRECTION('',(0.,-1.,2.2E-16));
#5227 = ORIENTED_EDGE('',*,*,#5228,.T.);
#5228 = EDGE_CURVE('',#5221,#5221,#5229,.T.);
#5229 = CIRCLE('',#5230,6.);
#5230 = AXIS2_PLACEMENT_3D('',#5231,#5232,#5233);
#5231 = CARTESIAN_POINT('',(30.,-10.,640.));
#5232 = DIRECTION('',(0.,-1.,0.));
#5233 = DIRECTION('',(1.,0.,0.));
#5234 = ORIENTED_EDGE('',*,*,#5218,.F.);
#5235 = ORIENTED_EDGE('',*,*,#5236,.F.);
#5236 = EDGE_CURVE('',#5219,#5219,#5237,.T.);
#5237 = CIRCLE('',#5238,6.);
#5238 = AXIS2_PLACEMENT_3D('',#5239,#5240,#5241);
#5239 = CARTESIAN_POINT('',(30.,0.,640.));
#5240 = DIRECTION('',(0.,-1.,0.));
#5241 = DIRECTION('',(1.,0.,0.));
#5242 = CYLINDRICAL_SURFACE('',#5243,6.);
#5243 = AXIS2_PLACEMENT_3D('',#5244,#5245,#5246);
#5244 = CARTESIAN_POINT('',(30.,1.4211E-13,640.));
#5245 = DIRECTION('',(0.,1.,-2.2E-16));
#5246 = DIRECTION('',(1.,0.,0.));
#5247 = ADVANCED_FACE('',(#5248),#5275,.F.);
#5248 = FACE_BOUND('',#5249,.T.);
#5249 = EDGE_LOOP('',(#5250,#5260,#5267,#5268));
#5250 = ORIENTED_EDGE('',*,*,#5251,.T.);
#5251 = EDGE_CURVE('',#5252,#5254,#5256,.T.);
#5252 = VERTEX_POINT('',#5253);
#5253 = CARTESIAN_POINT('',(36.,1.33E-13,600.));
#5254 = VERTEX_POINT('',#5255);
#5255 = CARTESIAN_POINT('',(36.,-10.,600.));
#5256 = LINE('',#5257,#5258);
#5257 = CARTESIAN_POINT('',(36.,1.3323E-13,600.));
#5258 = VECTOR('',#5259,1.);
#5259 = DIRECTION('',(0.,-1.,2.2E-16));
#5260 = ORIENTED_EDGE('',*,*,#5261,.T.);
#5261 = EDGE_CURVE('',#5254,#5254,#5262,.T.);
#5262 = CIRCLE('',#5263,6.);
#5263 = AXIS2_PLACEMENT_3D('',#5264,#5265,#5266);
#5264 = CARTESIAN_POINT('',(30.,-10.,600.));
#5265 = DIRECTION('',(0.,-1.,0.));
#5266 = DIRECTION('',(1.,0.,0.));
#5267 = ORIENTED_EDGE('',*,*,#5251,.F.);
#5268 = ORIENTED_EDGE('',*,*,#5269,.F.);
#5269 = EDGE_CURVE('',#5252,#5252,#5270,.T.);
#5270 = CIRCLE('',#5271,6.);
#5271 = AXIS2_PLACEMENT_3D('',#5272,#5273,#5274);
#5272 = CARTESIAN_POINT('',(30.,0.,600.));
#5273 = DIRECTION('',(0.,-1.,0.));
#5274 = DIRECTION('',(1.,0.,0.));
#5275 = CYLINDRICAL_SURFACE('',#5276,6.);
#5276 = AXIS2_PLACEMENT_3D('',#5277,#5278,#5279);
#5277 = CARTESIAN_POINT('',(30.,1.3323E-13,600.));
#5278 = DIRECTION('',(0.,1.,-2.2E-16));
#5279 = DIRECTION('',(1.,0.,0.));
#5280 = ADVANCED_FACE('',(#5281),#5308,.F.);
#5281 = FACE_BOUND('',#5282,.T.);
#5282 = EDGE_LOOP('',(#5283,#5293,#5300,#5301));
#5283 = ORIENTED_EDGE('',*,*,#5284,.T.);
#5284 = EDGE_CURVE('',#5285,#5287,#5289,.T.);
#5285 = VERTEX_POINT('',#5286);
#5286 = CARTESIAN_POINT('',(36.,1.12E-13,504.));
#5287 = VERTEX_POINT('',#5288);
#5288 = CARTESIAN_POINT('',(36.,-10.,504.));
#5289 = LINE('',#5290,#5291);
#5290 = CARTESIAN_POINT('',(36.,1.1191E-13,504.));
#5291 = VECTOR('',#5292,1.);
#5292 = DIRECTION('',(0.,-1.,2.2E-16));
#5293 = ORIENTED_EDGE('',*,*,#5294,.T.);
#5294 = EDGE_CURVE('',#5287,#5287,#5295,.T.);
#5295 = CIRCLE('',#5296,6.);
#5296 = AXIS2_PLACEMENT_3D('',#5297,#5298,#5299);
#5297 = CARTESIAN_POINT('',(30.,-10.,504.));
#5298 = DIRECTION('',(0.,-1.,0.));
#5299 = DIRECTION('',(1.,0.,0.));
#5300 = ORIENTED_EDGE('',*,*,#5284,.F.);
#5301 = ORIENTED_EDGE('',*,*,#5302,.F.);
#5302 = EDGE_CURVE('',#5285,#5285,#5303,.T.);
#5303 = CIRCLE('',#5304,6.);
#5304 = AXIS2_PLACEMENT_3D('',#5305,#5306,#5307);
#5305 = CARTESIAN_POINT('',(30.,0.,504.));
#5306 = DIRECTION('',(0.,-1.,0.));
#5307 = DIRECTION('',(1.,0.,0.));
#5308 = CYLINDRICAL_SURFACE('',#5309,6.);
#5309 = AXIS2_PLACEMENT_3D('',#5310,#5311,#5312);
#5310 = CARTESIAN_POINT('',(30.,1.1191E-13,504.));
#5311 = DIRECTION('',(0.,1.,-2.2E-16));
#5312 = DIRECTION('',(1.,0.,0.));
#5313 = ADVANCED_FACE('',(#5314),#5341,.F.);
#5314 = FACE_BOUND('',#5315,.T.);
#5315 = EDGE_LOOP('',(#5316,#5326,#5333,#5334));
#5316 = ORIENTED_EDGE('',*,*,#5317,.T.);
#5317 = EDGE_CURVE('',#5318,#5320,#5322,.T.);
#5318 = VERTEX_POINT('',#5319);
#5319 = CARTESIAN_POINT('',(36.,1.03E-13,464.));
#5320 = VERTEX_POINT('',#5321);
#5321 = CARTESIAN_POINT('',(36.,-10.,464.));
#5322 = LINE('',#5323,#5324);
#5323 = CARTESIAN_POINT('',(36.,1.0303E-13,464.));
#5324 = VECTOR('',#5325,1.);
#5325 = DIRECTION('',(0.,-1.,2.2E-16));
#5326 = ORIENTED_EDGE('',*,*,#5327,.T.);
#5327 = EDGE_CURVE('',#5320,#5320,#5328,.T.);
#5328 = CIRCLE('',#5329,6.);
#5329 = AXIS2_PLACEMENT_3D('',#5330,#5331,#5332);
#5330 = CARTESIAN_POINT('',(30.,-10.,464.));
#5331 = DIRECTION('',(0.,-1.,0.));
#5332 = DIRECTION('',(1.,0.,0.));
#5333 = ORIENTED_EDGE('',*,*,#5317,.F.);
#5334 = ORIENTED_EDGE('',*,*,#5335,.F.);
#5335 = EDGE_CURVE('',#5318,#5318,#5336,.T.);
#5336 = CIRCLE('',#5337,6.);
#5337 = AXIS2_PLACEMENT_3D('',#5338,#5339,#5340);
#5338 = CARTESIAN_POINT('',(30.,0.,464.));
#5339 = DIRECTION('',(0.,-1.,0.));
#5340 = DIRECTION('',(1.,0.,0.));
#5341 = CYLINDRICAL_SURFACE('',#5342,6.);
#5342 = AXIS2_PLACEMENT_3D('',#5343,#5344,#5345);
#5343 = CARTESIAN_POINT('',(30.,1.0303E-13,464.));
#5344 = DIRECTION('',(0.,1.,-2.2E-16));
#5345 = DIRECTION('',(1.,0.,0.));
#5346 = ADVANCED_FACE('',(#5347),#5374,.F.);
#5347 = FACE_BOUND('',#5348,.T.);
#5348 = EDGE_LOOP('',(#5349,#5359,#5366,#5367));
#5349 = ORIENTED_EDGE('',*,*,#5350,.T.);
#5350 = EDGE_CURVE('',#5351,#5353,#5355,.T.);
#5351 = VERTEX_POINT('',#5352);
#5352 = CARTESIAN_POINT('',(36.,8.2E-14,368.));
#5353 = VERTEX_POINT('',#5354);
#5354 = CARTESIAN_POINT('',(36.,-10.,368.));
#5355 = LINE('',#5356,#5357);
#5356 = CARTESIAN_POINT('',(36.,8.171E-14,368.));
#5357 = VECTOR('',#5358,1.);
#5358 = DIRECTION('',(0.,-1.,2.2E-16));
#5359 = ORIENTED_EDGE('',*,*,#5360,.T.);
#5360 = EDGE_CURVE('',#5353,#5353,#5361,.T.);
#5361 = CIRCLE('',#5362,6.);
#5362 = AXIS2_PLACEMENT_3D('',#5363,#5364,#5365);
#5363 = CARTESIAN_POINT('',(30.,-10.,368.));
#5364 = DIRECTION('',(0.,-1.,0.));
#5365 = DIRECTION('',(1.,0.,0.));
#5366 = ORIENTED_EDGE('',*,*,#5350,.F.);
#5367 = ORIENTED_EDGE('',*,*,#5368,.F.);
#5368 = EDGE_CURVE('',#5351,#5351,#5369,.T.);
#5369 = CIRCLE('',#5370,6.);
#5370 = AXIS2_PLACEMENT_3D('',#5371,#5372,#5373);
#5371 = CARTESIAN_POINT('',(30.,0.,368.));
#5372 = DIRECTION('',(0.,-1.,0.));
#5373 = DIRECTION('',(1.,0.,0.));
#5374 = CYLINDRICAL_SURFACE('',#5375,6.);
#5375 = AXIS2_PLACEMENT_3D('',#5376,#5377,#5378);
#5376 = CARTESIAN_POINT('',(30.,8.171E-14,368.));
#5377 = DIRECTION('',(0.,1.,-2.2E-16));
#5378 = DIRECTION('',(1.,0.,0.));
#5379 = ADVANCED_FACE('',(#5380),#5407,.F.);
#5380 = FACE_BOUND('',#5381,.T.);
#5381 = EDGE_LOOP('',(#5382,#5392,#5399,#5400));
#5382 = ORIENTED_EDGE('',*,*,#5383,.T.);
#5383 = EDGE_CURVE('',#5384,#5386,#5388,.T.);
#5384 = VERTEX_POINT('',#5385);
#5385 = CARTESIAN_POINT('',(36.,7.3E-14,328.));
#5386 = VERTEX_POINT('',#5387);
#5387 = CARTESIAN_POINT('',(36.,-10.,328.));
#5388 = LINE('',#5389,#5390);
#5389 = CARTESIAN_POINT('',(36.,7.283E-14,328.));
#5390 = VECTOR('',#5391,1.);
#5391 = DIRECTION('',(0.,-1.,2.2E-16));
#5392 = ORIENTED_EDGE('',*,*,#5393,.T.);
#5393 = EDGE_CURVE('',#5386,#5386,#5394,.T.);
#5394 = CIRCLE('',#5395,6.);
#5395 = AXIS2_PLACEMENT_3D('',#5396,#5397,#5398);
#5396 = CARTESIAN_POINT('',(30.,-10.,328.));
#5397 = DIRECTION('',(0.,-1.,0.));
#5398 = DIRECTION('',(1.,0.,0.));
#5399 = ORIENTED_EDGE('',*,*,#5383,.F.);
#5400 = ORIENTED_EDGE('',*,*,#5401,.F.);
#5401 = EDGE_CURVE('',#5384,#5384,#5402,.T.);
#5402 = CIRCLE('',#5403,6.);
#5403 = AXIS2_PLACEMENT_3D('',#5404,#5405,#5406);
#5404 = CARTESIAN_POINT('',(30.,0.,328.));
#5405 = DIRECTION('',(0.,-1.,0.));
#5406 = DIRECTION('',(1.,0.,0.));
#5407 = CYLINDRICAL_SURFACE('',#5408,6.);
#5408 = AXIS2_PLACEMENT_3D('',#5409,#5410,#5411);
#5409 = CARTESIAN_POINT('',(30.,7.283E-14,328.));
#5410 = DIRECTION('',(0.,1.,-2.2E-16));
#5411 = DIRECTION('',(1.,0.,0.));
#5412 = ADVANCED_FACE('',(#5413),#5440,.F.);
#5413 = FACE_BOUND('',#5414,.T.);
#5414 = EDGE_LOOP('',(#5415,#5425,#5432,#5433));
#5415 = ORIENTED_EDGE('',*,*,#5416,.T.);
#5416 = EDGE_CURVE('',#5417,#5419,#5421,.T.);
#5417 = VERTEX_POINT('',#5418);
#5418 = CARTESIAN_POINT('',(36.,5.2E-14,232.));
#5419 = VERTEX_POINT('',#5420);
#5420 = CARTESIAN_POINT('',(36.,-10.,232.));
#5421 = LINE('',#5422,#5423);
#5422 = CARTESIAN_POINT('',(36.,5.151E-14,232.));
#5423 = VECTOR('',#5424,1.);
#5424 = DIRECTION('',(0.,-1.,2.2E-16));
#5425 = ORIENTED_EDGE('',*,*,#5426,.T.);
#5426 = EDGE_CURVE('',#5419,#5419,#5427,.T.);
#5427 = CIRCLE('',#5428,6.);
#5428 = AXIS2_PLACEMENT_3D('',#5429,#5430,#5431);
#5429 = CARTESIAN_POINT('',(30.,-10.,232.));
#5430 = DIRECTION('',(0.,-1.,0.));
#5431 = DIRECTION('',(1.,0.,0.));
#5432 = ORIENTED_EDGE('',*,*,#5416,.F.);
#5433 = ORIENTED_EDGE('',*,*,#5434,.F.);
#5434 = EDGE_CURVE('',#5417,#5417,#5435,.T.);
#5435 = CIRCLE('',#5436,6.);
#5436 = AXIS2_PLACEMENT_3D('',#5437,#5438,#5439);
#5437 = CARTESIAN_POINT('',(30.,0.,232.));
#5438 = DIRECTION('',(0.,-1.,0.));
#5439 = DIRECTION('',(1.,0.,0.));
#5440 = CYLINDRICAL_SURFACE('',#5441,6.);
#5441 = AXIS2_PLACEMENT_3D('',#5442,#5443,#5444);
#5442 = CARTESIAN_POINT('',(30.,5.151E-14,232.));
#5443 = DIRECTION('',(0.,1.,-2.2E-16));
#5444 = DIRECTION('',(1.,0.,0.));
#5445 = ADVANCED_FACE('',(#5446),#5473,.F.);
#5446 = FACE_BOUND('',#5447,.T.);
#5447 = EDGE_LOOP('',(#5448,#5458,#5465,#5466));
#5448 = ORIENTED_EDGE('',*,*,#5449,.T.);
#5449 = EDGE_CURVE('',#5450,#5452,#5454,.T.);
#5450 = VERTEX_POINT('',#5451);
#5451 = CARTESIAN_POINT('',(36.,4.3E-14,192.));
#5452 = VERTEX_POINT('',#5453);
#5453 = CARTESIAN_POINT('',(36.,-10.,192.));
#5454 = LINE('',#5455,#5456);
#5455 = CARTESIAN_POINT('',(36.,4.263E-14,192.));
#5456 = VECTOR('',#5457,1.);
#5457 = DIRECTION('',(0.,-1.,2.2E-16));
#5458 = ORIENTED_EDGE('',*,*,#5459,.T.);
#5459 = EDGE_CURVE('',#5452,#5452,#5460,.T.);
#5460 = CIRCLE('',#5461,6.);
#5461 = AXIS2_PLACEMENT_3D('',#5462,#5463,#5464);
#5462 = CARTESIAN_POINT('',(30.,-10.,192.));
#5463 = DIRECTION('',(0.,-1.,0.));
#5464 = DIRECTION('',(1.,0.,0.));
#5465 = ORIENTED_EDGE('',*,*,#5449,.F.);
#5466 = ORIENTED_EDGE('',*,*,#5467,.F.);
#5467 = EDGE_CURVE('',#5450,#5450,#5468,.T.);
#5468 = CIRCLE('',#5469,6.);
#5469 = AXIS2_PLACEMENT_3D('',#5470,#5471,#5472);
#5470 = CARTESIAN_POINT('',(30.,0.,192.));
#5471 = DIRECTION('',(0.,-1.,0.));
#5472 = DIRECTION('',(1.,0.,0.));
#5473 = CYLINDRICAL_SURFACE('',#5474,6.);
#5474 = AXIS2_PLACEMENT_3D('',#5475,#5476,#5477);
#5475 = CARTESIAN_POINT('',(30.,4.263E-14,192.));
#5476 = DIRECTION('',(0.,1.,-2.2E-16));
#5477 = DIRECTION('',(1.,0.,0.));
#5478 = ADVANCED_FACE('',(#5479),#5506,.F.);
#5479 = FACE_BOUND('',#5480,.T.);
#5480 = EDGE_LOOP('',(#5481,#5491,#5498,#5499));
#5481 = ORIENTED_EDGE('',*,*,#5482,.T.);
#5482 = EDGE_CURVE('',#5483,#5485,#5487,.T.);
#5483 = VERTEX_POINT('',#5484);
#5484 = CARTESIAN_POINT('',(36.,2.1E-14,96.));
#5485 = VERTEX_POINT('',#5486);
#5486 = CARTESIAN_POINT('',(36.,-10.,96.));
#5487 = LINE('',#5488,#5489);
#5488 = CARTESIAN_POINT('',(36.,2.132E-14,96.));
#5489 = VECTOR('',#5490,1.);
#5490 = DIRECTION('',(0.,-1.,2.2E-16));
#5491 = ORIENTED_EDGE('',*,*,#5492,.T.);
#5492 = EDGE_CURVE('',#5485,#5485,#5493,.T.);
#5493 = CIRCLE('',#5494,6.);
#5494 = AXIS2_PLACEMENT_3D('',#5495,#5496,#5497);
#5495 = CARTESIAN_POINT('',(30.,-10.,96.));
#5496 = DIRECTION('',(0.,-1.,0.));
#5497 = DIRECTION('',(1.,0.,0.));
#5498 = ORIENTED_EDGE('',*,*,#5482,.F.);
#5499 = ORIENTED_EDGE('',*,*,#5500,.F.);
#5500 = EDGE_CURVE('',#5483,#5483,#5501,.T.);
#5501 = CIRCLE('',#5502,6.);
#5502 = AXIS2_PLACEMENT_3D('',#5503,#5504,#5505);
#5503 = CARTESIAN_POINT('',(30.,0.,96.));
#5504 = DIRECTION('',(0.,-1.,0.));
#5505 = DIRECTION('',(1.,0.,0.));
#5506 = CYLINDRICAL_SURFACE('',#5507,6.);
#5507 = AXIS2_PLACEMENT_3D('',#5508,#5509,#5510);
#5508 = CARTESIAN_POINT('',(30.,2.132E-14,96.));
#5509 = DIRECTION('',(0.,1.,-2.2E-16));
#5510 = DIRECTION('',(1.,0.,0.));
#5511 = ADVANCED_FACE('',(#5512),#5539,.F.);
#5512 = FACE_BOUND('',#5513,.T.);
#5513 = EDGE_LOOP('',(#5514,#5524,#5531,#5532));
#5514 = ORIENTED_EDGE('',*,*,#5515,.T.);
#5515 = EDGE_CURVE('',#5516,#5518,#5520,.T.);
#5516 = VERTEX_POINT('',#5517);
#5517 = CARTESIAN_POINT('',(36.,1.2E-14,56.));
#5518 = VERTEX_POINT('',#5519);
#5519 = CARTESIAN_POINT('',(36.,-10.,56.));
#5520 = LINE('',#5521,#5522);
#5521 = CARTESIAN_POINT('',(36.,1.243E-14,56.));
#5522 = VECTOR('',#5523,1.);
#5523 = DIRECTION('',(0.,-1.,2.2E-16));
#5524 = ORIENTED_EDGE('',*,*,#5525,.T.);
#5525 = EDGE_CURVE('',#5518,#5518,#5526,.T.);
#5526 = CIRCLE('',#5527,6.);
#5527 = AXIS2_PLACEMENT_3D('',#5528,#5529,#5530);
#5528 = CARTESIAN_POINT('',(30.,-10.,56.));
#5529 = DIRECTION('',(0.,-1.,0.));
#5530 = DIRECTION('',(1.,0.,0.));
#5531 = ORIENTED_EDGE('',*,*,#5515,.F.);
#5532 = ORIENTED_EDGE('',*,*,#5533,.F.);
#5533 = EDGE_CURVE('',#5516,#5516,#5534,.T.);
#5534 = CIRCLE('',#5535,6.);
#5535 = AXIS2_PLACEMENT_3D('',#5536,#5537,#5538);
#5536 = CARTESIAN_POINT('',(30.,0.,56.));
#5537 = DIRECTION('',(0.,-1.,0.));
#5538 = DIRECTION('',(1.,0.,0.));
#5539 = CYLINDRICAL_SURFACE('',#5540,6.);
#5540 = AXIS2_PLACEMENT_3D('',#5541,#5542,#5543);
#5541 = CARTESIAN_POINT('',(30.,1.243E-14,56.));
#5542 = DIRECTION('',(0.,1.,-2.2E-16));
#5543 = DIRECTION('',(1.,0.,0.));
#5544 = ADVANCED_FACE('',(#5545,#5551,#5554,#5557,#5560,#5563,#5566,
    #5569,#5572,#5575,#5578),#5581,.T.);
#5545 = FACE_BOUND('',#5546,.F.);
#5546 = EDGE_LOOP('',(#5547,#5548,#5549,#5550));
#5547 = ORIENTED_EDGE('',*,*,#5120,.T.);
#5548 = ORIENTED_EDGE('',*,*,#5151,.T.);
#5549 = ORIENTED_EDGE('',*,*,#5182,.T.);
#5550 = ORIENTED_EDGE('',*,*,#5204,.T.);
#5551 = FACE_BOUND('',#5552,.T.);
#5552 = EDGE_LOOP('',(#5553));
#5553 = ORIENTED_EDGE('',*,*,#5236,.T.);
#5554 = FACE_BOUND('',#5555,.T.);
#5555 = EDGE_LOOP('',(#5556));
#5556 = ORIENTED_EDGE('',*,*,#5269,.T.);
#5557 = FACE_BOUND('',#5558,.T.);
#5558 = EDGE_LOOP('',(#5559));
#5559 = ORIENTED_EDGE('',*,*,#5302,.T.);
#5560 = FACE_BOUND('',#5561,.T.);
#5561 = EDGE_LOOP('',(#5562));
#5562 = ORIENTED_EDGE('',*,*,#5335,.T.);
#5563 = FACE_BOUND('',#5564,.T.);
#5564 = EDGE_LOOP('',(#5565));
#5565 = ORIENTED_EDGE('',*,*,#5368,.T.);
#5566 = FACE_BOUND('',#5567,.T.);
#5567 = EDGE_LOOP('',(#5568));
#5568 = ORIENTED_EDGE('',*,*,#5401,.T.);
#5569 = FACE_BOUND('',#5570,.T.);
#5570 = EDGE_LOOP('',(#5571));
#5571 = ORIENTED_EDGE('',*,*,#5434,.T.);
#5572 = FACE_BOUND('',#5573,.T.);
#5573 = EDGE_LOOP('',(#5574));
#5574 = ORIENTED_EDGE('',*,*,#5467,.T.);
#5575 = FACE_BOUND('',#5576,.T.);
#5576 = EDGE_LOOP('',(#5577));
#5577 = ORIENTED_EDGE('',*,*,#5500,.T.);
#5578 = FACE_BOUND('',#5579,.T.);
#5579 = EDGE_LOOP('',(#5580));
#5580 = ORIENTED_EDGE('',*,*,#5533,.T.);
#5581 = PLANE('',#5582);
#5582 = AXIS2_PLACEMENT_3D('',#5583,#5584,#5585);
#5583 = CARTESIAN_POINT('',(30.,7.727E-14,348.));
#5584 = DIRECTION('',(0.,1.,0.));
#5585 = DIRECTION('',(0.,0.,1.));
#5586 = ADVANCED_FACE('',(#5587,#5593,#5596,#5599,#5602,#5605,#5608,
    #5611,#5614,#5617,#5620),#5623,.F.);
#5587 = FACE_BOUND('',#5588,.T.);
#5588 = EDGE_LOOP('',(#5589,#5590,#5591,#5592));
#5589 = ORIENTED_EDGE('',*,*,#5104,.T.);
#5590 = ORIENTED_EDGE('',*,*,#5135,.T.);
#5591 = ORIENTED_EDGE('',*,*,#5166,.T.);
#5592 = ORIENTED_EDGE('',*,*,#5197,.T.);
#5593 = FACE_BOUND('',#5594,.F.);
#5594 = EDGE_LOOP('',(#5595));
#5595 = ORIENTED_EDGE('',*,*,#5228,.T.);
#5596 = FACE_BOUND('',#5597,.F.);
#5597 = EDGE_LOOP('',(#5598));
#5598 = ORIENTED_EDGE('',*,*,#5261,.T.);
#5599 = FACE_BOUND('',#5600,.F.);
#5600 = EDGE_LOOP('',(#5601));
#5601 = ORIENTED_EDGE('',*,*,#5294,.T.);
#5602 = FACE_BOUND('',#5603,.F.);
#5603 = EDGE_LOOP('',(#5604));
#5604 = ORIENTED_EDGE('',*,*,#5327,.T.);
#5605 = FACE_BOUND('',#5606,.F.);
#5606 = EDGE_LOOP('',(#5607));
#5607 = ORIENTED_EDGE('',*,*,#5360,.T.);
#5608 = FACE_BOUND('',#5609,.F.);
#5609 = EDGE_LOOP('',(#5610));
#5610 = ORIENTED_EDGE('',*,*,#5393,.T.);
#5611 = FACE_BOUND('',#5612,.F.);
#5612 = EDGE_LOOP('',(#5613));
#5613 = ORIENTED_EDGE('',*,*,#5426,.T.);
#5614 = FACE_BOUND('',#5615,.F.);
#5615 = EDGE_LOOP('',(#5616));
#5616 = ORIENTED_EDGE('',*,*,#5459,.T.);
#5617 = FACE_BOUND('',#5618,.F.);
#5618 = EDGE_LOOP('',(#5619));
#5619 = ORIENTED_EDGE('',*,*,#5492,.T.);
#5620 = FACE_BOUND('',#5621,.F.);
#5621 = EDGE_LOOP('',(#5622));
#5622 = ORIENTED_EDGE('',*,*,#5525,.T.);
#5623 = PLANE('',#5624);
#5624 = AXIS2_PLACEMENT_3D('',#5625,#5626,#5627);
#5625 = CARTESIAN_POINT('',(30.,-10.,348.));
#5626 = DIRECTION('',(0.,1.,0.));
#5627 = DIRECTION('',(0.,0.,1.));
#5628 = ( GEOMETRIC_REPRESENTATION_CONTEXT(3) 
GLOBAL_UNCERTAINTY_ASSIGNED_CONTEXT((#5632)) 
GLOBAL_UNIT_ASSIGNED_CONTEXT((#5629,#5630,#5631)) REPRESENTATION_CONTEXT
('Context #1','3D Context with UNIT and UNCERTAINTY') );
#5629 = ( LENGTH_UNIT() NAMED_UNIT(*) SI_UNIT(.MILLI.,.METRE.) );
#5630 = ( NAMED_UNIT(*) PLANE_ANGLE_UNIT() SI_UNIT($,.RADIAN.) );
#5631 = ( NAMED_UNIT(*) SI_UNIT($,.STERADIAN.) SOLID_ANGLE_UNIT() );
#5632 = UNCERTAINTY_MEASURE_WITH_UNIT(LENGTH_MEASURE(1.E-07),#5629,
  'distance_accuracy_value','confusion accuracy');
#5633 = CONTEXT_DEPENDENT_SHAPE_REPRESENTATION(#5634,#5636);
#5634 = ( REPRESENTATION_RELATIONSHIP('','',#5087,#4477) 
REPRESENTATION_RELATIONSHIP_WITH_TRANSFORMATION(#5635) 
SHAPE_REPRESENTATION_RELATIONSHIP() );
#5635 = ITEM_DEFINED_TRANSFORMATION('','',#11,#4482);
#5636 = PRODUCT_DEFINITION_SHAPE('Placement','Placement of an item',
  #5637);
#5637 = NEXT_ASSEMBLY_USAGE_OCCURRENCE('11','Body008','',#4472,#5082,$);
#5638 = PRODUCT_RELATED_PRODUCT_CATEGORY('part',$,(#5084));
#5639 = SHAPE_DEFINITION_REPRESENTATION(#5640,#5646);
#5640 = PRODUCT_DEFINITION_SHAPE('','',#5641);
#5641 = PRODUCT_DEFINITION('design','',#5642,#5645);
#5642 = PRODUCT_DEFINITION_FORMATION('','',#5643);
#5643 = PRODUCT('Body','Body','',(#5644));
#5644 = PRODUCT_CONTEXT('',#2,'mechanical');
#5645 = PRODUCT_DEFINITION_CONTEXT('part definition',#2,'design');
#5646 = ADVANCED_BREP_SHAPE_REPRESENTATION('',(#11,#5647),#5966);
#5647 = MANIFOLD_SOLID_BREP('',#5648);
#5648 = CLOSED_SHELL('',(#5649,#5689,#5720,#5751,#5782,#5813,#5844,#5877
    ,#5908,#5932,#5949));
#5649 = ADVANCED_FACE('',(#5650),#5684,.T.);
#5650 = FACE_BOUND('',#5651,.T.);
#5651 = EDGE_LOOP('',(#5652,#5662,#5670,#5678));
#5652 = ORIENTED_EDGE('',*,*,#5653,.T.);
#5653 = EDGE_CURVE('',#5654,#5656,#5658,.T.);
#5654 = VERTEX_POINT('',#5655);
#5655 = CARTESIAN_POINT('',(260.,115.,0.));
#5656 = VERTEX_POINT('',#5657);
#5657 = CARTESIAN_POINT('',(260.,115.,16.));
#5658 = LINE('',#5659,#5660);
#5659 = CARTESIAN_POINT('',(260.,115.,0.));
#5660 = VECTOR('',#5661,1.);
#5661 = DIRECTION('',(0.,0.,1.));
#5662 = ORIENTED_EDGE('',*,*,#5663,.T.);
#5663 = EDGE_CURVE('',#5656,#5664,#5666,.T.);
#5664 = VERTEX_POINT('',#5665);
#5665 = CARTESIAN_POINT('',(260.,100.,16.));
#5666 = LINE('',#5667,#5668);
#5667 = CARTESIAN_POINT('',(260.,115.,16.));
#5668 = VECTOR('',#5669,1.);
#5669 = DIRECTION('',(0.,-1.,0.));
#5670 = ORIENTED_EDGE('',*,*,#5671,.F.);
#5671 = EDGE_CURVE('',#5672,#5664,#5674,.T.);
#5672 = VERTEX_POINT('',#5673);
#5673 = CARTESIAN_POINT('',(260.,100.,0.));
#5674 = LINE('',#5675,#5676);
#5675 = CARTESIAN_POINT('',(260.,100.,0.));
#5676 = VECTOR('',#5677,1.);
#5677 = DIRECTION('',(0.,0.,1.));
#5678 = ORIENTED_EDGE('',*,*,#5679,.F.);
#5679 = EDGE_CURVE('',#5654,#5672,#5680,.T.);
#5680 = LINE('',#5681,#5682);
#5681 = CARTESIAN_POINT('',(260.,115.,0.));
#5682 = VECTOR('',#5683,1.);
#5683 = DIRECTION('',(0.,-1.,0.));
#5684 = PLANE('',#5685);
#5685 = AXIS2_PLACEMENT_3D('',#5686,#5687,#5688);
#5686 = CARTESIAN_POINT('',(260.,115.,0.));
#5687 = DIRECTION('',(1.,0.,0.));
#5688 = DIRECTION('',(0.,-1.,0.));
#5689 = ADVANCED_FACE('',(#5690),#5715,.T.);
#5690 = FACE_BOUND('',#5691,.T.);
#5691 = EDGE_LOOP('',(#5692,#5693,#5701,#5709));
#5692 = ORIENTED_EDGE('',*,*,#5671,.T.);
#5693 = ORIENTED_EDGE('',*,*,#5694,.T.);
#5694 = EDGE_CURVE('',#5664,#5695,#5697,.T.);
#5695 = VERTEX_POINT('',#5696);
#5696 = CARTESIAN_POINT('',(190.,100.,16.));
#5697 = LINE('',#5698,#5699);
#5698 = CARTESIAN_POINT('',(260.,100.,16.));
#5699 = VECTOR('',#5700,1.);
#5700 = DIRECTION('',(-1.,0.,0.));
#5701 = ORIENTED_EDGE('',*,*,#5702,.F.);
#5702 = EDGE_CURVE('',#5703,#5695,#5705,.T.);
#5703 = VERTEX_POINT('',#5704);
#5704 = CARTESIAN_POINT('',(190.,100.,0.));
#5705 = LINE('',#5706,#5707);
#5706 = CARTESIAN_POINT('',(190.,100.,0.));
#5707 = VECTOR('',#5708,1.);
#5708 = DIRECTION('',(0.,0.,1.));
#5709 = ORIENTED_EDGE('',*,*,#5710,.F.);
#5710 = EDGE_CURVE('',#5672,#5703,#5711,.T.);
#5711 = LINE('',#5712,#5713);
#5712 = CARTESIAN_POINT('',(260.,100.,0.));
#5713 = VECTOR('',#5714,1.);
#5714 = DIRECTION('',(-1.,0.,0.));
#5715 = PLANE('',#5716);
#5716 = AXIS2_PLACEMENT_3D('',#5717,#5718,#5719);
#5717 = CARTESIAN_POINT('',(260.,100.,0.));
#5718 = DIRECTION('',(0.,-1.,0.));
#5719 = DIRECTION('',(-1.,0.,0.));
#5720 = ADVANCED_FACE('',(#5721),#5746,.T.);
#5721 = FACE_BOUND('',#5722,.T.);
#5722 = EDGE_LOOP('',(#5723,#5724,#5732,#5740));
#5723 = ORIENTED_EDGE('',*,*,#5702,.T.);
#5724 = ORIENTED_EDGE('',*,*,#5725,.T.);
#5725 = EDGE_CURVE('',#5695,#5726,#5728,.T.);
#5726 = VERTEX_POINT('',#5727);
#5727 = CARTESIAN_POINT('',(190.,0.,16.));
#5728 = LINE('',#5729,#5730);
#5729 = CARTESIAN_POINT('',(190.,100.,16.));
#5730 = VECTOR('',#5731,1.);
#5731 = DIRECTION('',(0.,-1.,0.));
#5732 = ORIENTED_EDGE('',*,*,#5733,.F.);
#5733 = EDGE_CURVE('',#5734,#5726,#5736,.T.);
#5734 = VERTEX_POINT('',#5735);
#5735 = CARTESIAN_POINT('',(190.,0.,0.));
#5736 = LINE('',#5737,#5738);
#5737 = CARTESIAN_POINT('',(190.,0.,0.));
#5738 = VECTOR('',#5739,1.);
#5739 = DIRECTION('',(0.,0.,1.));
#5740 = ORIENTED_EDGE('',*,*,#5741,.F.);
#5741 = EDGE_CURVE('',#5703,#5734,#5742,.T.);
#5742 = LINE('',#5743,#5744);
#5743 = CARTESIAN_POINT('',(190.,100.,0.));
#5744 = VECTOR('',#5745,1.);
#5745 = DIRECTION('',(0.,-1.,0.));
#5746 = PLANE('',#5747);
#5747 = AXIS2_PLACEMENT_3D('',#5748,#5749,#5750);
#5748 = CARTESIAN_POINT('',(190.,100.,0.));
#5749 = DIRECTION('',(1.,0.,0.));
#5750 = DIRECTION('',(0.,-1.,0.));
#5751 = ADVANCED_FACE('',(#5752),#5777,.T.);
#5752 = FACE_BOUND('',#5753,.T.);
#5753 = EDGE_LOOP('',(#5754,#5755,#5763,#5771));
#5754 = ORIENTED_EDGE('',*,*,#5733,.T.);
#5755 = ORIENTED_EDGE('',*,*,#5756,.T.);
#5756 = EDGE_CURVE('',#5726,#5757,#5759,.T.);
#5757 = VERTEX_POINT('',#5758);
#5758 = CARTESIAN_POINT('',(0.,0.,16.));
#5759 = LINE('',#5760,#5761);
#5760 = CARTESIAN_POINT('',(190.,0.,16.));
#5761 = VECTOR('',#5762,1.);
#5762 = DIRECTION('',(-1.,0.,0.));
#5763 = ORIENTED_EDGE('',*,*,#5764,.F.);
#5764 = EDGE_CURVE('',#5765,#5757,#5767,.T.);
#5765 = VERTEX_POINT('',#5766);
#5766 = CARTESIAN_POINT('',(0.,0.,0.));
#5767 = LINE('',#5768,#5769);
#5768 = CARTESIAN_POINT('',(0.,0.,0.));
#5769 = VECTOR('',#5770,1.);
#5770 = DIRECTION('',(0.,0.,1.));
#5771 = ORIENTED_EDGE('',*,*,#5772,.F.);
#5772 = EDGE_CURVE('',#5734,#5765,#5773,.T.);
#5773 = LINE('',#5774,#5775);
#5774 = CARTESIAN_POINT('',(190.,0.,0.));
#5775 = VECTOR('',#5776,1.);
#5776 = DIRECTION('',(-1.,0.,0.));
#5777 = PLANE('',#5778);
#5778 = AXIS2_PLACEMENT_3D('',#5779,#5780,#5781);
#5779 = CARTESIAN_POINT('',(190.,0.,0.));
#5780 = DIRECTION('',(0.,-1.,0.));
#5781 = DIRECTION('',(-1.,0.,0.));
#5782 = ADVANCED_FACE('',(#5783),#5808,.T.);
#5783 = FACE_BOUND('',#5784,.T.);
#5784 = EDGE_LOOP('',(#5785,#5786,#5794,#5802));
#5785 = ORIENTED_EDGE('',*,*,#5764,.T.);
#5786 = ORIENTED_EDGE('',*,*,#5787,.T.);
#5787 = EDGE_CURVE('',#5757,#5788,#5790,.T.);
#5788 = VERTEX_POINT('',#5789);
#5789 = CARTESIAN_POINT('',(0.,60.,16.));
#5790 = LINE('',#5791,#5792);
#5791 = CARTESIAN_POINT('',(0.,0.,16.));
#5792 = VECTOR('',#5793,1.);
#5793 = DIRECTION('',(0.,1.,0.));
#5794 = ORIENTED_EDGE('',*,*,#5795,.F.);
#5795 = EDGE_CURVE('',#5796,#5788,#5798,.T.);
#5796 = VERTEX_POINT('',#5797);
#5797 = CARTESIAN_POINT('',(0.,60.,0.));
#5798 = LINE('',#5799,#5800);
#5799 = CARTESIAN_POINT('',(0.,60.,0.));
#5800 = VECTOR('',#5801,1.);
#5801 = DIRECTION('',(0.,0.,1.));
#5802 = ORIENTED_EDGE('',*,*,#5803,.F.);
#5803 = EDGE_CURVE('',#5765,#5796,#5804,.T.);
#5804 = LINE('',#5805,#5806);
#5805 = CARTESIAN_POINT('',(0.,0.,0.));
#5806 = VECTOR('',#5807,1.);
#5807 = DIRECTION('',(0.,1.,0.));
#5808 = PLANE('',#5809);
#5809 = AXIS2_PLACEMENT_3D('',#5810,#5811,#5812);
#5810 = CARTESIAN_POINT('',(0.,0.,0.));
#5811 = DIRECTION('',(-1.,0.,0.));
#5812 = DIRECTION('',(0.,1.,0.));
#5813 = ADVANCED_FACE('',(#5814),#5839,.T.);
#5814 = FACE_BOUND('',#5815,.T.);
#5815 = EDGE_LOOP('',(#5816,#5817,#5825,#5833));
#5816 = ORIENTED_EDGE('',*,*,#5795,.T.);
#5817 = ORIENTED_EDGE('',*,*,#5818,.T.);
#5818 = EDGE_CURVE('',#5788,#5819,#5821,.T.);
#5819 = VERTEX_POINT('',#5820);
#5820 = CARTESIAN_POINT('',(134.23563746794,136.70607855311,16.));
#5821 = LINE('',#5822,#5823);
#5822 = CARTESIAN_POINT('',(0.,60.,16.));
#5823 = VECTOR('',#5824,1.);
#5824 = DIRECTION('',(0.868243142124,0.496138938357,0.));
#5825 = ORIENTED_EDGE('',*,*,#5826,.F.);
#5826 = EDGE_CURVE('',#5827,#5819,#5829,.T.);
#5827 = VERTEX_POINT('',#5828);
#5828 = CARTESIAN_POINT('',(134.23563746794,136.70607855311,0.));
#5829 = LINE('',#5830,#5831);
#5830 = CARTESIAN_POINT('',(134.23563746794,136.70607855311,0.));
#5831 = VECTOR('',#5832,1.);
#5832 = DIRECTION('',(0.,0.,1.));
#5833 = ORIENTED_EDGE('',*,*,#5834,.F.);
#5834 = EDGE_CURVE('',#5796,#5827,#5835,.T.);
#5835 = LINE('',#5836,#5837);
#5836 = CARTESIAN_POINT('',(0.,60.,0.));
#5837 = VECTOR('',#5838,1.);
#5838 = DIRECTION('',(0.868243142124,0.496138938357,0.));
#5839 = PLANE('',#5840);
#5840 = AXIS2_PLACEMENT_3D('',#5841,#5842,#5843);
#5841 = CARTESIAN_POINT('',(0.,60.,0.));
#5842 = DIRECTION('',(-0.496138938357,0.868243142124,0.));
#5843 = DIRECTION('',(0.868243142124,0.496138938357,0.));
#5844 = ADVANCED_FACE('',(#5845),#5872,.T.);
#5845 = FACE_BOUND('',#5846,.F.);
#5846 = EDGE_LOOP('',(#5847,#5857,#5864,#5865));
#5847 = ORIENTED_EDGE('',*,*,#5848,.T.);
#5848 = EDGE_CURVE('',#5849,#5851,#5853,.T.);
#5849 = VERTEX_POINT('',#5850);
#5850 = CARTESIAN_POINT('',(146.63911092686,140.,0.));
#5851 = VERTEX_POINT('',#5852);
#5852 = CARTESIAN_POINT('',(146.63911092686,140.,16.));
#5853 = LINE('',#5854,#5855);
#5854 = CARTESIAN_POINT('',(146.63911092686,140.,0.));
#5855 = VECTOR('',#5856,1.);
#5856 = DIRECTION('',(0.,0.,1.));
#5857 = ORIENTED_EDGE('',*,*,#5858,.T.);
#5858 = EDGE_CURVE('',#5851,#5819,#5859,.T.);
#5859 = CIRCLE('',#5860,25.);
#5860 = AXIS2_PLACEMENT_3D('',#5861,#5862,#5863);
#5861 = CARTESIAN_POINT('',(146.63911092686,115.,16.));
#5862 = DIRECTION('',(0.,0.,1.));
#5863 = DIRECTION('',(1.,0.,0.));
#5864 = ORIENTED_EDGE('',*,*,#5826,.F.);
#5865 = ORIENTED_EDGE('',*,*,#5866,.F.);
#5866 = EDGE_CURVE('',#5849,#5827,#5867,.T.);
#5867 = CIRCLE('',#5868,25.);
#5868 = AXIS2_PLACEMENT_3D('',#5869,#5870,#5871);
#5869 = CARTESIAN_POINT('',(146.63911092686,115.,0.));
#5870 = DIRECTION('',(0.,0.,1.));
#5871 = DIRECTION('',(1.,0.,0.));
#5872 = CYLINDRICAL_SURFACE('',#5873,25.);
#5873 = AXIS2_PLACEMENT_3D('',#5874,#5875,#5876);
#5874 = CARTESIAN_POINT('',(146.63911092686,115.,0.));
#5875 = DIRECTION('',(-0.,-0.,-1.));
#5876 = DIRECTION('',(1.,0.,0.));
#5877 = ADVANCED_FACE('',(#5878),#5903,.T.);
#5878 = FACE_BOUND('',#5879,.T.);
#5879 = EDGE_LOOP('',(#5880,#5881,#5889,#5897));
#5880 = ORIENTED_EDGE('',*,*,#5848,.T.);
#5881 = ORIENTED_EDGE('',*,*,#5882,.T.);
#5882 = EDGE_CURVE('',#5851,#5883,#5885,.T.);
#5883 = VERTEX_POINT('',#5884);
#5884 = CARTESIAN_POINT('',(235.,140.,16.));
#5885 = LINE('',#5886,#5887);
#5886 = CARTESIAN_POINT('',(146.63911092686,140.,16.));
#5887 = VECTOR('',#5888,1.);
#5888 = DIRECTION('',(1.,0.,0.));
#5889 = ORIENTED_EDGE('',*,*,#5890,.F.);
#5890 = EDGE_CURVE('',#5891,#5883,#5893,.T.);
#5891 = VERTEX_POINT('',#5892);
#5892 = CARTESIAN_POINT('',(235.,140.,0.));
#5893 = LINE('',#5894,#5895);
#5894 = CARTESIAN_POINT('',(235.,140.,0.));
#5895 = VECTOR('',#5896,1.);
#5896 = DIRECTION('',(0.,0.,1.));
#5897 = ORIENTED_EDGE('',*,*,#5898,.F.);
#5898 = EDGE_CURVE('',#5849,#5891,#5899,.T.);
#5899 = LINE('',#5900,#5901);
#5900 = CARTESIAN_POINT('',(146.63911092686,140.,0.));
#5901 = VECTOR('',#5902,1.);
#5902 = DIRECTION('',(1.,0.,0.));
#5903 = PLANE('',#5904);
#5904 = AXIS2_PLACEMENT_3D('',#5905,#5906,#5907);
#5905 = CARTESIAN_POINT('',(146.63911092686,140.,0.));
#5906 = DIRECTION('',(0.,1.,0.));
#5907 = DIRECTION('',(1.,0.,0.));
#5908 = ADVANCED_FACE('',(#5909),#5927,.T.);
#5909 = FACE_BOUND('',#5910,.F.);
#5910 = EDGE_LOOP('',(#5911,#5912,#5919,#5920));
#5911 = ORIENTED_EDGE('',*,*,#5653,.T.);
#5912 = ORIENTED_EDGE('',*,*,#5913,.T.);
#5913 = EDGE_CURVE('',#5656,#5883,#5914,.T.);
#5914 = CIRCLE('',#5915,25.);
#5915 = AXIS2_PLACEMENT_3D('',#5916,#5917,#5918);
#5916 = CARTESIAN_POINT('',(235.,115.,16.));
#5917 = DIRECTION('',(0.,0.,1.));
#5918 = DIRECTION('',(1.,0.,0.));
#5919 = ORIENTED_EDGE('',*,*,#5890,.F.);
#5920 = ORIENTED_EDGE('',*,*,#5921,.F.);
#5921 = EDGE_CURVE('',#5654,#5891,#5922,.T.);
#5922 = CIRCLE('',#5923,25.);
#5923 = AXIS2_PLACEMENT_3D('',#5924,#5925,#5926);
#5924 = CARTESIAN_POINT('',(235.,115.,0.));
#5925 = DIRECTION('',(0.,0.,1.));
#5926 = DIRECTION('',(1.,0.,0.));
#5927 = CYLINDRICAL_SURFACE('',#5928,25.);
#5928 = AXIS2_PLACEMENT_3D('',#5929,#5930,#5931);
#5929 = CARTESIAN_POINT('',(235.,115.,0.));
#5930 = DIRECTION('',(-0.,-0.,-1.));
#5931 = DIRECTION('',(1.,0.,0.));
#5932 = ADVANCED_FACE('',(#5933),#5944,.F.);
#5933 = FACE_BOUND('',#5934,.T.);
#5934 = EDGE_LOOP('',(#5935,#5936,#5937,#5938,#5939,#5940,#5941,#5942,
    #5943));
#5935 = ORIENTED_EDGE('',*,*,#5679,.T.);
#5936 = ORIENTED_EDGE('',*,*,#5710,.T.);
#5937 = ORIENTED_EDGE('',*,*,#5741,.T.);
#5938 = ORIENTED_EDGE('',*,*,#5772,.T.);
#5939 = ORIENTED_EDGE('',*,*,#5803,.T.);
#5940 = ORIENTED_EDGE('',*,*,#5834,.T.);
#5941 = ORIENTED_EDGE('',*,*,#5866,.F.);
#5942 = ORIENTED_EDGE('',*,*,#5898,.T.);
#5943 = ORIENTED_EDGE('',*,*,#5921,.F.);
#5944 = PLANE('',#5945);
#5945 = AXIS2_PLACEMENT_3D('',#5946,#5947,#5948);
#5946 = CARTESIAN_POINT('',(130.84391958486,68.320366167052,0.));
#5947 = DIRECTION('',(0.,0.,1.));
#5948 = DIRECTION('',(1.,0.,0.));
#5949 = ADVANCED_FACE('',(#5950),#5961,.T.);
#5950 = FACE_BOUND('',#5951,.F.);
#5951 = EDGE_LOOP('',(#5952,#5953,#5954,#5955,#5956,#5957,#5958,#5959,
    #5960));
#5952 = ORIENTED_EDGE('',*,*,#5663,.T.);
#5953 = ORIENTED_EDGE('',*,*,#5694,.T.);
#5954 = ORIENTED_EDGE('',*,*,#5725,.T.);
#5955 = ORIENTED_EDGE('',*,*,#5756,.T.);
#5956 = ORIENTED_EDGE('',*,*,#5787,.T.);
#5957 = ORIENTED_EDGE('',*,*,#5818,.T.);
#5958 = ORIENTED_EDGE('',*,*,#5858,.F.);
#5959 = ORIENTED_EDGE('',*,*,#5882,.T.);
#5960 = ORIENTED_EDGE('',*,*,#5913,.F.);
#5961 = PLANE('',#5962);
#5962 = AXIS2_PLACEMENT_3D('',#5963,#5964,#5965);
#5963 = CARTESIAN_POINT('',(130.84391958486,68.320366167052,16.));
#5964 = DIRECTION('',(0.,0.,1.));
#5965 = DIRECTION('',(1.,0.,0.));
#5966 = ( GEOMETRIC_REPRESENTATION_CONTEXT(3) 
GLOBAL_UNCERTAINTY_ASSIGNED_CONTEXT((#5970)) 
GLOBAL_UNIT_ASSIGNED_CONTEXT((#5967,#5968,#5969)) REPRESENTATION_CONTEXT
('Context #1','3D Context with UNIT and UNCERTAINTY') );
#5967 = ( LENGTH_UNIT() NAMED_UNIT(*) SI_UNIT(.MILLI.,.METRE.) );
#5968 = ( NAMED_UNIT(*) PLANE_ANGLE_UNIT() SI_UNIT($,.RADIAN.) );
#5969 = ( NAMED_UNIT(*) SI_UNIT($,.STERADIAN.) SOLID_ANGLE_UNIT() );
#5970 = UNCERTAINTY_MEASURE_WITH_UNIT(LENGTH_MEASURE(1.E-07),#5967,
  'distance_accuracy_value','confusion accuracy');
#5971 = CONTEXT_DEPENDENT_SHAPE_REPRESENTATION(#5972,#5974);
#5972 = ( REPRESENTATION_RELATIONSHIP('','',#5646,#4477) 
REPRESENTATION_RELATIONSHIP_WITH_TRANSFORMATION(#5973) 
SHAPE_REPRESENTATION_RELATIONSHIP() );
#5973 = ITEM_DEFINED_TRANSFORMATION('','',#11,#4486);
#5974 = PRODUCT_DEFINITION_SHAPE('Placement','Placement of an item',
  #5975);
#5975 = NEXT_ASSEMBLY_USAGE_OCCURRENCE('12','Body009','',#4472,#5641,$);
#5976 = PRODUCT_RELATED_PRODUCT_CATEGORY('part',$,(#5643));
#5977 = CONTEXT_DEPENDENT_SHAPE_REPRESENTATION(#5978,#5980);
#5978 = ( REPRESENTATION_RELATIONSHIP('','',#5646,#4477) 
REPRESENTATION_RELATIONSHIP_WITH_TRANSFORMATION(#5979) 
SHAPE_REPRESENTATION_RELATIONSHIP() );
#5979 = ITEM_DEFINED_TRANSFORMATION('','',#11,#4490);
#5980 = PRODUCT_DEFINITION_SHAPE('Placement','Placement of an item',
  #5981);
#5981 = NEXT_ASSEMBLY_USAGE_OCCURRENCE('13','Body010','',#4472,#5641,$);
#5982 = CONTEXT_DEPENDENT_SHAPE_REPRESENTATION(#5983,#5985);
#5983 = ( REPRESENTATION_RELATIONSHIP('','',#5646,#4477) 
REPRESENTATION_RELATIONSHIP_WITH_TRANSFORMATION(#5984) 
SHAPE_REPRESENTATION_RELATIONSHIP() );
#5984 = ITEM_DEFINED_TRANSFORMATION('','',#11,#4494);
#5985 = PRODUCT_DEFINITION_SHAPE('Placement','Placement of an item',
  #5986);
#5986 = NEXT_ASSEMBLY_USAGE_OCCURRENCE('14','Body011','',#4472,#5641,$);
#5987 = CONTEXT_DEPENDENT_SHAPE_REPRESENTATION(#5988,#5990);
#5988 = ( REPRESENTATION_RELATIONSHIP('','',#5646,#4477) 
REPRESENTATION_RELATIONSHIP_WITH_TRANSFORMATION(#5989) 
SHAPE_REPRESENTATION_RELATIONSHIP() );
#5989 = ITEM_DEFINED_TRANSFORMATION('','',#11,#4498);
#5990 = PRODUCT_DEFINITION_SHAPE('Placement','Placement of an item',
  #5991);
#5991 = NEXT_ASSEMBLY_USAGE_OCCURRENCE('15','Body012','',#4472,#5641,$);
#5992 = CONTEXT_DEPENDENT_SHAPE_REPRESENTATION(#5993,#5995);
#5993 = ( REPRESENTATION_RELATIONSHIP('','',#5646,#4477) 
REPRESENTATION_RELATIONSHIP_WITH_TRANSFORMATION(#5994) 
SHAPE_REPRESENTATION_RELATIONSHIP() );
#5994 = ITEM_DEFINED_TRANSFORMATION('','',#11,#4502);
#5995 = PRODUCT_DEFINITION_SHAPE('Placement','Placement of an item',
  #5996);
#5996 = NEXT_ASSEMBLY_USAGE_OCCURRENCE('16','Body013','',#4472,#5641,$);
#5997 = CONTEXT_DEPENDENT_SHAPE_REPRESENTATION(#5998,#6000);
#5998 = ( REPRESENTATION_RELATIONSHIP('','',#5646,#4477) 
REPRESENTATION_RELATIONSHIP_WITH_TRANSFORMATION(#5999) 
SHAPE_REPRESENTATION_RELATIONSHIP() );
#5999 = ITEM_DEFINED_TRANSFORMATION('','',#11,#4506);
#6000 = PRODUCT_DEFINITION_SHAPE('Placement','Placement of an item',
  #6001);
#6001 = NEXT_ASSEMBLY_USAGE_OCCURRENCE('17','Body014','',#4472,#5641,$);
#6002 = SHAPE_DEFINITION_REPRESENTATION(#6003,#6009);
#6003 = PRODUCT_DEFINITION_SHAPE('','',#6004);
#6004 = PRODUCT_DEFINITION('design','',#6005,#6008);
#6005 = PRODUCT_DEFINITION_FORMATION('','',#6006);
#6006 = PRODUCT('Assembly','Assembly','',(#6007));
#6007 = PRODUCT_CONTEXT('',#2,'mechanical');
#6008 = PRODUCT_DEFINITION_CONTEXT('part definition',#2,'design');
#6009 = SHAPE_REPRESENTATION('',(#11,#6010,#6014,#6018,#6022,#6026),
  #6030);
#6010 = AXIS2_PLACEMENT_3D('',#6011,#6012,#6013);
#6011 = CARTESIAN_POINT('',(0.,0.,0.));
#6012 = DIRECTION('',(0.,0.,1.));
#6013 = DIRECTION('',(1.,0.,0.));
#6014 = AXIS2_PLACEMENT_3D('',#6015,#6016,#6017);
#6015 = CARTESIAN_POINT('',(0.,0.,-2.74E-14));
#6016 = DIRECTION('',(0.,0.,1.));
#6017 = DIRECTION('',(-2.22044604925E-16,1.,0.));
#6018 = AXIS2_PLACEMENT_3D('',#6019,#6020,#6021);
#6019 = CARTESIAN_POINT('',(100.,-200.,-1.14E-14));
#6020 = DIRECTION('',(0.,0.,1.));
#6021 = DIRECTION('',(-2.22044604925E-16,1.,0.));
#6022 = AXIS2_PLACEMENT_3D('',#6023,#6024,#6025);
#6023 = CARTESIAN_POINT('',(100.,-200.,136.));
#6024 = DIRECTION('',(2.E-16,-2.E-16,1.));
#6025 = DIRECTION('',(-4.440892098501E-16,1.,2.E-16));
#6026 = AXIS2_PLACEMENT_3D('',#6027,#6028,#6029);
#6027 = CARTESIAN_POINT('',(100.,-200.,272.));
#6028 = DIRECTION('',(3.E-16,3.E-16,1.));
#6029 = DIRECTION('',(-4.440892098501E-16,1.,-3.E-16));
#6030 = ( GEOMETRIC_REPRESENTATION_CONTEXT(3) 
GLOBAL_UNCERTAINTY_ASSIGNED_CONTEXT((#6034)) 
GLOBAL_UNIT_ASSIGNED_CONTEXT((#6031,#6032,#6033)) REPRESENTATION_CONTEXT
('Context #1','3D Context with UNIT and UNCERTAINTY') );
#6031 = ( LENGTH_UNIT() NAMED_UNIT(*) SI_UNIT(.MILLI.,.METRE.) );
#6032 = ( NAMED_UNIT(*) PLANE_ANGLE_UNIT() SI_UNIT($,.RADIAN.) );
#6033 = ( NAMED_UNIT(*) SI_UNIT($,.STERADIAN.) SOLID_ANGLE_UNIT() );
#6034 = UNCERTAINTY_MEASURE_WITH_UNIT(LENGTH_MEASURE(1.E-07),#6031,
  'distance_accuracy_value','confusion accuracy');
#6035 = CONTEXT_DEPENDENT_SHAPE_REPRESENTATION(#6036,#6038);
#6036 = ( REPRESENTATION_RELATIONSHIP('','',#6009,#44) 
REPRESENTATION_RELATIONSHIP_WITH_TRANSFORMATION(#6037) 
SHAPE_REPRESENTATION_RELATIONSHIP() );
#6037 = ITEM_DEFINED_TRANSFORMATION('','',#11,#61);
#6038 = PRODUCT_DEFINITION_SHAPE('Placement','Placement of an item',
  #6039);
#6039 = NEXT_ASSEMBLY_USAGE_OCCURRENCE('24','Assembly','',#39,#6004,$);
#6040 = PRODUCT_RELATED_PRODUCT_CATEGORY('part',$,(#6006));
#6041 = SHAPE_DEFINITION_REPRESENTATION(#6042,#6048);
#6042 = PRODUCT_DEFINITION_SHAPE('','',#6043);
#6043 = PRODUCT_DEFINITION('design','',#6044,#6047);
#6044 = PRODUCT_DEFINITION_FORMATION('','',#6045);
#6045 = PRODUCT('Body','Body','',(#6046));
#6046 = PRODUCT_CONTEXT('',#2,'mechanical');
#6047 = PRODUCT_DEFINITION_CONTEXT('part definition',#2,'design');
#6048 = ADVANCED_BREP_SHAPE_REPRESENTATION('',(#11,#6049),#6355);
#6049 = MANIFOLD_SOLID_BREP('',#6050);
#6050 = CLOSED_SHELL('',(#6051,#6091,#6122,#6153,#6175,#6208,#6241,#6274
    ,#6307,#6331));
#6051 = ADVANCED_FACE('',(#6052),#6086,.F.);
#6052 = FACE_BOUND('',#6053,.F.);
#6053 = EDGE_LOOP('',(#6054,#6064,#6072,#6080));
#6054 = ORIENTED_EDGE('',*,*,#6055,.T.);
#6055 = EDGE_CURVE('',#6056,#6058,#6060,.T.);
#6056 = VERTEX_POINT('',#6057);
#6057 = CARTESIAN_POINT('',(0.,0.,0.));
#6058 = VERTEX_POINT('',#6059);
#6059 = CARTESIAN_POINT('',(0.,-10.,2.E-15));
#6060 = LINE('',#6061,#6062);
#6061 = CARTESIAN_POINT('',(0.,0.,0.));
#6062 = VECTOR('',#6063,1.);
#6063 = DIRECTION('',(0.,-1.,2.2E-16));
#6064 = ORIENTED_EDGE('',*,*,#6065,.T.);
#6065 = EDGE_CURVE('',#6058,#6066,#6068,.T.);
#6066 = VERTEX_POINT('',#6067);
#6067 = CARTESIAN_POINT('',(100.,-10.,2.E-15));
#6068 = LINE('',#6069,#6070);
#6069 = CARTESIAN_POINT('',(0.,-10.,2.E-15));
#6070 = VECTOR('',#6071,1.);
#6071 = DIRECTION('',(1.,0.,0.));
#6072 = ORIENTED_EDGE('',*,*,#6073,.F.);
#6073 = EDGE_CURVE('',#6074,#6066,#6076,.T.);
#6074 = VERTEX_POINT('',#6075);
#6075 = CARTESIAN_POINT('',(100.,0.,0.));
#6076 = LINE('',#6077,#6078);
#6077 = CARTESIAN_POINT('',(100.,0.,0.));
#6078 = VECTOR('',#6079,1.);
#6079 = DIRECTION('',(0.,-1.,2.2E-16));
#6080 = ORIENTED_EDGE('',*,*,#6081,.F.);
#6081 = EDGE_CURVE('',#6056,#6074,#6082,.T.);
#6082 = LINE('',#6083,#6084);
#6083 = CARTESIAN_POINT('',(0.,0.,0.));
#6084 = VECTOR('',#6085,1.);
#6085 = DIRECTION('',(1.,0.,0.));
#6086 = PLANE('',#6087);
#6087 = AXIS2_PLACEMENT_3D('',#6088,#6089,#6090);
#6088 = CARTESIAN_POINT('',(0.,0.,0.));
#6089 = DIRECTION('',(0.,2.2E-16,1.));
#6090 = DIRECTION('',(1.,0.,-0.));
#6091 = ADVANCED_FACE('',(#6092),#6117,.F.);
#6092 = FACE_BOUND('',#6093,.F.);
#6093 = EDGE_LOOP('',(#6094,#6095,#6103,#6111));
#6094 = ORIENTED_EDGE('',*,*,#6073,.T.);
#6095 = ORIENTED_EDGE('',*,*,#6096,.T.);
#6096 = EDGE_CURVE('',#6066,#6097,#6099,.T.);
#6097 = VERTEX_POINT('',#6098);
#6098 = CARTESIAN_POINT('',(100.,-10.,288.));
#6099 = LINE('',#6100,#6101);
#6100 = CARTESIAN_POINT('',(100.,-10.,2.E-15));
#6101 = VECTOR('',#6102,1.);
#6102 = DIRECTION('',(0.,0.,1.));
#6103 = ORIENTED_EDGE('',*,*,#6104,.F.);
#6104 = EDGE_CURVE('',#6105,#6097,#6107,.T.);
#6105 = VERTEX_POINT('',#6106);
#6106 = CARTESIAN_POINT('',(100.,6.4E-14,288.));
#6107 = LINE('',#6108,#6109);
#6108 = CARTESIAN_POINT('',(100.,6.395E-14,288.));
#6109 = VECTOR('',#6110,1.);
#6110 = DIRECTION('',(0.,-1.,2.2E-16));
#6111 = ORIENTED_EDGE('',*,*,#6112,.F.);
#6112 = EDGE_CURVE('',#6074,#6105,#6113,.T.);
#6113 = LINE('',#6114,#6115);
#6114 = CARTESIAN_POINT('',(100.,0.,0.));
#6115 = VECTOR('',#6116,1.);
#6116 = DIRECTION('',(0.,0.,1.));
#6117 = PLANE('',#6118);
#6118 = AXIS2_PLACEMENT_3D('',#6119,#6120,#6121);
#6119 = CARTESIAN_POINT('',(100.,0.,0.));
#6120 = DIRECTION('',(-1.,0.,0.));
#6121 = DIRECTION('',(0.,2.2E-16,1.));
#6122 = ADVANCED_FACE('',(#6123),#6148,.F.);
#6123 = FACE_BOUND('',#6124,.F.);
#6124 = EDGE_LOOP('',(#6125,#6126,#6134,#6142));
#6125 = ORIENTED_EDGE('',*,*,#6104,.T.);
#6126 = ORIENTED_EDGE('',*,*,#6127,.T.);
#6127 = EDGE_CURVE('',#6097,#6128,#6130,.T.);
#6128 = VERTEX_POINT('',#6129);
#6129 = CARTESIAN_POINT('',(0.,-10.,288.));
#6130 = LINE('',#6131,#6132);
#6131 = CARTESIAN_POINT('',(100.,-10.,288.));
#6132 = VECTOR('',#6133,1.);
#6133 = DIRECTION('',(-1.,0.,0.));
#6134 = ORIENTED_EDGE('',*,*,#6135,.F.);
#6135 = EDGE_CURVE('',#6136,#6128,#6138,.T.);
#6136 = VERTEX_POINT('',#6137);
#6137 = CARTESIAN_POINT('',(0.,6.4E-14,288.));
#6138 = LINE('',#6139,#6140);
#6139 = CARTESIAN_POINT('',(0.,6.395E-14,288.));
#6140 = VECTOR('',#6141,1.);
#6141 = DIRECTION('',(0.,-1.,2.2E-16));
#6142 = ORIENTED_EDGE('',*,*,#6143,.F.);
#6143 = EDGE_CURVE('',#6105,#6136,#6144,.T.);
#6144 = LINE('',#6145,#6146);
#6145 = CARTESIAN_POINT('',(100.,0.,288.));
#6146 = VECTOR('',#6147,1.);
#6147 = DIRECTION('',(-1.,0.,0.));
#6148 = PLANE('',#6149);
#6149 = AXIS2_PLACEMENT_3D('',#6150,#6151,#6152);
#6150 = CARTESIAN_POINT('',(100.,6.395E-14,288.));
#6151 = DIRECTION('',(-0.,-2.2E-16,-1.));
#6152 = DIRECTION('',(-1.,0.,0.));
#6153 = ADVANCED_FACE('',(#6154),#6170,.F.);
#6154 = FACE_BOUND('',#6155,.F.);
#6155 = EDGE_LOOP('',(#6156,#6157,#6163,#6164));
#6156 = ORIENTED_EDGE('',*,*,#6135,.T.);
#6157 = ORIENTED_EDGE('',*,*,#6158,.T.);
#6158 = EDGE_CURVE('',#6128,#6058,#6159,.T.);
#6159 = LINE('',#6160,#6161);
#6160 = CARTESIAN_POINT('',(0.,-10.,288.));
#6161 = VECTOR('',#6162,1.);
#6162 = DIRECTION('',(0.,0.,-1.));
#6163 = ORIENTED_EDGE('',*,*,#6055,.F.);
#6164 = ORIENTED_EDGE('',*,*,#6165,.F.);
#6165 = EDGE_CURVE('',#6136,#6056,#6166,.T.);
#6166 = LINE('',#6167,#6168);
#6167 = CARTESIAN_POINT('',(0.,0.,288.));
#6168 = VECTOR('',#6169,1.);
#6169 = DIRECTION('',(0.,0.,-1.));
#6170 = PLANE('',#6171);
#6171 = AXIS2_PLACEMENT_3D('',#6172,#6173,#6174);
#6172 = CARTESIAN_POINT('',(0.,6.395E-14,288.));
#6173 = DIRECTION('',(1.,0.,0.));
#6174 = DIRECTION('',(0.,-2.2E-16,-1.));
#6175 = ADVANCED_FACE('',(#6176),#6203,.F.);
#6176 = FACE_BOUND('',#6177,.T.);
#6177 = EDGE_LOOP('',(#6178,#6188,#6195,#6196));
#6178 = ORIENTED_EDGE('',*,*,#6179,.T.);
#6179 = EDGE_CURVE('',#6180,#6182,#6184,.T.);
#6180 = VERTEX_POINT('',#6181);
#6181 = CARTESIAN_POINT('',(56.,5.2E-14,232.));
#6182 = VERTEX_POINT('',#6183);
#6183 = CARTESIAN_POINT('',(56.,-10.,232.));
#6184 = LINE('',#6185,#6186);
#6185 = CARTESIAN_POINT('',(56.,5.151E-14,232.));
#6186 = VECTOR('',#6187,1.);
#6187 = DIRECTION('',(0.,-1.,2.2E-16));
#6188 = ORIENTED_EDGE('',*,*,#6189,.T.);
#6189 = EDGE_CURVE('',#6182,#6182,#6190,.T.);
#6190 = CIRCLE('',#6191,6.);
#6191 = AXIS2_PLACEMENT_3D('',#6192,#6193,#6194);
#6192 = CARTESIAN_POINT('',(50.,-10.,232.));
#6193 = DIRECTION('',(0.,-1.,0.));
#6194 = DIRECTION('',(1.,0.,0.));
#6195 = ORIENTED_EDGE('',*,*,#6179,.F.);
#6196 = ORIENTED_EDGE('',*,*,#6197,.F.);
#6197 = EDGE_CURVE('',#6180,#6180,#6198,.T.);
#6198 = CIRCLE('',#6199,6.);
#6199 = AXIS2_PLACEMENT_3D('',#6200,#6201,#6202);
#6200 = CARTESIAN_POINT('',(50.,0.,232.));
#6201 = DIRECTION('',(0.,-1.,0.));
#6202 = DIRECTION('',(1.,0.,0.));
#6203 = CYLINDRICAL_SURFACE('',#6204,6.);
#6204 = AXIS2_PLACEMENT_3D('',#6205,#6206,#6207);
#6205 = CARTESIAN_POINT('',(50.,5.151E-14,232.));
#6206 = DIRECTION('',(0.,1.,-2.2E-16));
#6207 = DIRECTION('',(1.,0.,0.));
#6208 = ADVANCED_FACE('',(#6209),#6236,.F.);
#6209 = FACE_BOUND('',#6210,.T.);
#6210 = EDGE_LOOP('',(#6211,#6221,#6228,#6229));
#6211 = ORIENTED_EDGE('',*,*,#6212,.T.);
#6212 = EDGE_CURVE('',#6213,#6215,#6217,.T.);
#6213 = VERTEX_POINT('',#6214);
#6214 = CARTESIAN_POINT('',(56.,4.3E-14,192.));
#6215 = VERTEX_POINT('',#6216);
#6216 = CARTESIAN_POINT('',(56.,-10.,192.));
#6217 = LINE('',#6218,#6219);
#6218 = CARTESIAN_POINT('',(56.,4.263E-14,192.));
#6219 = VECTOR('',#6220,1.);
#6220 = DIRECTION('',(0.,-1.,2.2E-16));
#6221 = ORIENTED_EDGE('',*,*,#6222,.T.);
#6222 = EDGE_CURVE('',#6215,#6215,#6223,.T.);
#6223 = CIRCLE('',#6224,6.);
#6224 = AXIS2_PLACEMENT_3D('',#6225,#6226,#6227);
#6225 = CARTESIAN_POINT('',(50.,-10.,192.));
#6226 = DIRECTION('',(0.,-1.,0.));
#6227 = DIRECTION('',(1.,0.,0.));
#6228 = ORIENTED_EDGE('',*,*,#6212,.F.);
#6229 = ORIENTED_EDGE('',*,*,#6230,.F.);
#6230 = EDGE_CURVE('',#6213,#6213,#6231,.T.);
#6231 = CIRCLE('',#6232,6.);
#6232 = AXIS2_PLACEMENT_3D('',#6233,#6234,#6235);
#6233 = CARTESIAN_POINT('',(50.,0.,192.));
#6234 = DIRECTION('',(0.,-1.,0.));
#6235 = DIRECTION('',(1.,0.,0.));
#6236 = CYLINDRICAL_SURFACE('',#6237,6.);
#6237 = AXIS2_PLACEMENT_3D('',#6238,#6239,#6240);
#6238 = CARTESIAN_POINT('',(50.,4.263E-14,192.));
#6239 = DIRECTION('',(0.,1.,-2.2E-16));
#6240 = DIRECTION('',(1.,0.,0.));
#6241 = ADVANCED_FACE('',(#6242),#6269,.F.);
#6242 = FACE_BOUND('',#6243,.T.);
#6243 = EDGE_LOOP('',(#6244,#6254,#6261,#6262));
#6244 = ORIENTED_EDGE('',*,*,#6245,.T.);
#6245 = EDGE_CURVE('',#6246,#6248,#6250,.T.);
#6246 = VERTEX_POINT('',#6247);
#6247 = CARTESIAN_POINT('',(56.,2.1E-14,96.));
#6248 = VERTEX_POINT('',#6249);
#6249 = CARTESIAN_POINT('',(56.,-10.,96.));
#6250 = LINE('',#6251,#6252);
#6251 = CARTESIAN_POINT('',(56.,2.132E-14,96.));
#6252 = VECTOR('',#6253,1.);
#6253 = DIRECTION('',(0.,-1.,2.2E-16));
#6254 = ORIENTED_EDGE('',*,*,#6255,.T.);
#6255 = EDGE_CURVE('',#6248,#6248,#6256,.T.);
#6256 = CIRCLE('',#6257,6.);
#6257 = AXIS2_PLACEMENT_3D('',#6258,#6259,#6260);
#6258 = CARTESIAN_POINT('',(50.,-10.,96.));
#6259 = DIRECTION('',(0.,-1.,0.));
#6260 = DIRECTION('',(1.,0.,0.));
#6261 = ORIENTED_EDGE('',*,*,#6245,.F.);
#6262 = ORIENTED_EDGE('',*,*,#6263,.F.);
#6263 = EDGE_CURVE('',#6246,#6246,#6264,.T.);
#6264 = CIRCLE('',#6265,6.);
#6265 = AXIS2_PLACEMENT_3D('',#6266,#6267,#6268);
#6266 = CARTESIAN_POINT('',(50.,0.,96.));
#6267 = DIRECTION('',(0.,-1.,0.));
#6268 = DIRECTION('',(1.,0.,0.));
#6269 = CYLINDRICAL_SURFACE('',#6270,6.);
#6270 = AXIS2_PLACEMENT_3D('',#6271,#6272,#6273);
#6271 = CARTESIAN_POINT('',(50.,2.132E-14,96.));
#6272 = DIRECTION('',(0.,1.,-2.2E-16));
#6273 = DIRECTION('',(1.,0.,0.));
#6274 = ADVANCED_FACE('',(#6275),#6302,.F.);
#6275 = FACE_BOUND('',#6276,.T.);
#6276 = EDGE_LOOP('',(#6277,#6287,#6294,#6295));
#6277 = ORIENTED_EDGE('',*,*,#6278,.T.);
#6278 = EDGE_CURVE('',#6279,#6281,#6283,.T.);
#6279 = VERTEX_POINT('',#6280);
#6280 = CARTESIAN_POINT('',(56.,1.2E-14,56.));
#6281 = VERTEX_POINT('',#6282);
#6282 = CARTESIAN_POINT('',(56.,-10.,56.));
#6283 = LINE('',#6284,#6285);
#6284 = CARTESIAN_POINT('',(56.,1.243E-14,56.));
#6285 = VECTOR('',#6286,1.);
#6286 = DIRECTION('',(0.,-1.,2.2E-16));
#6287 = ORIENTED_EDGE('',*,*,#6288,.T.);
#6288 = EDGE_CURVE('',#6281,#6281,#6289,.T.);
#6289 = CIRCLE('',#6290,6.);
#6290 = AXIS2_PLACEMENT_3D('',#6291,#6292,#6293);
#6291 = CARTESIAN_POINT('',(50.,-10.,56.));
#6292 = DIRECTION('',(0.,-1.,0.));
#6293 = DIRECTION('',(1.,0.,0.));
#6294 = ORIENTED_EDGE('',*,*,#6278,.F.);
#6295 = ORIENTED_EDGE('',*,*,#6296,.F.);
#6296 = EDGE_CURVE('',#6279,#6279,#6297,.T.);
#6297 = CIRCLE('',#6298,6.);
#6298 = AXIS2_PLACEMENT_3D('',#6299,#6300,#6301);
#6299 = CARTESIAN_POINT('',(50.,0.,56.));
#6300 = DIRECTION('',(0.,-1.,0.));
#6301 = DIRECTION('',(1.,0.,0.));
#6302 = CYLINDRICAL_SURFACE('',#6303,6.);
#6303 = AXIS2_PLACEMENT_3D('',#6304,#6305,#6306);
#6304 = CARTESIAN_POINT('',(50.,1.243E-14,56.));
#6305 = DIRECTION('',(0.,1.,-2.2E-16));
#6306 = DIRECTION('',(1.,0.,0.));
#6307 = ADVANCED_FACE('',(#6308,#6314,#6317,#6320,#6323),#6326,.T.);
#6308 = FACE_BOUND('',#6309,.F.);
#6309 = EDGE_LOOP('',(#6310,#6311,#6312,#6313));
#6310 = ORIENTED_EDGE('',*,*,#6081,.T.);
#6311 = ORIENTED_EDGE('',*,*,#6112,.T.);
#6312 = ORIENTED_EDGE('',*,*,#6143,.T.);
#6313 = ORIENTED_EDGE('',*,*,#6165,.T.);
#6314 = FACE_BOUND('',#6315,.T.);
#6315 = EDGE_LOOP('',(#6316));
#6316 = ORIENTED_EDGE('',*,*,#6197,.T.);
#6317 = FACE_BOUND('',#6318,.T.);
#6318 = EDGE_LOOP('',(#6319));
#6319 = ORIENTED_EDGE('',*,*,#6230,.T.);
#6320 = FACE_BOUND('',#6321,.T.);
#6321 = EDGE_LOOP('',(#6322));
#6322 = ORIENTED_EDGE('',*,*,#6263,.T.);
#6323 = FACE_BOUND('',#6324,.T.);
#6324 = EDGE_LOOP('',(#6325));
#6325 = ORIENTED_EDGE('',*,*,#6296,.T.);
#6326 = PLANE('',#6327);
#6327 = AXIS2_PLACEMENT_3D('',#6328,#6329,#6330);
#6328 = CARTESIAN_POINT('',(50.,3.197E-14,144.));
#6329 = DIRECTION('',(0.,1.,0.));
#6330 = DIRECTION('',(0.,0.,1.));
#6331 = ADVANCED_FACE('',(#6332,#6338,#6341,#6344,#6347),#6350,.F.);
#6332 = FACE_BOUND('',#6333,.T.);
#6333 = EDGE_LOOP('',(#6334,#6335,#6336,#6337));
#6334 = ORIENTED_EDGE('',*,*,#6065,.T.);
#6335 = ORIENTED_EDGE('',*,*,#6096,.T.);
#6336 = ORIENTED_EDGE('',*,*,#6127,.T.);
#6337 = ORIENTED_EDGE('',*,*,#6158,.T.);
#6338 = FACE_BOUND('',#6339,.F.);
#6339 = EDGE_LOOP('',(#6340));
#6340 = ORIENTED_EDGE('',*,*,#6189,.T.);
#6341 = FACE_BOUND('',#6342,.F.);
#6342 = EDGE_LOOP('',(#6343));
#6343 = ORIENTED_EDGE('',*,*,#6222,.T.);
#6344 = FACE_BOUND('',#6345,.F.);
#6345 = EDGE_LOOP('',(#6346));
#6346 = ORIENTED_EDGE('',*,*,#6255,.T.);
#6347 = FACE_BOUND('',#6348,.F.);
#6348 = EDGE_LOOP('',(#6349));
#6349 = ORIENTED_EDGE('',*,*,#6288,.T.);
#6350 = PLANE('',#6351);
#6351 = AXIS2_PLACEMENT_3D('',#6352,#6353,#6354);
#6352 = CARTESIAN_POINT('',(50.,-10.,144.));
#6353 = DIRECTION('',(0.,1.,0.));
#6354 = DIRECTION('',(0.,0.,1.));
#6355 = ( GEOMETRIC_REPRESENTATION_CONTEXT(3) 
GLOBAL_UNCERTAINTY_ASSIGNED_CONTEXT((#6359)) 
GLOBAL_UNIT_ASSIGNED_CONTEXT((#6356,#6357,#6358)) REPRESENTATION_CONTEXT
('Context #1','3D Context with UNIT and UNCERTAINTY') );
#6356 = ( LENGTH_UNIT() NAMED_UNIT(*) SI_UNIT(.MILLI.,.METRE.) );
#6357 = ( NAMED_UNIT(*) PLANE_ANGLE_UNIT() SI_UNIT($,.RADIAN.) );
#6358 = ( NAMED_UNIT(*) SI_UNIT($,.STERADIAN.) SOLID_ANGLE_UNIT() );
#6359 = UNCERTAINTY_MEASURE_WITH_UNIT(LENGTH_MEASURE(1.E-07),#6356,
  'distance_accuracy_value','confusion accuracy');
#6360 = CONTEXT_DEPENDENT_SHAPE_REPRESENTATION(#6361,#6363);
#6361 = ( REPRESENTATION_RELATIONSHIP('','',#6048,#6009) 
REPRESENTATION_RELATIONSHIP_WITH_TRANSFORMATION(#6362) 
SHAPE_REPRESENTATION_RELATIONSHIP() );
#6362 = ITEM_DEFINED_TRANSFORMATION('','',#11,#6010);
#6363 = PRODUCT_DEFINITION_SHAPE('Placement','Placement of an item',
  #6364);
#6364 = NEXT_ASSEMBLY_USAGE_OCCURRENCE('19','Body028','',#6004,#6043,$);
#6365 = PRODUCT_RELATED_PRODUCT_CATEGORY('part',$,(#6045));
#6366 = SHAPE_DEFINITION_REPRESENTATION(#6367,#6373);
#6367 = PRODUCT_DEFINITION_SHAPE('','',#6368);
#6368 = PRODUCT_DEFINITION('design','',#6369,#6372);
#6369 = PRODUCT_DEFINITION_FORMATION('','',#6370);
#6370 = PRODUCT('Body','Body','',(#6371));
#6371 = PRODUCT_CONTEXT('',#2,'mechanical');
#6372 = PRODUCT_DEFINITION_CONTEXT('part definition',#2,'design');
#6373 = ADVANCED_BREP_SHAPE_REPRESENTATION('',(#11,#6374),#6680);
#6374 = MANIFOLD_SOLID_BREP('',#6375);
#6375 = CLOSED_SHELL('',(#6376,#6416,#6447,#6478,#6500,#6533,#6566,#6599
    ,#6632,#6656));
#6376 = ADVANCED_FACE('',(#6377),#6411,.F.);
#6377 = FACE_BOUND('',#6378,.F.);
#6378 = EDGE_LOOP('',(#6379,#6389,#6397,#6405));
#6379 = ORIENTED_EDGE('',*,*,#6380,.T.);
#6380 = EDGE_CURVE('',#6381,#6383,#6385,.T.);
#6381 = VERTEX_POINT('',#6382);
#6382 = CARTESIAN_POINT('',(0.,0.,0.));
#6383 = VERTEX_POINT('',#6384);
#6384 = CARTESIAN_POINT('',(0.,-10.,2.E-15));
#6385 = LINE('',#6386,#6387);
#6386 = CARTESIAN_POINT('',(0.,0.,0.));
#6387 = VECTOR('',#6388,1.);
#6388 = DIRECTION('',(0.,-1.,2.2E-16));
#6389 = ORIENTED_EDGE('',*,*,#6390,.T.);
#6390 = EDGE_CURVE('',#6383,#6391,#6393,.T.);
#6391 = VERTEX_POINT('',#6392);
#6392 = CARTESIAN_POINT('',(60.,-10.,2.E-15));
#6393 = LINE('',#6394,#6395);
#6394 = CARTESIAN_POINT('',(0.,-10.,2.E-15));
#6395 = VECTOR('',#6396,1.);
#6396 = DIRECTION('',(1.,0.,0.));
#6397 = ORIENTED_EDGE('',*,*,#6398,.F.);
#6398 = EDGE_CURVE('',#6399,#6391,#6401,.T.);
#6399 = VERTEX_POINT('',#6400);
#6400 = CARTESIAN_POINT('',(60.,0.,0.));
#6401 = LINE('',#6402,#6403);
#6402 = CARTESIAN_POINT('',(60.,0.,0.));
#6403 = VECTOR('',#6404,1.);
#6404 = DIRECTION('',(0.,-1.,2.2E-16));
#6405 = ORIENTED_EDGE('',*,*,#6406,.F.);
#6406 = EDGE_CURVE('',#6381,#6399,#6407,.T.);
#6407 = LINE('',#6408,#6409);
#6408 = CARTESIAN_POINT('',(0.,0.,0.));
#6409 = VECTOR('',#6410,1.);
#6410 = DIRECTION('',(1.,0.,0.));
#6411 = PLANE('',#6412);
#6412 = AXIS2_PLACEMENT_3D('',#6413,#6414,#6415);
#6413 = CARTESIAN_POINT('',(0.,0.,0.));
#6414 = DIRECTION('',(0.,2.2E-16,1.));
#6415 = DIRECTION('',(1.,0.,-0.));
#6416 = ADVANCED_FACE('',(#6417),#6442,.F.);
#6417 = FACE_BOUND('',#6418,.F.);
#6418 = EDGE_LOOP('',(#6419,#6420,#6428,#6436));
#6419 = ORIENTED_EDGE('',*,*,#6398,.T.);
#6420 = ORIENTED_EDGE('',*,*,#6421,.T.);
#6421 = EDGE_CURVE('',#6391,#6422,#6424,.T.);
#6422 = VERTEX_POINT('',#6423);
#6423 = CARTESIAN_POINT('',(60.,-10.,288.));
#6424 = LINE('',#6425,#6426);
#6425 = CARTESIAN_POINT('',(60.,-10.,2.E-15));
#6426 = VECTOR('',#6427,1.);
#6427 = DIRECTION('',(0.,0.,1.));
#6428 = ORIENTED_EDGE('',*,*,#6429,.F.);
#6429 = EDGE_CURVE('',#6430,#6422,#6432,.T.);
#6430 = VERTEX_POINT('',#6431);
#6431 = CARTESIAN_POINT('',(60.,6.4E-14,288.));
#6432 = LINE('',#6433,#6434);
#6433 = CARTESIAN_POINT('',(60.,6.395E-14,288.));
#6434 = VECTOR('',#6435,1.);
#6435 = DIRECTION('',(0.,-1.,2.2E-16));
#6436 = ORIENTED_EDGE('',*,*,#6437,.F.);
#6437 = EDGE_CURVE('',#6399,#6430,#6438,.T.);
#6438 = LINE('',#6439,#6440);
#6439 = CARTESIAN_POINT('',(60.,0.,0.));
#6440 = VECTOR('',#6441,1.);
#6441 = DIRECTION('',(0.,0.,1.));
#6442 = PLANE('',#6443);
#6443 = AXIS2_PLACEMENT_3D('',#6444,#6445,#6446);
#6444 = CARTESIAN_POINT('',(60.,0.,0.));
#6445 = DIRECTION('',(-1.,0.,0.));
#6446 = DIRECTION('',(0.,2.2E-16,1.));
#6447 = ADVANCED_FACE('',(#6448),#6473,.F.);
#6448 = FACE_BOUND('',#6449,.F.);
#6449 = EDGE_LOOP('',(#6450,#6451,#6459,#6467));
#6450 = ORIENTED_EDGE('',*,*,#6429,.T.);
#6451 = ORIENTED_EDGE('',*,*,#6452,.T.);
#6452 = EDGE_CURVE('',#6422,#6453,#6455,.T.);
#6453 = VERTEX_POINT('',#6454);
#6454 = CARTESIAN_POINT('',(0.,-10.,288.));
#6455 = LINE('',#6456,#6457);
#6456 = CARTESIAN_POINT('',(60.,-10.,288.));
#6457 = VECTOR('',#6458,1.);
#6458 = DIRECTION('',(-1.,0.,0.));
#6459 = ORIENTED_EDGE('',*,*,#6460,.F.);
#6460 = EDGE_CURVE('',#6461,#6453,#6463,.T.);
#6461 = VERTEX_POINT('',#6462);
#6462 = CARTESIAN_POINT('',(0.,6.4E-14,288.));
#6463 = LINE('',#6464,#6465);
#6464 = CARTESIAN_POINT('',(0.,6.395E-14,288.));
#6465 = VECTOR('',#6466,1.);
#6466 = DIRECTION('',(0.,-1.,2.2E-16));
#6467 = ORIENTED_EDGE('',*,*,#6468,.F.);
#6468 = EDGE_CURVE('',#6430,#6461,#6469,.T.);
#6469 = LINE('',#6470,#6471);
#6470 = CARTESIAN_POINT('',(60.,0.,288.));
#6471 = VECTOR('',#6472,1.);
#6472 = DIRECTION('',(-1.,0.,0.));
#6473 = PLANE('',#6474);
#6474 = AXIS2_PLACEMENT_3D('',#6475,#6476,#6477);
#6475 = CARTESIAN_POINT('',(60.,6.395E-14,288.));
#6476 = DIRECTION('',(-0.,-2.2E-16,-1.));
#6477 = DIRECTION('',(-1.,0.,0.));
#6478 = ADVANCED_FACE('',(#6479),#6495,.F.);
#6479 = FACE_BOUND('',#6480,.F.);
#6480 = EDGE_LOOP('',(#6481,#6482,#6488,#6489));
#6481 = ORIENTED_EDGE('',*,*,#6460,.T.);
#6482 = ORIENTED_EDGE('',*,*,#6483,.T.);
#6483 = EDGE_CURVE('',#6453,#6383,#6484,.T.);
#6484 = LINE('',#6485,#6486);
#6485 = CARTESIAN_POINT('',(0.,-10.,288.));
#6486 = VECTOR('',#6487,1.);
#6487 = DIRECTION('',(0.,0.,-1.));
#6488 = ORIENTED_EDGE('',*,*,#6380,.F.);
#6489 = ORIENTED_EDGE('',*,*,#6490,.F.);
#6490 = EDGE_CURVE('',#6461,#6381,#6491,.T.);
#6491 = LINE('',#6492,#6493);
#6492 = CARTESIAN_POINT('',(0.,0.,288.));
#6493 = VECTOR('',#6494,1.);
#6494 = DIRECTION('',(0.,0.,-1.));
#6495 = PLANE('',#6496);
#6496 = AXIS2_PLACEMENT_3D('',#6497,#6498,#6499);
#6497 = CARTESIAN_POINT('',(0.,6.395E-14,288.));
#6498 = DIRECTION('',(1.,0.,0.));
#6499 = DIRECTION('',(0.,-2.2E-16,-1.));
#6500 = ADVANCED_FACE('',(#6501),#6528,.F.);
#6501 = FACE_BOUND('',#6502,.T.);
#6502 = EDGE_LOOP('',(#6503,#6513,#6520,#6521));
#6503 = ORIENTED_EDGE('',*,*,#6504,.T.);
#6504 = EDGE_CURVE('',#6505,#6507,#6509,.T.);
#6505 = VERTEX_POINT('',#6506);
#6506 = CARTESIAN_POINT('',(36.,5.2E-14,232.));
#6507 = VERTEX_POINT('',#6508);
#6508 = CARTESIAN_POINT('',(36.,-10.,232.));
#6509 = LINE('',#6510,#6511);
#6510 = CARTESIAN_POINT('',(36.,5.151E-14,232.));
#6511 = VECTOR('',#6512,1.);
#6512 = DIRECTION('',(0.,-1.,2.2E-16));
#6513 = ORIENTED_EDGE('',*,*,#6514,.T.);
#6514 = EDGE_CURVE('',#6507,#6507,#6515,.T.);
#6515 = CIRCLE('',#6516,6.);
#6516 = AXIS2_PLACEMENT_3D('',#6517,#6518,#6519);
#6517 = CARTESIAN_POINT('',(30.,-10.,232.));
#6518 = DIRECTION('',(0.,-1.,0.));
#6519 = DIRECTION('',(1.,0.,0.));
#6520 = ORIENTED_EDGE('',*,*,#6504,.F.);
#6521 = ORIENTED_EDGE('',*,*,#6522,.F.);
#6522 = EDGE_CURVE('',#6505,#6505,#6523,.T.);
#6523 = CIRCLE('',#6524,6.);
#6524 = AXIS2_PLACEMENT_3D('',#6525,#6526,#6527);
#6525 = CARTESIAN_POINT('',(30.,0.,232.));
#6526 = DIRECTION('',(0.,-1.,0.));
#6527 = DIRECTION('',(1.,0.,0.));
#6528 = CYLINDRICAL_SURFACE('',#6529,6.);
#6529 = AXIS2_PLACEMENT_3D('',#6530,#6531,#6532);
#6530 = CARTESIAN_POINT('',(30.,5.151E-14,232.));
#6531 = DIRECTION('',(0.,1.,-2.2E-16));
#6532 = DIRECTION('',(1.,0.,0.));
#6533 = ADVANCED_FACE('',(#6534),#6561,.F.);
#6534 = FACE_BOUND('',#6535,.T.);
#6535 = EDGE_LOOP('',(#6536,#6546,#6553,#6554));
#6536 = ORIENTED_EDGE('',*,*,#6537,.T.);
#6537 = EDGE_CURVE('',#6538,#6540,#6542,.T.);
#6538 = VERTEX_POINT('',#6539);
#6539 = CARTESIAN_POINT('',(36.,4.3E-14,192.));
#6540 = VERTEX_POINT('',#6541);
#6541 = CARTESIAN_POINT('',(36.,-10.,192.));
#6542 = LINE('',#6543,#6544);
#6543 = CARTESIAN_POINT('',(36.,4.263E-14,192.));
#6544 = VECTOR('',#6545,1.);
#6545 = DIRECTION('',(0.,-1.,2.2E-16));
#6546 = ORIENTED_EDGE('',*,*,#6547,.T.);
#6547 = EDGE_CURVE('',#6540,#6540,#6548,.T.);
#6548 = CIRCLE('',#6549,6.);
#6549 = AXIS2_PLACEMENT_3D('',#6550,#6551,#6552);
#6550 = CARTESIAN_POINT('',(30.,-10.,192.));
#6551 = DIRECTION('',(0.,-1.,0.));
#6552 = DIRECTION('',(1.,0.,0.));
#6553 = ORIENTED_EDGE('',*,*,#6537,.F.);
#6554 = ORIENTED_EDGE('',*,*,#6555,.F.);
#6555 = EDGE_CURVE('',#6538,#6538,#6556,.T.);
#6556 = CIRCLE('',#6557,6.);
#6557 = AXIS2_PLACEMENT_3D('',#6558,#6559,#6560);
#6558 = CARTESIAN_POINT('',(30.,0.,192.));
#6559 = DIRECTION('',(0.,-1.,0.));
#6560 = DIRECTION('',(1.,0.,0.));
#6561 = CYLINDRICAL_SURFACE('',#6562,6.);
#6562 = AXIS2_PLACEMENT_3D('',#6563,#6564,#6565);
#6563 = CARTESIAN_POINT('',(30.,4.263E-14,192.));
#6564 = DIRECTION('',(0.,1.,-2.2E-16));
#6565 = DIRECTION('',(1.,0.,0.));
#6566 = ADVANCED_FACE('',(#6567),#6594,.F.);
#6567 = FACE_BOUND('',#6568,.T.);
#6568 = EDGE_LOOP('',(#6569,#6579,#6586,#6587));
#6569 = ORIENTED_EDGE('',*,*,#6570,.T.);
#6570 = EDGE_CURVE('',#6571,#6573,#6575,.T.);
#6571 = VERTEX_POINT('',#6572);
#6572 = CARTESIAN_POINT('',(36.,2.1E-14,96.));
#6573 = VERTEX_POINT('',#6574);
#6574 = CARTESIAN_POINT('',(36.,-10.,96.));
#6575 = LINE('',#6576,#6577);
#6576 = CARTESIAN_POINT('',(36.,2.132E-14,96.));
#6577 = VECTOR('',#6578,1.);
#6578 = DIRECTION('',(0.,-1.,2.2E-16));
#6579 = ORIENTED_EDGE('',*,*,#6580,.T.);
#6580 = EDGE_CURVE('',#6573,#6573,#6581,.T.);
#6581 = CIRCLE('',#6582,6.);
#6582 = AXIS2_PLACEMENT_3D('',#6583,#6584,#6585);
#6583 = CARTESIAN_POINT('',(30.,-10.,96.));
#6584 = DIRECTION('',(0.,-1.,0.));
#6585 = DIRECTION('',(1.,0.,0.));
#6586 = ORIENTED_EDGE('',*,*,#6570,.F.);
#6587 = ORIENTED_EDGE('',*,*,#6588,.F.);
#6588 = EDGE_CURVE('',#6571,#6571,#6589,.T.);
#6589 = CIRCLE('',#6590,6.);
#6590 = AXIS2_PLACEMENT_3D('',#6591,#6592,#6593);
#6591 = CARTESIAN_POINT('',(30.,0.,96.));
#6592 = DIRECTION('',(0.,-1.,0.));
#6593 = DIRECTION('',(1.,0.,0.));
#6594 = CYLINDRICAL_SURFACE('',#6595,6.);
#6595 = AXIS2_PLACEMENT_3D('',#6596,#6597,#6598);
#6596 = CARTESIAN_POINT('',(30.,2.132E-14,96.));
#6597 = DIRECTION('',(0.,1.,-2.2E-16));
#6598 = DIRECTION('',(1.,0.,0.));
#6599 = ADVANCED_FACE('',(#6600),#6627,.F.);
#6600 = FACE_BOUND('',#6601,.T.);
#6601 = EDGE_LOOP('',(#6602,#6612,#6619,#6620));
#6602 = ORIENTED_EDGE('',*,*,#6603,.T.);
#6603 = EDGE_CURVE('',#6604,#6606,#6608,.T.);
#6604 = VERTEX_POINT('',#6605);
#6605 = CARTESIAN_POINT('',(36.,1.2E-14,56.));
#6606 = VERTEX_POINT('',#6607);
#6607 = CARTESIAN_POINT('',(36.,-10.,56.));
#6608 = LINE('',#6609,#6610);
#6609 = CARTESIAN_POINT('',(36.,1.243E-14,56.));
#6610 = VECTOR('',#6611,1.);
#6611 = DIRECTION('',(0.,-1.,2.2E-16));
#6612 = ORIENTED_EDGE('',*,*,#6613,.T.);
#6613 = EDGE_CURVE('',#6606,#6606,#6614,.T.);
#6614 = CIRCLE('',#6615,6.);
#6615 = AXIS2_PLACEMENT_3D('',#6616,#6617,#6618);
#6616 = CARTESIAN_POINT('',(30.,-10.,56.));
#6617 = DIRECTION('',(0.,-1.,0.));
#6618 = DIRECTION('',(1.,0.,0.));
#6619 = ORIENTED_EDGE('',*,*,#6603,.F.);
#6620 = ORIENTED_EDGE('',*,*,#6621,.F.);
#6621 = EDGE_CURVE('',#6604,#6604,#6622,.T.);
#6622 = CIRCLE('',#6623,6.);
#6623 = AXIS2_PLACEMENT_3D('',#6624,#6625,#6626);
#6624 = CARTESIAN_POINT('',(30.,0.,56.));
#6625 = DIRECTION('',(0.,-1.,0.));
#6626 = DIRECTION('',(1.,0.,0.));
#6627 = CYLINDRICAL_SURFACE('',#6628,6.);
#6628 = AXIS2_PLACEMENT_3D('',#6629,#6630,#6631);
#6629 = CARTESIAN_POINT('',(30.,1.243E-14,56.));
#6630 = DIRECTION('',(0.,1.,-2.2E-16));
#6631 = DIRECTION('',(1.,0.,0.));
#6632 = ADVANCED_FACE('',(#6633,#6639,#6642,#6645,#6648),#6651,.T.);
#6633 = FACE_BOUND('',#6634,.F.);
#6634 = EDGE_LOOP('',(#6635,#6636,#6637,#6638));
#6635 = ORIENTED_EDGE('',*,*,#6406,.T.);
#6636 = ORIENTED_EDGE('',*,*,#6437,.T.);
#6637 = ORIENTED_EDGE('',*,*,#6468,.T.);
#6638 = ORIENTED_EDGE('',*,*,#6490,.T.);
#6639 = FACE_BOUND('',#6640,.T.);
#6640 = EDGE_LOOP('',(#6641));
#6641 = ORIENTED_EDGE('',*,*,#6522,.T.);
#6642 = FACE_BOUND('',#6643,.T.);
#6643 = EDGE_LOOP('',(#6644));
#6644 = ORIENTED_EDGE('',*,*,#6555,.T.);
#6645 = FACE_BOUND('',#6646,.T.);
#6646 = EDGE_LOOP('',(#6647));
#6647 = ORIENTED_EDGE('',*,*,#6588,.T.);
#6648 = FACE_BOUND('',#6649,.T.);
#6649 = EDGE_LOOP('',(#6650));
#6650 = ORIENTED_EDGE('',*,*,#6621,.T.);
#6651 = PLANE('',#6652);
#6652 = AXIS2_PLACEMENT_3D('',#6653,#6654,#6655);
#6653 = CARTESIAN_POINT('',(30.,3.197E-14,144.));
#6654 = DIRECTION('',(0.,1.,0.));
#6655 = DIRECTION('',(0.,0.,1.));
#6656 = ADVANCED_FACE('',(#6657,#6663,#6666,#6669,#6672),#6675,.F.);
#6657 = FACE_BOUND('',#6658,.T.);
#6658 = EDGE_LOOP('',(#6659,#6660,#6661,#6662));
#6659 = ORIENTED_EDGE('',*,*,#6390,.T.);
#6660 = ORIENTED_EDGE('',*,*,#6421,.T.);
#6661 = ORIENTED_EDGE('',*,*,#6452,.T.);
#6662 = ORIENTED_EDGE('',*,*,#6483,.T.);
#6663 = FACE_BOUND('',#6664,.F.);
#6664 = EDGE_LOOP('',(#6665));
#6665 = ORIENTED_EDGE('',*,*,#6514,.T.);
#6666 = FACE_BOUND('',#6667,.F.);
#6667 = EDGE_LOOP('',(#6668));
#6668 = ORIENTED_EDGE('',*,*,#6547,.T.);
#6669 = FACE_BOUND('',#6670,.F.);
#6670 = EDGE_LOOP('',(#6671));
#6671 = ORIENTED_EDGE('',*,*,#6580,.T.);
#6672 = FACE_BOUND('',#6673,.F.);
#6673 = EDGE_LOOP('',(#6674));
#6674 = ORIENTED_EDGE('',*,*,#6613,.T.);
#6675 = PLANE('',#6676);
#6676 = AXIS2_PLACEMENT_3D('',#6677,#6678,#6679);
#6677 = CARTESIAN_POINT('',(30.,-10.,144.));
#6678 = DIRECTION('',(0.,1.,0.));
#6679 = DIRECTION('',(0.,0.,1.));
#6680 = ( GEOMETRIC_REPRESENTATION_CONTEXT(3) 
GLOBAL_UNCERTAINTY_ASSIGNED_CONTEXT((#6684)) 
GLOBAL_UNIT_ASSIGNED_CONTEXT((#6681,#6682,#6683)) REPRESENTATION_CONTEXT
('Context #1','3D Context with UNIT and UNCERTAINTY') );
#6681 = ( LENGTH_UNIT() NAMED_UNIT(*) SI_UNIT(.MILLI.,.METRE.) );
#6682 = ( NAMED_UNIT(*) PLANE_ANGLE_UNIT() SI_UNIT($,.RADIAN.) );
#6683 = ( NAMED_UNIT(*) SI_UNIT($,.STERADIAN.) SOLID_ANGLE_UNIT() );
#6684 = UNCERTAINTY_MEASURE_WITH_UNIT(LENGTH_MEASURE(1.E-07),#6681,
  'distance_accuracy_value','confusion accuracy');
#6685 = CONTEXT_DEPENDENT_SHAPE_REPRESENTATION(#6686,#6688);
#6686 = ( REPRESENTATION_RELATIONSHIP('','',#6373,#6009) 
REPRESENTATION_RELATIONSHIP_WITH_TRANSFORMATION(#6687) 
SHAPE_REPRESENTATION_RELATIONSHIP() );
#6687 = ITEM_DEFINED_TRANSFORMATION('','',#11,#6014);
#6688 = PRODUCT_DEFINITION_SHAPE('Placement','Placement of an item',
  #6689);
#6689 = NEXT_ASSEMBLY_USAGE_OCCURRENCE('20','Body016','',#6004,#6368,$);
#6690 = PRODUCT_RELATED_PRODUCT_CATEGORY('part',$,(#6370));
#6691 = CONTEXT_DEPENDENT_SHAPE_REPRESENTATION(#6692,#6694);
#6692 = ( REPRESENTATION_RELATIONSHIP('','',#5646,#6009) 
REPRESENTATION_RELATIONSHIP_WITH_TRANSFORMATION(#6693) 
SHAPE_REPRESENTATION_RELATIONSHIP() );
#6693 = ITEM_DEFINED_TRANSFORMATION('','',#11,#6018);
#6694 = PRODUCT_DEFINITION_SHAPE('Placement','Placement of an item',
  #6695);
#6695 = NEXT_ASSEMBLY_USAGE_OCCURRENCE('21','Body017','',#6004,#5641,$);
#6696 = CONTEXT_DEPENDENT_SHAPE_REPRESENTATION(#6697,#6699);
#6697 = ( REPRESENTATION_RELATIONSHIP('','',#5646,#6009) 
REPRESENTATION_RELATIONSHIP_WITH_TRANSFORMATION(#6698) 
SHAPE_REPRESENTATION_RELATIONSHIP() );
#6698 = ITEM_DEFINED_TRANSFORMATION('','',#11,#6022);
#6699 = PRODUCT_DEFINITION_SHAPE('Placement','Placement of an item',
  #6700);
#6700 = NEXT_ASSEMBLY_USAGE_OCCURRENCE('22','Body018','',#6004,#5641,$);
#6701 = CONTEXT_DEPENDENT_SHAPE_REPRESENTATION(#6702,#6704);
#6702 = ( REPRESENTATION_RELATIONSHIP('','',#5646,#6009) 
REPRESENTATION_RELATIONSHIP_WITH_TRANSFORMATION(#6703) 
SHAPE_REPRESENTATION_RELATIONSHIP() );
#6703 = ITEM_DEFINED_TRANSFORMATION('','',#11,#6026);
#6704 = PRODUCT_DEFINITION_SHAPE('Placement','Placement of an item',
  #6705);
#6705 = NEXT_ASSEMBLY_USAGE_OCCURRENCE('23','Body019','',#6004,#5641,$);
#6706 = SHAPE_DEFINITION_REPRESENTATION(#6707,#6713);
#6707 = PRODUCT_DEFINITION_SHAPE('','',#6708);
#6708 = PRODUCT_DEFINITION('design','',#6709,#6712);
#6709 = PRODUCT_DEFINITION_FORMATION('','',#6710);
#6710 = PRODUCT('Assembly','Assembly','',(#6711));
#6711 = PRODUCT_CONTEXT('',#2,'mechanical');
#6712 = PRODUCT_DEFINITION_CONTEXT('part definition',#2,'design');
#6713 = SHAPE_REPRESENTATION('',(#11,#6714,#6718,#6722,#6726,#6730,#6734
    ,#6738,#6742),#6746);
#6714 = AXIS2_PLACEMENT_3D('',#6715,#6716,#6717);
#6715 = CARTESIAN_POINT('',(0.,0.,0.));
#6716 = DIRECTION('',(0.,0.,1.));
#6717 = DIRECTION('',(1.,0.,0.));
#6718 = AXIS2_PLACEMENT_3D('',#6719,#6720,#6721);
#6719 = CARTESIAN_POINT('',(100.,-10.,5.9E-15));
#6720 = DIRECTION('',(-2.E-16,2.E-16,1.));
#6721 = DIRECTION('',(2.22044604925E-16,-1.,2.E-16));
#6722 = AXIS2_PLACEMENT_3D('',#6723,#6724,#6725);
#6723 = CARTESIAN_POINT('',(7.28E-14,190.,-1.53E-14));
#6724 = DIRECTION('',(0.,0.,1.));
#6725 = DIRECTION('',(-2.22044604925E-16,-1.,0.));
#6726 = AXIS2_PLACEMENT_3D('',#6727,#6728,#6729);
#6727 = CARTESIAN_POINT('',(3.48E-14,190.,136.));
#6728 = DIRECTION('',(0.,0.,1.));
#6729 = DIRECTION('',(-2.22044604925E-16,-1.,0.));
#6730 = AXIS2_PLACEMENT_3D('',#6731,#6732,#6733);
#6731 = CARTESIAN_POINT('',(1.55E-14,190.,272.));
#6732 = DIRECTION('',(-0.,0.,1.));
#6733 = DIRECTION('',(2.22044604925E-16,-1.,0.));
#6734 = AXIS2_PLACEMENT_3D('',#6735,#6736,#6737);
#6735 = CARTESIAN_POINT('',(-2.37E-14,190.,408.));
#6736 = DIRECTION('',(-2.E-16,2.E-16,1.));
#6737 = DIRECTION('',(-2.22044604925E-16,-1.,2.E-16));
#6738 = AXIS2_PLACEMENT_3D('',#6739,#6740,#6741);
#6739 = CARTESIAN_POINT('',(-3.5E-14,190.,544.));
#6740 = DIRECTION('',(-0.,0.,1.));
#6741 = DIRECTION('',(2.22044604925E-16,-1.,0.));
#6742 = AXIS2_PLACEMENT_3D('',#6743,#6744,#6745);
#6743 = CARTESIAN_POINT('',(-7.09E-14,190.,680.));
#6744 = DIRECTION('',(-0.,0.,1.));
#6745 = DIRECTION('',(2.22044604925E-16,-1.,0.));
#6746 = ( GEOMETRIC_REPRESENTATION_CONTEXT(3) 
GLOBAL_UNCERTAINTY_ASSIGNED_CONTEXT((#6750)) 
GLOBAL_UNIT_ASSIGNED_CONTEXT((#6747,#6748,#6749)) REPRESENTATION_CONTEXT
('Context #1','3D Context with UNIT and UNCERTAINTY') );
#6747 = ( LENGTH_UNIT() NAMED_UNIT(*) SI_UNIT(.MILLI.,.METRE.) );
#6748 = ( NAMED_UNIT(*) PLANE_ANGLE_UNIT() SI_UNIT($,.RADIAN.) );
#6749 = ( NAMED_UNIT(*) SI_UNIT($,.STERADIAN.) SOLID_ANGLE_UNIT() );
#6750 = UNCERTAINTY_MEASURE_WITH_UNIT(LENGTH_MEASURE(1.E-07),#6747,
  'distance_accuracy_value','confusion accuracy');
#6751 = CONTEXT_DEPENDENT_SHAPE_REPRESENTATION(#6752,#6754);
#6752 = ( REPRESENTATION_RELATIONSHIP('','',#6713,#44) 
REPRESENTATION_RELATIONSHIP_WITH_TRANSFORMATION(#6753) 
SHAPE_REPRESENTATION_RELATIONSHIP() );
#6753 = ITEM_DEFINED_TRANSFORMATION('','',#11,#65);
#6754 = PRODUCT_DEFINITION_SHAPE('Placement','Placement of an item',
  #6755);
#6755 = NEXT_ASSEMBLY_USAGE_OCCURRENCE('33','Assembly','',#39,#6708,$);
#6756 = PRODUCT_RELATED_PRODUCT_CATEGORY('part',$,(#6710));
#6757 = CONTEXT_DEPENDENT_SHAPE_REPRESENTATION(#6758,#6760);
#6758 = ( REPRESENTATION_RELATIONSHIP('','',#4528,#6713) 
REPRESENTATION_RELATIONSHIP_WITH_TRANSFORMATION(#6759) 
SHAPE_REPRESENTATION_RELATIONSHIP() );
#6759 = ITEM_DEFINED_TRANSFORMATION('','',#11,#6714);
#6760 = PRODUCT_DEFINITION_SHAPE('Placement','Placement of an item',
  #6761);
#6761 = NEXT_ASSEMBLY_USAGE_OCCURRENCE('25','','',#6708,#4523,$);
#6762 = CONTEXT_DEPENDENT_SHAPE_REPRESENTATION(#6763,#6765);
#6763 = ( REPRESENTATION_RELATIONSHIP('','',#5087,#6713) 
REPRESENTATION_RELATIONSHIP_WITH_TRANSFORMATION(#6764) 
SHAPE_REPRESENTATION_RELATIONSHIP() );
#6764 = ITEM_DEFINED_TRANSFORMATION('','',#11,#6718);
#6765 = PRODUCT_DEFINITION_SHAPE('Placement','Placement of an item',
  #6766);
#6766 = NEXT_ASSEMBLY_USAGE_OCCURRENCE('26','Body021','',#6708,#5082,$);
#6767 = CONTEXT_DEPENDENT_SHAPE_REPRESENTATION(#6768,#6770);
#6768 = ( REPRESENTATION_RELATIONSHIP('','',#5646,#6713) 
REPRESENTATION_RELATIONSHIP_WITH_TRANSFORMATION(#6769) 
SHAPE_REPRESENTATION_RELATIONSHIP() );
#6769 = ITEM_DEFINED_TRANSFORMATION('','',#11,#6722);
#6770 = PRODUCT_DEFINITION_SHAPE('Placement','Placement of an item',
  #6771);
#6771 = NEXT_ASSEMBLY_USAGE_OCCURRENCE('27','Body022','',#6708,#5641,$);
#6772 = CONTEXT_DEPENDENT_SHAPE_REPRESENTATION(#6773,#6775);
#6773 = ( REPRESENTATION_RELATIONSHIP('','',#5646,#6713) 
REPRESENTATION_RELATIONSHIP_WITH_TRANSFORMATION(#6774) 
SHAPE_REPRESENTATION_RELATIONSHIP() );
#6774 = ITEM_DEFINED_TRANSFORMATION('','',#11,#6726);
#6775 = PRODUCT_DEFINITION_SHAPE('Placement','Placement of an item',
  #6776);
#6776 = NEXT_ASSEMBLY_USAGE_OCCURRENCE('28','Body023','',#6708,#5641,$);
#6777 = CONTEXT_DEPENDENT_SHAPE_REPRESENTATION(#6778,#6780);
#6778 = ( REPRESENTATION_RELATIONSHIP('','',#5646,#6713) 
REPRESENTATION_RELATIONSHIP_WITH_TRANSFORMATION(#6779) 
SHAPE_REPRESENTATION_RELATIONSHIP() );
#6779 = ITEM_DEFINED_TRANSFORMATION('','',#11,#6730);
#6780 = PRODUCT_DEFINITION_SHAPE('Placement','Placement of an item',
  #6781);
#6781 = NEXT_ASSEMBLY_USAGE_OCCURRENCE('29','Body024','',#6708,#5641,$);
#6782 = CONTEXT_DEPENDENT_SHAPE_REPRESENTATION(#6783,#6785);
#6783 = ( REPRESENTATION_RELATIONSHIP('','',#5646,#6713) 
REPRESENTATION_RELATIONSHIP_WITH_TRANSFORMATION(#6784) 
SHAPE_REPRESENTATION_RELATIONSHIP() );
#6784 = ITEM_DEFINED_TRANSFORMATION('','',#11,#6734);
#6785 = PRODUCT_DEFINITION_SHAPE('Placement','Placement of an item',
  #6786);
#6786 = NEXT_ASSEMBLY_USAGE_OCCURRENCE('30','Body025','',#6708,#5641,$);
#6787 = CONTEXT_DEPENDENT_SHAPE_REPRESENTATION(#6788,#6790);
#6788 = ( REPRESENTATION_RELATIONSHIP('','',#5646,#6713) 
REPRESENTATION_RELATIONSHIP_WITH_TRANSFORMATION(#6789) 
SHAPE_REPRESENTATION_RELATIONSHIP() );
#6789 = ITEM_DEFINED_TRANSFORMATION('','',#11,#6738);
#6790 = PRODUCT_DEFINITION_SHAPE('Placement','Placement of an item',
  #6791);
#6791 = NEXT_ASSEMBLY_USAGE_OCCURRENCE('31','Body026','',#6708,#5641,$);
#6792 = CONTEXT_DEPENDENT_SHAPE_REPRESENTATION(#6793,#6795);
#6793 = ( REPRESENTATION_RELATIONSHIP('','',#5646,#6713) 
REPRESENTATION_RELATIONSHIP_WITH_TRANSFORMATION(#6794) 
SHAPE_REPRESENTATION_RELATIONSHIP() );
#6794 = ITEM_DEFINED_TRANSFORMATION('','',#11,#6742);
#6795 = PRODUCT_DEFINITION_SHAPE('Placement','Placement of an item',
  #6796);
#6796 = NEXT_ASSEMBLY_USAGE_OCCURRENCE('32','Body027','',#6708,#5641,$);
#6797 = SHAPE_DEFINITION_REPRESENTATION(#6798,#6804);
#6798 = PRODUCT_DEFINITION_SHAPE('','',#6799);
#6799 = PRODUCT_DEFINITION('design','',#6800,#6803);
#6800 = PRODUCT_DEFINITION_FORMATION('','',#6801);
#6801 = PRODUCT('Assembly','Assembly','',(#6802));
#6802 = PRODUCT_CONTEXT('',#2,'mechanical');
#6803 = PRODUCT_DEFINITION_CONTEXT('part definition',#2,'design');
#6804 = SHAPE_REPRESENTATION('',(#11,#6805,#6809,#6813,#6817,#6821),
  #6825);
#6805 = AXIS2_PLACEMENT_3D('',#6806,#6807,#6808);
#6806 = CARTESIAN_POINT('',(0.,0.,0.));
#6807 = DIRECTION('',(0.,0.,1.));
#6808 = DIRECTION('',(1.,0.,0.));
#6809 = AXIS2_PLACEMENT_3D('',#6810,#6811,#6812);
#6810 = CARTESIAN_POINT('',(0.,0.,-2.74E-14));
#6811 = DIRECTION('',(0.,0.,1.));
#6812 = DIRECTION('',(-2.22044604925E-16,1.,0.));
#6813 = AXIS2_PLACEMENT_3D('',#6814,#6815,#6816);
#6814 = CARTESIAN_POINT('',(100.,-200.,-1.14E-14));
#6815 = DIRECTION('',(0.,0.,1.));
#6816 = DIRECTION('',(-2.22044604925E-16,1.,0.));
#6817 = AXIS2_PLACEMENT_3D('',#6818,#6819,#6820);
#6818 = CARTESIAN_POINT('',(100.,-200.,136.));
#6819 = DIRECTION('',(2.E-16,-2.E-16,1.));
#6820 = DIRECTION('',(-4.440892098501E-16,1.,2.E-16));
#6821 = AXIS2_PLACEMENT_3D('',#6822,#6823,#6824);
#6822 = CARTESIAN_POINT('',(100.,-200.,272.));
#6823 = DIRECTION('',(3.E-16,3.E-16,1.));
#6824 = DIRECTION('',(-4.440892098501E-16,1.,-3.E-16));
#6825 = ( GEOMETRIC_REPRESENTATION_CONTEXT(3) 
GLOBAL_UNCERTAINTY_ASSIGNED_CONTEXT((#6829)) 
GLOBAL_UNIT_ASSIGNED_CONTEXT((#6826,#6827,#6828)) REPRESENTATION_CONTEXT
('Context #1','3D Context with UNIT and UNCERTAINTY') );
#6826 = ( LENGTH_UNIT() NAMED_UNIT(*) SI_UNIT(.MILLI.,.METRE.) );
#6827 = ( NAMED_UNIT(*) PLANE_ANGLE_UNIT() SI_UNIT($,.RADIAN.) );
#6828 = ( NAMED_UNIT(*) SI_UNIT($,.STERADIAN.) SOLID_ANGLE_UNIT() );
#6829 = UNCERTAINTY_MEASURE_WITH_UNIT(LENGTH_MEASURE(1.E-07),#6826,
  'distance_accuracy_value','confusion accuracy');
#6830 = CONTEXT_DEPENDENT_SHAPE_REPRESENTATION(#6831,#6833);
#6831 = ( REPRESENTATION_RELATIONSHIP('','',#6804,#44) 
REPRESENTATION_RELATIONSHIP_WITH_TRANSFORMATION(#6832) 
SHAPE_REPRESENTATION_RELATIONSHIP() );
#6832 = ITEM_DEFINED_TRANSFORMATION('','',#11,#69);
#6833 = PRODUCT_DEFINITION_SHAPE('Placement','Placement of an item',
  #6834);
#6834 = NEXT_ASSEMBLY_USAGE_OCCURRENCE('39','Assembly','',#39,#6799,$);
#6835 = PRODUCT_RELATED_PRODUCT_CATEGORY('part',$,(#6801));
#6836 = CONTEXT_DEPENDENT_SHAPE_REPRESENTATION(#6837,#6839);
#6837 = ( REPRESENTATION_RELATIONSHIP('','',#6048,#6804) 
REPRESENTATION_RELATIONSHIP_WITH_TRANSFORMATION(#6838) 
SHAPE_REPRESENTATION_RELATIONSHIP() );
#6838 = ITEM_DEFINED_TRANSFORMATION('','',#11,#6805);
#6839 = PRODUCT_DEFINITION_SHAPE('Placement','Placement of an item',
  #6840);
#6840 = NEXT_ASSEMBLY_USAGE_OCCURRENCE('34','','',#6799,#6043,$);
#6841 = CONTEXT_DEPENDENT_SHAPE_REPRESENTATION(#6842,#6844);
#6842 = ( REPRESENTATION_RELATIONSHIP('','',#6373,#6804) 
REPRESENTATION_RELATIONSHIP_WITH_TRANSFORMATION(#6843) 
SHAPE_REPRESENTATION_RELATIONSHIP() );
#6843 = ITEM_DEFINED_TRANSFORMATION('','',#11,#6809);
#6844 = PRODUCT_DEFINITION_SHAPE('Placement','Placement of an item',
  #6845);
#6845 = NEXT_ASSEMBLY_USAGE_OCCURRENCE('35','Body029','',#6799,#6368,$);
#6846 = CONTEXT_DEPENDENT_SHAPE_REPRESENTATION(#6847,#6849);
#6847 = ( REPRESENTATION_RELATIONSHIP('','',#5646,#6804) 
REPRESENTATION_RELATIONSHIP_WITH_TRANSFORMATION(#6848) 
SHAPE_REPRESENTATION_RELATIONSHIP() );
#6848 = ITEM_DEFINED_TRANSFORMATION('','',#11,#6813);
#6849 = PRODUCT_DEFINITION_SHAPE('Placement','Placement of an item',
  #6850);
#6850 = NEXT_ASSEMBLY_USAGE_OCCURRENCE('36','Body030','',#6799,#5641,$);
#6851 = CONTEXT_DEPENDENT_SHAPE_REPRESENTATION(#6852,#6854);
#6852 = ( REPRESENTATION_RELATIONSHIP('','',#5646,#6804) 
REPRESENTATION_RELATIONSHIP_WITH_TRANSFORMATION(#6853) 
SHAPE_REPRESENTATION_RELATIONSHIP() );
#6853 = ITEM_DEFINED_TRANSFORMATION('','',#11,#6817);
#6854 = PRODUCT_DEFINITION_SHAPE('Placement','Placement of an item',
  #6855);
#6855 = NEXT_ASSEMBLY_USAGE_OCCURRENCE('37','Body031','',#6799,#5641,$);
#6856 = CONTEXT_DEPENDENT_SHAPE_REPRESENTATION(#6857,#6859);
#6857 = ( REPRESENTATION_RELATIONSHIP('','',#5646,#6804) 
REPRESENTATION_RELATIONSHIP_WITH_TRANSFORMATION(#6858) 
SHAPE_REPRESENTATION_RELATIONSHIP() );
#6858 = ITEM_DEFINED_TRANSFORMATION('','',#11,#6821);
#6859 = PRODUCT_DEFINITION_SHAPE('Placement','Placement of an item',
  #6860);
#6860 = NEXT_ASSEMBLY_USAGE_OCCURRENCE('38','Body032','',#6799,#5641,$);
#6861 = SHAPE_DEFINITION_REPRESENTATION(#6862,#6868);
#6862 = PRODUCT_DEFINITION_SHAPE('','',#6863);
#6863 = PRODUCT_DEFINITION('design','',#6864,#6867);
#6864 = PRODUCT_DEFINITION_FORMATION('','',#6865);
#6865 = PRODUCT('Body','Body','',(#6866));
#6866 = PRODUCT_CONTEXT('',#2,'mechanical');
#6867 = PRODUCT_DEFINITION_CONTEXT('part definition',#2,'design');
#6868 = ADVANCED_BREP_SHAPE_REPRESENTATION('',(#11,#6869),#7019);
#6869 = MANIFOLD_SOLID_BREP('',#6870);
#6870 = CLOSED_SHELL('',(#6871,#6911,#6942,#6973,#6995,#7007));
#6871 = ADVANCED_FACE('',(#6872),#6906,.F.);
#6872 = FACE_BOUND('',#6873,.F.);
#6873 = EDGE_LOOP('',(#6874,#6884,#6892,#6900));
#6874 = ORIENTED_EDGE('',*,*,#6875,.T.);
#6875 = EDGE_CURVE('',#6876,#6878,#6880,.T.);
#6876 = VERTEX_POINT('',#6877);
#6877 = CARTESIAN_POINT('',(0.,0.,0.));
#6878 = VERTEX_POINT('',#6879);
#6879 = CARTESIAN_POINT('',(0.,-25.,6.E-15));
#6880 = LINE('',#6881,#6882);
#6881 = CARTESIAN_POINT('',(0.,0.,0.));
#6882 = VECTOR('',#6883,1.);
#6883 = DIRECTION('',(0.,-1.,2.2E-16));
#6884 = ORIENTED_EDGE('',*,*,#6885,.T.);
#6885 = EDGE_CURVE('',#6878,#6886,#6888,.T.);
#6886 = VERTEX_POINT('',#6887);
#6887 = CARTESIAN_POINT('',(960.,-25.,6.E-15));
#6888 = LINE('',#6889,#6890);
#6889 = CARTESIAN_POINT('',(0.,-25.,6.E-15));
#6890 = VECTOR('',#6891,1.);
#6891 = DIRECTION('',(1.,0.,0.));
#6892 = ORIENTED_EDGE('',*,*,#6893,.F.);
#6893 = EDGE_CURVE('',#6894,#6886,#6896,.T.);
#6894 = VERTEX_POINT('',#6895);
#6895 = CARTESIAN_POINT('',(960.,0.,0.));
#6896 = LINE('',#6897,#6898);
#6897 = CARTESIAN_POINT('',(960.,0.,0.));
#6898 = VECTOR('',#6899,1.);
#6899 = DIRECTION('',(0.,-1.,2.2E-16));
#6900 = ORIENTED_EDGE('',*,*,#6901,.F.);
#6901 = EDGE_CURVE('',#6876,#6894,#6902,.T.);
#6902 = LINE('',#6903,#6904);
#6903 = CARTESIAN_POINT('',(0.,0.,0.));
#6904 = VECTOR('',#6905,1.);
#6905 = DIRECTION('',(1.,0.,0.));
#6906 = PLANE('',#6907);
#6907 = AXIS2_PLACEMENT_3D('',#6908,#6909,#6910);
#6908 = CARTESIAN_POINT('',(0.,0.,0.));
#6909 = DIRECTION('',(0.,2.2E-16,1.));
#6910 = DIRECTION('',(1.,0.,-0.));
#6911 = ADVANCED_FACE('',(#6912),#6937,.F.);
#6912 = FACE_BOUND('',#6913,.F.);
#6913 = EDGE_LOOP('',(#6914,#6915,#6923,#6931));
#6914 = ORIENTED_EDGE('',*,*,#6893,.T.);
#6915 = ORIENTED_EDGE('',*,*,#6916,.T.);
#6916 = EDGE_CURVE('',#6886,#6917,#6919,.T.);
#6917 = VERTEX_POINT('',#6918);
#6918 = CARTESIAN_POINT('',(960.,-25.,215.));
#6919 = LINE('',#6920,#6921);
#6920 = CARTESIAN_POINT('',(960.,-25.,6.E-15));
#6921 = VECTOR('',#6922,1.);
#6922 = DIRECTION('',(0.,0.,1.));
#6923 = ORIENTED_EDGE('',*,*,#6924,.F.);
#6924 = EDGE_CURVE('',#6925,#6917,#6927,.T.);
#6925 = VERTEX_POINT('',#6926);
#6926 = CARTESIAN_POINT('',(960.,4.8E-14,215.));
#6927 = LINE('',#6928,#6929);
#6928 = CARTESIAN_POINT('',(960.,4.774E-14,215.));
#6929 = VECTOR('',#6930,1.);
#6930 = DIRECTION('',(0.,-1.,2.2E-16));
#6931 = ORIENTED_EDGE('',*,*,#6932,.F.);
#6932 = EDGE_CURVE('',#6894,#6925,#6933,.T.);
#6933 = LINE('',#6934,#6935);
#6934 = CARTESIAN_POINT('',(960.,0.,0.));
#6935 = VECTOR('',#6936,1.);
#6936 = DIRECTION('',(0.,0.,1.));
#6937 = PLANE('',#6938);
#6938 = AXIS2_PLACEMENT_3D('',#6939,#6940,#6941);
#6939 = CARTESIAN_POINT('',(960.,0.,0.));
#6940 = DIRECTION('',(-1.,0.,0.));
#6941 = DIRECTION('',(0.,2.2E-16,1.));
#6942 = ADVANCED_FACE('',(#6943),#6968,.F.);
#6943 = FACE_BOUND('',#6944,.F.);
#6944 = EDGE_LOOP('',(#6945,#6946,#6954,#6962));
#6945 = ORIENTED_EDGE('',*,*,#6924,.T.);
#6946 = ORIENTED_EDGE('',*,*,#6947,.T.);
#6947 = EDGE_CURVE('',#6917,#6948,#6950,.T.);
#6948 = VERTEX_POINT('',#6949);
#6949 = CARTESIAN_POINT('',(0.,-25.,215.));
#6950 = LINE('',#6951,#6952);
#6951 = CARTESIAN_POINT('',(960.,-25.,215.));
#6952 = VECTOR('',#6953,1.);
#6953 = DIRECTION('',(-1.,0.,0.));
#6954 = ORIENTED_EDGE('',*,*,#6955,.F.);
#6955 = EDGE_CURVE('',#6956,#6948,#6958,.T.);
#6956 = VERTEX_POINT('',#6957);
#6957 = CARTESIAN_POINT('',(0.,4.8E-14,215.));
#6958 = LINE('',#6959,#6960);
#6959 = CARTESIAN_POINT('',(0.,4.774E-14,215.));
#6960 = VECTOR('',#6961,1.);
#6961 = DIRECTION('',(0.,-1.,2.2E-16));
#6962 = ORIENTED_EDGE('',*,*,#6963,.F.);
#6963 = EDGE_CURVE('',#6925,#6956,#6964,.T.);
#6964 = LINE('',#6965,#6966);
#6965 = CARTESIAN_POINT('',(960.,0.,215.));
#6966 = VECTOR('',#6967,1.);
#6967 = DIRECTION('',(-1.,0.,0.));
#6968 = PLANE('',#6969);
#6969 = AXIS2_PLACEMENT_3D('',#6970,#6971,#6972);
#6970 = CARTESIAN_POINT('',(960.,4.774E-14,215.));
#6971 = DIRECTION('',(-0.,-2.2E-16,-1.));
#6972 = DIRECTION('',(-1.,0.,0.));
#6973 = ADVANCED_FACE('',(#6974),#6990,.F.);
#6974 = FACE_BOUND('',#6975,.F.);
#6975 = EDGE_LOOP('',(#6976,#6977,#6983,#6984));
#6976 = ORIENTED_EDGE('',*,*,#6955,.T.);
#6977 = ORIENTED_EDGE('',*,*,#6978,.T.);
#6978 = EDGE_CURVE('',#6948,#6878,#6979,.T.);
#6979 = LINE('',#6980,#6981);
#6980 = CARTESIAN_POINT('',(0.,-25.,215.));
#6981 = VECTOR('',#6982,1.);
#6982 = DIRECTION('',(0.,0.,-1.));
#6983 = ORIENTED_EDGE('',*,*,#6875,.F.);
#6984 = ORIENTED_EDGE('',*,*,#6985,.F.);
#6985 = EDGE_CURVE('',#6956,#6876,#6986,.T.);
#6986 = LINE('',#6987,#6988);
#6987 = CARTESIAN_POINT('',(0.,0.,215.));
#6988 = VECTOR('',#6989,1.);
#6989 = DIRECTION('',(0.,0.,-1.));
#6990 = PLANE('',#6991);
#6991 = AXIS2_PLACEMENT_3D('',#6992,#6993,#6994);
#6992 = CARTESIAN_POINT('',(0.,4.774E-14,215.));
#6993 = DIRECTION('',(1.,0.,0.));
#6994 = DIRECTION('',(0.,-2.2E-16,-1.));
#6995 = ADVANCED_FACE('',(#6996),#7002,.T.);
#6996 = FACE_BOUND('',#6997,.F.);
#6997 = EDGE_LOOP('',(#6998,#6999,#7000,#7001));
#6998 = ORIENTED_EDGE('',*,*,#6901,.T.);
#6999 = ORIENTED_EDGE('',*,*,#6932,.T.);
#7000 = ORIENTED_EDGE('',*,*,#6963,.T.);
#7001 = ORIENTED_EDGE('',*,*,#6985,.T.);
#7002 = PLANE('',#7003);
#7003 = AXIS2_PLACEMENT_3D('',#7004,#7005,#7006);
#7004 = CARTESIAN_POINT('',(480.,2.387E-14,107.5));
#7005 = DIRECTION('',(0.,1.,0.));
#7006 = DIRECTION('',(0.,0.,1.));
#7007 = ADVANCED_FACE('',(#7008),#7014,.F.);
#7008 = FACE_BOUND('',#7009,.T.);
#7009 = EDGE_LOOP('',(#7010,#7011,#7012,#7013));
#7010 = ORIENTED_EDGE('',*,*,#6885,.T.);
#7011 = ORIENTED_EDGE('',*,*,#6916,.T.);
#7012 = ORIENTED_EDGE('',*,*,#6947,.T.);
#7013 = ORIENTED_EDGE('',*,*,#6978,.T.);
#7014 = PLANE('',#7015);
#7015 = AXIS2_PLACEMENT_3D('',#7016,#7017,#7018);
#7016 = CARTESIAN_POINT('',(480.,-25.,107.5));
#7017 = DIRECTION('',(0.,1.,0.));
#7018 = DIRECTION('',(0.,0.,1.));
#7019 = ( GEOMETRIC_REPRESENTATION_CONTEXT(3) 
GLOBAL_UNCERTAINTY_ASSIGNED_CONTEXT((#7023)) 
GLOBAL_UNIT_ASSIGNED_CONTEXT((#7020,#7021,#7022)) REPRESENTATION_CONTEXT
('Context #1','3D Context with UNIT and UNCERTAINTY') );
#7020 = ( LENGTH_UNIT() NAMED_UNIT(*) SI_UNIT(.MILLI.,.METRE.) );
#7021 = ( NAMED_UNIT(*) PLANE_ANGLE_UNIT() SI_UNIT($,.RADIAN.) );
#7022 = ( NAMED_UNIT(*) SI_UNIT($,.STERADIAN.) SOLID_ANGLE_UNIT() );
#7023 = UNCERTAINTY_MEASURE_WITH_UNIT(LENGTH_MEASURE(1.E-07),#7020,
  'distance_accuracy_value','confusion accuracy');
#7024 = CONTEXT_DEPENDENT_SHAPE_REPRESENTATION(#7025,#7027);
#7025 = ( REPRESENTATION_RELATIONSHIP('','',#6868,#44) 
REPRESENTATION_RELATIONSHIP_WITH_TRANSFORMATION(#7026) 
SHAPE_REPRESENTATION_RELATIONSHIP() );
#7026 = ITEM_DEFINED_TRANSFORMATION('','',#11,#73);
#7027 = PRODUCT_DEFINITION_SHAPE('Placement','Placement of an item',
  #7028);
#7028 = NEXT_ASSEMBLY_USAGE_OCCURRENCE('40','Body033','',#39,#6863,$);
#7029 = PRODUCT_RELATED_PRODUCT_CATEGORY('part',$,(#6865));
#7030 = SHAPE_DEFINITION_REPRESENTATION(#7031,#7037);
#7031 = PRODUCT_DEFINITION_SHAPE('','',#7032);
#7032 = PRODUCT_DEFINITION('design','',#7033,#7036);
#7033 = PRODUCT_DEFINITION_FORMATION('','',#7034);
#7034 = PRODUCT('Assembly','Assembly','',(#7035));
#7035 = PRODUCT_CONTEXT('',#2,'mechanical');
#7036 = PRODUCT_DEFINITION_CONTEXT('part definition',#2,'design');
#7037 = SHAPE_REPRESENTATION('',(#11,#7038,#7042,#7046),#7050);
#7038 = AXIS2_PLACEMENT_3D('',#7039,#7040,#7041);
#7039 = CARTESIAN_POINT('',(0.,0.,0.));
#7040 = DIRECTION('',(0.,0.,1.));
#7041 = DIRECTION('',(1.,0.,0.));
#7042 = AXIS2_PLACEMENT_3D('',#7043,#7044,#7045);
#7043 = CARTESIAN_POINT('',(100.,155.,42.5));
#7044 = DIRECTION('',(-3.3568E-12,-1.,1.110223024626E-15));
#7045 = DIRECTION('',(1.,-3.3568E-12,-1.999999999983E-16));
#7046 = AXIS2_PLACEMENT_3D('',#7047,#7048,#7049);
#7047 = CARTESIAN_POINT('',(100.,155.,140.2));
#7048 = DIRECTION('',(-5.02E-14,-1.,4.440892098501E-16));
#7049 = DIRECTION('',(1.,-5.02E-14,2.E-16));
#7050 = ( GEOMETRIC_REPRESENTATION_CONTEXT(3) 
GLOBAL_UNCERTAINTY_ASSIGNED_CONTEXT((#7054)) 
GLOBAL_UNIT_ASSIGNED_CONTEXT((#7051,#7052,#7053)) REPRESENTATION_CONTEXT
('Context #1','3D Context with UNIT and UNCERTAINTY') );
#7051 = ( LENGTH_UNIT() NAMED_UNIT(*) SI_UNIT(.MILLI.,.METRE.) );
#7052 = ( NAMED_UNIT(*) PLANE_ANGLE_UNIT() SI_UNIT($,.RADIAN.) );
#7053 = ( NAMED_UNIT(*) SI_UNIT($,.STERADIAN.) SOLID_ANGLE_UNIT() );
#7054 = UNCERTAINTY_MEASURE_WITH_UNIT(LENGTH_MEASURE(1.E-06),#7051,
  'distance_accuracy_value','confusion accuracy');
#7055 = CONTEXT_DEPENDENT_SHAPE_REPRESENTATION(#7056,#7058);
#7056 = ( REPRESENTATION_RELATIONSHIP('','',#7037,#44) 
REPRESENTATION_RELATIONSHIP_WITH_TRANSFORMATION(#7057) 
SHAPE_REPRESENTATION_RELATIONSHIP() );
#7057 = ITEM_DEFINED_TRANSFORMATION('','',#11,#77);
#7058 = PRODUCT_DEFINITION_SHAPE('Placement','Placement of an item',
  #7059);
#7059 = NEXT_ASSEMBLY_USAGE_OCCURRENCE('48','Assembly','',#39,#7032,$);
#7060 = PRODUCT_RELATED_PRODUCT_CATEGORY('part',$,(#7034));
#7061 = SHAPE_DEFINITION_REPRESENTATION(#7062,#7068);
#7062 = PRODUCT_DEFINITION_SHAPE('','',#7063);
#7063 = PRODUCT_DEFINITION('design','',#7064,#7067);
#7064 = PRODUCT_DEFINITION_FORMATION('','',#7065);
#7065 = PRODUCT('Assembly','Assembly','',(#7066));
#7066 = PRODUCT_CONTEXT('',#2,'mechanical');
#7067 = PRODUCT_DEFINITION_CONTEXT('part definition',#2,'design');
#7068 = SHAPE_REPRESENTATION('',(#11,#7069,#7073,#7077,#7081),#7085);
#7069 = AXIS2_PLACEMENT_3D('',#7070,#7071,#7072);
#7070 = CARTESIAN_POINT('',(0.,0.,0.));
#7071 = DIRECTION('',(0.,0.,1.));
#7072 = DIRECTION('',(1.,0.,0.));
#7073 = AXIS2_PLACEMENT_3D('',#7074,#7075,#7076);
#7074 = CARTESIAN_POINT('',(1.72E-14,1.38E-14,97.7));
#7075 = DIRECTION('',(1.,4.440892098501E-16,-3.330669073875E-16));
#7076 = DIRECTION('',(-4.440892098501E-16,1.,-1.110223024625E-16));
#7077 = AXIS2_PLACEMENT_3D('',#7078,#7079,#7080);
#7078 = CARTESIAN_POINT('',(-1.27E-14,1.44E-14,195.4));
#7079 = DIRECTION('',(1.,-3.697785493223E-32,-1.110223024625E-16));
#7080 = DIRECTION('',(0.,1.,-3.330669073875E-16));
#7081 = AXIS2_PLACEMENT_3D('',#7082,#7083,#7084);
#7082 = CARTESIAN_POINT('',(9.7E-15,322.7,-8.23E-14));
#7083 = DIRECTION('',(0.,0.,1.));
#7084 = DIRECTION('',(1.,0.,0.));
#7085 = ( GEOMETRIC_REPRESENTATION_CONTEXT(3) 
GLOBAL_UNCERTAINTY_ASSIGNED_CONTEXT((#7089)) 
GLOBAL_UNIT_ASSIGNED_CONTEXT((#7086,#7087,#7088)) REPRESENTATION_CONTEXT
('Context #1','3D Context with UNIT and UNCERTAINTY') );
#7086 = ( LENGTH_UNIT() NAMED_UNIT(*) SI_UNIT(.MILLI.,.METRE.) );
#7087 = ( NAMED_UNIT(*) PLANE_ANGLE_UNIT() SI_UNIT($,.RADIAN.) );
#7088 = ( NAMED_UNIT(*) SI_UNIT($,.STERADIAN.) SOLID_ANGLE_UNIT() );
#7089 = UNCERTAINTY_MEASURE_WITH_UNIT(LENGTH_MEASURE(1.E-07),#7086,
  'distance_accuracy_value','confusion accuracy');
#7090 = CONTEXT_DEPENDENT_SHAPE_REPRESENTATION(#7091,#7093);
#7091 = ( REPRESENTATION_RELATIONSHIP('','',#7068,#7037) 
REPRESENTATION_RELATIONSHIP_WITH_TRANSFORMATION(#7092) 
SHAPE_REPRESENTATION_RELATIONSHIP() );
#7092 = ITEM_DEFINED_TRANSFORMATION('','',#11,#7038);
#7093 = PRODUCT_DEFINITION_SHAPE('Placement','Placement of an item',
  #7094);
#7094 = NEXT_ASSEMBLY_USAGE_OCCURRENCE('45','Assembly','',#7032,#7063,$
  );
#7095 = PRODUCT_RELATED_PRODUCT_CATEGORY('part',$,(#7065));
#7096 = SHAPE_DEFINITION_REPRESENTATION(#7097,#7103);
#7097 = PRODUCT_DEFINITION_SHAPE('','',#7098);
#7098 = PRODUCT_DEFINITION('design','',#7099,#7102);
#7099 = PRODUCT_DEFINITION_FORMATION('','',#7100);
#7100 = PRODUCT('Body','Body','',(#7101));
#7101 = PRODUCT_CONTEXT('',#2,'mechanical');
#7102 = PRODUCT_DEFINITION_CONTEXT('part definition',#2,'design');
#7103 = ADVANCED_BREP_SHAPE_REPRESENTATION('',(#11,#7104),#7320);
#7104 = MANIFOLD_SOLID_BREP('',#7105);
#7105 = CLOSED_SHELL('',(#7106,#7146,#7177,#7208,#7239,#7270,#7292,#7306
    ));
#7106 = ADVANCED_FACE('',(#7107),#7141,.T.);
#7107 = FACE_BOUND('',#7108,.T.);
#7108 = EDGE_LOOP('',(#7109,#7119,#7127,#7135));
#7109 = ORIENTED_EDGE('',*,*,#7110,.T.);
#7110 = EDGE_CURVE('',#7111,#7113,#7115,.T.);
#7111 = VERTEX_POINT('',#7112);
#7112 = CARTESIAN_POINT('',(0.,0.,0.));
#7113 = VERTEX_POINT('',#7114);
#7114 = CARTESIAN_POINT('',(0.,-12.7,3.E-15));
#7115 = LINE('',#7116,#7117);
#7116 = CARTESIAN_POINT('',(0.,0.,0.));
#7117 = VECTOR('',#7118,1.);
#7118 = DIRECTION('',(0.,-1.,2.2E-16));
#7119 = ORIENTED_EDGE('',*,*,#7120,.T.);
#7120 = EDGE_CURVE('',#7113,#7121,#7123,.T.);
#7121 = VERTEX_POINT('',#7122);
#7122 = CARTESIAN_POINT('',(0.,-12.7,195.4));
#7123 = LINE('',#7124,#7125);
#7124 = CARTESIAN_POINT('',(0.,-12.7,3.E-15));
#7125 = VECTOR('',#7126,1.);
#7126 = DIRECTION('',(0.,0.,1.));
#7127 = ORIENTED_EDGE('',*,*,#7128,.F.);
#7128 = EDGE_CURVE('',#7129,#7121,#7131,.T.);
#7129 = VERTEX_POINT('',#7130);
#7130 = CARTESIAN_POINT('',(0.,4.3E-14,195.4));
#7131 = LINE('',#7132,#7133);
#7132 = CARTESIAN_POINT('',(0.,4.339E-14,195.4));
#7133 = VECTOR('',#7134,1.);
#7134 = DIRECTION('',(0.,-1.,2.2E-16));
#7135 = ORIENTED_EDGE('',*,*,#7136,.F.);
#7136 = EDGE_CURVE('',#7111,#7129,#7137,.T.);
#7137 = LINE('',#7138,#7139);
#7138 = CARTESIAN_POINT('',(0.,0.,0.));
#7139 = VECTOR('',#7140,1.);
#7140 = DIRECTION('',(0.,0.,1.));
#7141 = PLANE('',#7142);
#7142 = AXIS2_PLACEMENT_3D('',#7143,#7144,#7145);
#7143 = CARTESIAN_POINT('',(0.,0.,0.));
#7144 = DIRECTION('',(-1.,0.,0.));
#7145 = DIRECTION('',(0.,2.2E-16,1.));
#7146 = ADVANCED_FACE('',(#7147),#7172,.T.);
#7147 = FACE_BOUND('',#7148,.T.);
#7148 = EDGE_LOOP('',(#7149,#7150,#7158,#7166));
#7149 = ORIENTED_EDGE('',*,*,#7128,.T.);
#7150 = ORIENTED_EDGE('',*,*,#7151,.T.);
#7151 = EDGE_CURVE('',#7121,#7152,#7154,.T.);
#7152 = VERTEX_POINT('',#7153);
#7153 = CARTESIAN_POINT('',(200.,-12.7,195.4));
#7154 = LINE('',#7155,#7156);
#7155 = CARTESIAN_POINT('',(0.,-12.7,195.4));
#7156 = VECTOR('',#7157,1.);
#7157 = DIRECTION('',(1.,0.,0.));
#7158 = ORIENTED_EDGE('',*,*,#7159,.F.);
#7159 = EDGE_CURVE('',#7160,#7152,#7162,.T.);
#7160 = VERTEX_POINT('',#7161);
#7161 = CARTESIAN_POINT('',(200.,4.3E-14,195.4));
#7162 = LINE('',#7163,#7164);
#7163 = CARTESIAN_POINT('',(200.,4.339E-14,195.4));
#7164 = VECTOR('',#7165,1.);
#7165 = DIRECTION('',(0.,-1.,2.2E-16));
#7166 = ORIENTED_EDGE('',*,*,#7167,.F.);
#7167 = EDGE_CURVE('',#7129,#7160,#7168,.T.);
#7168 = LINE('',#7169,#7170);
#7169 = CARTESIAN_POINT('',(0.,0.,195.4));
#7170 = VECTOR('',#7171,1.);
#7171 = DIRECTION('',(1.,0.,0.));
#7172 = PLANE('',#7173);
#7173 = AXIS2_PLACEMENT_3D('',#7174,#7175,#7176);
#7174 = CARTESIAN_POINT('',(0.,4.339E-14,195.4));
#7175 = DIRECTION('',(0.,2.2E-16,1.));
#7176 = DIRECTION('',(1.,0.,-0.));
#7177 = ADVANCED_FACE('',(#7178),#7203,.T.);
#7178 = FACE_BOUND('',#7179,.T.);
#7179 = EDGE_LOOP('',(#7180,#7181,#7189,#7197));
#7180 = ORIENTED_EDGE('',*,*,#7159,.T.);
#7181 = ORIENTED_EDGE('',*,*,#7182,.T.);
#7182 = EDGE_CURVE('',#7152,#7183,#7185,.T.);
#7183 = VERTEX_POINT('',#7184);
#7184 = CARTESIAN_POINT('',(315.4,-12.7,80.));
#7185 = LINE('',#7186,#7187);
#7186 = CARTESIAN_POINT('',(200.,-12.7,195.4));
#7187 = VECTOR('',#7188,1.);
#7188 = DIRECTION('',(0.707106781187,0.,-0.707106781187));
#7189 = ORIENTED_EDGE('',*,*,#7190,.F.);
#7190 = EDGE_CURVE('',#7191,#7183,#7193,.T.);
#7191 = VERTEX_POINT('',#7192);
#7192 = CARTESIAN_POINT('',(315.4,1.8E-14,80.));
#7193 = LINE('',#7194,#7195);
#7194 = CARTESIAN_POINT('',(315.4,1.776E-14,80.));
#7195 = VECTOR('',#7196,1.);
#7196 = DIRECTION('',(0.,-1.,2.2E-16));
#7197 = ORIENTED_EDGE('',*,*,#7198,.F.);
#7198 = EDGE_CURVE('',#7160,#7191,#7199,.T.);
#7199 = LINE('',#7200,#7201);
#7200 = CARTESIAN_POINT('',(200.,0.,195.4));
#7201 = VECTOR('',#7202,1.);
#7202 = DIRECTION('',(0.707106781187,0.,-0.707106781187));
#7203 = PLANE('',#7204);
#7204 = AXIS2_PLACEMENT_3D('',#7205,#7206,#7207);
#7205 = CARTESIAN_POINT('',(200.,4.339E-14,195.4));
#7206 = DIRECTION('',(0.707106781187,1.6E-16,0.707106781187));
#7207 = DIRECTION('',(0.707106781187,-1.6E-16,-0.707106781187));
#7208 = ADVANCED_FACE('',(#7209),#7234,.T.);
#7209 = FACE_BOUND('',#7210,.T.);
#7210 = EDGE_LOOP('',(#7211,#7212,#7220,#7228));
#7211 = ORIENTED_EDGE('',*,*,#7190,.T.);
#7212 = ORIENTED_EDGE('',*,*,#7213,.T.);
#7213 = EDGE_CURVE('',#7183,#7214,#7216,.T.);
#7214 = VERTEX_POINT('',#7215);
#7215 = CARTESIAN_POINT('',(400.,-12.7,80.));
#7216 = LINE('',#7217,#7218);
#7217 = CARTESIAN_POINT('',(315.4,-12.7,80.));
#7218 = VECTOR('',#7219,1.);
#7219 = DIRECTION('',(1.,0.,0.));
#7220 = ORIENTED_EDGE('',*,*,#7221,.F.);
#7221 = EDGE_CURVE('',#7222,#7214,#7224,.T.);
#7222 = VERTEX_POINT('',#7223);
#7223 = CARTESIAN_POINT('',(400.,1.8E-14,80.));
#7224 = LINE('',#7225,#7226);
#7225 = CARTESIAN_POINT('',(400.,1.776E-14,80.));
#7226 = VECTOR('',#7227,1.);
#7227 = DIRECTION('',(0.,-1.,2.2E-16));
#7228 = ORIENTED_EDGE('',*,*,#7229,.F.);
#7229 = EDGE_CURVE('',#7191,#7222,#7230,.T.);
#7230 = LINE('',#7231,#7232);
#7231 = CARTESIAN_POINT('',(315.4,0.,80.));
#7232 = VECTOR('',#7233,1.);
#7233 = DIRECTION('',(1.,0.,0.));
#7234 = PLANE('',#7235);
#7235 = AXIS2_PLACEMENT_3D('',#7236,#7237,#7238);
#7236 = CARTESIAN_POINT('',(315.4,1.776E-14,80.));
#7237 = DIRECTION('',(0.,2.2E-16,1.));
#7238 = DIRECTION('',(1.,0.,-0.));
#7239 = ADVANCED_FACE('',(#7240),#7265,.T.);
#7240 = FACE_BOUND('',#7241,.T.);
#7241 = EDGE_LOOP('',(#7242,#7243,#7251,#7259));
#7242 = ORIENTED_EDGE('',*,*,#7221,.T.);
#7243 = ORIENTED_EDGE('',*,*,#7244,.T.);
#7244 = EDGE_CURVE('',#7214,#7245,#7247,.T.);
#7245 = VERTEX_POINT('',#7246);
#7246 = CARTESIAN_POINT('',(400.,-12.7,3.E-15));
#7247 = LINE('',#7248,#7249);
#7248 = CARTESIAN_POINT('',(400.,-12.7,80.));
#7249 = VECTOR('',#7250,1.);
#7250 = DIRECTION('',(0.,0.,-1.));
#7251 = ORIENTED_EDGE('',*,*,#7252,.F.);
#7252 = EDGE_CURVE('',#7253,#7245,#7255,.T.);
#7253 = VERTEX_POINT('',#7254);
#7254 = CARTESIAN_POINT('',(400.,0.,0.));
#7255 = LINE('',#7256,#7257);
#7256 = CARTESIAN_POINT('',(400.,0.,0.));
#7257 = VECTOR('',#7258,1.);
#7258 = DIRECTION('',(0.,-1.,2.2E-16));
#7259 = ORIENTED_EDGE('',*,*,#7260,.F.);
#7260 = EDGE_CURVE('',#7222,#7253,#7261,.T.);
#7261 = LINE('',#7262,#7263);
#7262 = CARTESIAN_POINT('',(400.,0.,80.));
#7263 = VECTOR('',#7264,1.);
#7264 = DIRECTION('',(0.,0.,-1.));
#7265 = PLANE('',#7266);
#7266 = AXIS2_PLACEMENT_3D('',#7267,#7268,#7269);
#7267 = CARTESIAN_POINT('',(400.,1.776E-14,80.));
#7268 = DIRECTION('',(1.,0.,0.));
#7269 = DIRECTION('',(0.,-2.2E-16,-1.));
#7270 = ADVANCED_FACE('',(#7271),#7287,.T.);
#7271 = FACE_BOUND('',#7272,.T.);
#7272 = EDGE_LOOP('',(#7273,#7274,#7280,#7281));
#7273 = ORIENTED_EDGE('',*,*,#7252,.T.);
#7274 = ORIENTED_EDGE('',*,*,#7275,.T.);
#7275 = EDGE_CURVE('',#7245,#7113,#7276,.T.);
#7276 = LINE('',#7277,#7278);
#7277 = CARTESIAN_POINT('',(400.,-12.7,3.E-15));
#7278 = VECTOR('',#7279,1.);
#7279 = DIRECTION('',(-1.,0.,0.));
#7280 = ORIENTED_EDGE('',*,*,#7110,.F.);
#7281 = ORIENTED_EDGE('',*,*,#7282,.F.);
#7282 = EDGE_CURVE('',#7253,#7111,#7283,.T.);
#7283 = LINE('',#7284,#7285);
#7284 = CARTESIAN_POINT('',(400.,0.,0.));
#7285 = VECTOR('',#7286,1.);
#7286 = DIRECTION('',(-1.,0.,0.));
#7287 = PLANE('',#7288);
#7288 = AXIS2_PLACEMENT_3D('',#7289,#7290,#7291);
#7289 = CARTESIAN_POINT('',(400.,0.,0.));
#7290 = DIRECTION('',(-0.,-2.2E-16,-1.));
#7291 = DIRECTION('',(-1.,0.,0.));
#7292 = ADVANCED_FACE('',(#7293),#7301,.T.);
#7293 = FACE_BOUND('',#7294,.T.);
#7294 = EDGE_LOOP('',(#7295,#7296,#7297,#7298,#7299,#7300));
#7295 = ORIENTED_EDGE('',*,*,#7136,.T.);
#7296 = ORIENTED_EDGE('',*,*,#7167,.T.);
#7297 = ORIENTED_EDGE('',*,*,#7198,.T.);
#7298 = ORIENTED_EDGE('',*,*,#7229,.T.);
#7299 = ORIENTED_EDGE('',*,*,#7260,.T.);
#7300 = ORIENTED_EDGE('',*,*,#7282,.T.);
#7301 = PLANE('',#7302);
#7302 = AXIS2_PLACEMENT_3D('',#7303,#7304,#7305);
#7303 = CARTESIAN_POINT('',(181.90712123991,1.791E-14,80.672394922849));
#7304 = DIRECTION('',(0.,1.,0.));
#7305 = DIRECTION('',(0.,0.,1.));
#7306 = ADVANCED_FACE('',(#7307),#7315,.F.);
#7307 = FACE_BOUND('',#7308,.F.);
#7308 = EDGE_LOOP('',(#7309,#7310,#7311,#7312,#7313,#7314));
#7309 = ORIENTED_EDGE('',*,*,#7120,.T.);
#7310 = ORIENTED_EDGE('',*,*,#7151,.T.);
#7311 = ORIENTED_EDGE('',*,*,#7182,.T.);
#7312 = ORIENTED_EDGE('',*,*,#7213,.T.);
#7313 = ORIENTED_EDGE('',*,*,#7244,.T.);
#7314 = ORIENTED_EDGE('',*,*,#7275,.T.);
#7315 = PLANE('',#7316);
#7316 = AXIS2_PLACEMENT_3D('',#7317,#7318,#7319);
#7317 = CARTESIAN_POINT('',(181.90712123991,-12.7,80.672394922849));
#7318 = DIRECTION('',(0.,1.,0.));
#7319 = DIRECTION('',(0.,0.,1.));
#7320 = ( GEOMETRIC_REPRESENTATION_CONTEXT(3) 
GLOBAL_UNCERTAINTY_ASSIGNED_CONTEXT((#7324)) 
GLOBAL_UNIT_ASSIGNED_CONTEXT((#7321,#7322,#7323)) REPRESENTATION_CONTEXT
('Context #1','3D Context with UNIT and UNCERTAINTY') );
#7321 = ( LENGTH_UNIT() NAMED_UNIT(*) SI_UNIT(.MILLI.,.METRE.) );
#7322 = ( NAMED_UNIT(*) PLANE_ANGLE_UNIT() SI_UNIT($,.RADIAN.) );
#7323 = ( NAMED_UNIT(*) SI_UNIT($,.STERADIAN.) SOLID_ANGLE_UNIT() );
#7324 = UNCERTAINTY_MEASURE_WITH_UNIT(LENGTH_MEASURE(1.E-07),#7321,
  'distance_accuracy_value','confusion accuracy');
#7325 = CONTEXT_DEPENDENT_SHAPE_REPRESENTATION(#7326,#7328);
#7326 = ( REPRESENTATION_RELATIONSHIP('','',#7103,#7068) 
REPRESENTATION_RELATIONSHIP_WITH_TRANSFORMATION(#7327) 
SHAPE_REPRESENTATION_RELATIONSHIP() );
#7327 = ITEM_DEFINED_TRANSFORMATION('','',#11,#7069);
#7328 = PRODUCT_DEFINITION_SHAPE('Placement','Placement of an item',
  #7329);
#7329 = NEXT_ASSEMBLY_USAGE_OCCURRENCE('41','Body034','',#7063,#7098,$);
#7330 = PRODUCT_RELATED_PRODUCT_CATEGORY('part',$,(#7100));
#7331 = SHAPE_DEFINITION_REPRESENTATION(#7332,#7338);
#7332 = PRODUCT_DEFINITION_SHAPE('','',#7333);
#7333 = PRODUCT_DEFINITION('design','',#7334,#7337);
#7334 = PRODUCT_DEFINITION_FORMATION('','',#7335);
#7335 = PRODUCT('Body','Body','',(#7336));
#7336 = PRODUCT_CONTEXT('',#2,'mechanical');
#7337 = PRODUCT_DEFINITION_CONTEXT('part definition',#2,'design');
#7338 = ADVANCED_BREP_SHAPE_REPRESENTATION('',(#11,#7339),#7528);
#7339 = MANIFOLD_SOLID_BREP('',#7340);
#7340 = CLOSED_SHELL('',(#7341,#7381,#7412,#7443,#7465,#7498,#7513));
#7341 = ADVANCED_FACE('',(#7342),#7376,.F.);
#7342 = FACE_BOUND('',#7343,.F.);
#7343 = EDGE_LOOP('',(#7344,#7354,#7362,#7370));
#7344 = ORIENTED_EDGE('',*,*,#7345,.T.);
#7345 = EDGE_CURVE('',#7346,#7348,#7350,.T.);
#7346 = VERTEX_POINT('',#7347);
#7347 = CARTESIAN_POINT('',(0.,0.,0.));
#7348 = VERTEX_POINT('',#7349);
#7349 = CARTESIAN_POINT('',(0.,-12.7,3.E-15));
#7350 = LINE('',#7351,#7352);
#7351 = CARTESIAN_POINT('',(0.,0.,0.));
#7352 = VECTOR('',#7353,1.);
#7353 = DIRECTION('',(0.,-1.,2.2E-16));
#7354 = ORIENTED_EDGE('',*,*,#7355,.T.);
#7355 = EDGE_CURVE('',#7348,#7356,#7358,.T.);
#7356 = VERTEX_POINT('',#7357);
#7357 = CARTESIAN_POINT('',(310.,-12.7,3.E-15));
#7358 = LINE('',#7359,#7360);
#7359 = CARTESIAN_POINT('',(0.,-12.7,3.E-15));
#7360 = VECTOR('',#7361,1.);
#7361 = DIRECTION('',(1.,0.,0.));
#7362 = ORIENTED_EDGE('',*,*,#7363,.F.);
#7363 = EDGE_CURVE('',#7364,#7356,#7366,.T.);
#7364 = VERTEX_POINT('',#7365);
#7365 = CARTESIAN_POINT('',(310.,0.,0.));
#7366 = LINE('',#7367,#7368);
#7367 = CARTESIAN_POINT('',(310.,0.,0.));
#7368 = VECTOR('',#7369,1.);
#7369 = DIRECTION('',(0.,-1.,2.2E-16));
#7370 = ORIENTED_EDGE('',*,*,#7371,.F.);
#7371 = EDGE_CURVE('',#7346,#7364,#7372,.T.);
#7372 = LINE('',#7373,#7374);
#7373 = CARTESIAN_POINT('',(0.,0.,0.));
#7374 = VECTOR('',#7375,1.);
#7375 = DIRECTION('',(1.,0.,0.));
#7376 = PLANE('',#7377);
#7377 = AXIS2_PLACEMENT_3D('',#7378,#7379,#7380);
#7378 = CARTESIAN_POINT('',(0.,0.,0.));
#7379 = DIRECTION('',(0.,2.2E-16,1.));
#7380 = DIRECTION('',(1.,0.,-0.));
#7381 = ADVANCED_FACE('',(#7382),#7407,.F.);
#7382 = FACE_BOUND('',#7383,.F.);
#7383 = EDGE_LOOP('',(#7384,#7385,#7393,#7401));
#7384 = ORIENTED_EDGE('',*,*,#7363,.T.);
#7385 = ORIENTED_EDGE('',*,*,#7386,.T.);
#7386 = EDGE_CURVE('',#7356,#7387,#7389,.T.);
#7387 = VERTEX_POINT('',#7388);
#7388 = CARTESIAN_POINT('',(310.,-12.7,200.));
#7389 = LINE('',#7390,#7391);
#7390 = CARTESIAN_POINT('',(310.,-12.7,3.E-15));
#7391 = VECTOR('',#7392,1.);
#7392 = DIRECTION('',(0.,0.,1.));
#7393 = ORIENTED_EDGE('',*,*,#7394,.F.);
#7394 = EDGE_CURVE('',#7395,#7387,#7397,.T.);
#7395 = VERTEX_POINT('',#7396);
#7396 = CARTESIAN_POINT('',(310.,4.4E-14,200.));
#7397 = LINE('',#7398,#7399);
#7398 = CARTESIAN_POINT('',(310.,4.441E-14,200.));
#7399 = VECTOR('',#7400,1.);
#7400 = DIRECTION('',(0.,-1.,2.2E-16));
#7401 = ORIENTED_EDGE('',*,*,#7402,.F.);
#7402 = EDGE_CURVE('',#7364,#7395,#7403,.T.);
#7403 = LINE('',#7404,#7405);
#7404 = CARTESIAN_POINT('',(310.,0.,0.));
#7405 = VECTOR('',#7406,1.);
#7406 = DIRECTION('',(0.,0.,1.));
#7407 = PLANE('',#7408);
#7408 = AXIS2_PLACEMENT_3D('',#7409,#7410,#7411);
#7409 = CARTESIAN_POINT('',(310.,0.,0.));
#7410 = DIRECTION('',(-1.,0.,0.));
#7411 = DIRECTION('',(0.,2.2E-16,1.));
#7412 = ADVANCED_FACE('',(#7413),#7438,.F.);
#7413 = FACE_BOUND('',#7414,.F.);
#7414 = EDGE_LOOP('',(#7415,#7416,#7424,#7432));
#7415 = ORIENTED_EDGE('',*,*,#7394,.T.);
#7416 = ORIENTED_EDGE('',*,*,#7417,.T.);
#7417 = EDGE_CURVE('',#7387,#7418,#7420,.T.);
#7418 = VERTEX_POINT('',#7419);
#7419 = CARTESIAN_POINT('',(0.,-12.7,200.));
#7420 = LINE('',#7421,#7422);
#7421 = CARTESIAN_POINT('',(310.,-12.7,200.));
#7422 = VECTOR('',#7423,1.);
#7423 = DIRECTION('',(-1.,0.,0.));
#7424 = ORIENTED_EDGE('',*,*,#7425,.F.);
#7425 = EDGE_CURVE('',#7426,#7418,#7428,.T.);
#7426 = VERTEX_POINT('',#7427);
#7427 = CARTESIAN_POINT('',(0.,4.4E-14,200.));
#7428 = LINE('',#7429,#7430);
#7429 = CARTESIAN_POINT('',(0.,4.441E-14,200.));
#7430 = VECTOR('',#7431,1.);
#7431 = DIRECTION('',(0.,-1.,2.2E-16));
#7432 = ORIENTED_EDGE('',*,*,#7433,.F.);
#7433 = EDGE_CURVE('',#7395,#7426,#7434,.T.);
#7434 = LINE('',#7435,#7436);
#7435 = CARTESIAN_POINT('',(310.,0.,200.));
#7436 = VECTOR('',#7437,1.);
#7437 = DIRECTION('',(-1.,0.,0.));
#7438 = PLANE('',#7439);
#7439 = AXIS2_PLACEMENT_3D('',#7440,#7441,#7442);
#7440 = CARTESIAN_POINT('',(310.,4.441E-14,200.));
#7441 = DIRECTION('',(-0.,-2.2E-16,-1.));
#7442 = DIRECTION('',(-1.,0.,0.));
#7443 = ADVANCED_FACE('',(#7444),#7460,.F.);
#7444 = FACE_BOUND('',#7445,.F.);
#7445 = EDGE_LOOP('',(#7446,#7447,#7453,#7454));
#7446 = ORIENTED_EDGE('',*,*,#7425,.T.);
#7447 = ORIENTED_EDGE('',*,*,#7448,.T.);
#7448 = EDGE_CURVE('',#7418,#7348,#7449,.T.);
#7449 = LINE('',#7450,#7451);
#7450 = CARTESIAN_POINT('',(0.,-12.7,200.));
#7451 = VECTOR('',#7452,1.);
#7452 = DIRECTION('',(0.,0.,-1.));
#7453 = ORIENTED_EDGE('',*,*,#7345,.F.);
#7454 = ORIENTED_EDGE('',*,*,#7455,.F.);
#7455 = EDGE_CURVE('',#7426,#7346,#7456,.T.);
#7456 = LINE('',#7457,#7458);
#7457 = CARTESIAN_POINT('',(0.,0.,200.));
#7458 = VECTOR('',#7459,1.);
#7459 = DIRECTION('',(0.,0.,-1.));
#7460 = PLANE('',#7461);
#7461 = AXIS2_PLACEMENT_3D('',#7462,#7463,#7464);
#7462 = CARTESIAN_POINT('',(0.,4.441E-14,200.));
#7463 = DIRECTION('',(1.,0.,0.));
#7464 = DIRECTION('',(0.,-2.2E-16,-1.));
#7465 = ADVANCED_FACE('',(#7466),#7493,.F.);
#7466 = FACE_BOUND('',#7467,.T.);
#7467 = EDGE_LOOP('',(#7468,#7478,#7485,#7486));
#7468 = ORIENTED_EDGE('',*,*,#7469,.T.);
#7469 = EDGE_CURVE('',#7470,#7472,#7474,.T.);
#7470 = VERTEX_POINT('',#7471);
#7471 = CARTESIAN_POINT('',(185.,2.2E-14,100.));
#7472 = VERTEX_POINT('',#7473);
#7473 = CARTESIAN_POINT('',(185.,-12.7,100.));
#7474 = LINE('',#7475,#7476);
#7475 = CARTESIAN_POINT('',(185.,2.22E-14,100.));
#7476 = VECTOR('',#7477,1.);
#7477 = DIRECTION('',(0.,-1.,2.2E-16));
#7478 = ORIENTED_EDGE('',*,*,#7479,.T.);
#7479 = EDGE_CURVE('',#7472,#7472,#7480,.T.);
#7480 = CIRCLE('',#7481,30.);
#7481 = AXIS2_PLACEMENT_3D('',#7482,#7483,#7484);
#7482 = CARTESIAN_POINT('',(155.,-12.7,100.));
#7483 = DIRECTION('',(0.,-1.,0.));
#7484 = DIRECTION('',(1.,0.,0.));
#7485 = ORIENTED_EDGE('',*,*,#7469,.F.);
#7486 = ORIENTED_EDGE('',*,*,#7487,.F.);
#7487 = EDGE_CURVE('',#7470,#7470,#7488,.T.);
#7488 = CIRCLE('',#7489,30.);
#7489 = AXIS2_PLACEMENT_3D('',#7490,#7491,#7492);
#7490 = CARTESIAN_POINT('',(155.,0.,100.));
#7491 = DIRECTION('',(0.,-1.,0.));
#7492 = DIRECTION('',(1.,0.,0.));
#7493 = CYLINDRICAL_SURFACE('',#7494,30.);
#7494 = AXIS2_PLACEMENT_3D('',#7495,#7496,#7497);
#7495 = CARTESIAN_POINT('',(155.,2.22E-14,100.));
#7496 = DIRECTION('',(0.,1.,-2.2E-16));
#7497 = DIRECTION('',(1.,0.,0.));
#7498 = ADVANCED_FACE('',(#7499,#7505),#7508,.T.);
#7499 = FACE_BOUND('',#7500,.F.);
#7500 = EDGE_LOOP('',(#7501,#7502,#7503,#7504));
#7501 = ORIENTED_EDGE('',*,*,#7371,.T.);
#7502 = ORIENTED_EDGE('',*,*,#7402,.T.);
#7503 = ORIENTED_EDGE('',*,*,#7433,.T.);
#7504 = ORIENTED_EDGE('',*,*,#7455,.T.);
#7505 = FACE_BOUND('',#7506,.T.);
#7506 = EDGE_LOOP('',(#7507));
#7507 = ORIENTED_EDGE('',*,*,#7487,.T.);
#7508 = PLANE('',#7509);
#7509 = AXIS2_PLACEMENT_3D('',#7510,#7511,#7512);
#7510 = CARTESIAN_POINT('',(155.,2.22E-14,100.));
#7511 = DIRECTION('',(0.,1.,0.));
#7512 = DIRECTION('',(0.,0.,1.));
#7513 = ADVANCED_FACE('',(#7514,#7520),#7523,.F.);
#7514 = FACE_BOUND('',#7515,.T.);
#7515 = EDGE_LOOP('',(#7516,#7517,#7518,#7519));
#7516 = ORIENTED_EDGE('',*,*,#7355,.T.);
#7517 = ORIENTED_EDGE('',*,*,#7386,.T.);
#7518 = ORIENTED_EDGE('',*,*,#7417,.T.);
#7519 = ORIENTED_EDGE('',*,*,#7448,.T.);
#7520 = FACE_BOUND('',#7521,.F.);
#7521 = EDGE_LOOP('',(#7522));
#7522 = ORIENTED_EDGE('',*,*,#7479,.T.);
#7523 = PLANE('',#7524);
#7524 = AXIS2_PLACEMENT_3D('',#7525,#7526,#7527);
#7525 = CARTESIAN_POINT('',(155.,-12.7,100.));
#7526 = DIRECTION('',(0.,1.,0.));
#7527 = DIRECTION('',(0.,0.,1.));
#7528 = ( GEOMETRIC_REPRESENTATION_CONTEXT(3) 
GLOBAL_UNCERTAINTY_ASSIGNED_CONTEXT((#7532)) 
GLOBAL_UNIT_ASSIGNED_CONTEXT((#7529,#7530,#7531)) REPRESENTATION_CONTEXT
('Context #1','3D Context with UNIT and UNCERTAINTY') );
#7529 = ( LENGTH_UNIT() NAMED_UNIT(*) SI_UNIT(.MILLI.,.METRE.) );
#7530 = ( NAMED_UNIT(*) PLANE_ANGLE_UNIT() SI_UNIT($,.RADIAN.) );
#7531 = ( NAMED_UNIT(*) SI_UNIT($,.STERADIAN.) SOLID_ANGLE_UNIT() );
#7532 = UNCERTAINTY_MEASURE_WITH_UNIT(LENGTH_MEASURE(1.E-07),#7529,
  'distance_accuracy_value','confusion accuracy');
#7533 = CONTEXT_DEPENDENT_SHAPE_REPRESENTATION(#7534,#7536);
#7534 = ( REPRESENTATION_RELATIONSHIP('','',#7338,#7068) 
REPRESENTATION_RELATIONSHIP_WITH_TRANSFORMATION(#7535) 
SHAPE_REPRESENTATION_RELATIONSHIP() );
#7535 = ITEM_DEFINED_TRANSFORMATION('','',#11,#7073);
#7536 = PRODUCT_DEFINITION_SHAPE('Placement','Placement of an item',
  #7537);
#7537 = NEXT_ASSEMBLY_USAGE_OCCURRENCE('42','Body035','',#7063,#7333,$);
#7538 = PRODUCT_RELATED_PRODUCT_CATEGORY('part',$,(#7335));
#7539 = CONTEXT_DEPENDENT_SHAPE_REPRESENTATION(#7540,#7542);
#7540 = ( REPRESENTATION_RELATIONSHIP('','',#7338,#7068) 
REPRESENTATION_RELATIONSHIP_WITH_TRANSFORMATION(#7541) 
SHAPE_REPRESENTATION_RELATIONSHIP() );
#7541 = ITEM_DEFINED_TRANSFORMATION('','',#11,#7077);
#7542 = PRODUCT_DEFINITION_SHAPE('Placement','Placement of an item',
  #7543);
#7543 = NEXT_ASSEMBLY_USAGE_OCCURRENCE('43','Body036','',#7063,#7333,$);
#7544 = CONTEXT_DEPENDENT_SHAPE_REPRESENTATION(#7545,#7547);
#7545 = ( REPRESENTATION_RELATIONSHIP('','',#7103,#7068) 
REPRESENTATION_RELATIONSHIP_WITH_TRANSFORMATION(#7546) 
SHAPE_REPRESENTATION_RELATIONSHIP() );
#7546 = ITEM_DEFINED_TRANSFORMATION('','',#11,#7081);
#7547 = PRODUCT_DEFINITION_SHAPE('Placement','Placement of an item',
  #7548);
#7548 = NEXT_ASSEMBLY_USAGE_OCCURRENCE('44','Body037','',#7063,#7098,$);
#7549 = SHAPE_DEFINITION_REPRESENTATION(#7550,#7556);
#7550 = PRODUCT_DEFINITION_SHAPE('','',#7551);
#7551 = PRODUCT_DEFINITION('design','',#7552,#7555);
#7552 = PRODUCT_DEFINITION_FORMATION('','',#7553);
#7553 = PRODUCT('Body','Body','',(#7554));
#7554 = PRODUCT_CONTEXT('',#2,'mechanical');
#7555 = PRODUCT_DEFINITION_CONTEXT('part definition',#2,'design');
#7556 = ADVANCED_BREP_SHAPE_REPRESENTATION('',(#11,#7557),#8123);
#7557 = MANIFOLD_SOLID_BREP('',#7558);
#7558 = CLOSED_SHELL('',(#7559,#7602,#7627,#7647,#7667,#7693,#7717,#7742
    ,#7762,#7788,#7808,#7842,#7868,#7894,#7928,#7954,#7974,#8017,#8037,
    #8063,#8088,#8106));
#7559 = ADVANCED_FACE('',(#7560),#7597,.F.);
#7560 = FACE_BOUND('',#7561,.F.);
#7561 = EDGE_LOOP('',(#7562,#7573,#7580,#7589,#7596));
#7562 = ORIENTED_EDGE('',*,*,#7563,.T.);
#7563 = EDGE_CURVE('',#7564,#7566,#7568,.T.);
#7564 = VERTEX_POINT('',#7565);
#7565 = CARTESIAN_POINT('',(0.,-25.,42.7));
#7566 = VERTEX_POINT('',#7567);
#7567 = CARTESIAN_POINT('',(42.7,-25.,-1.2E-14));
#7568 = CIRCLE('',#7569,42.7);
#7569 = AXIS2_PLACEMENT_3D('',#7570,#7571,#7572);
#7570 = CARTESIAN_POINT('',(-2.78E-15,-25.,2.78E-15));
#7571 = DIRECTION('',(-1.1E-16,-1.,1.1E-16));
#7572 = DIRECTION('',(7.E-17,1.1E-16,1.));
#7573 = ORIENTED_EDGE('',*,*,#7574,.T.);
#7574 = EDGE_CURVE('',#7566,#7564,#7575,.T.);
#7575 = CIRCLE('',#7576,42.7);
#7576 = AXIS2_PLACEMENT_3D('',#7577,#7578,#7579);
#7577 = CARTESIAN_POINT('',(-2.78E-15,-25.,2.78E-15));
#7578 = DIRECTION('',(-1.1E-16,-1.,1.1E-16));
#7579 = DIRECTION('',(7.E-17,1.1E-16,1.));
#7580 = ORIENTED_EDGE('',*,*,#7581,.T.);
#7581 = EDGE_CURVE('',#7564,#7582,#7584,.T.);
#7582 = VERTEX_POINT('',#7583);
#7583 = CARTESIAN_POINT('',(0.,-21.19995760012,46.500042399873));
#7584 = CIRCLE('',#7585,3.800042399873);
#7585 = AXIS2_PLACEMENT_3D('',#7586,#7587,#7588);
#7586 = CARTESIAN_POINT('',(0.,-25.,46.500042399873));
#7587 = DIRECTION('',(1.,0.,0.));
#7588 = DIRECTION('',(0.,1.,0.));
#7589 = ORIENTED_EDGE('',*,*,#7590,.F.);
#7590 = EDGE_CURVE('',#7582,#7582,#7591,.T.);
#7591 = CIRCLE('',#7592,46.500042399873);
#7592 = AXIS2_PLACEMENT_3D('',#7593,#7594,#7595);
#7593 = CARTESIAN_POINT('',(-2.35E-15,-21.19995760012,2.35E-15));
#7594 = DIRECTION('',(-1.1E-16,-1.,1.1E-16));
#7595 = DIRECTION('',(5.E-17,1.1E-16,1.));
#7596 = ORIENTED_EDGE('',*,*,#7581,.F.);
#7597 = TOROIDAL_SURFACE('',#7598,46.500042399873,3.800042399873);
#7598 = AXIS2_PLACEMENT_3D('',#7599,#7600,#7601);
#7599 = CARTESIAN_POINT('',(-2.78E-15,-25.,2.78E-15));
#7600 = DIRECTION('',(-1.1E-16,-1.,1.1E-16));
#7601 = DIRECTION('',(6.E-17,1.1E-16,1.));
#7602 = ADVANCED_FACE('',(#7603),#7622,.T.);
#7603 = FACE_BOUND('',#7604,.F.);
#7604 = EDGE_LOOP('',(#7605,#7614,#7619,#7620,#7621));
#7605 = ORIENTED_EDGE('',*,*,#7606,.T.);
#7606 = EDGE_CURVE('',#7607,#7607,#7609,.T.);
#7607 = VERTEX_POINT('',#7608);
#7608 = CARTESIAN_POINT('',(42.7,-37.5,1.E-15));
#7609 = CIRCLE('',#7610,42.7);
#7610 = AXIS2_PLACEMENT_3D('',#7611,#7612,#7613);
#7611 = CARTESIAN_POINT('',(0.,-37.5,1.E-15));
#7612 = DIRECTION('',(0.,-1.,0.));
#7613 = DIRECTION('',(1.,0.,0.));
#7614 = ORIENTED_EDGE('',*,*,#7615,.T.);
#7615 = EDGE_CURVE('',#7607,#7566,#7616,.T.);
#7616 = B_SPLINE_CURVE_WITH_KNOTS('',1,(#7617,#7618),.UNSPECIFIED.,.F.,
  .F.,(2,2),(-6.25,6.25),.PIECEWISE_BEZIER_KNOTS.);
#7617 = CARTESIAN_POINT('',(42.7,-37.5,1.38E-15));
#7618 = CARTESIAN_POINT('',(42.7,-25.,-1.38E-15));
#7619 = ORIENTED_EDGE('',*,*,#7563,.F.);
#7620 = ORIENTED_EDGE('',*,*,#7574,.F.);
#7621 = ORIENTED_EDGE('',*,*,#7615,.F.);
#7622 = CYLINDRICAL_SURFACE('',#7623,42.7);
#7623 = AXIS2_PLACEMENT_3D('',#7624,#7625,#7626);
#7624 = CARTESIAN_POINT('',(0.,-31.25,0.));
#7625 = DIRECTION('',(0.,1.,-2.2E-16));
#7626 = DIRECTION('',(1.,0.,0.));
#7627 = ADVANCED_FACE('',(#7628,#7631),#7642,.T.);
#7628 = FACE_BOUND('',#7629,.F.);
#7629 = EDGE_LOOP('',(#7630));
#7630 = ORIENTED_EDGE('',*,*,#7590,.T.);
#7631 = FACE_BOUND('',#7632,.F.);
#7632 = EDGE_LOOP('',(#7633));
#7633 = ORIENTED_EDGE('',*,*,#7634,.F.);
#7634 = EDGE_CURVE('',#7635,#7635,#7637,.T.);
#7635 = VERTEX_POINT('',#7636);
#7636 = CARTESIAN_POINT('',(0.,-21.19995760012,120.78709373567));
#7637 = CIRCLE('',#7638,120.78709373567);
#7638 = AXIS2_PLACEMENT_3D('',#7639,#7640,#7641);
#7639 = CARTESIAN_POINT('',(-2.35E-15,-21.19995760012,2.35E-15));
#7640 = DIRECTION('',(-1.1E-16,-1.,1.1E-16));
#7641 = DIRECTION('',(2.E-17,1.1E-16,1.));
#7642 = PLANE('',#7643);
#7643 = AXIS2_PLACEMENT_3D('',#7644,#7645,#7646);
#7644 = CARTESIAN_POINT('',(-2.35E-15,-21.19995760012,2.35E-15));
#7645 = DIRECTION('',(-1.1E-16,-1.,1.1E-16));
#7646 = DIRECTION('',(5.E-17,1.1E-16,1.));
#7647 = ADVANCED_FACE('',(#7648,#7651),#7662,.F.);
#7648 = FACE_BOUND('',#7649,.T.);
#7649 = EDGE_LOOP('',(#7650));
#7650 = ORIENTED_EDGE('',*,*,#7606,.T.);
#7651 = FACE_BOUND('',#7652,.F.);
#7652 = EDGE_LOOP('',(#7653));
#7653 = ORIENTED_EDGE('',*,*,#7654,.T.);
#7654 = EDGE_CURVE('',#7655,#7655,#7657,.T.);
#7655 = VERTEX_POINT('',#7656);
#7656 = CARTESIAN_POINT('',(30.,-37.5,1.E-15));
#7657 = CIRCLE('',#7658,30.);
#7658 = AXIS2_PLACEMENT_3D('',#7659,#7660,#7661);
#7659 = CARTESIAN_POINT('',(0.,-37.5,1.39E-15));
#7660 = DIRECTION('',(0.,-1.,2.2E-16));
#7661 = DIRECTION('',(1.,0.,0.));
#7662 = PLANE('',#7663);
#7663 = AXIS2_PLACEMENT_3D('',#7664,#7665,#7666);
#7664 = CARTESIAN_POINT('',(-1.81E-15,-37.5,2.38E-15));
#7665 = DIRECTION('',(0.,1.,0.));
#7666 = DIRECTION('',(0.,0.,1.));
#7667 = ADVANCED_FACE('',(#7668),#7688,.F.);
#7668 = FACE_BOUND('',#7669,.F.);
#7669 = EDGE_LOOP('',(#7670,#7671,#7680,#7687));
#7670 = ORIENTED_EDGE('',*,*,#7634,.T.);
#7671 = ORIENTED_EDGE('',*,*,#7672,.T.);
#7672 = EDGE_CURVE('',#7635,#7673,#7675,.T.);
#7673 = VERTEX_POINT('',#7674);
#7674 = CARTESIAN_POINT('',(0.,-22.31296425025,123.47412948542));
#7675 = CIRCLE('',#7676,3.800042399873);
#7676 = AXIS2_PLACEMENT_3D('',#7677,#7678,#7679);
#7677 = CARTESIAN_POINT('',(0.,-25.,120.78709373567));
#7678 = DIRECTION('',(1.,0.,0.));
#7679 = DIRECTION('',(0.,1.,0.));
#7680 = ORIENTED_EDGE('',*,*,#7681,.F.);
#7681 = EDGE_CURVE('',#7673,#7673,#7682,.T.);
#7682 = CIRCLE('',#7683,123.47412948542);
#7683 = AXIS2_PLACEMENT_3D('',#7684,#7685,#7686);
#7684 = CARTESIAN_POINT('',(-2.48E-15,-22.31296425025,2.48E-15));
#7685 = DIRECTION('',(-1.1E-16,-1.,1.1E-16));
#7686 = DIRECTION('',(2.E-17,1.1E-16,1.));
#7687 = ORIENTED_EDGE('',*,*,#7672,.F.);
#7688 = TOROIDAL_SURFACE('',#7689,120.78709373567,3.800042399873);
#7689 = AXIS2_PLACEMENT_3D('',#7690,#7691,#7692);
#7690 = CARTESIAN_POINT('',(-2.78E-15,-25.,2.78E-15));
#7691 = DIRECTION('',(-1.1E-16,-1.,1.1E-16));
#7692 = DIRECTION('',(2.E-17,1.1E-16,1.));
#7693 = ADVANCED_FACE('',(#7694),#7712,.F.);
#7694 = FACE_BOUND('',#7695,.F.);
#7695 = EDGE_LOOP('',(#7696,#7697,#7704,#7711));
#7696 = ORIENTED_EDGE('',*,*,#7654,.F.);
#7697 = ORIENTED_EDGE('',*,*,#7698,.F.);
#7698 = EDGE_CURVE('',#7699,#7655,#7701,.T.);
#7699 = VERTEX_POINT('',#7700);
#7700 = CARTESIAN_POINT('',(30.,37.5,1.E-15));
#7701 = B_SPLINE_CURVE_WITH_KNOTS('',1,(#7702,#7703),.UNSPECIFIED.,.F.,
  .F.,(2,2),(-68.75,6.25),.PIECEWISE_BEZIER_KNOTS.);
#7702 = CARTESIAN_POINT('',(30.,37.5,9.8E-16));
#7703 = CARTESIAN_POINT('',(30.,-37.5,-1.567E-14));
#7704 = ORIENTED_EDGE('',*,*,#7705,.T.);
#7705 = EDGE_CURVE('',#7699,#7699,#7706,.T.);
#7706 = CIRCLE('',#7707,30.);
#7707 = AXIS2_PLACEMENT_3D('',#7708,#7709,#7710);
#7708 = CARTESIAN_POINT('',(0.,37.5,1.39E-15));
#7709 = DIRECTION('',(0.,-1.,-2.2E-16));
#7710 = DIRECTION('',(1.,0.,0.));
#7711 = ORIENTED_EDGE('',*,*,#7698,.T.);
#7712 = CYLINDRICAL_SURFACE('',#7713,30.);
#7713 = AXIS2_PLACEMENT_3D('',#7714,#7715,#7716);
#7714 = CARTESIAN_POINT('',(0.,-31.25,-6.94E-15));
#7715 = DIRECTION('',(-0.,-1.,-2.2E-16));
#7716 = DIRECTION('',(1.,0.,0.));
#7717 = ADVANCED_FACE('',(#7718),#7737,.F.);
#7718 = FACE_BOUND('',#7719,.F.);
#7719 = EDGE_LOOP('',(#7720,#7721,#7729,#7736));
#7720 = ORIENTED_EDGE('',*,*,#7681,.T.);
#7721 = ORIENTED_EDGE('',*,*,#7722,.T.);
#7722 = EDGE_CURVE('',#7673,#7723,#7725,.T.);
#7723 = VERTEX_POINT('',#7724);
#7724 = CARTESIAN_POINT('',(0.,-29.41941738241,130.58058261758));
#7725 = LINE('',#7726,#7727);
#7726 = CARTESIAN_POINT('',(0.,-22.31296425025,123.47412948542));
#7727 = VECTOR('',#7728,1.);
#7728 = DIRECTION('',(0.,-0.707106781187,0.707106781187));
#7729 = ORIENTED_EDGE('',*,*,#7730,.F.);
#7730 = EDGE_CURVE('',#7723,#7723,#7731,.T.);
#7731 = CIRCLE('',#7732,130.58058261758);
#7732 = AXIS2_PLACEMENT_3D('',#7733,#7734,#7735);
#7733 = CARTESIAN_POINT('',(-3.27E-15,-29.41941738241,3.27E-15));
#7734 = DIRECTION('',(-1.1E-16,-1.,1.1E-16));
#7735 = DIRECTION('',(3.E-17,1.1E-16,1.));
#7736 = ORIENTED_EDGE('',*,*,#7722,.F.);
#7737 = CONICAL_SURFACE('',#7738,123.47412948542,0.785398163397);
#7738 = AXIS2_PLACEMENT_3D('',#7739,#7740,#7741);
#7739 = CARTESIAN_POINT('',(-2.48E-15,-22.31296425025,2.48E-15));
#7740 = DIRECTION('',(-1.1E-16,-1.,1.1E-16));
#7741 = DIRECTION('',(2.E-17,1.1E-16,1.));
#7742 = ADVANCED_FACE('',(#7743,#7754),#7757,.F.);
#7743 = FACE_BOUND('',#7744,.F.);
#7744 = EDGE_LOOP('',(#7745));
#7745 = ORIENTED_EDGE('',*,*,#7746,.T.);
#7746 = EDGE_CURVE('',#7747,#7747,#7749,.T.);
#7747 = VERTEX_POINT('',#7748);
#7748 = CARTESIAN_POINT('',(42.7,37.5,1.E-15));
#7749 = CIRCLE('',#7750,42.7);
#7750 = AXIS2_PLACEMENT_3D('',#7751,#7752,#7753);
#7751 = CARTESIAN_POINT('',(0.,37.5,1.765E-14));
#7752 = DIRECTION('',(0.,-1.,-4.4E-16));
#7753 = DIRECTION('',(1.,0.,0.));
#7754 = FACE_BOUND('',#7755,.T.);
#7755 = EDGE_LOOP('',(#7756));
#7756 = ORIENTED_EDGE('',*,*,#7705,.T.);
#7757 = PLANE('',#7758);
#7758 = AXIS2_PLACEMENT_3D('',#7759,#7760,#7761);
#7759 = CARTESIAN_POINT('',(-1.81E-15,37.5,2.38E-15));
#7760 = DIRECTION('',(-0.,-1.,-0.));
#7761 = DIRECTION('',(-0.,-0.,-1.));
#7762 = ADVANCED_FACE('',(#7763),#7783,.T.);
#7763 = FACE_BOUND('',#7764,.T.);
#7764 = EDGE_LOOP('',(#7765,#7774,#7781,#7782));
#7765 = ORIENTED_EDGE('',*,*,#7766,.F.);
#7766 = EDGE_CURVE('',#7767,#7723,#7769,.T.);
#7767 = VERTEX_POINT('',#7768);
#7768 = CARTESIAN_POINT('',(0.,-31.25,135.));
#7769 = CIRCLE('',#7770,6.25);
#7770 = AXIS2_PLACEMENT_3D('',#7771,#7772,#7773);
#7771 = CARTESIAN_POINT('',(0.,-25.,135.));
#7772 = DIRECTION('',(1.,0.,0.));
#7773 = DIRECTION('',(0.,1.,0.));
#7774 = ORIENTED_EDGE('',*,*,#7775,.T.);
#7775 = EDGE_CURVE('',#7767,#7767,#7776,.T.);
#7776 = CIRCLE('',#7777,135.);
#7777 = AXIS2_PLACEMENT_3D('',#7778,#7779,#7780);
#7778 = CARTESIAN_POINT('',(-3.47E-15,-31.25,3.47E-15));
#7779 = DIRECTION('',(-1.1E-16,-1.,1.1E-16));
#7780 = DIRECTION('',(3.E-17,1.1E-16,1.));
#7781 = ORIENTED_EDGE('',*,*,#7766,.T.);
#7782 = ORIENTED_EDGE('',*,*,#7730,.F.);
#7783 = TOROIDAL_SURFACE('',#7784,135.,6.25);
#7784 = AXIS2_PLACEMENT_3D('',#7785,#7786,#7787);
#7785 = CARTESIAN_POINT('',(-2.78E-15,-25.,2.78E-15));
#7786 = DIRECTION('',(-1.1E-16,-1.,1.1E-16));
#7787 = DIRECTION('',(2.E-17,1.1E-16,1.));
#7788 = ADVANCED_FACE('',(#7789,#7800),#7803,.F.);
#7789 = FACE_BOUND('',#7790,.F.);
#7790 = EDGE_LOOP('',(#7791));
#7791 = ORIENTED_EDGE('',*,*,#7792,.F.);
#7792 = EDGE_CURVE('',#7793,#7793,#7795,.T.);
#7793 = VERTEX_POINT('',#7794);
#7794 = CARTESIAN_POINT('',(145.,-31.25,0.));
#7795 = CIRCLE('',#7796,145.);
#7796 = AXIS2_PLACEMENT_3D('',#7797,#7798,#7799);
#7797 = CARTESIAN_POINT('',(0.,-31.25,7.E-15));
#7798 = DIRECTION('',(0.,-1.,0.));
#7799 = DIRECTION('',(1.,0.,0.));
#7800 = FACE_BOUND('',#7801,.F.);
#7801 = EDGE_LOOP('',(#7802));
#7802 = ORIENTED_EDGE('',*,*,#7775,.T.);
#7803 = PLANE('',#7804);
#7804 = AXIS2_PLACEMENT_3D('',#7805,#7806,#7807);
#7805 = CARTESIAN_POINT('',(-8.25E-15,-31.25,1.804E-14));
#7806 = DIRECTION('',(0.,1.,0.));
#7807 = DIRECTION('',(0.,0.,1.));
#7808 = ADVANCED_FACE('',(#7809),#7837,.T.);
#7809 = FACE_BOUND('',#7810,.F.);
#7810 = EDGE_LOOP('',(#7811,#7822,#7828,#7829,#7830));
#7811 = ORIENTED_EDGE('',*,*,#7812,.F.);
#7812 = EDGE_CURVE('',#7813,#7815,#7817,.T.);
#7813 = VERTEX_POINT('',#7814);
#7814 = CARTESIAN_POINT('',(145.,-25.,-2.715E-12));
#7815 = VERTEX_POINT('',#7816);
#7816 = CARTESIAN_POINT('',(0.,-25.,145.));
#7817 = CIRCLE('',#7818,145.);
#7818 = AXIS2_PLACEMENT_3D('',#7819,#7820,#7821);
#7819 = CARTESIAN_POINT('',(-2.78E-15,-25.,2.78E-15));
#7820 = DIRECTION('',(-1.1E-16,-1.,1.1E-16));
#7821 = DIRECTION('',(2.E-17,1.1E-16,1.));
#7822 = ORIENTED_EDGE('',*,*,#7823,.T.);
#7823 = EDGE_CURVE('',#7813,#7793,#7824,.T.);
#7824 = LINE('',#7825,#7826);
#7825 = CARTESIAN_POINT('',(145.,31.25,-6.94E-15));
#7826 = VECTOR('',#7827,1.);
#7827 = DIRECTION('',(0.,-1.,2.2E-16));
#7828 = ORIENTED_EDGE('',*,*,#7792,.T.);
#7829 = ORIENTED_EDGE('',*,*,#7823,.F.);
#7830 = ORIENTED_EDGE('',*,*,#7831,.F.);
#7831 = EDGE_CURVE('',#7815,#7813,#7832,.T.);
#7832 = CIRCLE('',#7833,145.);
#7833 = AXIS2_PLACEMENT_3D('',#7834,#7835,#7836);
#7834 = CARTESIAN_POINT('',(-2.78E-15,-25.,2.78E-15));
#7835 = DIRECTION('',(-1.1E-16,-1.,1.1E-16));
#7836 = DIRECTION('',(2.E-17,1.1E-16,1.));
#7837 = CYLINDRICAL_SURFACE('',#7838,145.);
#7838 = AXIS2_PLACEMENT_3D('',#7839,#7840,#7841);
#7839 = CARTESIAN_POINT('',(0.,31.25,-6.94E-15));
#7840 = DIRECTION('',(0.,1.,-2.2E-16));
#7841 = DIRECTION('',(1.,0.,0.));
#7842 = ADVANCED_FACE('',(#7843),#7863,.T.);
#7843 = FACE_BOUND('',#7844,.T.);
#7844 = EDGE_LOOP('',(#7845,#7853,#7860,#7861,#7862));
#7845 = ORIENTED_EDGE('',*,*,#7846,.F.);
#7846 = EDGE_CURVE('',#7847,#7815,#7849,.T.);
#7847 = VERTEX_POINT('',#7848);
#7848 = CARTESIAN_POINT('',(0.,-21.19995760012,138.9199321602));
#7849 = LINE('',#7850,#7851);
#7850 = CARTESIAN_POINT('',(0.,-21.19995760012,138.9199321602));
#7851 = VECTOR('',#7852,1.);
#7852 = DIRECTION('',(0.,-0.529998940003,0.847998304005));
#7853 = ORIENTED_EDGE('',*,*,#7854,.T.);
#7854 = EDGE_CURVE('',#7847,#7847,#7855,.T.);
#7855 = CIRCLE('',#7856,138.9199321602);
#7856 = AXIS2_PLACEMENT_3D('',#7857,#7858,#7859);
#7857 = CARTESIAN_POINT('',(-2.35E-15,-21.19995760012,2.35E-15));
#7858 = DIRECTION('',(-1.1E-16,-1.,1.1E-16));
#7859 = DIRECTION('',(2.E-17,1.1E-16,1.));
#7860 = ORIENTED_EDGE('',*,*,#7846,.T.);
#7861 = ORIENTED_EDGE('',*,*,#7812,.F.);
#7862 = ORIENTED_EDGE('',*,*,#7831,.F.);
#7863 = CONICAL_SURFACE('',#7864,138.9199321602,1.012197011451);
#7864 = AXIS2_PLACEMENT_3D('',#7865,#7866,#7867);
#7865 = CARTESIAN_POINT('',(-2.35E-15,-21.19995760012,2.35E-15));
#7866 = DIRECTION('',(-1.1E-16,-1.,1.1E-16));
#7867 = DIRECTION('',(2.E-17,1.1E-16,1.));
#7868 = ADVANCED_FACE('',(#7869),#7889,.F.);
#7869 = FACE_BOUND('',#7870,.F.);
#7870 = EDGE_LOOP('',(#7871,#7872,#7881,#7888));
#7871 = ORIENTED_EDGE('',*,*,#7854,.T.);
#7872 = ORIENTED_EDGE('',*,*,#7873,.T.);
#7873 = EDGE_CURVE('',#7847,#7874,#7876,.T.);
#7874 = VERTEX_POINT('',#7875);
#7875 = CARTESIAN_POINT('',(0.,21.199957600127,138.9199321602));
#7876 = CIRCLE('',#7877,25.);
#7877 = AXIS2_PLACEMENT_3D('',#7878,#7879,#7880);
#7878 = CARTESIAN_POINT('',(0.,1.6911E-13,152.16990566028));
#7879 = DIRECTION('',(1.,0.,0.));
#7880 = DIRECTION('',(0.,1.,0.));
#7881 = ORIENTED_EDGE('',*,*,#7882,.F.);
#7882 = EDGE_CURVE('',#7874,#7874,#7883,.T.);
#7883 = CIRCLE('',#7884,138.9199321602);
#7884 = AXIS2_PLACEMENT_3D('',#7885,#7886,#7887);
#7885 = CARTESIAN_POINT('',(2.35E-15,21.199957600127,-2.35E-15));
#7886 = DIRECTION('',(-1.1E-16,-1.,1.1E-16));
#7887 = DIRECTION('',(-2.E-17,1.1E-16,1.));
#7888 = ORIENTED_EDGE('',*,*,#7873,.F.);
#7889 = TOROIDAL_SURFACE('',#7890,152.16990566028,25.);
#7890 = AXIS2_PLACEMENT_3D('',#7891,#7892,#7893);
#7891 = CARTESIAN_POINT('',(0.,1.5221E-13,0.));
#7892 = DIRECTION('',(-1.1E-16,-1.,1.1E-16));
#7893 = DIRECTION('',(0.,1.1E-16,1.));
#7894 = ADVANCED_FACE('',(#7895),#7923,.T.);
#7895 = FACE_BOUND('',#7896,.T.);
#7896 = EDGE_LOOP('',(#7897,#7905,#7914,#7921,#7922));
#7897 = ORIENTED_EDGE('',*,*,#7898,.F.);
#7898 = EDGE_CURVE('',#7899,#7874,#7901,.T.);
#7899 = VERTEX_POINT('',#7900);
#7900 = CARTESIAN_POINT('',(0.,25.,145.));
#7901 = LINE('',#7902,#7903);
#7902 = CARTESIAN_POINT('',(0.,25.,145.));
#7903 = VECTOR('',#7904,1.);
#7904 = DIRECTION('',(0.,-0.529998940003,-0.847998304005));
#7905 = ORIENTED_EDGE('',*,*,#7906,.T.);
#7906 = EDGE_CURVE('',#7899,#7907,#7909,.T.);
#7907 = VERTEX_POINT('',#7908);
#7908 = CARTESIAN_POINT('',(145.,25.,-2.721E-12));
#7909 = CIRCLE('',#7910,145.);
#7910 = AXIS2_PLACEMENT_3D('',#7911,#7912,#7913);
#7911 = CARTESIAN_POINT('',(2.78E-15,25.,-2.78E-15));
#7912 = DIRECTION('',(-1.1E-16,-1.,1.1E-16));
#7913 = DIRECTION('',(-2.E-17,1.1E-16,1.));
#7914 = ORIENTED_EDGE('',*,*,#7915,.T.);
#7915 = EDGE_CURVE('',#7907,#7899,#7916,.T.);
#7916 = CIRCLE('',#7917,145.);
#7917 = AXIS2_PLACEMENT_3D('',#7918,#7919,#7920);
#7918 = CARTESIAN_POINT('',(2.78E-15,25.,-2.78E-15));
#7919 = DIRECTION('',(-1.1E-16,-1.,1.1E-16));
#7920 = DIRECTION('',(-2.E-17,1.1E-16,1.));
#7921 = ORIENTED_EDGE('',*,*,#7898,.T.);
#7922 = ORIENTED_EDGE('',*,*,#7882,.F.);
#7923 = CONICAL_SURFACE('',#7924,145.,1.012197011451);
#7924 = AXIS2_PLACEMENT_3D('',#7925,#7926,#7927);
#7925 = CARTESIAN_POINT('',(2.78E-15,25.,-2.78E-15));
#7926 = DIRECTION('',(1.1E-16,1.,-1.1E-16));
#7927 = DIRECTION('',(-2.E-17,1.1E-16,1.));
#7928 = ADVANCED_FACE('',(#7929),#7949,.T.);
#7929 = FACE_BOUND('',#7930,.F.);
#7930 = EDGE_LOOP('',(#7931,#7940,#7946,#7947,#7948));
#7931 = ORIENTED_EDGE('',*,*,#7932,.F.);
#7932 = EDGE_CURVE('',#7933,#7933,#7935,.T.);
#7933 = VERTEX_POINT('',#7934);
#7934 = CARTESIAN_POINT('',(145.,31.25,0.));
#7935 = CIRCLE('',#7936,145.);
#7936 = AXIS2_PLACEMENT_3D('',#7937,#7938,#7939);
#7937 = CARTESIAN_POINT('',(0.,31.25,-7.E-15));
#7938 = DIRECTION('',(0.,-1.,0.));
#7939 = DIRECTION('',(1.,0.,0.));
#7940 = ORIENTED_EDGE('',*,*,#7941,.T.);
#7941 = EDGE_CURVE('',#7933,#7907,#7942,.T.);
#7942 = LINE('',#7943,#7944);
#7943 = CARTESIAN_POINT('',(145.,31.25,-6.94E-15));
#7944 = VECTOR('',#7945,1.);
#7945 = DIRECTION('',(0.,-1.,2.2E-16));
#7946 = ORIENTED_EDGE('',*,*,#7915,.T.);
#7947 = ORIENTED_EDGE('',*,*,#7906,.T.);
#7948 = ORIENTED_EDGE('',*,*,#7941,.F.);
#7949 = CYLINDRICAL_SURFACE('',#7950,145.);
#7950 = AXIS2_PLACEMENT_3D('',#7951,#7952,#7953);
#7951 = CARTESIAN_POINT('',(0.,31.25,-6.94E-15));
#7952 = DIRECTION('',(0.,1.,-2.2E-16));
#7953 = DIRECTION('',(1.,0.,0.));
#7954 = ADVANCED_FACE('',(#7955,#7958),#7969,.T.);
#7955 = FACE_BOUND('',#7956,.T.);
#7956 = EDGE_LOOP('',(#7957));
#7957 = ORIENTED_EDGE('',*,*,#7932,.F.);
#7958 = FACE_BOUND('',#7959,.T.);
#7959 = EDGE_LOOP('',(#7960));
#7960 = ORIENTED_EDGE('',*,*,#7961,.T.);
#7961 = EDGE_CURVE('',#7962,#7962,#7964,.T.);
#7962 = VERTEX_POINT('',#7963);
#7963 = CARTESIAN_POINT('',(0.,31.25,135.));
#7964 = CIRCLE('',#7965,135.);
#7965 = AXIS2_PLACEMENT_3D('',#7966,#7967,#7968);
#7966 = CARTESIAN_POINT('',(-3.47E-15,31.25,1.735E-14));
#7967 = DIRECTION('',(1.1E-16,-1.,-5.6E-16));
#7968 = DIRECTION('',(3.E-17,-5.6E-16,1.));
#7969 = PLANE('',#7970);
#7970 = AXIS2_PLACEMENT_3D('',#7971,#7972,#7973);
#7971 = CARTESIAN_POINT('',(-8.25E-15,31.25,4.04E-15));
#7972 = DIRECTION('',(0.,1.,0.));
#7973 = DIRECTION('',(0.,0.,1.));
#7974 = ADVANCED_FACE('',(#7975),#8012,.F.);
#7975 = FACE_BOUND('',#7976,.T.);
#7976 = EDGE_LOOP('',(#7977,#7988,#7995,#8004,#8011));
#7977 = ORIENTED_EDGE('',*,*,#7978,.T.);
#7978 = EDGE_CURVE('',#7979,#7981,#7983,.T.);
#7979 = VERTEX_POINT('',#7980);
#7980 = CARTESIAN_POINT('',(0.,25.,42.7));
#7981 = VERTEX_POINT('',#7982);
#7982 = CARTESIAN_POINT('',(42.7,25.,-1.2E-14));
#7983 = CIRCLE('',#7984,42.7);
#7984 = AXIS2_PLACEMENT_3D('',#7985,#7986,#7987);
#7985 = CARTESIAN_POINT('',(-2.78E-15,25.,1.388E-14));
#7986 = DIRECTION('',(1.1E-16,-1.,-5.6E-16));
#7987 = DIRECTION('',(7.E-17,-5.6E-16,1.));
#7988 = ORIENTED_EDGE('',*,*,#7989,.T.);
#7989 = EDGE_CURVE('',#7981,#7979,#7990,.T.);
#7990 = CIRCLE('',#7991,42.7);
#7991 = AXIS2_PLACEMENT_3D('',#7992,#7993,#7994);
#7992 = CARTESIAN_POINT('',(-2.78E-15,25.,1.388E-14));
#7993 = DIRECTION('',(1.1E-16,-1.,-5.6E-16));
#7994 = DIRECTION('',(7.E-17,-5.6E-16,1.));
#7995 = ORIENTED_EDGE('',*,*,#7996,.T.);
#7996 = EDGE_CURVE('',#7979,#7997,#7999,.T.);
#7997 = VERTEX_POINT('',#7998);
#7998 = CARTESIAN_POINT('',(0.,21.199957600127,46.500042399873));
#7999 = CIRCLE('',#8000,3.800042399873);
#8000 = AXIS2_PLACEMENT_3D('',#8001,#8002,#8003);
#8001 = CARTESIAN_POINT('',(0.,25.,46.500042399873));
#8002 = DIRECTION('',(-1.,0.,0.));
#8003 = DIRECTION('',(-0.,-1.,-4.4E-16));
#8004 = ORIENTED_EDGE('',*,*,#8005,.F.);
#8005 = EDGE_CURVE('',#7997,#7997,#8006,.T.);
#8006 = CIRCLE('',#8007,46.500042399873);
#8007 = AXIS2_PLACEMENT_3D('',#8008,#8009,#8010);
#8008 = CARTESIAN_POINT('',(-2.35E-15,21.199957600127,1.177E-14));
#8009 = DIRECTION('',(1.1E-16,-1.,-5.6E-16));
#8010 = DIRECTION('',(5.E-17,-5.6E-16,1.));
#8011 = ORIENTED_EDGE('',*,*,#7996,.F.);
#8012 = TOROIDAL_SURFACE('',#8013,46.500042399873,3.800042399873);
#8013 = AXIS2_PLACEMENT_3D('',#8014,#8015,#8016);
#8014 = CARTESIAN_POINT('',(-2.78E-15,25.,1.388E-14));
#8015 = DIRECTION('',(-1.1E-16,1.,5.6E-16));
#8016 = DIRECTION('',(6.E-17,-5.6E-16,1.));
#8017 = ADVANCED_FACE('',(#8018,#8021),#8032,.T.);
#8018 = FACE_BOUND('',#8019,.T.);
#8019 = EDGE_LOOP('',(#8020));
#8020 = ORIENTED_EDGE('',*,*,#8005,.T.);
#8021 = FACE_BOUND('',#8022,.T.);
#8022 = EDGE_LOOP('',(#8023));
#8023 = ORIENTED_EDGE('',*,*,#8024,.F.);
#8024 = EDGE_CURVE('',#8025,#8025,#8027,.T.);
#8025 = VERTEX_POINT('',#8026);
#8026 = CARTESIAN_POINT('',(0.,21.199957600127,120.78709373567));
#8027 = CIRCLE('',#8028,120.78709373567);
#8028 = AXIS2_PLACEMENT_3D('',#8029,#8030,#8031);
#8029 = CARTESIAN_POINT('',(-2.35E-15,21.199957600127,1.177E-14));
#8030 = DIRECTION('',(1.1E-16,-1.,-5.6E-16));
#8031 = DIRECTION('',(2.E-17,-5.6E-16,1.));
#8032 = PLANE('',#8033);
#8033 = AXIS2_PLACEMENT_3D('',#8034,#8035,#8036);
#8034 = CARTESIAN_POINT('',(-2.35E-15,21.199957600127,1.177E-14));
#8035 = DIRECTION('',(-1.1E-16,1.,5.6E-16));
#8036 = DIRECTION('',(-5.E-17,5.6E-16,-1.));
#8037 = ADVANCED_FACE('',(#8038),#8058,.F.);
#8038 = FACE_BOUND('',#8039,.T.);
#8039 = EDGE_LOOP('',(#8040,#8041,#8050,#8057));
#8040 = ORIENTED_EDGE('',*,*,#8024,.T.);
#8041 = ORIENTED_EDGE('',*,*,#8042,.T.);
#8042 = EDGE_CURVE('',#8025,#8043,#8045,.T.);
#8043 = VERTEX_POINT('',#8044);
#8044 = CARTESIAN_POINT('',(0.,22.312964250253,123.47412948542));
#8045 = CIRCLE('',#8046,3.800042399873);
#8046 = AXIS2_PLACEMENT_3D('',#8047,#8048,#8049);
#8047 = CARTESIAN_POINT('',(0.,25.,120.78709373567));
#8048 = DIRECTION('',(-1.,0.,0.));
#8049 = DIRECTION('',(-0.,-1.,-4.4E-16));
#8050 = ORIENTED_EDGE('',*,*,#8051,.F.);
#8051 = EDGE_CURVE('',#8043,#8043,#8052,.T.);
#8052 = CIRCLE('',#8053,123.47412948542);
#8053 = AXIS2_PLACEMENT_3D('',#8054,#8055,#8056);
#8054 = CARTESIAN_POINT('',(-2.48E-15,22.312964250253,1.239E-14));
#8055 = DIRECTION('',(1.1E-16,-1.,-5.6E-16));
#8056 = DIRECTION('',(2.E-17,-5.6E-16,1.));
#8057 = ORIENTED_EDGE('',*,*,#8042,.F.);
#8058 = TOROIDAL_SURFACE('',#8059,120.78709373567,3.800042399873);
#8059 = AXIS2_PLACEMENT_3D('',#8060,#8061,#8062);
#8060 = CARTESIAN_POINT('',(-2.78E-15,25.,1.388E-14));
#8061 = DIRECTION('',(-1.1E-16,1.,5.6E-16));
#8062 = DIRECTION('',(2.E-17,-5.6E-16,1.));
#8063 = ADVANCED_FACE('',(#8064),#8083,.F.);
#8064 = FACE_BOUND('',#8065,.T.);
#8065 = EDGE_LOOP('',(#8066,#8067,#8075,#8082));
#8066 = ORIENTED_EDGE('',*,*,#8051,.T.);
#8067 = ORIENTED_EDGE('',*,*,#8068,.T.);
#8068 = EDGE_CURVE('',#8043,#8069,#8071,.T.);
#8069 = VERTEX_POINT('',#8070);
#8070 = CARTESIAN_POINT('',(0.,29.419417382416,130.58058261758));
#8071 = LINE('',#8072,#8073);
#8072 = CARTESIAN_POINT('',(0.,22.312964250253,123.47412948542));
#8073 = VECTOR('',#8074,1.);
#8074 = DIRECTION('',(0.,0.707106781187,0.707106781187));
#8075 = ORIENTED_EDGE('',*,*,#8076,.F.);
#8076 = EDGE_CURVE('',#8069,#8069,#8077,.T.);
#8077 = CIRCLE('',#8078,130.58058261758);
#8078 = AXIS2_PLACEMENT_3D('',#8079,#8080,#8081);
#8079 = CARTESIAN_POINT('',(-3.27E-15,29.419417382416,1.633E-14));
#8080 = DIRECTION('',(1.1E-16,-1.,-5.6E-16));
#8081 = DIRECTION('',(3.E-17,-5.6E-16,1.));
#8082 = ORIENTED_EDGE('',*,*,#8068,.F.);
#8083 = CONICAL_SURFACE('',#8084,123.47412948542,0.785398163397);
#8084 = AXIS2_PLACEMENT_3D('',#8085,#8086,#8087);
#8085 = CARTESIAN_POINT('',(-2.48E-15,22.312964250253,1.239E-14));
#8086 = DIRECTION('',(-1.1E-16,1.,5.6E-16));
#8087 = DIRECTION('',(2.E-17,-5.6E-16,1.));
#8088 = ADVANCED_FACE('',(#8089),#8101,.T.);
#8089 = FACE_BOUND('',#8090,.F.);
#8090 = EDGE_LOOP('',(#8091,#8098,#8099,#8100));
#8091 = ORIENTED_EDGE('',*,*,#8092,.F.);
#8092 = EDGE_CURVE('',#7962,#8069,#8093,.T.);
#8093 = CIRCLE('',#8094,6.25);
#8094 = AXIS2_PLACEMENT_3D('',#8095,#8096,#8097);
#8095 = CARTESIAN_POINT('',(0.,25.,135.));
#8096 = DIRECTION('',(-1.,0.,0.));
#8097 = DIRECTION('',(-0.,-1.,-4.4E-16));
#8098 = ORIENTED_EDGE('',*,*,#7961,.F.);
#8099 = ORIENTED_EDGE('',*,*,#8092,.T.);
#8100 = ORIENTED_EDGE('',*,*,#8076,.T.);
#8101 = TOROIDAL_SURFACE('',#8102,135.,6.25);
#8102 = AXIS2_PLACEMENT_3D('',#8103,#8104,#8105);
#8103 = CARTESIAN_POINT('',(-2.78E-15,25.,1.388E-14));
#8104 = DIRECTION('',(-1.1E-16,1.,5.6E-16));
#8105 = DIRECTION('',(2.E-17,-5.6E-16,1.));
#8106 = ADVANCED_FACE('',(#8107),#8118,.T.);
#8107 = FACE_BOUND('',#8108,.T.);
#8108 = EDGE_LOOP('',(#8109,#8110,#8115,#8116,#8117));
#8109 = ORIENTED_EDGE('',*,*,#7746,.T.);
#8110 = ORIENTED_EDGE('',*,*,#8111,.T.);
#8111 = EDGE_CURVE('',#7747,#7981,#8112,.T.);
#8112 = B_SPLINE_CURVE_WITH_KNOTS('',1,(#8113,#8114),.UNSPECIFIED.,.F.,
  .F.,(2,2),(-6.25,6.25),.PIECEWISE_BEZIER_KNOTS.);
#8113 = CARTESIAN_POINT('',(42.7,37.5,1.38E-15));
#8114 = CARTESIAN_POINT('',(42.7,25.,-1.38E-15));
#8115 = ORIENTED_EDGE('',*,*,#7978,.F.);
#8116 = ORIENTED_EDGE('',*,*,#7989,.F.);
#8117 = ORIENTED_EDGE('',*,*,#8111,.F.);
#8118 = CYLINDRICAL_SURFACE('',#8119,42.7);
#8119 = AXIS2_PLACEMENT_3D('',#8120,#8121,#8122);
#8120 = CARTESIAN_POINT('',(0.,31.25,0.));
#8121 = DIRECTION('',(-0.,-1.,-2.2E-16));
#8122 = DIRECTION('',(1.,-0.,0.));
#8123 = ( GEOMETRIC_REPRESENTATION_CONTEXT(3) 
GLOBAL_UNCERTAINTY_ASSIGNED_CONTEXT((#8127)) 
GLOBAL_UNIT_ASSIGNED_CONTEXT((#8124,#8125,#8126)) REPRESENTATION_CONTEXT
('Context #1','3D Context with UNIT and UNCERTAINTY') );
#8124 = ( LENGTH_UNIT() NAMED_UNIT(*) SI_UNIT(.MILLI.,.METRE.) );
#8125 = ( NAMED_UNIT(*) PLANE_ANGLE_UNIT() SI_UNIT($,.RADIAN.) );
#8126 = ( NAMED_UNIT(*) SI_UNIT($,.STERADIAN.) SOLID_ANGLE_UNIT() );
#8127 = UNCERTAINTY_MEASURE_WITH_UNIT(LENGTH_MEASURE(2.E-06),#8124,
  'distance_accuracy_value','confusion accuracy');
#8128 = CONTEXT_DEPENDENT_SHAPE_REPRESENTATION(#8129,#8131);
#8129 = ( REPRESENTATION_RELATIONSHIP('','',#7556,#7037) 
REPRESENTATION_RELATIONSHIP_WITH_TRANSFORMATION(#8130) 
SHAPE_REPRESENTATION_RELATIONSHIP() );
#8130 = ITEM_DEFINED_TRANSFORMATION('','',#11,#7042);
#8131 = PRODUCT_DEFINITION_SHAPE('Placement','Placement of an item',
  #8132);
#8132 = NEXT_ASSEMBLY_USAGE_OCCURRENCE('46','Body038','',#7032,#7551,$);
#8133 = PRODUCT_RELATED_PRODUCT_CATEGORY('part',$,(#7553));
#8134 = CONTEXT_DEPENDENT_SHAPE_REPRESENTATION(#8135,#8137);
#8135 = ( REPRESENTATION_RELATIONSHIP('','',#7556,#7037) 
REPRESENTATION_RELATIONSHIP_WITH_TRANSFORMATION(#8136) 
SHAPE_REPRESENTATION_RELATIONSHIP() );
#8136 = ITEM_DEFINED_TRANSFORMATION('','',#11,#7046);
#8137 = PRODUCT_DEFINITION_SHAPE('Placement','Placement of an item',
  #8138);
#8138 = NEXT_ASSEMBLY_USAGE_OCCURRENCE('47','Body039','',#7032,#7551,$);
#8139 = SHAPE_DEFINITION_REPRESENTATION(#8140,#8146);
#8140 = PRODUCT_DEFINITION_SHAPE('','',#8141);
#8141 = PRODUCT_DEFINITION('design','',#8142,#8145);
#8142 = PRODUCT_DEFINITION_FORMATION('','',#8143);
#8143 = PRODUCT('Assembly','Assembly','',(#8144));
#8144 = PRODUCT_CONTEXT('',#2,'mechanical');
#8145 = PRODUCT_DEFINITION_CONTEXT('part definition',#2,'design');
#8146 = SHAPE_REPRESENTATION('',(#11,#8147,#8151,#8155,#8159),#8163);
#8147 = AXIS2_PLACEMENT_3D('',#8148,#8149,#8150);
#8148 = CARTESIAN_POINT('',(0.,0.,0.));
#8149 = DIRECTION('',(0.,0.,1.));
#8150 = DIRECTION('',(1.,0.,0.));
#8151 = AXIS2_PLACEMENT_3D('',#8152,#8153,#8154);
#8152 = CARTESIAN_POINT('',(-4.6E-15,607.5,680.));
#8153 = DIRECTION('',(0.,0.,1.));
#8154 = DIRECTION('',(1.,0.,0.));
#8155 = AXIS2_PLACEMENT_3D('',#8156,#8157,#8158);
#8156 = CARTESIAN_POINT('',(315.,482.5,680.));
#8157 = DIRECTION('',(-4.705887450305E-15,-4.761017305527E-15,1.));
#8158 = DIRECTION('',(0.707106781187,-0.707106781187,-3.898269447336E-17
    ));
#8159 = AXIS2_PLACEMENT_3D('',#8160,#8161,#8162);
#8160 = CARTESIAN_POINT('',(-315.,482.5,680.));
#8161 = DIRECTION('',(-1.410050506339E-15,1.404163056034E-15,1.));
#8162 = DIRECTION('',(0.707106781187,0.707106781187,4.163056034261E-18)
  );
#8163 = ( GEOMETRIC_REPRESENTATION_CONTEXT(3) 
GLOBAL_UNCERTAINTY_ASSIGNED_CONTEXT((#8167)) 
GLOBAL_UNIT_ASSIGNED_CONTEXT((#8164,#8165,#8166)) REPRESENTATION_CONTEXT
('Context #1','3D Context with UNIT and UNCERTAINTY') );
#8164 = ( LENGTH_UNIT() NAMED_UNIT(*) SI_UNIT(.MILLI.,.METRE.) );
#8165 = ( NAMED_UNIT(*) PLANE_ANGLE_UNIT() SI_UNIT($,.RADIAN.) );
#8166 = ( NAMED_UNIT(*) SI_UNIT($,.STERADIAN.) SOLID_ANGLE_UNIT() );
#8167 = UNCERTAINTY_MEASURE_WITH_UNIT(LENGTH_MEASURE(2.E-07),#8164,
  'distance_accuracy_value','confusion accuracy');
#8168 = CONTEXT_DEPENDENT_SHAPE_REPRESENTATION(#8169,#8171);
#8169 = ( REPRESENTATION_RELATIONSHIP('','',#8146,#10) 
REPRESENTATION_RELATIONSHIP_WITH_TRANSFORMATION(#8170) 
SHAPE_REPRESENTATION_RELATIONSHIP() );
#8170 = ITEM_DEFINED_TRANSFORMATION('','',#11,#19);
#8171 = PRODUCT_DEFINITION_SHAPE('Placement','Placement of an item',
  #8172);
#8172 = NEXT_ASSEMBLY_USAGE_OCCURRENCE('54','Assembly','',#5,#8141,$);
#8173 = PRODUCT_RELATED_PRODUCT_CATEGORY('part',$,(#8143));
#8174 = SHAPE_DEFINITION_REPRESENTATION(#8175,#8181);
#8175 = PRODUCT_DEFINITION_SHAPE('','',#8176);
#8176 = PRODUCT_DEFINITION('design','',#8177,#8180);
#8177 = PRODUCT_DEFINITION_FORMATION('','',#8178);
#8178 = PRODUCT('Body','Body','',(#8179));
#8179 = PRODUCT_CONTEXT('',#2,'mechanical');
#8180 = PRODUCT_DEFINITION_CONTEXT('part definition',#2,'design');
#8181 = ADVANCED_BREP_SHAPE_REPRESENTATION('',(#11,#8182),#12453);
#8182 = MANIFOLD_SOLID_BREP('',#8183);
#8183 = CLOSED_SHELL('',(#8184,#8212,#8238,#8263,#8288,#8308,#8361,#8386
    ,#8411,#8436,#8461,#8486,#8506,#8515,#8524,#8533,#8542,#8567,#8587,
    #8612,#8753,#8785,#8809,#8833,#8910,#8987,#9018,#9049,#9097,#9145,
    #9177,#9209,#9226,#9251,#9276,#9301,#9319,#9367,#9415,#9446,#9471,
    #9495,#9520,#9545,#9563,#9587,#9618,#9643,#9667,#9692,#9717,#9735,
    #9759,#9791,#9823,#9993,#10028,#10052,#10080,#10111,#10139,#10167,
    #10195,#10223,#10243,#10263,#10283,#10301,#10325,#10463,#10487,
    #10625,#10738,#10851,#10863,#10875,#10893,#10905,#10917,#10942,
    #10967,#10992,#11017,#11034,#11051,#11068,#11085,#11110,#11135,
    #11160,#11172,#11194,#11211,#11228,#11245,#11262,#11279,#11296,
    #11313,#11330,#11347,#11364,#11376,#11398,#11415,#11432,#11449,
    #11466,#11483,#11500,#11517,#11534,#11551,#11568,#11580,#11600,
    #11609,#11618,#11627,#11647,#11667,#11687,#11712,#11737,#11762,
    #11787,#11807,#11827,#11847,#11867,#11883,#11908,#11933,#11953,
    #11973,#11999,#12025,#12050,#12075,#12128,#12181,#12206,#12231,
    #12256,#12281,#12306,#12331,#12356,#12381,#12390,#12399,#12408,
    #12417,#12426,#12435,#12444));
#8184 = ADVANCED_FACE('',(#8185,#8196),#8207,.T.);
#8185 = FACE_BOUND('',#8186,.T.);
#8186 = EDGE_LOOP('',(#8187));
#8187 = ORIENTED_EDGE('',*,*,#8188,.F.);
#8188 = EDGE_CURVE('',#8189,#8189,#8191,.T.);
#8189 = VERTEX_POINT('',#8190);
#8190 = CARTESIAN_POINT('',(-172.5,482.5,580.));
#8191 = CIRCLE('',#8192,142.5);
#8192 = AXIS2_PLACEMENT_3D('',#8193,#8194,#8195);
#8193 = CARTESIAN_POINT('',(-315.,482.5,580.));
#8194 = DIRECTION('',(0.,0.,1.));
#8195 = DIRECTION('',(1.,0.,0.));
#8196 = FACE_BOUND('',#8197,.T.);
#8197 = EDGE_LOOP('',(#8198));
#8198 = ORIENTED_EDGE('',*,*,#8199,.T.);
#8199 = EDGE_CURVE('',#8200,#8200,#8202,.T.);
#8200 = VERTEX_POINT('',#8201);
#8201 = CARTESIAN_POINT('',(-152.5,482.5,580.));
#8202 = CIRCLE('',#8203,162.5);
#8203 = AXIS2_PLACEMENT_3D('',#8204,#8205,#8206);
#8204 = CARTESIAN_POINT('',(-315.,482.5,580.));
#8205 = DIRECTION('',(0.,0.,1.));
#8206 = DIRECTION('',(1.,0.,0.));
#8207 = PLANE('',#8208);
#8208 = AXIS2_PLACEMENT_3D('',#8209,#8210,#8211);
#8209 = CARTESIAN_POINT('',(-5.74E-15,524.16666666666,580.));
#8210 = DIRECTION('',(0.,0.,1.));
#8211 = DIRECTION('',(1.,0.,0.));
#8212 = ADVANCED_FACE('',(#8213),#8233,.F.);
#8213 = FACE_BOUND('',#8214,.T.);
#8214 = EDGE_LOOP('',(#8215,#8224,#8225,#8226));
#8215 = ORIENTED_EDGE('',*,*,#8216,.F.);
#8216 = EDGE_CURVE('',#8189,#8217,#8219,.T.);
#8217 = VERTEX_POINT('',#8218);
#8218 = CARTESIAN_POINT('',(-197.5,482.5,605.));
#8219 = CIRCLE('',#8220,25.);
#8220 = AXIS2_PLACEMENT_3D('',#8221,#8222,#8223);
#8221 = CARTESIAN_POINT('',(-172.5,482.5,605.));
#8222 = DIRECTION('',(-0.,1.,0.));
#8223 = DIRECTION('',(1.,0.,0.));
#8224 = ORIENTED_EDGE('',*,*,#8188,.F.);
#8225 = ORIENTED_EDGE('',*,*,#8216,.T.);
#8226 = ORIENTED_EDGE('',*,*,#8227,.T.);
#8227 = EDGE_CURVE('',#8217,#8217,#8228,.T.);
#8228 = CIRCLE('',#8229,117.5);
#8229 = AXIS2_PLACEMENT_3D('',#8230,#8231,#8232);
#8230 = CARTESIAN_POINT('',(-315.,482.5,605.));
#8231 = DIRECTION('',(0.,0.,1.));
#8232 = DIRECTION('',(1.,0.,0.));
#8233 = TOROIDAL_SURFACE('',#8234,142.5,25.);
#8234 = AXIS2_PLACEMENT_3D('',#8235,#8236,#8237);
#8235 = CARTESIAN_POINT('',(-315.,482.5,605.));
#8236 = DIRECTION('',(-0.,-0.,-1.));
#8237 = DIRECTION('',(1.,0.,0.));
#8238 = ADVANCED_FACE('',(#8239),#8258,.T.);
#8239 = FACE_BOUND('',#8240,.F.);
#8240 = EDGE_LOOP('',(#8241,#8249,#8250,#8251));
#8241 = ORIENTED_EDGE('',*,*,#8242,.T.);
#8242 = EDGE_CURVE('',#8243,#8200,#8245,.T.);
#8243 = VERTEX_POINT('',#8244);
#8244 = CARTESIAN_POINT('',(-152.5,482.5,405.));
#8245 = LINE('',#8246,#8247);
#8246 = CARTESIAN_POINT('',(-152.5,482.5,405.));
#8247 = VECTOR('',#8248,1.);
#8248 = DIRECTION('',(0.,0.,1.));
#8249 = ORIENTED_EDGE('',*,*,#8199,.T.);
#8250 = ORIENTED_EDGE('',*,*,#8242,.F.);
#8251 = ORIENTED_EDGE('',*,*,#8252,.F.);
#8252 = EDGE_CURVE('',#8243,#8243,#8253,.T.);
#8253 = CIRCLE('',#8254,162.5);
#8254 = AXIS2_PLACEMENT_3D('',#8255,#8256,#8257);
#8255 = CARTESIAN_POINT('',(-315.,482.5,405.));
#8256 = DIRECTION('',(0.,0.,1.));
#8257 = DIRECTION('',(1.,0.,0.));
#8258 = CYLINDRICAL_SURFACE('',#8259,162.5);
#8259 = AXIS2_PLACEMENT_3D('',#8260,#8261,#8262);
#8260 = CARTESIAN_POINT('',(-315.,482.5,405.));
#8261 = DIRECTION('',(-0.,-0.,-1.));
#8262 = DIRECTION('',(1.,0.,0.));
#8263 = ADVANCED_FACE('',(#8264),#8283,.T.);
#8264 = FACE_BOUND('',#8265,.F.);
#8265 = EDGE_LOOP('',(#8266,#8274,#8281,#8282));
#8266 = ORIENTED_EDGE('',*,*,#8267,.T.);
#8267 = EDGE_CURVE('',#8217,#8268,#8270,.T.);
#8268 = VERTEX_POINT('',#8269);
#8269 = CARTESIAN_POINT('',(-197.5,482.5,680.));
#8270 = LINE('',#8271,#8272);
#8271 = CARTESIAN_POINT('',(-197.5,482.5,580.));
#8272 = VECTOR('',#8273,1.);
#8273 = DIRECTION('',(0.,0.,1.));
#8274 = ORIENTED_EDGE('',*,*,#8275,.T.);
#8275 = EDGE_CURVE('',#8268,#8268,#8276,.T.);
#8276 = CIRCLE('',#8277,117.5);
#8277 = AXIS2_PLACEMENT_3D('',#8278,#8279,#8280);
#8278 = CARTESIAN_POINT('',(-315.,482.5,680.));
#8279 = DIRECTION('',(0.,0.,1.));
#8280 = DIRECTION('',(1.,0.,0.));
#8281 = ORIENTED_EDGE('',*,*,#8267,.F.);
#8282 = ORIENTED_EDGE('',*,*,#8227,.F.);
#8283 = CYLINDRICAL_SURFACE('',#8284,117.5);
#8284 = AXIS2_PLACEMENT_3D('',#8285,#8286,#8287);
#8285 = CARTESIAN_POINT('',(-315.,482.5,580.));
#8286 = DIRECTION('',(-0.,-0.,-1.));
#8287 = DIRECTION('',(1.,0.,0.));
#8288 = ADVANCED_FACE('',(#8289,#8292),#8303,.F.);
#8289 = FACE_BOUND('',#8290,.F.);
#8290 = EDGE_LOOP('',(#8291));
#8291 = ORIENTED_EDGE('',*,*,#8252,.T.);
#8292 = FACE_BOUND('',#8293,.F.);
#8293 = EDGE_LOOP('',(#8294));
#8294 = ORIENTED_EDGE('',*,*,#8295,.F.);
#8295 = EDGE_CURVE('',#8296,#8296,#8298,.T.);
#8296 = VERTEX_POINT('',#8297);
#8297 = CARTESIAN_POINT('',(-190.,482.5,405.));
#8298 = CIRCLE('',#8299,125.);
#8299 = AXIS2_PLACEMENT_3D('',#8300,#8301,#8302);
#8300 = CARTESIAN_POINT('',(-315.,482.5,405.));
#8301 = DIRECTION('',(0.,0.,1.));
#8302 = DIRECTION('',(1.,0.,0.));
#8303 = PLANE('',#8304);
#8304 = AXIS2_PLACEMENT_3D('',#8305,#8306,#8307);
#8305 = CARTESIAN_POINT('',(-5.74E-15,524.16666666666,405.));
#8306 = DIRECTION('',(0.,0.,1.));
#8307 = DIRECTION('',(1.,0.,0.));
#8308 = ADVANCED_FACE('',(#8309,#8312,#8323,#8334,#8345),#8356,.T.);
#8309 = FACE_BOUND('',#8310,.T.);
#8310 = EDGE_LOOP('',(#8311));
#8311 = ORIENTED_EDGE('',*,*,#8275,.T.);
#8312 = FACE_BOUND('',#8313,.T.);
#8313 = EDGE_LOOP('',(#8314));
#8314 = ORIENTED_EDGE('',*,*,#8315,.F.);
#8315 = EDGE_CURVE('',#8316,#8316,#8318,.T.);
#8316 = VERTEX_POINT('',#8317);
#8317 = CARTESIAN_POINT('',(-308.65,379.96951672795,680.));
#8318 = CIRCLE('',#8319,6.35);
#8319 = AXIS2_PLACEMENT_3D('',#8320,#8321,#8322);
#8320 = CARTESIAN_POINT('',(-315.,379.96951672795,680.));
#8321 = DIRECTION('',(0.,0.,1.));
#8322 = DIRECTION('',(1.,0.,0.));
#8323 = FACE_BOUND('',#8324,.T.);
#8324 = EDGE_LOOP('',(#8325));
#8325 = ORIENTED_EDGE('',*,*,#8326,.F.);
#8326 = EDGE_CURVE('',#8327,#8327,#8329,.T.);
#8327 = VERTEX_POINT('',#8328);
#8328 = CARTESIAN_POINT('',(-411.180483272,482.5,680.));
#8329 = CIRCLE('',#8330,6.35);
#8330 = AXIS2_PLACEMENT_3D('',#8331,#8332,#8333);
#8331 = CARTESIAN_POINT('',(-417.530483272,482.5,680.));
#8332 = DIRECTION('',(0.,0.,1.));
#8333 = DIRECTION('',(1.,0.,0.));
#8334 = FACE_BOUND('',#8335,.T.);
#8335 = EDGE_LOOP('',(#8336));
#8336 = ORIENTED_EDGE('',*,*,#8337,.F.);
#8337 = EDGE_CURVE('',#8338,#8338,#8340,.T.);
#8338 = VERTEX_POINT('',#8339);
#8339 = CARTESIAN_POINT('',(-308.65,585.03048327204,680.));
#8340 = CIRCLE('',#8341,6.35);
#8341 = AXIS2_PLACEMENT_3D('',#8342,#8343,#8344);
#8342 = CARTESIAN_POINT('',(-315.,585.03048327204,680.));
#8343 = DIRECTION('',(0.,0.,1.));
#8344 = DIRECTION('',(1.,0.,0.));
#8345 = FACE_BOUND('',#8346,.T.);
#8346 = EDGE_LOOP('',(#8347));
#8347 = ORIENTED_EDGE('',*,*,#8348,.F.);
#8348 = EDGE_CURVE('',#8349,#8349,#8351,.T.);
#8349 = VERTEX_POINT('',#8350);
#8350 = CARTESIAN_POINT('',(-206.1195167279,482.5,680.));
#8351 = CIRCLE('',#8352,6.35);
#8352 = AXIS2_PLACEMENT_3D('',#8353,#8354,#8355);
#8353 = CARTESIAN_POINT('',(-212.4695167279,482.5,680.));
#8354 = DIRECTION('',(0.,0.,1.));
#8355 = DIRECTION('',(1.,0.,0.));
#8356 = PLANE('',#8357);
#8357 = AXIS2_PLACEMENT_3D('',#8358,#8359,#8360);
#8358 = CARTESIAN_POINT('',(-2.383E-14,524.16666666666,680.));
#8359 = DIRECTION('',(0.,0.,1.));
#8360 = DIRECTION('',(1.,0.,0.));
#8361 = ADVANCED_FACE('',(#8362),#8381,.T.);
#8362 = FACE_BOUND('',#8363,.F.);
#8363 = EDGE_LOOP('',(#8364,#8372,#8373,#8374));
#8364 = ORIENTED_EDGE('',*,*,#8365,.T.);
#8365 = EDGE_CURVE('',#8366,#8296,#8368,.T.);
#8366 = VERTEX_POINT('',#8367);
#8367 = CARTESIAN_POINT('',(-190.,482.5,340.));
#8368 = LINE('',#8369,#8370);
#8369 = CARTESIAN_POINT('',(-190.,482.5,340.));
#8370 = VECTOR('',#8371,1.);
#8371 = DIRECTION('',(0.,0.,1.));
#8372 = ORIENTED_EDGE('',*,*,#8295,.T.);
#8373 = ORIENTED_EDGE('',*,*,#8365,.F.);
#8374 = ORIENTED_EDGE('',*,*,#8375,.F.);
#8375 = EDGE_CURVE('',#8366,#8366,#8376,.T.);
#8376 = CIRCLE('',#8377,125.);
#8377 = AXIS2_PLACEMENT_3D('',#8378,#8379,#8380);
#8378 = CARTESIAN_POINT('',(-315.,482.5,340.));
#8379 = DIRECTION('',(0.,0.,1.));
#8380 = DIRECTION('',(1.,0.,0.));
#8381 = CYLINDRICAL_SURFACE('',#8382,125.);
#8382 = AXIS2_PLACEMENT_3D('',#8383,#8384,#8385);
#8383 = CARTESIAN_POINT('',(-315.,482.5,340.));
#8384 = DIRECTION('',(-0.,-0.,-1.));
#8385 = DIRECTION('',(1.,0.,0.));
#8386 = ADVANCED_FACE('',(#8387),#8406,.F.);
#8387 = FACE_BOUND('',#8388,.F.);
#8388 = EDGE_LOOP('',(#8389,#8397,#8404,#8405));
#8389 = ORIENTED_EDGE('',*,*,#8390,.T.);
#8390 = EDGE_CURVE('',#8316,#8391,#8393,.T.);
#8391 = VERTEX_POINT('',#8392);
#8392 = CARTESIAN_POINT('',(-308.65,379.96951672795,655.));
#8393 = LINE('',#8394,#8395);
#8394 = CARTESIAN_POINT('',(-308.65,379.96951672795,680.));
#8395 = VECTOR('',#8396,1.);
#8396 = DIRECTION('',(-0.,-0.,-1.));
#8397 = ORIENTED_EDGE('',*,*,#8398,.T.);
#8398 = EDGE_CURVE('',#8391,#8391,#8399,.T.);
#8399 = CIRCLE('',#8400,6.35);
#8400 = AXIS2_PLACEMENT_3D('',#8401,#8402,#8403);
#8401 = CARTESIAN_POINT('',(-315.,379.96951672795,655.));
#8402 = DIRECTION('',(0.,0.,1.));
#8403 = DIRECTION('',(1.,0.,0.));
#8404 = ORIENTED_EDGE('',*,*,#8390,.F.);
#8405 = ORIENTED_EDGE('',*,*,#8315,.F.);
#8406 = CYLINDRICAL_SURFACE('',#8407,6.35);
#8407 = AXIS2_PLACEMENT_3D('',#8408,#8409,#8410);
#8408 = CARTESIAN_POINT('',(-315.,379.96951672795,680.));
#8409 = DIRECTION('',(0.,0.,1.));
#8410 = DIRECTION('',(1.,0.,-0.));
#8411 = ADVANCED_FACE('',(#8412),#8431,.F.);
#8412 = FACE_BOUND('',#8413,.F.);
#8413 = EDGE_LOOP('',(#8414,#8422,#8429,#8430));
#8414 = ORIENTED_EDGE('',*,*,#8415,.T.);
#8415 = EDGE_CURVE('',#8327,#8416,#8418,.T.);
#8416 = VERTEX_POINT('',#8417);
#8417 = CARTESIAN_POINT('',(-411.180483272,482.5,655.));
#8418 = LINE('',#8419,#8420);
#8419 = CARTESIAN_POINT('',(-411.180483272,482.5,680.));
#8420 = VECTOR('',#8421,1.);
#8421 = DIRECTION('',(-0.,-0.,-1.));
#8422 = ORIENTED_EDGE('',*,*,#8423,.T.);
#8423 = EDGE_CURVE('',#8416,#8416,#8424,.T.);
#8424 = CIRCLE('',#8425,6.35);
#8425 = AXIS2_PLACEMENT_3D('',#8426,#8427,#8428);
#8426 = CARTESIAN_POINT('',(-417.530483272,482.5,655.));
#8427 = DIRECTION('',(0.,0.,1.));
#8428 = DIRECTION('',(1.,0.,0.));
#8429 = ORIENTED_EDGE('',*,*,#8415,.F.);
#8430 = ORIENTED_EDGE('',*,*,#8326,.F.);
#8431 = CYLINDRICAL_SURFACE('',#8432,6.35);
#8432 = AXIS2_PLACEMENT_3D('',#8433,#8434,#8435);
#8433 = CARTESIAN_POINT('',(-417.530483272,482.5,680.));
#8434 = DIRECTION('',(0.,0.,1.));
#8435 = DIRECTION('',(1.,0.,-0.));
#8436 = ADVANCED_FACE('',(#8437),#8456,.F.);
#8437 = FACE_BOUND('',#8438,.F.);
#8438 = EDGE_LOOP('',(#8439,#8447,#8454,#8455));
#8439 = ORIENTED_EDGE('',*,*,#8440,.T.);
#8440 = EDGE_CURVE('',#8338,#8441,#8443,.T.);
#8441 = VERTEX_POINT('',#8442);
#8442 = CARTESIAN_POINT('',(-308.65,585.03048327204,655.));
#8443 = LINE('',#8444,#8445);
#8444 = CARTESIAN_POINT('',(-308.65,585.03048327204,680.));
#8445 = VECTOR('',#8446,1.);
#8446 = DIRECTION('',(-0.,-0.,-1.));
#8447 = ORIENTED_EDGE('',*,*,#8448,.T.);
#8448 = EDGE_CURVE('',#8441,#8441,#8449,.T.);
#8449 = CIRCLE('',#8450,6.35);
#8450 = AXIS2_PLACEMENT_3D('',#8451,#8452,#8453);
#8451 = CARTESIAN_POINT('',(-315.,585.03048327204,655.));
#8452 = DIRECTION('',(0.,0.,1.));
#8453 = DIRECTION('',(1.,0.,0.));
#8454 = ORIENTED_EDGE('',*,*,#8440,.F.);
#8455 = ORIENTED_EDGE('',*,*,#8337,.F.);
#8456 = CYLINDRICAL_SURFACE('',#8457,6.35);
#8457 = AXIS2_PLACEMENT_3D('',#8458,#8459,#8460);
#8458 = CARTESIAN_POINT('',(-315.,585.03048327204,680.));
#8459 = DIRECTION('',(0.,0.,1.));
#8460 = DIRECTION('',(1.,0.,-0.));
#8461 = ADVANCED_FACE('',(#8462),#8481,.F.);
#8462 = FACE_BOUND('',#8463,.F.);
#8463 = EDGE_LOOP('',(#8464,#8472,#8479,#8480));
#8464 = ORIENTED_EDGE('',*,*,#8465,.T.);
#8465 = EDGE_CURVE('',#8349,#8466,#8468,.T.);
#8466 = VERTEX_POINT('',#8467);
#8467 = CARTESIAN_POINT('',(-206.1195167279,482.5,655.));
#8468 = LINE('',#8469,#8470);
#8469 = CARTESIAN_POINT('',(-206.1195167279,482.5,680.));
#8470 = VECTOR('',#8471,1.);
#8471 = DIRECTION('',(-0.,-0.,-1.));
#8472 = ORIENTED_EDGE('',*,*,#8473,.T.);
#8473 = EDGE_CURVE('',#8466,#8466,#8474,.T.);
#8474 = CIRCLE('',#8475,6.35);
#8475 = AXIS2_PLACEMENT_3D('',#8476,#8477,#8478);
#8476 = CARTESIAN_POINT('',(-212.4695167279,482.5,655.));
#8477 = DIRECTION('',(0.,0.,1.));
#8478 = DIRECTION('',(1.,0.,0.));
#8479 = ORIENTED_EDGE('',*,*,#8465,.F.);
#8480 = ORIENTED_EDGE('',*,*,#8348,.F.);
#8481 = CYLINDRICAL_SURFACE('',#8482,6.35);
#8482 = AXIS2_PLACEMENT_3D('',#8483,#8484,#8485);
#8483 = CARTESIAN_POINT('',(-212.4695167279,482.5,680.));
#8484 = DIRECTION('',(0.,0.,1.));
#8485 = DIRECTION('',(1.,0.,-0.));
#8486 = ADVANCED_FACE('',(#8487,#8498),#8501,.T.);
#8487 = FACE_BOUND('',#8488,.T.);
#8488 = EDGE_LOOP('',(#8489));
#8489 = ORIENTED_EDGE('',*,*,#8490,.T.);
#8490 = EDGE_CURVE('',#8491,#8491,#8493,.T.);
#8491 = VERTEX_POINT('',#8492);
#8492 = CARTESIAN_POINT('',(-152.5,482.5,340.));
#8493 = CIRCLE('',#8494,162.5);
#8494 = AXIS2_PLACEMENT_3D('',#8495,#8496,#8497);
#8495 = CARTESIAN_POINT('',(-315.,482.5,340.));
#8496 = DIRECTION('',(0.,0.,1.));
#8497 = DIRECTION('',(1.,0.,0.));
#8498 = FACE_BOUND('',#8499,.T.);
#8499 = EDGE_LOOP('',(#8500));
#8500 = ORIENTED_EDGE('',*,*,#8375,.F.);
#8501 = PLANE('',#8502);
#8502 = AXIS2_PLACEMENT_3D('',#8503,#8504,#8505);
#8503 = CARTESIAN_POINT('',(-5.74E-15,524.16666666666,340.));
#8504 = DIRECTION('',(0.,0.,1.));
#8505 = DIRECTION('',(1.,0.,0.));
#8506 = ADVANCED_FACE('',(#8507),#8510,.T.);
#8507 = FACE_BOUND('',#8508,.T.);
#8508 = EDGE_LOOP('',(#8509));
#8509 = ORIENTED_EDGE('',*,*,#8398,.T.);
#8510 = PLANE('',#8511);
#8511 = AXIS2_PLACEMENT_3D('',#8512,#8513,#8514);
#8512 = CARTESIAN_POINT('',(2.125E-14,524.16666666666,655.));
#8513 = DIRECTION('',(0.,0.,1.));
#8514 = DIRECTION('',(1.,0.,0.));
#8515 = ADVANCED_FACE('',(#8516),#8519,.T.);
#8516 = FACE_BOUND('',#8517,.T.);
#8517 = EDGE_LOOP('',(#8518));
#8518 = ORIENTED_EDGE('',*,*,#8423,.T.);
#8519 = PLANE('',#8520);
#8520 = AXIS2_PLACEMENT_3D('',#8521,#8522,#8523);
#8521 = CARTESIAN_POINT('',(2.125E-14,524.16666666666,655.));
#8522 = DIRECTION('',(0.,0.,1.));
#8523 = DIRECTION('',(1.,0.,0.));
#8524 = ADVANCED_FACE('',(#8525),#8528,.T.);
#8525 = FACE_BOUND('',#8526,.T.);
#8526 = EDGE_LOOP('',(#8527));
#8527 = ORIENTED_EDGE('',*,*,#8448,.T.);
#8528 = PLANE('',#8529);
#8529 = AXIS2_PLACEMENT_3D('',#8530,#8531,#8532);
#8530 = CARTESIAN_POINT('',(2.125E-14,524.16666666666,655.));
#8531 = DIRECTION('',(0.,0.,1.));
#8532 = DIRECTION('',(1.,0.,0.));
#8533 = ADVANCED_FACE('',(#8534),#8537,.T.);
#8534 = FACE_BOUND('',#8535,.T.);
#8535 = EDGE_LOOP('',(#8536));
#8536 = ORIENTED_EDGE('',*,*,#8473,.T.);
#8537 = PLANE('',#8538);
#8538 = AXIS2_PLACEMENT_3D('',#8539,#8540,#8541);
#8539 = CARTESIAN_POINT('',(2.125E-14,524.16666666666,655.));
#8540 = DIRECTION('',(0.,0.,1.));
#8541 = DIRECTION('',(1.,0.,0.));
#8542 = ADVANCED_FACE('',(#8543),#8562,.T.);
#8543 = FACE_BOUND('',#8544,.F.);
#8544 = EDGE_LOOP('',(#8545,#8553,#8554,#8555));
#8545 = ORIENTED_EDGE('',*,*,#8546,.T.);
#8546 = EDGE_CURVE('',#8547,#8491,#8549,.T.);
#8547 = VERTEX_POINT('',#8548);
#8548 = CARTESIAN_POINT('',(-152.5,482.5,275.));
#8549 = LINE('',#8550,#8551);
#8550 = CARTESIAN_POINT('',(-152.5,482.5,275.));
#8551 = VECTOR('',#8552,1.);
#8552 = DIRECTION('',(0.,0.,1.));
#8553 = ORIENTED_EDGE('',*,*,#8490,.T.);
#8554 = ORIENTED_EDGE('',*,*,#8546,.F.);
#8555 = ORIENTED_EDGE('',*,*,#8556,.F.);
#8556 = EDGE_CURVE('',#8547,#8547,#8557,.T.);
#8557 = CIRCLE('',#8558,162.5);
#8558 = AXIS2_PLACEMENT_3D('',#8559,#8560,#8561);
#8559 = CARTESIAN_POINT('',(-315.,482.5,275.));
#8560 = DIRECTION('',(0.,0.,1.));
#8561 = DIRECTION('',(1.,0.,0.));
#8562 = CYLINDRICAL_SURFACE('',#8563,162.5);
#8563 = AXIS2_PLACEMENT_3D('',#8564,#8565,#8566);
#8564 = CARTESIAN_POINT('',(-315.,482.5,275.));
#8565 = DIRECTION('',(-0.,-0.,-1.));
#8566 = DIRECTION('',(1.,0.,0.));
#8567 = ADVANCED_FACE('',(#8568,#8571),#8582,.F.);
#8568 = FACE_BOUND('',#8569,.F.);
#8569 = EDGE_LOOP('',(#8570));
#8570 = ORIENTED_EDGE('',*,*,#8556,.T.);
#8571 = FACE_BOUND('',#8572,.F.);
#8572 = EDGE_LOOP('',(#8573));
#8573 = ORIENTED_EDGE('',*,*,#8574,.F.);
#8574 = EDGE_CURVE('',#8575,#8575,#8577,.T.);
#8575 = VERTEX_POINT('',#8576);
#8576 = CARTESIAN_POINT('',(-190.,482.5,275.));
#8577 = CIRCLE('',#8578,125.);
#8578 = AXIS2_PLACEMENT_3D('',#8579,#8580,#8581);
#8579 = CARTESIAN_POINT('',(-315.,482.5,275.));
#8580 = DIRECTION('',(0.,0.,1.));
#8581 = DIRECTION('',(1.,0.,0.));
#8582 = PLANE('',#8583);
#8583 = AXIS2_PLACEMENT_3D('',#8584,#8585,#8586);
#8584 = CARTESIAN_POINT('',(-5.74E-15,524.16666666666,275.));
#8585 = DIRECTION('',(0.,0.,1.));
#8586 = DIRECTION('',(1.,0.,0.));
#8587 = ADVANCED_FACE('',(#8588),#8607,.T.);
#8588 = FACE_BOUND('',#8589,.F.);
#8589 = EDGE_LOOP('',(#8590,#8598,#8599,#8600));
#8590 = ORIENTED_EDGE('',*,*,#8591,.T.);
#8591 = EDGE_CURVE('',#8592,#8575,#8594,.T.);
#8592 = VERTEX_POINT('',#8593);
#8593 = CARTESIAN_POINT('',(-190.,482.5,185.));
#8594 = LINE('',#8595,#8596);
#8595 = CARTESIAN_POINT('',(-190.,482.5,185.));
#8596 = VECTOR('',#8597,1.);
#8597 = DIRECTION('',(0.,0.,1.));
#8598 = ORIENTED_EDGE('',*,*,#8574,.T.);
#8599 = ORIENTED_EDGE('',*,*,#8591,.F.);
#8600 = ORIENTED_EDGE('',*,*,#8601,.F.);
#8601 = EDGE_CURVE('',#8592,#8592,#8602,.T.);
#8602 = CIRCLE('',#8603,125.);
#8603 = AXIS2_PLACEMENT_3D('',#8604,#8605,#8606);
#8604 = CARTESIAN_POINT('',(-315.,482.5,185.));
#8605 = DIRECTION('',(0.,0.,1.));
#8606 = DIRECTION('',(1.,0.,0.));
#8607 = CYLINDRICAL_SURFACE('',#8608,125.);
#8608 = AXIS2_PLACEMENT_3D('',#8609,#8610,#8611);
#8609 = CARTESIAN_POINT('',(-315.,482.5,185.));
#8610 = DIRECTION('',(-0.,-0.,-1.));
#8611 = DIRECTION('',(1.,0.,0.));
#8612 = ADVANCED_FACE('',(#8613,#8712,#8723,#8726,#8737),#8748,.T.);
#8613 = FACE_BOUND('',#8614,.T.);
#8614 = EDGE_LOOP('',(#8615,#8626,#8634,#8642,#8650,#8658,#8666,#8674,
    #8682,#8690,#8698,#8706));
#8615 = ORIENTED_EDGE('',*,*,#8616,.T.);
#8616 = EDGE_CURVE('',#8617,#8619,#8621,.T.);
#8617 = VERTEX_POINT('',#8618);
#8618 = CARTESIAN_POINT('',(-525.,-87.40740254664,185.));
#8619 = VERTEX_POINT('',#8620);
#8620 = CARTESIAN_POINT('',(525.,-87.40740254664,185.));
#8621 = CIRCLE('',#8622,536.);
#8622 = AXIS2_PLACEMENT_3D('',#8623,#8624,#8625);
#8623 = CARTESIAN_POINT('',(0.,20.625,185.));
#8624 = DIRECTION('',(0.,0.,1.));
#8625 = DIRECTION('',(1.,0.,0.));
#8626 = ORIENTED_EDGE('',*,*,#8627,.F.);
#8627 = EDGE_CURVE('',#8628,#8619,#8630,.T.);
#8628 = VERTEX_POINT('',#8629);
#8629 = CARTESIAN_POINT('',(525.,-1.E-13,185.));
#8630 = LINE('',#8631,#8632);
#8631 = CARTESIAN_POINT('',(525.,-1.9895E-13,185.));
#8632 = VECTOR('',#8633,1.);
#8633 = DIRECTION('',(0.,-1.,0.));
#8634 = ORIENTED_EDGE('',*,*,#8635,.F.);
#8635 = EDGE_CURVE('',#8636,#8628,#8638,.T.);
#8636 = VERTEX_POINT('',#8637);
#8637 = CARTESIAN_POINT('',(525.,180.,185.));
#8638 = LINE('',#8639,#8640);
#8639 = CARTESIAN_POINT('',(525.,-1.9895E-13,185.));
#8640 = VECTOR('',#8641,1.);
#8641 = DIRECTION('',(0.,-1.,0.));
#8642 = ORIENTED_EDGE('',*,*,#8643,.F.);
#8643 = EDGE_CURVE('',#8644,#8636,#8646,.T.);
#8644 = VERTEX_POINT('',#8645);
#8645 = CARTESIAN_POINT('',(525.,620.,185.));
#8646 = LINE('',#8647,#8648);
#8647 = CARTESIAN_POINT('',(525.,-1.9895E-13,185.));
#8648 = VECTOR('',#8649,1.);
#8649 = DIRECTION('',(0.,-1.,0.));
#8650 = ORIENTED_EDGE('',*,*,#8651,.F.);
#8651 = EDGE_CURVE('',#8652,#8644,#8654,.T.);
#8652 = VERTEX_POINT('',#8653);
#8653 = CARTESIAN_POINT('',(455.,620.,185.));
#8654 = LINE('',#8655,#8656);
#8655 = CARTESIAN_POINT('',(455.,620.,185.));
#8656 = VECTOR('',#8657,1.);
#8657 = DIRECTION('',(1.,0.,0.));
#8658 = ORIENTED_EDGE('',*,*,#8659,.F.);
#8659 = EDGE_CURVE('',#8660,#8652,#8662,.T.);
#8660 = VERTEX_POINT('',#8661);
#8661 = CARTESIAN_POINT('',(210.,770.,185.));
#8662 = LINE('',#8663,#8664);
#8663 = CARTESIAN_POINT('',(210.,770.,185.));
#8664 = VECTOR('',#8665,1.);
#8665 = DIRECTION('',(0.852851304076,-0.522153859639,0.));
#8666 = ORIENTED_EDGE('',*,*,#8667,.F.);
#8667 = EDGE_CURVE('',#8668,#8660,#8670,.T.);
#8668 = VERTEX_POINT('',#8669);
#8669 = CARTESIAN_POINT('',(-210.,770.,185.));
#8670 = LINE('',#8671,#8672);
#8671 = CARTESIAN_POINT('',(-210.,770.,185.));
#8672 = VECTOR('',#8673,1.);
#8673 = DIRECTION('',(1.,0.,0.));
#8674 = ORIENTED_EDGE('',*,*,#8675,.F.);
#8675 = EDGE_CURVE('',#8676,#8668,#8678,.T.);
#8676 = VERTEX_POINT('',#8677);
#8677 = CARTESIAN_POINT('',(-455.,620.,185.));
#8678 = LINE('',#8679,#8680);
#8679 = CARTESIAN_POINT('',(-455.,620.,185.));
#8680 = VECTOR('',#8681,1.);
#8681 = DIRECTION('',(0.852851304076,0.522153859639,0.));
#8682 = ORIENTED_EDGE('',*,*,#8683,.F.);
#8683 = EDGE_CURVE('',#8684,#8676,#8686,.T.);
#8684 = VERTEX_POINT('',#8685);
#8685 = CARTESIAN_POINT('',(-525.,620.,185.));
#8686 = LINE('',#8687,#8688);
#8687 = CARTESIAN_POINT('',(-525.,620.,185.));
#8688 = VECTOR('',#8689,1.);
#8689 = DIRECTION('',(1.,0.,0.));
#8690 = ORIENTED_EDGE('',*,*,#8691,.F.);
#8691 = EDGE_CURVE('',#8692,#8684,#8694,.T.);
#8692 = VERTEX_POINT('',#8693);
#8693 = CARTESIAN_POINT('',(-525.,180.,185.));
#8694 = LINE('',#8695,#8696);
#8695 = CARTESIAN_POINT('',(-525.,-5.329E-14,185.));
#8696 = VECTOR('',#8697,1.);
#8697 = DIRECTION('',(0.,1.,0.));
#8698 = ORIENTED_EDGE('',*,*,#8699,.F.);
#8699 = EDGE_CURVE('',#8700,#8692,#8702,.T.);
#8700 = VERTEX_POINT('',#8701);
#8701 = CARTESIAN_POINT('',(-525.,1.7E-14,185.));
#8702 = LINE('',#8703,#8704);
#8703 = CARTESIAN_POINT('',(-525.,-5.329E-14,185.));
#8704 = VECTOR('',#8705,1.);
#8705 = DIRECTION('',(0.,1.,0.));
#8706 = ORIENTED_EDGE('',*,*,#8707,.F.);
#8707 = EDGE_CURVE('',#8617,#8700,#8708,.T.);
#8708 = LINE('',#8709,#8710);
#8709 = CARTESIAN_POINT('',(-525.,-5.329E-14,185.));
#8710 = VECTOR('',#8711,1.);
#8711 = DIRECTION('',(0.,1.,0.));
#8712 = FACE_BOUND('',#8713,.T.);
#8713 = EDGE_LOOP('',(#8714));
#8714 = ORIENTED_EDGE('',*,*,#8715,.F.);
#8715 = EDGE_CURVE('',#8716,#8716,#8718,.T.);
#8716 = VERTEX_POINT('',#8717);
#8717 = CARTESIAN_POINT('',(360.,0.,185.));
#8718 = CIRCLE('',#8719,360.);
#8719 = AXIS2_PLACEMENT_3D('',#8720,#8721,#8722);
#8720 = CARTESIAN_POINT('',(0.,0.,185.));
#8721 = DIRECTION('',(0.,0.,1.));
#8722 = DIRECTION('',(1.,0.,0.));
#8723 = FACE_BOUND('',#8724,.T.);
#8724 = EDGE_LOOP('',(#8725));
#8725 = ORIENTED_EDGE('',*,*,#8601,.F.);
#8726 = FACE_BOUND('',#8727,.T.);
#8727 = EDGE_LOOP('',(#8728));
#8728 = ORIENTED_EDGE('',*,*,#8729,.F.);
#8729 = EDGE_CURVE('',#8730,#8730,#8732,.T.);
#8730 = VERTEX_POINT('',#8731);
#8731 = CARTESIAN_POINT('',(125.,607.5,185.));
#8732 = CIRCLE('',#8733,125.);
#8733 = AXIS2_PLACEMENT_3D('',#8734,#8735,#8736);
#8734 = CARTESIAN_POINT('',(0.,607.5,185.));
#8735 = DIRECTION('',(0.,0.,1.));
#8736 = DIRECTION('',(1.,0.,0.));
#8737 = FACE_BOUND('',#8738,.T.);
#8738 = EDGE_LOOP('',(#8739));
#8739 = ORIENTED_EDGE('',*,*,#8740,.F.);
#8740 = EDGE_CURVE('',#8741,#8741,#8743,.T.);
#8741 = VERTEX_POINT('',#8742);
#8742 = CARTESIAN_POINT('',(440.,482.5,185.));
#8743 = CIRCLE('',#8744,125.);
#8744 = AXIS2_PLACEMENT_3D('',#8745,#8746,#8747);
#8745 = CARTESIAN_POINT('',(315.,482.5,185.));
#8746 = DIRECTION('',(0.,0.,1.));
#8747 = DIRECTION('',(1.,0.,0.));
#8748 = PLANE('',#8749);
#8749 = AXIS2_PLACEMENT_3D('',#8750,#8751,#8752);
#8750 = CARTESIAN_POINT('',(-1.338E-14,158.34180068608,185.));
#8751 = DIRECTION('',(0.,0.,1.));
#8752 = DIRECTION('',(1.,0.,0.));
#8753 = ADVANCED_FACE('',(#8754),#8780,.T.);
#8754 = FACE_BOUND('',#8755,.F.);
#8755 = EDGE_LOOP('',(#8756,#8764,#8765,#8773));
#8756 = ORIENTED_EDGE('',*,*,#8757,.T.);
#8757 = EDGE_CURVE('',#8758,#8617,#8760,.T.);
#8758 = VERTEX_POINT('',#8759);
#8759 = CARTESIAN_POINT('',(-525.,-87.40740254664,150.));
#8760 = LINE('',#8761,#8762);
#8761 = CARTESIAN_POINT('',(-525.,-87.40740254664,150.));
#8762 = VECTOR('',#8763,1.);
#8763 = DIRECTION('',(0.,0.,1.));
#8764 = ORIENTED_EDGE('',*,*,#8616,.T.);
#8765 = ORIENTED_EDGE('',*,*,#8766,.F.);
#8766 = EDGE_CURVE('',#8767,#8619,#8769,.T.);
#8767 = VERTEX_POINT('',#8768);
#8768 = CARTESIAN_POINT('',(525.,-87.40740254664,150.));
#8769 = LINE('',#8770,#8771);
#8770 = CARTESIAN_POINT('',(525.,-87.40740254664,150.));
#8771 = VECTOR('',#8772,1.);
#8772 = DIRECTION('',(0.,0.,1.));
#8773 = ORIENTED_EDGE('',*,*,#8774,.F.);
#8774 = EDGE_CURVE('',#8758,#8767,#8775,.T.);
#8775 = CIRCLE('',#8776,536.);
#8776 = AXIS2_PLACEMENT_3D('',#8777,#8778,#8779);
#8777 = CARTESIAN_POINT('',(0.,20.625,150.));
#8778 = DIRECTION('',(0.,0.,1.));
#8779 = DIRECTION('',(1.,0.,0.));
#8780 = CYLINDRICAL_SURFACE('',#8781,536.);
#8781 = AXIS2_PLACEMENT_3D('',#8782,#8783,#8784);
#8782 = CARTESIAN_POINT('',(0.,20.625,150.));
#8783 = DIRECTION('',(-0.,-0.,-1.));
#8784 = DIRECTION('',(1.,0.,0.));
#8785 = ADVANCED_FACE('',(#8786),#8804,.T.);
#8786 = FACE_BOUND('',#8787,.T.);
#8787 = EDGE_LOOP('',(#8788,#8796,#8802,#8803));
#8788 = ORIENTED_EDGE('',*,*,#8789,.T.);
#8789 = EDGE_CURVE('',#8700,#8790,#8792,.T.);
#8790 = VERTEX_POINT('',#8791);
#8791 = CARTESIAN_POINT('',(-525.,-5.3E-14,150.));
#8792 = LINE('',#8793,#8794);
#8793 = CARTESIAN_POINT('',(-525.,1.707E-14,175.));
#8794 = VECTOR('',#8795,1.);
#8795 = DIRECTION('',(2.2E-16,0.,-1.));
#8796 = ORIENTED_EDGE('',*,*,#8797,.T.);
#8797 = EDGE_CURVE('',#8790,#8758,#8798,.T.);
#8798 = LINE('',#8799,#8800);
#8799 = CARTESIAN_POINT('',(-525.,-1.421E-14,150.));
#8800 = VECTOR('',#8801,1.);
#8801 = DIRECTION('',(0.,-1.,0.));
#8802 = ORIENTED_EDGE('',*,*,#8757,.T.);
#8803 = ORIENTED_EDGE('',*,*,#8707,.T.);
#8804 = PLANE('',#8805);
#8805 = AXIS2_PLACEMENT_3D('',#8806,#8807,#8808);
#8806 = CARTESIAN_POINT('',(-525.,245.85398488502,79.565057152305));
#8807 = DIRECTION('',(-1.,-0.,-0.));
#8808 = DIRECTION('',(0.,0.,-1.));
#8809 = ADVANCED_FACE('',(#8810),#8828,.T.);
#8810 = FACE_BOUND('',#8811,.T.);
#8811 = EDGE_LOOP('',(#8812,#8820,#8821,#8822));
#8812 = ORIENTED_EDGE('',*,*,#8813,.F.);
#8813 = EDGE_CURVE('',#8628,#8814,#8816,.T.);
#8814 = VERTEX_POINT('',#8815);
#8815 = CARTESIAN_POINT('',(525.,-7.E-15,150.));
#8816 = LINE('',#8817,#8818);
#8817 = CARTESIAN_POINT('',(525.,-9.95E-14,175.));
#8818 = VECTOR('',#8819,1.);
#8819 = DIRECTION('',(0.,0.,-1.));
#8820 = ORIENTED_EDGE('',*,*,#8627,.T.);
#8821 = ORIENTED_EDGE('',*,*,#8766,.F.);
#8822 = ORIENTED_EDGE('',*,*,#8823,.F.);
#8823 = EDGE_CURVE('',#8814,#8767,#8824,.T.);
#8824 = LINE('',#8825,#8826);
#8825 = CARTESIAN_POINT('',(525.,620.,150.));
#8826 = VECTOR('',#8827,1.);
#8827 = DIRECTION('',(0.,-1.,0.));
#8828 = PLANE('',#8829);
#8829 = AXIS2_PLACEMENT_3D('',#8830,#8831,#8832);
#8830 = CARTESIAN_POINT('',(525.,245.85398488502,79.565057152305));
#8831 = DIRECTION('',(1.,0.,0.));
#8832 = DIRECTION('',(0.,0.,1.));
#8833 = ADVANCED_FACE('',(#8834,#8894),#8905,.F.);
#8834 = FACE_BOUND('',#8835,.T.);
#8835 = EDGE_LOOP('',(#8836,#8846,#8855,#8861,#8862,#8870,#8879,#8887));
#8836 = ORIENTED_EDGE('',*,*,#8837,.F.);
#8837 = EDGE_CURVE('',#8838,#8840,#8842,.T.);
#8838 = VERTEX_POINT('',#8839);
#8839 = CARTESIAN_POINT('',(-525.,5.555555555557,286.87464926147));
#8840 = VERTEX_POINT('',#8841);
#8841 = CARTESIAN_POINT('',(-525.,35.555555555556,323.99775527382));
#8842 = LINE('',#8843,#8844);
#8843 = CARTESIAN_POINT('',(-525.,5.555555555557,286.87464926147));
#8844 = VECTOR('',#8845,1.);
#8845 = DIRECTION('',(-3.E-17,0.628539361054,0.777777777778));
#8846 = ORIENTED_EDGE('',*,*,#8847,.T.);
#8847 = EDGE_CURVE('',#8838,#8848,#8850,.T.);
#8848 = VERTEX_POINT('',#8849);
#8849 = CARTESIAN_POINT('',(-525.,4.35E-13,271.16116523657));
#8850 = CIRCLE('',#8851,25.);
#8851 = AXIS2_PLACEMENT_3D('',#8852,#8853,#8854);
#8852 = CARTESIAN_POINT('',(-525.,25.000000000001,271.1611652351));
#8853 = DIRECTION('',(1.,-2.2E-16,2.2E-16));
#8854 = DIRECTION('',(2.2E-16,1.,0.));
#8855 = ORIENTED_EDGE('',*,*,#8856,.T.);
#8856 = EDGE_CURVE('',#8848,#8700,#8857,.T.);
#8857 = LINE('',#8858,#8859);
#8858 = CARTESIAN_POINT('',(-525.,1.707E-14,175.));
#8859 = VECTOR('',#8860,1.);
#8860 = DIRECTION('',(2.2E-16,0.,-1.));
#8861 = ORIENTED_EDGE('',*,*,#8699,.T.);
#8862 = ORIENTED_EDGE('',*,*,#8863,.F.);
#8863 = EDGE_CURVE('',#8864,#8692,#8866,.T.);
#8864 = VERTEX_POINT('',#8865);
#8865 = CARTESIAN_POINT('',(-525.,180.,271.16116523516));
#8866 = LINE('',#8867,#8868);
#8867 = CARTESIAN_POINT('',(-525.,180.,271.16116523516));
#8868 = VECTOR('',#8869,1.);
#8869 = DIRECTION('',(2.2E-16,0.,-1.));
#8870 = ORIENTED_EDGE('',*,*,#8871,.T.);
#8871 = EDGE_CURVE('',#8864,#8872,#8874,.T.);
#8872 = VERTEX_POINT('',#8873);
#8873 = CARTESIAN_POINT('',(-525.,174.44444444444,286.87464926153));
#8874 = CIRCLE('',#8875,25.);
#8875 = AXIS2_PLACEMENT_3D('',#8876,#8877,#8878);
#8876 = CARTESIAN_POINT('',(-525.,155.,271.16116523516));
#8877 = DIRECTION('',(1.,-2.2E-16,2.2E-16));
#8878 = DIRECTION('',(2.2E-16,1.,0.));
#8879 = ORIENTED_EDGE('',*,*,#8880,.T.);
#8880 = EDGE_CURVE('',#8872,#8881,#8883,.T.);
#8881 = VERTEX_POINT('',#8882);
#8882 = CARTESIAN_POINT('',(-525.,144.44444444444,323.99775527382));
#8883 = LINE('',#8884,#8885);
#8884 = CARTESIAN_POINT('',(-525.,174.44444444444,286.87464926153));
#8885 = VECTOR('',#8886,1.);
#8886 = DIRECTION('',(-3.1E-16,-0.628539361055,0.777777777778));
#8887 = ORIENTED_EDGE('',*,*,#8888,.T.);
#8888 = EDGE_CURVE('',#8881,#8840,#8889,.T.);
#8889 = CIRCLE('',#8890,70.);
#8890 = AXIS2_PLACEMENT_3D('',#8891,#8892,#8893);
#8891 = CARTESIAN_POINT('',(-525.,90.,280.));
#8892 = DIRECTION('',(1.,-2.2E-16,2.2E-16));
#8893 = DIRECTION('',(2.2E-16,1.,0.));
#8894 = FACE_BOUND('',#8895,.T.);
#8895 = EDGE_LOOP('',(#8896));
#8896 = ORIENTED_EDGE('',*,*,#8897,.F.);
#8897 = EDGE_CURVE('',#8898,#8898,#8900,.T.);
#8898 = VERTEX_POINT('',#8899);
#8899 = CARTESIAN_POINT('',(-525.,120.,280.));
#8900 = CIRCLE('',#8901,30.);
#8901 = AXIS2_PLACEMENT_3D('',#8902,#8903,#8904);
#8902 = CARTESIAN_POINT('',(-525.,90.,280.));
#8903 = DIRECTION('',(1.,-2.2E-16,2.2E-16));
#8904 = DIRECTION('',(2.2E-16,1.,0.));
#8905 = PLANE('',#8906);
#8906 = AXIS2_PLACEMENT_3D('',#8907,#8908,#8909);
#8907 = CARTESIAN_POINT('',(-525.,355.52654155172,116.26942356974));
#8908 = DIRECTION('',(-1.,2.2E-16,-2.2E-16));
#8909 = DIRECTION('',(2.2E-16,0.,-1.));
#8910 = ADVANCED_FACE('',(#8911,#8971),#8982,.F.);
#8911 = FACE_BOUND('',#8912,.F.);
#8912 = EDGE_LOOP('',(#8913,#8923,#8932,#8938,#8939,#8947,#8956,#8964));
#8913 = ORIENTED_EDGE('',*,*,#8914,.F.);
#8914 = EDGE_CURVE('',#8915,#8917,#8919,.T.);
#8915 = VERTEX_POINT('',#8916);
#8916 = CARTESIAN_POINT('',(525.,5.555555555556,286.87464926147));
#8917 = VERTEX_POINT('',#8918);
#8918 = CARTESIAN_POINT('',(525.,35.555555555555,323.99775527383));
#8919 = LINE('',#8920,#8921);
#8920 = CARTESIAN_POINT('',(525.,5.555555555556,286.87464926147));
#8921 = VECTOR('',#8922,1.);
#8922 = DIRECTION('',(0.,0.628539361054,0.777777777778));
#8923 = ORIENTED_EDGE('',*,*,#8924,.T.);
#8924 = EDGE_CURVE('',#8915,#8925,#8927,.T.);
#8925 = VERTEX_POINT('',#8926);
#8926 = CARTESIAN_POINT('',(525.,3.18E-13,271.16116523657));
#8927 = CIRCLE('',#8928,25.);
#8928 = AXIS2_PLACEMENT_3D('',#8929,#8930,#8931);
#8929 = CARTESIAN_POINT('',(525.,25.000000000001,271.1611652351));
#8930 = DIRECTION('',(1.,0.,0.));
#8931 = DIRECTION('',(0.,1.,0.));
#8932 = ORIENTED_EDGE('',*,*,#8933,.T.);
#8933 = EDGE_CURVE('',#8925,#8628,#8934,.T.);
#8934 = LINE('',#8935,#8936);
#8935 = CARTESIAN_POINT('',(525.,-9.95E-14,175.));
#8936 = VECTOR('',#8937,1.);
#8937 = DIRECTION('',(0.,0.,-1.));
#8938 = ORIENTED_EDGE('',*,*,#8635,.F.);
#8939 = ORIENTED_EDGE('',*,*,#8940,.F.);
#8940 = EDGE_CURVE('',#8941,#8636,#8943,.T.);
#8941 = VERTEX_POINT('',#8942);
#8942 = CARTESIAN_POINT('',(525.,180.,271.16116523516));
#8943 = LINE('',#8944,#8945);
#8944 = CARTESIAN_POINT('',(525.,180.,271.16116523516));
#8945 = VECTOR('',#8946,1.);
#8946 = DIRECTION('',(0.,0.,-1.));
#8947 = ORIENTED_EDGE('',*,*,#8948,.T.);
#8948 = EDGE_CURVE('',#8941,#8949,#8951,.T.);
#8949 = VERTEX_POINT('',#8950);
#8950 = CARTESIAN_POINT('',(525.,174.44444444444,286.87464926153));
#8951 = CIRCLE('',#8952,25.);
#8952 = AXIS2_PLACEMENT_3D('',#8953,#8954,#8955);
#8953 = CARTESIAN_POINT('',(525.,155.,271.16116523516));
#8954 = DIRECTION('',(1.,0.,0.));
#8955 = DIRECTION('',(0.,1.,0.));
#8956 = ORIENTED_EDGE('',*,*,#8957,.T.);
#8957 = EDGE_CURVE('',#8949,#8958,#8960,.T.);
#8958 = VERTEX_POINT('',#8959);
#8959 = CARTESIAN_POINT('',(525.,144.44444444444,323.99775527383));
#8960 = LINE('',#8961,#8962);
#8961 = CARTESIAN_POINT('',(525.,174.44444444444,286.87464926153));
#8962 = VECTOR('',#8963,1.);
#8963 = DIRECTION('',(0.,-0.628539361055,0.777777777778));
#8964 = ORIENTED_EDGE('',*,*,#8965,.T.);
#8965 = EDGE_CURVE('',#8958,#8917,#8966,.T.);
#8966 = CIRCLE('',#8967,70.);
#8967 = AXIS2_PLACEMENT_3D('',#8968,#8969,#8970);
#8968 = CARTESIAN_POINT('',(525.,90.,280.));
#8969 = DIRECTION('',(1.,0.,0.));
#8970 = DIRECTION('',(0.,1.,0.));
#8971 = FACE_BOUND('',#8972,.F.);
#8972 = EDGE_LOOP('',(#8973));
#8973 = ORIENTED_EDGE('',*,*,#8974,.F.);
#8974 = EDGE_CURVE('',#8975,#8975,#8977,.T.);
#8975 = VERTEX_POINT('',#8976);
#8976 = CARTESIAN_POINT('',(525.,120.,280.));
#8977 = CIRCLE('',#8978,30.);
#8978 = AXIS2_PLACEMENT_3D('',#8979,#8980,#8981);
#8979 = CARTESIAN_POINT('',(525.,90.,280.));
#8980 = DIRECTION('',(1.,0.,0.));
#8981 = DIRECTION('',(0.,1.,0.));
#8982 = PLANE('',#8983);
#8983 = AXIS2_PLACEMENT_3D('',#8984,#8985,#8986);
#8984 = CARTESIAN_POINT('',(525.,355.52654155172,116.26942356974));
#8985 = DIRECTION('',(1.,0.,0.));
#8986 = DIRECTION('',(0.,0.,1.));
#8987 = ADVANCED_FACE('',(#8988),#9013,.T.);
#8988 = FACE_BOUND('',#8989,.T.);
#8989 = EDGE_LOOP('',(#8990,#8998,#8999,#9007));
#8990 = ORIENTED_EDGE('',*,*,#8991,.F.);
#8991 = EDGE_CURVE('',#8692,#8992,#8994,.T.);
#8992 = VERTEX_POINT('',#8993);
#8993 = CARTESIAN_POINT('',(-525.,180.,175.));
#8994 = LINE('',#8995,#8996);
#8995 = CARTESIAN_POINT('',(-525.,180.,271.16116523516));
#8996 = VECTOR('',#8997,1.);
#8997 = DIRECTION('',(2.2E-16,0.,-1.));
#8998 = ORIENTED_EDGE('',*,*,#8691,.T.);
#8999 = ORIENTED_EDGE('',*,*,#9000,.F.);
#9000 = EDGE_CURVE('',#9001,#8684,#9003,.T.);
#9001 = VERTEX_POINT('',#9002);
#9002 = CARTESIAN_POINT('',(-525.,620.,175.));
#9003 = LINE('',#9004,#9005);
#9004 = CARTESIAN_POINT('',(-525.,620.,150.));
#9005 = VECTOR('',#9006,1.);
#9006 = DIRECTION('',(0.,0.,1.));
#9007 = ORIENTED_EDGE('',*,*,#9008,.T.);
#9008 = EDGE_CURVE('',#9001,#8992,#9009,.T.);
#9009 = LINE('',#9010,#9011);
#9010 = CARTESIAN_POINT('',(-525.,770.,175.));
#9011 = VECTOR('',#9012,1.);
#9012 = DIRECTION('',(-2.2E-16,-1.,-0.));
#9013 = PLANE('',#9014);
#9014 = AXIS2_PLACEMENT_3D('',#9015,#9016,#9017);
#9015 = CARTESIAN_POINT('',(-525.,245.85398488502,79.565057152305));
#9016 = DIRECTION('',(-1.,-0.,-0.));
#9017 = DIRECTION('',(0.,0.,-1.));
#9018 = ADVANCED_FACE('',(#9019),#9044,.T.);
#9019 = FACE_BOUND('',#9020,.T.);
#9020 = EDGE_LOOP('',(#9021,#9029,#9030,#9038));
#9021 = ORIENTED_EDGE('',*,*,#9022,.F.);
#9022 = EDGE_CURVE('',#8644,#9023,#9025,.T.);
#9023 = VERTEX_POINT('',#9024);
#9024 = CARTESIAN_POINT('',(525.,620.,175.));
#9025 = LINE('',#9026,#9027);
#9026 = CARTESIAN_POINT('',(525.,620.,0.));
#9027 = VECTOR('',#9028,1.);
#9028 = DIRECTION('',(0.,0.,-1.));
#9029 = ORIENTED_EDGE('',*,*,#8643,.T.);
#9030 = ORIENTED_EDGE('',*,*,#9031,.T.);
#9031 = EDGE_CURVE('',#8636,#9032,#9034,.T.);
#9032 = VERTEX_POINT('',#9033);
#9033 = CARTESIAN_POINT('',(525.,180.,175.));
#9034 = LINE('',#9035,#9036);
#9035 = CARTESIAN_POINT('',(525.,180.,271.16116523516));
#9036 = VECTOR('',#9037,1.);
#9037 = DIRECTION('',(0.,0.,-1.));
#9038 = ORIENTED_EDGE('',*,*,#9039,.F.);
#9039 = EDGE_CURVE('',#9023,#9032,#9040,.T.);
#9040 = LINE('',#9041,#9042);
#9041 = CARTESIAN_POINT('',(525.,770.,175.));
#9042 = VECTOR('',#9043,1.);
#9043 = DIRECTION('',(0.,-1.,0.));
#9044 = PLANE('',#9045);
#9045 = AXIS2_PLACEMENT_3D('',#9046,#9047,#9048);
#9046 = CARTESIAN_POINT('',(525.,245.85398488502,79.565057152305));
#9047 = DIRECTION('',(1.,0.,0.));
#9048 = DIRECTION('',(0.,0.,1.));
#9049 = ADVANCED_FACE('',(#9050),#9092,.T.);
#9050 = FACE_BOUND('',#9051,.T.);
#9051 = EDGE_LOOP('',(#9052,#9062,#9068,#9069,#9070,#9078,#9086));
#9052 = ORIENTED_EDGE('',*,*,#9053,.F.);
#9053 = EDGE_CURVE('',#9054,#9056,#9058,.T.);
#9054 = VERTEX_POINT('',#9055);
#9055 = CARTESIAN_POINT('',(-525.,620.,-25.));
#9056 = VERTEX_POINT('',#9057);
#9057 = CARTESIAN_POINT('',(-480.,620.,-25.));
#9058 = LINE('',#9059,#9060);
#9059 = CARTESIAN_POINT('',(-525.,620.,-25.));
#9060 = VECTOR('',#9061,1.);
#9061 = DIRECTION('',(1.,0.,0.));
#9062 = ORIENTED_EDGE('',*,*,#9063,.T.);
#9063 = EDGE_CURVE('',#9054,#9001,#9064,.T.);
#9064 = LINE('',#9065,#9066);
#9065 = CARTESIAN_POINT('',(-525.,620.,150.));
#9066 = VECTOR('',#9067,1.);
#9067 = DIRECTION('',(0.,0.,1.));
#9068 = ORIENTED_EDGE('',*,*,#9000,.T.);
#9069 = ORIENTED_EDGE('',*,*,#8683,.T.);
#9070 = ORIENTED_EDGE('',*,*,#9071,.F.);
#9071 = EDGE_CURVE('',#9072,#8676,#9074,.T.);
#9072 = VERTEX_POINT('',#9073);
#9073 = CARTESIAN_POINT('',(-455.,620.,175.));
#9074 = LINE('',#9075,#9076);
#9075 = CARTESIAN_POINT('',(-455.,620.,150.));
#9076 = VECTOR('',#9077,1.);
#9077 = DIRECTION('',(0.,0.,1.));
#9078 = ORIENTED_EDGE('',*,*,#9079,.F.);
#9079 = EDGE_CURVE('',#9080,#9072,#9082,.T.);
#9080 = VERTEX_POINT('',#9081);
#9081 = CARTESIAN_POINT('',(-480.,620.,175.));
#9082 = LINE('',#9083,#9084);
#9083 = CARTESIAN_POINT('',(-480.,620.,175.));
#9084 = VECTOR('',#9085,1.);
#9085 = DIRECTION('',(1.,-2.2E-16,2.2E-16));
#9086 = ORIENTED_EDGE('',*,*,#9087,.T.);
#9087 = EDGE_CURVE('',#9080,#9056,#9088,.T.);
#9088 = LINE('',#9089,#9090);
#9089 = CARTESIAN_POINT('',(-480.,620.,175.));
#9090 = VECTOR('',#9091,1.);
#9091 = DIRECTION('',(2.2E-16,-0.,-1.));
#9092 = PLANE('',#9093);
#9093 = AXIS2_PLACEMENT_3D('',#9094,#9095,#9096);
#9094 = CARTESIAN_POINT('',(-490.,620.,80.));
#9095 = DIRECTION('',(0.,1.,0.));
#9096 = DIRECTION('',(0.,0.,1.));
#9097 = ADVANCED_FACE('',(#9098),#9140,.T.);
#9098 = FACE_BOUND('',#9099,.T.);
#9099 = EDGE_LOOP('',(#9100,#9108,#9109,#9110,#9118,#9126,#9134));
#9100 = ORIENTED_EDGE('',*,*,#9101,.F.);
#9101 = EDGE_CURVE('',#8652,#9102,#9104,.T.);
#9102 = VERTEX_POINT('',#9103);
#9103 = CARTESIAN_POINT('',(455.,620.,175.));
#9104 = LINE('',#9105,#9106);
#9105 = CARTESIAN_POINT('',(455.,620.,0.));
#9106 = VECTOR('',#9107,1.);
#9107 = DIRECTION('',(0.,0.,-1.));
#9108 = ORIENTED_EDGE('',*,*,#8651,.T.);
#9109 = ORIENTED_EDGE('',*,*,#9022,.T.);
#9110 = ORIENTED_EDGE('',*,*,#9111,.T.);
#9111 = EDGE_CURVE('',#9023,#9112,#9114,.T.);
#9112 = VERTEX_POINT('',#9113);
#9113 = CARTESIAN_POINT('',(525.,620.,-25.));
#9114 = LINE('',#9115,#9116);
#9115 = CARTESIAN_POINT('',(525.,620.,0.));
#9116 = VECTOR('',#9117,1.);
#9117 = DIRECTION('',(0.,0.,-1.));
#9118 = ORIENTED_EDGE('',*,*,#9119,.F.);
#9119 = EDGE_CURVE('',#9120,#9112,#9122,.T.);
#9120 = VERTEX_POINT('',#9121);
#9121 = CARTESIAN_POINT('',(480.,620.,-25.));
#9122 = LINE('',#9123,#9124);
#9123 = CARTESIAN_POINT('',(455.,620.,-25.));
#9124 = VECTOR('',#9125,1.);
#9125 = DIRECTION('',(1.,0.,0.));
#9126 = ORIENTED_EDGE('',*,*,#9127,.F.);
#9127 = EDGE_CURVE('',#9128,#9120,#9130,.T.);
#9128 = VERTEX_POINT('',#9129);
#9129 = CARTESIAN_POINT('',(480.,620.,175.));
#9130 = LINE('',#9131,#9132);
#9131 = CARTESIAN_POINT('',(480.,620.,175.));
#9132 = VECTOR('',#9133,1.);
#9133 = DIRECTION('',(0.,0.,-1.));
#9134 = ORIENTED_EDGE('',*,*,#9135,.T.);
#9135 = EDGE_CURVE('',#9128,#9102,#9136,.T.);
#9136 = LINE('',#9137,#9138);
#9137 = CARTESIAN_POINT('',(480.,620.,175.));
#9138 = VECTOR('',#9139,1.);
#9139 = DIRECTION('',(-1.,0.,0.));
#9140 = PLANE('',#9141);
#9141 = AXIS2_PLACEMENT_3D('',#9142,#9143,#9144);
#9142 = CARTESIAN_POINT('',(490.,620.,80.));
#9143 = DIRECTION('',(0.,1.,0.));
#9144 = DIRECTION('',(0.,0.,1.));
#9145 = ADVANCED_FACE('',(#9146),#9172,.T.);
#9146 = FACE_BOUND('',#9147,.T.);
#9147 = EDGE_LOOP('',(#9148,#9156,#9157,#9158,#9166));
#9148 = ORIENTED_EDGE('',*,*,#9149,.T.);
#9149 = EDGE_CURVE('',#9150,#9072,#9152,.T.);
#9150 = VERTEX_POINT('',#9151);
#9151 = CARTESIAN_POINT('',(-455.,620.,-25.));
#9152 = LINE('',#9153,#9154);
#9153 = CARTESIAN_POINT('',(-455.,620.,150.));
#9154 = VECTOR('',#9155,1.);
#9155 = DIRECTION('',(0.,0.,1.));
#9156 = ORIENTED_EDGE('',*,*,#9071,.T.);
#9157 = ORIENTED_EDGE('',*,*,#8675,.T.);
#9158 = ORIENTED_EDGE('',*,*,#9159,.T.);
#9159 = EDGE_CURVE('',#8668,#9160,#9162,.T.);
#9160 = VERTEX_POINT('',#9161);
#9161 = CARTESIAN_POINT('',(-210.,770.,-25.));
#9162 = LINE('',#9163,#9164);
#9163 = CARTESIAN_POINT('',(-210.,770.,0.));
#9164 = VECTOR('',#9165,1.);
#9165 = DIRECTION('',(0.,0.,-1.));
#9166 = ORIENTED_EDGE('',*,*,#9167,.F.);
#9167 = EDGE_CURVE('',#9150,#9160,#9168,.T.);
#9168 = LINE('',#9169,#9170);
#9169 = CARTESIAN_POINT('',(-455.,620.,-25.));
#9170 = VECTOR('',#9171,1.);
#9171 = DIRECTION('',(0.852851304076,0.522153859639,0.));
#9172 = PLANE('',#9173);
#9173 = AXIS2_PLACEMENT_3D('',#9174,#9175,#9176);
#9174 = CARTESIAN_POINT('',(-332.5,695.,80.));
#9175 = DIRECTION('',(-0.522153859639,0.852851304076,0.));
#9176 = DIRECTION('',(0.852851304076,0.522153859639,0.));
#9177 = ADVANCED_FACE('',(#9178),#9204,.T.);
#9178 = FACE_BOUND('',#9179,.T.);
#9179 = EDGE_LOOP('',(#9180,#9181,#9182,#9190,#9198));
#9180 = ORIENTED_EDGE('',*,*,#8659,.T.);
#9181 = ORIENTED_EDGE('',*,*,#9101,.T.);
#9182 = ORIENTED_EDGE('',*,*,#9183,.T.);
#9183 = EDGE_CURVE('',#9102,#9184,#9186,.T.);
#9184 = VERTEX_POINT('',#9185);
#9185 = CARTESIAN_POINT('',(455.,620.,-25.));
#9186 = LINE('',#9187,#9188);
#9187 = CARTESIAN_POINT('',(455.,620.,0.));
#9188 = VECTOR('',#9189,1.);
#9189 = DIRECTION('',(0.,0.,-1.));
#9190 = ORIENTED_EDGE('',*,*,#9191,.F.);
#9191 = EDGE_CURVE('',#9192,#9184,#9194,.T.);
#9192 = VERTEX_POINT('',#9193);
#9193 = CARTESIAN_POINT('',(210.,770.,-25.));
#9194 = LINE('',#9195,#9196);
#9195 = CARTESIAN_POINT('',(210.,770.,-25.));
#9196 = VECTOR('',#9197,1.);
#9197 = DIRECTION('',(0.852851304076,-0.522153859639,0.));
#9198 = ORIENTED_EDGE('',*,*,#9199,.F.);
#9199 = EDGE_CURVE('',#8660,#9192,#9200,.T.);
#9200 = LINE('',#9201,#9202);
#9201 = CARTESIAN_POINT('',(210.,770.,0.));
#9202 = VECTOR('',#9203,1.);
#9203 = DIRECTION('',(0.,0.,-1.));
#9204 = PLANE('',#9205);
#9205 = AXIS2_PLACEMENT_3D('',#9206,#9207,#9208);
#9206 = CARTESIAN_POINT('',(332.5,695.,80.));
#9207 = DIRECTION('',(0.522153859639,0.852851304076,0.));
#9208 = DIRECTION('',(0.852851304076,-0.522153859639,0.));
#9209 = ADVANCED_FACE('',(#9210),#9221,.T.);
#9210 = FACE_BOUND('',#9211,.T.);
#9211 = EDGE_LOOP('',(#9212,#9213,#9214,#9220));
#9212 = ORIENTED_EDGE('',*,*,#8667,.T.);
#9213 = ORIENTED_EDGE('',*,*,#9199,.T.);
#9214 = ORIENTED_EDGE('',*,*,#9215,.F.);
#9215 = EDGE_CURVE('',#9160,#9192,#9216,.T.);
#9216 = LINE('',#9217,#9218);
#9217 = CARTESIAN_POINT('',(-210.,770.,-25.));
#9218 = VECTOR('',#9219,1.);
#9219 = DIRECTION('',(1.,0.,0.));
#9220 = ORIENTED_EDGE('',*,*,#9159,.F.);
#9221 = PLANE('',#9222);
#9222 = AXIS2_PLACEMENT_3D('',#9223,#9224,#9225);
#9223 = CARTESIAN_POINT('',(0.,770.,80.));
#9224 = DIRECTION('',(0.,1.,0.));
#9225 = DIRECTION('',(0.,0.,1.));
#9226 = ADVANCED_FACE('',(#9227),#9246,.T.);
#9227 = FACE_BOUND('',#9228,.F.);
#9228 = EDGE_LOOP('',(#9229,#9237,#9244,#9245));
#9229 = ORIENTED_EDGE('',*,*,#9230,.T.);
#9230 = EDGE_CURVE('',#8716,#9231,#9233,.T.);
#9231 = VERTEX_POINT('',#9232);
#9232 = CARTESIAN_POINT('',(360.,0.,235.));
#9233 = LINE('',#9234,#9235);
#9234 = CARTESIAN_POINT('',(360.,0.,185.));
#9235 = VECTOR('',#9236,1.);
#9236 = DIRECTION('',(0.,0.,1.));
#9237 = ORIENTED_EDGE('',*,*,#9238,.T.);
#9238 = EDGE_CURVE('',#9231,#9231,#9239,.T.);
#9239 = CIRCLE('',#9240,360.);
#9240 = AXIS2_PLACEMENT_3D('',#9241,#9242,#9243);
#9241 = CARTESIAN_POINT('',(0.,0.,235.));
#9242 = DIRECTION('',(0.,0.,1.));
#9243 = DIRECTION('',(1.,0.,0.));
#9244 = ORIENTED_EDGE('',*,*,#9230,.F.);
#9245 = ORIENTED_EDGE('',*,*,#8715,.F.);
#9246 = CYLINDRICAL_SURFACE('',#9247,360.);
#9247 = AXIS2_PLACEMENT_3D('',#9248,#9249,#9250);
#9248 = CARTESIAN_POINT('',(0.,0.,185.));
#9249 = DIRECTION('',(-0.,-0.,-1.));
#9250 = DIRECTION('',(1.,0.,0.));
#9251 = ADVANCED_FACE('',(#9252),#9271,.T.);
#9252 = FACE_BOUND('',#9253,.F.);
#9253 = EDGE_LOOP('',(#9254,#9262,#9269,#9270));
#9254 = ORIENTED_EDGE('',*,*,#9255,.T.);
#9255 = EDGE_CURVE('',#8730,#9256,#9258,.T.);
#9256 = VERTEX_POINT('',#9257);
#9257 = CARTESIAN_POINT('',(125.,607.5,275.));
#9258 = LINE('',#9259,#9260);
#9259 = CARTESIAN_POINT('',(125.,607.5,185.));
#9260 = VECTOR('',#9261,1.);
#9261 = DIRECTION('',(0.,0.,1.));
#9262 = ORIENTED_EDGE('',*,*,#9263,.T.);
#9263 = EDGE_CURVE('',#9256,#9256,#9264,.T.);
#9264 = CIRCLE('',#9265,125.);
#9265 = AXIS2_PLACEMENT_3D('',#9266,#9267,#9268);
#9266 = CARTESIAN_POINT('',(0.,607.5,275.));
#9267 = DIRECTION('',(0.,0.,1.));
#9268 = DIRECTION('',(1.,0.,0.));
#9269 = ORIENTED_EDGE('',*,*,#9255,.F.);
#9270 = ORIENTED_EDGE('',*,*,#8729,.F.);
#9271 = CYLINDRICAL_SURFACE('',#9272,125.);
#9272 = AXIS2_PLACEMENT_3D('',#9273,#9274,#9275);
#9273 = CARTESIAN_POINT('',(0.,607.5,185.));
#9274 = DIRECTION('',(-0.,-0.,-1.));
#9275 = DIRECTION('',(1.,0.,0.));
#9276 = ADVANCED_FACE('',(#9277),#9296,.T.);
#9277 = FACE_BOUND('',#9278,.F.);
#9278 = EDGE_LOOP('',(#9279,#9287,#9294,#9295));
#9279 = ORIENTED_EDGE('',*,*,#9280,.T.);
#9280 = EDGE_CURVE('',#8741,#9281,#9283,.T.);
#9281 = VERTEX_POINT('',#9282);
#9282 = CARTESIAN_POINT('',(440.,482.5,275.));
#9283 = LINE('',#9284,#9285);
#9284 = CARTESIAN_POINT('',(440.,482.5,185.));
#9285 = VECTOR('',#9286,1.);
#9286 = DIRECTION('',(0.,0.,1.));
#9287 = ORIENTED_EDGE('',*,*,#9288,.T.);
#9288 = EDGE_CURVE('',#9281,#9281,#9289,.T.);
#9289 = CIRCLE('',#9290,125.);
#9290 = AXIS2_PLACEMENT_3D('',#9291,#9292,#9293);
#9291 = CARTESIAN_POINT('',(315.,482.5,275.));
#9292 = DIRECTION('',(0.,0.,1.));
#9293 = DIRECTION('',(1.,0.,0.));
#9294 = ORIENTED_EDGE('',*,*,#9280,.F.);
#9295 = ORIENTED_EDGE('',*,*,#8740,.F.);
#9296 = CYLINDRICAL_SURFACE('',#9297,125.);
#9297 = AXIS2_PLACEMENT_3D('',#9298,#9299,#9300);
#9298 = CARTESIAN_POINT('',(315.,482.5,185.));
#9299 = DIRECTION('',(-0.,-0.,-1.));
#9300 = DIRECTION('',(1.,0.,0.));
#9301 = ADVANCED_FACE('',(#9302),#9314,.F.);
#9302 = FACE_BOUND('',#9303,.F.);
#9303 = EDGE_LOOP('',(#9304,#9311,#9312,#9313));
#9304 = ORIENTED_EDGE('',*,*,#9305,.F.);
#9305 = EDGE_CURVE('',#8790,#8814,#9306,.T.);
#9306 = CIRCLE('',#9307,525.625);
#9307 = AXIS2_PLACEMENT_3D('',#9308,#9309,#9310);
#9308 = CARTESIAN_POINT('',(0.,25.625,150.));
#9309 = DIRECTION('',(0.,0.,1.));
#9310 = DIRECTION('',(1.,0.,0.));
#9311 = ORIENTED_EDGE('',*,*,#8797,.T.);
#9312 = ORIENTED_EDGE('',*,*,#8774,.T.);
#9313 = ORIENTED_EDGE('',*,*,#8823,.F.);
#9314 = PLANE('',#9315);
#9315 = AXIS2_PLACEMENT_3D('',#9316,#9317,#9318);
#9316 = CARTESIAN_POINT('',(-1.338E-14,158.34180068608,150.));
#9317 = DIRECTION('',(0.,0.,1.));
#9318 = DIRECTION('',(1.,0.,0.));
#9319 = ADVANCED_FACE('',(#9320),#9362,.T.);
#9320 = FACE_BOUND('',#9321,.F.);
#9321 = EDGE_LOOP('',(#9322,#9330,#9331,#9332,#9340,#9348,#9356));
#9322 = ORIENTED_EDGE('',*,*,#9323,.F.);
#9323 = EDGE_CURVE('',#8848,#9324,#9326,.T.);
#9324 = VERTEX_POINT('',#9325);
#9325 = CARTESIAN_POINT('',(-550.,4.4E-13,271.16116523657));
#9326 = LINE('',#9327,#9328);
#9327 = CARTESIAN_POINT('',(-525.,4.3453E-13,271.16116523657));
#9328 = VECTOR('',#9329,1.);
#9329 = DIRECTION('',(-1.,2.2E-16,-2.2E-16));
#9330 = ORIENTED_EDGE('',*,*,#8856,.T.);
#9331 = ORIENTED_EDGE('',*,*,#8789,.T.);
#9332 = ORIENTED_EDGE('',*,*,#9333,.F.);
#9333 = EDGE_CURVE('',#9334,#8790,#9336,.T.);
#9334 = VERTEX_POINT('',#9335);
#9335 = CARTESIAN_POINT('',(-525.,-5.3E-14,0.));
#9336 = LINE('',#9337,#9338);
#9337 = CARTESIAN_POINT('',(-525.,-5.329E-14,0.));
#9338 = VECTOR('',#9339,1.);
#9339 = DIRECTION('',(0.,0.,1.));
#9340 = ORIENTED_EDGE('',*,*,#9341,.T.);
#9341 = EDGE_CURVE('',#9334,#9342,#9344,.T.);
#9342 = VERTEX_POINT('',#9343);
#9343 = CARTESIAN_POINT('',(-525.,1.7E-14,-25.));
#9344 = LINE('',#9345,#9346);
#9345 = CARTESIAN_POINT('',(-525.,1.707E-14,175.));
#9346 = VECTOR('',#9347,1.);
#9347 = DIRECTION('',(2.2E-16,0.,-1.));
#9348 = ORIENTED_EDGE('',*,*,#9349,.T.);
#9349 = EDGE_CURVE('',#9342,#9350,#9352,.T.);
#9350 = VERTEX_POINT('',#9351);
#9351 = CARTESIAN_POINT('',(-550.,2.3E-14,-25.));
#9352 = LINE('',#9353,#9354);
#9353 = CARTESIAN_POINT('',(-525.,1.707E-14,-25.));
#9354 = VECTOR('',#9355,1.);
#9355 = DIRECTION('',(-1.,2.2E-16,-2.2E-16));
#9356 = ORIENTED_EDGE('',*,*,#9357,.T.);
#9357 = EDGE_CURVE('',#9350,#9324,#9358,.T.);
#9358 = LINE('',#9359,#9360);
#9359 = CARTESIAN_POINT('',(-550.,2.262E-14,175.));
#9360 = VECTOR('',#9361,1.);
#9361 = DIRECTION('',(-2.2E-16,0.,1.));
#9362 = PLANE('',#9363);
#9363 = AXIS2_PLACEMENT_3D('',#9364,#9365,#9366);
#9364 = CARTESIAN_POINT('',(-537.5,3.61E-14,123.08058261828));
#9365 = DIRECTION('',(-2.2E-16,-1.,-0.));
#9366 = DIRECTION('',(-2.2E-16,4.84E-32,1.));
#9367 = ADVANCED_FACE('',(#9368),#9410,.T.);
#9368 = FACE_BOUND('',#9369,.T.);
#9369 = EDGE_LOOP('',(#9370,#9378,#9379,#9380,#9388,#9396,#9404));
#9370 = ORIENTED_EDGE('',*,*,#9371,.F.);
#9371 = EDGE_CURVE('',#8925,#9372,#9374,.T.);
#9372 = VERTEX_POINT('',#9373);
#9373 = CARTESIAN_POINT('',(550.,3.18E-13,271.16116523657));
#9374 = LINE('',#9375,#9376);
#9375 = CARTESIAN_POINT('',(525.,3.1796E-13,271.16116523657));
#9376 = VECTOR('',#9377,1.);
#9377 = DIRECTION('',(1.,0.,0.));
#9378 = ORIENTED_EDGE('',*,*,#8933,.T.);
#9379 = ORIENTED_EDGE('',*,*,#8813,.T.);
#9380 = ORIENTED_EDGE('',*,*,#9381,.F.);
#9381 = EDGE_CURVE('',#9382,#8814,#9384,.T.);
#9382 = VERTEX_POINT('',#9383);
#9383 = CARTESIAN_POINT('',(525.,-7.E-15,0.));
#9384 = LINE('',#9385,#9386);
#9385 = CARTESIAN_POINT('',(525.,-7.11E-15,0.));
#9386 = VECTOR('',#9387,1.);
#9387 = DIRECTION('',(0.,0.,1.));
#9388 = ORIENTED_EDGE('',*,*,#9389,.T.);
#9389 = EDGE_CURVE('',#9382,#9390,#9392,.T.);
#9390 = VERTEX_POINT('',#9391);
#9391 = CARTESIAN_POINT('',(525.,-1.E-13,-25.));
#9392 = LINE('',#9393,#9394);
#9393 = CARTESIAN_POINT('',(525.,-9.95E-14,175.));
#9394 = VECTOR('',#9395,1.);
#9395 = DIRECTION('',(0.,0.,-1.));
#9396 = ORIENTED_EDGE('',*,*,#9397,.T.);
#9397 = EDGE_CURVE('',#9390,#9398,#9400,.T.);
#9398 = VERTEX_POINT('',#9399);
#9399 = CARTESIAN_POINT('',(550.,-1.E-13,-25.));
#9400 = LINE('',#9401,#9402);
#9401 = CARTESIAN_POINT('',(525.,-9.95E-14,-25.));
#9402 = VECTOR('',#9403,1.);
#9403 = DIRECTION('',(1.,0.,0.));
#9404 = ORIENTED_EDGE('',*,*,#9405,.T.);
#9405 = EDGE_CURVE('',#9398,#9372,#9406,.T.);
#9406 = LINE('',#9407,#9408);
#9407 = CARTESIAN_POINT('',(550.,-9.95E-14,175.));
#9408 = VECTOR('',#9409,1.);
#9409 = DIRECTION('',(0.,0.,1.));
#9410 = PLANE('',#9411);
#9411 = AXIS2_PLACEMENT_3D('',#9412,#9413,#9414);
#9412 = CARTESIAN_POINT('',(537.5,-8.325E-14,123.08058261828));
#9413 = DIRECTION('',(-0.,-1.,-0.));
#9414 = DIRECTION('',(0.,0.,-1.));
#9415 = ADVANCED_FACE('',(#9416),#9441,.T.);
#9416 = FACE_BOUND('',#9417,.F.);
#9417 = EDGE_LOOP('',(#9418,#9426,#9434,#9440));
#9418 = ORIENTED_EDGE('',*,*,#9419,.T.);
#9419 = EDGE_CURVE('',#8838,#9420,#9422,.T.);
#9420 = VERTEX_POINT('',#9421);
#9421 = CARTESIAN_POINT('',(-550.,5.555555555557,286.87464926147));
#9422 = LINE('',#9423,#9424);
#9423 = CARTESIAN_POINT('',(-525.,5.555555555557,286.87464926147));
#9424 = VECTOR('',#9425,1.);
#9425 = DIRECTION('',(-1.,2.2E-16,-2.2E-16));
#9426 = ORIENTED_EDGE('',*,*,#9427,.T.);
#9427 = EDGE_CURVE('',#9420,#9428,#9430,.T.);
#9428 = VERTEX_POINT('',#9429);
#9429 = CARTESIAN_POINT('',(-550.,35.555555555556,323.99775527382));
#9430 = LINE('',#9431,#9432);
#9431 = CARTESIAN_POINT('',(-550.,5.555555555557,286.87464926147));
#9432 = VECTOR('',#9433,1.);
#9433 = DIRECTION('',(-3.E-17,0.628539361054,0.777777777778));
#9434 = ORIENTED_EDGE('',*,*,#9435,.F.);
#9435 = EDGE_CURVE('',#8840,#9428,#9436,.T.);
#9436 = LINE('',#9437,#9438);
#9437 = CARTESIAN_POINT('',(-525.,35.555555555556,323.99775527382));
#9438 = VECTOR('',#9439,1.);
#9439 = DIRECTION('',(-1.,2.2E-16,-2.2E-16));
#9440 = ORIENTED_EDGE('',*,*,#8837,.F.);
#9441 = PLANE('',#9442);
#9442 = AXIS2_PLACEMENT_3D('',#9443,#9444,#9445);
#9443 = CARTESIAN_POINT('',(-525.,5.555555555557,286.87464926147));
#9444 = DIRECTION('',(-3.1E-16,-0.777777777778,0.628539361054));
#9445 = DIRECTION('',(3.E-17,-0.628539361054,-0.777777777778));
#9446 = ADVANCED_FACE('',(#9447),#9466,.T.);
#9447 = FACE_BOUND('',#9448,.T.);
#9448 = EDGE_LOOP('',(#9449,#9457,#9464,#9465));
#9449 = ORIENTED_EDGE('',*,*,#9450,.T.);
#9450 = EDGE_CURVE('',#8881,#9451,#9453,.T.);
#9451 = VERTEX_POINT('',#9452);
#9452 = CARTESIAN_POINT('',(-550.,144.44444444444,323.99775527382));
#9453 = LINE('',#9454,#9455);
#9454 = CARTESIAN_POINT('',(-525.,144.44444444444,323.99775527382));
#9455 = VECTOR('',#9456,1.);
#9456 = DIRECTION('',(-1.,2.2E-16,-2.2E-16));
#9457 = ORIENTED_EDGE('',*,*,#9458,.T.);
#9458 = EDGE_CURVE('',#9451,#9428,#9459,.T.);
#9459 = CIRCLE('',#9460,70.);
#9460 = AXIS2_PLACEMENT_3D('',#9461,#9462,#9463);
#9461 = CARTESIAN_POINT('',(-550.,90.,280.));
#9462 = DIRECTION('',(1.,-2.2E-16,2.2E-16));
#9463 = DIRECTION('',(2.2E-16,1.,0.));
#9464 = ORIENTED_EDGE('',*,*,#9435,.F.);
#9465 = ORIENTED_EDGE('',*,*,#8888,.F.);
#9466 = CYLINDRICAL_SURFACE('',#9467,70.);
#9467 = AXIS2_PLACEMENT_3D('',#9468,#9469,#9470);
#9468 = CARTESIAN_POINT('',(-525.,90.,280.));
#9469 = DIRECTION('',(1.,-2.2E-16,2.2E-16));
#9470 = DIRECTION('',(2.2E-16,1.,0.));
#9471 = ADVANCED_FACE('',(#9472),#9490,.F.);
#9472 = FACE_BOUND('',#9473,.T.);
#9473 = EDGE_LOOP('',(#9474,#9482,#9488,#9489));
#9474 = ORIENTED_EDGE('',*,*,#9475,.T.);
#9475 = EDGE_CURVE('',#8872,#9476,#9478,.T.);
#9476 = VERTEX_POINT('',#9477);
#9477 = CARTESIAN_POINT('',(-550.,174.44444444444,286.87464926153));
#9478 = LINE('',#9479,#9480);
#9479 = CARTESIAN_POINT('',(-525.,174.44444444444,286.87464926153));
#9480 = VECTOR('',#9481,1.);
#9481 = DIRECTION('',(-1.,2.2E-16,-2.2E-16));
#9482 = ORIENTED_EDGE('',*,*,#9483,.T.);
#9483 = EDGE_CURVE('',#9476,#9451,#9484,.T.);
#9484 = LINE('',#9485,#9486);
#9485 = CARTESIAN_POINT('',(-550.,174.44444444444,286.87464926153));
#9486 = VECTOR('',#9487,1.);
#9487 = DIRECTION('',(-3.1E-16,-0.628539361055,0.777777777778));
#9488 = ORIENTED_EDGE('',*,*,#9450,.F.);
#9489 = ORIENTED_EDGE('',*,*,#8880,.F.);
#9490 = PLANE('',#9491);
#9491 = AXIS2_PLACEMENT_3D('',#9492,#9493,#9494);
#9492 = CARTESIAN_POINT('',(-525.,174.44444444444,286.87464926153));
#9493 = DIRECTION('',(-3.E-17,-0.777777777778,-0.628539361055));
#9494 = DIRECTION('',(3.1E-16,0.628539361055,-0.777777777778));
#9495 = ADVANCED_FACE('',(#9496),#9515,.T.);
#9496 = FACE_BOUND('',#9497,.T.);
#9497 = EDGE_LOOP('',(#9498,#9506,#9513,#9514));
#9498 = ORIENTED_EDGE('',*,*,#9499,.T.);
#9499 = EDGE_CURVE('',#8864,#9500,#9502,.T.);
#9500 = VERTEX_POINT('',#9501);
#9501 = CARTESIAN_POINT('',(-550.,180.,271.16116523516));
#9502 = LINE('',#9503,#9504);
#9503 = CARTESIAN_POINT('',(-525.,180.,271.16116523516));
#9504 = VECTOR('',#9505,1.);
#9505 = DIRECTION('',(-1.,2.2E-16,-2.2E-16));
#9506 = ORIENTED_EDGE('',*,*,#9507,.T.);
#9507 = EDGE_CURVE('',#9500,#9476,#9508,.T.);
#9508 = CIRCLE('',#9509,25.);
#9509 = AXIS2_PLACEMENT_3D('',#9510,#9511,#9512);
#9510 = CARTESIAN_POINT('',(-550.,155.,271.16116523516));
#9511 = DIRECTION('',(1.,-2.2E-16,2.2E-16));
#9512 = DIRECTION('',(2.2E-16,1.,0.));
#9513 = ORIENTED_EDGE('',*,*,#9475,.F.);
#9514 = ORIENTED_EDGE('',*,*,#8871,.F.);
#9515 = CYLINDRICAL_SURFACE('',#9516,25.);
#9516 = AXIS2_PLACEMENT_3D('',#9517,#9518,#9519);
#9517 = CARTESIAN_POINT('',(-525.,155.,271.16116523516));
#9518 = DIRECTION('',(1.,-2.2E-16,2.2E-16));
#9519 = DIRECTION('',(2.2E-16,1.,0.));
#9520 = ADVANCED_FACE('',(#9521),#9540,.T.);
#9521 = FACE_BOUND('',#9522,.F.);
#9522 = EDGE_LOOP('',(#9523,#9524,#9532,#9538,#9539));
#9523 = ORIENTED_EDGE('',*,*,#9499,.T.);
#9524 = ORIENTED_EDGE('',*,*,#9525,.T.);
#9525 = EDGE_CURVE('',#9500,#9526,#9528,.T.);
#9526 = VERTEX_POINT('',#9527);
#9527 = CARTESIAN_POINT('',(-550.,180.,175.));
#9528 = LINE('',#9529,#9530);
#9529 = CARTESIAN_POINT('',(-550.,180.,271.16116523516));
#9530 = VECTOR('',#9531,1.);
#9531 = DIRECTION('',(2.2E-16,0.,-1.));
#9532 = ORIENTED_EDGE('',*,*,#9533,.F.);
#9533 = EDGE_CURVE('',#8992,#9526,#9534,.T.);
#9534 = LINE('',#9535,#9536);
#9535 = CARTESIAN_POINT('',(-525.,180.,175.));
#9536 = VECTOR('',#9537,1.);
#9537 = DIRECTION('',(-1.,2.2E-16,-2.2E-16));
#9538 = ORIENTED_EDGE('',*,*,#8991,.F.);
#9539 = ORIENTED_EDGE('',*,*,#8863,.F.);
#9540 = PLANE('',#9541);
#9541 = AXIS2_PLACEMENT_3D('',#9542,#9543,#9544);
#9542 = CARTESIAN_POINT('',(-525.,180.,271.16116523516));
#9543 = DIRECTION('',(2.2E-16,1.,0.));
#9544 = DIRECTION('',(-2.2E-16,4.84E-32,1.));
#9545 = ADVANCED_FACE('',(#9546),#9558,.T.);
#9546 = FACE_BOUND('',#9547,.T.);
#9547 = EDGE_LOOP('',(#9548,#9549,#9556,#9557));
#9548 = ORIENTED_EDGE('',*,*,#9419,.T.);
#9549 = ORIENTED_EDGE('',*,*,#9550,.T.);
#9550 = EDGE_CURVE('',#9420,#9324,#9551,.T.);
#9551 = CIRCLE('',#9552,25.);
#9552 = AXIS2_PLACEMENT_3D('',#9553,#9554,#9555);
#9553 = CARTESIAN_POINT('',(-550.,25.000000000001,271.1611652351));
#9554 = DIRECTION('',(1.,-2.2E-16,2.2E-16));
#9555 = DIRECTION('',(2.2E-16,1.,0.));
#9556 = ORIENTED_EDGE('',*,*,#9323,.F.);
#9557 = ORIENTED_EDGE('',*,*,#8847,.F.);
#9558 = CYLINDRICAL_SURFACE('',#9559,25.);
#9559 = AXIS2_PLACEMENT_3D('',#9560,#9561,#9562);
#9560 = CARTESIAN_POINT('',(-525.,25.000000000001,271.1611652351));
#9561 = DIRECTION('',(1.,-2.2E-16,2.2E-16));
#9562 = DIRECTION('',(2.2E-16,1.,0.));
#9563 = ADVANCED_FACE('',(#9564),#9582,.F.);
#9564 = FACE_BOUND('',#9565,.F.);
#9565 = EDGE_LOOP('',(#9566,#9567,#9574,#9581));
#9566 = ORIENTED_EDGE('',*,*,#8897,.F.);
#9567 = ORIENTED_EDGE('',*,*,#9568,.F.);
#9568 = EDGE_CURVE('',#9569,#8898,#9571,.T.);
#9569 = VERTEX_POINT('',#9570);
#9570 = CARTESIAN_POINT('',(-554.9999999999,120.,280.));
#9571 = B_SPLINE_CURVE_WITH_KNOTS('',1,(#9572,#9573),.UNSPECIFIED.,.F.,
  .F.,(2,2),(-29.99999999999,1.1369E-13),.PIECEWISE_BEZIER_KNOTS.);
#9572 = CARTESIAN_POINT('',(-554.9999999999,120.,280.));
#9573 = CARTESIAN_POINT('',(-525.,120.,280.));
#9574 = ORIENTED_EDGE('',*,*,#9575,.T.);
#9575 = EDGE_CURVE('',#9569,#9569,#9576,.T.);
#9576 = CIRCLE('',#9577,30.);
#9577 = AXIS2_PLACEMENT_3D('',#9578,#9579,#9580);
#9578 = CARTESIAN_POINT('',(-554.9999999999,90.,280.));
#9579 = DIRECTION('',(1.,-1.1E-16,-3.89E-15));
#9580 = DIRECTION('',(1.1E-16,1.,0.));
#9581 = ORIENTED_EDGE('',*,*,#9568,.T.);
#9582 = CYLINDRICAL_SURFACE('',#9583,30.);
#9583 = AXIS2_PLACEMENT_3D('',#9584,#9585,#9586);
#9584 = CARTESIAN_POINT('',(-525.,90.,280.));
#9585 = DIRECTION('',(1.,-2.2E-16,2.2E-16));
#9586 = DIRECTION('',(2.2E-16,1.,0.));
#9587 = ADVANCED_FACE('',(#9588),#9613,.T.);
#9588 = FACE_BOUND('',#9589,.T.);
#9589 = EDGE_LOOP('',(#9590,#9598,#9606,#9612));
#9590 = ORIENTED_EDGE('',*,*,#9591,.T.);
#9591 = EDGE_CURVE('',#8915,#9592,#9594,.T.);
#9592 = VERTEX_POINT('',#9593);
#9593 = CARTESIAN_POINT('',(550.,5.555555555556,286.87464926147));
#9594 = LINE('',#9595,#9596);
#9595 = CARTESIAN_POINT('',(525.,5.555555555556,286.87464926147));
#9596 = VECTOR('',#9597,1.);
#9597 = DIRECTION('',(1.,0.,0.));
#9598 = ORIENTED_EDGE('',*,*,#9599,.T.);
#9599 = EDGE_CURVE('',#9592,#9600,#9602,.T.);
#9600 = VERTEX_POINT('',#9601);
#9601 = CARTESIAN_POINT('',(550.,35.555555555555,323.99775527383));
#9602 = LINE('',#9603,#9604);
#9603 = CARTESIAN_POINT('',(550.,5.555555555556,286.87464926147));
#9604 = VECTOR('',#9605,1.);
#9605 = DIRECTION('',(0.,0.628539361054,0.777777777778));
#9606 = ORIENTED_EDGE('',*,*,#9607,.F.);
#9607 = EDGE_CURVE('',#8917,#9600,#9608,.T.);
#9608 = LINE('',#9609,#9610);
#9609 = CARTESIAN_POINT('',(525.,35.555555555555,323.99775527383));
#9610 = VECTOR('',#9611,1.);
#9611 = DIRECTION('',(1.,0.,0.));
#9612 = ORIENTED_EDGE('',*,*,#8914,.F.);
#9613 = PLANE('',#9614);
#9614 = AXIS2_PLACEMENT_3D('',#9615,#9616,#9617);
#9615 = CARTESIAN_POINT('',(525.,5.555555555556,286.87464926147));
#9616 = DIRECTION('',(0.,-0.777777777778,0.628539361054));
#9617 = DIRECTION('',(0.,0.628539361054,0.777777777778));
#9618 = ADVANCED_FACE('',(#9619),#9638,.T.);
#9619 = FACE_BOUND('',#9620,.F.);
#9620 = EDGE_LOOP('',(#9621,#9629,#9636,#9637));
#9621 = ORIENTED_EDGE('',*,*,#9622,.T.);
#9622 = EDGE_CURVE('',#8958,#9623,#9625,.T.);
#9623 = VERTEX_POINT('',#9624);
#9624 = CARTESIAN_POINT('',(550.,144.44444444444,323.99775527383));
#9625 = LINE('',#9626,#9627);
#9626 = CARTESIAN_POINT('',(525.,144.44444444444,323.99775527383));
#9627 = VECTOR('',#9628,1.);
#9628 = DIRECTION('',(1.,0.,0.));
#9629 = ORIENTED_EDGE('',*,*,#9630,.T.);
#9630 = EDGE_CURVE('',#9623,#9600,#9631,.T.);
#9631 = CIRCLE('',#9632,70.);
#9632 = AXIS2_PLACEMENT_3D('',#9633,#9634,#9635);
#9633 = CARTESIAN_POINT('',(550.,90.,280.));
#9634 = DIRECTION('',(1.,0.,0.));
#9635 = DIRECTION('',(0.,1.,0.));
#9636 = ORIENTED_EDGE('',*,*,#9607,.F.);
#9637 = ORIENTED_EDGE('',*,*,#8965,.F.);
#9638 = CYLINDRICAL_SURFACE('',#9639,70.);
#9639 = AXIS2_PLACEMENT_3D('',#9640,#9641,#9642);
#9640 = CARTESIAN_POINT('',(525.,90.,280.));
#9641 = DIRECTION('',(-1.,-0.,-0.));
#9642 = DIRECTION('',(0.,1.,0.));
#9643 = ADVANCED_FACE('',(#9644),#9662,.F.);
#9644 = FACE_BOUND('',#9645,.F.);
#9645 = EDGE_LOOP('',(#9646,#9654,#9660,#9661));
#9646 = ORIENTED_EDGE('',*,*,#9647,.T.);
#9647 = EDGE_CURVE('',#8949,#9648,#9650,.T.);
#9648 = VERTEX_POINT('',#9649);
#9649 = CARTESIAN_POINT('',(550.,174.44444444444,286.87464926153));
#9650 = LINE('',#9651,#9652);
#9651 = CARTESIAN_POINT('',(525.,174.44444444444,286.87464926153));
#9652 = VECTOR('',#9653,1.);
#9653 = DIRECTION('',(1.,0.,0.));
#9654 = ORIENTED_EDGE('',*,*,#9655,.T.);
#9655 = EDGE_CURVE('',#9648,#9623,#9656,.T.);
#9656 = LINE('',#9657,#9658);
#9657 = CARTESIAN_POINT('',(550.,174.44444444444,286.87464926153));
#9658 = VECTOR('',#9659,1.);
#9659 = DIRECTION('',(0.,-0.628539361055,0.777777777778));
#9660 = ORIENTED_EDGE('',*,*,#9622,.F.);
#9661 = ORIENTED_EDGE('',*,*,#8957,.F.);
#9662 = PLANE('',#9663);
#9663 = AXIS2_PLACEMENT_3D('',#9664,#9665,#9666);
#9664 = CARTESIAN_POINT('',(525.,174.44444444444,286.87464926153));
#9665 = DIRECTION('',(0.,-0.777777777778,-0.628539361055));
#9666 = DIRECTION('',(0.,-0.628539361055,0.777777777778));
#9667 = ADVANCED_FACE('',(#9668),#9687,.T.);
#9668 = FACE_BOUND('',#9669,.F.);
#9669 = EDGE_LOOP('',(#9670,#9678,#9685,#9686));
#9670 = ORIENTED_EDGE('',*,*,#9671,.T.);
#9671 = EDGE_CURVE('',#8941,#9672,#9674,.T.);
#9672 = VERTEX_POINT('',#9673);
#9673 = CARTESIAN_POINT('',(550.,180.,271.16116523516));
#9674 = LINE('',#9675,#9676);
#9675 = CARTESIAN_POINT('',(525.,180.,271.16116523516));
#9676 = VECTOR('',#9677,1.);
#9677 = DIRECTION('',(1.,0.,0.));
#9678 = ORIENTED_EDGE('',*,*,#9679,.T.);
#9679 = EDGE_CURVE('',#9672,#9648,#9680,.T.);
#9680 = CIRCLE('',#9681,25.);
#9681 = AXIS2_PLACEMENT_3D('',#9682,#9683,#9684);
#9682 = CARTESIAN_POINT('',(550.,155.,271.16116523516));
#9683 = DIRECTION('',(1.,0.,0.));
#9684 = DIRECTION('',(0.,1.,0.));
#9685 = ORIENTED_EDGE('',*,*,#9647,.F.);
#9686 = ORIENTED_EDGE('',*,*,#8948,.F.);
#9687 = CYLINDRICAL_SURFACE('',#9688,25.);
#9688 = AXIS2_PLACEMENT_3D('',#9689,#9690,#9691);
#9689 = CARTESIAN_POINT('',(525.,155.,271.16116523516));
#9690 = DIRECTION('',(-1.,-0.,-0.));
#9691 = DIRECTION('',(0.,1.,0.));
#9692 = ADVANCED_FACE('',(#9693),#9712,.T.);
#9693 = FACE_BOUND('',#9694,.T.);
#9694 = EDGE_LOOP('',(#9695,#9696,#9704,#9710,#9711));
#9695 = ORIENTED_EDGE('',*,*,#9671,.T.);
#9696 = ORIENTED_EDGE('',*,*,#9697,.T.);
#9697 = EDGE_CURVE('',#9672,#9698,#9700,.T.);
#9698 = VERTEX_POINT('',#9699);
#9699 = CARTESIAN_POINT('',(550.,180.,175.));
#9700 = LINE('',#9701,#9702);
#9701 = CARTESIAN_POINT('',(550.,180.,271.16116523516));
#9702 = VECTOR('',#9703,1.);
#9703 = DIRECTION('',(0.,0.,-1.));
#9704 = ORIENTED_EDGE('',*,*,#9705,.F.);
#9705 = EDGE_CURVE('',#9032,#9698,#9706,.T.);
#9706 = LINE('',#9707,#9708);
#9707 = CARTESIAN_POINT('',(525.,180.,175.));
#9708 = VECTOR('',#9709,1.);
#9709 = DIRECTION('',(1.,0.,0.));
#9710 = ORIENTED_EDGE('',*,*,#9031,.F.);
#9711 = ORIENTED_EDGE('',*,*,#8940,.F.);
#9712 = PLANE('',#9713);
#9713 = AXIS2_PLACEMENT_3D('',#9714,#9715,#9716);
#9714 = CARTESIAN_POINT('',(525.,180.,271.16116523516));
#9715 = DIRECTION('',(0.,1.,0.));
#9716 = DIRECTION('',(0.,0.,-1.));
#9717 = ADVANCED_FACE('',(#9718),#9730,.T.);
#9718 = FACE_BOUND('',#9719,.F.);
#9719 = EDGE_LOOP('',(#9720,#9721,#9728,#9729));
#9720 = ORIENTED_EDGE('',*,*,#9591,.T.);
#9721 = ORIENTED_EDGE('',*,*,#9722,.T.);
#9722 = EDGE_CURVE('',#9592,#9372,#9723,.T.);
#9723 = CIRCLE('',#9724,25.);
#9724 = AXIS2_PLACEMENT_3D('',#9725,#9726,#9727);
#9725 = CARTESIAN_POINT('',(550.,25.000000000001,271.1611652351));
#9726 = DIRECTION('',(1.,0.,0.));
#9727 = DIRECTION('',(0.,1.,0.));
#9728 = ORIENTED_EDGE('',*,*,#9371,.F.);
#9729 = ORIENTED_EDGE('',*,*,#8924,.F.);
#9730 = CYLINDRICAL_SURFACE('',#9731,25.);
#9731 = AXIS2_PLACEMENT_3D('',#9732,#9733,#9734);
#9732 = CARTESIAN_POINT('',(525.,25.000000000001,271.1611652351));
#9733 = DIRECTION('',(-1.,-0.,-0.));
#9734 = DIRECTION('',(0.,1.,0.));
#9735 = ADVANCED_FACE('',(#9736),#9754,.F.);
#9736 = FACE_BOUND('',#9737,.T.);
#9737 = EDGE_LOOP('',(#9738,#9739,#9746,#9753));
#9738 = ORIENTED_EDGE('',*,*,#8974,.F.);
#9739 = ORIENTED_EDGE('',*,*,#9740,.F.);
#9740 = EDGE_CURVE('',#9741,#8975,#9743,.T.);
#9741 = VERTEX_POINT('',#9742);
#9742 = CARTESIAN_POINT('',(554.99999999999,120.,280.));
#9743 = B_SPLINE_CURVE_WITH_KNOTS('',1,(#9744,#9745),.UNSPECIFIED.,.F.,
  .F.,(2,2),(-29.99999999999,0.),.PIECEWISE_BEZIER_KNOTS.);
#9744 = CARTESIAN_POINT('',(554.99999999999,120.,280.));
#9745 = CARTESIAN_POINT('',(525.,120.,280.));
#9746 = ORIENTED_EDGE('',*,*,#9747,.T.);
#9747 = EDGE_CURVE('',#9741,#9741,#9748,.T.);
#9748 = CIRCLE('',#9749,30.);
#9749 = AXIS2_PLACEMENT_3D('',#9750,#9751,#9752);
#9750 = CARTESIAN_POINT('',(554.99999999999,90.,280.));
#9751 = DIRECTION('',(1.,-1.1E-16,4.11E-15));
#9752 = DIRECTION('',(1.1E-16,1.,0.));
#9753 = ORIENTED_EDGE('',*,*,#9740,.T.);
#9754 = CYLINDRICAL_SURFACE('',#9755,30.);
#9755 = AXIS2_PLACEMENT_3D('',#9756,#9757,#9758);
#9756 = CARTESIAN_POINT('',(525.,90.,280.));
#9757 = DIRECTION('',(-1.,-0.,-0.));
#9758 = DIRECTION('',(0.,1.,0.));
#9759 = ADVANCED_FACE('',(#9760),#9786,.F.);
#9760 = FACE_BOUND('',#9761,.T.);
#9761 = EDGE_LOOP('',(#9762,#9772,#9778,#9779,#9780));
#9762 = ORIENTED_EDGE('',*,*,#9763,.T.);
#9763 = EDGE_CURVE('',#9764,#9766,#9768,.T.);
#9764 = VERTEX_POINT('',#9765);
#9765 = CARTESIAN_POINT('',(-525.,770.,175.));
#9766 = VERTEX_POINT('',#9767);
#9767 = CARTESIAN_POINT('',(-550.,770.,175.));
#9768 = LINE('',#9769,#9770);
#9769 = CARTESIAN_POINT('',(-525.,770.,175.));
#9770 = VECTOR('',#9771,1.);
#9771 = DIRECTION('',(-1.,2.2E-16,-2.2E-16));
#9772 = ORIENTED_EDGE('',*,*,#9773,.T.);
#9773 = EDGE_CURVE('',#9766,#9526,#9774,.T.);
#9774 = LINE('',#9775,#9776);
#9775 = CARTESIAN_POINT('',(-550.,770.,175.));
#9776 = VECTOR('',#9777,1.);
#9777 = DIRECTION('',(-2.2E-16,-1.,-0.));
#9778 = ORIENTED_EDGE('',*,*,#9533,.F.);
#9779 = ORIENTED_EDGE('',*,*,#9008,.F.);
#9780 = ORIENTED_EDGE('',*,*,#9781,.F.);
#9781 = EDGE_CURVE('',#9764,#9001,#9782,.T.);
#9782 = LINE('',#9783,#9784);
#9783 = CARTESIAN_POINT('',(-525.,770.,175.));
#9784 = VECTOR('',#9785,1.);
#9785 = DIRECTION('',(-2.2E-16,-1.,-0.));
#9786 = PLANE('',#9787);
#9787 = AXIS2_PLACEMENT_3D('',#9788,#9789,#9790);
#9788 = CARTESIAN_POINT('',(-525.,770.,175.));
#9789 = DIRECTION('',(2.2E-16,0.,-1.));
#9790 = DIRECTION('',(2.2E-16,1.,4.84E-32));
#9791 = ADVANCED_FACE('',(#9792),#9818,.F.);
#9792 = FACE_BOUND('',#9793,.F.);
#9793 = EDGE_LOOP('',(#9794,#9804,#9810,#9811,#9812));
#9794 = ORIENTED_EDGE('',*,*,#9795,.T.);
#9795 = EDGE_CURVE('',#9796,#9798,#9800,.T.);
#9796 = VERTEX_POINT('',#9797);
#9797 = CARTESIAN_POINT('',(525.,770.,175.));
#9798 = VERTEX_POINT('',#9799);
#9799 = CARTESIAN_POINT('',(550.,770.,175.));
#9800 = LINE('',#9801,#9802);
#9801 = CARTESIAN_POINT('',(525.,770.,175.));
#9802 = VECTOR('',#9803,1.);
#9803 = DIRECTION('',(1.,0.,0.));
#9804 = ORIENTED_EDGE('',*,*,#9805,.T.);
#9805 = EDGE_CURVE('',#9798,#9698,#9806,.T.);
#9806 = LINE('',#9807,#9808);
#9807 = CARTESIAN_POINT('',(550.,770.,175.));
#9808 = VECTOR('',#9809,1.);
#9809 = DIRECTION('',(0.,-1.,0.));
#9810 = ORIENTED_EDGE('',*,*,#9705,.F.);
#9811 = ORIENTED_EDGE('',*,*,#9039,.F.);
#9812 = ORIENTED_EDGE('',*,*,#9813,.F.);
#9813 = EDGE_CURVE('',#9796,#9023,#9814,.T.);
#9814 = LINE('',#9815,#9816);
#9815 = CARTESIAN_POINT('',(525.,770.,175.));
#9816 = VECTOR('',#9817,1.);
#9817 = DIRECTION('',(0.,-1.,0.));
#9818 = PLANE('',#9819);
#9819 = AXIS2_PLACEMENT_3D('',#9820,#9821,#9822);
#9820 = CARTESIAN_POINT('',(525.,770.,175.));
#9821 = DIRECTION('',(0.,0.,-1.));
#9822 = DIRECTION('',(0.,-1.,0.));
#9823 = ADVANCED_FACE('',(#9824,#9944,#9955,#9966,#9977),#9988,.T.);
#9824 = FACE_BOUND('',#9825,.T.);
#9825 = EDGE_LOOP('',(#9826,#9827,#9835,#9843,#9849,#9850,#9858,#9866,
    #9872,#9873,#9874,#9875,#9883,#9891,#9897,#9898,#9906,#9914,#9920,
    #9921,#9929,#9938));
#9826 = ORIENTED_EDGE('',*,*,#9349,.T.);
#9827 = ORIENTED_EDGE('',*,*,#9828,.T.);
#9828 = EDGE_CURVE('',#9350,#9829,#9831,.T.);
#9829 = VERTEX_POINT('',#9830);
#9830 = CARTESIAN_POINT('',(-550.,770.,-25.));
#9831 = LINE('',#9832,#9833);
#9832 = CARTESIAN_POINT('',(-550.,2.262E-14,-25.));
#9833 = VECTOR('',#9834,1.);
#9834 = DIRECTION('',(2.2E-16,1.,0.));
#9835 = ORIENTED_EDGE('',*,*,#9836,.F.);
#9836 = EDGE_CURVE('',#9837,#9829,#9839,.T.);
#9837 = VERTEX_POINT('',#9838);
#9838 = CARTESIAN_POINT('',(-525.,770.,-25.));
#9839 = LINE('',#9840,#9841);
#9840 = CARTESIAN_POINT('',(-525.,770.,-25.));
#9841 = VECTOR('',#9842,1.);
#9842 = DIRECTION('',(-1.,2.2E-16,-2.2E-16));
#9843 = ORIENTED_EDGE('',*,*,#9844,.F.);
#9844 = EDGE_CURVE('',#9054,#9837,#9845,.T.);
#9845 = LINE('',#9846,#9847);
#9846 = CARTESIAN_POINT('',(-525.,1.707E-14,-25.));
#9847 = VECTOR('',#9848,1.);
#9848 = DIRECTION('',(2.2E-16,1.,0.));
#9849 = ORIENTED_EDGE('',*,*,#9053,.T.);
#9850 = ORIENTED_EDGE('',*,*,#9851,.T.);
#9851 = EDGE_CURVE('',#9056,#9852,#9854,.T.);
#9852 = VERTEX_POINT('',#9853);
#9853 = CARTESIAN_POINT('',(-480.,770.,-25.));
#9854 = LINE('',#9855,#9856);
#9855 = CARTESIAN_POINT('',(-480.,620.,-25.));
#9856 = VECTOR('',#9857,1.);
#9857 = DIRECTION('',(2.2E-16,1.,0.));
#9858 = ORIENTED_EDGE('',*,*,#9859,.T.);
#9859 = EDGE_CURVE('',#9852,#9860,#9862,.T.);
#9860 = VERTEX_POINT('',#9861);
#9861 = CARTESIAN_POINT('',(-455.,770.,-25.));
#9862 = LINE('',#9863,#9864);
#9863 = CARTESIAN_POINT('',(-480.,770.,-25.));
#9864 = VECTOR('',#9865,1.);
#9865 = DIRECTION('',(1.,-2.2E-16,2.2E-16));
#9866 = ORIENTED_EDGE('',*,*,#9867,.F.);
#9867 = EDGE_CURVE('',#9150,#9860,#9868,.T.);
#9868 = LINE('',#9869,#9870);
#9869 = CARTESIAN_POINT('',(-455.,620.,-25.));
#9870 = VECTOR('',#9871,1.);
#9871 = DIRECTION('',(2.2E-16,1.,0.));
#9872 = ORIENTED_EDGE('',*,*,#9167,.T.);
#9873 = ORIENTED_EDGE('',*,*,#9215,.T.);
#9874 = ORIENTED_EDGE('',*,*,#9191,.T.);
#9875 = ORIENTED_EDGE('',*,*,#9876,.T.);
#9876 = EDGE_CURVE('',#9184,#9877,#9879,.T.);
#9877 = VERTEX_POINT('',#9878);
#9878 = CARTESIAN_POINT('',(455.,770.,-25.));
#9879 = LINE('',#9880,#9881);
#9880 = CARTESIAN_POINT('',(455.,620.,-25.));
#9881 = VECTOR('',#9882,1.);
#9882 = DIRECTION('',(0.,1.,0.));
#9883 = ORIENTED_EDGE('',*,*,#9884,.F.);
#9884 = EDGE_CURVE('',#9885,#9877,#9887,.T.);
#9885 = VERTEX_POINT('',#9886);
#9886 = CARTESIAN_POINT('',(480.,770.,-25.));
#9887 = LINE('',#9888,#9889);
#9888 = CARTESIAN_POINT('',(480.,770.,-25.));
#9889 = VECTOR('',#9890,1.);
#9890 = DIRECTION('',(-1.,0.,0.));
#9891 = ORIENTED_EDGE('',*,*,#9892,.F.);
#9892 = EDGE_CURVE('',#9120,#9885,#9893,.T.);
#9893 = LINE('',#9894,#9895);
#9894 = CARTESIAN_POINT('',(480.,620.,-25.));
#9895 = VECTOR('',#9896,1.);
#9896 = DIRECTION('',(0.,1.,0.));
#9897 = ORIENTED_EDGE('',*,*,#9119,.T.);
#9898 = ORIENTED_EDGE('',*,*,#9899,.T.);
#9899 = EDGE_CURVE('',#9112,#9900,#9902,.T.);
#9900 = VERTEX_POINT('',#9901);
#9901 = CARTESIAN_POINT('',(525.,770.,-25.));
#9902 = LINE('',#9903,#9904);
#9903 = CARTESIAN_POINT('',(525.,-9.95E-14,-25.));
#9904 = VECTOR('',#9905,1.);
#9905 = DIRECTION('',(0.,1.,0.));
#9906 = ORIENTED_EDGE('',*,*,#9907,.T.);
#9907 = EDGE_CURVE('',#9900,#9908,#9910,.T.);
#9908 = VERTEX_POINT('',#9909);
#9909 = CARTESIAN_POINT('',(550.,770.,-25.));
#9910 = LINE('',#9911,#9912);
#9911 = CARTESIAN_POINT('',(525.,770.,-25.));
#9912 = VECTOR('',#9913,1.);
#9913 = DIRECTION('',(1.,0.,0.));
#9914 = ORIENTED_EDGE('',*,*,#9915,.F.);
#9915 = EDGE_CURVE('',#9398,#9908,#9916,.T.);
#9916 = LINE('',#9917,#9918);
#9917 = CARTESIAN_POINT('',(550.,-9.95E-14,-25.));
#9918 = VECTOR('',#9919,1.);
#9919 = DIRECTION('',(0.,1.,0.));
#9920 = ORIENTED_EDGE('',*,*,#9397,.F.);
#9921 = ORIENTED_EDGE('',*,*,#9922,.T.);
#9922 = EDGE_CURVE('',#9390,#9923,#9925,.T.);
#9923 = VERTEX_POINT('',#9924);
#9924 = CARTESIAN_POINT('',(525.,-87.40740254664,-25.));
#9925 = LINE('',#9926,#9927);
#9926 = CARTESIAN_POINT('',(525.,620.,-25.));
#9927 = VECTOR('',#9928,1.);
#9928 = DIRECTION('',(0.,-1.,0.));
#9929 = ORIENTED_EDGE('',*,*,#9930,.F.);
#9930 = EDGE_CURVE('',#9931,#9923,#9933,.T.);
#9931 = VERTEX_POINT('',#9932);
#9932 = CARTESIAN_POINT('',(-525.,-87.40740254664,-25.));
#9933 = CIRCLE('',#9934,536.);
#9934 = AXIS2_PLACEMENT_3D('',#9935,#9936,#9937);
#9935 = CARTESIAN_POINT('',(0.,20.625,-25.));
#9936 = DIRECTION('',(0.,0.,1.));
#9937 = DIRECTION('',(1.,0.,0.));
#9938 = ORIENTED_EDGE('',*,*,#9939,.F.);
#9939 = EDGE_CURVE('',#9342,#9931,#9940,.T.);
#9940 = LINE('',#9941,#9942);
#9941 = CARTESIAN_POINT('',(-525.,-5.329E-14,-25.));
#9942 = VECTOR('',#9943,1.);
#9943 = DIRECTION('',(0.,-1.,0.));
#9944 = FACE_BOUND('',#9945,.T.);
#9945 = EDGE_LOOP('',(#9946));
#9946 = ORIENTED_EDGE('',*,*,#9947,.F.);
#9947 = EDGE_CURVE('',#9948,#9948,#9950,.T.);
#9948 = VERTEX_POINT('',#9949);
#9949 = CARTESIAN_POINT('',(360.,0.,-25.));
#9950 = CIRCLE('',#9951,360.);
#9951 = AXIS2_PLACEMENT_3D('',#9952,#9953,#9954);
#9952 = CARTESIAN_POINT('',(0.,0.,-25.));
#9953 = DIRECTION('',(0.,0.,-1.));
#9954 = DIRECTION('',(1.,0.,0.));
#9955 = FACE_BOUND('',#9956,.T.);
#9956 = EDGE_LOOP('',(#9957));
#9957 = ORIENTED_EDGE('',*,*,#9958,.F.);
#9958 = EDGE_CURVE('',#9959,#9959,#9961,.T.);
#9959 = VERTEX_POINT('',#9960);
#9960 = CARTESIAN_POINT('',(440.,482.5,-25.));
#9961 = CIRCLE('',#9962,125.);
#9962 = AXIS2_PLACEMENT_3D('',#9963,#9964,#9965);
#9963 = CARTESIAN_POINT('',(315.,482.5,-25.));
#9964 = DIRECTION('',(0.,0.,-1.));
#9965 = DIRECTION('',(1.,0.,0.));
#9966 = FACE_BOUND('',#9967,.T.);
#9967 = EDGE_LOOP('',(#9968));
#9968 = ORIENTED_EDGE('',*,*,#9969,.F.);
#9969 = EDGE_CURVE('',#9970,#9970,#9972,.T.);
#9970 = VERTEX_POINT('',#9971);
#9971 = CARTESIAN_POINT('',(125.,607.5,-25.));
#9972 = CIRCLE('',#9973,125.);
#9973 = AXIS2_PLACEMENT_3D('',#9974,#9975,#9976);
#9974 = CARTESIAN_POINT('',(0.,607.5,-25.));
#9975 = DIRECTION('',(0.,0.,-1.));
#9976 = DIRECTION('',(1.,0.,0.));
#9977 = FACE_BOUND('',#9978,.T.);
#9978 = EDGE_LOOP('',(#9979));
#9979 = ORIENTED_EDGE('',*,*,#9980,.F.);
#9980 = EDGE_CURVE('',#9981,#9981,#9983,.T.);
#9981 = VERTEX_POINT('',#9982);
#9982 = CARTESIAN_POINT('',(-190.,482.5,-25.));
#9983 = CIRCLE('',#9984,125.);
#9984 = AXIS2_PLACEMENT_3D('',#9985,#9986,#9987);
#9985 = CARTESIAN_POINT('',(-315.,482.5,-25.));
#9986 = DIRECTION('',(0.,0.,-1.));
#9987 = DIRECTION('',(1.,0.,0.));
#9988 = PLANE('',#9989);
#9989 = AXIS2_PLACEMENT_3D('',#9990,#9991,#9992);
#9990 = CARTESIAN_POINT('',(-1.244E-14,302.00234385142,-25.));
#9991 = DIRECTION('',(-0.,-0.,-1.));
#9992 = DIRECTION('',(-1.,0.,0.));
#9993 = ADVANCED_FACE('',(#9994,#10012),#10023,.T.);
#9994 = FACE_BOUND('',#9995,.F.);
#9995 = EDGE_LOOP('',(#9996,#10004,#10005,#10006));
#9996 = ORIENTED_EDGE('',*,*,#9997,.T.);
#9997 = EDGE_CURVE('',#9998,#9080,#10000,.T.);
#9998 = VERTEX_POINT('',#9999);
#9999 = CARTESIAN_POINT('',(-480.,770.,175.));
#10000 = LINE('',#10001,#10002);
#10001 = CARTESIAN_POINT('',(-480.,770.,175.));
#10002 = VECTOR('',#10003,1.);
#10003 = DIRECTION('',(-2.2E-16,-1.,0.));
#10004 = ORIENTED_EDGE('',*,*,#9087,.T.);
#10005 = ORIENTED_EDGE('',*,*,#9851,.T.);
#10006 = ORIENTED_EDGE('',*,*,#10007,.T.);
#10007 = EDGE_CURVE('',#9852,#9998,#10008,.T.);
#10008 = LINE('',#10009,#10010);
#10009 = CARTESIAN_POINT('',(-480.,770.,-25.));
#10010 = VECTOR('',#10011,1.);
#10011 = DIRECTION('',(-2.2E-16,0.,1.));
#10012 = FACE_BOUND('',#10013,.F.);
#10013 = EDGE_LOOP('',(#10014));
#10014 = ORIENTED_EDGE('',*,*,#10015,.T.);
#10015 = EDGE_CURVE('',#10016,#10016,#10018,.T.);
#10016 = VERTEX_POINT('',#10017);
#10017 = CARTESIAN_POINT('',(-480.,675.,75.));
#10018 = CIRCLE('',#10019,30.);
#10019 = AXIS2_PLACEMENT_3D('',#10020,#10021,#10022);
#10020 = CARTESIAN_POINT('',(-480.,705.,75.));
#10021 = DIRECTION('',(-1.,2.2E-16,-2.2E-16));
#10022 = DIRECTION('',(-2.2E-16,-1.,0.));
#10023 = PLANE('',#10024);
#10024 = AXIS2_PLACEMENT_3D('',#10025,#10026,#10027);
#10025 = CARTESIAN_POINT('',(-480.,696.8213270534,75.));
#10026 = DIRECTION('',(-1.,2.2E-16,-2.2E-16));
#10027 = DIRECTION('',(2.2E-16,0.,-1.));
#10028 = ADVANCED_FACE('',(#10029),#10047,.T.);
#10029 = FACE_BOUND('',#10030,.F.);
#10030 = EDGE_LOOP('',(#10031,#10039,#10045,#10046));
#10031 = ORIENTED_EDGE('',*,*,#10032,.T.);
#10032 = EDGE_CURVE('',#9998,#10033,#10035,.T.);
#10033 = VERTEX_POINT('',#10034);
#10034 = CARTESIAN_POINT('',(-455.,770.,175.));
#10035 = LINE('',#10036,#10037);
#10036 = CARTESIAN_POINT('',(-480.,770.,175.));
#10037 = VECTOR('',#10038,1.);
#10038 = DIRECTION('',(1.,-2.2E-16,2.2E-16));
#10039 = ORIENTED_EDGE('',*,*,#10040,.T.);
#10040 = EDGE_CURVE('',#10033,#9072,#10041,.T.);
#10041 = LINE('',#10042,#10043);
#10042 = CARTESIAN_POINT('',(-455.,770.,175.));
#10043 = VECTOR('',#10044,1.);
#10044 = DIRECTION('',(-2.2E-16,-1.,0.));
#10045 = ORIENTED_EDGE('',*,*,#9079,.F.);
#10046 = ORIENTED_EDGE('',*,*,#9997,.F.);
#10047 = PLANE('',#10048);
#10048 = AXIS2_PLACEMENT_3D('',#10049,#10050,#10051);
#10049 = CARTESIAN_POINT('',(-480.,770.,175.));
#10050 = DIRECTION('',(-2.2E-16,0.,1.));
#10051 = DIRECTION('',(2.2E-16,1.,4.84E-32));
#10052 = ADVANCED_FACE('',(#10053,#10064),#10075,.F.);
#10053 = FACE_BOUND('',#10054,.T.);
#10054 = EDGE_LOOP('',(#10055,#10056,#10057,#10058));
#10055 = ORIENTED_EDGE('',*,*,#9781,.T.);
#10056 = ORIENTED_EDGE('',*,*,#9063,.F.);
#10057 = ORIENTED_EDGE('',*,*,#9844,.T.);
#10058 = ORIENTED_EDGE('',*,*,#10059,.T.);
#10059 = EDGE_CURVE('',#9837,#9764,#10060,.T.);
#10060 = LINE('',#10061,#10062);
#10061 = CARTESIAN_POINT('',(-525.,770.,-25.));
#10062 = VECTOR('',#10063,1.);
#10063 = DIRECTION('',(-2.2E-16,0.,1.));
#10064 = FACE_BOUND('',#10065,.T.);
#10065 = EDGE_LOOP('',(#10066));
#10066 = ORIENTED_EDGE('',*,*,#10067,.F.);
#10067 = EDGE_CURVE('',#10068,#10068,#10070,.T.);
#10068 = VERTEX_POINT('',#10069);
#10069 = CARTESIAN_POINT('',(-525.,735.,75.));
#10070 = CIRCLE('',#10071,30.);
#10071 = AXIS2_PLACEMENT_3D('',#10072,#10073,#10074);
#10072 = CARTESIAN_POINT('',(-525.,705.,75.));
#10073 = DIRECTION('',(1.,-2.2E-16,2.2E-16));
#10074 = DIRECTION('',(2.2E-16,1.,0.));
#10075 = PLANE('',#10076);
#10076 = AXIS2_PLACEMENT_3D('',#10077,#10078,#10079);
#10077 = CARTESIAN_POINT('',(-525.,355.52654155172,116.26942356974));
#10078 = DIRECTION('',(-1.,2.2E-16,-2.2E-16));
#10079 = DIRECTION('',(2.2E-16,0.,-1.));
#10080 = ADVANCED_FACE('',(#10081),#10106,.T.);
#10081 = FACE_BOUND('',#10082,.T.);
#10082 = EDGE_LOOP('',(#10083,#10093,#10099,#10100));
#10083 = ORIENTED_EDGE('',*,*,#10084,.T.);
#10084 = EDGE_CURVE('',#10085,#10087,#10089,.T.);
#10085 = VERTEX_POINT('',#10086);
#10086 = CARTESIAN_POINT('',(480.,770.,175.));
#10087 = VERTEX_POINT('',#10088);
#10088 = CARTESIAN_POINT('',(455.,770.,175.));
#10089 = LINE('',#10090,#10091);
#10090 = CARTESIAN_POINT('',(480.,770.,175.));
#10091 = VECTOR('',#10092,1.);
#10092 = DIRECTION('',(-1.,0.,0.));
#10093 = ORIENTED_EDGE('',*,*,#10094,.T.);
#10094 = EDGE_CURVE('',#10087,#9102,#10095,.T.);
#10095 = LINE('',#10096,#10097);
#10096 = CARTESIAN_POINT('',(455.,770.,175.));
#10097 = VECTOR('',#10098,1.);
#10098 = DIRECTION('',(0.,-1.,0.));
#10099 = ORIENTED_EDGE('',*,*,#9135,.F.);
#10100 = ORIENTED_EDGE('',*,*,#10101,.F.);
#10101 = EDGE_CURVE('',#10085,#9128,#10102,.T.);
#10102 = LINE('',#10103,#10104);
#10103 = CARTESIAN_POINT('',(480.,770.,175.));
#10104 = VECTOR('',#10105,1.);
#10105 = DIRECTION('',(0.,-1.,0.));
#10106 = PLANE('',#10107);
#10107 = AXIS2_PLACEMENT_3D('',#10108,#10109,#10110);
#10108 = CARTESIAN_POINT('',(480.,770.,175.));
#10109 = DIRECTION('',(0.,0.,1.));
#10110 = DIRECTION('',(0.,-1.,0.));
#10111 = ADVANCED_FACE('',(#10112,#10123),#10134,.T.);
#10112 = FACE_BOUND('',#10113,.T.);
#10113 = EDGE_LOOP('',(#10114,#10115,#10116,#10117));
#10114 = ORIENTED_EDGE('',*,*,#10101,.T.);
#10115 = ORIENTED_EDGE('',*,*,#9127,.T.);
#10116 = ORIENTED_EDGE('',*,*,#9892,.T.);
#10117 = ORIENTED_EDGE('',*,*,#10118,.T.);
#10118 = EDGE_CURVE('',#9885,#10085,#10119,.T.);
#10119 = LINE('',#10120,#10121);
#10120 = CARTESIAN_POINT('',(480.,770.,-25.));
#10121 = VECTOR('',#10122,1.);
#10122 = DIRECTION('',(0.,0.,1.));
#10123 = FACE_BOUND('',#10124,.T.);
#10124 = EDGE_LOOP('',(#10125));
#10125 = ORIENTED_EDGE('',*,*,#10126,.T.);
#10126 = EDGE_CURVE('',#10127,#10127,#10129,.T.);
#10127 = VERTEX_POINT('',#10128);
#10128 = CARTESIAN_POINT('',(480.,675.,75.));
#10129 = CIRCLE('',#10130,30.);
#10130 = AXIS2_PLACEMENT_3D('',#10131,#10132,#10133);
#10131 = CARTESIAN_POINT('',(480.,705.,75.));
#10132 = DIRECTION('',(-1.,0.,0.));
#10133 = DIRECTION('',(0.,-1.,0.));
#10134 = PLANE('',#10135);
#10135 = AXIS2_PLACEMENT_3D('',#10136,#10137,#10138);
#10136 = CARTESIAN_POINT('',(480.,696.8213270534,75.));
#10137 = DIRECTION('',(1.,0.,0.));
#10138 = DIRECTION('',(0.,0.,1.));
#10139 = ADVANCED_FACE('',(#10140,#10151),#10162,.F.);
#10140 = FACE_BOUND('',#10141,.F.);
#10141 = EDGE_LOOP('',(#10142,#10143,#10144,#10145));
#10142 = ORIENTED_EDGE('',*,*,#9813,.T.);
#10143 = ORIENTED_EDGE('',*,*,#9111,.T.);
#10144 = ORIENTED_EDGE('',*,*,#9899,.T.);
#10145 = ORIENTED_EDGE('',*,*,#10146,.T.);
#10146 = EDGE_CURVE('',#9900,#9796,#10147,.T.);
#10147 = LINE('',#10148,#10149);
#10148 = CARTESIAN_POINT('',(525.,770.,-25.));
#10149 = VECTOR('',#10150,1.);
#10150 = DIRECTION('',(0.,0.,1.));
#10151 = FACE_BOUND('',#10152,.F.);
#10152 = EDGE_LOOP('',(#10153));
#10153 = ORIENTED_EDGE('',*,*,#10154,.F.);
#10154 = EDGE_CURVE('',#10155,#10155,#10157,.T.);
#10155 = VERTEX_POINT('',#10156);
#10156 = CARTESIAN_POINT('',(525.,735.,75.));
#10157 = CIRCLE('',#10158,30.);
#10158 = AXIS2_PLACEMENT_3D('',#10159,#10160,#10161);
#10159 = CARTESIAN_POINT('',(525.,705.,75.));
#10160 = DIRECTION('',(1.,0.,0.));
#10161 = DIRECTION('',(0.,1.,0.));
#10162 = PLANE('',#10163);
#10163 = AXIS2_PLACEMENT_3D('',#10164,#10165,#10166);
#10164 = CARTESIAN_POINT('',(525.,355.52654155172,116.26942356974));
#10165 = DIRECTION('',(1.,0.,0.));
#10166 = DIRECTION('',(0.,0.,1.));
#10167 = ADVANCED_FACE('',(#10168,#10179),#10190,.F.);
#10168 = FACE_BOUND('',#10169,.T.);
#10169 = EDGE_LOOP('',(#10170,#10171,#10172,#10173));
#10170 = ORIENTED_EDGE('',*,*,#10040,.T.);
#10171 = ORIENTED_EDGE('',*,*,#9149,.F.);
#10172 = ORIENTED_EDGE('',*,*,#9867,.T.);
#10173 = ORIENTED_EDGE('',*,*,#10174,.T.);
#10174 = EDGE_CURVE('',#9860,#10033,#10175,.T.);
#10175 = LINE('',#10176,#10177);
#10176 = CARTESIAN_POINT('',(-455.,770.,-25.));
#10177 = VECTOR('',#10178,1.);
#10178 = DIRECTION('',(-2.2E-16,0.,1.));
#10179 = FACE_BOUND('',#10180,.T.);
#10180 = EDGE_LOOP('',(#10181));
#10181 = ORIENTED_EDGE('',*,*,#10182,.T.);
#10182 = EDGE_CURVE('',#10183,#10183,#10185,.T.);
#10183 = VERTEX_POINT('',#10184);
#10184 = CARTESIAN_POINT('',(-455.,675.,75.));
#10185 = CIRCLE('',#10186,30.);
#10186 = AXIS2_PLACEMENT_3D('',#10187,#10188,#10189);
#10187 = CARTESIAN_POINT('',(-455.,705.,75.));
#10188 = DIRECTION('',(-1.,2.2E-16,-2.2E-16));
#10189 = DIRECTION('',(-2.2E-16,-1.,0.));
#10190 = PLANE('',#10191);
#10191 = AXIS2_PLACEMENT_3D('',#10192,#10193,#10194);
#10192 = CARTESIAN_POINT('',(-455.,696.8213270534,75.));
#10193 = DIRECTION('',(-1.,2.2E-16,-2.2E-16));
#10194 = DIRECTION('',(2.2E-16,0.,-1.));
#10195 = ADVANCED_FACE('',(#10196,#10207),#10218,.F.);
#10196 = FACE_BOUND('',#10197,.F.);
#10197 = EDGE_LOOP('',(#10198,#10199,#10200,#10201));
#10198 = ORIENTED_EDGE('',*,*,#10094,.T.);
#10199 = ORIENTED_EDGE('',*,*,#9183,.T.);
#10200 = ORIENTED_EDGE('',*,*,#9876,.T.);
#10201 = ORIENTED_EDGE('',*,*,#10202,.T.);
#10202 = EDGE_CURVE('',#9877,#10087,#10203,.T.);
#10203 = LINE('',#10204,#10205);
#10204 = CARTESIAN_POINT('',(455.,770.,-25.));
#10205 = VECTOR('',#10206,1.);
#10206 = DIRECTION('',(0.,0.,1.));
#10207 = FACE_BOUND('',#10208,.F.);
#10208 = EDGE_LOOP('',(#10209));
#10209 = ORIENTED_EDGE('',*,*,#10210,.T.);
#10210 = EDGE_CURVE('',#10211,#10211,#10213,.T.);
#10211 = VERTEX_POINT('',#10212);
#10212 = CARTESIAN_POINT('',(455.,675.,75.));
#10213 = CIRCLE('',#10214,30.);
#10214 = AXIS2_PLACEMENT_3D('',#10215,#10216,#10217);
#10215 = CARTESIAN_POINT('',(455.,705.,75.));
#10216 = DIRECTION('',(-1.,0.,0.));
#10217 = DIRECTION('',(0.,-1.,0.));
#10218 = PLANE('',#10219);
#10219 = AXIS2_PLACEMENT_3D('',#10220,#10221,#10222);
#10220 = CARTESIAN_POINT('',(455.,696.8213270534,75.));
#10221 = DIRECTION('',(1.,0.,0.));
#10222 = DIRECTION('',(0.,0.,1.));
#10223 = ADVANCED_FACE('',(#10224,#10227),#10238,.T.);
#10224 = FACE_BOUND('',#10225,.T.);
#10225 = EDGE_LOOP('',(#10226));
#10226 = ORIENTED_EDGE('',*,*,#9238,.T.);
#10227 = FACE_BOUND('',#10228,.T.);
#10228 = EDGE_LOOP('',(#10229));
#10229 = ORIENTED_EDGE('',*,*,#10230,.F.);
#10230 = EDGE_CURVE('',#10231,#10231,#10233,.T.);
#10231 = VERTEX_POINT('',#10232);
#10232 = CARTESIAN_POINT('',(240.,0.,235.));
#10233 = CIRCLE('',#10234,240.);
#10234 = AXIS2_PLACEMENT_3D('',#10235,#10236,#10237);
#10235 = CARTESIAN_POINT('',(0.,0.,235.));
#10236 = DIRECTION('',(0.,0.,1.));
#10237 = DIRECTION('',(1.,0.,0.));
#10238 = PLANE('',#10239);
#10239 = AXIS2_PLACEMENT_3D('',#10240,#10241,#10242);
#10240 = CARTESIAN_POINT('',(-1.294E-14,2.16E-15,235.));
#10241 = DIRECTION('',(0.,0.,1.));
#10242 = DIRECTION('',(1.,0.,0.));
#10243 = ADVANCED_FACE('',(#10244,#10255),#10258,.F.);
#10244 = FACE_BOUND('',#10245,.F.);
#10245 = EDGE_LOOP('',(#10246));
#10246 = ORIENTED_EDGE('',*,*,#10247,.T.);
#10247 = EDGE_CURVE('',#10248,#10248,#10250,.T.);
#10248 = VERTEX_POINT('',#10249);
#10249 = CARTESIAN_POINT('',(162.5,607.5,275.));
#10250 = CIRCLE('',#10251,162.5);
#10251 = AXIS2_PLACEMENT_3D('',#10252,#10253,#10254);
#10252 = CARTESIAN_POINT('',(0.,607.5,275.));
#10253 = DIRECTION('',(0.,0.,1.));
#10254 = DIRECTION('',(1.,0.,0.));
#10255 = FACE_BOUND('',#10256,.F.);
#10256 = EDGE_LOOP('',(#10257));
#10257 = ORIENTED_EDGE('',*,*,#9263,.F.);
#10258 = PLANE('',#10259);
#10259 = AXIS2_PLACEMENT_3D('',#10260,#10261,#10262);
#10260 = CARTESIAN_POINT('',(-5.74E-15,524.16666666666,275.));
#10261 = DIRECTION('',(0.,0.,1.));
#10262 = DIRECTION('',(1.,0.,0.));
#10263 = ADVANCED_FACE('',(#10264,#10275),#10278,.F.);
#10264 = FACE_BOUND('',#10265,.F.);
#10265 = EDGE_LOOP('',(#10266));
#10266 = ORIENTED_EDGE('',*,*,#10267,.T.);
#10267 = EDGE_CURVE('',#10268,#10268,#10270,.T.);
#10268 = VERTEX_POINT('',#10269);
#10269 = CARTESIAN_POINT('',(477.5,482.5,275.));
#10270 = CIRCLE('',#10271,162.5);
#10271 = AXIS2_PLACEMENT_3D('',#10272,#10273,#10274);
#10272 = CARTESIAN_POINT('',(315.,482.5,275.));
#10273 = DIRECTION('',(0.,0.,1.));
#10274 = DIRECTION('',(1.,0.,0.));
#10275 = FACE_BOUND('',#10276,.F.);
#10276 = EDGE_LOOP('',(#10277));
#10277 = ORIENTED_EDGE('',*,*,#9288,.F.);
#10278 = PLANE('',#10279);
#10279 = AXIS2_PLACEMENT_3D('',#10280,#10281,#10282);
#10280 = CARTESIAN_POINT('',(-5.74E-15,524.16666666666,275.));
#10281 = DIRECTION('',(0.,0.,1.));
#10282 = DIRECTION('',(1.,0.,0.));
#10283 = ADVANCED_FACE('',(#10284),#10296,.T.);
#10284 = FACE_BOUND('',#10285,.F.);
#10285 = EDGE_LOOP('',(#10286,#10287,#10288,#10289));
#10286 = ORIENTED_EDGE('',*,*,#9333,.T.);
#10287 = ORIENTED_EDGE('',*,*,#9305,.T.);
#10288 = ORIENTED_EDGE('',*,*,#9381,.F.);
#10289 = ORIENTED_EDGE('',*,*,#10290,.F.);
#10290 = EDGE_CURVE('',#9334,#9382,#10291,.T.);
#10291 = CIRCLE('',#10292,525.625);
#10292 = AXIS2_PLACEMENT_3D('',#10293,#10294,#10295);
#10293 = CARTESIAN_POINT('',(0.,25.625,0.));
#10294 = DIRECTION('',(0.,0.,1.));
#10295 = DIRECTION('',(1.,0.,0.));
#10296 = CYLINDRICAL_SURFACE('',#10297,525.625);
#10297 = AXIS2_PLACEMENT_3D('',#10298,#10299,#10300);
#10298 = CARTESIAN_POINT('',(0.,25.625,0.));
#10299 = DIRECTION('',(-0.,-0.,-1.));
#10300 = DIRECTION('',(1.,0.,0.));
#10301 = ADVANCED_FACE('',(#10302),#10320,.T.);
#10302 = FACE_BOUND('',#10303,.T.);
#10303 = EDGE_LOOP('',(#10304,#10312,#10313,#10314));
#10304 = ORIENTED_EDGE('',*,*,#10305,.T.);
#10305 = EDGE_CURVE('',#10306,#9334,#10308,.T.);
#10306 = VERTEX_POINT('',#10307);
#10307 = CARTESIAN_POINT('',(-525.,-87.40740254664,0.));
#10308 = LINE('',#10309,#10310);
#10309 = CARTESIAN_POINT('',(-525.,-5.329E-14,0.));
#10310 = VECTOR('',#10311,1.);
#10311 = DIRECTION('',(0.,1.,0.));
#10312 = ORIENTED_EDGE('',*,*,#9341,.T.);
#10313 = ORIENTED_EDGE('',*,*,#9939,.T.);
#10314 = ORIENTED_EDGE('',*,*,#10315,.F.);
#10315 = EDGE_CURVE('',#10306,#9931,#10316,.T.);
#10316 = LINE('',#10317,#10318);
#10317 = CARTESIAN_POINT('',(-525.,-87.40740254664,0.));
#10318 = VECTOR('',#10319,1.);
#10319 = DIRECTION('',(0.,0.,-1.));
#10320 = PLANE('',#10321);
#10321 = AXIS2_PLACEMENT_3D('',#10322,#10323,#10324);
#10322 = CARTESIAN_POINT('',(-525.,245.85398488502,79.565057152305));
#10323 = DIRECTION('',(-1.,-0.,-0.));
#10324 = DIRECTION('',(0.,0.,-1.));
#10325 = ADVANCED_FACE('',(#10326,#10343,#10354),#10458,.T.);
#10326 = FACE_BOUND('',#10327,.F.);
#10327 = EDGE_LOOP('',(#10328,#10329,#10330,#10331,#10337,#10338,#10339,
    #10340,#10341,#10342));
#10328 = ORIENTED_EDGE('',*,*,#9550,.T.);
#10329 = ORIENTED_EDGE('',*,*,#9357,.F.);
#10330 = ORIENTED_EDGE('',*,*,#9828,.T.);
#10331 = ORIENTED_EDGE('',*,*,#10332,.T.);
#10332 = EDGE_CURVE('',#9829,#9766,#10333,.T.);
#10333 = LINE('',#10334,#10335);
#10334 = CARTESIAN_POINT('',(-550.,770.,-25.));
#10335 = VECTOR('',#10336,1.);
#10336 = DIRECTION('',(-2.2E-16,0.,1.));
#10337 = ORIENTED_EDGE('',*,*,#9773,.T.);
#10338 = ORIENTED_EDGE('',*,*,#9525,.F.);
#10339 = ORIENTED_EDGE('',*,*,#9507,.T.);
#10340 = ORIENTED_EDGE('',*,*,#9483,.T.);
#10341 = ORIENTED_EDGE('',*,*,#9458,.T.);
#10342 = ORIENTED_EDGE('',*,*,#9427,.F.);
#10343 = FACE_BOUND('',#10344,.F.);
#10344 = EDGE_LOOP('',(#10345));
#10345 = ORIENTED_EDGE('',*,*,#10346,.F.);
#10346 = EDGE_CURVE('',#10347,#10347,#10349,.T.);
#10347 = VERTEX_POINT('',#10348);
#10348 = CARTESIAN_POINT('',(-550.,735.,75.));
#10349 = CIRCLE('',#10350,30.);
#10350 = AXIS2_PLACEMENT_3D('',#10351,#10352,#10353);
#10351 = CARTESIAN_POINT('',(-550.,705.,75.));
#10352 = DIRECTION('',(1.,-2.2E-16,2.2E-16));
#10353 = DIRECTION('',(2.2E-16,1.,0.));
#10354 = FACE_BOUND('',#10355,.F.);
#10355 = EDGE_LOOP('',(#10356,#10367,#10375,#10384,#10392,#10401,#10409,
    #10418,#10426,#10435,#10443,#10452));
#10356 = ORIENTED_EDGE('',*,*,#10357,.F.);
#10357 = EDGE_CURVE('',#10358,#10360,#10362,.T.);
#10358 = VERTEX_POINT('',#10359);
#10359 = CARTESIAN_POINT('',(-549.9999999999,142.6780788162,
    318.07912830191));
#10360 = VERTEX_POINT('',#10361);
#10361 = CARTESIAN_POINT('',(-549.9999999999,37.321921183764,
    318.07912830187));
#10362 = CIRCLE('',#10363,65.);
#10363 = AXIS2_PLACEMENT_3D('',#10364,#10365,#10366);
#10364 = CARTESIAN_POINT('',(-549.9999999999,90.,280.));
#10365 = DIRECTION('',(1.,0.,-3.99E-15));
#10366 = DIRECTION('',(0.,1.,0.));
#10367 = ORIENTED_EDGE('',*,*,#10368,.F.);
#10368 = EDGE_CURVE('',#10369,#10358,#10371,.T.);
#10369 = VERTEX_POINT('',#10370);
#10370 = CARTESIAN_POINT('',(-549.9999999999,169.18255968124,
    281.41323823949));
#10371 = LINE('',#10372,#10373);
#10372 = CARTESIAN_POINT('',(-549.9999999999,169.18255968124,
    281.41323823949));
#10373 = VECTOR('',#10374,1.);
#10374 = DIRECTION('',(3.238272072849E-15,-0.585832743106,0.810431981788
    ));
#10375 = ORIENTED_EDGE('',*,*,#10376,.F.);
#10376 = EDGE_CURVE('',#10377,#10369,#10379,.T.);
#10377 = VERTEX_POINT('',#10378);
#10378 = CARTESIAN_POINT('',(-549.9999999999,172.49999999994,
    271.16116523516));
#10379 = CIRCLE('',#10380,17.499999999945);
#10380 = AXIS2_PLACEMENT_3D('',#10381,#10382,#10383);
#10381 = CARTESIAN_POINT('',(-549.9999999999,155.,271.16116523516));
#10382 = DIRECTION('',(1.,0.,-3.99E-15));
#10383 = DIRECTION('',(0.,1.,0.));
#10384 = ORIENTED_EDGE('',*,*,#10385,.F.);
#10385 = EDGE_CURVE('',#10386,#10377,#10388,.T.);
#10386 = VERTEX_POINT('',#10387);
#10387 = CARTESIAN_POINT('',(-549.9999999999,172.49999999994,164.));
#10388 = LINE('',#10389,#10390);
#10389 = CARTESIAN_POINT('',(-549.9999999999,172.49999999994,164.));
#10390 = VECTOR('',#10391,1.);
#10391 = DIRECTION('',(3.99E-15,0.,1.));
#10392 = ORIENTED_EDGE('',*,*,#10393,.F.);
#10393 = EDGE_CURVE('',#10394,#10386,#10396,.T.);
#10394 = VERTEX_POINT('',#10395);
#10395 = CARTESIAN_POINT('',(-549.9999999999,161.49183384498,
    143.282167448));
#10396 = CIRCLE('',#10397,25.);
#10397 = AXIS2_PLACEMENT_3D('',#10398,#10399,#10400);
#10398 = CARTESIAN_POINT('',(-549.9999999999,147.49999999994,164.));
#10399 = DIRECTION('',(1.,0.,-3.99E-15));
#10400 = DIRECTION('',(0.,1.,0.));
#10401 = ORIENTED_EDGE('',*,*,#10402,.F.);
#10402 = EDGE_CURVE('',#10403,#10394,#10405,.T.);
#10403 = VERTEX_POINT('',#10404);
#10404 = CARTESIAN_POINT('',(-549.9999999999,103.99183384511,
    104.44941580427));
#10405 = LINE('',#10406,#10407);
#10406 = CARTESIAN_POINT('',(-550.,103.99183384511,104.44941580427));
#10407 = VECTOR('',#10408,1.);
#10408 = DIRECTION('',(2.231306584793E-15,0.82871330208,0.559673353802)
  );
#10409 = ORIENTED_EDGE('',*,*,#10410,.F.);
#10410 = EDGE_CURVE('',#10411,#10403,#10413,.T.);
#10411 = VERTEX_POINT('',#10412);
#10412 = CARTESIAN_POINT('',(-549.9999999999,76.008166155046,
    104.44941580425));
#10413 = CIRCLE('',#10414,25.);
#10414 = AXIS2_PLACEMENT_3D('',#10415,#10416,#10417);
#10415 = CARTESIAN_POINT('',(-550.,90.00000000007,125.16724835627));
#10416 = DIRECTION('',(1.,0.,-3.99E-15));
#10417 = DIRECTION('',(0.,1.,0.));
#10418 = ORIENTED_EDGE('',*,*,#10419,.F.);
#10419 = EDGE_CURVE('',#10420,#10411,#10422,.T.);
#10420 = VERTEX_POINT('',#10421);
#10421 = CARTESIAN_POINT('',(-549.9999999999,18.508166155034,
    143.282167448));
#10422 = LINE('',#10423,#10424);
#10423 = CARTESIAN_POINT('',(-550.,18.508166155034,143.282167448));
#10424 = VECTOR('',#10425,1.);
#10425 = DIRECTION('',(-2.231306584796E-15,0.828713302081,
    -0.559673353801));
#10426 = ORIENTED_EDGE('',*,*,#10427,.F.);
#10427 = EDGE_CURVE('',#10428,#10420,#10430,.T.);
#10428 = VERTEX_POINT('',#10429);
#10429 = CARTESIAN_POINT('',(-549.9999999999,7.500000000058,
    164.00000000001));
#10430 = CIRCLE('',#10431,25.);
#10431 = AXIS2_PLACEMENT_3D('',#10432,#10433,#10434);
#10432 = CARTESIAN_POINT('',(-549.9999999999,32.500000000058,
    164.00000000001));
#10433 = DIRECTION('',(1.,0.,-3.99E-15));
#10434 = DIRECTION('',(0.,1.,0.));
#10435 = ORIENTED_EDGE('',*,*,#10436,.F.);
#10436 = EDGE_CURVE('',#10437,#10428,#10439,.T.);
#10437 = VERTEX_POINT('',#10438);
#10438 = CARTESIAN_POINT('',(-549.9999999999,7.500000000058,
    271.1611652351));
#10439 = LINE('',#10440,#10441);
#10440 = CARTESIAN_POINT('',(-549.9999999999,7.500000000058,
    271.1611652351));
#10441 = VECTOR('',#10442,1.);
#10442 = DIRECTION('',(-3.99E-15,-0.,-1.));
#10443 = ORIENTED_EDGE('',*,*,#10444,.F.);
#10444 = EDGE_CURVE('',#10445,#10437,#10447,.T.);
#10445 = VERTEX_POINT('',#10446);
#10446 = CARTESIAN_POINT('',(-549.9999999999,10.817440318753,
    281.41323823942));
#10447 = CIRCLE('',#10448,17.499999999943);
#10448 = AXIS2_PLACEMENT_3D('',#10449,#10450,#10451);
#10449 = CARTESIAN_POINT('',(-549.9999999999,25.000000000001,
    271.1611652351));
#10450 = DIRECTION('',(1.,0.,-3.99E-15));
#10451 = DIRECTION('',(0.,1.,0.));
#10452 = ORIENTED_EDGE('',*,*,#10453,.T.);
#10453 = EDGE_CURVE('',#10445,#10360,#10454,.T.);
#10454 = LINE('',#10455,#10456);
#10455 = CARTESIAN_POINT('',(-549.9999999999,10.817440318753,
    281.41323823942));
#10456 = VECTOR('',#10457,1.);
#10457 = DIRECTION('',(3.238272072847E-15,0.585832743106,0.810431981788)
  );
#10458 = PLANE('',#10459);
#10459 = AXIS2_PLACEMENT_3D('',#10460,#10461,#10462);
#10460 = CARTESIAN_POINT('',(-550.,355.52654155172,116.26942356974));
#10461 = DIRECTION('',(-1.,2.2E-16,-2.2E-16));
#10462 = DIRECTION('',(2.2E-16,0.,-1.));
#10463 = ADVANCED_FACE('',(#10464),#10482,.T.);
#10464 = FACE_BOUND('',#10465,.T.);
#10465 = EDGE_LOOP('',(#10466,#10467,#10468,#10476));
#10466 = ORIENTED_EDGE('',*,*,#9922,.F.);
#10467 = ORIENTED_EDGE('',*,*,#9389,.F.);
#10468 = ORIENTED_EDGE('',*,*,#10469,.T.);
#10469 = EDGE_CURVE('',#9382,#10470,#10472,.T.);
#10470 = VERTEX_POINT('',#10471);
#10471 = CARTESIAN_POINT('',(525.,-87.40740254664,0.));
#10472 = LINE('',#10473,#10474);
#10473 = CARTESIAN_POINT('',(525.,0.,0.));
#10474 = VECTOR('',#10475,1.);
#10475 = DIRECTION('',(0.,-1.,0.));
#10476 = ORIENTED_EDGE('',*,*,#10477,.T.);
#10477 = EDGE_CURVE('',#10470,#9923,#10478,.T.);
#10478 = LINE('',#10479,#10480);
#10479 = CARTESIAN_POINT('',(525.,-87.40740254664,0.));
#10480 = VECTOR('',#10481,1.);
#10481 = DIRECTION('',(0.,0.,-1.));
#10482 = PLANE('',#10483);
#10483 = AXIS2_PLACEMENT_3D('',#10484,#10485,#10486);
#10484 = CARTESIAN_POINT('',(525.,245.85398488502,79.565057152305));
#10485 = DIRECTION('',(1.,0.,0.));
#10486 = DIRECTION('',(0.,0.,1.));
#10487 = ADVANCED_FACE('',(#10488,#10505,#10516),#10620,.T.);
#10488 = FACE_BOUND('',#10489,.T.);
#10489 = EDGE_LOOP('',(#10490,#10491,#10492,#10493,#10499,#10500,#10501,
    #10502,#10503,#10504));
#10490 = ORIENTED_EDGE('',*,*,#9722,.T.);
#10491 = ORIENTED_EDGE('',*,*,#9405,.F.);
#10492 = ORIENTED_EDGE('',*,*,#9915,.T.);
#10493 = ORIENTED_EDGE('',*,*,#10494,.T.);
#10494 = EDGE_CURVE('',#9908,#9798,#10495,.T.);
#10495 = LINE('',#10496,#10497);
#10496 = CARTESIAN_POINT('',(550.,770.,-25.));
#10497 = VECTOR('',#10498,1.);
#10498 = DIRECTION('',(0.,0.,1.));
#10499 = ORIENTED_EDGE('',*,*,#9805,.T.);
#10500 = ORIENTED_EDGE('',*,*,#9697,.F.);
#10501 = ORIENTED_EDGE('',*,*,#9679,.T.);
#10502 = ORIENTED_EDGE('',*,*,#9655,.T.);
#10503 = ORIENTED_EDGE('',*,*,#9630,.T.);
#10504 = ORIENTED_EDGE('',*,*,#9599,.F.);
#10505 = FACE_BOUND('',#10506,.T.);
#10506 = EDGE_LOOP('',(#10507));
#10507 = ORIENTED_EDGE('',*,*,#10508,.F.);
#10508 = EDGE_CURVE('',#10509,#10509,#10511,.T.);
#10509 = VERTEX_POINT('',#10510);
#10510 = CARTESIAN_POINT('',(550.,735.,75.));
#10511 = CIRCLE('',#10512,30.);
#10512 = AXIS2_PLACEMENT_3D('',#10513,#10514,#10515);
#10513 = CARTESIAN_POINT('',(550.,705.,75.));
#10514 = DIRECTION('',(1.,0.,0.));
#10515 = DIRECTION('',(0.,1.,0.));
#10516 = FACE_BOUND('',#10517,.T.);
#10517 = EDGE_LOOP('',(#10518,#10529,#10537,#10546,#10554,#10563,#10571,
    #10580,#10588,#10597,#10605,#10614));
#10518 = ORIENTED_EDGE('',*,*,#10519,.F.);
#10519 = EDGE_CURVE('',#10520,#10522,#10524,.T.);
#10520 = VERTEX_POINT('',#10521);
#10521 = CARTESIAN_POINT('',(549.99999999999,142.6780788162,
    318.07912830192));
#10522 = VERTEX_POINT('',#10523);
#10523 = CARTESIAN_POINT('',(549.99999999999,37.321921183764,
    318.07912830187));
#10524 = CIRCLE('',#10525,65.);
#10525 = AXIS2_PLACEMENT_3D('',#10526,#10527,#10528);
#10526 = CARTESIAN_POINT('',(549.99999999999,90.,280.));
#10527 = DIRECTION('',(1.,-0.,4.E-15));
#10528 = DIRECTION('',(0.,1.,0.));
#10529 = ORIENTED_EDGE('',*,*,#10530,.F.);
#10530 = EDGE_CURVE('',#10531,#10520,#10533,.T.);
#10531 = VERTEX_POINT('',#10532);
#10532 = CARTESIAN_POINT('',(549.99999999999,169.18255968124,
    281.41323823949));
#10533 = LINE('',#10534,#10535);
#10534 = CARTESIAN_POINT('',(549.99999999999,169.18255968124,
    281.41323823949));
#10535 = VECTOR('',#10536,1.);
#10536 = DIRECTION('',(-3.241727927151E-15,-0.585832743106,
    0.810431981788));
#10537 = ORIENTED_EDGE('',*,*,#10538,.F.);
#10538 = EDGE_CURVE('',#10539,#10531,#10541,.T.);
#10539 = VERTEX_POINT('',#10540);
#10540 = CARTESIAN_POINT('',(549.99999999999,172.49999999994,
    271.16116523516));
#10541 = CIRCLE('',#10542,17.499999999945);
#10542 = AXIS2_PLACEMENT_3D('',#10543,#10544,#10545);
#10543 = CARTESIAN_POINT('',(549.99999999999,155.,271.16116523516));
#10544 = DIRECTION('',(1.,-0.,4.E-15));
#10545 = DIRECTION('',(0.,1.,0.));
#10546 = ORIENTED_EDGE('',*,*,#10547,.F.);
#10547 = EDGE_CURVE('',#10548,#10539,#10550,.T.);
#10548 = VERTEX_POINT('',#10549);
#10549 = CARTESIAN_POINT('',(549.99999999999,172.49999999994,164.));
#10550 = LINE('',#10551,#10552);
#10551 = CARTESIAN_POINT('',(549.99999999999,172.49999999994,164.));
#10552 = VECTOR('',#10553,1.);
#10553 = DIRECTION('',(-4.E-15,0.,1.));
#10554 = ORIENTED_EDGE('',*,*,#10555,.F.);
#10555 = EDGE_CURVE('',#10556,#10548,#10558,.T.);
#10556 = VERTEX_POINT('',#10557);
#10557 = CARTESIAN_POINT('',(549.99999999999,161.49183384498,
    143.282167448));
#10558 = CIRCLE('',#10559,25.);
#10559 = AXIS2_PLACEMENT_3D('',#10560,#10561,#10562);
#10560 = CARTESIAN_POINT('',(549.99999999999,147.49999999994,164.));
#10561 = DIRECTION('',(1.,-0.,4.E-15));
#10562 = DIRECTION('',(0.,1.,0.));
#10563 = ORIENTED_EDGE('',*,*,#10564,.F.);
#10564 = EDGE_CURVE('',#10565,#10556,#10567,.T.);
#10565 = VERTEX_POINT('',#10566);
#10566 = CARTESIAN_POINT('',(549.99999999999,103.99183384511,
    104.44941580427));
#10567 = LINE('',#10568,#10569);
#10568 = CARTESIAN_POINT('',(549.99999999999,103.99183384511,
    104.44941580427));
#10569 = VECTOR('',#10570,1.);
#10570 = DIRECTION('',(-2.238693415207E-15,0.82871330208,0.559673353802)
  );
#10571 = ORIENTED_EDGE('',*,*,#10572,.F.);
#10572 = EDGE_CURVE('',#10573,#10565,#10575,.T.);
#10573 = VERTEX_POINT('',#10574);
#10574 = CARTESIAN_POINT('',(549.99999999999,76.008166155046,
    104.44941580425));
#10575 = CIRCLE('',#10576,25.);
#10576 = AXIS2_PLACEMENT_3D('',#10577,#10578,#10579);
#10577 = CARTESIAN_POINT('',(549.99999999999,90.00000000007,
    125.16724835627));
#10578 = DIRECTION('',(1.,-0.,4.E-15));
#10579 = DIRECTION('',(0.,1.,0.));
#10580 = ORIENTED_EDGE('',*,*,#10581,.F.);
#10581 = EDGE_CURVE('',#10582,#10573,#10584,.T.);
#10582 = VERTEX_POINT('',#10583);
#10583 = CARTESIAN_POINT('',(549.99999999999,18.508166155034,
    143.282167448));
#10584 = LINE('',#10585,#10586);
#10585 = CARTESIAN_POINT('',(549.99999999999,18.508166155034,
    143.282167448));
#10586 = VECTOR('',#10587,1.);
#10587 = DIRECTION('',(2.238693415204E-15,0.828713302081,-0.559673353801
    ));
#10588 = ORIENTED_EDGE('',*,*,#10589,.F.);
#10589 = EDGE_CURVE('',#10590,#10582,#10592,.T.);
#10590 = VERTEX_POINT('',#10591);
#10591 = CARTESIAN_POINT('',(549.99999999999,7.500000000058,
    164.00000000001));
#10592 = CIRCLE('',#10593,25.);
#10593 = AXIS2_PLACEMENT_3D('',#10594,#10595,#10596);
#10594 = CARTESIAN_POINT('',(549.99999999999,32.500000000058,
    164.00000000001));
#10595 = DIRECTION('',(1.,-0.,4.E-15));
#10596 = DIRECTION('',(0.,1.,0.));
#10597 = ORIENTED_EDGE('',*,*,#10598,.F.);
#10598 = EDGE_CURVE('',#10599,#10590,#10601,.T.);
#10599 = VERTEX_POINT('',#10600);
#10600 = CARTESIAN_POINT('',(549.99999999999,7.500000000058,
    271.1611652351));
#10601 = LINE('',#10602,#10603);
#10602 = CARTESIAN_POINT('',(549.99999999999,7.500000000058,
    271.1611652351));
#10603 = VECTOR('',#10604,1.);
#10604 = DIRECTION('',(4.E-15,0.,-1.));
#10605 = ORIENTED_EDGE('',*,*,#10606,.F.);
#10606 = EDGE_CURVE('',#10607,#10599,#10609,.T.);
#10607 = VERTEX_POINT('',#10608);
#10608 = CARTESIAN_POINT('',(549.99999999999,10.817440318753,
    281.41323823942));
#10609 = CIRCLE('',#10610,17.499999999943);
#10610 = AXIS2_PLACEMENT_3D('',#10611,#10612,#10613);
#10611 = CARTESIAN_POINT('',(549.99999999999,25.000000000001,
    271.1611652351));
#10612 = DIRECTION('',(1.,-0.,4.E-15));
#10613 = DIRECTION('',(0.,1.,0.));
#10614 = ORIENTED_EDGE('',*,*,#10615,.T.);
#10615 = EDGE_CURVE('',#10607,#10522,#10616,.T.);
#10616 = LINE('',#10617,#10618);
#10617 = CARTESIAN_POINT('',(549.99999999999,10.817440318753,
    281.41323823942));
#10618 = VECTOR('',#10619,1.);
#10619 = DIRECTION('',(-3.241727927153E-15,0.585832743106,0.810431981788
    ));
#10620 = PLANE('',#10621);
#10621 = AXIS2_PLACEMENT_3D('',#10622,#10623,#10624);
#10622 = CARTESIAN_POINT('',(550.,355.52654155172,116.26942356974));
#10623 = DIRECTION('',(1.,0.,0.));
#10624 = DIRECTION('',(0.,0.,1.));
#10625 = ADVANCED_FACE('',(#10626,#10730),#10733,.T.);
#10626 = FACE_BOUND('',#10627,.F.);
#10627 = EDGE_LOOP('',(#10628,#10639,#10647,#10656,#10664,#10673,#10681,
    #10690,#10698,#10707,#10715,#10724));
#10628 = ORIENTED_EDGE('',*,*,#10629,.T.);
#10629 = EDGE_CURVE('',#10630,#10632,#10634,.T.);
#10630 = VERTEX_POINT('',#10631);
#10631 = CARTESIAN_POINT('',(-554.9999999999,142.6780788162,
    318.07912830191));
#10632 = VERTEX_POINT('',#10633);
#10633 = CARTESIAN_POINT('',(-554.9999999999,37.321921183764,
    318.07912830187));
#10634 = CIRCLE('',#10635,65.);
#10635 = AXIS2_PLACEMENT_3D('',#10636,#10637,#10638);
#10636 = CARTESIAN_POINT('',(-554.9999999999,90.,280.));
#10637 = DIRECTION('',(1.,0.,-3.99E-15));
#10638 = DIRECTION('',(0.,1.,0.));
#10639 = ORIENTED_EDGE('',*,*,#10640,.F.);
#10640 = EDGE_CURVE('',#10641,#10632,#10643,.T.);
#10641 = VERTEX_POINT('',#10642);
#10642 = CARTESIAN_POINT('',(-554.9999999999,10.817440318753,
    281.41323823942));
#10643 = LINE('',#10644,#10645);
#10644 = CARTESIAN_POINT('',(-554.9999999999,10.817440318753,
    281.41323823942));
#10645 = VECTOR('',#10646,1.);
#10646 = DIRECTION('',(3.238272072847E-15,0.585832743106,0.810431981788)
  );
#10647 = ORIENTED_EDGE('',*,*,#10648,.T.);
#10648 = EDGE_CURVE('',#10641,#10649,#10651,.T.);
#10649 = VERTEX_POINT('',#10650);
#10650 = CARTESIAN_POINT('',(-554.9999999999,7.500000000058,
    271.1611652351));
#10651 = CIRCLE('',#10652,17.499999999943);
#10652 = AXIS2_PLACEMENT_3D('',#10653,#10654,#10655);
#10653 = CARTESIAN_POINT('',(-554.9999999999,25.000000000001,
    271.1611652351));
#10654 = DIRECTION('',(1.,0.,-3.99E-15));
#10655 = DIRECTION('',(0.,1.,0.));
#10656 = ORIENTED_EDGE('',*,*,#10657,.T.);
#10657 = EDGE_CURVE('',#10649,#10658,#10660,.T.);
#10658 = VERTEX_POINT('',#10659);
#10659 = CARTESIAN_POINT('',(-554.9999999999,7.500000000058,
    164.00000000001));
#10660 = LINE('',#10661,#10662);
#10661 = CARTESIAN_POINT('',(-554.9999999999,7.500000000058,
    271.1611652351));
#10662 = VECTOR('',#10663,1.);
#10663 = DIRECTION('',(-3.99E-15,-0.,-1.));
#10664 = ORIENTED_EDGE('',*,*,#10665,.T.);
#10665 = EDGE_CURVE('',#10658,#10666,#10668,.T.);
#10666 = VERTEX_POINT('',#10667);
#10667 = CARTESIAN_POINT('',(-554.9999999999,18.508166155034,
    143.282167448));
#10668 = CIRCLE('',#10669,25.);
#10669 = AXIS2_PLACEMENT_3D('',#10670,#10671,#10672);
#10670 = CARTESIAN_POINT('',(-554.9999999999,32.500000000058,
    164.00000000001));
#10671 = DIRECTION('',(1.,0.,-3.99E-15));
#10672 = DIRECTION('',(0.,1.,0.));
#10673 = ORIENTED_EDGE('',*,*,#10674,.T.);
#10674 = EDGE_CURVE('',#10666,#10675,#10677,.T.);
#10675 = VERTEX_POINT('',#10676);
#10676 = CARTESIAN_POINT('',(-554.9999999999,76.008166155046,
    104.44941580425));
#10677 = LINE('',#10678,#10679);
#10678 = CARTESIAN_POINT('',(-555.,18.508166155034,143.282167448));
#10679 = VECTOR('',#10680,1.);
#10680 = DIRECTION('',(-2.231306584796E-15,0.828713302081,
    -0.559673353801));
#10681 = ORIENTED_EDGE('',*,*,#10682,.T.);
#10682 = EDGE_CURVE('',#10675,#10683,#10685,.T.);
#10683 = VERTEX_POINT('',#10684);
#10684 = CARTESIAN_POINT('',(-554.9999999999,103.99183384511,
    104.44941580427));
#10685 = CIRCLE('',#10686,25.);
#10686 = AXIS2_PLACEMENT_3D('',#10687,#10688,#10689);
#10687 = CARTESIAN_POINT('',(-555.,90.00000000007,125.16724835627));
#10688 = DIRECTION('',(1.,0.,-3.99E-15));
#10689 = DIRECTION('',(0.,1.,0.));
#10690 = ORIENTED_EDGE('',*,*,#10691,.T.);
#10691 = EDGE_CURVE('',#10683,#10692,#10694,.T.);
#10692 = VERTEX_POINT('',#10693);
#10693 = CARTESIAN_POINT('',(-554.9999999999,161.49183384498,
    143.282167448));
#10694 = LINE('',#10695,#10696);
#10695 = CARTESIAN_POINT('',(-555.,103.99183384511,104.44941580427));
#10696 = VECTOR('',#10697,1.);
#10697 = DIRECTION('',(2.231306584793E-15,0.82871330208,0.559673353802)
  );
#10698 = ORIENTED_EDGE('',*,*,#10699,.T.);
#10699 = EDGE_CURVE('',#10692,#10700,#10702,.T.);
#10700 = VERTEX_POINT('',#10701);
#10701 = CARTESIAN_POINT('',(-554.9999999999,172.49999999994,164.));
#10702 = CIRCLE('',#10703,25.);
#10703 = AXIS2_PLACEMENT_3D('',#10704,#10705,#10706);
#10704 = CARTESIAN_POINT('',(-554.9999999999,147.49999999994,164.));
#10705 = DIRECTION('',(1.,0.,-3.99E-15));
#10706 = DIRECTION('',(0.,1.,0.));
#10707 = ORIENTED_EDGE('',*,*,#10708,.T.);
#10708 = EDGE_CURVE('',#10700,#10709,#10711,.T.);
#10709 = VERTEX_POINT('',#10710);
#10710 = CARTESIAN_POINT('',(-554.9999999999,172.49999999994,
    271.16116523516));
#10711 = LINE('',#10712,#10713);
#10712 = CARTESIAN_POINT('',(-554.9999999999,172.49999999994,164.));
#10713 = VECTOR('',#10714,1.);
#10714 = DIRECTION('',(3.99E-15,0.,1.));
#10715 = ORIENTED_EDGE('',*,*,#10716,.T.);
#10716 = EDGE_CURVE('',#10709,#10717,#10719,.T.);
#10717 = VERTEX_POINT('',#10718);
#10718 = CARTESIAN_POINT('',(-554.9999999999,169.18255968124,
    281.41323823949));
#10719 = CIRCLE('',#10720,17.499999999945);
#10720 = AXIS2_PLACEMENT_3D('',#10721,#10722,#10723);
#10721 = CARTESIAN_POINT('',(-554.9999999999,155.,271.16116523516));
#10722 = DIRECTION('',(1.,0.,-3.99E-15));
#10723 = DIRECTION('',(0.,1.,0.));
#10724 = ORIENTED_EDGE('',*,*,#10725,.T.);
#10725 = EDGE_CURVE('',#10717,#10630,#10726,.T.);
#10726 = LINE('',#10727,#10728);
#10727 = CARTESIAN_POINT('',(-554.9999999999,169.18255968124,
    281.41323823949));
#10728 = VECTOR('',#10729,1.);
#10729 = DIRECTION('',(3.238272072849E-15,-0.585832743106,0.810431981788
    ));
#10730 = FACE_BOUND('',#10731,.T.);
#10731 = EDGE_LOOP('',(#10732));
#10732 = ORIENTED_EDGE('',*,*,#9575,.T.);
#10733 = PLANE('',#10734);
#10734 = AXIS2_PLACEMENT_3D('',#10735,#10736,#10737);
#10735 = CARTESIAN_POINT('',(-554.9999999999,90.000000000007,
    233.35419092924));
#10736 = DIRECTION('',(-1.,2.2E-16,4.01E-15));
#10737 = DIRECTION('',(-4.01E-15,-0.,-1.));
#10738 = ADVANCED_FACE('',(#10739,#10843),#10846,.T.);
#10739 = FACE_BOUND('',#10740,.T.);
#10740 = EDGE_LOOP('',(#10741,#10752,#10760,#10769,#10777,#10786,#10794,
    #10803,#10811,#10820,#10828,#10837));
#10741 = ORIENTED_EDGE('',*,*,#10742,.T.);
#10742 = EDGE_CURVE('',#10743,#10745,#10747,.T.);
#10743 = VERTEX_POINT('',#10744);
#10744 = CARTESIAN_POINT('',(554.99999999999,142.6780788162,
    318.07912830192));
#10745 = VERTEX_POINT('',#10746);
#10746 = CARTESIAN_POINT('',(554.99999999999,37.321921183764,
    318.07912830187));
#10747 = CIRCLE('',#10748,65.);
#10748 = AXIS2_PLACEMENT_3D('',#10749,#10750,#10751);
#10749 = CARTESIAN_POINT('',(554.99999999999,90.,280.));
#10750 = DIRECTION('',(1.,-0.,4.E-15));
#10751 = DIRECTION('',(0.,1.,0.));
#10752 = ORIENTED_EDGE('',*,*,#10753,.F.);
#10753 = EDGE_CURVE('',#10754,#10745,#10756,.T.);
#10754 = VERTEX_POINT('',#10755);
#10755 = CARTESIAN_POINT('',(554.99999999999,10.817440318753,
    281.41323823942));
#10756 = LINE('',#10757,#10758);
#10757 = CARTESIAN_POINT('',(554.99999999999,10.817440318753,
    281.41323823942));
#10758 = VECTOR('',#10759,1.);
#10759 = DIRECTION('',(-3.241727927153E-15,0.585832743106,0.810431981788
    ));
#10760 = ORIENTED_EDGE('',*,*,#10761,.T.);
#10761 = EDGE_CURVE('',#10754,#10762,#10764,.T.);
#10762 = VERTEX_POINT('',#10763);
#10763 = CARTESIAN_POINT('',(554.99999999999,7.500000000058,
    271.1611652351));
#10764 = CIRCLE('',#10765,17.499999999943);
#10765 = AXIS2_PLACEMENT_3D('',#10766,#10767,#10768);
#10766 = CARTESIAN_POINT('',(554.99999999999,25.000000000001,
    271.1611652351));
#10767 = DIRECTION('',(1.,-0.,4.E-15));
#10768 = DIRECTION('',(0.,1.,0.));
#10769 = ORIENTED_EDGE('',*,*,#10770,.T.);
#10770 = EDGE_CURVE('',#10762,#10771,#10773,.T.);
#10771 = VERTEX_POINT('',#10772);
#10772 = CARTESIAN_POINT('',(554.99999999999,7.500000000058,
    164.00000000001));
#10773 = LINE('',#10774,#10775);
#10774 = CARTESIAN_POINT('',(554.99999999999,7.500000000058,
    271.1611652351));
#10775 = VECTOR('',#10776,1.);
#10776 = DIRECTION('',(4.E-15,0.,-1.));
#10777 = ORIENTED_EDGE('',*,*,#10778,.T.);
#10778 = EDGE_CURVE('',#10771,#10779,#10781,.T.);
#10779 = VERTEX_POINT('',#10780);
#10780 = CARTESIAN_POINT('',(554.99999999999,18.508166155034,
    143.282167448));
#10781 = CIRCLE('',#10782,25.);
#10782 = AXIS2_PLACEMENT_3D('',#10783,#10784,#10785);
#10783 = CARTESIAN_POINT('',(554.99999999999,32.500000000058,
    164.00000000001));
#10784 = DIRECTION('',(1.,-0.,4.E-15));
#10785 = DIRECTION('',(0.,1.,0.));
#10786 = ORIENTED_EDGE('',*,*,#10787,.T.);
#10787 = EDGE_CURVE('',#10779,#10788,#10790,.T.);
#10788 = VERTEX_POINT('',#10789);
#10789 = CARTESIAN_POINT('',(554.99999999999,76.008166155046,
    104.44941580425));
#10790 = LINE('',#10791,#10792);
#10791 = CARTESIAN_POINT('',(554.99999999999,18.508166155034,
    143.282167448));
#10792 = VECTOR('',#10793,1.);
#10793 = DIRECTION('',(2.238693415204E-15,0.828713302081,-0.559673353801
    ));
#10794 = ORIENTED_EDGE('',*,*,#10795,.T.);
#10795 = EDGE_CURVE('',#10788,#10796,#10798,.T.);
#10796 = VERTEX_POINT('',#10797);
#10797 = CARTESIAN_POINT('',(554.99999999999,103.99183384511,
    104.44941580427));
#10798 = CIRCLE('',#10799,25.);
#10799 = AXIS2_PLACEMENT_3D('',#10800,#10801,#10802);
#10800 = CARTESIAN_POINT('',(554.99999999999,90.00000000007,
    125.16724835627));
#10801 = DIRECTION('',(1.,-0.,4.E-15));
#10802 = DIRECTION('',(0.,1.,0.));
#10803 = ORIENTED_EDGE('',*,*,#10804,.T.);
#10804 = EDGE_CURVE('',#10796,#10805,#10807,.T.);
#10805 = VERTEX_POINT('',#10806);
#10806 = CARTESIAN_POINT('',(554.99999999999,161.49183384498,
    143.282167448));
#10807 = LINE('',#10808,#10809);
#10808 = CARTESIAN_POINT('',(554.99999999999,103.99183384511,
    104.44941580427));
#10809 = VECTOR('',#10810,1.);
#10810 = DIRECTION('',(-2.238693415207E-15,0.82871330208,0.559673353802)
  );
#10811 = ORIENTED_EDGE('',*,*,#10812,.T.);
#10812 = EDGE_CURVE('',#10805,#10813,#10815,.T.);
#10813 = VERTEX_POINT('',#10814);
#10814 = CARTESIAN_POINT('',(554.99999999999,172.49999999994,164.));
#10815 = CIRCLE('',#10816,25.);
#10816 = AXIS2_PLACEMENT_3D('',#10817,#10818,#10819);
#10817 = CARTESIAN_POINT('',(554.99999999999,147.49999999994,164.));
#10818 = DIRECTION('',(1.,-0.,4.E-15));
#10819 = DIRECTION('',(0.,1.,0.));
#10820 = ORIENTED_EDGE('',*,*,#10821,.T.);
#10821 = EDGE_CURVE('',#10813,#10822,#10824,.T.);
#10822 = VERTEX_POINT('',#10823);
#10823 = CARTESIAN_POINT('',(554.99999999999,172.49999999994,
    271.16116523516));
#10824 = LINE('',#10825,#10826);
#10825 = CARTESIAN_POINT('',(554.99999999999,172.49999999994,164.));
#10826 = VECTOR('',#10827,1.);
#10827 = DIRECTION('',(-4.E-15,0.,1.));
#10828 = ORIENTED_EDGE('',*,*,#10829,.T.);
#10829 = EDGE_CURVE('',#10822,#10830,#10832,.T.);
#10830 = VERTEX_POINT('',#10831);
#10831 = CARTESIAN_POINT('',(554.99999999999,169.18255968124,
    281.41323823949));
#10832 = CIRCLE('',#10833,17.499999999945);
#10833 = AXIS2_PLACEMENT_3D('',#10834,#10835,#10836);
#10834 = CARTESIAN_POINT('',(554.99999999999,155.,271.16116523516));
#10835 = DIRECTION('',(1.,-0.,4.E-15));
#10836 = DIRECTION('',(0.,1.,0.));
#10837 = ORIENTED_EDGE('',*,*,#10838,.T.);
#10838 = EDGE_CURVE('',#10830,#10743,#10839,.T.);
#10839 = LINE('',#10840,#10841);
#10840 = CARTESIAN_POINT('',(554.99999999999,169.18255968124,
    281.41323823949));
#10841 = VECTOR('',#10842,1.);
#10842 = DIRECTION('',(-3.241727927151E-15,-0.585832743106,
    0.810431981788));
#10843 = FACE_BOUND('',#10844,.F.);
#10844 = EDGE_LOOP('',(#10845));
#10845 = ORIENTED_EDGE('',*,*,#9747,.T.);
#10846 = PLANE('',#10847);
#10847 = AXIS2_PLACEMENT_3D('',#10848,#10849,#10850);
#10848 = CARTESIAN_POINT('',(554.99999999999,90.000000000007,
    233.35419092924));
#10849 = DIRECTION('',(1.,0.,4.23E-15));
#10850 = DIRECTION('',(-4.23E-15,0.,1.));
#10851 = ADVANCED_FACE('',(#10852),#10858,.F.);
#10852 = FACE_BOUND('',#10853,.T.);
#10853 = EDGE_LOOP('',(#10854,#10855,#10856,#10857));
#10854 = ORIENTED_EDGE('',*,*,#9836,.T.);
#10855 = ORIENTED_EDGE('',*,*,#10332,.T.);
#10856 = ORIENTED_EDGE('',*,*,#9763,.F.);
#10857 = ORIENTED_EDGE('',*,*,#10059,.F.);
#10858 = PLANE('',#10859);
#10859 = AXIS2_PLACEMENT_3D('',#10860,#10861,#10862);
#10860 = CARTESIAN_POINT('',(-525.,770.,-25.));
#10861 = DIRECTION('',(-2.2E-16,-1.,-0.));
#10862 = DIRECTION('',(2.2E-16,-4.84E-32,-1.));
#10863 = ADVANCED_FACE('',(#10864),#10870,.F.);
#10864 = FACE_BOUND('',#10865,.F.);
#10865 = EDGE_LOOP('',(#10866,#10867,#10868,#10869));
#10866 = ORIENTED_EDGE('',*,*,#9907,.T.);
#10867 = ORIENTED_EDGE('',*,*,#10494,.T.);
#10868 = ORIENTED_EDGE('',*,*,#9795,.F.);
#10869 = ORIENTED_EDGE('',*,*,#10146,.F.);
#10870 = PLANE('',#10871);
#10871 = AXIS2_PLACEMENT_3D('',#10872,#10873,#10874);
#10872 = CARTESIAN_POINT('',(525.,770.,-25.));
#10873 = DIRECTION('',(0.,-1.,0.));
#10874 = DIRECTION('',(0.,0.,1.));
#10875 = ADVANCED_FACE('',(#10876),#10888,.T.);
#10876 = FACE_BOUND('',#10877,.T.);
#10877 = EDGE_LOOP('',(#10878,#10879,#10880,#10881));
#10878 = ORIENTED_EDGE('',*,*,#10315,.T.);
#10879 = ORIENTED_EDGE('',*,*,#9930,.T.);
#10880 = ORIENTED_EDGE('',*,*,#10477,.F.);
#10881 = ORIENTED_EDGE('',*,*,#10882,.F.);
#10882 = EDGE_CURVE('',#10306,#10470,#10883,.T.);
#10883 = CIRCLE('',#10884,536.);
#10884 = AXIS2_PLACEMENT_3D('',#10885,#10886,#10887);
#10885 = CARTESIAN_POINT('',(0.,20.625,0.));
#10886 = DIRECTION('',(0.,0.,1.));
#10887 = DIRECTION('',(1.,0.,0.));
#10888 = CYLINDRICAL_SURFACE('',#10889,536.);
#10889 = AXIS2_PLACEMENT_3D('',#10890,#10891,#10892);
#10890 = CARTESIAN_POINT('',(0.,20.625,0.));
#10891 = DIRECTION('',(0.,0.,1.));
#10892 = DIRECTION('',(1.,0.,0.));
#10893 = ADVANCED_FACE('',(#10894),#10900,.T.);
#10894 = FACE_BOUND('',#10895,.F.);
#10895 = EDGE_LOOP('',(#10896,#10897,#10898,#10899));
#10896 = ORIENTED_EDGE('',*,*,#9859,.T.);
#10897 = ORIENTED_EDGE('',*,*,#10174,.T.);
#10898 = ORIENTED_EDGE('',*,*,#10032,.F.);
#10899 = ORIENTED_EDGE('',*,*,#10007,.F.);
#10900 = PLANE('',#10901);
#10901 = AXIS2_PLACEMENT_3D('',#10902,#10903,#10904);
#10902 = CARTESIAN_POINT('',(-480.,770.,-25.));
#10903 = DIRECTION('',(2.2E-16,1.,0.));
#10904 = DIRECTION('',(2.2E-16,-4.84E-32,-1.));
#10905 = ADVANCED_FACE('',(#10906),#10912,.T.);
#10906 = FACE_BOUND('',#10907,.T.);
#10907 = EDGE_LOOP('',(#10908,#10909,#10910,#10911));
#10908 = ORIENTED_EDGE('',*,*,#9884,.T.);
#10909 = ORIENTED_EDGE('',*,*,#10202,.T.);
#10910 = ORIENTED_EDGE('',*,*,#10084,.F.);
#10911 = ORIENTED_EDGE('',*,*,#10118,.F.);
#10912 = PLANE('',#10913);
#10913 = AXIS2_PLACEMENT_3D('',#10914,#10915,#10916);
#10914 = CARTESIAN_POINT('',(480.,770.,-25.));
#10915 = DIRECTION('',(0.,1.,0.));
#10916 = DIRECTION('',(0.,0.,1.));
#10917 = ADVANCED_FACE('',(#10918),#10937,.T.);
#10918 = FACE_BOUND('',#10919,.F.);
#10919 = EDGE_LOOP('',(#10920,#10928,#10935,#10936));
#10920 = ORIENTED_EDGE('',*,*,#10921,.T.);
#10921 = EDGE_CURVE('',#9948,#10922,#10924,.T.);
#10922 = VERTEX_POINT('',#10923);
#10923 = CARTESIAN_POINT('',(360.,0.,-75.));
#10924 = LINE('',#10925,#10926);
#10925 = CARTESIAN_POINT('',(360.,0.,-25.));
#10926 = VECTOR('',#10927,1.);
#10927 = DIRECTION('',(0.,0.,-1.));
#10928 = ORIENTED_EDGE('',*,*,#10929,.T.);
#10929 = EDGE_CURVE('',#10922,#10922,#10930,.T.);
#10930 = CIRCLE('',#10931,360.);
#10931 = AXIS2_PLACEMENT_3D('',#10932,#10933,#10934);
#10932 = CARTESIAN_POINT('',(0.,0.,-75.));
#10933 = DIRECTION('',(0.,0.,-1.));
#10934 = DIRECTION('',(1.,0.,0.));
#10935 = ORIENTED_EDGE('',*,*,#10921,.F.);
#10936 = ORIENTED_EDGE('',*,*,#9947,.F.);
#10937 = CYLINDRICAL_SURFACE('',#10938,360.);
#10938 = AXIS2_PLACEMENT_3D('',#10939,#10940,#10941);
#10939 = CARTESIAN_POINT('',(0.,0.,-25.));
#10940 = DIRECTION('',(0.,0.,1.));
#10941 = DIRECTION('',(1.,0.,0.));
#10942 = ADVANCED_FACE('',(#10943),#10962,.T.);
#10943 = FACE_BOUND('',#10944,.F.);
#10944 = EDGE_LOOP('',(#10945,#10953,#10960,#10961));
#10945 = ORIENTED_EDGE('',*,*,#10946,.T.);
#10946 = EDGE_CURVE('',#9959,#10947,#10949,.T.);
#10947 = VERTEX_POINT('',#10948);
#10948 = CARTESIAN_POINT('',(440.,482.5,-75.));
#10949 = LINE('',#10950,#10951);
#10950 = CARTESIAN_POINT('',(440.,482.5,-25.));
#10951 = VECTOR('',#10952,1.);
#10952 = DIRECTION('',(0.,0.,-1.));
#10953 = ORIENTED_EDGE('',*,*,#10954,.T.);
#10954 = EDGE_CURVE('',#10947,#10947,#10955,.T.);
#10955 = CIRCLE('',#10956,125.);
#10956 = AXIS2_PLACEMENT_3D('',#10957,#10958,#10959);
#10957 = CARTESIAN_POINT('',(315.,482.5,-75.));
#10958 = DIRECTION('',(0.,0.,-1.));
#10959 = DIRECTION('',(1.,0.,0.));
#10960 = ORIENTED_EDGE('',*,*,#10946,.F.);
#10961 = ORIENTED_EDGE('',*,*,#9958,.F.);
#10962 = CYLINDRICAL_SURFACE('',#10963,125.);
#10963 = AXIS2_PLACEMENT_3D('',#10964,#10965,#10966);
#10964 = CARTESIAN_POINT('',(315.,482.5,-25.));
#10965 = DIRECTION('',(0.,0.,1.));
#10966 = DIRECTION('',(1.,0.,0.));
#10967 = ADVANCED_FACE('',(#10968),#10987,.T.);
#10968 = FACE_BOUND('',#10969,.F.);
#10969 = EDGE_LOOP('',(#10970,#10978,#10985,#10986));
#10970 = ORIENTED_EDGE('',*,*,#10971,.T.);
#10971 = EDGE_CURVE('',#9970,#10972,#10974,.T.);
#10972 = VERTEX_POINT('',#10973);
#10973 = CARTESIAN_POINT('',(125.,607.5,-75.));
#10974 = LINE('',#10975,#10976);
#10975 = CARTESIAN_POINT('',(125.,607.5,-25.));
#10976 = VECTOR('',#10977,1.);
#10977 = DIRECTION('',(0.,0.,-1.));
#10978 = ORIENTED_EDGE('',*,*,#10979,.T.);
#10979 = EDGE_CURVE('',#10972,#10972,#10980,.T.);
#10980 = CIRCLE('',#10981,125.);
#10981 = AXIS2_PLACEMENT_3D('',#10982,#10983,#10984);
#10982 = CARTESIAN_POINT('',(0.,607.5,-75.));
#10983 = DIRECTION('',(0.,0.,-1.));
#10984 = DIRECTION('',(1.,0.,0.));
#10985 = ORIENTED_EDGE('',*,*,#10971,.F.);
#10986 = ORIENTED_EDGE('',*,*,#9969,.F.);
#10987 = CYLINDRICAL_SURFACE('',#10988,125.);
#10988 = AXIS2_PLACEMENT_3D('',#10989,#10990,#10991);
#10989 = CARTESIAN_POINT('',(0.,607.5,-25.));
#10990 = DIRECTION('',(0.,0.,1.));
#10991 = DIRECTION('',(1.,0.,0.));
#10992 = ADVANCED_FACE('',(#10993),#11012,.T.);
#10993 = FACE_BOUND('',#10994,.F.);
#10994 = EDGE_LOOP('',(#10995,#11003,#11010,#11011));
#10995 = ORIENTED_EDGE('',*,*,#10996,.T.);
#10996 = EDGE_CURVE('',#9981,#10997,#10999,.T.);
#10997 = VERTEX_POINT('',#10998);
#10998 = CARTESIAN_POINT('',(-190.,482.5,-75.));
#10999 = LINE('',#11000,#11001);
#11000 = CARTESIAN_POINT('',(-190.,482.5,-25.));
#11001 = VECTOR('',#11002,1.);
#11002 = DIRECTION('',(0.,0.,-1.));
#11003 = ORIENTED_EDGE('',*,*,#11004,.T.);
#11004 = EDGE_CURVE('',#10997,#10997,#11005,.T.);
#11005 = CIRCLE('',#11006,125.);
#11006 = AXIS2_PLACEMENT_3D('',#11007,#11008,#11009);
#11007 = CARTESIAN_POINT('',(-315.,482.5,-75.));
#11008 = DIRECTION('',(0.,0.,-1.));
#11009 = DIRECTION('',(1.,0.,0.));
#11010 = ORIENTED_EDGE('',*,*,#10996,.F.);
#11011 = ORIENTED_EDGE('',*,*,#9980,.F.);
#11012 = CYLINDRICAL_SURFACE('',#11013,125.);
#11013 = AXIS2_PLACEMENT_3D('',#11014,#11015,#11016);
#11014 = CARTESIAN_POINT('',(-315.,482.5,-25.));
#11015 = DIRECTION('',(0.,0.,1.));
#11016 = DIRECTION('',(1.,0.,0.));
#11017 = ADVANCED_FACE('',(#11018),#11029,.F.);
#11018 = FACE_BOUND('',#11019,.F.);
#11019 = EDGE_LOOP('',(#11020,#11026,#11027,#11028));
#11020 = ORIENTED_EDGE('',*,*,#11021,.T.);
#11021 = EDGE_CURVE('',#10016,#10183,#11022,.T.);
#11022 = LINE('',#11023,#11024);
#11023 = CARTESIAN_POINT('',(-480.,675.,75.));
#11024 = VECTOR('',#11025,1.);
#11025 = DIRECTION('',(1.,-2.2E-16,2.2E-16));
#11026 = ORIENTED_EDGE('',*,*,#10182,.T.);
#11027 = ORIENTED_EDGE('',*,*,#11021,.F.);
#11028 = ORIENTED_EDGE('',*,*,#10015,.F.);
#11029 = CYLINDRICAL_SURFACE('',#11030,30.);
#11030 = AXIS2_PLACEMENT_3D('',#11031,#11032,#11033);
#11031 = CARTESIAN_POINT('',(-480.,705.,75.));
#11032 = DIRECTION('',(-1.,2.2E-16,-2.2E-16));
#11033 = DIRECTION('',(-2.2E-16,-1.,0.));
#11034 = ADVANCED_FACE('',(#11035),#11046,.F.);
#11035 = FACE_BOUND('',#11036,.F.);
#11036 = EDGE_LOOP('',(#11037,#11043,#11044,#11045));
#11037 = ORIENTED_EDGE('',*,*,#11038,.T.);
#11038 = EDGE_CURVE('',#10068,#10347,#11039,.T.);
#11039 = LINE('',#11040,#11041);
#11040 = CARTESIAN_POINT('',(-525.,735.,75.));
#11041 = VECTOR('',#11042,1.);
#11042 = DIRECTION('',(-1.,2.2E-16,-2.2E-16));
#11043 = ORIENTED_EDGE('',*,*,#10346,.T.);
#11044 = ORIENTED_EDGE('',*,*,#11038,.F.);
#11045 = ORIENTED_EDGE('',*,*,#10067,.F.);
#11046 = CYLINDRICAL_SURFACE('',#11047,30.);
#11047 = AXIS2_PLACEMENT_3D('',#11048,#11049,#11050);
#11048 = CARTESIAN_POINT('',(-525.,705.,75.));
#11049 = DIRECTION('',(1.,-2.2E-16,2.2E-16));
#11050 = DIRECTION('',(2.2E-16,1.,0.));
#11051 = ADVANCED_FACE('',(#11052),#11063,.F.);
#11052 = FACE_BOUND('',#11053,.T.);
#11053 = EDGE_LOOP('',(#11054,#11060,#11061,#11062));
#11054 = ORIENTED_EDGE('',*,*,#11055,.T.);
#11055 = EDGE_CURVE('',#10127,#10211,#11056,.T.);
#11056 = LINE('',#11057,#11058);
#11057 = CARTESIAN_POINT('',(480.,675.,75.));
#11058 = VECTOR('',#11059,1.);
#11059 = DIRECTION('',(-1.,0.,0.));
#11060 = ORIENTED_EDGE('',*,*,#10210,.T.);
#11061 = ORIENTED_EDGE('',*,*,#11055,.F.);
#11062 = ORIENTED_EDGE('',*,*,#10126,.F.);
#11063 = CYLINDRICAL_SURFACE('',#11064,30.);
#11064 = AXIS2_PLACEMENT_3D('',#11065,#11066,#11067);
#11065 = CARTESIAN_POINT('',(480.,705.,75.));
#11066 = DIRECTION('',(1.,0.,0.));
#11067 = DIRECTION('',(0.,-1.,0.));
#11068 = ADVANCED_FACE('',(#11069),#11080,.F.);
#11069 = FACE_BOUND('',#11070,.T.);
#11070 = EDGE_LOOP('',(#11071,#11077,#11078,#11079));
#11071 = ORIENTED_EDGE('',*,*,#11072,.T.);
#11072 = EDGE_CURVE('',#10155,#10509,#11073,.T.);
#11073 = LINE('',#11074,#11075);
#11074 = CARTESIAN_POINT('',(525.,735.,75.));
#11075 = VECTOR('',#11076,1.);
#11076 = DIRECTION('',(1.,0.,0.));
#11077 = ORIENTED_EDGE('',*,*,#10508,.T.);
#11078 = ORIENTED_EDGE('',*,*,#11072,.F.);
#11079 = ORIENTED_EDGE('',*,*,#10154,.F.);
#11080 = CYLINDRICAL_SURFACE('',#11081,30.);
#11081 = AXIS2_PLACEMENT_3D('',#11082,#11083,#11084);
#11082 = CARTESIAN_POINT('',(525.,705.,75.));
#11083 = DIRECTION('',(-1.,-0.,-0.));
#11084 = DIRECTION('',(0.,1.,0.));
#11085 = ADVANCED_FACE('',(#11086),#11105,.T.);
#11086 = FACE_BOUND('',#11087,.F.);
#11087 = EDGE_LOOP('',(#11088,#11096,#11103,#11104));
#11088 = ORIENTED_EDGE('',*,*,#11089,.T.);
#11089 = EDGE_CURVE('',#10231,#11090,#11092,.T.);
#11090 = VERTEX_POINT('',#11091);
#11091 = CARTESIAN_POINT('',(240.,0.,304.));
#11092 = LINE('',#11093,#11094);
#11093 = CARTESIAN_POINT('',(240.,0.,235.));
#11094 = VECTOR('',#11095,1.);
#11095 = DIRECTION('',(0.,0.,1.));
#11096 = ORIENTED_EDGE('',*,*,#11097,.T.);
#11097 = EDGE_CURVE('',#11090,#11090,#11098,.T.);
#11098 = CIRCLE('',#11099,240.);
#11099 = AXIS2_PLACEMENT_3D('',#11100,#11101,#11102);
#11100 = CARTESIAN_POINT('',(0.,0.,304.));
#11101 = DIRECTION('',(0.,0.,1.));
#11102 = DIRECTION('',(1.,0.,0.));
#11103 = ORIENTED_EDGE('',*,*,#11089,.F.);
#11104 = ORIENTED_EDGE('',*,*,#10230,.F.);
#11105 = CYLINDRICAL_SURFACE('',#11106,240.);
#11106 = AXIS2_PLACEMENT_3D('',#11107,#11108,#11109);
#11107 = CARTESIAN_POINT('',(0.,0.,235.));
#11108 = DIRECTION('',(-0.,-0.,-1.));
#11109 = DIRECTION('',(1.,0.,0.));
#11110 = ADVANCED_FACE('',(#11111),#11130,.T.);
#11111 = FACE_BOUND('',#11112,.F.);
#11112 = EDGE_LOOP('',(#11113,#11121,#11128,#11129));
#11113 = ORIENTED_EDGE('',*,*,#11114,.T.);
#11114 = EDGE_CURVE('',#10248,#11115,#11117,.T.);
#11115 = VERTEX_POINT('',#11116);
#11116 = CARTESIAN_POINT('',(162.5,607.5,340.));
#11117 = LINE('',#11118,#11119);
#11118 = CARTESIAN_POINT('',(162.5,607.5,275.));
#11119 = VECTOR('',#11120,1.);
#11120 = DIRECTION('',(0.,0.,1.));
#11121 = ORIENTED_EDGE('',*,*,#11122,.T.);
#11122 = EDGE_CURVE('',#11115,#11115,#11123,.T.);
#11123 = CIRCLE('',#11124,162.5);
#11124 = AXIS2_PLACEMENT_3D('',#11125,#11126,#11127);
#11125 = CARTESIAN_POINT('',(0.,607.5,340.));
#11126 = DIRECTION('',(0.,0.,1.));
#11127 = DIRECTION('',(1.,0.,0.));
#11128 = ORIENTED_EDGE('',*,*,#11114,.F.);
#11129 = ORIENTED_EDGE('',*,*,#10247,.F.);
#11130 = CYLINDRICAL_SURFACE('',#11131,162.5);
#11131 = AXIS2_PLACEMENT_3D('',#11132,#11133,#11134);
#11132 = CARTESIAN_POINT('',(0.,607.5,275.));
#11133 = DIRECTION('',(-0.,-0.,-1.));
#11134 = DIRECTION('',(1.,0.,0.));
#11135 = ADVANCED_FACE('',(#11136),#11155,.T.);
#11136 = FACE_BOUND('',#11137,.F.);
#11137 = EDGE_LOOP('',(#11138,#11146,#11153,#11154));
#11138 = ORIENTED_EDGE('',*,*,#11139,.T.);
#11139 = EDGE_CURVE('',#10268,#11140,#11142,.T.);
#11140 = VERTEX_POINT('',#11141);
#11141 = CARTESIAN_POINT('',(477.5,482.5,340.));
#11142 = LINE('',#11143,#11144);
#11143 = CARTESIAN_POINT('',(477.5,482.5,275.));
#11144 = VECTOR('',#11145,1.);
#11145 = DIRECTION('',(0.,0.,1.));
#11146 = ORIENTED_EDGE('',*,*,#11147,.T.);
#11147 = EDGE_CURVE('',#11140,#11140,#11148,.T.);
#11148 = CIRCLE('',#11149,162.5);
#11149 = AXIS2_PLACEMENT_3D('',#11150,#11151,#11152);
#11150 = CARTESIAN_POINT('',(315.,482.5,340.));
#11151 = DIRECTION('',(0.,0.,1.));
#11152 = DIRECTION('',(1.,0.,0.));
#11153 = ORIENTED_EDGE('',*,*,#11139,.F.);
#11154 = ORIENTED_EDGE('',*,*,#10267,.F.);
#11155 = CYLINDRICAL_SURFACE('',#11156,162.5);
#11156 = AXIS2_PLACEMENT_3D('',#11157,#11158,#11159);
#11157 = CARTESIAN_POINT('',(315.,482.5,275.));
#11158 = DIRECTION('',(-0.,-0.,-1.));
#11159 = DIRECTION('',(1.,0.,0.));
#11160 = ADVANCED_FACE('',(#11161),#11167,.T.);
#11161 = FACE_BOUND('',#11162,.T.);
#11162 = EDGE_LOOP('',(#11163,#11164,#11165,#11166));
#11163 = ORIENTED_EDGE('',*,*,#10305,.F.);
#11164 = ORIENTED_EDGE('',*,*,#10882,.T.);
#11165 = ORIENTED_EDGE('',*,*,#10469,.F.);
#11166 = ORIENTED_EDGE('',*,*,#10290,.F.);
#11167 = PLANE('',#11168);
#11168 = AXIS2_PLACEMENT_3D('',#11169,#11170,#11171);
#11169 = CARTESIAN_POINT('',(3.853E-14,158.34180068608,0.));
#11170 = DIRECTION('',(0.,0.,1.));
#11171 = DIRECTION('',(1.,0.,0.));
#11172 = ADVANCED_FACE('',(#11173),#11189,.T.);
#11173 = FACE_BOUND('',#11174,.T.);
#11174 = EDGE_LOOP('',(#11175,#11181,#11182,#11188));
#11175 = ORIENTED_EDGE('',*,*,#11176,.T.);
#11176 = EDGE_CURVE('',#10358,#10630,#11177,.T.);
#11177 = LINE('',#11178,#11179);
#11178 = CARTESIAN_POINT('',(-549.9999999999,142.6780788162,
    318.07912830191));
#11179 = VECTOR('',#11180,1.);
#11180 = DIRECTION('',(-1.,2.2E-16,3.89E-15));
#11181 = ORIENTED_EDGE('',*,*,#10629,.T.);
#11182 = ORIENTED_EDGE('',*,*,#11183,.F.);
#11183 = EDGE_CURVE('',#10360,#10632,#11184,.T.);
#11184 = LINE('',#11185,#11186);
#11185 = CARTESIAN_POINT('',(-549.9999999999,37.321921183764,
    318.07912830187));
#11186 = VECTOR('',#11187,1.);
#11187 = DIRECTION('',(-1.,2.2E-16,3.89E-15));
#11188 = ORIENTED_EDGE('',*,*,#10357,.F.);
#11189 = CYLINDRICAL_SURFACE('',#11190,65.);
#11190 = AXIS2_PLACEMENT_3D('',#11191,#11192,#11193);
#11191 = CARTESIAN_POINT('',(-549.9999999999,90.,280.));
#11192 = DIRECTION('',(1.,-1.1E-16,-3.89E-15));
#11193 = DIRECTION('',(1.1E-16,1.,0.));
#11194 = ADVANCED_FACE('',(#11195),#11206,.T.);
#11195 = FACE_BOUND('',#11196,.F.);
#11196 = EDGE_LOOP('',(#11197,#11203,#11204,#11205));
#11197 = ORIENTED_EDGE('',*,*,#11198,.T.);
#11198 = EDGE_CURVE('',#10445,#10641,#11199,.T.);
#11199 = LINE('',#11200,#11201);
#11200 = CARTESIAN_POINT('',(-549.9999999999,10.817440318753,
    281.41323823942));
#11201 = VECTOR('',#11202,1.);
#11202 = DIRECTION('',(-1.,2.2E-16,3.89E-15));
#11203 = ORIENTED_EDGE('',*,*,#10640,.T.);
#11204 = ORIENTED_EDGE('',*,*,#11183,.F.);
#11205 = ORIENTED_EDGE('',*,*,#10453,.F.);
#11206 = PLANE('',#11207);
#11207 = AXIS2_PLACEMENT_3D('',#11208,#11209,#11210);
#11208 = CARTESIAN_POINT('',(-549.9999999999,10.817440318753,
    281.41323823942));
#11209 = DIRECTION('',(2.1E-15,-0.810431981788,0.585832743106));
#11210 = DIRECTION('',(-3.21E-15,-0.585832743106,-0.810431981788));
#11211 = ADVANCED_FACE('',(#11212),#11223,.T.);
#11212 = FACE_BOUND('',#11213,.T.);
#11213 = EDGE_LOOP('',(#11214,#11215,#11216,#11222));
#11214 = ORIENTED_EDGE('',*,*,#11198,.T.);
#11215 = ORIENTED_EDGE('',*,*,#10648,.T.);
#11216 = ORIENTED_EDGE('',*,*,#11217,.F.);
#11217 = EDGE_CURVE('',#10437,#10649,#11218,.T.);
#11218 = LINE('',#11219,#11220);
#11219 = CARTESIAN_POINT('',(-549.9999999999,7.500000000058,
    271.1611652351));
#11220 = VECTOR('',#11221,1.);
#11221 = DIRECTION('',(-1.,2.2E-16,3.89E-15));
#11222 = ORIENTED_EDGE('',*,*,#10444,.F.);
#11223 = CYLINDRICAL_SURFACE('',#11224,17.499999999943);
#11224 = AXIS2_PLACEMENT_3D('',#11225,#11226,#11227);
#11225 = CARTESIAN_POINT('',(-549.9999999999,25.000000000001,
    271.1611652351));
#11226 = DIRECTION('',(1.,-1.1E-16,-3.89E-15));
#11227 = DIRECTION('',(1.1E-16,1.,0.));
#11228 = ADVANCED_FACE('',(#11229),#11240,.F.);
#11229 = FACE_BOUND('',#11230,.T.);
#11230 = EDGE_LOOP('',(#11231,#11232,#11233,#11239));
#11231 = ORIENTED_EDGE('',*,*,#11217,.T.);
#11232 = ORIENTED_EDGE('',*,*,#10657,.T.);
#11233 = ORIENTED_EDGE('',*,*,#11234,.F.);
#11234 = EDGE_CURVE('',#10428,#10658,#11235,.T.);
#11235 = LINE('',#11236,#11237);
#11236 = CARTESIAN_POINT('',(-549.9999999999,7.500000000058,
    164.00000000001));
#11237 = VECTOR('',#11238,1.);
#11238 = DIRECTION('',(-1.,2.2E-16,3.89E-15));
#11239 = ORIENTED_EDGE('',*,*,#10436,.F.);
#11240 = PLANE('',#11241);
#11241 = AXIS2_PLACEMENT_3D('',#11242,#11243,#11244);
#11242 = CARTESIAN_POINT('',(-549.9999999999,7.500000000058,
    271.1611652351));
#11243 = DIRECTION('',(2.2E-16,1.,0.));
#11244 = DIRECTION('',(3.89E-15,-8.558E-31,1.));
#11245 = ADVANCED_FACE('',(#11246),#11257,.T.);
#11246 = FACE_BOUND('',#11247,.T.);
#11247 = EDGE_LOOP('',(#11248,#11249,#11250,#11256));
#11248 = ORIENTED_EDGE('',*,*,#11234,.T.);
#11249 = ORIENTED_EDGE('',*,*,#10665,.T.);
#11250 = ORIENTED_EDGE('',*,*,#11251,.F.);
#11251 = EDGE_CURVE('',#10420,#10666,#11252,.T.);
#11252 = LINE('',#11253,#11254);
#11253 = CARTESIAN_POINT('',(-549.9999999999,18.508166155034,
    143.282167448));
#11254 = VECTOR('',#11255,1.);
#11255 = DIRECTION('',(-1.,2.2E-16,3.89E-15));
#11256 = ORIENTED_EDGE('',*,*,#10427,.F.);
#11257 = CYLINDRICAL_SURFACE('',#11258,25.);
#11258 = AXIS2_PLACEMENT_3D('',#11259,#11260,#11261);
#11259 = CARTESIAN_POINT('',(-549.9999999999,32.500000000058,
    164.00000000001));
#11260 = DIRECTION('',(1.,-1.1E-16,-3.89E-15));
#11261 = DIRECTION('',(1.1E-16,1.,0.));
#11262 = ADVANCED_FACE('',(#11263),#11274,.F.);
#11263 = FACE_BOUND('',#11264,.T.);
#11264 = EDGE_LOOP('',(#11265,#11266,#11267,#11273));
#11265 = ORIENTED_EDGE('',*,*,#11251,.T.);
#11266 = ORIENTED_EDGE('',*,*,#10674,.T.);
#11267 = ORIENTED_EDGE('',*,*,#11268,.F.);
#11268 = EDGE_CURVE('',#10411,#10675,#11269,.T.);
#11269 = LINE('',#11270,#11271);
#11270 = CARTESIAN_POINT('',(-549.9999999999,76.008166155046,
    104.44941580425));
#11271 = VECTOR('',#11272,1.);
#11272 = DIRECTION('',(-1.,2.2E-16,3.89E-15));
#11273 = ORIENTED_EDGE('',*,*,#10419,.F.);
#11274 = PLANE('',#11275);
#11275 = AXIS2_PLACEMENT_3D('',#11276,#11277,#11278);
#11276 = CARTESIAN_POINT('',(-549.9999999999,18.508166155034,
    143.282167448));
#11277 = DIRECTION('',(3.34E-15,0.559673353801,0.828713302081));
#11278 = DIRECTION('',(2.08E-15,-0.828713302081,0.559673353801));
#11279 = ADVANCED_FACE('',(#11280),#11291,.T.);
#11280 = FACE_BOUND('',#11281,.T.);
#11281 = EDGE_LOOP('',(#11282,#11283,#11284,#11290));
#11282 = ORIENTED_EDGE('',*,*,#11268,.T.);
#11283 = ORIENTED_EDGE('',*,*,#10682,.T.);
#11284 = ORIENTED_EDGE('',*,*,#11285,.F.);
#11285 = EDGE_CURVE('',#10403,#10683,#11286,.T.);
#11286 = LINE('',#11287,#11288);
#11287 = CARTESIAN_POINT('',(-549.9999999999,103.99183384511,
    104.44941580427));
#11288 = VECTOR('',#11289,1.);
#11289 = DIRECTION('',(-1.,2.2E-16,3.89E-15));
#11290 = ORIENTED_EDGE('',*,*,#10410,.F.);
#11291 = CYLINDRICAL_SURFACE('',#11292,25.);
#11292 = AXIS2_PLACEMENT_3D('',#11293,#11294,#11295);
#11293 = CARTESIAN_POINT('',(-549.9999999999,90.00000000007,
    125.16724835627));
#11294 = DIRECTION('',(1.,-1.1E-16,-3.89E-15));
#11295 = DIRECTION('',(1.1E-16,1.,0.));
#11296 = ADVANCED_FACE('',(#11297),#11308,.F.);
#11297 = FACE_BOUND('',#11298,.T.);
#11298 = EDGE_LOOP('',(#11299,#11300,#11301,#11307));
#11299 = ORIENTED_EDGE('',*,*,#11285,.T.);
#11300 = ORIENTED_EDGE('',*,*,#10691,.T.);
#11301 = ORIENTED_EDGE('',*,*,#11302,.F.);
#11302 = EDGE_CURVE('',#10394,#10692,#11303,.T.);
#11303 = LINE('',#11304,#11305);
#11304 = CARTESIAN_POINT('',(-549.9999999999,161.49183384498,
    143.282167448));
#11305 = VECTOR('',#11306,1.);
#11306 = DIRECTION('',(-1.,2.2E-16,3.89E-15));
#11307 = ORIENTED_EDGE('',*,*,#10402,.F.);
#11308 = PLANE('',#11309);
#11309 = AXIS2_PLACEMENT_3D('',#11310,#11311,#11312);
#11310 = CARTESIAN_POINT('',(-549.9999999999,103.99183384511,
    104.44941580427));
#11311 = DIRECTION('',(3.1E-15,-0.559673353802,0.82871330208));
#11312 = DIRECTION('',(-2.27E-15,-0.82871330208,-0.559673353802));
#11313 = ADVANCED_FACE('',(#11314),#11325,.T.);
#11314 = FACE_BOUND('',#11315,.T.);
#11315 = EDGE_LOOP('',(#11316,#11317,#11318,#11324));
#11316 = ORIENTED_EDGE('',*,*,#11302,.T.);
#11317 = ORIENTED_EDGE('',*,*,#10699,.T.);
#11318 = ORIENTED_EDGE('',*,*,#11319,.F.);
#11319 = EDGE_CURVE('',#10386,#10700,#11320,.T.);
#11320 = LINE('',#11321,#11322);
#11321 = CARTESIAN_POINT('',(-549.9999999999,172.49999999994,164.));
#11322 = VECTOR('',#11323,1.);
#11323 = DIRECTION('',(-1.,2.2E-16,3.89E-15));
#11324 = ORIENTED_EDGE('',*,*,#10393,.F.);
#11325 = CYLINDRICAL_SURFACE('',#11326,25.);
#11326 = AXIS2_PLACEMENT_3D('',#11327,#11328,#11329);
#11327 = CARTESIAN_POINT('',(-549.9999999999,147.49999999994,164.));
#11328 = DIRECTION('',(1.,-1.1E-16,-3.89E-15));
#11329 = DIRECTION('',(1.1E-16,1.,0.));
#11330 = ADVANCED_FACE('',(#11331),#11342,.F.);
#11331 = FACE_BOUND('',#11332,.T.);
#11332 = EDGE_LOOP('',(#11333,#11334,#11335,#11341));
#11333 = ORIENTED_EDGE('',*,*,#11319,.T.);
#11334 = ORIENTED_EDGE('',*,*,#10708,.T.);
#11335 = ORIENTED_EDGE('',*,*,#11336,.F.);
#11336 = EDGE_CURVE('',#10377,#10709,#11337,.T.);
#11337 = LINE('',#11338,#11339);
#11338 = CARTESIAN_POINT('',(-549.9999999999,172.49999999994,
    271.16116523516));
#11339 = VECTOR('',#11340,1.);
#11340 = DIRECTION('',(-1.,2.2E-16,3.89E-15));
#11341 = ORIENTED_EDGE('',*,*,#10385,.F.);
#11342 = PLANE('',#11343);
#11343 = AXIS2_PLACEMENT_3D('',#11344,#11345,#11346);
#11344 = CARTESIAN_POINT('',(-549.9999999999,172.49999999994,164.));
#11345 = DIRECTION('',(-2.2E-16,-1.,0.));
#11346 = DIRECTION('',(-3.89E-15,8.558E-31,-1.));
#11347 = ADVANCED_FACE('',(#11348),#11359,.T.);
#11348 = FACE_BOUND('',#11349,.T.);
#11349 = EDGE_LOOP('',(#11350,#11351,#11352,#11358));
#11350 = ORIENTED_EDGE('',*,*,#11336,.T.);
#11351 = ORIENTED_EDGE('',*,*,#10716,.T.);
#11352 = ORIENTED_EDGE('',*,*,#11353,.F.);
#11353 = EDGE_CURVE('',#10369,#10717,#11354,.T.);
#11354 = LINE('',#11355,#11356);
#11355 = CARTESIAN_POINT('',(-549.9999999999,169.18255968124,
    281.41323823949));
#11356 = VECTOR('',#11357,1.);
#11357 = DIRECTION('',(-1.,2.2E-16,3.89E-15));
#11358 = ORIENTED_EDGE('',*,*,#10376,.F.);
#11359 = CYLINDRICAL_SURFACE('',#11360,17.499999999945);
#11360 = AXIS2_PLACEMENT_3D('',#11361,#11362,#11363);
#11361 = CARTESIAN_POINT('',(-549.9999999999,155.,271.16116523516));
#11362 = DIRECTION('',(1.,-1.1E-16,-3.89E-15));
#11363 = DIRECTION('',(1.1E-16,1.,0.));
#11364 = ADVANCED_FACE('',(#11365),#11371,.F.);
#11365 = FACE_BOUND('',#11366,.T.);
#11366 = EDGE_LOOP('',(#11367,#11368,#11369,#11370));
#11367 = ORIENTED_EDGE('',*,*,#11353,.T.);
#11368 = ORIENTED_EDGE('',*,*,#10725,.T.);
#11369 = ORIENTED_EDGE('',*,*,#11176,.F.);
#11370 = ORIENTED_EDGE('',*,*,#10368,.F.);
#11371 = PLANE('',#11372);
#11372 = AXIS2_PLACEMENT_3D('',#11373,#11374,#11375);
#11373 = CARTESIAN_POINT('',(-549.9999999999,169.18255968124,
    281.41323823949));
#11374 = DIRECTION('',(-2.46E-15,-0.810431981788,-0.585832743106));
#11375 = DIRECTION('',(-3.08E-15,0.585832743106,-0.810431981788));
#11376 = ADVANCED_FACE('',(#11377),#11393,.T.);
#11377 = FACE_BOUND('',#11378,.F.);
#11378 = EDGE_LOOP('',(#11379,#11385,#11386,#11392));
#11379 = ORIENTED_EDGE('',*,*,#11380,.T.);
#11380 = EDGE_CURVE('',#10520,#10743,#11381,.T.);
#11381 = LINE('',#11382,#11383);
#11382 = CARTESIAN_POINT('',(549.99999999999,142.6780788162,
    318.07912830192));
#11383 = VECTOR('',#11384,1.);
#11384 = DIRECTION('',(1.,0.,4.11E-15));
#11385 = ORIENTED_EDGE('',*,*,#10742,.T.);
#11386 = ORIENTED_EDGE('',*,*,#11387,.F.);
#11387 = EDGE_CURVE('',#10522,#10745,#11388,.T.);
#11388 = LINE('',#11389,#11390);
#11389 = CARTESIAN_POINT('',(549.99999999999,37.321921183764,
    318.07912830187));
#11390 = VECTOR('',#11391,1.);
#11391 = DIRECTION('',(1.,0.,4.11E-15));
#11392 = ORIENTED_EDGE('',*,*,#10519,.F.);
#11393 = CYLINDRICAL_SURFACE('',#11394,65.);
#11394 = AXIS2_PLACEMENT_3D('',#11395,#11396,#11397);
#11395 = CARTESIAN_POINT('',(549.99999999999,90.,280.));
#11396 = DIRECTION('',(-1.,1.1E-16,-4.11E-15));
#11397 = DIRECTION('',(1.1E-16,1.,0.));
#11398 = ADVANCED_FACE('',(#11399),#11410,.T.);
#11399 = FACE_BOUND('',#11400,.T.);
#11400 = EDGE_LOOP('',(#11401,#11407,#11408,#11409));
#11401 = ORIENTED_EDGE('',*,*,#11402,.T.);
#11402 = EDGE_CURVE('',#10607,#10754,#11403,.T.);
#11403 = LINE('',#11404,#11405);
#11404 = CARTESIAN_POINT('',(549.99999999999,10.817440318753,
    281.41323823942));
#11405 = VECTOR('',#11406,1.);
#11406 = DIRECTION('',(1.,0.,4.11E-15));
#11407 = ORIENTED_EDGE('',*,*,#10753,.T.);
#11408 = ORIENTED_EDGE('',*,*,#11387,.F.);
#11409 = ORIENTED_EDGE('',*,*,#10615,.F.);
#11410 = PLANE('',#11411);
#11411 = AXIS2_PLACEMENT_3D('',#11412,#11413,#11414);
#11412 = CARTESIAN_POINT('',(549.99999999999,10.817440318753,
    281.41323823942));
#11413 = DIRECTION('',(-2.41E-15,-0.810431981788,0.585832743106));
#11414 = DIRECTION('',(-3.26E-15,0.585832743106,0.810431981788));
#11415 = ADVANCED_FACE('',(#11416),#11427,.T.);
#11416 = FACE_BOUND('',#11417,.F.);
#11417 = EDGE_LOOP('',(#11418,#11419,#11420,#11426));
#11418 = ORIENTED_EDGE('',*,*,#11402,.T.);
#11419 = ORIENTED_EDGE('',*,*,#10761,.T.);
#11420 = ORIENTED_EDGE('',*,*,#11421,.F.);
#11421 = EDGE_CURVE('',#10599,#10762,#11422,.T.);
#11422 = LINE('',#11423,#11424);
#11423 = CARTESIAN_POINT('',(549.99999999999,7.500000000058,
    271.1611652351));
#11424 = VECTOR('',#11425,1.);
#11425 = DIRECTION('',(1.,0.,4.11E-15));
#11426 = ORIENTED_EDGE('',*,*,#10606,.F.);
#11427 = CYLINDRICAL_SURFACE('',#11428,17.499999999943);
#11428 = AXIS2_PLACEMENT_3D('',#11429,#11430,#11431);
#11429 = CARTESIAN_POINT('',(549.99999999999,25.000000000001,
    271.1611652351));
#11430 = DIRECTION('',(-1.,1.1E-16,-4.11E-15));
#11431 = DIRECTION('',(1.1E-16,1.,0.));
#11432 = ADVANCED_FACE('',(#11433),#11444,.F.);
#11433 = FACE_BOUND('',#11434,.F.);
#11434 = EDGE_LOOP('',(#11435,#11436,#11437,#11443));
#11435 = ORIENTED_EDGE('',*,*,#11421,.T.);
#11436 = ORIENTED_EDGE('',*,*,#10770,.T.);
#11437 = ORIENTED_EDGE('',*,*,#11438,.F.);
#11438 = EDGE_CURVE('',#10590,#10771,#11439,.T.);
#11439 = LINE('',#11440,#11441);
#11440 = CARTESIAN_POINT('',(549.99999999999,7.500000000058,
    164.00000000001));
#11441 = VECTOR('',#11442,1.);
#11442 = DIRECTION('',(1.,0.,4.11E-15));
#11443 = ORIENTED_EDGE('',*,*,#10598,.F.);
#11444 = PLANE('',#11445);
#11445 = AXIS2_PLACEMENT_3D('',#11446,#11447,#11448);
#11446 = CARTESIAN_POINT('',(549.99999999999,7.500000000058,
    271.1611652351));
#11447 = DIRECTION('',(0.,1.,0.));
#11448 = DIRECTION('',(4.11E-15,0.,-1.));
#11449 = ADVANCED_FACE('',(#11450),#11461,.T.);
#11450 = FACE_BOUND('',#11451,.F.);
#11451 = EDGE_LOOP('',(#11452,#11453,#11454,#11460));
#11452 = ORIENTED_EDGE('',*,*,#11438,.T.);
#11453 = ORIENTED_EDGE('',*,*,#10778,.T.);
#11454 = ORIENTED_EDGE('',*,*,#11455,.F.);
#11455 = EDGE_CURVE('',#10582,#10779,#11456,.T.);
#11456 = LINE('',#11457,#11458);
#11457 = CARTESIAN_POINT('',(549.99999999999,18.508166155034,
    143.282167448));
#11458 = VECTOR('',#11459,1.);
#11459 = DIRECTION('',(1.,0.,4.11E-15));
#11460 = ORIENTED_EDGE('',*,*,#10589,.F.);
#11461 = CYLINDRICAL_SURFACE('',#11462,25.);
#11462 = AXIS2_PLACEMENT_3D('',#11463,#11464,#11465);
#11463 = CARTESIAN_POINT('',(549.99999999999,32.500000000058,
    164.00000000001));
#11464 = DIRECTION('',(-1.,1.1E-16,-4.11E-15));
#11465 = DIRECTION('',(1.1E-16,1.,0.));
#11466 = ADVANCED_FACE('',(#11467),#11478,.F.);
#11467 = FACE_BOUND('',#11468,.F.);
#11468 = EDGE_LOOP('',(#11469,#11470,#11471,#11477));
#11469 = ORIENTED_EDGE('',*,*,#11455,.T.);
#11470 = ORIENTED_EDGE('',*,*,#10787,.T.);
#11471 = ORIENTED_EDGE('',*,*,#11472,.F.);
#11472 = EDGE_CURVE('',#10573,#10788,#11473,.T.);
#11473 = LINE('',#11474,#11475);
#11474 = CARTESIAN_POINT('',(549.99999999999,76.008166155046,
    104.44941580425));
#11475 = VECTOR('',#11476,1.);
#11476 = DIRECTION('',(1.,0.,4.11E-15));
#11477 = ORIENTED_EDGE('',*,*,#10581,.F.);
#11478 = PLANE('',#11479);
#11479 = AXIS2_PLACEMENT_3D('',#11480,#11481,#11482);
#11480 = CARTESIAN_POINT('',(549.99999999999,18.508166155034,
    143.282167448));
#11481 = DIRECTION('',(-3.4E-15,0.559673353801,0.828713302081));
#11482 = DIRECTION('',(2.39E-15,0.828713302081,-0.559673353801));
#11483 = ADVANCED_FACE('',(#11484),#11495,.T.);
#11484 = FACE_BOUND('',#11485,.F.);
#11485 = EDGE_LOOP('',(#11486,#11487,#11488,#11494));
#11486 = ORIENTED_EDGE('',*,*,#11472,.T.);
#11487 = ORIENTED_EDGE('',*,*,#10795,.T.);
#11488 = ORIENTED_EDGE('',*,*,#11489,.F.);
#11489 = EDGE_CURVE('',#10565,#10796,#11490,.T.);
#11490 = LINE('',#11491,#11492);
#11491 = CARTESIAN_POINT('',(549.99999999999,103.99183384511,
    104.44941580427));
#11492 = VECTOR('',#11493,1.);
#11493 = DIRECTION('',(1.,0.,4.11E-15));
#11494 = ORIENTED_EDGE('',*,*,#10572,.F.);
#11495 = CYLINDRICAL_SURFACE('',#11496,25.);
#11496 = AXIS2_PLACEMENT_3D('',#11497,#11498,#11499);
#11497 = CARTESIAN_POINT('',(549.99999999999,90.00000000007,
    125.16724835627));
#11498 = DIRECTION('',(-1.,1.1E-16,-4.11E-15));
#11499 = DIRECTION('',(1.1E-16,1.,0.));
#11500 = ADVANCED_FACE('',(#11501),#11512,.F.);
#11501 = FACE_BOUND('',#11502,.F.);
#11502 = EDGE_LOOP('',(#11503,#11504,#11505,#11511));
#11503 = ORIENTED_EDGE('',*,*,#11489,.T.);
#11504 = ORIENTED_EDGE('',*,*,#10804,.T.);
#11505 = ORIENTED_EDGE('',*,*,#11506,.F.);
#11506 = EDGE_CURVE('',#10556,#10805,#11507,.T.);
#11507 = LINE('',#11508,#11509);
#11508 = CARTESIAN_POINT('',(549.99999999999,161.49183384498,
    143.282167448));
#11509 = VECTOR('',#11510,1.);
#11510 = DIRECTION('',(1.,0.,4.11E-15));
#11511 = ORIENTED_EDGE('',*,*,#10564,.F.);
#11512 = PLANE('',#11513);
#11513 = AXIS2_PLACEMENT_3D('',#11514,#11515,#11516);
#11514 = CARTESIAN_POINT('',(549.99999999999,103.99183384511,
    104.44941580427));
#11515 = DIRECTION('',(-3.4E-15,-0.559673353802,0.82871330208));
#11516 = DIRECTION('',(-2.21E-15,0.82871330208,0.559673353802));
#11517 = ADVANCED_FACE('',(#11518),#11529,.T.);
#11518 = FACE_BOUND('',#11519,.F.);
#11519 = EDGE_LOOP('',(#11520,#11521,#11522,#11528));
#11520 = ORIENTED_EDGE('',*,*,#11506,.T.);
#11521 = ORIENTED_EDGE('',*,*,#10812,.T.);
#11522 = ORIENTED_EDGE('',*,*,#11523,.F.);
#11523 = EDGE_CURVE('',#10548,#10813,#11524,.T.);
#11524 = LINE('',#11525,#11526);
#11525 = CARTESIAN_POINT('',(549.99999999999,172.49999999994,164.));
#11526 = VECTOR('',#11527,1.);
#11527 = DIRECTION('',(1.,0.,4.11E-15));
#11528 = ORIENTED_EDGE('',*,*,#10555,.F.);
#11529 = CYLINDRICAL_SURFACE('',#11530,25.);
#11530 = AXIS2_PLACEMENT_3D('',#11531,#11532,#11533);
#11531 = CARTESIAN_POINT('',(549.99999999999,147.49999999994,164.));
#11532 = DIRECTION('',(-1.,1.1E-16,-4.11E-15));
#11533 = DIRECTION('',(1.1E-16,1.,0.));
#11534 = ADVANCED_FACE('',(#11535),#11546,.F.);
#11535 = FACE_BOUND('',#11536,.F.);
#11536 = EDGE_LOOP('',(#11537,#11538,#11539,#11545));
#11537 = ORIENTED_EDGE('',*,*,#11523,.T.);
#11538 = ORIENTED_EDGE('',*,*,#10821,.T.);
#11539 = ORIENTED_EDGE('',*,*,#11540,.F.);
#11540 = EDGE_CURVE('',#10539,#10822,#11541,.T.);
#11541 = LINE('',#11542,#11543);
#11542 = CARTESIAN_POINT('',(549.99999999999,172.49999999994,
    271.16116523516));
#11543 = VECTOR('',#11544,1.);
#11544 = DIRECTION('',(1.,0.,4.11E-15));
#11545 = ORIENTED_EDGE('',*,*,#10547,.F.);
#11546 = PLANE('',#11547);
#11547 = AXIS2_PLACEMENT_3D('',#11548,#11549,#11550);
#11548 = CARTESIAN_POINT('',(549.99999999999,172.49999999994,164.));
#11549 = DIRECTION('',(0.,-1.,0.));
#11550 = DIRECTION('',(-4.11E-15,0.,1.));
#11551 = ADVANCED_FACE('',(#11552),#11563,.T.);
#11552 = FACE_BOUND('',#11553,.F.);
#11553 = EDGE_LOOP('',(#11554,#11555,#11556,#11562));
#11554 = ORIENTED_EDGE('',*,*,#11540,.T.);
#11555 = ORIENTED_EDGE('',*,*,#10829,.T.);
#11556 = ORIENTED_EDGE('',*,*,#11557,.F.);
#11557 = EDGE_CURVE('',#10531,#10830,#11558,.T.);
#11558 = LINE('',#11559,#11560);
#11559 = CARTESIAN_POINT('',(549.99999999999,169.18255968124,
    281.41323823949));
#11560 = VECTOR('',#11561,1.);
#11561 = DIRECTION('',(1.,0.,4.11E-15));
#11562 = ORIENTED_EDGE('',*,*,#10538,.F.);
#11563 = CYLINDRICAL_SURFACE('',#11564,17.499999999945);
#11564 = AXIS2_PLACEMENT_3D('',#11565,#11566,#11567);
#11565 = CARTESIAN_POINT('',(549.99999999999,155.,271.16116523516));
#11566 = DIRECTION('',(-1.,1.1E-16,-4.11E-15));
#11567 = DIRECTION('',(1.1E-16,1.,0.));
#11568 = ADVANCED_FACE('',(#11569),#11575,.F.);
#11569 = FACE_BOUND('',#11570,.F.);
#11570 = EDGE_LOOP('',(#11571,#11572,#11573,#11574));
#11571 = ORIENTED_EDGE('',*,*,#11557,.T.);
#11572 = ORIENTED_EDGE('',*,*,#10838,.T.);
#11573 = ORIENTED_EDGE('',*,*,#11380,.F.);
#11574 = ORIENTED_EDGE('',*,*,#10530,.F.);
#11575 = PLANE('',#11576);
#11576 = AXIS2_PLACEMENT_3D('',#11577,#11578,#11579);
#11577 = CARTESIAN_POINT('',(549.99999999999,169.18255968124,
    281.41323823949));
#11578 = DIRECTION('',(2.41E-15,-0.810431981788,-0.585832743106));
#11579 = DIRECTION('',(-3.39E-15,-0.585832743106,0.810431981788));
#11580 = ADVANCED_FACE('',(#11581,#11584),#11595,.F.);
#11581 = FACE_BOUND('',#11582,.F.);
#11582 = EDGE_LOOP('',(#11583));
#11583 = ORIENTED_EDGE('',*,*,#10929,.F.);
#11584 = FACE_BOUND('',#11585,.F.);
#11585 = EDGE_LOOP('',(#11586));
#11586 = ORIENTED_EDGE('',*,*,#11587,.T.);
#11587 = EDGE_CURVE('',#11588,#11588,#11590,.T.);
#11588 = VERTEX_POINT('',#11589);
#11589 = CARTESIAN_POINT('',(240.,0.,-75.));
#11590 = CIRCLE('',#11591,240.);
#11591 = AXIS2_PLACEMENT_3D('',#11592,#11593,#11594);
#11592 = CARTESIAN_POINT('',(0.,0.,-75.));
#11593 = DIRECTION('',(0.,0.,-1.));
#11594 = DIRECTION('',(1.,0.,0.));
#11595 = PLANE('',#11596);
#11596 = AXIS2_PLACEMENT_3D('',#11597,#11598,#11599);
#11597 = CARTESIAN_POINT('',(-1.294E-14,-2.16E-15,-75.));
#11598 = DIRECTION('',(0.,0.,1.));
#11599 = DIRECTION('',(1.,0.,0.));
#11600 = ADVANCED_FACE('',(#11601),#11604,.F.);
#11601 = FACE_BOUND('',#11602,.T.);
#11602 = EDGE_LOOP('',(#11603));
#11603 = ORIENTED_EDGE('',*,*,#10954,.T.);
#11604 = PLANE('',#11605);
#11605 = AXIS2_PLACEMENT_3D('',#11606,#11607,#11608);
#11606 = CARTESIAN_POINT('',(-3.734E-14,524.16666666666,-75.));
#11607 = DIRECTION('',(0.,0.,1.));
#11608 = DIRECTION('',(1.,0.,0.));
#11609 = ADVANCED_FACE('',(#11610),#11613,.F.);
#11610 = FACE_BOUND('',#11611,.T.);
#11611 = EDGE_LOOP('',(#11612));
#11612 = ORIENTED_EDGE('',*,*,#10979,.T.);
#11613 = PLANE('',#11614);
#11614 = AXIS2_PLACEMENT_3D('',#11615,#11616,#11617);
#11615 = CARTESIAN_POINT('',(-3.734E-14,524.16666666666,-75.));
#11616 = DIRECTION('',(0.,0.,1.));
#11617 = DIRECTION('',(1.,0.,0.));
#11618 = ADVANCED_FACE('',(#11619),#11622,.F.);
#11619 = FACE_BOUND('',#11620,.T.);
#11620 = EDGE_LOOP('',(#11621));
#11621 = ORIENTED_EDGE('',*,*,#11004,.T.);
#11622 = PLANE('',#11623);
#11623 = AXIS2_PLACEMENT_3D('',#11624,#11625,#11626);
#11624 = CARTESIAN_POINT('',(-3.734E-14,524.16666666666,-75.));
#11625 = DIRECTION('',(0.,0.,1.));
#11626 = DIRECTION('',(1.,0.,0.));
#11627 = ADVANCED_FACE('',(#11628,#11639),#11642,.F.);
#11628 = FACE_BOUND('',#11629,.F.);
#11629 = EDGE_LOOP('',(#11630));
#11630 = ORIENTED_EDGE('',*,*,#11631,.T.);
#11631 = EDGE_CURVE('',#11632,#11632,#11634,.T.);
#11632 = VERTEX_POINT('',#11633);
#11633 = CARTESIAN_POINT('',(270.,0.,304.));
#11634 = CIRCLE('',#11635,270.);
#11635 = AXIS2_PLACEMENT_3D('',#11636,#11637,#11638);
#11636 = CARTESIAN_POINT('',(0.,0.,304.));
#11637 = DIRECTION('',(0.,0.,1.));
#11638 = DIRECTION('',(1.,0.,0.));
#11639 = FACE_BOUND('',#11640,.F.);
#11640 = EDGE_LOOP('',(#11641));
#11641 = ORIENTED_EDGE('',*,*,#11097,.F.);
#11642 = PLANE('',#11643);
#11643 = AXIS2_PLACEMENT_3D('',#11644,#11645,#11646);
#11644 = CARTESIAN_POINT('',(-4.73E-15,8.36E-15,304.));
#11645 = DIRECTION('',(0.,0.,1.));
#11646 = DIRECTION('',(1.,0.,0.));
#11647 = ADVANCED_FACE('',(#11648,#11651),#11662,.T.);
#11648 = FACE_BOUND('',#11649,.T.);
#11649 = EDGE_LOOP('',(#11650));
#11650 = ORIENTED_EDGE('',*,*,#11122,.T.);
#11651 = FACE_BOUND('',#11652,.T.);
#11652 = EDGE_LOOP('',(#11653));
#11653 = ORIENTED_EDGE('',*,*,#11654,.F.);
#11654 = EDGE_CURVE('',#11655,#11655,#11657,.T.);
#11655 = VERTEX_POINT('',#11656);
#11656 = CARTESIAN_POINT('',(125.,607.5,340.));
#11657 = CIRCLE('',#11658,125.);
#11658 = AXIS2_PLACEMENT_3D('',#11659,#11660,#11661);
#11659 = CARTESIAN_POINT('',(0.,607.5,340.));
#11660 = DIRECTION('',(0.,0.,1.));
#11661 = DIRECTION('',(1.,0.,0.));
#11662 = PLANE('',#11663);
#11663 = AXIS2_PLACEMENT_3D('',#11664,#11665,#11666);
#11664 = CARTESIAN_POINT('',(-5.74E-15,524.16666666666,340.));
#11665 = DIRECTION('',(0.,0.,1.));
#11666 = DIRECTION('',(1.,0.,0.));
#11667 = ADVANCED_FACE('',(#11668,#11671),#11682,.T.);
#11668 = FACE_BOUND('',#11669,.T.);
#11669 = EDGE_LOOP('',(#11670));
#11670 = ORIENTED_EDGE('',*,*,#11147,.T.);
#11671 = FACE_BOUND('',#11672,.T.);
#11672 = EDGE_LOOP('',(#11673));
#11673 = ORIENTED_EDGE('',*,*,#11674,.F.);
#11674 = EDGE_CURVE('',#11675,#11675,#11677,.T.);
#11675 = VERTEX_POINT('',#11676);
#11676 = CARTESIAN_POINT('',(440.,482.5,340.));
#11677 = CIRCLE('',#11678,125.);
#11678 = AXIS2_PLACEMENT_3D('',#11679,#11680,#11681);
#11679 = CARTESIAN_POINT('',(315.,482.5,340.));
#11680 = DIRECTION('',(0.,0.,1.));
#11681 = DIRECTION('',(1.,0.,0.));
#11682 = PLANE('',#11683);
#11683 = AXIS2_PLACEMENT_3D('',#11684,#11685,#11686);
#11684 = CARTESIAN_POINT('',(-5.74E-15,524.16666666666,340.));
#11685 = DIRECTION('',(0.,0.,1.));
#11686 = DIRECTION('',(1.,0.,0.));
#11687 = ADVANCED_FACE('',(#11688),#11707,.T.);
#11688 = FACE_BOUND('',#11689,.F.);
#11689 = EDGE_LOOP('',(#11690,#11698,#11705,#11706));
#11690 = ORIENTED_EDGE('',*,*,#11691,.T.);
#11691 = EDGE_CURVE('',#11588,#11692,#11694,.T.);
#11692 = VERTEX_POINT('',#11693);
#11693 = CARTESIAN_POINT('',(240.,0.,-125.));
#11694 = LINE('',#11695,#11696);
#11695 = CARTESIAN_POINT('',(240.,0.,-75.));
#11696 = VECTOR('',#11697,1.);
#11697 = DIRECTION('',(0.,0.,-1.));
#11698 = ORIENTED_EDGE('',*,*,#11699,.T.);
#11699 = EDGE_CURVE('',#11692,#11692,#11700,.T.);
#11700 = CIRCLE('',#11701,240.);
#11701 = AXIS2_PLACEMENT_3D('',#11702,#11703,#11704);
#11702 = CARTESIAN_POINT('',(0.,0.,-125.));
#11703 = DIRECTION('',(0.,0.,-1.));
#11704 = DIRECTION('',(1.,0.,0.));
#11705 = ORIENTED_EDGE('',*,*,#11691,.F.);
#11706 = ORIENTED_EDGE('',*,*,#11587,.F.);
#11707 = CYLINDRICAL_SURFACE('',#11708,240.);
#11708 = AXIS2_PLACEMENT_3D('',#11709,#11710,#11711);
#11709 = CARTESIAN_POINT('',(0.,0.,-75.));
#11710 = DIRECTION('',(0.,0.,1.));
#11711 = DIRECTION('',(1.,0.,0.));
#11712 = ADVANCED_FACE('',(#11713),#11732,.T.);
#11713 = FACE_BOUND('',#11714,.F.);
#11714 = EDGE_LOOP('',(#11715,#11723,#11730,#11731));
#11715 = ORIENTED_EDGE('',*,*,#11716,.T.);
#11716 = EDGE_CURVE('',#11632,#11717,#11719,.T.);
#11717 = VERTEX_POINT('',#11718);
#11718 = CARTESIAN_POINT('',(270.,0.,334.));
#11719 = LINE('',#11720,#11721);
#11720 = CARTESIAN_POINT('',(270.,0.,304.));
#11721 = VECTOR('',#11722,1.);
#11722 = DIRECTION('',(0.,0.,1.));
#11723 = ORIENTED_EDGE('',*,*,#11724,.T.);
#11724 = EDGE_CURVE('',#11717,#11717,#11725,.T.);
#11725 = CIRCLE('',#11726,270.);
#11726 = AXIS2_PLACEMENT_3D('',#11727,#11728,#11729);
#11727 = CARTESIAN_POINT('',(0.,0.,334.));
#11728 = DIRECTION('',(0.,0.,1.));
#11729 = DIRECTION('',(1.,0.,0.));
#11730 = ORIENTED_EDGE('',*,*,#11716,.F.);
#11731 = ORIENTED_EDGE('',*,*,#11631,.F.);
#11732 = CYLINDRICAL_SURFACE('',#11733,270.);
#11733 = AXIS2_PLACEMENT_3D('',#11734,#11735,#11736);
#11734 = CARTESIAN_POINT('',(0.,0.,304.));
#11735 = DIRECTION('',(-0.,-0.,-1.));
#11736 = DIRECTION('',(1.,0.,0.));
#11737 = ADVANCED_FACE('',(#11738),#11757,.T.);
#11738 = FACE_BOUND('',#11739,.F.);
#11739 = EDGE_LOOP('',(#11740,#11748,#11755,#11756));
#11740 = ORIENTED_EDGE('',*,*,#11741,.T.);
#11741 = EDGE_CURVE('',#11655,#11742,#11744,.T.);
#11742 = VERTEX_POINT('',#11743);
#11743 = CARTESIAN_POINT('',(125.,607.5,405.));
#11744 = LINE('',#11745,#11746);
#11745 = CARTESIAN_POINT('',(125.,607.5,340.));
#11746 = VECTOR('',#11747,1.);
#11747 = DIRECTION('',(0.,0.,1.));
#11748 = ORIENTED_EDGE('',*,*,#11749,.T.);
#11749 = EDGE_CURVE('',#11742,#11742,#11750,.T.);
#11750 = CIRCLE('',#11751,125.);
#11751 = AXIS2_PLACEMENT_3D('',#11752,#11753,#11754);
#11752 = CARTESIAN_POINT('',(0.,607.5,405.));
#11753 = DIRECTION('',(0.,0.,1.));
#11754 = DIRECTION('',(1.,0.,0.));
#11755 = ORIENTED_EDGE('',*,*,#11741,.F.);
#11756 = ORIENTED_EDGE('',*,*,#11654,.F.);
#11757 = CYLINDRICAL_SURFACE('',#11758,125.);
#11758 = AXIS2_PLACEMENT_3D('',#11759,#11760,#11761);
#11759 = CARTESIAN_POINT('',(0.,607.5,340.));
#11760 = DIRECTION('',(-0.,-0.,-1.));
#11761 = DIRECTION('',(1.,0.,0.));
#11762 = ADVANCED_FACE('',(#11763),#11782,.T.);
#11763 = FACE_BOUND('',#11764,.F.);
#11764 = EDGE_LOOP('',(#11765,#11773,#11780,#11781));
#11765 = ORIENTED_EDGE('',*,*,#11766,.T.);
#11766 = EDGE_CURVE('',#11675,#11767,#11769,.T.);
#11767 = VERTEX_POINT('',#11768);
#11768 = CARTESIAN_POINT('',(440.,482.5,405.));
#11769 = LINE('',#11770,#11771);
#11770 = CARTESIAN_POINT('',(440.,482.5,340.));
#11771 = VECTOR('',#11772,1.);
#11772 = DIRECTION('',(0.,0.,1.));
#11773 = ORIENTED_EDGE('',*,*,#11774,.T.);
#11774 = EDGE_CURVE('',#11767,#11767,#11775,.T.);
#11775 = CIRCLE('',#11776,125.);
#11776 = AXIS2_PLACEMENT_3D('',#11777,#11778,#11779);
#11777 = CARTESIAN_POINT('',(315.,482.5,405.));
#11778 = DIRECTION('',(0.,0.,1.));
#11779 = DIRECTION('',(1.,0.,0.));
#11780 = ORIENTED_EDGE('',*,*,#11766,.F.);
#11781 = ORIENTED_EDGE('',*,*,#11674,.F.);
#11782 = CYLINDRICAL_SURFACE('',#11783,125.);
#11783 = AXIS2_PLACEMENT_3D('',#11784,#11785,#11786);
#11784 = CARTESIAN_POINT('',(315.,482.5,340.));
#11785 = DIRECTION('',(-0.,-0.,-1.));
#11786 = DIRECTION('',(1.,0.,0.));
#11787 = ADVANCED_FACE('',(#11788,#11791),#11802,.F.);
#11788 = FACE_BOUND('',#11789,.T.);
#11789 = EDGE_LOOP('',(#11790));
#11790 = ORIENTED_EDGE('',*,*,#11699,.T.);
#11791 = FACE_BOUND('',#11792,.F.);
#11792 = EDGE_LOOP('',(#11793));
#11793 = ORIENTED_EDGE('',*,*,#11794,.T.);
#11794 = EDGE_CURVE('',#11795,#11795,#11797,.T.);
#11795 = VERTEX_POINT('',#11796);
#11796 = CARTESIAN_POINT('',(100.,0.,-125.));
#11797 = CIRCLE('',#11798,100.);
#11798 = AXIS2_PLACEMENT_3D('',#11799,#11800,#11801);
#11799 = CARTESIAN_POINT('',(0.,0.,-125.));
#11800 = DIRECTION('',(0.,0.,-1.));
#11801 = DIRECTION('',(1.,0.,0.));
#11802 = PLANE('',#11803);
#11803 = AXIS2_PLACEMENT_3D('',#11804,#11805,#11806);
#11804 = CARTESIAN_POINT('',(-9.27E-15,-2.92E-15,-125.));
#11805 = DIRECTION('',(0.,0.,1.));
#11806 = DIRECTION('',(1.,0.,0.));
#11807 = ADVANCED_FACE('',(#11808,#11811),#11822,.T.);
#11808 = FACE_BOUND('',#11809,.T.);
#11809 = EDGE_LOOP('',(#11810));
#11810 = ORIENTED_EDGE('',*,*,#11724,.T.);
#11811 = FACE_BOUND('',#11812,.F.);
#11812 = EDGE_LOOP('',(#11813));
#11813 = ORIENTED_EDGE('',*,*,#11814,.T.);
#11814 = EDGE_CURVE('',#11815,#11815,#11817,.T.);
#11815 = VERTEX_POINT('',#11816);
#11816 = CARTESIAN_POINT('',(100.,0.,334.));
#11817 = CIRCLE('',#11818,100.);
#11818 = AXIS2_PLACEMENT_3D('',#11819,#11820,#11821);
#11819 = CARTESIAN_POINT('',(0.,0.,334.));
#11820 = DIRECTION('',(0.,0.,1.));
#11821 = DIRECTION('',(1.,0.,0.));
#11822 = PLANE('',#11823);
#11823 = AXIS2_PLACEMENT_3D('',#11824,#11825,#11826);
#11824 = CARTESIAN_POINT('',(-4.73E-15,8.36E-15,334.));
#11825 = DIRECTION('',(0.,0.,1.));
#11826 = DIRECTION('',(1.,0.,0.));
#11827 = ADVANCED_FACE('',(#11828,#11839),#11842,.F.);
#11828 = FACE_BOUND('',#11829,.F.);
#11829 = EDGE_LOOP('',(#11830));
#11830 = ORIENTED_EDGE('',*,*,#11831,.T.);
#11831 = EDGE_CURVE('',#11832,#11832,#11834,.T.);
#11832 = VERTEX_POINT('',#11833);
#11833 = CARTESIAN_POINT('',(162.5,607.5,405.));
#11834 = CIRCLE('',#11835,162.5);
#11835 = AXIS2_PLACEMENT_3D('',#11836,#11837,#11838);
#11836 = CARTESIAN_POINT('',(0.,607.5,405.));
#11837 = DIRECTION('',(0.,0.,1.));
#11838 = DIRECTION('',(1.,0.,0.));
#11839 = FACE_BOUND('',#11840,.F.);
#11840 = EDGE_LOOP('',(#11841));
#11841 = ORIENTED_EDGE('',*,*,#11749,.F.);
#11842 = PLANE('',#11843);
#11843 = AXIS2_PLACEMENT_3D('',#11844,#11845,#11846);
#11844 = CARTESIAN_POINT('',(-5.74E-15,524.16666666666,405.));
#11845 = DIRECTION('',(0.,0.,1.));
#11846 = DIRECTION('',(1.,0.,0.));
#11847 = ADVANCED_FACE('',(#11848,#11859),#11862,.F.);
#11848 = FACE_BOUND('',#11849,.F.);
#11849 = EDGE_LOOP('',(#11850));
#11850 = ORIENTED_EDGE('',*,*,#11851,.T.);
#11851 = EDGE_CURVE('',#11852,#11852,#11854,.T.);
#11852 = VERTEX_POINT('',#11853);
#11853 = CARTESIAN_POINT('',(477.5,482.5,405.));
#11854 = CIRCLE('',#11855,162.5);
#11855 = AXIS2_PLACEMENT_3D('',#11856,#11857,#11858);
#11856 = CARTESIAN_POINT('',(315.,482.5,405.));
#11857 = DIRECTION('',(0.,0.,1.));
#11858 = DIRECTION('',(1.,0.,0.));
#11859 = FACE_BOUND('',#11860,.F.);
#11860 = EDGE_LOOP('',(#11861));
#11861 = ORIENTED_EDGE('',*,*,#11774,.F.);
#11862 = PLANE('',#11863);
#11863 = AXIS2_PLACEMENT_3D('',#11864,#11865,#11866);
#11864 = CARTESIAN_POINT('',(-5.74E-15,524.16666666666,405.));
#11865 = DIRECTION('',(0.,0.,1.));
#11866 = DIRECTION('',(1.,0.,0.));
#11867 = ADVANCED_FACE('',(#11868),#11878,.F.);
#11868 = FACE_BOUND('',#11869,.T.);
#11869 = EDGE_LOOP('',(#11870,#11871,#11876,#11877));
#11870 = ORIENTED_EDGE('',*,*,#11814,.T.);
#11871 = ORIENTED_EDGE('',*,*,#11872,.F.);
#11872 = EDGE_CURVE('',#11795,#11815,#11873,.T.);
#11873 = B_SPLINE_CURVE_WITH_KNOTS('',1,(#11874,#11875),.UNSPECIFIED.,
  .F.,.F.,(2,2),(-50.,409.),.PIECEWISE_BEZIER_KNOTS.);
#11874 = CARTESIAN_POINT('',(100.,2.449E-14,-125.));
#11875 = CARTESIAN_POINT('',(100.,2.449E-14,334.));
#11876 = ORIENTED_EDGE('',*,*,#11794,.T.);
#11877 = ORIENTED_EDGE('',*,*,#11872,.T.);
#11878 = CYLINDRICAL_SURFACE('',#11879,100.);
#11879 = AXIS2_PLACEMENT_3D('',#11880,#11881,#11882);
#11880 = CARTESIAN_POINT('',(0.,0.,-75.));
#11881 = DIRECTION('',(0.,0.,1.));
#11882 = DIRECTION('',(1.,0.,0.));
#11883 = ADVANCED_FACE('',(#11884),#11903,.T.);
#11884 = FACE_BOUND('',#11885,.F.);
#11885 = EDGE_LOOP('',(#11886,#11894,#11901,#11902));
#11886 = ORIENTED_EDGE('',*,*,#11887,.T.);
#11887 = EDGE_CURVE('',#11832,#11888,#11890,.T.);
#11888 = VERTEX_POINT('',#11889);
#11889 = CARTESIAN_POINT('',(162.5,607.5,580.));
#11890 = LINE('',#11891,#11892);
#11891 = CARTESIAN_POINT('',(162.5,607.5,405.));
#11892 = VECTOR('',#11893,1.);
#11893 = DIRECTION('',(0.,0.,1.));
#11894 = ORIENTED_EDGE('',*,*,#11895,.T.);
#11895 = EDGE_CURVE('',#11888,#11888,#11896,.T.);
#11896 = CIRCLE('',#11897,162.5);
#11897 = AXIS2_PLACEMENT_3D('',#11898,#11899,#11900);
#11898 = CARTESIAN_POINT('',(0.,607.5,580.));
#11899 = DIRECTION('',(0.,0.,1.));
#11900 = DIRECTION('',(1.,0.,0.));
#11901 = ORIENTED_EDGE('',*,*,#11887,.F.);
#11902 = ORIENTED_EDGE('',*,*,#11831,.F.);
#11903 = CYLINDRICAL_SURFACE('',#11904,162.5);
#11904 = AXIS2_PLACEMENT_3D('',#11905,#11906,#11907);
#11905 = CARTESIAN_POINT('',(0.,607.5,405.));
#11906 = DIRECTION('',(-0.,-0.,-1.));
#11907 = DIRECTION('',(1.,0.,0.));
#11908 = ADVANCED_FACE('',(#11909),#11928,.T.);
#11909 = FACE_BOUND('',#11910,.F.);
#11910 = EDGE_LOOP('',(#11911,#11919,#11926,#11927));
#11911 = ORIENTED_EDGE('',*,*,#11912,.T.);
#11912 = EDGE_CURVE('',#11852,#11913,#11915,.T.);
#11913 = VERTEX_POINT('',#11914);
#11914 = CARTESIAN_POINT('',(477.5,482.5,580.));
#11915 = LINE('',#11916,#11917);
#11916 = CARTESIAN_POINT('',(477.5,482.5,405.));
#11917 = VECTOR('',#11918,1.);
#11918 = DIRECTION('',(0.,0.,1.));
#11919 = ORIENTED_EDGE('',*,*,#11920,.T.);
#11920 = EDGE_CURVE('',#11913,#11913,#11921,.T.);
#11921 = CIRCLE('',#11922,162.5);
#11922 = AXIS2_PLACEMENT_3D('',#11923,#11924,#11925);
#11923 = CARTESIAN_POINT('',(315.,482.5,580.));
#11924 = DIRECTION('',(0.,0.,1.));
#11925 = DIRECTION('',(1.,0.,0.));
#11926 = ORIENTED_EDGE('',*,*,#11912,.F.);
#11927 = ORIENTED_EDGE('',*,*,#11851,.F.);
#11928 = CYLINDRICAL_SURFACE('',#11929,162.5);
#11929 = AXIS2_PLACEMENT_3D('',#11930,#11931,#11932);
#11930 = CARTESIAN_POINT('',(315.,482.5,405.));
#11931 = DIRECTION('',(-0.,-0.,-1.));
#11932 = DIRECTION('',(1.,0.,0.));
#11933 = ADVANCED_FACE('',(#11934,#11945),#11948,.T.);
#11934 = FACE_BOUND('',#11935,.T.);
#11935 = EDGE_LOOP('',(#11936));
#11936 = ORIENTED_EDGE('',*,*,#11937,.F.);
#11937 = EDGE_CURVE('',#11938,#11938,#11940,.T.);
#11938 = VERTEX_POINT('',#11939);
#11939 = CARTESIAN_POINT('',(142.5,607.5,580.));
#11940 = CIRCLE('',#11941,142.5);
#11941 = AXIS2_PLACEMENT_3D('',#11942,#11943,#11944);
#11942 = CARTESIAN_POINT('',(0.,607.5,580.));
#11943 = DIRECTION('',(0.,0.,1.));
#11944 = DIRECTION('',(1.,0.,0.));
#11945 = FACE_BOUND('',#11946,.T.);
#11946 = EDGE_LOOP('',(#11947));
#11947 = ORIENTED_EDGE('',*,*,#11895,.T.);
#11948 = PLANE('',#11949);
#11949 = AXIS2_PLACEMENT_3D('',#11950,#11951,#11952);
#11950 = CARTESIAN_POINT('',(-5.74E-15,524.16666666666,580.));
#11951 = DIRECTION('',(0.,0.,1.));
#11952 = DIRECTION('',(1.,0.,0.));
#11953 = ADVANCED_FACE('',(#11954,#11965),#11968,.T.);
#11954 = FACE_BOUND('',#11955,.T.);
#11955 = EDGE_LOOP('',(#11956));
#11956 = ORIENTED_EDGE('',*,*,#11957,.F.);
#11957 = EDGE_CURVE('',#11958,#11958,#11960,.T.);
#11958 = VERTEX_POINT('',#11959);
#11959 = CARTESIAN_POINT('',(457.5,482.5,580.));
#11960 = CIRCLE('',#11961,142.5);
#11961 = AXIS2_PLACEMENT_3D('',#11962,#11963,#11964);
#11962 = CARTESIAN_POINT('',(315.,482.5,580.));
#11963 = DIRECTION('',(0.,0.,1.));
#11964 = DIRECTION('',(1.,0.,0.));
#11965 = FACE_BOUND('',#11966,.T.);
#11966 = EDGE_LOOP('',(#11967));
#11967 = ORIENTED_EDGE('',*,*,#11920,.T.);
#11968 = PLANE('',#11969);
#11969 = AXIS2_PLACEMENT_3D('',#11970,#11971,#11972);
#11970 = CARTESIAN_POINT('',(-5.74E-15,524.16666666666,580.));
#11971 = DIRECTION('',(0.,0.,1.));
#11972 = DIRECTION('',(1.,0.,0.));
#11973 = ADVANCED_FACE('',(#11974),#11994,.F.);
#11974 = FACE_BOUND('',#11975,.T.);
#11975 = EDGE_LOOP('',(#11976,#11985,#11986,#11987));
#11976 = ORIENTED_EDGE('',*,*,#11977,.F.);
#11977 = EDGE_CURVE('',#11938,#11978,#11980,.T.);
#11978 = VERTEX_POINT('',#11979);
#11979 = CARTESIAN_POINT('',(117.5,607.5,605.));
#11980 = CIRCLE('',#11981,25.);
#11981 = AXIS2_PLACEMENT_3D('',#11982,#11983,#11984);
#11982 = CARTESIAN_POINT('',(142.5,607.5,605.));
#11983 = DIRECTION('',(-0.,1.,0.));
#11984 = DIRECTION('',(1.,0.,0.));
#11985 = ORIENTED_EDGE('',*,*,#11937,.F.);
#11986 = ORIENTED_EDGE('',*,*,#11977,.T.);
#11987 = ORIENTED_EDGE('',*,*,#11988,.T.);
#11988 = EDGE_CURVE('',#11978,#11978,#11989,.T.);
#11989 = CIRCLE('',#11990,117.5);
#11990 = AXIS2_PLACEMENT_3D('',#11991,#11992,#11993);
#11991 = CARTESIAN_POINT('',(0.,607.5,605.));
#11992 = DIRECTION('',(0.,0.,1.));
#11993 = DIRECTION('',(1.,0.,0.));
#11994 = TOROIDAL_SURFACE('',#11995,142.5,25.);
#11995 = AXIS2_PLACEMENT_3D('',#11996,#11997,#11998);
#11996 = CARTESIAN_POINT('',(0.,607.5,605.));
#11997 = DIRECTION('',(-0.,-0.,-1.));
#11998 = DIRECTION('',(1.,0.,0.));
#11999 = ADVANCED_FACE('',(#12000),#12020,.F.);
#12000 = FACE_BOUND('',#12001,.T.);
#12001 = EDGE_LOOP('',(#12002,#12011,#12012,#12013));
#12002 = ORIENTED_EDGE('',*,*,#12003,.F.);
#12003 = EDGE_CURVE('',#11958,#12004,#12006,.T.);
#12004 = VERTEX_POINT('',#12005);
#12005 = CARTESIAN_POINT('',(432.5,482.5,605.));
#12006 = CIRCLE('',#12007,25.);
#12007 = AXIS2_PLACEMENT_3D('',#12008,#12009,#12010);
#12008 = CARTESIAN_POINT('',(457.5,482.5,605.));
#12009 = DIRECTION('',(-0.,1.,0.));
#12010 = DIRECTION('',(1.,0.,0.));
#12011 = ORIENTED_EDGE('',*,*,#11957,.F.);
#12012 = ORIENTED_EDGE('',*,*,#12003,.T.);
#12013 = ORIENTED_EDGE('',*,*,#12014,.T.);
#12014 = EDGE_CURVE('',#12004,#12004,#12015,.T.);
#12015 = CIRCLE('',#12016,117.5);
#12016 = AXIS2_PLACEMENT_3D('',#12017,#12018,#12019);
#12017 = CARTESIAN_POINT('',(315.,482.5,605.));
#12018 = DIRECTION('',(0.,0.,1.));
#12019 = DIRECTION('',(1.,0.,0.));
#12020 = TOROIDAL_SURFACE('',#12021,142.5,25.);
#12021 = AXIS2_PLACEMENT_3D('',#12022,#12023,#12024);
#12022 = CARTESIAN_POINT('',(315.,482.5,605.));
#12023 = DIRECTION('',(-0.,-0.,-1.));
#12024 = DIRECTION('',(1.,0.,0.));
#12025 = ADVANCED_FACE('',(#12026),#12045,.T.);
#12026 = FACE_BOUND('',#12027,.F.);
#12027 = EDGE_LOOP('',(#12028,#12036,#12043,#12044));
#12028 = ORIENTED_EDGE('',*,*,#12029,.T.);
#12029 = EDGE_CURVE('',#11978,#12030,#12032,.T.);
#12030 = VERTEX_POINT('',#12031);
#12031 = CARTESIAN_POINT('',(117.5,607.5,680.));
#12032 = LINE('',#12033,#12034);
#12033 = CARTESIAN_POINT('',(117.5,607.5,580.));
#12034 = VECTOR('',#12035,1.);
#12035 = DIRECTION('',(0.,0.,1.));
#12036 = ORIENTED_EDGE('',*,*,#12037,.T.);
#12037 = EDGE_CURVE('',#12030,#12030,#12038,.T.);
#12038 = CIRCLE('',#12039,117.5);
#12039 = AXIS2_PLACEMENT_3D('',#12040,#12041,#12042);
#12040 = CARTESIAN_POINT('',(0.,607.5,680.));
#12041 = DIRECTION('',(0.,0.,1.));
#12042 = DIRECTION('',(1.,0.,0.));
#12043 = ORIENTED_EDGE('',*,*,#12029,.F.);
#12044 = ORIENTED_EDGE('',*,*,#11988,.F.);
#12045 = CYLINDRICAL_SURFACE('',#12046,117.5);
#12046 = AXIS2_PLACEMENT_3D('',#12047,#12048,#12049);
#12047 = CARTESIAN_POINT('',(0.,607.5,580.));
#12048 = DIRECTION('',(-0.,-0.,-1.));
#12049 = DIRECTION('',(1.,0.,0.));
#12050 = ADVANCED_FACE('',(#12051),#12070,.T.);
#12051 = FACE_BOUND('',#12052,.F.);
#12052 = EDGE_LOOP('',(#12053,#12061,#12068,#12069));
#12053 = ORIENTED_EDGE('',*,*,#12054,.T.);
#12054 = EDGE_CURVE('',#12004,#12055,#12057,.T.);
#12055 = VERTEX_POINT('',#12056);
#12056 = CARTESIAN_POINT('',(432.5,482.5,680.));
#12057 = LINE('',#12058,#12059);
#12058 = CARTESIAN_POINT('',(432.5,482.5,580.));
#12059 = VECTOR('',#12060,1.);
#12060 = DIRECTION('',(0.,0.,1.));
#12061 = ORIENTED_EDGE('',*,*,#12062,.T.);
#12062 = EDGE_CURVE('',#12055,#12055,#12063,.T.);
#12063 = CIRCLE('',#12064,117.5);
#12064 = AXIS2_PLACEMENT_3D('',#12065,#12066,#12067);
#12065 = CARTESIAN_POINT('',(315.,482.5,680.));
#12066 = DIRECTION('',(0.,0.,1.));
#12067 = DIRECTION('',(1.,0.,0.));
#12068 = ORIENTED_EDGE('',*,*,#12054,.F.);
#12069 = ORIENTED_EDGE('',*,*,#12014,.F.);
#12070 = CYLINDRICAL_SURFACE('',#12071,117.5);
#12071 = AXIS2_PLACEMENT_3D('',#12072,#12073,#12074);
#12072 = CARTESIAN_POINT('',(315.,482.5,580.));
#12073 = DIRECTION('',(-0.,-0.,-1.));
#12074 = DIRECTION('',(1.,0.,0.));
#12075 = ADVANCED_FACE('',(#12076,#12079,#12090,#12101,#12112),#12123,
  .T.);
#12076 = FACE_BOUND('',#12077,.T.);
#12077 = EDGE_LOOP('',(#12078));
#12078 = ORIENTED_EDGE('',*,*,#12037,.T.);
#12079 = FACE_BOUND('',#12080,.T.);
#12080 = EDGE_LOOP('',(#12081));
#12081 = ORIENTED_EDGE('',*,*,#12082,.F.);
#12082 = EDGE_CURVE('',#12083,#12083,#12085,.T.);
#12083 = VERTEX_POINT('',#12084);
#12084 = CARTESIAN_POINT('',(-66.15,535.,680.));
#12085 = CIRCLE('',#12086,6.35);
#12086 = AXIS2_PLACEMENT_3D('',#12087,#12088,#12089);
#12087 = CARTESIAN_POINT('',(-72.5,535.,680.));
#12088 = DIRECTION('',(0.,0.,1.));
#12089 = DIRECTION('',(1.,0.,0.));
#12090 = FACE_BOUND('',#12091,.T.);
#12091 = EDGE_LOOP('',(#12092));
#12092 = ORIENTED_EDGE('',*,*,#12093,.F.);
#12093 = EDGE_CURVE('',#12094,#12094,#12096,.T.);
#12094 = VERTEX_POINT('',#12095);
#12095 = CARTESIAN_POINT('',(78.85,535.,680.));
#12096 = CIRCLE('',#12097,6.35);
#12097 = AXIS2_PLACEMENT_3D('',#12098,#12099,#12100);
#12098 = CARTESIAN_POINT('',(72.5,535.,680.));
#12099 = DIRECTION('',(0.,0.,1.));
#12100 = DIRECTION('',(1.,0.,0.));
#12101 = FACE_BOUND('',#12102,.T.);
#12102 = EDGE_LOOP('',(#12103));
#12103 = ORIENTED_EDGE('',*,*,#12104,.F.);
#12104 = EDGE_CURVE('',#12105,#12105,#12107,.T.);
#12105 = VERTEX_POINT('',#12106);
#12106 = CARTESIAN_POINT('',(-66.15,680.,680.));
#12107 = CIRCLE('',#12108,6.35);
#12108 = AXIS2_PLACEMENT_3D('',#12109,#12110,#12111);
#12109 = CARTESIAN_POINT('',(-72.5,680.,680.));
#12110 = DIRECTION('',(0.,0.,1.));
#12111 = DIRECTION('',(1.,0.,0.));
#12112 = FACE_BOUND('',#12113,.T.);
#12113 = EDGE_LOOP('',(#12114));
#12114 = ORIENTED_EDGE('',*,*,#12115,.F.);
#12115 = EDGE_CURVE('',#12116,#12116,#12118,.T.);
#12116 = VERTEX_POINT('',#12117);
#12117 = CARTESIAN_POINT('',(78.85,680.,680.));
#12118 = CIRCLE('',#12119,6.35);
#12119 = AXIS2_PLACEMENT_3D('',#12120,#12121,#12122);
#12120 = CARTESIAN_POINT('',(72.5,680.,680.));
#12121 = DIRECTION('',(0.,0.,1.));
#12122 = DIRECTION('',(1.,0.,0.));
#12123 = PLANE('',#12124);
#12124 = AXIS2_PLACEMENT_3D('',#12125,#12126,#12127);
#12125 = CARTESIAN_POINT('',(-2.383E-14,524.16666666666,680.));
#12126 = DIRECTION('',(0.,0.,1.));
#12127 = DIRECTION('',(1.,0.,0.));
#12128 = ADVANCED_FACE('',(#12129,#12132,#12143,#12154,#12165),#12176,
  .T.);
#12129 = FACE_BOUND('',#12130,.T.);
#12130 = EDGE_LOOP('',(#12131));
#12131 = ORIENTED_EDGE('',*,*,#12062,.T.);
#12132 = FACE_BOUND('',#12133,.T.);
#12133 = EDGE_LOOP('',(#12134));
#12134 = ORIENTED_EDGE('',*,*,#12135,.F.);
#12135 = EDGE_CURVE('',#12136,#12136,#12138,.T.);
#12136 = VERTEX_POINT('',#12137);
#12137 = CARTESIAN_POINT('',(321.35,379.96951672795,680.));
#12138 = CIRCLE('',#12139,6.35);
#12139 = AXIS2_PLACEMENT_3D('',#12140,#12141,#12142);
#12140 = CARTESIAN_POINT('',(315.,379.96951672795,680.));
#12141 = DIRECTION('',(0.,0.,1.));
#12142 = DIRECTION('',(1.,0.,0.));
#12143 = FACE_BOUND('',#12144,.T.);
#12144 = EDGE_LOOP('',(#12145));
#12145 = ORIENTED_EDGE('',*,*,#12146,.F.);
#12146 = EDGE_CURVE('',#12147,#12147,#12149,.T.);
#12147 = VERTEX_POINT('',#12148);
#12148 = CARTESIAN_POINT('',(218.81951672795,482.5,680.));
#12149 = CIRCLE('',#12150,6.35);
#12150 = AXIS2_PLACEMENT_3D('',#12151,#12152,#12153);
#12151 = CARTESIAN_POINT('',(212.46951672795,482.5,680.));
#12152 = DIRECTION('',(0.,0.,1.));
#12153 = DIRECTION('',(1.,0.,0.));
#12154 = FACE_BOUND('',#12155,.T.);
#12155 = EDGE_LOOP('',(#12156));
#12156 = ORIENTED_EDGE('',*,*,#12157,.F.);
#12157 = EDGE_CURVE('',#12158,#12158,#12160,.T.);
#12158 = VERTEX_POINT('',#12159);
#12159 = CARTESIAN_POINT('',(423.88048327204,482.5,680.));
#12160 = CIRCLE('',#12161,6.35);
#12161 = AXIS2_PLACEMENT_3D('',#12162,#12163,#12164);
#12162 = CARTESIAN_POINT('',(417.53048327204,482.5,680.));
#12163 = DIRECTION('',(0.,0.,1.));
#12164 = DIRECTION('',(1.,0.,0.));
#12165 = FACE_BOUND('',#12166,.T.);
#12166 = EDGE_LOOP('',(#12167));
#12167 = ORIENTED_EDGE('',*,*,#12168,.F.);
#12168 = EDGE_CURVE('',#12169,#12169,#12171,.T.);
#12169 = VERTEX_POINT('',#12170);
#12170 = CARTESIAN_POINT('',(321.35,585.03048327204,680.));
#12171 = CIRCLE('',#12172,6.35);
#12172 = AXIS2_PLACEMENT_3D('',#12173,#12174,#12175);
#12173 = CARTESIAN_POINT('',(315.,585.03048327204,680.));
#12174 = DIRECTION('',(0.,0.,1.));
#12175 = DIRECTION('',(1.,0.,0.));
#12176 = PLANE('',#12177);
#12177 = AXIS2_PLACEMENT_3D('',#12178,#12179,#12180);
#12178 = CARTESIAN_POINT('',(-2.383E-14,524.16666666666,680.));
#12179 = DIRECTION('',(0.,0.,1.));
#12180 = DIRECTION('',(1.,0.,0.));
#12181 = ADVANCED_FACE('',(#12182),#12201,.F.);
#12182 = FACE_BOUND('',#12183,.F.);
#12183 = EDGE_LOOP('',(#12184,#12192,#12199,#12200));
#12184 = ORIENTED_EDGE('',*,*,#12185,.T.);
#12185 = EDGE_CURVE('',#12083,#12186,#12188,.T.);
#12186 = VERTEX_POINT('',#12187);
#12187 = CARTESIAN_POINT('',(-66.15,535.,655.));
#12188 = LINE('',#12189,#12190);
#12189 = CARTESIAN_POINT('',(-66.15,535.,680.));
#12190 = VECTOR('',#12191,1.);
#12191 = DIRECTION('',(-0.,-0.,-1.));
#12192 = ORIENTED_EDGE('',*,*,#12193,.T.);
#12193 = EDGE_CURVE('',#12186,#12186,#12194,.T.);
#12194 = CIRCLE('',#12195,6.35);
#12195 = AXIS2_PLACEMENT_3D('',#12196,#12197,#12198);
#12196 = CARTESIAN_POINT('',(-72.5,535.,655.));
#12197 = DIRECTION('',(0.,0.,1.));
#12198 = DIRECTION('',(1.,0.,0.));
#12199 = ORIENTED_EDGE('',*,*,#12185,.F.);
#12200 = ORIENTED_EDGE('',*,*,#12082,.F.);
#12201 = CYLINDRICAL_SURFACE('',#12202,6.35);
#12202 = AXIS2_PLACEMENT_3D('',#12203,#12204,#12205);
#12203 = CARTESIAN_POINT('',(-72.5,535.,680.));
#12204 = DIRECTION('',(0.,0.,1.));
#12205 = DIRECTION('',(1.,0.,-0.));
#12206 = ADVANCED_FACE('',(#12207),#12226,.F.);
#12207 = FACE_BOUND('',#12208,.F.);
#12208 = EDGE_LOOP('',(#12209,#12217,#12224,#12225));
#12209 = ORIENTED_EDGE('',*,*,#12210,.T.);
#12210 = EDGE_CURVE('',#12094,#12211,#12213,.T.);
#12211 = VERTEX_POINT('',#12212);
#12212 = CARTESIAN_POINT('',(78.85,535.,655.));
#12213 = LINE('',#12214,#12215);
#12214 = CARTESIAN_POINT('',(78.85,535.,680.));
#12215 = VECTOR('',#12216,1.);
#12216 = DIRECTION('',(-0.,-0.,-1.));
#12217 = ORIENTED_EDGE('',*,*,#12218,.T.);
#12218 = EDGE_CURVE('',#12211,#12211,#12219,.T.);
#12219 = CIRCLE('',#12220,6.35);
#12220 = AXIS2_PLACEMENT_3D('',#12221,#12222,#12223);
#12221 = CARTESIAN_POINT('',(72.5,535.,655.));
#12222 = DIRECTION('',(0.,0.,1.));
#12223 = DIRECTION('',(1.,0.,0.));
#12224 = ORIENTED_EDGE('',*,*,#12210,.F.);
#12225 = ORIENTED_EDGE('',*,*,#12093,.F.);
#12226 = CYLINDRICAL_SURFACE('',#12227,6.35);
#12227 = AXIS2_PLACEMENT_3D('',#12228,#12229,#12230);
#12228 = CARTESIAN_POINT('',(72.5,535.,680.));
#12229 = DIRECTION('',(0.,0.,1.));
#12230 = DIRECTION('',(1.,0.,-0.));
#12231 = ADVANCED_FACE('',(#12232),#12251,.F.);
#12232 = FACE_BOUND('',#12233,.F.);
#12233 = EDGE_LOOP('',(#12234,#12242,#12249,#12250));
#12234 = ORIENTED_EDGE('',*,*,#12235,.T.);
#12235 = EDGE_CURVE('',#12105,#12236,#12238,.T.);
#12236 = VERTEX_POINT('',#12237);
#12237 = CARTESIAN_POINT('',(-66.15,680.,655.));
#12238 = LINE('',#12239,#12240);
#12239 = CARTESIAN_POINT('',(-66.15,680.,680.));
#12240 = VECTOR('',#12241,1.);
#12241 = DIRECTION('',(-0.,-0.,-1.));
#12242 = ORIENTED_EDGE('',*,*,#12243,.T.);
#12243 = EDGE_CURVE('',#12236,#12236,#12244,.T.);
#12244 = CIRCLE('',#12245,6.35);
#12245 = AXIS2_PLACEMENT_3D('',#12246,#12247,#12248);
#12246 = CARTESIAN_POINT('',(-72.5,680.,655.));
#12247 = DIRECTION('',(0.,0.,1.));
#12248 = DIRECTION('',(1.,0.,0.));
#12249 = ORIENTED_EDGE('',*,*,#12235,.F.);
#12250 = ORIENTED_EDGE('',*,*,#12104,.F.);
#12251 = CYLINDRICAL_SURFACE('',#12252,6.35);
#12252 = AXIS2_PLACEMENT_3D('',#12253,#12254,#12255);
#12253 = CARTESIAN_POINT('',(-72.5,680.,680.));
#12254 = DIRECTION('',(0.,0.,1.));
#12255 = DIRECTION('',(1.,0.,-0.));
#12256 = ADVANCED_FACE('',(#12257),#12276,.F.);
#12257 = FACE_BOUND('',#12258,.F.);
#12258 = EDGE_LOOP('',(#12259,#12267,#12274,#12275));
#12259 = ORIENTED_EDGE('',*,*,#12260,.T.);
#12260 = EDGE_CURVE('',#12116,#12261,#12263,.T.);
#12261 = VERTEX_POINT('',#12262);
#12262 = CARTESIAN_POINT('',(78.85,680.,655.));
#12263 = LINE('',#12264,#12265);
#12264 = CARTESIAN_POINT('',(78.85,680.,680.));
#12265 = VECTOR('',#12266,1.);
#12266 = DIRECTION('',(-0.,-0.,-1.));
#12267 = ORIENTED_EDGE('',*,*,#12268,.T.);
#12268 = EDGE_CURVE('',#12261,#12261,#12269,.T.);
#12269 = CIRCLE('',#12270,6.35);
#12270 = AXIS2_PLACEMENT_3D('',#12271,#12272,#12273);
#12271 = CARTESIAN_POINT('',(72.5,680.,655.));
#12272 = DIRECTION('',(0.,0.,1.));
#12273 = DIRECTION('',(1.,0.,0.));
#12274 = ORIENTED_EDGE('',*,*,#12260,.F.);
#12275 = ORIENTED_EDGE('',*,*,#12115,.F.);
#12276 = CYLINDRICAL_SURFACE('',#12277,6.35);
#12277 = AXIS2_PLACEMENT_3D('',#12278,#12279,#12280);
#12278 = CARTESIAN_POINT('',(72.5,680.,680.));
#12279 = DIRECTION('',(0.,0.,1.));
#12280 = DIRECTION('',(1.,0.,-0.));
#12281 = ADVANCED_FACE('',(#12282),#12301,.F.);
#12282 = FACE_BOUND('',#12283,.F.);
#12283 = EDGE_LOOP('',(#12284,#12292,#12299,#12300));
#12284 = ORIENTED_EDGE('',*,*,#12285,.T.);
#12285 = EDGE_CURVE('',#12136,#12286,#12288,.T.);
#12286 = VERTEX_POINT('',#12287);
#12287 = CARTESIAN_POINT('',(321.35,379.96951672795,655.));
#12288 = LINE('',#12289,#12290);
#12289 = CARTESIAN_POINT('',(321.35,379.96951672795,680.));
#12290 = VECTOR('',#12291,1.);
#12291 = DIRECTION('',(-0.,-0.,-1.));
#12292 = ORIENTED_EDGE('',*,*,#12293,.T.);
#12293 = EDGE_CURVE('',#12286,#12286,#12294,.T.);
#12294 = CIRCLE('',#12295,6.35);
#12295 = AXIS2_PLACEMENT_3D('',#12296,#12297,#12298);
#12296 = CARTESIAN_POINT('',(315.,379.96951672795,655.));
#12297 = DIRECTION('',(0.,0.,1.));
#12298 = DIRECTION('',(1.,0.,0.));
#12299 = ORIENTED_EDGE('',*,*,#12285,.F.);
#12300 = ORIENTED_EDGE('',*,*,#12135,.F.);
#12301 = CYLINDRICAL_SURFACE('',#12302,6.35);
#12302 = AXIS2_PLACEMENT_3D('',#12303,#12304,#12305);
#12303 = CARTESIAN_POINT('',(315.,379.96951672795,680.));
#12304 = DIRECTION('',(0.,0.,1.));
#12305 = DIRECTION('',(1.,0.,-0.));
#12306 = ADVANCED_FACE('',(#12307),#12326,.F.);
#12307 = FACE_BOUND('',#12308,.F.);
#12308 = EDGE_LOOP('',(#12309,#12317,#12324,#12325));
#12309 = ORIENTED_EDGE('',*,*,#12310,.T.);
#12310 = EDGE_CURVE('',#12147,#12311,#12313,.T.);
#12311 = VERTEX_POINT('',#12312);
#12312 = CARTESIAN_POINT('',(218.81951672795,482.5,655.));
#12313 = LINE('',#12314,#12315);
#12314 = CARTESIAN_POINT('',(218.81951672795,482.5,680.));
#12315 = VECTOR('',#12316,1.);
#12316 = DIRECTION('',(-0.,-0.,-1.));
#12317 = ORIENTED_EDGE('',*,*,#12318,.T.);
#12318 = EDGE_CURVE('',#12311,#12311,#12319,.T.);
#12319 = CIRCLE('',#12320,6.35);
#12320 = AXIS2_PLACEMENT_3D('',#12321,#12322,#12323);
#12321 = CARTESIAN_POINT('',(212.46951672795,482.5,655.));
#12322 = DIRECTION('',(0.,0.,1.));
#12323 = DIRECTION('',(1.,0.,0.));
#12324 = ORIENTED_EDGE('',*,*,#12310,.F.);
#12325 = ORIENTED_EDGE('',*,*,#12146,.F.);
#12326 = CYLINDRICAL_SURFACE('',#12327,6.35);
#12327 = AXIS2_PLACEMENT_3D('',#12328,#12329,#12330);
#12328 = CARTESIAN_POINT('',(212.46951672795,482.5,680.));
#12329 = DIRECTION('',(0.,0.,1.));
#12330 = DIRECTION('',(1.,0.,-0.));
#12331 = ADVANCED_FACE('',(#12332),#12351,.F.);
#12332 = FACE_BOUND('',#12333,.F.);
#12333 = EDGE_LOOP('',(#12334,#12342,#12349,#12350));
#12334 = ORIENTED_EDGE('',*,*,#12335,.T.);
#12335 = EDGE_CURVE('',#12158,#12336,#12338,.T.);
#12336 = VERTEX_POINT('',#12337);
#12337 = CARTESIAN_POINT('',(423.88048327204,482.5,655.));
#12338 = LINE('',#12339,#12340);
#12339 = CARTESIAN_POINT('',(423.88048327204,482.5,680.));
#12340 = VECTOR('',#12341,1.);
#12341 = DIRECTION('',(-0.,-0.,-1.));
#12342 = ORIENTED_EDGE('',*,*,#12343,.T.);
#12343 = EDGE_CURVE('',#12336,#12336,#12344,.T.);
#12344 = CIRCLE('',#12345,6.35);
#12345 = AXIS2_PLACEMENT_3D('',#12346,#12347,#12348);
#12346 = CARTESIAN_POINT('',(417.53048327204,482.5,655.));
#12347 = DIRECTION('',(0.,0.,1.));
#12348 = DIRECTION('',(1.,0.,0.));
#12349 = ORIENTED_EDGE('',*,*,#12335,.F.);
#12350 = ORIENTED_EDGE('',*,*,#12157,.F.);
#12351 = CYLINDRICAL_SURFACE('',#12352,6.35);
#12352 = AXIS2_PLACEMENT_3D('',#12353,#12354,#12355);
#12353 = CARTESIAN_POINT('',(417.53048327204,482.5,680.));
#12354 = DIRECTION('',(0.,0.,1.));
#12355 = DIRECTION('',(1.,0.,-0.));
#12356 = ADVANCED_FACE('',(#12357),#12376,.F.);
#12357 = FACE_BOUND('',#12358,.F.);
#12358 = EDGE_LOOP('',(#12359,#12367,#12374,#12375));
#12359 = ORIENTED_EDGE('',*,*,#12360,.T.);
#12360 = EDGE_CURVE('',#12169,#12361,#12363,.T.);
#12361 = VERTEX_POINT('',#12362);
#12362 = CARTESIAN_POINT('',(321.35,585.03048327204,655.));
#12363 = LINE('',#12364,#12365);
#12364 = CARTESIAN_POINT('',(321.35,585.03048327204,680.));
#12365 = VECTOR('',#12366,1.);
#12366 = DIRECTION('',(-0.,-0.,-1.));
#12367 = ORIENTED_EDGE('',*,*,#12368,.T.);
#12368 = EDGE_CURVE('',#12361,#12361,#12369,.T.);
#12369 = CIRCLE('',#12370,6.35);
#12370 = AXIS2_PLACEMENT_3D('',#12371,#12372,#12373);
#12371 = CARTESIAN_POINT('',(315.,585.03048327204,655.));
#12372 = DIRECTION('',(0.,0.,1.));
#12373 = DIRECTION('',(1.,0.,0.));
#12374 = ORIENTED_EDGE('',*,*,#12360,.F.);
#12375 = ORIENTED_EDGE('',*,*,#12168,.F.);
#12376 = CYLINDRICAL_SURFACE('',#12377,6.35);
#12377 = AXIS2_PLACEMENT_3D('',#12378,#12379,#12380);
#12378 = CARTESIAN_POINT('',(315.,585.03048327204,680.));
#12379 = DIRECTION('',(0.,0.,1.));
#12380 = DIRECTION('',(1.,0.,-0.));
#12381 = ADVANCED_FACE('',(#12382),#12385,.T.);
#12382 = FACE_BOUND('',#12383,.T.);
#12383 = EDGE_LOOP('',(#12384));
#12384 = ORIENTED_EDGE('',*,*,#12193,.T.);
#12385 = PLANE('',#12386);
#12386 = AXIS2_PLACEMENT_3D('',#12387,#12388,#12389);
#12387 = CARTESIAN_POINT('',(2.125E-14,524.16666666666,655.));
#12388 = DIRECTION('',(0.,0.,1.));
#12389 = DIRECTION('',(1.,0.,0.));
#12390 = ADVANCED_FACE('',(#12391),#12394,.T.);
#12391 = FACE_BOUND('',#12392,.T.);
#12392 = EDGE_LOOP('',(#12393));
#12393 = ORIENTED_EDGE('',*,*,#12218,.T.);
#12394 = PLANE('',#12395);
#12395 = AXIS2_PLACEMENT_3D('',#12396,#12397,#12398);
#12396 = CARTESIAN_POINT('',(2.125E-14,524.16666666666,655.));
#12397 = DIRECTION('',(0.,0.,1.));
#12398 = DIRECTION('',(1.,0.,0.));
#12399 = ADVANCED_FACE('',(#12400),#12403,.T.);
#12400 = FACE_BOUND('',#12401,.T.);
#12401 = EDGE_LOOP('',(#12402));
#12402 = ORIENTED_EDGE('',*,*,#12243,.T.);
#12403 = PLANE('',#12404);
#12404 = AXIS2_PLACEMENT_3D('',#12405,#12406,#12407);
#12405 = CARTESIAN_POINT('',(2.125E-14,524.16666666666,655.));
#12406 = DIRECTION('',(0.,0.,1.));
#12407 = DIRECTION('',(1.,0.,0.));
#12408 = ADVANCED_FACE('',(#12409),#12412,.T.);
#12409 = FACE_BOUND('',#12410,.T.);
#12410 = EDGE_LOOP('',(#12411));
#12411 = ORIENTED_EDGE('',*,*,#12268,.T.);
#12412 = PLANE('',#12413);
#12413 = AXIS2_PLACEMENT_3D('',#12414,#12415,#12416);
#12414 = CARTESIAN_POINT('',(2.125E-14,524.16666666666,655.));
#12415 = DIRECTION('',(0.,0.,1.));
#12416 = DIRECTION('',(1.,0.,0.));
#12417 = ADVANCED_FACE('',(#12418),#12421,.T.);
#12418 = FACE_BOUND('',#12419,.T.);
#12419 = EDGE_LOOP('',(#12420));
#12420 = ORIENTED_EDGE('',*,*,#12293,.T.);
#12421 = PLANE('',#12422);
#12422 = AXIS2_PLACEMENT_3D('',#12423,#12424,#12425);
#12423 = CARTESIAN_POINT('',(2.125E-14,524.16666666666,655.));
#12424 = DIRECTION('',(0.,0.,1.));
#12425 = DIRECTION('',(1.,0.,0.));
#12426 = ADVANCED_FACE('',(#12427),#12430,.T.);
#12427 = FACE_BOUND('',#12428,.T.);
#12428 = EDGE_LOOP('',(#12429));
#12429 = ORIENTED_EDGE('',*,*,#12318,.T.);
#12430 = PLANE('',#12431);
#12431 = AXIS2_PLACEMENT_3D('',#12432,#12433,#12434);
#12432 = CARTESIAN_POINT('',(2.125E-14,524.16666666666,655.));
#12433 = DIRECTION('',(0.,0.,1.));
#12434 = DIRECTION('',(1.,0.,0.));
#12435 = ADVANCED_FACE('',(#12436),#12439,.T.);
#12436 = FACE_BOUND('',#12437,.T.);
#12437 = EDGE_LOOP('',(#12438));
#12438 = ORIENTED_EDGE('',*,*,#12343,.T.);
#12439 = PLANE('',#12440);
#12440 = AXIS2_PLACEMENT_3D('',#12441,#12442,#12443);
#12441 = CARTESIAN_POINT('',(2.125E-14,524.16666666666,655.));
#12442 = DIRECTION('',(0.,0.,1.));
#12443 = DIRECTION('',(1.,0.,0.));
#12444 = ADVANCED_FACE('',(#12445),#12448,.T.);
#12445 = FACE_BOUND('',#12446,.T.);
#12446 = EDGE_LOOP('',(#12447));
#12447 = ORIENTED_EDGE('',*,*,#12368,.T.);
#12448 = PLANE('',#12449);
#12449 = AXIS2_PLACEMENT_3D('',#12450,#12451,#12452);
#12450 = CARTESIAN_POINT('',(2.125E-14,524.16666666666,655.));
#12451 = DIRECTION('',(0.,0.,1.));
#12452 = DIRECTION('',(1.,0.,0.));
#12453 = ( GEOMETRIC_REPRESENTATION_CONTEXT(3) 
GLOBAL_UNCERTAINTY_ASSIGNED_CONTEXT((#12457)) 
GLOBAL_UNIT_ASSIGNED_CONTEXT((#12454,#12455,#12456)) 
REPRESENTATION_CONTEXT('Context #1',
  '3D Context with UNIT and UNCERTAINTY') );
#12454 = ( LENGTH_UNIT() NAMED_UNIT(*) SI_UNIT(.MILLI.,.METRE.) );
#12455 = ( NAMED_UNIT(*) PLANE_ANGLE_UNIT() SI_UNIT($,.RADIAN.) );
#12456 = ( NAMED_UNIT(*) SI_UNIT($,.STERADIAN.) SOLID_ANGLE_UNIT() );
#12457 = UNCERTAINTY_MEASURE_WITH_UNIT(LENGTH_MEASURE(2.E-07),#12454,
  'distance_accuracy_value','confusion accuracy');
#12458 = CONTEXT_DEPENDENT_SHAPE_REPRESENTATION(#12459,#12461);
#12459 = ( REPRESENTATION_RELATIONSHIP('','',#8181,#8146) 
REPRESENTATION_RELATIONSHIP_WITH_TRANSFORMATION(#12460) 
SHAPE_REPRESENTATION_RELATIONSHIP() );
#12460 = ITEM_DEFINED_TRANSFORMATION('','',#11,#8147);
#12461 = PRODUCT_DEFINITION_SHAPE('Placement','Placement of an item',
  #12462);
#12462 = NEXT_ASSEMBLY_USAGE_OCCURRENCE('50','Body040','',#8141,#8176,$
  );
#12463 = PRODUCT_RELATED_PRODUCT_CATEGORY('part',$,(#8178));
#12464 = SHAPE_DEFINITION_REPRESENTATION(#12465,#12471);
#12465 = PRODUCT_DEFINITION_SHAPE('','',#12466);
#12466 = PRODUCT_DEFINITION('design','',#12467,#12470);
#12467 = PRODUCT_DEFINITION_FORMATION('','',#12468);
#12468 = PRODUCT('Body','Body','',(#12469));
#12469 = PRODUCT_CONTEXT('',#2,'mechanical');
#12470 = PRODUCT_DEFINITION_CONTEXT('part definition',#2,'design');
#12471 = ADVANCED_BREP_SHAPE_REPRESENTATION('',(#11,#12472),#15843);
#12472 = MANIFOLD_SOLID_BREP('',#12473);
#12473 = CLOSED_SHELL('',(#12474,#12530,#12587,#12612,#12949,#12974,
    #13023,#13054,#13071,#13119,#13157,#13169,#13194,#13218,#13235,
    #13260,#13277,#13351,#13384,#13409,#13434,#13451,#13496,#13581,
    #13666,#13751,#13836,#13921,#14006,#14092,#14126,#14220,#14314,
    #14408,#14502,#14596,#14690,#14772,#14820,#14869,#14893,#14917,
    #14944,#14975,#15000,#15025,#15058,#15098,#15118,#15142,#15280,
    #15304,#15331,#15358,#15383,#15408,#15429,#15460,#15485,#15510,
    #15534,#15558,#15583,#15608,#15625,#15650,#15675,#15700,#15725,
    #15753,#15771,#15789,#15819,#15831));
#12474 = ADVANCED_FACE('',(#12475),#12525,.T.);
#12475 = FACE_BOUND('',#12476,.T.);
#12476 = EDGE_LOOP('',(#12477,#12487,#12495,#12503,#12511,#12519));
#12477 = ORIENTED_EDGE('',*,*,#12478,.T.);
#12478 = EDGE_CURVE('',#12479,#12481,#12483,.T.);
#12479 = VERTEX_POINT('',#12480);
#12480 = CARTESIAN_POINT('',(-59.73948775786,3.553105765005,
    229.86443434584));
#12481 = VERTEX_POINT('',#12482);
#12482 = CARTESIAN_POINT('',(-45.,3.553105765005,229.86443434584));
#12483 = LINE('',#12484,#12485);
#12484 = CARTESIAN_POINT('',(-59.73948775786,3.553105765005,
    229.86443434584));
#12485 = VECTOR('',#12486,1.);
#12486 = DIRECTION('',(1.,0.,0.));
#12487 = ORIENTED_EDGE('',*,*,#12488,.F.);
#12488 = EDGE_CURVE('',#12489,#12481,#12491,.T.);
#12489 = VERTEX_POINT('',#12490);
#12490 = CARTESIAN_POINT('',(45.,3.553105765005,229.86443434584));
#12491 = LINE('',#12492,#12493);
#12492 = CARTESIAN_POINT('',(45.,3.553105765005,229.86443434584));
#12493 = VECTOR('',#12494,1.);
#12494 = DIRECTION('',(-1.,0.,0.));
#12495 = ORIENTED_EDGE('',*,*,#12496,.T.);
#12496 = EDGE_CURVE('',#12489,#12497,#12499,.T.);
#12497 = VERTEX_POINT('',#12498);
#12498 = CARTESIAN_POINT('',(59.739487757862,3.553105765005,
    229.86443434584));
#12499 = LINE('',#12500,#12501);
#12500 = CARTESIAN_POINT('',(-59.73948775786,3.553105765005,
    229.86443434584));
#12501 = VECTOR('',#12502,1.);
#12502 = DIRECTION('',(1.,0.,0.));
#12503 = ORIENTED_EDGE('',*,*,#12504,.F.);
#12504 = EDGE_CURVE('',#12505,#12497,#12507,.T.);
#12505 = VERTEX_POINT('',#12506);
#12506 = CARTESIAN_POINT('',(59.739487757862,19.021544230478,
    192.97639547902));
#12507 = LINE('',#12508,#12509);
#12508 = CARTESIAN_POINT('',(59.739487757862,19.021544230478,
    192.97639547902));
#12509 = VECTOR('',#12510,1.);
#12510 = DIRECTION('',(0.,-0.386710961637,0.92220097167));
#12511 = ORIENTED_EDGE('',*,*,#12512,.F.);
#12512 = EDGE_CURVE('',#12513,#12505,#12515,.T.);
#12513 = VERTEX_POINT('',#12514);
#12514 = CARTESIAN_POINT('',(-59.73948775786,19.021544230478,
    192.97639547902));
#12515 = LINE('',#12516,#12517);
#12516 = CARTESIAN_POINT('',(-59.73948775786,19.021544230478,
    192.97639547902));
#12517 = VECTOR('',#12518,1.);
#12518 = DIRECTION('',(1.,0.,0.));
#12519 = ORIENTED_EDGE('',*,*,#12520,.T.);
#12520 = EDGE_CURVE('',#12513,#12479,#12521,.T.);
#12521 = LINE('',#12522,#12523);
#12522 = CARTESIAN_POINT('',(-59.73948775786,19.021544230478,
    192.97639547902));
#12523 = VECTOR('',#12524,1.);
#12524 = DIRECTION('',(0.,-0.386710961637,0.92220097167));
#12525 = PLANE('',#12526);
#12526 = AXIS2_PLACEMENT_3D('',#12527,#12528,#12529);
#12527 = CARTESIAN_POINT('',(-1.139E-14,-2.277005945106,243.7676727264)
  );
#12528 = DIRECTION('',(0.,0.92220097167,0.386710961637));
#12529 = DIRECTION('',(0.,-0.386710961637,0.92220097167));
#12530 = ADVANCED_FACE('',(#12531),#12582,.T.);
#12531 = FACE_BOUND('',#12532,.T.);
#12532 = EDGE_LOOP('',(#12533,#12543,#12552,#12560,#12568,#12574,#12575)
  );
#12533 = ORIENTED_EDGE('',*,*,#12534,.F.);
#12534 = EDGE_CURVE('',#12535,#12537,#12539,.T.);
#12535 = VERTEX_POINT('',#12536);
#12536 = CARTESIAN_POINT('',(-78.78025612106,-9.155059819713,
    224.53545824966));
#12537 = VERTEX_POINT('',#12538);
#12538 = CARTESIAN_POINT('',(-68.71974387893,0.12275434549,
    228.42596861338));
#12539 = LINE('',#12540,#12541);
#12540 = CARTESIAN_POINT('',(-78.78025612106,-9.155059819713,
    224.53545824966));
#12541 = VECTOR('',#12542,1.);
#12542 = DIRECTION('',(0.707106781187,0.652094560685,0.273445943333));
#12543 = ORIENTED_EDGE('',*,*,#12544,.T.);
#12544 = EDGE_CURVE('',#12535,#12545,#12547,.T.);
#12545 = VERTEX_POINT('',#12546);
#12546 = CARTESIAN_POINT('',(-82.5,-17.43666074041,221.06269476934));
#12547 = CIRCLE('',#12548,12.7);
#12548 = AXIS2_PLACEMENT_3D('',#12549,#12550,#12551);
#12549 = CARTESIAN_POINT('',(-69.8,-17.43666074041,221.06269476934));
#12550 = DIRECTION('',(0.,-0.386710961637,0.92220097167));
#12551 = DIRECTION('',(1.,0.,0.));
#12552 = ORIENTED_EDGE('',*,*,#12553,.T.);
#12553 = EDGE_CURVE('',#12545,#12554,#12556,.T.);
#12554 = VERTEX_POINT('',#12555);
#12555 = CARTESIAN_POINT('',(-82.5,-33.33493310181,214.39599588037));
#12556 = LINE('',#12557,#12558);
#12557 = CARTESIAN_POINT('',(-82.5,-17.43666074041,221.06269476934));
#12558 = VECTOR('',#12559,1.);
#12559 = DIRECTION('',(2.02E-15,-0.92220097167,-0.386710961637));
#12560 = ORIENTED_EDGE('',*,*,#12561,.T.);
#12561 = EDGE_CURVE('',#12554,#12562,#12564,.T.);
#12562 = VERTEX_POINT('',#12563);
#12563 = CARTESIAN_POINT('',(-45.,-33.33493310181,214.39599588037));
#12564 = LINE('',#12565,#12566);
#12565 = CARTESIAN_POINT('',(-90.,-33.33493310181,214.39599588037));
#12566 = VECTOR('',#12567,1.);
#12567 = DIRECTION('',(1.,0.,0.));
#12568 = ORIENTED_EDGE('',*,*,#12569,.T.);
#12569 = EDGE_CURVE('',#12562,#12481,#12570,.T.);
#12570 = LINE('',#12571,#12572);
#12571 = CARTESIAN_POINT('',(-45.,-33.33493310181,214.39599588037));
#12572 = VECTOR('',#12573,1.);
#12573 = DIRECTION('',(0.,0.92220097167,0.386710961637));
#12574 = ORIENTED_EDGE('',*,*,#12478,.F.);
#12575 = ORIENTED_EDGE('',*,*,#12576,.T.);
#12576 = EDGE_CURVE('',#12479,#12537,#12577,.T.);
#12577 = CIRCLE('',#12578,12.7);
#12578 = AXIS2_PLACEMENT_3D('',#12579,#12580,#12581);
#12579 = CARTESIAN_POINT('',(-59.73948775786,-8.15884657521,
    224.95320513305));
#12580 = DIRECTION('',(0.,-0.386710961637,0.92220097167));
#12581 = DIRECTION('',(1.,0.,0.));
#12582 = PLANE('',#12583);
#12583 = AXIS2_PLACEMENT_3D('',#12584,#12585,#12586);
#12584 = CARTESIAN_POINT('',(1.85E-15,-72.5284743978,197.9607800108));
#12585 = DIRECTION('',(0.,-0.386710961637,0.92220097167));
#12586 = DIRECTION('',(0.,0.92220097167,0.386710961637));
#12587 = ADVANCED_FACE('',(#12588),#12607,.T.);
#12588 = FACE_BOUND('',#12589,.F.);
#12589 = EDGE_LOOP('',(#12590,#12591,#12592,#12600));
#12590 = ORIENTED_EDGE('',*,*,#12520,.T.);
#12591 = ORIENTED_EDGE('',*,*,#12576,.T.);
#12592 = ORIENTED_EDGE('',*,*,#12593,.F.);
#12593 = EDGE_CURVE('',#12594,#12537,#12596,.T.);
#12594 = VERTEX_POINT('',#12595);
#12595 = CARTESIAN_POINT('',(-68.71974387893,15.591192810962,
    191.53792974656));
#12596 = LINE('',#12597,#12598);
#12597 = CARTESIAN_POINT('',(-68.71974387893,15.591192810962,
    191.53792974656));
#12598 = VECTOR('',#12599,1.);
#12599 = DIRECTION('',(0.,-0.386710961637,0.92220097167));
#12600 = ORIENTED_EDGE('',*,*,#12601,.F.);
#12601 = EDGE_CURVE('',#12513,#12594,#12602,.T.);
#12602 = CIRCLE('',#12603,12.7);
#12603 = AXIS2_PLACEMENT_3D('',#12604,#12605,#12606);
#12604 = CARTESIAN_POINT('',(-59.73948775786,7.309591890263,
    188.06516626623));
#12605 = DIRECTION('',(0.,-0.386710961637,0.92220097167));
#12606 = DIRECTION('',(1.,0.,0.));
#12607 = CYLINDRICAL_SURFACE('',#12608,12.7);
#12608 = AXIS2_PLACEMENT_3D('',#12609,#12610,#12611);
#12609 = CARTESIAN_POINT('',(-59.73948775786,7.309591890263,
    188.06516626623));
#12610 = DIRECTION('',(0.,0.386710961637,-0.92220097167));
#12611 = DIRECTION('',(1.,0.,0.));
#12612 = ADVANCED_FACE('',(#12613,#12734),#12944,.F.);
#12613 = FACE_BOUND('',#12614,.F.);
#12614 = EDGE_LOOP('',(#12615,#12623,#12632,#12640,#12649,#12657,#12666,
    #12674,#12683,#12691,#12700,#12708,#12717,#12725,#12732,#12733));
#12615 = ORIENTED_EDGE('',*,*,#12616,.F.);
#12616 = EDGE_CURVE('',#12617,#12594,#12619,.T.);
#12617 = VERTEX_POINT('',#12618);
#12618 = CARTESIAN_POINT('',(-78.78025612106,6.31337864576,
    187.64741938284));
#12619 = LINE('',#12620,#12621);
#12620 = CARTESIAN_POINT('',(-78.78025612106,6.31337864576,
    187.64741938284));
#12621 = VECTOR('',#12622,1.);
#12622 = DIRECTION('',(0.707106781187,0.652094560685,0.273445943333));
#12623 = ORIENTED_EDGE('',*,*,#12624,.T.);
#12624 = EDGE_CURVE('',#12617,#12625,#12627,.T.);
#12625 = VERTEX_POINT('',#12626);
#12626 = CARTESIAN_POINT('',(-82.5,-1.96822227494,184.17465590252));
#12627 = CIRCLE('',#12628,12.7);
#12628 = AXIS2_PLACEMENT_3D('',#12629,#12630,#12631);
#12629 = CARTESIAN_POINT('',(-69.8,-1.96822227494,184.17465590252));
#12630 = DIRECTION('',(0.,-0.386710961637,0.92220097167));
#12631 = DIRECTION('',(1.,0.,0.));
#12632 = ORIENTED_EDGE('',*,*,#12633,.T.);
#12633 = EDGE_CURVE('',#12625,#12634,#12636,.T.);
#12634 = VERTEX_POINT('',#12635);
#12635 = CARTESIAN_POINT('',(-82.5,-112.1518495897,137.97082638545));
#12636 = LINE('',#12637,#12638);
#12637 = CARTESIAN_POINT('',(-82.5,-1.96822227494,184.17465590252));
#12638 = VECTOR('',#12639,1.);
#12639 = DIRECTION('',(2.02E-15,-0.92220097167,-0.386710961637));
#12640 = ORIENTED_EDGE('',*,*,#12641,.T.);
#12641 = EDGE_CURVE('',#12634,#12642,#12644,.T.);
#12642 = VERTEX_POINT('',#12643);
#12643 = CARTESIAN_POINT('',(-78.78025612106,-120.4334505104,
    134.49806290513));
#12644 = CIRCLE('',#12645,12.7);
#12645 = AXIS2_PLACEMENT_3D('',#12646,#12647,#12648);
#12646 = CARTESIAN_POINT('',(-69.8,-112.1518495897,137.97082638545));
#12647 = DIRECTION('',(0.,-0.386710961637,0.92220097167));
#12648 = DIRECTION('',(1.,0.,0.));
#12649 = ORIENTED_EDGE('',*,*,#12650,.F.);
#12650 = EDGE_CURVE('',#12651,#12642,#12653,.T.);
#12651 = VERTEX_POINT('',#12652);
#12652 = CARTESIAN_POINT('',(-68.71974387893,-129.7112646756,
    130.60755254141));
#12653 = LINE('',#12654,#12655);
#12654 = CARTESIAN_POINT('',(-68.71974387893,-129.7112646756,
    130.60755254141));
#12655 = VECTOR('',#12656,1.);
#12656 = DIRECTION('',(-0.707106781187,0.652094560685,0.273445943333));
#12657 = ORIENTED_EDGE('',*,*,#12658,.T.);
#12658 = EDGE_CURVE('',#12651,#12659,#12661,.T.);
#12659 = VERTEX_POINT('',#12660);
#12660 = CARTESIAN_POINT('',(-59.73948775786,-133.1416160951,
    129.16908680895));
#12661 = CIRCLE('',#12662,12.7);
#12662 = AXIS2_PLACEMENT_3D('',#12663,#12664,#12665);
#12663 = CARTESIAN_POINT('',(-59.73948775786,-121.4296637549,
    134.08031602173));
#12664 = DIRECTION('',(0.,-0.386710961637,0.92220097167));
#12665 = DIRECTION('',(1.,0.,0.));
#12666 = ORIENTED_EDGE('',*,*,#12667,.F.);
#12667 = EDGE_CURVE('',#12668,#12659,#12670,.T.);
#12668 = VERTEX_POINT('',#12669);
#12669 = CARTESIAN_POINT('',(59.739487757861,-133.1416160951,
    129.16908680895));
#12670 = LINE('',#12671,#12672);
#12671 = CARTESIAN_POINT('',(59.739487757861,-133.1416160951,
    129.16908680895));
#12672 = VECTOR('',#12673,1.);
#12673 = DIRECTION('',(-1.,-1.106641166005E-16,-4.640531539642E-17));
#12674 = ORIENTED_EDGE('',*,*,#12675,.T.);
#12675 = EDGE_CURVE('',#12668,#12676,#12678,.T.);
#12676 = VERTEX_POINT('',#12677);
#12677 = CARTESIAN_POINT('',(68.719743878931,-129.7112646756,
    130.60755254141));
#12678 = CIRCLE('',#12679,12.7);
#12679 = AXIS2_PLACEMENT_3D('',#12680,#12681,#12682);
#12680 = CARTESIAN_POINT('',(59.739487757861,-121.4296637549,
    134.08031602173));
#12681 = DIRECTION('',(0.,-0.386710961637,0.92220097167));
#12682 = DIRECTION('',(1.,0.,0.));
#12683 = ORIENTED_EDGE('',*,*,#12684,.F.);
#12684 = EDGE_CURVE('',#12685,#12676,#12687,.T.);
#12685 = VERTEX_POINT('',#12686);
#12686 = CARTESIAN_POINT('',(78.780256121069,-120.4334505104,
    134.49806290513));
#12687 = LINE('',#12688,#12689);
#12688 = CARTESIAN_POINT('',(78.780256121069,-120.4334505104,
    134.49806290513));
#12689 = VECTOR('',#12690,1.);
#12690 = DIRECTION('',(-0.707106781187,-0.652094560685,-0.273445943333)
  );
#12691 = ORIENTED_EDGE('',*,*,#12692,.T.);
#12692 = EDGE_CURVE('',#12685,#12693,#12695,.T.);
#12693 = VERTEX_POINT('',#12694);
#12694 = CARTESIAN_POINT('',(82.5,-112.1518495897,137.97082638545));
#12695 = CIRCLE('',#12696,12.7);
#12696 = AXIS2_PLACEMENT_3D('',#12697,#12698,#12699);
#12697 = CARTESIAN_POINT('',(69.8,-112.1518495897,137.97082638545));
#12698 = DIRECTION('',(0.,-0.386710961637,0.92220097167));
#12699 = DIRECTION('',(1.,0.,0.));
#12700 = ORIENTED_EDGE('',*,*,#12701,.F.);
#12701 = EDGE_CURVE('',#12702,#12693,#12704,.T.);
#12702 = VERTEX_POINT('',#12703);
#12703 = CARTESIAN_POINT('',(82.5,-1.96822227494,184.17465590252));
#12704 = LINE('',#12705,#12706);
#12705 = CARTESIAN_POINT('',(82.5,-1.96822227494,184.17465590252));
#12706 = VECTOR('',#12707,1.);
#12707 = DIRECTION('',(-1.9E-15,-0.92220097167,-0.386710961637));
#12708 = ORIENTED_EDGE('',*,*,#12709,.T.);
#12709 = EDGE_CURVE('',#12702,#12710,#12712,.T.);
#12710 = VERTEX_POINT('',#12711);
#12711 = CARTESIAN_POINT('',(78.780256121069,6.31337864576,
    187.64741938284));
#12712 = CIRCLE('',#12713,12.7);
#12713 = AXIS2_PLACEMENT_3D('',#12714,#12715,#12716);
#12714 = CARTESIAN_POINT('',(69.8,-1.96822227494,184.17465590252));
#12715 = DIRECTION('',(0.,-0.386710961637,0.92220097167));
#12716 = DIRECTION('',(1.,0.,0.));
#12717 = ORIENTED_EDGE('',*,*,#12718,.F.);
#12718 = EDGE_CURVE('',#12719,#12710,#12721,.T.);
#12719 = VERTEX_POINT('',#12720);
#12720 = CARTESIAN_POINT('',(68.719743878931,15.591192810962,
    191.53792974656));
#12721 = LINE('',#12722,#12723);
#12722 = CARTESIAN_POINT('',(68.719743878931,15.591192810962,
    191.53792974656));
#12723 = VECTOR('',#12724,1.);
#12724 = DIRECTION('',(0.707106781187,-0.652094560685,-0.273445943333));
#12725 = ORIENTED_EDGE('',*,*,#12726,.T.);
#12726 = EDGE_CURVE('',#12719,#12505,#12727,.T.);
#12727 = CIRCLE('',#12728,12.7);
#12728 = AXIS2_PLACEMENT_3D('',#12729,#12730,#12731);
#12729 = CARTESIAN_POINT('',(59.739487757862,7.309591890263,
    188.06516626623));
#12730 = DIRECTION('',(0.,-0.386710961637,0.92220097167));
#12731 = DIRECTION('',(1.,0.,0.));
#12732 = ORIENTED_EDGE('',*,*,#12512,.F.);
#12733 = ORIENTED_EDGE('',*,*,#12601,.T.);
#12734 = FACE_BOUND('',#12735,.F.);
#12735 = EDGE_LOOP('',(#12736,#12751,#12764,#12777,#12790,#12803,#12816,
    #12829,#12842,#12855,#12868,#12881,#12894,#12907,#12920,#12933));
#12736 = ORIENTED_EDGE('',*,*,#12737,.T.);
#12737 = EDGE_CURVE('',#12738,#12740,#12742,.T.);
#12738 = VERTEX_POINT('',#12739);
#12739 = CARTESIAN_POINT('',(-77.5,-93.62038077336,145.74171618785));
#12740 = VERTEX_POINT('',#12741);
#12741 = CARTESIAN_POINT('',(-77.5,-20.4996910913,176.40376610012));
#12742 = B_SPLINE_CURVE_WITH_KNOTS('',7,(#12743,#12744,#12745,#12746,
    #12747,#12748,#12749,#12750),.UNSPECIFIED.,.F.,.F.,(8,8),(14.,15.),
  .PIECEWISE_BEZIER_KNOTS.);
#12743 = CARTESIAN_POINT('',(-77.5,-93.62038077336,145.74171618785));
#12744 = CARTESIAN_POINT('',(-77.5,-83.17456796164,150.12200903246));
#12745 = CARTESIAN_POINT('',(-77.5,-72.72875514992,154.50230187707));
#12746 = CARTESIAN_POINT('',(-77.5,-62.28294233819,158.88259472168));
#12747 = CARTESIAN_POINT('',(-77.5,-51.83712952647,163.26288756629));
#12748 = CARTESIAN_POINT('',(-77.5,-41.39131671474,167.6431804109));
#12749 = CARTESIAN_POINT('',(-77.5,-30.94550390302,172.02347325551));
#12750 = CARTESIAN_POINT('',(-77.5,-20.4996910913,176.40376610012));
#12751 = ORIENTED_EDGE('',*,*,#12752,.T.);
#12752 = EDGE_CURVE('',#12740,#12753,#12755,.T.);
#12753 = VERTEX_POINT('',#12754);
#12754 = CARTESIAN_POINT('',(-70.17766952966,-4.197327074176,
    183.23991468343));
#12755 = B_SPLINE_CURVE_WITH_KNOTS('',7,(#12756,#12757,#12758,#12759,
    #12760,#12761,#12762,#12763),.UNSPECIFIED.,.F.,.F.,(8,8),(15.,16.),
  .PIECEWISE_BEZIER_KNOTS.);
#12756 = CARTESIAN_POINT('',(-77.5,-20.4996910913,176.40376610012));
#12757 = CARTESIAN_POINT('',(-77.5,-17.91292341475,177.48848781096));
#12758 = CARTESIAN_POINT('',(-77.1328270641,-15.32615579124,
    178.57320949956));
#12759 = CARTESIAN_POINT('',(-76.39848233535,-12.79257611486,
    179.63562763089));
#12760 = CARTESIAN_POINT('',(-75.3082860991,-10.365374015,
    180.65343794226));
#12761 = CARTESIAN_POINT('',(-73.88489878236,-8.095000441883,
    181.60548459446));
#12762 = CARTESIAN_POINT('',(-72.16109941277,-6.026448039616,
    182.472900606));
#12763 = CARTESIAN_POINT('',(-70.17766952966,-4.197327074176,
    183.23991468343));
#12764 = ORIENTED_EDGE('',*,*,#12765,.T.);
#12765 = EDGE_CURVE('',#12753,#12766,#12768,.T.);
#12766 = VERTEX_POINT('',#12767);
#12767 = CARTESIAN_POINT('',(-57.32233047033,7.657879097489,
    188.21121521323));
#12768 = B_SPLINE_CURVE_WITH_KNOTS('',7,(#12769,#12770,#12771,#12772,
    #12773,#12774,#12775,#12776),.UNSPECIFIED.,.F.,.F.,(8,8),(0.,1.),
  .PIECEWISE_BEZIER_KNOTS.);
#12769 = CARTESIAN_POINT('',(-70.17766952966,-4.197327074176,
    183.23991468343));
#12770 = CARTESIAN_POINT('',(-68.34119252118,-2.503726192509,
    183.9501004734));
#12771 = CARTESIAN_POINT('',(-66.50471551271,-0.810125310843,
    184.66028626337));
#12772 = CARTESIAN_POINT('',(-64.66823850423,0.883475570824,
    185.37047205335));
#12773 = CARTESIAN_POINT('',(-62.83176149576,2.57707645249,
    186.08065784332));
#12774 = CARTESIAN_POINT('',(-60.99528448728,4.270677334156,
    186.79084363329));
#12775 = CARTESIAN_POINT('',(-59.15880747881,5.964278215823,
    187.50102942326));
#12776 = CARTESIAN_POINT('',(-57.32233047033,7.657879097489,
    188.21121521323));
#12777 = ORIENTED_EDGE('',*,*,#12778,.T.);
#12778 = EDGE_CURVE('',#12766,#12779,#12781,.T.);
#12779 = VERTEX_POINT('',#12780);
#12780 = CARTESIAN_POINT('',(-39.64466094067,14.410539372125,
    191.04284067084));
#12781 = B_SPLINE_CURVE_WITH_KNOTS('',7,(#12782,#12783,#12784,#12785,
    #12786,#12787,#12788,#12789),.UNSPECIFIED.,.F.,.F.,(8,8),(1.,2.),
  .PIECEWISE_BEZIER_KNOTS.);
#12782 = CARTESIAN_POINT('',(-57.32233047033,7.657879097489,
    188.21121521323));
#12783 = CARTESIAN_POINT('',(-55.33890058723,9.487000062931,
    188.97822929067));
#12784 = CARTESIAN_POINT('',(-53.09584027194,11.076689516534,
    189.64484140255));
#12785 = CARTESIAN_POINT('',(-50.63393268036,12.3893386831,
    190.19528088059));
#12786 = CARTESIAN_POINT('',(-48.00196614115,13.394718711475,
    190.61687171548));
#12787 = CARTESIAN_POINT('',(-45.25464776457,14.071932133871,
    190.90085087171));
#12788 = CARTESIAN_POINT('',(-42.44965438137,14.410539372125,
    191.04284067084));
#12789 = CARTESIAN_POINT('',(-39.64466094067,14.410539372125,
    191.04284067084));
#12790 = ORIENTED_EDGE('',*,*,#12791,.T.);
#12791 = EDGE_CURVE('',#12779,#12792,#12794,.T.);
#12792 = VERTEX_POINT('',#12793);
#12793 = CARTESIAN_POINT('',(39.644660940673,14.410539372126,
    191.04284067084));
#12794 = B_SPLINE_CURVE_WITH_KNOTS('',7,(#12795,#12796,#12797,#12798,
    #12799,#12800,#12801,#12802),.UNSPECIFIED.,.F.,.F.,(8,8),(2.,3.),
  .PIECEWISE_BEZIER_KNOTS.);
#12795 = CARTESIAN_POINT('',(-39.64466094067,14.410539372125,
    191.04284067084));
#12796 = CARTESIAN_POINT('',(-28.31761495762,14.410539372125,
    191.04284067084));
#12797 = CARTESIAN_POINT('',(-16.99056897457,14.410539372125,
    191.04284067084));
#12798 = CARTESIAN_POINT('',(-5.663522991525,14.410539372125,
    191.04284067084));
#12799 = CARTESIAN_POINT('',(5.663522991525,14.410539372125,
    191.04284067084));
#12800 = CARTESIAN_POINT('',(16.990568974574,14.410539372125,
    191.04284067084));
#12801 = CARTESIAN_POINT('',(28.317614957623,14.410539372125,
    191.04284067084));
#12802 = CARTESIAN_POINT('',(39.644660940673,14.410539372126,
    191.04284067084));
#12803 = ORIENTED_EDGE('',*,*,#12804,.T.);
#12804 = EDGE_CURVE('',#12792,#12805,#12807,.T.);
#12805 = VERTEX_POINT('',#12806);
#12806 = CARTESIAN_POINT('',(57.322330470336,7.657879097489,
    188.21121521323));
#12807 = B_SPLINE_CURVE_WITH_KNOTS('',7,(#12808,#12809,#12810,#12811,
    #12812,#12813,#12814,#12815),.UNSPECIFIED.,.F.,.F.,(8,8),(3.,4.),
  .PIECEWISE_BEZIER_KNOTS.);
#12808 = CARTESIAN_POINT('',(39.644660940673,14.410539372126,
    191.04284067084));
#12809 = CARTESIAN_POINT('',(42.449654381378,14.410539372125,
    191.04284067084));
#12810 = CARTESIAN_POINT('',(45.254647764568,14.071932133869,
    190.90085087171));
#12811 = CARTESIAN_POINT('',(48.001966141158,13.394718711477,
    190.61687171548));
#12812 = CARTESIAN_POINT('',(50.63393268036,12.389338683097,
    190.19528088059));
#12813 = CARTESIAN_POINT('',(53.095840271951,11.076689516535,
    189.64484140255));
#12814 = CARTESIAN_POINT('',(55.33890058723,9.48700006293,
    188.97822929067));
#12815 = CARTESIAN_POINT('',(57.322330470336,7.657879097489,
    188.21121521323));
#12816 = ORIENTED_EDGE('',*,*,#12817,.T.);
#12817 = EDGE_CURVE('',#12805,#12818,#12820,.T.);
#12818 = VERTEX_POINT('',#12819);
#12819 = CARTESIAN_POINT('',(70.177669529664,-4.197327074176,
    183.23991468343));
#12820 = B_SPLINE_CURVE_WITH_KNOTS('',7,(#12821,#12822,#12823,#12824,
    #12825,#12826,#12827,#12828),.UNSPECIFIED.,.F.,.F.,(8,8),(4.,5.),
  .PIECEWISE_BEZIER_KNOTS.);
#12821 = CARTESIAN_POINT('',(57.322330470336,7.657879097489,
    188.21121521323));
#12822 = CARTESIAN_POINT('',(59.158807478812,5.964278215823,
    187.50102942326));
#12823 = CARTESIAN_POINT('',(60.995284487287,4.270677334156,
    186.79084363329));
#12824 = CARTESIAN_POINT('',(62.831761495762,2.57707645249,
    186.08065784332));
#12825 = CARTESIAN_POINT('',(64.668238504238,0.883475570824,
    185.37047205335));
#12826 = CARTESIAN_POINT('',(66.504715512713,-0.810125310843,
    184.66028626337));
#12827 = CARTESIAN_POINT('',(68.341192521188,-2.503726192509,
    183.9501004734));
#12828 = CARTESIAN_POINT('',(70.177669529664,-4.197327074176,
    183.23991468343));
#12829 = ORIENTED_EDGE('',*,*,#12830,.T.);
#12830 = EDGE_CURVE('',#12818,#12831,#12833,.T.);
#12831 = VERTEX_POINT('',#12832);
#12832 = CARTESIAN_POINT('',(77.5,-20.4996910913,176.40376610012));
#12833 = B_SPLINE_CURVE_WITH_KNOTS('',7,(#12834,#12835,#12836,#12837,
    #12838,#12839,#12840,#12841),.UNSPECIFIED.,.F.,.F.,(8,8),(5.,6.),
  .PIECEWISE_BEZIER_KNOTS.);
#12834 = CARTESIAN_POINT('',(70.177669529664,-4.197327074176,
    183.23991468343));
#12835 = CARTESIAN_POINT('',(72.16109941277,-6.026448039616,
    182.472900606));
#12836 = CARTESIAN_POINT('',(73.884898782365,-8.095000441882,
    181.60548459446));
#12837 = CARTESIAN_POINT('',(75.308286099105,-10.365374015,
    180.65343794226));
#12838 = CARTESIAN_POINT('',(76.398482335355,-12.79257611486,
    179.63562763089));
#12839 = CARTESIAN_POINT('',(77.132827064102,-15.32615579124,
    178.57320949956));
#12840 = CARTESIAN_POINT('',(77.5,-17.91292341475,177.48848781096));
#12841 = CARTESIAN_POINT('',(77.5,-20.4996910913,176.40376610012));
#12842 = ORIENTED_EDGE('',*,*,#12843,.T.);
#12843 = EDGE_CURVE('',#12831,#12844,#12846,.T.);
#12844 = VERTEX_POINT('',#12845);
#12845 = CARTESIAN_POINT('',(77.5,-93.62038077336,145.74171618785));
#12846 = B_SPLINE_CURVE_WITH_KNOTS('',7,(#12847,#12848,#12849,#12850,
    #12851,#12852,#12853,#12854),.UNSPECIFIED.,.F.,.F.,(8,8),(6.,7.),
  .PIECEWISE_BEZIER_KNOTS.);
#12847 = CARTESIAN_POINT('',(77.5,-20.4996910913,176.40376610012));
#12848 = CARTESIAN_POINT('',(77.5,-30.94550390302,172.02347325551));
#12849 = CARTESIAN_POINT('',(77.5,-41.39131671474,167.6431804109));
#12850 = CARTESIAN_POINT('',(77.5,-51.83712952647,163.26288756629));
#12851 = CARTESIAN_POINT('',(77.5,-62.28294233819,158.88259472168));
#12852 = CARTESIAN_POINT('',(77.5,-72.72875514992,154.50230187707));
#12853 = CARTESIAN_POINT('',(77.5,-83.17456796164,150.12200903246));
#12854 = CARTESIAN_POINT('',(77.5,-93.62038077336,145.74171618785));
#12855 = ORIENTED_EDGE('',*,*,#12856,.T.);
#12856 = EDGE_CURVE('',#12844,#12857,#12859,.T.);
#12857 = VERTEX_POINT('',#12858);
#12858 = CARTESIAN_POINT('',(70.177669529664,-109.9227447904,
    138.90556760454));
#12859 = B_SPLINE_CURVE_WITH_KNOTS('',7,(#12860,#12861,#12862,#12863,
    #12864,#12865,#12866,#12867),.UNSPECIFIED.,.F.,.F.,(8,8),(7.,8.),
  .PIECEWISE_BEZIER_KNOTS.);
#12860 = CARTESIAN_POINT('',(77.5,-93.62038077336,145.74171618785));
#12861 = CARTESIAN_POINT('',(77.5,-96.20714844991,144.65699447701));
#12862 = CARTESIAN_POINT('',(77.132827064102,-98.79391607342,
    143.57227278841));
#12863 = CARTESIAN_POINT('',(76.398482335355,-101.3274957498,
    142.50985465708));
#12864 = CARTESIAN_POINT('',(75.308286099105,-103.7546978496,
    141.49204434571));
#12865 = CARTESIAN_POINT('',(73.884898782365,-106.0250714227,
    140.5399976935));
#12866 = CARTESIAN_POINT('',(72.16109941277,-108.093623825,
    139.67258168197));
#12867 = CARTESIAN_POINT('',(70.177669529664,-109.9227447904,
    138.90556760454));
#12868 = ORIENTED_EDGE('',*,*,#12869,.T.);
#12869 = EDGE_CURVE('',#12857,#12870,#12872,.T.);
#12870 = VERTEX_POINT('',#12871);
#12871 = CARTESIAN_POINT('',(57.322330470336,-121.7779509621,
    133.93426707474));
#12872 = B_SPLINE_CURVE_WITH_KNOTS('',7,(#12873,#12874,#12875,#12876,
    #12877,#12878,#12879,#12880),.UNSPECIFIED.,.F.,.F.,(8,8),(8.,9.),
  .PIECEWISE_BEZIER_KNOTS.);
#12873 = CARTESIAN_POINT('',(70.177669529664,-109.9227447904,
    138.90556760454));
#12874 = CARTESIAN_POINT('',(68.341192521188,-111.6163456721,
    138.19538181456));
#12875 = CARTESIAN_POINT('',(66.504715512713,-113.3099465538,
    137.48519602459));
#12876 = CARTESIAN_POINT('',(64.668238504238,-115.0035474354,
    136.77501023462));
#12877 = CARTESIAN_POINT('',(62.831761495762,-116.6971483171,
    136.06482444465));
#12878 = CARTESIAN_POINT('',(60.995284487287,-118.3907491988,
    135.35463865468));
#12879 = CARTESIAN_POINT('',(59.158807478812,-120.0843500804,
    134.64445286471));
#12880 = CARTESIAN_POINT('',(57.322330470336,-121.7779509621,
    133.93426707474));
#12881 = ORIENTED_EDGE('',*,*,#12882,.T.);
#12882 = EDGE_CURVE('',#12870,#12883,#12885,.T.);
#12883 = VERTEX_POINT('',#12884);
#12884 = CARTESIAN_POINT('',(39.644660940673,-128.5306112367,
    131.10264161713));
#12885 = B_SPLINE_CURVE_WITH_KNOTS('',7,(#12886,#12887,#12888,#12889,
    #12890,#12891,#12892,#12893),.UNSPECIFIED.,.F.,.F.,(8,8),(9.,10.),
  .PIECEWISE_BEZIER_KNOTS.);
#12886 = CARTESIAN_POINT('',(57.322330470336,-121.7779509621,
    133.93426707474));
#12887 = CARTESIAN_POINT('',(55.33890058723,-123.6070719275,
    133.1672529973));
#12888 = CARTESIAN_POINT('',(53.095840271951,-125.1967613812,
    132.50064088542));
#12889 = CARTESIAN_POINT('',(50.63393268036,-126.5094105477,
    131.95020140738));
#12890 = CARTESIAN_POINT('',(48.001966141158,-127.5147905761,
    131.52861057248));
#12891 = CARTESIAN_POINT('',(45.254647764567,-128.1920039985,
    131.24463141626));
#12892 = CARTESIAN_POINT('',(42.449654381378,-128.5306112367,
    131.10264161713));
#12893 = CARTESIAN_POINT('',(39.644660940673,-128.5306112367,
    131.10264161713));
#12894 = ORIENTED_EDGE('',*,*,#12895,.T.);
#12895 = EDGE_CURVE('',#12883,#12896,#12898,.T.);
#12896 = VERTEX_POINT('',#12897);
#12897 = CARTESIAN_POINT('',(-39.64466094067,-128.5306112367,
    131.10264161713));
#12898 = B_SPLINE_CURVE_WITH_KNOTS('',7,(#12899,#12900,#12901,#12902,
    #12903,#12904,#12905,#12906),.UNSPECIFIED.,.F.,.F.,(8,8),(10.,11.),
  .PIECEWISE_BEZIER_KNOTS.);
#12899 = CARTESIAN_POINT('',(39.644660940673,-128.5306112367,
    131.10264161713));
#12900 = CARTESIAN_POINT('',(28.317614957623,-128.5306112367,
    131.10264161713));
#12901 = CARTESIAN_POINT('',(16.990568974574,-128.5306112367,
    131.10264161713));
#12902 = CARTESIAN_POINT('',(5.663522991525,-128.5306112367,
    131.10264161713));
#12903 = CARTESIAN_POINT('',(-5.663522991525,-128.5306112367,
    131.10264161713));
#12904 = CARTESIAN_POINT('',(-16.99056897457,-128.5306112367,
    131.10264161713));
#12905 = CARTESIAN_POINT('',(-28.31761495762,-128.5306112367,
    131.10264161713));
#12906 = CARTESIAN_POINT('',(-39.64466094067,-128.5306112367,
    131.10264161713));
#12907 = ORIENTED_EDGE('',*,*,#12908,.T.);
#12908 = EDGE_CURVE('',#12896,#12909,#12911,.T.);
#12909 = VERTEX_POINT('',#12910);
#12910 = CARTESIAN_POINT('',(-57.32233047033,-121.7779509621,
    133.93426707474));
#12911 = B_SPLINE_CURVE_WITH_KNOTS('',7,(#12912,#12913,#12914,#12915,
    #12916,#12917,#12918,#12919),.UNSPECIFIED.,.F.,.F.,(8,8),(11.,12.),
  .PIECEWISE_BEZIER_KNOTS.);
#12912 = CARTESIAN_POINT('',(-39.64466094067,-128.5306112367,
    131.10264161713));
#12913 = CARTESIAN_POINT('',(-42.44965438137,-128.5306112367,
    131.10264161713));
#12914 = CARTESIAN_POINT('',(-45.25464776456,-128.1920039985,
    131.24463141626));
#12915 = CARTESIAN_POINT('',(-48.00196614115,-127.5147905761,
    131.52861057249));
#12916 = CARTESIAN_POINT('',(-50.63393268036,-126.5094105477,
    131.95020140738));
#12917 = CARTESIAN_POINT('',(-53.09584027195,-125.1967613812,
    132.50064088542));
#12918 = CARTESIAN_POINT('',(-55.33890058723,-123.6070719275,
    133.1672529973));
#12919 = CARTESIAN_POINT('',(-57.32233047033,-121.7779509621,
    133.93426707474));
#12920 = ORIENTED_EDGE('',*,*,#12921,.T.);
#12921 = EDGE_CURVE('',#12909,#12922,#12924,.T.);
#12922 = VERTEX_POINT('',#12923);
#12923 = CARTESIAN_POINT('',(-70.17766952966,-109.9227447904,
    138.90556760454));
#12924 = B_SPLINE_CURVE_WITH_KNOTS('',7,(#12925,#12926,#12927,#12928,
    #12929,#12930,#12931,#12932),.UNSPECIFIED.,.F.,.F.,(8,8),(12.,13.),
  .PIECEWISE_BEZIER_KNOTS.);
#12925 = CARTESIAN_POINT('',(-57.32233047033,-121.7779509621,
    133.93426707474));
#12926 = CARTESIAN_POINT('',(-59.15880747881,-120.0843500804,
    134.64445286471));
#12927 = CARTESIAN_POINT('',(-60.99528448728,-118.3907491988,
    135.35463865468));
#12928 = CARTESIAN_POINT('',(-62.83176149576,-116.6971483171,
    136.06482444465));
#12929 = CARTESIAN_POINT('',(-64.66823850423,-115.0035474354,
    136.77501023462));
#12930 = CARTESIAN_POINT('',(-66.50471551271,-113.3099465538,
    137.48519602459));
#12931 = CARTESIAN_POINT('',(-68.34119252118,-111.6163456721,
    138.19538181456));
#12932 = CARTESIAN_POINT('',(-70.17766952966,-109.9227447904,
    138.90556760454));
#12933 = ORIENTED_EDGE('',*,*,#12934,.T.);
#12934 = EDGE_CURVE('',#12922,#12738,#12935,.T.);
#12935 = B_SPLINE_CURVE_WITH_KNOTS('',7,(#12936,#12937,#12938,#12939,
    #12940,#12941,#12942,#12943),.UNSPECIFIED.,.F.,.F.,(8,8),(13.,14.),
  .PIECEWISE_BEZIER_KNOTS.);
#12936 = CARTESIAN_POINT('',(-70.17766952966,-109.9227447904,
    138.90556760454));
#12937 = CARTESIAN_POINT('',(-72.16109941277,-108.093623825,
    139.67258168197));
#12938 = CARTESIAN_POINT('',(-73.88489878236,-106.0250714227,
    140.5399976935));
#12939 = CARTESIAN_POINT('',(-75.3082860991,-103.7546978496,
    141.49204434571));
#12940 = CARTESIAN_POINT('',(-76.39848233535,-101.3274957498,
    142.50985465708));
#12941 = CARTESIAN_POINT('',(-77.1328270641,-98.79391607342,
    143.57227278841));
#12942 = CARTESIAN_POINT('',(-77.5,-96.20714844991,144.65699447701));
#12943 = CARTESIAN_POINT('',(-77.5,-93.62038077336,145.74171618785));
#12944 = PLANE('',#12945);
#12945 = AXIS2_PLACEMENT_3D('',#12946,#12947,#12948);
#12946 = CARTESIAN_POINT('',(1.85E-15,-57.06003593233,161.07274114398));
#12947 = DIRECTION('',(0.,-0.386710961637,0.92220097167));
#12948 = DIRECTION('',(0.,0.92220097167,0.386710961637));
#12949 = ADVANCED_FACE('',(#12950),#12969,.T.);
#12950 = FACE_BOUND('',#12951,.F.);
#12951 = EDGE_LOOP('',(#12952,#12960,#12967,#12968));
#12952 = ORIENTED_EDGE('',*,*,#12953,.T.);
#12953 = EDGE_CURVE('',#12719,#12954,#12956,.T.);
#12954 = VERTEX_POINT('',#12955);
#12955 = CARTESIAN_POINT('',(68.719743878931,0.12275434549,
    228.42596861338));
#12956 = LINE('',#12957,#12958);
#12957 = CARTESIAN_POINT('',(68.719743878931,15.591192810962,
    191.53792974656));
#12958 = VECTOR('',#12959,1.);
#12959 = DIRECTION('',(0.,-0.386710961637,0.92220097167));
#12960 = ORIENTED_EDGE('',*,*,#12961,.T.);
#12961 = EDGE_CURVE('',#12954,#12497,#12962,.T.);
#12962 = CIRCLE('',#12963,12.7);
#12963 = AXIS2_PLACEMENT_3D('',#12964,#12965,#12966);
#12964 = CARTESIAN_POINT('',(59.739487757862,-8.15884657521,
    224.95320513305));
#12965 = DIRECTION('',(0.,-0.386710961637,0.92220097167));
#12966 = DIRECTION('',(1.,0.,0.));
#12967 = ORIENTED_EDGE('',*,*,#12504,.F.);
#12968 = ORIENTED_EDGE('',*,*,#12726,.F.);
#12969 = CYLINDRICAL_SURFACE('',#12970,12.7);
#12970 = AXIS2_PLACEMENT_3D('',#12971,#12972,#12973);
#12971 = CARTESIAN_POINT('',(59.739487757862,7.309591890263,
    188.06516626623));
#12972 = DIRECTION('',(0.,0.386710961637,-0.92220097167));
#12973 = DIRECTION('',(1.,0.,0.));
#12974 = ADVANCED_FACE('',(#12975),#13018,.T.);
#12975 = FACE_BOUND('',#12976,.T.);
#12976 = EDGE_LOOP('',(#12977,#12978,#12986,#12994,#13002,#13011,#13017)
  );
#12977 = ORIENTED_EDGE('',*,*,#12496,.F.);
#12978 = ORIENTED_EDGE('',*,*,#12979,.T.);
#12979 = EDGE_CURVE('',#12489,#12980,#12982,.T.);
#12980 = VERTEX_POINT('',#12981);
#12981 = CARTESIAN_POINT('',(45.,-33.33493310181,214.39599588037));
#12982 = LINE('',#12983,#12984);
#12983 = CARTESIAN_POINT('',(45.,3.553105765005,229.86443434584));
#12984 = VECTOR('',#12985,1.);
#12985 = DIRECTION('',(0.,-0.92220097167,-0.386710961637));
#12986 = ORIENTED_EDGE('',*,*,#12987,.T.);
#12987 = EDGE_CURVE('',#12980,#12988,#12990,.T.);
#12988 = VERTEX_POINT('',#12989);
#12989 = CARTESIAN_POINT('',(82.5,-33.33493310181,214.39599588037));
#12990 = LINE('',#12991,#12992);
#12991 = CARTESIAN_POINT('',(45.,-33.33493310181,214.39599588037));
#12992 = VECTOR('',#12993,1.);
#12993 = DIRECTION('',(1.,0.,0.));
#12994 = ORIENTED_EDGE('',*,*,#12995,.F.);
#12995 = EDGE_CURVE('',#12996,#12988,#12998,.T.);
#12996 = VERTEX_POINT('',#12997);
#12997 = CARTESIAN_POINT('',(82.5,-17.43666074041,221.06269476934));
#12998 = LINE('',#12999,#13000);
#12999 = CARTESIAN_POINT('',(82.5,-17.43666074041,221.06269476934));
#13000 = VECTOR('',#13001,1.);
#13001 = DIRECTION('',(-1.9E-15,-0.92220097167,-0.386710961637));
#13002 = ORIENTED_EDGE('',*,*,#13003,.T.);
#13003 = EDGE_CURVE('',#12996,#13004,#13006,.T.);
#13004 = VERTEX_POINT('',#13005);
#13005 = CARTESIAN_POINT('',(78.780256121069,-9.155059819713,
    224.53545824966));
#13006 = CIRCLE('',#13007,12.7);
#13007 = AXIS2_PLACEMENT_3D('',#13008,#13009,#13010);
#13008 = CARTESIAN_POINT('',(69.8,-17.43666074041,221.06269476934));
#13009 = DIRECTION('',(0.,-0.386710961637,0.92220097167));
#13010 = DIRECTION('',(1.,0.,0.));
#13011 = ORIENTED_EDGE('',*,*,#13012,.F.);
#13012 = EDGE_CURVE('',#12954,#13004,#13013,.T.);
#13013 = LINE('',#13014,#13015);
#13014 = CARTESIAN_POINT('',(68.719743878931,0.12275434549,
    228.42596861338));
#13015 = VECTOR('',#13016,1.);
#13016 = DIRECTION('',(0.707106781187,-0.652094560685,-0.273445943333));
#13017 = ORIENTED_EDGE('',*,*,#12961,.T.);
#13018 = PLANE('',#13019);
#13019 = AXIS2_PLACEMENT_3D('',#13020,#13021,#13022);
#13020 = CARTESIAN_POINT('',(1.85E-15,-72.5284743978,197.9607800108));
#13021 = DIRECTION('',(0.,-0.386710961637,0.92220097167));
#13022 = DIRECTION('',(0.,0.92220097167,0.386710961637));
#13023 = ADVANCED_FACE('',(#13024),#13049,.F.);
#13024 = FACE_BOUND('',#13025,.F.);
#13025 = EDGE_LOOP('',(#13026,#13034,#13042,#13048));
#13026 = ORIENTED_EDGE('',*,*,#13027,.T.);
#13027 = EDGE_CURVE('',#12489,#13028,#13030,.T.);
#13028 = VERTEX_POINT('',#13029);
#13029 = CARTESIAN_POINT('',(45.,67.184972810266,256.54749069878));
#13030 = LINE('',#13031,#13032);
#13031 = CARTESIAN_POINT('',(45.,3.553105765005,229.86443434584));
#13032 = VECTOR('',#13033,1.);
#13033 = DIRECTION('',(0.,0.92220097167,0.386710961637));
#13034 = ORIENTED_EDGE('',*,*,#13035,.T.);
#13035 = EDGE_CURVE('',#13028,#13036,#13038,.T.);
#13036 = VERTEX_POINT('',#13037);
#13037 = CARTESIAN_POINT('',(-45.,67.184972810266,256.54749069878));
#13038 = LINE('',#13039,#13040);
#13039 = CARTESIAN_POINT('',(45.,67.184972810266,256.54749069878));
#13040 = VECTOR('',#13041,1.);
#13041 = DIRECTION('',(-1.,0.,0.));
#13042 = ORIENTED_EDGE('',*,*,#13043,.F.);
#13043 = EDGE_CURVE('',#12481,#13036,#13044,.T.);
#13044 = LINE('',#13045,#13046);
#13045 = CARTESIAN_POINT('',(-45.,3.553105765005,229.86443434584));
#13046 = VECTOR('',#13047,1.);
#13047 = DIRECTION('',(0.,0.92220097167,0.386710961637));
#13048 = ORIENTED_EDGE('',*,*,#12488,.F.);
#13049 = PLANE('',#13050);
#13050 = AXIS2_PLACEMENT_3D('',#13051,#13052,#13053);
#13051 = CARTESIAN_POINT('',(45.,3.553105765005,229.86443434584));
#13052 = DIRECTION('',(0.,-0.386710961637,0.92220097167));
#13053 = DIRECTION('',(-1.,0.,0.));
#13054 = ADVANCED_FACE('',(#13055),#13066,.T.);
#13055 = FACE_BOUND('',#13056,.T.);
#13056 = EDGE_LOOP('',(#13057,#13063,#13064,#13065));
#13057 = ORIENTED_EDGE('',*,*,#13058,.T.);
#13058 = EDGE_CURVE('',#12617,#12535,#13059,.T.);
#13059 = LINE('',#13060,#13061);
#13060 = CARTESIAN_POINT('',(-78.78025612106,6.31337864576,
    187.64741938284));
#13061 = VECTOR('',#13062,1.);
#13062 = DIRECTION('',(0.,-0.386710961637,0.92220097167));
#13063 = ORIENTED_EDGE('',*,*,#12534,.T.);
#13064 = ORIENTED_EDGE('',*,*,#12593,.F.);
#13065 = ORIENTED_EDGE('',*,*,#12616,.F.);
#13066 = PLANE('',#13067);
#13067 = AXIS2_PLACEMENT_3D('',#13068,#13069,#13070);
#13068 = CARTESIAN_POINT('',(-78.78025612106,6.31337864576,
    187.64741938284));
#13069 = DIRECTION('',(-0.707106781187,0.652094560685,0.273445943333));
#13070 = DIRECTION('',(0.707106781187,0.652094560685,0.273445943333));
#13071 = ADVANCED_FACE('',(#13072),#13114,.T.);
#13072 = FACE_BOUND('',#13073,.T.);
#13073 = EDGE_LOOP('',(#13074,#13082,#13083,#13091,#13099,#13107));
#13074 = ORIENTED_EDGE('',*,*,#13075,.F.);
#13075 = EDGE_CURVE('',#12562,#13076,#13078,.T.);
#13076 = VERTEX_POINT('',#13077);
#13077 = CARTESIAN_POINT('',(-45.,-60.40470041639,278.9500638973));
#13078 = LINE('',#13079,#13080);
#13079 = CARTESIAN_POINT('',(-45.,-33.33493310181,214.39599588037));
#13080 = VECTOR('',#13081,1.);
#13081 = DIRECTION('',(0.,-0.386710961637,0.92220097167));
#13082 = ORIENTED_EDGE('',*,*,#12561,.F.);
#13083 = ORIENTED_EDGE('',*,*,#13084,.F.);
#13084 = EDGE_CURVE('',#13085,#12554,#13087,.T.);
#13085 = VERTEX_POINT('',#13086);
#13086 = CARTESIAN_POINT('',(-90.,-33.33493310181,214.39599588037));
#13087 = LINE('',#13088,#13089);
#13088 = CARTESIAN_POINT('',(-90.,-33.33493310181,214.39599588037));
#13089 = VECTOR('',#13090,1.);
#13090 = DIRECTION('',(1.,0.,0.));
#13091 = ORIENTED_EDGE('',*,*,#13092,.T.);
#13092 = EDGE_CURVE('',#13085,#13093,#13095,.T.);
#13093 = VERTEX_POINT('',#13094);
#13094 = CARTESIAN_POINT('',(-90.,-64.27181003275,288.172073614));
#13095 = LINE('',#13096,#13097);
#13096 = CARTESIAN_POINT('',(-90.,-33.33493310181,214.39599588037));
#13097 = VECTOR('',#13098,1.);
#13098 = DIRECTION('',(0.,-0.386710961637,0.92220097167));
#13099 = ORIENTED_EDGE('',*,*,#13100,.T.);
#13100 = EDGE_CURVE('',#13093,#13101,#13103,.T.);
#13101 = VERTEX_POINT('',#13102);
#13102 = CARTESIAN_POINT('',(-35.,-64.27181003275,288.172073614));
#13103 = LINE('',#13104,#13105);
#13104 = CARTESIAN_POINT('',(-90.,-64.27181003275,288.172073614));
#13105 = VECTOR('',#13106,1.);
#13106 = DIRECTION('',(1.,0.,0.));
#13107 = ORIENTED_EDGE('',*,*,#13108,.F.);
#13108 = EDGE_CURVE('',#13076,#13101,#13109,.T.);
#13109 = CIRCLE('',#13110,10.);
#13110 = AXIS2_PLACEMENT_3D('',#13111,#13112,#13113);
#13111 = CARTESIAN_POINT('',(-35.,-60.40470041639,278.9500638973));
#13112 = DIRECTION('',(-0.,0.92220097167,0.386710961637));
#13113 = DIRECTION('',(0.,-0.386710961637,0.92220097167));
#13114 = PLANE('',#13115);
#13115 = AXIS2_PLACEMENT_3D('',#13116,#13117,#13118);
#13116 = CARTESIAN_POINT('',(-90.,-33.33493310181,214.39599588037));
#13117 = DIRECTION('',(0.,0.92220097167,0.386710961637));
#13118 = DIRECTION('',(1.,0.,0.));
#13119 = ADVANCED_FACE('',(#13120),#13152,.F.);
#13120 = FACE_BOUND('',#13121,.F.);
#13121 = EDGE_LOOP('',(#13122,#13128,#13129,#13137,#13145,#13151));
#13122 = ORIENTED_EDGE('',*,*,#13123,.T.);
#13123 = EDGE_CURVE('',#12625,#12545,#13124,.T.);
#13124 = LINE('',#13125,#13126);
#13125 = CARTESIAN_POINT('',(-82.5,-1.96822227494,184.17465590252));
#13126 = VECTOR('',#13127,1.);
#13127 = DIRECTION('',(0.,-0.386710961637,0.92220097167));
#13128 = ORIENTED_EDGE('',*,*,#12553,.T.);
#13129 = ORIENTED_EDGE('',*,*,#13130,.T.);
#13130 = EDGE_CURVE('',#12554,#13131,#13133,.T.);
#13131 = VERTEX_POINT('',#13132);
#13132 = CARTESIAN_POINT('',(-82.5,-111.7220156938,181.52556414124));
#13133 = LINE('',#13134,#13135);
#13134 = CARTESIAN_POINT('',(-82.5,-17.43666074041,221.06269476934));
#13135 = VECTOR('',#13136,1.);
#13136 = DIRECTION('',(2.02E-15,-0.92220097167,-0.386710961637));
#13137 = ORIENTED_EDGE('',*,*,#13138,.T.);
#13138 = EDGE_CURVE('',#13131,#13139,#13141,.T.);
#13139 = VERTEX_POINT('',#13140);
#13140 = CARTESIAN_POINT('',(-82.5,-127.6202880552,174.85886525227));
#13141 = LINE('',#13142,#13143);
#13142 = CARTESIAN_POINT('',(-82.5,-17.43666074041,221.06269476934));
#13143 = VECTOR('',#13144,1.);
#13144 = DIRECTION('',(2.02E-15,-0.92220097167,-0.386710961637));
#13145 = ORIENTED_EDGE('',*,*,#13146,.F.);
#13146 = EDGE_CURVE('',#12634,#13139,#13147,.T.);
#13147 = LINE('',#13148,#13149);
#13148 = CARTESIAN_POINT('',(-82.5,-112.1518495897,137.97082638545));
#13149 = VECTOR('',#13150,1.);
#13150 = DIRECTION('',(0.,-0.386710961637,0.92220097167));
#13151 = ORIENTED_EDGE('',*,*,#12633,.F.);
#13152 = PLANE('',#13153);
#13153 = AXIS2_PLACEMENT_3D('',#13154,#13155,#13156);
#13154 = CARTESIAN_POINT('',(-82.5,-1.96822227494,184.17465590252));
#13155 = DIRECTION('',(1.,1.86E-15,7.8E-16));
#13156 = DIRECTION('',(2.016928357384E-15,-0.92220097167,-0.386710961637
    ));
#13157 = ADVANCED_FACE('',(#13158),#13164,.T.);
#13158 = FACE_BOUND('',#13159,.F.);
#13159 = EDGE_LOOP('',(#13160,#13161,#13162,#13163));
#13160 = ORIENTED_EDGE('',*,*,#13058,.T.);
#13161 = ORIENTED_EDGE('',*,*,#12544,.T.);
#13162 = ORIENTED_EDGE('',*,*,#13123,.F.);
#13163 = ORIENTED_EDGE('',*,*,#12624,.F.);
#13164 = CYLINDRICAL_SURFACE('',#13165,12.7);
#13165 = AXIS2_PLACEMENT_3D('',#13166,#13167,#13168);
#13166 = CARTESIAN_POINT('',(-69.8,-1.96822227494,184.17465590252));
#13167 = DIRECTION('',(0.,0.386710961637,-0.92220097167));
#13168 = DIRECTION('',(1.,0.,0.));
#13169 = ADVANCED_FACE('',(#13170),#13189,.T.);
#13170 = FACE_BOUND('',#13171,.F.);
#13171 = EDGE_LOOP('',(#13172,#13173,#13182,#13188));
#13172 = ORIENTED_EDGE('',*,*,#13146,.T.);
#13173 = ORIENTED_EDGE('',*,*,#13174,.T.);
#13174 = EDGE_CURVE('',#13139,#13175,#13177,.T.);
#13175 = VERTEX_POINT('',#13176);
#13176 = CARTESIAN_POINT('',(-78.78025612106,-135.9018889759,
    171.38610177194));
#13177 = CIRCLE('',#13178,12.7);
#13178 = AXIS2_PLACEMENT_3D('',#13179,#13180,#13181);
#13179 = CARTESIAN_POINT('',(-69.8,-127.6202880552,174.85886525227));
#13180 = DIRECTION('',(0.,-0.386710961637,0.92220097167));
#13181 = DIRECTION('',(1.,0.,0.));
#13182 = ORIENTED_EDGE('',*,*,#13183,.F.);
#13183 = EDGE_CURVE('',#12642,#13175,#13184,.T.);
#13184 = LINE('',#13185,#13186);
#13185 = CARTESIAN_POINT('',(-78.78025612106,-120.4334505104,
    134.49806290513));
#13186 = VECTOR('',#13187,1.);
#13187 = DIRECTION('',(0.,-0.386710961637,0.92220097167));
#13188 = ORIENTED_EDGE('',*,*,#12641,.F.);
#13189 = CYLINDRICAL_SURFACE('',#13190,12.7);
#13190 = AXIS2_PLACEMENT_3D('',#13191,#13192,#13193);
#13191 = CARTESIAN_POINT('',(-69.8,-112.1518495897,137.97082638545));
#13192 = DIRECTION('',(0.,0.386710961637,-0.92220097167));
#13193 = DIRECTION('',(1.,0.,0.));
#13194 = ADVANCED_FACE('',(#13195),#13213,.T.);
#13195 = FACE_BOUND('',#13196,.T.);
#13196 = EDGE_LOOP('',(#13197,#13205,#13211,#13212));
#13197 = ORIENTED_EDGE('',*,*,#13198,.T.);
#13198 = EDGE_CURVE('',#12651,#13199,#13201,.T.);
#13199 = VERTEX_POINT('',#13200);
#13200 = CARTESIAN_POINT('',(-68.71974387893,-145.1797031411,
    167.49559140823));
#13201 = LINE('',#13202,#13203);
#13202 = CARTESIAN_POINT('',(-68.71974387893,-129.7112646756,
    130.60755254141));
#13203 = VECTOR('',#13204,1.);
#13204 = DIRECTION('',(0.,-0.386710961637,0.92220097167));
#13205 = ORIENTED_EDGE('',*,*,#13206,.T.);
#13206 = EDGE_CURVE('',#13199,#13175,#13207,.T.);
#13207 = LINE('',#13208,#13209);
#13208 = CARTESIAN_POINT('',(-68.71974387893,-145.1797031411,
    167.49559140823));
#13209 = VECTOR('',#13210,1.);
#13210 = DIRECTION('',(-0.707106781187,0.652094560685,0.273445943333));
#13211 = ORIENTED_EDGE('',*,*,#13183,.F.);
#13212 = ORIENTED_EDGE('',*,*,#12650,.F.);
#13213 = PLANE('',#13214);
#13214 = AXIS2_PLACEMENT_3D('',#13215,#13216,#13217);
#13215 = CARTESIAN_POINT('',(-68.71974387893,-129.7112646756,
    130.60755254141));
#13216 = DIRECTION('',(-0.707106781187,-0.652094560685,-0.273445943333)
  );
#13217 = DIRECTION('',(-0.707106781187,0.652094560685,0.273445943333));
#13218 = ADVANCED_FACE('',(#13219),#13230,.T.);
#13219 = FACE_BOUND('',#13220,.T.);
#13220 = EDGE_LOOP('',(#13221,#13222,#13223,#13229));
#13221 = ORIENTED_EDGE('',*,*,#12953,.T.);
#13222 = ORIENTED_EDGE('',*,*,#13012,.T.);
#13223 = ORIENTED_EDGE('',*,*,#13224,.F.);
#13224 = EDGE_CURVE('',#12710,#13004,#13225,.T.);
#13225 = LINE('',#13226,#13227);
#13226 = CARTESIAN_POINT('',(78.780256121069,6.31337864576,
    187.64741938284));
#13227 = VECTOR('',#13228,1.);
#13228 = DIRECTION('',(0.,-0.386710961637,0.92220097167));
#13229 = ORIENTED_EDGE('',*,*,#12718,.F.);
#13230 = PLANE('',#13231);
#13231 = AXIS2_PLACEMENT_3D('',#13232,#13233,#13234);
#13232 = CARTESIAN_POINT('',(68.719743878931,15.591192810962,
    191.53792974656));
#13233 = DIRECTION('',(0.707106781187,0.652094560685,0.273445943333));
#13234 = DIRECTION('',(0.707106781187,-0.652094560685,-0.273445943333));
#13235 = ADVANCED_FACE('',(#13236),#13255,.T.);
#13236 = FACE_BOUND('',#13237,.F.);
#13237 = EDGE_LOOP('',(#13238,#13239,#13248,#13254));
#13238 = ORIENTED_EDGE('',*,*,#13198,.T.);
#13239 = ORIENTED_EDGE('',*,*,#13240,.T.);
#13240 = EDGE_CURVE('',#13199,#13241,#13243,.T.);
#13241 = VERTEX_POINT('',#13242);
#13242 = CARTESIAN_POINT('',(-59.73948775786,-148.6100545606,
    166.05712567576));
#13243 = CIRCLE('',#13244,12.7);
#13244 = AXIS2_PLACEMENT_3D('',#13245,#13246,#13247);
#13245 = CARTESIAN_POINT('',(-59.73948775786,-136.8981022204,
    170.96835488855));
#13246 = DIRECTION('',(0.,-0.386710961637,0.92220097167));
#13247 = DIRECTION('',(1.,0.,0.));
#13248 = ORIENTED_EDGE('',*,*,#13249,.F.);
#13249 = EDGE_CURVE('',#12659,#13241,#13250,.T.);
#13250 = LINE('',#13251,#13252);
#13251 = CARTESIAN_POINT('',(-59.73948775786,-133.1416160951,
    129.16908680895));
#13252 = VECTOR('',#13253,1.);
#13253 = DIRECTION('',(0.,-0.386710961637,0.92220097167));
#13254 = ORIENTED_EDGE('',*,*,#12658,.F.);
#13255 = CYLINDRICAL_SURFACE('',#13256,12.7);
#13256 = AXIS2_PLACEMENT_3D('',#13257,#13258,#13259);
#13257 = CARTESIAN_POINT('',(-59.73948775786,-121.4296637549,
    134.08031602173));
#13258 = DIRECTION('',(0.,0.386710961637,-0.92220097167));
#13259 = DIRECTION('',(1.,0.,0.));
#13260 = ADVANCED_FACE('',(#13261),#13272,.T.);
#13261 = FACE_BOUND('',#13262,.F.);
#13262 = EDGE_LOOP('',(#13263,#13269,#13270,#13271));
#13263 = ORIENTED_EDGE('',*,*,#13264,.T.);
#13264 = EDGE_CURVE('',#12702,#12996,#13265,.T.);
#13265 = LINE('',#13266,#13267);
#13266 = CARTESIAN_POINT('',(82.5,-1.96822227494,184.17465590252));
#13267 = VECTOR('',#13268,1.);
#13268 = DIRECTION('',(0.,-0.386710961637,0.92220097167));
#13269 = ORIENTED_EDGE('',*,*,#13003,.T.);
#13270 = ORIENTED_EDGE('',*,*,#13224,.F.);
#13271 = ORIENTED_EDGE('',*,*,#12709,.F.);
#13272 = CYLINDRICAL_SURFACE('',#13273,12.7);
#13273 = AXIS2_PLACEMENT_3D('',#13274,#13275,#13276);
#13274 = CARTESIAN_POINT('',(69.8,-1.96822227494,184.17465590252));
#13275 = DIRECTION('',(0.,0.386710961637,-0.92220097167));
#13276 = DIRECTION('',(1.,0.,0.));
#13277 = ADVANCED_FACE('',(#13278),#13346,.T.);
#13278 = FACE_BOUND('',#13279,.T.);
#13279 = EDGE_LOOP('',(#13280,#13290,#13299,#13307,#13313,#13314,#13315,
    #13323,#13331,#13339));
#13280 = ORIENTED_EDGE('',*,*,#13281,.F.);
#13281 = EDGE_CURVE('',#13282,#13284,#13286,.T.);
#13282 = VERTEX_POINT('',#13283);
#13283 = CARTESIAN_POINT('',(-35.,-148.6100545606,166.05712567576));
#13284 = VERTEX_POINT('',#13285);
#13285 = CARTESIAN_POINT('',(35.,-148.6100545606,166.05712567576));
#13286 = LINE('',#13287,#13288);
#13287 = CARTESIAN_POINT('',(-45.,-148.6100545606,166.05712567576));
#13288 = VECTOR('',#13289,1.);
#13289 = DIRECTION('',(1.,0.,0.));
#13290 = ORIENTED_EDGE('',*,*,#13291,.T.);
#13291 = EDGE_CURVE('',#13282,#13292,#13294,.T.);
#13292 = VERTEX_POINT('',#13293);
#13293 = CARTESIAN_POINT('',(-45.,-152.4771641769,175.27913539247));
#13294 = CIRCLE('',#13295,10.);
#13295 = AXIS2_PLACEMENT_3D('',#13296,#13297,#13298);
#13296 = CARTESIAN_POINT('',(-35.,-152.4771641769,175.27913539247));
#13297 = DIRECTION('',(0.,0.92220097167,0.386710961637));
#13298 = DIRECTION('',(0.,0.386710961637,-0.92220097167));
#13299 = ORIENTED_EDGE('',*,*,#13300,.F.);
#13300 = EDGE_CURVE('',#13301,#13292,#13303,.T.);
#13301 = VERTEX_POINT('',#13302);
#13302 = CARTESIAN_POINT('',(-45.,-148.6100545606,166.05712567576));
#13303 = LINE('',#13304,#13305);
#13304 = CARTESIAN_POINT('',(-45.,-159.2593296484,191.45276429945));
#13305 = VECTOR('',#13306,1.);
#13306 = DIRECTION('',(0.,-0.386710961637,0.92220097167));
#13307 = ORIENTED_EDGE('',*,*,#13308,.T.);
#13308 = EDGE_CURVE('',#13301,#13241,#13309,.T.);
#13309 = LINE('',#13310,#13311);
#13310 = CARTESIAN_POINT('',(59.739487757861,-148.6100545606,
    166.05712567576));
#13311 = VECTOR('',#13312,1.);
#13312 = DIRECTION('',(-1.,-1.106641166005E-16,-4.640531539642E-17));
#13313 = ORIENTED_EDGE('',*,*,#13249,.F.);
#13314 = ORIENTED_EDGE('',*,*,#12667,.F.);
#13315 = ORIENTED_EDGE('',*,*,#13316,.T.);
#13316 = EDGE_CURVE('',#12668,#13317,#13319,.T.);
#13317 = VERTEX_POINT('',#13318);
#13318 = CARTESIAN_POINT('',(59.739487757861,-148.6100545606,
    166.05712567576));
#13319 = LINE('',#13320,#13321);
#13320 = CARTESIAN_POINT('',(59.739487757861,-133.1416160951,
    129.16908680895));
#13321 = VECTOR('',#13322,1.);
#13322 = DIRECTION('',(0.,-0.386710961637,0.92220097167));
#13323 = ORIENTED_EDGE('',*,*,#13324,.T.);
#13324 = EDGE_CURVE('',#13317,#13325,#13327,.T.);
#13325 = VERTEX_POINT('',#13326);
#13326 = CARTESIAN_POINT('',(45.,-148.6100545606,166.05712567576));
#13327 = LINE('',#13328,#13329);
#13328 = CARTESIAN_POINT('',(59.739487757861,-148.6100545606,
    166.05712567576));
#13329 = VECTOR('',#13330,1.);
#13330 = DIRECTION('',(-1.,-1.106641166005E-16,-4.640531539642E-17));
#13331 = ORIENTED_EDGE('',*,*,#13332,.T.);
#13332 = EDGE_CURVE('',#13325,#13333,#13335,.T.);
#13333 = VERTEX_POINT('',#13334);
#13334 = CARTESIAN_POINT('',(45.,-152.4771641769,175.27913539247));
#13335 = LINE('',#13336,#13337);
#13336 = CARTESIAN_POINT('',(45.,-159.2593296484,191.45276429945));
#13337 = VECTOR('',#13338,1.);
#13338 = DIRECTION('',(0.,-0.386710961637,0.92220097167));
#13339 = ORIENTED_EDGE('',*,*,#13340,.F.);
#13340 = EDGE_CURVE('',#13284,#13333,#13341,.T.);
#13341 = CIRCLE('',#13342,10.);
#13342 = AXIS2_PLACEMENT_3D('',#13343,#13344,#13345);
#13343 = CARTESIAN_POINT('',(35.,-152.4771641769,175.27913539247));
#13344 = DIRECTION('',(0.,-0.92220097167,-0.386710961637));
#13345 = DIRECTION('',(0.,0.386710961637,-0.92220097167));
#13346 = PLANE('',#13347);
#13347 = AXIS2_PLACEMENT_3D('',#13348,#13349,#13350);
#13348 = CARTESIAN_POINT('',(9.49E-15,-154.4401662707,179.96036405632));
#13349 = DIRECTION('',(-0.,-0.92220097167,-0.386710961637));
#13350 = DIRECTION('',(0.,0.386710961637,-0.92220097167));
#13351 = ADVANCED_FACE('',(#13352),#13379,.T.);
#13352 = FACE_BOUND('',#13353,.T.);
#13353 = EDGE_LOOP('',(#13354,#13355,#13356,#13364,#13372,#13378));
#13354 = ORIENTED_EDGE('',*,*,#13264,.T.);
#13355 = ORIENTED_EDGE('',*,*,#12995,.T.);
#13356 = ORIENTED_EDGE('',*,*,#13357,.T.);
#13357 = EDGE_CURVE('',#12988,#13358,#13360,.T.);
#13358 = VERTEX_POINT('',#13359);
#13359 = CARTESIAN_POINT('',(82.5,-111.7220156938,181.52556414124));
#13360 = LINE('',#13361,#13362);
#13361 = CARTESIAN_POINT('',(82.5,-17.43666074041,221.06269476934));
#13362 = VECTOR('',#13363,1.);
#13363 = DIRECTION('',(-1.9E-15,-0.92220097167,-0.386710961637));
#13364 = ORIENTED_EDGE('',*,*,#13365,.T.);
#13365 = EDGE_CURVE('',#13358,#13366,#13368,.T.);
#13366 = VERTEX_POINT('',#13367);
#13367 = CARTESIAN_POINT('',(82.5,-127.6202880552,174.85886525227));
#13368 = LINE('',#13369,#13370);
#13369 = CARTESIAN_POINT('',(82.5,-17.43666074041,221.06269476934));
#13370 = VECTOR('',#13371,1.);
#13371 = DIRECTION('',(-1.9E-15,-0.92220097167,-0.386710961637));
#13372 = ORIENTED_EDGE('',*,*,#13373,.F.);
#13373 = EDGE_CURVE('',#12693,#13366,#13374,.T.);
#13374 = LINE('',#13375,#13376);
#13375 = CARTESIAN_POINT('',(82.5,-112.1518495897,137.97082638545));
#13376 = VECTOR('',#13377,1.);
#13377 = DIRECTION('',(0.,-0.386710961637,0.92220097167));
#13378 = ORIENTED_EDGE('',*,*,#12701,.F.);
#13379 = PLANE('',#13380);
#13380 = AXIS2_PLACEMENT_3D('',#13381,#13382,#13383);
#13381 = CARTESIAN_POINT('',(82.5,-1.96822227494,184.17465590252));
#13382 = DIRECTION('',(1.,-1.75E-15,-7.4E-16));
#13383 = DIRECTION('',(-1.900017812035E-15,-0.92220097167,
    -0.386710961637));
#13384 = ADVANCED_FACE('',(#13385),#13404,.T.);
#13385 = FACE_BOUND('',#13386,.F.);
#13386 = EDGE_LOOP('',(#13387,#13388,#13397,#13403));
#13387 = ORIENTED_EDGE('',*,*,#13316,.T.);
#13388 = ORIENTED_EDGE('',*,*,#13389,.T.);
#13389 = EDGE_CURVE('',#13317,#13390,#13392,.T.);
#13390 = VERTEX_POINT('',#13391);
#13391 = CARTESIAN_POINT('',(68.719743878931,-145.1797031411,
    167.49559140823));
#13392 = CIRCLE('',#13393,12.7);
#13393 = AXIS2_PLACEMENT_3D('',#13394,#13395,#13396);
#13394 = CARTESIAN_POINT('',(59.739487757861,-136.8981022204,
    170.96835488855));
#13395 = DIRECTION('',(0.,-0.386710961637,0.92220097167));
#13396 = DIRECTION('',(1.,0.,0.));
#13397 = ORIENTED_EDGE('',*,*,#13398,.F.);
#13398 = EDGE_CURVE('',#12676,#13390,#13399,.T.);
#13399 = LINE('',#13400,#13401);
#13400 = CARTESIAN_POINT('',(68.719743878931,-129.7112646756,
    130.60755254141));
#13401 = VECTOR('',#13402,1.);
#13402 = DIRECTION('',(0.,-0.386710961637,0.92220097167));
#13403 = ORIENTED_EDGE('',*,*,#12675,.F.);
#13404 = CYLINDRICAL_SURFACE('',#13405,12.7);
#13405 = AXIS2_PLACEMENT_3D('',#13406,#13407,#13408);
#13406 = CARTESIAN_POINT('',(59.739487757861,-121.4296637549,
    134.08031602173));
#13407 = DIRECTION('',(0.,0.386710961637,-0.92220097167));
#13408 = DIRECTION('',(1.,0.,0.));
#13409 = ADVANCED_FACE('',(#13410),#13429,.T.);
#13410 = FACE_BOUND('',#13411,.F.);
#13411 = EDGE_LOOP('',(#13412,#13420,#13427,#13428));
#13412 = ORIENTED_EDGE('',*,*,#13413,.T.);
#13413 = EDGE_CURVE('',#12685,#13414,#13416,.T.);
#13414 = VERTEX_POINT('',#13415);
#13415 = CARTESIAN_POINT('',(78.780256121069,-135.9018889759,
    171.38610177194));
#13416 = LINE('',#13417,#13418);
#13417 = CARTESIAN_POINT('',(78.780256121069,-120.4334505104,
    134.49806290513));
#13418 = VECTOR('',#13419,1.);
#13419 = DIRECTION('',(0.,-0.386710961637,0.92220097167));
#13420 = ORIENTED_EDGE('',*,*,#13421,.T.);
#13421 = EDGE_CURVE('',#13414,#13366,#13422,.T.);
#13422 = CIRCLE('',#13423,12.7);
#13423 = AXIS2_PLACEMENT_3D('',#13424,#13425,#13426);
#13424 = CARTESIAN_POINT('',(69.8,-127.6202880552,174.85886525227));
#13425 = DIRECTION('',(0.,-0.386710961637,0.92220097167));
#13426 = DIRECTION('',(1.,0.,0.));
#13427 = ORIENTED_EDGE('',*,*,#13373,.F.);
#13428 = ORIENTED_EDGE('',*,*,#12692,.F.);
#13429 = CYLINDRICAL_SURFACE('',#13430,12.7);
#13430 = AXIS2_PLACEMENT_3D('',#13431,#13432,#13433);
#13431 = CARTESIAN_POINT('',(69.8,-112.1518495897,137.97082638545));
#13432 = DIRECTION('',(0.,0.386710961637,-0.92220097167));
#13433 = DIRECTION('',(1.,0.,0.));
#13434 = ADVANCED_FACE('',(#13435),#13446,.T.);
#13435 = FACE_BOUND('',#13436,.T.);
#13436 = EDGE_LOOP('',(#13437,#13438,#13444,#13445));
#13437 = ORIENTED_EDGE('',*,*,#13413,.T.);
#13438 = ORIENTED_EDGE('',*,*,#13439,.T.);
#13439 = EDGE_CURVE('',#13414,#13390,#13440,.T.);
#13440 = LINE('',#13441,#13442);
#13441 = CARTESIAN_POINT('',(78.780256121069,-135.9018889759,
    171.38610177194));
#13442 = VECTOR('',#13443,1.);
#13443 = DIRECTION('',(-0.707106781187,-0.652094560685,-0.273445943333)
  );
#13444 = ORIENTED_EDGE('',*,*,#13398,.F.);
#13445 = ORIENTED_EDGE('',*,*,#12684,.F.);
#13446 = PLANE('',#13447);
#13447 = AXIS2_PLACEMENT_3D('',#13448,#13449,#13450);
#13448 = CARTESIAN_POINT('',(78.780256121069,-120.4334505104,
    134.49806290513));
#13449 = DIRECTION('',(0.707106781187,-0.652094560685,-0.273445943333));
#13450 = DIRECTION('',(-0.707106781187,-0.652094560685,-0.273445943333)
  );
#13451 = ADVANCED_FACE('',(#13452),#13491,.F.);
#13452 = FACE_BOUND('',#13453,.F.);
#13453 = EDGE_LOOP('',(#13454,#13466,#13479,#13490));
#13454 = ORIENTED_EDGE('',*,*,#13455,.F.);
#13455 = EDGE_CURVE('',#13456,#12738,#13458,.T.);
#13456 = VERTEX_POINT('',#13457);
#13457 = CARTESIAN_POINT('',(-77.5,-39.64466094067,25.));
#13458 = B_SPLINE_CURVE_WITH_KNOTS('',6,(#13459,#13460,#13461,#13462,
    #13463,#13464,#13465),.UNSPECIFIED.,.F.,.F.,(7,7),(0.220488966476,
    0.573635843182),.PIECEWISE_BEZIER_KNOTS.);
#13459 = CARTESIAN_POINT('',(-77.5,-39.64466094067,25.));
#13460 = CARTESIAN_POINT('',(-77.5,-45.0447835863,46.498344682868));
#13461 = CARTESIAN_POINT('',(-77.49999999999,-51.94283299326,
    67.615732017175));
#13462 = CARTESIAN_POINT('',(-77.5,-60.30521589055,88.221724850138));
#13463 = CARTESIAN_POINT('',(-77.49999999999,-70.0831941837,
    108.18982864971));
#13464 = CARTESIAN_POINT('',(-77.5,-81.21359513402,127.4001601998));
#13465 = CARTESIAN_POINT('',(-77.5,-93.62038077336,145.74171618785));
#13466 = ORIENTED_EDGE('',*,*,#13467,.T.);
#13467 = EDGE_CURVE('',#13456,#13468,#13470,.T.);
#13468 = VERTEX_POINT('',#13469);
#13469 = CARTESIAN_POINT('',(-77.5,39.644660940673,25.));
#13470 = B_SPLINE_CURVE_WITH_KNOTS('',7,(#13471,#13472,#13473,#13474,
    #13475,#13476,#13477,#13478),.UNSPECIFIED.,.F.,.F.,(8,8),(14.,15.),
  .PIECEWISE_BEZIER_KNOTS.);
#13471 = CARTESIAN_POINT('',(-77.5,-39.64466094067,25.));
#13472 = CARTESIAN_POINT('',(-77.5,-28.31761495762,25.));
#13473 = CARTESIAN_POINT('',(-77.5,-16.99056897457,25.));
#13474 = CARTESIAN_POINT('',(-77.5,-5.663522991525,25.));
#13475 = CARTESIAN_POINT('',(-77.5,5.663522991525,25.));
#13476 = CARTESIAN_POINT('',(-77.5,16.990568974574,25.));
#13477 = CARTESIAN_POINT('',(-77.5,28.317614957623,25.));
#13478 = CARTESIAN_POINT('',(-77.5,39.644660940673,25.));
#13479 = ORIENTED_EDGE('',*,*,#13480,.T.);
#13480 = EDGE_CURVE('',#13468,#12740,#13481,.T.);
#13481 = B_SPLINE_CURVE_WITH_KNOTS('',7,(#13482,#13483,#13484,#13485,
    #13486,#13487,#13488,#13489),.UNSPECIFIED.,.F.,.F.,(8,8),(
    0.220488966476,0.573635843182),.PIECEWISE_BEZIER_KNOTS.);
#13482 = CARTESIAN_POINT('',(-77.5,39.644660940673,25.));
#13483 = CARTESIAN_POINT('',(-77.5,35.005063621585,47.924536828941));
#13484 = CARTESIAN_POINT('',(-77.5,29.001543995303,70.575675721291));
#13485 = CARTESIAN_POINT('',(-77.49999999999,21.653434705302,
    92.856050098126));
#13486 = CARTESIAN_POINT('',(-77.5,12.988755688617,114.67000214999));
#13487 = CARTESIAN_POINT('',(-77.49999999999,3.044013416125,
    135.92461644307));
#13488 = CARTESIAN_POINT('',(-77.5,-8.136186755459,156.53071709682));
#13489 = CARTESIAN_POINT('',(-77.5,-20.4996910913,176.40376610012));
#13490 = ORIENTED_EDGE('',*,*,#12737,.F.);
#13491 = PLANE('',#13492);
#13492 = AXIS2_PLACEMENT_3D('',#13493,#13494,#13495);
#13493 = CARTESIAN_POINT('',(-77.5,-24.91840462185,94.550845737758));
#13494 = DIRECTION('',(1.,-1.6E-16,-2.1E-16));
#13495 = DIRECTION('',(2.376840707402E-16,0.891855887962,0.452319660316)
  );
#13496 = ADVANCED_FACE('',(#13497),#13524,.F.);
#13497 = FACE_BOUND('',#13498,.F.);
#13498 = EDGE_LOOP('',(#13499,#13511,#13522,#13523));
#13499 = ORIENTED_EDGE('',*,*,#13500,.F.);
#13500 = EDGE_CURVE('',#13501,#12922,#13503,.T.);
#13501 = VERTEX_POINT('',#13502);
#13502 = CARTESIAN_POINT('',(-70.17766952966,-57.32233047033,25.));
#13503 = B_SPLINE_CURVE_WITH_KNOTS('',6,(#13504,#13505,#13506,#13507,
    #13508,#13509,#13510),.UNSPECIFIED.,.F.,.F.,(7,7),(0.220488966476,
    0.573635843182),.PIECEWISE_BEZIER_KNOTS.);
#13504 = CARTESIAN_POINT('',(-70.17766952966,-57.32233047033,25.));
#13505 = CARTESIAN_POINT('',(-70.17766952966,-62.71961251529,
    45.328529938499));
#13506 = CARTESIAN_POINT('',(-70.17766952966,-69.52306242521,
    65.276503788139));
#13507 = CARTESIAN_POINT('',(-70.17766952966,-77.69914004828,
    84.72239193084));
#13508 = CARTESIAN_POINT('',(-70.17766952966,-87.20030404597,
    103.54859976606));
#13509 = CARTESIAN_POINT('',(-70.17766952966,-97.96571973117,
    121.64391440184));
#13510 = CARTESIAN_POINT('',(-70.17766952966,-109.9227447904,
    138.90556760454));
#13511 = ORIENTED_EDGE('',*,*,#13512,.T.);
#13512 = EDGE_CURVE('',#13501,#13456,#13513,.T.);
#13513 = B_SPLINE_CURVE_WITH_KNOTS('',7,(#13514,#13515,#13516,#13517,
    #13518,#13519,#13520,#13521),.UNSPECIFIED.,.F.,.F.,(8,8),(13.,14.),
  .PIECEWISE_BEZIER_KNOTS.);
#13514 = CARTESIAN_POINT('',(-70.17766952966,-57.32233047033,25.));
#13515 = CARTESIAN_POINT('',(-72.16109941276,-55.33890058723,25.));
#13516 = CARTESIAN_POINT('',(-73.88489878236,-53.09584027195,25.));
#13517 = CARTESIAN_POINT('',(-75.3082860991,-50.63393268035,25.));
#13518 = CARTESIAN_POINT('',(-76.39848233536,-48.00196614115,25.));
#13519 = CARTESIAN_POINT('',(-77.13282706409,-45.25464776456,25.));
#13520 = CARTESIAN_POINT('',(-77.5,-42.44965438137,25.));
#13521 = CARTESIAN_POINT('',(-77.5,-39.64466094067,25.));
#13522 = ORIENTED_EDGE('',*,*,#13455,.T.);
#13523 = ORIENTED_EDGE('',*,*,#12934,.F.);
#13524 = B_SPLINE_SURFACE_WITH_KNOTS('',7,6,(
    (#13525,#13526,#13527,#13528,#13529,#13530,#13531)
    ,(#13532,#13533,#13534,#13535,#13536,#13537,#13538)
    ,(#13539,#13540,#13541,#13542,#13543,#13544,#13545)
    ,(#13546,#13547,#13548,#13549,#13550,#13551,#13552)
    ,(#13553,#13554,#13555,#13556,#13557,#13558,#13559)
    ,(#13560,#13561,#13562,#13563,#13564,#13565,#13566)
    ,(#13567,#13568,#13569,#13570,#13571,#13572,#13573)
    ,(#13574,#13575,#13576,#13577,#13578,#13579,#13580
  )),.UNSPECIFIED.,.F.,.F.,.F.,(8,8),(7,7),(13.,14.),(0.220488966476,
    0.573635843182),.PIECEWISE_BEZIER_KNOTS.);
#13525 = CARTESIAN_POINT('',(-70.17766952966,-57.32233047033,25.));
#13526 = CARTESIAN_POINT('',(-70.17766952966,-62.71961251529,
    45.328529938499));
#13527 = CARTESIAN_POINT('',(-70.17766952966,-69.52306242521,
    65.276503788139));
#13528 = CARTESIAN_POINT('',(-70.17766952966,-77.69914004828,
    84.72239193084));
#13529 = CARTESIAN_POINT('',(-70.17766952966,-87.20030404597,
    103.54859976606));
#13530 = CARTESIAN_POINT('',(-70.17766952966,-97.96571973117,
    121.64391440184));
#13531 = CARTESIAN_POINT('',(-70.17766952966,-109.9227447904,
    138.90556760454));
#13532 = CARTESIAN_POINT('',(-72.16109941276,-55.33890058723,25.));
#13533 = CARTESIAN_POINT('',(-72.16109941277,-60.73650134683,
    45.459782845891));
#13534 = CARTESIAN_POINT('',(-72.16109941276,-67.55056529551,
    65.538964581689));
#13535 = CARTESIAN_POINT('',(-72.16109941277,-75.74754632146,
    85.115016166259));
#13536 = CARTESIAN_POINT('',(-72.16109941276,-85.27976881047,
    104.06934442907));
#13537 = CARTESIAN_POINT('',(-72.16109941277,-96.08613574666,
    122.28976367009));
#13538 = CARTESIAN_POINT('',(-72.16109941277,-108.093623825,
    139.67258168197));
#13539 = CARTESIAN_POINT('',(-73.88489878236,-53.09584027195,25.));
#13540 = CARTESIAN_POINT('',(-73.88489878236,-58.49380146587,
    45.608216723157));
#13541 = CARTESIAN_POINT('',(-73.88489878236,-65.31986882807,
    65.835781421722));
#13542 = CARTESIAN_POINT('',(-73.88489878236,-73.54048950666,
    85.559034807293));
#13543 = CARTESIAN_POINT('',(-73.88489878236,-83.10783603506,
    104.65825442683));
#13544 = CARTESIAN_POINT('',(-73.88489878236,-93.96051472985,
    123.02015443188));
#13545 = CARTESIAN_POINT('',(-73.88489878236,-106.0250714227,
    140.5399976935));
#13546 = CARTESIAN_POINT('',(-75.3082860991,-50.63393268035,25.));
#13547 = CARTESIAN_POINT('',(-75.3082860991,-56.03228947486,
    45.771132756579));
#13548 = CARTESIAN_POINT('',(-75.3082860991,-62.87153138021,
    66.161557606522));
#13549 = CARTESIAN_POINT('',(-75.3082860991,-71.11809814678,
    86.04637474003));
#13550 = CARTESIAN_POINT('',(-75.3082860991,-80.72399563996,
    105.30462224154));
#13551 = CARTESIAN_POINT('',(-75.3082860991,-91.62750456401,
    123.82180677668));
#13552 = CARTESIAN_POINT('',(-75.3082860991,-103.7546978496,
    141.49204434571));
#13553 = CARTESIAN_POINT('',(-76.39848233536,-48.00196614115,25.));
#13554 = CARTESIAN_POINT('',(-76.39848233535,-53.40074586278,
    45.945302392406));
#13555 = CARTESIAN_POINT('',(-76.39848233535,-60.25407235719,
    66.509837136018));
#13556 = CARTESIAN_POINT('',(-76.39848233535,-68.52837746602,
    86.567378209275));
#13557 = CARTESIAN_POINT('',(-76.39848233535,-78.17548887386,
    105.99563861686));
#13558 = CARTESIAN_POINT('',(-76.39848233535,-89.1333391806,
    124.6788341301));
#13559 = CARTESIAN_POINT('',(-76.39848233535,-101.3274957498,
    142.50985465708));
#13560 = CARTESIAN_POINT('',(-77.13282706409,-45.25464776456,25.));
#13561 = CARTESIAN_POINT('',(-77.1328270641,-50.65386894904,
    46.127105403205));
#13562 = CARTESIAN_POINT('',(-77.13282706409,-57.52189732121,
    66.873380797126));
#13563 = CARTESIAN_POINT('',(-77.1328270641,-65.82515646739,
    87.111215824231));
#13564 = CARTESIAN_POINT('',(-77.1328270641,-75.51528808213,
    106.71694033486));
#13565 = CARTESIAN_POINT('',(-77.1328270641,-86.52986140456,
    125.5734226297));
#13566 = CARTESIAN_POINT('',(-77.1328270641,-98.79391607342,
    143.57227278841));
#13567 = CARTESIAN_POINT('',(-77.5,-42.44965438137,25.));
#13568 = CARTESIAN_POINT('',(-77.5,-47.84932629642,46.312725041134));
#13569 = CARTESIAN_POINT('',(-77.49999999999,-54.73236518584,
    67.244556403345));
#13570 = CARTESIAN_POINT('',(-77.5,-63.06518620726,87.666470331491));
#13571 = CARTESIAN_POINT('',(-77.49999999999,-72.79924116076,
    107.45338448473));
#13572 = CARTESIAN_POINT('',(-77.5,-83.87172829654,126.48679140538));
#13573 = CARTESIAN_POINT('',(-77.5,-96.20714844991,144.65699447701));
#13574 = CARTESIAN_POINT('',(-77.5,-39.64466094067,25.));
#13575 = CARTESIAN_POINT('',(-77.5,-45.0447835863,46.498344682868));
#13576 = CARTESIAN_POINT('',(-77.49999999999,-51.94283299326,
    67.615732017175));
#13577 = CARTESIAN_POINT('',(-77.5,-60.30521589055,88.221724850138));
#13578 = CARTESIAN_POINT('',(-77.49999999999,-70.0831941837,
    108.18982864971));
#13579 = CARTESIAN_POINT('',(-77.5,-81.21359513402,127.4001601998));
#13580 = CARTESIAN_POINT('',(-77.5,-93.62038077336,145.74171618785));
#13581 = ADVANCED_FACE('',(#13582),#13609,.F.);
#13582 = FACE_BOUND('',#13583,.F.);
#13583 = EDGE_LOOP('',(#13584,#13596,#13607,#13608));
#13584 = ORIENTED_EDGE('',*,*,#13585,.F.);
#13585 = EDGE_CURVE('',#13586,#12909,#13588,.T.);
#13586 = VERTEX_POINT('',#13587);
#13587 = CARTESIAN_POINT('',(-57.32233047033,-70.17766952966,25.));
#13588 = B_SPLINE_CURVE_WITH_KNOTS('',6,(#13589,#13590,#13591,#13592,
    #13593,#13594,#13595),.UNSPECIFIED.,.F.,.F.,(7,7),(0.220488966476,
    0.573635843182),.PIECEWISE_BEZIER_KNOTS.);
#13589 = CARTESIAN_POINT('',(-57.32233047033,-70.17766952966,25.));
#13590 = CARTESIAN_POINT('',(-57.32233047033,-75.57288586766,
    44.477831539016));
#13591 = CARTESIAN_POINT('',(-57.32233047033,-82.30754228605,
    63.575398788356));
#13592 = CARTESIAN_POINT('',(-57.32233047033,-90.34813726166,
    82.177649758601));
#13593 = CARTESIAN_POINT('',(-57.32233047033,-99.64799974625,
    100.17346194876));
#13594 = CARTESIAN_POINT('',(-57.32233047033,-110.147995302,
    117.45792759416));
#13595 = CARTESIAN_POINT('',(-57.32233047033,-121.7779509621,
    133.93426707474));
#13596 = ORIENTED_EDGE('',*,*,#13597,.T.);
#13597 = EDGE_CURVE('',#13586,#13501,#13598,.T.);
#13598 = B_SPLINE_CURVE_WITH_KNOTS('',7,(#13599,#13600,#13601,#13602,
    #13603,#13604,#13605,#13606),.UNSPECIFIED.,.F.,.F.,(8,8),(12.,13.),
  .PIECEWISE_BEZIER_KNOTS.);
#13599 = CARTESIAN_POINT('',(-57.32233047033,-70.17766952966,25.));
#13600 = CARTESIAN_POINT('',(-59.15880747881,-68.34119252118,25.));
#13601 = CARTESIAN_POINT('',(-60.99528448728,-66.50471551271,25.));
#13602 = CARTESIAN_POINT('',(-62.83176149576,-64.66823850423,25.));
#13603 = CARTESIAN_POINT('',(-64.66823850423,-62.83176149576,25.));
#13604 = CARTESIAN_POINT('',(-66.50471551271,-60.99528448728,25.));
#13605 = CARTESIAN_POINT('',(-68.34119252118,-59.15880747881,25.));
#13606 = CARTESIAN_POINT('',(-70.17766952966,-57.32233047033,25.));
#13607 = ORIENTED_EDGE('',*,*,#13500,.T.);
#13608 = ORIENTED_EDGE('',*,*,#12921,.F.);
#13609 = B_SPLINE_SURFACE_WITH_KNOTS('',7,6,(
    (#13610,#13611,#13612,#13613,#13614,#13615,#13616)
    ,(#13617,#13618,#13619,#13620,#13621,#13622,#13623)
    ,(#13624,#13625,#13626,#13627,#13628,#13629,#13630)
    ,(#13631,#13632,#13633,#13634,#13635,#13636,#13637)
    ,(#13638,#13639,#13640,#13641,#13642,#13643,#13644)
    ,(#13645,#13646,#13647,#13648,#13649,#13650,#13651)
    ,(#13652,#13653,#13654,#13655,#13656,#13657,#13658)
    ,(#13659,#13660,#13661,#13662,#13663,#13664,#13665
  )),.UNSPECIFIED.,.F.,.F.,.F.,(8,8),(7,7),(12.,13.),(0.220488966476,
    0.573635843182),.PIECEWISE_BEZIER_KNOTS.);
#13610 = CARTESIAN_POINT('',(-57.32233047033,-70.17766952966,25.));
#13611 = CARTESIAN_POINT('',(-57.32233047033,-75.57288586766,
    44.477831539016));
#13612 = CARTESIAN_POINT('',(-57.32233047033,-82.30754228605,
    63.575398788356));
#13613 = CARTESIAN_POINT('',(-57.32233047033,-90.34813726166,
    82.177649758601));
#13614 = CARTESIAN_POINT('',(-57.32233047033,-99.64799974625,
    100.17346194876));
#13615 = CARTESIAN_POINT('',(-57.32233047033,-110.147995302,
    117.45792759416));
#13616 = CARTESIAN_POINT('',(-57.32233047033,-121.7779509621,
    133.93426707474));
#13617 = CARTESIAN_POINT('',(-59.15880747881,-68.34119252118,25.));
#13618 = CARTESIAN_POINT('',(-59.15880747881,-73.73670396018,
    44.599359881799));
#13619 = CARTESIAN_POINT('',(-59.15880747881,-80.48118802022,
    63.818413788325));
#13620 = CARTESIAN_POINT('',(-59.15880747881,-88.54113765975,
    82.541184354635));
#13621 = CARTESIAN_POINT('',(-59.15880747881,-97.86975750336,
    100.65562449409));
#13622 = CARTESIAN_POINT('',(-59.15880747881,-108.4076702204,
    118.05592570954));
#13623 = CARTESIAN_POINT('',(-59.15880747881,-120.0843500804,
    134.64445286471));
#13624 = CARTESIAN_POINT('',(-60.99528448728,-66.50471551271,25.));
#13625 = CARTESIAN_POINT('',(-60.99528448728,-71.9005220527,
    44.720888224582));
#13626 = CARTESIAN_POINT('',(-60.99528448728,-78.65483375439,
    64.061428788294));
#13627 = CARTESIAN_POINT('',(-60.99528448728,-86.73413805784,
    82.904718950669));
#13628 = CARTESIAN_POINT('',(-60.99528448728,-96.09151526046,
    101.13778703941));
#13629 = CARTESIAN_POINT('',(-60.99528448728,-106.6673451389,
    118.65392382492));
#13630 = CARTESIAN_POINT('',(-60.99528448728,-118.3907491988,
    135.35463865468));
#13631 = CARTESIAN_POINT('',(-62.83176149576,-64.66823850423,25.));
#13632 = CARTESIAN_POINT('',(-62.83176149576,-70.06434014522,
    44.842416567366));
#13633 = CARTESIAN_POINT('',(-62.83176149576,-76.82847948855,
    64.304443788263));
#13634 = CARTESIAN_POINT('',(-62.83176149576,-84.92713845592,
    83.268253546703));
#13635 = CARTESIAN_POINT('',(-62.83176149576,-94.31327301756,
    101.61994958474));
#13636 = CARTESIAN_POINT('',(-62.83176149576,-104.9270200573,
    119.25192194031));
#13637 = CARTESIAN_POINT('',(-62.83176149576,-116.6971483171,
    136.06482444465));
#13638 = CARTESIAN_POINT('',(-64.66823850423,-62.83176149576,25.));
#13639 = CARTESIAN_POINT('',(-64.66823850423,-68.22815823774,
    44.963944910149));
#13640 = CARTESIAN_POINT('',(-64.66823850423,-75.00212522272,
    64.547458788232));
#13641 = CARTESIAN_POINT('',(-64.66823850423,-83.12013885401,
    83.631788142737));
#13642 = CARTESIAN_POINT('',(-64.66823850423,-92.53503077467,
    102.10211213007));
#13643 = CARTESIAN_POINT('',(-64.66823850423,-103.1866949758,
    119.84992005569));
#13644 = CARTESIAN_POINT('',(-64.66823850423,-115.0035474354,
    136.77501023462));
#13645 = CARTESIAN_POINT('',(-66.50471551271,-60.99528448728,25.));
#13646 = CARTESIAN_POINT('',(-66.50471551271,-66.39197633025,
    45.085473252932));
#13647 = CARTESIAN_POINT('',(-66.50471551271,-73.17577095688,
    64.790473788201));
#13648 = CARTESIAN_POINT('',(-66.50471551271,-81.3131392521,
    83.995322738771));
#13649 = CARTESIAN_POINT('',(-66.50471551271,-90.75678853177,
    102.5842746754));
#13650 = CARTESIAN_POINT('',(-66.50471551271,-101.4463698942,
    120.44791817107));
#13651 = CARTESIAN_POINT('',(-66.50471551271,-113.3099465538,
    137.48519602459));
#13652 = CARTESIAN_POINT('',(-68.34119252118,-59.15880747881,25.));
#13653 = CARTESIAN_POINT('',(-68.34119252118,-64.55579442277,
    45.207001595715));
#13654 = CARTESIAN_POINT('',(-68.34119252118,-71.34941669105,
    65.03348878817));
#13655 = CARTESIAN_POINT('',(-68.34119252119,-79.50613965019,
    84.358857334806));
#13656 = CARTESIAN_POINT('',(-68.34119252118,-88.97854628887,
    103.06643722073));
#13657 = CARTESIAN_POINT('',(-68.34119252118,-99.70604481272,
    121.04591628645));
#13658 = CARTESIAN_POINT('',(-68.34119252118,-111.6163456721,
    138.19538181456));
#13659 = CARTESIAN_POINT('',(-70.17766952966,-57.32233047033,25.));
#13660 = CARTESIAN_POINT('',(-70.17766952966,-62.71961251529,
    45.328529938499));
#13661 = CARTESIAN_POINT('',(-70.17766952966,-69.52306242521,
    65.276503788139));
#13662 = CARTESIAN_POINT('',(-70.17766952966,-77.69914004828,
    84.72239193084));
#13663 = CARTESIAN_POINT('',(-70.17766952966,-87.20030404597,
    103.54859976606));
#13664 = CARTESIAN_POINT('',(-70.17766952966,-97.96571973117,
    121.64391440184));
#13665 = CARTESIAN_POINT('',(-70.17766952966,-109.9227447904,
    138.90556760454));
#13666 = ADVANCED_FACE('',(#13667),#13694,.F.);
#13667 = FACE_BOUND('',#13668,.F.);
#13668 = EDGE_LOOP('',(#13669,#13681,#13692,#13693));
#13669 = ORIENTED_EDGE('',*,*,#13670,.F.);
#13670 = EDGE_CURVE('',#13671,#12896,#13673,.T.);
#13671 = VERTEX_POINT('',#13672);
#13672 = CARTESIAN_POINT('',(-39.64466094067,-77.5,25.));
#13673 = B_SPLINE_CURVE_WITH_KNOTS('',6,(#13674,#13675,#13676,#13677,
    #13678,#13679,#13680),.UNSPECIFIED.,.F.,.F.,(7,7),(0.220488966476,
    0.573635843182),.PIECEWISE_BEZIER_KNOTS.);
#13674 = CARTESIAN_POINT('',(-39.64466094067,-77.5,25.));
#13675 = CARTESIAN_POINT('',(-39.64466094067,-82.89403972268,
    43.993278406434));
#13676 = CARTESIAN_POINT('',(-39.64466094067,-89.5895117464,
    62.606458730404));
#13677 = CARTESIAN_POINT('',(-39.64466094067,-97.55293655068,
    80.728178604169));
#13678 = CARTESIAN_POINT('',(-39.64466094067,-106.7381387998,
    98.251001999076));
#13679 = CARTESIAN_POINT('',(-39.64466094067,-117.0869525087,
    115.07361251629));
#13680 = CARTESIAN_POINT('',(-39.64466094067,-128.5306112367,
    131.10264161713));
#13681 = ORIENTED_EDGE('',*,*,#13682,.T.);
#13682 = EDGE_CURVE('',#13671,#13586,#13683,.T.);
#13683 = B_SPLINE_CURVE_WITH_KNOTS('',7,(#13684,#13685,#13686,#13687,
    #13688,#13689,#13690,#13691),.UNSPECIFIED.,.F.,.F.,(8,8),(11.,12.),
  .PIECEWISE_BEZIER_KNOTS.);
#13684 = CARTESIAN_POINT('',(-39.64466094067,-77.5,25.));
#13685 = CARTESIAN_POINT('',(-42.44965438137,-77.5,25.));
#13686 = CARTESIAN_POINT('',(-45.25464776456,-77.1328270641,25.));
#13687 = CARTESIAN_POINT('',(-48.00196614115,-76.39848233535,25.));
#13688 = CARTESIAN_POINT('',(-50.63393268036,-75.3082860991,25.));
#13689 = CARTESIAN_POINT('',(-53.09584027195,-73.88489878236,25.));
#13690 = CARTESIAN_POINT('',(-55.33890058723,-72.16109941277,25.));
#13691 = CARTESIAN_POINT('',(-57.32233047033,-70.17766952966,25.));
#13692 = ORIENTED_EDGE('',*,*,#13585,.T.);
#13693 = ORIENTED_EDGE('',*,*,#12908,.F.);
#13694 = B_SPLINE_SURFACE_WITH_KNOTS('',7,6,(
    (#13695,#13696,#13697,#13698,#13699,#13700,#13701)
    ,(#13702,#13703,#13704,#13705,#13706,#13707,#13708)
    ,(#13709,#13710,#13711,#13712,#13713,#13714,#13715)
    ,(#13716,#13717,#13718,#13719,#13720,#13721,#13722)
    ,(#13723,#13724,#13725,#13726,#13727,#13728,#13729)
    ,(#13730,#13731,#13732,#13733,#13734,#13735,#13736)
    ,(#13737,#13738,#13739,#13740,#13741,#13742,#13743)
    ,(#13744,#13745,#13746,#13747,#13748,#13749,#13750
  )),.UNSPECIFIED.,.F.,.F.,.F.,(8,8),(7,7),(11.,12.),(0.220488966476,
    0.573635843182),.PIECEWISE_BEZIER_KNOTS.);
#13695 = CARTESIAN_POINT('',(-39.64466094067,-77.5,25.));
#13696 = CARTESIAN_POINT('',(-39.64466094067,-82.89403972268,
    43.993278406434));
#13697 = CARTESIAN_POINT('',(-39.64466094067,-89.5895117464,
    62.606458730404));
#13698 = CARTESIAN_POINT('',(-39.64466094067,-97.55293655068,
    80.728178604169));
#13699 = CARTESIAN_POINT('',(-39.64466094067,-106.7381387998,
    98.251001999076));
#13700 = CARTESIAN_POINT('',(-39.64466094067,-117.0869525087,
    115.07361251629));
#13701 = CARTESIAN_POINT('',(-39.64466094067,-128.5306112367,
    131.10264161713));
#13702 = CARTESIAN_POINT('',(-42.44965438137,-77.5,25.));
#13703 = CARTESIAN_POINT('',(-42.44965438137,-82.89403972268,
    43.993278406434));
#13704 = CARTESIAN_POINT('',(-42.44965438137,-89.5895117464,
    62.606458730404));
#13705 = CARTESIAN_POINT('',(-42.44965438137,-97.55293655068,
    80.728178604168));
#13706 = CARTESIAN_POINT('',(-42.44965438137,-106.7381387998,
    98.251001999076));
#13707 = CARTESIAN_POINT('',(-42.44965438137,-117.0869525087,
    115.07361251629));
#13708 = CARTESIAN_POINT('',(-42.44965438137,-128.5306112367,
    131.10264161713));
#13709 = CARTESIAN_POINT('',(-45.25464776456,-77.1328270641,25.));
#13710 = CARTESIAN_POINT('',(-45.25464776456,-82.5269257873,
    44.017575970851));
#13711 = CARTESIAN_POINT('',(-45.25464776456,-89.22436268399,
    62.655045524898));
#13712 = CARTESIAN_POINT('',(-45.25464776456,-97.19165713039,
    80.800861281007));
#13713 = CARTESIAN_POINT('',(-45.25464776456,-106.3826089336,
    98.347402355046));
#13714 = CARTESIAN_POINT('',(-45.25464776456,-116.7390035462,
    115.19317226176));
#13715 = CARTESIAN_POINT('',(-45.25464776456,-128.1920039985,
    131.24463141626));
#13716 = CARTESIAN_POINT('',(-48.00196614115,-76.39848233535,25.));
#13717 = CARTESIAN_POINT('',(-48.00196614115,-81.79269905941,
    44.066171024045));
#13718 = CARTESIAN_POINT('',(-48.00196614115,-88.49406569593,
    62.752218962633));
#13719 = CARTESIAN_POINT('',(-48.00196614115,-96.46909941451,
    80.946226408412));
#13720 = CARTESIAN_POINT('',(-48.00196614115,-105.6715503081,
    98.540202766882));
#13721 = CARTESIAN_POINT('',(-48.00196614115,-116.0431067046,
    115.43229138048));
#13722 = CARTESIAN_POINT('',(-48.00196614115,-127.5147905761,
    131.52861057249));
#13723 = CARTESIAN_POINT('',(-50.63393268036,-75.3082860991,25.));
#13724 = CARTESIAN_POINT('',(-50.63393268036,-80.70267800531,
    44.138314449358));
#13725 = CARTESIAN_POINT('',(-50.63393268036,-87.40987866964,
    62.896481067247));
#13726 = CARTESIAN_POINT('',(-50.63393268036,-95.39640198578,
    81.162033111417));
#13727 = CARTESIAN_POINT('',(-50.63393268035,-104.6159242417,
    98.826431121362));
#13728 = CARTESIAN_POINT('',(-50.63393268036,-115.009989576,
    115.7872837336));
#13729 = CARTESIAN_POINT('',(-50.63393268036,-126.5094105477,
    131.95020140738));
#13730 = CARTESIAN_POINT('',(-53.09584027195,-73.88489878236,25.));
#13731 = CARTESIAN_POINT('',(-53.09584027195,-79.27951941074,
    44.232506699489));
#13732 = CARTESIAN_POINT('',(-53.09584027195,-85.99433712686,
    63.084833258501));
#13733 = CARTESIAN_POINT('',(-53.09584027195,-93.9958615473,
    81.44379570948));
#13734 = CARTESIAN_POINT('',(-53.09584027195,-103.2376725985,
    99.200137978818));
#13735 = CARTESIAN_POINT('',(-53.09584027195,-113.6611261616,
    116.25077057767));
#13736 = CARTESIAN_POINT('',(-53.09584027195,-125.1967613812,
    132.50064088542));
#13737 = CARTESIAN_POINT('',(-55.33890058723,-72.16109941277,25.));
#13738 = CARTESIAN_POINT('',(-55.33890058723,-77.55599703612,
    44.346578631624));
#13739 = CARTESIAN_POINT('',(-55.33890058722,-84.28003941576,
    63.312937994806));
#13740 = CARTESIAN_POINT('',(-55.33890058723,-92.29973098848,
    81.785025523182));
#13741 = CARTESIAN_POINT('',(-55.33890058722,-101.5685349817,
    99.652717285743));
#13742 = CARTESIAN_POINT('',(-55.33890058723,-112.0275792865,
    116.8120783259));
#13743 = CARTESIAN_POINT('',(-55.33890058723,-123.6070719275,
    133.1672529973));
#13744 = CARTESIAN_POINT('',(-57.32233047033,-70.17766952966,25.));
#13745 = CARTESIAN_POINT('',(-57.32233047033,-75.57288586766,
    44.477831539016));
#13746 = CARTESIAN_POINT('',(-57.32233047033,-82.30754228605,
    63.575398788356));
#13747 = CARTESIAN_POINT('',(-57.32233047033,-90.34813726166,
    82.177649758601));
#13748 = CARTESIAN_POINT('',(-57.32233047033,-99.64799974625,
    100.17346194876));
#13749 = CARTESIAN_POINT('',(-57.32233047033,-110.147995302,
    117.45792759416));
#13750 = CARTESIAN_POINT('',(-57.32233047033,-121.7779509621,
    133.93426707474));
#13751 = ADVANCED_FACE('',(#13752),#13779,.F.);
#13752 = FACE_BOUND('',#13753,.F.);
#13753 = EDGE_LOOP('',(#13754,#13766,#13777,#13778));
#13754 = ORIENTED_EDGE('',*,*,#13755,.F.);
#13755 = EDGE_CURVE('',#13756,#12883,#13758,.T.);
#13756 = VERTEX_POINT('',#13757);
#13757 = CARTESIAN_POINT('',(39.644660940673,-77.5,25.));
#13758 = B_SPLINE_CURVE_WITH_KNOTS('',6,(#13759,#13760,#13761,#13762,
    #13763,#13764,#13765),.UNSPECIFIED.,.F.,.F.,(7,7),(0.220488966476,
    0.573635843182),.PIECEWISE_BEZIER_KNOTS.);
#13759 = CARTESIAN_POINT('',(39.644660940673,-77.5,25.));
#13760 = CARTESIAN_POINT('',(39.644660940673,-82.89403972268,
    43.993278406434));
#13761 = CARTESIAN_POINT('',(39.644660940672,-89.5895117464,
    62.606458730404));
#13762 = CARTESIAN_POINT('',(39.644660940674,-97.55293655068,
    80.728178604168));
#13763 = CARTESIAN_POINT('',(39.644660940672,-106.7381387998,
    98.251001999076));
#13764 = CARTESIAN_POINT('',(39.644660940673,-117.0869525087,
    115.07361251629));
#13765 = CARTESIAN_POINT('',(39.644660940673,-128.5306112367,
    131.10264161713));
#13766 = ORIENTED_EDGE('',*,*,#13767,.T.);
#13767 = EDGE_CURVE('',#13756,#13671,#13768,.T.);
#13768 = B_SPLINE_CURVE_WITH_KNOTS('',7,(#13769,#13770,#13771,#13772,
    #13773,#13774,#13775,#13776),.UNSPECIFIED.,.F.,.F.,(8,8),(10.,11.),
  .PIECEWISE_BEZIER_KNOTS.);
#13769 = CARTESIAN_POINT('',(39.644660940673,-77.5,25.));
#13770 = CARTESIAN_POINT('',(28.317614957623,-77.5,25.));
#13771 = CARTESIAN_POINT('',(16.990568974574,-77.5,25.));
#13772 = CARTESIAN_POINT('',(5.663522991525,-77.5,25.));
#13773 = CARTESIAN_POINT('',(-5.663522991525,-77.5,25.));
#13774 = CARTESIAN_POINT('',(-16.99056897457,-77.5,25.));
#13775 = CARTESIAN_POINT('',(-28.31761495762,-77.5,25.));
#13776 = CARTESIAN_POINT('',(-39.64466094067,-77.5,25.));
#13777 = ORIENTED_EDGE('',*,*,#13670,.T.);
#13778 = ORIENTED_EDGE('',*,*,#12895,.F.);
#13779 = B_SPLINE_SURFACE_WITH_KNOTS('',7,6,(
    (#13780,#13781,#13782,#13783,#13784,#13785,#13786)
    ,(#13787,#13788,#13789,#13790,#13791,#13792,#13793)
    ,(#13794,#13795,#13796,#13797,#13798,#13799,#13800)
    ,(#13801,#13802,#13803,#13804,#13805,#13806,#13807)
    ,(#13808,#13809,#13810,#13811,#13812,#13813,#13814)
    ,(#13815,#13816,#13817,#13818,#13819,#13820,#13821)
    ,(#13822,#13823,#13824,#13825,#13826,#13827,#13828)
    ,(#13829,#13830,#13831,#13832,#13833,#13834,#13835
  )),.UNSPECIFIED.,.F.,.F.,.F.,(8,8),(7,7),(10.,11.),(0.220488966476,
    0.573635843182),.PIECEWISE_BEZIER_KNOTS.);
#13780 = CARTESIAN_POINT('',(39.644660940673,-77.5,25.));
#13781 = CARTESIAN_POINT('',(39.644660940673,-82.89403972268,
    43.993278406434));
#13782 = CARTESIAN_POINT('',(39.644660940672,-89.5895117464,
    62.606458730404));
#13783 = CARTESIAN_POINT('',(39.644660940674,-97.55293655068,
    80.728178604168));
#13784 = CARTESIAN_POINT('',(39.644660940672,-106.7381387998,
    98.251001999076));
#13785 = CARTESIAN_POINT('',(39.644660940673,-117.0869525087,
    115.07361251629));
#13786 = CARTESIAN_POINT('',(39.644660940673,-128.5306112367,
    131.10264161713));
#13787 = CARTESIAN_POINT('',(28.317614957623,-77.5,25.));
#13788 = CARTESIAN_POINT('',(28.317614957623,-82.89403972268,
    43.993278406434));
#13789 = CARTESIAN_POINT('',(28.317614957623,-89.5895117464,
    62.606458730404));
#13790 = CARTESIAN_POINT('',(28.317614957624,-97.55293655068,
    80.728178604168));
#13791 = CARTESIAN_POINT('',(28.317614957623,-106.7381387998,
    98.251001999076));
#13792 = CARTESIAN_POINT('',(28.317614957623,-117.0869525087,
    115.07361251629));
#13793 = CARTESIAN_POINT('',(28.317614957623,-128.5306112367,
    131.10264161713));
#13794 = CARTESIAN_POINT('',(16.990568974574,-77.5,25.));
#13795 = CARTESIAN_POINT('',(16.990568974574,-82.89403972268,
    43.993278406434));
#13796 = CARTESIAN_POINT('',(16.990568974574,-89.5895117464,
    62.606458730404));
#13797 = CARTESIAN_POINT('',(16.990568974574,-97.55293655068,
    80.728178604168));
#13798 = CARTESIAN_POINT('',(16.990568974574,-106.7381387998,
    98.251001999076));
#13799 = CARTESIAN_POINT('',(16.990568974574,-117.0869525087,
    115.07361251629));
#13800 = CARTESIAN_POINT('',(16.990568974574,-128.5306112367,
    131.10264161713));
#13801 = CARTESIAN_POINT('',(5.663522991525,-77.5,25.));
#13802 = CARTESIAN_POINT('',(5.663522991525,-82.89403972268,
    43.993278406434));
#13803 = CARTESIAN_POINT('',(5.663522991525,-89.5895117464,
    62.606458730404));
#13804 = CARTESIAN_POINT('',(5.663522991525,-97.55293655068,
    80.728178604168));
#13805 = CARTESIAN_POINT('',(5.663522991525,-106.7381387998,
    98.251001999076));
#13806 = CARTESIAN_POINT('',(5.663522991525,-117.0869525087,
    115.07361251629));
#13807 = CARTESIAN_POINT('',(5.663522991525,-128.5306112367,
    131.10264161713));
#13808 = CARTESIAN_POINT('',(-5.663522991525,-77.5,25.));
#13809 = CARTESIAN_POINT('',(-5.663522991525,-82.89403972268,
    43.993278406434));
#13810 = CARTESIAN_POINT('',(-5.663522991525,-89.5895117464,
    62.606458730404));
#13811 = CARTESIAN_POINT('',(-5.663522991525,-97.55293655068,
    80.728178604168));
#13812 = CARTESIAN_POINT('',(-5.663522991525,-106.7381387998,
    98.251001999076));
#13813 = CARTESIAN_POINT('',(-5.663522991525,-117.0869525087,
    115.07361251629));
#13814 = CARTESIAN_POINT('',(-5.663522991525,-128.5306112367,
    131.10264161713));
#13815 = CARTESIAN_POINT('',(-16.99056897457,-77.5,25.));
#13816 = CARTESIAN_POINT('',(-16.99056897457,-82.89403972268,
    43.993278406434));
#13817 = CARTESIAN_POINT('',(-16.99056897457,-89.5895117464,
    62.606458730404));
#13818 = CARTESIAN_POINT('',(-16.99056897457,-97.55293655068,
    80.728178604168));
#13819 = CARTESIAN_POINT('',(-16.99056897457,-106.7381387998,
    98.251001999076));
#13820 = CARTESIAN_POINT('',(-16.99056897457,-117.0869525087,
    115.07361251629));
#13821 = CARTESIAN_POINT('',(-16.99056897457,-128.5306112367,
    131.10264161713));
#13822 = CARTESIAN_POINT('',(-28.31761495762,-77.5,25.));
#13823 = CARTESIAN_POINT('',(-28.31761495762,-82.89403972268,
    43.993278406434));
#13824 = CARTESIAN_POINT('',(-28.31761495762,-89.5895117464,
    62.606458730404));
#13825 = CARTESIAN_POINT('',(-28.31761495762,-97.55293655068,
    80.728178604168));
#13826 = CARTESIAN_POINT('',(-28.31761495762,-106.7381387998,
    98.251001999076));
#13827 = CARTESIAN_POINT('',(-28.31761495762,-117.0869525087,
    115.07361251629));
#13828 = CARTESIAN_POINT('',(-28.31761495762,-128.5306112367,
    131.10264161713));
#13829 = CARTESIAN_POINT('',(-39.64466094067,-77.5,25.));
#13830 = CARTESIAN_POINT('',(-39.64466094067,-82.89403972268,
    43.993278406434));
#13831 = CARTESIAN_POINT('',(-39.64466094067,-89.5895117464,
    62.606458730404));
#13832 = CARTESIAN_POINT('',(-39.64466094067,-97.55293655068,
    80.728178604169));
#13833 = CARTESIAN_POINT('',(-39.64466094067,-106.7381387998,
    98.251001999076));
#13834 = CARTESIAN_POINT('',(-39.64466094067,-117.0869525087,
    115.07361251629));
#13835 = CARTESIAN_POINT('',(-39.64466094067,-128.5306112367,
    131.10264161713));
#13836 = ADVANCED_FACE('',(#13837),#13864,.F.);
#13837 = FACE_BOUND('',#13838,.F.);
#13838 = EDGE_LOOP('',(#13839,#13851,#13862,#13863));
#13839 = ORIENTED_EDGE('',*,*,#13840,.F.);
#13840 = EDGE_CURVE('',#13841,#12870,#13843,.T.);
#13841 = VERTEX_POINT('',#13842);
#13842 = CARTESIAN_POINT('',(57.322330470336,-70.17766952966,25.));
#13843 = B_SPLINE_CURVE_WITH_KNOTS('',6,(#13844,#13845,#13846,#13847,
    #13848,#13849,#13850),.UNSPECIFIED.,.F.,.F.,(7,7),(0.220488966476,
    0.573635843182),.PIECEWISE_BEZIER_KNOTS.);
#13844 = CARTESIAN_POINT('',(57.322330470336,-70.17766952966,25.));
#13845 = CARTESIAN_POINT('',(57.322330470337,-75.57288586766,
    44.477831539016));
#13846 = CARTESIAN_POINT('',(57.322330470335,-82.30754228605,
    63.575398788356));
#13847 = CARTESIAN_POINT('',(57.322330470338,-90.34813726166,
    82.177649758601));
#13848 = CARTESIAN_POINT('',(57.322330470336,-99.64799974625,
    100.17346194876));
#13849 = CARTESIAN_POINT('',(57.322330470337,-110.147995302,
    117.45792759416));
#13850 = CARTESIAN_POINT('',(57.322330470336,-121.7779509621,
    133.93426707474));
#13851 = ORIENTED_EDGE('',*,*,#13852,.T.);
#13852 = EDGE_CURVE('',#13841,#13756,#13853,.T.);
#13853 = B_SPLINE_CURVE_WITH_KNOTS('',7,(#13854,#13855,#13856,#13857,
    #13858,#13859,#13860,#13861),.UNSPECIFIED.,.F.,.F.,(8,8),(9.,10.),
  .PIECEWISE_BEZIER_KNOTS.);
#13854 = CARTESIAN_POINT('',(57.322330470336,-70.17766952966,25.));
#13855 = CARTESIAN_POINT('',(55.33890058723,-72.16109941277,25.));
#13856 = CARTESIAN_POINT('',(53.095840271951,-73.88489878236,25.));
#13857 = CARTESIAN_POINT('',(50.633932680361,-75.3082860991,25.));
#13858 = CARTESIAN_POINT('',(48.001966141157,-76.39848233535,25.));
#13859 = CARTESIAN_POINT('',(45.254647764568,-77.1328270641,25.));
#13860 = CARTESIAN_POINT('',(42.449654381378,-77.5,25.));
#13861 = CARTESIAN_POINT('',(39.644660940673,-77.5,25.));
#13862 = ORIENTED_EDGE('',*,*,#13755,.T.);
#13863 = ORIENTED_EDGE('',*,*,#12882,.F.);
#13864 = B_SPLINE_SURFACE_WITH_KNOTS('',7,6,(
    (#13865,#13866,#13867,#13868,#13869,#13870,#13871)
    ,(#13872,#13873,#13874,#13875,#13876,#13877,#13878)
    ,(#13879,#13880,#13881,#13882,#13883,#13884,#13885)
    ,(#13886,#13887,#13888,#13889,#13890,#13891,#13892)
    ,(#13893,#13894,#13895,#13896,#13897,#13898,#13899)
    ,(#13900,#13901,#13902,#13903,#13904,#13905,#13906)
    ,(#13907,#13908,#13909,#13910,#13911,#13912,#13913)
    ,(#13914,#13915,#13916,#13917,#13918,#13919,#13920
  )),.UNSPECIFIED.,.F.,.F.,.F.,(8,8),(7,7),(9.,10.),(0.220488966476,
    0.573635843182),.PIECEWISE_BEZIER_KNOTS.);
#13865 = CARTESIAN_POINT('',(57.322330470336,-70.17766952966,25.));
#13866 = CARTESIAN_POINT('',(57.322330470337,-75.57288586766,
    44.477831539016));
#13867 = CARTESIAN_POINT('',(57.322330470335,-82.30754228605,
    63.575398788356));
#13868 = CARTESIAN_POINT('',(57.322330470338,-90.34813726166,
    82.177649758601));
#13869 = CARTESIAN_POINT('',(57.322330470336,-99.64799974625,
    100.17346194876));
#13870 = CARTESIAN_POINT('',(57.322330470337,-110.147995302,
    117.45792759416));
#13871 = CARTESIAN_POINT('',(57.322330470336,-121.7779509621,
    133.93426707474));
#13872 = CARTESIAN_POINT('',(55.33890058723,-72.16109941277,25.));
#13873 = CARTESIAN_POINT('',(55.33890058723,-77.55599703612,
    44.346578631624));
#13874 = CARTESIAN_POINT('',(55.338900587229,-84.28003941576,
    63.312937994806));
#13875 = CARTESIAN_POINT('',(55.338900587231,-92.29973098848,
    81.785025523182));
#13876 = CARTESIAN_POINT('',(55.338900587229,-101.5685349817,
    99.652717285744));
#13877 = CARTESIAN_POINT('',(55.33890058723,-112.0275792865,
    116.8120783259));
#13878 = CARTESIAN_POINT('',(55.33890058723,-123.6070719275,
    133.1672529973));
#13879 = CARTESIAN_POINT('',(53.095840271951,-73.88489878236,25.));
#13880 = CARTESIAN_POINT('',(53.095840271951,-79.27951941074,
    44.232506699489));
#13881 = CARTESIAN_POINT('',(53.09584027195,-85.99433712686,
    63.084833258501));
#13882 = CARTESIAN_POINT('',(53.095840271952,-93.9958615473,
    81.44379570948));
#13883 = CARTESIAN_POINT('',(53.09584027195,-103.2376725985,
    99.200137978819));
#13884 = CARTESIAN_POINT('',(53.095840271951,-113.6611261616,
    116.25077057767));
#13885 = CARTESIAN_POINT('',(53.095840271951,-125.1967613812,
    132.50064088542));
#13886 = CARTESIAN_POINT('',(50.633932680361,-75.3082860991,25.));
#13887 = CARTESIAN_POINT('',(50.633932680362,-80.70267800531,
    44.138314449358));
#13888 = CARTESIAN_POINT('',(50.63393268036,-87.40987866964,
    62.896481067247));
#13889 = CARTESIAN_POINT('',(50.633932680362,-95.39640198578,
    81.162033111417));
#13890 = CARTESIAN_POINT('',(50.63393268036,-104.6159242417,
    98.826431121363));
#13891 = CARTESIAN_POINT('',(50.633932680361,-115.009989576,
    115.7872837336));
#13892 = CARTESIAN_POINT('',(50.63393268036,-126.5094105477,
    131.95020140738));
#13893 = CARTESIAN_POINT('',(48.001966141157,-76.39848233535,25.));
#13894 = CARTESIAN_POINT('',(48.001966141157,-81.79269905941,
    44.066171024045));
#13895 = CARTESIAN_POINT('',(48.001966141156,-88.49406569593,
    62.752218962633));
#13896 = CARTESIAN_POINT('',(48.001966141158,-96.46909941451,
    80.946226408412));
#13897 = CARTESIAN_POINT('',(48.001966141157,-105.6715503081,
    98.540202766882));
#13898 = CARTESIAN_POINT('',(48.001966141158,-116.0431067046,
    115.43229138048));
#13899 = CARTESIAN_POINT('',(48.001966141158,-127.5147905761,
    131.52861057248));
#13900 = CARTESIAN_POINT('',(45.254647764568,-77.1328270641,25.));
#13901 = CARTESIAN_POINT('',(45.254647764568,-82.5269257873,
    44.017575970851));
#13902 = CARTESIAN_POINT('',(45.254647764567,-89.22436268399,
    62.655045524899));
#13903 = CARTESIAN_POINT('',(45.254647764569,-97.19165713039,
    80.800861281006));
#13904 = CARTESIAN_POINT('',(45.254647764567,-106.3826089336,
    98.347402355046));
#13905 = CARTESIAN_POINT('',(45.254647764568,-116.7390035462,
    115.19317226176));
#13906 = CARTESIAN_POINT('',(45.254647764567,-128.1920039985,
    131.24463141626));
#13907 = CARTESIAN_POINT('',(42.449654381378,-77.5,25.));
#13908 = CARTESIAN_POINT('',(42.449654381378,-82.89403972268,
    43.993278406434));
#13909 = CARTESIAN_POINT('',(42.449654381377,-89.5895117464,
    62.606458730403));
#13910 = CARTESIAN_POINT('',(42.449654381379,-97.55293655068,
    80.728178604169));
#13911 = CARTESIAN_POINT('',(42.449654381377,-106.7381387998,
    98.251001999075));
#13912 = CARTESIAN_POINT('',(42.449654381378,-117.0869525087,
    115.07361251629));
#13913 = CARTESIAN_POINT('',(42.449654381378,-128.5306112367,
    131.10264161713));
#13914 = CARTESIAN_POINT('',(39.644660940673,-77.5,25.));
#13915 = CARTESIAN_POINT('',(39.644660940673,-82.89403972268,
    43.993278406434));
#13916 = CARTESIAN_POINT('',(39.644660940672,-89.5895117464,
    62.606458730404));
#13917 = CARTESIAN_POINT('',(39.644660940674,-97.55293655068,
    80.728178604168));
#13918 = CARTESIAN_POINT('',(39.644660940672,-106.7381387998,
    98.251001999076));
#13919 = CARTESIAN_POINT('',(39.644660940673,-117.0869525087,
    115.07361251629));
#13920 = CARTESIAN_POINT('',(39.644660940673,-128.5306112367,
    131.10264161713));
#13921 = ADVANCED_FACE('',(#13922),#13949,.F.);
#13922 = FACE_BOUND('',#13923,.F.);
#13923 = EDGE_LOOP('',(#13924,#13936,#13947,#13948));
#13924 = ORIENTED_EDGE('',*,*,#13925,.F.);
#13925 = EDGE_CURVE('',#13926,#12857,#13928,.T.);
#13926 = VERTEX_POINT('',#13927);
#13927 = CARTESIAN_POINT('',(70.177669529664,-57.32233047033,25.));
#13928 = B_SPLINE_CURVE_WITH_KNOTS('',6,(#13929,#13930,#13931,#13932,
    #13933,#13934,#13935),.UNSPECIFIED.,.F.,.F.,(7,7),(0.220488966476,
    0.573635843182),.PIECEWISE_BEZIER_KNOTS.);
#13929 = CARTESIAN_POINT('',(70.177669529664,-57.32233047033,25.));
#13930 = CARTESIAN_POINT('',(70.177669529664,-62.71961251529,
    45.328529938499));
#13931 = CARTESIAN_POINT('',(70.177669529662,-69.52306242521,
    65.276503788139));
#13932 = CARTESIAN_POINT('',(70.177669529665,-77.69914004828,
    84.72239193084));
#13933 = CARTESIAN_POINT('',(70.177669529663,-87.20030404597,
    103.54859976606));
#13934 = CARTESIAN_POINT('',(70.177669529664,-97.96571973117,
    121.64391440184));
#13935 = CARTESIAN_POINT('',(70.177669529664,-109.9227447904,
    138.90556760454));
#13936 = ORIENTED_EDGE('',*,*,#13937,.T.);
#13937 = EDGE_CURVE('',#13926,#13841,#13938,.T.);
#13938 = B_SPLINE_CURVE_WITH_KNOTS('',7,(#13939,#13940,#13941,#13942,
    #13943,#13944,#13945,#13946),.UNSPECIFIED.,.F.,.F.,(8,8),(8.,9.),
  .PIECEWISE_BEZIER_KNOTS.);
#13939 = CARTESIAN_POINT('',(70.177669529664,-57.32233047033,25.));
#13940 = CARTESIAN_POINT('',(68.341192521188,-59.15880747881,25.));
#13941 = CARTESIAN_POINT('',(66.504715512713,-60.99528448728,25.));
#13942 = CARTESIAN_POINT('',(64.668238504238,-62.83176149576,25.));
#13943 = CARTESIAN_POINT('',(62.831761495762,-64.66823850423,25.));
#13944 = CARTESIAN_POINT('',(60.995284487287,-66.50471551271,25.));
#13945 = CARTESIAN_POINT('',(59.158807478812,-68.34119252118,25.));
#13946 = CARTESIAN_POINT('',(57.322330470336,-70.17766952966,25.));
#13947 = ORIENTED_EDGE('',*,*,#13840,.T.);
#13948 = ORIENTED_EDGE('',*,*,#12869,.F.);
#13949 = B_SPLINE_SURFACE_WITH_KNOTS('',7,6,(
    (#13950,#13951,#13952,#13953,#13954,#13955,#13956)
    ,(#13957,#13958,#13959,#13960,#13961,#13962,#13963)
    ,(#13964,#13965,#13966,#13967,#13968,#13969,#13970)
    ,(#13971,#13972,#13973,#13974,#13975,#13976,#13977)
    ,(#13978,#13979,#13980,#13981,#13982,#13983,#13984)
    ,(#13985,#13986,#13987,#13988,#13989,#13990,#13991)
    ,(#13992,#13993,#13994,#13995,#13996,#13997,#13998)
    ,(#13999,#14000,#14001,#14002,#14003,#14004,#14005
  )),.UNSPECIFIED.,.F.,.F.,.F.,(8,8),(7,7),(8.,9.),(0.220488966476,
    0.573635843182),.PIECEWISE_BEZIER_KNOTS.);
#13950 = CARTESIAN_POINT('',(70.177669529664,-57.32233047033,25.));
#13951 = CARTESIAN_POINT('',(70.177669529664,-62.71961251529,
    45.328529938499));
#13952 = CARTESIAN_POINT('',(70.177669529662,-69.52306242521,
    65.276503788139));
#13953 = CARTESIAN_POINT('',(70.177669529665,-77.69914004828,
    84.72239193084));
#13954 = CARTESIAN_POINT('',(70.177669529663,-87.20030404597,
    103.54859976606));
#13955 = CARTESIAN_POINT('',(70.177669529664,-97.96571973117,
    121.64391440184));
#13956 = CARTESIAN_POINT('',(70.177669529664,-109.9227447904,
    138.90556760454));
#13957 = CARTESIAN_POINT('',(68.341192521188,-59.15880747881,25.));
#13958 = CARTESIAN_POINT('',(68.341192521189,-64.55579442277,
    45.207001595715));
#13959 = CARTESIAN_POINT('',(68.341192521187,-71.34941669105,
    65.03348878817));
#13960 = CARTESIAN_POINT('',(68.34119252119,-79.50613965019,
    84.358857334805));
#13961 = CARTESIAN_POINT('',(68.341192521187,-88.97854628887,
    103.06643722073));
#13962 = CARTESIAN_POINT('',(68.341192521189,-99.70604481272,
    121.04591628645));
#13963 = CARTESIAN_POINT('',(68.341192521188,-111.6163456721,
    138.19538181456));
#13964 = CARTESIAN_POINT('',(66.504715512713,-60.99528448728,25.));
#13965 = CARTESIAN_POINT('',(66.504715512713,-66.39197633025,
    45.085473252932));
#13966 = CARTESIAN_POINT('',(66.504715512712,-73.17577095688,
    64.790473788201));
#13967 = CARTESIAN_POINT('',(66.504715512714,-81.3131392521,
    83.995322738771));
#13968 = CARTESIAN_POINT('',(66.504715512712,-90.75678853177,
    102.5842746754));
#13969 = CARTESIAN_POINT('',(66.504715512713,-101.4463698942,
    120.44791817107));
#13970 = CARTESIAN_POINT('',(66.504715512713,-113.3099465538,
    137.48519602459));
#13971 = CARTESIAN_POINT('',(64.668238504238,-62.83176149576,25.));
#13972 = CARTESIAN_POINT('',(64.668238504238,-68.22815823774,
    44.963944910149));
#13973 = CARTESIAN_POINT('',(64.668238504237,-75.00212522272,
    64.547458788232));
#13974 = CARTESIAN_POINT('',(64.668238504239,-83.12013885401,
    83.631788142737));
#13975 = CARTESIAN_POINT('',(64.668238504237,-92.53503077467,
    102.10211213007));
#13976 = CARTESIAN_POINT('',(64.668238504238,-103.1866949758,
    119.84992005569));
#13977 = CARTESIAN_POINT('',(64.668238504238,-115.0035474354,
    136.77501023462));
#13978 = CARTESIAN_POINT('',(62.831761495762,-64.66823850423,25.));
#13979 = CARTESIAN_POINT('',(62.831761495763,-70.06434014522,
    44.842416567366));
#13980 = CARTESIAN_POINT('',(62.831761495761,-76.82847948855,
    64.304443788263));
#13981 = CARTESIAN_POINT('',(62.831761495764,-84.92713845592,
    83.268253546703));
#13982 = CARTESIAN_POINT('',(62.831761495761,-94.31327301756,
    101.61994958474));
#13983 = CARTESIAN_POINT('',(62.831761495763,-104.9270200573,
    119.25192194031));
#13984 = CARTESIAN_POINT('',(62.831761495762,-116.6971483171,
    136.06482444465));
#13985 = CARTESIAN_POINT('',(60.995284487287,-66.50471551271,25.));
#13986 = CARTESIAN_POINT('',(60.995284487287,-71.9005220527,
    44.720888224582));
#13987 = CARTESIAN_POINT('',(60.995284487286,-78.65483375439,
    64.061428788294));
#13988 = CARTESIAN_POINT('',(60.995284487288,-86.73413805784,
    82.904718950669));
#13989 = CARTESIAN_POINT('',(60.995284487286,-96.09151526046,
    101.13778703941));
#13990 = CARTESIAN_POINT('',(60.995284487287,-106.6673451389,
    118.65392382492));
#13991 = CARTESIAN_POINT('',(60.995284487287,-118.3907491988,
    135.35463865468));
#13992 = CARTESIAN_POINT('',(59.158807478812,-68.34119252118,25.));
#13993 = CARTESIAN_POINT('',(59.158807478812,-73.73670396018,
    44.599359881799));
#13994 = CARTESIAN_POINT('',(59.158807478811,-80.48118802022,
    63.818413788325));
#13995 = CARTESIAN_POINT('',(59.158807478813,-88.54113765975,
    82.541184354635));
#13996 = CARTESIAN_POINT('',(59.158807478811,-97.86975750336,
    100.65562449409));
#13997 = CARTESIAN_POINT('',(59.158807478812,-108.4076702204,
    118.05592570954));
#13998 = CARTESIAN_POINT('',(59.158807478812,-120.0843500804,
    134.64445286471));
#13999 = CARTESIAN_POINT('',(57.322330470336,-70.17766952966,25.));
#14000 = CARTESIAN_POINT('',(57.322330470337,-75.57288586766,
    44.477831539016));
#14001 = CARTESIAN_POINT('',(57.322330470335,-82.30754228605,
    63.575398788356));
#14002 = CARTESIAN_POINT('',(57.322330470338,-90.34813726166,
    82.177649758601));
#14003 = CARTESIAN_POINT('',(57.322330470336,-99.64799974625,
    100.17346194876));
#14004 = CARTESIAN_POINT('',(57.322330470337,-110.147995302,
    117.45792759416));
#14005 = CARTESIAN_POINT('',(57.322330470336,-121.7779509621,
    133.93426707474));
#14006 = ADVANCED_FACE('',(#14007),#14035,.F.);
#14007 = FACE_BOUND('',#14008,.F.);
#14008 = EDGE_LOOP('',(#14009,#14022,#14033,#14034));
#14009 = ORIENTED_EDGE('',*,*,#14010,.F.);
#14010 = EDGE_CURVE('',#14011,#12844,#14013,.T.);
#14011 = VERTEX_POINT('',#14012);
#14012 = CARTESIAN_POINT('',(77.5,-39.64466094067,25.));
#14013 = B_SPLINE_CURVE_WITH_KNOTS('',7,(#14014,#14015,#14016,#14017,
    #14018,#14019,#14020,#14021),.UNSPECIFIED.,.F.,.F.,(8,8),(
    0.220488966476,0.573635843182),.PIECEWISE_BEZIER_KNOTS.);
#14014 = CARTESIAN_POINT('',(77.5,-39.64466094067,25.));
#14015 = CARTESIAN_POINT('',(77.5,-44.27333749407,43.427152585315));
#14016 = CARTESIAN_POINT('',(77.500000000001,-49.97196173413,
    61.582192778803));
#14017 = CARTESIAN_POINT('',(77.499999999998,-56.72133721943,
    79.390584454494));
#14018 = CARTESIAN_POINT('',(77.500000000002,-64.49577830275,
    96.77948423147));
#14019 = CARTESIAN_POINT('',(77.499999999999,-73.26330874093,
    113.67849480688));
#14020 = CARTESIAN_POINT('',(77.5,-82.9859930825,130.02038248381));
#14021 = CARTESIAN_POINT('',(77.5,-93.62038077336,145.74171618785));
#14022 = ORIENTED_EDGE('',*,*,#14023,.T.);
#14023 = EDGE_CURVE('',#14011,#13926,#14024,.T.);
#14024 = B_SPLINE_CURVE_WITH_KNOTS('',7,(#14025,#14026,#14027,#14028,
    #14029,#14030,#14031,#14032),.UNSPECIFIED.,.F.,.F.,(8,8),(7.,8.),
  .PIECEWISE_BEZIER_KNOTS.);
#14025 = CARTESIAN_POINT('',(77.5,-39.64466094067,25.));
#14026 = CARTESIAN_POINT('',(77.5,-42.44965438137,25.));
#14027 = CARTESIAN_POINT('',(77.132827064102,-45.25464776456,25.));
#14028 = CARTESIAN_POINT('',(76.398482335355,-48.00196614115,25.));
#14029 = CARTESIAN_POINT('',(75.308286099105,-50.63393268036,25.));
#14030 = CARTESIAN_POINT('',(73.884898782365,-53.09584027195,25.));
#14031 = CARTESIAN_POINT('',(72.16109941277,-55.33890058723,25.));
#14032 = CARTESIAN_POINT('',(70.177669529664,-57.32233047033,25.));
#14033 = ORIENTED_EDGE('',*,*,#13925,.T.);
#14034 = ORIENTED_EDGE('',*,*,#12856,.F.);
#14035 = B_SPLINE_SURFACE_WITH_KNOTS('',7,6,(
    (#14036,#14037,#14038,#14039,#14040,#14041,#14042)
    ,(#14043,#14044,#14045,#14046,#14047,#14048,#14049)
    ,(#14050,#14051,#14052,#14053,#14054,#14055,#14056)
    ,(#14057,#14058,#14059,#14060,#14061,#14062,#14063)
    ,(#14064,#14065,#14066,#14067,#14068,#14069,#14070)
    ,(#14071,#14072,#14073,#14074,#14075,#14076,#14077)
    ,(#14078,#14079,#14080,#14081,#14082,#14083,#14084)
    ,(#14085,#14086,#14087,#14088,#14089,#14090,#14091
  )),.UNSPECIFIED.,.F.,.F.,.F.,(8,8),(7,7),(7.,8.),(0.220488966476,
    0.573635843182),.PIECEWISE_BEZIER_KNOTS.);
#14036 = CARTESIAN_POINT('',(77.5,-39.64466094067,25.));
#14037 = CARTESIAN_POINT('',(77.5,-45.0447835863,46.498344682868));
#14038 = CARTESIAN_POINT('',(77.499999999999,-51.94283299326,
    67.615732017175));
#14039 = CARTESIAN_POINT('',(77.500000000001,-60.30521589055,
    88.221724850138));
#14040 = CARTESIAN_POINT('',(77.499999999999,-70.0831941837,
    108.18982864971));
#14041 = CARTESIAN_POINT('',(77.5,-81.21359513402,127.4001601998));
#14042 = CARTESIAN_POINT('',(77.5,-93.62038077336,145.74171618785));
#14043 = CARTESIAN_POINT('',(77.5,-42.44965438137,25.));
#14044 = CARTESIAN_POINT('',(77.5,-47.84932629642,46.312725041134));
#14045 = CARTESIAN_POINT('',(77.499999999999,-54.73236518584,
    67.244556403345));
#14046 = CARTESIAN_POINT('',(77.500000000001,-63.06518620726,
    87.666470331491));
#14047 = CARTESIAN_POINT('',(77.499999999999,-72.79924116076,
    107.45338448473));
#14048 = CARTESIAN_POINT('',(77.5,-83.87172829654,126.48679140538));
#14049 = CARTESIAN_POINT('',(77.5,-96.20714844991,144.65699447701));
#14050 = CARTESIAN_POINT('',(77.132827064102,-45.25464776456,25.));
#14051 = CARTESIAN_POINT('',(77.132827064102,-50.65386894904,
    46.127105403206));
#14052 = CARTESIAN_POINT('',(77.132827064101,-57.52189732121,
    66.873380797126));
#14053 = CARTESIAN_POINT('',(77.132827064103,-65.82515646739,
    87.111215824231));
#14054 = CARTESIAN_POINT('',(77.132827064101,-75.51528808213,
    106.71694033486));
#14055 = CARTESIAN_POINT('',(77.132827064102,-86.52986140456,
    125.5734226297));
#14056 = CARTESIAN_POINT('',(77.132827064102,-98.79391607342,
    143.57227278841));
#14057 = CARTESIAN_POINT('',(76.398482335355,-48.00196614115,25.));
#14058 = CARTESIAN_POINT('',(76.398482335355,-53.40074586278,
    45.945302392406));
#14059 = CARTESIAN_POINT('',(76.398482335354,-60.25407235718,
    66.509837136018));
#14060 = CARTESIAN_POINT('',(76.398482335357,-68.52837746602,
    86.567378209275));
#14061 = CARTESIAN_POINT('',(76.398482335353,-78.17548887386,
    105.99563861686));
#14062 = CARTESIAN_POINT('',(76.398482335355,-89.1333391806,
    124.6788341301));
#14063 = CARTESIAN_POINT('',(76.398482335355,-101.3274957498,
    142.50985465708));
#14064 = CARTESIAN_POINT('',(75.308286099105,-50.63393268036,25.));
#14065 = CARTESIAN_POINT('',(75.308286099106,-56.03228947486,
    45.771132756579));
#14066 = CARTESIAN_POINT('',(75.308286099104,-62.87153138021,
    66.161557606522));
#14067 = CARTESIAN_POINT('',(75.308286099107,-71.11809814678,
    86.04637474003));
#14068 = CARTESIAN_POINT('',(75.308286099104,-80.72399563996,
    105.30462224154));
#14069 = CARTESIAN_POINT('',(75.308286099106,-91.62750456401,
    123.82180677668));
#14070 = CARTESIAN_POINT('',(75.308286099105,-103.7546978496,
    141.49204434571));
#14071 = CARTESIAN_POINT('',(73.884898782365,-53.09584027195,25.));
#14072 = CARTESIAN_POINT('',(73.884898782365,-58.49380146587,
    45.608216723157));
#14073 = CARTESIAN_POINT('',(73.884898782363,-65.31986882807,
    65.835781421722));
#14074 = CARTESIAN_POINT('',(73.884898782367,-73.54048950666,
    85.559034807293));
#14075 = CARTESIAN_POINT('',(73.884898782364,-83.10783603506,
    104.65825442683));
#14076 = CARTESIAN_POINT('',(73.884898782365,-93.96051472985,
    123.02015443188));
#14077 = CARTESIAN_POINT('',(73.884898782365,-106.0250714227,
    140.5399976935));
#14078 = CARTESIAN_POINT('',(72.16109941277,-55.33890058723,25.));
#14079 = CARTESIAN_POINT('',(72.16109941277,-60.73650134683,
    45.459782845891));
#14080 = CARTESIAN_POINT('',(72.161099412769,-67.55056529551,
    65.53896458169));
#14081 = CARTESIAN_POINT('',(72.161099412771,-75.74754632146,
    85.115016166258));
#14082 = CARTESIAN_POINT('',(72.161099412769,-85.27976881047,
    104.06934442907));
#14083 = CARTESIAN_POINT('',(72.16109941277,-96.08613574666,
    122.28976367009));
#14084 = CARTESIAN_POINT('',(72.16109941277,-108.093623825,
    139.67258168197));
#14085 = CARTESIAN_POINT('',(70.177669529664,-57.32233047033,25.));
#14086 = CARTESIAN_POINT('',(70.177669529664,-62.71961251529,
    45.328529938499));
#14087 = CARTESIAN_POINT('',(70.177669529662,-69.52306242521,
    65.276503788139));
#14088 = CARTESIAN_POINT('',(70.177669529665,-77.69914004828,
    84.72239193084));
#14089 = CARTESIAN_POINT('',(70.177669529663,-87.20030404597,
    103.54859976606));
#14090 = CARTESIAN_POINT('',(70.177669529664,-97.96571973117,
    121.64391440184));
#14091 = CARTESIAN_POINT('',(70.177669529664,-109.9227447904,
    138.90556760454));
#14092 = ADVANCED_FACE('',(#14093),#14121,.F.);
#14093 = FACE_BOUND('',#14094,.F.);
#14094 = EDGE_LOOP('',(#14095,#14108,#14119,#14120));
#14095 = ORIENTED_EDGE('',*,*,#14096,.F.);
#14096 = EDGE_CURVE('',#14097,#12831,#14099,.T.);
#14097 = VERTEX_POINT('',#14098);
#14098 = CARTESIAN_POINT('',(77.5,39.644660940673,25.));
#14099 = B_SPLINE_CURVE_WITH_KNOTS('',7,(#14100,#14101,#14102,#14103,
    #14104,#14105,#14106,#14107),.UNSPECIFIED.,.F.,.F.,(8,8),(
    0.220488966476,0.573635843182),.PIECEWISE_BEZIER_KNOTS.);
#14100 = CARTESIAN_POINT('',(77.5,39.644660940673,25.));
#14101 = CARTESIAN_POINT('',(77.5,35.005063621585,47.924536828941));
#14102 = CARTESIAN_POINT('',(77.500000000001,29.001543995303,
    70.575675721292));
#14103 = CARTESIAN_POINT('',(77.499999999998,21.653434705302,
    92.856050098125));
#14104 = CARTESIAN_POINT('',(77.500000000002,12.988755688617,
    114.67000214999));
#14105 = CARTESIAN_POINT('',(77.499999999999,3.044013416125,
    135.92461644307));
#14106 = CARTESIAN_POINT('',(77.5,-8.136186755459,156.53071709682));
#14107 = CARTESIAN_POINT('',(77.5,-20.4996910913,176.40376610012));
#14108 = ORIENTED_EDGE('',*,*,#14109,.T.);
#14109 = EDGE_CURVE('',#14097,#14011,#14110,.T.);
#14110 = B_SPLINE_CURVE_WITH_KNOTS('',7,(#14111,#14112,#14113,#14114,
    #14115,#14116,#14117,#14118),.UNSPECIFIED.,.F.,.F.,(8,8),(6.,7.),
  .PIECEWISE_BEZIER_KNOTS.);
#14111 = CARTESIAN_POINT('',(77.5,39.644660940673,25.));
#14112 = CARTESIAN_POINT('',(77.5,28.317614957623,25.));
#14113 = CARTESIAN_POINT('',(77.5,16.990568974574,25.));
#14114 = CARTESIAN_POINT('',(77.5,5.663522991525,25.));
#14115 = CARTESIAN_POINT('',(77.5,-5.663522991525,25.));
#14116 = CARTESIAN_POINT('',(77.5,-16.99056897457,25.));
#14117 = CARTESIAN_POINT('',(77.5,-28.31761495762,25.));
#14118 = CARTESIAN_POINT('',(77.5,-39.64466094067,25.));
#14119 = ORIENTED_EDGE('',*,*,#14010,.T.);
#14120 = ORIENTED_EDGE('',*,*,#12843,.F.);
#14121 = PLANE('',#14122);
#14122 = AXIS2_PLACEMENT_3D('',#14123,#14124,#14125);
#14123 = CARTESIAN_POINT('',(77.5,-24.91840462185,94.550845737758));
#14124 = DIRECTION('',(-1.,1.2E-16,-1.7E-16));
#14125 = DIRECTION('',(-3.012836430174E-17,-0.891855887962,
    -0.452319660316));
#14126 = ADVANCED_FACE('',(#14127),#14155,.F.);
#14127 = FACE_BOUND('',#14128,.F.);
#14128 = EDGE_LOOP('',(#14129,#14142,#14153,#14154));
#14129 = ORIENTED_EDGE('',*,*,#14130,.F.);
#14130 = EDGE_CURVE('',#14131,#12818,#14133,.T.);
#14131 = VERTEX_POINT('',#14132);
#14132 = CARTESIAN_POINT('',(70.177669529664,57.322330470336,25.));
#14133 = B_SPLINE_CURVE_WITH_KNOTS('',7,(#14134,#14135,#14136,#14137,
    #14138,#14139,#14140,#14141),.UNSPECIFIED.,.F.,.F.,(8,8),(
    0.220488966476,0.573635843182),.PIECEWISE_BEZIER_KNOTS.);
#14134 = CARTESIAN_POINT('',(70.177669529664,57.322330470336,25.));
#14135 = CARTESIAN_POINT('',(70.177669529663,52.680298350669,
    48.927235181258));
#14136 = CARTESIAN_POINT('',(70.177669529665,46.608801854983,
    72.580785811851));
#14137 = CARTESIAN_POINT('',(70.177669529662,39.127203993196,
    95.858195230195));
#14138 = CARTESIAN_POINT('',(70.177669529665,30.264045135654,
    118.65871911685));
#14139 = CARTESIAN_POINT('',(70.177669529663,20.056841774082,
    140.88442158796));
#14140 = CARTESIAN_POINT('',(70.177669529664,8.551686330262,
    162.44123472127));
#14141 = CARTESIAN_POINT('',(70.177669529664,-4.197327074176,
    183.23991468343));
#14142 = ORIENTED_EDGE('',*,*,#14143,.T.);
#14143 = EDGE_CURVE('',#14131,#14097,#14144,.T.);
#14144 = B_SPLINE_CURVE_WITH_KNOTS('',7,(#14145,#14146,#14147,#14148,
    #14149,#14150,#14151,#14152),.UNSPECIFIED.,.F.,.F.,(8,8),(5.,6.),
  .PIECEWISE_BEZIER_KNOTS.);
#14145 = CARTESIAN_POINT('',(70.177669529664,57.322330470336,25.));
#14146 = CARTESIAN_POINT('',(72.16109941277,55.33890058723,25.));
#14147 = CARTESIAN_POINT('',(73.884898782365,53.095840271952,25.));
#14148 = CARTESIAN_POINT('',(75.308286099105,50.63393268036,25.));
#14149 = CARTESIAN_POINT('',(76.398482335355,48.001966141159,25.));
#14150 = CARTESIAN_POINT('',(77.132827064102,45.254647764567,25.));
#14151 = CARTESIAN_POINT('',(77.5,42.449654381378,25.));
#14152 = CARTESIAN_POINT('',(77.5,39.644660940673,25.));
#14153 = ORIENTED_EDGE('',*,*,#14096,.T.);
#14154 = ORIENTED_EDGE('',*,*,#12830,.F.);
#14155 = B_SPLINE_SURFACE_WITH_KNOTS('',7,7,(
    (#14156,#14157,#14158,#14159,#14160,#14161,#14162,#14163)
    ,(#14164,#14165,#14166,#14167,#14168,#14169,#14170,#14171)
    ,(#14172,#14173,#14174,#14175,#14176,#14177,#14178,#14179)
    ,(#14180,#14181,#14182,#14183,#14184,#14185,#14186,#14187)
    ,(#14188,#14189,#14190,#14191,#14192,#14193,#14194,#14195)
    ,(#14196,#14197,#14198,#14199,#14200,#14201,#14202,#14203)
    ,(#14204,#14205,#14206,#14207,#14208,#14209,#14210,#14211)
    ,(#14212,#14213,#14214,#14215,#14216,#14217,#14218,#14219
  )),.UNSPECIFIED.,.F.,.F.,.F.,(8,8),(8,8),(5.,6.),(0.220488966476,
    0.573635843182),.PIECEWISE_BEZIER_KNOTS.);
#14156 = CARTESIAN_POINT('',(70.177669529664,57.322330470336,25.));
#14157 = CARTESIAN_POINT('',(70.177669529663,52.680298350669,
    48.927235181258));
#14158 = CARTESIAN_POINT('',(70.177669529665,46.608801854983,
    72.580785811851));
#14159 = CARTESIAN_POINT('',(70.177669529662,39.127203993196,
    95.858195230195));
#14160 = CARTESIAN_POINT('',(70.177669529665,30.264045135654,
    118.65871911685));
#14161 = CARTESIAN_POINT('',(70.177669529663,20.056841774082,
    140.88442158796));
#14162 = CARTESIAN_POINT('',(70.177669529664,8.551686330262,
    162.44123472127));
#14163 = CARTESIAN_POINT('',(70.177669529664,-4.197327074176,
    183.23991468343));
#14164 = CARTESIAN_POINT('',(72.16109941277,55.33890058723,25.));
#14165 = CARTESIAN_POINT('',(72.16109941277,50.697141651549,
    48.814732689208));
#14166 = CARTESIAN_POINT('',(72.161099412771,44.633272142774,
    72.355812985775));
#14167 = CARTESIAN_POINT('',(72.161099412769,37.166651663718,
    95.521355334054));
#14168 = CARTESIAN_POINT('',(72.161099412771,28.325762192245,
    118.21118611969));
#14169 = CARTESIAN_POINT('',(72.16109941277,18.148006896006,
    140.32793275201));
#14170 = CARTESIAN_POINT('',(72.16109941277,6.679311348471,
    161.77807619456));
#14171 = CARTESIAN_POINT('',(72.16109941277,-6.026448039616,
    182.472900606));
#14172 = CARTESIAN_POINT('',(73.884898782365,53.095840271952,25.));
#14173 = CARTESIAN_POINT('',(73.884898782365,48.454390279967,
    48.687503651551));
#14174 = CARTESIAN_POINT('',(73.884898782365,42.399146128616,
    72.101391277961));
#14175 = CARTESIAN_POINT('',(73.884898782365,34.949463567616,
    95.140423187136));
#14176 = CARTESIAN_POINT('',(73.884898782365,26.133758538789,
    117.70507117495));
#14177 = CARTESIAN_POINT('',(73.884898782365,15.989306051624,
    139.69859967882));
#14178 = CARTESIAN_POINT('',(73.884898782365,4.561842990881,
    161.02811039709));
#14179 = CARTESIAN_POINT('',(73.884898782365,-8.095000441882,
    181.60548459446));
#14180 = CARTESIAN_POINT('',(75.308286099105,50.63393268036,25.));
#14181 = CARTESIAN_POINT('',(75.308286099105,45.992821774589,
    48.547861337189));
#14182 = CARTESIAN_POINT('',(75.308286099106,39.947044525567,
    71.822146564984));
#14183 = CARTESIAN_POINT('',(75.308286099104,32.515952453982,
    94.722324869408));
#14184 = CARTESIAN_POINT('',(75.308286099106,23.727889022719,
    117.1495764269));
#14185 = CARTESIAN_POINT('',(75.308286099105,13.619988579171,
    139.00786485552));
#14186 = CARTESIAN_POINT('',(75.308286099105,2.237780909718,
    160.20497315123));
#14187 = CARTESIAN_POINT('',(75.308286099105,-10.365374015,
    180.65343794226));
#14188 = CARTESIAN_POINT('',(76.398482335355,48.001966141159,25.));
#14189 = CARTESIAN_POINT('',(76.398482335354,43.361217744351,
    48.398573077909));
#14190 = CARTESIAN_POINT('',(76.398482335356,37.325561334244,
    71.523612719393));
#14191 = CARTESIAN_POINT('',(76.398482335353,29.914343910373,
    94.275345955125));
#14192 = CARTESIAN_POINT('',(76.398482335356,21.155831450122,
    116.55571027427));
#14193 = CARTESIAN_POINT('',(76.398482335354,11.087007922405,
    138.26941677217));
#14194 = CARTESIAN_POINT('',(76.398482335355,-0.246818290329,
    159.32497680382));
#14195 = CARTESIAN_POINT('',(76.398482335355,-12.79257611486,
    179.63562763089));
#14196 = CARTESIAN_POINT('',(77.132827064102,45.254647764567,25.));
#14197 = CARTESIAN_POINT('',(77.132827064101,40.614277764491,
    48.242741925796));
#14198 = CARTESIAN_POINT('',(77.132827064102,34.589185761768,
    71.211994958372));
#14199 = CARTESIAN_POINT('',(77.132827064101,27.198714036628,
    93.808777187298));
#14200 = CARTESIAN_POINT('',(77.132827064102,18.471047684981,
    115.93581660538));
#14201 = CARTESIAN_POINT('',(77.132827064101,8.443013706586,
    137.49860454514));
#14202 = CARTESIAN_POINT('',(77.132827064102,-2.840310623561,
    158.40641264254));
#14203 = CARTESIAN_POINT('',(77.132827064102,-15.32615579124,
    178.57320949956));
#14204 = CARTESIAN_POINT('',(77.5,42.449654381378,25.));
#14205 = CARTESIAN_POINT('',(77.5,37.809670721792,48.083639379));
#14206 = CARTESIAN_POINT('',(77.500000000001,31.795364907179,
    70.893835343094));
#14207 = CARTESIAN_POINT('',(77.499999999999,24.426074399391,
    93.332413647596));
#14208 = CARTESIAN_POINT('',(77.500000000001,15.729901714902,
    115.30290938418));
#14209 = CARTESIAN_POINT('',(77.499999999999,5.743513589032,
    136.71161050217));
#14210 = CARTESIAN_POINT('',(77.5,-5.488248662363,157.4685648793));
#14211 = CARTESIAN_POINT('',(77.5,-17.91292341475,177.48848781096));
#14212 = CARTESIAN_POINT('',(77.5,39.644660940673,25.));
#14213 = CARTESIAN_POINT('',(77.5,35.005063621585,47.924536828941));
#14214 = CARTESIAN_POINT('',(77.500000000001,29.001543995303,
    70.575675721292));
#14215 = CARTESIAN_POINT('',(77.499999999998,21.653434705302,
    92.856050098125));
#14216 = CARTESIAN_POINT('',(77.500000000002,12.988755688617,
    114.67000214999));
#14217 = CARTESIAN_POINT('',(77.499999999999,3.044013416125,
    135.92461644307));
#14218 = CARTESIAN_POINT('',(77.5,-8.136186755459,156.53071709682));
#14219 = CARTESIAN_POINT('',(77.5,-20.4996910913,176.40376610012));
#14220 = ADVANCED_FACE('',(#14221),#14249,.F.);
#14221 = FACE_BOUND('',#14222,.F.);
#14222 = EDGE_LOOP('',(#14223,#14236,#14247,#14248));
#14223 = ORIENTED_EDGE('',*,*,#14224,.F.);
#14224 = EDGE_CURVE('',#14225,#12805,#14227,.T.);
#14225 = VERTEX_POINT('',#14226);
#14226 = CARTESIAN_POINT('',(57.322330470336,70.177669529664,25.));
#14227 = B_SPLINE_CURVE_WITH_KNOTS('',7,(#14228,#14229,#14230,#14231,
    #14232,#14233,#14234,#14235),.UNSPECIFIED.,.F.,.F.,(8,8),(
    0.220488966476,0.573635843182),.PIECEWISE_BEZIER_KNOTS.);
#14228 = CARTESIAN_POINT('',(57.322330470336,70.177669529664,25.));
#14229 = CARTESIAN_POINT('',(57.322330470336,65.533866804039,
    49.656405237958));
#14230 = CARTESIAN_POINT('',(57.322330470337,59.412936999119,
    74.038917497263));
#14231 = CARTESIAN_POINT('',(57.322330470335,51.834265207537,
    98.041378568546));
#14232 = CARTESIAN_POINT('',(57.322330470337,42.8267702628,
    121.55934518266));
#14233 = CARTESIAN_POINT('',(57.322330470336,32.428703151662,
    144.49123054536));
#14234 = CARTESIAN_POINT('',(57.322330470336,20.687237701215,
    166.73940920353));
#14235 = CARTESIAN_POINT('',(57.322330470336,7.657879097489,
    188.21121521323));
#14236 = ORIENTED_EDGE('',*,*,#14237,.T.);
#14237 = EDGE_CURVE('',#14225,#14131,#14238,.T.);
#14238 = B_SPLINE_CURVE_WITH_KNOTS('',7,(#14239,#14240,#14241,#14242,
    #14243,#14244,#14245,#14246),.UNSPECIFIED.,.F.,.F.,(8,8),(4.,5.),
  .PIECEWISE_BEZIER_KNOTS.);
#14239 = CARTESIAN_POINT('',(57.322330470336,70.177669529664,25.));
#14240 = CARTESIAN_POINT('',(59.158807478812,68.341192521188,25.));
#14241 = CARTESIAN_POINT('',(60.995284487287,66.504715512713,25.));
#14242 = CARTESIAN_POINT('',(62.831761495762,64.668238504238,25.));
#14243 = CARTESIAN_POINT('',(64.668238504238,62.831761495762,25.));
#14244 = CARTESIAN_POINT('',(66.504715512713,60.995284487287,25.));
#14245 = CARTESIAN_POINT('',(68.341192521188,59.158807478812,25.));
#14246 = CARTESIAN_POINT('',(70.177669529664,57.322330470336,25.));
#14247 = ORIENTED_EDGE('',*,*,#14130,.T.);
#14248 = ORIENTED_EDGE('',*,*,#12817,.F.);
#14249 = B_SPLINE_SURFACE_WITH_KNOTS('',7,7,(
    (#14250,#14251,#14252,#14253,#14254,#14255,#14256,#14257)
    ,(#14258,#14259,#14260,#14261,#14262,#14263,#14264,#14265)
    ,(#14266,#14267,#14268,#14269,#14270,#14271,#14272,#14273)
    ,(#14274,#14275,#14276,#14277,#14278,#14279,#14280,#14281)
    ,(#14282,#14283,#14284,#14285,#14286,#14287,#14288,#14289)
    ,(#14290,#14291,#14292,#14293,#14294,#14295,#14296,#14297)
    ,(#14298,#14299,#14300,#14301,#14302,#14303,#14304,#14305)
    ,(#14306,#14307,#14308,#14309,#14310,#14311,#14312,#14313
  )),.UNSPECIFIED.,.F.,.F.,.F.,(8,8),(8,8),(4.,5.),(0.220488966476,
    0.573635843182),.PIECEWISE_BEZIER_KNOTS.);
#14250 = CARTESIAN_POINT('',(57.322330470336,70.177669529664,25.));
#14251 = CARTESIAN_POINT('',(57.322330470336,65.533866804039,
    49.656405237958));
#14252 = CARTESIAN_POINT('',(57.322330470337,59.412936999119,
    74.038917497263));
#14253 = CARTESIAN_POINT('',(57.322330470335,51.834265207537,
    98.041378568546));
#14254 = CARTESIAN_POINT('',(57.322330470337,42.8267702628,
    121.55934518266));
#14255 = CARTESIAN_POINT('',(57.322330470336,32.428703151662,
    144.49123054536));
#14256 = CARTESIAN_POINT('',(57.322330470336,20.687237701215,
    166.73940920353));
#14257 = CARTESIAN_POINT('',(57.322330470336,7.657879097489,
    188.21121521323));
#14258 = CARTESIAN_POINT('',(59.158807478812,68.341192521188,25.));
#14259 = CARTESIAN_POINT('',(59.158807478811,63.697642739272,
    49.552238087001));
#14260 = CARTESIAN_POINT('',(59.158807478812,57.583774835671,
    73.830612970776));
#14261 = CARTESIAN_POINT('',(59.158807478811,50.018970748346,
    97.729495234496));
#14262 = CARTESIAN_POINT('',(59.158807478812,41.032095244635,
    121.1449700304));
#14263 = CARTESIAN_POINT('',(59.158807478812,30.661294383437,
    143.97597212288));
#14264 = CARTESIAN_POINT('',(59.158807478812,18.953587505364,
    166.12538427749));
#14265 = CARTESIAN_POINT('',(59.158807478812,5.964278215823,
    187.50102942326));
#14266 = CARTESIAN_POINT('',(60.995284487287,66.504715512713,25.));
#14267 = CARTESIAN_POINT('',(60.995284487287,61.861418674505,
    49.448070936044));
#14268 = CARTESIAN_POINT('',(60.995284487287,55.754612672223,
    73.622308444287));
#14269 = CARTESIAN_POINT('',(60.995284487287,48.203676289153,
    97.417611900448));
#14270 = CARTESIAN_POINT('',(60.995284487287,39.237420226473,
    120.73059487814));
#14271 = CARTESIAN_POINT('',(60.995284487287,28.893885615211,
    143.46071370039));
#14272 = CARTESIAN_POINT('',(60.995284487287,17.219937309514,
    165.51135935146));
#14273 = CARTESIAN_POINT('',(60.995284487287,4.270677334156,
    186.79084363329));
#14274 = CARTESIAN_POINT('',(62.831761495762,64.668238504238,25.));
#14275 = CARTESIAN_POINT('',(62.831761495762,60.025194609738,
    49.343903785087));
#14276 = CARTESIAN_POINT('',(62.831761495763,53.925450508775,
    73.414003917801));
#14277 = CARTESIAN_POINT('',(62.831761495761,46.388381829962,
    97.105728566396));
#14278 = CARTESIAN_POINT('',(62.831761495763,37.442745208309,
    120.31621972588));
#14279 = CARTESIAN_POINT('',(62.831761495762,27.126476846985,
    142.9454552779));
#14280 = CARTESIAN_POINT('',(62.831761495762,15.486287113664,
    164.89733442542));
#14281 = CARTESIAN_POINT('',(62.831761495762,2.57707645249,
    186.08065784332));
#14282 = CARTESIAN_POINT('',(64.668238504238,62.831761495762,25.));
#14283 = CARTESIAN_POINT('',(64.668238504238,58.188970544971,
    49.23973663413));
#14284 = CARTESIAN_POINT('',(64.668238504238,52.096288345327,
    73.205699391313));
#14285 = CARTESIAN_POINT('',(64.668238504238,44.57308737077,
    96.793845232347));
#14286 = CARTESIAN_POINT('',(64.668238504237,35.648070190145,
    119.90184457362));
#14287 = CARTESIAN_POINT('',(64.668238504238,25.359068078759,
    142.43019685542));
#14288 = CARTESIAN_POINT('',(64.668238504237,13.752636917813,
    164.28330949938));
#14289 = CARTESIAN_POINT('',(64.668238504238,0.883475570824,
    185.37047205335));
#14290 = CARTESIAN_POINT('',(66.504715512713,60.995284487287,25.));
#14291 = CARTESIAN_POINT('',(66.504715512713,56.352746480204,
    49.135569483172));
#14292 = CARTESIAN_POINT('',(66.504715512714,50.267126181879,
    72.997394864827));
#14293 = CARTESIAN_POINT('',(66.504715512711,42.757792911579,
    96.481961898294));
#14294 = CARTESIAN_POINT('',(66.504715512715,33.853395171981,
    119.48746942136));
#14295 = CARTESIAN_POINT('',(66.504715512712,23.591659310534,
    141.91493843293));
#14296 = CARTESIAN_POINT('',(66.504715512713,12.018986721963,
    163.66928457334));
#14297 = CARTESIAN_POINT('',(66.504715512713,-0.810125310843,
    184.66028626337));
#14298 = CARTESIAN_POINT('',(68.341192521188,59.158807478812,25.));
#14299 = CARTESIAN_POINT('',(68.341192521188,54.516522415436,
    49.031402332215));
#14300 = CARTESIAN_POINT('',(68.341192521189,48.437964018431,
    72.789090338339));
#14301 = CARTESIAN_POINT('',(68.341192521188,40.942498452387,
    96.170078564245));
#14302 = CARTESIAN_POINT('',(68.341192521189,32.058720153818,
    119.0730942691));
#14303 = CARTESIAN_POINT('',(68.341192521188,21.824250542308,
    141.39968001044));
#14304 = CARTESIAN_POINT('',(68.341192521188,10.285336526112,
    163.0552596473));
#14305 = CARTESIAN_POINT('',(68.341192521188,-2.503726192509,
    183.9501004734));
#14306 = CARTESIAN_POINT('',(70.177669529664,57.322330470336,25.));
#14307 = CARTESIAN_POINT('',(70.177669529663,52.680298350669,
    48.927235181258));
#14308 = CARTESIAN_POINT('',(70.177669529665,46.608801854983,
    72.580785811851));
#14309 = CARTESIAN_POINT('',(70.177669529662,39.127203993196,
    95.858195230195));
#14310 = CARTESIAN_POINT('',(70.177669529665,30.264045135654,
    118.65871911685));
#14311 = CARTESIAN_POINT('',(70.177669529663,20.056841774082,
    140.88442158796));
#14312 = CARTESIAN_POINT('',(70.177669529664,8.551686330262,
    162.44123472127));
#14313 = CARTESIAN_POINT('',(70.177669529664,-4.197327074176,
    183.23991468343));
#14314 = ADVANCED_FACE('',(#14315),#14343,.F.);
#14315 = FACE_BOUND('',#14316,.F.);
#14316 = EDGE_LOOP('',(#14317,#14330,#14341,#14342));
#14317 = ORIENTED_EDGE('',*,*,#14318,.F.);
#14318 = EDGE_CURVE('',#14319,#12792,#14321,.T.);
#14319 = VERTEX_POINT('',#14320);
#14320 = CARTESIAN_POINT('',(39.644660940673,77.5,25.));
#14321 = B_SPLINE_CURVE_WITH_KNOTS('',7,(#14322,#14323,#14324,#14325,
    #14326,#14327,#14328,#14329),.UNSPECIFIED.,.F.,.F.,(8,8),(
    0.220488966476,0.573635843182),.PIECEWISE_BEZIER_KNOTS.);
#14322 = CARTESIAN_POINT('',(39.644660940673,77.5,25.));
#14323 = CARTESIAN_POINT('',(39.644660940673,72.855188746953,
    50.071736494457));
#14324 = CARTESIAN_POINT('',(39.644660940673,66.706102000799,
    74.869461290824));
#14325 = CARTESIAN_POINT('',(39.644660940672,59.072137432361,
    99.284907798463));
#14326 = CARTESIAN_POINT('',(39.644660940673,49.982429445684,
    123.2115258468));
#14327 = CARTESIAN_POINT('',(39.644660940672,39.475647391853,
    146.5456491031));
#14328 = CARTESIAN_POINT('',(39.644660940673,27.599581060482,
    169.18762576422));
#14329 = CARTESIAN_POINT('',(39.644660940673,14.410539372126,
    191.04284067084));
#14330 = ORIENTED_EDGE('',*,*,#14331,.T.);
#14331 = EDGE_CURVE('',#14319,#14225,#14332,.T.);
#14332 = B_SPLINE_CURVE_WITH_KNOTS('',7,(#14333,#14334,#14335,#14336,
    #14337,#14338,#14339,#14340),.UNSPECIFIED.,.F.,.F.,(8,8),(3.,4.),
  .PIECEWISE_BEZIER_KNOTS.);
#14333 = CARTESIAN_POINT('',(39.644660940673,77.5,25.));
#14334 = CARTESIAN_POINT('',(42.449654381378,77.500000000001,25.));
#14335 = CARTESIAN_POINT('',(45.254647764568,77.1328270641,25.));
#14336 = CARTESIAN_POINT('',(48.001966141157,76.398482335358,25.));
#14337 = CARTESIAN_POINT('',(50.633932680361,75.308286099101,25.));
#14338 = CARTESIAN_POINT('',(53.095840271951,73.884898782368,25.));
#14339 = CARTESIAN_POINT('',(55.33890058723,72.161099412769,25.));
#14340 = CARTESIAN_POINT('',(57.322330470336,70.177669529664,25.));
#14341 = ORIENTED_EDGE('',*,*,#14224,.T.);
#14342 = ORIENTED_EDGE('',*,*,#12804,.F.);
#14343 = B_SPLINE_SURFACE_WITH_KNOTS('',7,7,(
    (#14344,#14345,#14346,#14347,#14348,#14349,#14350,#14351)
    ,(#14352,#14353,#14354,#14355,#14356,#14357,#14358,#14359)
    ,(#14360,#14361,#14362,#14363,#14364,#14365,#14366,#14367)
    ,(#14368,#14369,#14370,#14371,#14372,#14373,#14374,#14375)
    ,(#14376,#14377,#14378,#14379,#14380,#14381,#14382,#14383)
    ,(#14384,#14385,#14386,#14387,#14388,#14389,#14390,#14391)
    ,(#14392,#14393,#14394,#14395,#14396,#14397,#14398,#14399)
    ,(#14400,#14401,#14402,#14403,#14404,#14405,#14406,#14407
  )),.UNSPECIFIED.,.F.,.F.,.F.,(8,8),(8,8),(3.,4.),(0.220488966476,
    0.573635843182),.PIECEWISE_BEZIER_KNOTS.);
#14344 = CARTESIAN_POINT('',(39.644660940673,77.5,25.));
#14345 = CARTESIAN_POINT('',(39.644660940673,72.855188746953,
    50.071736494457));
#14346 = CARTESIAN_POINT('',(39.644660940673,66.706102000799,
    74.869461290824));
#14347 = CARTESIAN_POINT('',(39.644660940672,59.072137432361,
    99.284907798463));
#14348 = CARTESIAN_POINT('',(39.644660940673,49.982429445684,
    123.2115258468));
#14349 = CARTESIAN_POINT('',(39.644660940672,39.475647391853,
    146.5456491031));
#14350 = CARTESIAN_POINT('',(39.644660940673,27.599581060482,
    169.18762576422));
#14351 = CARTESIAN_POINT('',(39.644660940673,14.410539372126,
    191.04284067084));
#14352 = CARTESIAN_POINT('',(42.449654381378,77.500000000001,25.));
#14353 = CARTESIAN_POINT('',(42.449654381378,72.855188746954,
    50.071736494457));
#14354 = CARTESIAN_POINT('',(42.449654381378,66.706102000799,
    74.869461290824));
#14355 = CARTESIAN_POINT('',(42.449654381377,59.072137432362,
    99.284907798462));
#14356 = CARTESIAN_POINT('',(42.449654381378,49.982429445683,
    123.2115258468));
#14357 = CARTESIAN_POINT('',(42.449654381378,39.475647391854,
    146.5456491031));
#14358 = CARTESIAN_POINT('',(42.449654381378,27.599581060482,
    169.18762576422));
#14359 = CARTESIAN_POINT('',(42.449654381378,14.410539372125,
    191.04284067084));
#14360 = CARTESIAN_POINT('',(45.254647764568,77.1328270641,25.));
#14361 = CARTESIAN_POINT('',(45.254647764568,72.488066382928,
    50.05091001067));
#14362 = CARTESIAN_POINT('',(45.254647764567,66.340391546113,
    74.82781427635));
#14363 = CARTESIAN_POINT('',(45.254647764568,58.709199593756,
    99.222551929648));
#14364 = CARTESIAN_POINT('',(45.254647764567,49.623614120274,
    123.12867844902));
#14365 = CARTESIAN_POINT('',(45.254647764568,39.122283498177,
    146.44263177871));
#14366 = CARTESIAN_POINT('',(45.254647764567,27.252966630084,
    169.06486172537));
#14367 = CARTESIAN_POINT('',(45.254647764568,14.071932133869,
    190.90085087171));
#14368 = CARTESIAN_POINT('',(48.001966141157,76.398482335358,25.));
#14369 = CARTESIAN_POINT('',(48.001966141157,71.753822797776,
    50.009257107933));
#14370 = CARTESIAN_POINT('',(48.001966141158,65.608971775244,
    74.744520377058));
#14371 = CARTESIAN_POINT('',(48.001966141157,57.983325046418,
    99.097840386139));
#14372 = CARTESIAN_POINT('',(48.001966141158,48.905984586489,
    122.9629839114));
#14373 = CARTESIAN_POINT('',(48.001966141157,38.415556810886,
    146.23659745061));
#14374 = CARTESIAN_POINT('',(48.001966141158,26.559738848338,
    168.81933402986));
#14375 = CARTESIAN_POINT('',(48.001966141158,13.394718711477,
    190.61687171548));
#14376 = CARTESIAN_POINT('',(50.633932680361,75.308286099101,25.));
#14377 = CARTESIAN_POINT('',(50.633932680361,70.663776717649,
    49.947419886235));
#14378 = CARTESIAN_POINT('',(50.633932680362,64.52311788386,
    74.620863609385));
#14379 = CARTESIAN_POINT('',(50.63393268036,56.905703503665,
    98.912695657748));
#14380 = CARTESIAN_POINT('',(50.633932680362,47.840603456712,
    122.71699649674));
#14381 = CARTESIAN_POINT('',(50.63393268036,37.366361869624,
    145.93072223938));
#14382 = CARTESIAN_POINT('',(50.633932680361,25.530584162617,
    168.45482760792));
#14383 = CARTESIAN_POINT('',(50.63393268036,12.389338683097,
    190.19528088059));
#14384 = CARTESIAN_POINT('',(53.095840271951,73.884898782368,25.));
#14385 = CARTESIAN_POINT('',(53.095840271951,69.240585448491,
    49.866683671838));
#14386 = CARTESIAN_POINT('',(53.095840271951,63.105400040571,
    74.459414258453));
#14387 = CARTESIAN_POINT('',(53.09584027195,55.498734019467,
    98.670966096235));
#14388 = CARTESIAN_POINT('',(53.095840271951,46.449615360083,
    122.39582921102));
#14389 = CARTESIAN_POINT('',(53.095840271951,35.996506863231,
    145.53136395718));
#14390 = CARTESIAN_POINT('',(53.095840271951,24.186894212212,
    167.978918959));
#14391 = CARTESIAN_POINT('',(53.095840271951,11.076689516535,
    189.64484140255));
#14392 = CARTESIAN_POINT('',(55.33890058723,72.161099412769,25.));
#14393 = CARTESIAN_POINT('',(55.33890058723,67.517023503158,
    49.768907730008));
#14394 = CARTESIAN_POINT('',(55.338900587231,61.388466711326,
    74.263890323339));
#14395 = CARTESIAN_POINT('',(55.338900587229,53.794817537014,
    98.378218464687));
#14396 = CARTESIAN_POINT('',(55.33890058723,44.765053206208,
    122.00687817981));
#14397 = CARTESIAN_POINT('',(55.33890058723,34.337538029739,
    145.04771938131));
#14398 = CARTESIAN_POINT('',(55.33890058723,22.559612683006,
    167.40256773024));
#14399 = CARTESIAN_POINT('',(55.33890058723,9.48700006293,
    188.97822929067));
#14400 = CARTESIAN_POINT('',(57.322330470336,70.177669529664,25.));
#14401 = CARTESIAN_POINT('',(57.322330470336,65.533866804039,
    49.656405237958));
#14402 = CARTESIAN_POINT('',(57.322330470337,59.412936999119,
    74.038917497263));
#14403 = CARTESIAN_POINT('',(57.322330470335,51.834265207537,
    98.041378568546));
#14404 = CARTESIAN_POINT('',(57.322330470337,42.8267702628,
    121.55934518266));
#14405 = CARTESIAN_POINT('',(57.322330470336,32.428703151662,
    144.49123054536));
#14406 = CARTESIAN_POINT('',(57.322330470336,20.687237701215,
    166.73940920353));
#14407 = CARTESIAN_POINT('',(57.322330470336,7.657879097489,
    188.21121521323));
#14408 = ADVANCED_FACE('',(#14409),#14437,.F.);
#14409 = FACE_BOUND('',#14410,.F.);
#14410 = EDGE_LOOP('',(#14411,#14424,#14435,#14436));
#14411 = ORIENTED_EDGE('',*,*,#14412,.F.);
#14412 = EDGE_CURVE('',#14413,#12779,#14415,.T.);
#14413 = VERTEX_POINT('',#14414);
#14414 = CARTESIAN_POINT('',(-39.64466094067,77.5,25.));
#14415 = B_SPLINE_CURVE_WITH_KNOTS('',7,(#14416,#14417,#14418,#14419,
    #14420,#14421,#14422,#14423),.UNSPECIFIED.,.F.,.F.,(8,8),(
    0.220488966476,0.573635843182),.PIECEWISE_BEZIER_KNOTS.);
#14416 = CARTESIAN_POINT('',(-39.64466094067,77.5,25.));
#14417 = CARTESIAN_POINT('',(-39.64466094067,72.855188746954,
    50.071736494457));
#14418 = CARTESIAN_POINT('',(-39.64466094067,66.706102000798,
    74.869461290824));
#14419 = CARTESIAN_POINT('',(-39.64466094067,59.072137432362,
    99.284907798463));
#14420 = CARTESIAN_POINT('',(-39.64466094067,49.982429445683,
    123.2115258468));
#14421 = CARTESIAN_POINT('',(-39.64466094067,39.475647391854,
    146.5456491031));
#14422 = CARTESIAN_POINT('',(-39.64466094067,27.599581060482,
    169.18762576422));
#14423 = CARTESIAN_POINT('',(-39.64466094067,14.410539372125,
    191.04284067084));
#14424 = ORIENTED_EDGE('',*,*,#14425,.T.);
#14425 = EDGE_CURVE('',#14413,#14319,#14426,.T.);
#14426 = B_SPLINE_CURVE_WITH_KNOTS('',7,(#14427,#14428,#14429,#14430,
    #14431,#14432,#14433,#14434),.UNSPECIFIED.,.F.,.F.,(8,8),(2.,3.),
  .PIECEWISE_BEZIER_KNOTS.);
#14427 = CARTESIAN_POINT('',(-39.64466094067,77.5,25.));
#14428 = CARTESIAN_POINT('',(-28.31761495762,77.5,25.));
#14429 = CARTESIAN_POINT('',(-16.99056897457,77.5,25.));
#14430 = CARTESIAN_POINT('',(-5.663522991525,77.5,25.));
#14431 = CARTESIAN_POINT('',(5.663522991525,77.5,25.));
#14432 = CARTESIAN_POINT('',(16.990568974574,77.5,25.));
#14433 = CARTESIAN_POINT('',(28.317614957623,77.5,25.));
#14434 = CARTESIAN_POINT('',(39.644660940673,77.5,25.));
#14435 = ORIENTED_EDGE('',*,*,#14318,.T.);
#14436 = ORIENTED_EDGE('',*,*,#12791,.F.);
#14437 = B_SPLINE_SURFACE_WITH_KNOTS('',7,7,(
    (#14438,#14439,#14440,#14441,#14442,#14443,#14444,#14445)
    ,(#14446,#14447,#14448,#14449,#14450,#14451,#14452,#14453)
    ,(#14454,#14455,#14456,#14457,#14458,#14459,#14460,#14461)
    ,(#14462,#14463,#14464,#14465,#14466,#14467,#14468,#14469)
    ,(#14470,#14471,#14472,#14473,#14474,#14475,#14476,#14477)
    ,(#14478,#14479,#14480,#14481,#14482,#14483,#14484,#14485)
    ,(#14486,#14487,#14488,#14489,#14490,#14491,#14492,#14493)
    ,(#14494,#14495,#14496,#14497,#14498,#14499,#14500,#14501
  )),.UNSPECIFIED.,.F.,.F.,.F.,(8,8),(8,8),(2.,3.),(0.220488966476,
    0.573635843182),.PIECEWISE_BEZIER_KNOTS.);
#14438 = CARTESIAN_POINT('',(-39.64466094067,77.5,25.));
#14439 = CARTESIAN_POINT('',(-39.64466094067,72.855188746954,
    50.071736494457));
#14440 = CARTESIAN_POINT('',(-39.64466094067,66.706102000798,
    74.869461290824));
#14441 = CARTESIAN_POINT('',(-39.64466094067,59.072137432362,
    99.284907798463));
#14442 = CARTESIAN_POINT('',(-39.64466094067,49.982429445683,
    123.2115258468));
#14443 = CARTESIAN_POINT('',(-39.64466094067,39.475647391854,
    146.5456491031));
#14444 = CARTESIAN_POINT('',(-39.64466094067,27.599581060482,
    169.18762576422));
#14445 = CARTESIAN_POINT('',(-39.64466094067,14.410539372125,
    191.04284067084));
#14446 = CARTESIAN_POINT('',(-28.31761495762,77.5,25.));
#14447 = CARTESIAN_POINT('',(-28.31761495762,72.855188746954,
    50.071736494457));
#14448 = CARTESIAN_POINT('',(-28.31761495762,66.706102000798,
    74.869461290824));
#14449 = CARTESIAN_POINT('',(-28.31761495762,59.072137432362,
    99.284907798463));
#14450 = CARTESIAN_POINT('',(-28.31761495762,49.982429445683,
    123.2115258468));
#14451 = CARTESIAN_POINT('',(-28.31761495762,39.475647391854,
    146.5456491031));
#14452 = CARTESIAN_POINT('',(-28.31761495762,27.599581060482,
    169.18762576422));
#14453 = CARTESIAN_POINT('',(-28.31761495762,14.410539372125,
    191.04284067084));
#14454 = CARTESIAN_POINT('',(-16.99056897457,77.5,25.));
#14455 = CARTESIAN_POINT('',(-16.99056897457,72.855188746954,
    50.071736494457));
#14456 = CARTESIAN_POINT('',(-16.99056897457,66.706102000798,
    74.869461290824));
#14457 = CARTESIAN_POINT('',(-16.99056897457,59.072137432362,
    99.284907798463));
#14458 = CARTESIAN_POINT('',(-16.99056897457,49.982429445683,
    123.2115258468));
#14459 = CARTESIAN_POINT('',(-16.99056897457,39.475647391854,
    146.5456491031));
#14460 = CARTESIAN_POINT('',(-16.99056897457,27.599581060482,
    169.18762576422));
#14461 = CARTESIAN_POINT('',(-16.99056897457,14.410539372125,
    191.04284067084));
#14462 = CARTESIAN_POINT('',(-5.663522991525,77.5,25.));
#14463 = CARTESIAN_POINT('',(-5.663522991525,72.855188746954,
    50.071736494457));
#14464 = CARTESIAN_POINT('',(-5.663522991525,66.706102000798,
    74.869461290824));
#14465 = CARTESIAN_POINT('',(-5.663522991525,59.072137432362,
    99.284907798463));
#14466 = CARTESIAN_POINT('',(-5.663522991525,49.982429445683,
    123.2115258468));
#14467 = CARTESIAN_POINT('',(-5.663522991525,39.475647391854,
    146.5456491031));
#14468 = CARTESIAN_POINT('',(-5.663522991525,27.599581060482,
    169.18762576422));
#14469 = CARTESIAN_POINT('',(-5.663522991525,14.410539372125,
    191.04284067084));
#14470 = CARTESIAN_POINT('',(5.663522991525,77.5,25.));
#14471 = CARTESIAN_POINT('',(5.663522991525,72.855188746954,
    50.071736494457));
#14472 = CARTESIAN_POINT('',(5.663522991525,66.706102000798,
    74.869461290824));
#14473 = CARTESIAN_POINT('',(5.663522991525,59.072137432362,
    99.284907798463));
#14474 = CARTESIAN_POINT('',(5.663522991525,49.982429445683,
    123.2115258468));
#14475 = CARTESIAN_POINT('',(5.663522991525,39.475647391854,
    146.5456491031));
#14476 = CARTESIAN_POINT('',(5.663522991525,27.599581060482,
    169.18762576422));
#14477 = CARTESIAN_POINT('',(5.663522991525,14.410539372125,
    191.04284067084));
#14478 = CARTESIAN_POINT('',(16.990568974574,77.5,25.));
#14479 = CARTESIAN_POINT('',(16.990568974574,72.855188746954,
    50.071736494457));
#14480 = CARTESIAN_POINT('',(16.990568974574,66.706102000798,
    74.869461290824));
#14481 = CARTESIAN_POINT('',(16.990568974574,59.072137432362,
    99.284907798463));
#14482 = CARTESIAN_POINT('',(16.990568974574,49.982429445683,
    123.2115258468));
#14483 = CARTESIAN_POINT('',(16.990568974574,39.475647391854,
    146.5456491031));
#14484 = CARTESIAN_POINT('',(16.990568974574,27.599581060482,
    169.18762576422));
#14485 = CARTESIAN_POINT('',(16.990568974574,14.410539372125,
    191.04284067084));
#14486 = CARTESIAN_POINT('',(28.317614957623,77.5,25.));
#14487 = CARTESIAN_POINT('',(28.317614957623,72.855188746954,
    50.071736494457));
#14488 = CARTESIAN_POINT('',(28.317614957623,66.706102000798,
    74.869461290824));
#14489 = CARTESIAN_POINT('',(28.317614957623,59.072137432362,
    99.284907798463));
#14490 = CARTESIAN_POINT('',(28.317614957623,49.982429445683,
    123.2115258468));
#14491 = CARTESIAN_POINT('',(28.317614957623,39.475647391854,
    146.5456491031));
#14492 = CARTESIAN_POINT('',(28.317614957623,27.599581060482,
    169.18762576422));
#14493 = CARTESIAN_POINT('',(28.317614957623,14.410539372125,
    191.04284067084));
#14494 = CARTESIAN_POINT('',(39.644660940673,77.5,25.));
#14495 = CARTESIAN_POINT('',(39.644660940673,72.855188746953,
    50.071736494457));
#14496 = CARTESIAN_POINT('',(39.644660940673,66.706102000799,
    74.869461290824));
#14497 = CARTESIAN_POINT('',(39.644660940672,59.072137432361,
    99.284907798463));
#14498 = CARTESIAN_POINT('',(39.644660940673,49.982429445684,
    123.2115258468));
#14499 = CARTESIAN_POINT('',(39.644660940672,39.475647391853,
    146.5456491031));
#14500 = CARTESIAN_POINT('',(39.644660940673,27.599581060482,
    169.18762576422));
#14501 = CARTESIAN_POINT('',(39.644660940673,14.410539372126,
    191.04284067084));
#14502 = ADVANCED_FACE('',(#14503),#14531,.F.);
#14503 = FACE_BOUND('',#14504,.F.);
#14504 = EDGE_LOOP('',(#14505,#14518,#14529,#14530));
#14505 = ORIENTED_EDGE('',*,*,#14506,.F.);
#14506 = EDGE_CURVE('',#14507,#12766,#14509,.T.);
#14507 = VERTEX_POINT('',#14508);
#14508 = CARTESIAN_POINT('',(-57.32233047033,70.177669529664,25.));
#14509 = B_SPLINE_CURVE_WITH_KNOTS('',7,(#14510,#14511,#14512,#14513,
    #14514,#14515,#14516,#14517),.UNSPECIFIED.,.F.,.F.,(8,8),(
    0.220488966476,0.573635843182),.PIECEWISE_BEZIER_KNOTS.);
#14510 = CARTESIAN_POINT('',(-57.32233047033,70.177669529664,25.));
#14511 = CARTESIAN_POINT('',(-57.32233047033,65.533866804039,
    49.656405237958));
#14512 = CARTESIAN_POINT('',(-57.32233047033,59.412936999119,
    74.038917497264));
#14513 = CARTESIAN_POINT('',(-57.32233047033,51.834265207537,
    98.041378568545));
#14514 = CARTESIAN_POINT('',(-57.32233047033,42.826770262799,
    121.55934518266));
#14515 = CARTESIAN_POINT('',(-57.32233047033,32.428703151662,
    144.49123054536));
#14516 = CARTESIAN_POINT('',(-57.32233047033,20.687237701215,
    166.73940920353));
#14517 = CARTESIAN_POINT('',(-57.32233047033,7.657879097489,
    188.21121521323));
#14518 = ORIENTED_EDGE('',*,*,#14519,.T.);
#14519 = EDGE_CURVE('',#14507,#14413,#14520,.T.);
#14520 = B_SPLINE_CURVE_WITH_KNOTS('',7,(#14521,#14522,#14523,#14524,
    #14525,#14526,#14527,#14528),.UNSPECIFIED.,.F.,.F.,(8,8),(1.,2.),
  .PIECEWISE_BEZIER_KNOTS.);
#14521 = CARTESIAN_POINT('',(-57.32233047033,70.177669529664,25.));
#14522 = CARTESIAN_POINT('',(-55.33890058722,72.16109941277,25.));
#14523 = CARTESIAN_POINT('',(-53.09584027195,73.884898782364,25.));
#14524 = CARTESIAN_POINT('',(-50.63393268035,75.308286099106,25.));
#14525 = CARTESIAN_POINT('',(-48.00196614115,76.398482335353,25.));
#14526 = CARTESIAN_POINT('',(-45.25464776456,77.132827064103,25.));
#14527 = CARTESIAN_POINT('',(-42.44965438137,77.5,25.));
#14528 = CARTESIAN_POINT('',(-39.64466094067,77.5,25.));
#14529 = ORIENTED_EDGE('',*,*,#14412,.T.);
#14530 = ORIENTED_EDGE('',*,*,#12778,.F.);
#14531 = B_SPLINE_SURFACE_WITH_KNOTS('',7,7,(
    (#14532,#14533,#14534,#14535,#14536,#14537,#14538,#14539)
    ,(#14540,#14541,#14542,#14543,#14544,#14545,#14546,#14547)
    ,(#14548,#14549,#14550,#14551,#14552,#14553,#14554,#14555)
    ,(#14556,#14557,#14558,#14559,#14560,#14561,#14562,#14563)
    ,(#14564,#14565,#14566,#14567,#14568,#14569,#14570,#14571)
    ,(#14572,#14573,#14574,#14575,#14576,#14577,#14578,#14579)
    ,(#14580,#14581,#14582,#14583,#14584,#14585,#14586,#14587)
    ,(#14588,#14589,#14590,#14591,#14592,#14593,#14594,#14595
  )),.UNSPECIFIED.,.F.,.F.,.F.,(8,8),(8,8),(1.,2.),(0.220488966476,
    0.573635843182),.PIECEWISE_BEZIER_KNOTS.);
#14532 = CARTESIAN_POINT('',(-57.32233047033,70.177669529664,25.));
#14533 = CARTESIAN_POINT('',(-57.32233047033,65.533866804039,
    49.656405237958));
#14534 = CARTESIAN_POINT('',(-57.32233047033,59.412936999119,
    74.038917497264));
#14535 = CARTESIAN_POINT('',(-57.32233047033,51.834265207537,
    98.041378568545));
#14536 = CARTESIAN_POINT('',(-57.32233047033,42.826770262799,
    121.55934518266));
#14537 = CARTESIAN_POINT('',(-57.32233047033,32.428703151662,
    144.49123054536));
#14538 = CARTESIAN_POINT('',(-57.32233047033,20.687237701215,
    166.73940920353));
#14539 = CARTESIAN_POINT('',(-57.32233047033,7.657879097489,
    188.21121521323));
#14540 = CARTESIAN_POINT('',(-55.33890058722,72.16109941277,25.));
#14541 = CARTESIAN_POINT('',(-55.33890058722,67.51702350316,
    49.768907730008));
#14542 = CARTESIAN_POINT('',(-55.33890058723,61.388466711327,
    74.26389032334));
#14543 = CARTESIAN_POINT('',(-55.33890058722,53.794817537016,
    98.378218464686));
#14544 = CARTESIAN_POINT('',(-55.33890058723,44.765053206208,
    122.00687817981));
#14545 = CARTESIAN_POINT('',(-55.33890058723,34.33753802974,
    145.04771938131));
#14546 = CARTESIAN_POINT('',(-55.33890058723,22.559612683006,
    167.40256773024));
#14547 = CARTESIAN_POINT('',(-55.33890058723,9.487000062931,
    188.97822929067));
#14548 = CARTESIAN_POINT('',(-53.09584027195,73.884898782364,25.));
#14549 = CARTESIAN_POINT('',(-53.09584027195,69.240585448488,
    49.866683671838));
#14550 = CARTESIAN_POINT('',(-53.09584027195,63.105400040569,
    74.459414258453));
#14551 = CARTESIAN_POINT('',(-53.09584027195,55.498734019464,
    98.670966096234));
#14552 = CARTESIAN_POINT('',(-53.09584027195,46.449615360082,
    122.39582921102));
#14553 = CARTESIAN_POINT('',(-53.09584027195,35.996506863228,
    145.53136395718));
#14554 = CARTESIAN_POINT('',(-53.09584027195,24.186894212211,
    167.978918959));
#14555 = CARTESIAN_POINT('',(-53.09584027194,11.076689516534,
    189.64484140255));
#14556 = CARTESIAN_POINT('',(-50.63393268035,75.308286099106,25.));
#14557 = CARTESIAN_POINT('',(-50.63393268035,70.663776717654,
    49.947419886236));
#14558 = CARTESIAN_POINT('',(-50.63393268036,64.523117883864,
    74.620863609386));
#14559 = CARTESIAN_POINT('',(-50.63393268036,56.905703503669,
    98.91269565775));
#14560 = CARTESIAN_POINT('',(-50.63393268036,47.840603456715,
    122.71699649674));
#14561 = CARTESIAN_POINT('',(-50.63393268036,37.366361869627,
    145.93072223938));
#14562 = CARTESIAN_POINT('',(-50.63393268036,25.53058416262,
    168.45482760792));
#14563 = CARTESIAN_POINT('',(-50.63393268036,12.3893386831,
    190.19528088059));
#14564 = CARTESIAN_POINT('',(-48.00196614115,76.398482335353,25.));
#14565 = CARTESIAN_POINT('',(-48.00196614115,71.753822797771,
    50.009257107932));
#14566 = CARTESIAN_POINT('',(-48.00196614115,65.60897177524,
    74.744520377056));
#14567 = CARTESIAN_POINT('',(-48.00196614115,57.983325046413,
    99.09784038614));
#14568 = CARTESIAN_POINT('',(-48.00196614115,48.905984586485,
    122.9629839114));
#14569 = CARTESIAN_POINT('',(-48.00196614115,38.415556810882,
    146.23659745061));
#14570 = CARTESIAN_POINT('',(-48.00196614115,26.559738848335,
    168.81933402986));
#14571 = CARTESIAN_POINT('',(-48.00196614115,13.394718711475,
    190.61687171548));
#14572 = CARTESIAN_POINT('',(-45.25464776456,77.132827064103,25.));
#14573 = CARTESIAN_POINT('',(-45.25464776456,72.488066382931,
    50.050910010671));
#14574 = CARTESIAN_POINT('',(-45.25464776456,66.340391546115,
    74.827814276351));
#14575 = CARTESIAN_POINT('',(-45.25464776456,58.709199593759,
    99.222551929649));
#14576 = CARTESIAN_POINT('',(-45.25464776456,49.623614120276,
    123.12867844902));
#14577 = CARTESIAN_POINT('',(-45.25464776456,39.122283498179,
    146.44263177871));
#14578 = CARTESIAN_POINT('',(-45.25464776456,27.252966630086,
    169.06486172538));
#14579 = CARTESIAN_POINT('',(-45.25464776457,14.071932133871,
    190.90085087171));
#14580 = CARTESIAN_POINT('',(-42.44965438137,77.5,25.));
#14581 = CARTESIAN_POINT('',(-42.44965438137,72.855188746953,
    50.071736494457));
#14582 = CARTESIAN_POINT('',(-42.44965438137,66.706102000798,
    74.869461290824));
#14583 = CARTESIAN_POINT('',(-42.44965438137,59.072137432361,
    99.284907798462));
#14584 = CARTESIAN_POINT('',(-42.44965438137,49.982429445683,
    123.2115258468));
#14585 = CARTESIAN_POINT('',(-42.44965438137,39.475647391853,
    146.5456491031));
#14586 = CARTESIAN_POINT('',(-42.44965438137,27.599581060481,
    169.18762576422));
#14587 = CARTESIAN_POINT('',(-42.44965438137,14.410539372125,
    191.04284067084));
#14588 = CARTESIAN_POINT('',(-39.64466094067,77.5,25.));
#14589 = CARTESIAN_POINT('',(-39.64466094067,72.855188746954,
    50.071736494457));
#14590 = CARTESIAN_POINT('',(-39.64466094067,66.706102000798,
    74.869461290824));
#14591 = CARTESIAN_POINT('',(-39.64466094067,59.072137432362,
    99.284907798463));
#14592 = CARTESIAN_POINT('',(-39.64466094067,49.982429445683,
    123.2115258468));
#14593 = CARTESIAN_POINT('',(-39.64466094067,39.475647391854,
    146.5456491031));
#14594 = CARTESIAN_POINT('',(-39.64466094067,27.599581060482,
    169.18762576422));
#14595 = CARTESIAN_POINT('',(-39.64466094067,14.410539372125,
    191.04284067084));
#14596 = ADVANCED_FACE('',(#14597),#14625,.F.);
#14597 = FACE_BOUND('',#14598,.F.);
#14598 = EDGE_LOOP('',(#14599,#14612,#14623,#14624));
#14599 = ORIENTED_EDGE('',*,*,#14600,.F.);
#14600 = EDGE_CURVE('',#14601,#12753,#14603,.T.);
#14601 = VERTEX_POINT('',#14602);
#14602 = CARTESIAN_POINT('',(-70.17766952966,57.322330470336,25.));
#14603 = B_SPLINE_CURVE_WITH_KNOTS('',7,(#14604,#14605,#14606,#14607,
    #14608,#14609,#14610,#14611),.UNSPECIFIED.,.F.,.F.,(8,8),(
    0.220488966476,0.573635843182),.PIECEWISE_BEZIER_KNOTS.);
#14604 = CARTESIAN_POINT('',(-70.17766952966,57.322330470336,25.));
#14605 = CARTESIAN_POINT('',(-70.17766952966,52.680298350669,
    48.927235181258));
#14606 = CARTESIAN_POINT('',(-70.17766952966,46.608801854983,
    72.580785811851));
#14607 = CARTESIAN_POINT('',(-70.17766952966,39.127203993195,
    95.858195230195));
#14608 = CARTESIAN_POINT('',(-70.17766952966,30.264045135654,
    118.65871911685));
#14609 = CARTESIAN_POINT('',(-70.17766952966,20.056841774082,
    140.88442158796));
#14610 = CARTESIAN_POINT('',(-70.17766952966,8.551686330262,
    162.44123472127));
#14611 = CARTESIAN_POINT('',(-70.17766952966,-4.197327074176,
    183.23991468343));
#14612 = ORIENTED_EDGE('',*,*,#14613,.T.);
#14613 = EDGE_CURVE('',#14601,#14507,#14614,.T.);
#14614 = B_SPLINE_CURVE_WITH_KNOTS('',7,(#14615,#14616,#14617,#14618,
    #14619,#14620,#14621,#14622),.UNSPECIFIED.,.F.,.F.,(8,8),(0.,1.),
  .PIECEWISE_BEZIER_KNOTS.);
#14615 = CARTESIAN_POINT('',(-70.17766952966,57.322330470336,25.));
#14616 = CARTESIAN_POINT('',(-68.34119252118,59.158807478812,25.));
#14617 = CARTESIAN_POINT('',(-66.50471551271,60.995284487287,25.));
#14618 = CARTESIAN_POINT('',(-64.66823850423,62.831761495762,25.));
#14619 = CARTESIAN_POINT('',(-62.83176149576,64.668238504238,25.));
#14620 = CARTESIAN_POINT('',(-60.99528448728,66.504715512713,25.));
#14621 = CARTESIAN_POINT('',(-59.15880747881,68.341192521188,25.));
#14622 = CARTESIAN_POINT('',(-57.32233047033,70.177669529664,25.));
#14623 = ORIENTED_EDGE('',*,*,#14506,.T.);
#14624 = ORIENTED_EDGE('',*,*,#12765,.F.);
#14625 = B_SPLINE_SURFACE_WITH_KNOTS('',7,7,(
    (#14626,#14627,#14628,#14629,#14630,#14631,#14632,#14633)
    ,(#14634,#14635,#14636,#14637,#14638,#14639,#14640,#14641)
    ,(#14642,#14643,#14644,#14645,#14646,#14647,#14648,#14649)
    ,(#14650,#14651,#14652,#14653,#14654,#14655,#14656,#14657)
    ,(#14658,#14659,#14660,#14661,#14662,#14663,#14664,#14665)
    ,(#14666,#14667,#14668,#14669,#14670,#14671,#14672,#14673)
    ,(#14674,#14675,#14676,#14677,#14678,#14679,#14680,#14681)
    ,(#14682,#14683,#14684,#14685,#14686,#14687,#14688,#14689
  )),.UNSPECIFIED.,.F.,.F.,.F.,(8,8),(8,8),(0.,1.),(0.220488966476,
    0.573635843182),.PIECEWISE_BEZIER_KNOTS.);
#14626 = CARTESIAN_POINT('',(-70.17766952966,57.322330470336,25.));
#14627 = CARTESIAN_POINT('',(-70.17766952966,52.680298350669,
    48.927235181258));
#14628 = CARTESIAN_POINT('',(-70.17766952966,46.608801854983,
    72.580785811851));
#14629 = CARTESIAN_POINT('',(-70.17766952966,39.127203993195,
    95.858195230195));
#14630 = CARTESIAN_POINT('',(-70.17766952966,30.264045135654,
    118.65871911685));
#14631 = CARTESIAN_POINT('',(-70.17766952966,20.056841774082,
    140.88442158796));
#14632 = CARTESIAN_POINT('',(-70.17766952966,8.551686330262,
    162.44123472127));
#14633 = CARTESIAN_POINT('',(-70.17766952966,-4.197327074176,
    183.23991468343));
#14634 = CARTESIAN_POINT('',(-68.34119252118,59.158807478812,25.));
#14635 = CARTESIAN_POINT('',(-68.34119252118,54.516522415436,
    49.031402332215));
#14636 = CARTESIAN_POINT('',(-68.34119252118,48.437964018431,
    72.789090338339));
#14637 = CARTESIAN_POINT('',(-68.34119252118,40.942498452388,
    96.170078564244));
#14638 = CARTESIAN_POINT('',(-68.34119252118,32.058720153817,
    119.07309426911));
#14639 = CARTESIAN_POINT('',(-68.34119252118,21.824250542308,
    141.39968001044));
#14640 = CARTESIAN_POINT('',(-68.34119252118,10.285336526112,
    163.0552596473));
#14641 = CARTESIAN_POINT('',(-68.34119252118,-2.503726192509,
    183.9501004734));
#14642 = CARTESIAN_POINT('',(-66.50471551271,60.995284487287,25.));
#14643 = CARTESIAN_POINT('',(-66.50471551271,56.352746480204,
    49.135569483172));
#14644 = CARTESIAN_POINT('',(-66.50471551271,50.267126181879,
    72.997394864827));
#14645 = CARTESIAN_POINT('',(-66.50471551271,42.757792911579,
    96.481961898294));
#14646 = CARTESIAN_POINT('',(-66.50471551271,33.853395171981,
    119.48746942136));
#14647 = CARTESIAN_POINT('',(-66.50471551271,23.591659310534,
    141.91493843293));
#14648 = CARTESIAN_POINT('',(-66.50471551271,12.018986721963,
    163.66928457334));
#14649 = CARTESIAN_POINT('',(-66.50471551271,-0.810125310843,
    184.66028626337));
#14650 = CARTESIAN_POINT('',(-64.66823850423,62.831761495762,25.));
#14651 = CARTESIAN_POINT('',(-64.66823850423,58.188970544971,
    49.23973663413));
#14652 = CARTESIAN_POINT('',(-64.66823850423,52.096288345327,
    73.205699391313));
#14653 = CARTESIAN_POINT('',(-64.66823850423,44.57308737077,
    96.793845232347));
#14654 = CARTESIAN_POINT('',(-64.66823850423,35.648070190145,
    119.90184457362));
#14655 = CARTESIAN_POINT('',(-64.66823850423,25.359068078759,
    142.43019685542));
#14656 = CARTESIAN_POINT('',(-64.66823850423,13.752636917813,
    164.28330949938));
#14657 = CARTESIAN_POINT('',(-64.66823850423,0.883475570824,
    185.37047205335));
#14658 = CARTESIAN_POINT('',(-62.83176149576,64.668238504238,25.));
#14659 = CARTESIAN_POINT('',(-62.83176149576,60.025194609738,
    49.343903785087));
#14660 = CARTESIAN_POINT('',(-62.83176149576,53.925450508775,
    73.414003917801));
#14661 = CARTESIAN_POINT('',(-62.83176149576,46.388381829962,
    97.105728566396));
#14662 = CARTESIAN_POINT('',(-62.83176149576,37.442745208309,
    120.31621972588));
#14663 = CARTESIAN_POINT('',(-62.83176149576,27.126476846985,
    142.9454552779));
#14664 = CARTESIAN_POINT('',(-62.83176149576,15.486287113664,
    164.89733442542));
#14665 = CARTESIAN_POINT('',(-62.83176149576,2.57707645249,
    186.08065784332));
#14666 = CARTESIAN_POINT('',(-60.99528448728,66.504715512713,25.));
#14667 = CARTESIAN_POINT('',(-60.99528448728,61.861418674505,
    49.448070936044));
#14668 = CARTESIAN_POINT('',(-60.99528448728,55.754612672223,
    73.622308444288));
#14669 = CARTESIAN_POINT('',(-60.99528448728,48.203676289154,
    97.417611900446));
#14670 = CARTESIAN_POINT('',(-60.99528448728,39.237420226473,
    120.73059487814));
#14671 = CARTESIAN_POINT('',(-60.99528448728,28.893885615211,
    143.46071370039));
#14672 = CARTESIAN_POINT('',(-60.99528448728,17.219937309514,
    165.51135935146));
#14673 = CARTESIAN_POINT('',(-60.99528448728,4.270677334156,
    186.79084363329));
#14674 = CARTESIAN_POINT('',(-59.15880747881,68.341192521188,25.));
#14675 = CARTESIAN_POINT('',(-59.15880747881,63.697642739272,
    49.552238087));
#14676 = CARTESIAN_POINT('',(-59.15880747881,57.583774835671,
    73.830612970776));
#14677 = CARTESIAN_POINT('',(-59.15880747881,50.018970748346,
    97.729495234495));
#14678 = CARTESIAN_POINT('',(-59.15880747881,41.032095244636,
    121.1449700304));
#14679 = CARTESIAN_POINT('',(-59.15880747881,30.661294383437,
    143.97597212288));
#14680 = CARTESIAN_POINT('',(-59.15880747881,18.953587505365,
    166.12538427749));
#14681 = CARTESIAN_POINT('',(-59.15880747881,5.964278215823,
    187.50102942326));
#14682 = CARTESIAN_POINT('',(-57.32233047033,70.177669529664,25.));
#14683 = CARTESIAN_POINT('',(-57.32233047033,65.533866804039,
    49.656405237958));
#14684 = CARTESIAN_POINT('',(-57.32233047033,59.412936999119,
    74.038917497264));
#14685 = CARTESIAN_POINT('',(-57.32233047033,51.834265207537,
    98.041378568545));
#14686 = CARTESIAN_POINT('',(-57.32233047033,42.826770262799,
    121.55934518266));
#14687 = CARTESIAN_POINT('',(-57.32233047033,32.428703151662,
    144.49123054536));
#14688 = CARTESIAN_POINT('',(-57.32233047033,20.687237701215,
    166.73940920353));
#14689 = CARTESIAN_POINT('',(-57.32233047033,7.657879097489,
    188.21121521323));
#14690 = ADVANCED_FACE('',(#14691),#14707,.F.);
#14691 = FACE_BOUND('',#14692,.F.);
#14692 = EDGE_LOOP('',(#14693,#14694,#14705,#14706));
#14693 = ORIENTED_EDGE('',*,*,#13480,.F.);
#14694 = ORIENTED_EDGE('',*,*,#14695,.T.);
#14695 = EDGE_CURVE('',#13468,#14601,#14696,.T.);
#14696 = B_SPLINE_CURVE_WITH_KNOTS('',7,(#14697,#14698,#14699,#14700,
    #14701,#14702,#14703,#14704),.UNSPECIFIED.,.F.,.F.,(8,8),(15.,16.),
  .PIECEWISE_BEZIER_KNOTS.);
#14697 = CARTESIAN_POINT('',(-77.5,39.644660940673,25.));
#14698 = CARTESIAN_POINT('',(-77.5,42.449654381378,25.));
#14699 = CARTESIAN_POINT('',(-77.1328270641,45.254647764567,25.));
#14700 = CARTESIAN_POINT('',(-76.39848233535,48.001966141157,25.));
#14701 = CARTESIAN_POINT('',(-75.30828609911,50.633932680361,25.));
#14702 = CARTESIAN_POINT('',(-73.88489878236,53.095840271951,25.));
#14703 = CARTESIAN_POINT('',(-72.16109941277,55.33890058723,25.));
#14704 = CARTESIAN_POINT('',(-70.17766952966,57.322330470336,25.));
#14705 = ORIENTED_EDGE('',*,*,#14600,.T.);
#14706 = ORIENTED_EDGE('',*,*,#12752,.F.);
#14707 = B_SPLINE_SURFACE_WITH_KNOTS('',7,7,(
    (#14708,#14709,#14710,#14711,#14712,#14713,#14714,#14715)
    ,(#14716,#14717,#14718,#14719,#14720,#14721,#14722,#14723)
    ,(#14724,#14725,#14726,#14727,#14728,#14729,#14730,#14731)
    ,(#14732,#14733,#14734,#14735,#14736,#14737,#14738,#14739)
    ,(#14740,#14741,#14742,#14743,#14744,#14745,#14746,#14747)
    ,(#14748,#14749,#14750,#14751,#14752,#14753,#14754,#14755)
    ,(#14756,#14757,#14758,#14759,#14760,#14761,#14762,#14763)
    ,(#14764,#14765,#14766,#14767,#14768,#14769,#14770,#14771
  )),.UNSPECIFIED.,.F.,.F.,.F.,(8,8),(8,8),(15.,16.),(0.220488966476,
    0.573635843182),.PIECEWISE_BEZIER_KNOTS.);
#14708 = CARTESIAN_POINT('',(-77.5,39.644660940673,25.));
#14709 = CARTESIAN_POINT('',(-77.5,35.005063621585,47.924536828941));
#14710 = CARTESIAN_POINT('',(-77.5,29.001543995303,70.575675721291));
#14711 = CARTESIAN_POINT('',(-77.49999999999,21.653434705302,
    92.856050098126));
#14712 = CARTESIAN_POINT('',(-77.5,12.988755688617,114.67000214999));
#14713 = CARTESIAN_POINT('',(-77.49999999999,3.044013416125,
    135.92461644307));
#14714 = CARTESIAN_POINT('',(-77.5,-8.136186755459,156.53071709682));
#14715 = CARTESIAN_POINT('',(-77.5,-20.4996910913,176.40376610012));
#14716 = CARTESIAN_POINT('',(-77.5,42.449654381378,25.));
#14717 = CARTESIAN_POINT('',(-77.49999999999,37.809670721792,
    48.083639379));
#14718 = CARTESIAN_POINT('',(-77.5,31.795364907179,70.893835343094));
#14719 = CARTESIAN_POINT('',(-77.49999999999,24.426074399391,
    93.332413647594));
#14720 = CARTESIAN_POINT('',(-77.5,15.729901714902,115.30290938418));
#14721 = CARTESIAN_POINT('',(-77.49999999999,5.743513589032,
    136.71161050217));
#14722 = CARTESIAN_POINT('',(-77.5,-5.488248662363,157.4685648793));
#14723 = CARTESIAN_POINT('',(-77.5,-17.91292341475,177.48848781096));
#14724 = CARTESIAN_POINT('',(-77.1328270641,45.254647764567,25.));
#14725 = CARTESIAN_POINT('',(-77.1328270641,40.614277764491,
    48.242741925795));
#14726 = CARTESIAN_POINT('',(-77.1328270641,34.589185761769,
    71.211994958373));
#14727 = CARTESIAN_POINT('',(-77.1328270641,27.198714036629,
    93.808777187296));
#14728 = CARTESIAN_POINT('',(-77.1328270641,18.471047684981,
    115.93581660539));
#14729 = CARTESIAN_POINT('',(-77.1328270641,8.443013706586,
    137.49860454514));
#14730 = CARTESIAN_POINT('',(-77.1328270641,-2.840310623561,
    158.40641264254));
#14731 = CARTESIAN_POINT('',(-77.1328270641,-15.32615579124,
    178.57320949956));
#14732 = CARTESIAN_POINT('',(-76.39848233535,48.001966141157,25.));
#14733 = CARTESIAN_POINT('',(-76.39848233535,43.361217744349,
    48.39857307791));
#14734 = CARTESIAN_POINT('',(-76.39848233535,37.325561334243,
    71.523612719393));
#14735 = CARTESIAN_POINT('',(-76.39848233535,29.914343910371,
    94.275345955125));
#14736 = CARTESIAN_POINT('',(-76.39848233535,21.155831450121,
    116.55571027427));
#14737 = CARTESIAN_POINT('',(-76.39848233535,11.087007922404,
    138.26941677217));
#14738 = CARTESIAN_POINT('',(-76.39848233535,-0.24681829033,
    159.32497680382));
#14739 = CARTESIAN_POINT('',(-76.39848233535,-12.79257611486,
    179.63562763089));
#14740 = CARTESIAN_POINT('',(-75.30828609911,50.633932680361,25.));
#14741 = CARTESIAN_POINT('',(-75.30828609911,45.99282177459,
    48.547861337189));
#14742 = CARTESIAN_POINT('',(-75.30828609911,39.947044525569,
    71.822146564984));
#14743 = CARTESIAN_POINT('',(-75.3082860991,32.515952453983,
    94.722324869407));
#14744 = CARTESIAN_POINT('',(-75.30828609911,23.72788902272,
    117.1495764269));
#14745 = CARTESIAN_POINT('',(-75.3082860991,13.619988579172,
    139.00786485552));
#14746 = CARTESIAN_POINT('',(-75.30828609911,2.237780909719,
    160.20497315123));
#14747 = CARTESIAN_POINT('',(-75.3082860991,-10.365374015,
    180.65343794226));
#14748 = CARTESIAN_POINT('',(-73.88489878236,53.095840271951,25.));
#14749 = CARTESIAN_POINT('',(-73.88489878236,48.454390279965,
    48.687503651551));
#14750 = CARTESIAN_POINT('',(-73.88489878236,42.399146128615,
    72.101391277961));
#14751 = CARTESIAN_POINT('',(-73.88489878235,34.949463567614,
    95.140423187137));
#14752 = CARTESIAN_POINT('',(-73.88489878236,26.133758538789,
    117.70507117495));
#14753 = CARTESIAN_POINT('',(-73.88489878236,15.989306051623,
    139.69859967882));
#14754 = CARTESIAN_POINT('',(-73.88489878236,4.56184299088,
    161.02811039709));
#14755 = CARTESIAN_POINT('',(-73.88489878236,-8.095000441883,
    181.60548459446));
#14756 = CARTESIAN_POINT('',(-72.16109941277,55.33890058723,25.));
#14757 = CARTESIAN_POINT('',(-72.16109941277,50.69714165155,
    48.814732689208));
#14758 = CARTESIAN_POINT('',(-72.16109941277,44.633272142775,
    72.355812985776));
#14759 = CARTESIAN_POINT('',(-72.16109941277,37.166651663719,
    95.521355334054));
#14760 = CARTESIAN_POINT('',(-72.16109941277,28.325762192245,
    118.21118611969));
#14761 = CARTESIAN_POINT('',(-72.16109941277,18.148006896006,
    140.32793275201));
#14762 = CARTESIAN_POINT('',(-72.16109941277,6.679311348472,
    161.77807619456));
#14763 = CARTESIAN_POINT('',(-72.16109941277,-6.026448039616,
    182.472900606));
#14764 = CARTESIAN_POINT('',(-70.17766952966,57.322330470336,25.));
#14765 = CARTESIAN_POINT('',(-70.17766952966,52.680298350669,
    48.927235181258));
#14766 = CARTESIAN_POINT('',(-70.17766952966,46.608801854983,
    72.580785811851));
#14767 = CARTESIAN_POINT('',(-70.17766952966,39.127203993195,
    95.858195230195));
#14768 = CARTESIAN_POINT('',(-70.17766952966,30.264045135654,
    118.65871911685));
#14769 = CARTESIAN_POINT('',(-70.17766952966,20.056841774082,
    140.88442158796));
#14770 = CARTESIAN_POINT('',(-70.17766952966,8.551686330262,
    162.44123472127));
#14771 = CARTESIAN_POINT('',(-70.17766952966,-4.197327074176,
    183.23991468343));
#14772 = ADVANCED_FACE('',(#14773),#14815,.T.);
#14773 = FACE_BOUND('',#14774,.T.);
#14774 = EDGE_LOOP('',(#14775,#14783,#14792,#14800,#14808,#14814));
#14775 = ORIENTED_EDGE('',*,*,#14776,.T.);
#14776 = EDGE_CURVE('',#12980,#14777,#14779,.T.);
#14777 = VERTEX_POINT('',#14778);
#14778 = CARTESIAN_POINT('',(45.,-60.40470041639,278.9500638973));
#14779 = LINE('',#14780,#14781);
#14780 = CARTESIAN_POINT('',(45.,-33.33493310181,214.39599588037));
#14781 = VECTOR('',#14782,1.);
#14782 = DIRECTION('',(0.,-0.386710961637,0.92220097167));
#14783 = ORIENTED_EDGE('',*,*,#14784,.T.);
#14784 = EDGE_CURVE('',#14777,#14785,#14787,.T.);
#14785 = VERTEX_POINT('',#14786);
#14786 = CARTESIAN_POINT('',(35.,-64.27181003275,288.172073614));
#14787 = CIRCLE('',#14788,10.);
#14788 = AXIS2_PLACEMENT_3D('',#14789,#14790,#14791);
#14789 = CARTESIAN_POINT('',(35.,-60.40470041639,278.9500638973));
#14790 = DIRECTION('',(0.,-0.92220097167,-0.386710961637));
#14791 = DIRECTION('',(0.,0.386710961637,-0.92220097167));
#14792 = ORIENTED_EDGE('',*,*,#14793,.F.);
#14793 = EDGE_CURVE('',#14794,#14785,#14796,.T.);
#14794 = VERTEX_POINT('',#14795);
#14795 = CARTESIAN_POINT('',(90.,-64.27181003275,288.172073614));
#14796 = LINE('',#14797,#14798);
#14797 = CARTESIAN_POINT('',(22.5,-64.27181003275,288.172073614));
#14798 = VECTOR('',#14799,1.);
#14799 = DIRECTION('',(-1.,0.,0.));
#14800 = ORIENTED_EDGE('',*,*,#14801,.F.);
#14801 = EDGE_CURVE('',#14802,#14794,#14804,.T.);
#14802 = VERTEX_POINT('',#14803);
#14803 = CARTESIAN_POINT('',(90.,-33.33493310181,214.39599588037));
#14804 = LINE('',#14805,#14806);
#14805 = CARTESIAN_POINT('',(90.,-33.33493310181,214.39599588037));
#14806 = VECTOR('',#14807,1.);
#14807 = DIRECTION('',(0.,-0.386710961637,0.92220097167));
#14808 = ORIENTED_EDGE('',*,*,#14809,.F.);
#14809 = EDGE_CURVE('',#12988,#14802,#14810,.T.);
#14810 = LINE('',#14811,#14812);
#14811 = CARTESIAN_POINT('',(45.,-33.33493310181,214.39599588037));
#14812 = VECTOR('',#14813,1.);
#14813 = DIRECTION('',(1.,0.,0.));
#14814 = ORIENTED_EDGE('',*,*,#12987,.F.);
#14815 = PLANE('',#14816);
#14816 = AXIS2_PLACEMENT_3D('',#14817,#14818,#14819);
#14817 = CARTESIAN_POINT('',(45.,-33.33493310181,214.39599588037));
#14818 = DIRECTION('',(0.,0.92220097167,0.386710961637));
#14819 = DIRECTION('',(1.,0.,0.));
#14820 = ADVANCED_FACE('',(#14821),#14864,.T.);
#14821 = FACE_BOUND('',#14822,.T.);
#14822 = EDGE_LOOP('',(#14823,#14824,#14832,#14841,#14849,#14858));
#14823 = ORIENTED_EDGE('',*,*,#13035,.T.);
#14824 = ORIENTED_EDGE('',*,*,#14825,.T.);
#14825 = EDGE_CURVE('',#13036,#14826,#14828,.T.);
#14826 = VERTEX_POINT('',#14827);
#14827 = CARTESIAN_POINT('',(-45.,40.115205495689,321.10155871571));
#14828 = LINE('',#14829,#14830);
#14829 = CARTESIAN_POINT('',(-45.,67.184972810266,256.54749069878));
#14830 = VECTOR('',#14831,1.);
#14831 = DIRECTION('',(0.,-0.386710961637,0.92220097167));
#14832 = ORIENTED_EDGE('',*,*,#14833,.T.);
#14833 = EDGE_CURVE('',#14826,#14834,#14836,.T.);
#14834 = VERTEX_POINT('',#14835);
#14835 = CARTESIAN_POINT('',(-35.,36.24809587932,330.32356843242));
#14836 = CIRCLE('',#14837,10.);
#14837 = AXIS2_PLACEMENT_3D('',#14838,#14839,#14840);
#14838 = CARTESIAN_POINT('',(-35.,40.115205495689,321.10155871571));
#14839 = DIRECTION('',(-0.,0.92220097167,0.386710961637));
#14840 = DIRECTION('',(0.,-0.386710961637,0.92220097167));
#14841 = ORIENTED_EDGE('',*,*,#14842,.T.);
#14842 = EDGE_CURVE('',#14834,#14843,#14845,.T.);
#14843 = VERTEX_POINT('',#14844);
#14844 = CARTESIAN_POINT('',(35.,36.24809587932,330.32356843242));
#14845 = LINE('',#14846,#14847);
#14846 = CARTESIAN_POINT('',(-35.,36.24809587932,330.32356843242));
#14847 = VECTOR('',#14848,1.);
#14848 = DIRECTION('',(1.,0.,0.));
#14849 = ORIENTED_EDGE('',*,*,#14850,.F.);
#14850 = EDGE_CURVE('',#14851,#14843,#14853,.T.);
#14851 = VERTEX_POINT('',#14852);
#14852 = CARTESIAN_POINT('',(45.,40.115205495689,321.10155871571));
#14853 = CIRCLE('',#14854,10.);
#14854 = AXIS2_PLACEMENT_3D('',#14855,#14856,#14857);
#14855 = CARTESIAN_POINT('',(35.,40.115205495689,321.10155871571));
#14856 = DIRECTION('',(0.,-0.92220097167,-0.386710961637));
#14857 = DIRECTION('',(0.,0.386710961637,-0.92220097167));
#14858 = ORIENTED_EDGE('',*,*,#14859,.F.);
#14859 = EDGE_CURVE('',#13028,#14851,#14860,.T.);
#14860 = LINE('',#14861,#14862);
#14861 = CARTESIAN_POINT('',(45.,67.184972810266,256.54749069878));
#14862 = VECTOR('',#14863,1.);
#14863 = DIRECTION('',(0.,-0.386710961637,0.92220097167));
#14864 = PLANE('',#14865);
#14865 = AXIS2_PLACEMENT_3D('',#14866,#14867,#14868);
#14866 = CARTESIAN_POINT('',(1.37E-15,52.15465127241,292.39073927922));
#14867 = DIRECTION('',(0.,0.92220097167,0.386710961637));
#14868 = DIRECTION('',(0.,-0.386710961637,0.92220097167));
#14869 = ADVANCED_FACE('',(#14870),#14888,.F.);
#14870 = FACE_BOUND('',#14871,.F.);
#14871 = EDGE_LOOP('',(#14872,#14873,#14874,#14882));
#14872 = ORIENTED_EDGE('',*,*,#13130,.F.);
#14873 = ORIENTED_EDGE('',*,*,#13084,.F.);
#14874 = ORIENTED_EDGE('',*,*,#14875,.F.);
#14875 = EDGE_CURVE('',#14876,#13085,#14878,.T.);
#14876 = VERTEX_POINT('',#14877);
#14877 = CARTESIAN_POINT('',(-90.,-111.7220156938,181.52556414124));
#14878 = LINE('',#14879,#14880);
#14879 = CARTESIAN_POINT('',(-90.,-111.7220156938,181.52556414124));
#14880 = VECTOR('',#14881,1.);
#14881 = DIRECTION('',(0.,0.92220097167,0.386710961637));
#14882 = ORIENTED_EDGE('',*,*,#14883,.F.);
#14883 = EDGE_CURVE('',#13131,#14876,#14884,.T.);
#14884 = LINE('',#14885,#14886);
#14885 = CARTESIAN_POINT('',(-45.,-111.7220156938,181.52556414124));
#14886 = VECTOR('',#14887,1.);
#14887 = DIRECTION('',(-1.,0.,0.));
#14888 = PLANE('',#14889);
#14889 = AXIS2_PLACEMENT_3D('',#14890,#14891,#14892);
#14890 = CARTESIAN_POINT('',(5.6E-15,-72.5284743978,197.9607800108));
#14891 = DIRECTION('',(0.,-0.386710961637,0.92220097167));
#14892 = DIRECTION('',(0.,0.92220097167,0.386710961637));
#14893 = ADVANCED_FACE('',(#14894),#14912,.T.);
#14894 = FACE_BOUND('',#14895,.T.);
#14895 = EDGE_LOOP('',(#14896,#14904,#14910,#14911));
#14896 = ORIENTED_EDGE('',*,*,#14897,.T.);
#14897 = EDGE_CURVE('',#14876,#14898,#14900,.T.);
#14898 = VERTEX_POINT('',#14899);
#14899 = CARTESIAN_POINT('',(-90.,-142.6588926247,255.30164187487));
#14900 = LINE('',#14901,#14902);
#14901 = CARTESIAN_POINT('',(-90.,-111.7220156938,181.52556414124));
#14902 = VECTOR('',#14903,1.);
#14903 = DIRECTION('',(0.,-0.386710961637,0.92220097167));
#14904 = ORIENTED_EDGE('',*,*,#14905,.T.);
#14905 = EDGE_CURVE('',#14898,#13093,#14906,.T.);
#14906 = LINE('',#14907,#14908);
#14907 = CARTESIAN_POINT('',(-90.,-142.6588926247,255.30164187487));
#14908 = VECTOR('',#14909,1.);
#14909 = DIRECTION('',(0.,0.92220097167,0.386710961637));
#14910 = ORIENTED_EDGE('',*,*,#13092,.F.);
#14911 = ORIENTED_EDGE('',*,*,#14875,.F.);
#14912 = PLANE('',#14913);
#14913 = AXIS2_PLACEMENT_3D('',#14914,#14915,#14916);
#14914 = CARTESIAN_POINT('',(-90.,-111.7220156938,181.52556414124));
#14915 = DIRECTION('',(-1.,0.,0.));
#14916 = DIRECTION('',(0.,0.92220097167,0.386710961637));
#14917 = ADVANCED_FACE('',(#14918),#14939,.T.);
#14918 = FACE_BOUND('',#14919,.T.);
#14919 = EDGE_LOOP('',(#14920,#14928,#14929,#14930,#14931,#14932,#14933)
  );
#14920 = ORIENTED_EDGE('',*,*,#14921,.T.);
#14921 = EDGE_CURVE('',#14922,#13131,#14924,.T.);
#14922 = VERTEX_POINT('',#14923);
#14923 = CARTESIAN_POINT('',(-45.,-111.7220156938,181.52556414124));
#14924 = LINE('',#14925,#14926);
#14925 = CARTESIAN_POINT('',(-45.,-111.7220156938,181.52556414124));
#14926 = VECTOR('',#14927,1.);
#14927 = DIRECTION('',(-1.,0.,0.));
#14928 = ORIENTED_EDGE('',*,*,#13138,.T.);
#14929 = ORIENTED_EDGE('',*,*,#13174,.T.);
#14930 = ORIENTED_EDGE('',*,*,#13206,.F.);
#14931 = ORIENTED_EDGE('',*,*,#13240,.T.);
#14932 = ORIENTED_EDGE('',*,*,#13308,.F.);
#14933 = ORIENTED_EDGE('',*,*,#14934,.T.);
#14934 = EDGE_CURVE('',#13301,#14922,#14935,.T.);
#14935 = LINE('',#14936,#14937);
#14936 = CARTESIAN_POINT('',(-45.,-148.6100545606,166.05712567576));
#14937 = VECTOR('',#14938,1.);
#14938 = DIRECTION('',(0.,0.92220097167,0.386710961637));
#14939 = PLANE('',#14940);
#14940 = AXIS2_PLACEMENT_3D('',#14941,#14942,#14943);
#14941 = CARTESIAN_POINT('',(1.85E-15,-72.5284743978,197.9607800108));
#14942 = DIRECTION('',(0.,-0.386710961637,0.92220097167));
#14943 = DIRECTION('',(0.,0.92220097167,0.386710961637));
#14944 = ADVANCED_FACE('',(#14945),#14970,.F.);
#14945 = FACE_BOUND('',#14946,.F.);
#14946 = EDGE_LOOP('',(#14947,#14948,#14956,#14964));
#14947 = ORIENTED_EDGE('',*,*,#13281,.F.);
#14948 = ORIENTED_EDGE('',*,*,#14949,.T.);
#14949 = EDGE_CURVE('',#13282,#14950,#14952,.T.);
#14950 = VERTEX_POINT('',#14951);
#14951 = CARTESIAN_POINT('',(-35.,-167.054073994,158.32290644303));
#14952 = LINE('',#14953,#14954);
#14953 = CARTESIAN_POINT('',(-35.,-148.6100545606,166.05712567576));
#14954 = VECTOR('',#14955,1.);
#14955 = DIRECTION('',(0.,-0.92220097167,-0.386710961637));
#14956 = ORIENTED_EDGE('',*,*,#14957,.T.);
#14957 = EDGE_CURVE('',#14950,#14958,#14960,.T.);
#14958 = VERTEX_POINT('',#14959);
#14959 = CARTESIAN_POINT('',(35.,-167.054073994,158.32290644303));
#14960 = LINE('',#14961,#14962);
#14961 = CARTESIAN_POINT('',(-45.,-167.054073994,158.32290644303));
#14962 = VECTOR('',#14963,1.);
#14963 = DIRECTION('',(1.,0.,0.));
#14964 = ORIENTED_EDGE('',*,*,#14965,.F.);
#14965 = EDGE_CURVE('',#13284,#14958,#14966,.T.);
#14966 = LINE('',#14967,#14968);
#14967 = CARTESIAN_POINT('',(35.,-148.6100545606,166.05712567576));
#14968 = VECTOR('',#14969,1.);
#14969 = DIRECTION('',(0.,-0.92220097167,-0.386710961637));
#14970 = PLANE('',#14971);
#14971 = AXIS2_PLACEMENT_3D('',#14972,#14973,#14974);
#14972 = CARTESIAN_POINT('',(-45.,-148.6100545606,166.05712567576));
#14973 = DIRECTION('',(0.,-0.386710961637,0.92220097167));
#14974 = DIRECTION('',(1.,0.,0.));
#14975 = ADVANCED_FACE('',(#14976),#14995,.T.);
#14976 = FACE_BOUND('',#14977,.F.);
#14977 = EDGE_LOOP('',(#14978,#14979,#14987,#14994));
#14978 = ORIENTED_EDGE('',*,*,#13291,.T.);
#14979 = ORIENTED_EDGE('',*,*,#14980,.T.);
#14980 = EDGE_CURVE('',#13292,#14981,#14983,.T.);
#14981 = VERTEX_POINT('',#14982);
#14982 = CARTESIAN_POINT('',(-45.,-170.9211836103,167.54491615973));
#14983 = LINE('',#14984,#14985);
#14984 = CARTESIAN_POINT('',(-45.,-152.4771641769,175.27913539247));
#14985 = VECTOR('',#14986,1.);
#14986 = DIRECTION('',(0.,-0.92220097167,-0.386710961637));
#14987 = ORIENTED_EDGE('',*,*,#14988,.F.);
#14988 = EDGE_CURVE('',#14950,#14981,#14989,.T.);
#14989 = CIRCLE('',#14990,10.);
#14990 = AXIS2_PLACEMENT_3D('',#14991,#14992,#14993);
#14991 = CARTESIAN_POINT('',(-35.,-170.9211836103,167.54491615973));
#14992 = DIRECTION('',(0.,0.92220097167,0.386710961637));
#14993 = DIRECTION('',(0.,0.386710961637,-0.92220097167));
#14994 = ORIENTED_EDGE('',*,*,#14949,.F.);
#14995 = CYLINDRICAL_SURFACE('',#14996,10.);
#14996 = AXIS2_PLACEMENT_3D('',#14997,#14998,#14999);
#14997 = CARTESIAN_POINT('',(-35.,-152.4771641769,175.27913539247));
#14998 = DIRECTION('',(0.,-0.92220097167,-0.386710961637));
#14999 = DIRECTION('',(0.,0.386710961637,-0.92220097167));
#15000 = ADVANCED_FACE('',(#15001),#15020,.T.);
#15001 = FACE_BOUND('',#15002,.T.);
#15002 = EDGE_LOOP('',(#15003,#15004,#15012,#15019));
#15003 = ORIENTED_EDGE('',*,*,#13340,.T.);
#15004 = ORIENTED_EDGE('',*,*,#15005,.T.);
#15005 = EDGE_CURVE('',#13333,#15006,#15008,.T.);
#15006 = VERTEX_POINT('',#15007);
#15007 = CARTESIAN_POINT('',(45.,-170.9211836103,167.54491615973));
#15008 = LINE('',#15009,#15010);
#15009 = CARTESIAN_POINT('',(45.,-152.4771641769,175.27913539247));
#15010 = VECTOR('',#15011,1.);
#15011 = DIRECTION('',(0.,-0.92220097167,-0.386710961637));
#15012 = ORIENTED_EDGE('',*,*,#15013,.F.);
#15013 = EDGE_CURVE('',#14958,#15006,#15014,.T.);
#15014 = CIRCLE('',#15015,10.);
#15015 = AXIS2_PLACEMENT_3D('',#15016,#15017,#15018);
#15016 = CARTESIAN_POINT('',(35.,-170.9211836103,167.54491615973));
#15017 = DIRECTION('',(0.,-0.92220097167,-0.386710961637));
#15018 = DIRECTION('',(0.,0.386710961637,-0.92220097167));
#15019 = ORIENTED_EDGE('',*,*,#14965,.F.);
#15020 = CYLINDRICAL_SURFACE('',#15021,10.);
#15021 = AXIS2_PLACEMENT_3D('',#15022,#15023,#15024);
#15022 = CARTESIAN_POINT('',(35.,-152.4771641769,175.27913539247));
#15023 = DIRECTION('',(0.,-0.92220097167,-0.386710961637));
#15024 = DIRECTION('',(0.,0.386710961637,-0.92220097167));
#15025 = ADVANCED_FACE('',(#15026),#15053,.T.);
#15026 = FACE_BOUND('',#15027,.T.);
#15027 = EDGE_LOOP('',(#15028,#15036,#15037,#15038,#15039,#15047));
#15028 = ORIENTED_EDGE('',*,*,#15029,.F.);
#15029 = EDGE_CURVE('',#14922,#15030,#15032,.T.);
#15030 = VERTEX_POINT('',#15031);
#15031 = CARTESIAN_POINT('',(-45.,-138.7917830083,246.07963215817));
#15032 = LINE('',#15033,#15034);
#15033 = CARTESIAN_POINT('',(-45.,-111.7220156938,181.52556414124));
#15034 = VECTOR('',#15035,1.);
#15035 = DIRECTION('',(0.,-0.386710961637,0.92220097167));
#15036 = ORIENTED_EDGE('',*,*,#14934,.F.);
#15037 = ORIENTED_EDGE('',*,*,#13300,.T.);
#15038 = ORIENTED_EDGE('',*,*,#14980,.T.);
#15039 = ORIENTED_EDGE('',*,*,#15040,.F.);
#15040 = EDGE_CURVE('',#15041,#14981,#15043,.T.);
#15041 = VERTEX_POINT('',#15042);
#15042 = CARTESIAN_POINT('',(-45.,-194.1238413086,222.87697445996));
#15043 = LINE('',#15044,#15045);
#15044 = CARTESIAN_POINT('',(-45.,-197.9909509249,232.09898417666));
#15045 = VECTOR('',#15046,1.);
#15046 = DIRECTION('',(0.,0.386710961637,-0.92220097167));
#15047 = ORIENTED_EDGE('',*,*,#15048,.F.);
#15048 = EDGE_CURVE('',#15030,#15041,#15049,.T.);
#15049 = LINE('',#15050,#15051);
#15050 = CARTESIAN_POINT('',(-45.,-138.7917830083,246.07963215817));
#15051 = VECTOR('',#15052,1.);
#15052 = DIRECTION('',(0.,-0.92220097167,-0.386710961637));
#15053 = PLANE('',#15054);
#15054 = AXIS2_PLACEMENT_3D('',#15055,#15056,#15057);
#15055 = CARTESIAN_POINT('',(-45.,-154.8564833093,206.81227415895));
#15056 = DIRECTION('',(-1.,-0.,-0.));
#15057 = DIRECTION('',(0.,0.,-1.));
#15058 = ADVANCED_FACE('',(#15059),#15093,.T.);
#15059 = FACE_BOUND('',#15060,.T.);
#15060 = EDGE_LOOP('',(#15061,#15071,#15079,#15085,#15086,#15087));
#15061 = ORIENTED_EDGE('',*,*,#15062,.T.);
#15062 = EDGE_CURVE('',#15063,#15065,#15067,.T.);
#15063 = VERTEX_POINT('',#15064);
#15064 = CARTESIAN_POINT('',(45.,-111.7220156938,181.52556414124));
#15065 = VERTEX_POINT('',#15066);
#15066 = CARTESIAN_POINT('',(45.,-138.7917830083,246.07963215817));
#15067 = LINE('',#15068,#15069);
#15068 = CARTESIAN_POINT('',(45.,-111.7220156938,181.52556414124));
#15069 = VECTOR('',#15070,1.);
#15070 = DIRECTION('',(0.,-0.386710961637,0.92220097167));
#15071 = ORIENTED_EDGE('',*,*,#15072,.T.);
#15072 = EDGE_CURVE('',#15065,#15073,#15075,.T.);
#15073 = VERTEX_POINT('',#15074);
#15074 = CARTESIAN_POINT('',(45.,-194.1238413086,222.87697445996));
#15075 = LINE('',#15076,#15077);
#15076 = CARTESIAN_POINT('',(45.,-138.7917830083,246.07963215817));
#15077 = VECTOR('',#15078,1.);
#15078 = DIRECTION('',(0.,-0.92220097167,-0.386710961637));
#15079 = ORIENTED_EDGE('',*,*,#15080,.F.);
#15080 = EDGE_CURVE('',#15006,#15073,#15081,.T.);
#15081 = LINE('',#15082,#15083);
#15082 = CARTESIAN_POINT('',(45.,-167.054073994,158.32290644303));
#15083 = VECTOR('',#15084,1.);
#15084 = DIRECTION('',(0.,-0.386710961637,0.92220097167));
#15085 = ORIENTED_EDGE('',*,*,#15005,.F.);
#15086 = ORIENTED_EDGE('',*,*,#13332,.F.);
#15087 = ORIENTED_EDGE('',*,*,#15088,.F.);
#15088 = EDGE_CURVE('',#15063,#13325,#15089,.T.);
#15089 = LINE('',#15090,#15091);
#15090 = CARTESIAN_POINT('',(45.,-111.7220156938,181.52556414124));
#15091 = VECTOR('',#15092,1.);
#15092 = DIRECTION('',(0.,-0.92220097167,-0.386710961637));
#15093 = PLANE('',#15094);
#15094 = AXIS2_PLACEMENT_3D('',#15095,#15096,#15097);
#15095 = CARTESIAN_POINT('',(45.,-154.8564833093,206.81227415895));
#15096 = DIRECTION('',(1.,0.,0.));
#15097 = DIRECTION('',(0.,0.,1.));
#15098 = ADVANCED_FACE('',(#15099),#15113,.T.);
#15099 = FACE_BOUND('',#15100,.T.);
#15100 = EDGE_LOOP('',(#15101,#15102,#15103,#15104,#15105,#15106,#15107)
  );
#15101 = ORIENTED_EDGE('',*,*,#15088,.T.);
#15102 = ORIENTED_EDGE('',*,*,#13324,.F.);
#15103 = ORIENTED_EDGE('',*,*,#13389,.T.);
#15104 = ORIENTED_EDGE('',*,*,#13439,.F.);
#15105 = ORIENTED_EDGE('',*,*,#13421,.T.);
#15106 = ORIENTED_EDGE('',*,*,#13365,.F.);
#15107 = ORIENTED_EDGE('',*,*,#15108,.T.);
#15108 = EDGE_CURVE('',#13358,#15063,#15109,.T.);
#15109 = LINE('',#15110,#15111);
#15110 = CARTESIAN_POINT('',(90.,-111.7220156938,181.52556414124));
#15111 = VECTOR('',#15112,1.);
#15112 = DIRECTION('',(-1.,0.,0.));
#15113 = PLANE('',#15114);
#15114 = AXIS2_PLACEMENT_3D('',#15115,#15116,#15117);
#15115 = CARTESIAN_POINT('',(1.85E-15,-72.5284743978,197.9607800108));
#15116 = DIRECTION('',(0.,-0.386710961637,0.92220097167));
#15117 = DIRECTION('',(0.,0.92220097167,0.386710961637));
#15118 = ADVANCED_FACE('',(#15119),#15137,.F.);
#15119 = FACE_BOUND('',#15120,.F.);
#15120 = EDGE_LOOP('',(#15121,#15122,#15123,#15131));
#15121 = ORIENTED_EDGE('',*,*,#14809,.F.);
#15122 = ORIENTED_EDGE('',*,*,#13357,.T.);
#15123 = ORIENTED_EDGE('',*,*,#15124,.F.);
#15124 = EDGE_CURVE('',#15125,#13358,#15127,.T.);
#15125 = VERTEX_POINT('',#15126);
#15126 = CARTESIAN_POINT('',(90.,-111.7220156938,181.52556414124));
#15127 = LINE('',#15128,#15129);
#15128 = CARTESIAN_POINT('',(90.,-111.7220156938,181.52556414124));
#15129 = VECTOR('',#15130,1.);
#15130 = DIRECTION('',(-1.,0.,0.));
#15131 = ORIENTED_EDGE('',*,*,#15132,.F.);
#15132 = EDGE_CURVE('',#14802,#15125,#15133,.T.);
#15133 = LINE('',#15134,#15135);
#15134 = CARTESIAN_POINT('',(90.,-33.33493310181,214.39599588037));
#15135 = VECTOR('',#15136,1.);
#15136 = DIRECTION('',(0.,-0.92220097167,-0.386710961637));
#15137 = PLANE('',#15138);
#15138 = AXIS2_PLACEMENT_3D('',#15139,#15140,#15141);
#15139 = CARTESIAN_POINT('',(5.6E-15,-72.5284743978,197.9607800108));
#15140 = DIRECTION('',(0.,-0.386710961637,0.92220097167));
#15141 = DIRECTION('',(0.,0.92220097167,0.386710961637));
#15142 = ADVANCED_FACE('',(#15143,#15213,#15224,#15235,#15253,#15264),
  #15275,.T.);
#15143 = FACE_BOUND('',#15144,.T.);
#15144 = EDGE_LOOP('',(#15145,#15155,#15164,#15172,#15181,#15189,#15198,
    #15206));
#15145 = ORIENTED_EDGE('',*,*,#15146,.T.);
#15146 = EDGE_CURVE('',#15147,#15149,#15151,.T.);
#15147 = VERTEX_POINT('',#15148);
#15148 = CARTESIAN_POINT('',(-72.5,-82.5,25.));
#15149 = VERTEX_POINT('',#15150);
#15150 = CARTESIAN_POINT('',(72.5,-82.5,25.));
#15151 = LINE('',#15152,#15153);
#15152 = CARTESIAN_POINT('',(-72.5,-82.5,25.));
#15153 = VECTOR('',#15154,1.);
#15154 = DIRECTION('',(1.,0.,0.));
#15155 = ORIENTED_EDGE('',*,*,#15156,.T.);
#15156 = EDGE_CURVE('',#15149,#15157,#15159,.T.);
#15157 = VERTEX_POINT('',#15158);
#15158 = CARTESIAN_POINT('',(82.5,-72.5,25.));
#15159 = CIRCLE('',#15160,10.);
#15160 = AXIS2_PLACEMENT_3D('',#15161,#15162,#15163);
#15161 = CARTESIAN_POINT('',(72.5,-72.5,25.));
#15162 = DIRECTION('',(0.,0.,1.));
#15163 = DIRECTION('',(1.,0.,0.));
#15164 = ORIENTED_EDGE('',*,*,#15165,.T.);
#15165 = EDGE_CURVE('',#15157,#15166,#15168,.T.);
#15166 = VERTEX_POINT('',#15167);
#15167 = CARTESIAN_POINT('',(82.5,72.5,25.));
#15168 = LINE('',#15169,#15170);
#15169 = CARTESIAN_POINT('',(82.5,-72.5,25.));
#15170 = VECTOR('',#15171,1.);
#15171 = DIRECTION('',(0.,1.,0.));
#15172 = ORIENTED_EDGE('',*,*,#15173,.T.);
#15173 = EDGE_CURVE('',#15166,#15174,#15176,.T.);
#15174 = VERTEX_POINT('',#15175);
#15175 = CARTESIAN_POINT('',(72.5,82.5,25.));
#15176 = CIRCLE('',#15177,10.);
#15177 = AXIS2_PLACEMENT_3D('',#15178,#15179,#15180);
#15178 = CARTESIAN_POINT('',(72.5,72.5,25.));
#15179 = DIRECTION('',(0.,0.,1.));
#15180 = DIRECTION('',(1.,0.,0.));
#15181 = ORIENTED_EDGE('',*,*,#15182,.T.);
#15182 = EDGE_CURVE('',#15174,#15183,#15185,.T.);
#15183 = VERTEX_POINT('',#15184);
#15184 = CARTESIAN_POINT('',(-72.5,82.5,25.));
#15185 = LINE('',#15186,#15187);
#15186 = CARTESIAN_POINT('',(72.5,82.5,25.));
#15187 = VECTOR('',#15188,1.);
#15188 = DIRECTION('',(-1.,0.,0.));
#15189 = ORIENTED_EDGE('',*,*,#15190,.T.);
#15190 = EDGE_CURVE('',#15183,#15191,#15193,.T.);
#15191 = VERTEX_POINT('',#15192);
#15192 = CARTESIAN_POINT('',(-82.5,72.5,25.));
#15193 = CIRCLE('',#15194,10.);
#15194 = AXIS2_PLACEMENT_3D('',#15195,#15196,#15197);
#15195 = CARTESIAN_POINT('',(-72.5,72.5,25.));
#15196 = DIRECTION('',(0.,0.,1.));
#15197 = DIRECTION('',(1.,0.,0.));
#15198 = ORIENTED_EDGE('',*,*,#15199,.T.);
#15199 = EDGE_CURVE('',#15191,#15200,#15202,.T.);
#15200 = VERTEX_POINT('',#15201);
#15201 = CARTESIAN_POINT('',(-82.5,-72.5,25.));
#15202 = LINE('',#15203,#15204);
#15203 = CARTESIAN_POINT('',(-82.5,72.5,25.));
#15204 = VECTOR('',#15205,1.);
#15205 = DIRECTION('',(0.,-1.,0.));
#15206 = ORIENTED_EDGE('',*,*,#15207,.T.);
#15207 = EDGE_CURVE('',#15200,#15147,#15208,.T.);
#15208 = CIRCLE('',#15209,10.);
#15209 = AXIS2_PLACEMENT_3D('',#15210,#15211,#15212);
#15210 = CARTESIAN_POINT('',(-72.5,-72.5,25.));
#15211 = DIRECTION('',(0.,0.,1.));
#15212 = DIRECTION('',(1.,0.,0.));
#15213 = FACE_BOUND('',#15214,.T.);
#15214 = EDGE_LOOP('',(#15215));
#15215 = ORIENTED_EDGE('',*,*,#15216,.F.);
#15216 = EDGE_CURVE('',#15217,#15217,#15219,.T.);
#15217 = VERTEX_POINT('',#15218);
#15218 = CARTESIAN_POINT('',(-66.15,-72.5,25.));
#15219 = CIRCLE('',#15220,6.35);
#15220 = AXIS2_PLACEMENT_3D('',#15221,#15222,#15223);
#15221 = CARTESIAN_POINT('',(-72.5,-72.5,25.));
#15222 = DIRECTION('',(0.,0.,1.));
#15223 = DIRECTION('',(1.,0.,0.));
#15224 = FACE_BOUND('',#15225,.T.);
#15225 = EDGE_LOOP('',(#15226));
#15226 = ORIENTED_EDGE('',*,*,#15227,.F.);
#15227 = EDGE_CURVE('',#15228,#15228,#15230,.T.);
#15228 = VERTEX_POINT('',#15229);
#15229 = CARTESIAN_POINT('',(78.85,-72.5,25.));
#15230 = CIRCLE('',#15231,6.35);
#15231 = AXIS2_PLACEMENT_3D('',#15232,#15233,#15234);
#15232 = CARTESIAN_POINT('',(72.5,-72.5,25.));
#15233 = DIRECTION('',(0.,0.,1.));
#15234 = DIRECTION('',(1.,0.,0.));
#15235 = FACE_BOUND('',#15236,.T.);
#15236 = EDGE_LOOP('',(#15237,#15238,#15239,#15240,#15241,#15242,#15243,
    #15244,#15245,#15246,#15247,#15248,#15249,#15250,#15251,#15252));
#15237 = ORIENTED_EDGE('',*,*,#14695,.T.);
#15238 = ORIENTED_EDGE('',*,*,#14613,.T.);
#15239 = ORIENTED_EDGE('',*,*,#14519,.T.);
#15240 = ORIENTED_EDGE('',*,*,#14425,.T.);
#15241 = ORIENTED_EDGE('',*,*,#14331,.T.);
#15242 = ORIENTED_EDGE('',*,*,#14237,.T.);
#15243 = ORIENTED_EDGE('',*,*,#14143,.T.);
#15244 = ORIENTED_EDGE('',*,*,#14109,.T.);
#15245 = ORIENTED_EDGE('',*,*,#14023,.T.);
#15246 = ORIENTED_EDGE('',*,*,#13937,.T.);
#15247 = ORIENTED_EDGE('',*,*,#13852,.T.);
#15248 = ORIENTED_EDGE('',*,*,#13767,.T.);
#15249 = ORIENTED_EDGE('',*,*,#13682,.T.);
#15250 = ORIENTED_EDGE('',*,*,#13597,.T.);
#15251 = ORIENTED_EDGE('',*,*,#13512,.T.);
#15252 = ORIENTED_EDGE('',*,*,#13467,.T.);
#15253 = FACE_BOUND('',#15254,.T.);
#15254 = EDGE_LOOP('',(#15255));
#15255 = ORIENTED_EDGE('',*,*,#15256,.F.);
#15256 = EDGE_CURVE('',#15257,#15257,#15259,.T.);
#15257 = VERTEX_POINT('',#15258);
#15258 = CARTESIAN_POINT('',(-66.15,72.5,25.));
#15259 = CIRCLE('',#15260,6.35);
#15260 = AXIS2_PLACEMENT_3D('',#15261,#15262,#15263);
#15261 = CARTESIAN_POINT('',(-72.5,72.5,25.));
#15262 = DIRECTION('',(0.,0.,1.));
#15263 = DIRECTION('',(1.,0.,0.));
#15264 = FACE_BOUND('',#15265,.T.);
#15265 = EDGE_LOOP('',(#15266));
#15266 = ORIENTED_EDGE('',*,*,#15267,.F.);
#15267 = EDGE_CURVE('',#15268,#15268,#15270,.T.);
#15268 = VERTEX_POINT('',#15269);
#15269 = CARTESIAN_POINT('',(78.85,72.5,25.));
#15270 = CIRCLE('',#15271,6.35);
#15271 = AXIS2_PLACEMENT_3D('',#15272,#15273,#15274);
#15272 = CARTESIAN_POINT('',(72.5,72.5,25.));
#15273 = DIRECTION('',(0.,0.,1.));
#15274 = DIRECTION('',(1.,0.,0.));
#15275 = PLANE('',#15276);
#15276 = AXIS2_PLACEMENT_3D('',#15277,#15278,#15279);
#15277 = CARTESIAN_POINT('',(8.89E-15,6.46E-15,25.));
#15278 = DIRECTION('',(0.,0.,1.));
#15279 = DIRECTION('',(1.,0.,0.));
#15280 = ADVANCED_FACE('',(#15281),#15299,.T.);
#15281 = FACE_BOUND('',#15282,.T.);
#15282 = EDGE_LOOP('',(#15283,#15284,#15292,#15298));
#15283 = ORIENTED_EDGE('',*,*,#14801,.T.);
#15284 = ORIENTED_EDGE('',*,*,#15285,.T.);
#15285 = EDGE_CURVE('',#14794,#15286,#15288,.T.);
#15286 = VERTEX_POINT('',#15287);
#15287 = CARTESIAN_POINT('',(90.,-142.6588926247,255.30164187487));
#15288 = LINE('',#15289,#15290);
#15289 = CARTESIAN_POINT('',(90.,-64.27181003275,288.172073614));
#15290 = VECTOR('',#15291,1.);
#15291 = DIRECTION('',(0.,-0.92220097167,-0.386710961637));
#15292 = ORIENTED_EDGE('',*,*,#15293,.F.);
#15293 = EDGE_CURVE('',#15125,#15286,#15294,.T.);
#15294 = LINE('',#15295,#15296);
#15295 = CARTESIAN_POINT('',(90.,-111.7220156938,181.52556414124));
#15296 = VECTOR('',#15297,1.);
#15297 = DIRECTION('',(0.,-0.386710961637,0.92220097167));
#15298 = ORIENTED_EDGE('',*,*,#15132,.F.);
#15299 = PLANE('',#15300);
#15300 = AXIS2_PLACEMENT_3D('',#15301,#15302,#15303);
#15301 = CARTESIAN_POINT('',(90.,-33.33493310181,214.39599588037));
#15302 = DIRECTION('',(1.,0.,0.));
#15303 = DIRECTION('',(0.,-0.92220097167,-0.386710961637));
#15304 = ADVANCED_FACE('',(#15305),#15326,.T.);
#15305 = FACE_BOUND('',#15306,.T.);
#15306 = EDGE_LOOP('',(#15307,#15308,#15317,#15323,#15324,#15325));
#15307 = ORIENTED_EDGE('',*,*,#15029,.T.);
#15308 = ORIENTED_EDGE('',*,*,#15309,.T.);
#15309 = EDGE_CURVE('',#15030,#15310,#15312,.T.);
#15310 = VERTEX_POINT('',#15311);
#15311 = CARTESIAN_POINT('',(-35.,-142.6588926247,255.30164187487));
#15312 = CIRCLE('',#15313,10.);
#15313 = AXIS2_PLACEMENT_3D('',#15314,#15315,#15316);
#15314 = CARTESIAN_POINT('',(-35.,-138.7917830083,246.07963215817));
#15315 = DIRECTION('',(0.,0.92220097167,0.386710961637));
#15316 = DIRECTION('',(0.,0.386710961637,-0.92220097167));
#15317 = ORIENTED_EDGE('',*,*,#15318,.F.);
#15318 = EDGE_CURVE('',#14898,#15310,#15319,.T.);
#15319 = LINE('',#15320,#15321);
#15320 = CARTESIAN_POINT('',(-22.5,-142.6588926247,255.30164187487));
#15321 = VECTOR('',#15322,1.);
#15322 = DIRECTION('',(1.,0.,0.));
#15323 = ORIENTED_EDGE('',*,*,#14897,.F.);
#15324 = ORIENTED_EDGE('',*,*,#14883,.F.);
#15325 = ORIENTED_EDGE('',*,*,#14921,.F.);
#15326 = PLANE('',#15327);
#15327 = AXIS2_PLACEMENT_3D('',#15328,#15329,#15330);
#15328 = CARTESIAN_POINT('',(-45.,-111.7220156938,181.52556414124));
#15329 = DIRECTION('',(-0.,-0.92220097167,-0.386710961637));
#15330 = DIRECTION('',(-1.,0.,0.));
#15331 = ADVANCED_FACE('',(#15332),#15353,.T.);
#15332 = FACE_BOUND('',#15333,.T.);
#15333 = EDGE_LOOP('',(#15334,#15335,#15336,#15337,#15338,#15346));
#15334 = ORIENTED_EDGE('',*,*,#15062,.F.);
#15335 = ORIENTED_EDGE('',*,*,#15108,.F.);
#15336 = ORIENTED_EDGE('',*,*,#15124,.F.);
#15337 = ORIENTED_EDGE('',*,*,#15293,.T.);
#15338 = ORIENTED_EDGE('',*,*,#15339,.T.);
#15339 = EDGE_CURVE('',#15286,#15340,#15342,.T.);
#15340 = VERTEX_POINT('',#15341);
#15341 = CARTESIAN_POINT('',(35.,-142.6588926247,255.30164187487));
#15342 = LINE('',#15343,#15344);
#15343 = CARTESIAN_POINT('',(90.,-142.6588926247,255.30164187487));
#15344 = VECTOR('',#15345,1.);
#15345 = DIRECTION('',(-1.,0.,0.));
#15346 = ORIENTED_EDGE('',*,*,#15347,.T.);
#15347 = EDGE_CURVE('',#15340,#15065,#15348,.T.);
#15348 = CIRCLE('',#15349,10.);
#15349 = AXIS2_PLACEMENT_3D('',#15350,#15351,#15352);
#15350 = CARTESIAN_POINT('',(35.,-138.7917830083,246.07963215817));
#15351 = DIRECTION('',(0.,0.92220097167,0.386710961637));
#15352 = DIRECTION('',(0.,0.386710961637,-0.92220097167));
#15353 = PLANE('',#15354);
#15354 = AXIS2_PLACEMENT_3D('',#15355,#15356,#15357);
#15355 = CARTESIAN_POINT('',(90.,-111.7220156938,181.52556414124));
#15356 = DIRECTION('',(-0.,-0.92220097167,-0.386710961637));
#15357 = DIRECTION('',(-1.,0.,0.));
#15358 = ADVANCED_FACE('',(#15359),#15378,.T.);
#15359 = FACE_BOUND('',#15360,.F.);
#15360 = EDGE_LOOP('',(#15361,#15362,#15370,#15377));
#15361 = ORIENTED_EDGE('',*,*,#15309,.T.);
#15362 = ORIENTED_EDGE('',*,*,#15363,.T.);
#15363 = EDGE_CURVE('',#15310,#15364,#15366,.T.);
#15364 = VERTEX_POINT('',#15365);
#15365 = CARTESIAN_POINT('',(-35.,-197.9909509249,232.09898417666));
#15366 = LINE('',#15367,#15368);
#15367 = CARTESIAN_POINT('',(-35.,-142.6588926247,255.30164187487));
#15368 = VECTOR('',#15369,1.);
#15369 = DIRECTION('',(0.,-0.92220097167,-0.386710961637));
#15370 = ORIENTED_EDGE('',*,*,#15371,.F.);
#15371 = EDGE_CURVE('',#15041,#15364,#15372,.T.);
#15372 = CIRCLE('',#15373,10.);
#15373 = AXIS2_PLACEMENT_3D('',#15374,#15375,#15376);
#15374 = CARTESIAN_POINT('',(-35.,-194.1238413086,222.87697445996));
#15375 = DIRECTION('',(0.,0.92220097167,0.386710961637));
#15376 = DIRECTION('',(0.,0.386710961637,-0.92220097167));
#15377 = ORIENTED_EDGE('',*,*,#15048,.F.);
#15378 = CYLINDRICAL_SURFACE('',#15379,10.);
#15379 = AXIS2_PLACEMENT_3D('',#15380,#15381,#15382);
#15380 = CARTESIAN_POINT('',(-35.,-138.7917830083,246.07963215817));
#15381 = DIRECTION('',(0.,-0.92220097167,-0.386710961637));
#15382 = DIRECTION('',(-1.,0.,0.));
#15383 = ADVANCED_FACE('',(#15384),#15403,.T.);
#15384 = FACE_BOUND('',#15385,.F.);
#15385 = EDGE_LOOP('',(#15386,#15387,#15388,#15397));
#15386 = ORIENTED_EDGE('',*,*,#15347,.T.);
#15387 = ORIENTED_EDGE('',*,*,#15072,.T.);
#15388 = ORIENTED_EDGE('',*,*,#15389,.F.);
#15389 = EDGE_CURVE('',#15390,#15073,#15392,.T.);
#15390 = VERTEX_POINT('',#15391);
#15391 = CARTESIAN_POINT('',(35.,-197.9909509249,232.09898417666));
#15392 = CIRCLE('',#15393,10.);
#15393 = AXIS2_PLACEMENT_3D('',#15394,#15395,#15396);
#15394 = CARTESIAN_POINT('',(35.,-194.1238413086,222.87697445996));
#15395 = DIRECTION('',(0.,0.92220097167,0.386710961637));
#15396 = DIRECTION('',(0.,0.386710961637,-0.92220097167));
#15397 = ORIENTED_EDGE('',*,*,#15398,.F.);
#15398 = EDGE_CURVE('',#15340,#15390,#15399,.T.);
#15399 = LINE('',#15400,#15401);
#15400 = CARTESIAN_POINT('',(35.,-142.6588926247,255.30164187487));
#15401 = VECTOR('',#15402,1.);
#15402 = DIRECTION('',(0.,-0.92220097167,-0.386710961637));
#15403 = CYLINDRICAL_SURFACE('',#15404,10.);
#15404 = AXIS2_PLACEMENT_3D('',#15405,#15406,#15407);
#15405 = CARTESIAN_POINT('',(35.,-138.7917830083,246.07963215817));
#15406 = DIRECTION('',(0.,-0.92220097167,-0.386710961637));
#15407 = DIRECTION('',(0.,-0.386710961637,0.92220097167));
#15408 = ADVANCED_FACE('',(#15409),#15424,.F.);
#15409 = FACE_BOUND('',#15410,.F.);
#15410 = EDGE_LOOP('',(#15411,#15412,#15413,#15419,#15420,#15421,#15422,
    #15423));
#15411 = ORIENTED_EDGE('',*,*,#15040,.F.);
#15412 = ORIENTED_EDGE('',*,*,#15371,.T.);
#15413 = ORIENTED_EDGE('',*,*,#15414,.F.);
#15414 = EDGE_CURVE('',#15390,#15364,#15415,.T.);
#15415 = LINE('',#15416,#15417);
#15416 = CARTESIAN_POINT('',(45.,-197.9909509249,232.09898417666));
#15417 = VECTOR('',#15418,1.);
#15418 = DIRECTION('',(-1.,-0.,0.));
#15419 = ORIENTED_EDGE('',*,*,#15389,.T.);
#15420 = ORIENTED_EDGE('',*,*,#15080,.F.);
#15421 = ORIENTED_EDGE('',*,*,#15013,.F.);
#15422 = ORIENTED_EDGE('',*,*,#14957,.F.);
#15423 = ORIENTED_EDGE('',*,*,#14988,.T.);
#15424 = PLANE('',#15425);
#15425 = AXIS2_PLACEMENT_3D('',#15426,#15427,#15428);
#15426 = CARTESIAN_POINT('',(0.,-182.5225124595,195.21094530985));
#15427 = DIRECTION('',(0.,0.92220097167,0.386710961637));
#15428 = DIRECTION('',(0.,-0.386710961637,0.92220097167));
#15429 = ADVANCED_FACE('',(#15430),#15455,.F.);
#15430 = FACE_BOUND('',#15431,.F.);
#15431 = EDGE_LOOP('',(#15432,#15440,#15441,#15449));
#15432 = ORIENTED_EDGE('',*,*,#15433,.T.);
#15433 = EDGE_CURVE('',#15434,#15147,#15436,.T.);
#15434 = VERTEX_POINT('',#15435);
#15435 = CARTESIAN_POINT('',(-72.5,-82.5,0.));
#15436 = LINE('',#15437,#15438);
#15437 = CARTESIAN_POINT('',(-72.5,-82.5,0.));
#15438 = VECTOR('',#15439,1.);
#15439 = DIRECTION('',(0.,0.,1.));
#15440 = ORIENTED_EDGE('',*,*,#15146,.T.);
#15441 = ORIENTED_EDGE('',*,*,#15442,.F.);
#15442 = EDGE_CURVE('',#15443,#15149,#15445,.T.);
#15443 = VERTEX_POINT('',#15444);
#15444 = CARTESIAN_POINT('',(72.5,-82.5,0.));
#15445 = LINE('',#15446,#15447);
#15446 = CARTESIAN_POINT('',(72.5,-82.5,0.));
#15447 = VECTOR('',#15448,1.);
#15448 = DIRECTION('',(0.,0.,1.));
#15449 = ORIENTED_EDGE('',*,*,#15450,.F.);
#15450 = EDGE_CURVE('',#15434,#15443,#15451,.T.);
#15451 = LINE('',#15452,#15453);
#15452 = CARTESIAN_POINT('',(-72.5,-82.5,0.));
#15453 = VECTOR('',#15454,1.);
#15454 = DIRECTION('',(1.,0.,0.));
#15455 = PLANE('',#15456);
#15456 = AXIS2_PLACEMENT_3D('',#15457,#15458,#15459);
#15457 = CARTESIAN_POINT('',(-72.5,-82.5,0.));
#15458 = DIRECTION('',(0.,1.,0.));
#15459 = DIRECTION('',(1.,0.,0.));
#15460 = ADVANCED_FACE('',(#15461),#15480,.T.);
#15461 = FACE_BOUND('',#15462,.F.);
#15462 = EDGE_LOOP('',(#15463,#15471,#15472,#15473));
#15463 = ORIENTED_EDGE('',*,*,#15464,.T.);
#15464 = EDGE_CURVE('',#15465,#15200,#15467,.T.);
#15465 = VERTEX_POINT('',#15466);
#15466 = CARTESIAN_POINT('',(-82.5,-72.5,0.));
#15467 = LINE('',#15468,#15469);
#15468 = CARTESIAN_POINT('',(-82.5,-72.5,0.));
#15469 = VECTOR('',#15470,1.);
#15470 = DIRECTION('',(0.,0.,1.));
#15471 = ORIENTED_EDGE('',*,*,#15207,.T.);
#15472 = ORIENTED_EDGE('',*,*,#15433,.F.);
#15473 = ORIENTED_EDGE('',*,*,#15474,.F.);
#15474 = EDGE_CURVE('',#15465,#15434,#15475,.T.);
#15475 = CIRCLE('',#15476,10.);
#15476 = AXIS2_PLACEMENT_3D('',#15477,#15478,#15479);
#15477 = CARTESIAN_POINT('',(-72.5,-72.5,0.));
#15478 = DIRECTION('',(0.,0.,1.));
#15479 = DIRECTION('',(1.,0.,0.));
#15480 = CYLINDRICAL_SURFACE('',#15481,10.);
#15481 = AXIS2_PLACEMENT_3D('',#15482,#15483,#15484);
#15482 = CARTESIAN_POINT('',(-72.5,-72.5,0.));
#15483 = DIRECTION('',(-0.,-0.,-1.));
#15484 = DIRECTION('',(1.,0.,0.));
#15485 = ADVANCED_FACE('',(#15486),#15505,.T.);
#15486 = FACE_BOUND('',#15487,.F.);
#15487 = EDGE_LOOP('',(#15488,#15489,#15490,#15498));
#15488 = ORIENTED_EDGE('',*,*,#15442,.T.);
#15489 = ORIENTED_EDGE('',*,*,#15156,.T.);
#15490 = ORIENTED_EDGE('',*,*,#15491,.F.);
#15491 = EDGE_CURVE('',#15492,#15157,#15494,.T.);
#15492 = VERTEX_POINT('',#15493);
#15493 = CARTESIAN_POINT('',(82.5,-72.5,0.));
#15494 = LINE('',#15495,#15496);
#15495 = CARTESIAN_POINT('',(82.5,-72.5,0.));
#15496 = VECTOR('',#15497,1.);
#15497 = DIRECTION('',(0.,0.,1.));
#15498 = ORIENTED_EDGE('',*,*,#15499,.F.);
#15499 = EDGE_CURVE('',#15443,#15492,#15500,.T.);
#15500 = CIRCLE('',#15501,10.);
#15501 = AXIS2_PLACEMENT_3D('',#15502,#15503,#15504);
#15502 = CARTESIAN_POINT('',(72.5,-72.5,0.));
#15503 = DIRECTION('',(0.,0.,1.));
#15504 = DIRECTION('',(1.,0.,0.));
#15505 = CYLINDRICAL_SURFACE('',#15506,10.);
#15506 = AXIS2_PLACEMENT_3D('',#15507,#15508,#15509);
#15507 = CARTESIAN_POINT('',(72.5,-72.5,0.));
#15508 = DIRECTION('',(-0.,-0.,-1.));
#15509 = DIRECTION('',(1.,0.,0.));
#15510 = ADVANCED_FACE('',(#15511),#15529,.F.);
#15511 = FACE_BOUND('',#15512,.F.);
#15512 = EDGE_LOOP('',(#15513,#15521,#15522,#15523));
#15513 = ORIENTED_EDGE('',*,*,#15514,.T.);
#15514 = EDGE_CURVE('',#15515,#15191,#15517,.T.);
#15515 = VERTEX_POINT('',#15516);
#15516 = CARTESIAN_POINT('',(-82.5,72.5,0.));
#15517 = LINE('',#15518,#15519);
#15518 = CARTESIAN_POINT('',(-82.5,72.5,0.));
#15519 = VECTOR('',#15520,1.);
#15520 = DIRECTION('',(0.,0.,1.));
#15521 = ORIENTED_EDGE('',*,*,#15199,.T.);
#15522 = ORIENTED_EDGE('',*,*,#15464,.F.);
#15523 = ORIENTED_EDGE('',*,*,#15524,.F.);
#15524 = EDGE_CURVE('',#15515,#15465,#15525,.T.);
#15525 = LINE('',#15526,#15527);
#15526 = CARTESIAN_POINT('',(-82.5,72.5,0.));
#15527 = VECTOR('',#15528,1.);
#15528 = DIRECTION('',(0.,-1.,0.));
#15529 = PLANE('',#15530);
#15530 = AXIS2_PLACEMENT_3D('',#15531,#15532,#15533);
#15531 = CARTESIAN_POINT('',(-82.5,72.5,0.));
#15532 = DIRECTION('',(1.,0.,0.));
#15533 = DIRECTION('',(0.,-1.,0.));
#15534 = ADVANCED_FACE('',(#15535),#15553,.F.);
#15535 = FACE_BOUND('',#15536,.F.);
#15536 = EDGE_LOOP('',(#15537,#15538,#15539,#15547));
#15537 = ORIENTED_EDGE('',*,*,#15491,.T.);
#15538 = ORIENTED_EDGE('',*,*,#15165,.T.);
#15539 = ORIENTED_EDGE('',*,*,#15540,.F.);
#15540 = EDGE_CURVE('',#15541,#15166,#15543,.T.);
#15541 = VERTEX_POINT('',#15542);
#15542 = CARTESIAN_POINT('',(82.5,72.5,0.));
#15543 = LINE('',#15544,#15545);
#15544 = CARTESIAN_POINT('',(82.5,72.5,0.));
#15545 = VECTOR('',#15546,1.);
#15546 = DIRECTION('',(0.,0.,1.));
#15547 = ORIENTED_EDGE('',*,*,#15548,.F.);
#15548 = EDGE_CURVE('',#15492,#15541,#15549,.T.);
#15549 = LINE('',#15550,#15551);
#15550 = CARTESIAN_POINT('',(82.5,-72.5,0.));
#15551 = VECTOR('',#15552,1.);
#15552 = DIRECTION('',(0.,1.,0.));
#15553 = PLANE('',#15554);
#15554 = AXIS2_PLACEMENT_3D('',#15555,#15556,#15557);
#15555 = CARTESIAN_POINT('',(82.5,-72.5,0.));
#15556 = DIRECTION('',(-1.,0.,0.));
#15557 = DIRECTION('',(0.,1.,0.));
#15558 = ADVANCED_FACE('',(#15559),#15578,.T.);
#15559 = FACE_BOUND('',#15560,.F.);
#15560 = EDGE_LOOP('',(#15561,#15569,#15570,#15571));
#15561 = ORIENTED_EDGE('',*,*,#15562,.T.);
#15562 = EDGE_CURVE('',#15563,#15183,#15565,.T.);
#15563 = VERTEX_POINT('',#15564);
#15564 = CARTESIAN_POINT('',(-72.5,82.5,0.));
#15565 = LINE('',#15566,#15567);
#15566 = CARTESIAN_POINT('',(-72.5,82.5,0.));
#15567 = VECTOR('',#15568,1.);
#15568 = DIRECTION('',(0.,0.,1.));
#15569 = ORIENTED_EDGE('',*,*,#15190,.T.);
#15570 = ORIENTED_EDGE('',*,*,#15514,.F.);
#15571 = ORIENTED_EDGE('',*,*,#15572,.F.);
#15572 = EDGE_CURVE('',#15563,#15515,#15573,.T.);
#15573 = CIRCLE('',#15574,10.);
#15574 = AXIS2_PLACEMENT_3D('',#15575,#15576,#15577);
#15575 = CARTESIAN_POINT('',(-72.5,72.5,0.));
#15576 = DIRECTION('',(0.,0.,1.));
#15577 = DIRECTION('',(1.,0.,0.));
#15578 = CYLINDRICAL_SURFACE('',#15579,10.);
#15579 = AXIS2_PLACEMENT_3D('',#15580,#15581,#15582);
#15580 = CARTESIAN_POINT('',(-72.5,72.5,0.));
#15581 = DIRECTION('',(-0.,-0.,-1.));
#15582 = DIRECTION('',(1.,0.,0.));
#15583 = ADVANCED_FACE('',(#15584),#15603,.T.);
#15584 = FACE_BOUND('',#15585,.F.);
#15585 = EDGE_LOOP('',(#15586,#15587,#15588,#15596));
#15586 = ORIENTED_EDGE('',*,*,#15540,.T.);
#15587 = ORIENTED_EDGE('',*,*,#15173,.T.);
#15588 = ORIENTED_EDGE('',*,*,#15589,.F.);
#15589 = EDGE_CURVE('',#15590,#15174,#15592,.T.);
#15590 = VERTEX_POINT('',#15591);
#15591 = CARTESIAN_POINT('',(72.5,82.5,0.));
#15592 = LINE('',#15593,#15594);
#15593 = CARTESIAN_POINT('',(72.5,82.5,0.));
#15594 = VECTOR('',#15595,1.);
#15595 = DIRECTION('',(0.,0.,1.));
#15596 = ORIENTED_EDGE('',*,*,#15597,.F.);
#15597 = EDGE_CURVE('',#15541,#15590,#15598,.T.);
#15598 = CIRCLE('',#15599,10.);
#15599 = AXIS2_PLACEMENT_3D('',#15600,#15601,#15602);
#15600 = CARTESIAN_POINT('',(72.5,72.5,0.));
#15601 = DIRECTION('',(0.,0.,1.));
#15602 = DIRECTION('',(1.,0.,0.));
#15603 = CYLINDRICAL_SURFACE('',#15604,10.);
#15604 = AXIS2_PLACEMENT_3D('',#15605,#15606,#15607);
#15605 = CARTESIAN_POINT('',(72.5,72.5,0.));
#15606 = DIRECTION('',(-0.,-0.,-1.));
#15607 = DIRECTION('',(1.,0.,0.));
#15608 = ADVANCED_FACE('',(#15609),#15620,.F.);
#15609 = FACE_BOUND('',#15610,.F.);
#15610 = EDGE_LOOP('',(#15611,#15612,#15613,#15614));
#15611 = ORIENTED_EDGE('',*,*,#15589,.T.);
#15612 = ORIENTED_EDGE('',*,*,#15182,.T.);
#15613 = ORIENTED_EDGE('',*,*,#15562,.F.);
#15614 = ORIENTED_EDGE('',*,*,#15615,.F.);
#15615 = EDGE_CURVE('',#15590,#15563,#15616,.T.);
#15616 = LINE('',#15617,#15618);
#15617 = CARTESIAN_POINT('',(72.5,82.5,0.));
#15618 = VECTOR('',#15619,1.);
#15619 = DIRECTION('',(-1.,0.,0.));
#15620 = PLANE('',#15621);
#15621 = AXIS2_PLACEMENT_3D('',#15622,#15623,#15624);
#15622 = CARTESIAN_POINT('',(72.5,82.5,0.));
#15623 = DIRECTION('',(0.,-1.,0.));
#15624 = DIRECTION('',(-1.,0.,0.));
#15625 = ADVANCED_FACE('',(#15626),#15645,.F.);
#15626 = FACE_BOUND('',#15627,.T.);
#15627 = EDGE_LOOP('',(#15628,#15636,#15637,#15638));
#15628 = ORIENTED_EDGE('',*,*,#15629,.T.);
#15629 = EDGE_CURVE('',#15630,#15217,#15632,.T.);
#15630 = VERTEX_POINT('',#15631);
#15631 = CARTESIAN_POINT('',(-66.15,-72.5,0.));
#15632 = LINE('',#15633,#15634);
#15633 = CARTESIAN_POINT('',(-66.15,-72.5,0.));
#15634 = VECTOR('',#15635,1.);
#15635 = DIRECTION('',(0.,0.,1.));
#15636 = ORIENTED_EDGE('',*,*,#15216,.T.);
#15637 = ORIENTED_EDGE('',*,*,#15629,.F.);
#15638 = ORIENTED_EDGE('',*,*,#15639,.F.);
#15639 = EDGE_CURVE('',#15630,#15630,#15640,.T.);
#15640 = CIRCLE('',#15641,6.35);
#15641 = AXIS2_PLACEMENT_3D('',#15642,#15643,#15644);
#15642 = CARTESIAN_POINT('',(-72.5,-72.5,0.));
#15643 = DIRECTION('',(0.,0.,1.));
#15644 = DIRECTION('',(1.,0.,0.));
#15645 = CYLINDRICAL_SURFACE('',#15646,6.35);
#15646 = AXIS2_PLACEMENT_3D('',#15647,#15648,#15649);
#15647 = CARTESIAN_POINT('',(-72.5,-72.5,0.));
#15648 = DIRECTION('',(-0.,-0.,-1.));
#15649 = DIRECTION('',(1.,0.,0.));
#15650 = ADVANCED_FACE('',(#15651),#15670,.F.);
#15651 = FACE_BOUND('',#15652,.T.);
#15652 = EDGE_LOOP('',(#15653,#15661,#15662,#15663));
#15653 = ORIENTED_EDGE('',*,*,#15654,.T.);
#15654 = EDGE_CURVE('',#15655,#15228,#15657,.T.);
#15655 = VERTEX_POINT('',#15656);
#15656 = CARTESIAN_POINT('',(78.85,-72.5,0.));
#15657 = LINE('',#15658,#15659);
#15658 = CARTESIAN_POINT('',(78.85,-72.5,0.));
#15659 = VECTOR('',#15660,1.);
#15660 = DIRECTION('',(0.,0.,1.));
#15661 = ORIENTED_EDGE('',*,*,#15227,.T.);
#15662 = ORIENTED_EDGE('',*,*,#15654,.F.);
#15663 = ORIENTED_EDGE('',*,*,#15664,.F.);
#15664 = EDGE_CURVE('',#15655,#15655,#15665,.T.);
#15665 = CIRCLE('',#15666,6.35);
#15666 = AXIS2_PLACEMENT_3D('',#15667,#15668,#15669);
#15667 = CARTESIAN_POINT('',(72.5,-72.5,0.));
#15668 = DIRECTION('',(0.,0.,1.));
#15669 = DIRECTION('',(1.,0.,0.));
#15670 = CYLINDRICAL_SURFACE('',#15671,6.35);
#15671 = AXIS2_PLACEMENT_3D('',#15672,#15673,#15674);
#15672 = CARTESIAN_POINT('',(72.5,-72.5,0.));
#15673 = DIRECTION('',(-0.,-0.,-1.));
#15674 = DIRECTION('',(1.,0.,0.));
#15675 = ADVANCED_FACE('',(#15676),#15695,.F.);
#15676 = FACE_BOUND('',#15677,.T.);
#15677 = EDGE_LOOP('',(#15678,#15686,#15687,#15688));
#15678 = ORIENTED_EDGE('',*,*,#15679,.T.);
#15679 = EDGE_CURVE('',#15680,#15257,#15682,.T.);
#15680 = VERTEX_POINT('',#15681);
#15681 = CARTESIAN_POINT('',(-66.15,72.5,0.));
#15682 = LINE('',#15683,#15684);
#15683 = CARTESIAN_POINT('',(-66.15,72.5,0.));
#15684 = VECTOR('',#15685,1.);
#15685 = DIRECTION('',(0.,0.,1.));
#15686 = ORIENTED_EDGE('',*,*,#15256,.T.);
#15687 = ORIENTED_EDGE('',*,*,#15679,.F.);
#15688 = ORIENTED_EDGE('',*,*,#15689,.F.);
#15689 = EDGE_CURVE('',#15680,#15680,#15690,.T.);
#15690 = CIRCLE('',#15691,6.35);
#15691 = AXIS2_PLACEMENT_3D('',#15692,#15693,#15694);
#15692 = CARTESIAN_POINT('',(-72.5,72.5,0.));
#15693 = DIRECTION('',(0.,0.,1.));
#15694 = DIRECTION('',(1.,0.,0.));
#15695 = CYLINDRICAL_SURFACE('',#15696,6.35);
#15696 = AXIS2_PLACEMENT_3D('',#15697,#15698,#15699);
#15697 = CARTESIAN_POINT('',(-72.5,72.5,0.));
#15698 = DIRECTION('',(-0.,-0.,-1.));
#15699 = DIRECTION('',(1.,0.,0.));
#15700 = ADVANCED_FACE('',(#15701),#15720,.F.);
#15701 = FACE_BOUND('',#15702,.T.);
#15702 = EDGE_LOOP('',(#15703,#15711,#15712,#15713));
#15703 = ORIENTED_EDGE('',*,*,#15704,.T.);
#15704 = EDGE_CURVE('',#15705,#15268,#15707,.T.);
#15705 = VERTEX_POINT('',#15706);
#15706 = CARTESIAN_POINT('',(78.85,72.5,0.));
#15707 = LINE('',#15708,#15709);
#15708 = CARTESIAN_POINT('',(78.85,72.5,0.));
#15709 = VECTOR('',#15710,1.);
#15710 = DIRECTION('',(0.,0.,1.));
#15711 = ORIENTED_EDGE('',*,*,#15267,.T.);
#15712 = ORIENTED_EDGE('',*,*,#15704,.F.);
#15713 = ORIENTED_EDGE('',*,*,#15714,.F.);
#15714 = EDGE_CURVE('',#15705,#15705,#15715,.T.);
#15715 = CIRCLE('',#15716,6.35);
#15716 = AXIS2_PLACEMENT_3D('',#15717,#15718,#15719);
#15717 = CARTESIAN_POINT('',(72.5,72.5,0.));
#15718 = DIRECTION('',(0.,0.,1.));
#15719 = DIRECTION('',(1.,0.,0.));
#15720 = CYLINDRICAL_SURFACE('',#15721,6.35);
#15721 = AXIS2_PLACEMENT_3D('',#15722,#15723,#15724);
#15722 = CARTESIAN_POINT('',(72.5,72.5,0.));
#15723 = DIRECTION('',(-0.,-0.,-1.));
#15724 = DIRECTION('',(1.,0.,0.));
#15725 = ADVANCED_FACE('',(#15726,#15736,#15739,#15742,#15745),#15748,
  .F.);
#15726 = FACE_BOUND('',#15727,.F.);
#15727 = EDGE_LOOP('',(#15728,#15729,#15730,#15731,#15732,#15733,#15734,
    #15735));
#15728 = ORIENTED_EDGE('',*,*,#15450,.T.);
#15729 = ORIENTED_EDGE('',*,*,#15499,.T.);
#15730 = ORIENTED_EDGE('',*,*,#15548,.T.);
#15731 = ORIENTED_EDGE('',*,*,#15597,.T.);
#15732 = ORIENTED_EDGE('',*,*,#15615,.T.);
#15733 = ORIENTED_EDGE('',*,*,#15572,.T.);
#15734 = ORIENTED_EDGE('',*,*,#15524,.T.);
#15735 = ORIENTED_EDGE('',*,*,#15474,.T.);
#15736 = FACE_BOUND('',#15737,.T.);
#15737 = EDGE_LOOP('',(#15738));
#15738 = ORIENTED_EDGE('',*,*,#15689,.T.);
#15739 = FACE_BOUND('',#15740,.T.);
#15740 = EDGE_LOOP('',(#15741));
#15741 = ORIENTED_EDGE('',*,*,#15714,.T.);
#15742 = FACE_BOUND('',#15743,.T.);
#15743 = EDGE_LOOP('',(#15744));
#15744 = ORIENTED_EDGE('',*,*,#15639,.T.);
#15745 = FACE_BOUND('',#15746,.T.);
#15746 = EDGE_LOOP('',(#15747));
#15747 = ORIENTED_EDGE('',*,*,#15664,.T.);
#15748 = PLANE('',#15749);
#15749 = AXIS2_PLACEMENT_3D('',#15750,#15751,#15752);
#15750 = CARTESIAN_POINT('',(8.89E-15,6.46E-15,0.));
#15751 = DIRECTION('',(0.,0.,1.));
#15752 = DIRECTION('',(1.,0.,0.));
#15753 = ADVANCED_FACE('',(#15754),#15766,.T.);
#15754 = FACE_BOUND('',#15755,.T.);
#15755 = EDGE_LOOP('',(#15756,#15757,#15763,#15764,#15765));
#15756 = ORIENTED_EDGE('',*,*,#13075,.T.);
#15757 = ORIENTED_EDGE('',*,*,#15758,.T.);
#15758 = EDGE_CURVE('',#13076,#14826,#15759,.T.);
#15759 = LINE('',#15760,#15761);
#15760 = CARTESIAN_POINT('',(-45.,-60.40470041639,278.9500638973));
#15761 = VECTOR('',#15762,1.);
#15762 = DIRECTION('',(0.,0.92220097167,0.386710961637));
#15763 = ORIENTED_EDGE('',*,*,#14825,.F.);
#15764 = ORIENTED_EDGE('',*,*,#13043,.F.);
#15765 = ORIENTED_EDGE('',*,*,#12569,.F.);
#15766 = PLANE('',#15767);
#15767 = AXIS2_PLACEMENT_3D('',#15768,#15769,#15770);
#15768 = CARTESIAN_POINT('',(-45.,3.390136196938,267.74877729804));
#15769 = DIRECTION('',(-1.,-0.,-0.));
#15770 = DIRECTION('',(0.,0.,-1.));
#15771 = ADVANCED_FACE('',(#15772),#15784,.T.);
#15772 = FACE_BOUND('',#15773,.T.);
#15773 = EDGE_LOOP('',(#15774,#15775,#15776,#15777,#15778));
#15774 = ORIENTED_EDGE('',*,*,#14776,.F.);
#15775 = ORIENTED_EDGE('',*,*,#12979,.F.);
#15776 = ORIENTED_EDGE('',*,*,#13027,.T.);
#15777 = ORIENTED_EDGE('',*,*,#14859,.T.);
#15778 = ORIENTED_EDGE('',*,*,#15779,.F.);
#15779 = EDGE_CURVE('',#14777,#14851,#15780,.T.);
#15780 = LINE('',#15781,#15782);
#15781 = CARTESIAN_POINT('',(45.,-23.51666154957,294.41850236277));
#15782 = VECTOR('',#15783,1.);
#15783 = DIRECTION('',(0.,0.92220097167,0.386710961637));
#15784 = PLANE('',#15785);
#15785 = AXIS2_PLACEMENT_3D('',#15786,#15787,#15788);
#15786 = CARTESIAN_POINT('',(45.,3.390136196938,267.74877729804));
#15787 = DIRECTION('',(1.,0.,0.));
#15788 = DIRECTION('',(0.,0.,1.));
#15789 = ADVANCED_FACE('',(#15790),#15814,.T.);
#15790 = FACE_BOUND('',#15791,.T.);
#15791 = EDGE_LOOP('',(#15792,#15793,#15794,#15795,#15796,#15797,#15798,
    #15799,#15800,#15801,#15807,#15808));
#15792 = ORIENTED_EDGE('',*,*,#13100,.F.);
#15793 = ORIENTED_EDGE('',*,*,#14905,.F.);
#15794 = ORIENTED_EDGE('',*,*,#15318,.T.);
#15795 = ORIENTED_EDGE('',*,*,#15363,.T.);
#15796 = ORIENTED_EDGE('',*,*,#15414,.F.);
#15797 = ORIENTED_EDGE('',*,*,#15398,.F.);
#15798 = ORIENTED_EDGE('',*,*,#15339,.F.);
#15799 = ORIENTED_EDGE('',*,*,#15285,.F.);
#15800 = ORIENTED_EDGE('',*,*,#14793,.T.);
#15801 = ORIENTED_EDGE('',*,*,#15802,.F.);
#15802 = EDGE_CURVE('',#14843,#14785,#15803,.T.);
#15803 = LINE('',#15804,#15805);
#15804 = CARTESIAN_POINT('',(35.,-27.38377116594,303.64051207948));
#15805 = VECTOR('',#15806,1.);
#15806 = DIRECTION('',(0.,-0.92220097167,-0.386710961637));
#15807 = ORIENTED_EDGE('',*,*,#14842,.F.);
#15808 = ORIENTED_EDGE('',*,*,#15809,.F.);
#15809 = EDGE_CURVE('',#13101,#14834,#15810,.T.);
#15810 = LINE('',#15811,#15812);
#15811 = CARTESIAN_POINT('',(-35.,-27.38377116594,303.64051207948));
#15812 = VECTOR('',#15813,1.);
#15813 = DIRECTION('',(0.,0.92220097167,0.386710961637));
#15814 = PLANE('',#15815);
#15815 = AXIS2_PLACEMENT_3D('',#15816,#15817,#15818);
#15816 = CARTESIAN_POINT('',(-5.2E-16,-86.59799807271,278.80992597825));
#15817 = DIRECTION('',(0.,-0.386710961637,0.92220097167));
#15818 = DIRECTION('',(0.,0.92220097167,0.386710961637));
#15819 = ADVANCED_FACE('',(#15820),#15826,.T.);
#15820 = FACE_BOUND('',#15821,.T.);
#15821 = EDGE_LOOP('',(#15822,#15823,#15824,#15825));
#15822 = ORIENTED_EDGE('',*,*,#14833,.F.);
#15823 = ORIENTED_EDGE('',*,*,#15758,.F.);
#15824 = ORIENTED_EDGE('',*,*,#13108,.T.);
#15825 = ORIENTED_EDGE('',*,*,#15809,.T.);
#15826 = CYLINDRICAL_SURFACE('',#15827,10.);
#15827 = AXIS2_PLACEMENT_3D('',#15828,#15829,#15830);
#15828 = CARTESIAN_POINT('',(-35.,-60.40470041639,278.9500638973));
#15829 = DIRECTION('',(0.,0.92220097167,0.386710961637));
#15830 = DIRECTION('',(-1.,0.,0.));
#15831 = ADVANCED_FACE('',(#15832),#15838,.T.);
#15832 = FACE_BOUND('',#15833,.T.);
#15833 = EDGE_LOOP('',(#15834,#15835,#15836,#15837));
#15834 = ORIENTED_EDGE('',*,*,#14850,.T.);
#15835 = ORIENTED_EDGE('',*,*,#15802,.T.);
#15836 = ORIENTED_EDGE('',*,*,#14784,.F.);
#15837 = ORIENTED_EDGE('',*,*,#15779,.T.);
#15838 = CYLINDRICAL_SURFACE('',#15839,10.);
#15839 = AXIS2_PLACEMENT_3D('',#15840,#15841,#15842);
#15840 = CARTESIAN_POINT('',(35.,-23.51666154957,294.41850236277));
#15841 = DIRECTION('',(0.,-0.92220097167,-0.386710961637));
#15842 = DIRECTION('',(1.,0.,0.));
#15843 = ( GEOMETRIC_REPRESENTATION_CONTEXT(3) 
GLOBAL_UNCERTAINTY_ASSIGNED_CONTEXT((#15847)) 
GLOBAL_UNIT_ASSIGNED_CONTEXT((#15844,#15845,#15846)) 
REPRESENTATION_CONTEXT('Context #1',
  '3D Context with UNIT and UNCERTAINTY') );
#15844 = ( LENGTH_UNIT() NAMED_UNIT(*) SI_UNIT(.MILLI.,.METRE.) );
#15845 = ( NAMED_UNIT(*) PLANE_ANGLE_UNIT() SI_UNIT($,.RADIAN.) );
#15846 = ( NAMED_UNIT(*) SI_UNIT($,.STERADIAN.) SOLID_ANGLE_UNIT() );
#15847 = UNCERTAINTY_MEASURE_WITH_UNIT(LENGTH_MEASURE(1.E-07),#15844,
  'distance_accuracy_value','confusion accuracy');
#15848 = CONTEXT_DEPENDENT_SHAPE_REPRESENTATION(#15849,#15851);
#15849 = ( REPRESENTATION_RELATIONSHIP('','',#12471,#8146) 
REPRESENTATION_RELATIONSHIP_WITH_TRANSFORMATION(#15850) 
SHAPE_REPRESENTATION_RELATIONSHIP() );
#15850 = ITEM_DEFINED_TRANSFORMATION('','',#11,#8151);
#15851 = PRODUCT_DEFINITION_SHAPE('Placement','Placement of an item',
  #15852);
#15852 = NEXT_ASSEMBLY_USAGE_OCCURRENCE('51','Body041','',#8141,#12466,$
  );
#15853 = PRODUCT_RELATED_PRODUCT_CATEGORY('part',$,(#12468));
#15854 = CONTEXT_DEPENDENT_SHAPE_REPRESENTATION(#15855,#15857);
#15855 = ( REPRESENTATION_RELATIONSHIP('','',#12471,#8146) 
REPRESENTATION_RELATIONSHIP_WITH_TRANSFORMATION(#15856) 
SHAPE_REPRESENTATION_RELATIONSHIP() );
#15856 = ITEM_DEFINED_TRANSFORMATION('','',#11,#8155);
#15857 = PRODUCT_DEFINITION_SHAPE('Placement','Placement of an item',
  #15858);
#15858 = NEXT_ASSEMBLY_USAGE_OCCURRENCE('52','Body042','',#8141,#12466,$
  );
#15859 = CONTEXT_DEPENDENT_SHAPE_REPRESENTATION(#15860,#15862);
#15860 = ( REPRESENTATION_RELATIONSHIP('','',#12471,#8146) 
REPRESENTATION_RELATIONSHIP_WITH_TRANSFORMATION(#15861) 
SHAPE_REPRESENTATION_RELATIONSHIP() );
#15861 = ITEM_DEFINED_TRANSFORMATION('','',#11,#8159);
#15862 = PRODUCT_DEFINITION_SHAPE('Placement','Placement of an item',
  #15863);
#15863 = NEXT_ASSEMBLY_USAGE_OCCURRENCE('53','Body043','',#8141,#12466,$
  );
#15864 = SHAPE_DEFINITION_REPRESENTATION(#15865,#15871);
#15865 = PRODUCT_DEFINITION_SHAPE('','',#15866);
#15866 = PRODUCT_DEFINITION('design','',#15867,#15870);
#15867 = PRODUCT_DEFINITION_FORMATION('','',#15868);
#15868 = PRODUCT('Assembly','Assembly','',(#15869));
#15869 = PRODUCT_CONTEXT('',#2,'mechanical');
#15870 = PRODUCT_DEFINITION_CONTEXT('part definition',#2,'design');
#15871 = SHAPE_REPRESENTATION('',(#11,#15872,#15876,#15880,#15884,#15888
    ),#15892);
#15872 = AXIS2_PLACEMENT_3D('',#15873,#15874,#15875);
#15873 = CARTESIAN_POINT('',(0.,0.,0.));
#15874 = DIRECTION('',(0.,0.,1.));
#15875 = DIRECTION('',(1.,0.,0.));
#15876 = AXIS2_PLACEMENT_3D('',#15877,#15878,#15879);
#15877 = CARTESIAN_POINT('',(-8.7E-14,25.,-145.));
#15878 = DIRECTION('',(0.,0.,1.));
#15879 = DIRECTION('',(1.,0.,0.));
#15880 = AXIS2_PLACEMENT_3D('',#15881,#15882,#15883);
#15881 = CARTESIAN_POINT('',(-9.5E-14,-30.,-145.));
#15882 = DIRECTION('',(0.,0.,1.));
#15883 = DIRECTION('',(1.,0.,0.));
#15884 = AXIS2_PLACEMENT_3D('',#15885,#15886,#15887);
#15885 = CARTESIAN_POINT('',(-5.73E-14,-75.,714.99999999999));
#15886 = DIRECTION('',(-8.E-16,-1.224646799147E-16,-1.));
#15887 = DIRECTION('',(1.,-4.898587196589E-32,-8.E-16));
#15888 = AXIS2_PLACEMENT_3D('',#15889,#15890,#15891);
#15889 = CARTESIAN_POINT('',(7.89E-14,-75.,850.));
#15890 = DIRECTION('',(-7.657137397854E-16,3.062854959142E-31,-1.));
#15891 = DIRECTION('',(-1.,8.E-16,7.657137397854E-16));
#15892 = ( GEOMETRIC_REPRESENTATION_CONTEXT(3) 
GLOBAL_UNCERTAINTY_ASSIGNED_CONTEXT((#15896)) 
GLOBAL_UNIT_ASSIGNED_CONTEXT((#15893,#15894,#15895)) 
REPRESENTATION_CONTEXT('Context #1',
  '3D Context with UNIT and UNCERTAINTY') );
#15893 = ( LENGTH_UNIT() NAMED_UNIT(*) SI_UNIT(.MILLI.,.METRE.) );
#15894 = ( NAMED_UNIT(*) PLANE_ANGLE_UNIT() SI_UNIT($,.RADIAN.) );
#15895 = ( NAMED_UNIT(*) SI_UNIT($,.STERADIAN.) SOLID_ANGLE_UNIT() );
#15896 = UNCERTAINTY_MEASURE_WITH_UNIT(LENGTH_MEASURE(1.E-07),#15893,
  'distance_accuracy_value','confusion accuracy');
#15897 = CONTEXT_DEPENDENT_SHAPE_REPRESENTATION(#15898,#15900);
#15898 = ( REPRESENTATION_RELATIONSHIP('','',#15871,#10) 
REPRESENTATION_RELATIONSHIP_WITH_TRANSFORMATION(#15899) 
SHAPE_REPRESENTATION_RELATIONSHIP() );
#15899 = ITEM_DEFINED_TRANSFORMATION('','',#11,#23);
#15900 = PRODUCT_DEFINITION_SHAPE('Placement','Placement of an item',
  #15901);
#15901 = NEXT_ASSEMBLY_USAGE_OCCURRENCE('60','Assembly','',#5,#15866,$);
#15902 = PRODUCT_RELATED_PRODUCT_CATEGORY('part',$,(#15868));
#15903 = SHAPE_DEFINITION_REPRESENTATION(#15904,#15910);
#15904 = PRODUCT_DEFINITION_SHAPE('','',#15905);
#15905 = PRODUCT_DEFINITION('design','',#15906,#15909);
#15906 = PRODUCT_DEFINITION_FORMATION('','',#15907);
#15907 = PRODUCT('Body','Body','',(#15908));
#15908 = PRODUCT_CONTEXT('',#2,'mechanical');
#15909 = PRODUCT_DEFINITION_CONTEXT('part definition',#2,'design');
#15910 = ADVANCED_BREP_SHAPE_REPRESENTATION('',(#11,#15911),#16238);
#15911 = MANIFOLD_SOLID_BREP('',#15912);
#15912 = CLOSED_SHELL('',(#15913,#15953,#15984,#16015,#16048,#16079,
    #16112,#16143,#16167,#16200,#16219));
#15913 = ADVANCED_FACE('',(#15914),#15948,.T.);
#15914 = FACE_BOUND('',#15915,.T.);
#15915 = EDGE_LOOP('',(#15916,#15926,#15934,#15942));
#15916 = ORIENTED_EDGE('',*,*,#15917,.T.);
#15917 = EDGE_CURVE('',#15918,#15920,#15922,.T.);
#15918 = VERTEX_POINT('',#15919);
#15919 = CARTESIAN_POINT('',(90.,1.74E-13,785.));
#15920 = VERTEX_POINT('',#15921);
#15921 = CARTESIAN_POINT('',(90.,-30.,785.));
#15922 = LINE('',#15923,#15924);
#15923 = CARTESIAN_POINT('',(90.,1.7431E-13,785.));
#15924 = VECTOR('',#15925,1.);
#15925 = DIRECTION('',(0.,-1.,2.2E-16));
#15926 = ORIENTED_EDGE('',*,*,#15927,.T.);
#15927 = EDGE_CURVE('',#15920,#15928,#15930,.T.);
#15928 = VERTEX_POINT('',#15929);
#15929 = CARTESIAN_POINT('',(90.,-30.,7.E-15));
#15930 = LINE('',#15931,#15932);
#15931 = CARTESIAN_POINT('',(90.,-30.,785.));
#15932 = VECTOR('',#15933,1.);
#15933 = DIRECTION('',(0.,0.,-1.));
#15934 = ORIENTED_EDGE('',*,*,#15935,.F.);
#15935 = EDGE_CURVE('',#15936,#15928,#15938,.T.);
#15936 = VERTEX_POINT('',#15937);
#15937 = CARTESIAN_POINT('',(90.,0.,0.));
#15938 = LINE('',#15939,#15940);
#15939 = CARTESIAN_POINT('',(90.,0.,0.));
#15940 = VECTOR('',#15941,1.);
#15941 = DIRECTION('',(0.,-1.,2.2E-16));
#15942 = ORIENTED_EDGE('',*,*,#15943,.F.);
#15943 = EDGE_CURVE('',#15918,#15936,#15944,.T.);
#15944 = LINE('',#15945,#15946);
#15945 = CARTESIAN_POINT('',(90.,0.,785.));
#15946 = VECTOR('',#15947,1.);
#15947 = DIRECTION('',(0.,0.,-1.));
#15948 = PLANE('',#15949);
#15949 = AXIS2_PLACEMENT_3D('',#15950,#15951,#15952);
#15950 = CARTESIAN_POINT('',(90.,1.7431E-13,785.));
#15951 = DIRECTION('',(1.,0.,0.));
#15952 = DIRECTION('',(0.,-2.2E-16,-1.));
#15953 = ADVANCED_FACE('',(#15954),#15979,.T.);
#15954 = FACE_BOUND('',#15955,.T.);
#15955 = EDGE_LOOP('',(#15956,#15957,#15965,#15973));
#15956 = ORIENTED_EDGE('',*,*,#15935,.T.);
#15957 = ORIENTED_EDGE('',*,*,#15958,.T.);
#15958 = EDGE_CURVE('',#15928,#15959,#15961,.T.);
#15959 = VERTEX_POINT('',#15960);
#15960 = CARTESIAN_POINT('',(-90.,-30.,7.E-15));
#15961 = LINE('',#15962,#15963);
#15962 = CARTESIAN_POINT('',(90.,-30.,7.E-15));
#15963 = VECTOR('',#15964,1.);
#15964 = DIRECTION('',(-1.,0.,0.));
#15965 = ORIENTED_EDGE('',*,*,#15966,.F.);
#15966 = EDGE_CURVE('',#15967,#15959,#15969,.T.);
#15967 = VERTEX_POINT('',#15968);
#15968 = CARTESIAN_POINT('',(-90.,0.,0.));
#15969 = LINE('',#15970,#15971);
#15970 = CARTESIAN_POINT('',(-90.,0.,0.));
#15971 = VECTOR('',#15972,1.);
#15972 = DIRECTION('',(0.,-1.,2.2E-16));
#15973 = ORIENTED_EDGE('',*,*,#15974,.F.);
#15974 = EDGE_CURVE('',#15936,#15967,#15975,.T.);
#15975 = LINE('',#15976,#15977);
#15976 = CARTESIAN_POINT('',(90.,0.,0.));
#15977 = VECTOR('',#15978,1.);
#15978 = DIRECTION('',(-1.,0.,0.));
#15979 = PLANE('',#15980);
#15980 = AXIS2_PLACEMENT_3D('',#15981,#15982,#15983);
#15981 = CARTESIAN_POINT('',(90.,0.,0.));
#15982 = DIRECTION('',(-0.,-2.2E-16,-1.));
#15983 = DIRECTION('',(-1.,0.,0.));
#15984 = ADVANCED_FACE('',(#15985),#16010,.T.);
#15985 = FACE_BOUND('',#15986,.T.);
#15986 = EDGE_LOOP('',(#15987,#15988,#15996,#16004));
#15987 = ORIENTED_EDGE('',*,*,#15966,.T.);
#15988 = ORIENTED_EDGE('',*,*,#15989,.T.);
#15989 = EDGE_CURVE('',#15959,#15990,#15992,.T.);
#15990 = VERTEX_POINT('',#15991);
#15991 = CARTESIAN_POINT('',(-90.,-30.,785.));
#15992 = LINE('',#15993,#15994);
#15993 = CARTESIAN_POINT('',(-90.,-30.,7.E-15));
#15994 = VECTOR('',#15995,1.);
#15995 = DIRECTION('',(0.,0.,1.));
#15996 = ORIENTED_EDGE('',*,*,#15997,.F.);
#15997 = EDGE_CURVE('',#15998,#15990,#16000,.T.);
#15998 = VERTEX_POINT('',#15999);
#15999 = CARTESIAN_POINT('',(-90.,1.74E-13,785.));
#16000 = LINE('',#16001,#16002);
#16001 = CARTESIAN_POINT('',(-90.,1.7431E-13,785.));
#16002 = VECTOR('',#16003,1.);
#16003 = DIRECTION('',(0.,-1.,2.2E-16));
#16004 = ORIENTED_EDGE('',*,*,#16005,.F.);
#16005 = EDGE_CURVE('',#15967,#15998,#16006,.T.);
#16006 = LINE('',#16007,#16008);
#16007 = CARTESIAN_POINT('',(-90.,0.,0.));
#16008 = VECTOR('',#16009,1.);
#16009 = DIRECTION('',(0.,0.,1.));
#16010 = PLANE('',#16011);
#16011 = AXIS2_PLACEMENT_3D('',#16012,#16013,#16014);
#16012 = CARTESIAN_POINT('',(-90.,0.,0.));
#16013 = DIRECTION('',(-1.,0.,0.));
#16014 = DIRECTION('',(0.,2.2E-16,1.));
#16015 = ADVANCED_FACE('',(#16016),#16043,.T.);
#16016 = FACE_BOUND('',#16017,.F.);
#16017 = EDGE_LOOP('',(#16018,#16028,#16035,#16036));
#16018 = ORIENTED_EDGE('',*,*,#16019,.T.);
#16019 = EDGE_CURVE('',#16020,#16022,#16024,.T.);
#16020 = VERTEX_POINT('',#16021);
#16021 = CARTESIAN_POINT('',(-80.38461538461,1.79E-13,804.70567454992));
#16022 = VERTEX_POINT('',#16023);
#16023 = CARTESIAN_POINT('',(-80.38461538461,-30.,804.70567454992));
#16024 = LINE('',#16025,#16026);
#16025 = CARTESIAN_POINT('',(-80.38461538461,1.7868E-13,804.70567454992)
  );
#16026 = VECTOR('',#16027,1.);
#16027 = DIRECTION('',(0.,-1.,2.2E-16));
#16028 = ORIENTED_EDGE('',*,*,#16029,.T.);
#16029 = EDGE_CURVE('',#16022,#15990,#16030,.T.);
#16030 = CIRCLE('',#16031,25.);
#16031 = AXIS2_PLACEMENT_3D('',#16032,#16033,#16034);
#16032 = CARTESIAN_POINT('',(-65.,-30.,785.));
#16033 = DIRECTION('',(0.,-1.,0.));
#16034 = DIRECTION('',(1.,0.,0.));
#16035 = ORIENTED_EDGE('',*,*,#15997,.F.);
#16036 = ORIENTED_EDGE('',*,*,#16037,.F.);
#16037 = EDGE_CURVE('',#16020,#15998,#16038,.T.);
#16038 = CIRCLE('',#16039,25.);
#16039 = AXIS2_PLACEMENT_3D('',#16040,#16041,#16042);
#16040 = CARTESIAN_POINT('',(-65.,0.,785.));
#16041 = DIRECTION('',(0.,-1.,0.));
#16042 = DIRECTION('',(1.,0.,0.));
#16043 = CYLINDRICAL_SURFACE('',#16044,25.);
#16044 = AXIS2_PLACEMENT_3D('',#16045,#16046,#16047);
#16045 = CARTESIAN_POINT('',(-65.,1.7431E-13,785.));
#16046 = DIRECTION('',(0.,1.,-2.2E-16));
#16047 = DIRECTION('',(1.,0.,0.));
#16048 = ADVANCED_FACE('',(#16049),#16074,.T.);
#16049 = FACE_BOUND('',#16050,.T.);
#16050 = EDGE_LOOP('',(#16051,#16052,#16060,#16068));
#16051 = ORIENTED_EDGE('',*,*,#16019,.T.);
#16052 = ORIENTED_EDGE('',*,*,#16053,.T.);
#16053 = EDGE_CURVE('',#16022,#16054,#16056,.T.);
#16054 = VERTEX_POINT('',#16055);
#16055 = CARTESIAN_POINT('',(-40.,-30.,836.23475382979));
#16056 = LINE('',#16057,#16058);
#16057 = CARTESIAN_POINT('',(-80.38461538461,-30.,804.70567454992));
#16058 = VECTOR('',#16059,1.);
#16059 = DIRECTION('',(0.788226981997,0.,0.615384615385));
#16060 = ORIENTED_EDGE('',*,*,#16061,.F.);
#16061 = EDGE_CURVE('',#16062,#16054,#16064,.T.);
#16062 = VERTEX_POINT('',#16063);
#16063 = CARTESIAN_POINT('',(-40.,1.86E-13,836.23475382979));
#16064 = LINE('',#16065,#16066);
#16065 = CARTESIAN_POINT('',(-40.,1.8568E-13,836.23475382979));
#16066 = VECTOR('',#16067,1.);
#16067 = DIRECTION('',(0.,-1.,2.2E-16));
#16068 = ORIENTED_EDGE('',*,*,#16069,.F.);
#16069 = EDGE_CURVE('',#16020,#16062,#16070,.T.);
#16070 = LINE('',#16071,#16072);
#16071 = CARTESIAN_POINT('',(-80.38461538461,0.,804.70567454992));
#16072 = VECTOR('',#16073,1.);
#16073 = DIRECTION('',(0.788226981997,0.,0.615384615385));
#16074 = PLANE('',#16075);
#16075 = AXIS2_PLACEMENT_3D('',#16076,#16077,#16078);
#16076 = CARTESIAN_POINT('',(-80.38461538461,1.7868E-13,804.70567454992)
  );
#16077 = DIRECTION('',(-0.615384615385,1.8E-16,0.788226981997));
#16078 = DIRECTION('',(0.788226981997,1.4E-16,0.615384615385));
#16079 = ADVANCED_FACE('',(#16080),#16107,.T.);
#16080 = FACE_BOUND('',#16081,.F.);
#16081 = EDGE_LOOP('',(#16082,#16092,#16099,#16100));
#16082 = ORIENTED_EDGE('',*,*,#16083,.T.);
#16083 = EDGE_CURVE('',#16084,#16086,#16088,.T.);
#16084 = VERTEX_POINT('',#16085);
#16085 = CARTESIAN_POINT('',(40.,1.86E-13,836.23475382979));
#16086 = VERTEX_POINT('',#16087);
#16087 = CARTESIAN_POINT('',(40.,-30.,836.23475382979));
#16088 = LINE('',#16089,#16090);
#16089 = CARTESIAN_POINT('',(40.,1.8568E-13,836.23475382979));
#16090 = VECTOR('',#16091,1.);
#16091 = DIRECTION('',(0.,-1.,2.2E-16));
#16092 = ORIENTED_EDGE('',*,*,#16093,.T.);
#16093 = EDGE_CURVE('',#16086,#16054,#16094,.T.);
#16094 = CIRCLE('',#16095,65.);
#16095 = AXIS2_PLACEMENT_3D('',#16096,#16097,#16098);
#16096 = CARTESIAN_POINT('',(0.,-30.,785.));
#16097 = DIRECTION('',(0.,-1.,0.));
#16098 = DIRECTION('',(1.,0.,0.));
#16099 = ORIENTED_EDGE('',*,*,#16061,.F.);
#16100 = ORIENTED_EDGE('',*,*,#16101,.F.);
#16101 = EDGE_CURVE('',#16084,#16062,#16102,.T.);
#16102 = CIRCLE('',#16103,65.);
#16103 = AXIS2_PLACEMENT_3D('',#16104,#16105,#16106);
#16104 = CARTESIAN_POINT('',(0.,0.,785.));
#16105 = DIRECTION('',(0.,-1.,0.));
#16106 = DIRECTION('',(1.,0.,0.));
#16107 = CYLINDRICAL_SURFACE('',#16108,65.);
#16108 = AXIS2_PLACEMENT_3D('',#16109,#16110,#16111);
#16109 = CARTESIAN_POINT('',(0.,1.7431E-13,785.));
#16110 = DIRECTION('',(0.,1.,-2.2E-16));
#16111 = DIRECTION('',(1.,0.,0.));
#16112 = ADVANCED_FACE('',(#16113),#16138,.T.);
#16113 = FACE_BOUND('',#16114,.T.);
#16114 = EDGE_LOOP('',(#16115,#16116,#16124,#16132));
#16115 = ORIENTED_EDGE('',*,*,#16083,.T.);
#16116 = ORIENTED_EDGE('',*,*,#16117,.T.);
#16117 = EDGE_CURVE('',#16086,#16118,#16120,.T.);
#16118 = VERTEX_POINT('',#16119);
#16119 = CARTESIAN_POINT('',(80.384615384615,-30.,804.70567454992));
#16120 = LINE('',#16121,#16122);
#16121 = CARTESIAN_POINT('',(40.,-30.,836.23475382979));
#16122 = VECTOR('',#16123,1.);
#16123 = DIRECTION('',(0.788226981997,0.,-0.615384615385));
#16124 = ORIENTED_EDGE('',*,*,#16125,.F.);
#16125 = EDGE_CURVE('',#16126,#16118,#16128,.T.);
#16126 = VERTEX_POINT('',#16127);
#16127 = CARTESIAN_POINT('',(80.384615384615,1.79E-13,804.70567454992));
#16128 = LINE('',#16129,#16130);
#16129 = CARTESIAN_POINT('',(80.384615384615,1.7868E-13,804.70567454992)
  );
#16130 = VECTOR('',#16131,1.);
#16131 = DIRECTION('',(0.,-1.,2.2E-16));
#16132 = ORIENTED_EDGE('',*,*,#16133,.F.);
#16133 = EDGE_CURVE('',#16084,#16126,#16134,.T.);
#16134 = LINE('',#16135,#16136);
#16135 = CARTESIAN_POINT('',(40.,0.,836.23475382979));
#16136 = VECTOR('',#16137,1.);
#16137 = DIRECTION('',(0.788226981997,0.,-0.615384615385));
#16138 = PLANE('',#16139);
#16139 = AXIS2_PLACEMENT_3D('',#16140,#16141,#16142);
#16140 = CARTESIAN_POINT('',(40.,1.8568E-13,836.23475382979));
#16141 = DIRECTION('',(0.615384615385,1.8E-16,0.788226981997));
#16142 = DIRECTION('',(0.788226981997,-1.4E-16,-0.615384615385));
#16143 = ADVANCED_FACE('',(#16144),#16162,.T.);
#16144 = FACE_BOUND('',#16145,.F.);
#16145 = EDGE_LOOP('',(#16146,#16147,#16154,#16155));
#16146 = ORIENTED_EDGE('',*,*,#15917,.T.);
#16147 = ORIENTED_EDGE('',*,*,#16148,.T.);
#16148 = EDGE_CURVE('',#15920,#16118,#16149,.T.);
#16149 = CIRCLE('',#16150,25.);
#16150 = AXIS2_PLACEMENT_3D('',#16151,#16152,#16153);
#16151 = CARTESIAN_POINT('',(65.,-30.,785.));
#16152 = DIRECTION('',(0.,-1.,0.));
#16153 = DIRECTION('',(1.,0.,0.));
#16154 = ORIENTED_EDGE('',*,*,#16125,.F.);
#16155 = ORIENTED_EDGE('',*,*,#16156,.F.);
#16156 = EDGE_CURVE('',#15918,#16126,#16157,.T.);
#16157 = CIRCLE('',#16158,25.);
#16158 = AXIS2_PLACEMENT_3D('',#16159,#16160,#16161);
#16159 = CARTESIAN_POINT('',(65.,0.,785.));
#16160 = DIRECTION('',(0.,-1.,0.));
#16161 = DIRECTION('',(1.,0.,0.));
#16162 = CYLINDRICAL_SURFACE('',#16163,25.);
#16163 = AXIS2_PLACEMENT_3D('',#16164,#16165,#16166);
#16164 = CARTESIAN_POINT('',(65.,1.7431E-13,785.));
#16165 = DIRECTION('',(0.,1.,-2.2E-16));
#16166 = DIRECTION('',(1.,0.,0.));
#16167 = ADVANCED_FACE('',(#16168),#16195,.F.);
#16168 = FACE_BOUND('',#16169,.T.);
#16169 = EDGE_LOOP('',(#16170,#16180,#16187,#16188));
#16170 = ORIENTED_EDGE('',*,*,#16171,.T.);
#16171 = EDGE_CURVE('',#16172,#16174,#16176,.T.);
#16172 = VERTEX_POINT('',#16173);
#16173 = CARTESIAN_POINT('',(30.,1.74E-13,785.));
#16174 = VERTEX_POINT('',#16175);
#16175 = CARTESIAN_POINT('',(30.,-30.,785.));
#16176 = LINE('',#16177,#16178);
#16177 = CARTESIAN_POINT('',(30.,1.7431E-13,785.));
#16178 = VECTOR('',#16179,1.);
#16179 = DIRECTION('',(0.,-1.,2.2E-16));
#16180 = ORIENTED_EDGE('',*,*,#16181,.T.);
#16181 = EDGE_CURVE('',#16174,#16174,#16182,.T.);
#16182 = CIRCLE('',#16183,30.);
#16183 = AXIS2_PLACEMENT_3D('',#16184,#16185,#16186);
#16184 = CARTESIAN_POINT('',(0.,-30.,785.));
#16185 = DIRECTION('',(0.,-1.,0.));
#16186 = DIRECTION('',(1.,0.,0.));
#16187 = ORIENTED_EDGE('',*,*,#16171,.F.);
#16188 = ORIENTED_EDGE('',*,*,#16189,.F.);
#16189 = EDGE_CURVE('',#16172,#16172,#16190,.T.);
#16190 = CIRCLE('',#16191,30.);
#16191 = AXIS2_PLACEMENT_3D('',#16192,#16193,#16194);
#16192 = CARTESIAN_POINT('',(0.,0.,785.));
#16193 = DIRECTION('',(0.,-1.,0.));
#16194 = DIRECTION('',(1.,0.,0.));
#16195 = CYLINDRICAL_SURFACE('',#16196,30.);
#16196 = AXIS2_PLACEMENT_3D('',#16197,#16198,#16199);
#16197 = CARTESIAN_POINT('',(0.,1.7431E-13,785.));
#16198 = DIRECTION('',(0.,1.,-2.2E-16));
#16199 = DIRECTION('',(1.,0.,0.));
#16200 = ADVANCED_FACE('',(#16201,#16211),#16214,.T.);
#16201 = FACE_BOUND('',#16202,.T.);
#16202 = EDGE_LOOP('',(#16203,#16204,#16205,#16206,#16207,#16208,#16209,
    #16210));
#16203 = ORIENTED_EDGE('',*,*,#15943,.T.);
#16204 = ORIENTED_EDGE('',*,*,#15974,.T.);
#16205 = ORIENTED_EDGE('',*,*,#16005,.T.);
#16206 = ORIENTED_EDGE('',*,*,#16037,.F.);
#16207 = ORIENTED_EDGE('',*,*,#16069,.T.);
#16208 = ORIENTED_EDGE('',*,*,#16101,.F.);
#16209 = ORIENTED_EDGE('',*,*,#16133,.T.);
#16210 = ORIENTED_EDGE('',*,*,#16156,.F.);
#16211 = FACE_BOUND('',#16212,.T.);
#16212 = EDGE_LOOP('',(#16213));
#16213 = ORIENTED_EDGE('',*,*,#16189,.T.);
#16214 = PLANE('',#16215);
#16215 = AXIS2_PLACEMENT_3D('',#16216,#16217,#16218);
#16216 = CARTESIAN_POINT('',(4.3E-16,9.662E-14,435.15259600015));
#16217 = DIRECTION('',(0.,1.,0.));
#16218 = DIRECTION('',(0.,0.,1.));
#16219 = ADVANCED_FACE('',(#16220,#16230),#16233,.F.);
#16220 = FACE_BOUND('',#16221,.F.);
#16221 = EDGE_LOOP('',(#16222,#16223,#16224,#16225,#16226,#16227,#16228,
    #16229));
#16222 = ORIENTED_EDGE('',*,*,#15927,.T.);
#16223 = ORIENTED_EDGE('',*,*,#15958,.T.);
#16224 = ORIENTED_EDGE('',*,*,#15989,.T.);
#16225 = ORIENTED_EDGE('',*,*,#16029,.F.);
#16226 = ORIENTED_EDGE('',*,*,#16053,.T.);
#16227 = ORIENTED_EDGE('',*,*,#16093,.F.);
#16228 = ORIENTED_EDGE('',*,*,#16117,.T.);
#16229 = ORIENTED_EDGE('',*,*,#16148,.F.);
#16230 = FACE_BOUND('',#16231,.F.);
#16231 = EDGE_LOOP('',(#16232));
#16232 = ORIENTED_EDGE('',*,*,#16181,.T.);
#16233 = PLANE('',#16234);
#16234 = AXIS2_PLACEMENT_3D('',#16235,#16236,#16237);
#16235 = CARTESIAN_POINT('',(4.3E-16,-30.,435.15259600015));
#16236 = DIRECTION('',(0.,1.,0.));
#16237 = DIRECTION('',(0.,0.,1.));
#16238 = ( GEOMETRIC_REPRESENTATION_CONTEXT(3) 
GLOBAL_UNCERTAINTY_ASSIGNED_CONTEXT((#16242)) 
GLOBAL_UNIT_ASSIGNED_CONTEXT((#16239,#16240,#16241)) 
REPRESENTATION_CONTEXT('Context #1',
  '3D Context with UNIT and UNCERTAINTY') );
#16239 = ( LENGTH_UNIT() NAMED_UNIT(*) SI_UNIT(.MILLI.,.METRE.) );
#16240 = ( NAMED_UNIT(*) PLANE_ANGLE_UNIT() SI_UNIT($,.RADIAN.) );
#16241 = ( NAMED_UNIT(*) SI_UNIT($,.STERADIAN.) SOLID_ANGLE_UNIT() );
#16242 = UNCERTAINTY_MEASURE_WITH_UNIT(LENGTH_MEASURE(1.E-07),#16239,
  'distance_accuracy_value','confusion accuracy');
#16243 = CONTEXT_DEPENDENT_SHAPE_REPRESENTATION(#16244,#16246);
#16244 = ( REPRESENTATION_RELATIONSHIP('','',#15910,#15871) 
REPRESENTATION_RELATIONSHIP_WITH_TRANSFORMATION(#16245) 
SHAPE_REPRESENTATION_RELATIONSHIP() );
#16245 = ITEM_DEFINED_TRANSFORMATION('','',#11,#15872);
#16246 = PRODUCT_DEFINITION_SHAPE('Placement','Placement of an item',
  #16247);
#16247 = NEXT_ASSEMBLY_USAGE_OCCURRENCE('55','Body049','',#15866,#15905,
  $);
#16248 = PRODUCT_RELATED_PRODUCT_CATEGORY('part',$,(#15907));
#16249 = SHAPE_DEFINITION_REPRESENTATION(#16250,#16256);
#16250 = PRODUCT_DEFINITION_SHAPE('','',#16251);
#16251 = PRODUCT_DEFINITION('design','',#16252,#16255);
#16252 = PRODUCT_DEFINITION_FORMATION('','',#16253);
#16253 = PRODUCT('Body','Body','',(#16254));
#16254 = PRODUCT_CONTEXT('',#2,'mechanical');
#16255 = PRODUCT_DEFINITION_CONTEXT('part definition',#2,'design');
#16256 = ADVANCED_BREP_SHAPE_REPRESENTATION('',(#11,#16257),#16652);
#16257 = MANIFOLD_SOLID_BREP('',#16258);
#16258 = CLOSED_SHELL('',(#16259,#16299,#16332,#16363,#16396,#16427,
    #16460,#16491,#16522,#16555,#16577,#16610,#16631));
#16259 = ADVANCED_FACE('',(#16260),#16294,.F.);
#16260 = FACE_BOUND('',#16261,.F.);
#16261 = EDGE_LOOP('',(#16262,#16272,#16280,#16288));
#16262 = ORIENTED_EDGE('',*,*,#16263,.T.);
#16263 = EDGE_CURVE('',#16264,#16266,#16268,.T.);
#16264 = VERTEX_POINT('',#16265);
#16265 = CARTESIAN_POINT('',(-90.,4.1E-14,185.));
#16266 = VERTEX_POINT('',#16267);
#16267 = CARTESIAN_POINT('',(-90.,-25.,185.));
#16268 = LINE('',#16269,#16270);
#16269 = CARTESIAN_POINT('',(-90.,4.108E-14,185.));
#16270 = VECTOR('',#16271,1.);
#16271 = DIRECTION('',(0.,-1.,2.2E-16));
#16272 = ORIENTED_EDGE('',*,*,#16273,.T.);
#16273 = EDGE_CURVE('',#16266,#16274,#16276,.T.);
#16274 = VERTEX_POINT('',#16275);
#16275 = CARTESIAN_POINT('',(-90.,-25.,65.));
#16276 = LINE('',#16277,#16278);
#16277 = CARTESIAN_POINT('',(-90.,-25.,185.));
#16278 = VECTOR('',#16279,1.);
#16279 = DIRECTION('',(0.,0.,-1.));
#16280 = ORIENTED_EDGE('',*,*,#16281,.F.);
#16281 = EDGE_CURVE('',#16282,#16274,#16284,.T.);
#16282 = VERTEX_POINT('',#16283);
#16283 = CARTESIAN_POINT('',(-90.,1.4E-14,65.));
#16284 = LINE('',#16285,#16286);
#16285 = CARTESIAN_POINT('',(-90.,1.443E-14,65.));
#16286 = VECTOR('',#16287,1.);
#16287 = DIRECTION('',(0.,-1.,2.2E-16));
#16288 = ORIENTED_EDGE('',*,*,#16289,.F.);
#16289 = EDGE_CURVE('',#16264,#16282,#16290,.T.);
#16290 = LINE('',#16291,#16292);
#16291 = CARTESIAN_POINT('',(-90.,0.,185.));
#16292 = VECTOR('',#16293,1.);
#16293 = DIRECTION('',(0.,0.,-1.));
#16294 = PLANE('',#16295);
#16295 = AXIS2_PLACEMENT_3D('',#16296,#16297,#16298);
#16296 = CARTESIAN_POINT('',(-90.,4.108E-14,185.));
#16297 = DIRECTION('',(1.,0.,0.));
#16298 = DIRECTION('',(0.,-2.2E-16,-1.));
#16299 = ADVANCED_FACE('',(#16300),#16327,.T.);
#16300 = FACE_BOUND('',#16301,.F.);
#16301 = EDGE_LOOP('',(#16302,#16303,#16312,#16320));
#16302 = ORIENTED_EDGE('',*,*,#16281,.T.);
#16303 = ORIENTED_EDGE('',*,*,#16304,.T.);
#16304 = EDGE_CURVE('',#16274,#16305,#16307,.T.);
#16305 = VERTEX_POINT('',#16306);
#16306 = CARTESIAN_POINT('',(-80.38461538461,-25.,45.294325450078));
#16307 = CIRCLE('',#16308,25.);
#16308 = AXIS2_PLACEMENT_3D('',#16309,#16310,#16311);
#16309 = CARTESIAN_POINT('',(-65.,-25.,65.));
#16310 = DIRECTION('',(0.,-1.,0.));
#16311 = DIRECTION('',(1.,0.,0.));
#16312 = ORIENTED_EDGE('',*,*,#16313,.F.);
#16313 = EDGE_CURVE('',#16314,#16305,#16316,.T.);
#16314 = VERTEX_POINT('',#16315);
#16315 = CARTESIAN_POINT('',(-80.38461538461,1.E-14,45.294325450078));
#16316 = LINE('',#16317,#16318);
#16317 = CARTESIAN_POINT('',(-80.38461538461,1.006E-14,45.294325450078)
  );
#16318 = VECTOR('',#16319,1.);
#16319 = DIRECTION('',(0.,-1.,2.2E-16));
#16320 = ORIENTED_EDGE('',*,*,#16321,.F.);
#16321 = EDGE_CURVE('',#16282,#16314,#16322,.T.);
#16322 = CIRCLE('',#16323,25.);
#16323 = AXIS2_PLACEMENT_3D('',#16324,#16325,#16326);
#16324 = CARTESIAN_POINT('',(-65.,0.,65.));
#16325 = DIRECTION('',(0.,-1.,0.));
#16326 = DIRECTION('',(1.,0.,0.));
#16327 = CYLINDRICAL_SURFACE('',#16328,25.);
#16328 = AXIS2_PLACEMENT_3D('',#16329,#16330,#16331);
#16329 = CARTESIAN_POINT('',(-65.,1.443E-14,65.));
#16330 = DIRECTION('',(0.,1.,-2.2E-16));
#16331 = DIRECTION('',(1.,0.,0.));
#16332 = ADVANCED_FACE('',(#16333),#16358,.F.);
#16333 = FACE_BOUND('',#16334,.F.);
#16334 = EDGE_LOOP('',(#16335,#16336,#16344,#16352));
#16335 = ORIENTED_EDGE('',*,*,#16313,.T.);
#16336 = ORIENTED_EDGE('',*,*,#16337,.T.);
#16337 = EDGE_CURVE('',#16305,#16338,#16340,.T.);
#16338 = VERTEX_POINT('',#16339);
#16339 = CARTESIAN_POINT('',(-40.,-25.,13.765246170202));
#16340 = LINE('',#16341,#16342);
#16341 = CARTESIAN_POINT('',(-80.38461538461,-25.,45.294325450078));
#16342 = VECTOR('',#16343,1.);
#16343 = DIRECTION('',(0.788226981997,0.,-0.615384615385));
#16344 = ORIENTED_EDGE('',*,*,#16345,.F.);
#16345 = EDGE_CURVE('',#16346,#16338,#16348,.T.);
#16346 = VERTEX_POINT('',#16347);
#16347 = CARTESIAN_POINT('',(-40.,3.E-15,13.765246170202));
#16348 = LINE('',#16349,#16350);
#16349 = CARTESIAN_POINT('',(-40.,3.06E-15,13.765246170202));
#16350 = VECTOR('',#16351,1.);
#16351 = DIRECTION('',(0.,-1.,2.2E-16));
#16352 = ORIENTED_EDGE('',*,*,#16353,.F.);
#16353 = EDGE_CURVE('',#16314,#16346,#16354,.T.);
#16354 = LINE('',#16355,#16356);
#16355 = CARTESIAN_POINT('',(-80.38461538461,0.,45.294325450078));
#16356 = VECTOR('',#16357,1.);
#16357 = DIRECTION('',(0.788226981997,0.,-0.615384615385));
#16358 = PLANE('',#16359);
#16359 = AXIS2_PLACEMENT_3D('',#16360,#16361,#16362);
#16360 = CARTESIAN_POINT('',(-80.38461538461,1.006E-14,45.294325450078)
  );
#16361 = DIRECTION('',(0.615384615385,1.8E-16,0.788226981997));
#16362 = DIRECTION('',(0.788226981997,-1.4E-16,-0.615384615385));
#16363 = ADVANCED_FACE('',(#16364),#16391,.T.);
#16364 = FACE_BOUND('',#16365,.F.);
#16365 = EDGE_LOOP('',(#16366,#16367,#16376,#16384));
#16366 = ORIENTED_EDGE('',*,*,#16345,.T.);
#16367 = ORIENTED_EDGE('',*,*,#16368,.T.);
#16368 = EDGE_CURVE('',#16338,#16369,#16371,.T.);
#16369 = VERTEX_POINT('',#16370);
#16370 = CARTESIAN_POINT('',(40.,-25.,13.765246170202));
#16371 = CIRCLE('',#16372,65.);
#16372 = AXIS2_PLACEMENT_3D('',#16373,#16374,#16375);
#16373 = CARTESIAN_POINT('',(0.,-25.,65.));
#16374 = DIRECTION('',(0.,-1.,0.));
#16375 = DIRECTION('',(1.,0.,0.));
#16376 = ORIENTED_EDGE('',*,*,#16377,.F.);
#16377 = EDGE_CURVE('',#16378,#16369,#16380,.T.);
#16378 = VERTEX_POINT('',#16379);
#16379 = CARTESIAN_POINT('',(40.,3.E-15,13.765246170202));
#16380 = LINE('',#16381,#16382);
#16381 = CARTESIAN_POINT('',(40.,3.06E-15,13.765246170202));
#16382 = VECTOR('',#16383,1.);
#16383 = DIRECTION('',(0.,-1.,2.2E-16));
#16384 = ORIENTED_EDGE('',*,*,#16385,.F.);
#16385 = EDGE_CURVE('',#16346,#16378,#16386,.T.);
#16386 = CIRCLE('',#16387,65.);
#16387 = AXIS2_PLACEMENT_3D('',#16388,#16389,#16390);
#16388 = CARTESIAN_POINT('',(0.,0.,65.));
#16389 = DIRECTION('',(0.,-1.,0.));
#16390 = DIRECTION('',(1.,0.,0.));
#16391 = CYLINDRICAL_SURFACE('',#16392,65.);
#16392 = AXIS2_PLACEMENT_3D('',#16393,#16394,#16395);
#16393 = CARTESIAN_POINT('',(0.,1.443E-14,65.));
#16394 = DIRECTION('',(0.,1.,-2.2E-16));
#16395 = DIRECTION('',(1.,0.,0.));
#16396 = ADVANCED_FACE('',(#16397),#16422,.T.);
#16397 = FACE_BOUND('',#16398,.T.);
#16398 = EDGE_LOOP('',(#16399,#16409,#16415,#16416));
#16399 = ORIENTED_EDGE('',*,*,#16400,.T.);
#16400 = EDGE_CURVE('',#16401,#16403,#16405,.T.);
#16401 = VERTEX_POINT('',#16402);
#16402 = CARTESIAN_POINT('',(80.384615384615,1.E-14,45.294325450078));
#16403 = VERTEX_POINT('',#16404);
#16404 = CARTESIAN_POINT('',(80.384615384615,-25.,45.294325450078));
#16405 = LINE('',#16406,#16407);
#16406 = CARTESIAN_POINT('',(80.384615384615,1.006E-14,45.294325450078)
  );
#16407 = VECTOR('',#16408,1.);
#16408 = DIRECTION('',(0.,-1.,2.2E-16));
#16409 = ORIENTED_EDGE('',*,*,#16410,.T.);
#16410 = EDGE_CURVE('',#16403,#16369,#16411,.T.);
#16411 = LINE('',#16412,#16413);
#16412 = CARTESIAN_POINT('',(80.384615384615,-25.,45.294325450078));
#16413 = VECTOR('',#16414,1.);
#16414 = DIRECTION('',(-0.788226981997,-0.,-0.615384615385));
#16415 = ORIENTED_EDGE('',*,*,#16377,.F.);
#16416 = ORIENTED_EDGE('',*,*,#16417,.F.);
#16417 = EDGE_CURVE('',#16401,#16378,#16418,.T.);
#16418 = LINE('',#16419,#16420);
#16419 = CARTESIAN_POINT('',(80.384615384615,0.,45.294325450078));
#16420 = VECTOR('',#16421,1.);
#16421 = DIRECTION('',(-0.788226981997,-0.,-0.615384615385));
#16422 = PLANE('',#16423);
#16423 = AXIS2_PLACEMENT_3D('',#16424,#16425,#16426);
#16424 = CARTESIAN_POINT('',(80.384615384615,1.006E-14,45.294325450078)
  );
#16425 = DIRECTION('',(0.615384615385,-1.8E-16,-0.788226981997));
#16426 = DIRECTION('',(-0.788226981997,-1.4E-16,-0.615384615385));
#16427 = ADVANCED_FACE('',(#16428),#16455,.T.);
#16428 = FACE_BOUND('',#16429,.F.);
#16429 = EDGE_LOOP('',(#16430,#16431,#16440,#16448));
#16430 = ORIENTED_EDGE('',*,*,#16400,.T.);
#16431 = ORIENTED_EDGE('',*,*,#16432,.T.);
#16432 = EDGE_CURVE('',#16403,#16433,#16435,.T.);
#16433 = VERTEX_POINT('',#16434);
#16434 = CARTESIAN_POINT('',(90.,-25.,65.));
#16435 = CIRCLE('',#16436,25.);
#16436 = AXIS2_PLACEMENT_3D('',#16437,#16438,#16439);
#16437 = CARTESIAN_POINT('',(65.,-25.,65.));
#16438 = DIRECTION('',(0.,-1.,0.));
#16439 = DIRECTION('',(1.,0.,0.));
#16440 = ORIENTED_EDGE('',*,*,#16441,.F.);
#16441 = EDGE_CURVE('',#16442,#16433,#16444,.T.);
#16442 = VERTEX_POINT('',#16443);
#16443 = CARTESIAN_POINT('',(90.,1.4E-14,65.));
#16444 = LINE('',#16445,#16446);
#16445 = CARTESIAN_POINT('',(90.,1.443E-14,65.));
#16446 = VECTOR('',#16447,1.);
#16447 = DIRECTION('',(0.,-1.,2.2E-16));
#16448 = ORIENTED_EDGE('',*,*,#16449,.F.);
#16449 = EDGE_CURVE('',#16401,#16442,#16450,.T.);
#16450 = CIRCLE('',#16451,25.);
#16451 = AXIS2_PLACEMENT_3D('',#16452,#16453,#16454);
#16452 = CARTESIAN_POINT('',(65.,0.,65.));
#16453 = DIRECTION('',(0.,-1.,0.));
#16454 = DIRECTION('',(1.,0.,0.));
#16455 = CYLINDRICAL_SURFACE('',#16456,25.);
#16456 = AXIS2_PLACEMENT_3D('',#16457,#16458,#16459);
#16457 = CARTESIAN_POINT('',(65.,1.443E-14,65.));
#16458 = DIRECTION('',(0.,1.,-2.2E-16));
#16459 = DIRECTION('',(1.,0.,0.));
#16460 = ADVANCED_FACE('',(#16461),#16486,.T.);
#16461 = FACE_BOUND('',#16462,.T.);
#16462 = EDGE_LOOP('',(#16463,#16473,#16479,#16480));
#16463 = ORIENTED_EDGE('',*,*,#16464,.T.);
#16464 = EDGE_CURVE('',#16465,#16467,#16469,.T.);
#16465 = VERTEX_POINT('',#16466);
#16466 = CARTESIAN_POINT('',(90.,4.1E-14,185.));
#16467 = VERTEX_POINT('',#16468);
#16468 = CARTESIAN_POINT('',(90.,-25.,185.));
#16469 = LINE('',#16470,#16471);
#16470 = CARTESIAN_POINT('',(90.,4.108E-14,185.));
#16471 = VECTOR('',#16472,1.);
#16472 = DIRECTION('',(0.,-1.,2.2E-16));
#16473 = ORIENTED_EDGE('',*,*,#16474,.T.);
#16474 = EDGE_CURVE('',#16467,#16433,#16475,.T.);
#16475 = LINE('',#16476,#16477);
#16476 = CARTESIAN_POINT('',(90.,-25.,185.));
#16477 = VECTOR('',#16478,1.);
#16478 = DIRECTION('',(0.,0.,-1.));
#16479 = ORIENTED_EDGE('',*,*,#16441,.F.);
#16480 = ORIENTED_EDGE('',*,*,#16481,.F.);
#16481 = EDGE_CURVE('',#16465,#16442,#16482,.T.);
#16482 = LINE('',#16483,#16484);
#16483 = CARTESIAN_POINT('',(90.,0.,185.));
#16484 = VECTOR('',#16485,1.);
#16485 = DIRECTION('',(0.,0.,-1.));
#16486 = PLANE('',#16487);
#16487 = AXIS2_PLACEMENT_3D('',#16488,#16489,#16490);
#16488 = CARTESIAN_POINT('',(90.,4.108E-14,185.));
#16489 = DIRECTION('',(1.,0.,0.));
#16490 = DIRECTION('',(0.,-2.2E-16,-1.));
#16491 = ADVANCED_FACE('',(#16492),#16517,.T.);
#16492 = FACE_BOUND('',#16493,.T.);
#16493 = EDGE_LOOP('',(#16494,#16504,#16510,#16511));
#16494 = ORIENTED_EDGE('',*,*,#16495,.T.);
#16495 = EDGE_CURVE('',#16496,#16498,#16500,.T.);
#16496 = VERTEX_POINT('',#16497);
#16497 = CARTESIAN_POINT('',(14.637263846109,5.3E-14,239.42864277781));
#16498 = VERTEX_POINT('',#16499);
#16499 = CARTESIAN_POINT('',(14.637263846109,-25.,239.42864277781));
#16500 = LINE('',#16501,#16502);
#16501 = CARTESIAN_POINT('',(14.637263846109,5.316E-14,239.42864277781)
  );
#16502 = VECTOR('',#16503,1.);
#16503 = DIRECTION('',(0.,-1.,2.2E-16));
#16504 = ORIENTED_EDGE('',*,*,#16505,.T.);
#16505 = EDGE_CURVE('',#16498,#16467,#16506,.T.);
#16506 = LINE('',#16507,#16508);
#16507 = CARTESIAN_POINT('',(14.637263846109,-25.,239.42864277781));
#16508 = VECTOR('',#16509,1.);
#16509 = DIRECTION('',(0.8106792284,0.,-0.585490553844));
#16510 = ORIENTED_EDGE('',*,*,#16464,.F.);
#16511 = ORIENTED_EDGE('',*,*,#16512,.F.);
#16512 = EDGE_CURVE('',#16496,#16465,#16513,.T.);
#16513 = LINE('',#16514,#16515);
#16514 = CARTESIAN_POINT('',(14.637263846109,0.,239.42864277781));
#16515 = VECTOR('',#16516,1.);
#16516 = DIRECTION('',(0.8106792284,0.,-0.585490553844));
#16517 = PLANE('',#16518);
#16518 = AXIS2_PLACEMENT_3D('',#16519,#16520,#16521);
#16519 = CARTESIAN_POINT('',(14.637263846109,5.316E-14,239.42864277781)
  );
#16520 = DIRECTION('',(0.585490553844,1.8E-16,0.8106792284));
#16521 = DIRECTION('',(0.8106792284,-1.3E-16,-0.585490553844));
#16522 = ADVANCED_FACE('',(#16523),#16550,.T.);
#16523 = FACE_BOUND('',#16524,.F.);
#16524 = EDGE_LOOP('',(#16525,#16526,#16535,#16543));
#16525 = ORIENTED_EDGE('',*,*,#16495,.T.);
#16526 = ORIENTED_EDGE('',*,*,#16527,.T.);
#16527 = EDGE_CURVE('',#16498,#16528,#16530,.T.);
#16528 = VERTEX_POINT('',#16529);
#16529 = CARTESIAN_POINT('',(-14.6372638461,-25.,239.42864277781));
#16530 = CIRCLE('',#16531,25.);
#16531 = AXIS2_PLACEMENT_3D('',#16532,#16533,#16534);
#16532 = CARTESIAN_POINT('',(-1.06E-14,-25.,219.16166206781));
#16533 = DIRECTION('',(0.,-1.,0.));
#16534 = DIRECTION('',(1.,0.,0.));
#16535 = ORIENTED_EDGE('',*,*,#16536,.F.);
#16536 = EDGE_CURVE('',#16537,#16528,#16539,.T.);
#16537 = VERTEX_POINT('',#16538);
#16538 = CARTESIAN_POINT('',(-14.6372638461,5.3E-14,239.42864277781));
#16539 = LINE('',#16540,#16541);
#16540 = CARTESIAN_POINT('',(-14.6372638461,5.316E-14,239.42864277781));
#16541 = VECTOR('',#16542,1.);
#16542 = DIRECTION('',(0.,-1.,2.2E-16));
#16543 = ORIENTED_EDGE('',*,*,#16544,.F.);
#16544 = EDGE_CURVE('',#16496,#16537,#16545,.T.);
#16545 = CIRCLE('',#16546,25.);
#16546 = AXIS2_PLACEMENT_3D('',#16547,#16548,#16549);
#16547 = CARTESIAN_POINT('',(-1.06E-14,0.,219.16166206781));
#16548 = DIRECTION('',(0.,-1.,0.));
#16549 = DIRECTION('',(1.,0.,0.));
#16550 = CYLINDRICAL_SURFACE('',#16551,25.);
#16551 = AXIS2_PLACEMENT_3D('',#16552,#16553,#16554);
#16552 = CARTESIAN_POINT('',(-1.06E-14,4.866E-14,219.16166206781));
#16553 = DIRECTION('',(0.,1.,-2.2E-16));
#16554 = DIRECTION('',(1.,0.,0.));
#16555 = ADVANCED_FACE('',(#16556),#16572,.T.);
#16556 = FACE_BOUND('',#16557,.T.);
#16557 = EDGE_LOOP('',(#16558,#16559,#16565,#16566));
#16558 = ORIENTED_EDGE('',*,*,#16263,.T.);
#16559 = ORIENTED_EDGE('',*,*,#16560,.T.);
#16560 = EDGE_CURVE('',#16266,#16528,#16561,.T.);
#16561 = LINE('',#16562,#16563);
#16562 = CARTESIAN_POINT('',(-90.,-25.,185.));
#16563 = VECTOR('',#16564,1.);
#16564 = DIRECTION('',(0.8106792284,0.,0.585490553844));
#16565 = ORIENTED_EDGE('',*,*,#16536,.F.);
#16566 = ORIENTED_EDGE('',*,*,#16567,.F.);
#16567 = EDGE_CURVE('',#16264,#16537,#16568,.T.);
#16568 = LINE('',#16569,#16570);
#16569 = CARTESIAN_POINT('',(-90.,0.,185.));
#16570 = VECTOR('',#16571,1.);
#16571 = DIRECTION('',(0.8106792284,0.,0.585490553844));
#16572 = PLANE('',#16573);
#16573 = AXIS2_PLACEMENT_3D('',#16574,#16575,#16576);
#16574 = CARTESIAN_POINT('',(-90.,4.108E-14,185.));
#16575 = DIRECTION('',(-0.585490553844,1.8E-16,0.8106792284));
#16576 = DIRECTION('',(0.8106792284,1.3E-16,0.585490553844));
#16577 = ADVANCED_FACE('',(#16578),#16605,.F.);
#16578 = FACE_BOUND('',#16579,.T.);
#16579 = EDGE_LOOP('',(#16580,#16590,#16597,#16598));
#16580 = ORIENTED_EDGE('',*,*,#16581,.T.);
#16581 = EDGE_CURVE('',#16582,#16584,#16586,.T.);
#16582 = VERTEX_POINT('',#16583);
#16583 = CARTESIAN_POINT('',(30.,1.4E-14,65.));
#16584 = VERTEX_POINT('',#16585);
#16585 = CARTESIAN_POINT('',(30.,-25.,65.));
#16586 = LINE('',#16587,#16588);
#16587 = CARTESIAN_POINT('',(30.,1.443E-14,65.));
#16588 = VECTOR('',#16589,1.);
#16589 = DIRECTION('',(0.,-1.,2.2E-16));
#16590 = ORIENTED_EDGE('',*,*,#16591,.T.);
#16591 = EDGE_CURVE('',#16584,#16584,#16592,.T.);
#16592 = CIRCLE('',#16593,30.);
#16593 = AXIS2_PLACEMENT_3D('',#16594,#16595,#16596);
#16594 = CARTESIAN_POINT('',(0.,-25.,65.));
#16595 = DIRECTION('',(0.,-1.,0.));
#16596 = DIRECTION('',(1.,0.,0.));
#16597 = ORIENTED_EDGE('',*,*,#16581,.F.);
#16598 = ORIENTED_EDGE('',*,*,#16599,.F.);
#16599 = EDGE_CURVE('',#16582,#16582,#16600,.T.);
#16600 = CIRCLE('',#16601,30.);
#16601 = AXIS2_PLACEMENT_3D('',#16602,#16603,#16604);
#16602 = CARTESIAN_POINT('',(0.,0.,65.));
#16603 = DIRECTION('',(0.,-1.,0.));
#16604 = DIRECTION('',(1.,0.,0.));
#16605 = CYLINDRICAL_SURFACE('',#16606,30.);
#16606 = AXIS2_PLACEMENT_3D('',#16607,#16608,#16609);
#16607 = CARTESIAN_POINT('',(0.,1.443E-14,65.));
#16608 = DIRECTION('',(0.,1.,-2.2E-16));
#16609 = DIRECTION('',(1.,0.,0.));
#16610 = ADVANCED_FACE('',(#16611,#16623),#16626,.T.);
#16611 = FACE_BOUND('',#16612,.F.);
#16612 = EDGE_LOOP('',(#16613,#16614,#16615,#16616,#16617,#16618,#16619,
    #16620,#16621,#16622));
#16613 = ORIENTED_EDGE('',*,*,#16289,.T.);
#16614 = ORIENTED_EDGE('',*,*,#16321,.T.);
#16615 = ORIENTED_EDGE('',*,*,#16353,.T.);
#16616 = ORIENTED_EDGE('',*,*,#16385,.T.);
#16617 = ORIENTED_EDGE('',*,*,#16417,.F.);
#16618 = ORIENTED_EDGE('',*,*,#16449,.T.);
#16619 = ORIENTED_EDGE('',*,*,#16481,.F.);
#16620 = ORIENTED_EDGE('',*,*,#16512,.F.);
#16621 = ORIENTED_EDGE('',*,*,#16544,.T.);
#16622 = ORIENTED_EDGE('',*,*,#16567,.F.);
#16623 = FACE_BOUND('',#16624,.T.);
#16624 = EDGE_LOOP('',(#16625));
#16625 = ORIENTED_EDGE('',*,*,#16599,.T.);
#16626 = PLANE('',#16627);
#16627 = AXIS2_PLACEMENT_3D('',#16628,#16629,#16630);
#16628 = CARTESIAN_POINT('',(-8.1E-16,2.443E-14,110.02210004677));
#16629 = DIRECTION('',(0.,1.,0.));
#16630 = DIRECTION('',(0.,0.,1.));
#16631 = ADVANCED_FACE('',(#16632,#16644),#16647,.F.);
#16632 = FACE_BOUND('',#16633,.T.);
#16633 = EDGE_LOOP('',(#16634,#16635,#16636,#16637,#16638,#16639,#16640,
    #16641,#16642,#16643));
#16634 = ORIENTED_EDGE('',*,*,#16273,.T.);
#16635 = ORIENTED_EDGE('',*,*,#16304,.T.);
#16636 = ORIENTED_EDGE('',*,*,#16337,.T.);
#16637 = ORIENTED_EDGE('',*,*,#16368,.T.);
#16638 = ORIENTED_EDGE('',*,*,#16410,.F.);
#16639 = ORIENTED_EDGE('',*,*,#16432,.T.);
#16640 = ORIENTED_EDGE('',*,*,#16474,.F.);
#16641 = ORIENTED_EDGE('',*,*,#16505,.F.);
#16642 = ORIENTED_EDGE('',*,*,#16527,.T.);
#16643 = ORIENTED_EDGE('',*,*,#16560,.F.);
#16644 = FACE_BOUND('',#16645,.F.);
#16645 = EDGE_LOOP('',(#16646));
#16646 = ORIENTED_EDGE('',*,*,#16591,.T.);
#16647 = PLANE('',#16648);
#16648 = AXIS2_PLACEMENT_3D('',#16649,#16650,#16651);
#16649 = CARTESIAN_POINT('',(-8.1E-16,-25.,110.02210004677));
#16650 = DIRECTION('',(0.,1.,0.));
#16651 = DIRECTION('',(0.,0.,1.));
#16652 = ( GEOMETRIC_REPRESENTATION_CONTEXT(3) 
GLOBAL_UNCERTAINTY_ASSIGNED_CONTEXT((#16656)) 
GLOBAL_UNIT_ASSIGNED_CONTEXT((#16653,#16654,#16655)) 
REPRESENTATION_CONTEXT('Context #1',
  '3D Context with UNIT and UNCERTAINTY') );
#16653 = ( LENGTH_UNIT() NAMED_UNIT(*) SI_UNIT(.MILLI.,.METRE.) );
#16654 = ( NAMED_UNIT(*) PLANE_ANGLE_UNIT() SI_UNIT($,.RADIAN.) );
#16655 = ( NAMED_UNIT(*) SI_UNIT($,.STERADIAN.) SOLID_ANGLE_UNIT() );
#16656 = UNCERTAINTY_MEASURE_WITH_UNIT(LENGTH_MEASURE(1.E-07),#16653,
  'distance_accuracy_value','confusion accuracy');
#16657 = CONTEXT_DEPENDENT_SHAPE_REPRESENTATION(#16658,#16660);
#16658 = ( REPRESENTATION_RELATIONSHIP('','',#16256,#15871) 
REPRESENTATION_RELATIONSHIP_WITH_TRANSFORMATION(#16659) 
SHAPE_REPRESENTATION_RELATIONSHIP() );
#16659 = ITEM_DEFINED_TRANSFORMATION('','',#11,#15876);
#16660 = PRODUCT_DEFINITION_SHAPE('Placement','Placement of an item',
  #16661);
#16661 = NEXT_ASSEMBLY_USAGE_OCCURRENCE('56','Body045','',#15866,#16251,
  $);
#16662 = PRODUCT_RELATED_PRODUCT_CATEGORY('part',$,(#16253));
#16663 = CONTEXT_DEPENDENT_SHAPE_REPRESENTATION(#16664,#16666);
#16664 = ( REPRESENTATION_RELATIONSHIP('','',#16256,#15871) 
REPRESENTATION_RELATIONSHIP_WITH_TRANSFORMATION(#16665) 
SHAPE_REPRESENTATION_RELATIONSHIP() );
#16665 = ITEM_DEFINED_TRANSFORMATION('','',#11,#15880);
#16666 = PRODUCT_DEFINITION_SHAPE('Placement','Placement of an item',
  #16667);
#16667 = NEXT_ASSEMBLY_USAGE_OCCURRENCE('57','Body046','',#15866,#16251,
  $);
#16668 = SHAPE_DEFINITION_REPRESENTATION(#16669,#16675);
#16669 = PRODUCT_DEFINITION_SHAPE('','',#16670);
#16670 = PRODUCT_DEFINITION('design','',#16671,#16674);
#16671 = PRODUCT_DEFINITION_FORMATION('','',#16672);
#16672 = PRODUCT('Body','Body','',(#16673));
#16673 = PRODUCT_CONTEXT('',#2,'mechanical');
#16674 = PRODUCT_DEFINITION_CONTEXT('part definition',#2,'design');
#16675 = ADVANCED_BREP_SHAPE_REPRESENTATION('',(#11,#16676),#16894);
#16676 = MANIFOLD_SOLID_BREP('',#16677);
#16677 = CLOSED_SHELL('',(#16678,#16718,#16749,#16780,#16811,#16842,
    #16866,#16880));
#16678 = ADVANCED_FACE('',(#16679),#16713,.T.);
#16679 = FACE_BOUND('',#16680,.T.);
#16680 = EDGE_LOOP('',(#16681,#16691,#16699,#16707));
#16681 = ORIENTED_EDGE('',*,*,#16682,.T.);
#16682 = EDGE_CURVE('',#16683,#16685,#16687,.T.);
#16683 = VERTEX_POINT('',#16684);
#16684 = CARTESIAN_POINT('',(14.637263846087,2.3E-14,104.42864277776));
#16685 = VERTEX_POINT('',#16686);
#16686 = CARTESIAN_POINT('',(14.637263846087,-45.,104.42864277776));
#16687 = LINE('',#16688,#16689);
#16688 = CARTESIAN_POINT('',(14.637263846087,2.319E-14,104.42864277776)
  );
#16689 = VECTOR('',#16690,1.);
#16690 = DIRECTION('',(0.,-1.,2.2E-16));
#16691 = ORIENTED_EDGE('',*,*,#16692,.T.);
#16692 = EDGE_CURVE('',#16685,#16693,#16695,.T.);
#16693 = VERTEX_POINT('',#16694);
#16694 = CARTESIAN_POINT('',(90.,-45.,50.));
#16695 = LINE('',#16696,#16697);
#16696 = CARTESIAN_POINT('',(14.637263846087,-45.,104.42864277776));
#16697 = VECTOR('',#16698,1.);
#16698 = DIRECTION('',(0.8106792284,0.,-0.585490553844));
#16699 = ORIENTED_EDGE('',*,*,#16700,.F.);
#16700 = EDGE_CURVE('',#16701,#16693,#16703,.T.);
#16701 = VERTEX_POINT('',#16702);
#16702 = CARTESIAN_POINT('',(90.,1.1E-14,50.));
#16703 = LINE('',#16704,#16705);
#16704 = CARTESIAN_POINT('',(90.,1.11E-14,50.));
#16705 = VECTOR('',#16706,1.);
#16706 = DIRECTION('',(0.,-1.,2.2E-16));
#16707 = ORIENTED_EDGE('',*,*,#16708,.F.);
#16708 = EDGE_CURVE('',#16683,#16701,#16709,.T.);
#16709 = LINE('',#16710,#16711);
#16710 = CARTESIAN_POINT('',(14.637263846087,0.,104.42864277776));
#16711 = VECTOR('',#16712,1.);
#16712 = DIRECTION('',(0.8106792284,0.,-0.585490553844));
#16713 = PLANE('',#16714);
#16714 = AXIS2_PLACEMENT_3D('',#16715,#16716,#16717);
#16715 = CARTESIAN_POINT('',(14.637263846087,2.319E-14,104.42864277776)
  );
#16716 = DIRECTION('',(0.585490553844,1.8E-16,0.8106792284));
#16717 = DIRECTION('',(0.8106792284,-1.3E-16,-0.585490553844));
#16718 = ADVANCED_FACE('',(#16719),#16744,.T.);
#16719 = FACE_BOUND('',#16720,.T.);
#16720 = EDGE_LOOP('',(#16721,#16722,#16730,#16738));
#16721 = ORIENTED_EDGE('',*,*,#16700,.T.);
#16722 = ORIENTED_EDGE('',*,*,#16723,.T.);
#16723 = EDGE_CURVE('',#16693,#16724,#16726,.T.);
#16724 = VERTEX_POINT('',#16725);
#16725 = CARTESIAN_POINT('',(90.,-45.,1.E-14));
#16726 = LINE('',#16727,#16728);
#16727 = CARTESIAN_POINT('',(90.,-45.,50.));
#16728 = VECTOR('',#16729,1.);
#16729 = DIRECTION('',(0.,0.,-1.));
#16730 = ORIENTED_EDGE('',*,*,#16731,.F.);
#16731 = EDGE_CURVE('',#16732,#16724,#16734,.T.);
#16732 = VERTEX_POINT('',#16733);
#16733 = CARTESIAN_POINT('',(90.,0.,0.));
#16734 = LINE('',#16735,#16736);
#16735 = CARTESIAN_POINT('',(90.,0.,0.));
#16736 = VECTOR('',#16737,1.);
#16737 = DIRECTION('',(0.,-1.,2.2E-16));
#16738 = ORIENTED_EDGE('',*,*,#16739,.F.);
#16739 = EDGE_CURVE('',#16701,#16732,#16740,.T.);
#16740 = LINE('',#16741,#16742);
#16741 = CARTESIAN_POINT('',(90.,0.,50.));
#16742 = VECTOR('',#16743,1.);
#16743 = DIRECTION('',(0.,0.,-1.));
#16744 = PLANE('',#16745);
#16745 = AXIS2_PLACEMENT_3D('',#16746,#16747,#16748);
#16746 = CARTESIAN_POINT('',(90.,1.11E-14,50.));
#16747 = DIRECTION('',(1.,0.,0.));
#16748 = DIRECTION('',(0.,-2.2E-16,-1.));
#16749 = ADVANCED_FACE('',(#16750),#16775,.T.);
#16750 = FACE_BOUND('',#16751,.T.);
#16751 = EDGE_LOOP('',(#16752,#16753,#16761,#16769));
#16752 = ORIENTED_EDGE('',*,*,#16731,.T.);
#16753 = ORIENTED_EDGE('',*,*,#16754,.T.);
#16754 = EDGE_CURVE('',#16724,#16755,#16757,.T.);
#16755 = VERTEX_POINT('',#16756);
#16756 = CARTESIAN_POINT('',(-90.,-45.,1.E-14));
#16757 = LINE('',#16758,#16759);
#16758 = CARTESIAN_POINT('',(90.,-45.,1.E-14));
#16759 = VECTOR('',#16760,1.);
#16760 = DIRECTION('',(-1.,0.,0.));
#16761 = ORIENTED_EDGE('',*,*,#16762,.F.);
#16762 = EDGE_CURVE('',#16763,#16755,#16765,.T.);
#16763 = VERTEX_POINT('',#16764);
#16764 = CARTESIAN_POINT('',(-90.,0.,0.));
#16765 = LINE('',#16766,#16767);
#16766 = CARTESIAN_POINT('',(-90.,0.,0.));
#16767 = VECTOR('',#16768,1.);
#16768 = DIRECTION('',(0.,-1.,2.2E-16));
#16769 = ORIENTED_EDGE('',*,*,#16770,.F.);
#16770 = EDGE_CURVE('',#16732,#16763,#16771,.T.);
#16771 = LINE('',#16772,#16773);
#16772 = CARTESIAN_POINT('',(90.,0.,0.));
#16773 = VECTOR('',#16774,1.);
#16774 = DIRECTION('',(-1.,0.,0.));
#16775 = PLANE('',#16776);
#16776 = AXIS2_PLACEMENT_3D('',#16777,#16778,#16779);
#16777 = CARTESIAN_POINT('',(90.,0.,0.));
#16778 = DIRECTION('',(-0.,-2.2E-16,-1.));
#16779 = DIRECTION('',(-1.,0.,0.));
#16780 = ADVANCED_FACE('',(#16781),#16806,.T.);
#16781 = FACE_BOUND('',#16782,.T.);
#16782 = EDGE_LOOP('',(#16783,#16784,#16792,#16800));
#16783 = ORIENTED_EDGE('',*,*,#16762,.T.);
#16784 = ORIENTED_EDGE('',*,*,#16785,.T.);
#16785 = EDGE_CURVE('',#16755,#16786,#16788,.T.);
#16786 = VERTEX_POINT('',#16787);
#16787 = CARTESIAN_POINT('',(-90.,-45.,50.));
#16788 = LINE('',#16789,#16790);
#16789 = CARTESIAN_POINT('',(-90.,-45.,1.E-14));
#16790 = VECTOR('',#16791,1.);
#16791 = DIRECTION('',(0.,0.,1.));
#16792 = ORIENTED_EDGE('',*,*,#16793,.F.);
#16793 = EDGE_CURVE('',#16794,#16786,#16796,.T.);
#16794 = VERTEX_POINT('',#16795);
#16795 = CARTESIAN_POINT('',(-90.,1.1E-14,50.));
#16796 = LINE('',#16797,#16798);
#16797 = CARTESIAN_POINT('',(-90.,1.11E-14,50.));
#16798 = VECTOR('',#16799,1.);
#16799 = DIRECTION('',(0.,-1.,2.2E-16));
#16800 = ORIENTED_EDGE('',*,*,#16801,.F.);
#16801 = EDGE_CURVE('',#16763,#16794,#16802,.T.);
#16802 = LINE('',#16803,#16804);
#16803 = CARTESIAN_POINT('',(-90.,0.,0.));
#16804 = VECTOR('',#16805,1.);
#16805 = DIRECTION('',(0.,0.,1.));
#16806 = PLANE('',#16807);
#16807 = AXIS2_PLACEMENT_3D('',#16808,#16809,#16810);
#16808 = CARTESIAN_POINT('',(-90.,0.,0.));
#16809 = DIRECTION('',(-1.,0.,0.));
#16810 = DIRECTION('',(0.,2.2E-16,1.));
#16811 = ADVANCED_FACE('',(#16812),#16837,.T.);
#16812 = FACE_BOUND('',#16813,.T.);
#16813 = EDGE_LOOP('',(#16814,#16815,#16823,#16831));
#16814 = ORIENTED_EDGE('',*,*,#16793,.T.);
#16815 = ORIENTED_EDGE('',*,*,#16816,.T.);
#16816 = EDGE_CURVE('',#16786,#16817,#16819,.T.);
#16817 = VERTEX_POINT('',#16818);
#16818 = CARTESIAN_POINT('',(-14.63726384614,-45.,104.42864277777));
#16819 = LINE('',#16820,#16821);
#16820 = CARTESIAN_POINT('',(-90.,-45.,50.));
#16821 = VECTOR('',#16822,1.);
#16822 = DIRECTION('',(0.8106792284,0.,0.585490553844));
#16823 = ORIENTED_EDGE('',*,*,#16824,.F.);
#16824 = EDGE_CURVE('',#16825,#16817,#16827,.T.);
#16825 = VERTEX_POINT('',#16826);
#16826 = CARTESIAN_POINT('',(-14.63726384614,2.3E-14,104.42864277777));
#16827 = LINE('',#16828,#16829);
#16828 = CARTESIAN_POINT('',(-14.63726384614,2.319E-14,104.42864277777)
  );
#16829 = VECTOR('',#16830,1.);
#16830 = DIRECTION('',(0.,-1.,2.2E-16));
#16831 = ORIENTED_EDGE('',*,*,#16832,.F.);
#16832 = EDGE_CURVE('',#16794,#16825,#16833,.T.);
#16833 = LINE('',#16834,#16835);
#16834 = CARTESIAN_POINT('',(-90.,0.,50.));
#16835 = VECTOR('',#16836,1.);
#16836 = DIRECTION('',(0.8106792284,0.,0.585490553844));
#16837 = PLANE('',#16838);
#16838 = AXIS2_PLACEMENT_3D('',#16839,#16840,#16841);
#16839 = CARTESIAN_POINT('',(-90.,1.11E-14,50.));
#16840 = DIRECTION('',(-0.585490553844,1.8E-16,0.8106792284));
#16841 = DIRECTION('',(0.8106792284,1.3E-16,0.585490553844));
#16842 = ADVANCED_FACE('',(#16843),#16861,.T.);
#16843 = FACE_BOUND('',#16844,.F.);
#16844 = EDGE_LOOP('',(#16845,#16846,#16853,#16854));
#16845 = ORIENTED_EDGE('',*,*,#16682,.T.);
#16846 = ORIENTED_EDGE('',*,*,#16847,.T.);
#16847 = EDGE_CURVE('',#16685,#16817,#16848,.T.);
#16848 = CIRCLE('',#16849,25.);
#16849 = AXIS2_PLACEMENT_3D('',#16850,#16851,#16852);
#16850 = CARTESIAN_POINT('',(-3.456305E-11,-45.,84.161662067778));
#16851 = DIRECTION('',(0.,-1.,0.));
#16852 = DIRECTION('',(1.,0.,0.));
#16853 = ORIENTED_EDGE('',*,*,#16824,.F.);
#16854 = ORIENTED_EDGE('',*,*,#16855,.F.);
#16855 = EDGE_CURVE('',#16683,#16825,#16856,.T.);
#16856 = CIRCLE('',#16857,25.);
#16857 = AXIS2_PLACEMENT_3D('',#16858,#16859,#16860);
#16858 = CARTESIAN_POINT('',(-3.456305E-11,0.,84.161662067778));
#16859 = DIRECTION('',(0.,-1.,0.));
#16860 = DIRECTION('',(1.,0.,0.));
#16861 = CYLINDRICAL_SURFACE('',#16862,25.);
#16862 = AXIS2_PLACEMENT_3D('',#16863,#16864,#16865);
#16863 = CARTESIAN_POINT('',(-3.456305E-11,1.869E-14,84.161662067778));
#16864 = DIRECTION('',(0.,1.,-2.2E-16));
#16865 = DIRECTION('',(1.,0.,0.));
#16866 = ADVANCED_FACE('',(#16867),#16875,.T.);
#16867 = FACE_BOUND('',#16868,.T.);
#16868 = EDGE_LOOP('',(#16869,#16870,#16871,#16872,#16873,#16874));
#16869 = ORIENTED_EDGE('',*,*,#16708,.T.);
#16870 = ORIENTED_EDGE('',*,*,#16739,.T.);
#16871 = ORIENTED_EDGE('',*,*,#16770,.T.);
#16872 = ORIENTED_EDGE('',*,*,#16801,.T.);
#16873 = ORIENTED_EDGE('',*,*,#16832,.T.);
#16874 = ORIENTED_EDGE('',*,*,#16855,.F.);
#16875 = PLANE('',#16876);
#16876 = AXIS2_PLACEMENT_3D('',#16877,#16878,#16879);
#16877 = CARTESIAN_POINT('',(-2.77075E-12,9.02E-15,40.616173864482));
#16878 = DIRECTION('',(0.,1.,0.));
#16879 = DIRECTION('',(0.,0.,1.));
#16880 = ADVANCED_FACE('',(#16881),#16889,.F.);
#16881 = FACE_BOUND('',#16882,.F.);
#16882 = EDGE_LOOP('',(#16883,#16884,#16885,#16886,#16887,#16888));
#16883 = ORIENTED_EDGE('',*,*,#16692,.T.);
#16884 = ORIENTED_EDGE('',*,*,#16723,.T.);
#16885 = ORIENTED_EDGE('',*,*,#16754,.T.);
#16886 = ORIENTED_EDGE('',*,*,#16785,.T.);
#16887 = ORIENTED_EDGE('',*,*,#16816,.T.);
#16888 = ORIENTED_EDGE('',*,*,#16847,.F.);
#16889 = PLANE('',#16890);
#16890 = AXIS2_PLACEMENT_3D('',#16891,#16892,#16893);
#16891 = CARTESIAN_POINT('',(-2.77075E-12,-45.,40.616173864482));
#16892 = DIRECTION('',(0.,1.,0.));
#16893 = DIRECTION('',(0.,0.,1.));
#16894 = ( GEOMETRIC_REPRESENTATION_CONTEXT(3) 
GLOBAL_UNCERTAINTY_ASSIGNED_CONTEXT((#16898)) 
GLOBAL_UNIT_ASSIGNED_CONTEXT((#16895,#16896,#16897)) 
REPRESENTATION_CONTEXT('Context #1',
  '3D Context with UNIT and UNCERTAINTY') );
#16895 = ( LENGTH_UNIT() NAMED_UNIT(*) SI_UNIT(.MILLI.,.METRE.) );
#16896 = ( NAMED_UNIT(*) PLANE_ANGLE_UNIT() SI_UNIT($,.RADIAN.) );
#16897 = ( NAMED_UNIT(*) SI_UNIT($,.STERADIAN.) SOLID_ANGLE_UNIT() );
#16898 = UNCERTAINTY_MEASURE_WITH_UNIT(LENGTH_MEASURE(1.E-07),#16895,
  'distance_accuracy_value','confusion accuracy');
#16899 = CONTEXT_DEPENDENT_SHAPE_REPRESENTATION(#16900,#16902);
#16900 = ( REPRESENTATION_RELATIONSHIP('','',#16675,#15871) 
REPRESENTATION_RELATIONSHIP_WITH_TRANSFORMATION(#16901) 
SHAPE_REPRESENTATION_RELATIONSHIP() );
#16901 = ITEM_DEFINED_TRANSFORMATION('','',#11,#15884);
#16902 = PRODUCT_DEFINITION_SHAPE('Placement','Placement of an item',
  #16903);
#16903 = NEXT_ASSEMBLY_USAGE_OCCURRENCE('58','Body047','',#15866,#16670,
  $);
#16904 = PRODUCT_RELATED_PRODUCT_CATEGORY('part',$,(#16672));
#16905 = CONTEXT_DEPENDENT_SHAPE_REPRESENTATION(#16906,#16908);
#16906 = ( REPRESENTATION_RELATIONSHIP('','',#16256,#15871) 
REPRESENTATION_RELATIONSHIP_WITH_TRANSFORMATION(#16907) 
SHAPE_REPRESENTATION_RELATIONSHIP() );
#16907 = ITEM_DEFINED_TRANSFORMATION('','',#11,#15888);
#16908 = PRODUCT_DEFINITION_SHAPE('Placement','Placement of an item',
  #16909);
#16909 = NEXT_ASSEMBLY_USAGE_OCCURRENCE('59','Body048','',#15866,#16251,
  $);
#16910 = SHAPE_DEFINITION_REPRESENTATION(#16911,#16917);
#16911 = PRODUCT_DEFINITION_SHAPE('','',#16912);
#16912 = PRODUCT_DEFINITION('design','',#16913,#16916);
#16913 = PRODUCT_DEFINITION_FORMATION('','',#16914);
#16914 = PRODUCT('Assembly','Assembly','',(#16915));
#16915 = PRODUCT_CONTEXT('',#2,'mechanical');
#16916 = PRODUCT_DEFINITION_CONTEXT('part definition',#2,'design');
#16917 = SHAPE_REPRESENTATION('',(#11,#16918,#16922,#16926,#16930,#16934
    ),#16938);
#16918 = AXIS2_PLACEMENT_3D('',#16919,#16920,#16921);
#16919 = CARTESIAN_POINT('',(0.,0.,0.));
#16920 = DIRECTION('',(0.,0.,1.));
#16921 = DIRECTION('',(1.,0.,0.));
#16922 = AXIS2_PLACEMENT_3D('',#16923,#16924,#16925);
#16923 = CARTESIAN_POINT('',(-8.7E-14,25.,-145.));
#16924 = DIRECTION('',(0.,0.,1.));
#16925 = DIRECTION('',(1.,0.,0.));
#16926 = AXIS2_PLACEMENT_3D('',#16927,#16928,#16929);
#16927 = CARTESIAN_POINT('',(-9.5E-14,-30.,-145.));
#16928 = DIRECTION('',(0.,0.,1.));
#16929 = DIRECTION('',(1.,0.,0.));
#16930 = AXIS2_PLACEMENT_3D('',#16931,#16932,#16933);
#16931 = CARTESIAN_POINT('',(-5.73E-14,-75.,714.99999999999));
#16932 = DIRECTION('',(-8.E-16,-1.224646799147E-16,-1.));
#16933 = DIRECTION('',(1.,-4.898587196589E-32,-8.E-16));
#16934 = AXIS2_PLACEMENT_3D('',#16935,#16936,#16937);
#16935 = CARTESIAN_POINT('',(7.89E-14,-75.,850.));
#16936 = DIRECTION('',(-7.657137397854E-16,3.062854959142E-31,-1.));
#16937 = DIRECTION('',(-1.,8.E-16,7.657137397854E-16));
#16938 = ( GEOMETRIC_REPRESENTATION_CONTEXT(3) 
GLOBAL_UNCERTAINTY_ASSIGNED_CONTEXT((#16942)) 
GLOBAL_UNIT_ASSIGNED_CONTEXT((#16939,#16940,#16941)) 
REPRESENTATION_CONTEXT('Context #1',
  '3D Context with UNIT and UNCERTAINTY') );
#16939 = ( LENGTH_UNIT() NAMED_UNIT(*) SI_UNIT(.MILLI.,.METRE.) );
#16940 = ( NAMED_UNIT(*) PLANE_ANGLE_UNIT() SI_UNIT($,.RADIAN.) );
#16941 = ( NAMED_UNIT(*) SI_UNIT($,.STERADIAN.) SOLID_ANGLE_UNIT() );
#16942 = UNCERTAINTY_MEASURE_WITH_UNIT(LENGTH_MEASURE(1.E-07),#16939,
  'distance_accuracy_value','confusion accuracy');
#16943 = CONTEXT_DEPENDENT_SHAPE_REPRESENTATION(#16944,#16946);
#16944 = ( REPRESENTATION_RELATIONSHIP('','',#16917,#10) 
REPRESENTATION_RELATIONSHIP_WITH_TRANSFORMATION(#16945) 
SHAPE_REPRESENTATION_RELATIONSHIP() );
#16945 = ITEM_DEFINED_TRANSFORMATION('','',#11,#27);
#16946 = PRODUCT_DEFINITION_SHAPE('Placement','Placement of an item',
  #16947);
#16947 = NEXT_ASSEMBLY_USAGE_OCCURRENCE('66','Assembly','',#5,#16912,$);
#16948 = PRODUCT_RELATED_PRODUCT_CATEGORY('part',$,(#16914));
#16949 = CONTEXT_DEPENDENT_SHAPE_REPRESENTATION(#16950,#16952);
#16950 = ( REPRESENTATION_RELATIONSHIP('','',#15910,#16917) 
REPRESENTATION_RELATIONSHIP_WITH_TRANSFORMATION(#16951) 
SHAPE_REPRESENTATION_RELATIONSHIP() );
#16951 = ITEM_DEFINED_TRANSFORMATION('','',#11,#16918);
#16952 = PRODUCT_DEFINITION_SHAPE('Placement','Placement of an item',
  #16953);
#16953 = NEXT_ASSEMBLY_USAGE_OCCURRENCE('61','','',#16912,#15905,$);
#16954 = CONTEXT_DEPENDENT_SHAPE_REPRESENTATION(#16955,#16957);
#16955 = ( REPRESENTATION_RELATIONSHIP('','',#16256,#16917) 
REPRESENTATION_RELATIONSHIP_WITH_TRANSFORMATION(#16956) 
SHAPE_REPRESENTATION_RELATIONSHIP() );
#16956 = ITEM_DEFINED_TRANSFORMATION('','',#11,#16922);
#16957 = PRODUCT_DEFINITION_SHAPE('Placement','Placement of an item',
  #16958);
#16958 = NEXT_ASSEMBLY_USAGE_OCCURRENCE('62','Body050','',#16912,#16251,
  $);
#16959 = CONTEXT_DEPENDENT_SHAPE_REPRESENTATION(#16960,#16962);
#16960 = ( REPRESENTATION_RELATIONSHIP('','',#16256,#16917) 
REPRESENTATION_RELATIONSHIP_WITH_TRANSFORMATION(#16961) 
SHAPE_REPRESENTATION_RELATIONSHIP() );
#16961 = ITEM_DEFINED_TRANSFORMATION('','',#11,#16926);
#16962 = PRODUCT_DEFINITION_SHAPE('Placement','Placement of an item',
  #16963);
#16963 = NEXT_ASSEMBLY_USAGE_OCCURRENCE('63','Body051','',#16912,#16251,
  $);
#16964 = CONTEXT_DEPENDENT_SHAPE_REPRESENTATION(#16965,#16967);
#16965 = ( REPRESENTATION_RELATIONSHIP('','',#16675,#16917) 
REPRESENTATION_RELATIONSHIP_WITH_TRANSFORMATION(#16966) 
SHAPE_REPRESENTATION_RELATIONSHIP() );
#16966 = ITEM_DEFINED_TRANSFORMATION('','',#11,#16930);
#16967 = PRODUCT_DEFINITION_SHAPE('Placement','Placement of an item',
  #16968);
#16968 = NEXT_ASSEMBLY_USAGE_OCCURRENCE('64','Body052','',#16912,#16670,
  $);
#16969 = CONTEXT_DEPENDENT_SHAPE_REPRESENTATION(#16970,#16972);
#16970 = ( REPRESENTATION_RELATIONSHIP('','',#16256,#16917) 
REPRESENTATION_RELATIONSHIP_WITH_TRANSFORMATION(#16971) 
SHAPE_REPRESENTATION_RELATIONSHIP() );
#16971 = ITEM_DEFINED_TRANSFORMATION('','',#11,#16934);
#16972 = PRODUCT_DEFINITION_SHAPE('Placement','Placement of an item',
  #16973);
#16973 = NEXT_ASSEMBLY_USAGE_OCCURRENCE('65','Body053','',#16912,#16251,
  $);
#16974 = MECHANICAL_DESIGN_GEOMETRIC_PRESENTATION_REPRESENTATION('',(
    #16975),#16652);
#16975 = STYLED_ITEM('color',(#16976),#16257);
#16976 = PRESENTATION_STYLE_ASSIGNMENT((#16977,#16983));
#16977 = SURFACE_STYLE_USAGE(.BOTH.,#16978);
#16978 = SURFACE_SIDE_STYLE('',(#16979));
#16979 = SURFACE_STYLE_FILL_AREA(#16980);
#16980 = FILL_AREA_STYLE('',(#16981));
#16981 = FILL_AREA_STYLE_COLOUR('',#16982);
#16982 = COLOUR_RGB('',0.447058818107,0.474509808674,0.501960817233);
#16983 = CURVE_STYLE('',#16984,POSITIVE_LENGTH_MEASURE(0.1),#16985);
#16984 = DRAUGHTING_PRE_DEFINED_CURVE_FONT('continuous');
#16985 = COLOUR_RGB('',9.803921802644E-02,9.803921802644E-02,
  9.803921802644E-02);
#16986 = MECHANICAL_DESIGN_GEOMETRIC_PRESENTATION_REPRESENTATION('',(
    #16987),#16238);
#16987 = STYLED_ITEM('color',(#16988),#15911);
#16988 = PRESENTATION_STYLE_ASSIGNMENT((#16989,#16994));
#16989 = SURFACE_STYLE_USAGE(.BOTH.,#16990);
#16990 = SURFACE_SIDE_STYLE('',(#16991));
#16991 = SURFACE_STYLE_FILL_AREA(#16992);
#16992 = FILL_AREA_STYLE('',(#16993));
#16993 = FILL_AREA_STYLE_COLOUR('',#16982);
#16994 = CURVE_STYLE('',#16995,POSITIVE_LENGTH_MEASURE(0.1),#16985);
#16995 = DRAUGHTING_PRE_DEFINED_CURVE_FONT('continuous');
#16996 = MECHANICAL_DESIGN_GEOMETRIC_PRESENTATION_REPRESENTATION('',(
    #16997),#8123);
#16997 = STYLED_ITEM('color',(#16998),#7557);
#16998 = PRESENTATION_STYLE_ASSIGNMENT((#16999,#17004));
#16999 = SURFACE_STYLE_USAGE(.BOTH.,#17000);
#17000 = SURFACE_SIDE_STYLE('',(#17001));
#17001 = SURFACE_STYLE_FILL_AREA(#17002);
#17002 = FILL_AREA_STYLE('',(#17003));
#17003 = FILL_AREA_STYLE_COLOUR('',#16982);
#17004 = CURVE_STYLE('',#17005,POSITIVE_LENGTH_MEASURE(0.1),#16985);
#17005 = DRAUGHTING_PRE_DEFINED_CURVE_FONT('continuous');
#17006 = MECHANICAL_DESIGN_GEOMETRIC_PRESENTATION_REPRESENTATION('',(
    #17007),#12453);
#17007 = STYLED_ITEM('color',(#17008),#8182);
#17008 = PRESENTATION_STYLE_ASSIGNMENT((#17009,#17014));
#17009 = SURFACE_STYLE_USAGE(.BOTH.,#17010);
#17010 = SURFACE_SIDE_STYLE('',(#17011));
#17011 = SURFACE_STYLE_FILL_AREA(#17012);
#17012 = FILL_AREA_STYLE('',(#17013));
#17013 = FILL_AREA_STYLE_COLOUR('',#16982);
#17014 = CURVE_STYLE('',#17015,POSITIVE_LENGTH_MEASURE(0.1),#16985);
#17015 = DRAUGHTING_PRE_DEFINED_CURVE_FONT('continuous');
#17016 = MECHANICAL_DESIGN_GEOMETRIC_PRESENTATION_REPRESENTATION('',(
    #17017),#16894);
#17017 = STYLED_ITEM('color',(#17018),#16676);
#17018 = PRESENTATION_STYLE_ASSIGNMENT((#17019,#17024));
#17019 = SURFACE_STYLE_USAGE(.BOTH.,#17020);
#17020 = SURFACE_SIDE_STYLE('',(#17021));
#17021 = SURFACE_STYLE_FILL_AREA(#17022);
#17022 = FILL_AREA_STYLE('',(#17023));
#17023 = FILL_AREA_STYLE_COLOUR('',#16982);
#17024 = CURVE_STYLE('',#17025,POSITIVE_LENGTH_MEASURE(0.1),#16985);
#17025 = DRAUGHTING_PRE_DEFINED_CURVE_FONT('continuous');
#17026 = MECHANICAL_DESIGN_GEOMETRIC_PRESENTATION_REPRESENTATION('',(
    #17027),#6355);
#17027 = STYLED_ITEM('color',(#17028),#6049);
#17028 = PRESENTATION_STYLE_ASSIGNMENT((#17029,#17034));
#17029 = SURFACE_STYLE_USAGE(.BOTH.,#17030);
#17030 = SURFACE_SIDE_STYLE('',(#17031));
#17031 = SURFACE_STYLE_FILL_AREA(#17032);
#17032 = FILL_AREA_STYLE('',(#17033));
#17033 = FILL_AREA_STYLE_COLOUR('',#16982);
#17034 = CURVE_STYLE('',#17035,POSITIVE_LENGTH_MEASURE(0.1),#16985);
#17035 = DRAUGHTING_PRE_DEFINED_CURVE_FONT('continuous');
#17036 = MECHANICAL_DESIGN_GEOMETRIC_PRESENTATION_REPRESENTATION('',(
    #17037),#4413);
#17037 = STYLED_ITEM('color',(#17038),#4084);
#17038 = PRESENTATION_STYLE_ASSIGNMENT((#17039,#17044));
#17039 = SURFACE_STYLE_USAGE(.BOTH.,#17040);
#17040 = SURFACE_SIDE_STYLE('',(#17041));
#17041 = SURFACE_STYLE_FILL_AREA(#17042);
#17042 = FILL_AREA_STYLE('',(#17043));
#17043 = FILL_AREA_STYLE_COLOUR('',#16982);
#17044 = CURVE_STYLE('',#17045,POSITIVE_LENGTH_MEASURE(0.1),#16985);
#17045 = DRAUGHTING_PRE_DEFINED_CURVE_FONT('continuous');
#17046 = MECHANICAL_DESIGN_GEOMETRIC_PRESENTATION_REPRESENTATION('',(
    #17047),#4065);
#17047 = STYLED_ITEM('color',(#17048),#3736);
#17048 = PRESENTATION_STYLE_ASSIGNMENT((#17049,#17054));
#17049 = SURFACE_STYLE_USAGE(.BOTH.,#17050);
#17050 = SURFACE_SIDE_STYLE('',(#17051));
#17051 = SURFACE_STYLE_FILL_AREA(#17052);
#17052 = FILL_AREA_STYLE('',(#17053));
#17053 = FILL_AREA_STYLE_COLOUR('',#16982);
#17054 = CURVE_STYLE('',#17055,POSITIVE_LENGTH_MEASURE(0.1),#16985);
#17055 = DRAUGHTING_PRE_DEFINED_CURVE_FONT('continuous');
#17056 = MECHANICAL_DESIGN_GEOMETRIC_PRESENTATION_REPRESENTATION('',(
    #17057),#5966);
#17057 = STYLED_ITEM('color',(#17058),#5647);
#17058 = PRESENTATION_STYLE_ASSIGNMENT((#17059,#17064));
#17059 = SURFACE_STYLE_USAGE(.BOTH.,#17060);
#17060 = SURFACE_SIDE_STYLE('',(#17061));
#17061 = SURFACE_STYLE_FILL_AREA(#17062);
#17062 = FILL_AREA_STYLE('',(#17063));
#17063 = FILL_AREA_STYLE_COLOUR('',#16982);
#17064 = CURVE_STYLE('',#17065,POSITIVE_LENGTH_MEASURE(0.1),#16985);
#17065 = DRAUGHTING_PRE_DEFINED_CURVE_FONT('continuous');
#17066 = MECHANICAL_DESIGN_GEOMETRIC_PRESENTATION_REPRESENTATION('',(
    #17067),#7320);
#17067 = STYLED_ITEM('color',(#17068),#7104);
#17068 = PRESENTATION_STYLE_ASSIGNMENT((#17069,#17074));
#17069 = SURFACE_STYLE_USAGE(.BOTH.,#17070);
#17070 = SURFACE_SIDE_STYLE('',(#17071));
#17071 = SURFACE_STYLE_FILL_AREA(#17072);
#17072 = FILL_AREA_STYLE('',(#17073));
#17073 = FILL_AREA_STYLE_COLOUR('',#16982);
#17074 = CURVE_STYLE('',#17075,POSITIVE_LENGTH_MEASURE(0.1),#16985);
#17075 = DRAUGHTING_PRE_DEFINED_CURVE_FONT('continuous');
#17076 = MECHANICAL_DESIGN_GEOMETRIC_PRESENTATION_REPRESENTATION('',(
    #17077),#3717);
#17077 = STYLED_ITEM('color',(#17078),#3147);
#17078 = PRESENTATION_STYLE_ASSIGNMENT((#17079,#17084));
#17079 = SURFACE_STYLE_USAGE(.BOTH.,#17080);
#17080 = SURFACE_SIDE_STYLE('',(#17081));
#17081 = SURFACE_STYLE_FILL_AREA(#17082);
#17082 = FILL_AREA_STYLE('',(#17083));
#17083 = FILL_AREA_STYLE_COLOUR('',#16982);
#17084 = CURVE_STYLE('',#17085,POSITIVE_LENGTH_MEASURE(0.1),#16985);
#17085 = DRAUGHTING_PRE_DEFINED_CURVE_FONT('continuous');
#17086 = MECHANICAL_DESIGN_GEOMETRIC_PRESENTATION_REPRESENTATION('',(
    #17087),#15843);
#17087 = STYLED_ITEM('color',(#17088),#12472);
#17088 = PRESENTATION_STYLE_ASSIGNMENT((#17089,#17094));
#17089 = SURFACE_STYLE_USAGE(.BOTH.,#17090);
#17090 = SURFACE_SIDE_STYLE('',(#17091));
#17091 = SURFACE_STYLE_FILL_AREA(#17092);
#17092 = FILL_AREA_STYLE('',(#17093));
#17093 = FILL_AREA_STYLE_COLOUR('',#16982);
#17094 = CURVE_STYLE('',#17095,POSITIVE_LENGTH_MEASURE(0.1),#16985);
#17095 = DRAUGHTING_PRE_DEFINED_CURVE_FONT('continuous');
#17096 = MECHANICAL_DESIGN_GEOMETRIC_PRESENTATION_REPRESENTATION('',(
    #17097),#5628);
#17097 = STYLED_ITEM('color',(#17098),#5088);
#17098 = PRESENTATION_STYLE_ASSIGNMENT((#17099,#17104));
#17099 = SURFACE_STYLE_USAGE(.BOTH.,#17100);
#17100 = SURFACE_SIDE_STYLE('',(#17101));
#17101 = SURFACE_STYLE_FILL_AREA(#17102);
#17102 = FILL_AREA_STYLE('',(#17103));
#17103 = FILL_AREA_STYLE_COLOUR('',#16982);
#17104 = CURVE_STYLE('',#17105,POSITIVE_LENGTH_MEASURE(0.1),#16985);
#17105 = DRAUGHTING_PRE_DEFINED_CURVE_FONT('continuous');
#17106 = MECHANICAL_DESIGN_GEOMETRIC_PRESENTATION_REPRESENTATION('',(
    #17107),#7528);
#17107 = STYLED_ITEM('color',(#17108),#7339);
#17108 = PRESENTATION_STYLE_ASSIGNMENT((#17109,#17114));
#17109 = SURFACE_STYLE_USAGE(.BOTH.,#17110);
#17110 = SURFACE_SIDE_STYLE('',(#17111));
#17111 = SURFACE_STYLE_FILL_AREA(#17112);
#17112 = FILL_AREA_STYLE('',(#17113));
#17113 = FILL_AREA_STYLE_COLOUR('',#16982);
#17114 = CURVE_STYLE('',#17115,POSITIVE_LENGTH_MEASURE(0.1),#16985);
#17115 = DRAUGHTING_PRE_DEFINED_CURVE_FONT('continuous');
#17116 = MECHANICAL_DESIGN_GEOMETRIC_PRESENTATION_REPRESENTATION('',(
    #17117),#7019);
#17117 = STYLED_ITEM('color',(#17118),#6869);
#17118 = PRESENTATION_STYLE_ASSIGNMENT((#17119,#17124));
#17119 = SURFACE_STYLE_USAGE(.BOTH.,#17120);
#17120 = SURFACE_SIDE_STYLE('',(#17121));
#17121 = SURFACE_STYLE_FILL_AREA(#17122);
#17122 = FILL_AREA_STYLE('',(#17123));
#17123 = FILL_AREA_STYLE_COLOUR('',#16982);
#17124 = CURVE_STYLE('',#17125,POSITIVE_LENGTH_MEASURE(0.1),#16985);
#17125 = DRAUGHTING_PRE_DEFINED_CURVE_FONT('continuous');
#17126 = MECHANICAL_DESIGN_GEOMETRIC_PRESENTATION_REPRESENTATION('',(
    #17127),#3097);
#17127 = STYLED_ITEM('color',(#17128),#100);
#17128 = PRESENTATION_STYLE_ASSIGNMENT((#17129,#17134));
#17129 = SURFACE_STYLE_USAGE(.BOTH.,#17130);
#17130 = SURFACE_SIDE_STYLE('',(#17131));
#17131 = SURFACE_STYLE_FILL_AREA(#17132);
#17132 = FILL_AREA_STYLE('',(#17133));
#17133 = FILL_AREA_STYLE_COLOUR('',#16982);
#17134 = CURVE_STYLE('',#17135,POSITIVE_LENGTH_MEASURE(0.1),#16985);
#17135 = DRAUGHTING_PRE_DEFINED_CURVE_FONT('continuous');
#17136 = MECHANICAL_DESIGN_GEOMETRIC_PRESENTATION_REPRESENTATION('',(
    #17137),#6680);
#17137 = STYLED_ITEM('color',(#17138),#6374);
#17138 = PRESENTATION_STYLE_ASSIGNMENT((#17139,#17144));
#17139 = SURFACE_STYLE_USAGE(.BOTH.,#17140);
#17140 = SURFACE_SIDE_STYLE('',(#17141));
#17141 = SURFACE_STYLE_FILL_AREA(#17142);
#17142 = FILL_AREA_STYLE('',(#17143));
#17143 = FILL_AREA_STYLE_COLOUR('',#16982);
#17144 = CURVE_STYLE('',#17145,POSITIVE_LENGTH_MEASURE(0.1),#16985);
#17145 = DRAUGHTING_PRE_DEFINED_CURVE_FONT('continuous');
#17146 = MECHANICAL_DESIGN_GEOMETRIC_PRESENTATION_REPRESENTATION('',(
    #17147),#5069);
#17147 = STYLED_ITEM('color',(#17148),#4529);
#17148 = PRESENTATION_STYLE_ASSIGNMENT((#17149,#17154));
#17149 = SURFACE_STYLE_USAGE(.BOTH.,#17150);
#17150 = SURFACE_SIDE_STYLE('',(#17151));
#17151 = SURFACE_STYLE_FILL_AREA(#17152);
#17152 = FILL_AREA_STYLE('',(#17153));
#17153 = FILL_AREA_STYLE_COLOUR('',#16982);
#17154 = CURVE_STYLE('',#17155,POSITIVE_LENGTH_MEASURE(0.1),#16985);
#17155 = DRAUGHTING_PRE_DEFINED_CURVE_FONT('continuous');
ENDSEC;
END-ISO-10303-21;
