ISO-10303-21;
HEADER;
FILE_DESCRIPTION(('FreeCAD Model'),'2;1');
FILE_NAME('Open CASCADE Shape Model','2026-09-16T08:13:12',(''),(''),
  'Open CASCADE STEP processor 7.8','FreeCAD','Unknown');
FILE_SCHEMA(('CONFIG_CONTROL_DESIGN','SHAPE_APPEARANCE_LAYER_MIM'));
ENDSEC;
DATA;
#1 = APPLICATION_PROTOCOL_DEFINITION('international standard',
  'config_control_design',1994,#2);
#2 = APPLICATION_CONTEXT(
'configuration controlled 3D designs of mechanical parts and assemblies'
  );
#3 = SHAPE_DEFINITION_REPRESENTATION(#4,#10);
#4 = PRODUCT_DEFINITION_SHAPE('','',#5);
#5 = PRODUCT_DEFINITION('design','',#6,#9);
#6 = PRODUCT_DEFINITION_FORMATION_WITH_SPECIFIED_SOURCE('','',#7,
  .NOT_KNOWN.);
#7 = PRODUCT('Assembly','Assembly','',(#8));
#8 = MECHANICAL_CONTEXT('',#2,'mechanical');
#9 = DESIGN_CONTEXT('',#2,'design');
#10 = SHAPE_REPRESENTATION('',(#11,#15,#19,#23,#27,#31,#35),#39);
#11 = AXIS2_PLACEMENT_3D('',#12,#13,#14);
#12 = CARTESIAN_POINT('',(0.,0.,0.));
#13 = DIRECTION('',(0.,0.,1.));
#14 = DIRECTION('',(1.,0.,-0.));
#15 = AXIS2_PLACEMENT_3D('',#16,#17,#18);
#16 = CARTESIAN_POINT('',(276.16279792785,592.62501525878,
    205.20059204101));
#17 = DIRECTION('',(-0.,0.,1.));
#18 = DIRECTION('',(0.999991837587,-4.040390995815E-03,0.));
#19 = AXIS2_PLACEMENT_3D('',#20,#21,#22);
#20 = CARTESIAN_POINT('',(759.39098247977,1.390627052015E+03,
    374.71296234696));
#21 = DIRECTION('',(2.794733500408E-06,6.916931282784E-04,0.999999760776
    ));
#22 = DIRECTION('',(-0.999991837587,4.040390995752E-03,
    1.319382381699E-15));
#23 = AXIS2_PLACEMENT_3D('',#24,#25,#26);
#24 = CARTESIAN_POINT('',(203.80874897974,1.247646184818E+03,
    712.47113418078));
#25 = DIRECTION('',(-2.798888275181E-03,-0.692721430277,0.721199824084)
  );
#26 = DIRECTION('',(2.913929275413E-03,0.721193937354,0.692727084602));
#27 = AXIS2_PLACEMENT_3D('',#28,#29,#30);
#28 = CARTESIAN_POINT('',(1.283799933574E+03,1.243282562543E+03,
    712.47113418081));
#29 = DIRECTION('',(-2.798888275182E-03,-0.692721430277,0.721199824084)
  );
#30 = DIRECTION('',(2.913929275413E-03,0.721193937354,0.692727084602));
#31 = AXIS2_PLACEMENT_3D('',#32,#33,#34);
#32 = CARTESIAN_POINT('',(258.70879114152,1.222795630717E+03,
    961.86530102898));
#33 = DIRECTION('',(3.573087208381E-03,0.88433472084,0.466839731133));
#34 = DIRECTION('',(-9.031350786259E-02,0.465220257084,-0.880575710939)
  );
#35 = AXIS2_PLACEMENT_3D('',#36,#37,#38);
#36 = CARTESIAN_POINT('',(1.338699975735E+03,1.218432008442E+03,
    961.86530102901));
#37 = DIRECTION('',(2.519206694714E-03,0.623500580642,0.781818827822));
#38 = DIRECTION('',(-8.904628905984E-02,0.778855363315,-0.620850289072)
  );
#39 = ( GEOMETRIC_REPRESENTATION_CONTEXT(3) 
GLOBAL_UNCERTAINTY_ASSIGNED_CONTEXT((#43)) GLOBAL_UNIT_ASSIGNED_CONTEXT(
(#40,#41,#42)) REPRESENTATION_CONTEXT('Context #1',
  '3D Context with UNIT and UNCERTAINTY') );
#40 = ( LENGTH_UNIT() NAMED_UNIT(*) SI_UNIT(.MILLI.,.METRE.) );
#41 = ( NAMED_UNIT(*) PLANE_ANGLE_UNIT() SI_UNIT($,.RADIAN.) );
#42 = ( NAMED_UNIT(*) SI_UNIT($,.STERADIAN.) SOLID_ANGLE_UNIT() );
#43 = UNCERTAINTY_MEASURE_WITH_UNIT(LENGTH_MEASURE(2.E-04),#40,
  'distance_accuracy_value','confusion accuracy');
#44 = PRODUCT_RELATED_PRODUCT_CATEGORY('detail',$,(#7));
#45 = PRODUCT_CATEGORY_RELATIONSHIP('','',#46,#44);
#46 = PRODUCT_CATEGORY('part',$);
#47 = CC_DESIGN_PERSON_AND_ORGANIZATION_ASSIGNMENT(#48,#51,(#6,#5));
#48 = PERSON_AND_ORGANIZATION(#49,#50);
#49 = PERSON('IP192.168.0,geyderson.costa','','geyderson.costa',$,$,$);
#50 = ORGANIZATION('IP192.168.0','Unspecified','');
#51 = PERSON_AND_ORGANIZATION_ROLE('creator');
#52 = CC_DESIGN_PERSON_AND_ORGANIZATION_ASSIGNMENT(#48,#53,(#7));
#53 = PERSON_AND_ORGANIZATION_ROLE('design_owner');
#54 = CC_DESIGN_PERSON_AND_ORGANIZATION_ASSIGNMENT(#48,#55,(#6));
#55 = PERSON_AND_ORGANIZATION_ROLE('design_supplier');
#56 = CC_DESIGN_PERSON_AND_ORGANIZATION_ASSIGNMENT(#48,#57,(#58));
#57 = PERSON_AND_ORGANIZATION_ROLE('classification_officer');
#58 = SECURITY_CLASSIFICATION('','',#59);
#59 = SECURITY_CLASSIFICATION_LEVEL('unclassified');
#60 = CC_DESIGN_SECURITY_CLASSIFICATION(#58,(#6));
#61 = CC_DESIGN_DATE_AND_TIME_ASSIGNMENT(#62,#66,(#5));
#62 = DATE_AND_TIME(#63,#64);
#63 = CALENDAR_DATE(2026,16,9);
#64 = LOCAL_TIME(8,13,$,#65);
#65 = COORDINATED_UNIVERSAL_TIME_OFFSET(3,$,.BEHIND.);
#66 = DATE_TIME_ROLE('creation_date');
#67 = CC_DESIGN_DATE_AND_TIME_ASSIGNMENT(#62,#68,(#58));
#68 = DATE_TIME_ROLE('classification_date');
#69 = CC_DESIGN_APPROVAL(#70,(#6,#5,#58));
#70 = APPROVAL(#71,'');
#71 = APPROVAL_STATUS('not_yet_approved');
#72 = APPROVAL_PERSON_ORGANIZATION(#48,#70,#73);
#73 = APPROVAL_ROLE('approver');
#74 = APPROVAL_DATE_TIME(#62,#70);
#75 = SHAPE_DEFINITION_REPRESENTATION(#76,#82);
#76 = PRODUCT_DEFINITION_SHAPE('','',#77);
#77 = PRODUCT_DEFINITION('design','',#78,#81);
#78 = PRODUCT_DEFINITION_FORMATION_WITH_SPECIFIED_SOURCE('','',#79,
  .NOT_KNOWN.);
#79 = PRODUCT('Assembly','Assembly','',(#80));
#80 = MECHANICAL_CONTEXT('',#2,'mechanical');
#81 = DESIGN_CONTEXT('',#2,'design');
#82 = SHAPE_REPRESENTATION('',(#11,#83,#87,#91,#95,#99,#103,#107,#111),
  #115);
#83 = AXIS2_PLACEMENT_3D('',#84,#85,#86);
#84 = CARTESIAN_POINT('',(0.,-4.1E-15,4.E-16));
#85 = DIRECTION('',(0.,0.,1.));
#86 = DIRECTION('',(1.,0.,0.));
#87 = AXIS2_PLACEMENT_3D('',#88,#89,#90);
#88 = CARTESIAN_POINT('',(960.,-85.,1.59E-14));
#89 = DIRECTION('',(-3.E-16,3.E-16,1.));
#90 = DIRECTION('',(-2.22044604925E-16,1.,-3.E-16));
#91 = AXIS2_PLACEMENT_3D('',#92,#93,#94);
#92 = CARTESIAN_POINT('',(-25.,-85.,3.39E-14));
#93 = DIRECTION('',(0.,0.,1.));
#94 = DIRECTION('',(-2.22044604925E-16,1.,0.));
#95 = AXIS2_PLACEMENT_3D('',#96,#97,#98);
#96 = CARTESIAN_POINT('',(190.,-25.,1.19E+03));
#97 = DIRECTION('',(-4.006140973603E-16,-4.006140973603E-16,-1.));
#98 = DIRECTION('',(2.22044604925E-16,-1.,4.006140973603E-16));
#99 = AXIS2_PLACEMENT_3D('',#100,#101,#102);
#100 = CARTESIAN_POINT('',(200.,-125.,288.));
#101 = DIRECTION('',(8.659560562355E-17,-8.659560562355E-17,-1.));
#102 = DIRECTION('',(-4.440892098501E-16,1.,-8.659560562355E-17));
#103 = AXIS2_PLACEMENT_3D('',#104,#105,#106);
#104 = CARTESIAN_POINT('',(770.,-25.,494.));
#105 = DIRECTION('',(-6.E-16,2.E-16,1.));
#106 = DIRECTION('',(-2.22044604925E-16,-1.,2.E-16));
#107 = AXIS2_PLACEMENT_3D('',#108,#109,#110);
#108 = CARTESIAN_POINT('',(760.,-125.,1.1E-14));
#109 = DIRECTION('',(-3.E-16,3.E-16,1.));
#110 = DIRECTION('',(-2.22044604925E-16,1.,-3.E-16));
#111 = AXIS2_PLACEMENT_3D('',#112,#113,#114);
#112 = CARTESIAN_POINT('',(8.65E-14,2.314E-13,1.37E-14));
#113 = DIRECTION('',(0.,1.,-2.22044604925E-16));
#114 = DIRECTION('',(1.,0.,0.));
#115 = ( GEOMETRIC_REPRESENTATION_CONTEXT(3) 
GLOBAL_UNCERTAINTY_ASSIGNED_CONTEXT((#119)) GLOBAL_UNIT_ASSIGNED_CONTEXT
((#116,#117,#118)) REPRESENTATION_CONTEXT('Context #1',
  '3D Context with UNIT and UNCERTAINTY') );
#116 = ( LENGTH_UNIT() NAMED_UNIT(*) SI_UNIT(.MILLI.,.METRE.) );
#117 = ( NAMED_UNIT(*) PLANE_ANGLE_UNIT() SI_UNIT($,.RADIAN.) );
#118 = ( NAMED_UNIT(*) SI_UNIT($,.STERADIAN.) SOLID_ANGLE_UNIT() );
#119 = UNCERTAINTY_MEASURE_WITH_UNIT(LENGTH_MEASURE(1.E-07),#116,
  'distance_accuracy_value','confusion accuracy');
#120 = CONTEXT_DEPENDENT_SHAPE_REPRESENTATION(#121,#123);
#121 = ( REPRESENTATION_RELATIONSHIP('','',#82,#10) 
REPRESENTATION_RELATIONSHIP_WITH_TRANSFORMATION(#122) 
SHAPE_REPRESENTATION_RELATIONSHIP() );
#122 = ITEM_DEFINED_TRANSFORMATION('','',#11,#15);
#123 = PRODUCT_DEFINITION_SHAPE('Placement','Placement of an item',#124
  );
#124 = NEXT_ASSEMBLY_USAGE_OCCURRENCE('41','Assembly','',#5,#77,$);
#125 = CC_DESIGN_SECURITY_CLASSIFICATION(#126,(#124));
#126 = SECURITY_CLASSIFICATION('','',#59);
#127 = CC_DESIGN_PERSON_AND_ORGANIZATION_ASSIGNMENT(#48,#57,(#126));
#128 = CC_DESIGN_DATE_AND_TIME_ASSIGNMENT(#62,#68,(#126));
#129 = CC_DESIGN_APPROVAL(#70,(#126));
#130 = PRODUCT_RELATED_PRODUCT_CATEGORY('detail',$,(#79));
#131 = PRODUCT_CATEGORY_RELATIONSHIP('','',#132,#130);
#132 = PRODUCT_CATEGORY('part',$);
#133 = CC_DESIGN_PERSON_AND_ORGANIZATION_ASSIGNMENT(#48,#51,(#78,#77));
#134 = CC_DESIGN_PERSON_AND_ORGANIZATION_ASSIGNMENT(#48,#53,(#79));
#135 = CC_DESIGN_PERSON_AND_ORGANIZATION_ASSIGNMENT(#48,#55,(#78));
#136 = CC_DESIGN_PERSON_AND_ORGANIZATION_ASSIGNMENT(#48,#57,(#137));
#137 = SECURITY_CLASSIFICATION('','',#59);
#138 = CC_DESIGN_SECURITY_CLASSIFICATION(#137,(#78));
#139 = CC_DESIGN_DATE_AND_TIME_ASSIGNMENT(#62,#66,(#77));
#140 = CC_DESIGN_DATE_AND_TIME_ASSIGNMENT(#62,#68,(#137));
#141 = CC_DESIGN_APPROVAL(#70,(#78,#77,#137));
#142 = SHAPE_DEFINITION_REPRESENTATION(#143,#149);
#143 = PRODUCT_DEFINITION_SHAPE('','',#144);
#144 = PRODUCT_DEFINITION('design','',#145,#148);
#145 = PRODUCT_DEFINITION_FORMATION_WITH_SPECIFIED_SOURCE('','',#146,
  .NOT_KNOWN.);
#146 = PRODUCT('Body','Body','',(#147));
#147 = MECHANICAL_CONTEXT('',#2,'mechanical');
#148 = DESIGN_CONTEXT('',#2,'design');
#149 = ADVANCED_BREP_SHAPE_REPRESENTATION('',(#11,#150),#3108);
#150 = MANIFOLD_SOLID_BREP('',#151);
#151 = CLOSED_SHELL('',(#152,#192,#223,#254,#276,#309,#342,#375,#408,
    #441,#474,#507,#540,#573,#606,#639,#672,#705,#738,#771,#804,#837,
    #870,#903,#936,#969,#1002,#1035,#1068,#1101,#1134,#1167,#1200,#1233,
    #1266,#1299,#1332,#1365,#1398,#1431,#1464,#1497,#1530,#1563,#1596,
    #1629,#1662,#1695,#1728,#1761,#1794,#1827,#1860,#1893,#1926,#1959,
    #1992,#2025,#2058,#2091,#2124,#2157,#2190,#2223,#2256,#2289,#2322,
    #2355,#2388,#2421,#2454,#2487,#2520,#2553,#2586,#2619,#2652,#2880));
#152 = ADVANCED_FACE('',(#153),#187,.F.);
#153 = FACE_BOUND('',#154,.F.);
#154 = EDGE_LOOP('',(#155,#165,#173,#181));
#155 = ORIENTED_EDGE('',*,*,#156,.T.);
#156 = EDGE_CURVE('',#157,#159,#161,.T.);
#157 = VERTEX_POINT('',#158);
#158 = CARTESIAN_POINT('',(0.,0.,0.));
#159 = VERTEX_POINT('',#160);
#160 = CARTESIAN_POINT('',(0.,-25.,6.E-15));
#161 = LINE('',#162,#163);
#162 = CARTESIAN_POINT('',(0.,0.,0.));
#163 = VECTOR('',#164,1.);
#164 = DIRECTION('',(0.,-1.,2.2E-16));
#165 = ORIENTED_EDGE('',*,*,#166,.T.);
#166 = EDGE_CURVE('',#159,#167,#169,.T.);
#167 = VERTEX_POINT('',#168);
#168 = CARTESIAN_POINT('',(960.,-25.,6.E-15));
#169 = LINE('',#170,#171);
#170 = CARTESIAN_POINT('',(0.,-25.,6.E-15));
#171 = VECTOR('',#172,1.);
#172 = DIRECTION('',(1.,0.,0.));
#173 = ORIENTED_EDGE('',*,*,#174,.F.);
#174 = EDGE_CURVE('',#175,#167,#177,.T.);
#175 = VERTEX_POINT('',#176);
#176 = CARTESIAN_POINT('',(960.,0.,0.));
#177 = LINE('',#178,#179);
#178 = CARTESIAN_POINT('',(960.,0.,0.));
#179 = VECTOR('',#180,1.);
#180 = DIRECTION('',(0.,-1.,2.2E-16));
#181 = ORIENTED_EDGE('',*,*,#182,.F.);
#182 = EDGE_CURVE('',#157,#175,#183,.T.);
#183 = LINE('',#184,#185);
#184 = CARTESIAN_POINT('',(0.,0.,0.));
#185 = VECTOR('',#186,1.);
#186 = DIRECTION('',(1.,0.,0.));
#187 = PLANE('',#188);
#188 = AXIS2_PLACEMENT_3D('',#189,#190,#191);
#189 = CARTESIAN_POINT('',(0.,0.,0.));
#190 = DIRECTION('',(0.,2.2E-16,1.));
#191 = DIRECTION('',(1.,0.,-0.));
#192 = ADVANCED_FACE('',(#193),#218,.F.);
#193 = FACE_BOUND('',#194,.F.);
#194 = EDGE_LOOP('',(#195,#196,#204,#212));
#195 = ORIENTED_EDGE('',*,*,#174,.T.);
#196 = ORIENTED_EDGE('',*,*,#197,.T.);
#197 = EDGE_CURVE('',#167,#198,#200,.T.);
#198 = VERTEX_POINT('',#199);
#199 = CARTESIAN_POINT('',(960.,-25.,1.19E+03));
#200 = LINE('',#201,#202);
#201 = CARTESIAN_POINT('',(960.,-25.,6.E-15));
#202 = VECTOR('',#203,1.);
#203 = DIRECTION('',(0.,0.,1.));
#204 = ORIENTED_EDGE('',*,*,#205,.F.);
#205 = EDGE_CURVE('',#206,#198,#208,.T.);
#206 = VERTEX_POINT('',#207);
#207 = CARTESIAN_POINT('',(960.,2.64E-13,1.19E+03));
#208 = LINE('',#209,#210);
#209 = CARTESIAN_POINT('',(960.,2.6423E-13,1.19E+03));
#210 = VECTOR('',#211,1.);
#211 = DIRECTION('',(0.,-1.,2.2E-16));
#212 = ORIENTED_EDGE('',*,*,#213,.F.);
#213 = EDGE_CURVE('',#175,#206,#214,.T.);
#214 = LINE('',#215,#216);
#215 = CARTESIAN_POINT('',(960.,0.,0.));
#216 = VECTOR('',#217,1.);
#217 = DIRECTION('',(0.,0.,1.));
#218 = PLANE('',#219);
#219 = AXIS2_PLACEMENT_3D('',#220,#221,#222);
#220 = CARTESIAN_POINT('',(960.,0.,0.));
#221 = DIRECTION('',(-1.,0.,0.));
#222 = DIRECTION('',(0.,2.2E-16,1.));
#223 = ADVANCED_FACE('',(#224),#249,.F.);
#224 = FACE_BOUND('',#225,.F.);
#225 = EDGE_LOOP('',(#226,#227,#235,#243));
#226 = ORIENTED_EDGE('',*,*,#205,.T.);
#227 = ORIENTED_EDGE('',*,*,#228,.T.);
#228 = EDGE_CURVE('',#198,#229,#231,.T.);
#229 = VERTEX_POINT('',#230);
#230 = CARTESIAN_POINT('',(0.,-25.,1.19E+03));
#231 = LINE('',#232,#233);
#232 = CARTESIAN_POINT('',(960.,-25.,1.19E+03));
#233 = VECTOR('',#234,1.);
#234 = DIRECTION('',(-1.,0.,0.));
#235 = ORIENTED_EDGE('',*,*,#236,.F.);
#236 = EDGE_CURVE('',#237,#229,#239,.T.);
#237 = VERTEX_POINT('',#238);
#238 = CARTESIAN_POINT('',(0.,2.64E-13,1.19E+03));
#239 = LINE('',#240,#241);
#240 = CARTESIAN_POINT('',(0.,2.6423E-13,1.19E+03));
#241 = VECTOR('',#242,1.);
#242 = DIRECTION('',(0.,-1.,2.2E-16));
#243 = ORIENTED_EDGE('',*,*,#244,.F.);
#244 = EDGE_CURVE('',#206,#237,#245,.T.);
#245 = LINE('',#246,#247);
#246 = CARTESIAN_POINT('',(960.,0.,1.19E+03));
#247 = VECTOR('',#248,1.);
#248 = DIRECTION('',(-1.,0.,0.));
#249 = PLANE('',#250);
#250 = AXIS2_PLACEMENT_3D('',#251,#252,#253);
#251 = CARTESIAN_POINT('',(960.,2.6423E-13,1.19E+03));
#252 = DIRECTION('',(-0.,-2.2E-16,-1.));
#253 = DIRECTION('',(-1.,0.,0.));
#254 = ADVANCED_FACE('',(#255),#271,.F.);
#255 = FACE_BOUND('',#256,.F.);
#256 = EDGE_LOOP('',(#257,#258,#264,#265));
#257 = ORIENTED_EDGE('',*,*,#236,.T.);
#258 = ORIENTED_EDGE('',*,*,#259,.T.);
#259 = EDGE_CURVE('',#229,#159,#260,.T.);
#260 = LINE('',#261,#262);
#261 = CARTESIAN_POINT('',(0.,-25.,1.19E+03));
#262 = VECTOR('',#263,1.);
#263 = DIRECTION('',(0.,0.,-1.));
#264 = ORIENTED_EDGE('',*,*,#156,.F.);
#265 = ORIENTED_EDGE('',*,*,#266,.F.);
#266 = EDGE_CURVE('',#237,#157,#267,.T.);
#267 = LINE('',#268,#269);
#268 = CARTESIAN_POINT('',(0.,0.,1.19E+03));
#269 = VECTOR('',#270,1.);
#270 = DIRECTION('',(0.,0.,-1.));
#271 = PLANE('',#272);
#272 = AXIS2_PLACEMENT_3D('',#273,#274,#275);
#273 = CARTESIAN_POINT('',(0.,2.6423E-13,1.19E+03));
#274 = DIRECTION('',(1.,0.,0.));
#275 = DIRECTION('',(0.,-2.2E-16,-1.));
#276 = ADVANCED_FACE('',(#277),#304,.F.);
#277 = FACE_BOUND('',#278,.T.);
#278 = EDGE_LOOP('',(#279,#289,#296,#297));
#279 = ORIENTED_EDGE('',*,*,#280,.T.);
#280 = EDGE_CURVE('',#281,#283,#285,.T.);
#281 = VERTEX_POINT('',#282);
#282 = CARTESIAN_POINT('',(251.,2.55E-13,1.15E+03));
#283 = VERTEX_POINT('',#284);
#284 = CARTESIAN_POINT('',(251.,-25.,1.15E+03));
#285 = LINE('',#286,#287);
#286 = CARTESIAN_POINT('',(251.,2.5535E-13,1.15E+03));
#287 = VECTOR('',#288,1.);
#288 = DIRECTION('',(0.,-1.,2.2E-16));
#289 = ORIENTED_EDGE('',*,*,#290,.T.);
#290 = EDGE_CURVE('',#283,#283,#291,.T.);
#291 = CIRCLE('',#292,6.);
#292 = AXIS2_PLACEMENT_3D('',#293,#294,#295);
#293 = CARTESIAN_POINT('',(245.,-25.,1.15E+03));
#294 = DIRECTION('',(0.,-1.,0.));
#295 = DIRECTION('',(1.,0.,0.));
#296 = ORIENTED_EDGE('',*,*,#280,.F.);
#297 = ORIENTED_EDGE('',*,*,#298,.F.);
#298 = EDGE_CURVE('',#281,#281,#299,.T.);
#299 = CIRCLE('',#300,6.);
#300 = AXIS2_PLACEMENT_3D('',#301,#302,#303);
#301 = CARTESIAN_POINT('',(245.,0.,1.15E+03));
#302 = DIRECTION('',(0.,-1.,0.));
#303 = DIRECTION('',(1.,0.,0.));
#304 = CYLINDRICAL_SURFACE('',#305,6.);
#305 = AXIS2_PLACEMENT_3D('',#306,#307,#308);
#306 = CARTESIAN_POINT('',(245.,2.5535E-13,1.15E+03));
#307 = DIRECTION('',(0.,1.,-2.2E-16));
#308 = DIRECTION('',(1.,0.,0.));
#309 = ADVANCED_FACE('',(#310),#337,.F.);
#310 = FACE_BOUND('',#311,.T.);
#311 = EDGE_LOOP('',(#312,#322,#329,#330));
#312 = ORIENTED_EDGE('',*,*,#313,.T.);
#313 = EDGE_CURVE('',#314,#316,#318,.T.);
#314 = VERTEX_POINT('',#315);
#315 = CARTESIAN_POINT('',(276.5,2.55E-13,1.15E+03));
#316 = VERTEX_POINT('',#317);
#317 = CARTESIAN_POINT('',(276.5,-25.,1.15E+03));
#318 = LINE('',#319,#320);
#319 = CARTESIAN_POINT('',(276.5,2.5535E-13,1.15E+03));
#320 = VECTOR('',#321,1.);
#321 = DIRECTION('',(0.,-1.,2.2E-16));
#322 = ORIENTED_EDGE('',*,*,#323,.T.);
#323 = EDGE_CURVE('',#316,#316,#324,.T.);
#324 = CIRCLE('',#325,6.);
#325 = AXIS2_PLACEMENT_3D('',#326,#327,#328);
#326 = CARTESIAN_POINT('',(270.5,-25.,1.15E+03));
#327 = DIRECTION('',(0.,-1.,0.));
#328 = DIRECTION('',(1.,0.,0.));
#329 = ORIENTED_EDGE('',*,*,#313,.F.);
#330 = ORIENTED_EDGE('',*,*,#331,.F.);
#331 = EDGE_CURVE('',#314,#314,#332,.T.);
#332 = CIRCLE('',#333,6.);
#333 = AXIS2_PLACEMENT_3D('',#334,#335,#336);
#334 = CARTESIAN_POINT('',(270.5,0.,1.15E+03));
#335 = DIRECTION('',(0.,-1.,0.));
#336 = DIRECTION('',(1.,0.,0.));
#337 = CYLINDRICAL_SURFACE('',#338,6.);
#338 = AXIS2_PLACEMENT_3D('',#339,#340,#341);
#339 = CARTESIAN_POINT('',(270.5,2.5535E-13,1.15E+03));
#340 = DIRECTION('',(0.,1.,-2.2E-16));
#341 = DIRECTION('',(1.,0.,0.));
#342 = ADVANCED_FACE('',(#343),#370,.F.);
#343 = FACE_BOUND('',#344,.T.);
#344 = EDGE_LOOP('',(#345,#355,#362,#363));
#345 = ORIENTED_EDGE('',*,*,#346,.T.);
#346 = EDGE_CURVE('',#347,#349,#351,.T.);
#347 = VERTEX_POINT('',#348);
#348 = CARTESIAN_POINT('',(302.,2.55E-13,1.15E+03));
#349 = VERTEX_POINT('',#350);
#350 = CARTESIAN_POINT('',(302.,-25.,1.15E+03));
#351 = LINE('',#352,#353);
#352 = CARTESIAN_POINT('',(302.,2.5535E-13,1.15E+03));
#353 = VECTOR('',#354,1.);
#354 = DIRECTION('',(0.,-1.,2.2E-16));
#355 = ORIENTED_EDGE('',*,*,#356,.T.);
#356 = EDGE_CURVE('',#349,#349,#357,.T.);
#357 = CIRCLE('',#358,6.);
#358 = AXIS2_PLACEMENT_3D('',#359,#360,#361);
#359 = CARTESIAN_POINT('',(296.,-25.,1.15E+03));
#360 = DIRECTION('',(0.,-1.,0.));
#361 = DIRECTION('',(1.,0.,0.));
#362 = ORIENTED_EDGE('',*,*,#346,.F.);
#363 = ORIENTED_EDGE('',*,*,#364,.F.);
#364 = EDGE_CURVE('',#347,#347,#365,.T.);
#365 = CIRCLE('',#366,6.);
#366 = AXIS2_PLACEMENT_3D('',#367,#368,#369);
#367 = CARTESIAN_POINT('',(296.,0.,1.15E+03));
#368 = DIRECTION('',(0.,-1.,0.));
#369 = DIRECTION('',(1.,0.,0.));
#370 = CYLINDRICAL_SURFACE('',#371,6.);
#371 = AXIS2_PLACEMENT_3D('',#372,#373,#374);
#372 = CARTESIAN_POINT('',(296.,2.5535E-13,1.15E+03));
#373 = DIRECTION('',(0.,1.,-2.2E-16));
#374 = DIRECTION('',(1.,0.,0.));
#375 = ADVANCED_FACE('',(#376),#403,.F.);
#376 = FACE_BOUND('',#377,.T.);
#377 = EDGE_LOOP('',(#378,#388,#395,#396));
#378 = ORIENTED_EDGE('',*,*,#379,.T.);
#379 = EDGE_CURVE('',#380,#382,#384,.T.);
#380 = VERTEX_POINT('',#381);
#381 = CARTESIAN_POINT('',(251.,2.4E-13,1.08E+03));
#382 = VERTEX_POINT('',#383);
#383 = CARTESIAN_POINT('',(251.,-25.,1.08E+03));
#384 = LINE('',#385,#386);
#385 = CARTESIAN_POINT('',(251.,2.3981E-13,1.08E+03));
#386 = VECTOR('',#387,1.);
#387 = DIRECTION('',(0.,-1.,2.2E-16));
#388 = ORIENTED_EDGE('',*,*,#389,.T.);
#389 = EDGE_CURVE('',#382,#382,#390,.T.);
#390 = CIRCLE('',#391,6.);
#391 = AXIS2_PLACEMENT_3D('',#392,#393,#394);
#392 = CARTESIAN_POINT('',(245.,-25.,1.08E+03));
#393 = DIRECTION('',(0.,-1.,0.));
#394 = DIRECTION('',(1.,0.,0.));
#395 = ORIENTED_EDGE('',*,*,#379,.F.);
#396 = ORIENTED_EDGE('',*,*,#397,.F.);
#397 = EDGE_CURVE('',#380,#380,#398,.T.);
#398 = CIRCLE('',#399,6.);
#399 = AXIS2_PLACEMENT_3D('',#400,#401,#402);
#400 = CARTESIAN_POINT('',(245.,0.,1.08E+03));
#401 = DIRECTION('',(0.,-1.,0.));
#402 = DIRECTION('',(1.,0.,0.));
#403 = CYLINDRICAL_SURFACE('',#404,6.);
#404 = AXIS2_PLACEMENT_3D('',#405,#406,#407);
#405 = CARTESIAN_POINT('',(245.,2.3981E-13,1.08E+03));
#406 = DIRECTION('',(0.,1.,-2.2E-16));
#407 = DIRECTION('',(1.,0.,0.));
#408 = ADVANCED_FACE('',(#409),#436,.F.);
#409 = FACE_BOUND('',#410,.T.);
#410 = EDGE_LOOP('',(#411,#421,#428,#429));
#411 = ORIENTED_EDGE('',*,*,#412,.T.);
#412 = EDGE_CURVE('',#413,#415,#417,.T.);
#413 = VERTEX_POINT('',#414);
#414 = CARTESIAN_POINT('',(276.5,2.4E-13,1.08E+03));
#415 = VERTEX_POINT('',#416);
#416 = CARTESIAN_POINT('',(276.5,-25.,1.08E+03));
#417 = LINE('',#418,#419);
#418 = CARTESIAN_POINT('',(276.5,2.3981E-13,1.08E+03));
#419 = VECTOR('',#420,1.);
#420 = DIRECTION('',(0.,-1.,2.2E-16));
#421 = ORIENTED_EDGE('',*,*,#422,.T.);
#422 = EDGE_CURVE('',#415,#415,#423,.T.);
#423 = CIRCLE('',#424,6.);
#424 = AXIS2_PLACEMENT_3D('',#425,#426,#427);
#425 = CARTESIAN_POINT('',(270.5,-25.,1.08E+03));
#426 = DIRECTION('',(0.,-1.,0.));
#427 = DIRECTION('',(1.,0.,0.));
#428 = ORIENTED_EDGE('',*,*,#412,.F.);
#429 = ORIENTED_EDGE('',*,*,#430,.F.);
#430 = EDGE_CURVE('',#413,#413,#431,.T.);
#431 = CIRCLE('',#432,6.);
#432 = AXIS2_PLACEMENT_3D('',#433,#434,#435);
#433 = CARTESIAN_POINT('',(270.5,0.,1.08E+03));
#434 = DIRECTION('',(0.,-1.,0.));
#435 = DIRECTION('',(1.,0.,0.));
#436 = CYLINDRICAL_SURFACE('',#437,6.);
#437 = AXIS2_PLACEMENT_3D('',#438,#439,#440);
#438 = CARTESIAN_POINT('',(270.5,2.3981E-13,1.08E+03));
#439 = DIRECTION('',(0.,1.,-2.2E-16));
#440 = DIRECTION('',(1.,0.,0.));
#441 = ADVANCED_FACE('',(#442),#469,.F.);
#442 = FACE_BOUND('',#443,.T.);
#443 = EDGE_LOOP('',(#444,#454,#461,#462));
#444 = ORIENTED_EDGE('',*,*,#445,.T.);
#445 = EDGE_CURVE('',#446,#448,#450,.T.);
#446 = VERTEX_POINT('',#447);
#447 = CARTESIAN_POINT('',(302.,2.4E-13,1.08E+03));
#448 = VERTEX_POINT('',#449);
#449 = CARTESIAN_POINT('',(302.,-25.,1.08E+03));
#450 = LINE('',#451,#452);
#451 = CARTESIAN_POINT('',(302.,2.3981E-13,1.08E+03));
#452 = VECTOR('',#453,1.);
#453 = DIRECTION('',(0.,-1.,2.2E-16));
#454 = ORIENTED_EDGE('',*,*,#455,.T.);
#455 = EDGE_CURVE('',#448,#448,#456,.T.);
#456 = CIRCLE('',#457,6.);
#457 = AXIS2_PLACEMENT_3D('',#458,#459,#460);
#458 = CARTESIAN_POINT('',(296.,-25.,1.08E+03));
#459 = DIRECTION('',(0.,-1.,0.));
#460 = DIRECTION('',(1.,0.,0.));
#461 = ORIENTED_EDGE('',*,*,#445,.F.);
#462 = ORIENTED_EDGE('',*,*,#463,.F.);
#463 = EDGE_CURVE('',#446,#446,#464,.T.);
#464 = CIRCLE('',#465,6.);
#465 = AXIS2_PLACEMENT_3D('',#466,#467,#468);
#466 = CARTESIAN_POINT('',(296.,0.,1.08E+03));
#467 = DIRECTION('',(0.,-1.,0.));
#468 = DIRECTION('',(1.,0.,0.));
#469 = CYLINDRICAL_SURFACE('',#470,6.);
#470 = AXIS2_PLACEMENT_3D('',#471,#472,#473);
#471 = CARTESIAN_POINT('',(296.,2.3981E-13,1.08E+03));
#472 = DIRECTION('',(0.,1.,-2.2E-16));
#473 = DIRECTION('',(1.,0.,0.));
#474 = ADVANCED_FACE('',(#475),#502,.F.);
#475 = FACE_BOUND('',#476,.T.);
#476 = EDGE_LOOP('',(#477,#487,#494,#495));
#477 = ORIENTED_EDGE('',*,*,#478,.T.);
#478 = EDGE_CURVE('',#479,#481,#483,.T.);
#479 = VERTEX_POINT('',#480);
#480 = CARTESIAN_POINT('',(251.,2.24E-13,1.01E+03));
#481 = VERTEX_POINT('',#482);
#482 = CARTESIAN_POINT('',(251.,-25.,1.01E+03));
#483 = LINE('',#484,#485);
#484 = CARTESIAN_POINT('',(251.,2.2427E-13,1.01E+03));
#485 = VECTOR('',#486,1.);
#486 = DIRECTION('',(0.,-1.,2.2E-16));
#487 = ORIENTED_EDGE('',*,*,#488,.T.);
#488 = EDGE_CURVE('',#481,#481,#489,.T.);
#489 = CIRCLE('',#490,6.);
#490 = AXIS2_PLACEMENT_3D('',#491,#492,#493);
#491 = CARTESIAN_POINT('',(245.,-25.,1.01E+03));
#492 = DIRECTION('',(0.,-1.,0.));
#493 = DIRECTION('',(1.,0.,0.));
#494 = ORIENTED_EDGE('',*,*,#478,.F.);
#495 = ORIENTED_EDGE('',*,*,#496,.F.);
#496 = EDGE_CURVE('',#479,#479,#497,.T.);
#497 = CIRCLE('',#498,6.);
#498 = AXIS2_PLACEMENT_3D('',#499,#500,#501);
#499 = CARTESIAN_POINT('',(245.,0.,1.01E+03));
#500 = DIRECTION('',(0.,-1.,0.));
#501 = DIRECTION('',(1.,0.,0.));
#502 = CYLINDRICAL_SURFACE('',#503,6.);
#503 = AXIS2_PLACEMENT_3D('',#504,#505,#506);
#504 = CARTESIAN_POINT('',(245.,2.2427E-13,1.01E+03));
#505 = DIRECTION('',(0.,1.,-2.2E-16));
#506 = DIRECTION('',(1.,0.,0.));
#507 = ADVANCED_FACE('',(#508),#535,.F.);
#508 = FACE_BOUND('',#509,.T.);
#509 = EDGE_LOOP('',(#510,#520,#527,#528));
#510 = ORIENTED_EDGE('',*,*,#511,.T.);
#511 = EDGE_CURVE('',#512,#514,#516,.T.);
#512 = VERTEX_POINT('',#513);
#513 = CARTESIAN_POINT('',(276.5,2.24E-13,1.01E+03));
#514 = VERTEX_POINT('',#515);
#515 = CARTESIAN_POINT('',(276.5,-25.,1.01E+03));
#516 = LINE('',#517,#518);
#517 = CARTESIAN_POINT('',(276.5,2.2427E-13,1.01E+03));
#518 = VECTOR('',#519,1.);
#519 = DIRECTION('',(0.,-1.,2.2E-16));
#520 = ORIENTED_EDGE('',*,*,#521,.T.);
#521 = EDGE_CURVE('',#514,#514,#522,.T.);
#522 = CIRCLE('',#523,6.);
#523 = AXIS2_PLACEMENT_3D('',#524,#525,#526);
#524 = CARTESIAN_POINT('',(270.5,-25.,1.01E+03));
#525 = DIRECTION('',(0.,-1.,0.));
#526 = DIRECTION('',(1.,0.,0.));
#527 = ORIENTED_EDGE('',*,*,#511,.F.);
#528 = ORIENTED_EDGE('',*,*,#529,.F.);
#529 = EDGE_CURVE('',#512,#512,#530,.T.);
#530 = CIRCLE('',#531,6.);
#531 = AXIS2_PLACEMENT_3D('',#532,#533,#534);
#532 = CARTESIAN_POINT('',(270.5,0.,1.01E+03));
#533 = DIRECTION('',(0.,-1.,0.));
#534 = DIRECTION('',(1.,0.,0.));
#535 = CYLINDRICAL_SURFACE('',#536,6.);
#536 = AXIS2_PLACEMENT_3D('',#537,#538,#539);
#537 = CARTESIAN_POINT('',(270.5,2.2427E-13,1.01E+03));
#538 = DIRECTION('',(0.,1.,-2.2E-16));
#539 = DIRECTION('',(1.,0.,0.));
#540 = ADVANCED_FACE('',(#541),#568,.F.);
#541 = FACE_BOUND('',#542,.T.);
#542 = EDGE_LOOP('',(#543,#553,#560,#561));
#543 = ORIENTED_EDGE('',*,*,#544,.T.);
#544 = EDGE_CURVE('',#545,#547,#549,.T.);
#545 = VERTEX_POINT('',#546);
#546 = CARTESIAN_POINT('',(302.,2.24E-13,1.01E+03));
#547 = VERTEX_POINT('',#548);
#548 = CARTESIAN_POINT('',(302.,-25.,1.01E+03));
#549 = LINE('',#550,#551);
#550 = CARTESIAN_POINT('',(302.,2.2427E-13,1.01E+03));
#551 = VECTOR('',#552,1.);
#552 = DIRECTION('',(0.,-1.,2.2E-16));
#553 = ORIENTED_EDGE('',*,*,#554,.T.);
#554 = EDGE_CURVE('',#547,#547,#555,.T.);
#555 = CIRCLE('',#556,6.);
#556 = AXIS2_PLACEMENT_3D('',#557,#558,#559);
#557 = CARTESIAN_POINT('',(296.,-25.,1.01E+03));
#558 = DIRECTION('',(0.,-1.,0.));
#559 = DIRECTION('',(1.,0.,0.));
#560 = ORIENTED_EDGE('',*,*,#544,.F.);
#561 = ORIENTED_EDGE('',*,*,#562,.F.);
#562 = EDGE_CURVE('',#545,#545,#563,.T.);
#563 = CIRCLE('',#564,6.);
#564 = AXIS2_PLACEMENT_3D('',#565,#566,#567);
#565 = CARTESIAN_POINT('',(296.,0.,1.01E+03));
#566 = DIRECTION('',(0.,-1.,0.));
#567 = DIRECTION('',(1.,0.,0.));
#568 = CYLINDRICAL_SURFACE('',#569,6.);
#569 = AXIS2_PLACEMENT_3D('',#570,#571,#572);
#570 = CARTESIAN_POINT('',(296.,2.2427E-13,1.01E+03));
#571 = DIRECTION('',(0.,1.,-2.2E-16));
#572 = DIRECTION('',(1.,0.,0.));
#573 = ADVANCED_FACE('',(#574),#601,.F.);
#574 = FACE_BOUND('',#575,.T.);
#575 = EDGE_LOOP('',(#576,#586,#593,#594));
#576 = ORIENTED_EDGE('',*,*,#577,.T.);
#577 = EDGE_CURVE('',#578,#580,#582,.T.);
#578 = VERTEX_POINT('',#579);
#579 = CARTESIAN_POINT('',(251.,2.09E-13,940.));
#580 = VERTEX_POINT('',#581);
#581 = CARTESIAN_POINT('',(251.,-25.,940.));
#582 = LINE('',#583,#584);
#583 = CARTESIAN_POINT('',(251.,2.0872E-13,940.));
#584 = VECTOR('',#585,1.);
#585 = DIRECTION('',(0.,-1.,2.2E-16));
#586 = ORIENTED_EDGE('',*,*,#587,.T.);
#587 = EDGE_CURVE('',#580,#580,#588,.T.);
#588 = CIRCLE('',#589,6.);
#589 = AXIS2_PLACEMENT_3D('',#590,#591,#592);
#590 = CARTESIAN_POINT('',(245.,-25.,940.));
#591 = DIRECTION('',(0.,-1.,0.));
#592 = DIRECTION('',(1.,0.,0.));
#593 = ORIENTED_EDGE('',*,*,#577,.F.);
#594 = ORIENTED_EDGE('',*,*,#595,.F.);
#595 = EDGE_CURVE('',#578,#578,#596,.T.);
#596 = CIRCLE('',#597,6.);
#597 = AXIS2_PLACEMENT_3D('',#598,#599,#600);
#598 = CARTESIAN_POINT('',(245.,0.,940.));
#599 = DIRECTION('',(0.,-1.,0.));
#600 = DIRECTION('',(1.,0.,0.));
#601 = CYLINDRICAL_SURFACE('',#602,6.);
#602 = AXIS2_PLACEMENT_3D('',#603,#604,#605);
#603 = CARTESIAN_POINT('',(245.,2.0872E-13,940.));
#604 = DIRECTION('',(0.,1.,-2.2E-16));
#605 = DIRECTION('',(1.,0.,0.));
#606 = ADVANCED_FACE('',(#607),#634,.F.);
#607 = FACE_BOUND('',#608,.T.);
#608 = EDGE_LOOP('',(#609,#619,#626,#627));
#609 = ORIENTED_EDGE('',*,*,#610,.T.);
#610 = EDGE_CURVE('',#611,#613,#615,.T.);
#611 = VERTEX_POINT('',#612);
#612 = CARTESIAN_POINT('',(276.5,2.09E-13,940.));
#613 = VERTEX_POINT('',#614);
#614 = CARTESIAN_POINT('',(276.5,-25.,940.));
#615 = LINE('',#616,#617);
#616 = CARTESIAN_POINT('',(276.5,2.0872E-13,940.));
#617 = VECTOR('',#618,1.);
#618 = DIRECTION('',(0.,-1.,2.2E-16));
#619 = ORIENTED_EDGE('',*,*,#620,.T.);
#620 = EDGE_CURVE('',#613,#613,#621,.T.);
#621 = CIRCLE('',#622,6.);
#622 = AXIS2_PLACEMENT_3D('',#623,#624,#625);
#623 = CARTESIAN_POINT('',(270.5,-25.,940.));
#624 = DIRECTION('',(0.,-1.,0.));
#625 = DIRECTION('',(1.,0.,0.));
#626 = ORIENTED_EDGE('',*,*,#610,.F.);
#627 = ORIENTED_EDGE('',*,*,#628,.F.);
#628 = EDGE_CURVE('',#611,#611,#629,.T.);
#629 = CIRCLE('',#630,6.);
#630 = AXIS2_PLACEMENT_3D('',#631,#632,#633);
#631 = CARTESIAN_POINT('',(270.5,0.,940.));
#632 = DIRECTION('',(0.,-1.,0.));
#633 = DIRECTION('',(1.,0.,0.));
#634 = CYLINDRICAL_SURFACE('',#635,6.);
#635 = AXIS2_PLACEMENT_3D('',#636,#637,#638);
#636 = CARTESIAN_POINT('',(270.5,2.0872E-13,940.));
#637 = DIRECTION('',(0.,1.,-2.2E-16));
#638 = DIRECTION('',(1.,0.,0.));
#639 = ADVANCED_FACE('',(#640),#667,.F.);
#640 = FACE_BOUND('',#641,.T.);
#641 = EDGE_LOOP('',(#642,#652,#659,#660));
#642 = ORIENTED_EDGE('',*,*,#643,.T.);
#643 = EDGE_CURVE('',#644,#646,#648,.T.);
#644 = VERTEX_POINT('',#645);
#645 = CARTESIAN_POINT('',(302.,2.09E-13,940.));
#646 = VERTEX_POINT('',#647);
#647 = CARTESIAN_POINT('',(302.,-25.,940.));
#648 = LINE('',#649,#650);
#649 = CARTESIAN_POINT('',(302.,2.0872E-13,940.));
#650 = VECTOR('',#651,1.);
#651 = DIRECTION('',(0.,-1.,2.2E-16));
#652 = ORIENTED_EDGE('',*,*,#653,.T.);
#653 = EDGE_CURVE('',#646,#646,#654,.T.);
#654 = CIRCLE('',#655,6.);
#655 = AXIS2_PLACEMENT_3D('',#656,#657,#658);
#656 = CARTESIAN_POINT('',(296.,-25.,940.));
#657 = DIRECTION('',(0.,-1.,0.));
#658 = DIRECTION('',(1.,0.,0.));
#659 = ORIENTED_EDGE('',*,*,#643,.F.);
#660 = ORIENTED_EDGE('',*,*,#661,.F.);
#661 = EDGE_CURVE('',#644,#644,#662,.T.);
#662 = CIRCLE('',#663,6.);
#663 = AXIS2_PLACEMENT_3D('',#664,#665,#666);
#664 = CARTESIAN_POINT('',(296.,0.,940.));
#665 = DIRECTION('',(0.,-1.,0.));
#666 = DIRECTION('',(1.,0.,0.));
#667 = CYLINDRICAL_SURFACE('',#668,6.);
#668 = AXIS2_PLACEMENT_3D('',#669,#670,#671);
#669 = CARTESIAN_POINT('',(296.,2.0872E-13,940.));
#670 = DIRECTION('',(0.,1.,-2.2E-16));
#671 = DIRECTION('',(1.,0.,0.));
#672 = ADVANCED_FACE('',(#673),#700,.F.);
#673 = FACE_BOUND('',#674,.T.);
#674 = EDGE_LOOP('',(#675,#685,#692,#693));
#675 = ORIENTED_EDGE('',*,*,#676,.T.);
#676 = EDGE_CURVE('',#677,#679,#681,.T.);
#677 = VERTEX_POINT('',#678);
#678 = CARTESIAN_POINT('',(251.,1.51E-13,680.));
#679 = VERTEX_POINT('',#680);
#680 = CARTESIAN_POINT('',(251.,-25.,680.));
#681 = LINE('',#682,#683);
#682 = CARTESIAN_POINT('',(251.,1.5099E-13,680.));
#683 = VECTOR('',#684,1.);
#684 = DIRECTION('',(0.,-1.,2.2E-16));
#685 = ORIENTED_EDGE('',*,*,#686,.T.);
#686 = EDGE_CURVE('',#679,#679,#687,.T.);
#687 = CIRCLE('',#688,6.);
#688 = AXIS2_PLACEMENT_3D('',#689,#690,#691);
#689 = CARTESIAN_POINT('',(245.,-25.,680.));
#690 = DIRECTION('',(0.,-1.,0.));
#691 = DIRECTION('',(1.,0.,0.));
#692 = ORIENTED_EDGE('',*,*,#676,.F.);
#693 = ORIENTED_EDGE('',*,*,#694,.F.);
#694 = EDGE_CURVE('',#677,#677,#695,.T.);
#695 = CIRCLE('',#696,6.);
#696 = AXIS2_PLACEMENT_3D('',#697,#698,#699);
#697 = CARTESIAN_POINT('',(245.,0.,680.));
#698 = DIRECTION('',(0.,-1.,0.));
#699 = DIRECTION('',(1.,0.,0.));
#700 = CYLINDRICAL_SURFACE('',#701,6.);
#701 = AXIS2_PLACEMENT_3D('',#702,#703,#704);
#702 = CARTESIAN_POINT('',(245.,1.5099E-13,680.));
#703 = DIRECTION('',(0.,1.,-2.2E-16));
#704 = DIRECTION('',(1.,0.,0.));
#705 = ADVANCED_FACE('',(#706),#733,.F.);
#706 = FACE_BOUND('',#707,.T.);
#707 = EDGE_LOOP('',(#708,#718,#725,#726));
#708 = ORIENTED_EDGE('',*,*,#709,.T.);
#709 = EDGE_CURVE('',#710,#712,#714,.T.);
#710 = VERTEX_POINT('',#711);
#711 = CARTESIAN_POINT('',(276.5,1.51E-13,680.));
#712 = VERTEX_POINT('',#713);
#713 = CARTESIAN_POINT('',(276.5,-25.,680.));
#714 = LINE('',#715,#716);
#715 = CARTESIAN_POINT('',(276.5,1.5099E-13,680.));
#716 = VECTOR('',#717,1.);
#717 = DIRECTION('',(0.,-1.,2.2E-16));
#718 = ORIENTED_EDGE('',*,*,#719,.T.);
#719 = EDGE_CURVE('',#712,#712,#720,.T.);
#720 = CIRCLE('',#721,6.);
#721 = AXIS2_PLACEMENT_3D('',#722,#723,#724);
#722 = CARTESIAN_POINT('',(270.5,-25.,680.));
#723 = DIRECTION('',(0.,-1.,0.));
#724 = DIRECTION('',(1.,0.,0.));
#725 = ORIENTED_EDGE('',*,*,#709,.F.);
#726 = ORIENTED_EDGE('',*,*,#727,.F.);
#727 = EDGE_CURVE('',#710,#710,#728,.T.);
#728 = CIRCLE('',#729,6.);
#729 = AXIS2_PLACEMENT_3D('',#730,#731,#732);
#730 = CARTESIAN_POINT('',(270.5,0.,680.));
#731 = DIRECTION('',(0.,-1.,0.));
#732 = DIRECTION('',(1.,0.,0.));
#733 = CYLINDRICAL_SURFACE('',#734,6.);
#734 = AXIS2_PLACEMENT_3D('',#735,#736,#737);
#735 = CARTESIAN_POINT('',(270.5,1.5099E-13,680.));
#736 = DIRECTION('',(0.,1.,-2.2E-16));
#737 = DIRECTION('',(1.,0.,0.));
#738 = ADVANCED_FACE('',(#739),#766,.F.);
#739 = FACE_BOUND('',#740,.T.);
#740 = EDGE_LOOP('',(#741,#751,#758,#759));
#741 = ORIENTED_EDGE('',*,*,#742,.T.);
#742 = EDGE_CURVE('',#743,#745,#747,.T.);
#743 = VERTEX_POINT('',#744);
#744 = CARTESIAN_POINT('',(302.,1.51E-13,680.));
#745 = VERTEX_POINT('',#746);
#746 = CARTESIAN_POINT('',(302.,-25.,680.));
#747 = LINE('',#748,#749);
#748 = CARTESIAN_POINT('',(302.,1.5099E-13,680.));
#749 = VECTOR('',#750,1.);
#750 = DIRECTION('',(0.,-1.,2.2E-16));
#751 = ORIENTED_EDGE('',*,*,#752,.T.);
#752 = EDGE_CURVE('',#745,#745,#753,.T.);
#753 = CIRCLE('',#754,6.);
#754 = AXIS2_PLACEMENT_3D('',#755,#756,#757);
#755 = CARTESIAN_POINT('',(296.,-25.,680.));
#756 = DIRECTION('',(0.,-1.,0.));
#757 = DIRECTION('',(1.,0.,0.));
#758 = ORIENTED_EDGE('',*,*,#742,.F.);
#759 = ORIENTED_EDGE('',*,*,#760,.F.);
#760 = EDGE_CURVE('',#743,#743,#761,.T.);
#761 = CIRCLE('',#762,6.);
#762 = AXIS2_PLACEMENT_3D('',#763,#764,#765);
#763 = CARTESIAN_POINT('',(296.,0.,680.));
#764 = DIRECTION('',(0.,-1.,0.));
#765 = DIRECTION('',(1.,0.,0.));
#766 = CYLINDRICAL_SURFACE('',#767,6.);
#767 = AXIS2_PLACEMENT_3D('',#768,#769,#770);
#768 = CARTESIAN_POINT('',(296.,1.5099E-13,680.));
#769 = DIRECTION('',(0.,1.,-2.2E-16));
#770 = DIRECTION('',(1.,0.,0.));
#771 = ADVANCED_FACE('',(#772),#799,.F.);
#772 = FACE_BOUND('',#773,.T.);
#773 = EDGE_LOOP('',(#774,#784,#791,#792));
#774 = ORIENTED_EDGE('',*,*,#775,.T.);
#775 = EDGE_CURVE('',#776,#778,#780,.T.);
#776 = VERTEX_POINT('',#777);
#777 = CARTESIAN_POINT('',(251.,1.35E-13,610.));
#778 = VERTEX_POINT('',#779);
#779 = CARTESIAN_POINT('',(251.,-25.,610.));
#780 = LINE('',#781,#782);
#781 = CARTESIAN_POINT('',(251.,1.3545E-13,610.));
#782 = VECTOR('',#783,1.);
#783 = DIRECTION('',(0.,-1.,2.2E-16));
#784 = ORIENTED_EDGE('',*,*,#785,.T.);
#785 = EDGE_CURVE('',#778,#778,#786,.T.);
#786 = CIRCLE('',#787,6.);
#787 = AXIS2_PLACEMENT_3D('',#788,#789,#790);
#788 = CARTESIAN_POINT('',(245.,-25.,610.));
#789 = DIRECTION('',(0.,-1.,0.));
#790 = DIRECTION('',(1.,0.,0.));
#791 = ORIENTED_EDGE('',*,*,#775,.F.);
#792 = ORIENTED_EDGE('',*,*,#793,.F.);
#793 = EDGE_CURVE('',#776,#776,#794,.T.);
#794 = CIRCLE('',#795,6.);
#795 = AXIS2_PLACEMENT_3D('',#796,#797,#798);
#796 = CARTESIAN_POINT('',(245.,0.,610.));
#797 = DIRECTION('',(0.,-1.,0.));
#798 = DIRECTION('',(1.,0.,0.));
#799 = CYLINDRICAL_SURFACE('',#800,6.);
#800 = AXIS2_PLACEMENT_3D('',#801,#802,#803);
#801 = CARTESIAN_POINT('',(245.,1.3545E-13,610.));
#802 = DIRECTION('',(0.,1.,-2.2E-16));
#803 = DIRECTION('',(1.,0.,0.));
#804 = ADVANCED_FACE('',(#805),#832,.F.);
#805 = FACE_BOUND('',#806,.T.);
#806 = EDGE_LOOP('',(#807,#817,#824,#825));
#807 = ORIENTED_EDGE('',*,*,#808,.T.);
#808 = EDGE_CURVE('',#809,#811,#813,.T.);
#809 = VERTEX_POINT('',#810);
#810 = CARTESIAN_POINT('',(276.5,1.35E-13,610.));
#811 = VERTEX_POINT('',#812);
#812 = CARTESIAN_POINT('',(276.5,-25.,610.));
#813 = LINE('',#814,#815);
#814 = CARTESIAN_POINT('',(276.5,1.3545E-13,610.));
#815 = VECTOR('',#816,1.);
#816 = DIRECTION('',(0.,-1.,2.2E-16));
#817 = ORIENTED_EDGE('',*,*,#818,.T.);
#818 = EDGE_CURVE('',#811,#811,#819,.T.);
#819 = CIRCLE('',#820,6.);
#820 = AXIS2_PLACEMENT_3D('',#821,#822,#823);
#821 = CARTESIAN_POINT('',(270.5,-25.,610.));
#822 = DIRECTION('',(0.,-1.,0.));
#823 = DIRECTION('',(1.,0.,0.));
#824 = ORIENTED_EDGE('',*,*,#808,.F.);
#825 = ORIENTED_EDGE('',*,*,#826,.F.);
#826 = EDGE_CURVE('',#809,#809,#827,.T.);
#827 = CIRCLE('',#828,6.);
#828 = AXIS2_PLACEMENT_3D('',#829,#830,#831);
#829 = CARTESIAN_POINT('',(270.5,0.,610.));
#830 = DIRECTION('',(0.,-1.,0.));
#831 = DIRECTION('',(1.,0.,0.));
#832 = CYLINDRICAL_SURFACE('',#833,6.);
#833 = AXIS2_PLACEMENT_3D('',#834,#835,#836);
#834 = CARTESIAN_POINT('',(270.5,1.3545E-13,610.));
#835 = DIRECTION('',(0.,1.,-2.2E-16));
#836 = DIRECTION('',(1.,0.,0.));
#837 = ADVANCED_FACE('',(#838),#865,.F.);
#838 = FACE_BOUND('',#839,.T.);
#839 = EDGE_LOOP('',(#840,#850,#857,#858));
#840 = ORIENTED_EDGE('',*,*,#841,.T.);
#841 = EDGE_CURVE('',#842,#844,#846,.T.);
#842 = VERTEX_POINT('',#843);
#843 = CARTESIAN_POINT('',(302.,1.35E-13,610.));
#844 = VERTEX_POINT('',#845);
#845 = CARTESIAN_POINT('',(302.,-25.,610.));
#846 = LINE('',#847,#848);
#847 = CARTESIAN_POINT('',(302.,1.3545E-13,610.));
#848 = VECTOR('',#849,1.);
#849 = DIRECTION('',(0.,-1.,2.2E-16));
#850 = ORIENTED_EDGE('',*,*,#851,.T.);
#851 = EDGE_CURVE('',#844,#844,#852,.T.);
#852 = CIRCLE('',#853,6.);
#853 = AXIS2_PLACEMENT_3D('',#854,#855,#856);
#854 = CARTESIAN_POINT('',(296.,-25.,610.));
#855 = DIRECTION('',(0.,-1.,0.));
#856 = DIRECTION('',(1.,0.,0.));
#857 = ORIENTED_EDGE('',*,*,#841,.F.);
#858 = ORIENTED_EDGE('',*,*,#859,.F.);
#859 = EDGE_CURVE('',#842,#842,#860,.T.);
#860 = CIRCLE('',#861,6.);
#861 = AXIS2_PLACEMENT_3D('',#862,#863,#864);
#862 = CARTESIAN_POINT('',(296.,0.,610.));
#863 = DIRECTION('',(0.,-1.,0.));
#864 = DIRECTION('',(1.,0.,0.));
#865 = CYLINDRICAL_SURFACE('',#866,6.);
#866 = AXIS2_PLACEMENT_3D('',#867,#868,#869);
#867 = CARTESIAN_POINT('',(296.,1.3545E-13,610.));
#868 = DIRECTION('',(0.,1.,-2.2E-16));
#869 = DIRECTION('',(1.,0.,0.));
#870 = ADVANCED_FACE('',(#871),#898,.F.);
#871 = FACE_BOUND('',#872,.T.);
#872 = EDGE_LOOP('',(#873,#883,#890,#891));
#873 = ORIENTED_EDGE('',*,*,#874,.T.);
#874 = EDGE_CURVE('',#875,#877,#879,.T.);
#875 = VERTEX_POINT('',#876);
#876 = CARTESIAN_POINT('',(251.,1.2E-13,540.));
#877 = VERTEX_POINT('',#878);
#878 = CARTESIAN_POINT('',(251.,-25.,540.));
#879 = LINE('',#880,#881);
#880 = CARTESIAN_POINT('',(251.,1.199E-13,540.));
#881 = VECTOR('',#882,1.);
#882 = DIRECTION('',(0.,-1.,2.2E-16));
#883 = ORIENTED_EDGE('',*,*,#884,.T.);
#884 = EDGE_CURVE('',#877,#877,#885,.T.);
#885 = CIRCLE('',#886,6.);
#886 = AXIS2_PLACEMENT_3D('',#887,#888,#889);
#887 = CARTESIAN_POINT('',(245.,-25.,540.));
#888 = DIRECTION('',(0.,-1.,0.));
#889 = DIRECTION('',(1.,0.,0.));
#890 = ORIENTED_EDGE('',*,*,#874,.F.);
#891 = ORIENTED_EDGE('',*,*,#892,.F.);
#892 = EDGE_CURVE('',#875,#875,#893,.T.);
#893 = CIRCLE('',#894,6.);
#894 = AXIS2_PLACEMENT_3D('',#895,#896,#897);
#895 = CARTESIAN_POINT('',(245.,0.,540.));
#896 = DIRECTION('',(0.,-1.,0.));
#897 = DIRECTION('',(1.,0.,0.));
#898 = CYLINDRICAL_SURFACE('',#899,6.);
#899 = AXIS2_PLACEMENT_3D('',#900,#901,#902);
#900 = CARTESIAN_POINT('',(245.,1.199E-13,540.));
#901 = DIRECTION('',(0.,1.,-2.2E-16));
#902 = DIRECTION('',(1.,0.,0.));
#903 = ADVANCED_FACE('',(#904),#931,.F.);
#904 = FACE_BOUND('',#905,.T.);
#905 = EDGE_LOOP('',(#906,#916,#923,#924));
#906 = ORIENTED_EDGE('',*,*,#907,.T.);
#907 = EDGE_CURVE('',#908,#910,#912,.T.);
#908 = VERTEX_POINT('',#909);
#909 = CARTESIAN_POINT('',(276.5,1.2E-13,540.));
#910 = VERTEX_POINT('',#911);
#911 = CARTESIAN_POINT('',(276.5,-25.,540.));
#912 = LINE('',#913,#914);
#913 = CARTESIAN_POINT('',(276.5,1.199E-13,540.));
#914 = VECTOR('',#915,1.);
#915 = DIRECTION('',(0.,-1.,2.2E-16));
#916 = ORIENTED_EDGE('',*,*,#917,.T.);
#917 = EDGE_CURVE('',#910,#910,#918,.T.);
#918 = CIRCLE('',#919,6.);
#919 = AXIS2_PLACEMENT_3D('',#920,#921,#922);
#920 = CARTESIAN_POINT('',(270.5,-25.,540.));
#921 = DIRECTION('',(0.,-1.,0.));
#922 = DIRECTION('',(1.,0.,0.));
#923 = ORIENTED_EDGE('',*,*,#907,.F.);
#924 = ORIENTED_EDGE('',*,*,#925,.F.);
#925 = EDGE_CURVE('',#908,#908,#926,.T.);
#926 = CIRCLE('',#927,6.);
#927 = AXIS2_PLACEMENT_3D('',#928,#929,#930);
#928 = CARTESIAN_POINT('',(270.5,0.,540.));
#929 = DIRECTION('',(0.,-1.,0.));
#930 = DIRECTION('',(1.,0.,0.));
#931 = CYLINDRICAL_SURFACE('',#932,6.);
#932 = AXIS2_PLACEMENT_3D('',#933,#934,#935);
#933 = CARTESIAN_POINT('',(270.5,1.199E-13,540.));
#934 = DIRECTION('',(0.,1.,-2.2E-16));
#935 = DIRECTION('',(1.,0.,0.));
#936 = ADVANCED_FACE('',(#937),#964,.F.);
#937 = FACE_BOUND('',#938,.T.);
#938 = EDGE_LOOP('',(#939,#949,#956,#957));
#939 = ORIENTED_EDGE('',*,*,#940,.T.);
#940 = EDGE_CURVE('',#941,#943,#945,.T.);
#941 = VERTEX_POINT('',#942);
#942 = CARTESIAN_POINT('',(302.,1.2E-13,540.));
#943 = VERTEX_POINT('',#944);
#944 = CARTESIAN_POINT('',(302.,-25.,540.));
#945 = LINE('',#946,#947);
#946 = CARTESIAN_POINT('',(302.,1.199E-13,540.));
#947 = VECTOR('',#948,1.);
#948 = DIRECTION('',(0.,-1.,2.2E-16));
#949 = ORIENTED_EDGE('',*,*,#950,.T.);
#950 = EDGE_CURVE('',#943,#943,#951,.T.);
#951 = CIRCLE('',#952,6.);
#952 = AXIS2_PLACEMENT_3D('',#953,#954,#955);
#953 = CARTESIAN_POINT('',(296.,-25.,540.));
#954 = DIRECTION('',(0.,-1.,0.));
#955 = DIRECTION('',(1.,0.,0.));
#956 = ORIENTED_EDGE('',*,*,#940,.F.);
#957 = ORIENTED_EDGE('',*,*,#958,.F.);
#958 = EDGE_CURVE('',#941,#941,#959,.T.);
#959 = CIRCLE('',#960,6.);
#960 = AXIS2_PLACEMENT_3D('',#961,#962,#963);
#961 = CARTESIAN_POINT('',(296.,0.,540.));
#962 = DIRECTION('',(0.,-1.,0.));
#963 = DIRECTION('',(1.,0.,0.));
#964 = CYLINDRICAL_SURFACE('',#965,6.);
#965 = AXIS2_PLACEMENT_3D('',#966,#967,#968);
#966 = CARTESIAN_POINT('',(296.,1.199E-13,540.));
#967 = DIRECTION('',(0.,1.,-2.2E-16));
#968 = DIRECTION('',(1.,0.,0.));
#969 = ADVANCED_FACE('',(#970),#997,.F.);
#970 = FACE_BOUND('',#971,.T.);
#971 = EDGE_LOOP('',(#972,#982,#989,#990));
#972 = ORIENTED_EDGE('',*,*,#973,.T.);
#973 = EDGE_CURVE('',#974,#976,#978,.T.);
#974 = VERTEX_POINT('',#975);
#975 = CARTESIAN_POINT('',(251.,1.04E-13,470.));
#976 = VERTEX_POINT('',#977);
#977 = CARTESIAN_POINT('',(251.,-25.,470.));
#978 = LINE('',#979,#980);
#979 = CARTESIAN_POINT('',(251.,1.0436E-13,470.));
#980 = VECTOR('',#981,1.);
#981 = DIRECTION('',(0.,-1.,2.2E-16));
#982 = ORIENTED_EDGE('',*,*,#983,.T.);
#983 = EDGE_CURVE('',#976,#976,#984,.T.);
#984 = CIRCLE('',#985,6.);
#985 = AXIS2_PLACEMENT_3D('',#986,#987,#988);
#986 = CARTESIAN_POINT('',(245.,-25.,470.));
#987 = DIRECTION('',(0.,-1.,0.));
#988 = DIRECTION('',(1.,0.,0.));
#989 = ORIENTED_EDGE('',*,*,#973,.F.);
#990 = ORIENTED_EDGE('',*,*,#991,.F.);
#991 = EDGE_CURVE('',#974,#974,#992,.T.);
#992 = CIRCLE('',#993,6.);
#993 = AXIS2_PLACEMENT_3D('',#994,#995,#996);
#994 = CARTESIAN_POINT('',(245.,0.,470.));
#995 = DIRECTION('',(0.,-1.,0.));
#996 = DIRECTION('',(1.,0.,0.));
#997 = CYLINDRICAL_SURFACE('',#998,6.);
#998 = AXIS2_PLACEMENT_3D('',#999,#1000,#1001);
#999 = CARTESIAN_POINT('',(245.,1.0436E-13,470.));
#1000 = DIRECTION('',(0.,1.,-2.2E-16));
#1001 = DIRECTION('',(1.,0.,0.));
#1002 = ADVANCED_FACE('',(#1003),#1030,.F.);
#1003 = FACE_BOUND('',#1004,.T.);
#1004 = EDGE_LOOP('',(#1005,#1015,#1022,#1023));
#1005 = ORIENTED_EDGE('',*,*,#1006,.T.);
#1006 = EDGE_CURVE('',#1007,#1009,#1011,.T.);
#1007 = VERTEX_POINT('',#1008);
#1008 = CARTESIAN_POINT('',(276.5,1.04E-13,470.));
#1009 = VERTEX_POINT('',#1010);
#1010 = CARTESIAN_POINT('',(276.5,-25.,470.));
#1011 = LINE('',#1012,#1013);
#1012 = CARTESIAN_POINT('',(276.5,1.0436E-13,470.));
#1013 = VECTOR('',#1014,1.);
#1014 = DIRECTION('',(0.,-1.,2.2E-16));
#1015 = ORIENTED_EDGE('',*,*,#1016,.T.);
#1016 = EDGE_CURVE('',#1009,#1009,#1017,.T.);
#1017 = CIRCLE('',#1018,6.);
#1018 = AXIS2_PLACEMENT_3D('',#1019,#1020,#1021);
#1019 = CARTESIAN_POINT('',(270.5,-25.,470.));
#1020 = DIRECTION('',(0.,-1.,0.));
#1021 = DIRECTION('',(1.,0.,0.));
#1022 = ORIENTED_EDGE('',*,*,#1006,.F.);
#1023 = ORIENTED_EDGE('',*,*,#1024,.F.);
#1024 = EDGE_CURVE('',#1007,#1007,#1025,.T.);
#1025 = CIRCLE('',#1026,6.);
#1026 = AXIS2_PLACEMENT_3D('',#1027,#1028,#1029);
#1027 = CARTESIAN_POINT('',(270.5,0.,470.));
#1028 = DIRECTION('',(0.,-1.,0.));
#1029 = DIRECTION('',(1.,0.,0.));
#1030 = CYLINDRICAL_SURFACE('',#1031,6.);
#1031 = AXIS2_PLACEMENT_3D('',#1032,#1033,#1034);
#1032 = CARTESIAN_POINT('',(270.5,1.0436E-13,470.));
#1033 = DIRECTION('',(0.,1.,-2.2E-16));
#1034 = DIRECTION('',(1.,0.,0.));
#1035 = ADVANCED_FACE('',(#1036),#1063,.F.);
#1036 = FACE_BOUND('',#1037,.T.);
#1037 = EDGE_LOOP('',(#1038,#1048,#1055,#1056));
#1038 = ORIENTED_EDGE('',*,*,#1039,.T.);
#1039 = EDGE_CURVE('',#1040,#1042,#1044,.T.);
#1040 = VERTEX_POINT('',#1041);
#1041 = CARTESIAN_POINT('',(302.,1.04E-13,470.));
#1042 = VERTEX_POINT('',#1043);
#1043 = CARTESIAN_POINT('',(302.,-25.,470.));
#1044 = LINE('',#1045,#1046);
#1045 = CARTESIAN_POINT('',(302.,1.0436E-13,470.));
#1046 = VECTOR('',#1047,1.);
#1047 = DIRECTION('',(0.,-1.,2.2E-16));
#1048 = ORIENTED_EDGE('',*,*,#1049,.T.);
#1049 = EDGE_CURVE('',#1042,#1042,#1050,.T.);
#1050 = CIRCLE('',#1051,6.);
#1051 = AXIS2_PLACEMENT_3D('',#1052,#1053,#1054);
#1052 = CARTESIAN_POINT('',(296.,-25.,470.));
#1053 = DIRECTION('',(0.,-1.,0.));
#1054 = DIRECTION('',(1.,0.,0.));
#1055 = ORIENTED_EDGE('',*,*,#1039,.F.);
#1056 = ORIENTED_EDGE('',*,*,#1057,.F.);
#1057 = EDGE_CURVE('',#1040,#1040,#1058,.T.);
#1058 = CIRCLE('',#1059,6.);
#1059 = AXIS2_PLACEMENT_3D('',#1060,#1061,#1062);
#1060 = CARTESIAN_POINT('',(296.,0.,470.));
#1061 = DIRECTION('',(0.,-1.,0.));
#1062 = DIRECTION('',(1.,0.,0.));
#1063 = CYLINDRICAL_SURFACE('',#1064,6.);
#1064 = AXIS2_PLACEMENT_3D('',#1065,#1066,#1067);
#1065 = CARTESIAN_POINT('',(296.,1.0436E-13,470.));
#1066 = DIRECTION('',(0.,1.,-2.2E-16));
#1067 = DIRECTION('',(1.,0.,0.));
#1068 = ADVANCED_FACE('',(#1069),#1096,.F.);
#1069 = FACE_BOUND('',#1070,.T.);
#1070 = EDGE_LOOP('',(#1071,#1081,#1088,#1089));
#1071 = ORIENTED_EDGE('',*,*,#1072,.T.);
#1072 = EDGE_CURVE('',#1073,#1075,#1077,.T.);
#1073 = VERTEX_POINT('',#1074);
#1074 = CARTESIAN_POINT('',(251.,5.7E-14,255.));
#1075 = VERTEX_POINT('',#1076);
#1076 = CARTESIAN_POINT('',(251.,-25.,255.));
#1077 = LINE('',#1078,#1079);
#1078 = CARTESIAN_POINT('',(251.,5.662E-14,255.));
#1079 = VECTOR('',#1080,1.);
#1080 = DIRECTION('',(0.,-1.,2.2E-16));
#1081 = ORIENTED_EDGE('',*,*,#1082,.T.);
#1082 = EDGE_CURVE('',#1075,#1075,#1083,.T.);
#1083 = CIRCLE('',#1084,6.);
#1084 = AXIS2_PLACEMENT_3D('',#1085,#1086,#1087);
#1085 = CARTESIAN_POINT('',(245.,-25.,255.));
#1086 = DIRECTION('',(0.,-1.,0.));
#1087 = DIRECTION('',(1.,0.,0.));
#1088 = ORIENTED_EDGE('',*,*,#1072,.F.);
#1089 = ORIENTED_EDGE('',*,*,#1090,.F.);
#1090 = EDGE_CURVE('',#1073,#1073,#1091,.T.);
#1091 = CIRCLE('',#1092,6.);
#1092 = AXIS2_PLACEMENT_3D('',#1093,#1094,#1095);
#1093 = CARTESIAN_POINT('',(245.,0.,255.));
#1094 = DIRECTION('',(0.,-1.,0.));
#1095 = DIRECTION('',(1.,0.,0.));
#1096 = CYLINDRICAL_SURFACE('',#1097,6.);
#1097 = AXIS2_PLACEMENT_3D('',#1098,#1099,#1100);
#1098 = CARTESIAN_POINT('',(245.,5.662E-14,255.));
#1099 = DIRECTION('',(0.,1.,-2.2E-16));
#1100 = DIRECTION('',(1.,0.,0.));
#1101 = ADVANCED_FACE('',(#1102),#1129,.F.);
#1102 = FACE_BOUND('',#1103,.T.);
#1103 = EDGE_LOOP('',(#1104,#1114,#1121,#1122));
#1104 = ORIENTED_EDGE('',*,*,#1105,.T.);
#1105 = EDGE_CURVE('',#1106,#1108,#1110,.T.);
#1106 = VERTEX_POINT('',#1107);
#1107 = CARTESIAN_POINT('',(276.5,5.7E-14,255.));
#1108 = VERTEX_POINT('',#1109);
#1109 = CARTESIAN_POINT('',(276.5,-25.,255.));
#1110 = LINE('',#1111,#1112);
#1111 = CARTESIAN_POINT('',(276.5,5.662E-14,255.));
#1112 = VECTOR('',#1113,1.);
#1113 = DIRECTION('',(0.,-1.,2.2E-16));
#1114 = ORIENTED_EDGE('',*,*,#1115,.T.);
#1115 = EDGE_CURVE('',#1108,#1108,#1116,.T.);
#1116 = CIRCLE('',#1117,6.);
#1117 = AXIS2_PLACEMENT_3D('',#1118,#1119,#1120);
#1118 = CARTESIAN_POINT('',(270.5,-25.,255.));
#1119 = DIRECTION('',(0.,-1.,0.));
#1120 = DIRECTION('',(1.,0.,0.));
#1121 = ORIENTED_EDGE('',*,*,#1105,.F.);
#1122 = ORIENTED_EDGE('',*,*,#1123,.F.);
#1123 = EDGE_CURVE('',#1106,#1106,#1124,.T.);
#1124 = CIRCLE('',#1125,6.);
#1125 = AXIS2_PLACEMENT_3D('',#1126,#1127,#1128);
#1126 = CARTESIAN_POINT('',(270.5,0.,255.));
#1127 = DIRECTION('',(0.,-1.,0.));
#1128 = DIRECTION('',(1.,0.,0.));
#1129 = CYLINDRICAL_SURFACE('',#1130,6.);
#1130 = AXIS2_PLACEMENT_3D('',#1131,#1132,#1133);
#1131 = CARTESIAN_POINT('',(270.5,5.662E-14,255.));
#1132 = DIRECTION('',(0.,1.,-2.2E-16));
#1133 = DIRECTION('',(1.,0.,0.));
#1134 = ADVANCED_FACE('',(#1135),#1162,.F.);
#1135 = FACE_BOUND('',#1136,.T.);
#1136 = EDGE_LOOP('',(#1137,#1147,#1154,#1155));
#1137 = ORIENTED_EDGE('',*,*,#1138,.T.);
#1138 = EDGE_CURVE('',#1139,#1141,#1143,.T.);
#1139 = VERTEX_POINT('',#1140);
#1140 = CARTESIAN_POINT('',(302.,5.7E-14,255.));
#1141 = VERTEX_POINT('',#1142);
#1142 = CARTESIAN_POINT('',(302.,-25.,255.));
#1143 = LINE('',#1144,#1145);
#1144 = CARTESIAN_POINT('',(302.,5.662E-14,255.));
#1145 = VECTOR('',#1146,1.);
#1146 = DIRECTION('',(0.,-1.,2.2E-16));
#1147 = ORIENTED_EDGE('',*,*,#1148,.T.);
#1148 = EDGE_CURVE('',#1141,#1141,#1149,.T.);
#1149 = CIRCLE('',#1150,6.);
#1150 = AXIS2_PLACEMENT_3D('',#1151,#1152,#1153);
#1151 = CARTESIAN_POINT('',(296.,-25.,255.));
#1152 = DIRECTION('',(0.,-1.,0.));
#1153 = DIRECTION('',(1.,0.,0.));
#1154 = ORIENTED_EDGE('',*,*,#1138,.F.);
#1155 = ORIENTED_EDGE('',*,*,#1156,.F.);
#1156 = EDGE_CURVE('',#1139,#1139,#1157,.T.);
#1157 = CIRCLE('',#1158,6.);
#1158 = AXIS2_PLACEMENT_3D('',#1159,#1160,#1161);
#1159 = CARTESIAN_POINT('',(296.,0.,255.));
#1160 = DIRECTION('',(0.,-1.,0.));
#1161 = DIRECTION('',(1.,0.,0.));
#1162 = CYLINDRICAL_SURFACE('',#1163,6.);
#1163 = AXIS2_PLACEMENT_3D('',#1164,#1165,#1166);
#1164 = CARTESIAN_POINT('',(296.,5.662E-14,255.));
#1165 = DIRECTION('',(0.,1.,-2.2E-16));
#1166 = DIRECTION('',(1.,0.,0.));
#1167 = ADVANCED_FACE('',(#1168),#1195,.F.);
#1168 = FACE_BOUND('',#1169,.T.);
#1169 = EDGE_LOOP('',(#1170,#1180,#1187,#1188));
#1170 = ORIENTED_EDGE('',*,*,#1171,.T.);
#1171 = EDGE_CURVE('',#1172,#1174,#1176,.T.);
#1172 = VERTEX_POINT('',#1173);
#1173 = CARTESIAN_POINT('',(251.,4.1E-14,185.));
#1174 = VERTEX_POINT('',#1175);
#1175 = CARTESIAN_POINT('',(251.,-25.,185.));
#1176 = LINE('',#1177,#1178);
#1177 = CARTESIAN_POINT('',(251.,4.108E-14,185.));
#1178 = VECTOR('',#1179,1.);
#1179 = DIRECTION('',(0.,-1.,2.2E-16));
#1180 = ORIENTED_EDGE('',*,*,#1181,.T.);
#1181 = EDGE_CURVE('',#1174,#1174,#1182,.T.);
#1182 = CIRCLE('',#1183,6.);
#1183 = AXIS2_PLACEMENT_3D('',#1184,#1185,#1186);
#1184 = CARTESIAN_POINT('',(245.,-25.,185.));
#1185 = DIRECTION('',(0.,-1.,0.));
#1186 = DIRECTION('',(1.,0.,0.));
#1187 = ORIENTED_EDGE('',*,*,#1171,.F.);
#1188 = ORIENTED_EDGE('',*,*,#1189,.F.);
#1189 = EDGE_CURVE('',#1172,#1172,#1190,.T.);
#1190 = CIRCLE('',#1191,6.);
#1191 = AXIS2_PLACEMENT_3D('',#1192,#1193,#1194);
#1192 = CARTESIAN_POINT('',(245.,0.,185.));
#1193 = DIRECTION('',(0.,-1.,0.));
#1194 = DIRECTION('',(1.,0.,0.));
#1195 = CYLINDRICAL_SURFACE('',#1196,6.);
#1196 = AXIS2_PLACEMENT_3D('',#1197,#1198,#1199);
#1197 = CARTESIAN_POINT('',(245.,4.108E-14,185.));
#1198 = DIRECTION('',(0.,1.,-2.2E-16));
#1199 = DIRECTION('',(1.,0.,0.));
#1200 = ADVANCED_FACE('',(#1201),#1228,.F.);
#1201 = FACE_BOUND('',#1202,.T.);
#1202 = EDGE_LOOP('',(#1203,#1213,#1220,#1221));
#1203 = ORIENTED_EDGE('',*,*,#1204,.T.);
#1204 = EDGE_CURVE('',#1205,#1207,#1209,.T.);
#1205 = VERTEX_POINT('',#1206);
#1206 = CARTESIAN_POINT('',(276.5,4.1E-14,185.));
#1207 = VERTEX_POINT('',#1208);
#1208 = CARTESIAN_POINT('',(276.5,-25.,185.));
#1209 = LINE('',#1210,#1211);
#1210 = CARTESIAN_POINT('',(276.5,4.108E-14,185.));
#1211 = VECTOR('',#1212,1.);
#1212 = DIRECTION('',(0.,-1.,2.2E-16));
#1213 = ORIENTED_EDGE('',*,*,#1214,.T.);
#1214 = EDGE_CURVE('',#1207,#1207,#1215,.T.);
#1215 = CIRCLE('',#1216,6.);
#1216 = AXIS2_PLACEMENT_3D('',#1217,#1218,#1219);
#1217 = CARTESIAN_POINT('',(270.5,-25.,185.));
#1218 = DIRECTION('',(0.,-1.,0.));
#1219 = DIRECTION('',(1.,0.,0.));
#1220 = ORIENTED_EDGE('',*,*,#1204,.F.);
#1221 = ORIENTED_EDGE('',*,*,#1222,.F.);
#1222 = EDGE_CURVE('',#1205,#1205,#1223,.T.);
#1223 = CIRCLE('',#1224,6.);
#1224 = AXIS2_PLACEMENT_3D('',#1225,#1226,#1227);
#1225 = CARTESIAN_POINT('',(270.5,0.,185.));
#1226 = DIRECTION('',(0.,-1.,0.));
#1227 = DIRECTION('',(1.,0.,0.));
#1228 = CYLINDRICAL_SURFACE('',#1229,6.);
#1229 = AXIS2_PLACEMENT_3D('',#1230,#1231,#1232);
#1230 = CARTESIAN_POINT('',(270.5,4.108E-14,185.));
#1231 = DIRECTION('',(0.,1.,-2.2E-16));
#1232 = DIRECTION('',(1.,0.,0.));
#1233 = ADVANCED_FACE('',(#1234),#1261,.F.);
#1234 = FACE_BOUND('',#1235,.T.);
#1235 = EDGE_LOOP('',(#1236,#1246,#1253,#1254));
#1236 = ORIENTED_EDGE('',*,*,#1237,.T.);
#1237 = EDGE_CURVE('',#1238,#1240,#1242,.T.);
#1238 = VERTEX_POINT('',#1239);
#1239 = CARTESIAN_POINT('',(302.,4.1E-14,185.));
#1240 = VERTEX_POINT('',#1241);
#1241 = CARTESIAN_POINT('',(302.,-25.,185.));
#1242 = LINE('',#1243,#1244);
#1243 = CARTESIAN_POINT('',(302.,4.108E-14,185.));
#1244 = VECTOR('',#1245,1.);
#1245 = DIRECTION('',(0.,-1.,2.2E-16));
#1246 = ORIENTED_EDGE('',*,*,#1247,.T.);
#1247 = EDGE_CURVE('',#1240,#1240,#1248,.T.);
#1248 = CIRCLE('',#1249,6.);
#1249 = AXIS2_PLACEMENT_3D('',#1250,#1251,#1252);
#1250 = CARTESIAN_POINT('',(296.,-25.,185.));
#1251 = DIRECTION('',(0.,-1.,0.));
#1252 = DIRECTION('',(1.,0.,0.));
#1253 = ORIENTED_EDGE('',*,*,#1237,.F.);
#1254 = ORIENTED_EDGE('',*,*,#1255,.F.);
#1255 = EDGE_CURVE('',#1238,#1238,#1256,.T.);
#1256 = CIRCLE('',#1257,6.);
#1257 = AXIS2_PLACEMENT_3D('',#1258,#1259,#1260);
#1258 = CARTESIAN_POINT('',(296.,0.,185.));
#1259 = DIRECTION('',(0.,-1.,0.));
#1260 = DIRECTION('',(1.,0.,0.));
#1261 = CYLINDRICAL_SURFACE('',#1262,6.);
#1262 = AXIS2_PLACEMENT_3D('',#1263,#1264,#1265);
#1263 = CARTESIAN_POINT('',(296.,4.108E-14,185.));
#1264 = DIRECTION('',(0.,1.,-2.2E-16));
#1265 = DIRECTION('',(1.,0.,0.));
#1266 = ADVANCED_FACE('',(#1267),#1294,.F.);
#1267 = FACE_BOUND('',#1268,.T.);
#1268 = EDGE_LOOP('',(#1269,#1279,#1286,#1287));
#1269 = ORIENTED_EDGE('',*,*,#1270,.T.);
#1270 = EDGE_CURVE('',#1271,#1273,#1275,.T.);
#1271 = VERTEX_POINT('',#1272);
#1272 = CARTESIAN_POINT('',(251.,2.6E-14,115.));
#1273 = VERTEX_POINT('',#1274);
#1274 = CARTESIAN_POINT('',(251.,-25.,115.));
#1275 = LINE('',#1276,#1277);
#1276 = CARTESIAN_POINT('',(251.,2.554E-14,115.));
#1277 = VECTOR('',#1278,1.);
#1278 = DIRECTION('',(0.,-1.,2.2E-16));
#1279 = ORIENTED_EDGE('',*,*,#1280,.T.);
#1280 = EDGE_CURVE('',#1273,#1273,#1281,.T.);
#1281 = CIRCLE('',#1282,6.);
#1282 = AXIS2_PLACEMENT_3D('',#1283,#1284,#1285);
#1283 = CARTESIAN_POINT('',(245.,-25.,115.));
#1284 = DIRECTION('',(0.,-1.,0.));
#1285 = DIRECTION('',(1.,0.,0.));
#1286 = ORIENTED_EDGE('',*,*,#1270,.F.);
#1287 = ORIENTED_EDGE('',*,*,#1288,.F.);
#1288 = EDGE_CURVE('',#1271,#1271,#1289,.T.);
#1289 = CIRCLE('',#1290,6.);
#1290 = AXIS2_PLACEMENT_3D('',#1291,#1292,#1293);
#1291 = CARTESIAN_POINT('',(245.,0.,115.));
#1292 = DIRECTION('',(0.,-1.,0.));
#1293 = DIRECTION('',(1.,0.,0.));
#1294 = CYLINDRICAL_SURFACE('',#1295,6.);
#1295 = AXIS2_PLACEMENT_3D('',#1296,#1297,#1298);
#1296 = CARTESIAN_POINT('',(245.,2.554E-14,115.));
#1297 = DIRECTION('',(0.,1.,-2.2E-16));
#1298 = DIRECTION('',(1.,0.,0.));
#1299 = ADVANCED_FACE('',(#1300),#1327,.F.);
#1300 = FACE_BOUND('',#1301,.T.);
#1301 = EDGE_LOOP('',(#1302,#1312,#1319,#1320));
#1302 = ORIENTED_EDGE('',*,*,#1303,.T.);
#1303 = EDGE_CURVE('',#1304,#1306,#1308,.T.);
#1304 = VERTEX_POINT('',#1305);
#1305 = CARTESIAN_POINT('',(276.5,2.6E-14,115.));
#1306 = VERTEX_POINT('',#1307);
#1307 = CARTESIAN_POINT('',(276.5,-25.,115.));
#1308 = LINE('',#1309,#1310);
#1309 = CARTESIAN_POINT('',(276.5,2.554E-14,115.));
#1310 = VECTOR('',#1311,1.);
#1311 = DIRECTION('',(0.,-1.,2.2E-16));
#1312 = ORIENTED_EDGE('',*,*,#1313,.T.);
#1313 = EDGE_CURVE('',#1306,#1306,#1314,.T.);
#1314 = CIRCLE('',#1315,6.);
#1315 = AXIS2_PLACEMENT_3D('',#1316,#1317,#1318);
#1316 = CARTESIAN_POINT('',(270.5,-25.,115.));
#1317 = DIRECTION('',(0.,-1.,0.));
#1318 = DIRECTION('',(1.,0.,0.));
#1319 = ORIENTED_EDGE('',*,*,#1303,.F.);
#1320 = ORIENTED_EDGE('',*,*,#1321,.F.);
#1321 = EDGE_CURVE('',#1304,#1304,#1322,.T.);
#1322 = CIRCLE('',#1323,6.);
#1323 = AXIS2_PLACEMENT_3D('',#1324,#1325,#1326);
#1324 = CARTESIAN_POINT('',(270.5,0.,115.));
#1325 = DIRECTION('',(0.,-1.,0.));
#1326 = DIRECTION('',(1.,0.,0.));
#1327 = CYLINDRICAL_SURFACE('',#1328,6.);
#1328 = AXIS2_PLACEMENT_3D('',#1329,#1330,#1331);
#1329 = CARTESIAN_POINT('',(270.5,2.554E-14,115.));
#1330 = DIRECTION('',(0.,1.,-2.2E-16));
#1331 = DIRECTION('',(1.,0.,0.));
#1332 = ADVANCED_FACE('',(#1333),#1360,.F.);
#1333 = FACE_BOUND('',#1334,.T.);
#1334 = EDGE_LOOP('',(#1335,#1345,#1352,#1353));
#1335 = ORIENTED_EDGE('',*,*,#1336,.T.);
#1336 = EDGE_CURVE('',#1337,#1339,#1341,.T.);
#1337 = VERTEX_POINT('',#1338);
#1338 = CARTESIAN_POINT('',(302.,2.6E-14,115.));
#1339 = VERTEX_POINT('',#1340);
#1340 = CARTESIAN_POINT('',(302.,-25.,115.));
#1341 = LINE('',#1342,#1343);
#1342 = CARTESIAN_POINT('',(302.,2.554E-14,115.));
#1343 = VECTOR('',#1344,1.);
#1344 = DIRECTION('',(0.,-1.,2.2E-16));
#1345 = ORIENTED_EDGE('',*,*,#1346,.T.);
#1346 = EDGE_CURVE('',#1339,#1339,#1347,.T.);
#1347 = CIRCLE('',#1348,6.);
#1348 = AXIS2_PLACEMENT_3D('',#1349,#1350,#1351);
#1349 = CARTESIAN_POINT('',(296.,-25.,115.));
#1350 = DIRECTION('',(0.,-1.,0.));
#1351 = DIRECTION('',(1.,0.,0.));
#1352 = ORIENTED_EDGE('',*,*,#1336,.F.);
#1353 = ORIENTED_EDGE('',*,*,#1354,.F.);
#1354 = EDGE_CURVE('',#1337,#1337,#1355,.T.);
#1355 = CIRCLE('',#1356,6.);
#1356 = AXIS2_PLACEMENT_3D('',#1357,#1358,#1359);
#1357 = CARTESIAN_POINT('',(296.,0.,115.));
#1358 = DIRECTION('',(0.,-1.,0.));
#1359 = DIRECTION('',(1.,0.,0.));
#1360 = CYLINDRICAL_SURFACE('',#1361,6.);
#1361 = AXIS2_PLACEMENT_3D('',#1362,#1363,#1364);
#1362 = CARTESIAN_POINT('',(296.,2.554E-14,115.));
#1363 = DIRECTION('',(0.,1.,-2.2E-16));
#1364 = DIRECTION('',(1.,0.,0.));
#1365 = ADVANCED_FACE('',(#1366),#1393,.F.);
#1366 = FACE_BOUND('',#1367,.T.);
#1367 = EDGE_LOOP('',(#1368,#1378,#1385,#1386));
#1368 = ORIENTED_EDGE('',*,*,#1369,.T.);
#1369 = EDGE_CURVE('',#1370,#1372,#1374,.T.);
#1370 = VERTEX_POINT('',#1371);
#1371 = CARTESIAN_POINT('',(251.,1.E-14,45.));
#1372 = VERTEX_POINT('',#1373);
#1373 = CARTESIAN_POINT('',(251.,-25.,45.));
#1374 = LINE('',#1375,#1376);
#1375 = CARTESIAN_POINT('',(251.,9.99E-15,45.));
#1376 = VECTOR('',#1377,1.);
#1377 = DIRECTION('',(0.,-1.,2.2E-16));
#1378 = ORIENTED_EDGE('',*,*,#1379,.T.);
#1379 = EDGE_CURVE('',#1372,#1372,#1380,.T.);
#1380 = CIRCLE('',#1381,6.);
#1381 = AXIS2_PLACEMENT_3D('',#1382,#1383,#1384);
#1382 = CARTESIAN_POINT('',(245.,-25.,45.));
#1383 = DIRECTION('',(0.,-1.,0.));
#1384 = DIRECTION('',(1.,0.,0.));
#1385 = ORIENTED_EDGE('',*,*,#1369,.F.);
#1386 = ORIENTED_EDGE('',*,*,#1387,.F.);
#1387 = EDGE_CURVE('',#1370,#1370,#1388,.T.);
#1388 = CIRCLE('',#1389,6.);
#1389 = AXIS2_PLACEMENT_3D('',#1390,#1391,#1392);
#1390 = CARTESIAN_POINT('',(245.,0.,45.));
#1391 = DIRECTION('',(0.,-1.,0.));
#1392 = DIRECTION('',(1.,0.,0.));
#1393 = CYLINDRICAL_SURFACE('',#1394,6.);
#1394 = AXIS2_PLACEMENT_3D('',#1395,#1396,#1397);
#1395 = CARTESIAN_POINT('',(245.,9.99E-15,45.));
#1396 = DIRECTION('',(0.,1.,-2.2E-16));
#1397 = DIRECTION('',(1.,0.,0.));
#1398 = ADVANCED_FACE('',(#1399),#1426,.F.);
#1399 = FACE_BOUND('',#1400,.T.);
#1400 = EDGE_LOOP('',(#1401,#1411,#1418,#1419));
#1401 = ORIENTED_EDGE('',*,*,#1402,.T.);
#1402 = EDGE_CURVE('',#1403,#1405,#1407,.T.);
#1403 = VERTEX_POINT('',#1404);
#1404 = CARTESIAN_POINT('',(276.5,1.E-14,45.));
#1405 = VERTEX_POINT('',#1406);
#1406 = CARTESIAN_POINT('',(276.5,-25.,45.));
#1407 = LINE('',#1408,#1409);
#1408 = CARTESIAN_POINT('',(276.5,9.99E-15,45.));
#1409 = VECTOR('',#1410,1.);
#1410 = DIRECTION('',(0.,-1.,2.2E-16));
#1411 = ORIENTED_EDGE('',*,*,#1412,.T.);
#1412 = EDGE_CURVE('',#1405,#1405,#1413,.T.);
#1413 = CIRCLE('',#1414,6.);
#1414 = AXIS2_PLACEMENT_3D('',#1415,#1416,#1417);
#1415 = CARTESIAN_POINT('',(270.5,-25.,45.));
#1416 = DIRECTION('',(0.,-1.,0.));
#1417 = DIRECTION('',(1.,0.,0.));
#1418 = ORIENTED_EDGE('',*,*,#1402,.F.);
#1419 = ORIENTED_EDGE('',*,*,#1420,.F.);
#1420 = EDGE_CURVE('',#1403,#1403,#1421,.T.);
#1421 = CIRCLE('',#1422,6.);
#1422 = AXIS2_PLACEMENT_3D('',#1423,#1424,#1425);
#1423 = CARTESIAN_POINT('',(270.5,0.,45.));
#1424 = DIRECTION('',(0.,-1.,0.));
#1425 = DIRECTION('',(1.,0.,0.));
#1426 = CYLINDRICAL_SURFACE('',#1427,6.);
#1427 = AXIS2_PLACEMENT_3D('',#1428,#1429,#1430);
#1428 = CARTESIAN_POINT('',(270.5,9.99E-15,45.));
#1429 = DIRECTION('',(0.,1.,-2.2E-16));
#1430 = DIRECTION('',(1.,0.,0.));
#1431 = ADVANCED_FACE('',(#1432),#1459,.F.);
#1432 = FACE_BOUND('',#1433,.T.);
#1433 = EDGE_LOOP('',(#1434,#1444,#1451,#1452));
#1434 = ORIENTED_EDGE('',*,*,#1435,.T.);
#1435 = EDGE_CURVE('',#1436,#1438,#1440,.T.);
#1436 = VERTEX_POINT('',#1437);
#1437 = CARTESIAN_POINT('',(302.,1.E-14,45.));
#1438 = VERTEX_POINT('',#1439);
#1439 = CARTESIAN_POINT('',(302.,-25.,45.));
#1440 = LINE('',#1441,#1442);
#1441 = CARTESIAN_POINT('',(302.,9.99E-15,45.));
#1442 = VECTOR('',#1443,1.);
#1443 = DIRECTION('',(0.,-1.,2.2E-16));
#1444 = ORIENTED_EDGE('',*,*,#1445,.T.);
#1445 = EDGE_CURVE('',#1438,#1438,#1446,.T.);
#1446 = CIRCLE('',#1447,6.);
#1447 = AXIS2_PLACEMENT_3D('',#1448,#1449,#1450);
#1448 = CARTESIAN_POINT('',(296.,-25.,45.));
#1449 = DIRECTION('',(0.,-1.,0.));
#1450 = DIRECTION('',(1.,0.,0.));
#1451 = ORIENTED_EDGE('',*,*,#1435,.F.);
#1452 = ORIENTED_EDGE('',*,*,#1453,.F.);
#1453 = EDGE_CURVE('',#1436,#1436,#1454,.T.);
#1454 = CIRCLE('',#1455,6.);
#1455 = AXIS2_PLACEMENT_3D('',#1456,#1457,#1458);
#1456 = CARTESIAN_POINT('',(296.,0.,45.));
#1457 = DIRECTION('',(0.,-1.,0.));
#1458 = DIRECTION('',(1.,0.,0.));
#1459 = CYLINDRICAL_SURFACE('',#1460,6.);
#1460 = AXIS2_PLACEMENT_3D('',#1461,#1462,#1463);
#1461 = CARTESIAN_POINT('',(296.,9.99E-15,45.));
#1462 = DIRECTION('',(0.,1.,-2.2E-16));
#1463 = DIRECTION('',(1.,0.,0.));
#1464 = ADVANCED_FACE('',(#1465),#1492,.F.);
#1465 = FACE_BOUND('',#1466,.T.);
#1466 = EDGE_LOOP('',(#1467,#1477,#1484,#1485));
#1467 = ORIENTED_EDGE('',*,*,#1468,.T.);
#1468 = EDGE_CURVE('',#1469,#1471,#1473,.T.);
#1469 = VERTEX_POINT('',#1470);
#1470 = CARTESIAN_POINT('',(670.,2.55E-13,1.15E+03));
#1471 = VERTEX_POINT('',#1472);
#1472 = CARTESIAN_POINT('',(670.,-25.,1.15E+03));
#1473 = LINE('',#1474,#1475);
#1474 = CARTESIAN_POINT('',(670.,2.5535E-13,1.15E+03));
#1475 = VECTOR('',#1476,1.);
#1476 = DIRECTION('',(0.,-1.,2.2E-16));
#1477 = ORIENTED_EDGE('',*,*,#1478,.T.);
#1478 = EDGE_CURVE('',#1471,#1471,#1479,.T.);
#1479 = CIRCLE('',#1480,6.);
#1480 = AXIS2_PLACEMENT_3D('',#1481,#1482,#1483);
#1481 = CARTESIAN_POINT('',(664.,-25.,1.15E+03));
#1482 = DIRECTION('',(0.,-1.,0.));
#1483 = DIRECTION('',(1.,0.,0.));
#1484 = ORIENTED_EDGE('',*,*,#1468,.F.);
#1485 = ORIENTED_EDGE('',*,*,#1486,.F.);
#1486 = EDGE_CURVE('',#1469,#1469,#1487,.T.);
#1487 = CIRCLE('',#1488,6.);
#1488 = AXIS2_PLACEMENT_3D('',#1489,#1490,#1491);
#1489 = CARTESIAN_POINT('',(664.,0.,1.15E+03));
#1490 = DIRECTION('',(0.,-1.,0.));
#1491 = DIRECTION('',(1.,0.,0.));
#1492 = CYLINDRICAL_SURFACE('',#1493,6.);
#1493 = AXIS2_PLACEMENT_3D('',#1494,#1495,#1496);
#1494 = CARTESIAN_POINT('',(664.,2.5535E-13,1.15E+03));
#1495 = DIRECTION('',(0.,1.,-2.2E-16));
#1496 = DIRECTION('',(1.,0.,0.));
#1497 = ADVANCED_FACE('',(#1498),#1525,.F.);
#1498 = FACE_BOUND('',#1499,.T.);
#1499 = EDGE_LOOP('',(#1500,#1510,#1517,#1518));
#1500 = ORIENTED_EDGE('',*,*,#1501,.T.);
#1501 = EDGE_CURVE('',#1502,#1504,#1506,.T.);
#1502 = VERTEX_POINT('',#1503);
#1503 = CARTESIAN_POINT('',(695.5,2.55E-13,1.15E+03));
#1504 = VERTEX_POINT('',#1505);
#1505 = CARTESIAN_POINT('',(695.5,-25.,1.15E+03));
#1506 = LINE('',#1507,#1508);
#1507 = CARTESIAN_POINT('',(695.5,2.5535E-13,1.15E+03));
#1508 = VECTOR('',#1509,1.);
#1509 = DIRECTION('',(0.,-1.,2.2E-16));
#1510 = ORIENTED_EDGE('',*,*,#1511,.T.);
#1511 = EDGE_CURVE('',#1504,#1504,#1512,.T.);
#1512 = CIRCLE('',#1513,6.);
#1513 = AXIS2_PLACEMENT_3D('',#1514,#1515,#1516);
#1514 = CARTESIAN_POINT('',(689.5,-25.,1.15E+03));
#1515 = DIRECTION('',(0.,-1.,0.));
#1516 = DIRECTION('',(1.,0.,0.));
#1517 = ORIENTED_EDGE('',*,*,#1501,.F.);
#1518 = ORIENTED_EDGE('',*,*,#1519,.F.);
#1519 = EDGE_CURVE('',#1502,#1502,#1520,.T.);
#1520 = CIRCLE('',#1521,6.);
#1521 = AXIS2_PLACEMENT_3D('',#1522,#1523,#1524);
#1522 = CARTESIAN_POINT('',(689.5,0.,1.15E+03));
#1523 = DIRECTION('',(0.,-1.,0.));
#1524 = DIRECTION('',(1.,0.,0.));
#1525 = CYLINDRICAL_SURFACE('',#1526,6.);
#1526 = AXIS2_PLACEMENT_3D('',#1527,#1528,#1529);
#1527 = CARTESIAN_POINT('',(689.5,2.5535E-13,1.15E+03));
#1528 = DIRECTION('',(0.,1.,-2.2E-16));
#1529 = DIRECTION('',(1.,0.,0.));
#1530 = ADVANCED_FACE('',(#1531),#1558,.F.);
#1531 = FACE_BOUND('',#1532,.T.);
#1532 = EDGE_LOOP('',(#1533,#1543,#1550,#1551));
#1533 = ORIENTED_EDGE('',*,*,#1534,.T.);
#1534 = EDGE_CURVE('',#1535,#1537,#1539,.T.);
#1535 = VERTEX_POINT('',#1536);
#1536 = CARTESIAN_POINT('',(721.,2.55E-13,1.15E+03));
#1537 = VERTEX_POINT('',#1538);
#1538 = CARTESIAN_POINT('',(721.,-25.,1.15E+03));
#1539 = LINE('',#1540,#1541);
#1540 = CARTESIAN_POINT('',(721.,2.5535E-13,1.15E+03));
#1541 = VECTOR('',#1542,1.);
#1542 = DIRECTION('',(0.,-1.,2.2E-16));
#1543 = ORIENTED_EDGE('',*,*,#1544,.T.);
#1544 = EDGE_CURVE('',#1537,#1537,#1545,.T.);
#1545 = CIRCLE('',#1546,6.);
#1546 = AXIS2_PLACEMENT_3D('',#1547,#1548,#1549);
#1547 = CARTESIAN_POINT('',(715.,-25.,1.15E+03));
#1548 = DIRECTION('',(0.,-1.,0.));
#1549 = DIRECTION('',(1.,0.,0.));
#1550 = ORIENTED_EDGE('',*,*,#1534,.F.);
#1551 = ORIENTED_EDGE('',*,*,#1552,.F.);
#1552 = EDGE_CURVE('',#1535,#1535,#1553,.T.);
#1553 = CIRCLE('',#1554,6.);
#1554 = AXIS2_PLACEMENT_3D('',#1555,#1556,#1557);
#1555 = CARTESIAN_POINT('',(715.,0.,1.15E+03));
#1556 = DIRECTION('',(0.,-1.,0.));
#1557 = DIRECTION('',(1.,0.,0.));
#1558 = CYLINDRICAL_SURFACE('',#1559,6.);
#1559 = AXIS2_PLACEMENT_3D('',#1560,#1561,#1562);
#1560 = CARTESIAN_POINT('',(715.,2.5535E-13,1.15E+03));
#1561 = DIRECTION('',(0.,1.,-2.2E-16));
#1562 = DIRECTION('',(1.,0.,0.));
#1563 = ADVANCED_FACE('',(#1564),#1591,.F.);
#1564 = FACE_BOUND('',#1565,.T.);
#1565 = EDGE_LOOP('',(#1566,#1576,#1583,#1584));
#1566 = ORIENTED_EDGE('',*,*,#1567,.T.);
#1567 = EDGE_CURVE('',#1568,#1570,#1572,.T.);
#1568 = VERTEX_POINT('',#1569);
#1569 = CARTESIAN_POINT('',(670.,2.4E-13,1.08E+03));
#1570 = VERTEX_POINT('',#1571);
#1571 = CARTESIAN_POINT('',(670.,-25.,1.08E+03));
#1572 = LINE('',#1573,#1574);
#1573 = CARTESIAN_POINT('',(670.,2.3981E-13,1.08E+03));
#1574 = VECTOR('',#1575,1.);
#1575 = DIRECTION('',(0.,-1.,2.2E-16));
#1576 = ORIENTED_EDGE('',*,*,#1577,.T.);
#1577 = EDGE_CURVE('',#1570,#1570,#1578,.T.);
#1578 = CIRCLE('',#1579,6.);
#1579 = AXIS2_PLACEMENT_3D('',#1580,#1581,#1582);
#1580 = CARTESIAN_POINT('',(664.,-25.,1.08E+03));
#1581 = DIRECTION('',(0.,-1.,0.));
#1582 = DIRECTION('',(1.,0.,0.));
#1583 = ORIENTED_EDGE('',*,*,#1567,.F.);
#1584 = ORIENTED_EDGE('',*,*,#1585,.F.);
#1585 = EDGE_CURVE('',#1568,#1568,#1586,.T.);
#1586 = CIRCLE('',#1587,6.);
#1587 = AXIS2_PLACEMENT_3D('',#1588,#1589,#1590);
#1588 = CARTESIAN_POINT('',(664.,0.,1.08E+03));
#1589 = DIRECTION('',(0.,-1.,0.));
#1590 = DIRECTION('',(1.,0.,0.));
#1591 = CYLINDRICAL_SURFACE('',#1592,6.);
#1592 = AXIS2_PLACEMENT_3D('',#1593,#1594,#1595);
#1593 = CARTESIAN_POINT('',(664.,2.3981E-13,1.08E+03));
#1594 = DIRECTION('',(0.,1.,-2.2E-16));
#1595 = DIRECTION('',(1.,0.,0.));
#1596 = ADVANCED_FACE('',(#1597),#1624,.F.);
#1597 = FACE_BOUND('',#1598,.T.);
#1598 = EDGE_LOOP('',(#1599,#1609,#1616,#1617));
#1599 = ORIENTED_EDGE('',*,*,#1600,.T.);
#1600 = EDGE_CURVE('',#1601,#1603,#1605,.T.);
#1601 = VERTEX_POINT('',#1602);
#1602 = CARTESIAN_POINT('',(695.5,2.4E-13,1.08E+03));
#1603 = VERTEX_POINT('',#1604);
#1604 = CARTESIAN_POINT('',(695.5,-25.,1.08E+03));
#1605 = LINE('',#1606,#1607);
#1606 = CARTESIAN_POINT('',(695.5,2.3981E-13,1.08E+03));
#1607 = VECTOR('',#1608,1.);
#1608 = DIRECTION('',(0.,-1.,2.2E-16));
#1609 = ORIENTED_EDGE('',*,*,#1610,.T.);
#1610 = EDGE_CURVE('',#1603,#1603,#1611,.T.);
#1611 = CIRCLE('',#1612,6.);
#1612 = AXIS2_PLACEMENT_3D('',#1613,#1614,#1615);
#1613 = CARTESIAN_POINT('',(689.5,-25.,1.08E+03));
#1614 = DIRECTION('',(0.,-1.,0.));
#1615 = DIRECTION('',(1.,0.,0.));
#1616 = ORIENTED_EDGE('',*,*,#1600,.F.);
#1617 = ORIENTED_EDGE('',*,*,#1618,.F.);
#1618 = EDGE_CURVE('',#1601,#1601,#1619,.T.);
#1619 = CIRCLE('',#1620,6.);
#1620 = AXIS2_PLACEMENT_3D('',#1621,#1622,#1623);
#1621 = CARTESIAN_POINT('',(689.5,0.,1.08E+03));
#1622 = DIRECTION('',(0.,-1.,0.));
#1623 = DIRECTION('',(1.,0.,0.));
#1624 = CYLINDRICAL_SURFACE('',#1625,6.);
#1625 = AXIS2_PLACEMENT_3D('',#1626,#1627,#1628);
#1626 = CARTESIAN_POINT('',(689.5,2.3981E-13,1.08E+03));
#1627 = DIRECTION('',(0.,1.,-2.2E-16));
#1628 = DIRECTION('',(1.,0.,0.));
#1629 = ADVANCED_FACE('',(#1630),#1657,.F.);
#1630 = FACE_BOUND('',#1631,.T.);
#1631 = EDGE_LOOP('',(#1632,#1642,#1649,#1650));
#1632 = ORIENTED_EDGE('',*,*,#1633,.T.);
#1633 = EDGE_CURVE('',#1634,#1636,#1638,.T.);
#1634 = VERTEX_POINT('',#1635);
#1635 = CARTESIAN_POINT('',(721.,2.4E-13,1.08E+03));
#1636 = VERTEX_POINT('',#1637);
#1637 = CARTESIAN_POINT('',(721.,-25.,1.08E+03));
#1638 = LINE('',#1639,#1640);
#1639 = CARTESIAN_POINT('',(721.,2.3981E-13,1.08E+03));
#1640 = VECTOR('',#1641,1.);
#1641 = DIRECTION('',(0.,-1.,2.2E-16));
#1642 = ORIENTED_EDGE('',*,*,#1643,.T.);
#1643 = EDGE_CURVE('',#1636,#1636,#1644,.T.);
#1644 = CIRCLE('',#1645,6.);
#1645 = AXIS2_PLACEMENT_3D('',#1646,#1647,#1648);
#1646 = CARTESIAN_POINT('',(715.,-25.,1.08E+03));
#1647 = DIRECTION('',(0.,-1.,0.));
#1648 = DIRECTION('',(1.,0.,0.));
#1649 = ORIENTED_EDGE('',*,*,#1633,.F.);
#1650 = ORIENTED_EDGE('',*,*,#1651,.F.);
#1651 = EDGE_CURVE('',#1634,#1634,#1652,.T.);
#1652 = CIRCLE('',#1653,6.);
#1653 = AXIS2_PLACEMENT_3D('',#1654,#1655,#1656);
#1654 = CARTESIAN_POINT('',(715.,0.,1.08E+03));
#1655 = DIRECTION('',(0.,-1.,0.));
#1656 = DIRECTION('',(1.,0.,0.));
#1657 = CYLINDRICAL_SURFACE('',#1658,6.);
#1658 = AXIS2_PLACEMENT_3D('',#1659,#1660,#1661);
#1659 = CARTESIAN_POINT('',(715.,2.3981E-13,1.08E+03));
#1660 = DIRECTION('',(0.,1.,-2.2E-16));
#1661 = DIRECTION('',(1.,0.,0.));
#1662 = ADVANCED_FACE('',(#1663),#1690,.F.);
#1663 = FACE_BOUND('',#1664,.T.);
#1664 = EDGE_LOOP('',(#1665,#1675,#1682,#1683));
#1665 = ORIENTED_EDGE('',*,*,#1666,.T.);
#1666 = EDGE_CURVE('',#1667,#1669,#1671,.T.);
#1667 = VERTEX_POINT('',#1668);
#1668 = CARTESIAN_POINT('',(670.,2.24E-13,1.01E+03));
#1669 = VERTEX_POINT('',#1670);
#1670 = CARTESIAN_POINT('',(670.,-25.,1.01E+03));
#1671 = LINE('',#1672,#1673);
#1672 = CARTESIAN_POINT('',(670.,2.2427E-13,1.01E+03));
#1673 = VECTOR('',#1674,1.);
#1674 = DIRECTION('',(0.,-1.,2.2E-16));
#1675 = ORIENTED_EDGE('',*,*,#1676,.T.);
#1676 = EDGE_CURVE('',#1669,#1669,#1677,.T.);
#1677 = CIRCLE('',#1678,6.);
#1678 = AXIS2_PLACEMENT_3D('',#1679,#1680,#1681);
#1679 = CARTESIAN_POINT('',(664.,-25.,1.01E+03));
#1680 = DIRECTION('',(0.,-1.,0.));
#1681 = DIRECTION('',(1.,0.,0.));
#1682 = ORIENTED_EDGE('',*,*,#1666,.F.);
#1683 = ORIENTED_EDGE('',*,*,#1684,.F.);
#1684 = EDGE_CURVE('',#1667,#1667,#1685,.T.);
#1685 = CIRCLE('',#1686,6.);
#1686 = AXIS2_PLACEMENT_3D('',#1687,#1688,#1689);
#1687 = CARTESIAN_POINT('',(664.,0.,1.01E+03));
#1688 = DIRECTION('',(0.,-1.,0.));
#1689 = DIRECTION('',(1.,0.,0.));
#1690 = CYLINDRICAL_SURFACE('',#1691,6.);
#1691 = AXIS2_PLACEMENT_3D('',#1692,#1693,#1694);
#1692 = CARTESIAN_POINT('',(664.,2.2427E-13,1.01E+03));
#1693 = DIRECTION('',(0.,1.,-2.2E-16));
#1694 = DIRECTION('',(1.,0.,0.));
#1695 = ADVANCED_FACE('',(#1696),#1723,.F.);
#1696 = FACE_BOUND('',#1697,.T.);
#1697 = EDGE_LOOP('',(#1698,#1708,#1715,#1716));
#1698 = ORIENTED_EDGE('',*,*,#1699,.T.);
#1699 = EDGE_CURVE('',#1700,#1702,#1704,.T.);
#1700 = VERTEX_POINT('',#1701);
#1701 = CARTESIAN_POINT('',(695.5,2.24E-13,1.01E+03));
#1702 = VERTEX_POINT('',#1703);
#1703 = CARTESIAN_POINT('',(695.5,-25.,1.01E+03));
#1704 = LINE('',#1705,#1706);
#1705 = CARTESIAN_POINT('',(695.5,2.2427E-13,1.01E+03));
#1706 = VECTOR('',#1707,1.);
#1707 = DIRECTION('',(0.,-1.,2.2E-16));
#1708 = ORIENTED_EDGE('',*,*,#1709,.T.);
#1709 = EDGE_CURVE('',#1702,#1702,#1710,.T.);
#1710 = CIRCLE('',#1711,6.);
#1711 = AXIS2_PLACEMENT_3D('',#1712,#1713,#1714);
#1712 = CARTESIAN_POINT('',(689.5,-25.,1.01E+03));
#1713 = DIRECTION('',(0.,-1.,0.));
#1714 = DIRECTION('',(1.,0.,0.));
#1715 = ORIENTED_EDGE('',*,*,#1699,.F.);
#1716 = ORIENTED_EDGE('',*,*,#1717,.F.);
#1717 = EDGE_CURVE('',#1700,#1700,#1718,.T.);
#1718 = CIRCLE('',#1719,6.);
#1719 = AXIS2_PLACEMENT_3D('',#1720,#1721,#1722);
#1720 = CARTESIAN_POINT('',(689.5,0.,1.01E+03));
#1721 = DIRECTION('',(0.,-1.,0.));
#1722 = DIRECTION('',(1.,0.,0.));
#1723 = CYLINDRICAL_SURFACE('',#1724,6.);
#1724 = AXIS2_PLACEMENT_3D('',#1725,#1726,#1727);
#1725 = CARTESIAN_POINT('',(689.5,2.2427E-13,1.01E+03));
#1726 = DIRECTION('',(0.,1.,-2.2E-16));
#1727 = DIRECTION('',(1.,0.,0.));
#1728 = ADVANCED_FACE('',(#1729),#1756,.F.);
#1729 = FACE_BOUND('',#1730,.T.);
#1730 = EDGE_LOOP('',(#1731,#1741,#1748,#1749));
#1731 = ORIENTED_EDGE('',*,*,#1732,.T.);
#1732 = EDGE_CURVE('',#1733,#1735,#1737,.T.);
#1733 = VERTEX_POINT('',#1734);
#1734 = CARTESIAN_POINT('',(721.,2.24E-13,1.01E+03));
#1735 = VERTEX_POINT('',#1736);
#1736 = CARTESIAN_POINT('',(721.,-25.,1.01E+03));
#1737 = LINE('',#1738,#1739);
#1738 = CARTESIAN_POINT('',(721.,2.2427E-13,1.01E+03));
#1739 = VECTOR('',#1740,1.);
#1740 = DIRECTION('',(0.,-1.,2.2E-16));
#1741 = ORIENTED_EDGE('',*,*,#1742,.T.);
#1742 = EDGE_CURVE('',#1735,#1735,#1743,.T.);
#1743 = CIRCLE('',#1744,6.);
#1744 = AXIS2_PLACEMENT_3D('',#1745,#1746,#1747);
#1745 = CARTESIAN_POINT('',(715.,-25.,1.01E+03));
#1746 = DIRECTION('',(0.,-1.,0.));
#1747 = DIRECTION('',(1.,0.,0.));
#1748 = ORIENTED_EDGE('',*,*,#1732,.F.);
#1749 = ORIENTED_EDGE('',*,*,#1750,.F.);
#1750 = EDGE_CURVE('',#1733,#1733,#1751,.T.);
#1751 = CIRCLE('',#1752,6.);
#1752 = AXIS2_PLACEMENT_3D('',#1753,#1754,#1755);
#1753 = CARTESIAN_POINT('',(715.,0.,1.01E+03));
#1754 = DIRECTION('',(0.,-1.,0.));
#1755 = DIRECTION('',(1.,0.,0.));
#1756 = CYLINDRICAL_SURFACE('',#1757,6.);
#1757 = AXIS2_PLACEMENT_3D('',#1758,#1759,#1760);
#1758 = CARTESIAN_POINT('',(715.,2.2427E-13,1.01E+03));
#1759 = DIRECTION('',(0.,1.,-2.2E-16));
#1760 = DIRECTION('',(1.,0.,0.));
#1761 = ADVANCED_FACE('',(#1762),#1789,.F.);
#1762 = FACE_BOUND('',#1763,.T.);
#1763 = EDGE_LOOP('',(#1764,#1774,#1781,#1782));
#1764 = ORIENTED_EDGE('',*,*,#1765,.T.);
#1765 = EDGE_CURVE('',#1766,#1768,#1770,.T.);
#1766 = VERTEX_POINT('',#1767);
#1767 = CARTESIAN_POINT('',(670.,2.09E-13,940.));
#1768 = VERTEX_POINT('',#1769);
#1769 = CARTESIAN_POINT('',(670.,-25.,940.));
#1770 = LINE('',#1771,#1772);
#1771 = CARTESIAN_POINT('',(670.,2.0872E-13,940.));
#1772 = VECTOR('',#1773,1.);
#1773 = DIRECTION('',(0.,-1.,2.2E-16));
#1774 = ORIENTED_EDGE('',*,*,#1775,.T.);
#1775 = EDGE_CURVE('',#1768,#1768,#1776,.T.);
#1776 = CIRCLE('',#1777,6.);
#1777 = AXIS2_PLACEMENT_3D('',#1778,#1779,#1780);
#1778 = CARTESIAN_POINT('',(664.,-25.,940.));
#1779 = DIRECTION('',(0.,-1.,0.));
#1780 = DIRECTION('',(1.,0.,0.));
#1781 = ORIENTED_EDGE('',*,*,#1765,.F.);
#1782 = ORIENTED_EDGE('',*,*,#1783,.F.);
#1783 = EDGE_CURVE('',#1766,#1766,#1784,.T.);
#1784 = CIRCLE('',#1785,6.);
#1785 = AXIS2_PLACEMENT_3D('',#1786,#1787,#1788);
#1786 = CARTESIAN_POINT('',(664.,0.,940.));
#1787 = DIRECTION('',(0.,-1.,0.));
#1788 = DIRECTION('',(1.,0.,0.));
#1789 = CYLINDRICAL_SURFACE('',#1790,6.);
#1790 = AXIS2_PLACEMENT_3D('',#1791,#1792,#1793);
#1791 = CARTESIAN_POINT('',(664.,2.0872E-13,940.));
#1792 = DIRECTION('',(0.,1.,-2.2E-16));
#1793 = DIRECTION('',(1.,0.,0.));
#1794 = ADVANCED_FACE('',(#1795),#1822,.F.);
#1795 = FACE_BOUND('',#1796,.T.);
#1796 = EDGE_LOOP('',(#1797,#1807,#1814,#1815));
#1797 = ORIENTED_EDGE('',*,*,#1798,.T.);
#1798 = EDGE_CURVE('',#1799,#1801,#1803,.T.);
#1799 = VERTEX_POINT('',#1800);
#1800 = CARTESIAN_POINT('',(695.5,2.09E-13,940.));
#1801 = VERTEX_POINT('',#1802);
#1802 = CARTESIAN_POINT('',(695.5,-25.,940.));
#1803 = LINE('',#1804,#1805);
#1804 = CARTESIAN_POINT('',(695.5,2.0872E-13,940.));
#1805 = VECTOR('',#1806,1.);
#1806 = DIRECTION('',(0.,-1.,2.2E-16));
#1807 = ORIENTED_EDGE('',*,*,#1808,.T.);
#1808 = EDGE_CURVE('',#1801,#1801,#1809,.T.);
#1809 = CIRCLE('',#1810,6.);
#1810 = AXIS2_PLACEMENT_3D('',#1811,#1812,#1813);
#1811 = CARTESIAN_POINT('',(689.5,-25.,940.));
#1812 = DIRECTION('',(0.,-1.,0.));
#1813 = DIRECTION('',(1.,0.,0.));
#1814 = ORIENTED_EDGE('',*,*,#1798,.F.);
#1815 = ORIENTED_EDGE('',*,*,#1816,.F.);
#1816 = EDGE_CURVE('',#1799,#1799,#1817,.T.);
#1817 = CIRCLE('',#1818,6.);
#1818 = AXIS2_PLACEMENT_3D('',#1819,#1820,#1821);
#1819 = CARTESIAN_POINT('',(689.5,0.,940.));
#1820 = DIRECTION('',(0.,-1.,0.));
#1821 = DIRECTION('',(1.,0.,0.));
#1822 = CYLINDRICAL_SURFACE('',#1823,6.);
#1823 = AXIS2_PLACEMENT_3D('',#1824,#1825,#1826);
#1824 = CARTESIAN_POINT('',(689.5,2.0872E-13,940.));
#1825 = DIRECTION('',(0.,1.,-2.2E-16));
#1826 = DIRECTION('',(1.,0.,0.));
#1827 = ADVANCED_FACE('',(#1828),#1855,.F.);
#1828 = FACE_BOUND('',#1829,.T.);
#1829 = EDGE_LOOP('',(#1830,#1840,#1847,#1848));
#1830 = ORIENTED_EDGE('',*,*,#1831,.T.);
#1831 = EDGE_CURVE('',#1832,#1834,#1836,.T.);
#1832 = VERTEX_POINT('',#1833);
#1833 = CARTESIAN_POINT('',(721.,2.09E-13,940.));
#1834 = VERTEX_POINT('',#1835);
#1835 = CARTESIAN_POINT('',(721.,-25.,940.));
#1836 = LINE('',#1837,#1838);
#1837 = CARTESIAN_POINT('',(721.,2.0872E-13,940.));
#1838 = VECTOR('',#1839,1.);
#1839 = DIRECTION('',(0.,-1.,2.2E-16));
#1840 = ORIENTED_EDGE('',*,*,#1841,.T.);
#1841 = EDGE_CURVE('',#1834,#1834,#1842,.T.);
#1842 = CIRCLE('',#1843,6.);
#1843 = AXIS2_PLACEMENT_3D('',#1844,#1845,#1846);
#1844 = CARTESIAN_POINT('',(715.,-25.,940.));
#1845 = DIRECTION('',(0.,-1.,0.));
#1846 = DIRECTION('',(1.,0.,0.));
#1847 = ORIENTED_EDGE('',*,*,#1831,.F.);
#1848 = ORIENTED_EDGE('',*,*,#1849,.F.);
#1849 = EDGE_CURVE('',#1832,#1832,#1850,.T.);
#1850 = CIRCLE('',#1851,6.);
#1851 = AXIS2_PLACEMENT_3D('',#1852,#1853,#1854);
#1852 = CARTESIAN_POINT('',(715.,0.,940.));
#1853 = DIRECTION('',(0.,-1.,0.));
#1854 = DIRECTION('',(1.,0.,0.));
#1855 = CYLINDRICAL_SURFACE('',#1856,6.);
#1856 = AXIS2_PLACEMENT_3D('',#1857,#1858,#1859);
#1857 = CARTESIAN_POINT('',(715.,2.0872E-13,940.));
#1858 = DIRECTION('',(0.,1.,-2.2E-16));
#1859 = DIRECTION('',(1.,0.,0.));
#1860 = ADVANCED_FACE('',(#1861),#1888,.F.);
#1861 = FACE_BOUND('',#1862,.T.);
#1862 = EDGE_LOOP('',(#1863,#1873,#1880,#1881));
#1863 = ORIENTED_EDGE('',*,*,#1864,.T.);
#1864 = EDGE_CURVE('',#1865,#1867,#1869,.T.);
#1865 = VERTEX_POINT('',#1866);
#1866 = CARTESIAN_POINT('',(670.,1.51E-13,680.));
#1867 = VERTEX_POINT('',#1868);
#1868 = CARTESIAN_POINT('',(670.,-25.,680.));
#1869 = LINE('',#1870,#1871);
#1870 = CARTESIAN_POINT('',(670.,1.5099E-13,680.));
#1871 = VECTOR('',#1872,1.);
#1872 = DIRECTION('',(0.,-1.,2.2E-16));
#1873 = ORIENTED_EDGE('',*,*,#1874,.T.);
#1874 = EDGE_CURVE('',#1867,#1867,#1875,.T.);
#1875 = CIRCLE('',#1876,6.);
#1876 = AXIS2_PLACEMENT_3D('',#1877,#1878,#1879);
#1877 = CARTESIAN_POINT('',(664.,-25.,680.));
#1878 = DIRECTION('',(0.,-1.,0.));
#1879 = DIRECTION('',(1.,0.,0.));
#1880 = ORIENTED_EDGE('',*,*,#1864,.F.);
#1881 = ORIENTED_EDGE('',*,*,#1882,.F.);
#1882 = EDGE_CURVE('',#1865,#1865,#1883,.T.);
#1883 = CIRCLE('',#1884,6.);
#1884 = AXIS2_PLACEMENT_3D('',#1885,#1886,#1887);
#1885 = CARTESIAN_POINT('',(664.,0.,680.));
#1886 = DIRECTION('',(0.,-1.,0.));
#1887 = DIRECTION('',(1.,0.,0.));
#1888 = CYLINDRICAL_SURFACE('',#1889,6.);
#1889 = AXIS2_PLACEMENT_3D('',#1890,#1891,#1892);
#1890 = CARTESIAN_POINT('',(664.,1.5099E-13,680.));
#1891 = DIRECTION('',(0.,1.,-2.2E-16));
#1892 = DIRECTION('',(1.,0.,0.));
#1893 = ADVANCED_FACE('',(#1894),#1921,.F.);
#1894 = FACE_BOUND('',#1895,.T.);
#1895 = EDGE_LOOP('',(#1896,#1906,#1913,#1914));
#1896 = ORIENTED_EDGE('',*,*,#1897,.T.);
#1897 = EDGE_CURVE('',#1898,#1900,#1902,.T.);
#1898 = VERTEX_POINT('',#1899);
#1899 = CARTESIAN_POINT('',(695.5,1.51E-13,680.));
#1900 = VERTEX_POINT('',#1901);
#1901 = CARTESIAN_POINT('',(695.5,-25.,680.));
#1902 = LINE('',#1903,#1904);
#1903 = CARTESIAN_POINT('',(695.5,1.5099E-13,680.));
#1904 = VECTOR('',#1905,1.);
#1905 = DIRECTION('',(0.,-1.,2.2E-16));
#1906 = ORIENTED_EDGE('',*,*,#1907,.T.);
#1907 = EDGE_CURVE('',#1900,#1900,#1908,.T.);
#1908 = CIRCLE('',#1909,6.);
#1909 = AXIS2_PLACEMENT_3D('',#1910,#1911,#1912);
#1910 = CARTESIAN_POINT('',(689.5,-25.,680.));
#1911 = DIRECTION('',(0.,-1.,0.));
#1912 = DIRECTION('',(1.,0.,0.));
#1913 = ORIENTED_EDGE('',*,*,#1897,.F.);
#1914 = ORIENTED_EDGE('',*,*,#1915,.F.);
#1915 = EDGE_CURVE('',#1898,#1898,#1916,.T.);
#1916 = CIRCLE('',#1917,6.);
#1917 = AXIS2_PLACEMENT_3D('',#1918,#1919,#1920);
#1918 = CARTESIAN_POINT('',(689.5,0.,680.));
#1919 = DIRECTION('',(0.,-1.,0.));
#1920 = DIRECTION('',(1.,0.,0.));
#1921 = CYLINDRICAL_SURFACE('',#1922,6.);
#1922 = AXIS2_PLACEMENT_3D('',#1923,#1924,#1925);
#1923 = CARTESIAN_POINT('',(689.5,1.5099E-13,680.));
#1924 = DIRECTION('',(0.,1.,-2.2E-16));
#1925 = DIRECTION('',(1.,0.,0.));
#1926 = ADVANCED_FACE('',(#1927),#1954,.F.);
#1927 = FACE_BOUND('',#1928,.T.);
#1928 = EDGE_LOOP('',(#1929,#1939,#1946,#1947));
#1929 = ORIENTED_EDGE('',*,*,#1930,.T.);
#1930 = EDGE_CURVE('',#1931,#1933,#1935,.T.);
#1931 = VERTEX_POINT('',#1932);
#1932 = CARTESIAN_POINT('',(721.,1.51E-13,680.));
#1933 = VERTEX_POINT('',#1934);
#1934 = CARTESIAN_POINT('',(721.,-25.,680.));
#1935 = LINE('',#1936,#1937);
#1936 = CARTESIAN_POINT('',(721.,1.5099E-13,680.));
#1937 = VECTOR('',#1938,1.);
#1938 = DIRECTION('',(0.,-1.,2.2E-16));
#1939 = ORIENTED_EDGE('',*,*,#1940,.T.);
#1940 = EDGE_CURVE('',#1933,#1933,#1941,.T.);
#1941 = CIRCLE('',#1942,6.);
#1942 = AXIS2_PLACEMENT_3D('',#1943,#1944,#1945);
#1943 = CARTESIAN_POINT('',(715.,-25.,680.));
#1944 = DIRECTION('',(0.,-1.,0.));
#1945 = DIRECTION('',(1.,0.,0.));
#1946 = ORIENTED_EDGE('',*,*,#1930,.F.);
#1947 = ORIENTED_EDGE('',*,*,#1948,.F.);
#1948 = EDGE_CURVE('',#1931,#1931,#1949,.T.);
#1949 = CIRCLE('',#1950,6.);
#1950 = AXIS2_PLACEMENT_3D('',#1951,#1952,#1953);
#1951 = CARTESIAN_POINT('',(715.,0.,680.));
#1952 = DIRECTION('',(0.,-1.,0.));
#1953 = DIRECTION('',(1.,0.,0.));
#1954 = CYLINDRICAL_SURFACE('',#1955,6.);
#1955 = AXIS2_PLACEMENT_3D('',#1956,#1957,#1958);
#1956 = CARTESIAN_POINT('',(715.,1.5099E-13,680.));
#1957 = DIRECTION('',(0.,1.,-2.2E-16));
#1958 = DIRECTION('',(1.,0.,0.));
#1959 = ADVANCED_FACE('',(#1960),#1987,.F.);
#1960 = FACE_BOUND('',#1961,.T.);
#1961 = EDGE_LOOP('',(#1962,#1972,#1979,#1980));
#1962 = ORIENTED_EDGE('',*,*,#1963,.T.);
#1963 = EDGE_CURVE('',#1964,#1966,#1968,.T.);
#1964 = VERTEX_POINT('',#1965);
#1965 = CARTESIAN_POINT('',(670.,1.35E-13,610.));
#1966 = VERTEX_POINT('',#1967);
#1967 = CARTESIAN_POINT('',(670.,-25.,610.));
#1968 = LINE('',#1969,#1970);
#1969 = CARTESIAN_POINT('',(670.,1.3545E-13,610.));
#1970 = VECTOR('',#1971,1.);
#1971 = DIRECTION('',(0.,-1.,2.2E-16));
#1972 = ORIENTED_EDGE('',*,*,#1973,.T.);
#1973 = EDGE_CURVE('',#1966,#1966,#1974,.T.);
#1974 = CIRCLE('',#1975,6.);
#1975 = AXIS2_PLACEMENT_3D('',#1976,#1977,#1978);
#1976 = CARTESIAN_POINT('',(664.,-25.,610.));
#1977 = DIRECTION('',(0.,-1.,0.));
#1978 = DIRECTION('',(1.,0.,0.));
#1979 = ORIENTED_EDGE('',*,*,#1963,.F.);
#1980 = ORIENTED_EDGE('',*,*,#1981,.F.);
#1981 = EDGE_CURVE('',#1964,#1964,#1982,.T.);
#1982 = CIRCLE('',#1983,6.);
#1983 = AXIS2_PLACEMENT_3D('',#1984,#1985,#1986);
#1984 = CARTESIAN_POINT('',(664.,0.,610.));
#1985 = DIRECTION('',(0.,-1.,0.));
#1986 = DIRECTION('',(1.,0.,0.));
#1987 = CYLINDRICAL_SURFACE('',#1988,6.);
#1988 = AXIS2_PLACEMENT_3D('',#1989,#1990,#1991);
#1989 = CARTESIAN_POINT('',(664.,1.3545E-13,610.));
#1990 = DIRECTION('',(0.,1.,-2.2E-16));
#1991 = DIRECTION('',(1.,0.,0.));
#1992 = ADVANCED_FACE('',(#1993),#2020,.F.);
#1993 = FACE_BOUND('',#1994,.T.);
#1994 = EDGE_LOOP('',(#1995,#2005,#2012,#2013));
#1995 = ORIENTED_EDGE('',*,*,#1996,.T.);
#1996 = EDGE_CURVE('',#1997,#1999,#2001,.T.);
#1997 = VERTEX_POINT('',#1998);
#1998 = CARTESIAN_POINT('',(695.5,1.35E-13,610.));
#1999 = VERTEX_POINT('',#2000);
#2000 = CARTESIAN_POINT('',(695.5,-25.,610.));
#2001 = LINE('',#2002,#2003);
#2002 = CARTESIAN_POINT('',(695.5,1.3545E-13,610.));
#2003 = VECTOR('',#2004,1.);
#2004 = DIRECTION('',(0.,-1.,2.2E-16));
#2005 = ORIENTED_EDGE('',*,*,#2006,.T.);
#2006 = EDGE_CURVE('',#1999,#1999,#2007,.T.);
#2007 = CIRCLE('',#2008,6.);
#2008 = AXIS2_PLACEMENT_3D('',#2009,#2010,#2011);
#2009 = CARTESIAN_POINT('',(689.5,-25.,610.));
#2010 = DIRECTION('',(0.,-1.,0.));
#2011 = DIRECTION('',(1.,0.,0.));
#2012 = ORIENTED_EDGE('',*,*,#1996,.F.);
#2013 = ORIENTED_EDGE('',*,*,#2014,.F.);
#2014 = EDGE_CURVE('',#1997,#1997,#2015,.T.);
#2015 = CIRCLE('',#2016,6.);
#2016 = AXIS2_PLACEMENT_3D('',#2017,#2018,#2019);
#2017 = CARTESIAN_POINT('',(689.5,0.,610.));
#2018 = DIRECTION('',(0.,-1.,0.));
#2019 = DIRECTION('',(1.,0.,0.));
#2020 = CYLINDRICAL_SURFACE('',#2021,6.);
#2021 = AXIS2_PLACEMENT_3D('',#2022,#2023,#2024);
#2022 = CARTESIAN_POINT('',(689.5,1.3545E-13,610.));
#2023 = DIRECTION('',(0.,1.,-2.2E-16));
#2024 = DIRECTION('',(1.,0.,0.));
#2025 = ADVANCED_FACE('',(#2026),#2053,.F.);
#2026 = FACE_BOUND('',#2027,.T.);
#2027 = EDGE_LOOP('',(#2028,#2038,#2045,#2046));
#2028 = ORIENTED_EDGE('',*,*,#2029,.T.);
#2029 = EDGE_CURVE('',#2030,#2032,#2034,.T.);
#2030 = VERTEX_POINT('',#2031);
#2031 = CARTESIAN_POINT('',(721.,1.35E-13,610.));
#2032 = VERTEX_POINT('',#2033);
#2033 = CARTESIAN_POINT('',(721.,-25.,610.));
#2034 = LINE('',#2035,#2036);
#2035 = CARTESIAN_POINT('',(721.,1.3545E-13,610.));
#2036 = VECTOR('',#2037,1.);
#2037 = DIRECTION('',(0.,-1.,2.2E-16));
#2038 = ORIENTED_EDGE('',*,*,#2039,.T.);
#2039 = EDGE_CURVE('',#2032,#2032,#2040,.T.);
#2040 = CIRCLE('',#2041,6.);
#2041 = AXIS2_PLACEMENT_3D('',#2042,#2043,#2044);
#2042 = CARTESIAN_POINT('',(715.,-25.,610.));
#2043 = DIRECTION('',(0.,-1.,0.));
#2044 = DIRECTION('',(1.,0.,0.));
#2045 = ORIENTED_EDGE('',*,*,#2029,.F.);
#2046 = ORIENTED_EDGE('',*,*,#2047,.F.);
#2047 = EDGE_CURVE('',#2030,#2030,#2048,.T.);
#2048 = CIRCLE('',#2049,6.);
#2049 = AXIS2_PLACEMENT_3D('',#2050,#2051,#2052);
#2050 = CARTESIAN_POINT('',(715.,0.,610.));
#2051 = DIRECTION('',(0.,-1.,0.));
#2052 = DIRECTION('',(1.,0.,0.));
#2053 = CYLINDRICAL_SURFACE('',#2054,6.);
#2054 = AXIS2_PLACEMENT_3D('',#2055,#2056,#2057);
#2055 = CARTESIAN_POINT('',(715.,1.3545E-13,610.));
#2056 = DIRECTION('',(0.,1.,-2.2E-16));
#2057 = DIRECTION('',(1.,0.,0.));
#2058 = ADVANCED_FACE('',(#2059),#2086,.F.);
#2059 = FACE_BOUND('',#2060,.T.);
#2060 = EDGE_LOOP('',(#2061,#2071,#2078,#2079));
#2061 = ORIENTED_EDGE('',*,*,#2062,.T.);
#2062 = EDGE_CURVE('',#2063,#2065,#2067,.T.);
#2063 = VERTEX_POINT('',#2064);
#2064 = CARTESIAN_POINT('',(670.,1.2E-13,540.));
#2065 = VERTEX_POINT('',#2066);
#2066 = CARTESIAN_POINT('',(670.,-25.,540.));
#2067 = LINE('',#2068,#2069);
#2068 = CARTESIAN_POINT('',(670.,1.199E-13,540.));
#2069 = VECTOR('',#2070,1.);
#2070 = DIRECTION('',(0.,-1.,2.2E-16));
#2071 = ORIENTED_EDGE('',*,*,#2072,.T.);
#2072 = EDGE_CURVE('',#2065,#2065,#2073,.T.);
#2073 = CIRCLE('',#2074,6.);
#2074 = AXIS2_PLACEMENT_3D('',#2075,#2076,#2077);
#2075 = CARTESIAN_POINT('',(664.,-25.,540.));
#2076 = DIRECTION('',(0.,-1.,0.));
#2077 = DIRECTION('',(1.,0.,0.));
#2078 = ORIENTED_EDGE('',*,*,#2062,.F.);
#2079 = ORIENTED_EDGE('',*,*,#2080,.F.);
#2080 = EDGE_CURVE('',#2063,#2063,#2081,.T.);
#2081 = CIRCLE('',#2082,6.);
#2082 = AXIS2_PLACEMENT_3D('',#2083,#2084,#2085);
#2083 = CARTESIAN_POINT('',(664.,0.,540.));
#2084 = DIRECTION('',(0.,-1.,0.));
#2085 = DIRECTION('',(1.,0.,0.));
#2086 = CYLINDRICAL_SURFACE('',#2087,6.);
#2087 = AXIS2_PLACEMENT_3D('',#2088,#2089,#2090);
#2088 = CARTESIAN_POINT('',(664.,1.199E-13,540.));
#2089 = DIRECTION('',(0.,1.,-2.2E-16));
#2090 = DIRECTION('',(1.,0.,0.));
#2091 = ADVANCED_FACE('',(#2092),#2119,.F.);
#2092 = FACE_BOUND('',#2093,.T.);
#2093 = EDGE_LOOP('',(#2094,#2104,#2111,#2112));
#2094 = ORIENTED_EDGE('',*,*,#2095,.T.);
#2095 = EDGE_CURVE('',#2096,#2098,#2100,.T.);
#2096 = VERTEX_POINT('',#2097);
#2097 = CARTESIAN_POINT('',(695.5,1.2E-13,540.));
#2098 = VERTEX_POINT('',#2099);
#2099 = CARTESIAN_POINT('',(695.5,-25.,540.));
#2100 = LINE('',#2101,#2102);
#2101 = CARTESIAN_POINT('',(695.5,1.199E-13,540.));
#2102 = VECTOR('',#2103,1.);
#2103 = DIRECTION('',(0.,-1.,2.2E-16));
#2104 = ORIENTED_EDGE('',*,*,#2105,.T.);
#2105 = EDGE_CURVE('',#2098,#2098,#2106,.T.);
#2106 = CIRCLE('',#2107,6.);
#2107 = AXIS2_PLACEMENT_3D('',#2108,#2109,#2110);
#2108 = CARTESIAN_POINT('',(689.5,-25.,540.));
#2109 = DIRECTION('',(0.,-1.,0.));
#2110 = DIRECTION('',(1.,0.,0.));
#2111 = ORIENTED_EDGE('',*,*,#2095,.F.);
#2112 = ORIENTED_EDGE('',*,*,#2113,.F.);
#2113 = EDGE_CURVE('',#2096,#2096,#2114,.T.);
#2114 = CIRCLE('',#2115,6.);
#2115 = AXIS2_PLACEMENT_3D('',#2116,#2117,#2118);
#2116 = CARTESIAN_POINT('',(689.5,0.,540.));
#2117 = DIRECTION('',(0.,-1.,0.));
#2118 = DIRECTION('',(1.,0.,0.));
#2119 = CYLINDRICAL_SURFACE('',#2120,6.);
#2120 = AXIS2_PLACEMENT_3D('',#2121,#2122,#2123);
#2121 = CARTESIAN_POINT('',(689.5,1.199E-13,540.));
#2122 = DIRECTION('',(0.,1.,-2.2E-16));
#2123 = DIRECTION('',(1.,0.,0.));
#2124 = ADVANCED_FACE('',(#2125),#2152,.F.);
#2125 = FACE_BOUND('',#2126,.T.);
#2126 = EDGE_LOOP('',(#2127,#2137,#2144,#2145));
#2127 = ORIENTED_EDGE('',*,*,#2128,.T.);
#2128 = EDGE_CURVE('',#2129,#2131,#2133,.T.);
#2129 = VERTEX_POINT('',#2130);
#2130 = CARTESIAN_POINT('',(721.,1.2E-13,540.));
#2131 = VERTEX_POINT('',#2132);
#2132 = CARTESIAN_POINT('',(721.,-25.,540.));
#2133 = LINE('',#2134,#2135);
#2134 = CARTESIAN_POINT('',(721.,1.199E-13,540.));
#2135 = VECTOR('',#2136,1.);
#2136 = DIRECTION('',(0.,-1.,2.2E-16));
#2137 = ORIENTED_EDGE('',*,*,#2138,.T.);
#2138 = EDGE_CURVE('',#2131,#2131,#2139,.T.);
#2139 = CIRCLE('',#2140,6.);
#2140 = AXIS2_PLACEMENT_3D('',#2141,#2142,#2143);
#2141 = CARTESIAN_POINT('',(715.,-25.,540.));
#2142 = DIRECTION('',(0.,-1.,0.));
#2143 = DIRECTION('',(1.,0.,0.));
#2144 = ORIENTED_EDGE('',*,*,#2128,.F.);
#2145 = ORIENTED_EDGE('',*,*,#2146,.F.);
#2146 = EDGE_CURVE('',#2129,#2129,#2147,.T.);
#2147 = CIRCLE('',#2148,6.);
#2148 = AXIS2_PLACEMENT_3D('',#2149,#2150,#2151);
#2149 = CARTESIAN_POINT('',(715.,0.,540.));
#2150 = DIRECTION('',(0.,-1.,0.));
#2151 = DIRECTION('',(1.,0.,0.));
#2152 = CYLINDRICAL_SURFACE('',#2153,6.);
#2153 = AXIS2_PLACEMENT_3D('',#2154,#2155,#2156);
#2154 = CARTESIAN_POINT('',(715.,1.199E-13,540.));
#2155 = DIRECTION('',(0.,1.,-2.2E-16));
#2156 = DIRECTION('',(1.,0.,0.));
#2157 = ADVANCED_FACE('',(#2158),#2185,.F.);
#2158 = FACE_BOUND('',#2159,.T.);
#2159 = EDGE_LOOP('',(#2160,#2170,#2177,#2178));
#2160 = ORIENTED_EDGE('',*,*,#2161,.T.);
#2161 = EDGE_CURVE('',#2162,#2164,#2166,.T.);
#2162 = VERTEX_POINT('',#2163);
#2163 = CARTESIAN_POINT('',(670.,1.04E-13,470.));
#2164 = VERTEX_POINT('',#2165);
#2165 = CARTESIAN_POINT('',(670.,-25.,470.));
#2166 = LINE('',#2167,#2168);
#2167 = CARTESIAN_POINT('',(670.,1.0436E-13,470.));
#2168 = VECTOR('',#2169,1.);
#2169 = DIRECTION('',(0.,-1.,2.2E-16));
#2170 = ORIENTED_EDGE('',*,*,#2171,.T.);
#2171 = EDGE_CURVE('',#2164,#2164,#2172,.T.);
#2172 = CIRCLE('',#2173,6.);
#2173 = AXIS2_PLACEMENT_3D('',#2174,#2175,#2176);
#2174 = CARTESIAN_POINT('',(664.,-25.,470.));
#2175 = DIRECTION('',(0.,-1.,0.));
#2176 = DIRECTION('',(1.,0.,0.));
#2177 = ORIENTED_EDGE('',*,*,#2161,.F.);
#2178 = ORIENTED_EDGE('',*,*,#2179,.F.);
#2179 = EDGE_CURVE('',#2162,#2162,#2180,.T.);
#2180 = CIRCLE('',#2181,6.);
#2181 = AXIS2_PLACEMENT_3D('',#2182,#2183,#2184);
#2182 = CARTESIAN_POINT('',(664.,0.,470.));
#2183 = DIRECTION('',(0.,-1.,0.));
#2184 = DIRECTION('',(1.,0.,0.));
#2185 = CYLINDRICAL_SURFACE('',#2186,6.);
#2186 = AXIS2_PLACEMENT_3D('',#2187,#2188,#2189);
#2187 = CARTESIAN_POINT('',(664.,1.0436E-13,470.));
#2188 = DIRECTION('',(0.,1.,-2.2E-16));
#2189 = DIRECTION('',(1.,0.,0.));
#2190 = ADVANCED_FACE('',(#2191),#2218,.F.);
#2191 = FACE_BOUND('',#2192,.T.);
#2192 = EDGE_LOOP('',(#2193,#2203,#2210,#2211));
#2193 = ORIENTED_EDGE('',*,*,#2194,.T.);
#2194 = EDGE_CURVE('',#2195,#2197,#2199,.T.);
#2195 = VERTEX_POINT('',#2196);
#2196 = CARTESIAN_POINT('',(695.5,1.04E-13,470.));
#2197 = VERTEX_POINT('',#2198);
#2198 = CARTESIAN_POINT('',(695.5,-25.,470.));
#2199 = LINE('',#2200,#2201);
#2200 = CARTESIAN_POINT('',(695.5,1.0436E-13,470.));
#2201 = VECTOR('',#2202,1.);
#2202 = DIRECTION('',(0.,-1.,2.2E-16));
#2203 = ORIENTED_EDGE('',*,*,#2204,.T.);
#2204 = EDGE_CURVE('',#2197,#2197,#2205,.T.);
#2205 = CIRCLE('',#2206,6.);
#2206 = AXIS2_PLACEMENT_3D('',#2207,#2208,#2209);
#2207 = CARTESIAN_POINT('',(689.5,-25.,470.));
#2208 = DIRECTION('',(0.,-1.,0.));
#2209 = DIRECTION('',(1.,0.,0.));
#2210 = ORIENTED_EDGE('',*,*,#2194,.F.);
#2211 = ORIENTED_EDGE('',*,*,#2212,.F.);
#2212 = EDGE_CURVE('',#2195,#2195,#2213,.T.);
#2213 = CIRCLE('',#2214,6.);
#2214 = AXIS2_PLACEMENT_3D('',#2215,#2216,#2217);
#2215 = CARTESIAN_POINT('',(689.5,0.,470.));
#2216 = DIRECTION('',(0.,-1.,0.));
#2217 = DIRECTION('',(1.,0.,0.));
#2218 = CYLINDRICAL_SURFACE('',#2219,6.);
#2219 = AXIS2_PLACEMENT_3D('',#2220,#2221,#2222);
#2220 = CARTESIAN_POINT('',(689.5,1.0436E-13,470.));
#2221 = DIRECTION('',(0.,1.,-2.2E-16));
#2222 = DIRECTION('',(1.,0.,0.));
#2223 = ADVANCED_FACE('',(#2224),#2251,.F.);
#2224 = FACE_BOUND('',#2225,.T.);
#2225 = EDGE_LOOP('',(#2226,#2236,#2243,#2244));
#2226 = ORIENTED_EDGE('',*,*,#2227,.T.);
#2227 = EDGE_CURVE('',#2228,#2230,#2232,.T.);
#2228 = VERTEX_POINT('',#2229);
#2229 = CARTESIAN_POINT('',(721.,1.04E-13,470.));
#2230 = VERTEX_POINT('',#2231);
#2231 = CARTESIAN_POINT('',(721.,-25.,470.));
#2232 = LINE('',#2233,#2234);
#2233 = CARTESIAN_POINT('',(721.,1.0436E-13,470.));
#2234 = VECTOR('',#2235,1.);
#2235 = DIRECTION('',(0.,-1.,2.2E-16));
#2236 = ORIENTED_EDGE('',*,*,#2237,.T.);
#2237 = EDGE_CURVE('',#2230,#2230,#2238,.T.);
#2238 = CIRCLE('',#2239,6.);
#2239 = AXIS2_PLACEMENT_3D('',#2240,#2241,#2242);
#2240 = CARTESIAN_POINT('',(715.,-25.,470.));
#2241 = DIRECTION('',(0.,-1.,0.));
#2242 = DIRECTION('',(1.,0.,0.));
#2243 = ORIENTED_EDGE('',*,*,#2227,.F.);
#2244 = ORIENTED_EDGE('',*,*,#2245,.F.);
#2245 = EDGE_CURVE('',#2228,#2228,#2246,.T.);
#2246 = CIRCLE('',#2247,6.);
#2247 = AXIS2_PLACEMENT_3D('',#2248,#2249,#2250);
#2248 = CARTESIAN_POINT('',(715.,0.,470.));
#2249 = DIRECTION('',(0.,-1.,0.));
#2250 = DIRECTION('',(1.,0.,0.));
#2251 = CYLINDRICAL_SURFACE('',#2252,6.);
#2252 = AXIS2_PLACEMENT_3D('',#2253,#2254,#2255);
#2253 = CARTESIAN_POINT('',(715.,1.0436E-13,470.));
#2254 = DIRECTION('',(0.,1.,-2.2E-16));
#2255 = DIRECTION('',(1.,0.,0.));
#2256 = ADVANCED_FACE('',(#2257),#2284,.F.);
#2257 = FACE_BOUND('',#2258,.T.);
#2258 = EDGE_LOOP('',(#2259,#2269,#2276,#2277));
#2259 = ORIENTED_EDGE('',*,*,#2260,.T.);
#2260 = EDGE_CURVE('',#2261,#2263,#2265,.T.);
#2261 = VERTEX_POINT('',#2262);
#2262 = CARTESIAN_POINT('',(670.,5.7E-14,255.));
#2263 = VERTEX_POINT('',#2264);
#2264 = CARTESIAN_POINT('',(670.,-25.,255.));
#2265 = LINE('',#2266,#2267);
#2266 = CARTESIAN_POINT('',(670.,5.662E-14,255.));
#2267 = VECTOR('',#2268,1.);
#2268 = DIRECTION('',(0.,-1.,2.2E-16));
#2269 = ORIENTED_EDGE('',*,*,#2270,.T.);
#2270 = EDGE_CURVE('',#2263,#2263,#2271,.T.);
#2271 = CIRCLE('',#2272,6.);
#2272 = AXIS2_PLACEMENT_3D('',#2273,#2274,#2275);
#2273 = CARTESIAN_POINT('',(664.,-25.,255.));
#2274 = DIRECTION('',(0.,-1.,0.));
#2275 = DIRECTION('',(1.,0.,0.));
#2276 = ORIENTED_EDGE('',*,*,#2260,.F.);
#2277 = ORIENTED_EDGE('',*,*,#2278,.F.);
#2278 = EDGE_CURVE('',#2261,#2261,#2279,.T.);
#2279 = CIRCLE('',#2280,6.);
#2280 = AXIS2_PLACEMENT_3D('',#2281,#2282,#2283);
#2281 = CARTESIAN_POINT('',(664.,0.,255.));
#2282 = DIRECTION('',(0.,-1.,0.));
#2283 = DIRECTION('',(1.,0.,0.));
#2284 = CYLINDRICAL_SURFACE('',#2285,6.);
#2285 = AXIS2_PLACEMENT_3D('',#2286,#2287,#2288);
#2286 = CARTESIAN_POINT('',(664.,5.662E-14,255.));
#2287 = DIRECTION('',(0.,1.,-2.2E-16));
#2288 = DIRECTION('',(1.,0.,0.));
#2289 = ADVANCED_FACE('',(#2290),#2317,.F.);
#2290 = FACE_BOUND('',#2291,.T.);
#2291 = EDGE_LOOP('',(#2292,#2302,#2309,#2310));
#2292 = ORIENTED_EDGE('',*,*,#2293,.T.);
#2293 = EDGE_CURVE('',#2294,#2296,#2298,.T.);
#2294 = VERTEX_POINT('',#2295);
#2295 = CARTESIAN_POINT('',(695.5,5.7E-14,255.));
#2296 = VERTEX_POINT('',#2297);
#2297 = CARTESIAN_POINT('',(695.5,-25.,255.));
#2298 = LINE('',#2299,#2300);
#2299 = CARTESIAN_POINT('',(695.5,5.662E-14,255.));
#2300 = VECTOR('',#2301,1.);
#2301 = DIRECTION('',(0.,-1.,2.2E-16));
#2302 = ORIENTED_EDGE('',*,*,#2303,.T.);
#2303 = EDGE_CURVE('',#2296,#2296,#2304,.T.);
#2304 = CIRCLE('',#2305,6.);
#2305 = AXIS2_PLACEMENT_3D('',#2306,#2307,#2308);
#2306 = CARTESIAN_POINT('',(689.5,-25.,255.));
#2307 = DIRECTION('',(0.,-1.,0.));
#2308 = DIRECTION('',(1.,0.,0.));
#2309 = ORIENTED_EDGE('',*,*,#2293,.F.);
#2310 = ORIENTED_EDGE('',*,*,#2311,.F.);
#2311 = EDGE_CURVE('',#2294,#2294,#2312,.T.);
#2312 = CIRCLE('',#2313,6.);
#2313 = AXIS2_PLACEMENT_3D('',#2314,#2315,#2316);
#2314 = CARTESIAN_POINT('',(689.5,0.,255.));
#2315 = DIRECTION('',(0.,-1.,0.));
#2316 = DIRECTION('',(1.,0.,0.));
#2317 = CYLINDRICAL_SURFACE('',#2318,6.);
#2318 = AXIS2_PLACEMENT_3D('',#2319,#2320,#2321);
#2319 = CARTESIAN_POINT('',(689.5,5.662E-14,255.));
#2320 = DIRECTION('',(0.,1.,-2.2E-16));
#2321 = DIRECTION('',(1.,0.,0.));
#2322 = ADVANCED_FACE('',(#2323),#2350,.F.);
#2323 = FACE_BOUND('',#2324,.T.);
#2324 = EDGE_LOOP('',(#2325,#2335,#2342,#2343));
#2325 = ORIENTED_EDGE('',*,*,#2326,.T.);
#2326 = EDGE_CURVE('',#2327,#2329,#2331,.T.);
#2327 = VERTEX_POINT('',#2328);
#2328 = CARTESIAN_POINT('',(721.,5.7E-14,255.));
#2329 = VERTEX_POINT('',#2330);
#2330 = CARTESIAN_POINT('',(721.,-25.,255.));
#2331 = LINE('',#2332,#2333);
#2332 = CARTESIAN_POINT('',(721.,5.662E-14,255.));
#2333 = VECTOR('',#2334,1.);
#2334 = DIRECTION('',(0.,-1.,2.2E-16));
#2335 = ORIENTED_EDGE('',*,*,#2336,.T.);
#2336 = EDGE_CURVE('',#2329,#2329,#2337,.T.);
#2337 = CIRCLE('',#2338,6.);
#2338 = AXIS2_PLACEMENT_3D('',#2339,#2340,#2341);
#2339 = CARTESIAN_POINT('',(715.,-25.,255.));
#2340 = DIRECTION('',(0.,-1.,0.));
#2341 = DIRECTION('',(1.,0.,0.));
#2342 = ORIENTED_EDGE('',*,*,#2326,.F.);
#2343 = ORIENTED_EDGE('',*,*,#2344,.F.);
#2344 = EDGE_CURVE('',#2327,#2327,#2345,.T.);
#2345 = CIRCLE('',#2346,6.);
#2346 = AXIS2_PLACEMENT_3D('',#2347,#2348,#2349);
#2347 = CARTESIAN_POINT('',(715.,0.,255.));
#2348 = DIRECTION('',(0.,-1.,0.));
#2349 = DIRECTION('',(1.,0.,0.));
#2350 = CYLINDRICAL_SURFACE('',#2351,6.);
#2351 = AXIS2_PLACEMENT_3D('',#2352,#2353,#2354);
#2352 = CARTESIAN_POINT('',(715.,5.662E-14,255.));
#2353 = DIRECTION('',(0.,1.,-2.2E-16));
#2354 = DIRECTION('',(1.,0.,0.));
#2355 = ADVANCED_FACE('',(#2356),#2383,.F.);
#2356 = FACE_BOUND('',#2357,.T.);
#2357 = EDGE_LOOP('',(#2358,#2368,#2375,#2376));
#2358 = ORIENTED_EDGE('',*,*,#2359,.T.);
#2359 = EDGE_CURVE('',#2360,#2362,#2364,.T.);
#2360 = VERTEX_POINT('',#2361);
#2361 = CARTESIAN_POINT('',(670.,4.1E-14,185.));
#2362 = VERTEX_POINT('',#2363);
#2363 = CARTESIAN_POINT('',(670.,-25.,185.));
#2364 = LINE('',#2365,#2366);
#2365 = CARTESIAN_POINT('',(670.,4.108E-14,185.));
#2366 = VECTOR('',#2367,1.);
#2367 = DIRECTION('',(0.,-1.,2.2E-16));
#2368 = ORIENTED_EDGE('',*,*,#2369,.T.);
#2369 = EDGE_CURVE('',#2362,#2362,#2370,.T.);
#2370 = CIRCLE('',#2371,6.);
#2371 = AXIS2_PLACEMENT_3D('',#2372,#2373,#2374);
#2372 = CARTESIAN_POINT('',(664.,-25.,185.));
#2373 = DIRECTION('',(0.,-1.,0.));
#2374 = DIRECTION('',(1.,0.,0.));
#2375 = ORIENTED_EDGE('',*,*,#2359,.F.);
#2376 = ORIENTED_EDGE('',*,*,#2377,.F.);
#2377 = EDGE_CURVE('',#2360,#2360,#2378,.T.);
#2378 = CIRCLE('',#2379,6.);
#2379 = AXIS2_PLACEMENT_3D('',#2380,#2381,#2382);
#2380 = CARTESIAN_POINT('',(664.,0.,185.));
#2381 = DIRECTION('',(0.,-1.,0.));
#2382 = DIRECTION('',(1.,0.,0.));
#2383 = CYLINDRICAL_SURFACE('',#2384,6.);
#2384 = AXIS2_PLACEMENT_3D('',#2385,#2386,#2387);
#2385 = CARTESIAN_POINT('',(664.,4.108E-14,185.));
#2386 = DIRECTION('',(0.,1.,-2.2E-16));
#2387 = DIRECTION('',(1.,0.,0.));
#2388 = ADVANCED_FACE('',(#2389),#2416,.F.);
#2389 = FACE_BOUND('',#2390,.T.);
#2390 = EDGE_LOOP('',(#2391,#2401,#2408,#2409));
#2391 = ORIENTED_EDGE('',*,*,#2392,.T.);
#2392 = EDGE_CURVE('',#2393,#2395,#2397,.T.);
#2393 = VERTEX_POINT('',#2394);
#2394 = CARTESIAN_POINT('',(695.5,4.1E-14,185.));
#2395 = VERTEX_POINT('',#2396);
#2396 = CARTESIAN_POINT('',(695.5,-25.,185.));
#2397 = LINE('',#2398,#2399);
#2398 = CARTESIAN_POINT('',(695.5,4.108E-14,185.));
#2399 = VECTOR('',#2400,1.);
#2400 = DIRECTION('',(0.,-1.,2.2E-16));
#2401 = ORIENTED_EDGE('',*,*,#2402,.T.);
#2402 = EDGE_CURVE('',#2395,#2395,#2403,.T.);
#2403 = CIRCLE('',#2404,6.);
#2404 = AXIS2_PLACEMENT_3D('',#2405,#2406,#2407);
#2405 = CARTESIAN_POINT('',(689.5,-25.,185.));
#2406 = DIRECTION('',(0.,-1.,0.));
#2407 = DIRECTION('',(1.,0.,0.));
#2408 = ORIENTED_EDGE('',*,*,#2392,.F.);
#2409 = ORIENTED_EDGE('',*,*,#2410,.F.);
#2410 = EDGE_CURVE('',#2393,#2393,#2411,.T.);
#2411 = CIRCLE('',#2412,6.);
#2412 = AXIS2_PLACEMENT_3D('',#2413,#2414,#2415);
#2413 = CARTESIAN_POINT('',(689.5,0.,185.));
#2414 = DIRECTION('',(0.,-1.,0.));
#2415 = DIRECTION('',(1.,0.,0.));
#2416 = CYLINDRICAL_SURFACE('',#2417,6.);
#2417 = AXIS2_PLACEMENT_3D('',#2418,#2419,#2420);
#2418 = CARTESIAN_POINT('',(689.5,4.108E-14,185.));
#2419 = DIRECTION('',(0.,1.,-2.2E-16));
#2420 = DIRECTION('',(1.,0.,0.));
#2421 = ADVANCED_FACE('',(#2422),#2449,.F.);
#2422 = FACE_BOUND('',#2423,.T.);
#2423 = EDGE_LOOP('',(#2424,#2434,#2441,#2442));
#2424 = ORIENTED_EDGE('',*,*,#2425,.T.);
#2425 = EDGE_CURVE('',#2426,#2428,#2430,.T.);
#2426 = VERTEX_POINT('',#2427);
#2427 = CARTESIAN_POINT('',(721.,4.1E-14,185.));
#2428 = VERTEX_POINT('',#2429);
#2429 = CARTESIAN_POINT('',(721.,-25.,185.));
#2430 = LINE('',#2431,#2432);
#2431 = CARTESIAN_POINT('',(721.,4.108E-14,185.));
#2432 = VECTOR('',#2433,1.);
#2433 = DIRECTION('',(0.,-1.,2.2E-16));
#2434 = ORIENTED_EDGE('',*,*,#2435,.T.);
#2435 = EDGE_CURVE('',#2428,#2428,#2436,.T.);
#2436 = CIRCLE('',#2437,6.);
#2437 = AXIS2_PLACEMENT_3D('',#2438,#2439,#2440);
#2438 = CARTESIAN_POINT('',(715.,-25.,185.));
#2439 = DIRECTION('',(0.,-1.,0.));
#2440 = DIRECTION('',(1.,0.,0.));
#2441 = ORIENTED_EDGE('',*,*,#2425,.F.);
#2442 = ORIENTED_EDGE('',*,*,#2443,.F.);
#2443 = EDGE_CURVE('',#2426,#2426,#2444,.T.);
#2444 = CIRCLE('',#2445,6.);
#2445 = AXIS2_PLACEMENT_3D('',#2446,#2447,#2448);
#2446 = CARTESIAN_POINT('',(715.,0.,185.));
#2447 = DIRECTION('',(0.,-1.,0.));
#2448 = DIRECTION('',(1.,0.,0.));
#2449 = CYLINDRICAL_SURFACE('',#2450,6.);
#2450 = AXIS2_PLACEMENT_3D('',#2451,#2452,#2453);
#2451 = CARTESIAN_POINT('',(715.,4.108E-14,185.));
#2452 = DIRECTION('',(0.,1.,-2.2E-16));
#2453 = DIRECTION('',(1.,0.,0.));
#2454 = ADVANCED_FACE('',(#2455),#2482,.F.);
#2455 = FACE_BOUND('',#2456,.T.);
#2456 = EDGE_LOOP('',(#2457,#2467,#2474,#2475));
#2457 = ORIENTED_EDGE('',*,*,#2458,.T.);
#2458 = EDGE_CURVE('',#2459,#2461,#2463,.T.);
#2459 = VERTEX_POINT('',#2460);
#2460 = CARTESIAN_POINT('',(670.,2.6E-14,115.));
#2461 = VERTEX_POINT('',#2462);
#2462 = CARTESIAN_POINT('',(670.,-25.,115.));
#2463 = LINE('',#2464,#2465);
#2464 = CARTESIAN_POINT('',(670.,2.554E-14,115.));
#2465 = VECTOR('',#2466,1.);
#2466 = DIRECTION('',(0.,-1.,2.2E-16));
#2467 = ORIENTED_EDGE('',*,*,#2468,.T.);
#2468 = EDGE_CURVE('',#2461,#2461,#2469,.T.);
#2469 = CIRCLE('',#2470,6.);
#2470 = AXIS2_PLACEMENT_3D('',#2471,#2472,#2473);
#2471 = CARTESIAN_POINT('',(664.,-25.,115.));
#2472 = DIRECTION('',(0.,-1.,0.));
#2473 = DIRECTION('',(1.,0.,0.));
#2474 = ORIENTED_EDGE('',*,*,#2458,.F.);
#2475 = ORIENTED_EDGE('',*,*,#2476,.F.);
#2476 = EDGE_CURVE('',#2459,#2459,#2477,.T.);
#2477 = CIRCLE('',#2478,6.);
#2478 = AXIS2_PLACEMENT_3D('',#2479,#2480,#2481);
#2479 = CARTESIAN_POINT('',(664.,0.,115.));
#2480 = DIRECTION('',(0.,-1.,0.));
#2481 = DIRECTION('',(1.,0.,0.));
#2482 = CYLINDRICAL_SURFACE('',#2483,6.);
#2483 = AXIS2_PLACEMENT_3D('',#2484,#2485,#2486);
#2484 = CARTESIAN_POINT('',(664.,2.554E-14,115.));
#2485 = DIRECTION('',(0.,1.,-2.2E-16));
#2486 = DIRECTION('',(1.,0.,0.));
#2487 = ADVANCED_FACE('',(#2488),#2515,.F.);
#2488 = FACE_BOUND('',#2489,.T.);
#2489 = EDGE_LOOP('',(#2490,#2500,#2507,#2508));
#2490 = ORIENTED_EDGE('',*,*,#2491,.T.);
#2491 = EDGE_CURVE('',#2492,#2494,#2496,.T.);
#2492 = VERTEX_POINT('',#2493);
#2493 = CARTESIAN_POINT('',(695.5,2.6E-14,115.));
#2494 = VERTEX_POINT('',#2495);
#2495 = CARTESIAN_POINT('',(695.5,-25.,115.));
#2496 = LINE('',#2497,#2498);
#2497 = CARTESIAN_POINT('',(695.5,2.554E-14,115.));
#2498 = VECTOR('',#2499,1.);
#2499 = DIRECTION('',(0.,-1.,2.2E-16));
#2500 = ORIENTED_EDGE('',*,*,#2501,.T.);
#2501 = EDGE_CURVE('',#2494,#2494,#2502,.T.);
#2502 = CIRCLE('',#2503,6.);
#2503 = AXIS2_PLACEMENT_3D('',#2504,#2505,#2506);
#2504 = CARTESIAN_POINT('',(689.5,-25.,115.));
#2505 = DIRECTION('',(0.,-1.,0.));
#2506 = DIRECTION('',(1.,0.,0.));
#2507 = ORIENTED_EDGE('',*,*,#2491,.F.);
#2508 = ORIENTED_EDGE('',*,*,#2509,.F.);
#2509 = EDGE_CURVE('',#2492,#2492,#2510,.T.);
#2510 = CIRCLE('',#2511,6.);
#2511 = AXIS2_PLACEMENT_3D('',#2512,#2513,#2514);
#2512 = CARTESIAN_POINT('',(689.5,0.,115.));
#2513 = DIRECTION('',(0.,-1.,0.));
#2514 = DIRECTION('',(1.,0.,0.));
#2515 = CYLINDRICAL_SURFACE('',#2516,6.);
#2516 = AXIS2_PLACEMENT_3D('',#2517,#2518,#2519);
#2517 = CARTESIAN_POINT('',(689.5,2.554E-14,115.));
#2518 = DIRECTION('',(0.,1.,-2.2E-16));
#2519 = DIRECTION('',(1.,0.,0.));
#2520 = ADVANCED_FACE('',(#2521),#2548,.F.);
#2521 = FACE_BOUND('',#2522,.T.);
#2522 = EDGE_LOOP('',(#2523,#2533,#2540,#2541));
#2523 = ORIENTED_EDGE('',*,*,#2524,.T.);
#2524 = EDGE_CURVE('',#2525,#2527,#2529,.T.);
#2525 = VERTEX_POINT('',#2526);
#2526 = CARTESIAN_POINT('',(721.,2.6E-14,115.));
#2527 = VERTEX_POINT('',#2528);
#2528 = CARTESIAN_POINT('',(721.,-25.,115.));
#2529 = LINE('',#2530,#2531);
#2530 = CARTESIAN_POINT('',(721.,2.554E-14,115.));
#2531 = VECTOR('',#2532,1.);
#2532 = DIRECTION('',(0.,-1.,2.2E-16));
#2533 = ORIENTED_EDGE('',*,*,#2534,.T.);
#2534 = EDGE_CURVE('',#2527,#2527,#2535,.T.);
#2535 = CIRCLE('',#2536,6.);
#2536 = AXIS2_PLACEMENT_3D('',#2537,#2538,#2539);
#2537 = CARTESIAN_POINT('',(715.,-25.,115.));
#2538 = DIRECTION('',(0.,-1.,0.));
#2539 = DIRECTION('',(1.,0.,0.));
#2540 = ORIENTED_EDGE('',*,*,#2524,.F.);
#2541 = ORIENTED_EDGE('',*,*,#2542,.F.);
#2542 = EDGE_CURVE('',#2525,#2525,#2543,.T.);
#2543 = CIRCLE('',#2544,6.);
#2544 = AXIS2_PLACEMENT_3D('',#2545,#2546,#2547);
#2545 = CARTESIAN_POINT('',(715.,0.,115.));
#2546 = DIRECTION('',(0.,-1.,0.));
#2547 = DIRECTION('',(1.,0.,0.));
#2548 = CYLINDRICAL_SURFACE('',#2549,6.);
#2549 = AXIS2_PLACEMENT_3D('',#2550,#2551,#2552);
#2550 = CARTESIAN_POINT('',(715.,2.554E-14,115.));
#2551 = DIRECTION('',(0.,1.,-2.2E-16));
#2552 = DIRECTION('',(1.,0.,0.));
#2553 = ADVANCED_FACE('',(#2554),#2581,.F.);
#2554 = FACE_BOUND('',#2555,.T.);
#2555 = EDGE_LOOP('',(#2556,#2566,#2573,#2574));
#2556 = ORIENTED_EDGE('',*,*,#2557,.T.);
#2557 = EDGE_CURVE('',#2558,#2560,#2562,.T.);
#2558 = VERTEX_POINT('',#2559);
#2559 = CARTESIAN_POINT('',(670.,1.E-14,45.));
#2560 = VERTEX_POINT('',#2561);
#2561 = CARTESIAN_POINT('',(670.,-25.,45.));
#2562 = LINE('',#2563,#2564);
#2563 = CARTESIAN_POINT('',(670.,9.99E-15,45.));
#2564 = VECTOR('',#2565,1.);
#2565 = DIRECTION('',(0.,-1.,2.2E-16));
#2566 = ORIENTED_EDGE('',*,*,#2567,.T.);
#2567 = EDGE_CURVE('',#2560,#2560,#2568,.T.);
#2568 = CIRCLE('',#2569,6.);
#2569 = AXIS2_PLACEMENT_3D('',#2570,#2571,#2572);
#2570 = CARTESIAN_POINT('',(664.,-25.,45.));
#2571 = DIRECTION('',(0.,-1.,0.));
#2572 = DIRECTION('',(1.,0.,0.));
#2573 = ORIENTED_EDGE('',*,*,#2557,.F.);
#2574 = ORIENTED_EDGE('',*,*,#2575,.F.);
#2575 = EDGE_CURVE('',#2558,#2558,#2576,.T.);
#2576 = CIRCLE('',#2577,6.);
#2577 = AXIS2_PLACEMENT_3D('',#2578,#2579,#2580);
#2578 = CARTESIAN_POINT('',(664.,0.,45.));
#2579 = DIRECTION('',(0.,-1.,0.));
#2580 = DIRECTION('',(1.,0.,0.));
#2581 = CYLINDRICAL_SURFACE('',#2582,6.);
#2582 = AXIS2_PLACEMENT_3D('',#2583,#2584,#2585);
#2583 = CARTESIAN_POINT('',(664.,9.99E-15,45.));
#2584 = DIRECTION('',(0.,1.,-2.2E-16));
#2585 = DIRECTION('',(1.,0.,0.));
#2586 = ADVANCED_FACE('',(#2587),#2614,.F.);
#2587 = FACE_BOUND('',#2588,.T.);
#2588 = EDGE_LOOP('',(#2589,#2599,#2606,#2607));
#2589 = ORIENTED_EDGE('',*,*,#2590,.T.);
#2590 = EDGE_CURVE('',#2591,#2593,#2595,.T.);
#2591 = VERTEX_POINT('',#2592);
#2592 = CARTESIAN_POINT('',(695.5,1.E-14,45.));
#2593 = VERTEX_POINT('',#2594);
#2594 = CARTESIAN_POINT('',(695.5,-25.,45.));
#2595 = LINE('',#2596,#2597);
#2596 = CARTESIAN_POINT('',(695.5,9.99E-15,45.));
#2597 = VECTOR('',#2598,1.);
#2598 = DIRECTION('',(0.,-1.,2.2E-16));
#2599 = ORIENTED_EDGE('',*,*,#2600,.T.);
#2600 = EDGE_CURVE('',#2593,#2593,#2601,.T.);
#2601 = CIRCLE('',#2602,6.);
#2602 = AXIS2_PLACEMENT_3D('',#2603,#2604,#2605);
#2603 = CARTESIAN_POINT('',(689.5,-25.,45.));
#2604 = DIRECTION('',(0.,-1.,0.));
#2605 = DIRECTION('',(1.,0.,0.));
#2606 = ORIENTED_EDGE('',*,*,#2590,.F.);
#2607 = ORIENTED_EDGE('',*,*,#2608,.F.);
#2608 = EDGE_CURVE('',#2591,#2591,#2609,.T.);
#2609 = CIRCLE('',#2610,6.);
#2610 = AXIS2_PLACEMENT_3D('',#2611,#2612,#2613);
#2611 = CARTESIAN_POINT('',(689.5,0.,45.));
#2612 = DIRECTION('',(0.,-1.,0.));
#2613 = DIRECTION('',(1.,0.,0.));
#2614 = CYLINDRICAL_SURFACE('',#2615,6.);
#2615 = AXIS2_PLACEMENT_3D('',#2616,#2617,#2618);
#2616 = CARTESIAN_POINT('',(689.5,9.99E-15,45.));
#2617 = DIRECTION('',(0.,1.,-2.2E-16));
#2618 = DIRECTION('',(1.,0.,0.));
#2619 = ADVANCED_FACE('',(#2620),#2647,.F.);
#2620 = FACE_BOUND('',#2621,.T.);
#2621 = EDGE_LOOP('',(#2622,#2632,#2639,#2640));
#2622 = ORIENTED_EDGE('',*,*,#2623,.T.);
#2623 = EDGE_CURVE('',#2624,#2626,#2628,.T.);
#2624 = VERTEX_POINT('',#2625);
#2625 = CARTESIAN_POINT('',(721.,1.E-14,45.));
#2626 = VERTEX_POINT('',#2627);
#2627 = CARTESIAN_POINT('',(721.,-25.,45.));
#2628 = LINE('',#2629,#2630);
#2629 = CARTESIAN_POINT('',(721.,9.99E-15,45.));
#2630 = VECTOR('',#2631,1.);
#2631 = DIRECTION('',(0.,-1.,2.2E-16));
#2632 = ORIENTED_EDGE('',*,*,#2633,.T.);
#2633 = EDGE_CURVE('',#2626,#2626,#2634,.T.);
#2634 = CIRCLE('',#2635,6.);
#2635 = AXIS2_PLACEMENT_3D('',#2636,#2637,#2638);
#2636 = CARTESIAN_POINT('',(715.,-25.,45.));
#2637 = DIRECTION('',(0.,-1.,0.));
#2638 = DIRECTION('',(1.,0.,0.));
#2639 = ORIENTED_EDGE('',*,*,#2623,.F.);
#2640 = ORIENTED_EDGE('',*,*,#2641,.F.);
#2641 = EDGE_CURVE('',#2624,#2624,#2642,.T.);
#2642 = CIRCLE('',#2643,6.);
#2643 = AXIS2_PLACEMENT_3D('',#2644,#2645,#2646);
#2644 = CARTESIAN_POINT('',(715.,0.,45.));
#2645 = DIRECTION('',(0.,-1.,0.));
#2646 = DIRECTION('',(1.,0.,0.));
#2647 = CYLINDRICAL_SURFACE('',#2648,6.);
#2648 = AXIS2_PLACEMENT_3D('',#2649,#2650,#2651);
#2649 = CARTESIAN_POINT('',(715.,9.99E-15,45.));
#2650 = DIRECTION('',(0.,1.,-2.2E-16));
#2651 = DIRECTION('',(1.,0.,0.));
#2652 = ADVANCED_FACE('',(#2653,#2659,#2662,#2665,#2668,#2671,#2674,
    #2677,#2680,#2683,#2686,#2689,#2692,#2695,#2698,#2701,#2704,#2707,
    #2710,#2713,#2716,#2719,#2722,#2725,#2728,#2731,#2734,#2737,#2740,
    #2743,#2746,#2749,#2752,#2755,#2758,#2761,#2764,#2767,#2770,#2773,
    #2776,#2779,#2782,#2785,#2788,#2791,#2794,#2797,#2800,#2803,#2806,
    #2809,#2812,#2815,#2818,#2821,#2824,#2827,#2830,#2833,#2836,#2839,
    #2842,#2845,#2848,#2851,#2854,#2857,#2860,#2863,#2866,#2869,#2872),
  #2875,.T.);
#2653 = FACE_BOUND('',#2654,.F.);
#2654 = EDGE_LOOP('',(#2655,#2656,#2657,#2658));
#2655 = ORIENTED_EDGE('',*,*,#182,.T.);
#2656 = ORIENTED_EDGE('',*,*,#213,.T.);
#2657 = ORIENTED_EDGE('',*,*,#244,.T.);
#2658 = ORIENTED_EDGE('',*,*,#266,.T.);
#2659 = FACE_BOUND('',#2660,.T.);
#2660 = EDGE_LOOP('',(#2661));
#2661 = ORIENTED_EDGE('',*,*,#298,.T.);
#2662 = FACE_BOUND('',#2663,.T.);
#2663 = EDGE_LOOP('',(#2664));
#2664 = ORIENTED_EDGE('',*,*,#331,.T.);
#2665 = FACE_BOUND('',#2666,.T.);
#2666 = EDGE_LOOP('',(#2667));
#2667 = ORIENTED_EDGE('',*,*,#364,.T.);
#2668 = FACE_BOUND('',#2669,.T.);
#2669 = EDGE_LOOP('',(#2670));
#2670 = ORIENTED_EDGE('',*,*,#397,.T.);
#2671 = FACE_BOUND('',#2672,.T.);
#2672 = EDGE_LOOP('',(#2673));
#2673 = ORIENTED_EDGE('',*,*,#430,.T.);
#2674 = FACE_BOUND('',#2675,.T.);
#2675 = EDGE_LOOP('',(#2676));
#2676 = ORIENTED_EDGE('',*,*,#463,.T.);
#2677 = FACE_BOUND('',#2678,.T.);
#2678 = EDGE_LOOP('',(#2679));
#2679 = ORIENTED_EDGE('',*,*,#496,.T.);
#2680 = FACE_BOUND('',#2681,.T.);
#2681 = EDGE_LOOP('',(#2682));
#2682 = ORIENTED_EDGE('',*,*,#529,.T.);
#2683 = FACE_BOUND('',#2684,.T.);
#2684 = EDGE_LOOP('',(#2685));
#2685 = ORIENTED_EDGE('',*,*,#562,.T.);
#2686 = FACE_BOUND('',#2687,.T.);
#2687 = EDGE_LOOP('',(#2688));
#2688 = ORIENTED_EDGE('',*,*,#595,.T.);
#2689 = FACE_BOUND('',#2690,.T.);
#2690 = EDGE_LOOP('',(#2691));
#2691 = ORIENTED_EDGE('',*,*,#628,.T.);
#2692 = FACE_BOUND('',#2693,.T.);
#2693 = EDGE_LOOP('',(#2694));
#2694 = ORIENTED_EDGE('',*,*,#661,.T.);
#2695 = FACE_BOUND('',#2696,.T.);
#2696 = EDGE_LOOP('',(#2697));
#2697 = ORIENTED_EDGE('',*,*,#694,.T.);
#2698 = FACE_BOUND('',#2699,.T.);
#2699 = EDGE_LOOP('',(#2700));
#2700 = ORIENTED_EDGE('',*,*,#727,.T.);
#2701 = FACE_BOUND('',#2702,.T.);
#2702 = EDGE_LOOP('',(#2703));
#2703 = ORIENTED_EDGE('',*,*,#760,.T.);
#2704 = FACE_BOUND('',#2705,.T.);
#2705 = EDGE_LOOP('',(#2706));
#2706 = ORIENTED_EDGE('',*,*,#793,.T.);
#2707 = FACE_BOUND('',#2708,.T.);
#2708 = EDGE_LOOP('',(#2709));
#2709 = ORIENTED_EDGE('',*,*,#826,.T.);
#2710 = FACE_BOUND('',#2711,.T.);
#2711 = EDGE_LOOP('',(#2712));
#2712 = ORIENTED_EDGE('',*,*,#859,.T.);
#2713 = FACE_BOUND('',#2714,.T.);
#2714 = EDGE_LOOP('',(#2715));
#2715 = ORIENTED_EDGE('',*,*,#892,.T.);
#2716 = FACE_BOUND('',#2717,.T.);
#2717 = EDGE_LOOP('',(#2718));
#2718 = ORIENTED_EDGE('',*,*,#925,.T.);
#2719 = FACE_BOUND('',#2720,.T.);
#2720 = EDGE_LOOP('',(#2721));
#2721 = ORIENTED_EDGE('',*,*,#958,.T.);
#2722 = FACE_BOUND('',#2723,.T.);
#2723 = EDGE_LOOP('',(#2724));
#2724 = ORIENTED_EDGE('',*,*,#991,.T.);
#2725 = FACE_BOUND('',#2726,.T.);
#2726 = EDGE_LOOP('',(#2727));
#2727 = ORIENTED_EDGE('',*,*,#1024,.T.);
#2728 = FACE_BOUND('',#2729,.T.);
#2729 = EDGE_LOOP('',(#2730));
#2730 = ORIENTED_EDGE('',*,*,#1057,.T.);
#2731 = FACE_BOUND('',#2732,.T.);
#2732 = EDGE_LOOP('',(#2733));
#2733 = ORIENTED_EDGE('',*,*,#1090,.T.);
#2734 = FACE_BOUND('',#2735,.T.);
#2735 = EDGE_LOOP('',(#2736));
#2736 = ORIENTED_EDGE('',*,*,#1123,.T.);
#2737 = FACE_BOUND('',#2738,.T.);
#2738 = EDGE_LOOP('',(#2739));
#2739 = ORIENTED_EDGE('',*,*,#1156,.T.);
#2740 = FACE_BOUND('',#2741,.T.);
#2741 = EDGE_LOOP('',(#2742));
#2742 = ORIENTED_EDGE('',*,*,#1189,.T.);
#2743 = FACE_BOUND('',#2744,.T.);
#2744 = EDGE_LOOP('',(#2745));
#2745 = ORIENTED_EDGE('',*,*,#1222,.T.);
#2746 = FACE_BOUND('',#2747,.T.);
#2747 = EDGE_LOOP('',(#2748));
#2748 = ORIENTED_EDGE('',*,*,#1255,.T.);
#2749 = FACE_BOUND('',#2750,.T.);
#2750 = EDGE_LOOP('',(#2751));
#2751 = ORIENTED_EDGE('',*,*,#1288,.T.);
#2752 = FACE_BOUND('',#2753,.T.);
#2753 = EDGE_LOOP('',(#2754));
#2754 = ORIENTED_EDGE('',*,*,#1321,.T.);
#2755 = FACE_BOUND('',#2756,.T.);
#2756 = EDGE_LOOP('',(#2757));
#2757 = ORIENTED_EDGE('',*,*,#1354,.T.);
#2758 = FACE_BOUND('',#2759,.T.);
#2759 = EDGE_LOOP('',(#2760));
#2760 = ORIENTED_EDGE('',*,*,#1387,.T.);
#2761 = FACE_BOUND('',#2762,.T.);
#2762 = EDGE_LOOP('',(#2763));
#2763 = ORIENTED_EDGE('',*,*,#1420,.T.);
#2764 = FACE_BOUND('',#2765,.T.);
#2765 = EDGE_LOOP('',(#2766));
#2766 = ORIENTED_EDGE('',*,*,#1453,.T.);
#2767 = FACE_BOUND('',#2768,.T.);
#2768 = EDGE_LOOP('',(#2769));
#2769 = ORIENTED_EDGE('',*,*,#1486,.T.);
#2770 = FACE_BOUND('',#2771,.T.);
#2771 = EDGE_LOOP('',(#2772));
#2772 = ORIENTED_EDGE('',*,*,#1519,.T.);
#2773 = FACE_BOUND('',#2774,.T.);
#2774 = EDGE_LOOP('',(#2775));
#2775 = ORIENTED_EDGE('',*,*,#1552,.T.);
#2776 = FACE_BOUND('',#2777,.T.);
#2777 = EDGE_LOOP('',(#2778));
#2778 = ORIENTED_EDGE('',*,*,#1585,.T.);
#2779 = FACE_BOUND('',#2780,.T.);
#2780 = EDGE_LOOP('',(#2781));
#2781 = ORIENTED_EDGE('',*,*,#1618,.T.);
#2782 = FACE_BOUND('',#2783,.T.);
#2783 = EDGE_LOOP('',(#2784));
#2784 = ORIENTED_EDGE('',*,*,#1651,.T.);
#2785 = FACE_BOUND('',#2786,.T.);
#2786 = EDGE_LOOP('',(#2787));
#2787 = ORIENTED_EDGE('',*,*,#1684,.T.);
#2788 = FACE_BOUND('',#2789,.T.);
#2789 = EDGE_LOOP('',(#2790));
#2790 = ORIENTED_EDGE('',*,*,#1717,.T.);
#2791 = FACE_BOUND('',#2792,.T.);
#2792 = EDGE_LOOP('',(#2793));
#2793 = ORIENTED_EDGE('',*,*,#1750,.T.);
#2794 = FACE_BOUND('',#2795,.T.);
#2795 = EDGE_LOOP('',(#2796));
#2796 = ORIENTED_EDGE('',*,*,#1783,.T.);
#2797 = FACE_BOUND('',#2798,.T.);
#2798 = EDGE_LOOP('',(#2799));
#2799 = ORIENTED_EDGE('',*,*,#1816,.T.);
#2800 = FACE_BOUND('',#2801,.T.);
#2801 = EDGE_LOOP('',(#2802));
#2802 = ORIENTED_EDGE('',*,*,#1849,.T.);
#2803 = FACE_BOUND('',#2804,.T.);
#2804 = EDGE_LOOP('',(#2805));
#2805 = ORIENTED_EDGE('',*,*,#1882,.T.);
#2806 = FACE_BOUND('',#2807,.T.);
#2807 = EDGE_LOOP('',(#2808));
#2808 = ORIENTED_EDGE('',*,*,#1915,.T.);
#2809 = FACE_BOUND('',#2810,.T.);
#2810 = EDGE_LOOP('',(#2811));
#2811 = ORIENTED_EDGE('',*,*,#1948,.T.);
#2812 = FACE_BOUND('',#2813,.T.);
#2813 = EDGE_LOOP('',(#2814));
#2814 = ORIENTED_EDGE('',*,*,#1981,.T.);
#2815 = FACE_BOUND('',#2816,.T.);
#2816 = EDGE_LOOP('',(#2817));
#2817 = ORIENTED_EDGE('',*,*,#2014,.T.);
#2818 = FACE_BOUND('',#2819,.T.);
#2819 = EDGE_LOOP('',(#2820));
#2820 = ORIENTED_EDGE('',*,*,#2047,.T.);
#2821 = FACE_BOUND('',#2822,.T.);
#2822 = EDGE_LOOP('',(#2823));
#2823 = ORIENTED_EDGE('',*,*,#2080,.T.);
#2824 = FACE_BOUND('',#2825,.T.);
#2825 = EDGE_LOOP('',(#2826));
#2826 = ORIENTED_EDGE('',*,*,#2113,.T.);
#2827 = FACE_BOUND('',#2828,.T.);
#2828 = EDGE_LOOP('',(#2829));
#2829 = ORIENTED_EDGE('',*,*,#2146,.T.);
#2830 = FACE_BOUND('',#2831,.T.);
#2831 = EDGE_LOOP('',(#2832));
#2832 = ORIENTED_EDGE('',*,*,#2179,.T.);
#2833 = FACE_BOUND('',#2834,.T.);
#2834 = EDGE_LOOP('',(#2835));
#2835 = ORIENTED_EDGE('',*,*,#2212,.T.);
#2836 = FACE_BOUND('',#2837,.T.);
#2837 = EDGE_LOOP('',(#2838));
#2838 = ORIENTED_EDGE('',*,*,#2245,.T.);
#2839 = FACE_BOUND('',#2840,.T.);
#2840 = EDGE_LOOP('',(#2841));
#2841 = ORIENTED_EDGE('',*,*,#2278,.T.);
#2842 = FACE_BOUND('',#2843,.T.);
#2843 = EDGE_LOOP('',(#2844));
#2844 = ORIENTED_EDGE('',*,*,#2311,.T.);
#2845 = FACE_BOUND('',#2846,.T.);
#2846 = EDGE_LOOP('',(#2847));
#2847 = ORIENTED_EDGE('',*,*,#2344,.T.);
#2848 = FACE_BOUND('',#2849,.T.);
#2849 = EDGE_LOOP('',(#2850));
#2850 = ORIENTED_EDGE('',*,*,#2377,.T.);
#2851 = FACE_BOUND('',#2852,.T.);
#2852 = EDGE_LOOP('',(#2853));
#2853 = ORIENTED_EDGE('',*,*,#2410,.T.);
#2854 = FACE_BOUND('',#2855,.T.);
#2855 = EDGE_LOOP('',(#2856));
#2856 = ORIENTED_EDGE('',*,*,#2443,.T.);
#2857 = FACE_BOUND('',#2858,.T.);
#2858 = EDGE_LOOP('',(#2859));
#2859 = ORIENTED_EDGE('',*,*,#2476,.T.);
#2860 = FACE_BOUND('',#2861,.T.);
#2861 = EDGE_LOOP('',(#2862));
#2862 = ORIENTED_EDGE('',*,*,#2509,.T.);
#2863 = FACE_BOUND('',#2864,.T.);
#2864 = EDGE_LOOP('',(#2865));
#2865 = ORIENTED_EDGE('',*,*,#2542,.T.);
#2866 = FACE_BOUND('',#2867,.T.);
#2867 = EDGE_LOOP('',(#2868));
#2868 = ORIENTED_EDGE('',*,*,#2575,.T.);
#2869 = FACE_BOUND('',#2870,.T.);
#2870 = EDGE_LOOP('',(#2871));
#2871 = ORIENTED_EDGE('',*,*,#2608,.T.);
#2872 = FACE_BOUND('',#2873,.T.);
#2873 = EDGE_LOOP('',(#2874));
#2874 = ORIENTED_EDGE('',*,*,#2641,.T.);
#2875 = PLANE('',#2876);
#2876 = AXIS2_PLACEMENT_3D('',#2877,#2878,#2879);
#2877 = CARTESIAN_POINT('',(480.,1.3174E-13,593.28508192442));
#2878 = DIRECTION('',(0.,1.,0.));
#2879 = DIRECTION('',(0.,0.,1.));
#2880 = ADVANCED_FACE('',(#2881,#2887,#2890,#2893,#2896,#2899,#2902,
    #2905,#2908,#2911,#2914,#2917,#2920,#2923,#2926,#2929,#2932,#2935,
    #2938,#2941,#2944,#2947,#2950,#2953,#2956,#2959,#2962,#2965,#2968,
    #2971,#2974,#2977,#2980,#2983,#2986,#2989,#2992,#2995,#2998,#3001,
    #3004,#3007,#3010,#3013,#3016,#3019,#3022,#3025,#3028,#3031,#3034,
    #3037,#3040,#3043,#3046,#3049,#3052,#3055,#3058,#3061,#3064,#3067,
    #3070,#3073,#3076,#3079,#3082,#3085,#3088,#3091,#3094,#3097,#3100),
  #3103,.F.);
#2881 = FACE_BOUND('',#2882,.T.);
#2882 = EDGE_LOOP('',(#2883,#2884,#2885,#2886));
#2883 = ORIENTED_EDGE('',*,*,#166,.T.);
#2884 = ORIENTED_EDGE('',*,*,#197,.T.);
#2885 = ORIENTED_EDGE('',*,*,#228,.T.);
#2886 = ORIENTED_EDGE('',*,*,#259,.T.);
#2887 = FACE_BOUND('',#2888,.F.);
#2888 = EDGE_LOOP('',(#2889));
#2889 = ORIENTED_EDGE('',*,*,#290,.T.);
#2890 = FACE_BOUND('',#2891,.F.);
#2891 = EDGE_LOOP('',(#2892));
#2892 = ORIENTED_EDGE('',*,*,#323,.T.);
#2893 = FACE_BOUND('',#2894,.F.);
#2894 = EDGE_LOOP('',(#2895));
#2895 = ORIENTED_EDGE('',*,*,#356,.T.);
#2896 = FACE_BOUND('',#2897,.F.);
#2897 = EDGE_LOOP('',(#2898));
#2898 = ORIENTED_EDGE('',*,*,#389,.T.);
#2899 = FACE_BOUND('',#2900,.F.);
#2900 = EDGE_LOOP('',(#2901));
#2901 = ORIENTED_EDGE('',*,*,#422,.T.);
#2902 = FACE_BOUND('',#2903,.F.);
#2903 = EDGE_LOOP('',(#2904));
#2904 = ORIENTED_EDGE('',*,*,#455,.T.);
#2905 = FACE_BOUND('',#2906,.F.);
#2906 = EDGE_LOOP('',(#2907));
#2907 = ORIENTED_EDGE('',*,*,#488,.T.);
#2908 = FACE_BOUND('',#2909,.F.);
#2909 = EDGE_LOOP('',(#2910));
#2910 = ORIENTED_EDGE('',*,*,#521,.T.);
#2911 = FACE_BOUND('',#2912,.F.);
#2912 = EDGE_LOOP('',(#2913));
#2913 = ORIENTED_EDGE('',*,*,#554,.T.);
#2914 = FACE_BOUND('',#2915,.F.);
#2915 = EDGE_LOOP('',(#2916));
#2916 = ORIENTED_EDGE('',*,*,#587,.T.);
#2917 = FACE_BOUND('',#2918,.F.);
#2918 = EDGE_LOOP('',(#2919));
#2919 = ORIENTED_EDGE('',*,*,#620,.T.);
#2920 = FACE_BOUND('',#2921,.F.);
#2921 = EDGE_LOOP('',(#2922));
#2922 = ORIENTED_EDGE('',*,*,#653,.T.);
#2923 = FACE_BOUND('',#2924,.F.);
#2924 = EDGE_LOOP('',(#2925));
#2925 = ORIENTED_EDGE('',*,*,#686,.T.);
#2926 = FACE_BOUND('',#2927,.F.);
#2927 = EDGE_LOOP('',(#2928));
#2928 = ORIENTED_EDGE('',*,*,#719,.T.);
#2929 = FACE_BOUND('',#2930,.F.);
#2930 = EDGE_LOOP('',(#2931));
#2931 = ORIENTED_EDGE('',*,*,#752,.T.);
#2932 = FACE_BOUND('',#2933,.F.);
#2933 = EDGE_LOOP('',(#2934));
#2934 = ORIENTED_EDGE('',*,*,#785,.T.);
#2935 = FACE_BOUND('',#2936,.F.);
#2936 = EDGE_LOOP('',(#2937));
#2937 = ORIENTED_EDGE('',*,*,#818,.T.);
#2938 = FACE_BOUND('',#2939,.F.);
#2939 = EDGE_LOOP('',(#2940));
#2940 = ORIENTED_EDGE('',*,*,#851,.T.);
#2941 = FACE_BOUND('',#2942,.F.);
#2942 = EDGE_LOOP('',(#2943));
#2943 = ORIENTED_EDGE('',*,*,#884,.T.);
#2944 = FACE_BOUND('',#2945,.F.);
#2945 = EDGE_LOOP('',(#2946));
#2946 = ORIENTED_EDGE('',*,*,#917,.T.);
#2947 = FACE_BOUND('',#2948,.F.);
#2948 = EDGE_LOOP('',(#2949));
#2949 = ORIENTED_EDGE('',*,*,#950,.T.);
#2950 = FACE_BOUND('',#2951,.F.);
#2951 = EDGE_LOOP('',(#2952));
#2952 = ORIENTED_EDGE('',*,*,#983,.T.);
#2953 = FACE_BOUND('',#2954,.F.);
#2954 = EDGE_LOOP('',(#2955));
#2955 = ORIENTED_EDGE('',*,*,#1016,.T.);
#2956 = FACE_BOUND('',#2957,.F.);
#2957 = EDGE_LOOP('',(#2958));
#2958 = ORIENTED_EDGE('',*,*,#1049,.T.);
#2959 = FACE_BOUND('',#2960,.F.);
#2960 = EDGE_LOOP('',(#2961));
#2961 = ORIENTED_EDGE('',*,*,#1082,.T.);
#2962 = FACE_BOUND('',#2963,.F.);
#2963 = EDGE_LOOP('',(#2964));
#2964 = ORIENTED_EDGE('',*,*,#1115,.T.);
#2965 = FACE_BOUND('',#2966,.F.);
#2966 = EDGE_LOOP('',(#2967));
#2967 = ORIENTED_EDGE('',*,*,#1148,.T.);
#2968 = FACE_BOUND('',#2969,.F.);
#2969 = EDGE_LOOP('',(#2970));
#2970 = ORIENTED_EDGE('',*,*,#1181,.T.);
#2971 = FACE_BOUND('',#2972,.F.);
#2972 = EDGE_LOOP('',(#2973));
#2973 = ORIENTED_EDGE('',*,*,#1214,.T.);
#2974 = FACE_BOUND('',#2975,.F.);
#2975 = EDGE_LOOP('',(#2976));
#2976 = ORIENTED_EDGE('',*,*,#1247,.T.);
#2977 = FACE_BOUND('',#2978,.F.);
#2978 = EDGE_LOOP('',(#2979));
#2979 = ORIENTED_EDGE('',*,*,#1280,.T.);
#2980 = FACE_BOUND('',#2981,.F.);
#2981 = EDGE_LOOP('',(#2982));
#2982 = ORIENTED_EDGE('',*,*,#1313,.T.);
#2983 = FACE_BOUND('',#2984,.F.);
#2984 = EDGE_LOOP('',(#2985));
#2985 = ORIENTED_EDGE('',*,*,#1346,.T.);
#2986 = FACE_BOUND('',#2987,.F.);
#2987 = EDGE_LOOP('',(#2988));
#2988 = ORIENTED_EDGE('',*,*,#1379,.T.);
#2989 = FACE_BOUND('',#2990,.F.);
#2990 = EDGE_LOOP('',(#2991));
#2991 = ORIENTED_EDGE('',*,*,#1412,.T.);
#2992 = FACE_BOUND('',#2993,.F.);
#2993 = EDGE_LOOP('',(#2994));
#2994 = ORIENTED_EDGE('',*,*,#1445,.T.);
#2995 = FACE_BOUND('',#2996,.F.);
#2996 = EDGE_LOOP('',(#2997));
#2997 = ORIENTED_EDGE('',*,*,#1478,.T.);
#2998 = FACE_BOUND('',#2999,.F.);
#2999 = EDGE_LOOP('',(#3000));
#3000 = ORIENTED_EDGE('',*,*,#1511,.T.);
#3001 = FACE_BOUND('',#3002,.F.);
#3002 = EDGE_LOOP('',(#3003));
#3003 = ORIENTED_EDGE('',*,*,#1544,.T.);
#3004 = FACE_BOUND('',#3005,.F.);
#3005 = EDGE_LOOP('',(#3006));
#3006 = ORIENTED_EDGE('',*,*,#1577,.T.);
#3007 = FACE_BOUND('',#3008,.F.);
#3008 = EDGE_LOOP('',(#3009));
#3009 = ORIENTED_EDGE('',*,*,#1610,.T.);
#3010 = FACE_BOUND('',#3011,.F.);
#3011 = EDGE_LOOP('',(#3012));
#3012 = ORIENTED_EDGE('',*,*,#1643,.T.);
#3013 = FACE_BOUND('',#3014,.F.);
#3014 = EDGE_LOOP('',(#3015));
#3015 = ORIENTED_EDGE('',*,*,#1676,.T.);
#3016 = FACE_BOUND('',#3017,.F.);
#3017 = EDGE_LOOP('',(#3018));
#3018 = ORIENTED_EDGE('',*,*,#1709,.T.);
#3019 = FACE_BOUND('',#3020,.F.);
#3020 = EDGE_LOOP('',(#3021));
#3021 = ORIENTED_EDGE('',*,*,#1742,.T.);
#3022 = FACE_BOUND('',#3023,.F.);
#3023 = EDGE_LOOP('',(#3024));
#3024 = ORIENTED_EDGE('',*,*,#1775,.T.);
#3025 = FACE_BOUND('',#3026,.F.);
#3026 = EDGE_LOOP('',(#3027));
#3027 = ORIENTED_EDGE('',*,*,#1808,.T.);
#3028 = FACE_BOUND('',#3029,.F.);
#3029 = EDGE_LOOP('',(#3030));
#3030 = ORIENTED_EDGE('',*,*,#1841,.T.);
#3031 = FACE_BOUND('',#3032,.F.);
#3032 = EDGE_LOOP('',(#3033));
#3033 = ORIENTED_EDGE('',*,*,#1874,.T.);
#3034 = FACE_BOUND('',#3035,.F.);
#3035 = EDGE_LOOP('',(#3036));
#3036 = ORIENTED_EDGE('',*,*,#1907,.T.);
#3037 = FACE_BOUND('',#3038,.F.);
#3038 = EDGE_LOOP('',(#3039));
#3039 = ORIENTED_EDGE('',*,*,#1940,.T.);
#3040 = FACE_BOUND('',#3041,.F.);
#3041 = EDGE_LOOP('',(#3042));
#3042 = ORIENTED_EDGE('',*,*,#1973,.T.);
#3043 = FACE_BOUND('',#3044,.F.);
#3044 = EDGE_LOOP('',(#3045));
#3045 = ORIENTED_EDGE('',*,*,#2006,.T.);
#3046 = FACE_BOUND('',#3047,.F.);
#3047 = EDGE_LOOP('',(#3048));
#3048 = ORIENTED_EDGE('',*,*,#2039,.T.);
#3049 = FACE_BOUND('',#3050,.F.);
#3050 = EDGE_LOOP('',(#3051));
#3051 = ORIENTED_EDGE('',*,*,#2072,.T.);
#3052 = FACE_BOUND('',#3053,.F.);
#3053 = EDGE_LOOP('',(#3054));
#3054 = ORIENTED_EDGE('',*,*,#2105,.T.);
#3055 = FACE_BOUND('',#3056,.F.);
#3056 = EDGE_LOOP('',(#3057));
#3057 = ORIENTED_EDGE('',*,*,#2138,.T.);
#3058 = FACE_BOUND('',#3059,.F.);
#3059 = EDGE_LOOP('',(#3060));
#3060 = ORIENTED_EDGE('',*,*,#2171,.T.);
#3061 = FACE_BOUND('',#3062,.F.);
#3062 = EDGE_LOOP('',(#3063));
#3063 = ORIENTED_EDGE('',*,*,#2204,.T.);
#3064 = FACE_BOUND('',#3065,.F.);
#3065 = EDGE_LOOP('',(#3066));
#3066 = ORIENTED_EDGE('',*,*,#2237,.T.);
#3067 = FACE_BOUND('',#3068,.F.);
#3068 = EDGE_LOOP('',(#3069));
#3069 = ORIENTED_EDGE('',*,*,#2270,.T.);
#3070 = FACE_BOUND('',#3071,.F.);
#3071 = EDGE_LOOP('',(#3072));
#3072 = ORIENTED_EDGE('',*,*,#2303,.T.);
#3073 = FACE_BOUND('',#3074,.F.);
#3074 = EDGE_LOOP('',(#3075));
#3075 = ORIENTED_EDGE('',*,*,#2336,.T.);
#3076 = FACE_BOUND('',#3077,.F.);
#3077 = EDGE_LOOP('',(#3078));
#3078 = ORIENTED_EDGE('',*,*,#2369,.T.);
#3079 = FACE_BOUND('',#3080,.F.);
#3080 = EDGE_LOOP('',(#3081));
#3081 = ORIENTED_EDGE('',*,*,#2402,.T.);
#3082 = FACE_BOUND('',#3083,.F.);
#3083 = EDGE_LOOP('',(#3084));
#3084 = ORIENTED_EDGE('',*,*,#2435,.T.);
#3085 = FACE_BOUND('',#3086,.F.);
#3086 = EDGE_LOOP('',(#3087));
#3087 = ORIENTED_EDGE('',*,*,#2468,.T.);
#3088 = FACE_BOUND('',#3089,.F.);
#3089 = EDGE_LOOP('',(#3090));
#3090 = ORIENTED_EDGE('',*,*,#2501,.T.);
#3091 = FACE_BOUND('',#3092,.F.);
#3092 = EDGE_LOOP('',(#3093));
#3093 = ORIENTED_EDGE('',*,*,#2534,.T.);
#3094 = FACE_BOUND('',#3095,.F.);
#3095 = EDGE_LOOP('',(#3096));
#3096 = ORIENTED_EDGE('',*,*,#2567,.T.);
#3097 = FACE_BOUND('',#3098,.F.);
#3098 = EDGE_LOOP('',(#3099));
#3099 = ORIENTED_EDGE('',*,*,#2600,.T.);
#3100 = FACE_BOUND('',#3101,.F.);
#3101 = EDGE_LOOP('',(#3102));
#3102 = ORIENTED_EDGE('',*,*,#2633,.T.);
#3103 = PLANE('',#3104);
#3104 = AXIS2_PLACEMENT_3D('',#3105,#3106,#3107);
#3105 = CARTESIAN_POINT('',(480.,-25.,593.28508192442));
#3106 = DIRECTION('',(0.,1.,0.));
#3107 = DIRECTION('',(0.,0.,1.));
#3108 = ( GEOMETRIC_REPRESENTATION_CONTEXT(3) 
GLOBAL_UNCERTAINTY_ASSIGNED_CONTEXT((#3112)) 
GLOBAL_UNIT_ASSIGNED_CONTEXT((#3109,#3110,#3111)) REPRESENTATION_CONTEXT
('Context #1','3D Context with UNIT and UNCERTAINTY') );
#3109 = ( LENGTH_UNIT() NAMED_UNIT(*) SI_UNIT(.MILLI.,.METRE.) );
#3110 = ( NAMED_UNIT(*) PLANE_ANGLE_UNIT() SI_UNIT($,.RADIAN.) );
#3111 = ( NAMED_UNIT(*) SI_UNIT($,.STERADIAN.) SOLID_ANGLE_UNIT() );
#3112 = UNCERTAINTY_MEASURE_WITH_UNIT(LENGTH_MEASURE(1.E-07),#3109,
  'distance_accuracy_value','confusion accuracy');
#3113 = CONTEXT_DEPENDENT_SHAPE_REPRESENTATION(#3114,#3116);
#3114 = ( REPRESENTATION_RELATIONSHIP('','',#149,#82) 
REPRESENTATION_RELATIONSHIP_WITH_TRANSFORMATION(#3115) 
SHAPE_REPRESENTATION_RELATIONSHIP() );
#3115 = ITEM_DEFINED_TRANSFORMATION('','',#11,#83);
#3116 = PRODUCT_DEFINITION_SHAPE('Placement','Placement of an item',
  #3117);
#3117 = NEXT_ASSEMBLY_USAGE_OCCURRENCE('1','Body','',#77,#144,$);
#3118 = CC_DESIGN_SECURITY_CLASSIFICATION(#3119,(#3117));
#3119 = SECURITY_CLASSIFICATION('','',#59);
#3120 = CC_DESIGN_PERSON_AND_ORGANIZATION_ASSIGNMENT(#48,#57,(#3119));
#3121 = CC_DESIGN_DATE_AND_TIME_ASSIGNMENT(#62,#68,(#3119));
#3122 = CC_DESIGN_APPROVAL(#70,(#3119));
#3123 = PRODUCT_RELATED_PRODUCT_CATEGORY('detail',$,(#146));
#3124 = PRODUCT_CATEGORY_RELATIONSHIP('','',#3125,#3123);
#3125 = PRODUCT_CATEGORY('part',$);
#3126 = CC_DESIGN_PERSON_AND_ORGANIZATION_ASSIGNMENT(#48,#51,(#145,#144)
  );
#3127 = CC_DESIGN_PERSON_AND_ORGANIZATION_ASSIGNMENT(#48,#53,(#146));
#3128 = CC_DESIGN_PERSON_AND_ORGANIZATION_ASSIGNMENT(#48,#55,(#145));
#3129 = CC_DESIGN_PERSON_AND_ORGANIZATION_ASSIGNMENT(#48,#57,(#3130));
#3130 = SECURITY_CLASSIFICATION('','',#59);
#3131 = CC_DESIGN_SECURITY_CLASSIFICATION(#3130,(#145));
#3132 = CC_DESIGN_DATE_AND_TIME_ASSIGNMENT(#62,#66,(#144));
#3133 = CC_DESIGN_DATE_AND_TIME_ASSIGNMENT(#62,#68,(#3130));
#3134 = CC_DESIGN_APPROVAL(#70,(#145,#144,#3130));
#3135 = SHAPE_DEFINITION_REPRESENTATION(#3136,#3142);
#3136 = PRODUCT_DEFINITION_SHAPE('','',#3137);
#3137 = PRODUCT_DEFINITION('design','',#3138,#3141);
#3138 = PRODUCT_DEFINITION_FORMATION_WITH_SPECIFIED_SOURCE('','',#3139,
  .NOT_KNOWN.);
#3139 = PRODUCT('Assembly','Assembly','',(#3140));
#3140 = MECHANICAL_CONTEXT('',#2,'mechanical');
#3141 = DESIGN_CONTEXT('',#2,'design');
#3142 = SHAPE_REPRESENTATION('',(#11,#3143,#3147,#3151),#3155);
#3143 = AXIS2_PLACEMENT_3D('',#3144,#3145,#3146);
#3144 = CARTESIAN_POINT('',(0.,0.,0.));
#3145 = DIRECTION('',(0.,0.,1.));
#3146 = DIRECTION('',(1.,0.,0.));
#3147 = AXIS2_PLACEMENT_3D('',#3148,#3149,#3150);
#3148 = CARTESIAN_POINT('',(16.,-25.,16.));
#3149 = DIRECTION('',(0.,0.,1.));
#3150 = DIRECTION('',(1.,0.,0.));
#3151 = AXIS2_PLACEMENT_3D('',#3152,#3153,#3154);
#3152 = CARTESIAN_POINT('',(16.,-41.,1.174E+03));
#3153 = DIRECTION('',(0.,-1.224646799147E-16,-1.));
#3154 = DIRECTION('',(1.,0.,0.));
#3155 = ( GEOMETRIC_REPRESENTATION_CONTEXT(3) 
GLOBAL_UNCERTAINTY_ASSIGNED_CONTEXT((#3159)) 
GLOBAL_UNIT_ASSIGNED_CONTEXT((#3156,#3157,#3158)) REPRESENTATION_CONTEXT
('Context #1','3D Context with UNIT and UNCERTAINTY') );
#3156 = ( LENGTH_UNIT() NAMED_UNIT(*) SI_UNIT(.MILLI.,.METRE.) );
#3157 = ( NAMED_UNIT(*) PLANE_ANGLE_UNIT() SI_UNIT($,.RADIAN.) );
#3158 = ( NAMED_UNIT(*) SI_UNIT($,.STERADIAN.) SOLID_ANGLE_UNIT() );
#3159 = UNCERTAINTY_MEASURE_WITH_UNIT(LENGTH_MEASURE(1.E-07),#3156,
  'distance_accuracy_value','confusion accuracy');
#3160 = CONTEXT_DEPENDENT_SHAPE_REPRESENTATION(#3161,#3163);
#3161 = ( REPRESENTATION_RELATIONSHIP('','',#3142,#82) 
REPRESENTATION_RELATIONSHIP_WITH_TRANSFORMATION(#3162) 
SHAPE_REPRESENTATION_RELATIONSHIP() );
#3162 = ITEM_DEFINED_TRANSFORMATION('','',#11,#87);
#3163 = PRODUCT_DEFINITION_SHAPE('Placement','Placement of an item',
  #3164);
#3164 = NEXT_ASSEMBLY_USAGE_OCCURRENCE('5','Assembly','',#77,#3137,$);
#3165 = CC_DESIGN_SECURITY_CLASSIFICATION(#3166,(#3164));
#3166 = SECURITY_CLASSIFICATION('','',#59);
#3167 = CC_DESIGN_PERSON_AND_ORGANIZATION_ASSIGNMENT(#48,#57,(#3166));
#3168 = CC_DESIGN_DATE_AND_TIME_ASSIGNMENT(#62,#68,(#3166));
#3169 = CC_DESIGN_APPROVAL(#70,(#3166));
#3170 = PRODUCT_RELATED_PRODUCT_CATEGORY('detail',$,(#3139));
#3171 = PRODUCT_CATEGORY_RELATIONSHIP('','',#3172,#3170);
#3172 = PRODUCT_CATEGORY('part',$);
#3173 = CC_DESIGN_PERSON_AND_ORGANIZATION_ASSIGNMENT(#48,#51,(#3138,
    #3137));
#3174 = CC_DESIGN_PERSON_AND_ORGANIZATION_ASSIGNMENT(#48,#53,(#3139));
#3175 = CC_DESIGN_PERSON_AND_ORGANIZATION_ASSIGNMENT(#48,#55,(#3138));
#3176 = CC_DESIGN_PERSON_AND_ORGANIZATION_ASSIGNMENT(#48,#57,(#3177));
#3177 = SECURITY_CLASSIFICATION('','',#59);
#3178 = CC_DESIGN_SECURITY_CLASSIFICATION(#3177,(#3138));
#3179 = CC_DESIGN_DATE_AND_TIME_ASSIGNMENT(#62,#66,(#3137));
#3180 = CC_DESIGN_DATE_AND_TIME_ASSIGNMENT(#62,#68,(#3177));
#3181 = CC_DESIGN_APPROVAL(#70,(#3138,#3137,#3177));
#3182 = SHAPE_DEFINITION_REPRESENTATION(#3183,#3189);
#3183 = PRODUCT_DEFINITION_SHAPE('','',#3184);
#3184 = PRODUCT_DEFINITION('design','',#3185,#3188);
#3185 = PRODUCT_DEFINITION_FORMATION_WITH_SPECIFIED_SOURCE('','',#3186,
  .NOT_KNOWN.);
#3186 = PRODUCT('Body','Body','',(#3187));
#3187 = MECHANICAL_CONTEXT('',#2,'mechanical');
#3188 = DESIGN_CONTEXT('',#2,'design');
#3189 = ADVANCED_BREP_SHAPE_REPRESENTATION('',(#11,#3190),#3760);
#3190 = MANIFOLD_SOLID_BREP('',#3191);
#3191 = CLOSED_SHELL('',(#3192,#3232,#3263,#3294,#3327,#3358,#3391,#3422
    ,#3455,#3486,#3519,#3550,#3583,#3614,#3638,#3671,#3704,#3732));
#3192 = ADVANCED_FACE('',(#3193),#3227,.T.);
#3193 = FACE_BOUND('',#3194,.T.);
#3194 = EDGE_LOOP('',(#3195,#3205,#3213,#3221));
#3195 = ORIENTED_EDGE('',*,*,#3196,.T.);
#3196 = EDGE_CURVE('',#3197,#3199,#3201,.T.);
#3197 = VERTEX_POINT('',#3198);
#3198 = CARTESIAN_POINT('',(174.80626295546,0.,0.));
#3199 = VERTEX_POINT('',#3200);
#3200 = CARTESIAN_POINT('',(174.80626295546,-25.,6.E-15));
#3201 = LINE('',#3202,#3203);
#3202 = CARTESIAN_POINT('',(174.80626295546,-0.,-0.));
#3203 = VECTOR('',#3204,1.);
#3204 = DIRECTION('',(0.,-1.,2.2E-16));
#3205 = ORIENTED_EDGE('',*,*,#3206,.T.);
#3206 = EDGE_CURVE('',#3199,#3207,#3209,.T.);
#3207 = VERTEX_POINT('',#3208);
#3208 = CARTESIAN_POINT('',(0.,-25.,6.E-15));
#3209 = LINE('',#3210,#3211);
#3210 = CARTESIAN_POINT('',(174.80626295546,-25.,6.E-15));
#3211 = VECTOR('',#3212,1.);
#3212 = DIRECTION('',(-1.,0.,0.));
#3213 = ORIENTED_EDGE('',*,*,#3214,.F.);
#3214 = EDGE_CURVE('',#3215,#3207,#3217,.T.);
#3215 = VERTEX_POINT('',#3216);
#3216 = CARTESIAN_POINT('',(0.,0.,0.));
#3217 = LINE('',#3218,#3219);
#3218 = CARTESIAN_POINT('',(0.,0.,0.));
#3219 = VECTOR('',#3220,1.);
#3220 = DIRECTION('',(0.,-1.,2.2E-16));
#3221 = ORIENTED_EDGE('',*,*,#3222,.F.);
#3222 = EDGE_CURVE('',#3197,#3215,#3223,.T.);
#3223 = LINE('',#3224,#3225);
#3224 = CARTESIAN_POINT('',(174.80626295546,0.,0.));
#3225 = VECTOR('',#3226,1.);
#3226 = DIRECTION('',(-1.,0.,0.));
#3227 = PLANE('',#3228);
#3228 = AXIS2_PLACEMENT_3D('',#3229,#3230,#3231);
#3229 = CARTESIAN_POINT('',(174.80626295546,-0.,-0.));
#3230 = DIRECTION('',(-0.,-2.2E-16,-1.));
#3231 = DIRECTION('',(-1.,0.,0.));
#3232 = ADVANCED_FACE('',(#3233),#3258,.T.);
#3233 = FACE_BOUND('',#3234,.T.);
#3234 = EDGE_LOOP('',(#3235,#3236,#3244,#3252));
#3235 = ORIENTED_EDGE('',*,*,#3214,.T.);
#3236 = ORIENTED_EDGE('',*,*,#3237,.T.);
#3237 = EDGE_CURVE('',#3207,#3238,#3240,.T.);
#3238 = VERTEX_POINT('',#3239);
#3239 = CARTESIAN_POINT('',(0.,-25.,1.19E+03));
#3240 = LINE('',#3241,#3242);
#3241 = CARTESIAN_POINT('',(0.,-25.,6.E-15));
#3242 = VECTOR('',#3243,1.);
#3243 = DIRECTION('',(0.,0.,1.));
#3244 = ORIENTED_EDGE('',*,*,#3245,.F.);
#3245 = EDGE_CURVE('',#3246,#3238,#3248,.T.);
#3246 = VERTEX_POINT('',#3247);
#3247 = CARTESIAN_POINT('',(0.,2.64E-13,1.19E+03));
#3248 = LINE('',#3249,#3250);
#3249 = CARTESIAN_POINT('',(0.,2.6423E-13,1.19E+03));
#3250 = VECTOR('',#3251,1.);
#3251 = DIRECTION('',(0.,-1.,2.2E-16));
#3252 = ORIENTED_EDGE('',*,*,#3253,.F.);
#3253 = EDGE_CURVE('',#3215,#3246,#3254,.T.);
#3254 = LINE('',#3255,#3256);
#3255 = CARTESIAN_POINT('',(0.,0.,0.));
#3256 = VECTOR('',#3257,1.);
#3257 = DIRECTION('',(0.,0.,1.));
#3258 = PLANE('',#3259);
#3259 = AXIS2_PLACEMENT_3D('',#3260,#3261,#3262);
#3260 = CARTESIAN_POINT('',(0.,0.,0.));
#3261 = DIRECTION('',(-1.,0.,0.));
#3262 = DIRECTION('',(0.,2.2E-16,1.));
#3263 = ADVANCED_FACE('',(#3264),#3289,.T.);
#3264 = FACE_BOUND('',#3265,.T.);
#3265 = EDGE_LOOP('',(#3266,#3267,#3275,#3283));
#3266 = ORIENTED_EDGE('',*,*,#3245,.T.);
#3267 = ORIENTED_EDGE('',*,*,#3268,.T.);
#3268 = EDGE_CURVE('',#3238,#3269,#3271,.T.);
#3269 = VERTEX_POINT('',#3270);
#3270 = CARTESIAN_POINT('',(160.09389916098,-25.,1.19E+03));
#3271 = LINE('',#3272,#3273);
#3272 = CARTESIAN_POINT('',(0.,-25.,1.19E+03));
#3273 = VECTOR('',#3274,1.);
#3274 = DIRECTION('',(1.,0.,0.));
#3275 = ORIENTED_EDGE('',*,*,#3276,.F.);
#3276 = EDGE_CURVE('',#3277,#3269,#3279,.T.);
#3277 = VERTEX_POINT('',#3278);
#3278 = CARTESIAN_POINT('',(160.09389916098,2.64E-13,1.19E+03));
#3279 = LINE('',#3280,#3281);
#3280 = CARTESIAN_POINT('',(160.09389916098,2.6423E-13,1.19E+03));
#3281 = VECTOR('',#3282,1.);
#3282 = DIRECTION('',(0.,-1.,2.2E-16));
#3283 = ORIENTED_EDGE('',*,*,#3284,.F.);
#3284 = EDGE_CURVE('',#3246,#3277,#3285,.T.);
#3285 = LINE('',#3286,#3287);
#3286 = CARTESIAN_POINT('',(0.,0.,1.19E+03));
#3287 = VECTOR('',#3288,1.);
#3288 = DIRECTION('',(1.,0.,0.));
#3289 = PLANE('',#3290);
#3290 = AXIS2_PLACEMENT_3D('',#3291,#3292,#3293);
#3291 = CARTESIAN_POINT('',(0.,2.6423E-13,1.19E+03));
#3292 = DIRECTION('',(0.,2.2E-16,1.));
#3293 = DIRECTION('',(1.,0.,-0.));
#3294 = ADVANCED_FACE('',(#3295),#3322,.T.);
#3295 = FACE_BOUND('',#3296,.F.);
#3296 = EDGE_LOOP('',(#3297,#3307,#3314,#3315));
#3297 = ORIENTED_EDGE('',*,*,#3298,.T.);
#3298 = EDGE_CURVE('',#3299,#3301,#3303,.T.);
#3299 = VERTEX_POINT('',#3300);
#3300 = CARTESIAN_POINT('',(177.22029554035,2.63E-13,1.183212263644E+03)
  );
#3301 = VERTEX_POINT('',#3302);
#3302 = CARTESIAN_POINT('',(177.22029554035,-25.,1.183212263644E+03));
#3303 = LINE('',#3304,#3305);
#3304 = CARTESIAN_POINT('',(177.22029554035,2.6273E-13,
    1.183212263644E+03));
#3305 = VECTOR('',#3306,1.);
#3306 = DIRECTION('',(0.,-1.,2.2E-16));
#3307 = ORIENTED_EDGE('',*,*,#3308,.T.);
#3308 = EDGE_CURVE('',#3301,#3269,#3309,.T.);
#3309 = CIRCLE('',#3310,25.);
#3310 = AXIS2_PLACEMENT_3D('',#3311,#3312,#3313);
#3311 = CARTESIAN_POINT('',(160.09389916098,-25.,1.165E+03));
#3312 = DIRECTION('',(0.,-1.,0.));
#3313 = DIRECTION('',(1.,0.,0.));
#3314 = ORIENTED_EDGE('',*,*,#3276,.F.);
#3315 = ORIENTED_EDGE('',*,*,#3316,.F.);
#3316 = EDGE_CURVE('',#3299,#3277,#3317,.T.);
#3317 = CIRCLE('',#3318,25.);
#3318 = AXIS2_PLACEMENT_3D('',#3319,#3320,#3321);
#3319 = CARTESIAN_POINT('',(160.09389916098,0.,1.165E+03));
#3320 = DIRECTION('',(0.,-1.,0.));
#3321 = DIRECTION('',(1.,0.,0.));
#3322 = CYLINDRICAL_SURFACE('',#3323,25.);
#3323 = AXIS2_PLACEMENT_3D('',#3324,#3325,#3326);
#3324 = CARTESIAN_POINT('',(160.09389916098,2.5868E-13,1.165E+03));
#3325 = DIRECTION('',(0.,1.,-2.2E-16));
#3326 = DIRECTION('',(1.,0.,0.));
#3327 = ADVANCED_FACE('',(#3328),#3353,.T.);
#3328 = FACE_BOUND('',#3329,.T.);
#3329 = EDGE_LOOP('',(#3330,#3331,#3339,#3347));
#3330 = ORIENTED_EDGE('',*,*,#3298,.T.);
#3331 = ORIENTED_EDGE('',*,*,#3332,.T.);
#3332 = EDGE_CURVE('',#3301,#3333,#3335,.T.);
#3333 = VERTEX_POINT('',#3334);
#3334 = CARTESIAN_POINT('',(225.21368644155,-25.,1.138080376021E+03));
#3335 = LINE('',#3336,#3337);
#3336 = CARTESIAN_POINT('',(177.22029554035,-25.,1.183212263644E+03));
#3337 = VECTOR('',#3338,1.);
#3338 = DIRECTION('',(0.72849054578,0.,-0.685055855175));
#3339 = ORIENTED_EDGE('',*,*,#3340,.F.);
#3340 = EDGE_CURVE('',#3341,#3333,#3343,.T.);
#3341 = VERTEX_POINT('',#3342);
#3342 = CARTESIAN_POINT('',(225.21368644155,2.53E-13,1.138080376021E+03)
  );
#3343 = LINE('',#3344,#3345);
#3344 = CARTESIAN_POINT('',(225.21368644155,2.527E-13,1.138080376021E+03
    ));
#3345 = VECTOR('',#3346,1.);
#3346 = DIRECTION('',(0.,-1.,2.2E-16));
#3347 = ORIENTED_EDGE('',*,*,#3348,.F.);
#3348 = EDGE_CURVE('',#3299,#3341,#3349,.T.);
#3349 = LINE('',#3350,#3351);
#3350 = CARTESIAN_POINT('',(177.22029554035,0.,1.183212263644E+03));
#3351 = VECTOR('',#3352,1.);
#3352 = DIRECTION('',(0.72849054578,0.,-0.685055855175));
#3353 = PLANE('',#3354);
#3354 = AXIS2_PLACEMENT_3D('',#3355,#3356,#3357);
#3355 = CARTESIAN_POINT('',(177.22029554035,2.6273E-13,
    1.183212263644E+03));
#3356 = DIRECTION('',(0.685055855175,1.6E-16,0.72849054578));
#3357 = DIRECTION('',(0.72849054578,-1.5E-16,-0.685055855175));
#3358 = ADVANCED_FACE('',(#3359),#3386,.T.);
#3359 = FACE_BOUND('',#3360,.F.);
#3360 = EDGE_LOOP('',(#3361,#3371,#3378,#3379));
#3361 = ORIENTED_EDGE('',*,*,#3362,.T.);
#3362 = EDGE_CURVE('',#3363,#3365,#3367,.T.);
#3363 = VERTEX_POINT('',#3364);
#3364 = CARTESIAN_POINT('',(225.84102374436,2.31E-13,1.04251736589E+03)
  );
#3365 = VERTEX_POINT('',#3366);
#3366 = CARTESIAN_POINT('',(225.84102374436,-25.,1.04251736589E+03));
#3367 = LINE('',#3368,#3369);
#3368 = CARTESIAN_POINT('',(225.84102374436,2.3149E-13,1.04251736589E+03
    ));
#3369 = VECTOR('',#3370,1.);
#3370 = DIRECTION('',(0.,-1.,2.2E-16));
#3371 = ORIENTED_EDGE('',*,*,#3372,.T.);
#3372 = EDGE_CURVE('',#3365,#3333,#3373,.T.);
#3373 = CIRCLE('',#3374,66.);
#3374 = AXIS2_PLACEMENT_3D('',#3375,#3376,#3377);
#3375 = CARTESIAN_POINT('',(180.,-25.,1.09E+03));
#3376 = DIRECTION('',(0.,-1.,0.));
#3377 = DIRECTION('',(1.,0.,0.));
#3378 = ORIENTED_EDGE('',*,*,#3340,.F.);
#3379 = ORIENTED_EDGE('',*,*,#3380,.F.);
#3380 = EDGE_CURVE('',#3363,#3341,#3381,.T.);
#3381 = CIRCLE('',#3382,66.);
#3382 = AXIS2_PLACEMENT_3D('',#3383,#3384,#3385);
#3383 = CARTESIAN_POINT('',(180.,0.,1.09E+03));
#3384 = DIRECTION('',(0.,-1.,0.));
#3385 = DIRECTION('',(1.,0.,0.));
#3386 = CYLINDRICAL_SURFACE('',#3387,66.);
#3387 = AXIS2_PLACEMENT_3D('',#3388,#3389,#3390);
#3388 = CARTESIAN_POINT('',(180.,2.4203E-13,1.09E+03));
#3389 = DIRECTION('',(0.,1.,-2.2E-16));
#3390 = DIRECTION('',(1.,0.,0.));
#3391 = ADVANCED_FACE('',(#3392),#3417,.T.);
#3392 = FACE_BOUND('',#3393,.T.);
#3393 = EDGE_LOOP('',(#3394,#3395,#3403,#3411));
#3394 = ORIENTED_EDGE('',*,*,#3362,.T.);
#3395 = ORIENTED_EDGE('',*,*,#3396,.T.);
#3396 = EDGE_CURVE('',#3365,#3397,#3399,.T.);
#3397 = VERTEX_POINT('',#3398);
#3398 = CARTESIAN_POINT('',(137.64649943598,-25.,957.37197834557));
#3399 = LINE('',#3400,#3401);
#3400 = CARTESIAN_POINT('',(225.84102374436,-25.,1.04251736589E+03));
#3401 = VECTOR('',#3402,1.);
#3402 = DIRECTION('',(-0.719433850159,-0.,-0.694560965824));
#3403 = ORIENTED_EDGE('',*,*,#3404,.F.);
#3404 = EDGE_CURVE('',#3405,#3397,#3407,.T.);
#3405 = VERTEX_POINT('',#3406);
#3406 = CARTESIAN_POINT('',(137.64649943598,2.13E-13,957.37197834557));
#3407 = LINE('',#3408,#3409);
#3408 = CARTESIAN_POINT('',(137.64649943598,2.1258E-13,957.37197834557)
  );
#3409 = VECTOR('',#3410,1.);
#3410 = DIRECTION('',(0.,-1.,2.2E-16));
#3411 = ORIENTED_EDGE('',*,*,#3412,.F.);
#3412 = EDGE_CURVE('',#3363,#3405,#3413,.T.);
#3413 = LINE('',#3414,#3415);
#3414 = CARTESIAN_POINT('',(225.84102374436,0.,1.04251736589E+03));
#3415 = VECTOR('',#3416,1.);
#3416 = DIRECTION('',(-0.719433850159,-0.,-0.694560965824));
#3417 = PLANE('',#3418);
#3418 = AXIS2_PLACEMENT_3D('',#3419,#3420,#3421);
#3419 = CARTESIAN_POINT('',(225.84102374436,2.3149E-13,1.04251736589E+03
    ));
#3420 = DIRECTION('',(0.694560965824,-1.6E-16,-0.719433850159));
#3421 = DIRECTION('',(-0.719433850159,-1.5E-16,-0.694560965824));
#3422 = ADVANCED_FACE('',(#3423),#3450,.F.);
#3423 = FACE_BOUND('',#3424,.T.);
#3424 = EDGE_LOOP('',(#3425,#3426,#3435,#3443));
#3425 = ORIENTED_EDGE('',*,*,#3404,.T.);
#3426 = ORIENTED_EDGE('',*,*,#3427,.T.);
#3427 = EDGE_CURVE('',#3397,#3428,#3430,.T.);
#3428 = VERTEX_POINT('',#3429);
#3429 = CARTESIAN_POINT('',(130.01052358158,-25.,939.38613209161));
#3430 = CIRCLE('',#3431,25.);
#3431 = AXIS2_PLACEMENT_3D('',#3432,#3433,#3434);
#3432 = CARTESIAN_POINT('',(155.01052358158,-25.,939.38613209161));
#3433 = DIRECTION('',(0.,-1.,0.));
#3434 = DIRECTION('',(1.,0.,0.));
#3435 = ORIENTED_EDGE('',*,*,#3436,.F.);
#3436 = EDGE_CURVE('',#3437,#3428,#3439,.T.);
#3437 = VERTEX_POINT('',#3438);
#3438 = CARTESIAN_POINT('',(130.01052358158,2.09E-13,939.38613209161));
#3439 = LINE('',#3440,#3441);
#3440 = CARTESIAN_POINT('',(130.01052358158,2.0859E-13,939.38613209161)
  );
#3441 = VECTOR('',#3442,1.);
#3442 = DIRECTION('',(0.,-1.,2.2E-16));
#3443 = ORIENTED_EDGE('',*,*,#3444,.F.);
#3444 = EDGE_CURVE('',#3405,#3437,#3445,.T.);
#3445 = CIRCLE('',#3446,25.);
#3446 = AXIS2_PLACEMENT_3D('',#3447,#3448,#3449);
#3447 = CARTESIAN_POINT('',(155.01052358158,0.,939.38613209161));
#3448 = DIRECTION('',(0.,-1.,0.));
#3449 = DIRECTION('',(1.,0.,0.));
#3450 = CYLINDRICAL_SURFACE('',#3451,25.);
#3451 = AXIS2_PLACEMENT_3D('',#3452,#3453,#3454);
#3452 = CARTESIAN_POINT('',(155.01052358158,2.0859E-13,939.38613209161)
  );
#3453 = DIRECTION('',(0.,1.,-2.2E-16));
#3454 = DIRECTION('',(1.,0.,0.));
#3455 = ADVANCED_FACE('',(#3456),#3481,.T.);
#3456 = FACE_BOUND('',#3457,.T.);
#3457 = EDGE_LOOP('',(#3458,#3459,#3467,#3475));
#3458 = ORIENTED_EDGE('',*,*,#3436,.T.);
#3459 = ORIENTED_EDGE('',*,*,#3460,.T.);
#3460 = EDGE_CURVE('',#3428,#3461,#3463,.T.);
#3461 = VERTEX_POINT('',#3462);
#3462 = CARTESIAN_POINT('',(130.01052358158,-25.,433.17367434073));
#3463 = LINE('',#3464,#3465);
#3464 = CARTESIAN_POINT('',(130.01052358158,-25.,939.38613209161));
#3465 = VECTOR('',#3466,1.);
#3466 = DIRECTION('',(0.,0.,-1.));
#3467 = ORIENTED_EDGE('',*,*,#3468,.F.);
#3468 = EDGE_CURVE('',#3469,#3461,#3471,.T.);
#3469 = VERTEX_POINT('',#3470);
#3470 = CARTESIAN_POINT('',(130.01052358158,9.6E-14,433.17367434073));
#3471 = LINE('',#3472,#3473);
#3472 = CARTESIAN_POINT('',(130.01052358158,9.618E-14,433.17367434073));
#3473 = VECTOR('',#3474,1.);
#3474 = DIRECTION('',(0.,-1.,2.2E-16));
#3475 = ORIENTED_EDGE('',*,*,#3476,.F.);
#3476 = EDGE_CURVE('',#3437,#3469,#3477,.T.);
#3477 = LINE('',#3478,#3479);
#3478 = CARTESIAN_POINT('',(130.01052358158,0.,939.38613209161));
#3479 = VECTOR('',#3480,1.);
#3480 = DIRECTION('',(0.,0.,-1.));
#3481 = PLANE('',#3482);
#3482 = AXIS2_PLACEMENT_3D('',#3483,#3484,#3485);
#3483 = CARTESIAN_POINT('',(130.01052358158,2.0859E-13,939.38613209161)
  );
#3484 = DIRECTION('',(1.,0.,0.));
#3485 = DIRECTION('',(0.,-2.2E-16,-1.));
#3486 = ADVANCED_FACE('',(#3487),#3514,.F.);
#3487 = FACE_BOUND('',#3488,.T.);
#3488 = EDGE_LOOP('',(#3489,#3490,#3499,#3507));
#3489 = ORIENTED_EDGE('',*,*,#3468,.T.);
#3490 = ORIENTED_EDGE('',*,*,#3491,.T.);
#3491 = EDGE_CURVE('',#3461,#3492,#3494,.T.);
#3492 = VERTEX_POINT('',#3493);
#3493 = CARTESIAN_POINT('',(134.83909308861,-25.,418.40501184654));
#3494 = CIRCLE('',#3495,25.);
#3495 = AXIS2_PLACEMENT_3D('',#3496,#3497,#3498);
#3496 = CARTESIAN_POINT('',(155.01052358158,-25.,433.17367434073));
#3497 = DIRECTION('',(0.,-1.,0.));
#3498 = DIRECTION('',(1.,0.,0.));
#3499 = ORIENTED_EDGE('',*,*,#3500,.F.);
#3500 = EDGE_CURVE('',#3501,#3492,#3503,.T.);
#3501 = VERTEX_POINT('',#3502);
#3502 = CARTESIAN_POINT('',(134.83909308861,9.3E-14,418.40501184654));
#3503 = LINE('',#3504,#3505);
#3504 = CARTESIAN_POINT('',(134.83909308861,9.29E-14,418.40501184654));
#3505 = VECTOR('',#3506,1.);
#3506 = DIRECTION('',(0.,-1.,2.2E-16));
#3507 = ORIENTED_EDGE('',*,*,#3508,.F.);
#3508 = EDGE_CURVE('',#3469,#3501,#3509,.T.);
#3509 = CIRCLE('',#3510,25.);
#3510 = AXIS2_PLACEMENT_3D('',#3511,#3512,#3513);
#3511 = CARTESIAN_POINT('',(155.01052358158,0.,433.17367434073));
#3512 = DIRECTION('',(0.,-1.,0.));
#3513 = DIRECTION('',(1.,0.,0.));
#3514 = CYLINDRICAL_SURFACE('',#3515,25.);
#3515 = AXIS2_PLACEMENT_3D('',#3516,#3517,#3518);
#3516 = CARTESIAN_POINT('',(155.01052358158,9.618E-14,433.17367434073));
#3517 = DIRECTION('',(0.,1.,-2.2E-16));
#3518 = DIRECTION('',(1.,0.,0.));
#3519 = ADVANCED_FACE('',(#3520),#3545,.T.);
#3520 = FACE_BOUND('',#3521,.T.);
#3521 = EDGE_LOOP('',(#3522,#3523,#3531,#3539));
#3522 = ORIENTED_EDGE('',*,*,#3500,.T.);
#3523 = ORIENTED_EDGE('',*,*,#3524,.T.);
#3524 = EDGE_CURVE('',#3492,#3525,#3527,.T.);
#3525 = VERTEX_POINT('',#3526);
#3526 = CARTESIAN_POINT('',(233.25257650144,-25.,283.98926898466));
#3527 = LINE('',#3528,#3529);
#3528 = CARTESIAN_POINT('',(134.83909308861,-25.,418.40501184654));
#3529 = VECTOR('',#3530,1.);
#3530 = DIRECTION('',(0.590746499768,0.,-0.806857219719));
#3531 = ORIENTED_EDGE('',*,*,#3532,.F.);
#3532 = EDGE_CURVE('',#3533,#3525,#3535,.T.);
#3533 = VERTEX_POINT('',#3534);
#3534 = CARTESIAN_POINT('',(233.25257650144,6.3E-14,283.98926898466));
#3535 = LINE('',#3536,#3537);
#3536 = CARTESIAN_POINT('',(233.25257650144,6.306E-14,283.98926898466));
#3537 = VECTOR('',#3538,1.);
#3538 = DIRECTION('',(0.,-1.,2.2E-16));
#3539 = ORIENTED_EDGE('',*,*,#3540,.F.);
#3540 = EDGE_CURVE('',#3501,#3533,#3541,.T.);
#3541 = LINE('',#3542,#3543);
#3542 = CARTESIAN_POINT('',(134.83909308861,0.,418.40501184654));
#3543 = VECTOR('',#3544,1.);
#3544 = DIRECTION('',(0.590746499768,0.,-0.806857219719));
#3545 = PLANE('',#3546);
#3546 = AXIS2_PLACEMENT_3D('',#3547,#3548,#3549);
#3547 = CARTESIAN_POINT('',(134.83909308861,9.29E-14,418.40501184654));
#3548 = DIRECTION('',(0.806857219719,1.3E-16,0.590746499768));
#3549 = DIRECTION('',(0.590746499768,-1.8E-16,-0.806857219719));
#3550 = ADVANCED_FACE('',(#3551),#3578,.T.);
#3551 = FACE_BOUND('',#3552,.F.);
#3552 = EDGE_LOOP('',(#3553,#3563,#3570,#3571));
#3553 = ORIENTED_EDGE('',*,*,#3554,.T.);
#3554 = EDGE_CURVE('',#3555,#3557,#3559,.T.);
#3555 = VERTEX_POINT('',#3556);
#3556 = CARTESIAN_POINT('',(244.53610727565,5.1E-14,231.17643831332));
#3557 = VERTEX_POINT('',#3558);
#3558 = CARTESIAN_POINT('',(244.53610727565,-25.,231.17643831332));
#3559 = LINE('',#3560,#3561);
#3560 = CARTESIAN_POINT('',(244.53610727565,5.133E-14,231.17643831332));
#3561 = VECTOR('',#3562,1.);
#3562 = DIRECTION('',(0.,-1.,2.2E-16));
#3563 = ORIENTED_EDGE('',*,*,#3564,.T.);
#3564 = EDGE_CURVE('',#3557,#3525,#3565,.T.);
#3565 = CIRCLE('',#3566,66.);
#3566 = AXIS2_PLACEMENT_3D('',#3567,#3568,#3569);
#3567 = CARTESIAN_POINT('',(180.,-25.,245.));
#3568 = DIRECTION('',(0.,-1.,0.));
#3569 = DIRECTION('',(1.,0.,0.));
#3570 = ORIENTED_EDGE('',*,*,#3532,.F.);
#3571 = ORIENTED_EDGE('',*,*,#3572,.F.);
#3572 = EDGE_CURVE('',#3555,#3533,#3573,.T.);
#3573 = CIRCLE('',#3574,66.);
#3574 = AXIS2_PLACEMENT_3D('',#3575,#3576,#3577);
#3575 = CARTESIAN_POINT('',(180.,0.,245.));
#3576 = DIRECTION('',(0.,-1.,0.));
#3577 = DIRECTION('',(1.,0.,0.));
#3578 = CYLINDRICAL_SURFACE('',#3579,66.);
#3579 = AXIS2_PLACEMENT_3D('',#3580,#3581,#3582);
#3580 = CARTESIAN_POINT('',(180.,5.44E-14,245.));
#3581 = DIRECTION('',(0.,1.,-2.2E-16));
#3582 = DIRECTION('',(1.,0.,0.));
#3583 = ADVANCED_FACE('',(#3584),#3609,.T.);
#3584 = FACE_BOUND('',#3585,.T.);
#3585 = EDGE_LOOP('',(#3586,#3587,#3595,#3603));
#3586 = ORIENTED_EDGE('',*,*,#3554,.T.);
#3587 = ORIENTED_EDGE('',*,*,#3588,.T.);
#3588 = EDGE_CURVE('',#3557,#3589,#3591,.T.);
#3589 = VERTEX_POINT('',#3590);
#3590 = CARTESIAN_POINT('',(199.25175813563,-25.,19.763802391413));
#3591 = LINE('',#3592,#3593);
#3592 = CARTESIAN_POINT('',(244.53610727565,-25.,231.17643831332));
#3593 = VECTOR('',#3594,1.);
#3594 = DIRECTION('',(-0.209447904343,-0.,-0.977819807207));
#3595 = ORIENTED_EDGE('',*,*,#3596,.F.);
#3596 = EDGE_CURVE('',#3597,#3589,#3599,.T.);
#3597 = VERTEX_POINT('',#3598);
#3598 = CARTESIAN_POINT('',(199.25175813563,4.E-15,19.763802391413));
#3599 = LINE('',#3600,#3601);
#3600 = CARTESIAN_POINT('',(199.25175813563,4.39E-15,19.763802391413));
#3601 = VECTOR('',#3602,1.);
#3602 = DIRECTION('',(0.,-1.,2.2E-16));
#3603 = ORIENTED_EDGE('',*,*,#3604,.F.);
#3604 = EDGE_CURVE('',#3555,#3597,#3605,.T.);
#3605 = LINE('',#3606,#3607);
#3606 = CARTESIAN_POINT('',(244.53610727565,0.,231.17643831332));
#3607 = VECTOR('',#3608,1.);
#3608 = DIRECTION('',(-0.209447904343,-0.,-0.977819807207));
#3609 = PLANE('',#3610);
#3610 = AXIS2_PLACEMENT_3D('',#3611,#3612,#3613);
#3611 = CARTESIAN_POINT('',(244.53610727565,5.133E-14,231.17643831332));
#3612 = DIRECTION('',(0.977819807207,-5.E-17,-0.209447904343));
#3613 = DIRECTION('',(-0.209447904343,-2.2E-16,-0.977819807207));
#3614 = ADVANCED_FACE('',(#3615),#3633,.T.);
#3615 = FACE_BOUND('',#3616,.F.);
#3616 = EDGE_LOOP('',(#3617,#3618,#3625,#3626));
#3617 = ORIENTED_EDGE('',*,*,#3196,.T.);
#3618 = ORIENTED_EDGE('',*,*,#3619,.T.);
#3619 = EDGE_CURVE('',#3199,#3589,#3620,.T.);
#3620 = CIRCLE('',#3621,25.);
#3621 = AXIS2_PLACEMENT_3D('',#3622,#3623,#3624);
#3622 = CARTESIAN_POINT('',(174.80626295546,-25.,25.));
#3623 = DIRECTION('',(0.,-1.,0.));
#3624 = DIRECTION('',(1.,0.,0.));
#3625 = ORIENTED_EDGE('',*,*,#3596,.F.);
#3626 = ORIENTED_EDGE('',*,*,#3627,.F.);
#3627 = EDGE_CURVE('',#3197,#3597,#3628,.T.);
#3628 = CIRCLE('',#3629,25.);
#3629 = AXIS2_PLACEMENT_3D('',#3630,#3631,#3632);
#3630 = CARTESIAN_POINT('',(174.80626295546,0.,25.));
#3631 = DIRECTION('',(0.,-1.,0.));
#3632 = DIRECTION('',(1.,0.,0.));
#3633 = CYLINDRICAL_SURFACE('',#3634,25.);
#3634 = AXIS2_PLACEMENT_3D('',#3635,#3636,#3637);
#3635 = CARTESIAN_POINT('',(174.80626295546,5.55E-15,25.));
#3636 = DIRECTION('',(0.,1.,-2.2E-16));
#3637 = DIRECTION('',(1.,0.,0.));
#3638 = ADVANCED_FACE('',(#3639),#3666,.F.);
#3639 = FACE_BOUND('',#3640,.T.);
#3640 = EDGE_LOOP('',(#3641,#3651,#3658,#3659));
#3641 = ORIENTED_EDGE('',*,*,#3642,.T.);
#3642 = EDGE_CURVE('',#3643,#3645,#3647,.T.);
#3643 = VERTEX_POINT('',#3644);
#3644 = CARTESIAN_POINT('',(210.,2.42E-13,1.09E+03));
#3645 = VERTEX_POINT('',#3646);
#3646 = CARTESIAN_POINT('',(210.,-25.,1.09E+03));
#3647 = LINE('',#3648,#3649);
#3648 = CARTESIAN_POINT('',(210.,2.4203E-13,1.09E+03));
#3649 = VECTOR('',#3650,1.);
#3650 = DIRECTION('',(0.,-1.,2.2E-16));
#3651 = ORIENTED_EDGE('',*,*,#3652,.T.);
#3652 = EDGE_CURVE('',#3645,#3645,#3653,.T.);
#3653 = CIRCLE('',#3654,30.);
#3654 = AXIS2_PLACEMENT_3D('',#3655,#3656,#3657);
#3655 = CARTESIAN_POINT('',(180.,-25.,1.09E+03));
#3656 = DIRECTION('',(0.,-1.,0.));
#3657 = DIRECTION('',(1.,0.,0.));
#3658 = ORIENTED_EDGE('',*,*,#3642,.F.);
#3659 = ORIENTED_EDGE('',*,*,#3660,.F.);
#3660 = EDGE_CURVE('',#3643,#3643,#3661,.T.);
#3661 = CIRCLE('',#3662,30.);
#3662 = AXIS2_PLACEMENT_3D('',#3663,#3664,#3665);
#3663 = CARTESIAN_POINT('',(180.,0.,1.09E+03));
#3664 = DIRECTION('',(0.,-1.,0.));
#3665 = DIRECTION('',(1.,0.,0.));
#3666 = CYLINDRICAL_SURFACE('',#3667,30.);
#3667 = AXIS2_PLACEMENT_3D('',#3668,#3669,#3670);
#3668 = CARTESIAN_POINT('',(180.,2.4203E-13,1.09E+03));
#3669 = DIRECTION('',(0.,1.,-2.2E-16));
#3670 = DIRECTION('',(1.,0.,0.));
#3671 = ADVANCED_FACE('',(#3672),#3699,.F.);
#3672 = FACE_BOUND('',#3673,.T.);
#3673 = EDGE_LOOP('',(#3674,#3684,#3691,#3692));
#3674 = ORIENTED_EDGE('',*,*,#3675,.T.);
#3675 = EDGE_CURVE('',#3676,#3678,#3680,.T.);
#3676 = VERTEX_POINT('',#3677);
#3677 = CARTESIAN_POINT('',(210.,5.4E-14,245.));
#3678 = VERTEX_POINT('',#3679);
#3679 = CARTESIAN_POINT('',(210.,-25.,245.));
#3680 = LINE('',#3681,#3682);
#3681 = CARTESIAN_POINT('',(210.,5.44E-14,245.));
#3682 = VECTOR('',#3683,1.);
#3683 = DIRECTION('',(0.,-1.,2.2E-16));
#3684 = ORIENTED_EDGE('',*,*,#3685,.T.);
#3685 = EDGE_CURVE('',#3678,#3678,#3686,.T.);
#3686 = CIRCLE('',#3687,30.);
#3687 = AXIS2_PLACEMENT_3D('',#3688,#3689,#3690);
#3688 = CARTESIAN_POINT('',(180.,-25.,245.));
#3689 = DIRECTION('',(0.,-1.,0.));
#3690 = DIRECTION('',(1.,0.,0.));
#3691 = ORIENTED_EDGE('',*,*,#3675,.F.);
#3692 = ORIENTED_EDGE('',*,*,#3693,.F.);
#3693 = EDGE_CURVE('',#3676,#3676,#3694,.T.);
#3694 = CIRCLE('',#3695,30.);
#3695 = AXIS2_PLACEMENT_3D('',#3696,#3697,#3698);
#3696 = CARTESIAN_POINT('',(180.,0.,245.));
#3697 = DIRECTION('',(0.,-1.,0.));
#3698 = DIRECTION('',(1.,0.,0.));
#3699 = CYLINDRICAL_SURFACE('',#3700,30.);
#3700 = AXIS2_PLACEMENT_3D('',#3701,#3702,#3703);
#3701 = CARTESIAN_POINT('',(180.,5.44E-14,245.));
#3702 = DIRECTION('',(0.,1.,-2.2E-16));
#3703 = DIRECTION('',(1.,0.,0.));
#3704 = ADVANCED_FACE('',(#3705,#3721,#3724),#3727,.T.);
#3705 = FACE_BOUND('',#3706,.T.);
#3706 = EDGE_LOOP('',(#3707,#3708,#3709,#3710,#3711,#3712,#3713,#3714,
    #3715,#3716,#3717,#3718,#3719,#3720));
#3707 = ORIENTED_EDGE('',*,*,#3222,.T.);
#3708 = ORIENTED_EDGE('',*,*,#3253,.T.);
#3709 = ORIENTED_EDGE('',*,*,#3284,.T.);
#3710 = ORIENTED_EDGE('',*,*,#3316,.F.);
#3711 = ORIENTED_EDGE('',*,*,#3348,.T.);
#3712 = ORIENTED_EDGE('',*,*,#3380,.F.);
#3713 = ORIENTED_EDGE('',*,*,#3412,.T.);
#3714 = ORIENTED_EDGE('',*,*,#3444,.T.);
#3715 = ORIENTED_EDGE('',*,*,#3476,.T.);
#3716 = ORIENTED_EDGE('',*,*,#3508,.T.);
#3717 = ORIENTED_EDGE('',*,*,#3540,.T.);
#3718 = ORIENTED_EDGE('',*,*,#3572,.F.);
#3719 = ORIENTED_EDGE('',*,*,#3604,.T.);
#3720 = ORIENTED_EDGE('',*,*,#3627,.F.);
#3721 = FACE_BOUND('',#3722,.T.);
#3722 = EDGE_LOOP('',(#3723));
#3723 = ORIENTED_EDGE('',*,*,#3660,.T.);
#3724 = FACE_BOUND('',#3725,.T.);
#3725 = EDGE_LOOP('',(#3726));
#3726 = ORIENTED_EDGE('',*,*,#3693,.T.);
#3727 = PLANE('',#3728);
#3728 = AXIS2_PLACEMENT_3D('',#3729,#3730,#3731);
#3729 = CARTESIAN_POINT('',(100.20595264413,1.3452E-13,605.81390290166)
  );
#3730 = DIRECTION('',(0.,1.,0.));
#3731 = DIRECTION('',(0.,0.,1.));
#3732 = ADVANCED_FACE('',(#3733,#3749,#3752),#3755,.F.);
#3733 = FACE_BOUND('',#3734,.F.);
#3734 = EDGE_LOOP('',(#3735,#3736,#3737,#3738,#3739,#3740,#3741,#3742,
    #3743,#3744,#3745,#3746,#3747,#3748));
#3735 = ORIENTED_EDGE('',*,*,#3206,.T.);
#3736 = ORIENTED_EDGE('',*,*,#3237,.T.);
#3737 = ORIENTED_EDGE('',*,*,#3268,.T.);
#3738 = ORIENTED_EDGE('',*,*,#3308,.F.);
#3739 = ORIENTED_EDGE('',*,*,#3332,.T.);
#3740 = ORIENTED_EDGE('',*,*,#3372,.F.);
#3741 = ORIENTED_EDGE('',*,*,#3396,.T.);
#3742 = ORIENTED_EDGE('',*,*,#3427,.T.);
#3743 = ORIENTED_EDGE('',*,*,#3460,.T.);
#3744 = ORIENTED_EDGE('',*,*,#3491,.T.);
#3745 = ORIENTED_EDGE('',*,*,#3524,.T.);
#3746 = ORIENTED_EDGE('',*,*,#3564,.F.);
#3747 = ORIENTED_EDGE('',*,*,#3588,.T.);
#3748 = ORIENTED_EDGE('',*,*,#3619,.F.);
#3749 = FACE_BOUND('',#3750,.F.);
#3750 = EDGE_LOOP('',(#3751));
#3751 = ORIENTED_EDGE('',*,*,#3652,.T.);
#3752 = FACE_BOUND('',#3753,.F.);
#3753 = EDGE_LOOP('',(#3754));
#3754 = ORIENTED_EDGE('',*,*,#3685,.T.);
#3755 = PLANE('',#3756);
#3756 = AXIS2_PLACEMENT_3D('',#3757,#3758,#3759);
#3757 = CARTESIAN_POINT('',(100.20595264413,-25.,605.81390290166));
#3758 = DIRECTION('',(0.,1.,0.));
#3759 = DIRECTION('',(0.,0.,1.));
#3760 = ( GEOMETRIC_REPRESENTATION_CONTEXT(3) 
GLOBAL_UNCERTAINTY_ASSIGNED_CONTEXT((#3764)) 
GLOBAL_UNIT_ASSIGNED_CONTEXT((#3761,#3762,#3763)) REPRESENTATION_CONTEXT
('Context #1','3D Context with UNIT and UNCERTAINTY') );
#3761 = ( LENGTH_UNIT() NAMED_UNIT(*) SI_UNIT(.MILLI.,.METRE.) );
#3762 = ( NAMED_UNIT(*) PLANE_ANGLE_UNIT() SI_UNIT($,.RADIAN.) );
#3763 = ( NAMED_UNIT(*) SI_UNIT($,.STERADIAN.) SOLID_ANGLE_UNIT() );
#3764 = UNCERTAINTY_MEASURE_WITH_UNIT(LENGTH_MEASURE(1.E-07),#3761,
  'distance_accuracy_value','confusion accuracy');
#3765 = CONTEXT_DEPENDENT_SHAPE_REPRESENTATION(#3766,#3768);
#3766 = ( REPRESENTATION_RELATIONSHIP('','',#3189,#3142) 
REPRESENTATION_RELATIONSHIP_WITH_TRANSFORMATION(#3767) 
SHAPE_REPRESENTATION_RELATIONSHIP() );
#3767 = ITEM_DEFINED_TRANSFORMATION('','',#11,#3143);
#3768 = PRODUCT_DEFINITION_SHAPE('Placement','Placement of an item',
  #3769);
#3769 = NEXT_ASSEMBLY_USAGE_OCCURRENCE('2','Body004','',#3137,#3184,$);
#3770 = CC_DESIGN_SECURITY_CLASSIFICATION(#3771,(#3769));
#3771 = SECURITY_CLASSIFICATION('','',#59);
#3772 = CC_DESIGN_PERSON_AND_ORGANIZATION_ASSIGNMENT(#48,#57,(#3771));
#3773 = CC_DESIGN_DATE_AND_TIME_ASSIGNMENT(#62,#68,(#3771));
#3774 = CC_DESIGN_APPROVAL(#70,(#3771));
#3775 = PRODUCT_RELATED_PRODUCT_CATEGORY('detail',$,(#3186));
#3776 = PRODUCT_CATEGORY_RELATIONSHIP('','',#3777,#3775);
#3777 = PRODUCT_CATEGORY('part',$);
#3778 = CC_DESIGN_PERSON_AND_ORGANIZATION_ASSIGNMENT(#48,#51,(#3185,
    #3184));
#3779 = CC_DESIGN_PERSON_AND_ORGANIZATION_ASSIGNMENT(#48,#53,(#3186));
#3780 = CC_DESIGN_PERSON_AND_ORGANIZATION_ASSIGNMENT(#48,#55,(#3185));
#3781 = CC_DESIGN_PERSON_AND_ORGANIZATION_ASSIGNMENT(#48,#57,(#3782));
#3782 = SECURITY_CLASSIFICATION('','',#59);
#3783 = CC_DESIGN_SECURITY_CLASSIFICATION(#3782,(#3185));
#3784 = CC_DESIGN_DATE_AND_TIME_ASSIGNMENT(#62,#66,(#3184));
#3785 = CC_DESIGN_DATE_AND_TIME_ASSIGNMENT(#62,#68,(#3782));
#3786 = CC_DESIGN_APPROVAL(#70,(#3185,#3184,#3782));
#3787 = SHAPE_DEFINITION_REPRESENTATION(#3788,#3794);
#3788 = PRODUCT_DEFINITION_SHAPE('','',#3789);
#3789 = PRODUCT_DEFINITION('design','',#3790,#3793);
#3790 = PRODUCT_DEFINITION_FORMATION_WITH_SPECIFIED_SOURCE('','',#3791,
  .NOT_KNOWN.);
#3791 = PRODUCT('Body','Body','',(#3792));
#3792 = MECHANICAL_CONTEXT('',#2,'mechanical');
#3793 = DESIGN_CONTEXT('',#2,'design');
#3794 = ADVANCED_BREP_SHAPE_REPRESENTATION('',(#11,#3795),#4124);
#3795 = MANIFOLD_SOLID_BREP('',#3796);
#3796 = CLOSED_SHELL('',(#3797,#3837,#3870,#3901,#3934,#3965,#3998,#4029
    ,#4053,#4086,#4105));
#3797 = ADVANCED_FACE('',(#3798),#3832,.T.);
#3798 = FACE_BOUND('',#3799,.T.);
#3799 = EDGE_LOOP('',(#3800,#3810,#3818,#3826));
#3800 = ORIENTED_EDGE('',*,*,#3801,.T.);
#3801 = EDGE_CURVE('',#3802,#3804,#3806,.T.);
#3802 = VERTEX_POINT('',#3803);
#3803 = CARTESIAN_POINT('',(0.,4.E-15,20.));
#3804 = VERTEX_POINT('',#3805);
#3805 = CARTESIAN_POINT('',(0.,-16.,20.));
#3806 = LINE('',#3807,#3808);
#3807 = CARTESIAN_POINT('',(0.,4.44E-15,20.));
#3808 = VECTOR('',#3809,1.);
#3809 = DIRECTION('',(0.,-1.,2.2E-16));
#3810 = ORIENTED_EDGE('',*,*,#3811,.T.);
#3811 = EDGE_CURVE('',#3804,#3812,#3814,.T.);
#3812 = VERTEX_POINT('',#3813);
#3813 = CARTESIAN_POINT('',(0.,-16.,476.46221889935));
#3814 = LINE('',#3815,#3816);
#3815 = CARTESIAN_POINT('',(0.,-16.,20.));
#3816 = VECTOR('',#3817,1.);
#3817 = DIRECTION('',(0.,0.,1.));
#3818 = ORIENTED_EDGE('',*,*,#3819,.F.);
#3819 = EDGE_CURVE('',#3820,#3812,#3822,.T.);
#3820 = VERTEX_POINT('',#3821);
#3821 = CARTESIAN_POINT('',(0.,1.06E-13,476.46221889935));
#3822 = LINE('',#3823,#3824);
#3823 = CARTESIAN_POINT('',(-0.,1.058E-13,476.46221889935));
#3824 = VECTOR('',#3825,1.);
#3825 = DIRECTION('',(0.,-1.,2.2E-16));
#3826 = ORIENTED_EDGE('',*,*,#3827,.F.);
#3827 = EDGE_CURVE('',#3802,#3820,#3828,.T.);
#3828 = LINE('',#3829,#3830);
#3829 = CARTESIAN_POINT('',(0.,0.,20.));
#3830 = VECTOR('',#3831,1.);
#3831 = DIRECTION('',(0.,0.,1.));
#3832 = PLANE('',#3833);
#3833 = AXIS2_PLACEMENT_3D('',#3834,#3835,#3836);
#3834 = CARTESIAN_POINT('',(0.,4.44E-15,20.));
#3835 = DIRECTION('',(-1.,-0.,-0.));
#3836 = DIRECTION('',(-0.,2.2E-16,1.));
#3837 = ADVANCED_FACE('',(#3838),#3865,.T.);
#3838 = FACE_BOUND('',#3839,.F.);
#3839 = EDGE_LOOP('',(#3840,#3850,#3857,#3858));
#3840 = ORIENTED_EDGE('',*,*,#3841,.T.);
#3841 = EDGE_CURVE('',#3842,#3844,#3846,.T.);
#3842 = VERTEX_POINT('',#3843);
#3843 = CARTESIAN_POINT('',(36.137144394376,1.08E-13,488.2771488947));
#3844 = VERTEX_POINT('',#3845);
#3845 = CARTESIAN_POINT('',(36.137144394376,-16.,488.2771488947));
#3846 = LINE('',#3847,#3848);
#3847 = CARTESIAN_POINT('',(36.137144394376,1.0842E-13,488.2771488947));
#3848 = VECTOR('',#3849,1.);
#3849 = DIRECTION('',(0.,-1.,2.2E-16));
#3850 = ORIENTED_EDGE('',*,*,#3851,.T.);
#3851 = EDGE_CURVE('',#3844,#3812,#3852,.T.);
#3852 = CIRCLE('',#3853,20.);
#3853 = AXIS2_PLACEMENT_3D('',#3854,#3855,#3856);
#3854 = CARTESIAN_POINT('',(20.,-16.,476.46221889935));
#3855 = DIRECTION('',(0.,-1.,0.));
#3856 = DIRECTION('',(1.,0.,0.));
#3857 = ORIENTED_EDGE('',*,*,#3819,.F.);
#3858 = ORIENTED_EDGE('',*,*,#3859,.F.);
#3859 = EDGE_CURVE('',#3842,#3820,#3860,.T.);
#3860 = CIRCLE('',#3861,20.);
#3861 = AXIS2_PLACEMENT_3D('',#3862,#3863,#3864);
#3862 = CARTESIAN_POINT('',(20.,0.,476.46221889935));
#3863 = DIRECTION('',(0.,-1.,0.));
#3864 = DIRECTION('',(1.,0.,0.));
#3865 = CYLINDRICAL_SURFACE('',#3866,20.);
#3866 = AXIS2_PLACEMENT_3D('',#3867,#3868,#3869);
#3867 = CARTESIAN_POINT('',(20.,1.058E-13,476.46221889935));
#3868 = DIRECTION('',(0.,1.,-2.2E-16));
#3869 = DIRECTION('',(1.,0.,0.));
#3870 = ADVANCED_FACE('',(#3871),#3896,.T.);
#3871 = FACE_BOUND('',#3872,.T.);
#3872 = EDGE_LOOP('',(#3873,#3874,#3882,#3890));
#3873 = ORIENTED_EDGE('',*,*,#3841,.T.);
#3874 = ORIENTED_EDGE('',*,*,#3875,.T.);
#3875 = EDGE_CURVE('',#3844,#3876,#3878,.T.);
#3876 = VERTEX_POINT('',#3877);
#3877 = CARTESIAN_POINT('',(204.34286098594,-16.,258.53732498837));
#3878 = LINE('',#3879,#3880);
#3879 = CARTESIAN_POINT('',(36.137144394376,-16.,488.2771488947));
#3880 = VECTOR('',#3881,1.);
#3881 = DIRECTION('',(0.590746499768,0.,-0.806857219719));
#3882 = ORIENTED_EDGE('',*,*,#3883,.F.);
#3883 = EDGE_CURVE('',#3884,#3876,#3886,.T.);
#3884 = VERTEX_POINT('',#3885);
#3885 = CARTESIAN_POINT('',(204.34286098594,5.7E-14,258.53732498837));
#3886 = LINE('',#3887,#3888);
#3887 = CARTESIAN_POINT('',(204.34286098594,5.741E-14,258.53732498837));
#3888 = VECTOR('',#3889,1.);
#3889 = DIRECTION('',(0.,-1.,2.2E-16));
#3890 = ORIENTED_EDGE('',*,*,#3891,.F.);
#3891 = EDGE_CURVE('',#3842,#3884,#3892,.T.);
#3892 = LINE('',#3893,#3894);
#3893 = CARTESIAN_POINT('',(36.137144394376,0.,488.2771488947));
#3894 = VECTOR('',#3895,1.);
#3895 = DIRECTION('',(0.590746499768,0.,-0.806857219719));
#3896 = PLANE('',#3897);
#3897 = AXIS2_PLACEMENT_3D('',#3898,#3899,#3900);
#3898 = CARTESIAN_POINT('',(36.137144394376,1.0842E-13,488.2771488947));
#3899 = DIRECTION('',(0.806857219719,1.3E-16,0.590746499768));
#3900 = DIRECTION('',(0.590746499768,-1.8E-16,-0.806857219719));
#3901 = ADVANCED_FACE('',(#3902),#3929,.T.);
#3902 = FACE_BOUND('',#3903,.F.);
#3903 = EDGE_LOOP('',(#3904,#3914,#3921,#3922));
#3904 = ORIENTED_EDGE('',*,*,#3905,.T.);
#3905 = EDGE_CURVE('',#3906,#3908,#3910,.T.);
#3906 = VERTEX_POINT('',#3907);
#3907 = CARTESIAN_POINT('',(212.89099036034,4.9E-14,218.52760478282));
#3908 = VERTEX_POINT('',#3909);
#3909 = CARTESIAN_POINT('',(212.89099036034,-16.,218.52760478282));
#3910 = LINE('',#3911,#3912);
#3911 = CARTESIAN_POINT('',(212.89099036034,4.852E-14,218.52760478282));
#3912 = VECTOR('',#3913,1.);
#3913 = DIRECTION('',(0.,-1.,2.2E-16));
#3914 = ORIENTED_EDGE('',*,*,#3915,.T.);
#3915 = EDGE_CURVE('',#3908,#3876,#3916,.T.);
#3916 = CIRCLE('',#3917,50.);
#3917 = AXIS2_PLACEMENT_3D('',#3918,#3919,#3920);
#3918 = CARTESIAN_POINT('',(164.,-16.,229.));
#3919 = DIRECTION('',(0.,-1.,0.));
#3920 = DIRECTION('',(1.,0.,0.));
#3921 = ORIENTED_EDGE('',*,*,#3883,.F.);
#3922 = ORIENTED_EDGE('',*,*,#3923,.F.);
#3923 = EDGE_CURVE('',#3906,#3884,#3924,.T.);
#3924 = CIRCLE('',#3925,50.);
#3925 = AXIS2_PLACEMENT_3D('',#3926,#3927,#3928);
#3926 = CARTESIAN_POINT('',(164.,0.,229.));
#3927 = DIRECTION('',(0.,-1.,0.));
#3928 = DIRECTION('',(1.,0.,0.));
#3929 = CYLINDRICAL_SURFACE('',#3930,50.);
#3930 = AXIS2_PLACEMENT_3D('',#3931,#3932,#3933);
#3931 = CARTESIAN_POINT('',(164.,5.085E-14,229.));
#3932 = DIRECTION('',(0.,1.,-2.2E-16));
#3933 = DIRECTION('',(1.,0.,0.));
#3934 = ADVANCED_FACE('',(#3935),#3960,.T.);
#3935 = FACE_BOUND('',#3936,.T.);
#3936 = EDGE_LOOP('',(#3937,#3938,#3946,#3954));
#3937 = ORIENTED_EDGE('',*,*,#3905,.T.);
#3938 = ORIENTED_EDGE('',*,*,#3939,.T.);
#3939 = EDGE_CURVE('',#3908,#3940,#3942,.T.);
#3940 = VERTEX_POINT('',#3941);
#3941 = CARTESIAN_POINT('',(169.46933030003,-16.,15.81104191313));
#3942 = LINE('',#3943,#3944);
#3943 = CARTESIAN_POINT('',(212.89099036034,-16.,218.52760478282));
#3944 = VECTOR('',#3945,1.);
#3945 = DIRECTION('',(-0.209447904343,-0.,-0.977819807207));
#3946 = ORIENTED_EDGE('',*,*,#3947,.F.);
#3947 = EDGE_CURVE('',#3948,#3940,#3950,.T.);
#3948 = VERTEX_POINT('',#3949);
#3949 = CARTESIAN_POINT('',(169.46933030003,4.E-15,15.81104191313));
#3950 = LINE('',#3951,#3952);
#3951 = CARTESIAN_POINT('',(169.46933030003,3.51E-15,15.81104191313));
#3952 = VECTOR('',#3953,1.);
#3953 = DIRECTION('',(0.,-1.,2.2E-16));
#3954 = ORIENTED_EDGE('',*,*,#3955,.F.);
#3955 = EDGE_CURVE('',#3906,#3948,#3956,.T.);
#3956 = LINE('',#3957,#3958);
#3957 = CARTESIAN_POINT('',(212.89099036034,0.,218.52760478282));
#3958 = VECTOR('',#3959,1.);
#3959 = DIRECTION('',(-0.209447904343,-0.,-0.977819807207));
#3960 = PLANE('',#3961);
#3961 = AXIS2_PLACEMENT_3D('',#3962,#3963,#3964);
#3962 = CARTESIAN_POINT('',(212.89099036034,4.852E-14,218.52760478282));
#3963 = DIRECTION('',(0.977819807207,-5.E-17,-0.209447904343));
#3964 = DIRECTION('',(-0.209447904343,-2.2E-16,-0.977819807207));
#3965 = ADVANCED_FACE('',(#3966),#3993,.T.);
#3966 = FACE_BOUND('',#3967,.F.);
#3967 = EDGE_LOOP('',(#3968,#3978,#3985,#3986));
#3968 = ORIENTED_EDGE('',*,*,#3969,.T.);
#3969 = EDGE_CURVE('',#3970,#3972,#3974,.T.);
#3970 = VERTEX_POINT('',#3971);
#3971 = CARTESIAN_POINT('',(149.91293415589,0.,0.));
#3972 = VERTEX_POINT('',#3973);
#3973 = CARTESIAN_POINT('',(149.91293415589,-16.,4.E-15));
#3974 = LINE('',#3975,#3976);
#3975 = CARTESIAN_POINT('',(149.91293415589,0.,0.));
#3976 = VECTOR('',#3977,1.);
#3977 = DIRECTION('',(0.,-1.,2.2E-16));
#3978 = ORIENTED_EDGE('',*,*,#3979,.T.);
#3979 = EDGE_CURVE('',#3972,#3940,#3980,.T.);
#3980 = CIRCLE('',#3981,20.);
#3981 = AXIS2_PLACEMENT_3D('',#3982,#3983,#3984);
#3982 = CARTESIAN_POINT('',(149.91293415589,-16.,20.));
#3983 = DIRECTION('',(0.,-1.,0.));
#3984 = DIRECTION('',(1.,0.,0.));
#3985 = ORIENTED_EDGE('',*,*,#3947,.F.);
#3986 = ORIENTED_EDGE('',*,*,#3987,.F.);
#3987 = EDGE_CURVE('',#3970,#3948,#3988,.T.);
#3988 = CIRCLE('',#3989,20.);
#3989 = AXIS2_PLACEMENT_3D('',#3990,#3991,#3992);
#3990 = CARTESIAN_POINT('',(149.91293415589,0.,20.));
#3991 = DIRECTION('',(0.,-1.,0.));
#3992 = DIRECTION('',(1.,0.,0.));
#3993 = CYLINDRICAL_SURFACE('',#3994,20.);
#3994 = AXIS2_PLACEMENT_3D('',#3995,#3996,#3997);
#3995 = CARTESIAN_POINT('',(149.91293415589,4.44E-15,20.));
#3996 = DIRECTION('',(0.,1.,-2.2E-16));
#3997 = DIRECTION('',(1.,0.,0.));
#3998 = ADVANCED_FACE('',(#3999),#4024,.T.);
#3999 = FACE_BOUND('',#4000,.T.);
#4000 = EDGE_LOOP('',(#4001,#4002,#4010,#4018));
#4001 = ORIENTED_EDGE('',*,*,#3969,.T.);
#4002 = ORIENTED_EDGE('',*,*,#4003,.T.);
#4003 = EDGE_CURVE('',#3972,#4004,#4006,.T.);
#4004 = VERTEX_POINT('',#4005);
#4005 = CARTESIAN_POINT('',(20.,-16.,4.E-15));
#4006 = LINE('',#4007,#4008);
#4007 = CARTESIAN_POINT('',(149.91293415589,-16.,4.E-15));
#4008 = VECTOR('',#4009,1.);
#4009 = DIRECTION('',(-1.,0.,0.));
#4010 = ORIENTED_EDGE('',*,*,#4011,.F.);
#4011 = EDGE_CURVE('',#4012,#4004,#4014,.T.);
#4012 = VERTEX_POINT('',#4013);
#4013 = CARTESIAN_POINT('',(20.,0.,0.));
#4014 = LINE('',#4015,#4016);
#4015 = CARTESIAN_POINT('',(20.,0.,0.));
#4016 = VECTOR('',#4017,1.);
#4017 = DIRECTION('',(0.,-1.,2.2E-16));
#4018 = ORIENTED_EDGE('',*,*,#4019,.F.);
#4019 = EDGE_CURVE('',#3970,#4012,#4020,.T.);
#4020 = LINE('',#4021,#4022);
#4021 = CARTESIAN_POINT('',(149.91293415589,0.,0.));
#4022 = VECTOR('',#4023,1.);
#4023 = DIRECTION('',(-1.,0.,0.));
#4024 = PLANE('',#4025);
#4025 = AXIS2_PLACEMENT_3D('',#4026,#4027,#4028);
#4026 = CARTESIAN_POINT('',(149.91293415589,-0.,-0.));
#4027 = DIRECTION('',(-0.,-2.2E-16,-1.));
#4028 = DIRECTION('',(-1.,0.,0.));
#4029 = ADVANCED_FACE('',(#4030),#4048,.T.);
#4030 = FACE_BOUND('',#4031,.F.);
#4031 = EDGE_LOOP('',(#4032,#4033,#4040,#4041));
#4032 = ORIENTED_EDGE('',*,*,#3801,.T.);
#4033 = ORIENTED_EDGE('',*,*,#4034,.T.);
#4034 = EDGE_CURVE('',#3804,#4004,#4035,.T.);
#4035 = CIRCLE('',#4036,20.);
#4036 = AXIS2_PLACEMENT_3D('',#4037,#4038,#4039);
#4037 = CARTESIAN_POINT('',(20.,-16.,20.));
#4038 = DIRECTION('',(0.,-1.,0.));
#4039 = DIRECTION('',(1.,0.,0.));
#4040 = ORIENTED_EDGE('',*,*,#4011,.F.);
#4041 = ORIENTED_EDGE('',*,*,#4042,.F.);
#4042 = EDGE_CURVE('',#3802,#4012,#4043,.T.);
#4043 = CIRCLE('',#4044,20.);
#4044 = AXIS2_PLACEMENT_3D('',#4045,#4046,#4047);
#4045 = CARTESIAN_POINT('',(20.,0.,20.));
#4046 = DIRECTION('',(0.,-1.,0.));
#4047 = DIRECTION('',(1.,0.,0.));
#4048 = CYLINDRICAL_SURFACE('',#4049,20.);
#4049 = AXIS2_PLACEMENT_3D('',#4050,#4051,#4052);
#4050 = CARTESIAN_POINT('',(20.,4.44E-15,20.));
#4051 = DIRECTION('',(0.,1.,-2.2E-16));
#4052 = DIRECTION('',(1.,0.,0.));
#4053 = ADVANCED_FACE('',(#4054),#4081,.F.);
#4054 = FACE_BOUND('',#4055,.T.);
#4055 = EDGE_LOOP('',(#4056,#4066,#4073,#4074));
#4056 = ORIENTED_EDGE('',*,*,#4057,.T.);
#4057 = EDGE_CURVE('',#4058,#4060,#4062,.T.);
#4058 = VERTEX_POINT('',#4059);
#4059 = CARTESIAN_POINT('',(194.,5.1E-14,229.));
#4060 = VERTEX_POINT('',#4061);
#4061 = CARTESIAN_POINT('',(194.,-16.,229.));
#4062 = LINE('',#4063,#4064);
#4063 = CARTESIAN_POINT('',(194.,5.085E-14,229.));
#4064 = VECTOR('',#4065,1.);
#4065 = DIRECTION('',(0.,-1.,2.2E-16));
#4066 = ORIENTED_EDGE('',*,*,#4067,.T.);
#4067 = EDGE_CURVE('',#4060,#4060,#4068,.T.);
#4068 = CIRCLE('',#4069,30.);
#4069 = AXIS2_PLACEMENT_3D('',#4070,#4071,#4072);
#4070 = CARTESIAN_POINT('',(164.,-16.,229.));
#4071 = DIRECTION('',(0.,-1.,0.));
#4072 = DIRECTION('',(1.,0.,0.));
#4073 = ORIENTED_EDGE('',*,*,#4057,.F.);
#4074 = ORIENTED_EDGE('',*,*,#4075,.F.);
#4075 = EDGE_CURVE('',#4058,#4058,#4076,.T.);
#4076 = CIRCLE('',#4077,30.);
#4077 = AXIS2_PLACEMENT_3D('',#4078,#4079,#4080);
#4078 = CARTESIAN_POINT('',(164.,0.,229.));
#4079 = DIRECTION('',(0.,-1.,0.));
#4080 = DIRECTION('',(1.,0.,0.));
#4081 = CYLINDRICAL_SURFACE('',#4082,30.);
#4082 = AXIS2_PLACEMENT_3D('',#4083,#4084,#4085);
#4083 = CARTESIAN_POINT('',(164.,5.085E-14,229.));
#4084 = DIRECTION('',(0.,1.,-2.2E-16));
#4085 = DIRECTION('',(1.,0.,0.));
#4086 = ADVANCED_FACE('',(#4087,#4097),#4100,.T.);
#4087 = FACE_BOUND('',#4088,.T.);
#4088 = EDGE_LOOP('',(#4089,#4090,#4091,#4092,#4093,#4094,#4095,#4096));
#4089 = ORIENTED_EDGE('',*,*,#3827,.T.);
#4090 = ORIENTED_EDGE('',*,*,#3859,.F.);
#4091 = ORIENTED_EDGE('',*,*,#3891,.T.);
#4092 = ORIENTED_EDGE('',*,*,#3923,.F.);
#4093 = ORIENTED_EDGE('',*,*,#3955,.T.);
#4094 = ORIENTED_EDGE('',*,*,#3987,.F.);
#4095 = ORIENTED_EDGE('',*,*,#4019,.T.);
#4096 = ORIENTED_EDGE('',*,*,#4042,.F.);
#4097 = FACE_BOUND('',#4098,.T.);
#4098 = EDGE_LOOP('',(#4099));
#4099 = ORIENTED_EDGE('',*,*,#4075,.T.);
#4100 = PLANE('',#4101);
#4101 = AXIS2_PLACEMENT_3D('',#4102,#4103,#4104);
#4102 = CARTESIAN_POINT('',(90.151885347602,5.04E-14,226.98491434517));
#4103 = DIRECTION('',(0.,1.,0.));
#4104 = DIRECTION('',(0.,0.,1.));
#4105 = ADVANCED_FACE('',(#4106,#4116),#4119,.F.);
#4106 = FACE_BOUND('',#4107,.F.);
#4107 = EDGE_LOOP('',(#4108,#4109,#4110,#4111,#4112,#4113,#4114,#4115));
#4108 = ORIENTED_EDGE('',*,*,#3811,.T.);
#4109 = ORIENTED_EDGE('',*,*,#3851,.F.);
#4110 = ORIENTED_EDGE('',*,*,#3875,.T.);
#4111 = ORIENTED_EDGE('',*,*,#3915,.F.);
#4112 = ORIENTED_EDGE('',*,*,#3939,.T.);
#4113 = ORIENTED_EDGE('',*,*,#3979,.F.);
#4114 = ORIENTED_EDGE('',*,*,#4003,.T.);
#4115 = ORIENTED_EDGE('',*,*,#4034,.F.);
#4116 = FACE_BOUND('',#4117,.F.);
#4117 = EDGE_LOOP('',(#4118));
#4118 = ORIENTED_EDGE('',*,*,#4067,.T.);
#4119 = PLANE('',#4120);
#4120 = AXIS2_PLACEMENT_3D('',#4121,#4122,#4123);
#4121 = CARTESIAN_POINT('',(90.151885347602,-16.,226.98491434517));
#4122 = DIRECTION('',(0.,1.,0.));
#4123 = DIRECTION('',(0.,0.,1.));
#4124 = ( GEOMETRIC_REPRESENTATION_CONTEXT(3) 
GLOBAL_UNCERTAINTY_ASSIGNED_CONTEXT((#4128)) 
GLOBAL_UNIT_ASSIGNED_CONTEXT((#4125,#4126,#4127)) REPRESENTATION_CONTEXT
('Context #1','3D Context with UNIT and UNCERTAINTY') );
#4125 = ( LENGTH_UNIT() NAMED_UNIT(*) SI_UNIT(.MILLI.,.METRE.) );
#4126 = ( NAMED_UNIT(*) PLANE_ANGLE_UNIT() SI_UNIT($,.RADIAN.) );
#4127 = ( NAMED_UNIT(*) SI_UNIT($,.STERADIAN.) SOLID_ANGLE_UNIT() );
#4128 = UNCERTAINTY_MEASURE_WITH_UNIT(LENGTH_MEASURE(1.E-07),#4125,
  'distance_accuracy_value','confusion accuracy');
#4129 = CONTEXT_DEPENDENT_SHAPE_REPRESENTATION(#4130,#4132);
#4130 = ( REPRESENTATION_RELATIONSHIP('','',#3794,#3142) 
REPRESENTATION_RELATIONSHIP_WITH_TRANSFORMATION(#4131) 
SHAPE_REPRESENTATION_RELATIONSHIP() );
#4131 = ITEM_DEFINED_TRANSFORMATION('','',#11,#3147);
#4132 = PRODUCT_DEFINITION_SHAPE('Placement','Placement of an item',
  #4133);
#4133 = NEXT_ASSEMBLY_USAGE_OCCURRENCE('3','Body002','',#3137,#3789,$);
#4134 = CC_DESIGN_SECURITY_CLASSIFICATION(#4135,(#4133));
#4135 = SECURITY_CLASSIFICATION('','',#59);
#4136 = CC_DESIGN_PERSON_AND_ORGANIZATION_ASSIGNMENT(#48,#57,(#4135));
#4137 = CC_DESIGN_DATE_AND_TIME_ASSIGNMENT(#62,#68,(#4135));
#4138 = CC_DESIGN_APPROVAL(#70,(#4135));
#4139 = PRODUCT_RELATED_PRODUCT_CATEGORY('detail',$,(#3791));
#4140 = PRODUCT_CATEGORY_RELATIONSHIP('','',#4141,#4139);
#4141 = PRODUCT_CATEGORY('part',$);
#4142 = CC_DESIGN_PERSON_AND_ORGANIZATION_ASSIGNMENT(#48,#51,(#3790,
    #3789));
#4143 = CC_DESIGN_PERSON_AND_ORGANIZATION_ASSIGNMENT(#48,#53,(#3791));
#4144 = CC_DESIGN_PERSON_AND_ORGANIZATION_ASSIGNMENT(#48,#55,(#3790));
#4145 = CC_DESIGN_PERSON_AND_ORGANIZATION_ASSIGNMENT(#48,#57,(#4146));
#4146 = SECURITY_CLASSIFICATION('','',#59);
#4147 = CC_DESIGN_SECURITY_CLASSIFICATION(#4146,(#3790));
#4148 = CC_DESIGN_DATE_AND_TIME_ASSIGNMENT(#62,#66,(#3789));
#4149 = CC_DESIGN_DATE_AND_TIME_ASSIGNMENT(#62,#68,(#4146));
#4150 = CC_DESIGN_APPROVAL(#70,(#3790,#3789,#4146));
#4151 = SHAPE_DEFINITION_REPRESENTATION(#4152,#4158);
#4152 = PRODUCT_DEFINITION_SHAPE('','',#4153);
#4153 = PRODUCT_DEFINITION('design','',#4154,#4157);
#4154 = PRODUCT_DEFINITION_FORMATION_WITH_SPECIFIED_SOURCE('','',#4155,
  .NOT_KNOWN.);
#4155 = PRODUCT('Body','Body','',(#4156));
#4156 = MECHANICAL_CONTEXT('',#2,'mechanical');
#4157 = DESIGN_CONTEXT('',#2,'design');
#4158 = ADVANCED_BREP_SHAPE_REPRESENTATION('',(#11,#4159),#4488);
#4159 = MANIFOLD_SOLID_BREP('',#4160);
#4160 = CLOSED_SHELL('',(#4161,#4201,#4234,#4265,#4298,#4329,#4362,#4393
    ,#4417,#4450,#4469));
#4161 = ADVANCED_FACE('',(#4162),#4196,.T.);
#4162 = FACE_BOUND('',#4163,.T.);
#4163 = EDGE_LOOP('',(#4164,#4174,#4182,#4190));
#4164 = ORIENTED_EDGE('',*,*,#4165,.T.);
#4165 = EDGE_CURVE('',#4166,#4168,#4170,.T.);
#4166 = VERTEX_POINT('',#4167);
#4167 = CARTESIAN_POINT('',(0.,4.E-15,20.));
#4168 = VERTEX_POINT('',#4169);
#4169 = CARTESIAN_POINT('',(0.,-16.,20.));
#4170 = LINE('',#4171,#4172);
#4171 = CARTESIAN_POINT('',(-0.,4.44E-15,20.));
#4172 = VECTOR('',#4173,1.);
#4173 = DIRECTION('',(0.,-1.,2.2E-16));
#4174 = ORIENTED_EDGE('',*,*,#4175,.T.);
#4175 = EDGE_CURVE('',#4168,#4176,#4178,.T.);
#4176 = VERTEX_POINT('',#4177);
#4177 = CARTESIAN_POINT('',(0.,-16.,264.70850177445));
#4178 = LINE('',#4179,#4180);
#4179 = CARTESIAN_POINT('',(0.,-16.,20.));
#4180 = VECTOR('',#4181,1.);
#4181 = DIRECTION('',(0.,0.,1.));
#4182 = ORIENTED_EDGE('',*,*,#4183,.F.);
#4183 = EDGE_CURVE('',#4184,#4176,#4186,.T.);
#4184 = VERTEX_POINT('',#4185);
#4185 = CARTESIAN_POINT('',(0.,5.9E-14,264.70850177445));
#4186 = LINE('',#4187,#4188);
#4187 = CARTESIAN_POINT('',(0.,5.878E-14,264.70850177445));
#4188 = VECTOR('',#4189,1.);
#4189 = DIRECTION('',(0.,-1.,2.2E-16));
#4190 = ORIENTED_EDGE('',*,*,#4191,.F.);
#4191 = EDGE_CURVE('',#4166,#4184,#4192,.T.);
#4192 = LINE('',#4193,#4194);
#4193 = CARTESIAN_POINT('',(0.,0.,20.));
#4194 = VECTOR('',#4195,1.);
#4195 = DIRECTION('',(0.,0.,1.));
#4196 = PLANE('',#4197);
#4197 = AXIS2_PLACEMENT_3D('',#4198,#4199,#4200);
#4198 = CARTESIAN_POINT('',(-0.,4.44E-15,20.));
#4199 = DIRECTION('',(-1.,0.,0.));
#4200 = DIRECTION('',(0.,2.2E-16,1.));
#4201 = ADVANCED_FACE('',(#4202),#4229,.T.);
#4202 = FACE_BOUND('',#4203,.F.);
#4203 = EDGE_LOOP('',(#4204,#4214,#4221,#4222));
#4204 = ORIENTED_EDGE('',*,*,#4205,.T.);
#4205 = EDGE_CURVE('',#4206,#4208,#4210,.T.);
#4206 = VERTEX_POINT('',#4207);
#4207 = CARTESIAN_POINT('',(33.890656227996,6.2E-14,279.09772237724));
#4208 = VERTEX_POINT('',#4209);
#4209 = CARTESIAN_POINT('',(33.890656227996,-16.,279.09772237724));
#4210 = LINE('',#4211,#4212);
#4211 = CARTESIAN_POINT('',(33.890656227996,6.197E-14,279.09772237724));
#4212 = VECTOR('',#4213,1.);
#4213 = DIRECTION('',(0.,-1.,2.2E-16));
#4214 = ORIENTED_EDGE('',*,*,#4215,.T.);
#4215 = EDGE_CURVE('',#4208,#4176,#4216,.T.);
#4216 = CIRCLE('',#4217,20.);
#4217 = AXIS2_PLACEMENT_3D('',#4218,#4219,#4220);
#4218 = CARTESIAN_POINT('',(20.,-16.,264.70850177445));
#4219 = DIRECTION('',(0.,-1.,0.));
#4220 = DIRECTION('',(1.,0.,0.));
#4221 = ORIENTED_EDGE('',*,*,#4183,.F.);
#4222 = ORIENTED_EDGE('',*,*,#4223,.F.);
#4223 = EDGE_CURVE('',#4206,#4184,#4224,.T.);
#4224 = CIRCLE('',#4225,20.);
#4225 = AXIS2_PLACEMENT_3D('',#4226,#4227,#4228);
#4226 = CARTESIAN_POINT('',(20.,0.,264.70850177445));
#4227 = DIRECTION('',(0.,-1.,0.));
#4228 = DIRECTION('',(1.,0.,0.));
#4229 = CYLINDRICAL_SURFACE('',#4230,20.);
#4230 = AXIS2_PLACEMENT_3D('',#4231,#4232,#4233);
#4231 = CARTESIAN_POINT('',(20.,5.878E-14,264.70850177445));
#4232 = DIRECTION('',(0.,1.,-2.2E-16));
#4233 = DIRECTION('',(1.,0.,0.));
#4234 = ADVANCED_FACE('',(#4235),#4260,.T.);
#4235 = FACE_BOUND('',#4236,.T.);
#4236 = EDGE_LOOP('',(#4237,#4238,#4246,#4254));
#4237 = ORIENTED_EDGE('',*,*,#4205,.T.);
#4238 = ORIENTED_EDGE('',*,*,#4239,.T.);
#4239 = EDGE_CURVE('',#4208,#4240,#4242,.T.);
#4240 = VERTEX_POINT('',#4241);
#4241 = CARTESIAN_POINT('',(198.72664056999,-16.,119.97305150696));
#4242 = LINE('',#4243,#4244);
#4243 = CARTESIAN_POINT('',(33.890656227996,-16.,279.09772237724));
#4244 = VECTOR('',#4245,1.);
#4245 = DIRECTION('',(0.719461030139,0.,-0.6945328114));
#4246 = ORIENTED_EDGE('',*,*,#4247,.F.);
#4247 = EDGE_CURVE('',#4248,#4240,#4250,.T.);
#4248 = VERTEX_POINT('',#4249);
#4249 = CARTESIAN_POINT('',(198.72664056999,2.7E-14,119.97305150696));
#4250 = LINE('',#4251,#4252);
#4251 = CARTESIAN_POINT('',(198.72664056999,2.664E-14,119.97305150696));
#4252 = VECTOR('',#4253,1.);
#4253 = DIRECTION('',(0.,-1.,2.2E-16));
#4254 = ORIENTED_EDGE('',*,*,#4255,.F.);
#4255 = EDGE_CURVE('',#4206,#4248,#4256,.T.);
#4256 = LINE('',#4257,#4258);
#4257 = CARTESIAN_POINT('',(33.890656227996,0.,279.09772237724));
#4258 = VECTOR('',#4259,1.);
#4259 = DIRECTION('',(0.719461030139,0.,-0.6945328114));
#4260 = PLANE('',#4261);
#4261 = AXIS2_PLACEMENT_3D('',#4262,#4263,#4264);
#4262 = CARTESIAN_POINT('',(33.890656227996,6.197E-14,279.09772237724));
#4263 = DIRECTION('',(0.6945328114,1.6E-16,0.719461030139));
#4264 = DIRECTION('',(0.719461030139,-1.5E-16,-0.6945328114));
#4265 = ADVANCED_FACE('',(#4266),#4293,.T.);
#4266 = FACE_BOUND('',#4267,.F.);
#4267 = EDGE_LOOP('',(#4268,#4278,#4285,#4286));
#4268 = ORIENTED_EDGE('',*,*,#4269,.T.);
#4269 = EDGE_CURVE('',#4270,#4272,#4274,.T.);
#4270 = VERTEX_POINT('',#4271);
#4271 = CARTESIAN_POINT('',(198.25279275875,1.1E-14,47.575472711017));
#4272 = VERTEX_POINT('',#4273);
#4273 = CARTESIAN_POINT('',(198.25279275875,-16.,47.575472711017));
#4274 = LINE('',#4275,#4276);
#4275 = CARTESIAN_POINT('',(198.25279275875,1.056E-14,47.575472711017));
#4276 = VECTOR('',#4277,1.);
#4277 = DIRECTION('',(0.,-1.,2.2E-16));
#4278 = ORIENTED_EDGE('',*,*,#4279,.T.);
#4279 = EDGE_CURVE('',#4272,#4240,#4280,.T.);
#4280 = CIRCLE('',#4281,50.);
#4281 = AXIS2_PLACEMENT_3D('',#4282,#4283,#4284);
#4282 = CARTESIAN_POINT('',(164.,-16.,84.));
#4283 = DIRECTION('',(0.,-1.,0.));
#4284 = DIRECTION('',(1.,0.,0.));
#4285 = ORIENTED_EDGE('',*,*,#4247,.F.);
#4286 = ORIENTED_EDGE('',*,*,#4287,.F.);
#4287 = EDGE_CURVE('',#4270,#4248,#4288,.T.);
#4288 = CIRCLE('',#4289,50.);
#4289 = AXIS2_PLACEMENT_3D('',#4290,#4291,#4292);
#4290 = CARTESIAN_POINT('',(164.,0.,84.));
#4291 = DIRECTION('',(0.,-1.,0.));
#4292 = DIRECTION('',(1.,0.,0.));
#4293 = CYLINDRICAL_SURFACE('',#4294,50.);
#4294 = AXIS2_PLACEMENT_3D('',#4295,#4296,#4297);
#4295 = CARTESIAN_POINT('',(164.,1.865E-14,84.));
#4296 = DIRECTION('',(0.,1.,-2.2E-16));
#4297 = DIRECTION('',(1.,0.,0.));
#4298 = ADVANCED_FACE('',(#4299),#4324,.T.);
#4299 = FACE_BOUND('',#4300,.T.);
#4300 = EDGE_LOOP('',(#4301,#4302,#4310,#4318));
#4301 = ORIENTED_EDGE('',*,*,#4269,.T.);
#4302 = ORIENTED_EDGE('',*,*,#4303,.T.);
#4303 = EDGE_CURVE('',#4272,#4304,#4306,.T.);
#4304 = VERTEX_POINT('',#4305);
#4305 = CARTESIAN_POINT('',(153.43536591792,-16.,5.430189084407));
#4306 = LINE('',#4307,#4308);
#4307 = CARTESIAN_POINT('',(198.25279275875,-16.,47.575472711017));
#4308 = VECTOR('',#4309,1.);
#4309 = DIRECTION('',(-0.72849054578,-0.,-0.685055855175));
#4310 = ORIENTED_EDGE('',*,*,#4311,.F.);
#4311 = EDGE_CURVE('',#4312,#4304,#4314,.T.);
#4312 = VERTEX_POINT('',#4313);
#4313 = CARTESIAN_POINT('',(153.43536591792,1.E-15,5.430189084407));
#4314 = LINE('',#4315,#4316);
#4315 = CARTESIAN_POINT('',(153.43536591792,1.21E-15,5.430189084407));
#4316 = VECTOR('',#4317,1.);
#4317 = DIRECTION('',(0.,-1.,2.2E-16));
#4318 = ORIENTED_EDGE('',*,*,#4319,.F.);
#4319 = EDGE_CURVE('',#4270,#4312,#4320,.T.);
#4320 = LINE('',#4321,#4322);
#4321 = CARTESIAN_POINT('',(198.25279275875,0.,47.575472711017));
#4322 = VECTOR('',#4323,1.);
#4323 = DIRECTION('',(-0.72849054578,-0.,-0.685055855175));
#4324 = PLANE('',#4325);
#4325 = AXIS2_PLACEMENT_3D('',#4326,#4327,#4328);
#4326 = CARTESIAN_POINT('',(198.25279275875,1.056E-14,47.575472711017));
#4327 = DIRECTION('',(0.685055855175,-1.6E-16,-0.72849054578));
#4328 = DIRECTION('',(-0.72849054578,-1.5E-16,-0.685055855175));
#4329 = ADVANCED_FACE('',(#4330),#4357,.T.);
#4330 = FACE_BOUND('',#4331,.F.);
#4331 = EDGE_LOOP('',(#4332,#4342,#4349,#4350));
#4332 = ORIENTED_EDGE('',*,*,#4333,.T.);
#4333 = EDGE_CURVE('',#4334,#4336,#4338,.T.);
#4334 = VERTEX_POINT('',#4335);
#4335 = CARTESIAN_POINT('',(139.73424881442,0.,0.));
#4336 = VERTEX_POINT('',#4337);
#4337 = CARTESIAN_POINT('',(139.73424881442,-16.,4.E-15));
#4338 = LINE('',#4339,#4340);
#4339 = CARTESIAN_POINT('',(139.73424881442,0.,0.));
#4340 = VECTOR('',#4341,1.);
#4341 = DIRECTION('',(0.,-1.,2.2E-16));
#4342 = ORIENTED_EDGE('',*,*,#4343,.T.);
#4343 = EDGE_CURVE('',#4336,#4304,#4344,.T.);
#4344 = CIRCLE('',#4345,20.);
#4345 = AXIS2_PLACEMENT_3D('',#4346,#4347,#4348);
#4346 = CARTESIAN_POINT('',(139.73424881442,-16.,20.));
#4347 = DIRECTION('',(0.,-1.,0.));
#4348 = DIRECTION('',(1.,0.,0.));
#4349 = ORIENTED_EDGE('',*,*,#4311,.F.);
#4350 = ORIENTED_EDGE('',*,*,#4351,.F.);
#4351 = EDGE_CURVE('',#4334,#4312,#4352,.T.);
#4352 = CIRCLE('',#4353,20.);
#4353 = AXIS2_PLACEMENT_3D('',#4354,#4355,#4356);
#4354 = CARTESIAN_POINT('',(139.73424881442,0.,20.));
#4355 = DIRECTION('',(0.,-1.,0.));
#4356 = DIRECTION('',(1.,0.,0.));
#4357 = CYLINDRICAL_SURFACE('',#4358,20.);
#4358 = AXIS2_PLACEMENT_3D('',#4359,#4360,#4361);
#4359 = CARTESIAN_POINT('',(139.73424881442,4.44E-15,20.));
#4360 = DIRECTION('',(0.,1.,-2.2E-16));
#4361 = DIRECTION('',(1.,0.,0.));
#4362 = ADVANCED_FACE('',(#4363),#4388,.T.);
#4363 = FACE_BOUND('',#4364,.T.);
#4364 = EDGE_LOOP('',(#4365,#4366,#4374,#4382));
#4365 = ORIENTED_EDGE('',*,*,#4333,.T.);
#4366 = ORIENTED_EDGE('',*,*,#4367,.T.);
#4367 = EDGE_CURVE('',#4336,#4368,#4370,.T.);
#4368 = VERTEX_POINT('',#4369);
#4369 = CARTESIAN_POINT('',(20.,-16.,4.E-15));
#4370 = LINE('',#4371,#4372);
#4371 = CARTESIAN_POINT('',(139.73424881442,-16.,4.E-15));
#4372 = VECTOR('',#4373,1.);
#4373 = DIRECTION('',(-1.,0.,0.));
#4374 = ORIENTED_EDGE('',*,*,#4375,.F.);
#4375 = EDGE_CURVE('',#4376,#4368,#4378,.T.);
#4376 = VERTEX_POINT('',#4377);
#4377 = CARTESIAN_POINT('',(20.,0.,0.));
#4378 = LINE('',#4379,#4380);
#4379 = CARTESIAN_POINT('',(20.,0.,0.));
#4380 = VECTOR('',#4381,1.);
#4381 = DIRECTION('',(0.,-1.,2.2E-16));
#4382 = ORIENTED_EDGE('',*,*,#4383,.F.);
#4383 = EDGE_CURVE('',#4334,#4376,#4384,.T.);
#4384 = LINE('',#4385,#4386);
#4385 = CARTESIAN_POINT('',(139.73424881442,0.,0.));
#4386 = VECTOR('',#4387,1.);
#4387 = DIRECTION('',(-1.,0.,0.));
#4388 = PLANE('',#4389);
#4389 = AXIS2_PLACEMENT_3D('',#4390,#4391,#4392);
#4390 = CARTESIAN_POINT('',(139.73424881442,0.,0.));
#4391 = DIRECTION('',(-0.,-2.2E-16,-1.));
#4392 = DIRECTION('',(-1.,0.,0.));
#4393 = ADVANCED_FACE('',(#4394),#4412,.T.);
#4394 = FACE_BOUND('',#4395,.F.);
#4395 = EDGE_LOOP('',(#4396,#4397,#4404,#4405));
#4396 = ORIENTED_EDGE('',*,*,#4165,.T.);
#4397 = ORIENTED_EDGE('',*,*,#4398,.T.);
#4398 = EDGE_CURVE('',#4168,#4368,#4399,.T.);
#4399 = CIRCLE('',#4400,20.);
#4400 = AXIS2_PLACEMENT_3D('',#4401,#4402,#4403);
#4401 = CARTESIAN_POINT('',(20.,-16.,20.));
#4402 = DIRECTION('',(0.,-1.,0.));
#4403 = DIRECTION('',(1.,0.,0.));
#4404 = ORIENTED_EDGE('',*,*,#4375,.F.);
#4405 = ORIENTED_EDGE('',*,*,#4406,.F.);
#4406 = EDGE_CURVE('',#4166,#4376,#4407,.T.);
#4407 = CIRCLE('',#4408,20.);
#4408 = AXIS2_PLACEMENT_3D('',#4409,#4410,#4411);
#4409 = CARTESIAN_POINT('',(20.,0.,20.));
#4410 = DIRECTION('',(0.,-1.,0.));
#4411 = DIRECTION('',(1.,0.,0.));
#4412 = CYLINDRICAL_SURFACE('',#4413,20.);
#4413 = AXIS2_PLACEMENT_3D('',#4414,#4415,#4416);
#4414 = CARTESIAN_POINT('',(20.,4.44E-15,20.));
#4415 = DIRECTION('',(0.,1.,-2.2E-16));
#4416 = DIRECTION('',(1.,0.,0.));
#4417 = ADVANCED_FACE('',(#4418),#4445,.F.);
#4418 = FACE_BOUND('',#4419,.T.);
#4419 = EDGE_LOOP('',(#4420,#4430,#4437,#4438));
#4420 = ORIENTED_EDGE('',*,*,#4421,.T.);
#4421 = EDGE_CURVE('',#4422,#4424,#4426,.T.);
#4422 = VERTEX_POINT('',#4423);
#4423 = CARTESIAN_POINT('',(194.,1.9E-14,84.));
#4424 = VERTEX_POINT('',#4425);
#4425 = CARTESIAN_POINT('',(194.,-16.,84.));
#4426 = LINE('',#4427,#4428);
#4427 = CARTESIAN_POINT('',(194.,1.865E-14,84.));
#4428 = VECTOR('',#4429,1.);
#4429 = DIRECTION('',(0.,-1.,2.2E-16));
#4430 = ORIENTED_EDGE('',*,*,#4431,.T.);
#4431 = EDGE_CURVE('',#4424,#4424,#4432,.T.);
#4432 = CIRCLE('',#4433,30.);
#4433 = AXIS2_PLACEMENT_3D('',#4434,#4435,#4436);
#4434 = CARTESIAN_POINT('',(164.,-16.,84.));
#4435 = DIRECTION('',(0.,-1.,0.));
#4436 = DIRECTION('',(1.,0.,0.));
#4437 = ORIENTED_EDGE('',*,*,#4421,.F.);
#4438 = ORIENTED_EDGE('',*,*,#4439,.F.);
#4439 = EDGE_CURVE('',#4422,#4422,#4440,.T.);
#4440 = CIRCLE('',#4441,30.);
#4441 = AXIS2_PLACEMENT_3D('',#4442,#4443,#4444);
#4442 = CARTESIAN_POINT('',(164.,0.,84.));
#4443 = DIRECTION('',(0.,-1.,0.));
#4444 = DIRECTION('',(1.,0.,0.));
#4445 = CYLINDRICAL_SURFACE('',#4446,30.);
#4446 = AXIS2_PLACEMENT_3D('',#4447,#4448,#4449);
#4447 = CARTESIAN_POINT('',(164.,1.865E-14,84.));
#4448 = DIRECTION('',(0.,1.,-2.2E-16));
#4449 = DIRECTION('',(1.,0.,0.));
#4450 = ADVANCED_FACE('',(#4451,#4461),#4464,.T.);
#4451 = FACE_BOUND('',#4452,.T.);
#4452 = EDGE_LOOP('',(#4453,#4454,#4455,#4456,#4457,#4458,#4459,#4460));
#4453 = ORIENTED_EDGE('',*,*,#4191,.T.);
#4454 = ORIENTED_EDGE('',*,*,#4223,.F.);
#4455 = ORIENTED_EDGE('',*,*,#4255,.T.);
#4456 = ORIENTED_EDGE('',*,*,#4287,.F.);
#4457 = ORIENTED_EDGE('',*,*,#4319,.T.);
#4458 = ORIENTED_EDGE('',*,*,#4351,.F.);
#4459 = ORIENTED_EDGE('',*,*,#4383,.T.);
#4460 = ORIENTED_EDGE('',*,*,#4406,.F.);
#4461 = FACE_BOUND('',#4462,.T.);
#4462 = EDGE_LOOP('',(#4463));
#4463 = ORIENTED_EDGE('',*,*,#4439,.T.);
#4464 = PLANE('',#4465);
#4465 = AXIS2_PLACEMENT_3D('',#4466,#4467,#4468);
#4466 = CARTESIAN_POINT('',(93.920585964406,2.597E-14,116.96156968377));
#4467 = DIRECTION('',(0.,1.,0.));
#4468 = DIRECTION('',(0.,0.,1.));
#4469 = ADVANCED_FACE('',(#4470,#4480),#4483,.F.);
#4470 = FACE_BOUND('',#4471,.F.);
#4471 = EDGE_LOOP('',(#4472,#4473,#4474,#4475,#4476,#4477,#4478,#4479));
#4472 = ORIENTED_EDGE('',*,*,#4175,.T.);
#4473 = ORIENTED_EDGE('',*,*,#4215,.F.);
#4474 = ORIENTED_EDGE('',*,*,#4239,.T.);
#4475 = ORIENTED_EDGE('',*,*,#4279,.F.);
#4476 = ORIENTED_EDGE('',*,*,#4303,.T.);
#4477 = ORIENTED_EDGE('',*,*,#4343,.F.);
#4478 = ORIENTED_EDGE('',*,*,#4367,.T.);
#4479 = ORIENTED_EDGE('',*,*,#4398,.F.);
#4480 = FACE_BOUND('',#4481,.F.);
#4481 = EDGE_LOOP('',(#4482));
#4482 = ORIENTED_EDGE('',*,*,#4431,.T.);
#4483 = PLANE('',#4484);
#4484 = AXIS2_PLACEMENT_3D('',#4485,#4486,#4487);
#4485 = CARTESIAN_POINT('',(93.920585964406,-16.,116.96156968377));
#4486 = DIRECTION('',(0.,1.,0.));
#4487 = DIRECTION('',(0.,0.,1.));
#4488 = ( GEOMETRIC_REPRESENTATION_CONTEXT(3) 
GLOBAL_UNCERTAINTY_ASSIGNED_CONTEXT((#4492)) 
GLOBAL_UNIT_ASSIGNED_CONTEXT((#4489,#4490,#4491)) REPRESENTATION_CONTEXT
('Context #1','3D Context with UNIT and UNCERTAINTY') );
#4489 = ( LENGTH_UNIT() NAMED_UNIT(*) SI_UNIT(.MILLI.,.METRE.) );
#4490 = ( NAMED_UNIT(*) PLANE_ANGLE_UNIT() SI_UNIT($,.RADIAN.) );
#4491 = ( NAMED_UNIT(*) SI_UNIT($,.STERADIAN.) SOLID_ANGLE_UNIT() );
#4492 = UNCERTAINTY_MEASURE_WITH_UNIT(LENGTH_MEASURE(1.E-07),#4489,
  'distance_accuracy_value','confusion accuracy');
#4493 = CONTEXT_DEPENDENT_SHAPE_REPRESENTATION(#4494,#4496);
#4494 = ( REPRESENTATION_RELATIONSHIP('','',#4158,#3142) 
REPRESENTATION_RELATIONSHIP_WITH_TRANSFORMATION(#4495) 
SHAPE_REPRESENTATION_RELATIONSHIP() );
#4495 = ITEM_DEFINED_TRANSFORMATION('','',#11,#3151);
#4496 = PRODUCT_DEFINITION_SHAPE('Placement','Placement of an item',
  #4497);
#4497 = NEXT_ASSEMBLY_USAGE_OCCURRENCE('4','Body003','',#3137,#4153,$);
#4498 = CC_DESIGN_SECURITY_CLASSIFICATION(#4499,(#4497));
#4499 = SECURITY_CLASSIFICATION('','',#59);
#4500 = CC_DESIGN_PERSON_AND_ORGANIZATION_ASSIGNMENT(#48,#57,(#4499));
#4501 = CC_DESIGN_DATE_AND_TIME_ASSIGNMENT(#62,#68,(#4499));
#4502 = CC_DESIGN_APPROVAL(#70,(#4499));
#4503 = PRODUCT_RELATED_PRODUCT_CATEGORY('detail',$,(#4155));
#4504 = PRODUCT_CATEGORY_RELATIONSHIP('','',#4505,#4503);
#4505 = PRODUCT_CATEGORY('part',$);
#4506 = CC_DESIGN_PERSON_AND_ORGANIZATION_ASSIGNMENT(#48,#51,(#4154,
    #4153));
#4507 = CC_DESIGN_PERSON_AND_ORGANIZATION_ASSIGNMENT(#48,#53,(#4155));
#4508 = CC_DESIGN_PERSON_AND_ORGANIZATION_ASSIGNMENT(#48,#55,(#4154));
#4509 = CC_DESIGN_PERSON_AND_ORGANIZATION_ASSIGNMENT(#48,#57,(#4510));
#4510 = SECURITY_CLASSIFICATION('','',#59);
#4511 = CC_DESIGN_SECURITY_CLASSIFICATION(#4510,(#4154));
#4512 = CC_DESIGN_DATE_AND_TIME_ASSIGNMENT(#62,#66,(#4153));
#4513 = CC_DESIGN_DATE_AND_TIME_ASSIGNMENT(#62,#68,(#4510));
#4514 = CC_DESIGN_APPROVAL(#70,(#4154,#4153,#4510));
#4515 = SHAPE_DEFINITION_REPRESENTATION(#4516,#4522);
#4516 = PRODUCT_DEFINITION_SHAPE('','',#4517);
#4517 = PRODUCT_DEFINITION('design','',#4518,#4521);
#4518 = PRODUCT_DEFINITION_FORMATION_WITH_SPECIFIED_SOURCE('','',#4519,
  .NOT_KNOWN.);
#4519 = PRODUCT('Assembly','Assembly','',(#4520));
#4520 = MECHANICAL_CONTEXT('',#2,'mechanical');
#4521 = DESIGN_CONTEXT('',#2,'design');
#4522 = SHAPE_REPRESENTATION('',(#11,#4523,#4527,#4531),#4535);
#4523 = AXIS2_PLACEMENT_3D('',#4524,#4525,#4526);
#4524 = CARTESIAN_POINT('',(0.,0.,0.));
#4525 = DIRECTION('',(0.,0.,1.));
#4526 = DIRECTION('',(1.,0.,0.));
#4527 = AXIS2_PLACEMENT_3D('',#4528,#4529,#4530);
#4528 = CARTESIAN_POINT('',(16.,16.,16.));
#4529 = DIRECTION('',(0.,0.,1.));
#4530 = DIRECTION('',(1.,0.,0.));
#4531 = AXIS2_PLACEMENT_3D('',#4532,#4533,#4534);
#4532 = CARTESIAN_POINT('',(16.,1.519E-13,1.174E+03));
#4533 = DIRECTION('',(4.E-16,-1.224646799147E-16,-1.));
#4534 = DIRECTION('',(1.,2.449293598295E-32,4.E-16));
#4535 = ( GEOMETRIC_REPRESENTATION_CONTEXT(3) 
GLOBAL_UNCERTAINTY_ASSIGNED_CONTEXT((#4539)) 
GLOBAL_UNIT_ASSIGNED_CONTEXT((#4536,#4537,#4538)) REPRESENTATION_CONTEXT
('Context #1','3D Context with UNIT and UNCERTAINTY') );
#4536 = ( LENGTH_UNIT() NAMED_UNIT(*) SI_UNIT(.MILLI.,.METRE.) );
#4537 = ( NAMED_UNIT(*) PLANE_ANGLE_UNIT() SI_UNIT($,.RADIAN.) );
#4538 = ( NAMED_UNIT(*) SI_UNIT($,.STERADIAN.) SOLID_ANGLE_UNIT() );
#4539 = UNCERTAINTY_MEASURE_WITH_UNIT(LENGTH_MEASURE(1.E-07),#4536,
  'distance_accuracy_value','confusion accuracy');
#4540 = CONTEXT_DEPENDENT_SHAPE_REPRESENTATION(#4541,#4543);
#4541 = ( REPRESENTATION_RELATIONSHIP('','',#4522,#82) 
REPRESENTATION_RELATIONSHIP_WITH_TRANSFORMATION(#4542) 
SHAPE_REPRESENTATION_RELATIONSHIP() );
#4542 = ITEM_DEFINED_TRANSFORMATION('','',#11,#91);
#4543 = PRODUCT_DEFINITION_SHAPE('Placement','Placement of an item',
  #4544);
#4544 = NEXT_ASSEMBLY_USAGE_OCCURRENCE('9','Assembly','',#77,#4517,$);
#4545 = CC_DESIGN_SECURITY_CLASSIFICATION(#4546,(#4544));
#4546 = SECURITY_CLASSIFICATION('','',#59);
#4547 = CC_DESIGN_PERSON_AND_ORGANIZATION_ASSIGNMENT(#48,#57,(#4546));
#4548 = CC_DESIGN_DATE_AND_TIME_ASSIGNMENT(#62,#68,(#4546));
#4549 = CC_DESIGN_APPROVAL(#70,(#4546));
#4550 = PRODUCT_RELATED_PRODUCT_CATEGORY('detail',$,(#4519));
#4551 = PRODUCT_CATEGORY_RELATIONSHIP('','',#4552,#4550);
#4552 = PRODUCT_CATEGORY('part',$);
#4553 = CC_DESIGN_PERSON_AND_ORGANIZATION_ASSIGNMENT(#48,#51,(#4518,
    #4517));
#4554 = CC_DESIGN_PERSON_AND_ORGANIZATION_ASSIGNMENT(#48,#53,(#4519));
#4555 = CC_DESIGN_PERSON_AND_ORGANIZATION_ASSIGNMENT(#48,#55,(#4518));
#4556 = CC_DESIGN_PERSON_AND_ORGANIZATION_ASSIGNMENT(#48,#57,(#4557));
#4557 = SECURITY_CLASSIFICATION('','',#59);
#4558 = CC_DESIGN_SECURITY_CLASSIFICATION(#4557,(#4518));
#4559 = CC_DESIGN_DATE_AND_TIME_ASSIGNMENT(#62,#66,(#4517));
#4560 = CC_DESIGN_DATE_AND_TIME_ASSIGNMENT(#62,#68,(#4557));
#4561 = CC_DESIGN_APPROVAL(#70,(#4518,#4517,#4557));
#4562 = CONTEXT_DEPENDENT_SHAPE_REPRESENTATION(#4563,#4565);
#4563 = ( REPRESENTATION_RELATIONSHIP('','',#3189,#4522) 
REPRESENTATION_RELATIONSHIP_WITH_TRANSFORMATION(#4564) 
SHAPE_REPRESENTATION_RELATIONSHIP() );
#4564 = ITEM_DEFINED_TRANSFORMATION('','',#11,#4523);
#4565 = PRODUCT_DEFINITION_SHAPE('Placement','Placement of an item',
  #4566);
#4566 = NEXT_ASSEMBLY_USAGE_OCCURRENCE('6','','',#4517,#3184,$);
#4567 = CONTEXT_DEPENDENT_SHAPE_REPRESENTATION(#4568,#4570);
#4568 = ( REPRESENTATION_RELATIONSHIP('','',#3794,#4522) 
REPRESENTATION_RELATIONSHIP_WITH_TRANSFORMATION(#4569) 
SHAPE_REPRESENTATION_RELATIONSHIP() );
#4569 = ITEM_DEFINED_TRANSFORMATION('','',#11,#4527);
#4570 = PRODUCT_DEFINITION_SHAPE('Placement','Placement of an item',
  #4571);
#4571 = NEXT_ASSEMBLY_USAGE_OCCURRENCE('7','Body005','',#4517,#3789,$);
#4572 = CONTEXT_DEPENDENT_SHAPE_REPRESENTATION(#4573,#4575);
#4573 = ( REPRESENTATION_RELATIONSHIP('','',#4158,#4522) 
REPRESENTATION_RELATIONSHIP_WITH_TRANSFORMATION(#4574) 
SHAPE_REPRESENTATION_RELATIONSHIP() );
#4574 = ITEM_DEFINED_TRANSFORMATION('','',#11,#4531);
#4575 = PRODUCT_DEFINITION_SHAPE('Placement','Placement of an item',
  #4576);
#4576 = NEXT_ASSEMBLY_USAGE_OCCURRENCE('8','Body006','',#4517,#4153,$);
#4577 = SHAPE_DEFINITION_REPRESENTATION(#4578,#4584);
#4578 = PRODUCT_DEFINITION_SHAPE('','',#4579);
#4579 = PRODUCT_DEFINITION('design','',#4580,#4583);
#4580 = PRODUCT_DEFINITION_FORMATION_WITH_SPECIFIED_SOURCE('','',#4581,
  .NOT_KNOWN.);
#4581 = PRODUCT('Assembly','Assembly','',(#4582));
#4582 = MECHANICAL_CONTEXT('',#2,'mechanical');
#4583 = DESIGN_CONTEXT('',#2,'design');
#4584 = SHAPE_REPRESENTATION('',(#11,#4585,#4589,#4593,#4597,#4601,#4605
    ,#4609,#4613),#4617);
#4585 = AXIS2_PLACEMENT_3D('',#4586,#4587,#4588);
#4586 = CARTESIAN_POINT('',(0.,0.,0.));
#4587 = DIRECTION('',(0.,0.,1.));
#4588 = DIRECTION('',(1.,0.,0.));
#4589 = AXIS2_PLACEMENT_3D('',#4590,#4591,#4592);
#4590 = CARTESIAN_POINT('',(100.,-10.,5.9E-15));
#4591 = DIRECTION('',(-2.E-16,2.E-16,1.));
#4592 = DIRECTION('',(-2.22044604925E-16,-1.,2.E-16));
#4593 = AXIS2_PLACEMENT_3D('',#4594,#4595,#4596);
#4594 = CARTESIAN_POINT('',(7.28E-14,190.,-1.53E-14));
#4595 = DIRECTION('',(0.,0.,1.));
#4596 = DIRECTION('',(-2.22044604925E-16,-1.,0.));
#4597 = AXIS2_PLACEMENT_3D('',#4598,#4599,#4600);
#4598 = CARTESIAN_POINT('',(3.48E-14,190.,136.));
#4599 = DIRECTION('',(0.,0.,1.));
#4600 = DIRECTION('',(-2.22044604925E-16,-1.,0.));
#4601 = AXIS2_PLACEMENT_3D('',#4602,#4603,#4604);
#4602 = CARTESIAN_POINT('',(1.55E-14,190.,272.));
#4603 = DIRECTION('',(0.,0.,1.));
#4604 = DIRECTION('',(-2.22044604925E-16,-1.,0.));
#4605 = AXIS2_PLACEMENT_3D('',#4606,#4607,#4608);
#4606 = CARTESIAN_POINT('',(-2.37E-14,190.,408.));
#4607 = DIRECTION('',(-2.E-16,2.E-16,1.));
#4608 = DIRECTION('',(-2.22044604925E-16,-1.,2.E-16));
#4609 = AXIS2_PLACEMENT_3D('',#4610,#4611,#4612);
#4610 = CARTESIAN_POINT('',(-3.5E-14,190.,544.));
#4611 = DIRECTION('',(0.,0.,1.));
#4612 = DIRECTION('',(-2.22044604925E-16,-1.,0.));
#4613 = AXIS2_PLACEMENT_3D('',#4614,#4615,#4616);
#4614 = CARTESIAN_POINT('',(-7.09E-14,190.,680.));
#4615 = DIRECTION('',(0.,0.,1.));
#4616 = DIRECTION('',(-2.22044604925E-16,-1.,0.));
#4617 = ( GEOMETRIC_REPRESENTATION_CONTEXT(3) 
GLOBAL_UNCERTAINTY_ASSIGNED_CONTEXT((#4621)) 
GLOBAL_UNIT_ASSIGNED_CONTEXT((#4618,#4619,#4620)) REPRESENTATION_CONTEXT
('Context #1','3D Context with UNIT and UNCERTAINTY') );
#4618 = ( LENGTH_UNIT() NAMED_UNIT(*) SI_UNIT(.MILLI.,.METRE.) );
#4619 = ( NAMED_UNIT(*) PLANE_ANGLE_UNIT() SI_UNIT($,.RADIAN.) );
#4620 = ( NAMED_UNIT(*) SI_UNIT($,.STERADIAN.) SOLID_ANGLE_UNIT() );
#4621 = UNCERTAINTY_MEASURE_WITH_UNIT(LENGTH_MEASURE(1.E-07),#4618,
  'distance_accuracy_value','confusion accuracy');
#4622 = CONTEXT_DEPENDENT_SHAPE_REPRESENTATION(#4623,#4625);
#4623 = ( REPRESENTATION_RELATIONSHIP('','',#4584,#82) 
REPRESENTATION_RELATIONSHIP_WITH_TRANSFORMATION(#4624) 
SHAPE_REPRESENTATION_RELATIONSHIP() );
#4624 = ITEM_DEFINED_TRANSFORMATION('','',#11,#95);
#4625 = PRODUCT_DEFINITION_SHAPE('Placement','Placement of an item',
  #4626);
#4626 = NEXT_ASSEMBLY_USAGE_OCCURRENCE('18','Assembly','',#77,#4579,$);
#4627 = CC_DESIGN_SECURITY_CLASSIFICATION(#4628,(#4626));
#4628 = SECURITY_CLASSIFICATION('','',#59);
#4629 = CC_DESIGN_PERSON_AND_ORGANIZATION_ASSIGNMENT(#48,#57,(#4628));
#4630 = CC_DESIGN_DATE_AND_TIME_ASSIGNMENT(#62,#68,(#4628));
#4631 = CC_DESIGN_APPROVAL(#70,(#4628));
#4632 = PRODUCT_RELATED_PRODUCT_CATEGORY('detail',$,(#4581));
#4633 = PRODUCT_CATEGORY_RELATIONSHIP('','',#4634,#4632);
#4634 = PRODUCT_CATEGORY('part',$);
#4635 = CC_DESIGN_PERSON_AND_ORGANIZATION_ASSIGNMENT(#48,#51,(#4580,
    #4579));
#4636 = CC_DESIGN_PERSON_AND_ORGANIZATION_ASSIGNMENT(#48,#53,(#4581));
#4637 = CC_DESIGN_PERSON_AND_ORGANIZATION_ASSIGNMENT(#48,#55,(#4580));
#4638 = CC_DESIGN_PERSON_AND_ORGANIZATION_ASSIGNMENT(#48,#57,(#4639));
#4639 = SECURITY_CLASSIFICATION('','',#59);
#4640 = CC_DESIGN_SECURITY_CLASSIFICATION(#4639,(#4580));
#4641 = CC_DESIGN_DATE_AND_TIME_ASSIGNMENT(#62,#66,(#4579));
#4642 = CC_DESIGN_DATE_AND_TIME_ASSIGNMENT(#62,#68,(#4639));
#4643 = CC_DESIGN_APPROVAL(#70,(#4580,#4579,#4639));
#4644 = SHAPE_DEFINITION_REPRESENTATION(#4645,#4651);
#4645 = PRODUCT_DEFINITION_SHAPE('','',#4646);
#4646 = PRODUCT_DEFINITION('design','',#4647,#4650);
#4647 = PRODUCT_DEFINITION_FORMATION_WITH_SPECIFIED_SOURCE('','',#4648,
  .NOT_KNOWN.);
#4648 = PRODUCT('Body','Body','',(#4649));
#4649 = MECHANICAL_CONTEXT('',#2,'mechanical');
#4650 = DESIGN_CONTEXT('',#2,'design');
#4651 = ADVANCED_BREP_SHAPE_REPRESENTATION('',(#11,#4652),#5192);
#4652 = MANIFOLD_SOLID_BREP('',#4653);
#4653 = CLOSED_SHELL('',(#4654,#4694,#4725,#4756,#4778,#4811,#4844,#4877
    ,#4910,#4943,#4976,#5009,#5042,#5075,#5108,#5150));
#4654 = ADVANCED_FACE('',(#4655),#4689,.F.);
#4655 = FACE_BOUND('',#4656,.F.);
#4656 = EDGE_LOOP('',(#4657,#4667,#4675,#4683));
#4657 = ORIENTED_EDGE('',*,*,#4658,.T.);
#4658 = EDGE_CURVE('',#4659,#4661,#4663,.T.);
#4659 = VERTEX_POINT('',#4660);
#4660 = CARTESIAN_POINT('',(0.,0.,0.));
#4661 = VERTEX_POINT('',#4662);
#4662 = CARTESIAN_POINT('',(0.,-10.,2.E-15));
#4663 = LINE('',#4664,#4665);
#4664 = CARTESIAN_POINT('',(0.,0.,0.));
#4665 = VECTOR('',#4666,1.);
#4666 = DIRECTION('',(0.,-1.,2.2E-16));
#4667 = ORIENTED_EDGE('',*,*,#4668,.T.);
#4668 = EDGE_CURVE('',#4661,#4669,#4671,.T.);
#4669 = VERTEX_POINT('',#4670);
#4670 = CARTESIAN_POINT('',(100.,-10.,2.E-15));
#4671 = LINE('',#4672,#4673);
#4672 = CARTESIAN_POINT('',(0.,-10.,2.E-15));
#4673 = VECTOR('',#4674,1.);
#4674 = DIRECTION('',(1.,0.,0.));
#4675 = ORIENTED_EDGE('',*,*,#4676,.F.);
#4676 = EDGE_CURVE('',#4677,#4669,#4679,.T.);
#4677 = VERTEX_POINT('',#4678);
#4678 = CARTESIAN_POINT('',(100.,0.,0.));
#4679 = LINE('',#4680,#4681);
#4680 = CARTESIAN_POINT('',(100.,0.,0.));
#4681 = VECTOR('',#4682,1.);
#4682 = DIRECTION('',(0.,-1.,2.2E-16));
#4683 = ORIENTED_EDGE('',*,*,#4684,.F.);
#4684 = EDGE_CURVE('',#4659,#4677,#4685,.T.);
#4685 = LINE('',#4686,#4687);
#4686 = CARTESIAN_POINT('',(0.,0.,0.));
#4687 = VECTOR('',#4688,1.);
#4688 = DIRECTION('',(1.,0.,0.));
#4689 = PLANE('',#4690);
#4690 = AXIS2_PLACEMENT_3D('',#4691,#4692,#4693);
#4691 = CARTESIAN_POINT('',(0.,0.,0.));
#4692 = DIRECTION('',(0.,2.2E-16,1.));
#4693 = DIRECTION('',(1.,0.,-0.));
#4694 = ADVANCED_FACE('',(#4695),#4720,.F.);
#4695 = FACE_BOUND('',#4696,.F.);
#4696 = EDGE_LOOP('',(#4697,#4698,#4706,#4714));
#4697 = ORIENTED_EDGE('',*,*,#4676,.T.);
#4698 = ORIENTED_EDGE('',*,*,#4699,.T.);
#4699 = EDGE_CURVE('',#4669,#4700,#4702,.T.);
#4700 = VERTEX_POINT('',#4701);
#4701 = CARTESIAN_POINT('',(100.,-10.,696.));
#4702 = LINE('',#4703,#4704);
#4703 = CARTESIAN_POINT('',(100.,-10.,2.E-15));
#4704 = VECTOR('',#4705,1.);
#4705 = DIRECTION('',(0.,0.,1.));
#4706 = ORIENTED_EDGE('',*,*,#4707,.F.);
#4707 = EDGE_CURVE('',#4708,#4700,#4710,.T.);
#4708 = VERTEX_POINT('',#4709);
#4709 = CARTESIAN_POINT('',(100.,1.55E-13,696.));
#4710 = LINE('',#4711,#4712);
#4711 = CARTESIAN_POINT('',(100.,1.5454E-13,696.));
#4712 = VECTOR('',#4713,1.);
#4713 = DIRECTION('',(0.,-1.,2.2E-16));
#4714 = ORIENTED_EDGE('',*,*,#4715,.F.);
#4715 = EDGE_CURVE('',#4677,#4708,#4716,.T.);
#4716 = LINE('',#4717,#4718);
#4717 = CARTESIAN_POINT('',(100.,0.,0.));
#4718 = VECTOR('',#4719,1.);
#4719 = DIRECTION('',(0.,0.,1.));
#4720 = PLANE('',#4721);
#4721 = AXIS2_PLACEMENT_3D('',#4722,#4723,#4724);
#4722 = CARTESIAN_POINT('',(100.,0.,0.));
#4723 = DIRECTION('',(-1.,0.,0.));
#4724 = DIRECTION('',(0.,2.2E-16,1.));
#4725 = ADVANCED_FACE('',(#4726),#4751,.F.);
#4726 = FACE_BOUND('',#4727,.F.);
#4727 = EDGE_LOOP('',(#4728,#4729,#4737,#4745));
#4728 = ORIENTED_EDGE('',*,*,#4707,.T.);
#4729 = ORIENTED_EDGE('',*,*,#4730,.T.);
#4730 = EDGE_CURVE('',#4700,#4731,#4733,.T.);
#4731 = VERTEX_POINT('',#4732);
#4732 = CARTESIAN_POINT('',(0.,-10.,696.));
#4733 = LINE('',#4734,#4735);
#4734 = CARTESIAN_POINT('',(100.,-10.,696.));
#4735 = VECTOR('',#4736,1.);
#4736 = DIRECTION('',(-1.,0.,0.));
#4737 = ORIENTED_EDGE('',*,*,#4738,.F.);
#4738 = EDGE_CURVE('',#4739,#4731,#4741,.T.);
#4739 = VERTEX_POINT('',#4740);
#4740 = CARTESIAN_POINT('',(0.,1.55E-13,696.));
#4741 = LINE('',#4742,#4743);
#4742 = CARTESIAN_POINT('',(0.,1.5454E-13,696.));
#4743 = VECTOR('',#4744,1.);
#4744 = DIRECTION('',(0.,-1.,2.2E-16));
#4745 = ORIENTED_EDGE('',*,*,#4746,.F.);
#4746 = EDGE_CURVE('',#4708,#4739,#4747,.T.);
#4747 = LINE('',#4748,#4749);
#4748 = CARTESIAN_POINT('',(100.,0.,696.));
#4749 = VECTOR('',#4750,1.);
#4750 = DIRECTION('',(-1.,0.,0.));
#4751 = PLANE('',#4752);
#4752 = AXIS2_PLACEMENT_3D('',#4753,#4754,#4755);
#4753 = CARTESIAN_POINT('',(100.,1.5454E-13,696.));
#4754 = DIRECTION('',(-0.,-2.2E-16,-1.));
#4755 = DIRECTION('',(-1.,0.,0.));
#4756 = ADVANCED_FACE('',(#4757),#4773,.F.);
#4757 = FACE_BOUND('',#4758,.F.);
#4758 = EDGE_LOOP('',(#4759,#4760,#4766,#4767));
#4759 = ORIENTED_EDGE('',*,*,#4738,.T.);
#4760 = ORIENTED_EDGE('',*,*,#4761,.T.);
#4761 = EDGE_CURVE('',#4731,#4661,#4762,.T.);
#4762 = LINE('',#4763,#4764);
#4763 = CARTESIAN_POINT('',(0.,-10.,696.));
#4764 = VECTOR('',#4765,1.);
#4765 = DIRECTION('',(0.,0.,-1.));
#4766 = ORIENTED_EDGE('',*,*,#4658,.F.);
#4767 = ORIENTED_EDGE('',*,*,#4768,.F.);
#4768 = EDGE_CURVE('',#4739,#4659,#4769,.T.);
#4769 = LINE('',#4770,#4771);
#4770 = CARTESIAN_POINT('',(0.,0.,696.));
#4771 = VECTOR('',#4772,1.);
#4772 = DIRECTION('',(0.,0.,-1.));
#4773 = PLANE('',#4774);
#4774 = AXIS2_PLACEMENT_3D('',#4775,#4776,#4777);
#4775 = CARTESIAN_POINT('',(0.,1.5454E-13,696.));
#4776 = DIRECTION('',(1.,0.,0.));
#4777 = DIRECTION('',(0.,-2.2E-16,-1.));
#4778 = ADVANCED_FACE('',(#4779),#4806,.F.);
#4779 = FACE_BOUND('',#4780,.T.);
#4780 = EDGE_LOOP('',(#4781,#4791,#4798,#4799));
#4781 = ORIENTED_EDGE('',*,*,#4782,.T.);
#4782 = EDGE_CURVE('',#4783,#4785,#4787,.T.);
#4783 = VERTEX_POINT('',#4784);
#4784 = CARTESIAN_POINT('',(56.,1.42E-13,640.));
#4785 = VERTEX_POINT('',#4786);
#4786 = CARTESIAN_POINT('',(56.,-10.,640.));
#4787 = LINE('',#4788,#4789);
#4788 = CARTESIAN_POINT('',(56.,1.4211E-13,640.));
#4789 = VECTOR('',#4790,1.);
#4790 = DIRECTION('',(0.,-1.,2.2E-16));
#4791 = ORIENTED_EDGE('',*,*,#4792,.T.);
#4792 = EDGE_CURVE('',#4785,#4785,#4793,.T.);
#4793 = CIRCLE('',#4794,6.);
#4794 = AXIS2_PLACEMENT_3D('',#4795,#4796,#4797);
#4795 = CARTESIAN_POINT('',(50.,-10.,640.));
#4796 = DIRECTION('',(0.,-1.,0.));
#4797 = DIRECTION('',(1.,0.,0.));
#4798 = ORIENTED_EDGE('',*,*,#4782,.F.);
#4799 = ORIENTED_EDGE('',*,*,#4800,.F.);
#4800 = EDGE_CURVE('',#4783,#4783,#4801,.T.);
#4801 = CIRCLE('',#4802,6.);
#4802 = AXIS2_PLACEMENT_3D('',#4803,#4804,#4805);
#4803 = CARTESIAN_POINT('',(50.,0.,640.));
#4804 = DIRECTION('',(0.,-1.,0.));
#4805 = DIRECTION('',(1.,0.,0.));
#4806 = CYLINDRICAL_SURFACE('',#4807,6.);
#4807 = AXIS2_PLACEMENT_3D('',#4808,#4809,#4810);
#4808 = CARTESIAN_POINT('',(50.,1.4211E-13,640.));
#4809 = DIRECTION('',(0.,1.,-2.2E-16));
#4810 = DIRECTION('',(1.,0.,0.));
#4811 = ADVANCED_FACE('',(#4812),#4839,.F.);
#4812 = FACE_BOUND('',#4813,.T.);
#4813 = EDGE_LOOP('',(#4814,#4824,#4831,#4832));
#4814 = ORIENTED_EDGE('',*,*,#4815,.T.);
#4815 = EDGE_CURVE('',#4816,#4818,#4820,.T.);
#4816 = VERTEX_POINT('',#4817);
#4817 = CARTESIAN_POINT('',(56.,1.33E-13,600.));
#4818 = VERTEX_POINT('',#4819);
#4819 = CARTESIAN_POINT('',(56.,-10.,600.));
#4820 = LINE('',#4821,#4822);
#4821 = CARTESIAN_POINT('',(56.,1.3323E-13,600.));
#4822 = VECTOR('',#4823,1.);
#4823 = DIRECTION('',(0.,-1.,2.2E-16));
#4824 = ORIENTED_EDGE('',*,*,#4825,.T.);
#4825 = EDGE_CURVE('',#4818,#4818,#4826,.T.);
#4826 = CIRCLE('',#4827,6.);
#4827 = AXIS2_PLACEMENT_3D('',#4828,#4829,#4830);
#4828 = CARTESIAN_POINT('',(50.,-10.,600.));
#4829 = DIRECTION('',(0.,-1.,0.));
#4830 = DIRECTION('',(1.,0.,0.));
#4831 = ORIENTED_EDGE('',*,*,#4815,.F.);
#4832 = ORIENTED_EDGE('',*,*,#4833,.F.);
#4833 = EDGE_CURVE('',#4816,#4816,#4834,.T.);
#4834 = CIRCLE('',#4835,6.);
#4835 = AXIS2_PLACEMENT_3D('',#4836,#4837,#4838);
#4836 = CARTESIAN_POINT('',(50.,0.,600.));
#4837 = DIRECTION('',(0.,-1.,0.));
#4838 = DIRECTION('',(1.,0.,0.));
#4839 = CYLINDRICAL_SURFACE('',#4840,6.);
#4840 = AXIS2_PLACEMENT_3D('',#4841,#4842,#4843);
#4841 = CARTESIAN_POINT('',(50.,1.3323E-13,600.));
#4842 = DIRECTION('',(0.,1.,-2.2E-16));
#4843 = DIRECTION('',(1.,0.,0.));
#4844 = ADVANCED_FACE('',(#4845),#4872,.F.);
#4845 = FACE_BOUND('',#4846,.T.);
#4846 = EDGE_LOOP('',(#4847,#4857,#4864,#4865));
#4847 = ORIENTED_EDGE('',*,*,#4848,.T.);
#4848 = EDGE_CURVE('',#4849,#4851,#4853,.T.);
#4849 = VERTEX_POINT('',#4850);
#4850 = CARTESIAN_POINT('',(56.,1.12E-13,504.));
#4851 = VERTEX_POINT('',#4852);
#4852 = CARTESIAN_POINT('',(56.,-10.,504.));
#4853 = LINE('',#4854,#4855);
#4854 = CARTESIAN_POINT('',(56.,1.1191E-13,504.));
#4855 = VECTOR('',#4856,1.);
#4856 = DIRECTION('',(0.,-1.,2.2E-16));
#4857 = ORIENTED_EDGE('',*,*,#4858,.T.);
#4858 = EDGE_CURVE('',#4851,#4851,#4859,.T.);
#4859 = CIRCLE('',#4860,6.);
#4860 = AXIS2_PLACEMENT_3D('',#4861,#4862,#4863);
#4861 = CARTESIAN_POINT('',(50.,-10.,504.));
#4862 = DIRECTION('',(0.,-1.,0.));
#4863 = DIRECTION('',(1.,0.,0.));
#4864 = ORIENTED_EDGE('',*,*,#4848,.F.);
#4865 = ORIENTED_EDGE('',*,*,#4866,.F.);
#4866 = EDGE_CURVE('',#4849,#4849,#4867,.T.);
#4867 = CIRCLE('',#4868,6.);
#4868 = AXIS2_PLACEMENT_3D('',#4869,#4870,#4871);
#4869 = CARTESIAN_POINT('',(50.,0.,504.));
#4870 = DIRECTION('',(0.,-1.,0.));
#4871 = DIRECTION('',(1.,0.,0.));
#4872 = CYLINDRICAL_SURFACE('',#4873,6.);
#4873 = AXIS2_PLACEMENT_3D('',#4874,#4875,#4876);
#4874 = CARTESIAN_POINT('',(50.,1.1191E-13,504.));
#4875 = DIRECTION('',(0.,1.,-2.2E-16));
#4876 = DIRECTION('',(1.,0.,0.));
#4877 = ADVANCED_FACE('',(#4878),#4905,.F.);
#4878 = FACE_BOUND('',#4879,.T.);
#4879 = EDGE_LOOP('',(#4880,#4890,#4897,#4898));
#4880 = ORIENTED_EDGE('',*,*,#4881,.T.);
#4881 = EDGE_CURVE('',#4882,#4884,#4886,.T.);
#4882 = VERTEX_POINT('',#4883);
#4883 = CARTESIAN_POINT('',(56.,1.03E-13,464.));
#4884 = VERTEX_POINT('',#4885);
#4885 = CARTESIAN_POINT('',(56.,-10.,464.));
#4886 = LINE('',#4887,#4888);
#4887 = CARTESIAN_POINT('',(56.,1.0303E-13,464.));
#4888 = VECTOR('',#4889,1.);
#4889 = DIRECTION('',(0.,-1.,2.2E-16));
#4890 = ORIENTED_EDGE('',*,*,#4891,.T.);
#4891 = EDGE_CURVE('',#4884,#4884,#4892,.T.);
#4892 = CIRCLE('',#4893,6.);
#4893 = AXIS2_PLACEMENT_3D('',#4894,#4895,#4896);
#4894 = CARTESIAN_POINT('',(50.,-10.,464.));
#4895 = DIRECTION('',(0.,-1.,0.));
#4896 = DIRECTION('',(1.,0.,0.));
#4897 = ORIENTED_EDGE('',*,*,#4881,.F.);
#4898 = ORIENTED_EDGE('',*,*,#4899,.F.);
#4899 = EDGE_CURVE('',#4882,#4882,#4900,.T.);
#4900 = CIRCLE('',#4901,6.);
#4901 = AXIS2_PLACEMENT_3D('',#4902,#4903,#4904);
#4902 = CARTESIAN_POINT('',(50.,0.,464.));
#4903 = DIRECTION('',(0.,-1.,0.));
#4904 = DIRECTION('',(1.,0.,0.));
#4905 = CYLINDRICAL_SURFACE('',#4906,6.);
#4906 = AXIS2_PLACEMENT_3D('',#4907,#4908,#4909);
#4907 = CARTESIAN_POINT('',(50.,1.0303E-13,464.));
#4908 = DIRECTION('',(0.,1.,-2.2E-16));
#4909 = DIRECTION('',(1.,0.,0.));
#4910 = ADVANCED_FACE('',(#4911),#4938,.F.);
#4911 = FACE_BOUND('',#4912,.T.);
#4912 = EDGE_LOOP('',(#4913,#4923,#4930,#4931));
#4913 = ORIENTED_EDGE('',*,*,#4914,.T.);
#4914 = EDGE_CURVE('',#4915,#4917,#4919,.T.);
#4915 = VERTEX_POINT('',#4916);
#4916 = CARTESIAN_POINT('',(56.,8.2E-14,368.));
#4917 = VERTEX_POINT('',#4918);
#4918 = CARTESIAN_POINT('',(56.,-10.,368.));
#4919 = LINE('',#4920,#4921);
#4920 = CARTESIAN_POINT('',(56.,8.171E-14,368.));
#4921 = VECTOR('',#4922,1.);
#4922 = DIRECTION('',(0.,-1.,2.2E-16));
#4923 = ORIENTED_EDGE('',*,*,#4924,.T.);
#4924 = EDGE_CURVE('',#4917,#4917,#4925,.T.);
#4925 = CIRCLE('',#4926,6.);
#4926 = AXIS2_PLACEMENT_3D('',#4927,#4928,#4929);
#4927 = CARTESIAN_POINT('',(50.,-10.,368.));
#4928 = DIRECTION('',(0.,-1.,0.));
#4929 = DIRECTION('',(1.,0.,0.));
#4930 = ORIENTED_EDGE('',*,*,#4914,.F.);
#4931 = ORIENTED_EDGE('',*,*,#4932,.F.);
#4932 = EDGE_CURVE('',#4915,#4915,#4933,.T.);
#4933 = CIRCLE('',#4934,6.);
#4934 = AXIS2_PLACEMENT_3D('',#4935,#4936,#4937);
#4935 = CARTESIAN_POINT('',(50.,0.,368.));
#4936 = DIRECTION('',(0.,-1.,0.));
#4937 = DIRECTION('',(1.,0.,0.));
#4938 = CYLINDRICAL_SURFACE('',#4939,6.);
#4939 = AXIS2_PLACEMENT_3D('',#4940,#4941,#4942);
#4940 = CARTESIAN_POINT('',(50.,8.171E-14,368.));
#4941 = DIRECTION('',(0.,1.,-2.2E-16));
#4942 = DIRECTION('',(1.,0.,0.));
#4943 = ADVANCED_FACE('',(#4944),#4971,.F.);
#4944 = FACE_BOUND('',#4945,.T.);
#4945 = EDGE_LOOP('',(#4946,#4956,#4963,#4964));
#4946 = ORIENTED_EDGE('',*,*,#4947,.T.);
#4947 = EDGE_CURVE('',#4948,#4950,#4952,.T.);
#4948 = VERTEX_POINT('',#4949);
#4949 = CARTESIAN_POINT('',(56.,7.3E-14,328.));
#4950 = VERTEX_POINT('',#4951);
#4951 = CARTESIAN_POINT('',(56.,-10.,328.));
#4952 = LINE('',#4953,#4954);
#4953 = CARTESIAN_POINT('',(56.,7.283E-14,328.));
#4954 = VECTOR('',#4955,1.);
#4955 = DIRECTION('',(0.,-1.,2.2E-16));
#4956 = ORIENTED_EDGE('',*,*,#4957,.T.);
#4957 = EDGE_CURVE('',#4950,#4950,#4958,.T.);
#4958 = CIRCLE('',#4959,6.);
#4959 = AXIS2_PLACEMENT_3D('',#4960,#4961,#4962);
#4960 = CARTESIAN_POINT('',(50.,-10.,328.));
#4961 = DIRECTION('',(0.,-1.,0.));
#4962 = DIRECTION('',(1.,0.,0.));
#4963 = ORIENTED_EDGE('',*,*,#4947,.F.);
#4964 = ORIENTED_EDGE('',*,*,#4965,.F.);
#4965 = EDGE_CURVE('',#4948,#4948,#4966,.T.);
#4966 = CIRCLE('',#4967,6.);
#4967 = AXIS2_PLACEMENT_3D('',#4968,#4969,#4970);
#4968 = CARTESIAN_POINT('',(50.,0.,328.));
#4969 = DIRECTION('',(0.,-1.,0.));
#4970 = DIRECTION('',(1.,0.,0.));
#4971 = CYLINDRICAL_SURFACE('',#4972,6.);
#4972 = AXIS2_PLACEMENT_3D('',#4973,#4974,#4975);
#4973 = CARTESIAN_POINT('',(50.,7.283E-14,328.));
#4974 = DIRECTION('',(0.,1.,-2.2E-16));
#4975 = DIRECTION('',(1.,0.,0.));
#4976 = ADVANCED_FACE('',(#4977),#5004,.F.);
#4977 = FACE_BOUND('',#4978,.T.);
#4978 = EDGE_LOOP('',(#4979,#4989,#4996,#4997));
#4979 = ORIENTED_EDGE('',*,*,#4980,.T.);
#4980 = EDGE_CURVE('',#4981,#4983,#4985,.T.);
#4981 = VERTEX_POINT('',#4982);
#4982 = CARTESIAN_POINT('',(56.,5.2E-14,232.));
#4983 = VERTEX_POINT('',#4984);
#4984 = CARTESIAN_POINT('',(56.,-10.,232.));
#4985 = LINE('',#4986,#4987);
#4986 = CARTESIAN_POINT('',(56.,5.151E-14,232.));
#4987 = VECTOR('',#4988,1.);
#4988 = DIRECTION('',(0.,-1.,2.2E-16));
#4989 = ORIENTED_EDGE('',*,*,#4990,.T.);
#4990 = EDGE_CURVE('',#4983,#4983,#4991,.T.);
#4991 = CIRCLE('',#4992,6.);
#4992 = AXIS2_PLACEMENT_3D('',#4993,#4994,#4995);
#4993 = CARTESIAN_POINT('',(50.,-10.,232.));
#4994 = DIRECTION('',(0.,-1.,0.));
#4995 = DIRECTION('',(1.,0.,0.));
#4996 = ORIENTED_EDGE('',*,*,#4980,.F.);
#4997 = ORIENTED_EDGE('',*,*,#4998,.F.);
#4998 = EDGE_CURVE('',#4981,#4981,#4999,.T.);
#4999 = CIRCLE('',#5000,6.);
#5000 = AXIS2_PLACEMENT_3D('',#5001,#5002,#5003);
#5001 = CARTESIAN_POINT('',(50.,0.,232.));
#5002 = DIRECTION('',(0.,-1.,0.));
#5003 = DIRECTION('',(1.,0.,0.));
#5004 = CYLINDRICAL_SURFACE('',#5005,6.);
#5005 = AXIS2_PLACEMENT_3D('',#5006,#5007,#5008);
#5006 = CARTESIAN_POINT('',(50.,5.151E-14,232.));
#5007 = DIRECTION('',(0.,1.,-2.2E-16));
#5008 = DIRECTION('',(1.,0.,0.));
#5009 = ADVANCED_FACE('',(#5010),#5037,.F.);
#5010 = FACE_BOUND('',#5011,.T.);
#5011 = EDGE_LOOP('',(#5012,#5022,#5029,#5030));
#5012 = ORIENTED_EDGE('',*,*,#5013,.T.);
#5013 = EDGE_CURVE('',#5014,#5016,#5018,.T.);
#5014 = VERTEX_POINT('',#5015);
#5015 = CARTESIAN_POINT('',(56.,4.3E-14,192.));
#5016 = VERTEX_POINT('',#5017);
#5017 = CARTESIAN_POINT('',(56.,-10.,192.));
#5018 = LINE('',#5019,#5020);
#5019 = CARTESIAN_POINT('',(56.,4.263E-14,192.));
#5020 = VECTOR('',#5021,1.);
#5021 = DIRECTION('',(0.,-1.,2.2E-16));
#5022 = ORIENTED_EDGE('',*,*,#5023,.T.);
#5023 = EDGE_CURVE('',#5016,#5016,#5024,.T.);
#5024 = CIRCLE('',#5025,6.);
#5025 = AXIS2_PLACEMENT_3D('',#5026,#5027,#5028);
#5026 = CARTESIAN_POINT('',(50.,-10.,192.));
#5027 = DIRECTION('',(0.,-1.,0.));
#5028 = DIRECTION('',(1.,0.,0.));
#5029 = ORIENTED_EDGE('',*,*,#5013,.F.);
#5030 = ORIENTED_EDGE('',*,*,#5031,.F.);
#5031 = EDGE_CURVE('',#5014,#5014,#5032,.T.);
#5032 = CIRCLE('',#5033,6.);
#5033 = AXIS2_PLACEMENT_3D('',#5034,#5035,#5036);
#5034 = CARTESIAN_POINT('',(50.,0.,192.));
#5035 = DIRECTION('',(0.,-1.,0.));
#5036 = DIRECTION('',(1.,0.,0.));
#5037 = CYLINDRICAL_SURFACE('',#5038,6.);
#5038 = AXIS2_PLACEMENT_3D('',#5039,#5040,#5041);
#5039 = CARTESIAN_POINT('',(50.,4.263E-14,192.));
#5040 = DIRECTION('',(0.,1.,-2.2E-16));
#5041 = DIRECTION('',(1.,0.,0.));
#5042 = ADVANCED_FACE('',(#5043),#5070,.F.);
#5043 = FACE_BOUND('',#5044,.T.);
#5044 = EDGE_LOOP('',(#5045,#5055,#5062,#5063));
#5045 = ORIENTED_EDGE('',*,*,#5046,.T.);
#5046 = EDGE_CURVE('',#5047,#5049,#5051,.T.);
#5047 = VERTEX_POINT('',#5048);
#5048 = CARTESIAN_POINT('',(56.,2.1E-14,96.));
#5049 = VERTEX_POINT('',#5050);
#5050 = CARTESIAN_POINT('',(56.,-10.,96.));
#5051 = LINE('',#5052,#5053);
#5052 = CARTESIAN_POINT('',(56.,2.132E-14,96.));
#5053 = VECTOR('',#5054,1.);
#5054 = DIRECTION('',(0.,-1.,2.2E-16));
#5055 = ORIENTED_EDGE('',*,*,#5056,.T.);
#5056 = EDGE_CURVE('',#5049,#5049,#5057,.T.);
#5057 = CIRCLE('',#5058,6.);
#5058 = AXIS2_PLACEMENT_3D('',#5059,#5060,#5061);
#5059 = CARTESIAN_POINT('',(50.,-10.,96.));
#5060 = DIRECTION('',(0.,-1.,0.));
#5061 = DIRECTION('',(1.,0.,0.));
#5062 = ORIENTED_EDGE('',*,*,#5046,.F.);
#5063 = ORIENTED_EDGE('',*,*,#5064,.F.);
#5064 = EDGE_CURVE('',#5047,#5047,#5065,.T.);
#5065 = CIRCLE('',#5066,6.);
#5066 = AXIS2_PLACEMENT_3D('',#5067,#5068,#5069);
#5067 = CARTESIAN_POINT('',(50.,0.,96.));
#5068 = DIRECTION('',(0.,-1.,0.));
#5069 = DIRECTION('',(1.,0.,0.));
#5070 = CYLINDRICAL_SURFACE('',#5071,6.);
#5071 = AXIS2_PLACEMENT_3D('',#5072,#5073,#5074);
#5072 = CARTESIAN_POINT('',(50.,2.132E-14,96.));
#5073 = DIRECTION('',(0.,1.,-2.2E-16));
#5074 = DIRECTION('',(1.,0.,0.));
#5075 = ADVANCED_FACE('',(#5076),#5103,.F.);
#5076 = FACE_BOUND('',#5077,.T.);
#5077 = EDGE_LOOP('',(#5078,#5088,#5095,#5096));
#5078 = ORIENTED_EDGE('',*,*,#5079,.T.);
#5079 = EDGE_CURVE('',#5080,#5082,#5084,.T.);
#5080 = VERTEX_POINT('',#5081);
#5081 = CARTESIAN_POINT('',(56.,1.2E-14,56.));
#5082 = VERTEX_POINT('',#5083);
#5083 = CARTESIAN_POINT('',(56.,-10.,56.));
#5084 = LINE('',#5085,#5086);
#5085 = CARTESIAN_POINT('',(56.,1.243E-14,56.));
#5086 = VECTOR('',#5087,1.);
#5087 = DIRECTION('',(0.,-1.,2.2E-16));
#5088 = ORIENTED_EDGE('',*,*,#5089,.T.);
#5089 = EDGE_CURVE('',#5082,#5082,#5090,.T.);
#5090 = CIRCLE('',#5091,6.);
#5091 = AXIS2_PLACEMENT_3D('',#5092,#5093,#5094);
#5092 = CARTESIAN_POINT('',(50.,-10.,56.));
#5093 = DIRECTION('',(0.,-1.,0.));
#5094 = DIRECTION('',(1.,0.,0.));
#5095 = ORIENTED_EDGE('',*,*,#5079,.F.);
#5096 = ORIENTED_EDGE('',*,*,#5097,.F.);
#5097 = EDGE_CURVE('',#5080,#5080,#5098,.T.);
#5098 = CIRCLE('',#5099,6.);
#5099 = AXIS2_PLACEMENT_3D('',#5100,#5101,#5102);
#5100 = CARTESIAN_POINT('',(50.,0.,56.));
#5101 = DIRECTION('',(0.,-1.,0.));
#5102 = DIRECTION('',(1.,0.,0.));
#5103 = CYLINDRICAL_SURFACE('',#5104,6.);
#5104 = AXIS2_PLACEMENT_3D('',#5105,#5106,#5107);
#5105 = CARTESIAN_POINT('',(50.,1.243E-14,56.));
#5106 = DIRECTION('',(0.,1.,-2.2E-16));
#5107 = DIRECTION('',(1.,0.,0.));
#5108 = ADVANCED_FACE('',(#5109,#5115,#5118,#5121,#5124,#5127,#5130,
    #5133,#5136,#5139,#5142),#5145,.T.);
#5109 = FACE_BOUND('',#5110,.F.);
#5110 = EDGE_LOOP('',(#5111,#5112,#5113,#5114));
#5111 = ORIENTED_EDGE('',*,*,#4684,.T.);
#5112 = ORIENTED_EDGE('',*,*,#4715,.T.);
#5113 = ORIENTED_EDGE('',*,*,#4746,.T.);
#5114 = ORIENTED_EDGE('',*,*,#4768,.T.);
#5115 = FACE_BOUND('',#5116,.T.);
#5116 = EDGE_LOOP('',(#5117));
#5117 = ORIENTED_EDGE('',*,*,#4800,.T.);
#5118 = FACE_BOUND('',#5119,.T.);
#5119 = EDGE_LOOP('',(#5120));
#5120 = ORIENTED_EDGE('',*,*,#4833,.T.);
#5121 = FACE_BOUND('',#5122,.T.);
#5122 = EDGE_LOOP('',(#5123));
#5123 = ORIENTED_EDGE('',*,*,#4866,.T.);
#5124 = FACE_BOUND('',#5125,.T.);
#5125 = EDGE_LOOP('',(#5126));
#5126 = ORIENTED_EDGE('',*,*,#4899,.T.);
#5127 = FACE_BOUND('',#5128,.T.);
#5128 = EDGE_LOOP('',(#5129));
#5129 = ORIENTED_EDGE('',*,*,#4932,.T.);
#5130 = FACE_BOUND('',#5131,.T.);
#5131 = EDGE_LOOP('',(#5132));
#5132 = ORIENTED_EDGE('',*,*,#4965,.T.);
#5133 = FACE_BOUND('',#5134,.T.);
#5134 = EDGE_LOOP('',(#5135));
#5135 = ORIENTED_EDGE('',*,*,#4998,.T.);
#5136 = FACE_BOUND('',#5137,.T.);
#5137 = EDGE_LOOP('',(#5138));
#5138 = ORIENTED_EDGE('',*,*,#5031,.T.);
#5139 = FACE_BOUND('',#5140,.T.);
#5140 = EDGE_LOOP('',(#5141));
#5141 = ORIENTED_EDGE('',*,*,#5064,.T.);
#5142 = FACE_BOUND('',#5143,.T.);
#5143 = EDGE_LOOP('',(#5144));
#5144 = ORIENTED_EDGE('',*,*,#5097,.T.);
#5145 = PLANE('',#5146);
#5146 = AXIS2_PLACEMENT_3D('',#5147,#5148,#5149);
#5147 = CARTESIAN_POINT('',(50.,7.727E-14,348.));
#5148 = DIRECTION('',(0.,1.,0.));
#5149 = DIRECTION('',(0.,0.,1.));
#5150 = ADVANCED_FACE('',(#5151,#5157,#5160,#5163,#5166,#5169,#5172,
    #5175,#5178,#5181,#5184),#5187,.F.);
#5151 = FACE_BOUND('',#5152,.T.);
#5152 = EDGE_LOOP('',(#5153,#5154,#5155,#5156));
#5153 = ORIENTED_EDGE('',*,*,#4668,.T.);
#5154 = ORIENTED_EDGE('',*,*,#4699,.T.);
#5155 = ORIENTED_EDGE('',*,*,#4730,.T.);
#5156 = ORIENTED_EDGE('',*,*,#4761,.T.);
#5157 = FACE_BOUND('',#5158,.F.);
#5158 = EDGE_LOOP('',(#5159));
#5159 = ORIENTED_EDGE('',*,*,#4792,.T.);
#5160 = FACE_BOUND('',#5161,.F.);
#5161 = EDGE_LOOP('',(#5162));
#5162 = ORIENTED_EDGE('',*,*,#4825,.T.);
#5163 = FACE_BOUND('',#5164,.F.);
#5164 = EDGE_LOOP('',(#5165));
#5165 = ORIENTED_EDGE('',*,*,#4858,.T.);
#5166 = FACE_BOUND('',#5167,.F.);
#5167 = EDGE_LOOP('',(#5168));
#5168 = ORIENTED_EDGE('',*,*,#4891,.T.);
#5169 = FACE_BOUND('',#5170,.F.);
#5170 = EDGE_LOOP('',(#5171));
#5171 = ORIENTED_EDGE('',*,*,#4924,.T.);
#5172 = FACE_BOUND('',#5173,.F.);
#5173 = EDGE_LOOP('',(#5174));
#5174 = ORIENTED_EDGE('',*,*,#4957,.T.);
#5175 = FACE_BOUND('',#5176,.F.);
#5176 = EDGE_LOOP('',(#5177));
#5177 = ORIENTED_EDGE('',*,*,#4990,.T.);
#5178 = FACE_BOUND('',#5179,.F.);
#5179 = EDGE_LOOP('',(#5180));
#5180 = ORIENTED_EDGE('',*,*,#5023,.T.);
#5181 = FACE_BOUND('',#5182,.F.);
#5182 = EDGE_LOOP('',(#5183));
#5183 = ORIENTED_EDGE('',*,*,#5056,.T.);
#5184 = FACE_BOUND('',#5185,.F.);
#5185 = EDGE_LOOP('',(#5186));
#5186 = ORIENTED_EDGE('',*,*,#5089,.T.);
#5187 = PLANE('',#5188);
#5188 = AXIS2_PLACEMENT_3D('',#5189,#5190,#5191);
#5189 = CARTESIAN_POINT('',(50.,-10.,348.));
#5190 = DIRECTION('',(0.,1.,0.));
#5191 = DIRECTION('',(0.,0.,1.));
#5192 = ( GEOMETRIC_REPRESENTATION_CONTEXT(3) 
GLOBAL_UNCERTAINTY_ASSIGNED_CONTEXT((#5196)) 
GLOBAL_UNIT_ASSIGNED_CONTEXT((#5193,#5194,#5195)) REPRESENTATION_CONTEXT
('Context #1','3D Context with UNIT and UNCERTAINTY') );
#5193 = ( LENGTH_UNIT() NAMED_UNIT(*) SI_UNIT(.MILLI.,.METRE.) );
#5194 = ( NAMED_UNIT(*) PLANE_ANGLE_UNIT() SI_UNIT($,.RADIAN.) );
#5195 = ( NAMED_UNIT(*) SI_UNIT($,.STERADIAN.) SOLID_ANGLE_UNIT() );
#5196 = UNCERTAINTY_MEASURE_WITH_UNIT(LENGTH_MEASURE(1.E-07),#5193,
  'distance_accuracy_value','confusion accuracy');
#5197 = CONTEXT_DEPENDENT_SHAPE_REPRESENTATION(#5198,#5200);
#5198 = ( REPRESENTATION_RELATIONSHIP('','',#4651,#4584) 
REPRESENTATION_RELATIONSHIP_WITH_TRANSFORMATION(#5199) 
SHAPE_REPRESENTATION_RELATIONSHIP() );
#5199 = ITEM_DEFINED_TRANSFORMATION('','',#11,#4585);
#5200 = PRODUCT_DEFINITION_SHAPE('Placement','Placement of an item',
  #5201);
#5201 = NEXT_ASSEMBLY_USAGE_OCCURRENCE('10','Body020','',#4579,#4646,$);
#5202 = CC_DESIGN_SECURITY_CLASSIFICATION(#5203,(#5201));
#5203 = SECURITY_CLASSIFICATION('','',#59);
#5204 = CC_DESIGN_PERSON_AND_ORGANIZATION_ASSIGNMENT(#48,#57,(#5203));
#5205 = CC_DESIGN_DATE_AND_TIME_ASSIGNMENT(#62,#68,(#5203));
#5206 = CC_DESIGN_APPROVAL(#70,(#5203));
#5207 = PRODUCT_RELATED_PRODUCT_CATEGORY('detail',$,(#4648));
#5208 = PRODUCT_CATEGORY_RELATIONSHIP('','',#5209,#5207);
#5209 = PRODUCT_CATEGORY('part',$);
#5210 = CC_DESIGN_PERSON_AND_ORGANIZATION_ASSIGNMENT(#48,#51,(#4647,
    #4646));
#5211 = CC_DESIGN_PERSON_AND_ORGANIZATION_ASSIGNMENT(#48,#53,(#4648));
#5212 = CC_DESIGN_PERSON_AND_ORGANIZATION_ASSIGNMENT(#48,#55,(#4647));
#5213 = CC_DESIGN_PERSON_AND_ORGANIZATION_ASSIGNMENT(#48,#57,(#5214));
#5214 = SECURITY_CLASSIFICATION('','',#59);
#5215 = CC_DESIGN_SECURITY_CLASSIFICATION(#5214,(#4647));
#5216 = CC_DESIGN_DATE_AND_TIME_ASSIGNMENT(#62,#66,(#4646));
#5217 = CC_DESIGN_DATE_AND_TIME_ASSIGNMENT(#62,#68,(#5214));
#5218 = CC_DESIGN_APPROVAL(#70,(#4647,#4646,#5214));
#5219 = SHAPE_DEFINITION_REPRESENTATION(#5220,#5226);
#5220 = PRODUCT_DEFINITION_SHAPE('','',#5221);
#5221 = PRODUCT_DEFINITION('design','',#5222,#5225);
#5222 = PRODUCT_DEFINITION_FORMATION_WITH_SPECIFIED_SOURCE('','',#5223,
  .NOT_KNOWN.);
#5223 = PRODUCT('Body','Body','',(#5224));
#5224 = MECHANICAL_CONTEXT('',#2,'mechanical');
#5225 = DESIGN_CONTEXT('',#2,'design');
#5226 = ADVANCED_BREP_SHAPE_REPRESENTATION('',(#11,#5227),#5767);
#5227 = MANIFOLD_SOLID_BREP('',#5228);
#5228 = CLOSED_SHELL('',(#5229,#5269,#5300,#5331,#5353,#5386,#5419,#5452
    ,#5485,#5518,#5551,#5584,#5617,#5650,#5683,#5725));
#5229 = ADVANCED_FACE('',(#5230),#5264,.F.);
#5230 = FACE_BOUND('',#5231,.F.);
#5231 = EDGE_LOOP('',(#5232,#5242,#5250,#5258));
#5232 = ORIENTED_EDGE('',*,*,#5233,.T.);
#5233 = EDGE_CURVE('',#5234,#5236,#5238,.T.);
#5234 = VERTEX_POINT('',#5235);
#5235 = CARTESIAN_POINT('',(0.,0.,0.));
#5236 = VERTEX_POINT('',#5237);
#5237 = CARTESIAN_POINT('',(0.,-10.,2.E-15));
#5238 = LINE('',#5239,#5240);
#5239 = CARTESIAN_POINT('',(0.,0.,0.));
#5240 = VECTOR('',#5241,1.);
#5241 = DIRECTION('',(0.,-1.,2.2E-16));
#5242 = ORIENTED_EDGE('',*,*,#5243,.T.);
#5243 = EDGE_CURVE('',#5236,#5244,#5246,.T.);
#5244 = VERTEX_POINT('',#5245);
#5245 = CARTESIAN_POINT('',(60.,-10.,2.E-15));
#5246 = LINE('',#5247,#5248);
#5247 = CARTESIAN_POINT('',(0.,-10.,2.E-15));
#5248 = VECTOR('',#5249,1.);
#5249 = DIRECTION('',(1.,0.,0.));
#5250 = ORIENTED_EDGE('',*,*,#5251,.F.);
#5251 = EDGE_CURVE('',#5252,#5244,#5254,.T.);
#5252 = VERTEX_POINT('',#5253);
#5253 = CARTESIAN_POINT('',(60.,0.,0.));
#5254 = LINE('',#5255,#5256);
#5255 = CARTESIAN_POINT('',(60.,0.,0.));
#5256 = VECTOR('',#5257,1.);
#5257 = DIRECTION('',(0.,-1.,2.2E-16));
#5258 = ORIENTED_EDGE('',*,*,#5259,.F.);
#5259 = EDGE_CURVE('',#5234,#5252,#5260,.T.);
#5260 = LINE('',#5261,#5262);
#5261 = CARTESIAN_POINT('',(0.,0.,0.));
#5262 = VECTOR('',#5263,1.);
#5263 = DIRECTION('',(1.,0.,0.));
#5264 = PLANE('',#5265);
#5265 = AXIS2_PLACEMENT_3D('',#5266,#5267,#5268);
#5266 = CARTESIAN_POINT('',(0.,0.,0.));
#5267 = DIRECTION('',(0.,2.2E-16,1.));
#5268 = DIRECTION('',(1.,0.,-0.));
#5269 = ADVANCED_FACE('',(#5270),#5295,.F.);
#5270 = FACE_BOUND('',#5271,.F.);
#5271 = EDGE_LOOP('',(#5272,#5273,#5281,#5289));
#5272 = ORIENTED_EDGE('',*,*,#5251,.T.);
#5273 = ORIENTED_EDGE('',*,*,#5274,.T.);
#5274 = EDGE_CURVE('',#5244,#5275,#5277,.T.);
#5275 = VERTEX_POINT('',#5276);
#5276 = CARTESIAN_POINT('',(60.,-10.,696.));
#5277 = LINE('',#5278,#5279);
#5278 = CARTESIAN_POINT('',(60.,-10.,2.E-15));
#5279 = VECTOR('',#5280,1.);
#5280 = DIRECTION('',(0.,0.,1.));
#5281 = ORIENTED_EDGE('',*,*,#5282,.F.);
#5282 = EDGE_CURVE('',#5283,#5275,#5285,.T.);
#5283 = VERTEX_POINT('',#5284);
#5284 = CARTESIAN_POINT('',(60.,1.55E-13,696.));
#5285 = LINE('',#5286,#5287);
#5286 = CARTESIAN_POINT('',(60.,1.5454E-13,696.));
#5287 = VECTOR('',#5288,1.);
#5288 = DIRECTION('',(0.,-1.,2.2E-16));
#5289 = ORIENTED_EDGE('',*,*,#5290,.F.);
#5290 = EDGE_CURVE('',#5252,#5283,#5291,.T.);
#5291 = LINE('',#5292,#5293);
#5292 = CARTESIAN_POINT('',(60.,0.,0.));
#5293 = VECTOR('',#5294,1.);
#5294 = DIRECTION('',(0.,0.,1.));
#5295 = PLANE('',#5296);
#5296 = AXIS2_PLACEMENT_3D('',#5297,#5298,#5299);
#5297 = CARTESIAN_POINT('',(60.,0.,0.));
#5298 = DIRECTION('',(-1.,0.,0.));
#5299 = DIRECTION('',(0.,2.2E-16,1.));
#5300 = ADVANCED_FACE('',(#5301),#5326,.F.);
#5301 = FACE_BOUND('',#5302,.F.);
#5302 = EDGE_LOOP('',(#5303,#5304,#5312,#5320));
#5303 = ORIENTED_EDGE('',*,*,#5282,.T.);
#5304 = ORIENTED_EDGE('',*,*,#5305,.T.);
#5305 = EDGE_CURVE('',#5275,#5306,#5308,.T.);
#5306 = VERTEX_POINT('',#5307);
#5307 = CARTESIAN_POINT('',(0.,-10.,696.));
#5308 = LINE('',#5309,#5310);
#5309 = CARTESIAN_POINT('',(60.,-10.,696.));
#5310 = VECTOR('',#5311,1.);
#5311 = DIRECTION('',(-1.,0.,0.));
#5312 = ORIENTED_EDGE('',*,*,#5313,.F.);
#5313 = EDGE_CURVE('',#5314,#5306,#5316,.T.);
#5314 = VERTEX_POINT('',#5315);
#5315 = CARTESIAN_POINT('',(0.,1.55E-13,696.));
#5316 = LINE('',#5317,#5318);
#5317 = CARTESIAN_POINT('',(0.,1.5454E-13,696.));
#5318 = VECTOR('',#5319,1.);
#5319 = DIRECTION('',(0.,-1.,2.2E-16));
#5320 = ORIENTED_EDGE('',*,*,#5321,.F.);
#5321 = EDGE_CURVE('',#5283,#5314,#5322,.T.);
#5322 = LINE('',#5323,#5324);
#5323 = CARTESIAN_POINT('',(60.,0.,696.));
#5324 = VECTOR('',#5325,1.);
#5325 = DIRECTION('',(-1.,0.,0.));
#5326 = PLANE('',#5327);
#5327 = AXIS2_PLACEMENT_3D('',#5328,#5329,#5330);
#5328 = CARTESIAN_POINT('',(60.,1.5454E-13,696.));
#5329 = DIRECTION('',(-0.,-2.2E-16,-1.));
#5330 = DIRECTION('',(-1.,0.,0.));
#5331 = ADVANCED_FACE('',(#5332),#5348,.F.);
#5332 = FACE_BOUND('',#5333,.F.);
#5333 = EDGE_LOOP('',(#5334,#5335,#5341,#5342));
#5334 = ORIENTED_EDGE('',*,*,#5313,.T.);
#5335 = ORIENTED_EDGE('',*,*,#5336,.T.);
#5336 = EDGE_CURVE('',#5306,#5236,#5337,.T.);
#5337 = LINE('',#5338,#5339);
#5338 = CARTESIAN_POINT('',(0.,-10.,696.));
#5339 = VECTOR('',#5340,1.);
#5340 = DIRECTION('',(0.,0.,-1.));
#5341 = ORIENTED_EDGE('',*,*,#5233,.F.);
#5342 = ORIENTED_EDGE('',*,*,#5343,.F.);
#5343 = EDGE_CURVE('',#5314,#5234,#5344,.T.);
#5344 = LINE('',#5345,#5346);
#5345 = CARTESIAN_POINT('',(0.,0.,696.));
#5346 = VECTOR('',#5347,1.);
#5347 = DIRECTION('',(0.,0.,-1.));
#5348 = PLANE('',#5349);
#5349 = AXIS2_PLACEMENT_3D('',#5350,#5351,#5352);
#5350 = CARTESIAN_POINT('',(0.,1.5454E-13,696.));
#5351 = DIRECTION('',(1.,0.,0.));
#5352 = DIRECTION('',(0.,-2.2E-16,-1.));
#5353 = ADVANCED_FACE('',(#5354),#5381,.F.);
#5354 = FACE_BOUND('',#5355,.T.);
#5355 = EDGE_LOOP('',(#5356,#5366,#5373,#5374));
#5356 = ORIENTED_EDGE('',*,*,#5357,.T.);
#5357 = EDGE_CURVE('',#5358,#5360,#5362,.T.);
#5358 = VERTEX_POINT('',#5359);
#5359 = CARTESIAN_POINT('',(36.,1.42E-13,640.));
#5360 = VERTEX_POINT('',#5361);
#5361 = CARTESIAN_POINT('',(36.,-10.,640.));
#5362 = LINE('',#5363,#5364);
#5363 = CARTESIAN_POINT('',(36.,1.4211E-13,640.));
#5364 = VECTOR('',#5365,1.);
#5365 = DIRECTION('',(0.,-1.,2.2E-16));
#5366 = ORIENTED_EDGE('',*,*,#5367,.T.);
#5367 = EDGE_CURVE('',#5360,#5360,#5368,.T.);
#5368 = CIRCLE('',#5369,6.);
#5369 = AXIS2_PLACEMENT_3D('',#5370,#5371,#5372);
#5370 = CARTESIAN_POINT('',(30.,-10.,640.));
#5371 = DIRECTION('',(0.,-1.,0.));
#5372 = DIRECTION('',(1.,0.,0.));
#5373 = ORIENTED_EDGE('',*,*,#5357,.F.);
#5374 = ORIENTED_EDGE('',*,*,#5375,.F.);
#5375 = EDGE_CURVE('',#5358,#5358,#5376,.T.);
#5376 = CIRCLE('',#5377,6.);
#5377 = AXIS2_PLACEMENT_3D('',#5378,#5379,#5380);
#5378 = CARTESIAN_POINT('',(30.,0.,640.));
#5379 = DIRECTION('',(0.,-1.,0.));
#5380 = DIRECTION('',(1.,0.,0.));
#5381 = CYLINDRICAL_SURFACE('',#5382,6.);
#5382 = AXIS2_PLACEMENT_3D('',#5383,#5384,#5385);
#5383 = CARTESIAN_POINT('',(30.,1.4211E-13,640.));
#5384 = DIRECTION('',(0.,1.,-2.2E-16));
#5385 = DIRECTION('',(1.,0.,0.));
#5386 = ADVANCED_FACE('',(#5387),#5414,.F.);
#5387 = FACE_BOUND('',#5388,.T.);
#5388 = EDGE_LOOP('',(#5389,#5399,#5406,#5407));
#5389 = ORIENTED_EDGE('',*,*,#5390,.T.);
#5390 = EDGE_CURVE('',#5391,#5393,#5395,.T.);
#5391 = VERTEX_POINT('',#5392);
#5392 = CARTESIAN_POINT('',(36.,1.33E-13,600.));
#5393 = VERTEX_POINT('',#5394);
#5394 = CARTESIAN_POINT('',(36.,-10.,600.));
#5395 = LINE('',#5396,#5397);
#5396 = CARTESIAN_POINT('',(36.,1.3323E-13,600.));
#5397 = VECTOR('',#5398,1.);
#5398 = DIRECTION('',(0.,-1.,2.2E-16));
#5399 = ORIENTED_EDGE('',*,*,#5400,.T.);
#5400 = EDGE_CURVE('',#5393,#5393,#5401,.T.);
#5401 = CIRCLE('',#5402,6.);
#5402 = AXIS2_PLACEMENT_3D('',#5403,#5404,#5405);
#5403 = CARTESIAN_POINT('',(30.,-10.,600.));
#5404 = DIRECTION('',(0.,-1.,0.));
#5405 = DIRECTION('',(1.,0.,0.));
#5406 = ORIENTED_EDGE('',*,*,#5390,.F.);
#5407 = ORIENTED_EDGE('',*,*,#5408,.F.);
#5408 = EDGE_CURVE('',#5391,#5391,#5409,.T.);
#5409 = CIRCLE('',#5410,6.);
#5410 = AXIS2_PLACEMENT_3D('',#5411,#5412,#5413);
#5411 = CARTESIAN_POINT('',(30.,0.,600.));
#5412 = DIRECTION('',(0.,-1.,0.));
#5413 = DIRECTION('',(1.,0.,0.));
#5414 = CYLINDRICAL_SURFACE('',#5415,6.);
#5415 = AXIS2_PLACEMENT_3D('',#5416,#5417,#5418);
#5416 = CARTESIAN_POINT('',(30.,1.3323E-13,600.));
#5417 = DIRECTION('',(0.,1.,-2.2E-16));
#5418 = DIRECTION('',(1.,0.,0.));
#5419 = ADVANCED_FACE('',(#5420),#5447,.F.);
#5420 = FACE_BOUND('',#5421,.T.);
#5421 = EDGE_LOOP('',(#5422,#5432,#5439,#5440));
#5422 = ORIENTED_EDGE('',*,*,#5423,.T.);
#5423 = EDGE_CURVE('',#5424,#5426,#5428,.T.);
#5424 = VERTEX_POINT('',#5425);
#5425 = CARTESIAN_POINT('',(36.,1.12E-13,504.));
#5426 = VERTEX_POINT('',#5427);
#5427 = CARTESIAN_POINT('',(36.,-10.,504.));
#5428 = LINE('',#5429,#5430);
#5429 = CARTESIAN_POINT('',(36.,1.1191E-13,504.));
#5430 = VECTOR('',#5431,1.);
#5431 = DIRECTION('',(0.,-1.,2.2E-16));
#5432 = ORIENTED_EDGE('',*,*,#5433,.T.);
#5433 = EDGE_CURVE('',#5426,#5426,#5434,.T.);
#5434 = CIRCLE('',#5435,6.);
#5435 = AXIS2_PLACEMENT_3D('',#5436,#5437,#5438);
#5436 = CARTESIAN_POINT('',(30.,-10.,504.));
#5437 = DIRECTION('',(0.,-1.,0.));
#5438 = DIRECTION('',(1.,0.,0.));
#5439 = ORIENTED_EDGE('',*,*,#5423,.F.);
#5440 = ORIENTED_EDGE('',*,*,#5441,.F.);
#5441 = EDGE_CURVE('',#5424,#5424,#5442,.T.);
#5442 = CIRCLE('',#5443,6.);
#5443 = AXIS2_PLACEMENT_3D('',#5444,#5445,#5446);
#5444 = CARTESIAN_POINT('',(30.,0.,504.));
#5445 = DIRECTION('',(0.,-1.,0.));
#5446 = DIRECTION('',(1.,0.,0.));
#5447 = CYLINDRICAL_SURFACE('',#5448,6.);
#5448 = AXIS2_PLACEMENT_3D('',#5449,#5450,#5451);
#5449 = CARTESIAN_POINT('',(30.,1.1191E-13,504.));
#5450 = DIRECTION('',(0.,1.,-2.2E-16));
#5451 = DIRECTION('',(1.,0.,0.));
#5452 = ADVANCED_FACE('',(#5453),#5480,.F.);
#5453 = FACE_BOUND('',#5454,.T.);
#5454 = EDGE_LOOP('',(#5455,#5465,#5472,#5473));
#5455 = ORIENTED_EDGE('',*,*,#5456,.T.);
#5456 = EDGE_CURVE('',#5457,#5459,#5461,.T.);
#5457 = VERTEX_POINT('',#5458);
#5458 = CARTESIAN_POINT('',(36.,1.03E-13,464.));
#5459 = VERTEX_POINT('',#5460);
#5460 = CARTESIAN_POINT('',(36.,-10.,464.));
#5461 = LINE('',#5462,#5463);
#5462 = CARTESIAN_POINT('',(36.,1.0303E-13,464.));
#5463 = VECTOR('',#5464,1.);
#5464 = DIRECTION('',(0.,-1.,2.2E-16));
#5465 = ORIENTED_EDGE('',*,*,#5466,.T.);
#5466 = EDGE_CURVE('',#5459,#5459,#5467,.T.);
#5467 = CIRCLE('',#5468,6.);
#5468 = AXIS2_PLACEMENT_3D('',#5469,#5470,#5471);
#5469 = CARTESIAN_POINT('',(30.,-10.,464.));
#5470 = DIRECTION('',(0.,-1.,0.));
#5471 = DIRECTION('',(1.,0.,0.));
#5472 = ORIENTED_EDGE('',*,*,#5456,.F.);
#5473 = ORIENTED_EDGE('',*,*,#5474,.F.);
#5474 = EDGE_CURVE('',#5457,#5457,#5475,.T.);
#5475 = CIRCLE('',#5476,6.);
#5476 = AXIS2_PLACEMENT_3D('',#5477,#5478,#5479);
#5477 = CARTESIAN_POINT('',(30.,0.,464.));
#5478 = DIRECTION('',(0.,-1.,0.));
#5479 = DIRECTION('',(1.,0.,0.));
#5480 = CYLINDRICAL_SURFACE('',#5481,6.);
#5481 = AXIS2_PLACEMENT_3D('',#5482,#5483,#5484);
#5482 = CARTESIAN_POINT('',(30.,1.0303E-13,464.));
#5483 = DIRECTION('',(0.,1.,-2.2E-16));
#5484 = DIRECTION('',(1.,0.,0.));
#5485 = ADVANCED_FACE('',(#5486),#5513,.F.);
#5486 = FACE_BOUND('',#5487,.T.);
#5487 = EDGE_LOOP('',(#5488,#5498,#5505,#5506));
#5488 = ORIENTED_EDGE('',*,*,#5489,.T.);
#5489 = EDGE_CURVE('',#5490,#5492,#5494,.T.);
#5490 = VERTEX_POINT('',#5491);
#5491 = CARTESIAN_POINT('',(36.,8.2E-14,368.));
#5492 = VERTEX_POINT('',#5493);
#5493 = CARTESIAN_POINT('',(36.,-10.,368.));
#5494 = LINE('',#5495,#5496);
#5495 = CARTESIAN_POINT('',(36.,8.171E-14,368.));
#5496 = VECTOR('',#5497,1.);
#5497 = DIRECTION('',(0.,-1.,2.2E-16));
#5498 = ORIENTED_EDGE('',*,*,#5499,.T.);
#5499 = EDGE_CURVE('',#5492,#5492,#5500,.T.);
#5500 = CIRCLE('',#5501,6.);
#5501 = AXIS2_PLACEMENT_3D('',#5502,#5503,#5504);
#5502 = CARTESIAN_POINT('',(30.,-10.,368.));
#5503 = DIRECTION('',(0.,-1.,0.));
#5504 = DIRECTION('',(1.,0.,0.));
#5505 = ORIENTED_EDGE('',*,*,#5489,.F.);
#5506 = ORIENTED_EDGE('',*,*,#5507,.F.);
#5507 = EDGE_CURVE('',#5490,#5490,#5508,.T.);
#5508 = CIRCLE('',#5509,6.);
#5509 = AXIS2_PLACEMENT_3D('',#5510,#5511,#5512);
#5510 = CARTESIAN_POINT('',(30.,0.,368.));
#5511 = DIRECTION('',(0.,-1.,0.));
#5512 = DIRECTION('',(1.,0.,0.));
#5513 = CYLINDRICAL_SURFACE('',#5514,6.);
#5514 = AXIS2_PLACEMENT_3D('',#5515,#5516,#5517);
#5515 = CARTESIAN_POINT('',(30.,8.171E-14,368.));
#5516 = DIRECTION('',(0.,1.,-2.2E-16));
#5517 = DIRECTION('',(1.,0.,0.));
#5518 = ADVANCED_FACE('',(#5519),#5546,.F.);
#5519 = FACE_BOUND('',#5520,.T.);
#5520 = EDGE_LOOP('',(#5521,#5531,#5538,#5539));
#5521 = ORIENTED_EDGE('',*,*,#5522,.T.);
#5522 = EDGE_CURVE('',#5523,#5525,#5527,.T.);
#5523 = VERTEX_POINT('',#5524);
#5524 = CARTESIAN_POINT('',(36.,7.3E-14,328.));
#5525 = VERTEX_POINT('',#5526);
#5526 = CARTESIAN_POINT('',(36.,-10.,328.));
#5527 = LINE('',#5528,#5529);
#5528 = CARTESIAN_POINT('',(36.,7.283E-14,328.));
#5529 = VECTOR('',#5530,1.);
#5530 = DIRECTION('',(0.,-1.,2.2E-16));
#5531 = ORIENTED_EDGE('',*,*,#5532,.T.);
#5532 = EDGE_CURVE('',#5525,#5525,#5533,.T.);
#5533 = CIRCLE('',#5534,6.);
#5534 = AXIS2_PLACEMENT_3D('',#5535,#5536,#5537);
#5535 = CARTESIAN_POINT('',(30.,-10.,328.));
#5536 = DIRECTION('',(0.,-1.,0.));
#5537 = DIRECTION('',(1.,0.,0.));
#5538 = ORIENTED_EDGE('',*,*,#5522,.F.);
#5539 = ORIENTED_EDGE('',*,*,#5540,.F.);
#5540 = EDGE_CURVE('',#5523,#5523,#5541,.T.);
#5541 = CIRCLE('',#5542,6.);
#5542 = AXIS2_PLACEMENT_3D('',#5543,#5544,#5545);
#5543 = CARTESIAN_POINT('',(30.,0.,328.));
#5544 = DIRECTION('',(0.,-1.,0.));
#5545 = DIRECTION('',(1.,0.,0.));
#5546 = CYLINDRICAL_SURFACE('',#5547,6.);
#5547 = AXIS2_PLACEMENT_3D('',#5548,#5549,#5550);
#5548 = CARTESIAN_POINT('',(30.,7.283E-14,328.));
#5549 = DIRECTION('',(0.,1.,-2.2E-16));
#5550 = DIRECTION('',(1.,0.,0.));
#5551 = ADVANCED_FACE('',(#5552),#5579,.F.);
#5552 = FACE_BOUND('',#5553,.T.);
#5553 = EDGE_LOOP('',(#5554,#5564,#5571,#5572));
#5554 = ORIENTED_EDGE('',*,*,#5555,.T.);
#5555 = EDGE_CURVE('',#5556,#5558,#5560,.T.);
#5556 = VERTEX_POINT('',#5557);
#5557 = CARTESIAN_POINT('',(36.,5.2E-14,232.));
#5558 = VERTEX_POINT('',#5559);
#5559 = CARTESIAN_POINT('',(36.,-10.,232.));
#5560 = LINE('',#5561,#5562);
#5561 = CARTESIAN_POINT('',(36.,5.151E-14,232.));
#5562 = VECTOR('',#5563,1.);
#5563 = DIRECTION('',(0.,-1.,2.2E-16));
#5564 = ORIENTED_EDGE('',*,*,#5565,.T.);
#5565 = EDGE_CURVE('',#5558,#5558,#5566,.T.);
#5566 = CIRCLE('',#5567,6.);
#5567 = AXIS2_PLACEMENT_3D('',#5568,#5569,#5570);
#5568 = CARTESIAN_POINT('',(30.,-10.,232.));
#5569 = DIRECTION('',(0.,-1.,0.));
#5570 = DIRECTION('',(1.,0.,0.));
#5571 = ORIENTED_EDGE('',*,*,#5555,.F.);
#5572 = ORIENTED_EDGE('',*,*,#5573,.F.);
#5573 = EDGE_CURVE('',#5556,#5556,#5574,.T.);
#5574 = CIRCLE('',#5575,6.);
#5575 = AXIS2_PLACEMENT_3D('',#5576,#5577,#5578);
#5576 = CARTESIAN_POINT('',(30.,0.,232.));
#5577 = DIRECTION('',(0.,-1.,0.));
#5578 = DIRECTION('',(1.,0.,0.));
#5579 = CYLINDRICAL_SURFACE('',#5580,6.);
#5580 = AXIS2_PLACEMENT_3D('',#5581,#5582,#5583);
#5581 = CARTESIAN_POINT('',(30.,5.151E-14,232.));
#5582 = DIRECTION('',(0.,1.,-2.2E-16));
#5583 = DIRECTION('',(1.,0.,0.));
#5584 = ADVANCED_FACE('',(#5585),#5612,.F.);
#5585 = FACE_BOUND('',#5586,.T.);
#5586 = EDGE_LOOP('',(#5587,#5597,#5604,#5605));
#5587 = ORIENTED_EDGE('',*,*,#5588,.T.);
#5588 = EDGE_CURVE('',#5589,#5591,#5593,.T.);
#5589 = VERTEX_POINT('',#5590);
#5590 = CARTESIAN_POINT('',(36.,4.3E-14,192.));
#5591 = VERTEX_POINT('',#5592);
#5592 = CARTESIAN_POINT('',(36.,-10.,192.));
#5593 = LINE('',#5594,#5595);
#5594 = CARTESIAN_POINT('',(36.,4.263E-14,192.));
#5595 = VECTOR('',#5596,1.);
#5596 = DIRECTION('',(0.,-1.,2.2E-16));
#5597 = ORIENTED_EDGE('',*,*,#5598,.T.);
#5598 = EDGE_CURVE('',#5591,#5591,#5599,.T.);
#5599 = CIRCLE('',#5600,6.);
#5600 = AXIS2_PLACEMENT_3D('',#5601,#5602,#5603);
#5601 = CARTESIAN_POINT('',(30.,-10.,192.));
#5602 = DIRECTION('',(0.,-1.,0.));
#5603 = DIRECTION('',(1.,0.,0.));
#5604 = ORIENTED_EDGE('',*,*,#5588,.F.);
#5605 = ORIENTED_EDGE('',*,*,#5606,.F.);
#5606 = EDGE_CURVE('',#5589,#5589,#5607,.T.);
#5607 = CIRCLE('',#5608,6.);
#5608 = AXIS2_PLACEMENT_3D('',#5609,#5610,#5611);
#5609 = CARTESIAN_POINT('',(30.,0.,192.));
#5610 = DIRECTION('',(0.,-1.,0.));
#5611 = DIRECTION('',(1.,0.,0.));
#5612 = CYLINDRICAL_SURFACE('',#5613,6.);
#5613 = AXIS2_PLACEMENT_3D('',#5614,#5615,#5616);
#5614 = CARTESIAN_POINT('',(30.,4.263E-14,192.));
#5615 = DIRECTION('',(0.,1.,-2.2E-16));
#5616 = DIRECTION('',(1.,0.,0.));
#5617 = ADVANCED_FACE('',(#5618),#5645,.F.);
#5618 = FACE_BOUND('',#5619,.T.);
#5619 = EDGE_LOOP('',(#5620,#5630,#5637,#5638));
#5620 = ORIENTED_EDGE('',*,*,#5621,.T.);
#5621 = EDGE_CURVE('',#5622,#5624,#5626,.T.);
#5622 = VERTEX_POINT('',#5623);
#5623 = CARTESIAN_POINT('',(36.,2.1E-14,96.));
#5624 = VERTEX_POINT('',#5625);
#5625 = CARTESIAN_POINT('',(36.,-10.,96.));
#5626 = LINE('',#5627,#5628);
#5627 = CARTESIAN_POINT('',(36.,2.132E-14,96.));
#5628 = VECTOR('',#5629,1.);
#5629 = DIRECTION('',(0.,-1.,2.2E-16));
#5630 = ORIENTED_EDGE('',*,*,#5631,.T.);
#5631 = EDGE_CURVE('',#5624,#5624,#5632,.T.);
#5632 = CIRCLE('',#5633,6.);
#5633 = AXIS2_PLACEMENT_3D('',#5634,#5635,#5636);
#5634 = CARTESIAN_POINT('',(30.,-10.,96.));
#5635 = DIRECTION('',(0.,-1.,0.));
#5636 = DIRECTION('',(1.,0.,0.));
#5637 = ORIENTED_EDGE('',*,*,#5621,.F.);
#5638 = ORIENTED_EDGE('',*,*,#5639,.F.);
#5639 = EDGE_CURVE('',#5622,#5622,#5640,.T.);
#5640 = CIRCLE('',#5641,6.);
#5641 = AXIS2_PLACEMENT_3D('',#5642,#5643,#5644);
#5642 = CARTESIAN_POINT('',(30.,0.,96.));
#5643 = DIRECTION('',(0.,-1.,0.));
#5644 = DIRECTION('',(1.,0.,0.));
#5645 = CYLINDRICAL_SURFACE('',#5646,6.);
#5646 = AXIS2_PLACEMENT_3D('',#5647,#5648,#5649);
#5647 = CARTESIAN_POINT('',(30.,2.132E-14,96.));
#5648 = DIRECTION('',(0.,1.,-2.2E-16));
#5649 = DIRECTION('',(1.,0.,0.));
#5650 = ADVANCED_FACE('',(#5651),#5678,.F.);
#5651 = FACE_BOUND('',#5652,.T.);
#5652 = EDGE_LOOP('',(#5653,#5663,#5670,#5671));
#5653 = ORIENTED_EDGE('',*,*,#5654,.T.);
#5654 = EDGE_CURVE('',#5655,#5657,#5659,.T.);
#5655 = VERTEX_POINT('',#5656);
#5656 = CARTESIAN_POINT('',(36.,1.2E-14,56.));
#5657 = VERTEX_POINT('',#5658);
#5658 = CARTESIAN_POINT('',(36.,-10.,56.));
#5659 = LINE('',#5660,#5661);
#5660 = CARTESIAN_POINT('',(36.,1.243E-14,56.));
#5661 = VECTOR('',#5662,1.);
#5662 = DIRECTION('',(0.,-1.,2.2E-16));
#5663 = ORIENTED_EDGE('',*,*,#5664,.T.);
#5664 = EDGE_CURVE('',#5657,#5657,#5665,.T.);
#5665 = CIRCLE('',#5666,6.);
#5666 = AXIS2_PLACEMENT_3D('',#5667,#5668,#5669);
#5667 = CARTESIAN_POINT('',(30.,-10.,56.));
#5668 = DIRECTION('',(0.,-1.,0.));
#5669 = DIRECTION('',(1.,0.,0.));
#5670 = ORIENTED_EDGE('',*,*,#5654,.F.);
#5671 = ORIENTED_EDGE('',*,*,#5672,.F.);
#5672 = EDGE_CURVE('',#5655,#5655,#5673,.T.);
#5673 = CIRCLE('',#5674,6.);
#5674 = AXIS2_PLACEMENT_3D('',#5675,#5676,#5677);
#5675 = CARTESIAN_POINT('',(30.,0.,56.));
#5676 = DIRECTION('',(0.,-1.,0.));
#5677 = DIRECTION('',(1.,0.,0.));
#5678 = CYLINDRICAL_SURFACE('',#5679,6.);
#5679 = AXIS2_PLACEMENT_3D('',#5680,#5681,#5682);
#5680 = CARTESIAN_POINT('',(30.,1.243E-14,56.));
#5681 = DIRECTION('',(0.,1.,-2.2E-16));
#5682 = DIRECTION('',(1.,0.,0.));
#5683 = ADVANCED_FACE('',(#5684,#5690,#5693,#5696,#5699,#5702,#5705,
    #5708,#5711,#5714,#5717),#5720,.T.);
#5684 = FACE_BOUND('',#5685,.F.);
#5685 = EDGE_LOOP('',(#5686,#5687,#5688,#5689));
#5686 = ORIENTED_EDGE('',*,*,#5259,.T.);
#5687 = ORIENTED_EDGE('',*,*,#5290,.T.);
#5688 = ORIENTED_EDGE('',*,*,#5321,.T.);
#5689 = ORIENTED_EDGE('',*,*,#5343,.T.);
#5690 = FACE_BOUND('',#5691,.T.);
#5691 = EDGE_LOOP('',(#5692));
#5692 = ORIENTED_EDGE('',*,*,#5375,.T.);
#5693 = FACE_BOUND('',#5694,.T.);
#5694 = EDGE_LOOP('',(#5695));
#5695 = ORIENTED_EDGE('',*,*,#5408,.T.);
#5696 = FACE_BOUND('',#5697,.T.);
#5697 = EDGE_LOOP('',(#5698));
#5698 = ORIENTED_EDGE('',*,*,#5441,.T.);
#5699 = FACE_BOUND('',#5700,.T.);
#5700 = EDGE_LOOP('',(#5701));
#5701 = ORIENTED_EDGE('',*,*,#5474,.T.);
#5702 = FACE_BOUND('',#5703,.T.);
#5703 = EDGE_LOOP('',(#5704));
#5704 = ORIENTED_EDGE('',*,*,#5507,.T.);
#5705 = FACE_BOUND('',#5706,.T.);
#5706 = EDGE_LOOP('',(#5707));
#5707 = ORIENTED_EDGE('',*,*,#5540,.T.);
#5708 = FACE_BOUND('',#5709,.T.);
#5709 = EDGE_LOOP('',(#5710));
#5710 = ORIENTED_EDGE('',*,*,#5573,.T.);
#5711 = FACE_BOUND('',#5712,.T.);
#5712 = EDGE_LOOP('',(#5713));
#5713 = ORIENTED_EDGE('',*,*,#5606,.T.);
#5714 = FACE_BOUND('',#5715,.T.);
#5715 = EDGE_LOOP('',(#5716));
#5716 = ORIENTED_EDGE('',*,*,#5639,.T.);
#5717 = FACE_BOUND('',#5718,.T.);
#5718 = EDGE_LOOP('',(#5719));
#5719 = ORIENTED_EDGE('',*,*,#5672,.T.);
#5720 = PLANE('',#5721);
#5721 = AXIS2_PLACEMENT_3D('',#5722,#5723,#5724);
#5722 = CARTESIAN_POINT('',(30.,7.727E-14,348.));
#5723 = DIRECTION('',(0.,1.,0.));
#5724 = DIRECTION('',(0.,0.,1.));
#5725 = ADVANCED_FACE('',(#5726,#5732,#5735,#5738,#5741,#5744,#5747,
    #5750,#5753,#5756,#5759),#5762,.F.);
#5726 = FACE_BOUND('',#5727,.T.);
#5727 = EDGE_LOOP('',(#5728,#5729,#5730,#5731));
#5728 = ORIENTED_EDGE('',*,*,#5243,.T.);
#5729 = ORIENTED_EDGE('',*,*,#5274,.T.);
#5730 = ORIENTED_EDGE('',*,*,#5305,.T.);
#5731 = ORIENTED_EDGE('',*,*,#5336,.T.);
#5732 = FACE_BOUND('',#5733,.F.);
#5733 = EDGE_LOOP('',(#5734));
#5734 = ORIENTED_EDGE('',*,*,#5367,.T.);
#5735 = FACE_BOUND('',#5736,.F.);
#5736 = EDGE_LOOP('',(#5737));
#5737 = ORIENTED_EDGE('',*,*,#5400,.T.);
#5738 = FACE_BOUND('',#5739,.F.);
#5739 = EDGE_LOOP('',(#5740));
#5740 = ORIENTED_EDGE('',*,*,#5433,.T.);
#5741 = FACE_BOUND('',#5742,.F.);
#5742 = EDGE_LOOP('',(#5743));
#5743 = ORIENTED_EDGE('',*,*,#5466,.T.);
#5744 = FACE_BOUND('',#5745,.F.);
#5745 = EDGE_LOOP('',(#5746));
#5746 = ORIENTED_EDGE('',*,*,#5499,.T.);
#5747 = FACE_BOUND('',#5748,.F.);
#5748 = EDGE_LOOP('',(#5749));
#5749 = ORIENTED_EDGE('',*,*,#5532,.T.);
#5750 = FACE_BOUND('',#5751,.F.);
#5751 = EDGE_LOOP('',(#5752));
#5752 = ORIENTED_EDGE('',*,*,#5565,.T.);
#5753 = FACE_BOUND('',#5754,.F.);
#5754 = EDGE_LOOP('',(#5755));
#5755 = ORIENTED_EDGE('',*,*,#5598,.T.);
#5756 = FACE_BOUND('',#5757,.F.);
#5757 = EDGE_LOOP('',(#5758));
#5758 = ORIENTED_EDGE('',*,*,#5631,.T.);
#5759 = FACE_BOUND('',#5760,.F.);
#5760 = EDGE_LOOP('',(#5761));
#5761 = ORIENTED_EDGE('',*,*,#5664,.T.);
#5762 = PLANE('',#5763);
#5763 = AXIS2_PLACEMENT_3D('',#5764,#5765,#5766);
#5764 = CARTESIAN_POINT('',(30.,-10.,348.));
#5765 = DIRECTION('',(0.,1.,0.));
#5766 = DIRECTION('',(0.,0.,1.));
#5767 = ( GEOMETRIC_REPRESENTATION_CONTEXT(3) 
GLOBAL_UNCERTAINTY_ASSIGNED_CONTEXT((#5771)) 
GLOBAL_UNIT_ASSIGNED_CONTEXT((#5768,#5769,#5770)) REPRESENTATION_CONTEXT
('Context #1','3D Context with UNIT and UNCERTAINTY') );
#5768 = ( LENGTH_UNIT() NAMED_UNIT(*) SI_UNIT(.MILLI.,.METRE.) );
#5769 = ( NAMED_UNIT(*) PLANE_ANGLE_UNIT() SI_UNIT($,.RADIAN.) );
#5770 = ( NAMED_UNIT(*) SI_UNIT($,.STERADIAN.) SOLID_ANGLE_UNIT() );
#5771 = UNCERTAINTY_MEASURE_WITH_UNIT(LENGTH_MEASURE(1.E-07),#5768,
  'distance_accuracy_value','confusion accuracy');
#5772 = CONTEXT_DEPENDENT_SHAPE_REPRESENTATION(#5773,#5775);
#5773 = ( REPRESENTATION_RELATIONSHIP('','',#5226,#4584) 
REPRESENTATION_RELATIONSHIP_WITH_TRANSFORMATION(#5774) 
SHAPE_REPRESENTATION_RELATIONSHIP() );
#5774 = ITEM_DEFINED_TRANSFORMATION('','',#11,#4589);
#5775 = PRODUCT_DEFINITION_SHAPE('Placement','Placement of an item',
  #5776);
#5776 = NEXT_ASSEMBLY_USAGE_OCCURRENCE('11','Body008','',#4579,#5221,$);
#5777 = CC_DESIGN_SECURITY_CLASSIFICATION(#5778,(#5776));
#5778 = SECURITY_CLASSIFICATION('','',#59);
#5779 = CC_DESIGN_PERSON_AND_ORGANIZATION_ASSIGNMENT(#48,#57,(#5778));
#5780 = CC_DESIGN_DATE_AND_TIME_ASSIGNMENT(#62,#68,(#5778));
#5781 = CC_DESIGN_APPROVAL(#70,(#5778));
#5782 = PRODUCT_RELATED_PRODUCT_CATEGORY('detail',$,(#5223));
#5783 = PRODUCT_CATEGORY_RELATIONSHIP('','',#5784,#5782);
#5784 = PRODUCT_CATEGORY('part',$);
#5785 = CC_DESIGN_PERSON_AND_ORGANIZATION_ASSIGNMENT(#48,#51,(#5222,
    #5221));
#5786 = CC_DESIGN_PERSON_AND_ORGANIZATION_ASSIGNMENT(#48,#53,(#5223));
#5787 = CC_DESIGN_PERSON_AND_ORGANIZATION_ASSIGNMENT(#48,#55,(#5222));
#5788 = CC_DESIGN_PERSON_AND_ORGANIZATION_ASSIGNMENT(#48,#57,(#5789));
#5789 = SECURITY_CLASSIFICATION('','',#59);
#5790 = CC_DESIGN_SECURITY_CLASSIFICATION(#5789,(#5222));
#5791 = CC_DESIGN_DATE_AND_TIME_ASSIGNMENT(#62,#66,(#5221));
#5792 = CC_DESIGN_DATE_AND_TIME_ASSIGNMENT(#62,#68,(#5789));
#5793 = CC_DESIGN_APPROVAL(#70,(#5222,#5221,#5789));
#5794 = SHAPE_DEFINITION_REPRESENTATION(#5795,#5801);
#5795 = PRODUCT_DEFINITION_SHAPE('','',#5796);
#5796 = PRODUCT_DEFINITION('design','',#5797,#5800);
#5797 = PRODUCT_DEFINITION_FORMATION_WITH_SPECIFIED_SOURCE('','',#5798,
  .NOT_KNOWN.);
#5798 = PRODUCT('Body','Body','',(#5799));
#5799 = MECHANICAL_CONTEXT('',#2,'mechanical');
#5800 = DESIGN_CONTEXT('',#2,'design');
#5801 = ADVANCED_BREP_SHAPE_REPRESENTATION('',(#11,#5802),#6121);
#5802 = MANIFOLD_SOLID_BREP('',#5803);
#5803 = CLOSED_SHELL('',(#5804,#5844,#5875,#5906,#5937,#5968,#5999,#6032
    ,#6063,#6087,#6104));
#5804 = ADVANCED_FACE('',(#5805),#5839,.T.);
#5805 = FACE_BOUND('',#5806,.T.);
#5806 = EDGE_LOOP('',(#5807,#5817,#5825,#5833));
#5807 = ORIENTED_EDGE('',*,*,#5808,.T.);
#5808 = EDGE_CURVE('',#5809,#5811,#5813,.T.);
#5809 = VERTEX_POINT('',#5810);
#5810 = CARTESIAN_POINT('',(260.,115.,0.));
#5811 = VERTEX_POINT('',#5812);
#5812 = CARTESIAN_POINT('',(260.,115.,16.));
#5813 = LINE('',#5814,#5815);
#5814 = CARTESIAN_POINT('',(260.,115.,0.));
#5815 = VECTOR('',#5816,1.);
#5816 = DIRECTION('',(0.,0.,1.));
#5817 = ORIENTED_EDGE('',*,*,#5818,.T.);
#5818 = EDGE_CURVE('',#5811,#5819,#5821,.T.);
#5819 = VERTEX_POINT('',#5820);
#5820 = CARTESIAN_POINT('',(260.,100.,16.));
#5821 = LINE('',#5822,#5823);
#5822 = CARTESIAN_POINT('',(260.,115.,16.));
#5823 = VECTOR('',#5824,1.);
#5824 = DIRECTION('',(0.,-1.,0.));
#5825 = ORIENTED_EDGE('',*,*,#5826,.F.);
#5826 = EDGE_CURVE('',#5827,#5819,#5829,.T.);
#5827 = VERTEX_POINT('',#5828);
#5828 = CARTESIAN_POINT('',(260.,100.,0.));
#5829 = LINE('',#5830,#5831);
#5830 = CARTESIAN_POINT('',(260.,100.,0.));
#5831 = VECTOR('',#5832,1.);
#5832 = DIRECTION('',(0.,0.,1.));
#5833 = ORIENTED_EDGE('',*,*,#5834,.F.);
#5834 = EDGE_CURVE('',#5809,#5827,#5835,.T.);
#5835 = LINE('',#5836,#5837);
#5836 = CARTESIAN_POINT('',(260.,115.,0.));
#5837 = VECTOR('',#5838,1.);
#5838 = DIRECTION('',(0.,-1.,0.));
#5839 = PLANE('',#5840);
#5840 = AXIS2_PLACEMENT_3D('',#5841,#5842,#5843);
#5841 = CARTESIAN_POINT('',(260.,115.,0.));
#5842 = DIRECTION('',(1.,0.,0.));
#5843 = DIRECTION('',(0.,-1.,0.));
#5844 = ADVANCED_FACE('',(#5845),#5870,.T.);
#5845 = FACE_BOUND('',#5846,.T.);
#5846 = EDGE_LOOP('',(#5847,#5848,#5856,#5864));
#5847 = ORIENTED_EDGE('',*,*,#5826,.T.);
#5848 = ORIENTED_EDGE('',*,*,#5849,.T.);
#5849 = EDGE_CURVE('',#5819,#5850,#5852,.T.);
#5850 = VERTEX_POINT('',#5851);
#5851 = CARTESIAN_POINT('',(190.,100.,16.));
#5852 = LINE('',#5853,#5854);
#5853 = CARTESIAN_POINT('',(260.,100.,16.));
#5854 = VECTOR('',#5855,1.);
#5855 = DIRECTION('',(-1.,0.,0.));
#5856 = ORIENTED_EDGE('',*,*,#5857,.F.);
#5857 = EDGE_CURVE('',#5858,#5850,#5860,.T.);
#5858 = VERTEX_POINT('',#5859);
#5859 = CARTESIAN_POINT('',(190.,100.,0.));
#5860 = LINE('',#5861,#5862);
#5861 = CARTESIAN_POINT('',(190.,100.,0.));
#5862 = VECTOR('',#5863,1.);
#5863 = DIRECTION('',(0.,0.,1.));
#5864 = ORIENTED_EDGE('',*,*,#5865,.F.);
#5865 = EDGE_CURVE('',#5827,#5858,#5866,.T.);
#5866 = LINE('',#5867,#5868);
#5867 = CARTESIAN_POINT('',(260.,100.,0.));
#5868 = VECTOR('',#5869,1.);
#5869 = DIRECTION('',(-1.,0.,0.));
#5870 = PLANE('',#5871);
#5871 = AXIS2_PLACEMENT_3D('',#5872,#5873,#5874);
#5872 = CARTESIAN_POINT('',(260.,100.,0.));
#5873 = DIRECTION('',(0.,-1.,0.));
#5874 = DIRECTION('',(-1.,0.,0.));
#5875 = ADVANCED_FACE('',(#5876),#5901,.T.);
#5876 = FACE_BOUND('',#5877,.T.);
#5877 = EDGE_LOOP('',(#5878,#5879,#5887,#5895));
#5878 = ORIENTED_EDGE('',*,*,#5857,.T.);
#5879 = ORIENTED_EDGE('',*,*,#5880,.T.);
#5880 = EDGE_CURVE('',#5850,#5881,#5883,.T.);
#5881 = VERTEX_POINT('',#5882);
#5882 = CARTESIAN_POINT('',(190.,0.,16.));
#5883 = LINE('',#5884,#5885);
#5884 = CARTESIAN_POINT('',(190.,100.,16.));
#5885 = VECTOR('',#5886,1.);
#5886 = DIRECTION('',(0.,-1.,0.));
#5887 = ORIENTED_EDGE('',*,*,#5888,.F.);
#5888 = EDGE_CURVE('',#5889,#5881,#5891,.T.);
#5889 = VERTEX_POINT('',#5890);
#5890 = CARTESIAN_POINT('',(190.,0.,0.));
#5891 = LINE('',#5892,#5893);
#5892 = CARTESIAN_POINT('',(190.,0.,0.));
#5893 = VECTOR('',#5894,1.);
#5894 = DIRECTION('',(0.,0.,1.));
#5895 = ORIENTED_EDGE('',*,*,#5896,.F.);
#5896 = EDGE_CURVE('',#5858,#5889,#5897,.T.);
#5897 = LINE('',#5898,#5899);
#5898 = CARTESIAN_POINT('',(190.,100.,0.));
#5899 = VECTOR('',#5900,1.);
#5900 = DIRECTION('',(0.,-1.,0.));
#5901 = PLANE('',#5902);
#5902 = AXIS2_PLACEMENT_3D('',#5903,#5904,#5905);
#5903 = CARTESIAN_POINT('',(190.,100.,0.));
#5904 = DIRECTION('',(1.,0.,0.));
#5905 = DIRECTION('',(0.,-1.,0.));
#5906 = ADVANCED_FACE('',(#5907),#5932,.T.);
#5907 = FACE_BOUND('',#5908,.T.);
#5908 = EDGE_LOOP('',(#5909,#5910,#5918,#5926));
#5909 = ORIENTED_EDGE('',*,*,#5888,.T.);
#5910 = ORIENTED_EDGE('',*,*,#5911,.T.);
#5911 = EDGE_CURVE('',#5881,#5912,#5914,.T.);
#5912 = VERTEX_POINT('',#5913);
#5913 = CARTESIAN_POINT('',(0.,0.,16.));
#5914 = LINE('',#5915,#5916);
#5915 = CARTESIAN_POINT('',(190.,0.,16.));
#5916 = VECTOR('',#5917,1.);
#5917 = DIRECTION('',(-1.,0.,0.));
#5918 = ORIENTED_EDGE('',*,*,#5919,.F.);
#5919 = EDGE_CURVE('',#5920,#5912,#5922,.T.);
#5920 = VERTEX_POINT('',#5921);
#5921 = CARTESIAN_POINT('',(0.,0.,0.));
#5922 = LINE('',#5923,#5924);
#5923 = CARTESIAN_POINT('',(0.,0.,0.));
#5924 = VECTOR('',#5925,1.);
#5925 = DIRECTION('',(0.,0.,1.));
#5926 = ORIENTED_EDGE('',*,*,#5927,.F.);
#5927 = EDGE_CURVE('',#5889,#5920,#5928,.T.);
#5928 = LINE('',#5929,#5930);
#5929 = CARTESIAN_POINT('',(190.,0.,0.));
#5930 = VECTOR('',#5931,1.);
#5931 = DIRECTION('',(-1.,0.,0.));
#5932 = PLANE('',#5933);
#5933 = AXIS2_PLACEMENT_3D('',#5934,#5935,#5936);
#5934 = CARTESIAN_POINT('',(190.,0.,0.));
#5935 = DIRECTION('',(0.,-1.,0.));
#5936 = DIRECTION('',(-1.,0.,0.));
#5937 = ADVANCED_FACE('',(#5938),#5963,.T.);
#5938 = FACE_BOUND('',#5939,.T.);
#5939 = EDGE_LOOP('',(#5940,#5941,#5949,#5957));
#5940 = ORIENTED_EDGE('',*,*,#5919,.T.);
#5941 = ORIENTED_EDGE('',*,*,#5942,.T.);
#5942 = EDGE_CURVE('',#5912,#5943,#5945,.T.);
#5943 = VERTEX_POINT('',#5944);
#5944 = CARTESIAN_POINT('',(0.,60.,16.));
#5945 = LINE('',#5946,#5947);
#5946 = CARTESIAN_POINT('',(0.,0.,16.));
#5947 = VECTOR('',#5948,1.);
#5948 = DIRECTION('',(0.,1.,0.));
#5949 = ORIENTED_EDGE('',*,*,#5950,.F.);
#5950 = EDGE_CURVE('',#5951,#5943,#5953,.T.);
#5951 = VERTEX_POINT('',#5952);
#5952 = CARTESIAN_POINT('',(0.,60.,0.));
#5953 = LINE('',#5954,#5955);
#5954 = CARTESIAN_POINT('',(0.,60.,0.));
#5955 = VECTOR('',#5956,1.);
#5956 = DIRECTION('',(0.,0.,1.));
#5957 = ORIENTED_EDGE('',*,*,#5958,.F.);
#5958 = EDGE_CURVE('',#5920,#5951,#5959,.T.);
#5959 = LINE('',#5960,#5961);
#5960 = CARTESIAN_POINT('',(0.,0.,0.));
#5961 = VECTOR('',#5962,1.);
#5962 = DIRECTION('',(0.,1.,0.));
#5963 = PLANE('',#5964);
#5964 = AXIS2_PLACEMENT_3D('',#5965,#5966,#5967);
#5965 = CARTESIAN_POINT('',(0.,0.,0.));
#5966 = DIRECTION('',(-1.,0.,0.));
#5967 = DIRECTION('',(0.,1.,0.));
#5968 = ADVANCED_FACE('',(#5969),#5994,.T.);
#5969 = FACE_BOUND('',#5970,.T.);
#5970 = EDGE_LOOP('',(#5971,#5972,#5980,#5988));
#5971 = ORIENTED_EDGE('',*,*,#5950,.T.);
#5972 = ORIENTED_EDGE('',*,*,#5973,.T.);
#5973 = EDGE_CURVE('',#5943,#5974,#5976,.T.);
#5974 = VERTEX_POINT('',#5975);
#5975 = CARTESIAN_POINT('',(134.23563746794,136.70607855311,16.));
#5976 = LINE('',#5977,#5978);
#5977 = CARTESIAN_POINT('',(0.,60.,16.));
#5978 = VECTOR('',#5979,1.);
#5979 = DIRECTION('',(0.868243142124,0.496138938357,0.));
#5980 = ORIENTED_EDGE('',*,*,#5981,.F.);
#5981 = EDGE_CURVE('',#5982,#5974,#5984,.T.);
#5982 = VERTEX_POINT('',#5983);
#5983 = CARTESIAN_POINT('',(134.23563746794,136.70607855311,0.));
#5984 = LINE('',#5985,#5986);
#5985 = CARTESIAN_POINT('',(134.23563746794,136.70607855311,0.));
#5986 = VECTOR('',#5987,1.);
#5987 = DIRECTION('',(0.,0.,1.));
#5988 = ORIENTED_EDGE('',*,*,#5989,.F.);
#5989 = EDGE_CURVE('',#5951,#5982,#5990,.T.);
#5990 = LINE('',#5991,#5992);
#5991 = CARTESIAN_POINT('',(0.,60.,0.));
#5992 = VECTOR('',#5993,1.);
#5993 = DIRECTION('',(0.868243142124,0.496138938357,0.));
#5994 = PLANE('',#5995);
#5995 = AXIS2_PLACEMENT_3D('',#5996,#5997,#5998);
#5996 = CARTESIAN_POINT('',(0.,60.,0.));
#5997 = DIRECTION('',(-0.496138938357,0.868243142124,0.));
#5998 = DIRECTION('',(0.868243142124,0.496138938357,0.));
#5999 = ADVANCED_FACE('',(#6000),#6027,.T.);
#6000 = FACE_BOUND('',#6001,.F.);
#6001 = EDGE_LOOP('',(#6002,#6012,#6019,#6020));
#6002 = ORIENTED_EDGE('',*,*,#6003,.T.);
#6003 = EDGE_CURVE('',#6004,#6006,#6008,.T.);
#6004 = VERTEX_POINT('',#6005);
#6005 = CARTESIAN_POINT('',(146.63911092686,140.,0.));
#6006 = VERTEX_POINT('',#6007);
#6007 = CARTESIAN_POINT('',(146.63911092686,140.,16.));
#6008 = LINE('',#6009,#6010);
#6009 = CARTESIAN_POINT('',(146.63911092686,140.,0.));
#6010 = VECTOR('',#6011,1.);
#6011 = DIRECTION('',(0.,0.,1.));
#6012 = ORIENTED_EDGE('',*,*,#6013,.T.);
#6013 = EDGE_CURVE('',#6006,#5974,#6014,.T.);
#6014 = CIRCLE('',#6015,25.);
#6015 = AXIS2_PLACEMENT_3D('',#6016,#6017,#6018);
#6016 = CARTESIAN_POINT('',(146.63911092686,115.,16.));
#6017 = DIRECTION('',(0.,0.,1.));
#6018 = DIRECTION('',(1.,0.,0.));
#6019 = ORIENTED_EDGE('',*,*,#5981,.F.);
#6020 = ORIENTED_EDGE('',*,*,#6021,.F.);
#6021 = EDGE_CURVE('',#6004,#5982,#6022,.T.);
#6022 = CIRCLE('',#6023,25.);
#6023 = AXIS2_PLACEMENT_3D('',#6024,#6025,#6026);
#6024 = CARTESIAN_POINT('',(146.63911092686,115.,0.));
#6025 = DIRECTION('',(0.,0.,1.));
#6026 = DIRECTION('',(1.,0.,0.));
#6027 = CYLINDRICAL_SURFACE('',#6028,25.);
#6028 = AXIS2_PLACEMENT_3D('',#6029,#6030,#6031);
#6029 = CARTESIAN_POINT('',(146.63911092686,115.,0.));
#6030 = DIRECTION('',(-0.,-0.,-1.));
#6031 = DIRECTION('',(1.,0.,0.));
#6032 = ADVANCED_FACE('',(#6033),#6058,.T.);
#6033 = FACE_BOUND('',#6034,.T.);
#6034 = EDGE_LOOP('',(#6035,#6036,#6044,#6052));
#6035 = ORIENTED_EDGE('',*,*,#6003,.T.);
#6036 = ORIENTED_EDGE('',*,*,#6037,.T.);
#6037 = EDGE_CURVE('',#6006,#6038,#6040,.T.);
#6038 = VERTEX_POINT('',#6039);
#6039 = CARTESIAN_POINT('',(235.,140.,16.));
#6040 = LINE('',#6041,#6042);
#6041 = CARTESIAN_POINT('',(146.63911092686,140.,16.));
#6042 = VECTOR('',#6043,1.);
#6043 = DIRECTION('',(1.,0.,0.));
#6044 = ORIENTED_EDGE('',*,*,#6045,.F.);
#6045 = EDGE_CURVE('',#6046,#6038,#6048,.T.);
#6046 = VERTEX_POINT('',#6047);
#6047 = CARTESIAN_POINT('',(235.,140.,0.));
#6048 = LINE('',#6049,#6050);
#6049 = CARTESIAN_POINT('',(235.,140.,0.));
#6050 = VECTOR('',#6051,1.);
#6051 = DIRECTION('',(0.,0.,1.));
#6052 = ORIENTED_EDGE('',*,*,#6053,.F.);
#6053 = EDGE_CURVE('',#6004,#6046,#6054,.T.);
#6054 = LINE('',#6055,#6056);
#6055 = CARTESIAN_POINT('',(146.63911092686,140.,0.));
#6056 = VECTOR('',#6057,1.);
#6057 = DIRECTION('',(1.,0.,0.));
#6058 = PLANE('',#6059);
#6059 = AXIS2_PLACEMENT_3D('',#6060,#6061,#6062);
#6060 = CARTESIAN_POINT('',(146.63911092686,140.,0.));
#6061 = DIRECTION('',(0.,1.,0.));
#6062 = DIRECTION('',(1.,0.,0.));
#6063 = ADVANCED_FACE('',(#6064),#6082,.T.);
#6064 = FACE_BOUND('',#6065,.F.);
#6065 = EDGE_LOOP('',(#6066,#6067,#6074,#6075));
#6066 = ORIENTED_EDGE('',*,*,#5808,.T.);
#6067 = ORIENTED_EDGE('',*,*,#6068,.T.);
#6068 = EDGE_CURVE('',#5811,#6038,#6069,.T.);
#6069 = CIRCLE('',#6070,25.);
#6070 = AXIS2_PLACEMENT_3D('',#6071,#6072,#6073);
#6071 = CARTESIAN_POINT('',(235.,115.,16.));
#6072 = DIRECTION('',(0.,0.,1.));
#6073 = DIRECTION('',(1.,0.,0.));
#6074 = ORIENTED_EDGE('',*,*,#6045,.F.);
#6075 = ORIENTED_EDGE('',*,*,#6076,.F.);
#6076 = EDGE_CURVE('',#5809,#6046,#6077,.T.);
#6077 = CIRCLE('',#6078,25.);
#6078 = AXIS2_PLACEMENT_3D('',#6079,#6080,#6081);
#6079 = CARTESIAN_POINT('',(235.,115.,0.));
#6080 = DIRECTION('',(0.,0.,1.));
#6081 = DIRECTION('',(1.,0.,0.));
#6082 = CYLINDRICAL_SURFACE('',#6083,25.);
#6083 = AXIS2_PLACEMENT_3D('',#6084,#6085,#6086);
#6084 = CARTESIAN_POINT('',(235.,115.,0.));
#6085 = DIRECTION('',(-0.,-0.,-1.));
#6086 = DIRECTION('',(1.,0.,0.));
#6087 = ADVANCED_FACE('',(#6088),#6099,.F.);
#6088 = FACE_BOUND('',#6089,.T.);
#6089 = EDGE_LOOP('',(#6090,#6091,#6092,#6093,#6094,#6095,#6096,#6097,
    #6098));
#6090 = ORIENTED_EDGE('',*,*,#5834,.T.);
#6091 = ORIENTED_EDGE('',*,*,#5865,.T.);
#6092 = ORIENTED_EDGE('',*,*,#5896,.T.);
#6093 = ORIENTED_EDGE('',*,*,#5927,.T.);
#6094 = ORIENTED_EDGE('',*,*,#5958,.T.);
#6095 = ORIENTED_EDGE('',*,*,#5989,.T.);
#6096 = ORIENTED_EDGE('',*,*,#6021,.F.);
#6097 = ORIENTED_EDGE('',*,*,#6053,.T.);
#6098 = ORIENTED_EDGE('',*,*,#6076,.F.);
#6099 = PLANE('',#6100);
#6100 = AXIS2_PLACEMENT_3D('',#6101,#6102,#6103);
#6101 = CARTESIAN_POINT('',(130.84391958486,68.320366167052,0.));
#6102 = DIRECTION('',(0.,0.,1.));
#6103 = DIRECTION('',(1.,0.,0.));
#6104 = ADVANCED_FACE('',(#6105),#6116,.T.);
#6105 = FACE_BOUND('',#6106,.F.);
#6106 = EDGE_LOOP('',(#6107,#6108,#6109,#6110,#6111,#6112,#6113,#6114,
    #6115));
#6107 = ORIENTED_EDGE('',*,*,#5818,.T.);
#6108 = ORIENTED_EDGE('',*,*,#5849,.T.);
#6109 = ORIENTED_EDGE('',*,*,#5880,.T.);
#6110 = ORIENTED_EDGE('',*,*,#5911,.T.);
#6111 = ORIENTED_EDGE('',*,*,#5942,.T.);
#6112 = ORIENTED_EDGE('',*,*,#5973,.T.);
#6113 = ORIENTED_EDGE('',*,*,#6013,.F.);
#6114 = ORIENTED_EDGE('',*,*,#6037,.T.);
#6115 = ORIENTED_EDGE('',*,*,#6068,.F.);
#6116 = PLANE('',#6117);
#6117 = AXIS2_PLACEMENT_3D('',#6118,#6119,#6120);
#6118 = CARTESIAN_POINT('',(130.84391958486,68.320366167052,16.));
#6119 = DIRECTION('',(0.,0.,1.));
#6120 = DIRECTION('',(1.,0.,0.));
#6121 = ( GEOMETRIC_REPRESENTATION_CONTEXT(3) 
GLOBAL_UNCERTAINTY_ASSIGNED_CONTEXT((#6125)) 
GLOBAL_UNIT_ASSIGNED_CONTEXT((#6122,#6123,#6124)) REPRESENTATION_CONTEXT
('Context #1','3D Context with UNIT and UNCERTAINTY') );
#6122 = ( LENGTH_UNIT() NAMED_UNIT(*) SI_UNIT(.MILLI.,.METRE.) );
#6123 = ( NAMED_UNIT(*) PLANE_ANGLE_UNIT() SI_UNIT($,.RADIAN.) );
#6124 = ( NAMED_UNIT(*) SI_UNIT($,.STERADIAN.) SOLID_ANGLE_UNIT() );
#6125 = UNCERTAINTY_MEASURE_WITH_UNIT(LENGTH_MEASURE(1.E-07),#6122,
  'distance_accuracy_value','confusion accuracy');
#6126 = CONTEXT_DEPENDENT_SHAPE_REPRESENTATION(#6127,#6129);
#6127 = ( REPRESENTATION_RELATIONSHIP('','',#5801,#4584) 
REPRESENTATION_RELATIONSHIP_WITH_TRANSFORMATION(#6128) 
SHAPE_REPRESENTATION_RELATIONSHIP() );
#6128 = ITEM_DEFINED_TRANSFORMATION('','',#11,#4593);
#6129 = PRODUCT_DEFINITION_SHAPE('Placement','Placement of an item',
  #6130);
#6130 = NEXT_ASSEMBLY_USAGE_OCCURRENCE('12','Body009','',#4579,#5796,$);
#6131 = CC_DESIGN_SECURITY_CLASSIFICATION(#6132,(#6130));
#6132 = SECURITY_CLASSIFICATION('','',#59);
#6133 = CC_DESIGN_PERSON_AND_ORGANIZATION_ASSIGNMENT(#48,#57,(#6132));
#6134 = CC_DESIGN_DATE_AND_TIME_ASSIGNMENT(#62,#68,(#6132));
#6135 = CC_DESIGN_APPROVAL(#70,(#6132));
#6136 = PRODUCT_RELATED_PRODUCT_CATEGORY('detail',$,(#5798));
#6137 = PRODUCT_CATEGORY_RELATIONSHIP('','',#6138,#6136);
#6138 = PRODUCT_CATEGORY('part',$);
#6139 = CC_DESIGN_PERSON_AND_ORGANIZATION_ASSIGNMENT(#48,#51,(#5797,
    #5796));
#6140 = CC_DESIGN_PERSON_AND_ORGANIZATION_ASSIGNMENT(#48,#53,(#5798));
#6141 = CC_DESIGN_PERSON_AND_ORGANIZATION_ASSIGNMENT(#48,#55,(#5797));
#6142 = CC_DESIGN_PERSON_AND_ORGANIZATION_ASSIGNMENT(#48,#57,(#6143));
#6143 = SECURITY_CLASSIFICATION('','',#59);
#6144 = CC_DESIGN_SECURITY_CLASSIFICATION(#6143,(#5797));
#6145 = CC_DESIGN_DATE_AND_TIME_ASSIGNMENT(#62,#66,(#5796));
#6146 = CC_DESIGN_DATE_AND_TIME_ASSIGNMENT(#62,#68,(#6143));
#6147 = CC_DESIGN_APPROVAL(#70,(#5797,#5796,#6143));
#6148 = CONTEXT_DEPENDENT_SHAPE_REPRESENTATION(#6149,#6151);
#6149 = ( REPRESENTATION_RELATIONSHIP('','',#5801,#4584) 
REPRESENTATION_RELATIONSHIP_WITH_TRANSFORMATION(#6150) 
SHAPE_REPRESENTATION_RELATIONSHIP() );
#6150 = ITEM_DEFINED_TRANSFORMATION('','',#11,#4597);
#6151 = PRODUCT_DEFINITION_SHAPE('Placement','Placement of an item',
  #6152);
#6152 = NEXT_ASSEMBLY_USAGE_OCCURRENCE('13','Body010','',#4579,#5796,$);
#6153 = CONTEXT_DEPENDENT_SHAPE_REPRESENTATION(#6154,#6156);
#6154 = ( REPRESENTATION_RELATIONSHIP('','',#5801,#4584) 
REPRESENTATION_RELATIONSHIP_WITH_TRANSFORMATION(#6155) 
SHAPE_REPRESENTATION_RELATIONSHIP() );
#6155 = ITEM_DEFINED_TRANSFORMATION('','',#11,#4601);
#6156 = PRODUCT_DEFINITION_SHAPE('Placement','Placement of an item',
  #6157);
#6157 = NEXT_ASSEMBLY_USAGE_OCCURRENCE('14','Body011','',#4579,#5796,$);
#6158 = CONTEXT_DEPENDENT_SHAPE_REPRESENTATION(#6159,#6161);
#6159 = ( REPRESENTATION_RELATIONSHIP('','',#5801,#4584) 
REPRESENTATION_RELATIONSHIP_WITH_TRANSFORMATION(#6160) 
SHAPE_REPRESENTATION_RELATIONSHIP() );
#6160 = ITEM_DEFINED_TRANSFORMATION('','',#11,#4605);
#6161 = PRODUCT_DEFINITION_SHAPE('Placement','Placement of an item',
  #6162);
#6162 = NEXT_ASSEMBLY_USAGE_OCCURRENCE('15','Body012','',#4579,#5796,$);
#6163 = CONTEXT_DEPENDENT_SHAPE_REPRESENTATION(#6164,#6166);
#6164 = ( REPRESENTATION_RELATIONSHIP('','',#5801,#4584) 
REPRESENTATION_RELATIONSHIP_WITH_TRANSFORMATION(#6165) 
SHAPE_REPRESENTATION_RELATIONSHIP() );
#6165 = ITEM_DEFINED_TRANSFORMATION('','',#11,#4609);
#6166 = PRODUCT_DEFINITION_SHAPE('Placement','Placement of an item',
  #6167);
#6167 = NEXT_ASSEMBLY_USAGE_OCCURRENCE('16','Body013','',#4579,#5796,$);
#6168 = CONTEXT_DEPENDENT_SHAPE_REPRESENTATION(#6169,#6171);
#6169 = ( REPRESENTATION_RELATIONSHIP('','',#5801,#4584) 
REPRESENTATION_RELATIONSHIP_WITH_TRANSFORMATION(#6170) 
SHAPE_REPRESENTATION_RELATIONSHIP() );
#6170 = ITEM_DEFINED_TRANSFORMATION('','',#11,#4613);
#6171 = PRODUCT_DEFINITION_SHAPE('Placement','Placement of an item',
  #6172);
#6172 = NEXT_ASSEMBLY_USAGE_OCCURRENCE('17','Body014','',#4579,#5796,$);
#6173 = SHAPE_DEFINITION_REPRESENTATION(#6174,#6180);
#6174 = PRODUCT_DEFINITION_SHAPE('','',#6175);
#6175 = PRODUCT_DEFINITION('design','',#6176,#6179);
#6176 = PRODUCT_DEFINITION_FORMATION_WITH_SPECIFIED_SOURCE('','',#6177,
  .NOT_KNOWN.);
#6177 = PRODUCT('Assembly','Assembly','',(#6178));
#6178 = MECHANICAL_CONTEXT('',#2,'mechanical');
#6179 = DESIGN_CONTEXT('',#2,'design');
#6180 = SHAPE_REPRESENTATION('',(#11,#6181,#6185,#6189,#6193,#6197),
  #6201);
#6181 = AXIS2_PLACEMENT_3D('',#6182,#6183,#6184);
#6182 = CARTESIAN_POINT('',(0.,0.,0.));
#6183 = DIRECTION('',(0.,0.,1.));
#6184 = DIRECTION('',(1.,0.,0.));
#6185 = AXIS2_PLACEMENT_3D('',#6186,#6187,#6188);
#6186 = CARTESIAN_POINT('',(0.,0.,-2.74E-14));
#6187 = DIRECTION('',(0.,0.,1.));
#6188 = DIRECTION('',(-2.22044604925E-16,1.,0.));
#6189 = AXIS2_PLACEMENT_3D('',#6190,#6191,#6192);
#6190 = CARTESIAN_POINT('',(100.,-200.,-1.14E-14));
#6191 = DIRECTION('',(0.,0.,1.));
#6192 = DIRECTION('',(-2.22044604925E-16,1.,0.));
#6193 = AXIS2_PLACEMENT_3D('',#6194,#6195,#6196);
#6194 = CARTESIAN_POINT('',(100.,-200.,136.));
#6195 = DIRECTION('',(2.E-16,-2.E-16,1.));
#6196 = DIRECTION('',(-4.440892098501E-16,1.,2.E-16));
#6197 = AXIS2_PLACEMENT_3D('',#6198,#6199,#6200);
#6198 = CARTESIAN_POINT('',(100.,-200.,272.));
#6199 = DIRECTION('',(3.E-16,3.E-16,1.));
#6200 = DIRECTION('',(-4.440892098501E-16,1.,-3.E-16));
#6201 = ( GEOMETRIC_REPRESENTATION_CONTEXT(3) 
GLOBAL_UNCERTAINTY_ASSIGNED_CONTEXT((#6205)) 
GLOBAL_UNIT_ASSIGNED_CONTEXT((#6202,#6203,#6204)) REPRESENTATION_CONTEXT
('Context #1','3D Context with UNIT and UNCERTAINTY') );
#6202 = ( LENGTH_UNIT() NAMED_UNIT(*) SI_UNIT(.MILLI.,.METRE.) );
#6203 = ( NAMED_UNIT(*) PLANE_ANGLE_UNIT() SI_UNIT($,.RADIAN.) );
#6204 = ( NAMED_UNIT(*) SI_UNIT($,.STERADIAN.) SOLID_ANGLE_UNIT() );
#6205 = UNCERTAINTY_MEASURE_WITH_UNIT(LENGTH_MEASURE(1.E-07),#6202,
  'distance_accuracy_value','confusion accuracy');
#6206 = CONTEXT_DEPENDENT_SHAPE_REPRESENTATION(#6207,#6209);
#6207 = ( REPRESENTATION_RELATIONSHIP('','',#6180,#82) 
REPRESENTATION_RELATIONSHIP_WITH_TRANSFORMATION(#6208) 
SHAPE_REPRESENTATION_RELATIONSHIP() );
#6208 = ITEM_DEFINED_TRANSFORMATION('','',#11,#99);
#6209 = PRODUCT_DEFINITION_SHAPE('Placement','Placement of an item',
  #6210);
#6210 = NEXT_ASSEMBLY_USAGE_OCCURRENCE('24','Assembly','',#77,#6175,$);
#6211 = CC_DESIGN_SECURITY_CLASSIFICATION(#6212,(#6210));
#6212 = SECURITY_CLASSIFICATION('','',#59);
#6213 = CC_DESIGN_PERSON_AND_ORGANIZATION_ASSIGNMENT(#48,#57,(#6212));
#6214 = CC_DESIGN_DATE_AND_TIME_ASSIGNMENT(#62,#68,(#6212));
#6215 = CC_DESIGN_APPROVAL(#70,(#6212));
#6216 = PRODUCT_RELATED_PRODUCT_CATEGORY('detail',$,(#6177));
#6217 = PRODUCT_CATEGORY_RELATIONSHIP('','',#6218,#6216);
#6218 = PRODUCT_CATEGORY('part',$);
#6219 = CC_DESIGN_PERSON_AND_ORGANIZATION_ASSIGNMENT(#48,#51,(#6176,
    #6175));
#6220 = CC_DESIGN_PERSON_AND_ORGANIZATION_ASSIGNMENT(#48,#53,(#6177));
#6221 = CC_DESIGN_PERSON_AND_ORGANIZATION_ASSIGNMENT(#48,#55,(#6176));
#6222 = CC_DESIGN_PERSON_AND_ORGANIZATION_ASSIGNMENT(#48,#57,(#6223));
#6223 = SECURITY_CLASSIFICATION('','',#59);
#6224 = CC_DESIGN_SECURITY_CLASSIFICATION(#6223,(#6176));
#6225 = CC_DESIGN_DATE_AND_TIME_ASSIGNMENT(#62,#66,(#6175));
#6226 = CC_DESIGN_DATE_AND_TIME_ASSIGNMENT(#62,#68,(#6223));
#6227 = CC_DESIGN_APPROVAL(#70,(#6176,#6175,#6223));
#6228 = SHAPE_DEFINITION_REPRESENTATION(#6229,#6235);
#6229 = PRODUCT_DEFINITION_SHAPE('','',#6230);
#6230 = PRODUCT_DEFINITION('design','',#6231,#6234);
#6231 = PRODUCT_DEFINITION_FORMATION_WITH_SPECIFIED_SOURCE('','',#6232,
  .NOT_KNOWN.);
#6232 = PRODUCT('Body','Body','',(#6233));
#6233 = MECHANICAL_CONTEXT('',#2,'mechanical');
#6234 = DESIGN_CONTEXT('',#2,'design');
#6235 = ADVANCED_BREP_SHAPE_REPRESENTATION('',(#11,#6236),#6542);
#6236 = MANIFOLD_SOLID_BREP('',#6237);
#6237 = CLOSED_SHELL('',(#6238,#6278,#6309,#6340,#6362,#6395,#6428,#6461
    ,#6494,#6518));
#6238 = ADVANCED_FACE('',(#6239),#6273,.F.);
#6239 = FACE_BOUND('',#6240,.F.);
#6240 = EDGE_LOOP('',(#6241,#6251,#6259,#6267));
#6241 = ORIENTED_EDGE('',*,*,#6242,.T.);
#6242 = EDGE_CURVE('',#6243,#6245,#6247,.T.);
#6243 = VERTEX_POINT('',#6244);
#6244 = CARTESIAN_POINT('',(0.,0.,0.));
#6245 = VERTEX_POINT('',#6246);
#6246 = CARTESIAN_POINT('',(0.,-10.,2.E-15));
#6247 = LINE('',#6248,#6249);
#6248 = CARTESIAN_POINT('',(0.,0.,0.));
#6249 = VECTOR('',#6250,1.);
#6250 = DIRECTION('',(0.,-1.,2.2E-16));
#6251 = ORIENTED_EDGE('',*,*,#6252,.T.);
#6252 = EDGE_CURVE('',#6245,#6253,#6255,.T.);
#6253 = VERTEX_POINT('',#6254);
#6254 = CARTESIAN_POINT('',(100.,-10.,2.E-15));
#6255 = LINE('',#6256,#6257);
#6256 = CARTESIAN_POINT('',(0.,-10.,2.E-15));
#6257 = VECTOR('',#6258,1.);
#6258 = DIRECTION('',(1.,0.,0.));
#6259 = ORIENTED_EDGE('',*,*,#6260,.F.);
#6260 = EDGE_CURVE('',#6261,#6253,#6263,.T.);
#6261 = VERTEX_POINT('',#6262);
#6262 = CARTESIAN_POINT('',(100.,0.,0.));
#6263 = LINE('',#6264,#6265);
#6264 = CARTESIAN_POINT('',(100.,0.,0.));
#6265 = VECTOR('',#6266,1.);
#6266 = DIRECTION('',(0.,-1.,2.2E-16));
#6267 = ORIENTED_EDGE('',*,*,#6268,.F.);
#6268 = EDGE_CURVE('',#6243,#6261,#6269,.T.);
#6269 = LINE('',#6270,#6271);
#6270 = CARTESIAN_POINT('',(0.,0.,0.));
#6271 = VECTOR('',#6272,1.);
#6272 = DIRECTION('',(1.,0.,0.));
#6273 = PLANE('',#6274);
#6274 = AXIS2_PLACEMENT_3D('',#6275,#6276,#6277);
#6275 = CARTESIAN_POINT('',(0.,0.,0.));
#6276 = DIRECTION('',(0.,2.2E-16,1.));
#6277 = DIRECTION('',(1.,0.,-0.));
#6278 = ADVANCED_FACE('',(#6279),#6304,.F.);
#6279 = FACE_BOUND('',#6280,.F.);
#6280 = EDGE_LOOP('',(#6281,#6282,#6290,#6298));
#6281 = ORIENTED_EDGE('',*,*,#6260,.T.);
#6282 = ORIENTED_EDGE('',*,*,#6283,.T.);
#6283 = EDGE_CURVE('',#6253,#6284,#6286,.T.);
#6284 = VERTEX_POINT('',#6285);
#6285 = CARTESIAN_POINT('',(100.,-10.,288.));
#6286 = LINE('',#6287,#6288);
#6287 = CARTESIAN_POINT('',(100.,-10.,2.E-15));
#6288 = VECTOR('',#6289,1.);
#6289 = DIRECTION('',(0.,0.,1.));
#6290 = ORIENTED_EDGE('',*,*,#6291,.F.);
#6291 = EDGE_CURVE('',#6292,#6284,#6294,.T.);
#6292 = VERTEX_POINT('',#6293);
#6293 = CARTESIAN_POINT('',(100.,6.4E-14,288.));
#6294 = LINE('',#6295,#6296);
#6295 = CARTESIAN_POINT('',(100.,6.395E-14,288.));
#6296 = VECTOR('',#6297,1.);
#6297 = DIRECTION('',(0.,-1.,2.2E-16));
#6298 = ORIENTED_EDGE('',*,*,#6299,.F.);
#6299 = EDGE_CURVE('',#6261,#6292,#6300,.T.);
#6300 = LINE('',#6301,#6302);
#6301 = CARTESIAN_POINT('',(100.,0.,0.));
#6302 = VECTOR('',#6303,1.);
#6303 = DIRECTION('',(0.,0.,1.));
#6304 = PLANE('',#6305);
#6305 = AXIS2_PLACEMENT_3D('',#6306,#6307,#6308);
#6306 = CARTESIAN_POINT('',(100.,0.,0.));
#6307 = DIRECTION('',(-1.,0.,0.));
#6308 = DIRECTION('',(0.,2.2E-16,1.));
#6309 = ADVANCED_FACE('',(#6310),#6335,.F.);
#6310 = FACE_BOUND('',#6311,.F.);
#6311 = EDGE_LOOP('',(#6312,#6313,#6321,#6329));
#6312 = ORIENTED_EDGE('',*,*,#6291,.T.);
#6313 = ORIENTED_EDGE('',*,*,#6314,.T.);
#6314 = EDGE_CURVE('',#6284,#6315,#6317,.T.);
#6315 = VERTEX_POINT('',#6316);
#6316 = CARTESIAN_POINT('',(0.,-10.,288.));
#6317 = LINE('',#6318,#6319);
#6318 = CARTESIAN_POINT('',(100.,-10.,288.));
#6319 = VECTOR('',#6320,1.);
#6320 = DIRECTION('',(-1.,0.,0.));
#6321 = ORIENTED_EDGE('',*,*,#6322,.F.);
#6322 = EDGE_CURVE('',#6323,#6315,#6325,.T.);
#6323 = VERTEX_POINT('',#6324);
#6324 = CARTESIAN_POINT('',(0.,6.4E-14,288.));
#6325 = LINE('',#6326,#6327);
#6326 = CARTESIAN_POINT('',(0.,6.395E-14,288.));
#6327 = VECTOR('',#6328,1.);
#6328 = DIRECTION('',(0.,-1.,2.2E-16));
#6329 = ORIENTED_EDGE('',*,*,#6330,.F.);
#6330 = EDGE_CURVE('',#6292,#6323,#6331,.T.);
#6331 = LINE('',#6332,#6333);
#6332 = CARTESIAN_POINT('',(100.,0.,288.));
#6333 = VECTOR('',#6334,1.);
#6334 = DIRECTION('',(-1.,0.,0.));
#6335 = PLANE('',#6336);
#6336 = AXIS2_PLACEMENT_3D('',#6337,#6338,#6339);
#6337 = CARTESIAN_POINT('',(100.,6.395E-14,288.));
#6338 = DIRECTION('',(-0.,-2.2E-16,-1.));
#6339 = DIRECTION('',(-1.,0.,0.));
#6340 = ADVANCED_FACE('',(#6341),#6357,.F.);
#6341 = FACE_BOUND('',#6342,.F.);
#6342 = EDGE_LOOP('',(#6343,#6344,#6350,#6351));
#6343 = ORIENTED_EDGE('',*,*,#6322,.T.);
#6344 = ORIENTED_EDGE('',*,*,#6345,.T.);
#6345 = EDGE_CURVE('',#6315,#6245,#6346,.T.);
#6346 = LINE('',#6347,#6348);
#6347 = CARTESIAN_POINT('',(0.,-10.,288.));
#6348 = VECTOR('',#6349,1.);
#6349 = DIRECTION('',(0.,0.,-1.));
#6350 = ORIENTED_EDGE('',*,*,#6242,.F.);
#6351 = ORIENTED_EDGE('',*,*,#6352,.F.);
#6352 = EDGE_CURVE('',#6323,#6243,#6353,.T.);
#6353 = LINE('',#6354,#6355);
#6354 = CARTESIAN_POINT('',(0.,0.,288.));
#6355 = VECTOR('',#6356,1.);
#6356 = DIRECTION('',(0.,0.,-1.));
#6357 = PLANE('',#6358);
#6358 = AXIS2_PLACEMENT_3D('',#6359,#6360,#6361);
#6359 = CARTESIAN_POINT('',(0.,6.395E-14,288.));
#6360 = DIRECTION('',(1.,0.,0.));
#6361 = DIRECTION('',(0.,-2.2E-16,-1.));
#6362 = ADVANCED_FACE('',(#6363),#6390,.F.);
#6363 = FACE_BOUND('',#6364,.T.);
#6364 = EDGE_LOOP('',(#6365,#6375,#6382,#6383));
#6365 = ORIENTED_EDGE('',*,*,#6366,.T.);
#6366 = EDGE_CURVE('',#6367,#6369,#6371,.T.);
#6367 = VERTEX_POINT('',#6368);
#6368 = CARTESIAN_POINT('',(56.,5.2E-14,232.));
#6369 = VERTEX_POINT('',#6370);
#6370 = CARTESIAN_POINT('',(56.,-10.,232.));
#6371 = LINE('',#6372,#6373);
#6372 = CARTESIAN_POINT('',(56.,5.151E-14,232.));
#6373 = VECTOR('',#6374,1.);
#6374 = DIRECTION('',(0.,-1.,2.2E-16));
#6375 = ORIENTED_EDGE('',*,*,#6376,.T.);
#6376 = EDGE_CURVE('',#6369,#6369,#6377,.T.);
#6377 = CIRCLE('',#6378,6.);
#6378 = AXIS2_PLACEMENT_3D('',#6379,#6380,#6381);
#6379 = CARTESIAN_POINT('',(50.,-10.,232.));
#6380 = DIRECTION('',(0.,-1.,0.));
#6381 = DIRECTION('',(1.,0.,0.));
#6382 = ORIENTED_EDGE('',*,*,#6366,.F.);
#6383 = ORIENTED_EDGE('',*,*,#6384,.F.);
#6384 = EDGE_CURVE('',#6367,#6367,#6385,.T.);
#6385 = CIRCLE('',#6386,6.);
#6386 = AXIS2_PLACEMENT_3D('',#6387,#6388,#6389);
#6387 = CARTESIAN_POINT('',(50.,0.,232.));
#6388 = DIRECTION('',(0.,-1.,0.));
#6389 = DIRECTION('',(1.,0.,0.));
#6390 = CYLINDRICAL_SURFACE('',#6391,6.);
#6391 = AXIS2_PLACEMENT_3D('',#6392,#6393,#6394);
#6392 = CARTESIAN_POINT('',(50.,5.151E-14,232.));
#6393 = DIRECTION('',(0.,1.,-2.2E-16));
#6394 = DIRECTION('',(1.,0.,0.));
#6395 = ADVANCED_FACE('',(#6396),#6423,.F.);
#6396 = FACE_BOUND('',#6397,.T.);
#6397 = EDGE_LOOP('',(#6398,#6408,#6415,#6416));
#6398 = ORIENTED_EDGE('',*,*,#6399,.T.);
#6399 = EDGE_CURVE('',#6400,#6402,#6404,.T.);
#6400 = VERTEX_POINT('',#6401);
#6401 = CARTESIAN_POINT('',(56.,4.3E-14,192.));
#6402 = VERTEX_POINT('',#6403);
#6403 = CARTESIAN_POINT('',(56.,-10.,192.));
#6404 = LINE('',#6405,#6406);
#6405 = CARTESIAN_POINT('',(56.,4.263E-14,192.));
#6406 = VECTOR('',#6407,1.);
#6407 = DIRECTION('',(0.,-1.,2.2E-16));
#6408 = ORIENTED_EDGE('',*,*,#6409,.T.);
#6409 = EDGE_CURVE('',#6402,#6402,#6410,.T.);
#6410 = CIRCLE('',#6411,6.);
#6411 = AXIS2_PLACEMENT_3D('',#6412,#6413,#6414);
#6412 = CARTESIAN_POINT('',(50.,-10.,192.));
#6413 = DIRECTION('',(0.,-1.,0.));
#6414 = DIRECTION('',(1.,0.,0.));
#6415 = ORIENTED_EDGE('',*,*,#6399,.F.);
#6416 = ORIENTED_EDGE('',*,*,#6417,.F.);
#6417 = EDGE_CURVE('',#6400,#6400,#6418,.T.);
#6418 = CIRCLE('',#6419,6.);
#6419 = AXIS2_PLACEMENT_3D('',#6420,#6421,#6422);
#6420 = CARTESIAN_POINT('',(50.,0.,192.));
#6421 = DIRECTION('',(0.,-1.,0.));
#6422 = DIRECTION('',(1.,0.,0.));
#6423 = CYLINDRICAL_SURFACE('',#6424,6.);
#6424 = AXIS2_PLACEMENT_3D('',#6425,#6426,#6427);
#6425 = CARTESIAN_POINT('',(50.,4.263E-14,192.));
#6426 = DIRECTION('',(0.,1.,-2.2E-16));
#6427 = DIRECTION('',(1.,0.,0.));
#6428 = ADVANCED_FACE('',(#6429),#6456,.F.);
#6429 = FACE_BOUND('',#6430,.T.);
#6430 = EDGE_LOOP('',(#6431,#6441,#6448,#6449));
#6431 = ORIENTED_EDGE('',*,*,#6432,.T.);
#6432 = EDGE_CURVE('',#6433,#6435,#6437,.T.);
#6433 = VERTEX_POINT('',#6434);
#6434 = CARTESIAN_POINT('',(56.,2.1E-14,96.));
#6435 = VERTEX_POINT('',#6436);
#6436 = CARTESIAN_POINT('',(56.,-10.,96.));
#6437 = LINE('',#6438,#6439);
#6438 = CARTESIAN_POINT('',(56.,2.132E-14,96.));
#6439 = VECTOR('',#6440,1.);
#6440 = DIRECTION('',(0.,-1.,2.2E-16));
#6441 = ORIENTED_EDGE('',*,*,#6442,.T.);
#6442 = EDGE_CURVE('',#6435,#6435,#6443,.T.);
#6443 = CIRCLE('',#6444,6.);
#6444 = AXIS2_PLACEMENT_3D('',#6445,#6446,#6447);
#6445 = CARTESIAN_POINT('',(50.,-10.,96.));
#6446 = DIRECTION('',(0.,-1.,0.));
#6447 = DIRECTION('',(1.,0.,0.));
#6448 = ORIENTED_EDGE('',*,*,#6432,.F.);
#6449 = ORIENTED_EDGE('',*,*,#6450,.F.);
#6450 = EDGE_CURVE('',#6433,#6433,#6451,.T.);
#6451 = CIRCLE('',#6452,6.);
#6452 = AXIS2_PLACEMENT_3D('',#6453,#6454,#6455);
#6453 = CARTESIAN_POINT('',(50.,0.,96.));
#6454 = DIRECTION('',(0.,-1.,0.));
#6455 = DIRECTION('',(1.,0.,0.));
#6456 = CYLINDRICAL_SURFACE('',#6457,6.);
#6457 = AXIS2_PLACEMENT_3D('',#6458,#6459,#6460);
#6458 = CARTESIAN_POINT('',(50.,2.132E-14,96.));
#6459 = DIRECTION('',(0.,1.,-2.2E-16));
#6460 = DIRECTION('',(1.,0.,0.));
#6461 = ADVANCED_FACE('',(#6462),#6489,.F.);
#6462 = FACE_BOUND('',#6463,.T.);
#6463 = EDGE_LOOP('',(#6464,#6474,#6481,#6482));
#6464 = ORIENTED_EDGE('',*,*,#6465,.T.);
#6465 = EDGE_CURVE('',#6466,#6468,#6470,.T.);
#6466 = VERTEX_POINT('',#6467);
#6467 = CARTESIAN_POINT('',(56.,1.2E-14,56.));
#6468 = VERTEX_POINT('',#6469);
#6469 = CARTESIAN_POINT('',(56.,-10.,56.));
#6470 = LINE('',#6471,#6472);
#6471 = CARTESIAN_POINT('',(56.,1.243E-14,56.));
#6472 = VECTOR('',#6473,1.);
#6473 = DIRECTION('',(0.,-1.,2.2E-16));
#6474 = ORIENTED_EDGE('',*,*,#6475,.T.);
#6475 = EDGE_CURVE('',#6468,#6468,#6476,.T.);
#6476 = CIRCLE('',#6477,6.);
#6477 = AXIS2_PLACEMENT_3D('',#6478,#6479,#6480);
#6478 = CARTESIAN_POINT('',(50.,-10.,56.));
#6479 = DIRECTION('',(0.,-1.,0.));
#6480 = DIRECTION('',(1.,0.,0.));
#6481 = ORIENTED_EDGE('',*,*,#6465,.F.);
#6482 = ORIENTED_EDGE('',*,*,#6483,.F.);
#6483 = EDGE_CURVE('',#6466,#6466,#6484,.T.);
#6484 = CIRCLE('',#6485,6.);
#6485 = AXIS2_PLACEMENT_3D('',#6486,#6487,#6488);
#6486 = CARTESIAN_POINT('',(50.,0.,56.));
#6487 = DIRECTION('',(0.,-1.,0.));
#6488 = DIRECTION('',(1.,0.,0.));
#6489 = CYLINDRICAL_SURFACE('',#6490,6.);
#6490 = AXIS2_PLACEMENT_3D('',#6491,#6492,#6493);
#6491 = CARTESIAN_POINT('',(50.,1.243E-14,56.));
#6492 = DIRECTION('',(0.,1.,-2.2E-16));
#6493 = DIRECTION('',(1.,0.,0.));
#6494 = ADVANCED_FACE('',(#6495,#6501,#6504,#6507,#6510),#6513,.T.);
#6495 = FACE_BOUND('',#6496,.F.);
#6496 = EDGE_LOOP('',(#6497,#6498,#6499,#6500));
#6497 = ORIENTED_EDGE('',*,*,#6268,.T.);
#6498 = ORIENTED_EDGE('',*,*,#6299,.T.);
#6499 = ORIENTED_EDGE('',*,*,#6330,.T.);
#6500 = ORIENTED_EDGE('',*,*,#6352,.T.);
#6501 = FACE_BOUND('',#6502,.T.);
#6502 = EDGE_LOOP('',(#6503));
#6503 = ORIENTED_EDGE('',*,*,#6384,.T.);
#6504 = FACE_BOUND('',#6505,.T.);
#6505 = EDGE_LOOP('',(#6506));
#6506 = ORIENTED_EDGE('',*,*,#6417,.T.);
#6507 = FACE_BOUND('',#6508,.T.);
#6508 = EDGE_LOOP('',(#6509));
#6509 = ORIENTED_EDGE('',*,*,#6450,.T.);
#6510 = FACE_BOUND('',#6511,.T.);
#6511 = EDGE_LOOP('',(#6512));
#6512 = ORIENTED_EDGE('',*,*,#6483,.T.);
#6513 = PLANE('',#6514);
#6514 = AXIS2_PLACEMENT_3D('',#6515,#6516,#6517);
#6515 = CARTESIAN_POINT('',(50.,3.197E-14,144.));
#6516 = DIRECTION('',(0.,1.,0.));
#6517 = DIRECTION('',(0.,0.,1.));
#6518 = ADVANCED_FACE('',(#6519,#6525,#6528,#6531,#6534),#6537,.F.);
#6519 = FACE_BOUND('',#6520,.T.);
#6520 = EDGE_LOOP('',(#6521,#6522,#6523,#6524));
#6521 = ORIENTED_EDGE('',*,*,#6252,.T.);
#6522 = ORIENTED_EDGE('',*,*,#6283,.T.);
#6523 = ORIENTED_EDGE('',*,*,#6314,.T.);
#6524 = ORIENTED_EDGE('',*,*,#6345,.T.);
#6525 = FACE_BOUND('',#6526,.F.);
#6526 = EDGE_LOOP('',(#6527));
#6527 = ORIENTED_EDGE('',*,*,#6376,.T.);
#6528 = FACE_BOUND('',#6529,.F.);
#6529 = EDGE_LOOP('',(#6530));
#6530 = ORIENTED_EDGE('',*,*,#6409,.T.);
#6531 = FACE_BOUND('',#6532,.F.);
#6532 = EDGE_LOOP('',(#6533));
#6533 = ORIENTED_EDGE('',*,*,#6442,.T.);
#6534 = FACE_BOUND('',#6535,.F.);
#6535 = EDGE_LOOP('',(#6536));
#6536 = ORIENTED_EDGE('',*,*,#6475,.T.);
#6537 = PLANE('',#6538);
#6538 = AXIS2_PLACEMENT_3D('',#6539,#6540,#6541);
#6539 = CARTESIAN_POINT('',(50.,-10.,144.));
#6540 = DIRECTION('',(0.,1.,0.));
#6541 = DIRECTION('',(0.,0.,1.));
#6542 = ( GEOMETRIC_REPRESENTATION_CONTEXT(3) 
GLOBAL_UNCERTAINTY_ASSIGNED_CONTEXT((#6546)) 
GLOBAL_UNIT_ASSIGNED_CONTEXT((#6543,#6544,#6545)) REPRESENTATION_CONTEXT
('Context #1','3D Context with UNIT and UNCERTAINTY') );
#6543 = ( LENGTH_UNIT() NAMED_UNIT(*) SI_UNIT(.MILLI.,.METRE.) );
#6544 = ( NAMED_UNIT(*) PLANE_ANGLE_UNIT() SI_UNIT($,.RADIAN.) );
#6545 = ( NAMED_UNIT(*) SI_UNIT($,.STERADIAN.) SOLID_ANGLE_UNIT() );
#6546 = UNCERTAINTY_MEASURE_WITH_UNIT(LENGTH_MEASURE(1.E-07),#6543,
  'distance_accuracy_value','confusion accuracy');
#6547 = CONTEXT_DEPENDENT_SHAPE_REPRESENTATION(#6548,#6550);
#6548 = ( REPRESENTATION_RELATIONSHIP('','',#6235,#6180) 
REPRESENTATION_RELATIONSHIP_WITH_TRANSFORMATION(#6549) 
SHAPE_REPRESENTATION_RELATIONSHIP() );
#6549 = ITEM_DEFINED_TRANSFORMATION('','',#11,#6181);
#6550 = PRODUCT_DEFINITION_SHAPE('Placement','Placement of an item',
  #6551);
#6551 = NEXT_ASSEMBLY_USAGE_OCCURRENCE('19','Body028','',#6175,#6230,$);
#6552 = CC_DESIGN_SECURITY_CLASSIFICATION(#6553,(#6551));
#6553 = SECURITY_CLASSIFICATION('','',#59);
#6554 = CC_DESIGN_PERSON_AND_ORGANIZATION_ASSIGNMENT(#48,#57,(#6553));
#6555 = CC_DESIGN_DATE_AND_TIME_ASSIGNMENT(#62,#68,(#6553));
#6556 = CC_DESIGN_APPROVAL(#70,(#6553));
#6557 = PRODUCT_RELATED_PRODUCT_CATEGORY('detail',$,(#6232));
#6558 = PRODUCT_CATEGORY_RELATIONSHIP('','',#6559,#6557);
#6559 = PRODUCT_CATEGORY('part',$);
#6560 = CC_DESIGN_PERSON_AND_ORGANIZATION_ASSIGNMENT(#48,#51,(#6231,
    #6230));
#6561 = CC_DESIGN_PERSON_AND_ORGANIZATION_ASSIGNMENT(#48,#53,(#6232));
#6562 = CC_DESIGN_PERSON_AND_ORGANIZATION_ASSIGNMENT(#48,#55,(#6231));
#6563 = CC_DESIGN_PERSON_AND_ORGANIZATION_ASSIGNMENT(#48,#57,(#6564));
#6564 = SECURITY_CLASSIFICATION('','',#59);
#6565 = CC_DESIGN_SECURITY_CLASSIFICATION(#6564,(#6231));
#6566 = CC_DESIGN_DATE_AND_TIME_ASSIGNMENT(#62,#66,(#6230));
#6567 = CC_DESIGN_DATE_AND_TIME_ASSIGNMENT(#62,#68,(#6564));
#6568 = CC_DESIGN_APPROVAL(#70,(#6231,#6230,#6564));
#6569 = SHAPE_DEFINITION_REPRESENTATION(#6570,#6576);
#6570 = PRODUCT_DEFINITION_SHAPE('','',#6571);
#6571 = PRODUCT_DEFINITION('design','',#6572,#6575);
#6572 = PRODUCT_DEFINITION_FORMATION_WITH_SPECIFIED_SOURCE('','',#6573,
  .NOT_KNOWN.);
#6573 = PRODUCT('Body','Body','',(#6574));
#6574 = MECHANICAL_CONTEXT('',#2,'mechanical');
#6575 = DESIGN_CONTEXT('',#2,'design');
#6576 = ADVANCED_BREP_SHAPE_REPRESENTATION('',(#11,#6577),#6883);
#6577 = MANIFOLD_SOLID_BREP('',#6578);
#6578 = CLOSED_SHELL('',(#6579,#6619,#6650,#6681,#6703,#6736,#6769,#6802
    ,#6835,#6859));
#6579 = ADVANCED_FACE('',(#6580),#6614,.F.);
#6580 = FACE_BOUND('',#6581,.F.);
#6581 = EDGE_LOOP('',(#6582,#6592,#6600,#6608));
#6582 = ORIENTED_EDGE('',*,*,#6583,.T.);
#6583 = EDGE_CURVE('',#6584,#6586,#6588,.T.);
#6584 = VERTEX_POINT('',#6585);
#6585 = CARTESIAN_POINT('',(0.,0.,0.));
#6586 = VERTEX_POINT('',#6587);
#6587 = CARTESIAN_POINT('',(0.,-10.,2.E-15));
#6588 = LINE('',#6589,#6590);
#6589 = CARTESIAN_POINT('',(0.,0.,0.));
#6590 = VECTOR('',#6591,1.);
#6591 = DIRECTION('',(0.,-1.,2.2E-16));
#6592 = ORIENTED_EDGE('',*,*,#6593,.T.);
#6593 = EDGE_CURVE('',#6586,#6594,#6596,.T.);
#6594 = VERTEX_POINT('',#6595);
#6595 = CARTESIAN_POINT('',(60.,-10.,2.E-15));
#6596 = LINE('',#6597,#6598);
#6597 = CARTESIAN_POINT('',(0.,-10.,2.E-15));
#6598 = VECTOR('',#6599,1.);
#6599 = DIRECTION('',(1.,0.,0.));
#6600 = ORIENTED_EDGE('',*,*,#6601,.F.);
#6601 = EDGE_CURVE('',#6602,#6594,#6604,.T.);
#6602 = VERTEX_POINT('',#6603);
#6603 = CARTESIAN_POINT('',(60.,0.,0.));
#6604 = LINE('',#6605,#6606);
#6605 = CARTESIAN_POINT('',(60.,0.,0.));
#6606 = VECTOR('',#6607,1.);
#6607 = DIRECTION('',(0.,-1.,2.2E-16));
#6608 = ORIENTED_EDGE('',*,*,#6609,.F.);
#6609 = EDGE_CURVE('',#6584,#6602,#6610,.T.);
#6610 = LINE('',#6611,#6612);
#6611 = CARTESIAN_POINT('',(0.,0.,0.));
#6612 = VECTOR('',#6613,1.);
#6613 = DIRECTION('',(1.,0.,0.));
#6614 = PLANE('',#6615);
#6615 = AXIS2_PLACEMENT_3D('',#6616,#6617,#6618);
#6616 = CARTESIAN_POINT('',(0.,0.,0.));
#6617 = DIRECTION('',(0.,2.2E-16,1.));
#6618 = DIRECTION('',(1.,0.,-0.));
#6619 = ADVANCED_FACE('',(#6620),#6645,.F.);
#6620 = FACE_BOUND('',#6621,.F.);
#6621 = EDGE_LOOP('',(#6622,#6623,#6631,#6639));
#6622 = ORIENTED_EDGE('',*,*,#6601,.T.);
#6623 = ORIENTED_EDGE('',*,*,#6624,.T.);
#6624 = EDGE_CURVE('',#6594,#6625,#6627,.T.);
#6625 = VERTEX_POINT('',#6626);
#6626 = CARTESIAN_POINT('',(60.,-10.,288.));
#6627 = LINE('',#6628,#6629);
#6628 = CARTESIAN_POINT('',(60.,-10.,2.E-15));
#6629 = VECTOR('',#6630,1.);
#6630 = DIRECTION('',(0.,0.,1.));
#6631 = ORIENTED_EDGE('',*,*,#6632,.F.);
#6632 = EDGE_CURVE('',#6633,#6625,#6635,.T.);
#6633 = VERTEX_POINT('',#6634);
#6634 = CARTESIAN_POINT('',(60.,6.4E-14,288.));
#6635 = LINE('',#6636,#6637);
#6636 = CARTESIAN_POINT('',(60.,6.395E-14,288.));
#6637 = VECTOR('',#6638,1.);
#6638 = DIRECTION('',(0.,-1.,2.2E-16));
#6639 = ORIENTED_EDGE('',*,*,#6640,.F.);
#6640 = EDGE_CURVE('',#6602,#6633,#6641,.T.);
#6641 = LINE('',#6642,#6643);
#6642 = CARTESIAN_POINT('',(60.,0.,0.));
#6643 = VECTOR('',#6644,1.);
#6644 = DIRECTION('',(0.,0.,1.));
#6645 = PLANE('',#6646);
#6646 = AXIS2_PLACEMENT_3D('',#6647,#6648,#6649);
#6647 = CARTESIAN_POINT('',(60.,0.,0.));
#6648 = DIRECTION('',(-1.,0.,0.));
#6649 = DIRECTION('',(0.,2.2E-16,1.));
#6650 = ADVANCED_FACE('',(#6651),#6676,.F.);
#6651 = FACE_BOUND('',#6652,.F.);
#6652 = EDGE_LOOP('',(#6653,#6654,#6662,#6670));
#6653 = ORIENTED_EDGE('',*,*,#6632,.T.);
#6654 = ORIENTED_EDGE('',*,*,#6655,.T.);
#6655 = EDGE_CURVE('',#6625,#6656,#6658,.T.);
#6656 = VERTEX_POINT('',#6657);
#6657 = CARTESIAN_POINT('',(0.,-10.,288.));
#6658 = LINE('',#6659,#6660);
#6659 = CARTESIAN_POINT('',(60.,-10.,288.));
#6660 = VECTOR('',#6661,1.);
#6661 = DIRECTION('',(-1.,0.,0.));
#6662 = ORIENTED_EDGE('',*,*,#6663,.F.);
#6663 = EDGE_CURVE('',#6664,#6656,#6666,.T.);
#6664 = VERTEX_POINT('',#6665);
#6665 = CARTESIAN_POINT('',(0.,6.4E-14,288.));
#6666 = LINE('',#6667,#6668);
#6667 = CARTESIAN_POINT('',(0.,6.395E-14,288.));
#6668 = VECTOR('',#6669,1.);
#6669 = DIRECTION('',(0.,-1.,2.2E-16));
#6670 = ORIENTED_EDGE('',*,*,#6671,.F.);
#6671 = EDGE_CURVE('',#6633,#6664,#6672,.T.);
#6672 = LINE('',#6673,#6674);
#6673 = CARTESIAN_POINT('',(60.,0.,288.));
#6674 = VECTOR('',#6675,1.);
#6675 = DIRECTION('',(-1.,0.,0.));
#6676 = PLANE('',#6677);
#6677 = AXIS2_PLACEMENT_3D('',#6678,#6679,#6680);
#6678 = CARTESIAN_POINT('',(60.,6.395E-14,288.));
#6679 = DIRECTION('',(-0.,-2.2E-16,-1.));
#6680 = DIRECTION('',(-1.,0.,0.));
#6681 = ADVANCED_FACE('',(#6682),#6698,.F.);
#6682 = FACE_BOUND('',#6683,.F.);
#6683 = EDGE_LOOP('',(#6684,#6685,#6691,#6692));
#6684 = ORIENTED_EDGE('',*,*,#6663,.T.);
#6685 = ORIENTED_EDGE('',*,*,#6686,.T.);
#6686 = EDGE_CURVE('',#6656,#6586,#6687,.T.);
#6687 = LINE('',#6688,#6689);
#6688 = CARTESIAN_POINT('',(0.,-10.,288.));
#6689 = VECTOR('',#6690,1.);
#6690 = DIRECTION('',(0.,0.,-1.));
#6691 = ORIENTED_EDGE('',*,*,#6583,.F.);
#6692 = ORIENTED_EDGE('',*,*,#6693,.F.);
#6693 = EDGE_CURVE('',#6664,#6584,#6694,.T.);
#6694 = LINE('',#6695,#6696);
#6695 = CARTESIAN_POINT('',(0.,0.,288.));
#6696 = VECTOR('',#6697,1.);
#6697 = DIRECTION('',(0.,0.,-1.));
#6698 = PLANE('',#6699);
#6699 = AXIS2_PLACEMENT_3D('',#6700,#6701,#6702);
#6700 = CARTESIAN_POINT('',(0.,6.395E-14,288.));
#6701 = DIRECTION('',(1.,0.,0.));
#6702 = DIRECTION('',(0.,-2.2E-16,-1.));
#6703 = ADVANCED_FACE('',(#6704),#6731,.F.);
#6704 = FACE_BOUND('',#6705,.T.);
#6705 = EDGE_LOOP('',(#6706,#6716,#6723,#6724));
#6706 = ORIENTED_EDGE('',*,*,#6707,.T.);
#6707 = EDGE_CURVE('',#6708,#6710,#6712,.T.);
#6708 = VERTEX_POINT('',#6709);
#6709 = CARTESIAN_POINT('',(36.,5.2E-14,232.));
#6710 = VERTEX_POINT('',#6711);
#6711 = CARTESIAN_POINT('',(36.,-10.,232.));
#6712 = LINE('',#6713,#6714);
#6713 = CARTESIAN_POINT('',(36.,5.151E-14,232.));
#6714 = VECTOR('',#6715,1.);
#6715 = DIRECTION('',(0.,-1.,2.2E-16));
#6716 = ORIENTED_EDGE('',*,*,#6717,.T.);
#6717 = EDGE_CURVE('',#6710,#6710,#6718,.T.);
#6718 = CIRCLE('',#6719,6.);
#6719 = AXIS2_PLACEMENT_3D('',#6720,#6721,#6722);
#6720 = CARTESIAN_POINT('',(30.,-10.,232.));
#6721 = DIRECTION('',(0.,-1.,0.));
#6722 = DIRECTION('',(1.,0.,0.));
#6723 = ORIENTED_EDGE('',*,*,#6707,.F.);
#6724 = ORIENTED_EDGE('',*,*,#6725,.F.);
#6725 = EDGE_CURVE('',#6708,#6708,#6726,.T.);
#6726 = CIRCLE('',#6727,6.);
#6727 = AXIS2_PLACEMENT_3D('',#6728,#6729,#6730);
#6728 = CARTESIAN_POINT('',(30.,0.,232.));
#6729 = DIRECTION('',(0.,-1.,0.));
#6730 = DIRECTION('',(1.,0.,0.));
#6731 = CYLINDRICAL_SURFACE('',#6732,6.);
#6732 = AXIS2_PLACEMENT_3D('',#6733,#6734,#6735);
#6733 = CARTESIAN_POINT('',(30.,5.151E-14,232.));
#6734 = DIRECTION('',(0.,1.,-2.2E-16));
#6735 = DIRECTION('',(1.,0.,0.));
#6736 = ADVANCED_FACE('',(#6737),#6764,.F.);
#6737 = FACE_BOUND('',#6738,.T.);
#6738 = EDGE_LOOP('',(#6739,#6749,#6756,#6757));
#6739 = ORIENTED_EDGE('',*,*,#6740,.T.);
#6740 = EDGE_CURVE('',#6741,#6743,#6745,.T.);
#6741 = VERTEX_POINT('',#6742);
#6742 = CARTESIAN_POINT('',(36.,4.3E-14,192.));
#6743 = VERTEX_POINT('',#6744);
#6744 = CARTESIAN_POINT('',(36.,-10.,192.));
#6745 = LINE('',#6746,#6747);
#6746 = CARTESIAN_POINT('',(36.,4.263E-14,192.));
#6747 = VECTOR('',#6748,1.);
#6748 = DIRECTION('',(0.,-1.,2.2E-16));
#6749 = ORIENTED_EDGE('',*,*,#6750,.T.);
#6750 = EDGE_CURVE('',#6743,#6743,#6751,.T.);
#6751 = CIRCLE('',#6752,6.);
#6752 = AXIS2_PLACEMENT_3D('',#6753,#6754,#6755);
#6753 = CARTESIAN_POINT('',(30.,-10.,192.));
#6754 = DIRECTION('',(0.,-1.,0.));
#6755 = DIRECTION('',(1.,0.,0.));
#6756 = ORIENTED_EDGE('',*,*,#6740,.F.);
#6757 = ORIENTED_EDGE('',*,*,#6758,.F.);
#6758 = EDGE_CURVE('',#6741,#6741,#6759,.T.);
#6759 = CIRCLE('',#6760,6.);
#6760 = AXIS2_PLACEMENT_3D('',#6761,#6762,#6763);
#6761 = CARTESIAN_POINT('',(30.,0.,192.));
#6762 = DIRECTION('',(0.,-1.,0.));
#6763 = DIRECTION('',(1.,0.,0.));
#6764 = CYLINDRICAL_SURFACE('',#6765,6.);
#6765 = AXIS2_PLACEMENT_3D('',#6766,#6767,#6768);
#6766 = CARTESIAN_POINT('',(30.,4.263E-14,192.));
#6767 = DIRECTION('',(0.,1.,-2.2E-16));
#6768 = DIRECTION('',(1.,0.,0.));
#6769 = ADVANCED_FACE('',(#6770),#6797,.F.);
#6770 = FACE_BOUND('',#6771,.T.);
#6771 = EDGE_LOOP('',(#6772,#6782,#6789,#6790));
#6772 = ORIENTED_EDGE('',*,*,#6773,.T.);
#6773 = EDGE_CURVE('',#6774,#6776,#6778,.T.);
#6774 = VERTEX_POINT('',#6775);
#6775 = CARTESIAN_POINT('',(36.,2.1E-14,96.));
#6776 = VERTEX_POINT('',#6777);
#6777 = CARTESIAN_POINT('',(36.,-10.,96.));
#6778 = LINE('',#6779,#6780);
#6779 = CARTESIAN_POINT('',(36.,2.132E-14,96.));
#6780 = VECTOR('',#6781,1.);
#6781 = DIRECTION('',(0.,-1.,2.2E-16));
#6782 = ORIENTED_EDGE('',*,*,#6783,.T.);
#6783 = EDGE_CURVE('',#6776,#6776,#6784,.T.);
#6784 = CIRCLE('',#6785,6.);
#6785 = AXIS2_PLACEMENT_3D('',#6786,#6787,#6788);
#6786 = CARTESIAN_POINT('',(30.,-10.,96.));
#6787 = DIRECTION('',(0.,-1.,0.));
#6788 = DIRECTION('',(1.,0.,0.));
#6789 = ORIENTED_EDGE('',*,*,#6773,.F.);
#6790 = ORIENTED_EDGE('',*,*,#6791,.F.);
#6791 = EDGE_CURVE('',#6774,#6774,#6792,.T.);
#6792 = CIRCLE('',#6793,6.);
#6793 = AXIS2_PLACEMENT_3D('',#6794,#6795,#6796);
#6794 = CARTESIAN_POINT('',(30.,0.,96.));
#6795 = DIRECTION('',(0.,-1.,0.));
#6796 = DIRECTION('',(1.,0.,0.));
#6797 = CYLINDRICAL_SURFACE('',#6798,6.);
#6798 = AXIS2_PLACEMENT_3D('',#6799,#6800,#6801);
#6799 = CARTESIAN_POINT('',(30.,2.132E-14,96.));
#6800 = DIRECTION('',(0.,1.,-2.2E-16));
#6801 = DIRECTION('',(1.,0.,0.));
#6802 = ADVANCED_FACE('',(#6803),#6830,.F.);
#6803 = FACE_BOUND('',#6804,.T.);
#6804 = EDGE_LOOP('',(#6805,#6815,#6822,#6823));
#6805 = ORIENTED_EDGE('',*,*,#6806,.T.);
#6806 = EDGE_CURVE('',#6807,#6809,#6811,.T.);
#6807 = VERTEX_POINT('',#6808);
#6808 = CARTESIAN_POINT('',(36.,1.2E-14,56.));
#6809 = VERTEX_POINT('',#6810);
#6810 = CARTESIAN_POINT('',(36.,-10.,56.));
#6811 = LINE('',#6812,#6813);
#6812 = CARTESIAN_POINT('',(36.,1.243E-14,56.));
#6813 = VECTOR('',#6814,1.);
#6814 = DIRECTION('',(0.,-1.,2.2E-16));
#6815 = ORIENTED_EDGE('',*,*,#6816,.T.);
#6816 = EDGE_CURVE('',#6809,#6809,#6817,.T.);
#6817 = CIRCLE('',#6818,6.);
#6818 = AXIS2_PLACEMENT_3D('',#6819,#6820,#6821);
#6819 = CARTESIAN_POINT('',(30.,-10.,56.));
#6820 = DIRECTION('',(0.,-1.,0.));
#6821 = DIRECTION('',(1.,0.,0.));
#6822 = ORIENTED_EDGE('',*,*,#6806,.F.);
#6823 = ORIENTED_EDGE('',*,*,#6824,.F.);
#6824 = EDGE_CURVE('',#6807,#6807,#6825,.T.);
#6825 = CIRCLE('',#6826,6.);
#6826 = AXIS2_PLACEMENT_3D('',#6827,#6828,#6829);
#6827 = CARTESIAN_POINT('',(30.,0.,56.));
#6828 = DIRECTION('',(0.,-1.,0.));
#6829 = DIRECTION('',(1.,0.,0.));
#6830 = CYLINDRICAL_SURFACE('',#6831,6.);
#6831 = AXIS2_PLACEMENT_3D('',#6832,#6833,#6834);
#6832 = CARTESIAN_POINT('',(30.,1.243E-14,56.));
#6833 = DIRECTION('',(0.,1.,-2.2E-16));
#6834 = DIRECTION('',(1.,0.,0.));
#6835 = ADVANCED_FACE('',(#6836,#6842,#6845,#6848,#6851),#6854,.T.);
#6836 = FACE_BOUND('',#6837,.F.);
#6837 = EDGE_LOOP('',(#6838,#6839,#6840,#6841));
#6838 = ORIENTED_EDGE('',*,*,#6609,.T.);
#6839 = ORIENTED_EDGE('',*,*,#6640,.T.);
#6840 = ORIENTED_EDGE('',*,*,#6671,.T.);
#6841 = ORIENTED_EDGE('',*,*,#6693,.T.);
#6842 = FACE_BOUND('',#6843,.T.);
#6843 = EDGE_LOOP('',(#6844));
#6844 = ORIENTED_EDGE('',*,*,#6725,.T.);
#6845 = FACE_BOUND('',#6846,.T.);
#6846 = EDGE_LOOP('',(#6847));
#6847 = ORIENTED_EDGE('',*,*,#6758,.T.);
#6848 = FACE_BOUND('',#6849,.T.);
#6849 = EDGE_LOOP('',(#6850));
#6850 = ORIENTED_EDGE('',*,*,#6791,.T.);
#6851 = FACE_BOUND('',#6852,.T.);
#6852 = EDGE_LOOP('',(#6853));
#6853 = ORIENTED_EDGE('',*,*,#6824,.T.);
#6854 = PLANE('',#6855);
#6855 = AXIS2_PLACEMENT_3D('',#6856,#6857,#6858);
#6856 = CARTESIAN_POINT('',(30.,3.197E-14,144.));
#6857 = DIRECTION('',(0.,1.,0.));
#6858 = DIRECTION('',(0.,0.,1.));
#6859 = ADVANCED_FACE('',(#6860,#6866,#6869,#6872,#6875),#6878,.F.);
#6860 = FACE_BOUND('',#6861,.T.);
#6861 = EDGE_LOOP('',(#6862,#6863,#6864,#6865));
#6862 = ORIENTED_EDGE('',*,*,#6593,.T.);
#6863 = ORIENTED_EDGE('',*,*,#6624,.T.);
#6864 = ORIENTED_EDGE('',*,*,#6655,.T.);
#6865 = ORIENTED_EDGE('',*,*,#6686,.T.);
#6866 = FACE_BOUND('',#6867,.F.);
#6867 = EDGE_LOOP('',(#6868));
#6868 = ORIENTED_EDGE('',*,*,#6717,.T.);
#6869 = FACE_BOUND('',#6870,.F.);
#6870 = EDGE_LOOP('',(#6871));
#6871 = ORIENTED_EDGE('',*,*,#6750,.T.);
#6872 = FACE_BOUND('',#6873,.F.);
#6873 = EDGE_LOOP('',(#6874));
#6874 = ORIENTED_EDGE('',*,*,#6783,.T.);
#6875 = FACE_BOUND('',#6876,.F.);
#6876 = EDGE_LOOP('',(#6877));
#6877 = ORIENTED_EDGE('',*,*,#6816,.T.);
#6878 = PLANE('',#6879);
#6879 = AXIS2_PLACEMENT_3D('',#6880,#6881,#6882);
#6880 = CARTESIAN_POINT('',(30.,-10.,144.));
#6881 = DIRECTION('',(0.,1.,0.));
#6882 = DIRECTION('',(0.,0.,1.));
#6883 = ( GEOMETRIC_REPRESENTATION_CONTEXT(3) 
GLOBAL_UNCERTAINTY_ASSIGNED_CONTEXT((#6887)) 
GLOBAL_UNIT_ASSIGNED_CONTEXT((#6884,#6885,#6886)) REPRESENTATION_CONTEXT
('Context #1','3D Context with UNIT and UNCERTAINTY') );
#6884 = ( LENGTH_UNIT() NAMED_UNIT(*) SI_UNIT(.MILLI.,.METRE.) );
#6885 = ( NAMED_UNIT(*) PLANE_ANGLE_UNIT() SI_UNIT($,.RADIAN.) );
#6886 = ( NAMED_UNIT(*) SI_UNIT($,.STERADIAN.) SOLID_ANGLE_UNIT() );
#6887 = UNCERTAINTY_MEASURE_WITH_UNIT(LENGTH_MEASURE(1.E-07),#6884,
  'distance_accuracy_value','confusion accuracy');
#6888 = CONTEXT_DEPENDENT_SHAPE_REPRESENTATION(#6889,#6891);
#6889 = ( REPRESENTATION_RELATIONSHIP('','',#6576,#6180) 
REPRESENTATION_RELATIONSHIP_WITH_TRANSFORMATION(#6890) 
SHAPE_REPRESENTATION_RELATIONSHIP() );
#6890 = ITEM_DEFINED_TRANSFORMATION('','',#11,#6185);
#6891 = PRODUCT_DEFINITION_SHAPE('Placement','Placement of an item',
  #6892);
#6892 = NEXT_ASSEMBLY_USAGE_OCCURRENCE('20','Body016','',#6175,#6571,$);
#6893 = CC_DESIGN_SECURITY_CLASSIFICATION(#6894,(#6892));
#6894 = SECURITY_CLASSIFICATION('','',#59);
#6895 = CC_DESIGN_PERSON_AND_ORGANIZATION_ASSIGNMENT(#48,#57,(#6894));
#6896 = CC_DESIGN_DATE_AND_TIME_ASSIGNMENT(#62,#68,(#6894));
#6897 = CC_DESIGN_APPROVAL(#70,(#6894));
#6898 = PRODUCT_RELATED_PRODUCT_CATEGORY('detail',$,(#6573));
#6899 = PRODUCT_CATEGORY_RELATIONSHIP('','',#6900,#6898);
#6900 = PRODUCT_CATEGORY('part',$);
#6901 = CC_DESIGN_PERSON_AND_ORGANIZATION_ASSIGNMENT(#48,#51,(#6572,
    #6571));
#6902 = CC_DESIGN_PERSON_AND_ORGANIZATION_ASSIGNMENT(#48,#53,(#6573));
#6903 = CC_DESIGN_PERSON_AND_ORGANIZATION_ASSIGNMENT(#48,#55,(#6572));
#6904 = CC_DESIGN_PERSON_AND_ORGANIZATION_ASSIGNMENT(#48,#57,(#6905));
#6905 = SECURITY_CLASSIFICATION('','',#59);
#6906 = CC_DESIGN_SECURITY_CLASSIFICATION(#6905,(#6572));
#6907 = CC_DESIGN_DATE_AND_TIME_ASSIGNMENT(#62,#66,(#6571));
#6908 = CC_DESIGN_DATE_AND_TIME_ASSIGNMENT(#62,#68,(#6905));
#6909 = CC_DESIGN_APPROVAL(#70,(#6572,#6571,#6905));
#6910 = CONTEXT_DEPENDENT_SHAPE_REPRESENTATION(#6911,#6913);
#6911 = ( REPRESENTATION_RELATIONSHIP('','',#5801,#6180) 
REPRESENTATION_RELATIONSHIP_WITH_TRANSFORMATION(#6912) 
SHAPE_REPRESENTATION_RELATIONSHIP() );
#6912 = ITEM_DEFINED_TRANSFORMATION('','',#11,#6189);
#6913 = PRODUCT_DEFINITION_SHAPE('Placement','Placement of an item',
  #6914);
#6914 = NEXT_ASSEMBLY_USAGE_OCCURRENCE('21','Body017','',#6175,#5796,$);
#6915 = CONTEXT_DEPENDENT_SHAPE_REPRESENTATION(#6916,#6918);
#6916 = ( REPRESENTATION_RELATIONSHIP('','',#5801,#6180) 
REPRESENTATION_RELATIONSHIP_WITH_TRANSFORMATION(#6917) 
SHAPE_REPRESENTATION_RELATIONSHIP() );
#6917 = ITEM_DEFINED_TRANSFORMATION('','',#11,#6193);
#6918 = PRODUCT_DEFINITION_SHAPE('Placement','Placement of an item',
  #6919);
#6919 = NEXT_ASSEMBLY_USAGE_OCCURRENCE('22','Body018','',#6175,#5796,$);
#6920 = CONTEXT_DEPENDENT_SHAPE_REPRESENTATION(#6921,#6923);
#6921 = ( REPRESENTATION_RELATIONSHIP('','',#5801,#6180) 
REPRESENTATION_RELATIONSHIP_WITH_TRANSFORMATION(#6922) 
SHAPE_REPRESENTATION_RELATIONSHIP() );
#6922 = ITEM_DEFINED_TRANSFORMATION('','',#11,#6197);
#6923 = PRODUCT_DEFINITION_SHAPE('Placement','Placement of an item',
  #6924);
#6924 = NEXT_ASSEMBLY_USAGE_OCCURRENCE('23','Body019','',#6175,#5796,$);
#6925 = SHAPE_DEFINITION_REPRESENTATION(#6926,#6932);
#6926 = PRODUCT_DEFINITION_SHAPE('','',#6927);
#6927 = PRODUCT_DEFINITION('design','',#6928,#6931);
#6928 = PRODUCT_DEFINITION_FORMATION_WITH_SPECIFIED_SOURCE('','',#6929,
  .NOT_KNOWN.);
#6929 = PRODUCT('Assembly','Assembly','',(#6930));
#6930 = MECHANICAL_CONTEXT('',#2,'mechanical');
#6931 = DESIGN_CONTEXT('',#2,'design');
#6932 = SHAPE_REPRESENTATION('',(#11,#6933,#6937,#6941,#6945,#6949,#6953
    ,#6957,#6961),#6965);
#6933 = AXIS2_PLACEMENT_3D('',#6934,#6935,#6936);
#6934 = CARTESIAN_POINT('',(0.,0.,0.));
#6935 = DIRECTION('',(0.,0.,1.));
#6936 = DIRECTION('',(1.,0.,0.));
#6937 = AXIS2_PLACEMENT_3D('',#6938,#6939,#6940);
#6938 = CARTESIAN_POINT('',(100.,-10.,5.9E-15));
#6939 = DIRECTION('',(-2.E-16,2.E-16,1.));
#6940 = DIRECTION('',(-2.22044604925E-16,-1.,2.E-16));
#6941 = AXIS2_PLACEMENT_3D('',#6942,#6943,#6944);
#6942 = CARTESIAN_POINT('',(7.28E-14,190.,-1.53E-14));
#6943 = DIRECTION('',(0.,0.,1.));
#6944 = DIRECTION('',(-2.22044604925E-16,-1.,0.));
#6945 = AXIS2_PLACEMENT_3D('',#6946,#6947,#6948);
#6946 = CARTESIAN_POINT('',(3.48E-14,190.,136.));
#6947 = DIRECTION('',(0.,0.,1.));
#6948 = DIRECTION('',(-2.22044604925E-16,-1.,0.));
#6949 = AXIS2_PLACEMENT_3D('',#6950,#6951,#6952);
#6950 = CARTESIAN_POINT('',(1.55E-14,190.,272.));
#6951 = DIRECTION('',(0.,0.,1.));
#6952 = DIRECTION('',(-2.22044604925E-16,-1.,0.));
#6953 = AXIS2_PLACEMENT_3D('',#6954,#6955,#6956);
#6954 = CARTESIAN_POINT('',(-2.37E-14,190.,408.));
#6955 = DIRECTION('',(-2.E-16,2.E-16,1.));
#6956 = DIRECTION('',(-2.22044604925E-16,-1.,2.E-16));
#6957 = AXIS2_PLACEMENT_3D('',#6958,#6959,#6960);
#6958 = CARTESIAN_POINT('',(-3.5E-14,190.,544.));
#6959 = DIRECTION('',(0.,0.,1.));
#6960 = DIRECTION('',(-2.22044604925E-16,-1.,0.));
#6961 = AXIS2_PLACEMENT_3D('',#6962,#6963,#6964);
#6962 = CARTESIAN_POINT('',(-7.09E-14,190.,680.));
#6963 = DIRECTION('',(0.,0.,1.));
#6964 = DIRECTION('',(-2.22044604925E-16,-1.,0.));
#6965 = ( GEOMETRIC_REPRESENTATION_CONTEXT(3) 
GLOBAL_UNCERTAINTY_ASSIGNED_CONTEXT((#6969)) 
GLOBAL_UNIT_ASSIGNED_CONTEXT((#6966,#6967,#6968)) REPRESENTATION_CONTEXT
('Context #1','3D Context with UNIT and UNCERTAINTY') );
#6966 = ( LENGTH_UNIT() NAMED_UNIT(*) SI_UNIT(.MILLI.,.METRE.) );
#6967 = ( NAMED_UNIT(*) PLANE_ANGLE_UNIT() SI_UNIT($,.RADIAN.) );
#6968 = ( NAMED_UNIT(*) SI_UNIT($,.STERADIAN.) SOLID_ANGLE_UNIT() );
#6969 = UNCERTAINTY_MEASURE_WITH_UNIT(LENGTH_MEASURE(1.E-07),#6966,
  'distance_accuracy_value','confusion accuracy');
#6970 = CONTEXT_DEPENDENT_SHAPE_REPRESENTATION(#6971,#6973);
#6971 = ( REPRESENTATION_RELATIONSHIP('','',#6932,#82) 
REPRESENTATION_RELATIONSHIP_WITH_TRANSFORMATION(#6972) 
SHAPE_REPRESENTATION_RELATIONSHIP() );
#6972 = ITEM_DEFINED_TRANSFORMATION('','',#11,#103);
#6973 = PRODUCT_DEFINITION_SHAPE('Placement','Placement of an item',
  #6974);
#6974 = NEXT_ASSEMBLY_USAGE_OCCURRENCE('33','Assembly','',#77,#6927,$);
#6975 = CC_DESIGN_SECURITY_CLASSIFICATION(#6976,(#6974));
#6976 = SECURITY_CLASSIFICATION('','',#59);
#6977 = CC_DESIGN_PERSON_AND_ORGANIZATION_ASSIGNMENT(#48,#57,(#6976));
#6978 = CC_DESIGN_DATE_AND_TIME_ASSIGNMENT(#62,#68,(#6976));
#6979 = CC_DESIGN_APPROVAL(#70,(#6976));
#6980 = PRODUCT_RELATED_PRODUCT_CATEGORY('detail',$,(#6929));
#6981 = PRODUCT_CATEGORY_RELATIONSHIP('','',#6982,#6980);
#6982 = PRODUCT_CATEGORY('part',$);
#6983 = CC_DESIGN_PERSON_AND_ORGANIZATION_ASSIGNMENT(#48,#51,(#6928,
    #6927));
#6984 = CC_DESIGN_PERSON_AND_ORGANIZATION_ASSIGNMENT(#48,#53,(#6929));
#6985 = CC_DESIGN_PERSON_AND_ORGANIZATION_ASSIGNMENT(#48,#55,(#6928));
#6986 = CC_DESIGN_PERSON_AND_ORGANIZATION_ASSIGNMENT(#48,#57,(#6987));
#6987 = SECURITY_CLASSIFICATION('','',#59);
#6988 = CC_DESIGN_SECURITY_CLASSIFICATION(#6987,(#6928));
#6989 = CC_DESIGN_DATE_AND_TIME_ASSIGNMENT(#62,#66,(#6927));
#6990 = CC_DESIGN_DATE_AND_TIME_ASSIGNMENT(#62,#68,(#6987));
#6991 = CC_DESIGN_APPROVAL(#70,(#6928,#6927,#6987));
#6992 = CONTEXT_DEPENDENT_SHAPE_REPRESENTATION(#6993,#6995);
#6993 = ( REPRESENTATION_RELATIONSHIP('','',#4651,#6932) 
REPRESENTATION_RELATIONSHIP_WITH_TRANSFORMATION(#6994) 
SHAPE_REPRESENTATION_RELATIONSHIP() );
#6994 = ITEM_DEFINED_TRANSFORMATION('','',#11,#6933);
#6995 = PRODUCT_DEFINITION_SHAPE('Placement','Placement of an item',
  #6996);
#6996 = NEXT_ASSEMBLY_USAGE_OCCURRENCE('25','','',#6927,#4646,$);
#6997 = CONTEXT_DEPENDENT_SHAPE_REPRESENTATION(#6998,#7000);
#6998 = ( REPRESENTATION_RELATIONSHIP('','',#5226,#6932) 
REPRESENTATION_RELATIONSHIP_WITH_TRANSFORMATION(#6999) 
SHAPE_REPRESENTATION_RELATIONSHIP() );
#6999 = ITEM_DEFINED_TRANSFORMATION('','',#11,#6937);
#7000 = PRODUCT_DEFINITION_SHAPE('Placement','Placement of an item',
  #7001);
#7001 = NEXT_ASSEMBLY_USAGE_OCCURRENCE('26','Body021','',#6927,#5221,$);
#7002 = CONTEXT_DEPENDENT_SHAPE_REPRESENTATION(#7003,#7005);
#7003 = ( REPRESENTATION_RELATIONSHIP('','',#5801,#6932) 
REPRESENTATION_RELATIONSHIP_WITH_TRANSFORMATION(#7004) 
SHAPE_REPRESENTATION_RELATIONSHIP() );
#7004 = ITEM_DEFINED_TRANSFORMATION('','',#11,#6941);
#7005 = PRODUCT_DEFINITION_SHAPE('Placement','Placement of an item',
  #7006);
#7006 = NEXT_ASSEMBLY_USAGE_OCCURRENCE('27','Body022','',#6927,#5796,$);
#7007 = CONTEXT_DEPENDENT_SHAPE_REPRESENTATION(#7008,#7010);
#7008 = ( REPRESENTATION_RELATIONSHIP('','',#5801,#6932) 
REPRESENTATION_RELATIONSHIP_WITH_TRANSFORMATION(#7009) 
SHAPE_REPRESENTATION_RELATIONSHIP() );
#7009 = ITEM_DEFINED_TRANSFORMATION('','',#11,#6945);
#7010 = PRODUCT_DEFINITION_SHAPE('Placement','Placement of an item',
  #7011);
#7011 = NEXT_ASSEMBLY_USAGE_OCCURRENCE('28','Body023','',#6927,#5796,$);
#7012 = CONTEXT_DEPENDENT_SHAPE_REPRESENTATION(#7013,#7015);
#7013 = ( REPRESENTATION_RELATIONSHIP('','',#5801,#6932) 
REPRESENTATION_RELATIONSHIP_WITH_TRANSFORMATION(#7014) 
SHAPE_REPRESENTATION_RELATIONSHIP() );
#7014 = ITEM_DEFINED_TRANSFORMATION('','',#11,#6949);
#7015 = PRODUCT_DEFINITION_SHAPE('Placement','Placement of an item',
  #7016);
#7016 = NEXT_ASSEMBLY_USAGE_OCCURRENCE('29','Body024','',#6927,#5796,$);
#7017 = CONTEXT_DEPENDENT_SHAPE_REPRESENTATION(#7018,#7020);
#7018 = ( REPRESENTATION_RELATIONSHIP('','',#5801,#6932) 
REPRESENTATION_RELATIONSHIP_WITH_TRANSFORMATION(#7019) 
SHAPE_REPRESENTATION_RELATIONSHIP() );
#7019 = ITEM_DEFINED_TRANSFORMATION('','',#11,#6953);
#7020 = PRODUCT_DEFINITION_SHAPE('Placement','Placement of an item',
  #7021);
#7021 = NEXT_ASSEMBLY_USAGE_OCCURRENCE('30','Body025','',#6927,#5796,$);
#7022 = CONTEXT_DEPENDENT_SHAPE_REPRESENTATION(#7023,#7025);
#7023 = ( REPRESENTATION_RELATIONSHIP('','',#5801,#6932) 
REPRESENTATION_RELATIONSHIP_WITH_TRANSFORMATION(#7024) 
SHAPE_REPRESENTATION_RELATIONSHIP() );
#7024 = ITEM_DEFINED_TRANSFORMATION('','',#11,#6957);
#7025 = PRODUCT_DEFINITION_SHAPE('Placement','Placement of an item',
  #7026);
#7026 = NEXT_ASSEMBLY_USAGE_OCCURRENCE('31','Body026','',#6927,#5796,$);
#7027 = CONTEXT_DEPENDENT_SHAPE_REPRESENTATION(#7028,#7030);
#7028 = ( REPRESENTATION_RELATIONSHIP('','',#5801,#6932) 
REPRESENTATION_RELATIONSHIP_WITH_TRANSFORMATION(#7029) 
SHAPE_REPRESENTATION_RELATIONSHIP() );
#7029 = ITEM_DEFINED_TRANSFORMATION('','',#11,#6961);
#7030 = PRODUCT_DEFINITION_SHAPE('Placement','Placement of an item',
  #7031);
#7031 = NEXT_ASSEMBLY_USAGE_OCCURRENCE('32','Body027','',#6927,#5796,$);
#7032 = SHAPE_DEFINITION_REPRESENTATION(#7033,#7039);
#7033 = PRODUCT_DEFINITION_SHAPE('','',#7034);
#7034 = PRODUCT_DEFINITION('design','',#7035,#7038);
#7035 = PRODUCT_DEFINITION_FORMATION_WITH_SPECIFIED_SOURCE('','',#7036,
  .NOT_KNOWN.);
#7036 = PRODUCT('Assembly','Assembly','',(#7037));
#7037 = MECHANICAL_CONTEXT('',#2,'mechanical');
#7038 = DESIGN_CONTEXT('',#2,'design');
#7039 = SHAPE_REPRESENTATION('',(#11,#7040,#7044,#7048,#7052,#7056),
  #7060);
#7040 = AXIS2_PLACEMENT_3D('',#7041,#7042,#7043);
#7041 = CARTESIAN_POINT('',(0.,0.,0.));
#7042 = DIRECTION('',(0.,0.,1.));
#7043 = DIRECTION('',(1.,0.,0.));
#7044 = AXIS2_PLACEMENT_3D('',#7045,#7046,#7047);
#7045 = CARTESIAN_POINT('',(0.,0.,-2.74E-14));
#7046 = DIRECTION('',(0.,0.,1.));
#7047 = DIRECTION('',(-2.22044604925E-16,1.,0.));
#7048 = AXIS2_PLACEMENT_3D('',#7049,#7050,#7051);
#7049 = CARTESIAN_POINT('',(100.,-200.,-1.14E-14));
#7050 = DIRECTION('',(0.,0.,1.));
#7051 = DIRECTION('',(-2.22044604925E-16,1.,0.));
#7052 = AXIS2_PLACEMENT_3D('',#7053,#7054,#7055);
#7053 = CARTESIAN_POINT('',(100.,-200.,136.));
#7054 = DIRECTION('',(2.E-16,-2.E-16,1.));
#7055 = DIRECTION('',(-4.440892098501E-16,1.,2.E-16));
#7056 = AXIS2_PLACEMENT_3D('',#7057,#7058,#7059);
#7057 = CARTESIAN_POINT('',(100.,-200.,272.));
#7058 = DIRECTION('',(3.E-16,3.E-16,1.));
#7059 = DIRECTION('',(-4.440892098501E-16,1.,-3.E-16));
#7060 = ( GEOMETRIC_REPRESENTATION_CONTEXT(3) 
GLOBAL_UNCERTAINTY_ASSIGNED_CONTEXT((#7064)) 
GLOBAL_UNIT_ASSIGNED_CONTEXT((#7061,#7062,#7063)) REPRESENTATION_CONTEXT
('Context #1','3D Context with UNIT and UNCERTAINTY') );
#7061 = ( LENGTH_UNIT() NAMED_UNIT(*) SI_UNIT(.MILLI.,.METRE.) );
#7062 = ( NAMED_UNIT(*) PLANE_ANGLE_UNIT() SI_UNIT($,.RADIAN.) );
#7063 = ( NAMED_UNIT(*) SI_UNIT($,.STERADIAN.) SOLID_ANGLE_UNIT() );
#7064 = UNCERTAINTY_MEASURE_WITH_UNIT(LENGTH_MEASURE(1.E-07),#7061,
  'distance_accuracy_value','confusion accuracy');
#7065 = CONTEXT_DEPENDENT_SHAPE_REPRESENTATION(#7066,#7068);
#7066 = ( REPRESENTATION_RELATIONSHIP('','',#7039,#82) 
REPRESENTATION_RELATIONSHIP_WITH_TRANSFORMATION(#7067) 
SHAPE_REPRESENTATION_RELATIONSHIP() );
#7067 = ITEM_DEFINED_TRANSFORMATION('','',#11,#107);
#7068 = PRODUCT_DEFINITION_SHAPE('Placement','Placement of an item',
  #7069);
#7069 = NEXT_ASSEMBLY_USAGE_OCCURRENCE('39','Assembly','',#77,#7034,$);
#7070 = CC_DESIGN_SECURITY_CLASSIFICATION(#7071,(#7069));
#7071 = SECURITY_CLASSIFICATION('','',#59);
#7072 = CC_DESIGN_PERSON_AND_ORGANIZATION_ASSIGNMENT(#48,#57,(#7071));
#7073 = CC_DESIGN_DATE_AND_TIME_ASSIGNMENT(#62,#68,(#7071));
#7074 = CC_DESIGN_APPROVAL(#70,(#7071));
#7075 = PRODUCT_RELATED_PRODUCT_CATEGORY('detail',$,(#7036));
#7076 = PRODUCT_CATEGORY_RELATIONSHIP('','',#7077,#7075);
#7077 = PRODUCT_CATEGORY('part',$);
#7078 = CC_DESIGN_PERSON_AND_ORGANIZATION_ASSIGNMENT(#48,#51,(#7035,
    #7034));
#7079 = CC_DESIGN_PERSON_AND_ORGANIZATION_ASSIGNMENT(#48,#53,(#7036));
#7080 = CC_DESIGN_PERSON_AND_ORGANIZATION_ASSIGNMENT(#48,#55,(#7035));
#7081 = CC_DESIGN_PERSON_AND_ORGANIZATION_ASSIGNMENT(#48,#57,(#7082));
#7082 = SECURITY_CLASSIFICATION('','',#59);
#7083 = CC_DESIGN_SECURITY_CLASSIFICATION(#7082,(#7035));
#7084 = CC_DESIGN_DATE_AND_TIME_ASSIGNMENT(#62,#66,(#7034));
#7085 = CC_DESIGN_DATE_AND_TIME_ASSIGNMENT(#62,#68,(#7082));
#7086 = CC_DESIGN_APPROVAL(#70,(#7035,#7034,#7082));
#7087 = CONTEXT_DEPENDENT_SHAPE_REPRESENTATION(#7088,#7090);
#7088 = ( REPRESENTATION_RELATIONSHIP('','',#6235,#7039) 
REPRESENTATION_RELATIONSHIP_WITH_TRANSFORMATION(#7089) 
SHAPE_REPRESENTATION_RELATIONSHIP() );
#7089 = ITEM_DEFINED_TRANSFORMATION('','',#11,#7040);
#7090 = PRODUCT_DEFINITION_SHAPE('Placement','Placement of an item',
  #7091);
#7091 = NEXT_ASSEMBLY_USAGE_OCCURRENCE('34','','',#7034,#6230,$);
#7092 = CONTEXT_DEPENDENT_SHAPE_REPRESENTATION(#7093,#7095);
#7093 = ( REPRESENTATION_RELATIONSHIP('','',#6576,#7039) 
REPRESENTATION_RELATIONSHIP_WITH_TRANSFORMATION(#7094) 
SHAPE_REPRESENTATION_RELATIONSHIP() );
#7094 = ITEM_DEFINED_TRANSFORMATION('','',#11,#7044);
#7095 = PRODUCT_DEFINITION_SHAPE('Placement','Placement of an item',
  #7096);
#7096 = NEXT_ASSEMBLY_USAGE_OCCURRENCE('35','Body029','',#7034,#6571,$);
#7097 = CONTEXT_DEPENDENT_SHAPE_REPRESENTATION(#7098,#7100);
#7098 = ( REPRESENTATION_RELATIONSHIP('','',#5801,#7039) 
REPRESENTATION_RELATIONSHIP_WITH_TRANSFORMATION(#7099) 
SHAPE_REPRESENTATION_RELATIONSHIP() );
#7099 = ITEM_DEFINED_TRANSFORMATION('','',#11,#7048);
#7100 = PRODUCT_DEFINITION_SHAPE('Placement','Placement of an item',
  #7101);
#7101 = NEXT_ASSEMBLY_USAGE_OCCURRENCE('36','Body030','',#7034,#5796,$);
#7102 = CONTEXT_DEPENDENT_SHAPE_REPRESENTATION(#7103,#7105);
#7103 = ( REPRESENTATION_RELATIONSHIP('','',#5801,#7039) 
REPRESENTATION_RELATIONSHIP_WITH_TRANSFORMATION(#7104) 
SHAPE_REPRESENTATION_RELATIONSHIP() );
#7104 = ITEM_DEFINED_TRANSFORMATION('','',#11,#7052);
#7105 = PRODUCT_DEFINITION_SHAPE('Placement','Placement of an item',
  #7106);
#7106 = NEXT_ASSEMBLY_USAGE_OCCURRENCE('37','Body031','',#7034,#5796,$);
#7107 = CONTEXT_DEPENDENT_SHAPE_REPRESENTATION(#7108,#7110);
#7108 = ( REPRESENTATION_RELATIONSHIP('','',#5801,#7039) 
REPRESENTATION_RELATIONSHIP_WITH_TRANSFORMATION(#7109) 
SHAPE_REPRESENTATION_RELATIONSHIP() );
#7109 = ITEM_DEFINED_TRANSFORMATION('','',#11,#7056);
#7110 = PRODUCT_DEFINITION_SHAPE('Placement','Placement of an item',
  #7111);
#7111 = NEXT_ASSEMBLY_USAGE_OCCURRENCE('38','Body032','',#7034,#5796,$);
#7112 = SHAPE_DEFINITION_REPRESENTATION(#7113,#7119);
#7113 = PRODUCT_DEFINITION_SHAPE('','',#7114);
#7114 = PRODUCT_DEFINITION('design','',#7115,#7118);
#7115 = PRODUCT_DEFINITION_FORMATION_WITH_SPECIFIED_SOURCE('','',#7116,
  .NOT_KNOWN.);
#7116 = PRODUCT('Body','Body','',(#7117));
#7117 = MECHANICAL_CONTEXT('',#2,'mechanical');
#7118 = DESIGN_CONTEXT('',#2,'design');
#7119 = ADVANCED_BREP_SHAPE_REPRESENTATION('',(#11,#7120),#7270);
#7120 = MANIFOLD_SOLID_BREP('',#7121);
#7121 = CLOSED_SHELL('',(#7122,#7162,#7193,#7224,#7246,#7258));
#7122 = ADVANCED_FACE('',(#7123),#7157,.F.);
#7123 = FACE_BOUND('',#7124,.F.);
#7124 = EDGE_LOOP('',(#7125,#7135,#7143,#7151));
#7125 = ORIENTED_EDGE('',*,*,#7126,.T.);
#7126 = EDGE_CURVE('',#7127,#7129,#7131,.T.);
#7127 = VERTEX_POINT('',#7128);
#7128 = CARTESIAN_POINT('',(0.,0.,0.));
#7129 = VERTEX_POINT('',#7130);
#7130 = CARTESIAN_POINT('',(0.,-25.,6.E-15));
#7131 = LINE('',#7132,#7133);
#7132 = CARTESIAN_POINT('',(0.,0.,0.));
#7133 = VECTOR('',#7134,1.);
#7134 = DIRECTION('',(0.,-1.,2.2E-16));
#7135 = ORIENTED_EDGE('',*,*,#7136,.T.);
#7136 = EDGE_CURVE('',#7129,#7137,#7139,.T.);
#7137 = VERTEX_POINT('',#7138);
#7138 = CARTESIAN_POINT('',(960.,-25.,6.E-15));
#7139 = LINE('',#7140,#7141);
#7140 = CARTESIAN_POINT('',(0.,-25.,6.E-15));
#7141 = VECTOR('',#7142,1.);
#7142 = DIRECTION('',(1.,0.,0.));
#7143 = ORIENTED_EDGE('',*,*,#7144,.F.);
#7144 = EDGE_CURVE('',#7145,#7137,#7147,.T.);
#7145 = VERTEX_POINT('',#7146);
#7146 = CARTESIAN_POINT('',(960.,0.,0.));
#7147 = LINE('',#7148,#7149);
#7148 = CARTESIAN_POINT('',(960.,0.,0.));
#7149 = VECTOR('',#7150,1.);
#7150 = DIRECTION('',(0.,-1.,2.2E-16));
#7151 = ORIENTED_EDGE('',*,*,#7152,.F.);
#7152 = EDGE_CURVE('',#7127,#7145,#7153,.T.);
#7153 = LINE('',#7154,#7155);
#7154 = CARTESIAN_POINT('',(0.,0.,0.));
#7155 = VECTOR('',#7156,1.);
#7156 = DIRECTION('',(1.,0.,0.));
#7157 = PLANE('',#7158);
#7158 = AXIS2_PLACEMENT_3D('',#7159,#7160,#7161);
#7159 = CARTESIAN_POINT('',(0.,0.,0.));
#7160 = DIRECTION('',(0.,2.2E-16,1.));
#7161 = DIRECTION('',(1.,0.,-0.));
#7162 = ADVANCED_FACE('',(#7163),#7188,.F.);
#7163 = FACE_BOUND('',#7164,.F.);
#7164 = EDGE_LOOP('',(#7165,#7166,#7174,#7182));
#7165 = ORIENTED_EDGE('',*,*,#7144,.T.);
#7166 = ORIENTED_EDGE('',*,*,#7167,.T.);
#7167 = EDGE_CURVE('',#7137,#7168,#7170,.T.);
#7168 = VERTEX_POINT('',#7169);
#7169 = CARTESIAN_POINT('',(960.,-25.,95.));
#7170 = LINE('',#7171,#7172);
#7171 = CARTESIAN_POINT('',(960.,-25.,6.E-15));
#7172 = VECTOR('',#7173,1.);
#7173 = DIRECTION('',(0.,0.,1.));
#7174 = ORIENTED_EDGE('',*,*,#7175,.F.);
#7175 = EDGE_CURVE('',#7176,#7168,#7178,.T.);
#7176 = VERTEX_POINT('',#7177);
#7177 = CARTESIAN_POINT('',(960.,2.1E-14,95.));
#7178 = LINE('',#7179,#7180);
#7179 = CARTESIAN_POINT('',(960.,2.109E-14,95.));
#7180 = VECTOR('',#7181,1.);
#7181 = DIRECTION('',(0.,-1.,2.2E-16));
#7182 = ORIENTED_EDGE('',*,*,#7183,.F.);
#7183 = EDGE_CURVE('',#7145,#7176,#7184,.T.);
#7184 = LINE('',#7185,#7186);
#7185 = CARTESIAN_POINT('',(960.,0.,0.));
#7186 = VECTOR('',#7187,1.);
#7187 = DIRECTION('',(0.,0.,1.));
#7188 = PLANE('',#7189);
#7189 = AXIS2_PLACEMENT_3D('',#7190,#7191,#7192);
#7190 = CARTESIAN_POINT('',(960.,0.,0.));
#7191 = DIRECTION('',(-1.,0.,0.));
#7192 = DIRECTION('',(0.,2.2E-16,1.));
#7193 = ADVANCED_FACE('',(#7194),#7219,.F.);
#7194 = FACE_BOUND('',#7195,.F.);
#7195 = EDGE_LOOP('',(#7196,#7197,#7205,#7213));
#7196 = ORIENTED_EDGE('',*,*,#7175,.T.);
#7197 = ORIENTED_EDGE('',*,*,#7198,.T.);
#7198 = EDGE_CURVE('',#7168,#7199,#7201,.T.);
#7199 = VERTEX_POINT('',#7200);
#7200 = CARTESIAN_POINT('',(0.,-25.,95.));
#7201 = LINE('',#7202,#7203);
#7202 = CARTESIAN_POINT('',(960.,-25.,95.));
#7203 = VECTOR('',#7204,1.);
#7204 = DIRECTION('',(-1.,0.,0.));
#7205 = ORIENTED_EDGE('',*,*,#7206,.F.);
#7206 = EDGE_CURVE('',#7207,#7199,#7209,.T.);
#7207 = VERTEX_POINT('',#7208);
#7208 = CARTESIAN_POINT('',(0.,2.1E-14,95.));
#7209 = LINE('',#7210,#7211);
#7210 = CARTESIAN_POINT('',(0.,2.109E-14,95.));
#7211 = VECTOR('',#7212,1.);
#7212 = DIRECTION('',(0.,-1.,2.2E-16));
#7213 = ORIENTED_EDGE('',*,*,#7214,.F.);
#7214 = EDGE_CURVE('',#7176,#7207,#7215,.T.);
#7215 = LINE('',#7216,#7217);
#7216 = CARTESIAN_POINT('',(960.,0.,95.));
#7217 = VECTOR('',#7218,1.);
#7218 = DIRECTION('',(-1.,0.,0.));
#7219 = PLANE('',#7220);
#7220 = AXIS2_PLACEMENT_3D('',#7221,#7222,#7223);
#7221 = CARTESIAN_POINT('',(960.,2.109E-14,95.));
#7222 = DIRECTION('',(-0.,-2.2E-16,-1.));
#7223 = DIRECTION('',(-1.,0.,0.));
#7224 = ADVANCED_FACE('',(#7225),#7241,.F.);
#7225 = FACE_BOUND('',#7226,.F.);
#7226 = EDGE_LOOP('',(#7227,#7228,#7234,#7235));
#7227 = ORIENTED_EDGE('',*,*,#7206,.T.);
#7228 = ORIENTED_EDGE('',*,*,#7229,.T.);
#7229 = EDGE_CURVE('',#7199,#7129,#7230,.T.);
#7230 = LINE('',#7231,#7232);
#7231 = CARTESIAN_POINT('',(0.,-25.,95.));
#7232 = VECTOR('',#7233,1.);
#7233 = DIRECTION('',(0.,0.,-1.));
#7234 = ORIENTED_EDGE('',*,*,#7126,.F.);
#7235 = ORIENTED_EDGE('',*,*,#7236,.F.);
#7236 = EDGE_CURVE('',#7207,#7127,#7237,.T.);
#7237 = LINE('',#7238,#7239);
#7238 = CARTESIAN_POINT('',(0.,0.,95.));
#7239 = VECTOR('',#7240,1.);
#7240 = DIRECTION('',(0.,0.,-1.));
#7241 = PLANE('',#7242);
#7242 = AXIS2_PLACEMENT_3D('',#7243,#7244,#7245);
#7243 = CARTESIAN_POINT('',(0.,2.109E-14,95.));
#7244 = DIRECTION('',(1.,0.,0.));
#7245 = DIRECTION('',(0.,-2.2E-16,-1.));
#7246 = ADVANCED_FACE('',(#7247),#7253,.T.);
#7247 = FACE_BOUND('',#7248,.F.);
#7248 = EDGE_LOOP('',(#7249,#7250,#7251,#7252));
#7249 = ORIENTED_EDGE('',*,*,#7152,.T.);
#7250 = ORIENTED_EDGE('',*,*,#7183,.T.);
#7251 = ORIENTED_EDGE('',*,*,#7214,.T.);
#7252 = ORIENTED_EDGE('',*,*,#7236,.T.);
#7253 = PLANE('',#7254);
#7254 = AXIS2_PLACEMENT_3D('',#7255,#7256,#7257);
#7255 = CARTESIAN_POINT('',(480.,1.055E-14,47.5));
#7256 = DIRECTION('',(0.,1.,0.));
#7257 = DIRECTION('',(0.,0.,1.));
#7258 = ADVANCED_FACE('',(#7259),#7265,.F.);
#7259 = FACE_BOUND('',#7260,.T.);
#7260 = EDGE_LOOP('',(#7261,#7262,#7263,#7264));
#7261 = ORIENTED_EDGE('',*,*,#7136,.T.);
#7262 = ORIENTED_EDGE('',*,*,#7167,.T.);
#7263 = ORIENTED_EDGE('',*,*,#7198,.T.);
#7264 = ORIENTED_EDGE('',*,*,#7229,.T.);
#7265 = PLANE('',#7266);
#7266 = AXIS2_PLACEMENT_3D('',#7267,#7268,#7269);
#7267 = CARTESIAN_POINT('',(480.,-25.,47.5));
#7268 = DIRECTION('',(0.,1.,0.));
#7269 = DIRECTION('',(0.,0.,1.));
#7270 = ( GEOMETRIC_REPRESENTATION_CONTEXT(3) 
GLOBAL_UNCERTAINTY_ASSIGNED_CONTEXT((#7274)) 
GLOBAL_UNIT_ASSIGNED_CONTEXT((#7271,#7272,#7273)) REPRESENTATION_CONTEXT
('Context #1','3D Context with UNIT and UNCERTAINTY') );
#7271 = ( LENGTH_UNIT() NAMED_UNIT(*) SI_UNIT(.MILLI.,.METRE.) );
#7272 = ( NAMED_UNIT(*) PLANE_ANGLE_UNIT() SI_UNIT($,.RADIAN.) );
#7273 = ( NAMED_UNIT(*) SI_UNIT($,.STERADIAN.) SOLID_ANGLE_UNIT() );
#7274 = UNCERTAINTY_MEASURE_WITH_UNIT(LENGTH_MEASURE(1.E-07),#7271,
  'distance_accuracy_value','confusion accuracy');
#7275 = CONTEXT_DEPENDENT_SHAPE_REPRESENTATION(#7276,#7278);
#7276 = ( REPRESENTATION_RELATIONSHIP('','',#7119,#82) 
REPRESENTATION_RELATIONSHIP_WITH_TRANSFORMATION(#7277) 
SHAPE_REPRESENTATION_RELATIONSHIP() );
#7277 = ITEM_DEFINED_TRANSFORMATION('','',#11,#111);
#7278 = PRODUCT_DEFINITION_SHAPE('Placement','Placement of an item',
  #7279);
#7279 = NEXT_ASSEMBLY_USAGE_OCCURRENCE('40','Body033','',#77,#7114,$);
#7280 = CC_DESIGN_SECURITY_CLASSIFICATION(#7281,(#7279));
#7281 = SECURITY_CLASSIFICATION('','',#59);
#7282 = CC_DESIGN_PERSON_AND_ORGANIZATION_ASSIGNMENT(#48,#57,(#7281));
#7283 = CC_DESIGN_DATE_AND_TIME_ASSIGNMENT(#62,#68,(#7281));
#7284 = CC_DESIGN_APPROVAL(#70,(#7281));
#7285 = PRODUCT_RELATED_PRODUCT_CATEGORY('detail',$,(#7116));
#7286 = PRODUCT_CATEGORY_RELATIONSHIP('','',#7287,#7285);
#7287 = PRODUCT_CATEGORY('part',$);
#7288 = CC_DESIGN_PERSON_AND_ORGANIZATION_ASSIGNMENT(#48,#51,(#7115,
    #7114));
#7289 = CC_DESIGN_PERSON_AND_ORGANIZATION_ASSIGNMENT(#48,#53,(#7116));
#7290 = CC_DESIGN_PERSON_AND_ORGANIZATION_ASSIGNMENT(#48,#55,(#7115));
#7291 = CC_DESIGN_PERSON_AND_ORGANIZATION_ASSIGNMENT(#48,#57,(#7292));
#7292 = SECURITY_CLASSIFICATION('','',#59);
#7293 = CC_DESIGN_SECURITY_CLASSIFICATION(#7292,(#7115));
#7294 = CC_DESIGN_DATE_AND_TIME_ASSIGNMENT(#62,#66,(#7114));
#7295 = CC_DESIGN_DATE_AND_TIME_ASSIGNMENT(#62,#68,(#7292));
#7296 = CC_DESIGN_APPROVAL(#70,(#7115,#7114,#7292));
#7297 = SHAPE_DEFINITION_REPRESENTATION(#7298,#7304);
#7298 = PRODUCT_DEFINITION_SHAPE('','',#7299);
#7299 = PRODUCT_DEFINITION('design','',#7300,#7303);
#7300 = PRODUCT_DEFINITION_FORMATION_WITH_SPECIFIED_SOURCE('','',#7301,
  .NOT_KNOWN.);
#7301 = PRODUCT('Assembly','Assembly','',(#7302));
#7302 = MECHANICAL_CONTEXT('',#2,'mechanical');
#7303 = DESIGN_CONTEXT('',#2,'design');
#7304 = SHAPE_REPRESENTATION('',(#11,#7305,#7309,#7313,#7317,#7321,#7325
    ),#7329);
#7305 = AXIS2_PLACEMENT_3D('',#7306,#7307,#7308);
#7306 = CARTESIAN_POINT('',(0.,0.,0.));
#7307 = DIRECTION('',(0.,0.,1.));
#7308 = DIRECTION('',(1.,0.,0.));
#7309 = AXIS2_PLACEMENT_3D('',#7310,#7311,#7312);
#7310 = CARTESIAN_POINT('',(-6.1E-15,607.5,680.));
#7311 = DIRECTION('',(0.,0.,1.));
#7312 = DIRECTION('',(1.,0.,0.));
#7313 = AXIS2_PLACEMENT_3D('',#7314,#7315,#7316);
#7314 = CARTESIAN_POINT('',(-315.,482.5,680.));
#7315 = DIRECTION('',(0.,-0.,1.));
#7316 = DIRECTION('',(0.707106781187,0.707106781187,0.));
#7317 = AXIS2_PLACEMENT_3D('',#7318,#7319,#7320);
#7318 = CARTESIAN_POINT('',(315.,482.5,680.));
#7319 = DIRECTION('',(-0.,0.,1.));
#7320 = DIRECTION('',(0.707106781187,-0.707106781187,0.));
#7321 = AXIS2_PLACEMENT_3D('',#7322,#7323,#7324);
#7322 = CARTESIAN_POINT('',(-1.727233711019E-77,447.5,1.204858499722E+03
    ));
#7323 = DIRECTION('',(0.,0.,1.));
#7324 = DIRECTION('',(1.,0.,0.));
#7325 = AXIS2_PLACEMENT_3D('',#7326,#7327,#7328);
#7326 = CARTESIAN_POINT('',(-4.318084277547E-78,355.,1.204858499722E+03)
  );
#7327 = DIRECTION('',(0.,0.,1.));
#7328 = DIRECTION('',(1.,0.,0.));
#7329 = ( GEOMETRIC_REPRESENTATION_CONTEXT(3) 
GLOBAL_UNCERTAINTY_ASSIGNED_CONTEXT((#7333)) 
GLOBAL_UNIT_ASSIGNED_CONTEXT((#7330,#7331,#7332)) REPRESENTATION_CONTEXT
('Context #1','3D Context with UNIT and UNCERTAINTY') );
#7330 = ( LENGTH_UNIT() NAMED_UNIT(*) SI_UNIT(.MILLI.,.METRE.) );
#7331 = ( NAMED_UNIT(*) PLANE_ANGLE_UNIT() SI_UNIT($,.RADIAN.) );
#7332 = ( NAMED_UNIT(*) SI_UNIT($,.STERADIAN.) SOLID_ANGLE_UNIT() );
#7333 = UNCERTAINTY_MEASURE_WITH_UNIT(LENGTH_MEASURE(5.E-04),#7330,
  'distance_accuracy_value','confusion accuracy');
#7334 = CONTEXT_DEPENDENT_SHAPE_REPRESENTATION(#7335,#7337);
#7335 = ( REPRESENTATION_RELATIONSHIP('','',#7304,#10) 
REPRESENTATION_RELATIONSHIP_WITH_TRANSFORMATION(#7336) 
SHAPE_REPRESENTATION_RELATIONSHIP() );
#7336 = ITEM_DEFINED_TRANSFORMATION('','',#11,#19);
#7337 = PRODUCT_DEFINITION_SHAPE('Placement','Placement of an item',
  #7338);
#7338 = NEXT_ASSEMBLY_USAGE_OCCURRENCE('48','Assembly','',#5,#7299,$);
#7339 = CC_DESIGN_SECURITY_CLASSIFICATION(#7340,(#7338));
#7340 = SECURITY_CLASSIFICATION('','',#59);
#7341 = CC_DESIGN_PERSON_AND_ORGANIZATION_ASSIGNMENT(#48,#57,(#7340));
#7342 = CC_DESIGN_DATE_AND_TIME_ASSIGNMENT(#62,#68,(#7340));
#7343 = CC_DESIGN_APPROVAL(#70,(#7340));
#7344 = PRODUCT_RELATED_PRODUCT_CATEGORY('detail',$,(#7301));
#7345 = PRODUCT_CATEGORY_RELATIONSHIP('','',#7346,#7344);
#7346 = PRODUCT_CATEGORY('part',$);
#7347 = CC_DESIGN_PERSON_AND_ORGANIZATION_ASSIGNMENT(#48,#51,(#7300,
    #7299));
#7348 = CC_DESIGN_PERSON_AND_ORGANIZATION_ASSIGNMENT(#48,#53,(#7301));
#7349 = CC_DESIGN_PERSON_AND_ORGANIZATION_ASSIGNMENT(#48,#55,(#7300));
#7350 = CC_DESIGN_PERSON_AND_ORGANIZATION_ASSIGNMENT(#48,#57,(#7351));
#7351 = SECURITY_CLASSIFICATION('','',#59);
#7352 = CC_DESIGN_SECURITY_CLASSIFICATION(#7351,(#7300));
#7353 = CC_DESIGN_DATE_AND_TIME_ASSIGNMENT(#62,#66,(#7299));
#7354 = CC_DESIGN_DATE_AND_TIME_ASSIGNMENT(#62,#68,(#7351));
#7355 = CC_DESIGN_APPROVAL(#70,(#7300,#7299,#7351));
#7356 = SHAPE_DEFINITION_REPRESENTATION(#7357,#7363);
#7357 = PRODUCT_DEFINITION_SHAPE('','',#7358);
#7358 = PRODUCT_DEFINITION('design','',#7359,#7362);
#7359 = PRODUCT_DEFINITION_FORMATION_WITH_SPECIFIED_SOURCE('','',#7360,
  .NOT_KNOWN.);
#7360 = PRODUCT('Body','Body','',(#7361));
#7361 = MECHANICAL_CONTEXT('',#2,'mechanical');
#7362 = DESIGN_CONTEXT('',#2,'design');
#7363 = ADVANCED_BREP_SHAPE_REPRESENTATION('',(#11,#7364),#14190);
#7364 = MANIFOLD_SOLID_BREP('',#7365);
#7365 = CLOSED_SHELL('',(#7366,#7394,#7420,#7445,#7470,#7490,#7543,#7568
    ,#7593,#7618,#7643,#7668,#7688,#7697,#7706,#7715,#7724,#7749,#7769,
    #7794,#7935,#7967,#7991,#8015,#8092,#8169,#8200,#8231,#8279,#8327,
    #8359,#8391,#8408,#8433,#8458,#8483,#8501,#8549,#8597,#8628,#8653,
    #8677,#8702,#8727,#8745,#8769,#8800,#8825,#8849,#8874,#8899,#8917,
    #8941,#8989,#9037,#9079,#9103,#9138,#9169,#9204,#9239,#9274,#9309,
    #9329,#9349,#9369,#9387,#9418,#9552,#9583,#9717,#9830,#9943,#9967,
    #10034,#10065,#10089,#10124,#10155,#10186,#10226,#10257,#10279,
    #10296,#10313,#10484,#10515,#10693,#10724,#10748,#10765,#10782,
    #10799,#10816,#10841,#10866,#10891,#10903,#10925,#10942,#10959,
    #10976,#10993,#11010,#11027,#11044,#11061,#11078,#11095,#11107,
    #11129,#11146,#11163,#11180,#11197,#11214,#11231,#11248,#11265,
    #11282,#11299,#11311,#11362,#11386,#11442,#11467,#11492,#11516,
    #11541,#11565,#11590,#11607,#11661,#11701,#11879,#11910,#11941,
    #12101,#12118,#12135,#12152,#12169,#12186,#12203,#12220,#12237,
    #12254,#12266,#12283,#12307,#12332,#12356,#12381,#12405,#12430,
    #12454,#12472,#12503,#12520,#12551,#12646,#12666,#12686,#12706,
    #12723,#12735,#12760,#12784,#12809,#12833,#12858,#12882,#12900,
    #12925,#12942,#12959,#12976,#12993,#13005,#13022,#13039,#13056,
    #13073,#13090,#13107,#13119,#13136,#13161,#13186,#13211,#13231,
    #13251,#13271,#13295,#13328,#13348,#13373,#13385,#13410,#13435,
    #13455,#13475,#13501,#13527,#13552,#13577,#13630,#13683,#13708,
    #13733,#13758,#13783,#13808,#13833,#13858,#13883,#13892,#13901,
    #13910,#13919,#13928,#13937,#13946,#13955,#14055,#14080,#14089,
    #14114,#14123,#14148,#14157));
#7366 = ADVANCED_FACE('',(#7367,#7378),#7389,.T.);
#7367 = FACE_BOUND('',#7368,.T.);
#7368 = EDGE_LOOP('',(#7369));
#7369 = ORIENTED_EDGE('',*,*,#7370,.F.);
#7370 = EDGE_CURVE('',#7371,#7371,#7373,.T.);
#7371 = VERTEX_POINT('',#7372);
#7372 = CARTESIAN_POINT('',(-172.5,482.5,580.));
#7373 = CIRCLE('',#7374,142.5);
#7374 = AXIS2_PLACEMENT_3D('',#7375,#7376,#7377);
#7375 = CARTESIAN_POINT('',(-315.,482.5,580.));
#7376 = DIRECTION('',(0.,0.,1.));
#7377 = DIRECTION('',(1.,0.,0.));
#7378 = FACE_BOUND('',#7379,.T.);
#7379 = EDGE_LOOP('',(#7380));
#7380 = ORIENTED_EDGE('',*,*,#7381,.T.);
#7381 = EDGE_CURVE('',#7382,#7382,#7384,.T.);
#7382 = VERTEX_POINT('',#7383);
#7383 = CARTESIAN_POINT('',(-152.5,482.5,580.));
#7384 = CIRCLE('',#7385,162.5);
#7385 = AXIS2_PLACEMENT_3D('',#7386,#7387,#7388);
#7386 = CARTESIAN_POINT('',(-315.,482.5,580.));
#7387 = DIRECTION('',(0.,0.,1.));
#7388 = DIRECTION('',(1.,0.,0.));
#7389 = PLANE('',#7390);
#7390 = AXIS2_PLACEMENT_3D('',#7391,#7392,#7393);
#7391 = CARTESIAN_POINT('',(-5.74E-15,524.16666666666,580.));
#7392 = DIRECTION('',(0.,0.,1.));
#7393 = DIRECTION('',(1.,0.,0.));
#7394 = ADVANCED_FACE('',(#7395),#7415,.F.);
#7395 = FACE_BOUND('',#7396,.T.);
#7396 = EDGE_LOOP('',(#7397,#7406,#7407,#7408));
#7397 = ORIENTED_EDGE('',*,*,#7398,.F.);
#7398 = EDGE_CURVE('',#7371,#7399,#7401,.T.);
#7399 = VERTEX_POINT('',#7400);
#7400 = CARTESIAN_POINT('',(-197.5,482.5,605.));
#7401 = CIRCLE('',#7402,25.);
#7402 = AXIS2_PLACEMENT_3D('',#7403,#7404,#7405);
#7403 = CARTESIAN_POINT('',(-172.5,482.5,605.));
#7404 = DIRECTION('',(-0.,1.,0.));
#7405 = DIRECTION('',(1.,0.,0.));
#7406 = ORIENTED_EDGE('',*,*,#7370,.F.);
#7407 = ORIENTED_EDGE('',*,*,#7398,.T.);
#7408 = ORIENTED_EDGE('',*,*,#7409,.T.);
#7409 = EDGE_CURVE('',#7399,#7399,#7410,.T.);
#7410 = CIRCLE('',#7411,117.5);
#7411 = AXIS2_PLACEMENT_3D('',#7412,#7413,#7414);
#7412 = CARTESIAN_POINT('',(-315.,482.5,605.));
#7413 = DIRECTION('',(0.,0.,1.));
#7414 = DIRECTION('',(1.,0.,0.));
#7415 = TOROIDAL_SURFACE('',#7416,142.5,25.);
#7416 = AXIS2_PLACEMENT_3D('',#7417,#7418,#7419);
#7417 = CARTESIAN_POINT('',(-315.,482.5,605.));
#7418 = DIRECTION('',(-0.,-0.,-1.));
#7419 = DIRECTION('',(1.,0.,0.));
#7420 = ADVANCED_FACE('',(#7421),#7440,.T.);
#7421 = FACE_BOUND('',#7422,.F.);
#7422 = EDGE_LOOP('',(#7423,#7431,#7432,#7433));
#7423 = ORIENTED_EDGE('',*,*,#7424,.T.);
#7424 = EDGE_CURVE('',#7425,#7382,#7427,.T.);
#7425 = VERTEX_POINT('',#7426);
#7426 = CARTESIAN_POINT('',(-152.5,482.5,405.));
#7427 = LINE('',#7428,#7429);
#7428 = CARTESIAN_POINT('',(-152.5,482.5,405.));
#7429 = VECTOR('',#7430,1.);
#7430 = DIRECTION('',(0.,0.,1.));
#7431 = ORIENTED_EDGE('',*,*,#7381,.T.);
#7432 = ORIENTED_EDGE('',*,*,#7424,.F.);
#7433 = ORIENTED_EDGE('',*,*,#7434,.F.);
#7434 = EDGE_CURVE('',#7425,#7425,#7435,.T.);
#7435 = CIRCLE('',#7436,162.5);
#7436 = AXIS2_PLACEMENT_3D('',#7437,#7438,#7439);
#7437 = CARTESIAN_POINT('',(-315.,482.5,405.));
#7438 = DIRECTION('',(0.,0.,1.));
#7439 = DIRECTION('',(1.,0.,0.));
#7440 = CYLINDRICAL_SURFACE('',#7441,162.5);
#7441 = AXIS2_PLACEMENT_3D('',#7442,#7443,#7444);
#7442 = CARTESIAN_POINT('',(-315.,482.5,405.));
#7443 = DIRECTION('',(-0.,-0.,-1.));
#7444 = DIRECTION('',(1.,0.,0.));
#7445 = ADVANCED_FACE('',(#7446),#7465,.T.);
#7446 = FACE_BOUND('',#7447,.F.);
#7447 = EDGE_LOOP('',(#7448,#7456,#7463,#7464));
#7448 = ORIENTED_EDGE('',*,*,#7449,.T.);
#7449 = EDGE_CURVE('',#7399,#7450,#7452,.T.);
#7450 = VERTEX_POINT('',#7451);
#7451 = CARTESIAN_POINT('',(-197.5,482.5,680.));
#7452 = LINE('',#7453,#7454);
#7453 = CARTESIAN_POINT('',(-197.5,482.5,580.));
#7454 = VECTOR('',#7455,1.);
#7455 = DIRECTION('',(0.,0.,1.));
#7456 = ORIENTED_EDGE('',*,*,#7457,.T.);
#7457 = EDGE_CURVE('',#7450,#7450,#7458,.T.);
#7458 = CIRCLE('',#7459,117.5);
#7459 = AXIS2_PLACEMENT_3D('',#7460,#7461,#7462);
#7460 = CARTESIAN_POINT('',(-315.,482.5,680.));
#7461 = DIRECTION('',(0.,0.,1.));
#7462 = DIRECTION('',(1.,0.,0.));
#7463 = ORIENTED_EDGE('',*,*,#7449,.F.);
#7464 = ORIENTED_EDGE('',*,*,#7409,.F.);
#7465 = CYLINDRICAL_SURFACE('',#7466,117.5);
#7466 = AXIS2_PLACEMENT_3D('',#7467,#7468,#7469);
#7467 = CARTESIAN_POINT('',(-315.,482.5,580.));
#7468 = DIRECTION('',(-0.,-0.,-1.));
#7469 = DIRECTION('',(1.,0.,0.));
#7470 = ADVANCED_FACE('',(#7471,#7474),#7485,.F.);
#7471 = FACE_BOUND('',#7472,.F.);
#7472 = EDGE_LOOP('',(#7473));
#7473 = ORIENTED_EDGE('',*,*,#7434,.T.);
#7474 = FACE_BOUND('',#7475,.F.);
#7475 = EDGE_LOOP('',(#7476));
#7476 = ORIENTED_EDGE('',*,*,#7477,.F.);
#7477 = EDGE_CURVE('',#7478,#7478,#7480,.T.);
#7478 = VERTEX_POINT('',#7479);
#7479 = CARTESIAN_POINT('',(-190.,482.5,405.));
#7480 = CIRCLE('',#7481,125.);
#7481 = AXIS2_PLACEMENT_3D('',#7482,#7483,#7484);
#7482 = CARTESIAN_POINT('',(-315.,482.5,405.));
#7483 = DIRECTION('',(0.,0.,1.));
#7484 = DIRECTION('',(1.,0.,0.));
#7485 = PLANE('',#7486);
#7486 = AXIS2_PLACEMENT_3D('',#7487,#7488,#7489);
#7487 = CARTESIAN_POINT('',(-5.74E-15,524.16666666666,405.));
#7488 = DIRECTION('',(0.,0.,1.));
#7489 = DIRECTION('',(1.,0.,0.));
#7490 = ADVANCED_FACE('',(#7491,#7494,#7505,#7516,#7527),#7538,.T.);
#7491 = FACE_BOUND('',#7492,.T.);
#7492 = EDGE_LOOP('',(#7493));
#7493 = ORIENTED_EDGE('',*,*,#7457,.T.);
#7494 = FACE_BOUND('',#7495,.T.);
#7495 = EDGE_LOOP('',(#7496));
#7496 = ORIENTED_EDGE('',*,*,#7497,.F.);
#7497 = EDGE_CURVE('',#7498,#7498,#7500,.T.);
#7498 = VERTEX_POINT('',#7499);
#7499 = CARTESIAN_POINT('',(-308.65,379.96951672795,680.));
#7500 = CIRCLE('',#7501,6.35);
#7501 = AXIS2_PLACEMENT_3D('',#7502,#7503,#7504);
#7502 = CARTESIAN_POINT('',(-315.,379.96951672795,680.));
#7503 = DIRECTION('',(0.,0.,1.));
#7504 = DIRECTION('',(1.,0.,0.));
#7505 = FACE_BOUND('',#7506,.T.);
#7506 = EDGE_LOOP('',(#7507));
#7507 = ORIENTED_EDGE('',*,*,#7508,.F.);
#7508 = EDGE_CURVE('',#7509,#7509,#7511,.T.);
#7509 = VERTEX_POINT('',#7510);
#7510 = CARTESIAN_POINT('',(-411.180483272,482.5,680.));
#7511 = CIRCLE('',#7512,6.35);
#7512 = AXIS2_PLACEMENT_3D('',#7513,#7514,#7515);
#7513 = CARTESIAN_POINT('',(-417.530483272,482.5,680.));
#7514 = DIRECTION('',(0.,0.,1.));
#7515 = DIRECTION('',(1.,0.,0.));
#7516 = FACE_BOUND('',#7517,.T.);
#7517 = EDGE_LOOP('',(#7518));
#7518 = ORIENTED_EDGE('',*,*,#7519,.F.);
#7519 = EDGE_CURVE('',#7520,#7520,#7522,.T.);
#7520 = VERTEX_POINT('',#7521);
#7521 = CARTESIAN_POINT('',(-308.65,585.03048327204,680.));
#7522 = CIRCLE('',#7523,6.35);
#7523 = AXIS2_PLACEMENT_3D('',#7524,#7525,#7526);
#7524 = CARTESIAN_POINT('',(-315.,585.03048327204,680.));
#7525 = DIRECTION('',(0.,0.,1.));
#7526 = DIRECTION('',(1.,0.,0.));
#7527 = FACE_BOUND('',#7528,.T.);
#7528 = EDGE_LOOP('',(#7529));
#7529 = ORIENTED_EDGE('',*,*,#7530,.F.);
#7530 = EDGE_CURVE('',#7531,#7531,#7533,.T.);
#7531 = VERTEX_POINT('',#7532);
#7532 = CARTESIAN_POINT('',(-206.1195167279,482.5,680.));
#7533 = CIRCLE('',#7534,6.35);
#7534 = AXIS2_PLACEMENT_3D('',#7535,#7536,#7537);
#7535 = CARTESIAN_POINT('',(-212.4695167279,482.5,680.));
#7536 = DIRECTION('',(0.,0.,1.));
#7537 = DIRECTION('',(1.,0.,0.));
#7538 = PLANE('',#7539);
#7539 = AXIS2_PLACEMENT_3D('',#7540,#7541,#7542);
#7540 = CARTESIAN_POINT('',(-2.383E-14,524.16666666666,680.));
#7541 = DIRECTION('',(0.,0.,1.));
#7542 = DIRECTION('',(1.,0.,0.));
#7543 = ADVANCED_FACE('',(#7544),#7563,.T.);
#7544 = FACE_BOUND('',#7545,.F.);
#7545 = EDGE_LOOP('',(#7546,#7554,#7555,#7556));
#7546 = ORIENTED_EDGE('',*,*,#7547,.T.);
#7547 = EDGE_CURVE('',#7548,#7478,#7550,.T.);
#7548 = VERTEX_POINT('',#7549);
#7549 = CARTESIAN_POINT('',(-190.,482.5,340.));
#7550 = LINE('',#7551,#7552);
#7551 = CARTESIAN_POINT('',(-190.,482.5,340.));
#7552 = VECTOR('',#7553,1.);
#7553 = DIRECTION('',(0.,0.,1.));
#7554 = ORIENTED_EDGE('',*,*,#7477,.T.);
#7555 = ORIENTED_EDGE('',*,*,#7547,.F.);
#7556 = ORIENTED_EDGE('',*,*,#7557,.F.);
#7557 = EDGE_CURVE('',#7548,#7548,#7558,.T.);
#7558 = CIRCLE('',#7559,125.);
#7559 = AXIS2_PLACEMENT_3D('',#7560,#7561,#7562);
#7560 = CARTESIAN_POINT('',(-315.,482.5,340.));
#7561 = DIRECTION('',(0.,0.,1.));
#7562 = DIRECTION('',(1.,0.,0.));
#7563 = CYLINDRICAL_SURFACE('',#7564,125.);
#7564 = AXIS2_PLACEMENT_3D('',#7565,#7566,#7567);
#7565 = CARTESIAN_POINT('',(-315.,482.5,340.));
#7566 = DIRECTION('',(-0.,-0.,-1.));
#7567 = DIRECTION('',(1.,0.,0.));
#7568 = ADVANCED_FACE('',(#7569),#7588,.F.);
#7569 = FACE_BOUND('',#7570,.F.);
#7570 = EDGE_LOOP('',(#7571,#7579,#7586,#7587));
#7571 = ORIENTED_EDGE('',*,*,#7572,.T.);
#7572 = EDGE_CURVE('',#7498,#7573,#7575,.T.);
#7573 = VERTEX_POINT('',#7574);
#7574 = CARTESIAN_POINT('',(-308.65,379.96951672795,655.));
#7575 = LINE('',#7576,#7577);
#7576 = CARTESIAN_POINT('',(-308.65,379.96951672795,680.));
#7577 = VECTOR('',#7578,1.);
#7578 = DIRECTION('',(-0.,-0.,-1.));
#7579 = ORIENTED_EDGE('',*,*,#7580,.T.);
#7580 = EDGE_CURVE('',#7573,#7573,#7581,.T.);
#7581 = CIRCLE('',#7582,6.35);
#7582 = AXIS2_PLACEMENT_3D('',#7583,#7584,#7585);
#7583 = CARTESIAN_POINT('',(-315.,379.96951672795,655.));
#7584 = DIRECTION('',(0.,0.,1.));
#7585 = DIRECTION('',(1.,0.,0.));
#7586 = ORIENTED_EDGE('',*,*,#7572,.F.);
#7587 = ORIENTED_EDGE('',*,*,#7497,.F.);
#7588 = CYLINDRICAL_SURFACE('',#7589,6.35);
#7589 = AXIS2_PLACEMENT_3D('',#7590,#7591,#7592);
#7590 = CARTESIAN_POINT('',(-315.,379.96951672795,680.));
#7591 = DIRECTION('',(0.,0.,1.));
#7592 = DIRECTION('',(1.,0.,0.));
#7593 = ADVANCED_FACE('',(#7594),#7613,.F.);
#7594 = FACE_BOUND('',#7595,.F.);
#7595 = EDGE_LOOP('',(#7596,#7604,#7611,#7612));
#7596 = ORIENTED_EDGE('',*,*,#7597,.T.);
#7597 = EDGE_CURVE('',#7509,#7598,#7600,.T.);
#7598 = VERTEX_POINT('',#7599);
#7599 = CARTESIAN_POINT('',(-411.180483272,482.5,655.));
#7600 = LINE('',#7601,#7602);
#7601 = CARTESIAN_POINT('',(-411.180483272,482.5,680.));
#7602 = VECTOR('',#7603,1.);
#7603 = DIRECTION('',(-0.,-0.,-1.));
#7604 = ORIENTED_EDGE('',*,*,#7605,.T.);
#7605 = EDGE_CURVE('',#7598,#7598,#7606,.T.);
#7606 = CIRCLE('',#7607,6.35);
#7607 = AXIS2_PLACEMENT_3D('',#7608,#7609,#7610);
#7608 = CARTESIAN_POINT('',(-417.530483272,482.5,655.));
#7609 = DIRECTION('',(0.,0.,1.));
#7610 = DIRECTION('',(1.,0.,0.));
#7611 = ORIENTED_EDGE('',*,*,#7597,.F.);
#7612 = ORIENTED_EDGE('',*,*,#7508,.F.);
#7613 = CYLINDRICAL_SURFACE('',#7614,6.35);
#7614 = AXIS2_PLACEMENT_3D('',#7615,#7616,#7617);
#7615 = CARTESIAN_POINT('',(-417.530483272,482.5,680.));
#7616 = DIRECTION('',(0.,0.,1.));
#7617 = DIRECTION('',(1.,0.,0.));
#7618 = ADVANCED_FACE('',(#7619),#7638,.F.);
#7619 = FACE_BOUND('',#7620,.F.);
#7620 = EDGE_LOOP('',(#7621,#7629,#7636,#7637));
#7621 = ORIENTED_EDGE('',*,*,#7622,.T.);
#7622 = EDGE_CURVE('',#7520,#7623,#7625,.T.);
#7623 = VERTEX_POINT('',#7624);
#7624 = CARTESIAN_POINT('',(-308.65,585.03048327204,655.));
#7625 = LINE('',#7626,#7627);
#7626 = CARTESIAN_POINT('',(-308.65,585.03048327204,680.));
#7627 = VECTOR('',#7628,1.);
#7628 = DIRECTION('',(-0.,-0.,-1.));
#7629 = ORIENTED_EDGE('',*,*,#7630,.T.);
#7630 = EDGE_CURVE('',#7623,#7623,#7631,.T.);
#7631 = CIRCLE('',#7632,6.35);
#7632 = AXIS2_PLACEMENT_3D('',#7633,#7634,#7635);
#7633 = CARTESIAN_POINT('',(-315.,585.03048327204,655.));
#7634 = DIRECTION('',(0.,0.,1.));
#7635 = DIRECTION('',(1.,0.,0.));
#7636 = ORIENTED_EDGE('',*,*,#7622,.F.);
#7637 = ORIENTED_EDGE('',*,*,#7519,.F.);
#7638 = CYLINDRICAL_SURFACE('',#7639,6.35);
#7639 = AXIS2_PLACEMENT_3D('',#7640,#7641,#7642);
#7640 = CARTESIAN_POINT('',(-315.,585.03048327204,680.));
#7641 = DIRECTION('',(0.,0.,1.));
#7642 = DIRECTION('',(1.,0.,0.));
#7643 = ADVANCED_FACE('',(#7644),#7663,.F.);
#7644 = FACE_BOUND('',#7645,.F.);
#7645 = EDGE_LOOP('',(#7646,#7654,#7661,#7662));
#7646 = ORIENTED_EDGE('',*,*,#7647,.T.);
#7647 = EDGE_CURVE('',#7531,#7648,#7650,.T.);
#7648 = VERTEX_POINT('',#7649);
#7649 = CARTESIAN_POINT('',(-206.1195167279,482.5,655.));
#7650 = LINE('',#7651,#7652);
#7651 = CARTESIAN_POINT('',(-206.1195167279,482.5,680.));
#7652 = VECTOR('',#7653,1.);
#7653 = DIRECTION('',(-0.,-0.,-1.));
#7654 = ORIENTED_EDGE('',*,*,#7655,.T.);
#7655 = EDGE_CURVE('',#7648,#7648,#7656,.T.);
#7656 = CIRCLE('',#7657,6.35);
#7657 = AXIS2_PLACEMENT_3D('',#7658,#7659,#7660);
#7658 = CARTESIAN_POINT('',(-212.4695167279,482.5,655.));
#7659 = DIRECTION('',(0.,0.,1.));
#7660 = DIRECTION('',(1.,0.,0.));
#7661 = ORIENTED_EDGE('',*,*,#7647,.F.);
#7662 = ORIENTED_EDGE('',*,*,#7530,.F.);
#7663 = CYLINDRICAL_SURFACE('',#7664,6.35);
#7664 = AXIS2_PLACEMENT_3D('',#7665,#7666,#7667);
#7665 = CARTESIAN_POINT('',(-212.4695167279,482.5,680.));
#7666 = DIRECTION('',(0.,0.,1.));
#7667 = DIRECTION('',(1.,0.,0.));
#7668 = ADVANCED_FACE('',(#7669,#7680),#7683,.T.);
#7669 = FACE_BOUND('',#7670,.T.);
#7670 = EDGE_LOOP('',(#7671));
#7671 = ORIENTED_EDGE('',*,*,#7672,.T.);
#7672 = EDGE_CURVE('',#7673,#7673,#7675,.T.);
#7673 = VERTEX_POINT('',#7674);
#7674 = CARTESIAN_POINT('',(-152.5,482.5,340.));
#7675 = CIRCLE('',#7676,162.5);
#7676 = AXIS2_PLACEMENT_3D('',#7677,#7678,#7679);
#7677 = CARTESIAN_POINT('',(-315.,482.5,340.));
#7678 = DIRECTION('',(0.,0.,1.));
#7679 = DIRECTION('',(1.,0.,0.));
#7680 = FACE_BOUND('',#7681,.T.);
#7681 = EDGE_LOOP('',(#7682));
#7682 = ORIENTED_EDGE('',*,*,#7557,.F.);
#7683 = PLANE('',#7684);
#7684 = AXIS2_PLACEMENT_3D('',#7685,#7686,#7687);
#7685 = CARTESIAN_POINT('',(-5.74E-15,524.16666666666,340.));
#7686 = DIRECTION('',(0.,0.,1.));
#7687 = DIRECTION('',(1.,0.,0.));
#7688 = ADVANCED_FACE('',(#7689),#7692,.T.);
#7689 = FACE_BOUND('',#7690,.T.);
#7690 = EDGE_LOOP('',(#7691));
#7691 = ORIENTED_EDGE('',*,*,#7580,.T.);
#7692 = PLANE('',#7693);
#7693 = AXIS2_PLACEMENT_3D('',#7694,#7695,#7696);
#7694 = CARTESIAN_POINT('',(2.125E-14,524.16666666666,655.));
#7695 = DIRECTION('',(0.,0.,1.));
#7696 = DIRECTION('',(1.,0.,0.));
#7697 = ADVANCED_FACE('',(#7698),#7701,.T.);
#7698 = FACE_BOUND('',#7699,.T.);
#7699 = EDGE_LOOP('',(#7700));
#7700 = ORIENTED_EDGE('',*,*,#7605,.T.);
#7701 = PLANE('',#7702);
#7702 = AXIS2_PLACEMENT_3D('',#7703,#7704,#7705);
#7703 = CARTESIAN_POINT('',(2.125E-14,524.16666666666,655.));
#7704 = DIRECTION('',(0.,0.,1.));
#7705 = DIRECTION('',(1.,0.,0.));
#7706 = ADVANCED_FACE('',(#7707),#7710,.T.);
#7707 = FACE_BOUND('',#7708,.T.);
#7708 = EDGE_LOOP('',(#7709));
#7709 = ORIENTED_EDGE('',*,*,#7630,.T.);
#7710 = PLANE('',#7711);
#7711 = AXIS2_PLACEMENT_3D('',#7712,#7713,#7714);
#7712 = CARTESIAN_POINT('',(2.125E-14,524.16666666666,655.));
#7713 = DIRECTION('',(0.,0.,1.));
#7714 = DIRECTION('',(1.,0.,0.));
#7715 = ADVANCED_FACE('',(#7716),#7719,.T.);
#7716 = FACE_BOUND('',#7717,.T.);
#7717 = EDGE_LOOP('',(#7718));
#7718 = ORIENTED_EDGE('',*,*,#7655,.T.);
#7719 = PLANE('',#7720);
#7720 = AXIS2_PLACEMENT_3D('',#7721,#7722,#7723);
#7721 = CARTESIAN_POINT('',(2.125E-14,524.16666666666,655.));
#7722 = DIRECTION('',(0.,0.,1.));
#7723 = DIRECTION('',(1.,0.,0.));
#7724 = ADVANCED_FACE('',(#7725),#7744,.T.);
#7725 = FACE_BOUND('',#7726,.F.);
#7726 = EDGE_LOOP('',(#7727,#7735,#7736,#7737));
#7727 = ORIENTED_EDGE('',*,*,#7728,.T.);
#7728 = EDGE_CURVE('',#7729,#7673,#7731,.T.);
#7729 = VERTEX_POINT('',#7730);
#7730 = CARTESIAN_POINT('',(-152.5,482.5,275.));
#7731 = LINE('',#7732,#7733);
#7732 = CARTESIAN_POINT('',(-152.5,482.5,275.));
#7733 = VECTOR('',#7734,1.);
#7734 = DIRECTION('',(0.,0.,1.));
#7735 = ORIENTED_EDGE('',*,*,#7672,.T.);
#7736 = ORIENTED_EDGE('',*,*,#7728,.F.);
#7737 = ORIENTED_EDGE('',*,*,#7738,.F.);
#7738 = EDGE_CURVE('',#7729,#7729,#7739,.T.);
#7739 = CIRCLE('',#7740,162.5);
#7740 = AXIS2_PLACEMENT_3D('',#7741,#7742,#7743);
#7741 = CARTESIAN_POINT('',(-315.,482.5,275.));
#7742 = DIRECTION('',(0.,0.,1.));
#7743 = DIRECTION('',(1.,0.,0.));
#7744 = CYLINDRICAL_SURFACE('',#7745,162.5);
#7745 = AXIS2_PLACEMENT_3D('',#7746,#7747,#7748);
#7746 = CARTESIAN_POINT('',(-315.,482.5,275.));
#7747 = DIRECTION('',(-0.,-0.,-1.));
#7748 = DIRECTION('',(1.,0.,0.));
#7749 = ADVANCED_FACE('',(#7750,#7753),#7764,.F.);
#7750 = FACE_BOUND('',#7751,.F.);
#7751 = EDGE_LOOP('',(#7752));
#7752 = ORIENTED_EDGE('',*,*,#7738,.T.);
#7753 = FACE_BOUND('',#7754,.F.);
#7754 = EDGE_LOOP('',(#7755));
#7755 = ORIENTED_EDGE('',*,*,#7756,.F.);
#7756 = EDGE_CURVE('',#7757,#7757,#7759,.T.);
#7757 = VERTEX_POINT('',#7758);
#7758 = CARTESIAN_POINT('',(-190.,482.5,275.));
#7759 = CIRCLE('',#7760,125.);
#7760 = AXIS2_PLACEMENT_3D('',#7761,#7762,#7763);
#7761 = CARTESIAN_POINT('',(-315.,482.5,275.));
#7762 = DIRECTION('',(0.,0.,1.));
#7763 = DIRECTION('',(1.,0.,0.));
#7764 = PLANE('',#7765);
#7765 = AXIS2_PLACEMENT_3D('',#7766,#7767,#7768);
#7766 = CARTESIAN_POINT('',(-5.74E-15,524.16666666666,275.));
#7767 = DIRECTION('',(0.,0.,1.));
#7768 = DIRECTION('',(1.,0.,0.));
#7769 = ADVANCED_FACE('',(#7770),#7789,.T.);
#7770 = FACE_BOUND('',#7771,.F.);
#7771 = EDGE_LOOP('',(#7772,#7780,#7781,#7782));
#7772 = ORIENTED_EDGE('',*,*,#7773,.T.);
#7773 = EDGE_CURVE('',#7774,#7757,#7776,.T.);
#7774 = VERTEX_POINT('',#7775);
#7775 = CARTESIAN_POINT('',(-190.,482.5,185.));
#7776 = LINE('',#7777,#7778);
#7777 = CARTESIAN_POINT('',(-190.,482.5,185.));
#7778 = VECTOR('',#7779,1.);
#7779 = DIRECTION('',(0.,0.,1.));
#7780 = ORIENTED_EDGE('',*,*,#7756,.T.);
#7781 = ORIENTED_EDGE('',*,*,#7773,.F.);
#7782 = ORIENTED_EDGE('',*,*,#7783,.F.);
#7783 = EDGE_CURVE('',#7774,#7774,#7784,.T.);
#7784 = CIRCLE('',#7785,125.);
#7785 = AXIS2_PLACEMENT_3D('',#7786,#7787,#7788);
#7786 = CARTESIAN_POINT('',(-315.,482.5,185.));
#7787 = DIRECTION('',(0.,0.,1.));
#7788 = DIRECTION('',(1.,0.,0.));
#7789 = CYLINDRICAL_SURFACE('',#7790,125.);
#7790 = AXIS2_PLACEMENT_3D('',#7791,#7792,#7793);
#7791 = CARTESIAN_POINT('',(-315.,482.5,185.));
#7792 = DIRECTION('',(-0.,-0.,-1.));
#7793 = DIRECTION('',(1.,0.,0.));
#7794 = ADVANCED_FACE('',(#7795,#7894,#7905,#7908,#7919),#7930,.T.);
#7795 = FACE_BOUND('',#7796,.T.);
#7796 = EDGE_LOOP('',(#7797,#7808,#7816,#7824,#7832,#7840,#7848,#7856,
    #7864,#7872,#7880,#7888));
#7797 = ORIENTED_EDGE('',*,*,#7798,.T.);
#7798 = EDGE_CURVE('',#7799,#7801,#7803,.T.);
#7799 = VERTEX_POINT('',#7800);
#7800 = CARTESIAN_POINT('',(-525.,-87.40740254664,185.));
#7801 = VERTEX_POINT('',#7802);
#7802 = CARTESIAN_POINT('',(525.,-87.40740254664,185.));
#7803 = CIRCLE('',#7804,536.);
#7804 = AXIS2_PLACEMENT_3D('',#7805,#7806,#7807);
#7805 = CARTESIAN_POINT('',(0.,20.625,185.));
#7806 = DIRECTION('',(0.,0.,1.));
#7807 = DIRECTION('',(1.,0.,0.));
#7808 = ORIENTED_EDGE('',*,*,#7809,.F.);
#7809 = EDGE_CURVE('',#7810,#7801,#7812,.T.);
#7810 = VERTEX_POINT('',#7811);
#7811 = CARTESIAN_POINT('',(525.,-1.E-13,185.));
#7812 = LINE('',#7813,#7814);
#7813 = CARTESIAN_POINT('',(525.,-1.9895E-13,185.));
#7814 = VECTOR('',#7815,1.);
#7815 = DIRECTION('',(0.,-1.,0.));
#7816 = ORIENTED_EDGE('',*,*,#7817,.F.);
#7817 = EDGE_CURVE('',#7818,#7810,#7820,.T.);
#7818 = VERTEX_POINT('',#7819);
#7819 = CARTESIAN_POINT('',(525.,180.,185.));
#7820 = LINE('',#7821,#7822);
#7821 = CARTESIAN_POINT('',(525.,-1.9895E-13,185.));
#7822 = VECTOR('',#7823,1.);
#7823 = DIRECTION('',(0.,-1.,0.));
#7824 = ORIENTED_EDGE('',*,*,#7825,.F.);
#7825 = EDGE_CURVE('',#7826,#7818,#7828,.T.);
#7826 = VERTEX_POINT('',#7827);
#7827 = CARTESIAN_POINT('',(525.,620.,185.));
#7828 = LINE('',#7829,#7830);
#7829 = CARTESIAN_POINT('',(525.,-1.9895E-13,185.));
#7830 = VECTOR('',#7831,1.);
#7831 = DIRECTION('',(0.,-1.,0.));
#7832 = ORIENTED_EDGE('',*,*,#7833,.F.);
#7833 = EDGE_CURVE('',#7834,#7826,#7836,.T.);
#7834 = VERTEX_POINT('',#7835);
#7835 = CARTESIAN_POINT('',(455.,620.,185.));
#7836 = LINE('',#7837,#7838);
#7837 = CARTESIAN_POINT('',(455.,620.,185.));
#7838 = VECTOR('',#7839,1.);
#7839 = DIRECTION('',(1.,0.,0.));
#7840 = ORIENTED_EDGE('',*,*,#7841,.F.);
#7841 = EDGE_CURVE('',#7842,#7834,#7844,.T.);
#7842 = VERTEX_POINT('',#7843);
#7843 = CARTESIAN_POINT('',(210.,770.,185.));
#7844 = LINE('',#7845,#7846);
#7845 = CARTESIAN_POINT('',(210.,770.,185.));
#7846 = VECTOR('',#7847,1.);
#7847 = DIRECTION('',(0.852851304076,-0.522153859639,0.));
#7848 = ORIENTED_EDGE('',*,*,#7849,.F.);
#7849 = EDGE_CURVE('',#7850,#7842,#7852,.T.);
#7850 = VERTEX_POINT('',#7851);
#7851 = CARTESIAN_POINT('',(-210.,770.,185.));
#7852 = LINE('',#7853,#7854);
#7853 = CARTESIAN_POINT('',(-210.,770.,185.));
#7854 = VECTOR('',#7855,1.);
#7855 = DIRECTION('',(1.,0.,0.));
#7856 = ORIENTED_EDGE('',*,*,#7857,.F.);
#7857 = EDGE_CURVE('',#7858,#7850,#7860,.T.);
#7858 = VERTEX_POINT('',#7859);
#7859 = CARTESIAN_POINT('',(-455.,620.,185.));
#7860 = LINE('',#7861,#7862);
#7861 = CARTESIAN_POINT('',(-455.,620.,185.));
#7862 = VECTOR('',#7863,1.);
#7863 = DIRECTION('',(0.852851304076,0.522153859639,0.));
#7864 = ORIENTED_EDGE('',*,*,#7865,.F.);
#7865 = EDGE_CURVE('',#7866,#7858,#7868,.T.);
#7866 = VERTEX_POINT('',#7867);
#7867 = CARTESIAN_POINT('',(-525.,620.,185.));
#7868 = LINE('',#7869,#7870);
#7869 = CARTESIAN_POINT('',(-525.,620.,185.));
#7870 = VECTOR('',#7871,1.);
#7871 = DIRECTION('',(1.,0.,0.));
#7872 = ORIENTED_EDGE('',*,*,#7873,.F.);
#7873 = EDGE_CURVE('',#7874,#7866,#7876,.T.);
#7874 = VERTEX_POINT('',#7875);
#7875 = CARTESIAN_POINT('',(-525.,180.,185.));
#7876 = LINE('',#7877,#7878);
#7877 = CARTESIAN_POINT('',(-525.,-5.329E-14,185.));
#7878 = VECTOR('',#7879,1.);
#7879 = DIRECTION('',(0.,1.,0.));
#7880 = ORIENTED_EDGE('',*,*,#7881,.F.);
#7881 = EDGE_CURVE('',#7882,#7874,#7884,.T.);
#7882 = VERTEX_POINT('',#7883);
#7883 = CARTESIAN_POINT('',(-525.,1.7E-14,185.));
#7884 = LINE('',#7885,#7886);
#7885 = CARTESIAN_POINT('',(-525.,-5.329E-14,185.));
#7886 = VECTOR('',#7887,1.);
#7887 = DIRECTION('',(0.,1.,0.));
#7888 = ORIENTED_EDGE('',*,*,#7889,.F.);
#7889 = EDGE_CURVE('',#7799,#7882,#7890,.T.);
#7890 = LINE('',#7891,#7892);
#7891 = CARTESIAN_POINT('',(-525.,-5.329E-14,185.));
#7892 = VECTOR('',#7893,1.);
#7893 = DIRECTION('',(0.,1.,0.));
#7894 = FACE_BOUND('',#7895,.T.);
#7895 = EDGE_LOOP('',(#7896));
#7896 = ORIENTED_EDGE('',*,*,#7897,.F.);
#7897 = EDGE_CURVE('',#7898,#7898,#7900,.T.);
#7898 = VERTEX_POINT('',#7899);
#7899 = CARTESIAN_POINT('',(360.,0.,185.));
#7900 = CIRCLE('',#7901,360.);
#7901 = AXIS2_PLACEMENT_3D('',#7902,#7903,#7904);
#7902 = CARTESIAN_POINT('',(0.,0.,185.));
#7903 = DIRECTION('',(0.,0.,1.));
#7904 = DIRECTION('',(1.,0.,0.));
#7905 = FACE_BOUND('',#7906,.T.);
#7906 = EDGE_LOOP('',(#7907));
#7907 = ORIENTED_EDGE('',*,*,#7783,.F.);
#7908 = FACE_BOUND('',#7909,.T.);
#7909 = EDGE_LOOP('',(#7910));
#7910 = ORIENTED_EDGE('',*,*,#7911,.F.);
#7911 = EDGE_CURVE('',#7912,#7912,#7914,.T.);
#7912 = VERTEX_POINT('',#7913);
#7913 = CARTESIAN_POINT('',(125.,607.5,185.));
#7914 = CIRCLE('',#7915,125.);
#7915 = AXIS2_PLACEMENT_3D('',#7916,#7917,#7918);
#7916 = CARTESIAN_POINT('',(0.,607.5,185.));
#7917 = DIRECTION('',(0.,0.,1.));
#7918 = DIRECTION('',(1.,0.,0.));
#7919 = FACE_BOUND('',#7920,.T.);
#7920 = EDGE_LOOP('',(#7921));
#7921 = ORIENTED_EDGE('',*,*,#7922,.F.);
#7922 = EDGE_CURVE('',#7923,#7923,#7925,.T.);
#7923 = VERTEX_POINT('',#7924);
#7924 = CARTESIAN_POINT('',(440.,482.5,185.));
#7925 = CIRCLE('',#7926,125.);
#7926 = AXIS2_PLACEMENT_3D('',#7927,#7928,#7929);
#7927 = CARTESIAN_POINT('',(315.,482.5,185.));
#7928 = DIRECTION('',(0.,0.,1.));
#7929 = DIRECTION('',(1.,0.,0.));
#7930 = PLANE('',#7931);
#7931 = AXIS2_PLACEMENT_3D('',#7932,#7933,#7934);
#7932 = CARTESIAN_POINT('',(-1.338E-14,158.34180068608,185.));
#7933 = DIRECTION('',(0.,0.,1.));
#7934 = DIRECTION('',(1.,0.,0.));
#7935 = ADVANCED_FACE('',(#7936),#7962,.T.);
#7936 = FACE_BOUND('',#7937,.F.);
#7937 = EDGE_LOOP('',(#7938,#7946,#7947,#7955));
#7938 = ORIENTED_EDGE('',*,*,#7939,.T.);
#7939 = EDGE_CURVE('',#7940,#7799,#7942,.T.);
#7940 = VERTEX_POINT('',#7941);
#7941 = CARTESIAN_POINT('',(-525.,-87.40740254664,150.));
#7942 = LINE('',#7943,#7944);
#7943 = CARTESIAN_POINT('',(-525.,-87.40740254664,150.));
#7944 = VECTOR('',#7945,1.);
#7945 = DIRECTION('',(0.,0.,1.));
#7946 = ORIENTED_EDGE('',*,*,#7798,.T.);
#7947 = ORIENTED_EDGE('',*,*,#7948,.F.);
#7948 = EDGE_CURVE('',#7949,#7801,#7951,.T.);
#7949 = VERTEX_POINT('',#7950);
#7950 = CARTESIAN_POINT('',(525.,-87.40740254664,150.));
#7951 = LINE('',#7952,#7953);
#7952 = CARTESIAN_POINT('',(525.,-87.40740254664,150.));
#7953 = VECTOR('',#7954,1.);
#7954 = DIRECTION('',(0.,0.,1.));
#7955 = ORIENTED_EDGE('',*,*,#7956,.F.);
#7956 = EDGE_CURVE('',#7940,#7949,#7957,.T.);
#7957 = CIRCLE('',#7958,536.);
#7958 = AXIS2_PLACEMENT_3D('',#7959,#7960,#7961);
#7959 = CARTESIAN_POINT('',(0.,20.625,150.));
#7960 = DIRECTION('',(0.,0.,1.));
#7961 = DIRECTION('',(1.,0.,0.));
#7962 = CYLINDRICAL_SURFACE('',#7963,536.);
#7963 = AXIS2_PLACEMENT_3D('',#7964,#7965,#7966);
#7964 = CARTESIAN_POINT('',(0.,20.625,150.));
#7965 = DIRECTION('',(-0.,-0.,-1.));
#7966 = DIRECTION('',(1.,0.,0.));
#7967 = ADVANCED_FACE('',(#7968),#7986,.T.);
#7968 = FACE_BOUND('',#7969,.T.);
#7969 = EDGE_LOOP('',(#7970,#7978,#7984,#7985));
#7970 = ORIENTED_EDGE('',*,*,#7971,.T.);
#7971 = EDGE_CURVE('',#7882,#7972,#7974,.T.);
#7972 = VERTEX_POINT('',#7973);
#7973 = CARTESIAN_POINT('',(-525.,-5.3E-14,150.));
#7974 = LINE('',#7975,#7976);
#7975 = CARTESIAN_POINT('',(-525.,1.707E-14,175.));
#7976 = VECTOR('',#7977,1.);
#7977 = DIRECTION('',(2.2E-16,0.,-1.));
#7978 = ORIENTED_EDGE('',*,*,#7979,.T.);
#7979 = EDGE_CURVE('',#7972,#7940,#7980,.T.);
#7980 = LINE('',#7981,#7982);
#7981 = CARTESIAN_POINT('',(-525.,-1.421E-14,150.));
#7982 = VECTOR('',#7983,1.);
#7983 = DIRECTION('',(0.,-1.,0.));
#7984 = ORIENTED_EDGE('',*,*,#7939,.T.);
#7985 = ORIENTED_EDGE('',*,*,#7889,.T.);
#7986 = PLANE('',#7987);
#7987 = AXIS2_PLACEMENT_3D('',#7988,#7989,#7990);
#7988 = CARTESIAN_POINT('',(-525.,245.85398488502,79.565057152305));
#7989 = DIRECTION('',(-1.,-0.,-0.));
#7990 = DIRECTION('',(0.,0.,-1.));
#7991 = ADVANCED_FACE('',(#7992),#8010,.T.);
#7992 = FACE_BOUND('',#7993,.T.);
#7993 = EDGE_LOOP('',(#7994,#8002,#8003,#8004));
#7994 = ORIENTED_EDGE('',*,*,#7995,.F.);
#7995 = EDGE_CURVE('',#7810,#7996,#7998,.T.);
#7996 = VERTEX_POINT('',#7997);
#7997 = CARTESIAN_POINT('',(525.,-7.E-15,150.));
#7998 = LINE('',#7999,#8000);
#7999 = CARTESIAN_POINT('',(525.,-9.95E-14,175.));
#8000 = VECTOR('',#8001,1.);
#8001 = DIRECTION('',(0.,0.,-1.));
#8002 = ORIENTED_EDGE('',*,*,#7809,.T.);
#8003 = ORIENTED_EDGE('',*,*,#7948,.F.);
#8004 = ORIENTED_EDGE('',*,*,#8005,.F.);
#8005 = EDGE_CURVE('',#7996,#7949,#8006,.T.);
#8006 = LINE('',#8007,#8008);
#8007 = CARTESIAN_POINT('',(525.,620.,150.));
#8008 = VECTOR('',#8009,1.);
#8009 = DIRECTION('',(0.,-1.,0.));
#8010 = PLANE('',#8011);
#8011 = AXIS2_PLACEMENT_3D('',#8012,#8013,#8014);
#8012 = CARTESIAN_POINT('',(525.,245.85398488502,79.565057152305));
#8013 = DIRECTION('',(1.,0.,0.));
#8014 = DIRECTION('',(0.,0.,1.));
#8015 = ADVANCED_FACE('',(#8016,#8076),#8087,.F.);
#8016 = FACE_BOUND('',#8017,.T.);
#8017 = EDGE_LOOP('',(#8018,#8028,#8037,#8043,#8044,#8052,#8061,#8069));
#8018 = ORIENTED_EDGE('',*,*,#8019,.F.);
#8019 = EDGE_CURVE('',#8020,#8022,#8024,.T.);
#8020 = VERTEX_POINT('',#8021);
#8021 = CARTESIAN_POINT('',(-525.,5.555555555557,286.87464926147));
#8022 = VERTEX_POINT('',#8023);
#8023 = CARTESIAN_POINT('',(-525.,35.555555555556,323.99775527382));
#8024 = LINE('',#8025,#8026);
#8025 = CARTESIAN_POINT('',(-525.,5.555555555557,286.87464926147));
#8026 = VECTOR('',#8027,1.);
#8027 = DIRECTION('',(-3.E-17,0.628539361054,0.777777777778));
#8028 = ORIENTED_EDGE('',*,*,#8029,.T.);
#8029 = EDGE_CURVE('',#8020,#8030,#8032,.T.);
#8030 = VERTEX_POINT('',#8031);
#8031 = CARTESIAN_POINT('',(-525.,4.35E-13,271.16116523657));
#8032 = CIRCLE('',#8033,25.);
#8033 = AXIS2_PLACEMENT_3D('',#8034,#8035,#8036);
#8034 = CARTESIAN_POINT('',(-525.,25.000000000001,271.1611652351));
#8035 = DIRECTION('',(1.,-2.2E-16,2.2E-16));
#8036 = DIRECTION('',(2.2E-16,1.,0.));
#8037 = ORIENTED_EDGE('',*,*,#8038,.T.);
#8038 = EDGE_CURVE('',#8030,#7882,#8039,.T.);
#8039 = LINE('',#8040,#8041);
#8040 = CARTESIAN_POINT('',(-525.,1.707E-14,175.));
#8041 = VECTOR('',#8042,1.);
#8042 = DIRECTION('',(2.2E-16,0.,-1.));
#8043 = ORIENTED_EDGE('',*,*,#7881,.T.);
#8044 = ORIENTED_EDGE('',*,*,#8045,.F.);
#8045 = EDGE_CURVE('',#8046,#7874,#8048,.T.);
#8046 = VERTEX_POINT('',#8047);
#8047 = CARTESIAN_POINT('',(-525.,180.,271.16116523516));
#8048 = LINE('',#8049,#8050);
#8049 = CARTESIAN_POINT('',(-525.,180.,271.16116523516));
#8050 = VECTOR('',#8051,1.);
#8051 = DIRECTION('',(2.2E-16,0.,-1.));
#8052 = ORIENTED_EDGE('',*,*,#8053,.T.);
#8053 = EDGE_CURVE('',#8046,#8054,#8056,.T.);
#8054 = VERTEX_POINT('',#8055);
#8055 = CARTESIAN_POINT('',(-525.,174.44444444444,286.87464926153));
#8056 = CIRCLE('',#8057,25.);
#8057 = AXIS2_PLACEMENT_3D('',#8058,#8059,#8060);
#8058 = CARTESIAN_POINT('',(-525.,155.,271.16116523516));
#8059 = DIRECTION('',(1.,-2.2E-16,2.2E-16));
#8060 = DIRECTION('',(2.2E-16,1.,0.));
#8061 = ORIENTED_EDGE('',*,*,#8062,.T.);
#8062 = EDGE_CURVE('',#8054,#8063,#8065,.T.);
#8063 = VERTEX_POINT('',#8064);
#8064 = CARTESIAN_POINT('',(-525.,144.44444444444,323.99775527382));
#8065 = LINE('',#8066,#8067);
#8066 = CARTESIAN_POINT('',(-525.,174.44444444444,286.87464926153));
#8067 = VECTOR('',#8068,1.);
#8068 = DIRECTION('',(-3.1E-16,-0.628539361055,0.777777777778));
#8069 = ORIENTED_EDGE('',*,*,#8070,.T.);
#8070 = EDGE_CURVE('',#8063,#8022,#8071,.T.);
#8071 = CIRCLE('',#8072,70.);
#8072 = AXIS2_PLACEMENT_3D('',#8073,#8074,#8075);
#8073 = CARTESIAN_POINT('',(-525.,90.,280.));
#8074 = DIRECTION('',(1.,-2.2E-16,2.2E-16));
#8075 = DIRECTION('',(2.2E-16,1.,0.));
#8076 = FACE_BOUND('',#8077,.T.);
#8077 = EDGE_LOOP('',(#8078));
#8078 = ORIENTED_EDGE('',*,*,#8079,.F.);
#8079 = EDGE_CURVE('',#8080,#8080,#8082,.T.);
#8080 = VERTEX_POINT('',#8081);
#8081 = CARTESIAN_POINT('',(-525.,120.,280.));
#8082 = CIRCLE('',#8083,30.);
#8083 = AXIS2_PLACEMENT_3D('',#8084,#8085,#8086);
#8084 = CARTESIAN_POINT('',(-525.,90.,280.));
#8085 = DIRECTION('',(1.,-2.2E-16,2.2E-16));
#8086 = DIRECTION('',(2.2E-16,1.,0.));
#8087 = PLANE('',#8088);
#8088 = AXIS2_PLACEMENT_3D('',#8089,#8090,#8091);
#8089 = CARTESIAN_POINT('',(-525.,355.52654155172,116.26942356974));
#8090 = DIRECTION('',(-1.,2.2E-16,-2.2E-16));
#8091 = DIRECTION('',(2.2E-16,0.,-1.));
#8092 = ADVANCED_FACE('',(#8093,#8153),#8164,.F.);
#8093 = FACE_BOUND('',#8094,.F.);
#8094 = EDGE_LOOP('',(#8095,#8105,#8114,#8120,#8121,#8129,#8138,#8146));
#8095 = ORIENTED_EDGE('',*,*,#8096,.F.);
#8096 = EDGE_CURVE('',#8097,#8099,#8101,.T.);
#8097 = VERTEX_POINT('',#8098);
#8098 = CARTESIAN_POINT('',(525.,5.555555555556,286.87464926147));
#8099 = VERTEX_POINT('',#8100);
#8100 = CARTESIAN_POINT('',(525.,35.555555555555,323.99775527383));
#8101 = LINE('',#8102,#8103);
#8102 = CARTESIAN_POINT('',(525.,5.555555555556,286.87464926147));
#8103 = VECTOR('',#8104,1.);
#8104 = DIRECTION('',(0.,0.628539361054,0.777777777778));
#8105 = ORIENTED_EDGE('',*,*,#8106,.T.);
#8106 = EDGE_CURVE('',#8097,#8107,#8109,.T.);
#8107 = VERTEX_POINT('',#8108);
#8108 = CARTESIAN_POINT('',(525.,3.18E-13,271.16116523657));
#8109 = CIRCLE('',#8110,25.);
#8110 = AXIS2_PLACEMENT_3D('',#8111,#8112,#8113);
#8111 = CARTESIAN_POINT('',(525.,25.000000000001,271.1611652351));
#8112 = DIRECTION('',(1.,0.,0.));
#8113 = DIRECTION('',(0.,1.,0.));
#8114 = ORIENTED_EDGE('',*,*,#8115,.T.);
#8115 = EDGE_CURVE('',#8107,#7810,#8116,.T.);
#8116 = LINE('',#8117,#8118);
#8117 = CARTESIAN_POINT('',(525.,-9.95E-14,175.));
#8118 = VECTOR('',#8119,1.);
#8119 = DIRECTION('',(0.,0.,-1.));
#8120 = ORIENTED_EDGE('',*,*,#7817,.F.);
#8121 = ORIENTED_EDGE('',*,*,#8122,.F.);
#8122 = EDGE_CURVE('',#8123,#7818,#8125,.T.);
#8123 = VERTEX_POINT('',#8124);
#8124 = CARTESIAN_POINT('',(525.,180.,271.16116523516));
#8125 = LINE('',#8126,#8127);
#8126 = CARTESIAN_POINT('',(525.,180.,271.16116523516));
#8127 = VECTOR('',#8128,1.);
#8128 = DIRECTION('',(0.,0.,-1.));
#8129 = ORIENTED_EDGE('',*,*,#8130,.T.);
#8130 = EDGE_CURVE('',#8123,#8131,#8133,.T.);
#8131 = VERTEX_POINT('',#8132);
#8132 = CARTESIAN_POINT('',(525.,174.44444444444,286.87464926153));
#8133 = CIRCLE('',#8134,25.);
#8134 = AXIS2_PLACEMENT_3D('',#8135,#8136,#8137);
#8135 = CARTESIAN_POINT('',(525.,155.,271.16116523516));
#8136 = DIRECTION('',(1.,0.,0.));
#8137 = DIRECTION('',(0.,1.,0.));
#8138 = ORIENTED_EDGE('',*,*,#8139,.T.);
#8139 = EDGE_CURVE('',#8131,#8140,#8142,.T.);
#8140 = VERTEX_POINT('',#8141);
#8141 = CARTESIAN_POINT('',(525.,144.44444444444,323.99775527383));
#8142 = LINE('',#8143,#8144);
#8143 = CARTESIAN_POINT('',(525.,174.44444444444,286.87464926153));
#8144 = VECTOR('',#8145,1.);
#8145 = DIRECTION('',(0.,-0.628539361055,0.777777777778));
#8146 = ORIENTED_EDGE('',*,*,#8147,.T.);
#8147 = EDGE_CURVE('',#8140,#8099,#8148,.T.);
#8148 = CIRCLE('',#8149,70.);
#8149 = AXIS2_PLACEMENT_3D('',#8150,#8151,#8152);
#8150 = CARTESIAN_POINT('',(525.,90.,280.));
#8151 = DIRECTION('',(1.,0.,0.));
#8152 = DIRECTION('',(0.,1.,0.));
#8153 = FACE_BOUND('',#8154,.F.);
#8154 = EDGE_LOOP('',(#8155));
#8155 = ORIENTED_EDGE('',*,*,#8156,.F.);
#8156 = EDGE_CURVE('',#8157,#8157,#8159,.T.);
#8157 = VERTEX_POINT('',#8158);
#8158 = CARTESIAN_POINT('',(525.,120.,280.));
#8159 = CIRCLE('',#8160,30.);
#8160 = AXIS2_PLACEMENT_3D('',#8161,#8162,#8163);
#8161 = CARTESIAN_POINT('',(525.,90.,280.));
#8162 = DIRECTION('',(1.,0.,0.));
#8163 = DIRECTION('',(0.,1.,0.));
#8164 = PLANE('',#8165);
#8165 = AXIS2_PLACEMENT_3D('',#8166,#8167,#8168);
#8166 = CARTESIAN_POINT('',(525.,355.52654155172,116.26942356974));
#8167 = DIRECTION('',(1.,0.,0.));
#8168 = DIRECTION('',(0.,0.,1.));
#8169 = ADVANCED_FACE('',(#8170),#8195,.T.);
#8170 = FACE_BOUND('',#8171,.T.);
#8171 = EDGE_LOOP('',(#8172,#8180,#8181,#8189));
#8172 = ORIENTED_EDGE('',*,*,#8173,.F.);
#8173 = EDGE_CURVE('',#7874,#8174,#8176,.T.);
#8174 = VERTEX_POINT('',#8175);
#8175 = CARTESIAN_POINT('',(-525.,180.,175.));
#8176 = LINE('',#8177,#8178);
#8177 = CARTESIAN_POINT('',(-525.,180.,271.16116523516));
#8178 = VECTOR('',#8179,1.);
#8179 = DIRECTION('',(2.2E-16,0.,-1.));
#8180 = ORIENTED_EDGE('',*,*,#7873,.T.);
#8181 = ORIENTED_EDGE('',*,*,#8182,.F.);
#8182 = EDGE_CURVE('',#8183,#7866,#8185,.T.);
#8183 = VERTEX_POINT('',#8184);
#8184 = CARTESIAN_POINT('',(-525.,620.,175.));
#8185 = LINE('',#8186,#8187);
#8186 = CARTESIAN_POINT('',(-525.,620.,150.));
#8187 = VECTOR('',#8188,1.);
#8188 = DIRECTION('',(0.,0.,1.));
#8189 = ORIENTED_EDGE('',*,*,#8190,.T.);
#8190 = EDGE_CURVE('',#8183,#8174,#8191,.T.);
#8191 = LINE('',#8192,#8193);
#8192 = CARTESIAN_POINT('',(-525.,770.,175.));
#8193 = VECTOR('',#8194,1.);
#8194 = DIRECTION('',(-2.2E-16,-1.,-0.));
#8195 = PLANE('',#8196);
#8196 = AXIS2_PLACEMENT_3D('',#8197,#8198,#8199);
#8197 = CARTESIAN_POINT('',(-525.,245.85398488502,79.565057152305));
#8198 = DIRECTION('',(-1.,-0.,-0.));
#8199 = DIRECTION('',(0.,0.,-1.));
#8200 = ADVANCED_FACE('',(#8201),#8226,.T.);
#8201 = FACE_BOUND('',#8202,.T.);
#8202 = EDGE_LOOP('',(#8203,#8211,#8212,#8220));
#8203 = ORIENTED_EDGE('',*,*,#8204,.F.);
#8204 = EDGE_CURVE('',#7826,#8205,#8207,.T.);
#8205 = VERTEX_POINT('',#8206);
#8206 = CARTESIAN_POINT('',(525.,620.,175.));
#8207 = LINE('',#8208,#8209);
#8208 = CARTESIAN_POINT('',(525.,620.,0.));
#8209 = VECTOR('',#8210,1.);
#8210 = DIRECTION('',(0.,0.,-1.));
#8211 = ORIENTED_EDGE('',*,*,#7825,.T.);
#8212 = ORIENTED_EDGE('',*,*,#8213,.T.);
#8213 = EDGE_CURVE('',#7818,#8214,#8216,.T.);
#8214 = VERTEX_POINT('',#8215);
#8215 = CARTESIAN_POINT('',(525.,180.,175.));
#8216 = LINE('',#8217,#8218);
#8217 = CARTESIAN_POINT('',(525.,180.,271.16116523516));
#8218 = VECTOR('',#8219,1.);
#8219 = DIRECTION('',(0.,0.,-1.));
#8220 = ORIENTED_EDGE('',*,*,#8221,.F.);
#8221 = EDGE_CURVE('',#8205,#8214,#8222,.T.);
#8222 = LINE('',#8223,#8224);
#8223 = CARTESIAN_POINT('',(525.,770.,175.));
#8224 = VECTOR('',#8225,1.);
#8225 = DIRECTION('',(0.,-1.,0.));
#8226 = PLANE('',#8227);
#8227 = AXIS2_PLACEMENT_3D('',#8228,#8229,#8230);
#8228 = CARTESIAN_POINT('',(525.,245.85398488502,79.565057152305));
#8229 = DIRECTION('',(1.,0.,0.));
#8230 = DIRECTION('',(0.,0.,1.));
#8231 = ADVANCED_FACE('',(#8232),#8274,.T.);
#8232 = FACE_BOUND('',#8233,.T.);
#8233 = EDGE_LOOP('',(#8234,#8244,#8250,#8251,#8252,#8260,#8268));
#8234 = ORIENTED_EDGE('',*,*,#8235,.F.);
#8235 = EDGE_CURVE('',#8236,#8238,#8240,.T.);
#8236 = VERTEX_POINT('',#8237);
#8237 = CARTESIAN_POINT('',(-525.,620.,-25.));
#8238 = VERTEX_POINT('',#8239);
#8239 = CARTESIAN_POINT('',(-480.,620.,-25.));
#8240 = LINE('',#8241,#8242);
#8241 = CARTESIAN_POINT('',(-525.,620.,-25.));
#8242 = VECTOR('',#8243,1.);
#8243 = DIRECTION('',(1.,0.,0.));
#8244 = ORIENTED_EDGE('',*,*,#8245,.T.);
#8245 = EDGE_CURVE('',#8236,#8183,#8246,.T.);
#8246 = LINE('',#8247,#8248);
#8247 = CARTESIAN_POINT('',(-525.,620.,150.));
#8248 = VECTOR('',#8249,1.);
#8249 = DIRECTION('',(0.,0.,1.));
#8250 = ORIENTED_EDGE('',*,*,#8182,.T.);
#8251 = ORIENTED_EDGE('',*,*,#7865,.T.);
#8252 = ORIENTED_EDGE('',*,*,#8253,.F.);
#8253 = EDGE_CURVE('',#8254,#7858,#8256,.T.);
#8254 = VERTEX_POINT('',#8255);
#8255 = CARTESIAN_POINT('',(-455.,620.,175.));
#8256 = LINE('',#8257,#8258);
#8257 = CARTESIAN_POINT('',(-455.,620.,150.));
#8258 = VECTOR('',#8259,1.);
#8259 = DIRECTION('',(0.,0.,1.));
#8260 = ORIENTED_EDGE('',*,*,#8261,.F.);
#8261 = EDGE_CURVE('',#8262,#8254,#8264,.T.);
#8262 = VERTEX_POINT('',#8263);
#8263 = CARTESIAN_POINT('',(-480.,620.,175.));
#8264 = LINE('',#8265,#8266);
#8265 = CARTESIAN_POINT('',(-480.,620.,175.));
#8266 = VECTOR('',#8267,1.);
#8267 = DIRECTION('',(1.,-2.2E-16,2.2E-16));
#8268 = ORIENTED_EDGE('',*,*,#8269,.T.);
#8269 = EDGE_CURVE('',#8262,#8238,#8270,.T.);
#8270 = LINE('',#8271,#8272);
#8271 = CARTESIAN_POINT('',(-480.,620.,175.));
#8272 = VECTOR('',#8273,1.);
#8273 = DIRECTION('',(2.2E-16,-0.,-1.));
#8274 = PLANE('',#8275);
#8275 = AXIS2_PLACEMENT_3D('',#8276,#8277,#8278);
#8276 = CARTESIAN_POINT('',(-490.,620.,80.));
#8277 = DIRECTION('',(0.,1.,0.));
#8278 = DIRECTION('',(0.,0.,1.));
#8279 = ADVANCED_FACE('',(#8280),#8322,.T.);
#8280 = FACE_BOUND('',#8281,.T.);
#8281 = EDGE_LOOP('',(#8282,#8290,#8291,#8292,#8300,#8308,#8316));
#8282 = ORIENTED_EDGE('',*,*,#8283,.F.);
#8283 = EDGE_CURVE('',#7834,#8284,#8286,.T.);
#8284 = VERTEX_POINT('',#8285);
#8285 = CARTESIAN_POINT('',(455.,620.,175.));
#8286 = LINE('',#8287,#8288);
#8287 = CARTESIAN_POINT('',(455.,620.,0.));
#8288 = VECTOR('',#8289,1.);
#8289 = DIRECTION('',(0.,0.,-1.));
#8290 = ORIENTED_EDGE('',*,*,#7833,.T.);
#8291 = ORIENTED_EDGE('',*,*,#8204,.T.);
#8292 = ORIENTED_EDGE('',*,*,#8293,.T.);
#8293 = EDGE_CURVE('',#8205,#8294,#8296,.T.);
#8294 = VERTEX_POINT('',#8295);
#8295 = CARTESIAN_POINT('',(525.,620.,-25.));
#8296 = LINE('',#8297,#8298);
#8297 = CARTESIAN_POINT('',(525.,620.,0.));
#8298 = VECTOR('',#8299,1.);
#8299 = DIRECTION('',(0.,0.,-1.));
#8300 = ORIENTED_EDGE('',*,*,#8301,.F.);
#8301 = EDGE_CURVE('',#8302,#8294,#8304,.T.);
#8302 = VERTEX_POINT('',#8303);
#8303 = CARTESIAN_POINT('',(480.,620.,-25.));
#8304 = LINE('',#8305,#8306);
#8305 = CARTESIAN_POINT('',(455.,620.,-25.));
#8306 = VECTOR('',#8307,1.);
#8307 = DIRECTION('',(1.,0.,0.));
#8308 = ORIENTED_EDGE('',*,*,#8309,.F.);
#8309 = EDGE_CURVE('',#8310,#8302,#8312,.T.);
#8310 = VERTEX_POINT('',#8311);
#8311 = CARTESIAN_POINT('',(480.,620.,175.));
#8312 = LINE('',#8313,#8314);
#8313 = CARTESIAN_POINT('',(480.,620.,175.));
#8314 = VECTOR('',#8315,1.);
#8315 = DIRECTION('',(0.,0.,-1.));
#8316 = ORIENTED_EDGE('',*,*,#8317,.T.);
#8317 = EDGE_CURVE('',#8310,#8284,#8318,.T.);
#8318 = LINE('',#8319,#8320);
#8319 = CARTESIAN_POINT('',(480.,620.,175.));
#8320 = VECTOR('',#8321,1.);
#8321 = DIRECTION('',(-1.,0.,0.));
#8322 = PLANE('',#8323);
#8323 = AXIS2_PLACEMENT_3D('',#8324,#8325,#8326);
#8324 = CARTESIAN_POINT('',(490.,620.,80.));
#8325 = DIRECTION('',(0.,1.,0.));
#8326 = DIRECTION('',(0.,0.,1.));
#8327 = ADVANCED_FACE('',(#8328),#8354,.T.);
#8328 = FACE_BOUND('',#8329,.T.);
#8329 = EDGE_LOOP('',(#8330,#8338,#8339,#8340,#8348));
#8330 = ORIENTED_EDGE('',*,*,#8331,.T.);
#8331 = EDGE_CURVE('',#8332,#8254,#8334,.T.);
#8332 = VERTEX_POINT('',#8333);
#8333 = CARTESIAN_POINT('',(-455.,620.,-25.));
#8334 = LINE('',#8335,#8336);
#8335 = CARTESIAN_POINT('',(-455.,620.,150.));
#8336 = VECTOR('',#8337,1.);
#8337 = DIRECTION('',(0.,0.,1.));
#8338 = ORIENTED_EDGE('',*,*,#8253,.T.);
#8339 = ORIENTED_EDGE('',*,*,#7857,.T.);
#8340 = ORIENTED_EDGE('',*,*,#8341,.T.);
#8341 = EDGE_CURVE('',#7850,#8342,#8344,.T.);
#8342 = VERTEX_POINT('',#8343);
#8343 = CARTESIAN_POINT('',(-210.,770.,-25.));
#8344 = LINE('',#8345,#8346);
#8345 = CARTESIAN_POINT('',(-210.,770.,0.));
#8346 = VECTOR('',#8347,1.);
#8347 = DIRECTION('',(0.,0.,-1.));
#8348 = ORIENTED_EDGE('',*,*,#8349,.F.);
#8349 = EDGE_CURVE('',#8332,#8342,#8350,.T.);
#8350 = LINE('',#8351,#8352);
#8351 = CARTESIAN_POINT('',(-455.,620.,-25.));
#8352 = VECTOR('',#8353,1.);
#8353 = DIRECTION('',(0.852851304076,0.522153859639,0.));
#8354 = PLANE('',#8355);
#8355 = AXIS2_PLACEMENT_3D('',#8356,#8357,#8358);
#8356 = CARTESIAN_POINT('',(-332.5,695.,80.));
#8357 = DIRECTION('',(-0.522153859639,0.852851304076,0.));
#8358 = DIRECTION('',(0.852851304076,0.522153859639,0.));
#8359 = ADVANCED_FACE('',(#8360),#8386,.T.);
#8360 = FACE_BOUND('',#8361,.T.);
#8361 = EDGE_LOOP('',(#8362,#8363,#8364,#8372,#8380));
#8362 = ORIENTED_EDGE('',*,*,#7841,.T.);
#8363 = ORIENTED_EDGE('',*,*,#8283,.T.);
#8364 = ORIENTED_EDGE('',*,*,#8365,.T.);
#8365 = EDGE_CURVE('',#8284,#8366,#8368,.T.);
#8366 = VERTEX_POINT('',#8367);
#8367 = CARTESIAN_POINT('',(455.,620.,-25.));
#8368 = LINE('',#8369,#8370);
#8369 = CARTESIAN_POINT('',(455.,620.,0.));
#8370 = VECTOR('',#8371,1.);
#8371 = DIRECTION('',(0.,0.,-1.));
#8372 = ORIENTED_EDGE('',*,*,#8373,.F.);
#8373 = EDGE_CURVE('',#8374,#8366,#8376,.T.);
#8374 = VERTEX_POINT('',#8375);
#8375 = CARTESIAN_POINT('',(210.,770.,-25.));
#8376 = LINE('',#8377,#8378);
#8377 = CARTESIAN_POINT('',(210.,770.,-25.));
#8378 = VECTOR('',#8379,1.);
#8379 = DIRECTION('',(0.852851304076,-0.522153859639,0.));
#8380 = ORIENTED_EDGE('',*,*,#8381,.F.);
#8381 = EDGE_CURVE('',#7842,#8374,#8382,.T.);
#8382 = LINE('',#8383,#8384);
#8383 = CARTESIAN_POINT('',(210.,770.,0.));
#8384 = VECTOR('',#8385,1.);
#8385 = DIRECTION('',(0.,0.,-1.));
#8386 = PLANE('',#8387);
#8387 = AXIS2_PLACEMENT_3D('',#8388,#8389,#8390);
#8388 = CARTESIAN_POINT('',(332.5,695.,80.));
#8389 = DIRECTION('',(0.522153859639,0.852851304076,0.));
#8390 = DIRECTION('',(0.852851304076,-0.522153859639,0.));
#8391 = ADVANCED_FACE('',(#8392),#8403,.T.);
#8392 = FACE_BOUND('',#8393,.T.);
#8393 = EDGE_LOOP('',(#8394,#8395,#8396,#8402));
#8394 = ORIENTED_EDGE('',*,*,#7849,.T.);
#8395 = ORIENTED_EDGE('',*,*,#8381,.T.);
#8396 = ORIENTED_EDGE('',*,*,#8397,.F.);
#8397 = EDGE_CURVE('',#8342,#8374,#8398,.T.);
#8398 = LINE('',#8399,#8400);
#8399 = CARTESIAN_POINT('',(-210.,770.,-25.));
#8400 = VECTOR('',#8401,1.);
#8401 = DIRECTION('',(1.,0.,0.));
#8402 = ORIENTED_EDGE('',*,*,#8341,.F.);
#8403 = PLANE('',#8404);
#8404 = AXIS2_PLACEMENT_3D('',#8405,#8406,#8407);
#8405 = CARTESIAN_POINT('',(0.,770.,80.));
#8406 = DIRECTION('',(0.,1.,0.));
#8407 = DIRECTION('',(0.,0.,1.));
#8408 = ADVANCED_FACE('',(#8409),#8428,.T.);
#8409 = FACE_BOUND('',#8410,.F.);
#8410 = EDGE_LOOP('',(#8411,#8419,#8426,#8427));
#8411 = ORIENTED_EDGE('',*,*,#8412,.T.);
#8412 = EDGE_CURVE('',#7898,#8413,#8415,.T.);
#8413 = VERTEX_POINT('',#8414);
#8414 = CARTESIAN_POINT('',(360.,0.,235.));
#8415 = LINE('',#8416,#8417);
#8416 = CARTESIAN_POINT('',(360.,0.,185.));
#8417 = VECTOR('',#8418,1.);
#8418 = DIRECTION('',(0.,0.,1.));
#8419 = ORIENTED_EDGE('',*,*,#8420,.T.);
#8420 = EDGE_CURVE('',#8413,#8413,#8421,.T.);
#8421 = CIRCLE('',#8422,360.);
#8422 = AXIS2_PLACEMENT_3D('',#8423,#8424,#8425);
#8423 = CARTESIAN_POINT('',(0.,0.,235.));
#8424 = DIRECTION('',(0.,0.,1.));
#8425 = DIRECTION('',(1.,0.,0.));
#8426 = ORIENTED_EDGE('',*,*,#8412,.F.);
#8427 = ORIENTED_EDGE('',*,*,#7897,.F.);
#8428 = CYLINDRICAL_SURFACE('',#8429,360.);
#8429 = AXIS2_PLACEMENT_3D('',#8430,#8431,#8432);
#8430 = CARTESIAN_POINT('',(0.,0.,185.));
#8431 = DIRECTION('',(-0.,-0.,-1.));
#8432 = DIRECTION('',(1.,0.,0.));
#8433 = ADVANCED_FACE('',(#8434),#8453,.T.);
#8434 = FACE_BOUND('',#8435,.F.);
#8435 = EDGE_LOOP('',(#8436,#8444,#8451,#8452));
#8436 = ORIENTED_EDGE('',*,*,#8437,.T.);
#8437 = EDGE_CURVE('',#7912,#8438,#8440,.T.);
#8438 = VERTEX_POINT('',#8439);
#8439 = CARTESIAN_POINT('',(125.,607.5,275.));
#8440 = LINE('',#8441,#8442);
#8441 = CARTESIAN_POINT('',(125.,607.5,185.));
#8442 = VECTOR('',#8443,1.);
#8443 = DIRECTION('',(0.,0.,1.));
#8444 = ORIENTED_EDGE('',*,*,#8445,.T.);
#8445 = EDGE_CURVE('',#8438,#8438,#8446,.T.);
#8446 = CIRCLE('',#8447,125.);
#8447 = AXIS2_PLACEMENT_3D('',#8448,#8449,#8450);
#8448 = CARTESIAN_POINT('',(0.,607.5,275.));
#8449 = DIRECTION('',(0.,0.,1.));
#8450 = DIRECTION('',(1.,0.,0.));
#8451 = ORIENTED_EDGE('',*,*,#8437,.F.);
#8452 = ORIENTED_EDGE('',*,*,#7911,.F.);
#8453 = CYLINDRICAL_SURFACE('',#8454,125.);
#8454 = AXIS2_PLACEMENT_3D('',#8455,#8456,#8457);
#8455 = CARTESIAN_POINT('',(0.,607.5,185.));
#8456 = DIRECTION('',(-0.,-0.,-1.));
#8457 = DIRECTION('',(1.,0.,0.));
#8458 = ADVANCED_FACE('',(#8459),#8478,.T.);
#8459 = FACE_BOUND('',#8460,.F.);
#8460 = EDGE_LOOP('',(#8461,#8469,#8476,#8477));
#8461 = ORIENTED_EDGE('',*,*,#8462,.T.);
#8462 = EDGE_CURVE('',#7923,#8463,#8465,.T.);
#8463 = VERTEX_POINT('',#8464);
#8464 = CARTESIAN_POINT('',(440.,482.5,275.));
#8465 = LINE('',#8466,#8467);
#8466 = CARTESIAN_POINT('',(440.,482.5,185.));
#8467 = VECTOR('',#8468,1.);
#8468 = DIRECTION('',(0.,0.,1.));
#8469 = ORIENTED_EDGE('',*,*,#8470,.T.);
#8470 = EDGE_CURVE('',#8463,#8463,#8471,.T.);
#8471 = CIRCLE('',#8472,125.);
#8472 = AXIS2_PLACEMENT_3D('',#8473,#8474,#8475);
#8473 = CARTESIAN_POINT('',(315.,482.5,275.));
#8474 = DIRECTION('',(0.,0.,1.));
#8475 = DIRECTION('',(1.,0.,0.));
#8476 = ORIENTED_EDGE('',*,*,#8462,.F.);
#8477 = ORIENTED_EDGE('',*,*,#7922,.F.);
#8478 = CYLINDRICAL_SURFACE('',#8479,125.);
#8479 = AXIS2_PLACEMENT_3D('',#8480,#8481,#8482);
#8480 = CARTESIAN_POINT('',(315.,482.5,185.));
#8481 = DIRECTION('',(-0.,-0.,-1.));
#8482 = DIRECTION('',(1.,0.,0.));
#8483 = ADVANCED_FACE('',(#8484),#8496,.F.);
#8484 = FACE_BOUND('',#8485,.F.);
#8485 = EDGE_LOOP('',(#8486,#8493,#8494,#8495));
#8486 = ORIENTED_EDGE('',*,*,#8487,.F.);
#8487 = EDGE_CURVE('',#7972,#7996,#8488,.T.);
#8488 = CIRCLE('',#8489,525.625);
#8489 = AXIS2_PLACEMENT_3D('',#8490,#8491,#8492);
#8490 = CARTESIAN_POINT('',(0.,25.625,150.));
#8491 = DIRECTION('',(0.,0.,1.));
#8492 = DIRECTION('',(1.,0.,0.));
#8493 = ORIENTED_EDGE('',*,*,#7979,.T.);
#8494 = ORIENTED_EDGE('',*,*,#7956,.T.);
#8495 = ORIENTED_EDGE('',*,*,#8005,.F.);
#8496 = PLANE('',#8497);
#8497 = AXIS2_PLACEMENT_3D('',#8498,#8499,#8500);
#8498 = CARTESIAN_POINT('',(-1.338E-14,158.34180068608,150.));
#8499 = DIRECTION('',(0.,0.,1.));
#8500 = DIRECTION('',(1.,0.,0.));
#8501 = ADVANCED_FACE('',(#8502),#8544,.T.);
#8502 = FACE_BOUND('',#8503,.F.);
#8503 = EDGE_LOOP('',(#8504,#8512,#8513,#8514,#8522,#8530,#8538));
#8504 = ORIENTED_EDGE('',*,*,#8505,.F.);
#8505 = EDGE_CURVE('',#8030,#8506,#8508,.T.);
#8506 = VERTEX_POINT('',#8507);
#8507 = CARTESIAN_POINT('',(-550.,4.4E-13,271.16116523657));
#8508 = LINE('',#8509,#8510);
#8509 = CARTESIAN_POINT('',(-525.,4.3453E-13,271.16116523657));
#8510 = VECTOR('',#8511,1.);
#8511 = DIRECTION('',(-1.,2.2E-16,-2.2E-16));
#8512 = ORIENTED_EDGE('',*,*,#8038,.T.);
#8513 = ORIENTED_EDGE('',*,*,#7971,.T.);
#8514 = ORIENTED_EDGE('',*,*,#8515,.F.);
#8515 = EDGE_CURVE('',#8516,#7972,#8518,.T.);
#8516 = VERTEX_POINT('',#8517);
#8517 = CARTESIAN_POINT('',(-525.,-5.3E-14,0.));
#8518 = LINE('',#8519,#8520);
#8519 = CARTESIAN_POINT('',(-525.,-5.329E-14,0.));
#8520 = VECTOR('',#8521,1.);
#8521 = DIRECTION('',(0.,0.,1.));
#8522 = ORIENTED_EDGE('',*,*,#8523,.T.);
#8523 = EDGE_CURVE('',#8516,#8524,#8526,.T.);
#8524 = VERTEX_POINT('',#8525);
#8525 = CARTESIAN_POINT('',(-525.,1.7E-14,-25.));
#8526 = LINE('',#8527,#8528);
#8527 = CARTESIAN_POINT('',(-525.,1.707E-14,175.));
#8528 = VECTOR('',#8529,1.);
#8529 = DIRECTION('',(2.2E-16,0.,-1.));
#8530 = ORIENTED_EDGE('',*,*,#8531,.T.);
#8531 = EDGE_CURVE('',#8524,#8532,#8534,.T.);
#8532 = VERTEX_POINT('',#8533);
#8533 = CARTESIAN_POINT('',(-550.,2.3E-14,-25.));
#8534 = LINE('',#8535,#8536);
#8535 = CARTESIAN_POINT('',(-525.,1.707E-14,-25.));
#8536 = VECTOR('',#8537,1.);
#8537 = DIRECTION('',(-1.,2.2E-16,-2.2E-16));
#8538 = ORIENTED_EDGE('',*,*,#8539,.T.);
#8539 = EDGE_CURVE('',#8532,#8506,#8540,.T.);
#8540 = LINE('',#8541,#8542);
#8541 = CARTESIAN_POINT('',(-550.,2.262E-14,175.));
#8542 = VECTOR('',#8543,1.);
#8543 = DIRECTION('',(-2.2E-16,0.,1.));
#8544 = PLANE('',#8545);
#8545 = AXIS2_PLACEMENT_3D('',#8546,#8547,#8548);
#8546 = CARTESIAN_POINT('',(-537.5,3.61E-14,123.08058261828));
#8547 = DIRECTION('',(-2.2E-16,-1.,-0.));
#8548 = DIRECTION('',(-2.2E-16,4.84E-32,1.));
#8549 = ADVANCED_FACE('',(#8550),#8592,.T.);
#8550 = FACE_BOUND('',#8551,.T.);
#8551 = EDGE_LOOP('',(#8552,#8560,#8561,#8562,#8570,#8578,#8586));
#8552 = ORIENTED_EDGE('',*,*,#8553,.F.);
#8553 = EDGE_CURVE('',#8107,#8554,#8556,.T.);
#8554 = VERTEX_POINT('',#8555);
#8555 = CARTESIAN_POINT('',(550.,3.18E-13,271.16116523657));
#8556 = LINE('',#8557,#8558);
#8557 = CARTESIAN_POINT('',(525.,3.1796E-13,271.16116523657));
#8558 = VECTOR('',#8559,1.);
#8559 = DIRECTION('',(1.,0.,0.));
#8560 = ORIENTED_EDGE('',*,*,#8115,.T.);
#8561 = ORIENTED_EDGE('',*,*,#7995,.T.);
#8562 = ORIENTED_EDGE('',*,*,#8563,.F.);
#8563 = EDGE_CURVE('',#8564,#7996,#8566,.T.);
#8564 = VERTEX_POINT('',#8565);
#8565 = CARTESIAN_POINT('',(525.,-7.E-15,0.));
#8566 = LINE('',#8567,#8568);
#8567 = CARTESIAN_POINT('',(525.,-7.11E-15,0.));
#8568 = VECTOR('',#8569,1.);
#8569 = DIRECTION('',(0.,0.,1.));
#8570 = ORIENTED_EDGE('',*,*,#8571,.T.);
#8571 = EDGE_CURVE('',#8564,#8572,#8574,.T.);
#8572 = VERTEX_POINT('',#8573);
#8573 = CARTESIAN_POINT('',(525.,-1.E-13,-25.));
#8574 = LINE('',#8575,#8576);
#8575 = CARTESIAN_POINT('',(525.,-9.95E-14,175.));
#8576 = VECTOR('',#8577,1.);
#8577 = DIRECTION('',(0.,0.,-1.));
#8578 = ORIENTED_EDGE('',*,*,#8579,.T.);
#8579 = EDGE_CURVE('',#8572,#8580,#8582,.T.);
#8580 = VERTEX_POINT('',#8581);
#8581 = CARTESIAN_POINT('',(550.,-1.E-13,-25.));
#8582 = LINE('',#8583,#8584);
#8583 = CARTESIAN_POINT('',(525.,-9.95E-14,-25.));
#8584 = VECTOR('',#8585,1.);
#8585 = DIRECTION('',(1.,0.,0.));
#8586 = ORIENTED_EDGE('',*,*,#8587,.T.);
#8587 = EDGE_CURVE('',#8580,#8554,#8588,.T.);
#8588 = LINE('',#8589,#8590);
#8589 = CARTESIAN_POINT('',(550.,-9.95E-14,175.));
#8590 = VECTOR('',#8591,1.);
#8591 = DIRECTION('',(0.,0.,1.));
#8592 = PLANE('',#8593);
#8593 = AXIS2_PLACEMENT_3D('',#8594,#8595,#8596);
#8594 = CARTESIAN_POINT('',(537.5,-8.325E-14,123.08058261828));
#8595 = DIRECTION('',(-0.,-1.,-0.));
#8596 = DIRECTION('',(0.,0.,-1.));
#8597 = ADVANCED_FACE('',(#8598),#8623,.T.);
#8598 = FACE_BOUND('',#8599,.F.);
#8599 = EDGE_LOOP('',(#8600,#8608,#8616,#8622));
#8600 = ORIENTED_EDGE('',*,*,#8601,.T.);
#8601 = EDGE_CURVE('',#8020,#8602,#8604,.T.);
#8602 = VERTEX_POINT('',#8603);
#8603 = CARTESIAN_POINT('',(-550.,5.555555555557,286.87464926147));
#8604 = LINE('',#8605,#8606);
#8605 = CARTESIAN_POINT('',(-525.,5.555555555557,286.87464926147));
#8606 = VECTOR('',#8607,1.);
#8607 = DIRECTION('',(-1.,2.2E-16,-2.2E-16));
#8608 = ORIENTED_EDGE('',*,*,#8609,.T.);
#8609 = EDGE_CURVE('',#8602,#8610,#8612,.T.);
#8610 = VERTEX_POINT('',#8611);
#8611 = CARTESIAN_POINT('',(-550.,35.555555555556,323.99775527382));
#8612 = LINE('',#8613,#8614);
#8613 = CARTESIAN_POINT('',(-550.,5.555555555557,286.87464926147));
#8614 = VECTOR('',#8615,1.);
#8615 = DIRECTION('',(-3.E-17,0.628539361054,0.777777777778));
#8616 = ORIENTED_EDGE('',*,*,#8617,.F.);
#8617 = EDGE_CURVE('',#8022,#8610,#8618,.T.);
#8618 = LINE('',#8619,#8620);
#8619 = CARTESIAN_POINT('',(-525.,35.555555555556,323.99775527382));
#8620 = VECTOR('',#8621,1.);
#8621 = DIRECTION('',(-1.,2.2E-16,-2.2E-16));
#8622 = ORIENTED_EDGE('',*,*,#8019,.F.);
#8623 = PLANE('',#8624);
#8624 = AXIS2_PLACEMENT_3D('',#8625,#8626,#8627);
#8625 = CARTESIAN_POINT('',(-525.,5.555555555557,286.87464926147));
#8626 = DIRECTION('',(-3.1E-16,-0.777777777778,0.628539361054));
#8627 = DIRECTION('',(3.E-17,-0.628539361054,-0.777777777778));
#8628 = ADVANCED_FACE('',(#8629),#8648,.T.);
#8629 = FACE_BOUND('',#8630,.T.);
#8630 = EDGE_LOOP('',(#8631,#8639,#8646,#8647));
#8631 = ORIENTED_EDGE('',*,*,#8632,.T.);
#8632 = EDGE_CURVE('',#8063,#8633,#8635,.T.);
#8633 = VERTEX_POINT('',#8634);
#8634 = CARTESIAN_POINT('',(-550.,144.44444444444,323.99775527382));
#8635 = LINE('',#8636,#8637);
#8636 = CARTESIAN_POINT('',(-525.,144.44444444444,323.99775527382));
#8637 = VECTOR('',#8638,1.);
#8638 = DIRECTION('',(-1.,2.2E-16,-2.2E-16));
#8639 = ORIENTED_EDGE('',*,*,#8640,.T.);
#8640 = EDGE_CURVE('',#8633,#8610,#8641,.T.);
#8641 = CIRCLE('',#8642,70.);
#8642 = AXIS2_PLACEMENT_3D('',#8643,#8644,#8645);
#8643 = CARTESIAN_POINT('',(-550.,90.,280.));
#8644 = DIRECTION('',(1.,-2.2E-16,2.2E-16));
#8645 = DIRECTION('',(2.2E-16,1.,0.));
#8646 = ORIENTED_EDGE('',*,*,#8617,.F.);
#8647 = ORIENTED_EDGE('',*,*,#8070,.F.);
#8648 = CYLINDRICAL_SURFACE('',#8649,70.);
#8649 = AXIS2_PLACEMENT_3D('',#8650,#8651,#8652);
#8650 = CARTESIAN_POINT('',(-525.,90.,280.));
#8651 = DIRECTION('',(1.,-2.2E-16,2.2E-16));
#8652 = DIRECTION('',(2.2E-16,1.,0.));
#8653 = ADVANCED_FACE('',(#8654),#8672,.F.);
#8654 = FACE_BOUND('',#8655,.T.);
#8655 = EDGE_LOOP('',(#8656,#8664,#8670,#8671));
#8656 = ORIENTED_EDGE('',*,*,#8657,.T.);
#8657 = EDGE_CURVE('',#8054,#8658,#8660,.T.);
#8658 = VERTEX_POINT('',#8659);
#8659 = CARTESIAN_POINT('',(-550.,174.44444444444,286.87464926153));
#8660 = LINE('',#8661,#8662);
#8661 = CARTESIAN_POINT('',(-525.,174.44444444444,286.87464926153));
#8662 = VECTOR('',#8663,1.);
#8663 = DIRECTION('',(-1.,2.2E-16,-2.2E-16));
#8664 = ORIENTED_EDGE('',*,*,#8665,.T.);
#8665 = EDGE_CURVE('',#8658,#8633,#8666,.T.);
#8666 = LINE('',#8667,#8668);
#8667 = CARTESIAN_POINT('',(-550.,174.44444444444,286.87464926153));
#8668 = VECTOR('',#8669,1.);
#8669 = DIRECTION('',(-3.1E-16,-0.628539361055,0.777777777778));
#8670 = ORIENTED_EDGE('',*,*,#8632,.F.);
#8671 = ORIENTED_EDGE('',*,*,#8062,.F.);
#8672 = PLANE('',#8673);
#8673 = AXIS2_PLACEMENT_3D('',#8674,#8675,#8676);
#8674 = CARTESIAN_POINT('',(-525.,174.44444444444,286.87464926153));
#8675 = DIRECTION('',(-3.E-17,-0.777777777778,-0.628539361055));
#8676 = DIRECTION('',(3.1E-16,0.628539361055,-0.777777777778));
#8677 = ADVANCED_FACE('',(#8678),#8697,.T.);
#8678 = FACE_BOUND('',#8679,.T.);
#8679 = EDGE_LOOP('',(#8680,#8688,#8695,#8696));
#8680 = ORIENTED_EDGE('',*,*,#8681,.T.);
#8681 = EDGE_CURVE('',#8046,#8682,#8684,.T.);
#8682 = VERTEX_POINT('',#8683);
#8683 = CARTESIAN_POINT('',(-550.,180.,271.16116523516));
#8684 = LINE('',#8685,#8686);
#8685 = CARTESIAN_POINT('',(-525.,180.,271.16116523516));
#8686 = VECTOR('',#8687,1.);
#8687 = DIRECTION('',(-1.,2.2E-16,-2.2E-16));
#8688 = ORIENTED_EDGE('',*,*,#8689,.T.);
#8689 = EDGE_CURVE('',#8682,#8658,#8690,.T.);
#8690 = CIRCLE('',#8691,25.);
#8691 = AXIS2_PLACEMENT_3D('',#8692,#8693,#8694);
#8692 = CARTESIAN_POINT('',(-550.,155.,271.16116523516));
#8693 = DIRECTION('',(1.,-2.2E-16,2.2E-16));
#8694 = DIRECTION('',(2.2E-16,1.,0.));
#8695 = ORIENTED_EDGE('',*,*,#8657,.F.);
#8696 = ORIENTED_EDGE('',*,*,#8053,.F.);
#8697 = CYLINDRICAL_SURFACE('',#8698,25.);
#8698 = AXIS2_PLACEMENT_3D('',#8699,#8700,#8701);
#8699 = CARTESIAN_POINT('',(-525.,155.,271.16116523516));
#8700 = DIRECTION('',(1.,-2.2E-16,2.2E-16));
#8701 = DIRECTION('',(2.2E-16,1.,0.));
#8702 = ADVANCED_FACE('',(#8703),#8722,.T.);
#8703 = FACE_BOUND('',#8704,.F.);
#8704 = EDGE_LOOP('',(#8705,#8706,#8714,#8720,#8721));
#8705 = ORIENTED_EDGE('',*,*,#8681,.T.);
#8706 = ORIENTED_EDGE('',*,*,#8707,.T.);
#8707 = EDGE_CURVE('',#8682,#8708,#8710,.T.);
#8708 = VERTEX_POINT('',#8709);
#8709 = CARTESIAN_POINT('',(-550.,180.,175.));
#8710 = LINE('',#8711,#8712);
#8711 = CARTESIAN_POINT('',(-550.,180.,271.16116523516));
#8712 = VECTOR('',#8713,1.);
#8713 = DIRECTION('',(2.2E-16,0.,-1.));
#8714 = ORIENTED_EDGE('',*,*,#8715,.F.);
#8715 = EDGE_CURVE('',#8174,#8708,#8716,.T.);
#8716 = LINE('',#8717,#8718);
#8717 = CARTESIAN_POINT('',(-525.,180.,175.));
#8718 = VECTOR('',#8719,1.);
#8719 = DIRECTION('',(-1.,2.2E-16,-2.2E-16));
#8720 = ORIENTED_EDGE('',*,*,#8173,.F.);
#8721 = ORIENTED_EDGE('',*,*,#8045,.F.);
#8722 = PLANE('',#8723);
#8723 = AXIS2_PLACEMENT_3D('',#8724,#8725,#8726);
#8724 = CARTESIAN_POINT('',(-525.,180.,271.16116523516));
#8725 = DIRECTION('',(2.2E-16,1.,0.));
#8726 = DIRECTION('',(-2.2E-16,4.84E-32,1.));
#8727 = ADVANCED_FACE('',(#8728),#8740,.T.);
#8728 = FACE_BOUND('',#8729,.T.);
#8729 = EDGE_LOOP('',(#8730,#8731,#8738,#8739));
#8730 = ORIENTED_EDGE('',*,*,#8601,.T.);
#8731 = ORIENTED_EDGE('',*,*,#8732,.T.);
#8732 = EDGE_CURVE('',#8602,#8506,#8733,.T.);
#8733 = CIRCLE('',#8734,25.);
#8734 = AXIS2_PLACEMENT_3D('',#8735,#8736,#8737);
#8735 = CARTESIAN_POINT('',(-550.,25.000000000001,271.1611652351));
#8736 = DIRECTION('',(1.,-2.2E-16,2.2E-16));
#8737 = DIRECTION('',(2.2E-16,1.,0.));
#8738 = ORIENTED_EDGE('',*,*,#8505,.F.);
#8739 = ORIENTED_EDGE('',*,*,#8029,.F.);
#8740 = CYLINDRICAL_SURFACE('',#8741,25.);
#8741 = AXIS2_PLACEMENT_3D('',#8742,#8743,#8744);
#8742 = CARTESIAN_POINT('',(-525.,25.000000000001,271.1611652351));
#8743 = DIRECTION('',(1.,-2.2E-16,2.2E-16));
#8744 = DIRECTION('',(2.2E-16,1.,0.));
#8745 = ADVANCED_FACE('',(#8746),#8764,.F.);
#8746 = FACE_BOUND('',#8747,.F.);
#8747 = EDGE_LOOP('',(#8748,#8749,#8756,#8763));
#8748 = ORIENTED_EDGE('',*,*,#8079,.F.);
#8749 = ORIENTED_EDGE('',*,*,#8750,.F.);
#8750 = EDGE_CURVE('',#8751,#8080,#8753,.T.);
#8751 = VERTEX_POINT('',#8752);
#8752 = CARTESIAN_POINT('',(-554.9999999999,120.,280.));
#8753 = B_SPLINE_CURVE_WITH_KNOTS('',1,(#8754,#8755),.UNSPECIFIED.,.F.,
  .F.,(2,2),(-29.99999999999,1.1369E-13),.PIECEWISE_BEZIER_KNOTS.);
#8754 = CARTESIAN_POINT('',(-554.9999999999,120.,280.));
#8755 = CARTESIAN_POINT('',(-525.,120.,280.));
#8756 = ORIENTED_EDGE('',*,*,#8757,.T.);
#8757 = EDGE_CURVE('',#8751,#8751,#8758,.T.);
#8758 = CIRCLE('',#8759,30.);
#8759 = AXIS2_PLACEMENT_3D('',#8760,#8761,#8762);
#8760 = CARTESIAN_POINT('',(-554.9999999999,90.,280.));
#8761 = DIRECTION('',(1.,-1.1E-16,-3.89E-15));
#8762 = DIRECTION('',(1.1E-16,1.,0.));
#8763 = ORIENTED_EDGE('',*,*,#8750,.T.);
#8764 = CYLINDRICAL_SURFACE('',#8765,30.);
#8765 = AXIS2_PLACEMENT_3D('',#8766,#8767,#8768);
#8766 = CARTESIAN_POINT('',(-525.,90.,280.));
#8767 = DIRECTION('',(1.,-2.2E-16,2.2E-16));
#8768 = DIRECTION('',(2.2E-16,1.,0.));
#8769 = ADVANCED_FACE('',(#8770),#8795,.T.);
#8770 = FACE_BOUND('',#8771,.T.);
#8771 = EDGE_LOOP('',(#8772,#8780,#8788,#8794));
#8772 = ORIENTED_EDGE('',*,*,#8773,.T.);
#8773 = EDGE_CURVE('',#8097,#8774,#8776,.T.);
#8774 = VERTEX_POINT('',#8775);
#8775 = CARTESIAN_POINT('',(550.,5.555555555556,286.87464926147));
#8776 = LINE('',#8777,#8778);
#8777 = CARTESIAN_POINT('',(525.,5.555555555556,286.87464926147));
#8778 = VECTOR('',#8779,1.);
#8779 = DIRECTION('',(1.,0.,0.));
#8780 = ORIENTED_EDGE('',*,*,#8781,.T.);
#8781 = EDGE_CURVE('',#8774,#8782,#8784,.T.);
#8782 = VERTEX_POINT('',#8783);
#8783 = CARTESIAN_POINT('',(550.,35.555555555555,323.99775527383));
#8784 = LINE('',#8785,#8786);
#8785 = CARTESIAN_POINT('',(550.,5.555555555556,286.87464926147));
#8786 = VECTOR('',#8787,1.);
#8787 = DIRECTION('',(0.,0.628539361054,0.777777777778));
#8788 = ORIENTED_EDGE('',*,*,#8789,.F.);
#8789 = EDGE_CURVE('',#8099,#8782,#8790,.T.);
#8790 = LINE('',#8791,#8792);
#8791 = CARTESIAN_POINT('',(525.,35.555555555555,323.99775527383));
#8792 = VECTOR('',#8793,1.);
#8793 = DIRECTION('',(1.,0.,0.));
#8794 = ORIENTED_EDGE('',*,*,#8096,.F.);
#8795 = PLANE('',#8796);
#8796 = AXIS2_PLACEMENT_3D('',#8797,#8798,#8799);
#8797 = CARTESIAN_POINT('',(525.,5.555555555556,286.87464926147));
#8798 = DIRECTION('',(0.,-0.777777777778,0.628539361054));
#8799 = DIRECTION('',(0.,0.628539361054,0.777777777778));
#8800 = ADVANCED_FACE('',(#8801),#8820,.T.);
#8801 = FACE_BOUND('',#8802,.F.);
#8802 = EDGE_LOOP('',(#8803,#8811,#8818,#8819));
#8803 = ORIENTED_EDGE('',*,*,#8804,.T.);
#8804 = EDGE_CURVE('',#8140,#8805,#8807,.T.);
#8805 = VERTEX_POINT('',#8806);
#8806 = CARTESIAN_POINT('',(550.,144.44444444444,323.99775527383));
#8807 = LINE('',#8808,#8809);
#8808 = CARTESIAN_POINT('',(525.,144.44444444444,323.99775527383));
#8809 = VECTOR('',#8810,1.);
#8810 = DIRECTION('',(1.,0.,0.));
#8811 = ORIENTED_EDGE('',*,*,#8812,.T.);
#8812 = EDGE_CURVE('',#8805,#8782,#8813,.T.);
#8813 = CIRCLE('',#8814,70.);
#8814 = AXIS2_PLACEMENT_3D('',#8815,#8816,#8817);
#8815 = CARTESIAN_POINT('',(550.,90.,280.));
#8816 = DIRECTION('',(1.,0.,0.));
#8817 = DIRECTION('',(0.,1.,0.));
#8818 = ORIENTED_EDGE('',*,*,#8789,.F.);
#8819 = ORIENTED_EDGE('',*,*,#8147,.F.);
#8820 = CYLINDRICAL_SURFACE('',#8821,70.);
#8821 = AXIS2_PLACEMENT_3D('',#8822,#8823,#8824);
#8822 = CARTESIAN_POINT('',(525.,90.,280.));
#8823 = DIRECTION('',(-1.,-0.,-0.));
#8824 = DIRECTION('',(0.,1.,0.));
#8825 = ADVANCED_FACE('',(#8826),#8844,.F.);
#8826 = FACE_BOUND('',#8827,.F.);
#8827 = EDGE_LOOP('',(#8828,#8836,#8842,#8843));
#8828 = ORIENTED_EDGE('',*,*,#8829,.T.);
#8829 = EDGE_CURVE('',#8131,#8830,#8832,.T.);
#8830 = VERTEX_POINT('',#8831);
#8831 = CARTESIAN_POINT('',(550.,174.44444444444,286.87464926153));
#8832 = LINE('',#8833,#8834);
#8833 = CARTESIAN_POINT('',(525.,174.44444444444,286.87464926153));
#8834 = VECTOR('',#8835,1.);
#8835 = DIRECTION('',(1.,0.,0.));
#8836 = ORIENTED_EDGE('',*,*,#8837,.T.);
#8837 = EDGE_CURVE('',#8830,#8805,#8838,.T.);
#8838 = LINE('',#8839,#8840);
#8839 = CARTESIAN_POINT('',(550.,174.44444444444,286.87464926153));
#8840 = VECTOR('',#8841,1.);
#8841 = DIRECTION('',(0.,-0.628539361055,0.777777777778));
#8842 = ORIENTED_EDGE('',*,*,#8804,.F.);
#8843 = ORIENTED_EDGE('',*,*,#8139,.F.);
#8844 = PLANE('',#8845);
#8845 = AXIS2_PLACEMENT_3D('',#8846,#8847,#8848);
#8846 = CARTESIAN_POINT('',(525.,174.44444444444,286.87464926153));
#8847 = DIRECTION('',(0.,-0.777777777778,-0.628539361055));
#8848 = DIRECTION('',(0.,-0.628539361055,0.777777777778));
#8849 = ADVANCED_FACE('',(#8850),#8869,.T.);
#8850 = FACE_BOUND('',#8851,.F.);
#8851 = EDGE_LOOP('',(#8852,#8860,#8867,#8868));
#8852 = ORIENTED_EDGE('',*,*,#8853,.T.);
#8853 = EDGE_CURVE('',#8123,#8854,#8856,.T.);
#8854 = VERTEX_POINT('',#8855);
#8855 = CARTESIAN_POINT('',(550.,180.,271.16116523516));
#8856 = LINE('',#8857,#8858);
#8857 = CARTESIAN_POINT('',(525.,180.,271.16116523516));
#8858 = VECTOR('',#8859,1.);
#8859 = DIRECTION('',(1.,0.,0.));
#8860 = ORIENTED_EDGE('',*,*,#8861,.T.);
#8861 = EDGE_CURVE('',#8854,#8830,#8862,.T.);
#8862 = CIRCLE('',#8863,25.);
#8863 = AXIS2_PLACEMENT_3D('',#8864,#8865,#8866);
#8864 = CARTESIAN_POINT('',(550.,155.,271.16116523516));
#8865 = DIRECTION('',(1.,0.,0.));
#8866 = DIRECTION('',(0.,1.,0.));
#8867 = ORIENTED_EDGE('',*,*,#8829,.F.);
#8868 = ORIENTED_EDGE('',*,*,#8130,.F.);
#8869 = CYLINDRICAL_SURFACE('',#8870,25.);
#8870 = AXIS2_PLACEMENT_3D('',#8871,#8872,#8873);
#8871 = CARTESIAN_POINT('',(525.,155.,271.16116523516));
#8872 = DIRECTION('',(-1.,-0.,-0.));
#8873 = DIRECTION('',(0.,1.,0.));
#8874 = ADVANCED_FACE('',(#8875),#8894,.T.);
#8875 = FACE_BOUND('',#8876,.T.);
#8876 = EDGE_LOOP('',(#8877,#8878,#8886,#8892,#8893));
#8877 = ORIENTED_EDGE('',*,*,#8853,.T.);
#8878 = ORIENTED_EDGE('',*,*,#8879,.T.);
#8879 = EDGE_CURVE('',#8854,#8880,#8882,.T.);
#8880 = VERTEX_POINT('',#8881);
#8881 = CARTESIAN_POINT('',(550.,180.,175.));
#8882 = LINE('',#8883,#8884);
#8883 = CARTESIAN_POINT('',(550.,180.,271.16116523516));
#8884 = VECTOR('',#8885,1.);
#8885 = DIRECTION('',(0.,0.,-1.));
#8886 = ORIENTED_EDGE('',*,*,#8887,.F.);
#8887 = EDGE_CURVE('',#8214,#8880,#8888,.T.);
#8888 = LINE('',#8889,#8890);
#8889 = CARTESIAN_POINT('',(525.,180.,175.));
#8890 = VECTOR('',#8891,1.);
#8891 = DIRECTION('',(1.,0.,0.));
#8892 = ORIENTED_EDGE('',*,*,#8213,.F.);
#8893 = ORIENTED_EDGE('',*,*,#8122,.F.);
#8894 = PLANE('',#8895);
#8895 = AXIS2_PLACEMENT_3D('',#8896,#8897,#8898);
#8896 = CARTESIAN_POINT('',(525.,180.,271.16116523516));
#8897 = DIRECTION('',(0.,1.,0.));
#8898 = DIRECTION('',(0.,0.,-1.));
#8899 = ADVANCED_FACE('',(#8900),#8912,.T.);
#8900 = FACE_BOUND('',#8901,.F.);
#8901 = EDGE_LOOP('',(#8902,#8903,#8910,#8911));
#8902 = ORIENTED_EDGE('',*,*,#8773,.T.);
#8903 = ORIENTED_EDGE('',*,*,#8904,.T.);
#8904 = EDGE_CURVE('',#8774,#8554,#8905,.T.);
#8905 = CIRCLE('',#8906,25.);
#8906 = AXIS2_PLACEMENT_3D('',#8907,#8908,#8909);
#8907 = CARTESIAN_POINT('',(550.,25.000000000001,271.1611652351));
#8908 = DIRECTION('',(1.,0.,0.));
#8909 = DIRECTION('',(0.,1.,0.));
#8910 = ORIENTED_EDGE('',*,*,#8553,.F.);
#8911 = ORIENTED_EDGE('',*,*,#8106,.F.);
#8912 = CYLINDRICAL_SURFACE('',#8913,25.);
#8913 = AXIS2_PLACEMENT_3D('',#8914,#8915,#8916);
#8914 = CARTESIAN_POINT('',(525.,25.000000000001,271.1611652351));
#8915 = DIRECTION('',(-1.,-0.,-0.));
#8916 = DIRECTION('',(0.,1.,0.));
#8917 = ADVANCED_FACE('',(#8918),#8936,.F.);
#8918 = FACE_BOUND('',#8919,.T.);
#8919 = EDGE_LOOP('',(#8920,#8921,#8928,#8935));
#8920 = ORIENTED_EDGE('',*,*,#8156,.F.);
#8921 = ORIENTED_EDGE('',*,*,#8922,.F.);
#8922 = EDGE_CURVE('',#8923,#8157,#8925,.T.);
#8923 = VERTEX_POINT('',#8924);
#8924 = CARTESIAN_POINT('',(554.99999999999,120.,280.));
#8925 = B_SPLINE_CURVE_WITH_KNOTS('',1,(#8926,#8927),.UNSPECIFIED.,.F.,
  .F.,(2,2),(-29.99999999999,0.),.PIECEWISE_BEZIER_KNOTS.);
#8926 = CARTESIAN_POINT('',(554.99999999999,120.,280.));
#8927 = CARTESIAN_POINT('',(525.,120.,280.));
#8928 = ORIENTED_EDGE('',*,*,#8929,.T.);
#8929 = EDGE_CURVE('',#8923,#8923,#8930,.T.);
#8930 = CIRCLE('',#8931,30.);
#8931 = AXIS2_PLACEMENT_3D('',#8932,#8933,#8934);
#8932 = CARTESIAN_POINT('',(554.99999999999,90.,280.));
#8933 = DIRECTION('',(1.,-1.1E-16,4.11E-15));
#8934 = DIRECTION('',(1.1E-16,1.,0.));
#8935 = ORIENTED_EDGE('',*,*,#8922,.T.);
#8936 = CYLINDRICAL_SURFACE('',#8937,30.);
#8937 = AXIS2_PLACEMENT_3D('',#8938,#8939,#8940);
#8938 = CARTESIAN_POINT('',(525.,90.,280.));
#8939 = DIRECTION('',(-1.,-0.,-0.));
#8940 = DIRECTION('',(0.,1.,0.));
#8941 = ADVANCED_FACE('',(#8942),#8984,.F.);
#8942 = FACE_BOUND('',#8943,.T.);
#8943 = EDGE_LOOP('',(#8944,#8954,#8962,#8970,#8976,#8977,#8978));
#8944 = ORIENTED_EDGE('',*,*,#8945,.T.);
#8945 = EDGE_CURVE('',#8946,#8948,#8950,.T.);
#8946 = VERTEX_POINT('',#8947);
#8947 = CARTESIAN_POINT('',(-525.,770.,175.));
#8948 = VERTEX_POINT('',#8949);
#8949 = CARTESIAN_POINT('',(-550.,770.,175.));
#8950 = LINE('',#8951,#8952);
#8951 = CARTESIAN_POINT('',(-525.,770.,175.));
#8952 = VECTOR('',#8953,1.);
#8953 = DIRECTION('',(-1.,2.2E-16,-2.2E-16));
#8954 = ORIENTED_EDGE('',*,*,#8955,.T.);
#8955 = EDGE_CURVE('',#8948,#8956,#8958,.T.);
#8956 = VERTEX_POINT('',#8957);
#8957 = CARTESIAN_POINT('',(-550.,500.,175.));
#8958 = LINE('',#8959,#8960);
#8959 = CARTESIAN_POINT('',(-550.,770.,175.));
#8960 = VECTOR('',#8961,1.);
#8961 = DIRECTION('',(-2.2E-16,-1.,-0.));
#8962 = ORIENTED_EDGE('',*,*,#8963,.T.);
#8963 = EDGE_CURVE('',#8956,#8964,#8966,.T.);
#8964 = VERTEX_POINT('',#8965);
#8965 = CARTESIAN_POINT('',(-550.,300.,175.));
#8966 = LINE('',#8967,#8968);
#8967 = CARTESIAN_POINT('',(-550.,770.,175.));
#8968 = VECTOR('',#8969,1.);
#8969 = DIRECTION('',(-2.2E-16,-1.,-0.));
#8970 = ORIENTED_EDGE('',*,*,#8971,.T.);
#8971 = EDGE_CURVE('',#8964,#8708,#8972,.T.);
#8972 = LINE('',#8973,#8974);
#8973 = CARTESIAN_POINT('',(-550.,770.,175.));
#8974 = VECTOR('',#8975,1.);
#8975 = DIRECTION('',(-2.2E-16,-1.,-0.));
#8976 = ORIENTED_EDGE('',*,*,#8715,.F.);
#8977 = ORIENTED_EDGE('',*,*,#8190,.F.);
#8978 = ORIENTED_EDGE('',*,*,#8979,.F.);
#8979 = EDGE_CURVE('',#8946,#8183,#8980,.T.);
#8980 = LINE('',#8981,#8982);
#8981 = CARTESIAN_POINT('',(-525.,770.,175.));
#8982 = VECTOR('',#8983,1.);
#8983 = DIRECTION('',(-2.2E-16,-1.,-0.));
#8984 = PLANE('',#8985);
#8985 = AXIS2_PLACEMENT_3D('',#8986,#8987,#8988);
#8986 = CARTESIAN_POINT('',(-525.,770.,175.));
#8987 = DIRECTION('',(2.2E-16,0.,-1.));
#8988 = DIRECTION('',(2.2E-16,1.,4.84E-32));
#8989 = ADVANCED_FACE('',(#8990),#9032,.F.);
#8990 = FACE_BOUND('',#8991,.F.);
#8991 = EDGE_LOOP('',(#8992,#9002,#9010,#9018,#9024,#9025,#9026));
#8992 = ORIENTED_EDGE('',*,*,#8993,.T.);
#8993 = EDGE_CURVE('',#8994,#8996,#8998,.T.);
#8994 = VERTEX_POINT('',#8995);
#8995 = CARTESIAN_POINT('',(525.,770.,175.));
#8996 = VERTEX_POINT('',#8997);
#8997 = CARTESIAN_POINT('',(550.,770.,175.));
#8998 = LINE('',#8999,#9000);
#8999 = CARTESIAN_POINT('',(525.,770.,175.));
#9000 = VECTOR('',#9001,1.);
#9001 = DIRECTION('',(1.,0.,0.));
#9002 = ORIENTED_EDGE('',*,*,#9003,.T.);
#9003 = EDGE_CURVE('',#8996,#9004,#9006,.T.);
#9004 = VERTEX_POINT('',#9005);
#9005 = CARTESIAN_POINT('',(550.,500.,175.));
#9006 = LINE('',#9007,#9008);
#9007 = CARTESIAN_POINT('',(550.,770.,175.));
#9008 = VECTOR('',#9009,1.);
#9009 = DIRECTION('',(0.,-1.,0.));
#9010 = ORIENTED_EDGE('',*,*,#9011,.T.);
#9011 = EDGE_CURVE('',#9004,#9012,#9014,.T.);
#9012 = VERTEX_POINT('',#9013);
#9013 = CARTESIAN_POINT('',(550.,300.,175.));
#9014 = LINE('',#9015,#9016);
#9015 = CARTESIAN_POINT('',(550.,770.,175.));
#9016 = VECTOR('',#9017,1.);
#9017 = DIRECTION('',(0.,-1.,0.));
#9018 = ORIENTED_EDGE('',*,*,#9019,.T.);
#9019 = EDGE_CURVE('',#9012,#8880,#9020,.T.);
#9020 = LINE('',#9021,#9022);
#9021 = CARTESIAN_POINT('',(550.,770.,175.));
#9022 = VECTOR('',#9023,1.);
#9023 = DIRECTION('',(0.,-1.,0.));
#9024 = ORIENTED_EDGE('',*,*,#8887,.F.);
#9025 = ORIENTED_EDGE('',*,*,#8221,.F.);
#9026 = ORIENTED_EDGE('',*,*,#9027,.F.);
#9027 = EDGE_CURVE('',#8994,#8205,#9028,.T.);
#9028 = LINE('',#9029,#9030);
#9029 = CARTESIAN_POINT('',(525.,770.,175.));
#9030 = VECTOR('',#9031,1.);
#9031 = DIRECTION('',(0.,-1.,0.));
#9032 = PLANE('',#9033);
#9033 = AXIS2_PLACEMENT_3D('',#9034,#9035,#9036);
#9034 = CARTESIAN_POINT('',(525.,770.,175.));
#9035 = DIRECTION('',(0.,0.,-1.));
#9036 = DIRECTION('',(0.,-1.,0.));
#9037 = ADVANCED_FACE('',(#9038,#9063),#9074,.T.);
#9038 = FACE_BOUND('',#9039,.F.);
#9039 = EDGE_LOOP('',(#9040,#9048,#9049,#9057));
#9040 = ORIENTED_EDGE('',*,*,#9041,.T.);
#9041 = EDGE_CURVE('',#9042,#8262,#9044,.T.);
#9042 = VERTEX_POINT('',#9043);
#9043 = CARTESIAN_POINT('',(-480.,770.,175.));
#9044 = LINE('',#9045,#9046);
#9045 = CARTESIAN_POINT('',(-480.,770.,175.));
#9046 = VECTOR('',#9047,1.);
#9047 = DIRECTION('',(-2.2E-16,-1.,0.));
#9048 = ORIENTED_EDGE('',*,*,#8269,.T.);
#9049 = ORIENTED_EDGE('',*,*,#9050,.T.);
#9050 = EDGE_CURVE('',#8238,#9051,#9053,.T.);
#9051 = VERTEX_POINT('',#9052);
#9052 = CARTESIAN_POINT('',(-480.,770.,-25.));
#9053 = LINE('',#9054,#9055);
#9054 = CARTESIAN_POINT('',(-480.,620.,-25.));
#9055 = VECTOR('',#9056,1.);
#9056 = DIRECTION('',(2.2E-16,1.,0.));
#9057 = ORIENTED_EDGE('',*,*,#9058,.T.);
#9058 = EDGE_CURVE('',#9051,#9042,#9059,.T.);
#9059 = LINE('',#9060,#9061);
#9060 = CARTESIAN_POINT('',(-480.,770.,-25.));
#9061 = VECTOR('',#9062,1.);
#9062 = DIRECTION('',(-2.2E-16,0.,1.));
#9063 = FACE_BOUND('',#9064,.F.);
#9064 = EDGE_LOOP('',(#9065));
#9065 = ORIENTED_EDGE('',*,*,#9066,.T.);
#9066 = EDGE_CURVE('',#9067,#9067,#9069,.T.);
#9067 = VERTEX_POINT('',#9068);
#9068 = CARTESIAN_POINT('',(-480.,675.,75.));
#9069 = CIRCLE('',#9070,30.);
#9070 = AXIS2_PLACEMENT_3D('',#9071,#9072,#9073);
#9071 = CARTESIAN_POINT('',(-480.,705.,75.));
#9072 = DIRECTION('',(-1.,2.2E-16,-2.2E-16));
#9073 = DIRECTION('',(-2.2E-16,-1.,0.));
#9074 = PLANE('',#9075);
#9075 = AXIS2_PLACEMENT_3D('',#9076,#9077,#9078);
#9076 = CARTESIAN_POINT('',(-480.,696.8213270534,75.));
#9077 = DIRECTION('',(-1.,2.2E-16,-2.2E-16));
#9078 = DIRECTION('',(2.2E-16,0.,-1.));
#9079 = ADVANCED_FACE('',(#9080),#9098,.T.);
#9080 = FACE_BOUND('',#9081,.F.);
#9081 = EDGE_LOOP('',(#9082,#9090,#9096,#9097));
#9082 = ORIENTED_EDGE('',*,*,#9083,.T.);
#9083 = EDGE_CURVE('',#9042,#9084,#9086,.T.);
#9084 = VERTEX_POINT('',#9085);
#9085 = CARTESIAN_POINT('',(-455.,770.,175.));
#9086 = LINE('',#9087,#9088);
#9087 = CARTESIAN_POINT('',(-480.,770.,175.));
#9088 = VECTOR('',#9089,1.);
#9089 = DIRECTION('',(1.,-2.2E-16,2.2E-16));
#9090 = ORIENTED_EDGE('',*,*,#9091,.T.);
#9091 = EDGE_CURVE('',#9084,#8254,#9092,.T.);
#9092 = LINE('',#9093,#9094);
#9093 = CARTESIAN_POINT('',(-455.,770.,175.));
#9094 = VECTOR('',#9095,1.);
#9095 = DIRECTION('',(-2.2E-16,-1.,0.));
#9096 = ORIENTED_EDGE('',*,*,#8261,.F.);
#9097 = ORIENTED_EDGE('',*,*,#9041,.F.);
#9098 = PLANE('',#9099);
#9099 = AXIS2_PLACEMENT_3D('',#9100,#9101,#9102);
#9100 = CARTESIAN_POINT('',(-480.,770.,175.));
#9101 = DIRECTION('',(-2.2E-16,0.,1.));
#9102 = DIRECTION('',(2.2E-16,1.,4.84E-32));
#9103 = ADVANCED_FACE('',(#9104,#9122),#9133,.F.);
#9104 = FACE_BOUND('',#9105,.T.);
#9105 = EDGE_LOOP('',(#9106,#9107,#9108,#9116));
#9106 = ORIENTED_EDGE('',*,*,#8979,.T.);
#9107 = ORIENTED_EDGE('',*,*,#8245,.F.);
#9108 = ORIENTED_EDGE('',*,*,#9109,.T.);
#9109 = EDGE_CURVE('',#8236,#9110,#9112,.T.);
#9110 = VERTEX_POINT('',#9111);
#9111 = CARTESIAN_POINT('',(-525.,770.,-25.));
#9112 = LINE('',#9113,#9114);
#9113 = CARTESIAN_POINT('',(-525.,1.707E-14,-25.));
#9114 = VECTOR('',#9115,1.);
#9115 = DIRECTION('',(2.2E-16,1.,0.));
#9116 = ORIENTED_EDGE('',*,*,#9117,.T.);
#9117 = EDGE_CURVE('',#9110,#8946,#9118,.T.);
#9118 = LINE('',#9119,#9120);
#9119 = CARTESIAN_POINT('',(-525.,770.,-25.));
#9120 = VECTOR('',#9121,1.);
#9121 = DIRECTION('',(-2.2E-16,0.,1.));
#9122 = FACE_BOUND('',#9123,.T.);
#9123 = EDGE_LOOP('',(#9124));
#9124 = ORIENTED_EDGE('',*,*,#9125,.F.);
#9125 = EDGE_CURVE('',#9126,#9126,#9128,.T.);
#9126 = VERTEX_POINT('',#9127);
#9127 = CARTESIAN_POINT('',(-525.,735.,75.));
#9128 = CIRCLE('',#9129,30.);
#9129 = AXIS2_PLACEMENT_3D('',#9130,#9131,#9132);
#9130 = CARTESIAN_POINT('',(-525.,705.,75.));
#9131 = DIRECTION('',(1.,-2.2E-16,2.2E-16));
#9132 = DIRECTION('',(2.2E-16,1.,0.));
#9133 = PLANE('',#9134);
#9134 = AXIS2_PLACEMENT_3D('',#9135,#9136,#9137);
#9135 = CARTESIAN_POINT('',(-525.,355.52654155172,116.26942356974));
#9136 = DIRECTION('',(-1.,2.2E-16,-2.2E-16));
#9137 = DIRECTION('',(2.2E-16,0.,-1.));
#9138 = ADVANCED_FACE('',(#9139),#9164,.T.);
#9139 = FACE_BOUND('',#9140,.T.);
#9140 = EDGE_LOOP('',(#9141,#9151,#9157,#9158));
#9141 = ORIENTED_EDGE('',*,*,#9142,.T.);
#9142 = EDGE_CURVE('',#9143,#9145,#9147,.T.);
#9143 = VERTEX_POINT('',#9144);
#9144 = CARTESIAN_POINT('',(480.,770.,175.));
#9145 = VERTEX_POINT('',#9146);
#9146 = CARTESIAN_POINT('',(455.,770.,175.));
#9147 = LINE('',#9148,#9149);
#9148 = CARTESIAN_POINT('',(480.,770.,175.));
#9149 = VECTOR('',#9150,1.);
#9150 = DIRECTION('',(-1.,0.,0.));
#9151 = ORIENTED_EDGE('',*,*,#9152,.T.);
#9152 = EDGE_CURVE('',#9145,#8284,#9153,.T.);
#9153 = LINE('',#9154,#9155);
#9154 = CARTESIAN_POINT('',(455.,770.,175.));
#9155 = VECTOR('',#9156,1.);
#9156 = DIRECTION('',(0.,-1.,0.));
#9157 = ORIENTED_EDGE('',*,*,#8317,.F.);
#9158 = ORIENTED_EDGE('',*,*,#9159,.F.);
#9159 = EDGE_CURVE('',#9143,#8310,#9160,.T.);
#9160 = LINE('',#9161,#9162);
#9161 = CARTESIAN_POINT('',(480.,770.,175.));
#9162 = VECTOR('',#9163,1.);
#9163 = DIRECTION('',(0.,-1.,0.));
#9164 = PLANE('',#9165);
#9165 = AXIS2_PLACEMENT_3D('',#9166,#9167,#9168);
#9166 = CARTESIAN_POINT('',(480.,770.,175.));
#9167 = DIRECTION('',(0.,0.,1.));
#9168 = DIRECTION('',(0.,-1.,0.));
#9169 = ADVANCED_FACE('',(#9170,#9188),#9199,.T.);
#9170 = FACE_BOUND('',#9171,.T.);
#9171 = EDGE_LOOP('',(#9172,#9173,#9174,#9182));
#9172 = ORIENTED_EDGE('',*,*,#9159,.T.);
#9173 = ORIENTED_EDGE('',*,*,#8309,.T.);
#9174 = ORIENTED_EDGE('',*,*,#9175,.T.);
#9175 = EDGE_CURVE('',#8302,#9176,#9178,.T.);
#9176 = VERTEX_POINT('',#9177);
#9177 = CARTESIAN_POINT('',(480.,770.,-25.));
#9178 = LINE('',#9179,#9180);
#9179 = CARTESIAN_POINT('',(480.,620.,-25.));
#9180 = VECTOR('',#9181,1.);
#9181 = DIRECTION('',(0.,1.,0.));
#9182 = ORIENTED_EDGE('',*,*,#9183,.T.);
#9183 = EDGE_CURVE('',#9176,#9143,#9184,.T.);
#9184 = LINE('',#9185,#9186);
#9185 = CARTESIAN_POINT('',(480.,770.,-25.));
#9186 = VECTOR('',#9187,1.);
#9187 = DIRECTION('',(0.,0.,1.));
#9188 = FACE_BOUND('',#9189,.T.);
#9189 = EDGE_LOOP('',(#9190));
#9190 = ORIENTED_EDGE('',*,*,#9191,.T.);
#9191 = EDGE_CURVE('',#9192,#9192,#9194,.T.);
#9192 = VERTEX_POINT('',#9193);
#9193 = CARTESIAN_POINT('',(480.,675.,75.));
#9194 = CIRCLE('',#9195,30.);
#9195 = AXIS2_PLACEMENT_3D('',#9196,#9197,#9198);
#9196 = CARTESIAN_POINT('',(480.,705.,75.));
#9197 = DIRECTION('',(-1.,0.,0.));
#9198 = DIRECTION('',(0.,-1.,0.));
#9199 = PLANE('',#9200);
#9200 = AXIS2_PLACEMENT_3D('',#9201,#9202,#9203);
#9201 = CARTESIAN_POINT('',(480.,696.8213270534,75.));
#9202 = DIRECTION('',(1.,0.,0.));
#9203 = DIRECTION('',(0.,0.,1.));
#9204 = ADVANCED_FACE('',(#9205,#9223),#9234,.F.);
#9205 = FACE_BOUND('',#9206,.F.);
#9206 = EDGE_LOOP('',(#9207,#9208,#9209,#9217));
#9207 = ORIENTED_EDGE('',*,*,#9027,.T.);
#9208 = ORIENTED_EDGE('',*,*,#8293,.T.);
#9209 = ORIENTED_EDGE('',*,*,#9210,.T.);
#9210 = EDGE_CURVE('',#8294,#9211,#9213,.T.);
#9211 = VERTEX_POINT('',#9212);
#9212 = CARTESIAN_POINT('',(525.,770.,-25.));
#9213 = LINE('',#9214,#9215);
#9214 = CARTESIAN_POINT('',(525.,-9.95E-14,-25.));
#9215 = VECTOR('',#9216,1.);
#9216 = DIRECTION('',(0.,1.,0.));
#9217 = ORIENTED_EDGE('',*,*,#9218,.T.);
#9218 = EDGE_CURVE('',#9211,#8994,#9219,.T.);
#9219 = LINE('',#9220,#9221);
#9220 = CARTESIAN_POINT('',(525.,770.,-25.));
#9221 = VECTOR('',#9222,1.);
#9222 = DIRECTION('',(0.,0.,1.));
#9223 = FACE_BOUND('',#9224,.F.);
#9224 = EDGE_LOOP('',(#9225));
#9225 = ORIENTED_EDGE('',*,*,#9226,.F.);
#9226 = EDGE_CURVE('',#9227,#9227,#9229,.T.);
#9227 = VERTEX_POINT('',#9228);
#9228 = CARTESIAN_POINT('',(525.,735.,75.));
#9229 = CIRCLE('',#9230,30.);
#9230 = AXIS2_PLACEMENT_3D('',#9231,#9232,#9233);
#9231 = CARTESIAN_POINT('',(525.,705.,75.));
#9232 = DIRECTION('',(1.,0.,0.));
#9233 = DIRECTION('',(0.,1.,0.));
#9234 = PLANE('',#9235);
#9235 = AXIS2_PLACEMENT_3D('',#9236,#9237,#9238);
#9236 = CARTESIAN_POINT('',(525.,355.52654155172,116.26942356974));
#9237 = DIRECTION('',(1.,0.,0.));
#9238 = DIRECTION('',(0.,0.,1.));
#9239 = ADVANCED_FACE('',(#9240,#9258),#9269,.F.);
#9240 = FACE_BOUND('',#9241,.T.);
#9241 = EDGE_LOOP('',(#9242,#9243,#9244,#9252));
#9242 = ORIENTED_EDGE('',*,*,#9091,.T.);
#9243 = ORIENTED_EDGE('',*,*,#8331,.F.);
#9244 = ORIENTED_EDGE('',*,*,#9245,.T.);
#9245 = EDGE_CURVE('',#8332,#9246,#9248,.T.);
#9246 = VERTEX_POINT('',#9247);
#9247 = CARTESIAN_POINT('',(-455.,770.,-25.));
#9248 = LINE('',#9249,#9250);
#9249 = CARTESIAN_POINT('',(-455.,620.,-25.));
#9250 = VECTOR('',#9251,1.);
#9251 = DIRECTION('',(2.2E-16,1.,0.));
#9252 = ORIENTED_EDGE('',*,*,#9253,.T.);
#9253 = EDGE_CURVE('',#9246,#9084,#9254,.T.);
#9254 = LINE('',#9255,#9256);
#9255 = CARTESIAN_POINT('',(-455.,770.,-25.));
#9256 = VECTOR('',#9257,1.);
#9257 = DIRECTION('',(-2.2E-16,0.,1.));
#9258 = FACE_BOUND('',#9259,.T.);
#9259 = EDGE_LOOP('',(#9260));
#9260 = ORIENTED_EDGE('',*,*,#9261,.T.);
#9261 = EDGE_CURVE('',#9262,#9262,#9264,.T.);
#9262 = VERTEX_POINT('',#9263);
#9263 = CARTESIAN_POINT('',(-455.,675.,75.));
#9264 = CIRCLE('',#9265,30.);
#9265 = AXIS2_PLACEMENT_3D('',#9266,#9267,#9268);
#9266 = CARTESIAN_POINT('',(-455.,705.,75.));
#9267 = DIRECTION('',(-1.,2.2E-16,-2.2E-16));
#9268 = DIRECTION('',(-2.2E-16,-1.,0.));
#9269 = PLANE('',#9270);
#9270 = AXIS2_PLACEMENT_3D('',#9271,#9272,#9273);
#9271 = CARTESIAN_POINT('',(-455.,696.8213270534,75.));
#9272 = DIRECTION('',(-1.,2.2E-16,-2.2E-16));
#9273 = DIRECTION('',(2.2E-16,0.,-1.));
#9274 = ADVANCED_FACE('',(#9275,#9293),#9304,.F.);
#9275 = FACE_BOUND('',#9276,.F.);
#9276 = EDGE_LOOP('',(#9277,#9278,#9279,#9287));
#9277 = ORIENTED_EDGE('',*,*,#9152,.T.);
#9278 = ORIENTED_EDGE('',*,*,#8365,.T.);
#9279 = ORIENTED_EDGE('',*,*,#9280,.T.);
#9280 = EDGE_CURVE('',#8366,#9281,#9283,.T.);
#9281 = VERTEX_POINT('',#9282);
#9282 = CARTESIAN_POINT('',(455.,770.,-25.));
#9283 = LINE('',#9284,#9285);
#9284 = CARTESIAN_POINT('',(455.,620.,-25.));
#9285 = VECTOR('',#9286,1.);
#9286 = DIRECTION('',(0.,1.,0.));
#9287 = ORIENTED_EDGE('',*,*,#9288,.T.);
#9288 = EDGE_CURVE('',#9281,#9145,#9289,.T.);
#9289 = LINE('',#9290,#9291);
#9290 = CARTESIAN_POINT('',(455.,770.,-25.));
#9291 = VECTOR('',#9292,1.);
#9292 = DIRECTION('',(0.,0.,1.));
#9293 = FACE_BOUND('',#9294,.F.);
#9294 = EDGE_LOOP('',(#9295));
#9295 = ORIENTED_EDGE('',*,*,#9296,.T.);
#9296 = EDGE_CURVE('',#9297,#9297,#9299,.T.);
#9297 = VERTEX_POINT('',#9298);
#9298 = CARTESIAN_POINT('',(455.,675.,75.));
#9299 = CIRCLE('',#9300,30.);
#9300 = AXIS2_PLACEMENT_3D('',#9301,#9302,#9303);
#9301 = CARTESIAN_POINT('',(455.,705.,75.));
#9302 = DIRECTION('',(-1.,0.,0.));
#9303 = DIRECTION('',(0.,-1.,0.));
#9304 = PLANE('',#9305);
#9305 = AXIS2_PLACEMENT_3D('',#9306,#9307,#9308);
#9306 = CARTESIAN_POINT('',(455.,696.8213270534,75.));
#9307 = DIRECTION('',(1.,0.,0.));
#9308 = DIRECTION('',(0.,0.,1.));
#9309 = ADVANCED_FACE('',(#9310,#9313),#9324,.T.);
#9310 = FACE_BOUND('',#9311,.T.);
#9311 = EDGE_LOOP('',(#9312));
#9312 = ORIENTED_EDGE('',*,*,#8420,.T.);
#9313 = FACE_BOUND('',#9314,.T.);
#9314 = EDGE_LOOP('',(#9315));
#9315 = ORIENTED_EDGE('',*,*,#9316,.F.);
#9316 = EDGE_CURVE('',#9317,#9317,#9319,.T.);
#9317 = VERTEX_POINT('',#9318);
#9318 = CARTESIAN_POINT('',(240.,0.,235.));
#9319 = CIRCLE('',#9320,240.);
#9320 = AXIS2_PLACEMENT_3D('',#9321,#9322,#9323);
#9321 = CARTESIAN_POINT('',(0.,0.,235.));
#9322 = DIRECTION('',(0.,0.,1.));
#9323 = DIRECTION('',(1.,0.,0.));
#9324 = PLANE('',#9325);
#9325 = AXIS2_PLACEMENT_3D('',#9326,#9327,#9328);
#9326 = CARTESIAN_POINT('',(-1.294E-14,2.16E-15,235.));
#9327 = DIRECTION('',(0.,0.,1.));
#9328 = DIRECTION('',(1.,0.,0.));
#9329 = ADVANCED_FACE('',(#9330,#9341),#9344,.F.);
#9330 = FACE_BOUND('',#9331,.F.);
#9331 = EDGE_LOOP('',(#9332));
#9332 = ORIENTED_EDGE('',*,*,#9333,.T.);
#9333 = EDGE_CURVE('',#9334,#9334,#9336,.T.);
#9334 = VERTEX_POINT('',#9335);
#9335 = CARTESIAN_POINT('',(162.5,607.5,275.));
#9336 = CIRCLE('',#9337,162.5);
#9337 = AXIS2_PLACEMENT_3D('',#9338,#9339,#9340);
#9338 = CARTESIAN_POINT('',(0.,607.5,275.));
#9339 = DIRECTION('',(0.,0.,1.));
#9340 = DIRECTION('',(1.,0.,0.));
#9341 = FACE_BOUND('',#9342,.F.);
#9342 = EDGE_LOOP('',(#9343));
#9343 = ORIENTED_EDGE('',*,*,#8445,.F.);
#9344 = PLANE('',#9345);
#9345 = AXIS2_PLACEMENT_3D('',#9346,#9347,#9348);
#9346 = CARTESIAN_POINT('',(-5.74E-15,524.16666666666,275.));
#9347 = DIRECTION('',(0.,0.,1.));
#9348 = DIRECTION('',(1.,0.,0.));
#9349 = ADVANCED_FACE('',(#9350,#9361),#9364,.F.);
#9350 = FACE_BOUND('',#9351,.F.);
#9351 = EDGE_LOOP('',(#9352));
#9352 = ORIENTED_EDGE('',*,*,#9353,.T.);
#9353 = EDGE_CURVE('',#9354,#9354,#9356,.T.);
#9354 = VERTEX_POINT('',#9355);
#9355 = CARTESIAN_POINT('',(477.5,482.5,275.));
#9356 = CIRCLE('',#9357,162.5);
#9357 = AXIS2_PLACEMENT_3D('',#9358,#9359,#9360);
#9358 = CARTESIAN_POINT('',(315.,482.5,275.));
#9359 = DIRECTION('',(0.,0.,1.));
#9360 = DIRECTION('',(1.,0.,0.));
#9361 = FACE_BOUND('',#9362,.F.);
#9362 = EDGE_LOOP('',(#9363));
#9363 = ORIENTED_EDGE('',*,*,#8470,.F.);
#9364 = PLANE('',#9365);
#9365 = AXIS2_PLACEMENT_3D('',#9366,#9367,#9368);
#9366 = CARTESIAN_POINT('',(-5.74E-15,524.16666666666,275.));
#9367 = DIRECTION('',(0.,0.,1.));
#9368 = DIRECTION('',(1.,0.,0.));
#9369 = ADVANCED_FACE('',(#9370),#9382,.T.);
#9370 = FACE_BOUND('',#9371,.F.);
#9371 = EDGE_LOOP('',(#9372,#9373,#9374,#9375));
#9372 = ORIENTED_EDGE('',*,*,#8515,.T.);
#9373 = ORIENTED_EDGE('',*,*,#8487,.T.);
#9374 = ORIENTED_EDGE('',*,*,#8563,.F.);
#9375 = ORIENTED_EDGE('',*,*,#9376,.F.);
#9376 = EDGE_CURVE('',#8516,#8564,#9377,.T.);
#9377 = CIRCLE('',#9378,525.625);
#9378 = AXIS2_PLACEMENT_3D('',#9379,#9380,#9381);
#9379 = CARTESIAN_POINT('',(0.,25.625,0.));
#9380 = DIRECTION('',(0.,0.,1.));
#9381 = DIRECTION('',(1.,0.,0.));
#9382 = CYLINDRICAL_SURFACE('',#9383,525.625);
#9383 = AXIS2_PLACEMENT_3D('',#9384,#9385,#9386);
#9384 = CARTESIAN_POINT('',(0.,25.625,0.));
#9385 = DIRECTION('',(-0.,-0.,-1.));
#9386 = DIRECTION('',(1.,0.,0.));
#9387 = ADVANCED_FACE('',(#9388),#9413,.T.);
#9388 = FACE_BOUND('',#9389,.T.);
#9389 = EDGE_LOOP('',(#9390,#9398,#9399,#9407));
#9390 = ORIENTED_EDGE('',*,*,#9391,.T.);
#9391 = EDGE_CURVE('',#9392,#8516,#9394,.T.);
#9392 = VERTEX_POINT('',#9393);
#9393 = CARTESIAN_POINT('',(-525.,-87.40740254664,0.));
#9394 = LINE('',#9395,#9396);
#9395 = CARTESIAN_POINT('',(-525.,-5.329E-14,0.));
#9396 = VECTOR('',#9397,1.);
#9397 = DIRECTION('',(0.,1.,0.));
#9398 = ORIENTED_EDGE('',*,*,#8523,.T.);
#9399 = ORIENTED_EDGE('',*,*,#9400,.T.);
#9400 = EDGE_CURVE('',#8524,#9401,#9403,.T.);
#9401 = VERTEX_POINT('',#9402);
#9402 = CARTESIAN_POINT('',(-525.,-87.40740254664,-25.));
#9403 = LINE('',#9404,#9405);
#9404 = CARTESIAN_POINT('',(-525.,-5.329E-14,-25.));
#9405 = VECTOR('',#9406,1.);
#9406 = DIRECTION('',(0.,-1.,0.));
#9407 = ORIENTED_EDGE('',*,*,#9408,.F.);
#9408 = EDGE_CURVE('',#9392,#9401,#9409,.T.);
#9409 = LINE('',#9410,#9411);
#9410 = CARTESIAN_POINT('',(-525.,-87.40740254664,0.));
#9411 = VECTOR('',#9412,1.);
#9412 = DIRECTION('',(0.,0.,-1.));
#9413 = PLANE('',#9414);
#9414 = AXIS2_PLACEMENT_3D('',#9415,#9416,#9417);
#9415 = CARTESIAN_POINT('',(-525.,245.85398488502,79.565057152305));
#9416 = DIRECTION('',(-1.,-0.,-0.));
#9417 = DIRECTION('',(0.,0.,-1.));
#9418 = ADVANCED_FACE('',(#9419,#9443),#9547,.T.);
#9419 = FACE_BOUND('',#9420,.F.);
#9420 = EDGE_LOOP('',(#9421,#9422,#9423,#9424,#9432,#9438,#9439,#9440,
    #9441,#9442));
#9421 = ORIENTED_EDGE('',*,*,#8609,.F.);
#9422 = ORIENTED_EDGE('',*,*,#8732,.T.);
#9423 = ORIENTED_EDGE('',*,*,#8539,.F.);
#9424 = ORIENTED_EDGE('',*,*,#9425,.T.);
#9425 = EDGE_CURVE('',#8532,#9426,#9428,.T.);
#9426 = VERTEX_POINT('',#9427);
#9427 = CARTESIAN_POINT('',(-550.,300.,-25.));
#9428 = LINE('',#9429,#9430);
#9429 = CARTESIAN_POINT('',(-550.,2.262E-14,-25.));
#9430 = VECTOR('',#9431,1.);
#9431 = DIRECTION('',(2.2E-16,1.,0.));
#9432 = ORIENTED_EDGE('',*,*,#9433,.T.);
#9433 = EDGE_CURVE('',#9426,#8964,#9434,.T.);
#9434 = LINE('',#9435,#9436);
#9435 = CARTESIAN_POINT('',(-550.,300.,-25.));
#9436 = VECTOR('',#9437,1.);
#9437 = DIRECTION('',(0.,0.,1.));
#9438 = ORIENTED_EDGE('',*,*,#8971,.T.);
#9439 = ORIENTED_EDGE('',*,*,#8707,.F.);
#9440 = ORIENTED_EDGE('',*,*,#8689,.T.);
#9441 = ORIENTED_EDGE('',*,*,#8665,.T.);
#9442 = ORIENTED_EDGE('',*,*,#8640,.T.);
#9443 = FACE_BOUND('',#9444,.F.);
#9444 = EDGE_LOOP('',(#9445,#9456,#9464,#9473,#9481,#9490,#9498,#9507,
    #9515,#9524,#9532,#9541));
#9445 = ORIENTED_EDGE('',*,*,#9446,.F.);
#9446 = EDGE_CURVE('',#9447,#9449,#9451,.T.);
#9447 = VERTEX_POINT('',#9448);
#9448 = CARTESIAN_POINT('',(-549.9999999999,142.6780788162,
    318.07912830191));
#9449 = VERTEX_POINT('',#9450);
#9450 = CARTESIAN_POINT('',(-549.9999999999,37.321921183764,
    318.07912830187));
#9451 = CIRCLE('',#9452,65.);
#9452 = AXIS2_PLACEMENT_3D('',#9453,#9454,#9455);
#9453 = CARTESIAN_POINT('',(-549.9999999999,90.,280.));
#9454 = DIRECTION('',(1.,0.,-3.99E-15));
#9455 = DIRECTION('',(0.,1.,0.));
#9456 = ORIENTED_EDGE('',*,*,#9457,.F.);
#9457 = EDGE_CURVE('',#9458,#9447,#9460,.T.);
#9458 = VERTEX_POINT('',#9459);
#9459 = CARTESIAN_POINT('',(-549.9999999999,169.18255968124,
    281.41323823949));
#9460 = LINE('',#9461,#9462);
#9461 = CARTESIAN_POINT('',(-549.9999999999,169.18255968124,
    281.41323823949));
#9462 = VECTOR('',#9463,1.);
#9463 = DIRECTION('',(3.238272072849E-15,-0.585832743106,0.810431981788)
  );
#9464 = ORIENTED_EDGE('',*,*,#9465,.F.);
#9465 = EDGE_CURVE('',#9466,#9458,#9468,.T.);
#9466 = VERTEX_POINT('',#9467);
#9467 = CARTESIAN_POINT('',(-549.9999999999,172.49999999994,
    271.16116523516));
#9468 = CIRCLE('',#9469,17.499999999945);
#9469 = AXIS2_PLACEMENT_3D('',#9470,#9471,#9472);
#9470 = CARTESIAN_POINT('',(-549.9999999999,155.,271.16116523516));
#9471 = DIRECTION('',(1.,0.,-3.99E-15));
#9472 = DIRECTION('',(0.,1.,0.));
#9473 = ORIENTED_EDGE('',*,*,#9474,.F.);
#9474 = EDGE_CURVE('',#9475,#9466,#9477,.T.);
#9475 = VERTEX_POINT('',#9476);
#9476 = CARTESIAN_POINT('',(-549.9999999999,172.49999999994,164.));
#9477 = LINE('',#9478,#9479);
#9478 = CARTESIAN_POINT('',(-549.9999999999,172.49999999994,164.));
#9479 = VECTOR('',#9480,1.);
#9480 = DIRECTION('',(3.99E-15,0.,1.));
#9481 = ORIENTED_EDGE('',*,*,#9482,.F.);
#9482 = EDGE_CURVE('',#9483,#9475,#9485,.T.);
#9483 = VERTEX_POINT('',#9484);
#9484 = CARTESIAN_POINT('',(-549.9999999999,161.49183384498,
    143.282167448));
#9485 = CIRCLE('',#9486,25.);
#9486 = AXIS2_PLACEMENT_3D('',#9487,#9488,#9489);
#9487 = CARTESIAN_POINT('',(-549.9999999999,147.49999999994,164.));
#9488 = DIRECTION('',(1.,0.,-3.99E-15));
#9489 = DIRECTION('',(0.,1.,0.));
#9490 = ORIENTED_EDGE('',*,*,#9491,.F.);
#9491 = EDGE_CURVE('',#9492,#9483,#9494,.T.);
#9492 = VERTEX_POINT('',#9493);
#9493 = CARTESIAN_POINT('',(-549.9999999999,103.99183384511,
    104.44941580427));
#9494 = LINE('',#9495,#9496);
#9495 = CARTESIAN_POINT('',(-550.,103.99183384511,104.44941580427));
#9496 = VECTOR('',#9497,1.);
#9497 = DIRECTION('',(2.231306584793E-15,0.82871330208,0.559673353802));
#9498 = ORIENTED_EDGE('',*,*,#9499,.F.);
#9499 = EDGE_CURVE('',#9500,#9492,#9502,.T.);
#9500 = VERTEX_POINT('',#9501);
#9501 = CARTESIAN_POINT('',(-549.9999999999,76.008166155046,
    104.44941580425));
#9502 = CIRCLE('',#9503,25.);
#9503 = AXIS2_PLACEMENT_3D('',#9504,#9505,#9506);
#9504 = CARTESIAN_POINT('',(-550.,90.00000000007,125.16724835627));
#9505 = DIRECTION('',(1.,0.,-3.99E-15));
#9506 = DIRECTION('',(0.,1.,0.));
#9507 = ORIENTED_EDGE('',*,*,#9508,.F.);
#9508 = EDGE_CURVE('',#9509,#9500,#9511,.T.);
#9509 = VERTEX_POINT('',#9510);
#9510 = CARTESIAN_POINT('',(-549.9999999999,18.508166155034,
    143.282167448));
#9511 = LINE('',#9512,#9513);
#9512 = CARTESIAN_POINT('',(-550.,18.508166155034,143.282167448));
#9513 = VECTOR('',#9514,1.);
#9514 = DIRECTION('',(-2.231306584796E-15,0.828713302081,-0.559673353801
    ));
#9515 = ORIENTED_EDGE('',*,*,#9516,.F.);
#9516 = EDGE_CURVE('',#9517,#9509,#9519,.T.);
#9517 = VERTEX_POINT('',#9518);
#9518 = CARTESIAN_POINT('',(-549.9999999999,7.500000000058,
    164.00000000001));
#9519 = CIRCLE('',#9520,25.);
#9520 = AXIS2_PLACEMENT_3D('',#9521,#9522,#9523);
#9521 = CARTESIAN_POINT('',(-549.9999999999,32.500000000058,
    164.00000000001));
#9522 = DIRECTION('',(1.,0.,-3.99E-15));
#9523 = DIRECTION('',(0.,1.,0.));
#9524 = ORIENTED_EDGE('',*,*,#9525,.F.);
#9525 = EDGE_CURVE('',#9526,#9517,#9528,.T.);
#9526 = VERTEX_POINT('',#9527);
#9527 = CARTESIAN_POINT('',(-549.9999999999,7.500000000058,
    271.1611652351));
#9528 = LINE('',#9529,#9530);
#9529 = CARTESIAN_POINT('',(-549.9999999999,7.500000000058,
    271.1611652351));
#9530 = VECTOR('',#9531,1.);
#9531 = DIRECTION('',(-3.99E-15,-0.,-1.));
#9532 = ORIENTED_EDGE('',*,*,#9533,.F.);
#9533 = EDGE_CURVE('',#9534,#9526,#9536,.T.);
#9534 = VERTEX_POINT('',#9535);
#9535 = CARTESIAN_POINT('',(-549.9999999999,10.817440318753,
    281.41323823942));
#9536 = CIRCLE('',#9537,17.499999999943);
#9537 = AXIS2_PLACEMENT_3D('',#9538,#9539,#9540);
#9538 = CARTESIAN_POINT('',(-549.9999999999,25.000000000001,
    271.1611652351));
#9539 = DIRECTION('',(1.,0.,-3.99E-15));
#9540 = DIRECTION('',(0.,1.,0.));
#9541 = ORIENTED_EDGE('',*,*,#9542,.T.);
#9542 = EDGE_CURVE('',#9534,#9449,#9543,.T.);
#9543 = LINE('',#9544,#9545);
#9544 = CARTESIAN_POINT('',(-549.9999999999,10.817440318753,
    281.41323823942));
#9545 = VECTOR('',#9546,1.);
#9546 = DIRECTION('',(3.238272072847E-15,0.585832743106,0.810431981788)
  );
#9547 = PLANE('',#9548);
#9548 = AXIS2_PLACEMENT_3D('',#9549,#9550,#9551);
#9549 = CARTESIAN_POINT('',(-550.,355.52654155172,116.26942356974));
#9550 = DIRECTION('',(-1.,2.2E-16,-2.2E-16));
#9551 = DIRECTION('',(2.2E-16,0.,-1.));
#9552 = ADVANCED_FACE('',(#9553),#9578,.T.);
#9553 = FACE_BOUND('',#9554,.T.);
#9554 = EDGE_LOOP('',(#9555,#9563,#9564,#9572));
#9555 = ORIENTED_EDGE('',*,*,#9556,.F.);
#9556 = EDGE_CURVE('',#8572,#9557,#9559,.T.);
#9557 = VERTEX_POINT('',#9558);
#9558 = CARTESIAN_POINT('',(525.,-87.40740254664,-25.));
#9559 = LINE('',#9560,#9561);
#9560 = CARTESIAN_POINT('',(525.,620.,-25.));
#9561 = VECTOR('',#9562,1.);
#9562 = DIRECTION('',(0.,-1.,0.));
#9563 = ORIENTED_EDGE('',*,*,#8571,.F.);
#9564 = ORIENTED_EDGE('',*,*,#9565,.T.);
#9565 = EDGE_CURVE('',#8564,#9566,#9568,.T.);
#9566 = VERTEX_POINT('',#9567);
#9567 = CARTESIAN_POINT('',(525.,-87.40740254664,0.));
#9568 = LINE('',#9569,#9570);
#9569 = CARTESIAN_POINT('',(525.,0.,0.));
#9570 = VECTOR('',#9571,1.);
#9571 = DIRECTION('',(0.,-1.,0.));
#9572 = ORIENTED_EDGE('',*,*,#9573,.T.);
#9573 = EDGE_CURVE('',#9566,#9557,#9574,.T.);
#9574 = LINE('',#9575,#9576);
#9575 = CARTESIAN_POINT('',(525.,-87.40740254664,0.));
#9576 = VECTOR('',#9577,1.);
#9577 = DIRECTION('',(0.,0.,-1.));
#9578 = PLANE('',#9579);
#9579 = AXIS2_PLACEMENT_3D('',#9580,#9581,#9582);
#9580 = CARTESIAN_POINT('',(525.,245.85398488502,79.565057152305));
#9581 = DIRECTION('',(1.,0.,0.));
#9582 = DIRECTION('',(0.,0.,1.));
#9583 = ADVANCED_FACE('',(#9584,#9608),#9712,.T.);
#9584 = FACE_BOUND('',#9585,.T.);
#9585 = EDGE_LOOP('',(#9586,#9587,#9588,#9589,#9597,#9603,#9604,#9605,
    #9606,#9607));
#9586 = ORIENTED_EDGE('',*,*,#8781,.F.);
#9587 = ORIENTED_EDGE('',*,*,#8904,.T.);
#9588 = ORIENTED_EDGE('',*,*,#8587,.F.);
#9589 = ORIENTED_EDGE('',*,*,#9590,.T.);
#9590 = EDGE_CURVE('',#8580,#9591,#9593,.T.);
#9591 = VERTEX_POINT('',#9592);
#9592 = CARTESIAN_POINT('',(550.,300.,-25.));
#9593 = LINE('',#9594,#9595);
#9594 = CARTESIAN_POINT('',(550.,-9.95E-14,-25.));
#9595 = VECTOR('',#9596,1.);
#9596 = DIRECTION('',(0.,1.,0.));
#9597 = ORIENTED_EDGE('',*,*,#9598,.F.);
#9598 = EDGE_CURVE('',#9012,#9591,#9599,.T.);
#9599 = LINE('',#9600,#9601);
#9600 = CARTESIAN_POINT('',(550.,300.,807.40644806083));
#9601 = VECTOR('',#9602,1.);
#9602 = DIRECTION('',(0.,0.,-1.));
#9603 = ORIENTED_EDGE('',*,*,#9019,.T.);
#9604 = ORIENTED_EDGE('',*,*,#8879,.F.);
#9605 = ORIENTED_EDGE('',*,*,#8861,.T.);
#9606 = ORIENTED_EDGE('',*,*,#8837,.T.);
#9607 = ORIENTED_EDGE('',*,*,#8812,.T.);
#9608 = FACE_BOUND('',#9609,.T.);
#9609 = EDGE_LOOP('',(#9610,#9621,#9629,#9638,#9646,#9655,#9663,#9672,
    #9680,#9689,#9697,#9706));
#9610 = ORIENTED_EDGE('',*,*,#9611,.F.);
#9611 = EDGE_CURVE('',#9612,#9614,#9616,.T.);
#9612 = VERTEX_POINT('',#9613);
#9613 = CARTESIAN_POINT('',(549.99999999999,142.6780788162,
    318.07912830192));
#9614 = VERTEX_POINT('',#9615);
#9615 = CARTESIAN_POINT('',(549.99999999999,37.321921183764,
    318.07912830187));
#9616 = CIRCLE('',#9617,65.);
#9617 = AXIS2_PLACEMENT_3D('',#9618,#9619,#9620);
#9618 = CARTESIAN_POINT('',(549.99999999999,90.,280.));
#9619 = DIRECTION('',(1.,-0.,4.E-15));
#9620 = DIRECTION('',(0.,1.,0.));
#9621 = ORIENTED_EDGE('',*,*,#9622,.F.);
#9622 = EDGE_CURVE('',#9623,#9612,#9625,.T.);
#9623 = VERTEX_POINT('',#9624);
#9624 = CARTESIAN_POINT('',(549.99999999999,169.18255968124,
    281.41323823949));
#9625 = LINE('',#9626,#9627);
#9626 = CARTESIAN_POINT('',(549.99999999999,169.18255968124,
    281.41323823949));
#9627 = VECTOR('',#9628,1.);
#9628 = DIRECTION('',(-3.241727927151E-15,-0.585832743106,0.810431981788
    ));
#9629 = ORIENTED_EDGE('',*,*,#9630,.F.);
#9630 = EDGE_CURVE('',#9631,#9623,#9633,.T.);
#9631 = VERTEX_POINT('',#9632);
#9632 = CARTESIAN_POINT('',(549.99999999999,172.49999999994,
    271.16116523516));
#9633 = CIRCLE('',#9634,17.499999999945);
#9634 = AXIS2_PLACEMENT_3D('',#9635,#9636,#9637);
#9635 = CARTESIAN_POINT('',(549.99999999999,155.,271.16116523516));
#9636 = DIRECTION('',(1.,-0.,4.E-15));
#9637 = DIRECTION('',(0.,1.,0.));
#9638 = ORIENTED_EDGE('',*,*,#9639,.F.);
#9639 = EDGE_CURVE('',#9640,#9631,#9642,.T.);
#9640 = VERTEX_POINT('',#9641);
#9641 = CARTESIAN_POINT('',(549.99999999999,172.49999999994,164.));
#9642 = LINE('',#9643,#9644);
#9643 = CARTESIAN_POINT('',(549.99999999999,172.49999999994,164.));
#9644 = VECTOR('',#9645,1.);
#9645 = DIRECTION('',(-4.E-15,0.,1.));
#9646 = ORIENTED_EDGE('',*,*,#9647,.F.);
#9647 = EDGE_CURVE('',#9648,#9640,#9650,.T.);
#9648 = VERTEX_POINT('',#9649);
#9649 = CARTESIAN_POINT('',(549.99999999999,161.49183384498,
    143.282167448));
#9650 = CIRCLE('',#9651,25.);
#9651 = AXIS2_PLACEMENT_3D('',#9652,#9653,#9654);
#9652 = CARTESIAN_POINT('',(549.99999999999,147.49999999994,164.));
#9653 = DIRECTION('',(1.,-0.,4.E-15));
#9654 = DIRECTION('',(0.,1.,0.));
#9655 = ORIENTED_EDGE('',*,*,#9656,.F.);
#9656 = EDGE_CURVE('',#9657,#9648,#9659,.T.);
#9657 = VERTEX_POINT('',#9658);
#9658 = CARTESIAN_POINT('',(549.99999999999,103.99183384511,
    104.44941580427));
#9659 = LINE('',#9660,#9661);
#9660 = CARTESIAN_POINT('',(549.99999999999,103.99183384511,
    104.44941580427));
#9661 = VECTOR('',#9662,1.);
#9662 = DIRECTION('',(-2.238693415207E-15,0.82871330208,0.559673353802)
  );
#9663 = ORIENTED_EDGE('',*,*,#9664,.F.);
#9664 = EDGE_CURVE('',#9665,#9657,#9667,.T.);
#9665 = VERTEX_POINT('',#9666);
#9666 = CARTESIAN_POINT('',(549.99999999999,76.008166155046,
    104.44941580425));
#9667 = CIRCLE('',#9668,25.);
#9668 = AXIS2_PLACEMENT_3D('',#9669,#9670,#9671);
#9669 = CARTESIAN_POINT('',(549.99999999999,90.00000000007,
    125.16724835627));
#9670 = DIRECTION('',(1.,-0.,4.E-15));
#9671 = DIRECTION('',(0.,1.,0.));
#9672 = ORIENTED_EDGE('',*,*,#9673,.F.);
#9673 = EDGE_CURVE('',#9674,#9665,#9676,.T.);
#9674 = VERTEX_POINT('',#9675);
#9675 = CARTESIAN_POINT('',(549.99999999999,18.508166155034,
    143.282167448));
#9676 = LINE('',#9677,#9678);
#9677 = CARTESIAN_POINT('',(549.99999999999,18.508166155034,
    143.282167448));
#9678 = VECTOR('',#9679,1.);
#9679 = DIRECTION('',(2.238693415204E-15,0.828713302081,-0.559673353801)
  );
#9680 = ORIENTED_EDGE('',*,*,#9681,.F.);
#9681 = EDGE_CURVE('',#9682,#9674,#9684,.T.);
#9682 = VERTEX_POINT('',#9683);
#9683 = CARTESIAN_POINT('',(549.99999999999,7.500000000058,
    164.00000000001));
#9684 = CIRCLE('',#9685,25.);
#9685 = AXIS2_PLACEMENT_3D('',#9686,#9687,#9688);
#9686 = CARTESIAN_POINT('',(549.99999999999,32.500000000058,
    164.00000000001));
#9687 = DIRECTION('',(1.,-0.,4.E-15));
#9688 = DIRECTION('',(0.,1.,0.));
#9689 = ORIENTED_EDGE('',*,*,#9690,.F.);
#9690 = EDGE_CURVE('',#9691,#9682,#9693,.T.);
#9691 = VERTEX_POINT('',#9692);
#9692 = CARTESIAN_POINT('',(549.99999999999,7.500000000058,
    271.1611652351));
#9693 = LINE('',#9694,#9695);
#9694 = CARTESIAN_POINT('',(549.99999999999,7.500000000058,
    271.1611652351));
#9695 = VECTOR('',#9696,1.);
#9696 = DIRECTION('',(4.E-15,0.,-1.));
#9697 = ORIENTED_EDGE('',*,*,#9698,.F.);
#9698 = EDGE_CURVE('',#9699,#9691,#9701,.T.);
#9699 = VERTEX_POINT('',#9700);
#9700 = CARTESIAN_POINT('',(549.99999999999,10.817440318753,
    281.41323823942));
#9701 = CIRCLE('',#9702,17.499999999943);
#9702 = AXIS2_PLACEMENT_3D('',#9703,#9704,#9705);
#9703 = CARTESIAN_POINT('',(549.99999999999,25.000000000001,
    271.1611652351));
#9704 = DIRECTION('',(1.,-0.,4.E-15));
#9705 = DIRECTION('',(0.,1.,0.));
#9706 = ORIENTED_EDGE('',*,*,#9707,.T.);
#9707 = EDGE_CURVE('',#9699,#9614,#9708,.T.);
#9708 = LINE('',#9709,#9710);
#9709 = CARTESIAN_POINT('',(549.99999999999,10.817440318753,
    281.41323823942));
#9710 = VECTOR('',#9711,1.);
#9711 = DIRECTION('',(-3.241727927153E-15,0.585832743106,0.810431981788)
  );
#9712 = PLANE('',#9713);
#9713 = AXIS2_PLACEMENT_3D('',#9714,#9715,#9716);
#9714 = CARTESIAN_POINT('',(550.,355.52654155172,116.26942356974));
#9715 = DIRECTION('',(1.,0.,0.));
#9716 = DIRECTION('',(0.,0.,1.));
#9717 = ADVANCED_FACE('',(#9718,#9822),#9825,.T.);
#9718 = FACE_BOUND('',#9719,.F.);
#9719 = EDGE_LOOP('',(#9720,#9731,#9739,#9748,#9756,#9765,#9773,#9782,
    #9790,#9799,#9807,#9816));
#9720 = ORIENTED_EDGE('',*,*,#9721,.T.);
#9721 = EDGE_CURVE('',#9722,#9724,#9726,.T.);
#9722 = VERTEX_POINT('',#9723);
#9723 = CARTESIAN_POINT('',(-554.9999999999,142.6780788162,
    318.07912830191));
#9724 = VERTEX_POINT('',#9725);
#9725 = CARTESIAN_POINT('',(-554.9999999999,37.321921183764,
    318.07912830187));
#9726 = CIRCLE('',#9727,65.);
#9727 = AXIS2_PLACEMENT_3D('',#9728,#9729,#9730);
#9728 = CARTESIAN_POINT('',(-554.9999999999,90.,280.));
#9729 = DIRECTION('',(1.,0.,-3.99E-15));
#9730 = DIRECTION('',(0.,1.,0.));
#9731 = ORIENTED_EDGE('',*,*,#9732,.F.);
#9732 = EDGE_CURVE('',#9733,#9724,#9735,.T.);
#9733 = VERTEX_POINT('',#9734);
#9734 = CARTESIAN_POINT('',(-554.9999999999,10.817440318753,
    281.41323823942));
#9735 = LINE('',#9736,#9737);
#9736 = CARTESIAN_POINT('',(-554.9999999999,10.817440318753,
    281.41323823942));
#9737 = VECTOR('',#9738,1.);
#9738 = DIRECTION('',(3.238272072847E-15,0.585832743106,0.810431981788)
  );
#9739 = ORIENTED_EDGE('',*,*,#9740,.T.);
#9740 = EDGE_CURVE('',#9733,#9741,#9743,.T.);
#9741 = VERTEX_POINT('',#9742);
#9742 = CARTESIAN_POINT('',(-554.9999999999,7.500000000058,
    271.1611652351));
#9743 = CIRCLE('',#9744,17.499999999943);
#9744 = AXIS2_PLACEMENT_3D('',#9745,#9746,#9747);
#9745 = CARTESIAN_POINT('',(-554.9999999999,25.000000000001,
    271.1611652351));
#9746 = DIRECTION('',(1.,0.,-3.99E-15));
#9747 = DIRECTION('',(0.,1.,0.));
#9748 = ORIENTED_EDGE('',*,*,#9749,.T.);
#9749 = EDGE_CURVE('',#9741,#9750,#9752,.T.);
#9750 = VERTEX_POINT('',#9751);
#9751 = CARTESIAN_POINT('',(-554.9999999999,7.500000000058,
    164.00000000001));
#9752 = LINE('',#9753,#9754);
#9753 = CARTESIAN_POINT('',(-554.9999999999,7.500000000058,
    271.1611652351));
#9754 = VECTOR('',#9755,1.);
#9755 = DIRECTION('',(-3.99E-15,-0.,-1.));
#9756 = ORIENTED_EDGE('',*,*,#9757,.T.);
#9757 = EDGE_CURVE('',#9750,#9758,#9760,.T.);
#9758 = VERTEX_POINT('',#9759);
#9759 = CARTESIAN_POINT('',(-554.9999999999,18.508166155034,
    143.282167448));
#9760 = CIRCLE('',#9761,25.);
#9761 = AXIS2_PLACEMENT_3D('',#9762,#9763,#9764);
#9762 = CARTESIAN_POINT('',(-554.9999999999,32.500000000058,
    164.00000000001));
#9763 = DIRECTION('',(1.,0.,-3.99E-15));
#9764 = DIRECTION('',(0.,1.,0.));
#9765 = ORIENTED_EDGE('',*,*,#9766,.T.);
#9766 = EDGE_CURVE('',#9758,#9767,#9769,.T.);
#9767 = VERTEX_POINT('',#9768);
#9768 = CARTESIAN_POINT('',(-554.9999999999,76.008166155046,
    104.44941580425));
#9769 = LINE('',#9770,#9771);
#9770 = CARTESIAN_POINT('',(-555.,18.508166155034,143.282167448));
#9771 = VECTOR('',#9772,1.);
#9772 = DIRECTION('',(-2.231306584796E-15,0.828713302081,-0.559673353801
    ));
#9773 = ORIENTED_EDGE('',*,*,#9774,.T.);
#9774 = EDGE_CURVE('',#9767,#9775,#9777,.T.);
#9775 = VERTEX_POINT('',#9776);
#9776 = CARTESIAN_POINT('',(-554.9999999999,103.99183384511,
    104.44941580427));
#9777 = CIRCLE('',#9778,25.);
#9778 = AXIS2_PLACEMENT_3D('',#9779,#9780,#9781);
#9779 = CARTESIAN_POINT('',(-555.,90.00000000007,125.16724835627));
#9780 = DIRECTION('',(1.,0.,-3.99E-15));
#9781 = DIRECTION('',(0.,1.,0.));
#9782 = ORIENTED_EDGE('',*,*,#9783,.T.);
#9783 = EDGE_CURVE('',#9775,#9784,#9786,.T.);
#9784 = VERTEX_POINT('',#9785);
#9785 = CARTESIAN_POINT('',(-554.9999999999,161.49183384498,
    143.282167448));
#9786 = LINE('',#9787,#9788);
#9787 = CARTESIAN_POINT('',(-555.,103.99183384511,104.44941580427));
#9788 = VECTOR('',#9789,1.);
#9789 = DIRECTION('',(2.231306584793E-15,0.82871330208,0.559673353802));
#9790 = ORIENTED_EDGE('',*,*,#9791,.T.);
#9791 = EDGE_CURVE('',#9784,#9792,#9794,.T.);
#9792 = VERTEX_POINT('',#9793);
#9793 = CARTESIAN_POINT('',(-554.9999999999,172.49999999994,164.));
#9794 = CIRCLE('',#9795,25.);
#9795 = AXIS2_PLACEMENT_3D('',#9796,#9797,#9798);
#9796 = CARTESIAN_POINT('',(-554.9999999999,147.49999999994,164.));
#9797 = DIRECTION('',(1.,0.,-3.99E-15));
#9798 = DIRECTION('',(0.,1.,0.));
#9799 = ORIENTED_EDGE('',*,*,#9800,.T.);
#9800 = EDGE_CURVE('',#9792,#9801,#9803,.T.);
#9801 = VERTEX_POINT('',#9802);
#9802 = CARTESIAN_POINT('',(-554.9999999999,172.49999999994,
    271.16116523516));
#9803 = LINE('',#9804,#9805);
#9804 = CARTESIAN_POINT('',(-554.9999999999,172.49999999994,164.));
#9805 = VECTOR('',#9806,1.);
#9806 = DIRECTION('',(3.99E-15,0.,1.));
#9807 = ORIENTED_EDGE('',*,*,#9808,.T.);
#9808 = EDGE_CURVE('',#9801,#9809,#9811,.T.);
#9809 = VERTEX_POINT('',#9810);
#9810 = CARTESIAN_POINT('',(-554.9999999999,169.18255968124,
    281.41323823949));
#9811 = CIRCLE('',#9812,17.499999999945);
#9812 = AXIS2_PLACEMENT_3D('',#9813,#9814,#9815);
#9813 = CARTESIAN_POINT('',(-554.9999999999,155.,271.16116523516));
#9814 = DIRECTION('',(1.,0.,-3.99E-15));
#9815 = DIRECTION('',(0.,1.,0.));
#9816 = ORIENTED_EDGE('',*,*,#9817,.T.);
#9817 = EDGE_CURVE('',#9809,#9722,#9818,.T.);
#9818 = LINE('',#9819,#9820);
#9819 = CARTESIAN_POINT('',(-554.9999999999,169.18255968124,
    281.41323823949));
#9820 = VECTOR('',#9821,1.);
#9821 = DIRECTION('',(3.238272072849E-15,-0.585832743106,0.810431981788)
  );
#9822 = FACE_BOUND('',#9823,.T.);
#9823 = EDGE_LOOP('',(#9824));
#9824 = ORIENTED_EDGE('',*,*,#8757,.T.);
#9825 = PLANE('',#9826);
#9826 = AXIS2_PLACEMENT_3D('',#9827,#9828,#9829);
#9827 = CARTESIAN_POINT('',(-554.9999999999,90.000000000007,
    233.35419092924));
#9828 = DIRECTION('',(-1.,2.2E-16,4.01E-15));
#9829 = DIRECTION('',(-4.01E-15,-0.,-1.));
#9830 = ADVANCED_FACE('',(#9831,#9935),#9938,.T.);
#9831 = FACE_BOUND('',#9832,.T.);
#9832 = EDGE_LOOP('',(#9833,#9844,#9852,#9861,#9869,#9878,#9886,#9895,
    #9903,#9912,#9920,#9929));
#9833 = ORIENTED_EDGE('',*,*,#9834,.T.);
#9834 = EDGE_CURVE('',#9835,#9837,#9839,.T.);
#9835 = VERTEX_POINT('',#9836);
#9836 = CARTESIAN_POINT('',(554.99999999999,142.6780788162,
    318.07912830192));
#9837 = VERTEX_POINT('',#9838);
#9838 = CARTESIAN_POINT('',(554.99999999999,37.321921183764,
    318.07912830187));
#9839 = CIRCLE('',#9840,65.);
#9840 = AXIS2_PLACEMENT_3D('',#9841,#9842,#9843);
#9841 = CARTESIAN_POINT('',(554.99999999999,90.,280.));
#9842 = DIRECTION('',(1.,-0.,4.E-15));
#9843 = DIRECTION('',(0.,1.,0.));
#9844 = ORIENTED_EDGE('',*,*,#9845,.F.);
#9845 = EDGE_CURVE('',#9846,#9837,#9848,.T.);
#9846 = VERTEX_POINT('',#9847);
#9847 = CARTESIAN_POINT('',(554.99999999999,10.817440318753,
    281.41323823942));
#9848 = LINE('',#9849,#9850);
#9849 = CARTESIAN_POINT('',(554.99999999999,10.817440318753,
    281.41323823942));
#9850 = VECTOR('',#9851,1.);
#9851 = DIRECTION('',(-3.241727927153E-15,0.585832743106,0.810431981788)
  );
#9852 = ORIENTED_EDGE('',*,*,#9853,.T.);
#9853 = EDGE_CURVE('',#9846,#9854,#9856,.T.);
#9854 = VERTEX_POINT('',#9855);
#9855 = CARTESIAN_POINT('',(554.99999999999,7.500000000058,
    271.1611652351));
#9856 = CIRCLE('',#9857,17.499999999943);
#9857 = AXIS2_PLACEMENT_3D('',#9858,#9859,#9860);
#9858 = CARTESIAN_POINT('',(554.99999999999,25.000000000001,
    271.1611652351));
#9859 = DIRECTION('',(1.,-0.,4.E-15));
#9860 = DIRECTION('',(0.,1.,0.));
#9861 = ORIENTED_EDGE('',*,*,#9862,.T.);
#9862 = EDGE_CURVE('',#9854,#9863,#9865,.T.);
#9863 = VERTEX_POINT('',#9864);
#9864 = CARTESIAN_POINT('',(554.99999999999,7.500000000058,
    164.00000000001));
#9865 = LINE('',#9866,#9867);
#9866 = CARTESIAN_POINT('',(554.99999999999,7.500000000058,
    271.1611652351));
#9867 = VECTOR('',#9868,1.);
#9868 = DIRECTION('',(4.E-15,0.,-1.));
#9869 = ORIENTED_EDGE('',*,*,#9870,.T.);
#9870 = EDGE_CURVE('',#9863,#9871,#9873,.T.);
#9871 = VERTEX_POINT('',#9872);
#9872 = CARTESIAN_POINT('',(554.99999999999,18.508166155034,
    143.282167448));
#9873 = CIRCLE('',#9874,25.);
#9874 = AXIS2_PLACEMENT_3D('',#9875,#9876,#9877);
#9875 = CARTESIAN_POINT('',(554.99999999999,32.500000000058,
    164.00000000001));
#9876 = DIRECTION('',(1.,-0.,4.E-15));
#9877 = DIRECTION('',(0.,1.,0.));
#9878 = ORIENTED_EDGE('',*,*,#9879,.T.);
#9879 = EDGE_CURVE('',#9871,#9880,#9882,.T.);
#9880 = VERTEX_POINT('',#9881);
#9881 = CARTESIAN_POINT('',(554.99999999999,76.008166155046,
    104.44941580425));
#9882 = LINE('',#9883,#9884);
#9883 = CARTESIAN_POINT('',(554.99999999999,18.508166155034,
    143.282167448));
#9884 = VECTOR('',#9885,1.);
#9885 = DIRECTION('',(2.238693415204E-15,0.828713302081,-0.559673353801)
  );
#9886 = ORIENTED_EDGE('',*,*,#9887,.T.);
#9887 = EDGE_CURVE('',#9880,#9888,#9890,.T.);
#9888 = VERTEX_POINT('',#9889);
#9889 = CARTESIAN_POINT('',(554.99999999999,103.99183384511,
    104.44941580427));
#9890 = CIRCLE('',#9891,25.);
#9891 = AXIS2_PLACEMENT_3D('',#9892,#9893,#9894);
#9892 = CARTESIAN_POINT('',(554.99999999999,90.00000000007,
    125.16724835627));
#9893 = DIRECTION('',(1.,-0.,4.E-15));
#9894 = DIRECTION('',(0.,1.,0.));
#9895 = ORIENTED_EDGE('',*,*,#9896,.T.);
#9896 = EDGE_CURVE('',#9888,#9897,#9899,.T.);
#9897 = VERTEX_POINT('',#9898);
#9898 = CARTESIAN_POINT('',(554.99999999999,161.49183384498,
    143.282167448));
#9899 = LINE('',#9900,#9901);
#9900 = CARTESIAN_POINT('',(554.99999999999,103.99183384511,
    104.44941580427));
#9901 = VECTOR('',#9902,1.);
#9902 = DIRECTION('',(-2.238693415207E-15,0.82871330208,0.559673353802)
  );
#9903 = ORIENTED_EDGE('',*,*,#9904,.T.);
#9904 = EDGE_CURVE('',#9897,#9905,#9907,.T.);
#9905 = VERTEX_POINT('',#9906);
#9906 = CARTESIAN_POINT('',(554.99999999999,172.49999999994,164.));
#9907 = CIRCLE('',#9908,25.);
#9908 = AXIS2_PLACEMENT_3D('',#9909,#9910,#9911);
#9909 = CARTESIAN_POINT('',(554.99999999999,147.49999999994,164.));
#9910 = DIRECTION('',(1.,-0.,4.E-15));
#9911 = DIRECTION('',(0.,1.,0.));
#9912 = ORIENTED_EDGE('',*,*,#9913,.T.);
#9913 = EDGE_CURVE('',#9905,#9914,#9916,.T.);
#9914 = VERTEX_POINT('',#9915);
#9915 = CARTESIAN_POINT('',(554.99999999999,172.49999999994,
    271.16116523516));
#9916 = LINE('',#9917,#9918);
#9917 = CARTESIAN_POINT('',(554.99999999999,172.49999999994,164.));
#9918 = VECTOR('',#9919,1.);
#9919 = DIRECTION('',(-4.E-15,0.,1.));
#9920 = ORIENTED_EDGE('',*,*,#9921,.T.);
#9921 = EDGE_CURVE('',#9914,#9922,#9924,.T.);
#9922 = VERTEX_POINT('',#9923);
#9923 = CARTESIAN_POINT('',(554.99999999999,169.18255968124,
    281.41323823949));
#9924 = CIRCLE('',#9925,17.499999999945);
#9925 = AXIS2_PLACEMENT_3D('',#9926,#9927,#9928);
#9926 = CARTESIAN_POINT('',(554.99999999999,155.,271.16116523516));
#9927 = DIRECTION('',(1.,-0.,4.E-15));
#9928 = DIRECTION('',(0.,1.,0.));
#9929 = ORIENTED_EDGE('',*,*,#9930,.T.);
#9930 = EDGE_CURVE('',#9922,#9835,#9931,.T.);
#9931 = LINE('',#9932,#9933);
#9932 = CARTESIAN_POINT('',(554.99999999999,169.18255968124,
    281.41323823949));
#9933 = VECTOR('',#9934,1.);
#9934 = DIRECTION('',(-3.241727927151E-15,-0.585832743106,0.810431981788
    ));
#9935 = FACE_BOUND('',#9936,.F.);
#9936 = EDGE_LOOP('',(#9937));
#9937 = ORIENTED_EDGE('',*,*,#8929,.T.);
#9938 = PLANE('',#9939);
#9939 = AXIS2_PLACEMENT_3D('',#9940,#9941,#9942);
#9940 = CARTESIAN_POINT('',(554.99999999999,90.000000000007,
    233.35419092924));
#9941 = DIRECTION('',(1.,0.,4.23E-15));
#9942 = DIRECTION('',(-4.23E-15,0.,1.));
#9943 = ADVANCED_FACE('',(#9944),#9962,.F.);
#9944 = FACE_BOUND('',#9945,.T.);
#9945 = EDGE_LOOP('',(#9946,#9954,#9960,#9961));
#9946 = ORIENTED_EDGE('',*,*,#9947,.T.);
#9947 = EDGE_CURVE('',#9110,#9948,#9950,.T.);
#9948 = VERTEX_POINT('',#9949);
#9949 = CARTESIAN_POINT('',(-550.,770.,-25.));
#9950 = LINE('',#9951,#9952);
#9951 = CARTESIAN_POINT('',(-525.,770.,-25.));
#9952 = VECTOR('',#9953,1.);
#9953 = DIRECTION('',(-1.,2.2E-16,-2.2E-16));
#9954 = ORIENTED_EDGE('',*,*,#9955,.T.);
#9955 = EDGE_CURVE('',#9948,#8948,#9956,.T.);
#9956 = LINE('',#9957,#9958);
#9957 = CARTESIAN_POINT('',(-550.,770.,-25.));
#9958 = VECTOR('',#9959,1.);
#9959 = DIRECTION('',(-2.2E-16,0.,1.));
#9960 = ORIENTED_EDGE('',*,*,#8945,.F.);
#9961 = ORIENTED_EDGE('',*,*,#9117,.F.);
#9962 = PLANE('',#9963);
#9963 = AXIS2_PLACEMENT_3D('',#9964,#9965,#9966);
#9964 = CARTESIAN_POINT('',(-525.,770.,-25.));
#9965 = DIRECTION('',(-2.2E-16,-1.,-0.));
#9966 = DIRECTION('',(2.2E-16,-4.84E-32,-1.));
#9967 = ADVANCED_FACE('',(#9968,#10018),#10029,.T.);
#9968 = FACE_BOUND('',#9969,.F.);
#9969 = EDGE_LOOP('',(#9970,#9980,#9986,#9987,#9988,#9996,#10004,#10012)
  );
#9970 = ORIENTED_EDGE('',*,*,#9971,.F.);
#9971 = EDGE_CURVE('',#9972,#9974,#9976,.T.);
#9972 = VERTEX_POINT('',#9973);
#9973 = CARTESIAN_POINT('',(-550.,500.,-25.));
#9974 = VERTEX_POINT('',#9975);
#9975 = CARTESIAN_POINT('',(-550.,500.,40.5));
#9976 = LINE('',#9977,#9978);
#9977 = CARTESIAN_POINT('',(-550.,500.,-25.));
#9978 = VECTOR('',#9979,1.);
#9979 = DIRECTION('',(0.,0.,1.));
#9980 = ORIENTED_EDGE('',*,*,#9981,.T.);
#9981 = EDGE_CURVE('',#9972,#9948,#9982,.T.);
#9982 = LINE('',#9983,#9984);
#9983 = CARTESIAN_POINT('',(-550.,2.262E-14,-25.));
#9984 = VECTOR('',#9985,1.);
#9985 = DIRECTION('',(2.2E-16,1.,0.));
#9986 = ORIENTED_EDGE('',*,*,#9955,.T.);
#9987 = ORIENTED_EDGE('',*,*,#8955,.T.);
#9988 = ORIENTED_EDGE('',*,*,#9989,.F.);
#9989 = EDGE_CURVE('',#9990,#8956,#9992,.T.);
#9990 = VERTEX_POINT('',#9991);
#9991 = CARTESIAN_POINT('',(-550.,500.,109.5));
#9992 = LINE('',#9993,#9994);
#9993 = CARTESIAN_POINT('',(-550.,500.,-25.));
#9994 = VECTOR('',#9995,1.);
#9995 = DIRECTION('',(0.,0.,1.));
#9996 = ORIENTED_EDGE('',*,*,#9997,.T.);
#9997 = EDGE_CURVE('',#9990,#9998,#10000,.T.);
#9998 = VERTEX_POINT('',#9999);
#9999 = CARTESIAN_POINT('',(-550.,555.,109.5));
#10000 = LINE('',#10001,#10002);
#10001 = CARTESIAN_POINT('',(-550.,395.,109.5));
#10002 = VECTOR('',#10003,1.);
#10003 = DIRECTION('',(0.,1.,0.));
#10004 = ORIENTED_EDGE('',*,*,#10005,.T.);
#10005 = EDGE_CURVE('',#9998,#10006,#10008,.T.);
#10006 = VERTEX_POINT('',#10007);
#10007 = CARTESIAN_POINT('',(-550.,555.,40.5));
#10008 = LINE('',#10009,#10010);
#10009 = CARTESIAN_POINT('',(-550.,555.,109.5));
#10010 = VECTOR('',#10011,1.);
#10011 = DIRECTION('',(0.,0.,-1.));
#10012 = ORIENTED_EDGE('',*,*,#10013,.T.);
#10013 = EDGE_CURVE('',#10006,#9974,#10014,.T.);
#10014 = LINE('',#10015,#10016);
#10015 = CARTESIAN_POINT('',(-550.,555.,40.5));
#10016 = VECTOR('',#10017,1.);
#10017 = DIRECTION('',(0.,-1.,0.));
#10018 = FACE_BOUND('',#10019,.F.);
#10019 = EDGE_LOOP('',(#10020));
#10020 = ORIENTED_EDGE('',*,*,#10021,.F.);
#10021 = EDGE_CURVE('',#10022,#10022,#10024,.T.);
#10022 = VERTEX_POINT('',#10023);
#10023 = CARTESIAN_POINT('',(-550.,735.,75.));
#10024 = CIRCLE('',#10025,30.);
#10025 = AXIS2_PLACEMENT_3D('',#10026,#10027,#10028);
#10026 = CARTESIAN_POINT('',(-550.,705.,75.));
#10027 = DIRECTION('',(1.,-2.2E-16,2.2E-16));
#10028 = DIRECTION('',(2.2E-16,1.,0.));
#10029 = PLANE('',#10030);
#10030 = AXIS2_PLACEMENT_3D('',#10031,#10032,#10033);
#10031 = CARTESIAN_POINT('',(-550.,355.52654155172,116.26942356974));
#10032 = DIRECTION('',(-1.,2.2E-16,-2.2E-16));
#10033 = DIRECTION('',(2.2E-16,0.,-1.));
#10034 = ADVANCED_FACE('',(#10035),#10060,.T.);
#10035 = FACE_BOUND('',#10036,.T.);
#10036 = EDGE_LOOP('',(#10037,#10045,#10046,#10054));
#10037 = ORIENTED_EDGE('',*,*,#10038,.F.);
#10038 = EDGE_CURVE('',#8964,#10039,#10041,.T.);
#10039 = VERTEX_POINT('',#10040);
#10040 = CARTESIAN_POINT('',(-550.,300.,807.40644806082));
#10041 = LINE('',#10042,#10043);
#10042 = CARTESIAN_POINT('',(-550.,300.,-25.));
#10043 = VECTOR('',#10044,1.);
#10044 = DIRECTION('',(0.,0.,1.));
#10045 = ORIENTED_EDGE('',*,*,#8963,.F.);
#10046 = ORIENTED_EDGE('',*,*,#10047,.T.);
#10047 = EDGE_CURVE('',#8956,#10048,#10050,.T.);
#10048 = VERTEX_POINT('',#10049);
#10049 = CARTESIAN_POINT('',(-550.,500.,807.40644806082));
#10050 = LINE('',#10051,#10052);
#10051 = CARTESIAN_POINT('',(-550.,500.,-25.));
#10052 = VECTOR('',#10053,1.);
#10053 = DIRECTION('',(0.,0.,1.));
#10054 = ORIENTED_EDGE('',*,*,#10055,.F.);
#10055 = EDGE_CURVE('',#10039,#10048,#10056,.T.);
#10056 = LINE('',#10057,#10058);
#10057 = CARTESIAN_POINT('',(-550.,300.,807.40644806082));
#10058 = VECTOR('',#10059,1.);
#10059 = DIRECTION('',(0.,1.,-2.2E-16));
#10060 = PLANE('',#10061);
#10061 = AXIS2_PLACEMENT_3D('',#10062,#10063,#10064);
#10062 = CARTESIAN_POINT('',(-550.,300.,-25.));
#10063 = DIRECTION('',(1.,0.,0.));
#10064 = DIRECTION('',(0.,2.2E-16,1.));
#10065 = ADVANCED_FACE('',(#10066),#10084,.F.);
#10066 = FACE_BOUND('',#10067,.F.);
#10067 = EDGE_LOOP('',(#10068,#10076,#10082,#10083));
#10068 = ORIENTED_EDGE('',*,*,#10069,.T.);
#10069 = EDGE_CURVE('',#9211,#10070,#10072,.T.);
#10070 = VERTEX_POINT('',#10071);
#10071 = CARTESIAN_POINT('',(550.,770.,-25.));
#10072 = LINE('',#10073,#10074);
#10073 = CARTESIAN_POINT('',(525.,770.,-25.));
#10074 = VECTOR('',#10075,1.);
#10075 = DIRECTION('',(1.,0.,0.));
#10076 = ORIENTED_EDGE('',*,*,#10077,.T.);
#10077 = EDGE_CURVE('',#10070,#8996,#10078,.T.);
#10078 = LINE('',#10079,#10080);
#10079 = CARTESIAN_POINT('',(550.,770.,-25.));
#10080 = VECTOR('',#10081,1.);
#10081 = DIRECTION('',(0.,0.,1.));
#10082 = ORIENTED_EDGE('',*,*,#8993,.F.);
#10083 = ORIENTED_EDGE('',*,*,#9218,.F.);
#10084 = PLANE('',#10085);
#10085 = AXIS2_PLACEMENT_3D('',#10086,#10087,#10088);
#10086 = CARTESIAN_POINT('',(525.,770.,-25.));
#10087 = DIRECTION('',(0.,-1.,0.));
#10088 = DIRECTION('',(0.,0.,1.));
#10089 = ADVANCED_FACE('',(#10090,#10108),#10119,.T.);
#10090 = FACE_BOUND('',#10091,.T.);
#10091 = EDGE_LOOP('',(#10092,#10100,#10106,#10107));
#10092 = ORIENTED_EDGE('',*,*,#10093,.T.);
#10093 = EDGE_CURVE('',#9004,#10094,#10096,.T.);
#10094 = VERTEX_POINT('',#10095);
#10095 = CARTESIAN_POINT('',(550.,500.,-25.));
#10096 = LINE('',#10097,#10098);
#10097 = CARTESIAN_POINT('',(550.,500.,807.40644806083));
#10098 = VECTOR('',#10099,1.);
#10099 = DIRECTION('',(0.,0.,-1.));
#10100 = ORIENTED_EDGE('',*,*,#10101,.T.);
#10101 = EDGE_CURVE('',#10094,#10070,#10102,.T.);
#10102 = LINE('',#10103,#10104);
#10103 = CARTESIAN_POINT('',(550.,-9.95E-14,-25.));
#10104 = VECTOR('',#10105,1.);
#10105 = DIRECTION('',(0.,1.,0.));
#10106 = ORIENTED_EDGE('',*,*,#10077,.T.);
#10107 = ORIENTED_EDGE('',*,*,#9003,.T.);
#10108 = FACE_BOUND('',#10109,.T.);
#10109 = EDGE_LOOP('',(#10110));
#10110 = ORIENTED_EDGE('',*,*,#10111,.F.);
#10111 = EDGE_CURVE('',#10112,#10112,#10114,.T.);
#10112 = VERTEX_POINT('',#10113);
#10113 = CARTESIAN_POINT('',(550.,735.,75.));
#10114 = CIRCLE('',#10115,30.);
#10115 = AXIS2_PLACEMENT_3D('',#10116,#10117,#10118);
#10116 = CARTESIAN_POINT('',(550.,705.,75.));
#10117 = DIRECTION('',(1.,0.,0.));
#10118 = DIRECTION('',(0.,1.,0.));
#10119 = PLANE('',#10120);
#10120 = AXIS2_PLACEMENT_3D('',#10121,#10122,#10123);
#10121 = CARTESIAN_POINT('',(550.,355.52654155172,116.26942356974));
#10122 = DIRECTION('',(1.,0.,0.));
#10123 = DIRECTION('',(0.,0.,1.));
#10124 = ADVANCED_FACE('',(#10125),#10150,.T.);
#10125 = FACE_BOUND('',#10126,.T.);
#10126 = EDGE_LOOP('',(#10127,#10135,#10143,#10149));
#10127 = ORIENTED_EDGE('',*,*,#10128,.F.);
#10128 = EDGE_CURVE('',#10129,#9012,#10131,.T.);
#10129 = VERTEX_POINT('',#10130);
#10130 = CARTESIAN_POINT('',(550.,300.,807.40644806083));
#10131 = LINE('',#10132,#10133);
#10132 = CARTESIAN_POINT('',(550.,300.,807.40644806083));
#10133 = VECTOR('',#10134,1.);
#10134 = DIRECTION('',(0.,0.,-1.));
#10135 = ORIENTED_EDGE('',*,*,#10136,.T.);
#10136 = EDGE_CURVE('',#10129,#10137,#10139,.T.);
#10137 = VERTEX_POINT('',#10138);
#10138 = CARTESIAN_POINT('',(550.,500.,807.40644806083));
#10139 = LINE('',#10140,#10141);
#10140 = CARTESIAN_POINT('',(550.,300.,807.40644806083));
#10141 = VECTOR('',#10142,1.);
#10142 = DIRECTION('',(0.,1.,-2.2E-16));
#10143 = ORIENTED_EDGE('',*,*,#10144,.T.);
#10144 = EDGE_CURVE('',#10137,#9004,#10145,.T.);
#10145 = LINE('',#10146,#10147);
#10146 = CARTESIAN_POINT('',(550.,500.,807.40644806083));
#10147 = VECTOR('',#10148,1.);
#10148 = DIRECTION('',(0.,0.,-1.));
#10149 = ORIENTED_EDGE('',*,*,#9011,.T.);
#10150 = PLANE('',#10151);
#10151 = AXIS2_PLACEMENT_3D('',#10152,#10153,#10154);
#10152 = CARTESIAN_POINT('',(550.,300.,807.40644806083));
#10153 = DIRECTION('',(-1.,0.,0.));
#10154 = DIRECTION('',(-0.,-2.2E-16,-1.));
#10155 = ADVANCED_FACE('',(#10156),#10181,.T.);
#10156 = FACE_BOUND('',#10157,.T.);
#10157 = EDGE_LOOP('',(#10158,#10166,#10167,#10175));
#10158 = ORIENTED_EDGE('',*,*,#10159,.F.);
#10159 = EDGE_CURVE('',#9974,#10160,#10162,.T.);
#10160 = VERTEX_POINT('',#10161);
#10161 = CARTESIAN_POINT('',(-622.,500.,40.5));
#10162 = LINE('',#10163,#10164);
#10163 = CARTESIAN_POINT('',(-274.9999999999,500.,40.5));
#10164 = VECTOR('',#10165,1.);
#10165 = DIRECTION('',(-1.,0.,0.));
#10166 = ORIENTED_EDGE('',*,*,#9971,.F.);
#10167 = ORIENTED_EDGE('',*,*,#10168,.F.);
#10168 = EDGE_CURVE('',#10169,#9972,#10171,.T.);
#10169 = VERTEX_POINT('',#10170);
#10170 = CARTESIAN_POINT('',(-622.,500.,-25.));
#10171 = LINE('',#10172,#10173);
#10172 = CARTESIAN_POINT('',(-622.,500.,-25.));
#10173 = VECTOR('',#10174,1.);
#10174 = DIRECTION('',(1.,0.,-2.04E-15));
#10175 = ORIENTED_EDGE('',*,*,#10176,.F.);
#10176 = EDGE_CURVE('',#10160,#10169,#10177,.T.);
#10177 = LINE('',#10178,#10179);
#10178 = CARTESIAN_POINT('',(-622.,500.,856.69202404612));
#10179 = VECTOR('',#10180,1.);
#10180 = DIRECTION('',(0.,0.,-1.));
#10181 = PLANE('',#10182);
#10182 = AXIS2_PLACEMENT_3D('',#10183,#10184,#10185);
#10183 = CARTESIAN_POINT('',(-586.,500.,7.75));
#10184 = DIRECTION('',(1.66E-15,1.,0.));
#10185 = DIRECTION('',(1.,-1.66E-15,0.));
#10186 = ADVANCED_FACE('',(#10187),#10221,.T.);
#10187 = FACE_BOUND('',#10188,.T.);
#10188 = EDGE_LOOP('',(#10189,#10199,#10207,#10215));
#10189 = ORIENTED_EDGE('',*,*,#10190,.F.);
#10190 = EDGE_CURVE('',#10191,#10193,#10195,.T.);
#10191 = VERTEX_POINT('',#10192);
#10192 = CARTESIAN_POINT('',(-582.,407.5,-25.));
#10193 = VERTEX_POINT('',#10194);
#10194 = CARTESIAN_POINT('',(-582.,485.,-25.));
#10195 = LINE('',#10196,#10197);
#10196 = CARTESIAN_POINT('',(-582.,300.,-25.));
#10197 = VECTOR('',#10198,1.);
#10198 = DIRECTION('',(0.,1.,-2.2E-16));
#10199 = ORIENTED_EDGE('',*,*,#10200,.F.);
#10200 = EDGE_CURVE('',#10201,#10191,#10203,.T.);
#10201 = VERTEX_POINT('',#10202);
#10202 = CARTESIAN_POINT('',(-582.,407.5,40.5));
#10203 = LINE('',#10204,#10205);
#10204 = CARTESIAN_POINT('',(-582.,407.5,817.22773338532));
#10205 = VECTOR('',#10206,1.);
#10206 = DIRECTION('',(0.,-2.2E-16,-1.));
#10207 = ORIENTED_EDGE('',*,*,#10208,.F.);
#10208 = EDGE_CURVE('',#10209,#10201,#10211,.T.);
#10209 = VERTEX_POINT('',#10210);
#10210 = CARTESIAN_POINT('',(-582.,485.,40.5));
#10211 = LINE('',#10212,#10213);
#10212 = CARTESIAN_POINT('',(-582.,427.5,40.5));
#10213 = VECTOR('',#10214,1.);
#10214 = DIRECTION('',(0.,-1.,0.));
#10215 = ORIENTED_EDGE('',*,*,#10216,.F.);
#10216 = EDGE_CURVE('',#10193,#10209,#10217,.T.);
#10217 = LINE('',#10218,#10219);
#10218 = CARTESIAN_POINT('',(-582.,485.,-25.));
#10219 = VECTOR('',#10220,1.);
#10220 = DIRECTION('',(0.,2.2E-16,1.));
#10221 = PLANE('',#10222);
#10222 = AXIS2_PLACEMENT_3D('',#10223,#10224,#10225);
#10223 = CARTESIAN_POINT('',(-582.,300.,817.22773338532));
#10224 = DIRECTION('',(-1.,0.,0.));
#10225 = DIRECTION('',(-0.,-2.2E-16,-1.));
#10226 = ADVANCED_FACE('',(#10227),#10252,.F.);
#10227 = FACE_BOUND('',#10228,.F.);
#10228 = EDGE_LOOP('',(#10229,#10237,#10238,#10246));
#10229 = ORIENTED_EDGE('',*,*,#10230,.F.);
#10230 = EDGE_CURVE('',#10209,#10231,#10233,.T.);
#10231 = VERTEX_POINT('',#10232);
#10232 = CARTESIAN_POINT('',(-622.,485.,40.5));
#10233 = LINE('',#10234,#10235);
#10234 = CARTESIAN_POINT('',(-275.,485.,40.5));
#10235 = VECTOR('',#10236,1.);
#10236 = DIRECTION('',(-1.,0.,0.));
#10237 = ORIENTED_EDGE('',*,*,#10216,.F.);
#10238 = ORIENTED_EDGE('',*,*,#10239,.F.);
#10239 = EDGE_CURVE('',#10240,#10193,#10242,.T.);
#10240 = VERTEX_POINT('',#10241);
#10241 = CARTESIAN_POINT('',(-622.,485.,-25.));
#10242 = LINE('',#10243,#10244);
#10243 = CARTESIAN_POINT('',(-622.,485.,-25.));
#10244 = VECTOR('',#10245,1.);
#10245 = DIRECTION('',(1.,0.,-2.04E-15));
#10246 = ORIENTED_EDGE('',*,*,#10247,.F.);
#10247 = EDGE_CURVE('',#10231,#10240,#10248,.T.);
#10248 = LINE('',#10249,#10250);
#10249 = CARTESIAN_POINT('',(-622.,485.,856.69202404612));
#10250 = VECTOR('',#10251,1.);
#10251 = DIRECTION('',(0.,0.,-1.));
#10252 = PLANE('',#10253);
#10253 = AXIS2_PLACEMENT_3D('',#10254,#10255,#10256);
#10254 = CARTESIAN_POINT('',(3.786E-13,485.,709.12151930711));
#10255 = DIRECTION('',(0.,1.,-2.3E-16));
#10256 = DIRECTION('',(0.,2.3E-16,1.));
#10257 = ADVANCED_FACE('',(#10258),#10274,.F.);
#10258 = FACE_BOUND('',#10259,.F.);
#10259 = EDGE_LOOP('',(#10260,#10261,#10267,#10268));
#10260 = ORIENTED_EDGE('',*,*,#10176,.F.);
#10261 = ORIENTED_EDGE('',*,*,#10262,.F.);
#10262 = EDGE_CURVE('',#10231,#10160,#10263,.T.);
#10263 = LINE('',#10264,#10265);
#10264 = CARTESIAN_POINT('',(-622.,527.5,40.5));
#10265 = VECTOR('',#10266,1.);
#10266 = DIRECTION('',(0.,1.,0.));
#10267 = ORIENTED_EDGE('',*,*,#10247,.T.);
#10268 = ORIENTED_EDGE('',*,*,#10269,.F.);
#10269 = EDGE_CURVE('',#10169,#10240,#10270,.T.);
#10270 = LINE('',#10271,#10272);
#10271 = CARTESIAN_POINT('',(-622.,500.,-25.));
#10272 = VECTOR('',#10273,1.);
#10273 = DIRECTION('',(0.,-1.,2.2E-16));
#10274 = PLANE('',#10275);
#10275 = AXIS2_PLACEMENT_3D('',#10276,#10277,#10278);
#10276 = CARTESIAN_POINT('',(-622.,500.,856.69202404612));
#10277 = DIRECTION('',(1.,0.,0.));
#10278 = DIRECTION('',(0.,-2.2E-16,-1.));
#10279 = ADVANCED_FACE('',(#10280),#10291,.T.);
#10280 = FACE_BOUND('',#10281,.F.);
#10281 = EDGE_LOOP('',(#10282,#10288,#10289,#10290));
#10282 = ORIENTED_EDGE('',*,*,#10283,.T.);
#10283 = EDGE_CURVE('',#9051,#9246,#10284,.T.);
#10284 = LINE('',#10285,#10286);
#10285 = CARTESIAN_POINT('',(-480.,770.,-25.));
#10286 = VECTOR('',#10287,1.);
#10287 = DIRECTION('',(1.,-2.2E-16,2.2E-16));
#10288 = ORIENTED_EDGE('',*,*,#9253,.T.);
#10289 = ORIENTED_EDGE('',*,*,#9083,.F.);
#10290 = ORIENTED_EDGE('',*,*,#9058,.F.);
#10291 = PLANE('',#10292);
#10292 = AXIS2_PLACEMENT_3D('',#10293,#10294,#10295);
#10293 = CARTESIAN_POINT('',(-480.,770.,-25.));
#10294 = DIRECTION('',(2.2E-16,1.,0.));
#10295 = DIRECTION('',(2.2E-16,-4.84E-32,-1.));
#10296 = ADVANCED_FACE('',(#10297),#10308,.T.);
#10297 = FACE_BOUND('',#10298,.T.);
#10298 = EDGE_LOOP('',(#10299,#10305,#10306,#10307));
#10299 = ORIENTED_EDGE('',*,*,#10300,.T.);
#10300 = EDGE_CURVE('',#9176,#9281,#10301,.T.);
#10301 = LINE('',#10302,#10303);
#10302 = CARTESIAN_POINT('',(480.,770.,-25.));
#10303 = VECTOR('',#10304,1.);
#10304 = DIRECTION('',(-1.,0.,0.));
#10305 = ORIENTED_EDGE('',*,*,#9288,.T.);
#10306 = ORIENTED_EDGE('',*,*,#9142,.F.);
#10307 = ORIENTED_EDGE('',*,*,#9183,.F.);
#10308 = PLANE('',#10309);
#10309 = AXIS2_PLACEMENT_3D('',#10310,#10311,#10312);
#10310 = CARTESIAN_POINT('',(480.,770.,-25.));
#10311 = DIRECTION('',(0.,1.,0.));
#10312 = DIRECTION('',(0.,0.,1.));
#10313 = ADVANCED_FACE('',(#10314,#10468),#10479,.T.);
#10314 = FACE_BOUND('',#10315,.T.);
#10315 = EDGE_LOOP('',(#10316,#10317,#10326,#10334,#10343,#10351,#10360,
    #10368,#10375,#10376,#10377,#10385,#10393,#10402,#10410,#10419,
    #10427,#10436,#10444,#10453,#10461,#10467));
#10316 = ORIENTED_EDGE('',*,*,#10144,.F.);
#10317 = ORIENTED_EDGE('',*,*,#10318,.T.);
#10318 = EDGE_CURVE('',#10137,#10319,#10321,.T.);
#10319 = VERTEX_POINT('',#10320);
#10320 = CARTESIAN_POINT('',(507.45888058807,500.,881.04233237825));
#10321 = CIRCLE('',#10322,85.);
#10322 = AXIS2_PLACEMENT_3D('',#10323,#10324,#10325);
#10323 = CARTESIAN_POINT('',(465.,500.,807.40644806083));
#10324 = DIRECTION('',(0.,-1.,0.));
#10325 = DIRECTION('',(1.,0.,0.));
#10326 = ORIENTED_EDGE('',*,*,#10327,.F.);
#10327 = EDGE_CURVE('',#10328,#10319,#10330,.T.);
#10328 = VERTEX_POINT('',#10329);
#10329 = CARTESIAN_POINT('',(277.73958931208,500.,1.013499816219E+03));
#10330 = LINE('',#10331,#10332);
#10331 = CARTESIAN_POINT('',(277.73958931208,500.,1.013499816219E+03));
#10332 = VECTOR('',#10333,1.);
#10333 = DIRECTION('',(0.866304521381,0.,-0.499516242213));
#10334 = ORIENTED_EDGE('',*,*,#10335,.T.);
#10335 = EDGE_CURVE('',#10328,#10336,#10338,.T.);
#10336 = VERTEX_POINT('',#10337);
#10337 = CARTESIAN_POINT('',(242.77345235719,500.,1.022858499722E+03));
#10338 = CIRCLE('',#10339,70.);
#10339 = AXIS2_PLACEMENT_3D('',#10340,#10341,#10342);
#10340 = CARTESIAN_POINT('',(242.77345235719,500.,952.85849972218));
#10341 = DIRECTION('',(0.,-1.,0.));
#10342 = DIRECTION('',(1.,0.,0.));
#10343 = ORIENTED_EDGE('',*,*,#10344,.F.);
#10344 = EDGE_CURVE('',#10345,#10336,#10347,.T.);
#10345 = VERTEX_POINT('',#10346);
#10346 = CARTESIAN_POINT('',(-242.7734523571,500.,1.022858499722E+03));
#10347 = LINE('',#10348,#10349);
#10348 = CARTESIAN_POINT('',(-242.7734523571,500.,1.022858499722E+03));
#10349 = VECTOR('',#10350,1.);
#10350 = DIRECTION('',(1.,0.,0.));
#10351 = ORIENTED_EDGE('',*,*,#10352,.T.);
#10352 = EDGE_CURVE('',#10345,#10353,#10355,.T.);
#10353 = VERTEX_POINT('',#10354);
#10354 = CARTESIAN_POINT('',(-277.739589312,500.,1.013499816219E+03));
#10355 = CIRCLE('',#10356,70.);
#10356 = AXIS2_PLACEMENT_3D('',#10357,#10358,#10359);
#10357 = CARTESIAN_POINT('',(-242.7734523571,500.,952.85849972218));
#10358 = DIRECTION('',(0.,-1.,0.));
#10359 = DIRECTION('',(1.,0.,0.));
#10360 = ORIENTED_EDGE('',*,*,#10361,.F.);
#10361 = EDGE_CURVE('',#10362,#10353,#10364,.T.);
#10362 = VERTEX_POINT('',#10363);
#10363 = CARTESIAN_POINT('',(-507.458880588,500.,881.04233237824));
#10364 = LINE('',#10365,#10366);
#10365 = CARTESIAN_POINT('',(-507.458880588,500.,881.04233237824));
#10366 = VECTOR('',#10367,1.);
#10367 = DIRECTION('',(0.866304521381,0.,0.499516242213));
#10368 = ORIENTED_EDGE('',*,*,#10369,.T.);
#10369 = EDGE_CURVE('',#10362,#10048,#10370,.T.);
#10370 = CIRCLE('',#10371,85.);
#10371 = AXIS2_PLACEMENT_3D('',#10372,#10373,#10374);
#10372 = CARTESIAN_POINT('',(-465.,500.,807.40644806082));
#10373 = DIRECTION('',(0.,-1.,0.));
#10374 = DIRECTION('',(1.,0.,0.));
#10375 = ORIENTED_EDGE('',*,*,#10047,.F.);
#10376 = ORIENTED_EDGE('',*,*,#9989,.F.);
#10377 = ORIENTED_EDGE('',*,*,#10378,.F.);
#10378 = EDGE_CURVE('',#10379,#9990,#10381,.T.);
#10379 = VERTEX_POINT('',#10380);
#10380 = CARTESIAN_POINT('',(-622.,500.,109.5));
#10381 = LINE('',#10382,#10383);
#10382 = CARTESIAN_POINT('',(-275.,500.,109.5));
#10383 = VECTOR('',#10384,1.);
#10384 = DIRECTION('',(1.,0.,0.));
#10385 = ORIENTED_EDGE('',*,*,#10386,.F.);
#10386 = EDGE_CURVE('',#10387,#10379,#10389,.T.);
#10387 = VERTEX_POINT('',#10388);
#10388 = CARTESIAN_POINT('',(-622.,500.,856.69202404612));
#10389 = LINE('',#10390,#10391);
#10390 = CARTESIAN_POINT('',(-622.,500.,856.69202404612));
#10391 = VECTOR('',#10392,1.);
#10392 = DIRECTION('',(0.,0.,-1.));
#10393 = ORIENTED_EDGE('',*,*,#10394,.T.);
#10394 = EDGE_CURVE('',#10387,#10395,#10397,.T.);
#10395 = VERTEX_POINT('',#10396);
#10396 = CARTESIAN_POINT('',(-590.4128159157,500.,929.62820586614));
#10397 = CIRCLE('',#10398,100.);
#10398 = AXIS2_PLACEMENT_3D('',#10399,#10400,#10401);
#10399 = CARTESIAN_POINT('',(-521.9999999999,500.,856.69202404612));
#10400 = DIRECTION('',(0.,1.,-0.));
#10401 = DIRECTION('',(-1.,0.,0.));
#10402 = ORIENTED_EDGE('',*,*,#10403,.F.);
#10403 = EDGE_CURVE('',#10404,#10395,#10406,.T.);
#10404 = VERTEX_POINT('',#10405);
#10405 = CARTESIAN_POINT('',(-330.2384477471,500.,1.173667045182E+03));
#10406 = LINE('',#10407,#10408);
#10407 = CARTESIAN_POINT('',(-330.2384477471,500.,1.173667045182E+03));
#10408 = VECTOR('',#10409,1.);
#10409 = DIRECTION('',(-0.7293618182,0.,-0.684128159157));
#10410 = ORIENTED_EDGE('',*,*,#10411,.T.);
#10411 = EDGE_CURVE('',#10404,#10412,#10414,.T.);
#10412 = VERTEX_POINT('',#10413);
#10413 = CARTESIAN_POINT('',(-125.,500.,1.254858499722E+03));
#10414 = CIRCLE('',#10415,300.);
#10415 = AXIS2_PLACEMENT_3D('',#10416,#10417,#10418);
#10416 = CARTESIAN_POINT('',(-125.,500.,954.85849972218));
#10417 = DIRECTION('',(0.,1.,-0.));
#10418 = DIRECTION('',(-1.,0.,0.));
#10419 = ORIENTED_EDGE('',*,*,#10420,.F.);
#10420 = EDGE_CURVE('',#10421,#10412,#10423,.T.);
#10421 = VERTEX_POINT('',#10422);
#10422 = CARTESIAN_POINT('',(125.,500.,1.254858499722E+03));
#10423 = LINE('',#10424,#10425);
#10424 = CARTESIAN_POINT('',(125.,500.,1.254858499722E+03));
#10425 = VECTOR('',#10426,1.);
#10426 = DIRECTION('',(-1.,0.,0.));
#10427 = ORIENTED_EDGE('',*,*,#10428,.T.);
#10428 = EDGE_CURVE('',#10421,#10429,#10431,.T.);
#10429 = VERTEX_POINT('',#10430);
#10430 = CARTESIAN_POINT('',(330.23844774714,500.,1.173667045182E+03));
#10431 = CIRCLE('',#10432,300.);
#10432 = AXIS2_PLACEMENT_3D('',#10433,#10434,#10435);
#10433 = CARTESIAN_POINT('',(125.,500.,954.85849972218));
#10434 = DIRECTION('',(0.,1.,-0.));
#10435 = DIRECTION('',(-1.,0.,0.));
#10436 = ORIENTED_EDGE('',*,*,#10437,.F.);
#10437 = EDGE_CURVE('',#10438,#10429,#10440,.T.);
#10438 = VERTEX_POINT('',#10439);
#10439 = CARTESIAN_POINT('',(590.41281591571,500.,929.62820586614));
#10440 = LINE('',#10441,#10442);
#10441 = CARTESIAN_POINT('',(590.41281591571,500.,929.62820586614));
#10442 = VECTOR('',#10443,1.);
#10443 = DIRECTION('',(-0.7293618182,0.,0.684128159157));
#10444 = ORIENTED_EDGE('',*,*,#10445,.T.);
#10445 = EDGE_CURVE('',#10438,#10446,#10448,.T.);
#10446 = VERTEX_POINT('',#10447);
#10447 = CARTESIAN_POINT('',(622.,500.,856.69202404612));
#10448 = CIRCLE('',#10449,100.);
#10449 = AXIS2_PLACEMENT_3D('',#10450,#10451,#10452);
#10450 = CARTESIAN_POINT('',(522.,500.,856.69202404612));
#10451 = DIRECTION('',(0.,1.,-0.));
#10452 = DIRECTION('',(-1.,0.,0.));
#10453 = ORIENTED_EDGE('',*,*,#10454,.F.);
#10454 = EDGE_CURVE('',#10455,#10446,#10457,.T.);
#10455 = VERTEX_POINT('',#10456);
#10456 = CARTESIAN_POINT('',(622.,500.,-25.));
#10457 = LINE('',#10458,#10459);
#10458 = CARTESIAN_POINT('',(622.,500.,-25.));
#10459 = VECTOR('',#10460,1.);
#10460 = DIRECTION('',(0.,0.,1.));
#10461 = ORIENTED_EDGE('',*,*,#10462,.F.);
#10462 = EDGE_CURVE('',#10094,#10455,#10463,.T.);
#10463 = LINE('',#10464,#10465);
#10464 = CARTESIAN_POINT('',(550.,500.,-25.));
#10465 = VECTOR('',#10466,1.);
#10466 = DIRECTION('',(1.,0.,0.));
#10467 = ORIENTED_EDGE('',*,*,#10093,.F.);
#10468 = FACE_BOUND('',#10469,.T.);
#10469 = EDGE_LOOP('',(#10470));
#10470 = ORIENTED_EDGE('',*,*,#10471,.F.);
#10471 = EDGE_CURVE('',#10472,#10472,#10474,.T.);
#10472 = VERTEX_POINT('',#10473);
#10473 = CARTESIAN_POINT('',(-30.,500.,1.204858499722E+03));
#10474 = CIRCLE('',#10475,30.);
#10475 = AXIS2_PLACEMENT_3D('',#10476,#10477,#10478);
#10476 = CARTESIAN_POINT('',(0.,500.,1.204858499722E+03));
#10477 = DIRECTION('',(0.,1.,-0.));
#10478 = DIRECTION('',(-1.,0.,0.));
#10479 = PLANE('',#10480);
#10480 = AXIS2_PLACEMENT_3D('',#10481,#10482,#10483);
#10481 = CARTESIAN_POINT('',(25.64532724235,500.,710.24097678923));
#10482 = DIRECTION('',(0.,1.,-2.5E-16));
#10483 = DIRECTION('',(0.,2.5E-16,1.));
#10484 = ADVANCED_FACE('',(#10485),#10510,.F.);
#10485 = FACE_BOUND('',#10486,.F.);
#10486 = EDGE_LOOP('',(#10487,#10495,#10503,#10509));
#10487 = ORIENTED_EDGE('',*,*,#10488,.T.);
#10488 = EDGE_CURVE('',#10455,#10489,#10491,.T.);
#10489 = VERTEX_POINT('',#10490);
#10490 = CARTESIAN_POINT('',(622.,485.,-25.));
#10491 = LINE('',#10492,#10493);
#10492 = CARTESIAN_POINT('',(622.,500.,-25.));
#10493 = VECTOR('',#10494,1.);
#10494 = DIRECTION('',(0.,-1.,2.2E-16));
#10495 = ORIENTED_EDGE('',*,*,#10496,.T.);
#10496 = EDGE_CURVE('',#10489,#10497,#10499,.T.);
#10497 = VERTEX_POINT('',#10498);
#10498 = CARTESIAN_POINT('',(622.,485.,856.69202404612));
#10499 = LINE('',#10500,#10501);
#10500 = CARTESIAN_POINT('',(622.,485.,-25.));
#10501 = VECTOR('',#10502,1.);
#10502 = DIRECTION('',(0.,0.,1.));
#10503 = ORIENTED_EDGE('',*,*,#10504,.F.);
#10504 = EDGE_CURVE('',#10446,#10497,#10505,.T.);
#10505 = LINE('',#10506,#10507);
#10506 = CARTESIAN_POINT('',(622.,500.,856.69202404612));
#10507 = VECTOR('',#10508,1.);
#10508 = DIRECTION('',(0.,-1.,2.2E-16));
#10509 = ORIENTED_EDGE('',*,*,#10454,.F.);
#10510 = PLANE('',#10511);
#10511 = AXIS2_PLACEMENT_3D('',#10512,#10513,#10514);
#10512 = CARTESIAN_POINT('',(622.,500.,-25.));
#10513 = DIRECTION('',(-1.,0.,0.));
#10514 = DIRECTION('',(0.,2.2E-16,1.));
#10515 = ADVANCED_FACE('',(#10516,#10677),#10688,.F.);
#10516 = FACE_BOUND('',#10517,.F.);
#10517 = EDGE_LOOP('',(#10518,#10526,#10534,#10543,#10551,#10560,#10568,
    #10577,#10585,#10594,#10602,#10610,#10618,#10627,#10635,#10644,
    #10652,#10661,#10669,#10676));
#10518 = ORIENTED_EDGE('',*,*,#10519,.F.);
#10519 = EDGE_CURVE('',#10520,#10489,#10522,.T.);
#10520 = VERTEX_POINT('',#10521);
#10521 = CARTESIAN_POINT('',(582.,485.,-25.));
#10522 = LINE('',#10523,#10524);
#10523 = CARTESIAN_POINT('',(582.,485.,-25.));
#10524 = VECTOR('',#10525,1.);
#10525 = DIRECTION('',(1.,0.,0.));
#10526 = ORIENTED_EDGE('',*,*,#10527,.T.);
#10527 = EDGE_CURVE('',#10520,#10528,#10530,.T.);
#10528 = VERTEX_POINT('',#10529);
#10529 = CARTESIAN_POINT('',(582.,485.,817.22773338533));
#10530 = LINE('',#10531,#10532);
#10531 = CARTESIAN_POINT('',(582.,485.,-25.));
#10532 = VECTOR('',#10533,1.);
#10533 = DIRECTION('',(0.,0.,1.));
#10534 = ORIENTED_EDGE('',*,*,#10535,.T.);
#10535 = EDGE_CURVE('',#10528,#10536,#10538,.T.);
#10536 = VERTEX_POINT('',#10537);
#10537 = CARTESIAN_POINT('',(531.95162422126,485.,903.85818552346));
#10538 = CIRCLE('',#10539,100.);
#10539 = AXIS2_PLACEMENT_3D('',#10540,#10541,#10542);
#10540 = CARTESIAN_POINT('',(482.,485.,817.22773338533));
#10541 = DIRECTION('',(0.,-1.,0.));
#10542 = DIRECTION('',(1.,0.,0.));
#10543 = ORIENTED_EDGE('',*,*,#10544,.T.);
#10544 = EDGE_CURVE('',#10536,#10545,#10547,.T.);
#10545 = VERTEX_POINT('',#10546);
#10546 = CARTESIAN_POINT('',(287.46371816594,485.,1.044831338826E+03));
#10547 = LINE('',#10548,#10549);
#10548 = CARTESIAN_POINT('',(531.95162422126,485.,903.85818552346));
#10549 = VECTOR('',#10550,1.);
#10550 = DIRECTION('',(-0.866304521381,0.,0.499516242213));
#10551 = ORIENTED_EDGE('',*,*,#10552,.T.);
#10552 = EDGE_CURVE('',#10545,#10553,#10555,.T.);
#10553 = VERTEX_POINT('',#10554);
#10554 = CARTESIAN_POINT('',(250.,485.,1.054858499722E+03));
#10555 = CIRCLE('',#10556,75.);
#10556 = AXIS2_PLACEMENT_3D('',#10557,#10558,#10559);
#10557 = CARTESIAN_POINT('',(250.,485.,979.85849972218));
#10558 = DIRECTION('',(0.,-1.,0.));
#10559 = DIRECTION('',(1.,0.,0.));
#10560 = ORIENTED_EDGE('',*,*,#10561,.T.);
#10561 = EDGE_CURVE('',#10553,#10562,#10564,.T.);
#10562 = VERTEX_POINT('',#10563);
#10563 = CARTESIAN_POINT('',(-250.,485.,1.054858499722E+03));
#10564 = LINE('',#10565,#10566);
#10565 = CARTESIAN_POINT('',(250.,485.,1.054858499722E+03));
#10566 = VECTOR('',#10567,1.);
#10567 = DIRECTION('',(-1.,0.,0.));
#10568 = ORIENTED_EDGE('',*,*,#10569,.T.);
#10569 = EDGE_CURVE('',#10562,#10570,#10572,.T.);
#10570 = VERTEX_POINT('',#10571);
#10571 = CARTESIAN_POINT('',(-287.4637181659,485.,1.044831338826E+03));
#10572 = CIRCLE('',#10573,75.);
#10573 = AXIS2_PLACEMENT_3D('',#10574,#10575,#10576);
#10574 = CARTESIAN_POINT('',(-250.,485.,979.85849972218));
#10575 = DIRECTION('',(0.,-1.,0.));
#10576 = DIRECTION('',(1.,0.,0.));
#10577 = ORIENTED_EDGE('',*,*,#10578,.T.);
#10578 = EDGE_CURVE('',#10570,#10579,#10581,.T.);
#10579 = VERTEX_POINT('',#10580);
#10580 = CARTESIAN_POINT('',(-531.9516242212,485.,903.85818552345));
#10581 = LINE('',#10582,#10583);
#10582 = CARTESIAN_POINT('',(-287.4637181659,485.,1.044831338826E+03));
#10583 = VECTOR('',#10584,1.);
#10584 = DIRECTION('',(-0.866304521381,0.,-0.499516242213));
#10585 = ORIENTED_EDGE('',*,*,#10586,.T.);
#10586 = EDGE_CURVE('',#10579,#10587,#10589,.T.);
#10587 = VERTEX_POINT('',#10588);
#10588 = CARTESIAN_POINT('',(-582.,485.,817.22773338532));
#10589 = CIRCLE('',#10590,100.);
#10590 = AXIS2_PLACEMENT_3D('',#10591,#10592,#10593);
#10591 = CARTESIAN_POINT('',(-482.,485.,817.22773338532));
#10592 = DIRECTION('',(0.,-1.,0.));
#10593 = DIRECTION('',(1.,0.,0.));
#10594 = ORIENTED_EDGE('',*,*,#10595,.F.);
#10595 = EDGE_CURVE('',#10596,#10587,#10598,.T.);
#10596 = VERTEX_POINT('',#10597);
#10597 = CARTESIAN_POINT('',(-582.,485.,109.5));
#10598 = LINE('',#10599,#10600);
#10599 = CARTESIAN_POINT('',(-582.,485.,-25.));
#10600 = VECTOR('',#10601,1.);
#10601 = DIRECTION('',(0.,2.2E-16,1.));
#10602 = ORIENTED_EDGE('',*,*,#10603,.F.);
#10603 = EDGE_CURVE('',#10604,#10596,#10606,.T.);
#10604 = VERTEX_POINT('',#10605);
#10605 = CARTESIAN_POINT('',(-622.,485.,109.5));
#10606 = LINE('',#10607,#10608);
#10607 = CARTESIAN_POINT('',(-275.,485.,109.5));
#10608 = VECTOR('',#10609,1.);
#10609 = DIRECTION('',(1.,0.,0.));
#10610 = ORIENTED_EDGE('',*,*,#10611,.F.);
#10611 = EDGE_CURVE('',#10612,#10604,#10614,.T.);
#10612 = VERTEX_POINT('',#10613);
#10613 = CARTESIAN_POINT('',(-622.,485.,856.69202404612));
#10614 = LINE('',#10615,#10616);
#10615 = CARTESIAN_POINT('',(-622.,485.,856.69202404612));
#10616 = VECTOR('',#10617,1.);
#10617 = DIRECTION('',(0.,0.,-1.));
#10618 = ORIENTED_EDGE('',*,*,#10619,.T.);
#10619 = EDGE_CURVE('',#10612,#10620,#10622,.T.);
#10620 = VERTEX_POINT('',#10621);
#10621 = CARTESIAN_POINT('',(-590.4128159157,485.,929.62820586614));
#10622 = CIRCLE('',#10623,100.);
#10623 = AXIS2_PLACEMENT_3D('',#10624,#10625,#10626);
#10624 = CARTESIAN_POINT('',(-521.9999999999,485.,856.69202404612));
#10625 = DIRECTION('',(0.,1.,-0.));
#10626 = DIRECTION('',(-1.,0.,0.));
#10627 = ORIENTED_EDGE('',*,*,#10628,.F.);
#10628 = EDGE_CURVE('',#10629,#10620,#10631,.T.);
#10629 = VERTEX_POINT('',#10630);
#10630 = CARTESIAN_POINT('',(-330.2384477471,485.,1.173667045182E+03));
#10631 = LINE('',#10632,#10633);
#10632 = CARTESIAN_POINT('',(-330.2384477471,485.,1.173667045182E+03));
#10633 = VECTOR('',#10634,1.);
#10634 = DIRECTION('',(-0.7293618182,0.,-0.684128159157));
#10635 = ORIENTED_EDGE('',*,*,#10636,.T.);
#10636 = EDGE_CURVE('',#10629,#10637,#10639,.T.);
#10637 = VERTEX_POINT('',#10638);
#10638 = CARTESIAN_POINT('',(-125.,485.,1.254858499722E+03));
#10639 = CIRCLE('',#10640,300.);
#10640 = AXIS2_PLACEMENT_3D('',#10641,#10642,#10643);
#10641 = CARTESIAN_POINT('',(-125.,485.,954.85849972218));
#10642 = DIRECTION('',(0.,1.,-0.));
#10643 = DIRECTION('',(-1.,0.,0.));
#10644 = ORIENTED_EDGE('',*,*,#10645,.F.);
#10645 = EDGE_CURVE('',#10646,#10637,#10648,.T.);
#10646 = VERTEX_POINT('',#10647);
#10647 = CARTESIAN_POINT('',(125.,485.,1.254858499722E+03));
#10648 = LINE('',#10649,#10650);
#10649 = CARTESIAN_POINT('',(125.,485.,1.254858499722E+03));
#10650 = VECTOR('',#10651,1.);
#10651 = DIRECTION('',(-1.,0.,0.));
#10652 = ORIENTED_EDGE('',*,*,#10653,.T.);
#10653 = EDGE_CURVE('',#10646,#10654,#10656,.T.);
#10654 = VERTEX_POINT('',#10655);
#10655 = CARTESIAN_POINT('',(330.23844774714,485.,1.173667045182E+03));
#10656 = CIRCLE('',#10657,300.);
#10657 = AXIS2_PLACEMENT_3D('',#10658,#10659,#10660);
#10658 = CARTESIAN_POINT('',(125.,485.,954.85849972218));
#10659 = DIRECTION('',(0.,1.,-0.));
#10660 = DIRECTION('',(-1.,0.,0.));
#10661 = ORIENTED_EDGE('',*,*,#10662,.F.);
#10662 = EDGE_CURVE('',#10663,#10654,#10665,.T.);
#10663 = VERTEX_POINT('',#10664);
#10664 = CARTESIAN_POINT('',(590.41281591571,485.,929.62820586614));
#10665 = LINE('',#10666,#10667);
#10666 = CARTESIAN_POINT('',(590.41281591571,485.,929.62820586614));
#10667 = VECTOR('',#10668,1.);
#10668 = DIRECTION('',(-0.7293618182,0.,0.684128159157));
#10669 = ORIENTED_EDGE('',*,*,#10670,.T.);
#10670 = EDGE_CURVE('',#10663,#10497,#10671,.T.);
#10671 = CIRCLE('',#10672,100.);
#10672 = AXIS2_PLACEMENT_3D('',#10673,#10674,#10675);
#10673 = CARTESIAN_POINT('',(522.,485.,856.69202404612));
#10674 = DIRECTION('',(0.,1.,-0.));
#10675 = DIRECTION('',(-1.,0.,0.));
#10676 = ORIENTED_EDGE('',*,*,#10496,.F.);
#10677 = FACE_BOUND('',#10678,.F.);
#10678 = EDGE_LOOP('',(#10679));
#10679 = ORIENTED_EDGE('',*,*,#10680,.F.);
#10680 = EDGE_CURVE('',#10681,#10681,#10683,.T.);
#10681 = VERTEX_POINT('',#10682);
#10682 = CARTESIAN_POINT('',(-30.,485.,1.204858499722E+03));
#10683 = CIRCLE('',#10684,30.);
#10684 = AXIS2_PLACEMENT_3D('',#10685,#10686,#10687);
#10685 = CARTESIAN_POINT('',(0.,485.,1.204858499722E+03));
#10686 = DIRECTION('',(0.,1.,-0.));
#10687 = DIRECTION('',(-1.,0.,0.));
#10688 = PLANE('',#10689);
#10689 = AXIS2_PLACEMENT_3D('',#10690,#10691,#10692);
#10690 = CARTESIAN_POINT('',(3.786E-13,485.,709.12151930711));
#10691 = DIRECTION('',(0.,1.,-2.3E-16));
#10692 = DIRECTION('',(0.,2.3E-16,1.));
#10693 = ADVANCED_FACE('',(#10694),#10719,.T.);
#10694 = FACE_BOUND('',#10695,.T.);
#10695 = EDGE_LOOP('',(#10696,#10706,#10712,#10713));
#10696 = ORIENTED_EDGE('',*,*,#10697,.F.);
#10697 = EDGE_CURVE('',#10698,#10700,#10702,.T.);
#10698 = VERTEX_POINT('',#10699);
#10699 = CARTESIAN_POINT('',(582.,407.5,-25.));
#10700 = VERTEX_POINT('',#10701);
#10701 = CARTESIAN_POINT('',(582.,407.5,817.22773338533));
#10702 = LINE('',#10703,#10704);
#10703 = CARTESIAN_POINT('',(582.,407.5,-25.));
#10704 = VECTOR('',#10705,1.);
#10705 = DIRECTION('',(0.,0.,1.));
#10706 = ORIENTED_EDGE('',*,*,#10707,.T.);
#10707 = EDGE_CURVE('',#10698,#10520,#10708,.T.);
#10708 = LINE('',#10709,#10710);
#10709 = CARTESIAN_POINT('',(582.,300.,-25.));
#10710 = VECTOR('',#10711,1.);
#10711 = DIRECTION('',(0.,1.,-2.2E-16));
#10712 = ORIENTED_EDGE('',*,*,#10527,.T.);
#10713 = ORIENTED_EDGE('',*,*,#10714,.F.);
#10714 = EDGE_CURVE('',#10700,#10528,#10715,.T.);
#10715 = LINE('',#10716,#10717);
#10716 = CARTESIAN_POINT('',(582.,300.,817.22773338533));
#10717 = VECTOR('',#10718,1.);
#10718 = DIRECTION('',(0.,1.,-2.2E-16));
#10719 = PLANE('',#10720);
#10720 = AXIS2_PLACEMENT_3D('',#10721,#10722,#10723);
#10721 = CARTESIAN_POINT('',(582.,300.,-25.));
#10722 = DIRECTION('',(1.,0.,0.));
#10723 = DIRECTION('',(0.,2.2E-16,1.));
#10724 = ADVANCED_FACE('',(#10725),#10743,.T.);
#10725 = FACE_BOUND('',#10726,.T.);
#10726 = EDGE_LOOP('',(#10727,#10728,#10735,#10736));
#10727 = ORIENTED_EDGE('',*,*,#9408,.T.);
#10728 = ORIENTED_EDGE('',*,*,#10729,.T.);
#10729 = EDGE_CURVE('',#9401,#9557,#10730,.T.);
#10730 = CIRCLE('',#10731,536.);
#10731 = AXIS2_PLACEMENT_3D('',#10732,#10733,#10734);
#10732 = CARTESIAN_POINT('',(0.,20.625,-25.));
#10733 = DIRECTION('',(0.,0.,1.));
#10734 = DIRECTION('',(1.,0.,0.));
#10735 = ORIENTED_EDGE('',*,*,#9573,.F.);
#10736 = ORIENTED_EDGE('',*,*,#10737,.F.);
#10737 = EDGE_CURVE('',#9392,#9566,#10738,.T.);
#10738 = CIRCLE('',#10739,536.);
#10739 = AXIS2_PLACEMENT_3D('',#10740,#10741,#10742);
#10740 = CARTESIAN_POINT('',(0.,20.625,0.));
#10741 = DIRECTION('',(0.,0.,1.));
#10742 = DIRECTION('',(1.,0.,0.));
#10743 = CYLINDRICAL_SURFACE('',#10744,536.);
#10744 = AXIS2_PLACEMENT_3D('',#10745,#10746,#10747);
#10745 = CARTESIAN_POINT('',(0.,20.625,0.));
#10746 = DIRECTION('',(0.,0.,1.));
#10747 = DIRECTION('',(1.,0.,0.));
#10748 = ADVANCED_FACE('',(#10749),#10760,.F.);
#10749 = FACE_BOUND('',#10750,.F.);
#10750 = EDGE_LOOP('',(#10751,#10757,#10758,#10759));
#10751 = ORIENTED_EDGE('',*,*,#10752,.T.);
#10752 = EDGE_CURVE('',#9067,#9262,#10753,.T.);
#10753 = LINE('',#10754,#10755);
#10754 = CARTESIAN_POINT('',(-480.,675.,75.));
#10755 = VECTOR('',#10756,1.);
#10756 = DIRECTION('',(1.,-2.2E-16,2.2E-16));
#10757 = ORIENTED_EDGE('',*,*,#9261,.T.);
#10758 = ORIENTED_EDGE('',*,*,#10752,.F.);
#10759 = ORIENTED_EDGE('',*,*,#9066,.F.);
#10760 = CYLINDRICAL_SURFACE('',#10761,30.);
#10761 = AXIS2_PLACEMENT_3D('',#10762,#10763,#10764);
#10762 = CARTESIAN_POINT('',(-480.,705.,75.));
#10763 = DIRECTION('',(-1.,2.2E-16,-2.2E-16));
#10764 = DIRECTION('',(-2.2E-16,-1.,0.));
#10765 = ADVANCED_FACE('',(#10766),#10777,.F.);
#10766 = FACE_BOUND('',#10767,.F.);
#10767 = EDGE_LOOP('',(#10768,#10774,#10775,#10776));
#10768 = ORIENTED_EDGE('',*,*,#10769,.T.);
#10769 = EDGE_CURVE('',#9126,#10022,#10770,.T.);
#10770 = LINE('',#10771,#10772);
#10771 = CARTESIAN_POINT('',(-525.,735.,75.));
#10772 = VECTOR('',#10773,1.);
#10773 = DIRECTION('',(-1.,2.2E-16,-2.2E-16));
#10774 = ORIENTED_EDGE('',*,*,#10021,.T.);
#10775 = ORIENTED_EDGE('',*,*,#10769,.F.);
#10776 = ORIENTED_EDGE('',*,*,#9125,.F.);
#10777 = CYLINDRICAL_SURFACE('',#10778,30.);
#10778 = AXIS2_PLACEMENT_3D('',#10779,#10780,#10781);
#10779 = CARTESIAN_POINT('',(-525.,705.,75.));
#10780 = DIRECTION('',(1.,-2.2E-16,2.2E-16));
#10781 = DIRECTION('',(2.2E-16,1.,0.));
#10782 = ADVANCED_FACE('',(#10783),#10794,.F.);
#10783 = FACE_BOUND('',#10784,.T.);
#10784 = EDGE_LOOP('',(#10785,#10791,#10792,#10793));
#10785 = ORIENTED_EDGE('',*,*,#10786,.T.);
#10786 = EDGE_CURVE('',#9192,#9297,#10787,.T.);
#10787 = LINE('',#10788,#10789);
#10788 = CARTESIAN_POINT('',(480.,675.,75.));
#10789 = VECTOR('',#10790,1.);
#10790 = DIRECTION('',(-1.,0.,0.));
#10791 = ORIENTED_EDGE('',*,*,#9296,.T.);
#10792 = ORIENTED_EDGE('',*,*,#10786,.F.);
#10793 = ORIENTED_EDGE('',*,*,#9191,.F.);
#10794 = CYLINDRICAL_SURFACE('',#10795,30.);
#10795 = AXIS2_PLACEMENT_3D('',#10796,#10797,#10798);
#10796 = CARTESIAN_POINT('',(480.,705.,75.));
#10797 = DIRECTION('',(1.,0.,0.));
#10798 = DIRECTION('',(0.,-1.,0.));
#10799 = ADVANCED_FACE('',(#10800),#10811,.F.);
#10800 = FACE_BOUND('',#10801,.T.);
#10801 = EDGE_LOOP('',(#10802,#10808,#10809,#10810));
#10802 = ORIENTED_EDGE('',*,*,#10803,.T.);
#10803 = EDGE_CURVE('',#9227,#10112,#10804,.T.);
#10804 = LINE('',#10805,#10806);
#10805 = CARTESIAN_POINT('',(525.,735.,75.));
#10806 = VECTOR('',#10807,1.);
#10807 = DIRECTION('',(1.,0.,0.));
#10808 = ORIENTED_EDGE('',*,*,#10111,.T.);
#10809 = ORIENTED_EDGE('',*,*,#10803,.F.);
#10810 = ORIENTED_EDGE('',*,*,#9226,.F.);
#10811 = CYLINDRICAL_SURFACE('',#10812,30.);
#10812 = AXIS2_PLACEMENT_3D('',#10813,#10814,#10815);
#10813 = CARTESIAN_POINT('',(525.,705.,75.));
#10814 = DIRECTION('',(-1.,-0.,-0.));
#10815 = DIRECTION('',(0.,1.,0.));
#10816 = ADVANCED_FACE('',(#10817),#10836,.T.);
#10817 = FACE_BOUND('',#10818,.F.);
#10818 = EDGE_LOOP('',(#10819,#10827,#10834,#10835));
#10819 = ORIENTED_EDGE('',*,*,#10820,.T.);
#10820 = EDGE_CURVE('',#9317,#10821,#10823,.T.);
#10821 = VERTEX_POINT('',#10822);
#10822 = CARTESIAN_POINT('',(240.,0.,304.));
#10823 = LINE('',#10824,#10825);
#10824 = CARTESIAN_POINT('',(240.,0.,235.));
#10825 = VECTOR('',#10826,1.);
#10826 = DIRECTION('',(0.,0.,1.));
#10827 = ORIENTED_EDGE('',*,*,#10828,.T.);
#10828 = EDGE_CURVE('',#10821,#10821,#10829,.T.);
#10829 = CIRCLE('',#10830,240.);
#10830 = AXIS2_PLACEMENT_3D('',#10831,#10832,#10833);
#10831 = CARTESIAN_POINT('',(0.,0.,304.));
#10832 = DIRECTION('',(0.,0.,1.));
#10833 = DIRECTION('',(1.,0.,0.));
#10834 = ORIENTED_EDGE('',*,*,#10820,.F.);
#10835 = ORIENTED_EDGE('',*,*,#9316,.F.);
#10836 = CYLINDRICAL_SURFACE('',#10837,240.);
#10837 = AXIS2_PLACEMENT_3D('',#10838,#10839,#10840);
#10838 = CARTESIAN_POINT('',(0.,0.,235.));
#10839 = DIRECTION('',(-0.,-0.,-1.));
#10840 = DIRECTION('',(1.,0.,0.));
#10841 = ADVANCED_FACE('',(#10842),#10861,.T.);
#10842 = FACE_BOUND('',#10843,.F.);
#10843 = EDGE_LOOP('',(#10844,#10852,#10859,#10860));
#10844 = ORIENTED_EDGE('',*,*,#10845,.T.);
#10845 = EDGE_CURVE('',#9334,#10846,#10848,.T.);
#10846 = VERTEX_POINT('',#10847);
#10847 = CARTESIAN_POINT('',(162.5,607.5,340.));
#10848 = LINE('',#10849,#10850);
#10849 = CARTESIAN_POINT('',(162.5,607.5,275.));
#10850 = VECTOR('',#10851,1.);
#10851 = DIRECTION('',(0.,0.,1.));
#10852 = ORIENTED_EDGE('',*,*,#10853,.T.);
#10853 = EDGE_CURVE('',#10846,#10846,#10854,.T.);
#10854 = CIRCLE('',#10855,162.5);
#10855 = AXIS2_PLACEMENT_3D('',#10856,#10857,#10858);
#10856 = CARTESIAN_POINT('',(0.,607.5,340.));
#10857 = DIRECTION('',(0.,0.,1.));
#10858 = DIRECTION('',(1.,0.,0.));
#10859 = ORIENTED_EDGE('',*,*,#10845,.F.);
#10860 = ORIENTED_EDGE('',*,*,#9333,.F.);
#10861 = CYLINDRICAL_SURFACE('',#10862,162.5);
#10862 = AXIS2_PLACEMENT_3D('',#10863,#10864,#10865);
#10863 = CARTESIAN_POINT('',(0.,607.5,275.));
#10864 = DIRECTION('',(-0.,-0.,-1.));
#10865 = DIRECTION('',(1.,0.,0.));
#10866 = ADVANCED_FACE('',(#10867),#10886,.T.);
#10867 = FACE_BOUND('',#10868,.F.);
#10868 = EDGE_LOOP('',(#10869,#10877,#10884,#10885));
#10869 = ORIENTED_EDGE('',*,*,#10870,.T.);
#10870 = EDGE_CURVE('',#9354,#10871,#10873,.T.);
#10871 = VERTEX_POINT('',#10872);
#10872 = CARTESIAN_POINT('',(477.5,482.5,340.));
#10873 = LINE('',#10874,#10875);
#10874 = CARTESIAN_POINT('',(477.5,482.5,275.));
#10875 = VECTOR('',#10876,1.);
#10876 = DIRECTION('',(0.,0.,1.));
#10877 = ORIENTED_EDGE('',*,*,#10878,.T.);
#10878 = EDGE_CURVE('',#10871,#10871,#10879,.T.);
#10879 = CIRCLE('',#10880,162.5);
#10880 = AXIS2_PLACEMENT_3D('',#10881,#10882,#10883);
#10881 = CARTESIAN_POINT('',(315.,482.5,340.));
#10882 = DIRECTION('',(0.,0.,1.));
#10883 = DIRECTION('',(1.,0.,0.));
#10884 = ORIENTED_EDGE('',*,*,#10870,.F.);
#10885 = ORIENTED_EDGE('',*,*,#9353,.F.);
#10886 = CYLINDRICAL_SURFACE('',#10887,162.5);
#10887 = AXIS2_PLACEMENT_3D('',#10888,#10889,#10890);
#10888 = CARTESIAN_POINT('',(315.,482.5,275.));
#10889 = DIRECTION('',(-0.,-0.,-1.));
#10890 = DIRECTION('',(1.,0.,0.));
#10891 = ADVANCED_FACE('',(#10892),#10898,.T.);
#10892 = FACE_BOUND('',#10893,.T.);
#10893 = EDGE_LOOP('',(#10894,#10895,#10896,#10897));
#10894 = ORIENTED_EDGE('',*,*,#9391,.F.);
#10895 = ORIENTED_EDGE('',*,*,#10737,.T.);
#10896 = ORIENTED_EDGE('',*,*,#9565,.F.);
#10897 = ORIENTED_EDGE('',*,*,#9376,.F.);
#10898 = PLANE('',#10899);
#10899 = AXIS2_PLACEMENT_3D('',#10900,#10901,#10902);
#10900 = CARTESIAN_POINT('',(3.853E-14,158.34180068608,0.));
#10901 = DIRECTION('',(0.,0.,1.));
#10902 = DIRECTION('',(1.,0.,0.));
#10903 = ADVANCED_FACE('',(#10904),#10920,.T.);
#10904 = FACE_BOUND('',#10905,.T.);
#10905 = EDGE_LOOP('',(#10906,#10912,#10913,#10919));
#10906 = ORIENTED_EDGE('',*,*,#10907,.T.);
#10907 = EDGE_CURVE('',#9447,#9722,#10908,.T.);
#10908 = LINE('',#10909,#10910);
#10909 = CARTESIAN_POINT('',(-549.9999999999,142.6780788162,
    318.07912830191));
#10910 = VECTOR('',#10911,1.);
#10911 = DIRECTION('',(-1.,2.2E-16,3.89E-15));
#10912 = ORIENTED_EDGE('',*,*,#9721,.T.);
#10913 = ORIENTED_EDGE('',*,*,#10914,.F.);
#10914 = EDGE_CURVE('',#9449,#9724,#10915,.T.);
#10915 = LINE('',#10916,#10917);
#10916 = CARTESIAN_POINT('',(-549.9999999999,37.321921183764,
    318.07912830187));
#10917 = VECTOR('',#10918,1.);
#10918 = DIRECTION('',(-1.,2.2E-16,3.89E-15));
#10919 = ORIENTED_EDGE('',*,*,#9446,.F.);
#10920 = CYLINDRICAL_SURFACE('',#10921,65.);
#10921 = AXIS2_PLACEMENT_3D('',#10922,#10923,#10924);
#10922 = CARTESIAN_POINT('',(-549.9999999999,90.,280.));
#10923 = DIRECTION('',(1.,-1.1E-16,-3.89E-15));
#10924 = DIRECTION('',(1.1E-16,1.,0.));
#10925 = ADVANCED_FACE('',(#10926),#10937,.F.);
#10926 = FACE_BOUND('',#10927,.T.);
#10927 = EDGE_LOOP('',(#10928,#10934,#10935,#10936));
#10928 = ORIENTED_EDGE('',*,*,#10929,.T.);
#10929 = EDGE_CURVE('',#9458,#9809,#10930,.T.);
#10930 = LINE('',#10931,#10932);
#10931 = CARTESIAN_POINT('',(-549.9999999999,169.18255968124,
    281.41323823949));
#10932 = VECTOR('',#10933,1.);
#10933 = DIRECTION('',(-1.,2.2E-16,3.89E-15));
#10934 = ORIENTED_EDGE('',*,*,#9817,.T.);
#10935 = ORIENTED_EDGE('',*,*,#10907,.F.);
#10936 = ORIENTED_EDGE('',*,*,#9457,.F.);
#10937 = PLANE('',#10938);
#10938 = AXIS2_PLACEMENT_3D('',#10939,#10940,#10941);
#10939 = CARTESIAN_POINT('',(-549.9999999999,169.18255968124,
    281.41323823949));
#10940 = DIRECTION('',(-2.46E-15,-0.810431981788,-0.585832743106));
#10941 = DIRECTION('',(-3.08E-15,0.585832743106,-0.810431981788));
#10942 = ADVANCED_FACE('',(#10943),#10954,.T.);
#10943 = FACE_BOUND('',#10944,.F.);
#10944 = EDGE_LOOP('',(#10945,#10951,#10952,#10953));
#10945 = ORIENTED_EDGE('',*,*,#10946,.T.);
#10946 = EDGE_CURVE('',#9534,#9733,#10947,.T.);
#10947 = LINE('',#10948,#10949);
#10948 = CARTESIAN_POINT('',(-549.9999999999,10.817440318753,
    281.41323823942));
#10949 = VECTOR('',#10950,1.);
#10950 = DIRECTION('',(-1.,2.2E-16,3.89E-15));
#10951 = ORIENTED_EDGE('',*,*,#9732,.T.);
#10952 = ORIENTED_EDGE('',*,*,#10914,.F.);
#10953 = ORIENTED_EDGE('',*,*,#9542,.F.);
#10954 = PLANE('',#10955);
#10955 = AXIS2_PLACEMENT_3D('',#10956,#10957,#10958);
#10956 = CARTESIAN_POINT('',(-549.9999999999,10.817440318753,
    281.41323823942));
#10957 = DIRECTION('',(2.1E-15,-0.810431981788,0.585832743106));
#10958 = DIRECTION('',(-3.21E-15,-0.585832743106,-0.810431981788));
#10959 = ADVANCED_FACE('',(#10960),#10971,.T.);
#10960 = FACE_BOUND('',#10961,.T.);
#10961 = EDGE_LOOP('',(#10962,#10968,#10969,#10970));
#10962 = ORIENTED_EDGE('',*,*,#10963,.T.);
#10963 = EDGE_CURVE('',#9466,#9801,#10964,.T.);
#10964 = LINE('',#10965,#10966);
#10965 = CARTESIAN_POINT('',(-549.9999999999,172.49999999994,
    271.16116523516));
#10966 = VECTOR('',#10967,1.);
#10967 = DIRECTION('',(-1.,2.2E-16,3.89E-15));
#10968 = ORIENTED_EDGE('',*,*,#9808,.T.);
#10969 = ORIENTED_EDGE('',*,*,#10929,.F.);
#10970 = ORIENTED_EDGE('',*,*,#9465,.F.);
#10971 = CYLINDRICAL_SURFACE('',#10972,17.499999999945);
#10972 = AXIS2_PLACEMENT_3D('',#10973,#10974,#10975);
#10973 = CARTESIAN_POINT('',(-549.9999999999,155.,271.16116523516));
#10974 = DIRECTION('',(1.,-1.1E-16,-3.89E-15));
#10975 = DIRECTION('',(1.1E-16,1.,0.));
#10976 = ADVANCED_FACE('',(#10977),#10988,.T.);
#10977 = FACE_BOUND('',#10978,.T.);
#10978 = EDGE_LOOP('',(#10979,#10980,#10981,#10987));
#10979 = ORIENTED_EDGE('',*,*,#10946,.T.);
#10980 = ORIENTED_EDGE('',*,*,#9740,.T.);
#10981 = ORIENTED_EDGE('',*,*,#10982,.F.);
#10982 = EDGE_CURVE('',#9526,#9741,#10983,.T.);
#10983 = LINE('',#10984,#10985);
#10984 = CARTESIAN_POINT('',(-549.9999999999,7.500000000058,
    271.1611652351));
#10985 = VECTOR('',#10986,1.);
#10986 = DIRECTION('',(-1.,2.2E-16,3.89E-15));
#10987 = ORIENTED_EDGE('',*,*,#9533,.F.);
#10988 = CYLINDRICAL_SURFACE('',#10989,17.499999999943);
#10989 = AXIS2_PLACEMENT_3D('',#10990,#10991,#10992);
#10990 = CARTESIAN_POINT('',(-549.9999999999,25.000000000001,
    271.1611652351));
#10991 = DIRECTION('',(1.,-1.1E-16,-3.89E-15));
#10992 = DIRECTION('',(1.1E-16,1.,0.));
#10993 = ADVANCED_FACE('',(#10994),#11005,.F.);
#10994 = FACE_BOUND('',#10995,.T.);
#10995 = EDGE_LOOP('',(#10996,#11002,#11003,#11004));
#10996 = ORIENTED_EDGE('',*,*,#10997,.T.);
#10997 = EDGE_CURVE('',#9475,#9792,#10998,.T.);
#10998 = LINE('',#10999,#11000);
#10999 = CARTESIAN_POINT('',(-549.9999999999,172.49999999994,164.));
#11000 = VECTOR('',#11001,1.);
#11001 = DIRECTION('',(-1.,2.2E-16,3.89E-15));
#11002 = ORIENTED_EDGE('',*,*,#9800,.T.);
#11003 = ORIENTED_EDGE('',*,*,#10963,.F.);
#11004 = ORIENTED_EDGE('',*,*,#9474,.F.);
#11005 = PLANE('',#11006);
#11006 = AXIS2_PLACEMENT_3D('',#11007,#11008,#11009);
#11007 = CARTESIAN_POINT('',(-549.9999999999,172.49999999994,164.));
#11008 = DIRECTION('',(-2.2E-16,-1.,0.));
#11009 = DIRECTION('',(-3.89E-15,8.558E-31,-1.));
#11010 = ADVANCED_FACE('',(#11011),#11022,.F.);
#11011 = FACE_BOUND('',#11012,.T.);
#11012 = EDGE_LOOP('',(#11013,#11014,#11015,#11021));
#11013 = ORIENTED_EDGE('',*,*,#10982,.T.);
#11014 = ORIENTED_EDGE('',*,*,#9749,.T.);
#11015 = ORIENTED_EDGE('',*,*,#11016,.F.);
#11016 = EDGE_CURVE('',#9517,#9750,#11017,.T.);
#11017 = LINE('',#11018,#11019);
#11018 = CARTESIAN_POINT('',(-549.9999999999,7.500000000058,
    164.00000000001));
#11019 = VECTOR('',#11020,1.);
#11020 = DIRECTION('',(-1.,2.2E-16,3.89E-15));
#11021 = ORIENTED_EDGE('',*,*,#9525,.F.);
#11022 = PLANE('',#11023);
#11023 = AXIS2_PLACEMENT_3D('',#11024,#11025,#11026);
#11024 = CARTESIAN_POINT('',(-549.9999999999,7.500000000058,
    271.1611652351));
#11025 = DIRECTION('',(2.2E-16,1.,0.));
#11026 = DIRECTION('',(3.89E-15,-8.558E-31,1.));
#11027 = ADVANCED_FACE('',(#11028),#11039,.T.);
#11028 = FACE_BOUND('',#11029,.T.);
#11029 = EDGE_LOOP('',(#11030,#11036,#11037,#11038));
#11030 = ORIENTED_EDGE('',*,*,#11031,.T.);
#11031 = EDGE_CURVE('',#9483,#9784,#11032,.T.);
#11032 = LINE('',#11033,#11034);
#11033 = CARTESIAN_POINT('',(-549.9999999999,161.49183384498,
    143.282167448));
#11034 = VECTOR('',#11035,1.);
#11035 = DIRECTION('',(-1.,2.2E-16,3.89E-15));
#11036 = ORIENTED_EDGE('',*,*,#9791,.T.);
#11037 = ORIENTED_EDGE('',*,*,#10997,.F.);
#11038 = ORIENTED_EDGE('',*,*,#9482,.F.);
#11039 = CYLINDRICAL_SURFACE('',#11040,25.);
#11040 = AXIS2_PLACEMENT_3D('',#11041,#11042,#11043);
#11041 = CARTESIAN_POINT('',(-549.9999999999,147.49999999994,164.));
#11042 = DIRECTION('',(1.,-1.1E-16,-3.89E-15));
#11043 = DIRECTION('',(1.1E-16,1.,0.));
#11044 = ADVANCED_FACE('',(#11045),#11056,.T.);
#11045 = FACE_BOUND('',#11046,.T.);
#11046 = EDGE_LOOP('',(#11047,#11048,#11049,#11055));
#11047 = ORIENTED_EDGE('',*,*,#11016,.T.);
#11048 = ORIENTED_EDGE('',*,*,#9757,.T.);
#11049 = ORIENTED_EDGE('',*,*,#11050,.F.);
#11050 = EDGE_CURVE('',#9509,#9758,#11051,.T.);
#11051 = LINE('',#11052,#11053);
#11052 = CARTESIAN_POINT('',(-549.9999999999,18.508166155034,
    143.282167448));
#11053 = VECTOR('',#11054,1.);
#11054 = DIRECTION('',(-1.,2.2E-16,3.89E-15));
#11055 = ORIENTED_EDGE('',*,*,#9516,.F.);
#11056 = CYLINDRICAL_SURFACE('',#11057,25.);
#11057 = AXIS2_PLACEMENT_3D('',#11058,#11059,#11060);
#11058 = CARTESIAN_POINT('',(-549.9999999999,32.500000000058,
    164.00000000001));
#11059 = DIRECTION('',(1.,-1.1E-16,-3.89E-15));
#11060 = DIRECTION('',(1.1E-16,1.,0.));
#11061 = ADVANCED_FACE('',(#11062),#11073,.F.);
#11062 = FACE_BOUND('',#11063,.T.);
#11063 = EDGE_LOOP('',(#11064,#11070,#11071,#11072));
#11064 = ORIENTED_EDGE('',*,*,#11065,.T.);
#11065 = EDGE_CURVE('',#9492,#9775,#11066,.T.);
#11066 = LINE('',#11067,#11068);
#11067 = CARTESIAN_POINT('',(-549.9999999999,103.99183384511,
    104.44941580427));
#11068 = VECTOR('',#11069,1.);
#11069 = DIRECTION('',(-1.,2.2E-16,3.89E-15));
#11070 = ORIENTED_EDGE('',*,*,#9783,.T.);
#11071 = ORIENTED_EDGE('',*,*,#11031,.F.);
#11072 = ORIENTED_EDGE('',*,*,#9491,.F.);
#11073 = PLANE('',#11074);
#11074 = AXIS2_PLACEMENT_3D('',#11075,#11076,#11077);
#11075 = CARTESIAN_POINT('',(-549.9999999999,103.99183384511,
    104.44941580427));
#11076 = DIRECTION('',(3.1E-15,-0.559673353802,0.82871330208));
#11077 = DIRECTION('',(-2.27E-15,-0.82871330208,-0.559673353802));
#11078 = ADVANCED_FACE('',(#11079),#11090,.F.);
#11079 = FACE_BOUND('',#11080,.T.);
#11080 = EDGE_LOOP('',(#11081,#11082,#11083,#11089));
#11081 = ORIENTED_EDGE('',*,*,#11050,.T.);
#11082 = ORIENTED_EDGE('',*,*,#9766,.T.);
#11083 = ORIENTED_EDGE('',*,*,#11084,.F.);
#11084 = EDGE_CURVE('',#9500,#9767,#11085,.T.);
#11085 = LINE('',#11086,#11087);
#11086 = CARTESIAN_POINT('',(-549.9999999999,76.008166155046,
    104.44941580425));
#11087 = VECTOR('',#11088,1.);
#11088 = DIRECTION('',(-1.,2.2E-16,3.89E-15));
#11089 = ORIENTED_EDGE('',*,*,#9508,.F.);
#11090 = PLANE('',#11091);
#11091 = AXIS2_PLACEMENT_3D('',#11092,#11093,#11094);
#11092 = CARTESIAN_POINT('',(-549.9999999999,18.508166155034,
    143.282167448));
#11093 = DIRECTION('',(3.34E-15,0.559673353801,0.828713302081));
#11094 = DIRECTION('',(2.08E-15,-0.828713302081,0.559673353801));
#11095 = ADVANCED_FACE('',(#11096),#11102,.T.);
#11096 = FACE_BOUND('',#11097,.T.);
#11097 = EDGE_LOOP('',(#11098,#11099,#11100,#11101));
#11098 = ORIENTED_EDGE('',*,*,#11084,.T.);
#11099 = ORIENTED_EDGE('',*,*,#9774,.T.);
#11100 = ORIENTED_EDGE('',*,*,#11065,.F.);
#11101 = ORIENTED_EDGE('',*,*,#9499,.F.);
#11102 = CYLINDRICAL_SURFACE('',#11103,25.);
#11103 = AXIS2_PLACEMENT_3D('',#11104,#11105,#11106);
#11104 = CARTESIAN_POINT('',(-549.9999999999,90.00000000007,
    125.16724835627));
#11105 = DIRECTION('',(1.,-1.1E-16,-3.89E-15));
#11106 = DIRECTION('',(1.1E-16,1.,0.));
#11107 = ADVANCED_FACE('',(#11108),#11124,.T.);
#11108 = FACE_BOUND('',#11109,.F.);
#11109 = EDGE_LOOP('',(#11110,#11116,#11117,#11123));
#11110 = ORIENTED_EDGE('',*,*,#11111,.T.);
#11111 = EDGE_CURVE('',#9612,#9835,#11112,.T.);
#11112 = LINE('',#11113,#11114);
#11113 = CARTESIAN_POINT('',(549.99999999999,142.6780788162,
    318.07912830192));
#11114 = VECTOR('',#11115,1.);
#11115 = DIRECTION('',(1.,0.,4.11E-15));
#11116 = ORIENTED_EDGE('',*,*,#9834,.T.);
#11117 = ORIENTED_EDGE('',*,*,#11118,.F.);
#11118 = EDGE_CURVE('',#9614,#9837,#11119,.T.);
#11119 = LINE('',#11120,#11121);
#11120 = CARTESIAN_POINT('',(549.99999999999,37.321921183764,
    318.07912830187));
#11121 = VECTOR('',#11122,1.);
#11122 = DIRECTION('',(1.,0.,4.11E-15));
#11123 = ORIENTED_EDGE('',*,*,#9611,.F.);
#11124 = CYLINDRICAL_SURFACE('',#11125,65.);
#11125 = AXIS2_PLACEMENT_3D('',#11126,#11127,#11128);
#11126 = CARTESIAN_POINT('',(549.99999999999,90.,280.));
#11127 = DIRECTION('',(-1.,1.1E-16,-4.11E-15));
#11128 = DIRECTION('',(1.1E-16,1.,0.));
#11129 = ADVANCED_FACE('',(#11130),#11141,.F.);
#11130 = FACE_BOUND('',#11131,.F.);
#11131 = EDGE_LOOP('',(#11132,#11138,#11139,#11140));
#11132 = ORIENTED_EDGE('',*,*,#11133,.T.);
#11133 = EDGE_CURVE('',#9623,#9922,#11134,.T.);
#11134 = LINE('',#11135,#11136);
#11135 = CARTESIAN_POINT('',(549.99999999999,169.18255968124,
    281.41323823949));
#11136 = VECTOR('',#11137,1.);
#11137 = DIRECTION('',(1.,0.,4.11E-15));
#11138 = ORIENTED_EDGE('',*,*,#9930,.T.);
#11139 = ORIENTED_EDGE('',*,*,#11111,.F.);
#11140 = ORIENTED_EDGE('',*,*,#9622,.F.);
#11141 = PLANE('',#11142);
#11142 = AXIS2_PLACEMENT_3D('',#11143,#11144,#11145);
#11143 = CARTESIAN_POINT('',(549.99999999999,169.18255968124,
    281.41323823949));
#11144 = DIRECTION('',(2.41E-15,-0.810431981788,-0.585832743106));
#11145 = DIRECTION('',(-3.39E-15,-0.585832743106,0.810431981788));
#11146 = ADVANCED_FACE('',(#11147),#11158,.T.);
#11147 = FACE_BOUND('',#11148,.T.);
#11148 = EDGE_LOOP('',(#11149,#11155,#11156,#11157));
#11149 = ORIENTED_EDGE('',*,*,#11150,.T.);
#11150 = EDGE_CURVE('',#9699,#9846,#11151,.T.);
#11151 = LINE('',#11152,#11153);
#11152 = CARTESIAN_POINT('',(549.99999999999,10.817440318753,
    281.41323823942));
#11153 = VECTOR('',#11154,1.);
#11154 = DIRECTION('',(1.,0.,4.11E-15));
#11155 = ORIENTED_EDGE('',*,*,#9845,.T.);
#11156 = ORIENTED_EDGE('',*,*,#11118,.F.);
#11157 = ORIENTED_EDGE('',*,*,#9707,.F.);
#11158 = PLANE('',#11159);
#11159 = AXIS2_PLACEMENT_3D('',#11160,#11161,#11162);
#11160 = CARTESIAN_POINT('',(549.99999999999,10.817440318753,
    281.41323823942));
#11161 = DIRECTION('',(-2.41E-15,-0.810431981788,0.585832743106));
#11162 = DIRECTION('',(-3.26E-15,0.585832743106,0.810431981788));
#11163 = ADVANCED_FACE('',(#11164),#11175,.T.);
#11164 = FACE_BOUND('',#11165,.F.);
#11165 = EDGE_LOOP('',(#11166,#11172,#11173,#11174));
#11166 = ORIENTED_EDGE('',*,*,#11167,.T.);
#11167 = EDGE_CURVE('',#9631,#9914,#11168,.T.);
#11168 = LINE('',#11169,#11170);
#11169 = CARTESIAN_POINT('',(549.99999999999,172.49999999994,
    271.16116523516));
#11170 = VECTOR('',#11171,1.);
#11171 = DIRECTION('',(1.,0.,4.11E-15));
#11172 = ORIENTED_EDGE('',*,*,#9921,.T.);
#11173 = ORIENTED_EDGE('',*,*,#11133,.F.);
#11174 = ORIENTED_EDGE('',*,*,#9630,.F.);
#11175 = CYLINDRICAL_SURFACE('',#11176,17.499999999945);
#11176 = AXIS2_PLACEMENT_3D('',#11177,#11178,#11179);
#11177 = CARTESIAN_POINT('',(549.99999999999,155.,271.16116523516));
#11178 = DIRECTION('',(-1.,1.1E-16,-4.11E-15));
#11179 = DIRECTION('',(1.1E-16,1.,0.));
#11180 = ADVANCED_FACE('',(#11181),#11192,.T.);
#11181 = FACE_BOUND('',#11182,.F.);
#11182 = EDGE_LOOP('',(#11183,#11184,#11185,#11191));
#11183 = ORIENTED_EDGE('',*,*,#11150,.T.);
#11184 = ORIENTED_EDGE('',*,*,#9853,.T.);
#11185 = ORIENTED_EDGE('',*,*,#11186,.F.);
#11186 = EDGE_CURVE('',#9691,#9854,#11187,.T.);
#11187 = LINE('',#11188,#11189);
#11188 = CARTESIAN_POINT('',(549.99999999999,7.500000000058,
    271.1611652351));
#11189 = VECTOR('',#11190,1.);
#11190 = DIRECTION('',(1.,0.,4.11E-15));
#11191 = ORIENTED_EDGE('',*,*,#9698,.F.);
#11192 = CYLINDRICAL_SURFACE('',#11193,17.499999999943);
#11193 = AXIS2_PLACEMENT_3D('',#11194,#11195,#11196);
#11194 = CARTESIAN_POINT('',(549.99999999999,25.000000000001,
    271.1611652351));
#11195 = DIRECTION('',(-1.,1.1E-16,-4.11E-15));
#11196 = DIRECTION('',(1.1E-16,1.,0.));
#11197 = ADVANCED_FACE('',(#11198),#11209,.F.);
#11198 = FACE_BOUND('',#11199,.F.);
#11199 = EDGE_LOOP('',(#11200,#11206,#11207,#11208));
#11200 = ORIENTED_EDGE('',*,*,#11201,.T.);
#11201 = EDGE_CURVE('',#9640,#9905,#11202,.T.);
#11202 = LINE('',#11203,#11204);
#11203 = CARTESIAN_POINT('',(549.99999999999,172.49999999994,164.));
#11204 = VECTOR('',#11205,1.);
#11205 = DIRECTION('',(1.,0.,4.11E-15));
#11206 = ORIENTED_EDGE('',*,*,#9913,.T.);
#11207 = ORIENTED_EDGE('',*,*,#11167,.F.);
#11208 = ORIENTED_EDGE('',*,*,#9639,.F.);
#11209 = PLANE('',#11210);
#11210 = AXIS2_PLACEMENT_3D('',#11211,#11212,#11213);
#11211 = CARTESIAN_POINT('',(549.99999999999,172.49999999994,164.));
#11212 = DIRECTION('',(0.,-1.,0.));
#11213 = DIRECTION('',(-4.11E-15,0.,1.));
#11214 = ADVANCED_FACE('',(#11215),#11226,.F.);
#11215 = FACE_BOUND('',#11216,.F.);
#11216 = EDGE_LOOP('',(#11217,#11218,#11219,#11225));
#11217 = ORIENTED_EDGE('',*,*,#11186,.T.);
#11218 = ORIENTED_EDGE('',*,*,#9862,.T.);
#11219 = ORIENTED_EDGE('',*,*,#11220,.F.);
#11220 = EDGE_CURVE('',#9682,#9863,#11221,.T.);
#11221 = LINE('',#11222,#11223);
#11222 = CARTESIAN_POINT('',(549.99999999999,7.500000000058,
    164.00000000001));
#11223 = VECTOR('',#11224,1.);
#11224 = DIRECTION('',(1.,0.,4.11E-15));
#11225 = ORIENTED_EDGE('',*,*,#9690,.F.);
#11226 = PLANE('',#11227);
#11227 = AXIS2_PLACEMENT_3D('',#11228,#11229,#11230);
#11228 = CARTESIAN_POINT('',(549.99999999999,7.500000000058,
    271.1611652351));
#11229 = DIRECTION('',(0.,1.,0.));
#11230 = DIRECTION('',(4.11E-15,0.,-1.));
#11231 = ADVANCED_FACE('',(#11232),#11243,.T.);
#11232 = FACE_BOUND('',#11233,.F.);
#11233 = EDGE_LOOP('',(#11234,#11240,#11241,#11242));
#11234 = ORIENTED_EDGE('',*,*,#11235,.T.);
#11235 = EDGE_CURVE('',#9648,#9897,#11236,.T.);
#11236 = LINE('',#11237,#11238);
#11237 = CARTESIAN_POINT('',(549.99999999999,161.49183384498,
    143.282167448));
#11238 = VECTOR('',#11239,1.);
#11239 = DIRECTION('',(1.,0.,4.11E-15));
#11240 = ORIENTED_EDGE('',*,*,#9904,.T.);
#11241 = ORIENTED_EDGE('',*,*,#11201,.F.);
#11242 = ORIENTED_EDGE('',*,*,#9647,.F.);
#11243 = CYLINDRICAL_SURFACE('',#11244,25.);
#11244 = AXIS2_PLACEMENT_3D('',#11245,#11246,#11247);
#11245 = CARTESIAN_POINT('',(549.99999999999,147.49999999994,164.));
#11246 = DIRECTION('',(-1.,1.1E-16,-4.11E-15));
#11247 = DIRECTION('',(1.1E-16,1.,0.));
#11248 = ADVANCED_FACE('',(#11249),#11260,.T.);
#11249 = FACE_BOUND('',#11250,.F.);
#11250 = EDGE_LOOP('',(#11251,#11252,#11253,#11259));
#11251 = ORIENTED_EDGE('',*,*,#11220,.T.);
#11252 = ORIENTED_EDGE('',*,*,#9870,.T.);
#11253 = ORIENTED_EDGE('',*,*,#11254,.F.);
#11254 = EDGE_CURVE('',#9674,#9871,#11255,.T.);
#11255 = LINE('',#11256,#11257);
#11256 = CARTESIAN_POINT('',(549.99999999999,18.508166155034,
    143.282167448));
#11257 = VECTOR('',#11258,1.);
#11258 = DIRECTION('',(1.,0.,4.11E-15));
#11259 = ORIENTED_EDGE('',*,*,#9681,.F.);
#11260 = CYLINDRICAL_SURFACE('',#11261,25.);
#11261 = AXIS2_PLACEMENT_3D('',#11262,#11263,#11264);
#11262 = CARTESIAN_POINT('',(549.99999999999,32.500000000058,
    164.00000000001));
#11263 = DIRECTION('',(-1.,1.1E-16,-4.11E-15));
#11264 = DIRECTION('',(1.1E-16,1.,0.));
#11265 = ADVANCED_FACE('',(#11266),#11277,.F.);
#11266 = FACE_BOUND('',#11267,.F.);
#11267 = EDGE_LOOP('',(#11268,#11274,#11275,#11276));
#11268 = ORIENTED_EDGE('',*,*,#11269,.T.);
#11269 = EDGE_CURVE('',#9657,#9888,#11270,.T.);
#11270 = LINE('',#11271,#11272);
#11271 = CARTESIAN_POINT('',(549.99999999999,103.99183384511,
    104.44941580427));
#11272 = VECTOR('',#11273,1.);
#11273 = DIRECTION('',(1.,0.,4.11E-15));
#11274 = ORIENTED_EDGE('',*,*,#9896,.T.);
#11275 = ORIENTED_EDGE('',*,*,#11235,.F.);
#11276 = ORIENTED_EDGE('',*,*,#9656,.F.);
#11277 = PLANE('',#11278);
#11278 = AXIS2_PLACEMENT_3D('',#11279,#11280,#11281);
#11279 = CARTESIAN_POINT('',(549.99999999999,103.99183384511,
    104.44941580427));
#11280 = DIRECTION('',(-3.4E-15,-0.559673353802,0.82871330208));
#11281 = DIRECTION('',(-2.21E-15,0.82871330208,0.559673353802));
#11282 = ADVANCED_FACE('',(#11283),#11294,.F.);
#11283 = FACE_BOUND('',#11284,.F.);
#11284 = EDGE_LOOP('',(#11285,#11286,#11287,#11293));
#11285 = ORIENTED_EDGE('',*,*,#11254,.T.);
#11286 = ORIENTED_EDGE('',*,*,#9879,.T.);
#11287 = ORIENTED_EDGE('',*,*,#11288,.F.);
#11288 = EDGE_CURVE('',#9665,#9880,#11289,.T.);
#11289 = LINE('',#11290,#11291);
#11290 = CARTESIAN_POINT('',(549.99999999999,76.008166155046,
    104.44941580425));
#11291 = VECTOR('',#11292,1.);
#11292 = DIRECTION('',(1.,0.,4.11E-15));
#11293 = ORIENTED_EDGE('',*,*,#9673,.F.);
#11294 = PLANE('',#11295);
#11295 = AXIS2_PLACEMENT_3D('',#11296,#11297,#11298);
#11296 = CARTESIAN_POINT('',(549.99999999999,18.508166155034,
    143.282167448));
#11297 = DIRECTION('',(-3.4E-15,0.559673353801,0.828713302081));
#11298 = DIRECTION('',(2.39E-15,0.828713302081,-0.559673353801));
#11299 = ADVANCED_FACE('',(#11300),#11306,.T.);
#11300 = FACE_BOUND('',#11301,.F.);
#11301 = EDGE_LOOP('',(#11302,#11303,#11304,#11305));
#11302 = ORIENTED_EDGE('',*,*,#11288,.T.);
#11303 = ORIENTED_EDGE('',*,*,#9887,.T.);
#11304 = ORIENTED_EDGE('',*,*,#11269,.F.);
#11305 = ORIENTED_EDGE('',*,*,#9664,.F.);
#11306 = CYLINDRICAL_SURFACE('',#11307,25.);
#11307 = AXIS2_PLACEMENT_3D('',#11308,#11309,#11310);
#11308 = CARTESIAN_POINT('',(549.99999999999,90.00000000007,
    125.16724835627));
#11309 = DIRECTION('',(-1.,1.1E-16,-4.11E-15));
#11310 = DIRECTION('',(1.1E-16,1.,0.));
#11311 = ADVANCED_FACE('',(#11312),#11357,.F.);
#11312 = FACE_BOUND('',#11313,.F.);
#11313 = EDGE_LOOP('',(#11314,#11315,#11323,#11331,#11339,#11347,#11353,
    #11354,#11355,#11356));
#11314 = ORIENTED_EDGE('',*,*,#10013,.F.);
#11315 = ORIENTED_EDGE('',*,*,#11316,.T.);
#11316 = EDGE_CURVE('',#10006,#11317,#11319,.T.);
#11317 = VERTEX_POINT('',#11318);
#11318 = CARTESIAN_POINT('',(-650.,555.,40.5));
#11319 = LINE('',#11320,#11321);
#11320 = CARTESIAN_POINT('',(-550.,555.,40.5));
#11321 = VECTOR('',#11322,1.);
#11322 = DIRECTION('',(-1.,0.,0.));
#11323 = ORIENTED_EDGE('',*,*,#11324,.T.);
#11324 = EDGE_CURVE('',#11317,#11325,#11327,.T.);
#11325 = VERTEX_POINT('',#11326);
#11326 = CARTESIAN_POINT('',(-650.,395.,40.5));
#11327 = LINE('',#11328,#11329);
#11328 = CARTESIAN_POINT('',(-650.,555.,40.5));
#11329 = VECTOR('',#11330,1.);
#11330 = DIRECTION('',(0.,-1.,0.));
#11331 = ORIENTED_EDGE('',*,*,#11332,.F.);
#11332 = EDGE_CURVE('',#11333,#11325,#11335,.T.);
#11333 = VERTEX_POINT('',#11334);
#11334 = CARTESIAN_POINT('',(-622.,395.,40.5));
#11335 = LINE('',#11336,#11337);
#11336 = CARTESIAN_POINT('',(-550.,395.,40.5));
#11337 = VECTOR('',#11338,1.);
#11338 = DIRECTION('',(-1.,0.,0.));
#11339 = ORIENTED_EDGE('',*,*,#11340,.T.);
#11340 = EDGE_CURVE('',#11333,#11341,#11343,.T.);
#11341 = VERTEX_POINT('',#11342);
#11342 = CARTESIAN_POINT('',(-622.,407.5,40.5));
#11343 = LINE('',#11344,#11345);
#11344 = CARTESIAN_POINT('',(-622.,481.25,40.5));
#11345 = VECTOR('',#11346,1.);
#11346 = DIRECTION('',(0.,1.,0.));
#11347 = ORIENTED_EDGE('',*,*,#11348,.F.);
#11348 = EDGE_CURVE('',#10201,#11341,#11349,.T.);
#11349 = LINE('',#11350,#11351);
#11350 = CARTESIAN_POINT('',(-275.,407.5,40.5));
#11351 = VECTOR('',#11352,1.);
#11352 = DIRECTION('',(-1.,0.,0.));
#11353 = ORIENTED_EDGE('',*,*,#10208,.F.);
#11354 = ORIENTED_EDGE('',*,*,#10230,.T.);
#11355 = ORIENTED_EDGE('',*,*,#10262,.T.);
#11356 = ORIENTED_EDGE('',*,*,#10159,.F.);
#11357 = PLANE('',#11358);
#11358 = AXIS2_PLACEMENT_3D('',#11359,#11360,#11361);
#11359 = CARTESIAN_POINT('',(-550.,555.,40.5));
#11360 = DIRECTION('',(0.,0.,1.));
#11361 = DIRECTION('',(0.,-1.,0.));
#11362 = ADVANCED_FACE('',(#11363),#11381,.F.);
#11363 = FACE_BOUND('',#11364,.F.);
#11364 = EDGE_LOOP('',(#11365,#11373,#11379,#11380));
#11365 = ORIENTED_EDGE('',*,*,#11366,.T.);
#11366 = EDGE_CURVE('',#9998,#11367,#11369,.T.);
#11367 = VERTEX_POINT('',#11368);
#11368 = CARTESIAN_POINT('',(-650.,555.,109.5));
#11369 = LINE('',#11370,#11371);
#11370 = CARTESIAN_POINT('',(-550.,555.,109.5));
#11371 = VECTOR('',#11372,1.);
#11372 = DIRECTION('',(-1.,0.,0.));
#11373 = ORIENTED_EDGE('',*,*,#11374,.T.);
#11374 = EDGE_CURVE('',#11367,#11317,#11375,.T.);
#11375 = LINE('',#11376,#11377);
#11376 = CARTESIAN_POINT('',(-650.,555.,109.5));
#11377 = VECTOR('',#11378,1.);
#11378 = DIRECTION('',(0.,0.,-1.));
#11379 = ORIENTED_EDGE('',*,*,#11316,.F.);
#11380 = ORIENTED_EDGE('',*,*,#10005,.F.);
#11381 = PLANE('',#11382);
#11382 = AXIS2_PLACEMENT_3D('',#11383,#11384,#11385);
#11383 = CARTESIAN_POINT('',(-550.,555.,109.5));
#11384 = DIRECTION('',(-0.,-1.,-0.));
#11385 = DIRECTION('',(0.,0.,-1.));
#11386 = ADVANCED_FACE('',(#11387),#11437,.F.);
#11387 = FACE_BOUND('',#11388,.F.);
#11388 = EDGE_LOOP('',(#11389,#11397,#11405,#11413,#11421,#11427,#11428,
    #11429,#11430,#11436));
#11389 = ORIENTED_EDGE('',*,*,#11390,.F.);
#11390 = EDGE_CURVE('',#11391,#10596,#11393,.T.);
#11391 = VERTEX_POINT('',#11392);
#11392 = CARTESIAN_POINT('',(-582.,407.5,109.5));
#11393 = LINE('',#11394,#11395);
#11394 = CARTESIAN_POINT('',(-582.,347.5,109.5));
#11395 = VECTOR('',#11396,1.);
#11396 = DIRECTION('',(0.,1.,0.));
#11397 = ORIENTED_EDGE('',*,*,#11398,.F.);
#11398 = EDGE_CURVE('',#11399,#11391,#11401,.T.);
#11399 = VERTEX_POINT('',#11400);
#11400 = CARTESIAN_POINT('',(-622.,407.5,109.5));
#11401 = LINE('',#11402,#11403);
#11402 = CARTESIAN_POINT('',(-275.,407.5,109.5));
#11403 = VECTOR('',#11404,1.);
#11404 = DIRECTION('',(1.,0.,0.));
#11405 = ORIENTED_EDGE('',*,*,#11406,.T.);
#11406 = EDGE_CURVE('',#11399,#11407,#11409,.T.);
#11407 = VERTEX_POINT('',#11408);
#11408 = CARTESIAN_POINT('',(-622.,395.,109.5));
#11409 = LINE('',#11410,#11411);
#11410 = CARTESIAN_POINT('',(-622.,401.25,109.5));
#11411 = VECTOR('',#11412,1.);
#11412 = DIRECTION('',(0.,-1.,0.));
#11413 = ORIENTED_EDGE('',*,*,#11414,.T.);
#11414 = EDGE_CURVE('',#11407,#11415,#11417,.T.);
#11415 = VERTEX_POINT('',#11416);
#11416 = CARTESIAN_POINT('',(-650.,395.,109.5));
#11417 = LINE('',#11418,#11419);
#11418 = CARTESIAN_POINT('',(-550.,395.,109.5));
#11419 = VECTOR('',#11420,1.);
#11420 = DIRECTION('',(-1.,0.,0.));
#11421 = ORIENTED_EDGE('',*,*,#11422,.T.);
#11422 = EDGE_CURVE('',#11415,#11367,#11423,.T.);
#11423 = LINE('',#11424,#11425);
#11424 = CARTESIAN_POINT('',(-650.,395.,109.5));
#11425 = VECTOR('',#11426,1.);
#11426 = DIRECTION('',(0.,1.,0.));
#11427 = ORIENTED_EDGE('',*,*,#11366,.F.);
#11428 = ORIENTED_EDGE('',*,*,#9997,.F.);
#11429 = ORIENTED_EDGE('',*,*,#10378,.F.);
#11430 = ORIENTED_EDGE('',*,*,#11431,.T.);
#11431 = EDGE_CURVE('',#10379,#10604,#11432,.T.);
#11432 = LINE('',#11433,#11434);
#11433 = CARTESIAN_POINT('',(-622.,447.5,109.5));
#11434 = VECTOR('',#11435,1.);
#11435 = DIRECTION('',(0.,-1.,0.));
#11436 = ORIENTED_EDGE('',*,*,#10603,.T.);
#11437 = PLANE('',#11438);
#11438 = AXIS2_PLACEMENT_3D('',#11439,#11440,#11441);
#11439 = CARTESIAN_POINT('',(-550.,395.,109.5));
#11440 = DIRECTION('',(0.,0.,-1.));
#11441 = DIRECTION('',(0.,1.,0.));
#11442 = ADVANCED_FACE('',(#11443),#11462,.F.);
#11443 = FACE_BOUND('',#11444,.F.);
#11444 = EDGE_LOOP('',(#11445,#11453,#11454,#11455));
#11445 = ORIENTED_EDGE('',*,*,#11446,.T.);
#11446 = EDGE_CURVE('',#11447,#10362,#11449,.T.);
#11447 = VERTEX_POINT('',#11448);
#11448 = CARTESIAN_POINT('',(-507.458880588,300.,881.04233237824));
#11449 = LINE('',#11450,#11451);
#11450 = CARTESIAN_POINT('',(-507.458880588,300.,881.04233237824));
#11451 = VECTOR('',#11452,1.);
#11452 = DIRECTION('',(0.,1.,-2.2E-16));
#11453 = ORIENTED_EDGE('',*,*,#10369,.T.);
#11454 = ORIENTED_EDGE('',*,*,#10055,.F.);
#11455 = ORIENTED_EDGE('',*,*,#11456,.F.);
#11456 = EDGE_CURVE('',#11447,#10039,#11457,.T.);
#11457 = CIRCLE('',#11458,85.);
#11458 = AXIS2_PLACEMENT_3D('',#11459,#11460,#11461);
#11459 = CARTESIAN_POINT('',(-465.,300.,807.40644806082));
#11460 = DIRECTION('',(0.,-1.,0.));
#11461 = DIRECTION('',(1.,0.,0.));
#11462 = CYLINDRICAL_SURFACE('',#11463,85.);
#11463 = AXIS2_PLACEMENT_3D('',#11464,#11465,#11466);
#11464 = CARTESIAN_POINT('',(-465.,300.,807.40644806082));
#11465 = DIRECTION('',(0.,-1.,2.2E-16));
#11466 = DIRECTION('',(1.,0.,0.));
#11467 = ADVANCED_FACE('',(#11468),#11487,.F.);
#11468 = FACE_BOUND('',#11469,.F.);
#11469 = EDGE_LOOP('',(#11470,#11471,#11472,#11480));
#11470 = ORIENTED_EDGE('',*,*,#10136,.T.);
#11471 = ORIENTED_EDGE('',*,*,#10318,.T.);
#11472 = ORIENTED_EDGE('',*,*,#11473,.F.);
#11473 = EDGE_CURVE('',#11474,#10319,#11476,.T.);
#11474 = VERTEX_POINT('',#11475);
#11475 = CARTESIAN_POINT('',(507.45888058807,300.,881.04233237825));
#11476 = LINE('',#11477,#11478);
#11477 = CARTESIAN_POINT('',(507.45888058807,300.,881.04233237825));
#11478 = VECTOR('',#11479,1.);
#11479 = DIRECTION('',(0.,1.,-2.2E-16));
#11480 = ORIENTED_EDGE('',*,*,#11481,.F.);
#11481 = EDGE_CURVE('',#10129,#11474,#11482,.T.);
#11482 = CIRCLE('',#11483,85.);
#11483 = AXIS2_PLACEMENT_3D('',#11484,#11485,#11486);
#11484 = CARTESIAN_POINT('',(465.,300.,807.40644806083));
#11485 = DIRECTION('',(0.,-1.,0.));
#11486 = DIRECTION('',(1.,0.,0.));
#11487 = CYLINDRICAL_SURFACE('',#11488,85.);
#11488 = AXIS2_PLACEMENT_3D('',#11489,#11490,#11491);
#11489 = CARTESIAN_POINT('',(465.,300.,807.40644806083));
#11490 = DIRECTION('',(0.,-1.,2.2E-16));
#11491 = DIRECTION('',(1.,0.,0.));
#11492 = ADVANCED_FACE('',(#11493),#11511,.T.);
#11493 = FACE_BOUND('',#11494,.T.);
#11494 = EDGE_LOOP('',(#11495,#11496,#11497,#11505));
#11495 = ORIENTED_EDGE('',*,*,#11446,.T.);
#11496 = ORIENTED_EDGE('',*,*,#10361,.T.);
#11497 = ORIENTED_EDGE('',*,*,#11498,.F.);
#11498 = EDGE_CURVE('',#11499,#10353,#11501,.T.);
#11499 = VERTEX_POINT('',#11500);
#11500 = CARTESIAN_POINT('',(-277.739589312,300.,1.013499816219E+03));
#11501 = LINE('',#11502,#11503);
#11502 = CARTESIAN_POINT('',(-277.739589312,300.,1.013499816219E+03));
#11503 = VECTOR('',#11504,1.);
#11504 = DIRECTION('',(0.,1.,-2.2E-16));
#11505 = ORIENTED_EDGE('',*,*,#11506,.F.);
#11506 = EDGE_CURVE('',#11447,#11499,#11507,.T.);
#11507 = LINE('',#11508,#11509);
#11508 = CARTESIAN_POINT('',(-507.458880588,300.,881.04233237824));
#11509 = VECTOR('',#11510,1.);
#11510 = DIRECTION('',(0.866304521381,0.,0.499516242213));
#11511 = PLANE('',#11512);
#11512 = AXIS2_PLACEMENT_3D('',#11513,#11514,#11515);
#11513 = CARTESIAN_POINT('',(-507.458880588,300.,881.04233237824));
#11514 = DIRECTION('',(0.499516242213,-1.9E-16,-0.866304521381));
#11515 = DIRECTION('',(0.866304521381,1.1E-16,0.499516242213));
#11516 = ADVANCED_FACE('',(#11517),#11536,.F.);
#11517 = FACE_BOUND('',#11518,.F.);
#11518 = EDGE_LOOP('',(#11519,#11527,#11528,#11529));
#11519 = ORIENTED_EDGE('',*,*,#11520,.T.);
#11520 = EDGE_CURVE('',#11521,#10345,#11523,.T.);
#11521 = VERTEX_POINT('',#11522);
#11522 = CARTESIAN_POINT('',(-242.7734523571,300.,1.022858499722E+03));
#11523 = LINE('',#11524,#11525);
#11524 = CARTESIAN_POINT('',(-242.7734523571,300.,1.022858499722E+03));
#11525 = VECTOR('',#11526,1.);
#11526 = DIRECTION('',(0.,1.,-2.2E-16));
#11527 = ORIENTED_EDGE('',*,*,#10352,.T.);
#11528 = ORIENTED_EDGE('',*,*,#11498,.F.);
#11529 = ORIENTED_EDGE('',*,*,#11530,.F.);
#11530 = EDGE_CURVE('',#11521,#11499,#11531,.T.);
#11531 = CIRCLE('',#11532,70.);
#11532 = AXIS2_PLACEMENT_3D('',#11533,#11534,#11535);
#11533 = CARTESIAN_POINT('',(-242.7734523571,300.,952.85849972218));
#11534 = DIRECTION('',(0.,-1.,0.));
#11535 = DIRECTION('',(1.,0.,0.));
#11536 = CYLINDRICAL_SURFACE('',#11537,70.);
#11537 = AXIS2_PLACEMENT_3D('',#11538,#11539,#11540);
#11538 = CARTESIAN_POINT('',(-242.7734523571,300.,952.85849972218));
#11539 = DIRECTION('',(0.,-1.,2.2E-16));
#11540 = DIRECTION('',(1.,0.,0.));
#11541 = ADVANCED_FACE('',(#11542),#11560,.T.);
#11542 = FACE_BOUND('',#11543,.T.);
#11543 = EDGE_LOOP('',(#11544,#11545,#11546,#11554));
#11544 = ORIENTED_EDGE('',*,*,#11520,.T.);
#11545 = ORIENTED_EDGE('',*,*,#10344,.T.);
#11546 = ORIENTED_EDGE('',*,*,#11547,.F.);
#11547 = EDGE_CURVE('',#11548,#10336,#11550,.T.);
#11548 = VERTEX_POINT('',#11549);
#11549 = CARTESIAN_POINT('',(242.77345235719,300.,1.022858499722E+03));
#11550 = LINE('',#11551,#11552);
#11551 = CARTESIAN_POINT('',(242.77345235719,300.,1.022858499722E+03));
#11552 = VECTOR('',#11553,1.);
#11553 = DIRECTION('',(0.,1.,-2.2E-16));
#11554 = ORIENTED_EDGE('',*,*,#11555,.F.);
#11555 = EDGE_CURVE('',#11521,#11548,#11556,.T.);
#11556 = LINE('',#11557,#11558);
#11557 = CARTESIAN_POINT('',(-242.7734523571,300.,1.022858499722E+03));
#11558 = VECTOR('',#11559,1.);
#11559 = DIRECTION('',(1.,0.,0.));
#11560 = PLANE('',#11561);
#11561 = AXIS2_PLACEMENT_3D('',#11562,#11563,#11564);
#11562 = CARTESIAN_POINT('',(-242.7734523571,300.,1.022858499722E+03));
#11563 = DIRECTION('',(0.,-2.2E-16,-1.));
#11564 = DIRECTION('',(1.,0.,0.));
#11565 = ADVANCED_FACE('',(#11566),#11585,.F.);
#11566 = FACE_BOUND('',#11567,.F.);
#11567 = EDGE_LOOP('',(#11568,#11576,#11577,#11578));
#11568 = ORIENTED_EDGE('',*,*,#11569,.T.);
#11569 = EDGE_CURVE('',#11570,#10328,#11572,.T.);
#11570 = VERTEX_POINT('',#11571);
#11571 = CARTESIAN_POINT('',(277.73958931208,300.,1.013499816219E+03));
#11572 = LINE('',#11573,#11574);
#11573 = CARTESIAN_POINT('',(277.73958931208,300.,1.013499816219E+03));
#11574 = VECTOR('',#11575,1.);
#11575 = DIRECTION('',(0.,1.,-2.2E-16));
#11576 = ORIENTED_EDGE('',*,*,#10335,.T.);
#11577 = ORIENTED_EDGE('',*,*,#11547,.F.);
#11578 = ORIENTED_EDGE('',*,*,#11579,.F.);
#11579 = EDGE_CURVE('',#11570,#11548,#11580,.T.);
#11580 = CIRCLE('',#11581,70.);
#11581 = AXIS2_PLACEMENT_3D('',#11582,#11583,#11584);
#11582 = CARTESIAN_POINT('',(242.77345235719,300.,952.85849972218));
#11583 = DIRECTION('',(0.,-1.,0.));
#11584 = DIRECTION('',(1.,0.,0.));
#11585 = CYLINDRICAL_SURFACE('',#11586,70.);
#11586 = AXIS2_PLACEMENT_3D('',#11587,#11588,#11589);
#11587 = CARTESIAN_POINT('',(242.77345235719,300.,952.85849972218));
#11588 = DIRECTION('',(0.,-1.,2.2E-16));
#11589 = DIRECTION('',(1.,0.,0.));
#11590 = ADVANCED_FACE('',(#11591),#11602,.T.);
#11591 = FACE_BOUND('',#11592,.T.);
#11592 = EDGE_LOOP('',(#11593,#11594,#11595,#11596));
#11593 = ORIENTED_EDGE('',*,*,#11569,.T.);
#11594 = ORIENTED_EDGE('',*,*,#10327,.T.);
#11595 = ORIENTED_EDGE('',*,*,#11473,.F.);
#11596 = ORIENTED_EDGE('',*,*,#11597,.F.);
#11597 = EDGE_CURVE('',#11570,#11474,#11598,.T.);
#11598 = LINE('',#11599,#11600);
#11599 = CARTESIAN_POINT('',(277.73958931208,300.,1.013499816219E+03));
#11600 = VECTOR('',#11601,1.);
#11601 = DIRECTION('',(0.866304521381,0.,-0.499516242213));
#11602 = PLANE('',#11603);
#11603 = AXIS2_PLACEMENT_3D('',#11604,#11605,#11606);
#11604 = CARTESIAN_POINT('',(277.73958931208,300.,1.013499816219E+03));
#11605 = DIRECTION('',(-0.499516242213,-1.9E-16,-0.866304521381));
#11606 = DIRECTION('',(0.866304521381,-1.1E-16,-0.499516242213));
#11607 = ADVANCED_FACE('',(#11608),#11656,.F.);
#11608 = FACE_BOUND('',#11609,.F.);
#11609 = EDGE_LOOP('',(#11610,#11618,#11626,#11634,#11642,#11648,#11649,
    #11655));
#11610 = ORIENTED_EDGE('',*,*,#11611,.F.);
#11611 = EDGE_CURVE('',#11612,#11399,#11614,.T.);
#11612 = VERTEX_POINT('',#11613);
#11613 = CARTESIAN_POINT('',(-622.,407.5,856.69202404612));
#11614 = LINE('',#11615,#11616);
#11615 = CARTESIAN_POINT('',(-622.,407.5,856.69202404612));
#11616 = VECTOR('',#11617,1.);
#11617 = DIRECTION('',(0.,0.,-1.));
#11618 = ORIENTED_EDGE('',*,*,#11619,.T.);
#11619 = EDGE_CURVE('',#11612,#11620,#11622,.T.);
#11620 = VERTEX_POINT('',#11621);
#11621 = CARTESIAN_POINT('',(-622.,392.5,856.69202404612));
#11622 = LINE('',#11623,#11624);
#11623 = CARTESIAN_POINT('',(-622.,407.5,856.69202404612));
#11624 = VECTOR('',#11625,1.);
#11625 = DIRECTION('',(0.,-1.,2.2E-16));
#11626 = ORIENTED_EDGE('',*,*,#11627,.T.);
#11627 = EDGE_CURVE('',#11620,#11628,#11630,.T.);
#11628 = VERTEX_POINT('',#11629);
#11629 = CARTESIAN_POINT('',(-622.,392.5,-25.));
#11630 = LINE('',#11631,#11632);
#11631 = CARTESIAN_POINT('',(-622.,392.5,856.69202404612));
#11632 = VECTOR('',#11633,1.);
#11633 = DIRECTION('',(0.,0.,-1.));
#11634 = ORIENTED_EDGE('',*,*,#11635,.F.);
#11635 = EDGE_CURVE('',#11636,#11628,#11638,.T.);
#11636 = VERTEX_POINT('',#11637);
#11637 = CARTESIAN_POINT('',(-622.,407.5,-25.));
#11638 = LINE('',#11639,#11640);
#11639 = CARTESIAN_POINT('',(-622.,407.5,-25.));
#11640 = VECTOR('',#11641,1.);
#11641 = DIRECTION('',(0.,-1.,2.2E-16));
#11642 = ORIENTED_EDGE('',*,*,#11643,.F.);
#11643 = EDGE_CURVE('',#11341,#11636,#11644,.T.);
#11644 = LINE('',#11645,#11646);
#11645 = CARTESIAN_POINT('',(-622.,407.5,856.69202404612));
#11646 = VECTOR('',#11647,1.);
#11647 = DIRECTION('',(0.,0.,-1.));
#11648 = ORIENTED_EDGE('',*,*,#11340,.F.);
#11649 = ORIENTED_EDGE('',*,*,#11650,.F.);
#11650 = EDGE_CURVE('',#11407,#11333,#11651,.T.);
#11651 = LINE('',#11652,#11653);
#11652 = CARTESIAN_POINT('',(-622.,395.,448.59601202306));
#11653 = VECTOR('',#11654,1.);
#11654 = DIRECTION('',(0.,0.,-1.));
#11655 = ORIENTED_EDGE('',*,*,#11406,.F.);
#11656 = PLANE('',#11657);
#11657 = AXIS2_PLACEMENT_3D('',#11658,#11659,#11660);
#11658 = CARTESIAN_POINT('',(-622.,407.5,856.69202404612));
#11659 = DIRECTION('',(1.,0.,0.));
#11660 = DIRECTION('',(0.,-2.2E-16,-1.));
#11661 = ADVANCED_FACE('',(#11662),#11696,.F.);
#11662 = FACE_BOUND('',#11663,.F.);
#11663 = EDGE_LOOP('',(#11664,#11674,#11682,#11690));
#11664 = ORIENTED_EDGE('',*,*,#11665,.T.);
#11665 = EDGE_CURVE('',#11666,#11668,#11670,.T.);
#11666 = VERTEX_POINT('',#11667);
#11667 = CARTESIAN_POINT('',(-622.,315.,856.69202404612));
#11668 = VERTEX_POINT('',#11669);
#11669 = CARTESIAN_POINT('',(-622.,300.,856.69202404612));
#11670 = LINE('',#11671,#11672);
#11671 = CARTESIAN_POINT('',(-622.,315.,856.69202404612));
#11672 = VECTOR('',#11673,1.);
#11673 = DIRECTION('',(0.,-1.,2.2E-16));
#11674 = ORIENTED_EDGE('',*,*,#11675,.T.);
#11675 = EDGE_CURVE('',#11668,#11676,#11678,.T.);
#11676 = VERTEX_POINT('',#11677);
#11677 = CARTESIAN_POINT('',(-622.,300.,-25.));
#11678 = LINE('',#11679,#11680);
#11679 = CARTESIAN_POINT('',(-622.,300.,856.69202404612));
#11680 = VECTOR('',#11681,1.);
#11681 = DIRECTION('',(0.,0.,-1.));
#11682 = ORIENTED_EDGE('',*,*,#11683,.F.);
#11683 = EDGE_CURVE('',#11684,#11676,#11686,.T.);
#11684 = VERTEX_POINT('',#11685);
#11685 = CARTESIAN_POINT('',(-622.,315.,-25.));
#11686 = LINE('',#11687,#11688);
#11687 = CARTESIAN_POINT('',(-622.,315.,-25.));
#11688 = VECTOR('',#11689,1.);
#11689 = DIRECTION('',(0.,-1.,2.2E-16));
#11690 = ORIENTED_EDGE('',*,*,#11691,.F.);
#11691 = EDGE_CURVE('',#11666,#11684,#11692,.T.);
#11692 = LINE('',#11693,#11694);
#11693 = CARTESIAN_POINT('',(-622.,315.,856.69202404612));
#11694 = VECTOR('',#11695,1.);
#11695 = DIRECTION('',(0.,0.,-1.));
#11696 = PLANE('',#11697);
#11697 = AXIS2_PLACEMENT_3D('',#11698,#11699,#11700);
#11698 = CARTESIAN_POINT('',(-622.,315.,856.69202404612));
#11699 = DIRECTION('',(1.,0.,0.));
#11700 = DIRECTION('',(0.,-2.2E-16,-1.));
#11701 = ADVANCED_FACE('',(#11702,#11863),#11874,.T.);
#11702 = FACE_BOUND('',#11703,.F.);
#11703 = EDGE_LOOP('',(#11704,#11714,#11722,#11731,#11739,#11748,#11756,
    #11765,#11773,#11780,#11781,#11789,#11797,#11806,#11814,#11823,
    #11831,#11840,#11848,#11857));
#11704 = ORIENTED_EDGE('',*,*,#11705,.T.);
#11705 = EDGE_CURVE('',#11706,#11708,#11710,.T.);
#11706 = VERTEX_POINT('',#11707);
#11707 = CARTESIAN_POINT('',(582.,315.,-25.));
#11708 = VERTEX_POINT('',#11709);
#11709 = CARTESIAN_POINT('',(622.,315.,-25.));
#11710 = LINE('',#11711,#11712);
#11711 = CARTESIAN_POINT('',(582.,315.,-25.));
#11712 = VECTOR('',#11713,1.);
#11713 = DIRECTION('',(1.,0.,0.));
#11714 = ORIENTED_EDGE('',*,*,#11715,.T.);
#11715 = EDGE_CURVE('',#11708,#11716,#11718,.T.);
#11716 = VERTEX_POINT('',#11717);
#11717 = CARTESIAN_POINT('',(622.,315.,856.69202404612));
#11718 = LINE('',#11719,#11720);
#11719 = CARTESIAN_POINT('',(622.,315.,-25.));
#11720 = VECTOR('',#11721,1.);
#11721 = DIRECTION('',(0.,0.,1.));
#11722 = ORIENTED_EDGE('',*,*,#11723,.F.);
#11723 = EDGE_CURVE('',#11724,#11716,#11726,.T.);
#11724 = VERTEX_POINT('',#11725);
#11725 = CARTESIAN_POINT('',(590.41281591571,315.,929.62820586614));
#11726 = CIRCLE('',#11727,100.);
#11727 = AXIS2_PLACEMENT_3D('',#11728,#11729,#11730);
#11728 = CARTESIAN_POINT('',(522.,315.,856.69202404612));
#11729 = DIRECTION('',(0.,1.,-0.));
#11730 = DIRECTION('',(-1.,0.,0.));
#11731 = ORIENTED_EDGE('',*,*,#11732,.T.);
#11732 = EDGE_CURVE('',#11724,#11733,#11735,.T.);
#11733 = VERTEX_POINT('',#11734);
#11734 = CARTESIAN_POINT('',(330.23844774714,315.,1.173667045182E+03));
#11735 = LINE('',#11736,#11737);
#11736 = CARTESIAN_POINT('',(590.41281591571,315.,929.62820586614));
#11737 = VECTOR('',#11738,1.);
#11738 = DIRECTION('',(-0.7293618182,0.,0.684128159157));
#11739 = ORIENTED_EDGE('',*,*,#11740,.F.);
#11740 = EDGE_CURVE('',#11741,#11733,#11743,.T.);
#11741 = VERTEX_POINT('',#11742);
#11742 = CARTESIAN_POINT('',(125.,315.,1.254858499722E+03));
#11743 = CIRCLE('',#11744,300.);
#11744 = AXIS2_PLACEMENT_3D('',#11745,#11746,#11747);
#11745 = CARTESIAN_POINT('',(125.,315.,954.85849972218));
#11746 = DIRECTION('',(0.,1.,-0.));
#11747 = DIRECTION('',(-1.,0.,0.));
#11748 = ORIENTED_EDGE('',*,*,#11749,.T.);
#11749 = EDGE_CURVE('',#11741,#11750,#11752,.T.);
#11750 = VERTEX_POINT('',#11751);
#11751 = CARTESIAN_POINT('',(-125.,315.,1.254858499722E+03));
#11752 = LINE('',#11753,#11754);
#11753 = CARTESIAN_POINT('',(125.,315.,1.254858499722E+03));
#11754 = VECTOR('',#11755,1.);
#11755 = DIRECTION('',(-1.,0.,0.));
#11756 = ORIENTED_EDGE('',*,*,#11757,.F.);
#11757 = EDGE_CURVE('',#11758,#11750,#11760,.T.);
#11758 = VERTEX_POINT('',#11759);
#11759 = CARTESIAN_POINT('',(-330.2384477471,315.,1.173667045182E+03));
#11760 = CIRCLE('',#11761,300.);
#11761 = AXIS2_PLACEMENT_3D('',#11762,#11763,#11764);
#11762 = CARTESIAN_POINT('',(-125.,315.,954.85849972218));
#11763 = DIRECTION('',(0.,1.,-0.));
#11764 = DIRECTION('',(-1.,0.,0.));
#11765 = ORIENTED_EDGE('',*,*,#11766,.T.);
#11766 = EDGE_CURVE('',#11758,#11767,#11769,.T.);
#11767 = VERTEX_POINT('',#11768);
#11768 = CARTESIAN_POINT('',(-590.4128159157,315.,929.62820586614));
#11769 = LINE('',#11770,#11771);
#11770 = CARTESIAN_POINT('',(-330.2384477471,315.,1.173667045182E+03));
#11771 = VECTOR('',#11772,1.);
#11772 = DIRECTION('',(-0.7293618182,0.,-0.684128159157));
#11773 = ORIENTED_EDGE('',*,*,#11774,.F.);
#11774 = EDGE_CURVE('',#11666,#11767,#11775,.T.);
#11775 = CIRCLE('',#11776,100.);
#11776 = AXIS2_PLACEMENT_3D('',#11777,#11778,#11779);
#11777 = CARTESIAN_POINT('',(-521.9999999999,315.,856.69202404612));
#11778 = DIRECTION('',(0.,1.,-0.));
#11779 = DIRECTION('',(-1.,0.,0.));
#11780 = ORIENTED_EDGE('',*,*,#11691,.T.);
#11781 = ORIENTED_EDGE('',*,*,#11782,.T.);
#11782 = EDGE_CURVE('',#11684,#11783,#11785,.T.);
#11783 = VERTEX_POINT('',#11784);
#11784 = CARTESIAN_POINT('',(-582.,315.,-25.));
#11785 = LINE('',#11786,#11787);
#11786 = CARTESIAN_POINT('',(-622.,315.,-25.));
#11787 = VECTOR('',#11788,1.);
#11788 = DIRECTION('',(1.,0.,-2.04E-15));
#11789 = ORIENTED_EDGE('',*,*,#11790,.F.);
#11790 = EDGE_CURVE('',#11791,#11783,#11793,.T.);
#11791 = VERTEX_POINT('',#11792);
#11792 = CARTESIAN_POINT('',(-582.,315.,817.22773338532));
#11793 = LINE('',#11794,#11795);
#11794 = CARTESIAN_POINT('',(-582.,315.,817.22773338532));
#11795 = VECTOR('',#11796,1.);
#11796 = DIRECTION('',(0.,-2.2E-16,-1.));
#11797 = ORIENTED_EDGE('',*,*,#11798,.F.);
#11798 = EDGE_CURVE('',#11799,#11791,#11801,.T.);
#11799 = VERTEX_POINT('',#11800);
#11800 = CARTESIAN_POINT('',(-531.9516242212,315.,903.85818552345));
#11801 = CIRCLE('',#11802,100.);
#11802 = AXIS2_PLACEMENT_3D('',#11803,#11804,#11805);
#11803 = CARTESIAN_POINT('',(-482.,315.,817.22773338532));
#11804 = DIRECTION('',(0.,-1.,0.));
#11805 = DIRECTION('',(1.,0.,0.));
#11806 = ORIENTED_EDGE('',*,*,#11807,.F.);
#11807 = EDGE_CURVE('',#11808,#11799,#11810,.T.);
#11808 = VERTEX_POINT('',#11809);
#11809 = CARTESIAN_POINT('',(-287.4637181659,315.,1.044831338826E+03));
#11810 = LINE('',#11811,#11812);
#11811 = CARTESIAN_POINT('',(-287.4637181659,315.,1.044831338826E+03));
#11812 = VECTOR('',#11813,1.);
#11813 = DIRECTION('',(-0.866304521381,0.,-0.499516242213));
#11814 = ORIENTED_EDGE('',*,*,#11815,.F.);
#11815 = EDGE_CURVE('',#11816,#11808,#11818,.T.);
#11816 = VERTEX_POINT('',#11817);
#11817 = CARTESIAN_POINT('',(-250.,315.,1.054858499722E+03));
#11818 = CIRCLE('',#11819,75.);
#11819 = AXIS2_PLACEMENT_3D('',#11820,#11821,#11822);
#11820 = CARTESIAN_POINT('',(-250.,315.,979.85849972218));
#11821 = DIRECTION('',(0.,-1.,0.));
#11822 = DIRECTION('',(1.,0.,0.));
#11823 = ORIENTED_EDGE('',*,*,#11824,.F.);
#11824 = EDGE_CURVE('',#11825,#11816,#11827,.T.);
#11825 = VERTEX_POINT('',#11826);
#11826 = CARTESIAN_POINT('',(250.,315.,1.054858499722E+03));
#11827 = LINE('',#11828,#11829);
#11828 = CARTESIAN_POINT('',(250.,315.,1.054858499722E+03));
#11829 = VECTOR('',#11830,1.);
#11830 = DIRECTION('',(-1.,0.,0.));
#11831 = ORIENTED_EDGE('',*,*,#11832,.F.);
#11832 = EDGE_CURVE('',#11833,#11825,#11835,.T.);
#11833 = VERTEX_POINT('',#11834);
#11834 = CARTESIAN_POINT('',(287.46371816594,315.,1.044831338826E+03));
#11835 = CIRCLE('',#11836,75.);
#11836 = AXIS2_PLACEMENT_3D('',#11837,#11838,#11839);
#11837 = CARTESIAN_POINT('',(250.,315.,979.85849972218));
#11838 = DIRECTION('',(0.,-1.,0.));
#11839 = DIRECTION('',(1.,0.,0.));
#11840 = ORIENTED_EDGE('',*,*,#11841,.F.);
#11841 = EDGE_CURVE('',#11842,#11833,#11844,.T.);
#11842 = VERTEX_POINT('',#11843);
#11843 = CARTESIAN_POINT('',(531.95162422126,315.,903.85818552346));
#11844 = LINE('',#11845,#11846);
#11845 = CARTESIAN_POINT('',(531.95162422126,315.,903.85818552346));
#11846 = VECTOR('',#11847,1.);
#11847 = DIRECTION('',(-0.866304521381,0.,0.499516242213));
#11848 = ORIENTED_EDGE('',*,*,#11849,.F.);
#11849 = EDGE_CURVE('',#11850,#11842,#11852,.T.);
#11850 = VERTEX_POINT('',#11851);
#11851 = CARTESIAN_POINT('',(582.,315.,817.22773338533));
#11852 = CIRCLE('',#11853,100.);
#11853 = AXIS2_PLACEMENT_3D('',#11854,#11855,#11856);
#11854 = CARTESIAN_POINT('',(482.,315.,817.22773338533));
#11855 = DIRECTION('',(0.,-1.,0.));
#11856 = DIRECTION('',(1.,0.,0.));
#11857 = ORIENTED_EDGE('',*,*,#11858,.F.);
#11858 = EDGE_CURVE('',#11706,#11850,#11859,.T.);
#11859 = LINE('',#11860,#11861);
#11860 = CARTESIAN_POINT('',(582.,315.,-25.));
#11861 = VECTOR('',#11862,1.);
#11862 = DIRECTION('',(0.,0.,1.));
#11863 = FACE_BOUND('',#11864,.F.);
#11864 = EDGE_LOOP('',(#11865));
#11865 = ORIENTED_EDGE('',*,*,#11866,.T.);
#11866 = EDGE_CURVE('',#11867,#11867,#11869,.T.);
#11867 = VERTEX_POINT('',#11868);
#11868 = CARTESIAN_POINT('',(-30.,315.,1.204858499722E+03));
#11869 = CIRCLE('',#11870,30.);
#11870 = AXIS2_PLACEMENT_3D('',#11871,#11872,#11873);
#11871 = CARTESIAN_POINT('',(0.,315.,1.204858499722E+03));
#11872 = DIRECTION('',(0.,1.,-0.));
#11873 = DIRECTION('',(-1.,0.,0.));
#11874 = PLANE('',#11875);
#11875 = AXIS2_PLACEMENT_3D('',#11876,#11877,#11878);
#11876 = CARTESIAN_POINT('',(3.786E-13,315.,709.12151930711));
#11877 = DIRECTION('',(0.,1.,-2.3E-16));
#11878 = DIRECTION('',(0.,2.3E-16,1.));
#11879 = ADVANCED_FACE('',(#11880),#11905,.T.);
#11880 = FACE_BOUND('',#11881,.T.);
#11881 = EDGE_LOOP('',(#11882,#11883,#11891,#11899));
#11882 = ORIENTED_EDGE('',*,*,#11790,.F.);
#11883 = ORIENTED_EDGE('',*,*,#11884,.T.);
#11884 = EDGE_CURVE('',#11791,#11885,#11887,.T.);
#11885 = VERTEX_POINT('',#11886);
#11886 = CARTESIAN_POINT('',(-582.,392.5,817.22773338532));
#11887 = LINE('',#11888,#11889);
#11888 = CARTESIAN_POINT('',(-582.,300.,817.22773338532));
#11889 = VECTOR('',#11890,1.);
#11890 = DIRECTION('',(0.,1.,-2.2E-16));
#11891 = ORIENTED_EDGE('',*,*,#11892,.F.);
#11892 = EDGE_CURVE('',#11893,#11885,#11895,.T.);
#11893 = VERTEX_POINT('',#11894);
#11894 = CARTESIAN_POINT('',(-582.,392.5,-25.));
#11895 = LINE('',#11896,#11897);
#11896 = CARTESIAN_POINT('',(-582.,392.5,-25.));
#11897 = VECTOR('',#11898,1.);
#11898 = DIRECTION('',(0.,2.2E-16,1.));
#11899 = ORIENTED_EDGE('',*,*,#11900,.F.);
#11900 = EDGE_CURVE('',#11783,#11893,#11901,.T.);
#11901 = LINE('',#11902,#11903);
#11902 = CARTESIAN_POINT('',(-582.,300.,-25.));
#11903 = VECTOR('',#11904,1.);
#11904 = DIRECTION('',(0.,1.,-2.2E-16));
#11905 = PLANE('',#11906);
#11906 = AXIS2_PLACEMENT_3D('',#11907,#11908,#11909);
#11907 = CARTESIAN_POINT('',(-582.,300.,817.22773338532));
#11908 = DIRECTION('',(-1.,0.,0.));
#11909 = DIRECTION('',(-0.,-2.2E-16,-1.));
#11910 = ADVANCED_FACE('',(#11911),#11936,.T.);
#11911 = FACE_BOUND('',#11912,.T.);
#11912 = EDGE_LOOP('',(#11913,#11914,#11922,#11930));
#11913 = ORIENTED_EDGE('',*,*,#11858,.F.);
#11914 = ORIENTED_EDGE('',*,*,#11915,.T.);
#11915 = EDGE_CURVE('',#11706,#11916,#11918,.T.);
#11916 = VERTEX_POINT('',#11917);
#11917 = CARTESIAN_POINT('',(582.,392.5,-25.));
#11918 = LINE('',#11919,#11920);
#11919 = CARTESIAN_POINT('',(582.,300.,-25.));
#11920 = VECTOR('',#11921,1.);
#11921 = DIRECTION('',(0.,1.,-2.2E-16));
#11922 = ORIENTED_EDGE('',*,*,#11923,.T.);
#11923 = EDGE_CURVE('',#11916,#11924,#11926,.T.);
#11924 = VERTEX_POINT('',#11925);
#11925 = CARTESIAN_POINT('',(582.,392.5,817.22773338533));
#11926 = LINE('',#11927,#11928);
#11927 = CARTESIAN_POINT('',(582.,392.5,-25.));
#11928 = VECTOR('',#11929,1.);
#11929 = DIRECTION('',(0.,0.,1.));
#11930 = ORIENTED_EDGE('',*,*,#11931,.F.);
#11931 = EDGE_CURVE('',#11850,#11924,#11932,.T.);
#11932 = LINE('',#11933,#11934);
#11933 = CARTESIAN_POINT('',(582.,300.,817.22773338533));
#11934 = VECTOR('',#11935,1.);
#11935 = DIRECTION('',(0.,1.,-2.2E-16));
#11936 = PLANE('',#11937);
#11937 = AXIS2_PLACEMENT_3D('',#11938,#11939,#11940);
#11938 = CARTESIAN_POINT('',(582.,300.,-25.));
#11939 = DIRECTION('',(1.,0.,0.));
#11940 = DIRECTION('',(0.,2.2E-16,1.));
#11941 = ADVANCED_FACE('',(#11942,#12085),#12096,.F.);
#11942 = FACE_BOUND('',#11943,.T.);
#11943 = EDGE_LOOP('',(#11944,#11952,#11960,#11969,#11977,#11986,#11994,
    #12003,#12011,#12018,#12019,#12025,#12026,#12035,#12043,#12052,
    #12060,#12069,#12077,#12084));
#11944 = ORIENTED_EDGE('',*,*,#11945,.T.);
#11945 = EDGE_CURVE('',#11916,#11946,#11948,.T.);
#11946 = VERTEX_POINT('',#11947);
#11947 = CARTESIAN_POINT('',(622.,392.5,-25.));
#11948 = LINE('',#11949,#11950);
#11949 = CARTESIAN_POINT('',(582.,392.5,-25.));
#11950 = VECTOR('',#11951,1.);
#11951 = DIRECTION('',(1.,0.,0.));
#11952 = ORIENTED_EDGE('',*,*,#11953,.T.);
#11953 = EDGE_CURVE('',#11946,#11954,#11956,.T.);
#11954 = VERTEX_POINT('',#11955);
#11955 = CARTESIAN_POINT('',(622.,392.5,856.69202404612));
#11956 = LINE('',#11957,#11958);
#11957 = CARTESIAN_POINT('',(622.,392.5,-25.));
#11958 = VECTOR('',#11959,1.);
#11959 = DIRECTION('',(0.,0.,1.));
#11960 = ORIENTED_EDGE('',*,*,#11961,.F.);
#11961 = EDGE_CURVE('',#11962,#11954,#11964,.T.);
#11962 = VERTEX_POINT('',#11963);
#11963 = CARTESIAN_POINT('',(590.41281591571,392.5,929.62820586614));
#11964 = CIRCLE('',#11965,100.);
#11965 = AXIS2_PLACEMENT_3D('',#11966,#11967,#11968);
#11966 = CARTESIAN_POINT('',(522.,392.5,856.69202404612));
#11967 = DIRECTION('',(0.,1.,-0.));
#11968 = DIRECTION('',(-1.,0.,0.));
#11969 = ORIENTED_EDGE('',*,*,#11970,.T.);
#11970 = EDGE_CURVE('',#11962,#11971,#11973,.T.);
#11971 = VERTEX_POINT('',#11972);
#11972 = CARTESIAN_POINT('',(330.23844774714,392.5,1.173667045182E+03));
#11973 = LINE('',#11974,#11975);
#11974 = CARTESIAN_POINT('',(590.41281591571,392.5,929.62820586614));
#11975 = VECTOR('',#11976,1.);
#11976 = DIRECTION('',(-0.7293618182,0.,0.684128159157));
#11977 = ORIENTED_EDGE('',*,*,#11978,.F.);
#11978 = EDGE_CURVE('',#11979,#11971,#11981,.T.);
#11979 = VERTEX_POINT('',#11980);
#11980 = CARTESIAN_POINT('',(125.,392.5,1.254858499722E+03));
#11981 = CIRCLE('',#11982,300.);
#11982 = AXIS2_PLACEMENT_3D('',#11983,#11984,#11985);
#11983 = CARTESIAN_POINT('',(125.,392.5,954.85849972218));
#11984 = DIRECTION('',(0.,1.,-0.));
#11985 = DIRECTION('',(-1.,0.,0.));
#11986 = ORIENTED_EDGE('',*,*,#11987,.T.);
#11987 = EDGE_CURVE('',#11979,#11988,#11990,.T.);
#11988 = VERTEX_POINT('',#11989);
#11989 = CARTESIAN_POINT('',(-125.,392.5,1.254858499722E+03));
#11990 = LINE('',#11991,#11992);
#11991 = CARTESIAN_POINT('',(125.,392.5,1.254858499722E+03));
#11992 = VECTOR('',#11993,1.);
#11993 = DIRECTION('',(-1.,0.,0.));
#11994 = ORIENTED_EDGE('',*,*,#11995,.F.);
#11995 = EDGE_CURVE('',#11996,#11988,#11998,.T.);
#11996 = VERTEX_POINT('',#11997);
#11997 = CARTESIAN_POINT('',(-330.2384477471,392.5,1.173667045182E+03));
#11998 = CIRCLE('',#11999,300.);
#11999 = AXIS2_PLACEMENT_3D('',#12000,#12001,#12002);
#12000 = CARTESIAN_POINT('',(-125.,392.5,954.85849972218));
#12001 = DIRECTION('',(0.,1.,-0.));
#12002 = DIRECTION('',(-1.,0.,0.));
#12003 = ORIENTED_EDGE('',*,*,#12004,.T.);
#12004 = EDGE_CURVE('',#11996,#12005,#12007,.T.);
#12005 = VERTEX_POINT('',#12006);
#12006 = CARTESIAN_POINT('',(-590.4128159157,392.5,929.62820586614));
#12007 = LINE('',#12008,#12009);
#12008 = CARTESIAN_POINT('',(-330.2384477471,392.5,1.173667045182E+03));
#12009 = VECTOR('',#12010,1.);
#12010 = DIRECTION('',(-0.7293618182,0.,-0.684128159157));
#12011 = ORIENTED_EDGE('',*,*,#12012,.F.);
#12012 = EDGE_CURVE('',#11620,#12005,#12013,.T.);
#12013 = CIRCLE('',#12014,100.);
#12014 = AXIS2_PLACEMENT_3D('',#12015,#12016,#12017);
#12015 = CARTESIAN_POINT('',(-521.9999999999,392.5,856.69202404612));
#12016 = DIRECTION('',(0.,1.,-0.));
#12017 = DIRECTION('',(-1.,0.,0.));
#12018 = ORIENTED_EDGE('',*,*,#11627,.T.);
#12019 = ORIENTED_EDGE('',*,*,#12020,.T.);
#12020 = EDGE_CURVE('',#11628,#11893,#12021,.T.);
#12021 = LINE('',#12022,#12023);
#12022 = CARTESIAN_POINT('',(-622.,392.5,-25.));
#12023 = VECTOR('',#12024,1.);
#12024 = DIRECTION('',(1.,0.,-2.04E-15));
#12025 = ORIENTED_EDGE('',*,*,#11892,.T.);
#12026 = ORIENTED_EDGE('',*,*,#12027,.F.);
#12027 = EDGE_CURVE('',#12028,#11885,#12030,.T.);
#12028 = VERTEX_POINT('',#12029);
#12029 = CARTESIAN_POINT('',(-531.9516242212,392.5,903.85818552345));
#12030 = CIRCLE('',#12031,100.);
#12031 = AXIS2_PLACEMENT_3D('',#12032,#12033,#12034);
#12032 = CARTESIAN_POINT('',(-482.,392.5,817.22773338532));
#12033 = DIRECTION('',(0.,-1.,0.));
#12034 = DIRECTION('',(1.,0.,0.));
#12035 = ORIENTED_EDGE('',*,*,#12036,.F.);
#12036 = EDGE_CURVE('',#12037,#12028,#12039,.T.);
#12037 = VERTEX_POINT('',#12038);
#12038 = CARTESIAN_POINT('',(-287.4637181659,392.5,1.044831338826E+03));
#12039 = LINE('',#12040,#12041);
#12040 = CARTESIAN_POINT('',(-287.4637181659,392.5,1.044831338826E+03));
#12041 = VECTOR('',#12042,1.);
#12042 = DIRECTION('',(-0.866304521381,0.,-0.499516242213));
#12043 = ORIENTED_EDGE('',*,*,#12044,.F.);
#12044 = EDGE_CURVE('',#12045,#12037,#12047,.T.);
#12045 = VERTEX_POINT('',#12046);
#12046 = CARTESIAN_POINT('',(-250.,392.5,1.054858499722E+03));
#12047 = CIRCLE('',#12048,75.);
#12048 = AXIS2_PLACEMENT_3D('',#12049,#12050,#12051);
#12049 = CARTESIAN_POINT('',(-250.,392.5,979.85849972218));
#12050 = DIRECTION('',(0.,-1.,0.));
#12051 = DIRECTION('',(1.,0.,0.));
#12052 = ORIENTED_EDGE('',*,*,#12053,.F.);
#12053 = EDGE_CURVE('',#12054,#12045,#12056,.T.);
#12054 = VERTEX_POINT('',#12055);
#12055 = CARTESIAN_POINT('',(250.,392.5,1.054858499722E+03));
#12056 = LINE('',#12057,#12058);
#12057 = CARTESIAN_POINT('',(250.,392.5,1.054858499722E+03));
#12058 = VECTOR('',#12059,1.);
#12059 = DIRECTION('',(-1.,0.,0.));
#12060 = ORIENTED_EDGE('',*,*,#12061,.F.);
#12061 = EDGE_CURVE('',#12062,#12054,#12064,.T.);
#12062 = VERTEX_POINT('',#12063);
#12063 = CARTESIAN_POINT('',(287.46371816594,392.5,1.044831338826E+03));
#12064 = CIRCLE('',#12065,75.);
#12065 = AXIS2_PLACEMENT_3D('',#12066,#12067,#12068);
#12066 = CARTESIAN_POINT('',(250.,392.5,979.85849972218));
#12067 = DIRECTION('',(0.,-1.,0.));
#12068 = DIRECTION('',(1.,0.,0.));
#12069 = ORIENTED_EDGE('',*,*,#12070,.F.);
#12070 = EDGE_CURVE('',#12071,#12062,#12073,.T.);
#12071 = VERTEX_POINT('',#12072);
#12072 = CARTESIAN_POINT('',(531.95162422126,392.5,903.85818552346));
#12073 = LINE('',#12074,#12075);
#12074 = CARTESIAN_POINT('',(531.95162422126,392.5,903.85818552346));
#12075 = VECTOR('',#12076,1.);
#12076 = DIRECTION('',(-0.866304521381,0.,0.499516242213));
#12077 = ORIENTED_EDGE('',*,*,#12078,.F.);
#12078 = EDGE_CURVE('',#11924,#12071,#12079,.T.);
#12079 = CIRCLE('',#12080,100.);
#12080 = AXIS2_PLACEMENT_3D('',#12081,#12082,#12083);
#12081 = CARTESIAN_POINT('',(482.,392.5,817.22773338533));
#12082 = DIRECTION('',(0.,-1.,0.));
#12083 = DIRECTION('',(1.,0.,0.));
#12084 = ORIENTED_EDGE('',*,*,#11923,.F.);
#12085 = FACE_BOUND('',#12086,.T.);
#12086 = EDGE_LOOP('',(#12087));
#12087 = ORIENTED_EDGE('',*,*,#12088,.T.);
#12088 = EDGE_CURVE('',#12089,#12089,#12091,.T.);
#12089 = VERTEX_POINT('',#12090);
#12090 = CARTESIAN_POINT('',(-30.,392.5,1.204858499722E+03));
#12091 = CIRCLE('',#12092,30.);
#12092 = AXIS2_PLACEMENT_3D('',#12093,#12094,#12095);
#12093 = CARTESIAN_POINT('',(0.,392.5,1.204858499722E+03));
#12094 = DIRECTION('',(0.,1.,-0.));
#12095 = DIRECTION('',(-1.,0.,0.));
#12096 = PLANE('',#12097);
#12097 = AXIS2_PLACEMENT_3D('',#12098,#12099,#12100);
#12098 = CARTESIAN_POINT('',(3.786E-13,392.5,709.12151930711));
#12099 = DIRECTION('',(0.,1.,-2.3E-16));
#12100 = DIRECTION('',(0.,2.3E-16,1.));
#12101 = ADVANCED_FACE('',(#12102),#12113,.T.);
#12102 = FACE_BOUND('',#12103,.T.);
#12103 = EDGE_LOOP('',(#12104,#12105,#12111,#12112));
#12104 = ORIENTED_EDGE('',*,*,#11798,.F.);
#12105 = ORIENTED_EDGE('',*,*,#12106,.T.);
#12106 = EDGE_CURVE('',#11799,#12028,#12107,.T.);
#12107 = LINE('',#12108,#12109);
#12108 = CARTESIAN_POINT('',(-531.9516242212,300.,903.85818552345));
#12109 = VECTOR('',#12110,1.);
#12110 = DIRECTION('',(0.,1.,-2.2E-16));
#12111 = ORIENTED_EDGE('',*,*,#12027,.T.);
#12112 = ORIENTED_EDGE('',*,*,#11884,.F.);
#12113 = CYLINDRICAL_SURFACE('',#12114,100.);
#12114 = AXIS2_PLACEMENT_3D('',#12115,#12116,#12117);
#12115 = CARTESIAN_POINT('',(-482.,300.,817.22773338532));
#12116 = DIRECTION('',(0.,-1.,2.2E-16));
#12117 = DIRECTION('',(1.,0.,0.));
#12118 = ADVANCED_FACE('',(#12119),#12130,.T.);
#12119 = FACE_BOUND('',#12120,.T.);
#12120 = EDGE_LOOP('',(#12121,#12122,#12123,#12129));
#12121 = ORIENTED_EDGE('',*,*,#11348,.F.);
#12122 = ORIENTED_EDGE('',*,*,#10200,.T.);
#12123 = ORIENTED_EDGE('',*,*,#12124,.F.);
#12124 = EDGE_CURVE('',#11636,#10191,#12125,.T.);
#12125 = LINE('',#12126,#12127);
#12126 = CARTESIAN_POINT('',(-622.,407.5,-25.));
#12127 = VECTOR('',#12128,1.);
#12128 = DIRECTION('',(1.,0.,-2.04E-15));
#12129 = ORIENTED_EDGE('',*,*,#11643,.F.);
#12130 = PLANE('',#12131);
#12131 = AXIS2_PLACEMENT_3D('',#12132,#12133,#12134);
#12132 = CARTESIAN_POINT('',(3.786E-13,407.5,709.12151930711));
#12133 = DIRECTION('',(0.,1.,-2.3E-16));
#12134 = DIRECTION('',(0.,2.3E-16,1.));
#12135 = ADVANCED_FACE('',(#12136),#12147,.F.);
#12136 = FACE_BOUND('',#12137,.F.);
#12137 = EDGE_LOOP('',(#12138,#12139,#12145,#12146));
#12138 = ORIENTED_EDGE('',*,*,#10386,.F.);
#12139 = ORIENTED_EDGE('',*,*,#12140,.T.);
#12140 = EDGE_CURVE('',#10387,#10612,#12141,.T.);
#12141 = LINE('',#12142,#12143);
#12142 = CARTESIAN_POINT('',(-622.,500.,856.69202404612));
#12143 = VECTOR('',#12144,1.);
#12144 = DIRECTION('',(0.,-1.,2.2E-16));
#12145 = ORIENTED_EDGE('',*,*,#10611,.T.);
#12146 = ORIENTED_EDGE('',*,*,#11431,.F.);
#12147 = PLANE('',#12148);
#12148 = AXIS2_PLACEMENT_3D('',#12149,#12150,#12151);
#12149 = CARTESIAN_POINT('',(-622.,500.,856.69202404612));
#12150 = DIRECTION('',(1.,0.,0.));
#12151 = DIRECTION('',(0.,-2.2E-16,-1.));
#12152 = ADVANCED_FACE('',(#12153),#12164,.T.);
#12153 = FACE_BOUND('',#12154,.T.);
#12154 = EDGE_LOOP('',(#12155,#12156,#12157,#12163));
#12155 = ORIENTED_EDGE('',*,*,#12140,.T.);
#12156 = ORIENTED_EDGE('',*,*,#10619,.T.);
#12157 = ORIENTED_EDGE('',*,*,#12158,.F.);
#12158 = EDGE_CURVE('',#10395,#10620,#12159,.T.);
#12159 = LINE('',#12160,#12161);
#12160 = CARTESIAN_POINT('',(-590.4128159157,500.,929.62820586614));
#12161 = VECTOR('',#12162,1.);
#12162 = DIRECTION('',(0.,-1.,2.2E-16));
#12163 = ORIENTED_EDGE('',*,*,#10394,.F.);
#12164 = CYLINDRICAL_SURFACE('',#12165,100.);
#12165 = AXIS2_PLACEMENT_3D('',#12166,#12167,#12168);
#12166 = CARTESIAN_POINT('',(-521.9999999999,500.,856.69202404612));
#12167 = DIRECTION('',(0.,1.,-2.2E-16));
#12168 = DIRECTION('',(-1.,0.,0.));
#12169 = ADVANCED_FACE('',(#12170),#12181,.F.);
#12170 = FACE_BOUND('',#12171,.F.);
#12171 = EDGE_LOOP('',(#12172,#12178,#12179,#12180));
#12172 = ORIENTED_EDGE('',*,*,#12173,.T.);
#12173 = EDGE_CURVE('',#10404,#10629,#12174,.T.);
#12174 = LINE('',#12175,#12176);
#12175 = CARTESIAN_POINT('',(-330.2384477471,500.,1.173667045182E+03));
#12176 = VECTOR('',#12177,1.);
#12177 = DIRECTION('',(0.,-1.,2.2E-16));
#12178 = ORIENTED_EDGE('',*,*,#10628,.T.);
#12179 = ORIENTED_EDGE('',*,*,#12158,.F.);
#12180 = ORIENTED_EDGE('',*,*,#10403,.F.);
#12181 = PLANE('',#12182);
#12182 = AXIS2_PLACEMENT_3D('',#12183,#12184,#12185);
#12183 = CARTESIAN_POINT('',(-330.2384477471,500.,1.173667045182E+03));
#12184 = DIRECTION('',(0.684128159157,-1.6E-16,-0.7293618182));
#12185 = DIRECTION('',(-0.7293618182,-1.5E-16,-0.684128159157));
#12186 = ADVANCED_FACE('',(#12187),#12198,.T.);
#12187 = FACE_BOUND('',#12188,.T.);
#12188 = EDGE_LOOP('',(#12189,#12190,#12191,#12197));
#12189 = ORIENTED_EDGE('',*,*,#12173,.T.);
#12190 = ORIENTED_EDGE('',*,*,#10636,.T.);
#12191 = ORIENTED_EDGE('',*,*,#12192,.F.);
#12192 = EDGE_CURVE('',#10412,#10637,#12193,.T.);
#12193 = LINE('',#12194,#12195);
#12194 = CARTESIAN_POINT('',(-125.,500.,1.254858499722E+03));
#12195 = VECTOR('',#12196,1.);
#12196 = DIRECTION('',(0.,-1.,2.2E-16));
#12197 = ORIENTED_EDGE('',*,*,#10411,.F.);
#12198 = CYLINDRICAL_SURFACE('',#12199,300.);
#12199 = AXIS2_PLACEMENT_3D('',#12200,#12201,#12202);
#12200 = CARTESIAN_POINT('',(-125.,500.,954.85849972218));
#12201 = DIRECTION('',(0.,1.,-2.2E-16));
#12202 = DIRECTION('',(-1.,0.,0.));
#12203 = ADVANCED_FACE('',(#12204),#12215,.F.);
#12204 = FACE_BOUND('',#12205,.F.);
#12205 = EDGE_LOOP('',(#12206,#12212,#12213,#12214));
#12206 = ORIENTED_EDGE('',*,*,#12207,.T.);
#12207 = EDGE_CURVE('',#10421,#10646,#12208,.T.);
#12208 = LINE('',#12209,#12210);
#12209 = CARTESIAN_POINT('',(125.,500.,1.254858499722E+03));
#12210 = VECTOR('',#12211,1.);
#12211 = DIRECTION('',(0.,-1.,2.2E-16));
#12212 = ORIENTED_EDGE('',*,*,#10645,.T.);
#12213 = ORIENTED_EDGE('',*,*,#12192,.F.);
#12214 = ORIENTED_EDGE('',*,*,#10420,.F.);
#12215 = PLANE('',#12216);
#12216 = AXIS2_PLACEMENT_3D('',#12217,#12218,#12219);
#12217 = CARTESIAN_POINT('',(125.,500.,1.254858499722E+03));
#12218 = DIRECTION('',(-0.,-2.2E-16,-1.));
#12219 = DIRECTION('',(-1.,0.,0.));
#12220 = ADVANCED_FACE('',(#12221),#12232,.T.);
#12221 = FACE_BOUND('',#12222,.T.);
#12222 = EDGE_LOOP('',(#12223,#12224,#12225,#12231));
#12223 = ORIENTED_EDGE('',*,*,#12207,.T.);
#12224 = ORIENTED_EDGE('',*,*,#10653,.T.);
#12225 = ORIENTED_EDGE('',*,*,#12226,.F.);
#12226 = EDGE_CURVE('',#10429,#10654,#12227,.T.);
#12227 = LINE('',#12228,#12229);
#12228 = CARTESIAN_POINT('',(330.23844774714,500.,1.173667045182E+03));
#12229 = VECTOR('',#12230,1.);
#12230 = DIRECTION('',(0.,-1.,2.2E-16));
#12231 = ORIENTED_EDGE('',*,*,#10428,.F.);
#12232 = CYLINDRICAL_SURFACE('',#12233,300.);
#12233 = AXIS2_PLACEMENT_3D('',#12234,#12235,#12236);
#12234 = CARTESIAN_POINT('',(125.,500.,954.85849972218));
#12235 = DIRECTION('',(0.,1.,-2.2E-16));
#12236 = DIRECTION('',(-1.,0.,0.));
#12237 = ADVANCED_FACE('',(#12238),#12249,.F.);
#12238 = FACE_BOUND('',#12239,.F.);
#12239 = EDGE_LOOP('',(#12240,#12246,#12247,#12248));
#12240 = ORIENTED_EDGE('',*,*,#12241,.T.);
#12241 = EDGE_CURVE('',#10438,#10663,#12242,.T.);
#12242 = LINE('',#12243,#12244);
#12243 = CARTESIAN_POINT('',(590.41281591571,500.,929.62820586614));
#12244 = VECTOR('',#12245,1.);
#12245 = DIRECTION('',(0.,-1.,2.2E-16));
#12246 = ORIENTED_EDGE('',*,*,#10662,.T.);
#12247 = ORIENTED_EDGE('',*,*,#12226,.F.);
#12248 = ORIENTED_EDGE('',*,*,#10437,.F.);
#12249 = PLANE('',#12250);
#12250 = AXIS2_PLACEMENT_3D('',#12251,#12252,#12253);
#12251 = CARTESIAN_POINT('',(590.41281591571,500.,929.62820586614));
#12252 = DIRECTION('',(-0.684128159157,-1.6E-16,-0.7293618182));
#12253 = DIRECTION('',(-0.7293618182,1.5E-16,0.684128159157));
#12254 = ADVANCED_FACE('',(#12255),#12261,.T.);
#12255 = FACE_BOUND('',#12256,.T.);
#12256 = EDGE_LOOP('',(#12257,#12258,#12259,#12260));
#12257 = ORIENTED_EDGE('',*,*,#12241,.T.);
#12258 = ORIENTED_EDGE('',*,*,#10670,.T.);
#12259 = ORIENTED_EDGE('',*,*,#10504,.F.);
#12260 = ORIENTED_EDGE('',*,*,#10445,.F.);
#12261 = CYLINDRICAL_SURFACE('',#12262,100.);
#12262 = AXIS2_PLACEMENT_3D('',#12263,#12264,#12265);
#12263 = CARTESIAN_POINT('',(522.,500.,856.69202404612));
#12264 = DIRECTION('',(0.,1.,-2.2E-16));
#12265 = DIRECTION('',(-1.,0.,0.));
#12266 = ADVANCED_FACE('',(#12267),#12278,.F.);
#12267 = FACE_BOUND('',#12268,.F.);
#12268 = EDGE_LOOP('',(#12269,#12275,#12276,#12277));
#12269 = ORIENTED_EDGE('',*,*,#12270,.T.);
#12270 = EDGE_CURVE('',#10472,#10681,#12271,.T.);
#12271 = LINE('',#12272,#12273);
#12272 = CARTESIAN_POINT('',(-30.,500.,1.204858499722E+03));
#12273 = VECTOR('',#12274,1.);
#12274 = DIRECTION('',(0.,-1.,2.2E-16));
#12275 = ORIENTED_EDGE('',*,*,#10680,.T.);
#12276 = ORIENTED_EDGE('',*,*,#12270,.F.);
#12277 = ORIENTED_EDGE('',*,*,#10471,.F.);
#12278 = CYLINDRICAL_SURFACE('',#12279,30.);
#12279 = AXIS2_PLACEMENT_3D('',#12280,#12281,#12282);
#12280 = CARTESIAN_POINT('',(0.,500.,1.204858499722E+03));
#12281 = DIRECTION('',(0.,1.,-2.2E-16));
#12282 = DIRECTION('',(-1.,0.,0.));
#12283 = ADVANCED_FACE('',(#12284),#12302,.T.);
#12284 = FACE_BOUND('',#12285,.T.);
#12285 = EDGE_LOOP('',(#12286,#12294,#12300,#12301));
#12286 = ORIENTED_EDGE('',*,*,#12287,.F.);
#12287 = EDGE_CURVE('',#12288,#11391,#12290,.T.);
#12288 = VERTEX_POINT('',#12289);
#12289 = CARTESIAN_POINT('',(-582.,407.5,817.22773338532));
#12290 = LINE('',#12291,#12292);
#12291 = CARTESIAN_POINT('',(-582.,407.5,817.22773338532));
#12292 = VECTOR('',#12293,1.);
#12293 = DIRECTION('',(0.,-2.2E-16,-1.));
#12294 = ORIENTED_EDGE('',*,*,#12295,.T.);
#12295 = EDGE_CURVE('',#12288,#10587,#12296,.T.);
#12296 = LINE('',#12297,#12298);
#12297 = CARTESIAN_POINT('',(-582.,300.,817.22773338532));
#12298 = VECTOR('',#12299,1.);
#12299 = DIRECTION('',(0.,1.,-2.2E-16));
#12300 = ORIENTED_EDGE('',*,*,#10595,.F.);
#12301 = ORIENTED_EDGE('',*,*,#11390,.F.);
#12302 = PLANE('',#12303);
#12303 = AXIS2_PLACEMENT_3D('',#12304,#12305,#12306);
#12304 = CARTESIAN_POINT('',(-582.,300.,817.22773338532));
#12305 = DIRECTION('',(-1.,0.,0.));
#12306 = DIRECTION('',(-0.,-2.2E-16,-1.));
#12307 = ADVANCED_FACE('',(#12308),#12327,.T.);
#12308 = FACE_BOUND('',#12309,.T.);
#12309 = EDGE_LOOP('',(#12310,#12319,#12325,#12326));
#12310 = ORIENTED_EDGE('',*,*,#12311,.F.);
#12311 = EDGE_CURVE('',#12312,#12288,#12314,.T.);
#12312 = VERTEX_POINT('',#12313);
#12313 = CARTESIAN_POINT('',(-531.9516242212,407.5,903.85818552345));
#12314 = CIRCLE('',#12315,100.);
#12315 = AXIS2_PLACEMENT_3D('',#12316,#12317,#12318);
#12316 = CARTESIAN_POINT('',(-482.,407.5,817.22773338532));
#12317 = DIRECTION('',(0.,-1.,0.));
#12318 = DIRECTION('',(1.,0.,0.));
#12319 = ORIENTED_EDGE('',*,*,#12320,.T.);
#12320 = EDGE_CURVE('',#12312,#10579,#12321,.T.);
#12321 = LINE('',#12322,#12323);
#12322 = CARTESIAN_POINT('',(-531.9516242212,300.,903.85818552345));
#12323 = VECTOR('',#12324,1.);
#12324 = DIRECTION('',(0.,1.,-2.2E-16));
#12325 = ORIENTED_EDGE('',*,*,#10586,.T.);
#12326 = ORIENTED_EDGE('',*,*,#12295,.F.);
#12327 = CYLINDRICAL_SURFACE('',#12328,100.);
#12328 = AXIS2_PLACEMENT_3D('',#12329,#12330,#12331);
#12329 = CARTESIAN_POINT('',(-482.,300.,817.22773338532));
#12330 = DIRECTION('',(0.,-1.,2.2E-16));
#12331 = DIRECTION('',(1.,0.,0.));
#12332 = ADVANCED_FACE('',(#12333),#12351,.T.);
#12333 = FACE_BOUND('',#12334,.T.);
#12334 = EDGE_LOOP('',(#12335,#12343,#12349,#12350));
#12335 = ORIENTED_EDGE('',*,*,#12336,.F.);
#12336 = EDGE_CURVE('',#12337,#12312,#12339,.T.);
#12337 = VERTEX_POINT('',#12338);
#12338 = CARTESIAN_POINT('',(-287.4637181659,407.5,1.044831338826E+03));
#12339 = LINE('',#12340,#12341);
#12340 = CARTESIAN_POINT('',(-287.4637181659,407.5,1.044831338826E+03));
#12341 = VECTOR('',#12342,1.);
#12342 = DIRECTION('',(-0.866304521381,0.,-0.499516242213));
#12343 = ORIENTED_EDGE('',*,*,#12344,.T.);
#12344 = EDGE_CURVE('',#12337,#10570,#12345,.T.);
#12345 = LINE('',#12346,#12347);
#12346 = CARTESIAN_POINT('',(-287.4637181659,300.,1.044831338826E+03));
#12347 = VECTOR('',#12348,1.);
#12348 = DIRECTION('',(0.,1.,-2.2E-16));
#12349 = ORIENTED_EDGE('',*,*,#10578,.T.);
#12350 = ORIENTED_EDGE('',*,*,#12320,.F.);
#12351 = PLANE('',#12352);
#12352 = AXIS2_PLACEMENT_3D('',#12353,#12354,#12355);
#12353 = CARTESIAN_POINT('',(-287.4637181659,300.,1.044831338826E+03));
#12354 = DIRECTION('',(-0.499516242213,1.9E-16,0.866304521381));
#12355 = DIRECTION('',(-0.866304521381,-1.1E-16,-0.499516242213));
#12356 = ADVANCED_FACE('',(#12357),#12376,.T.);
#12357 = FACE_BOUND('',#12358,.T.);
#12358 = EDGE_LOOP('',(#12359,#12368,#12374,#12375));
#12359 = ORIENTED_EDGE('',*,*,#12360,.F.);
#12360 = EDGE_CURVE('',#12361,#12337,#12363,.T.);
#12361 = VERTEX_POINT('',#12362);
#12362 = CARTESIAN_POINT('',(-250.,407.5,1.054858499722E+03));
#12363 = CIRCLE('',#12364,75.);
#12364 = AXIS2_PLACEMENT_3D('',#12365,#12366,#12367);
#12365 = CARTESIAN_POINT('',(-250.,407.5,979.85849972218));
#12366 = DIRECTION('',(0.,-1.,0.));
#12367 = DIRECTION('',(1.,0.,0.));
#12368 = ORIENTED_EDGE('',*,*,#12369,.T.);
#12369 = EDGE_CURVE('',#12361,#10562,#12370,.T.);
#12370 = LINE('',#12371,#12372);
#12371 = CARTESIAN_POINT('',(-250.,300.,1.054858499722E+03));
#12372 = VECTOR('',#12373,1.);
#12373 = DIRECTION('',(0.,1.,-2.2E-16));
#12374 = ORIENTED_EDGE('',*,*,#10569,.T.);
#12375 = ORIENTED_EDGE('',*,*,#12344,.F.);
#12376 = CYLINDRICAL_SURFACE('',#12377,75.);
#12377 = AXIS2_PLACEMENT_3D('',#12378,#12379,#12380);
#12378 = CARTESIAN_POINT('',(-250.,300.,979.85849972218));
#12379 = DIRECTION('',(0.,-1.,2.2E-16));
#12380 = DIRECTION('',(1.,0.,0.));
#12381 = ADVANCED_FACE('',(#12382),#12400,.T.);
#12382 = FACE_BOUND('',#12383,.T.);
#12383 = EDGE_LOOP('',(#12384,#12392,#12398,#12399));
#12384 = ORIENTED_EDGE('',*,*,#12385,.F.);
#12385 = EDGE_CURVE('',#12386,#12361,#12388,.T.);
#12386 = VERTEX_POINT('',#12387);
#12387 = CARTESIAN_POINT('',(250.,407.5,1.054858499722E+03));
#12388 = LINE('',#12389,#12390);
#12389 = CARTESIAN_POINT('',(250.,407.5,1.054858499722E+03));
#12390 = VECTOR('',#12391,1.);
#12391 = DIRECTION('',(-1.,0.,0.));
#12392 = ORIENTED_EDGE('',*,*,#12393,.T.);
#12393 = EDGE_CURVE('',#12386,#10553,#12394,.T.);
#12394 = LINE('',#12395,#12396);
#12395 = CARTESIAN_POINT('',(250.,300.,1.054858499722E+03));
#12396 = VECTOR('',#12397,1.);
#12397 = DIRECTION('',(0.,1.,-2.2E-16));
#12398 = ORIENTED_EDGE('',*,*,#10561,.T.);
#12399 = ORIENTED_EDGE('',*,*,#12369,.F.);
#12400 = PLANE('',#12401);
#12401 = AXIS2_PLACEMENT_3D('',#12402,#12403,#12404);
#12402 = CARTESIAN_POINT('',(250.,300.,1.054858499722E+03));
#12403 = DIRECTION('',(0.,2.2E-16,1.));
#12404 = DIRECTION('',(-1.,0.,0.));
#12405 = ADVANCED_FACE('',(#12406),#12425,.T.);
#12406 = FACE_BOUND('',#12407,.T.);
#12407 = EDGE_LOOP('',(#12408,#12417,#12423,#12424));
#12408 = ORIENTED_EDGE('',*,*,#12409,.F.);
#12409 = EDGE_CURVE('',#12410,#12386,#12412,.T.);
#12410 = VERTEX_POINT('',#12411);
#12411 = CARTESIAN_POINT('',(287.46371816594,407.5,1.044831338826E+03));
#12412 = CIRCLE('',#12413,75.);
#12413 = AXIS2_PLACEMENT_3D('',#12414,#12415,#12416);
#12414 = CARTESIAN_POINT('',(250.,407.5,979.85849972218));
#12415 = DIRECTION('',(0.,-1.,0.));
#12416 = DIRECTION('',(1.,0.,0.));
#12417 = ORIENTED_EDGE('',*,*,#12418,.T.);
#12418 = EDGE_CURVE('',#12410,#10545,#12419,.T.);
#12419 = LINE('',#12420,#12421);
#12420 = CARTESIAN_POINT('',(287.46371816594,300.,1.044831338826E+03));
#12421 = VECTOR('',#12422,1.);
#12422 = DIRECTION('',(0.,1.,-2.2E-16));
#12423 = ORIENTED_EDGE('',*,*,#10552,.T.);
#12424 = ORIENTED_EDGE('',*,*,#12393,.F.);
#12425 = CYLINDRICAL_SURFACE('',#12426,75.);
#12426 = AXIS2_PLACEMENT_3D('',#12427,#12428,#12429);
#12427 = CARTESIAN_POINT('',(250.,300.,979.85849972218));
#12428 = DIRECTION('',(0.,-1.,2.2E-16));
#12429 = DIRECTION('',(1.,0.,0.));
#12430 = ADVANCED_FACE('',(#12431),#12449,.T.);
#12431 = FACE_BOUND('',#12432,.T.);
#12432 = EDGE_LOOP('',(#12433,#12441,#12447,#12448));
#12433 = ORIENTED_EDGE('',*,*,#12434,.F.);
#12434 = EDGE_CURVE('',#12435,#12410,#12437,.T.);
#12435 = VERTEX_POINT('',#12436);
#12436 = CARTESIAN_POINT('',(531.95162422126,407.5,903.85818552346));
#12437 = LINE('',#12438,#12439);
#12438 = CARTESIAN_POINT('',(531.95162422126,407.5,903.85818552346));
#12439 = VECTOR('',#12440,1.);
#12440 = DIRECTION('',(-0.866304521381,0.,0.499516242213));
#12441 = ORIENTED_EDGE('',*,*,#12442,.T.);
#12442 = EDGE_CURVE('',#12435,#10536,#12443,.T.);
#12443 = LINE('',#12444,#12445);
#12444 = CARTESIAN_POINT('',(531.95162422126,300.,903.85818552346));
#12445 = VECTOR('',#12446,1.);
#12446 = DIRECTION('',(0.,1.,-2.2E-16));
#12447 = ORIENTED_EDGE('',*,*,#10544,.T.);
#12448 = ORIENTED_EDGE('',*,*,#12418,.F.);
#12449 = PLANE('',#12450);
#12450 = AXIS2_PLACEMENT_3D('',#12451,#12452,#12453);
#12451 = CARTESIAN_POINT('',(531.95162422126,300.,903.85818552346));
#12452 = DIRECTION('',(0.499516242213,1.9E-16,0.866304521381));
#12453 = DIRECTION('',(-0.866304521381,1.1E-16,0.499516242213));
#12454 = ADVANCED_FACE('',(#12455),#12467,.T.);
#12455 = FACE_BOUND('',#12456,.T.);
#12456 = EDGE_LOOP('',(#12457,#12464,#12465,#12466));
#12457 = ORIENTED_EDGE('',*,*,#12458,.F.);
#12458 = EDGE_CURVE('',#10700,#12435,#12459,.T.);
#12459 = CIRCLE('',#12460,100.);
#12460 = AXIS2_PLACEMENT_3D('',#12461,#12462,#12463);
#12461 = CARTESIAN_POINT('',(482.,407.5,817.22773338533));
#12462 = DIRECTION('',(0.,-1.,0.));
#12463 = DIRECTION('',(1.,0.,0.));
#12464 = ORIENTED_EDGE('',*,*,#10714,.T.);
#12465 = ORIENTED_EDGE('',*,*,#10535,.T.);
#12466 = ORIENTED_EDGE('',*,*,#12442,.F.);
#12467 = CYLINDRICAL_SURFACE('',#12468,100.);
#12468 = AXIS2_PLACEMENT_3D('',#12469,#12470,#12471);
#12469 = CARTESIAN_POINT('',(482.,300.,817.22773338533));
#12470 = DIRECTION('',(0.,-1.,2.2E-16));
#12471 = DIRECTION('',(1.,0.,0.));
#12472 = ADVANCED_FACE('',(#12473),#12498,.F.);
#12473 = FACE_BOUND('',#12474,.F.);
#12474 = EDGE_LOOP('',(#12475,#12483,#12491,#12497));
#12475 = ORIENTED_EDGE('',*,*,#12476,.T.);
#12476 = EDGE_CURVE('',#11708,#12477,#12479,.T.);
#12477 = VERTEX_POINT('',#12478);
#12478 = CARTESIAN_POINT('',(622.,300.,-25.));
#12479 = LINE('',#12480,#12481);
#12480 = CARTESIAN_POINT('',(622.,315.,-25.));
#12481 = VECTOR('',#12482,1.);
#12482 = DIRECTION('',(0.,-1.,2.2E-16));
#12483 = ORIENTED_EDGE('',*,*,#12484,.T.);
#12484 = EDGE_CURVE('',#12477,#12485,#12487,.T.);
#12485 = VERTEX_POINT('',#12486);
#12486 = CARTESIAN_POINT('',(622.,300.,856.69202404612));
#12487 = LINE('',#12488,#12489);
#12488 = CARTESIAN_POINT('',(622.,300.,-25.));
#12489 = VECTOR('',#12490,1.);
#12490 = DIRECTION('',(0.,0.,1.));
#12491 = ORIENTED_EDGE('',*,*,#12492,.F.);
#12492 = EDGE_CURVE('',#11716,#12485,#12493,.T.);
#12493 = LINE('',#12494,#12495);
#12494 = CARTESIAN_POINT('',(622.,315.,856.69202404612));
#12495 = VECTOR('',#12496,1.);
#12496 = DIRECTION('',(0.,-1.,2.2E-16));
#12497 = ORIENTED_EDGE('',*,*,#11715,.F.);
#12498 = PLANE('',#12499);
#12499 = AXIS2_PLACEMENT_3D('',#12500,#12501,#12502);
#12500 = CARTESIAN_POINT('',(622.,315.,-25.));
#12501 = DIRECTION('',(-1.,0.,0.));
#12502 = DIRECTION('',(0.,2.2E-16,1.));
#12503 = ADVANCED_FACE('',(#12504),#12515,.T.);
#12504 = FACE_BOUND('',#12505,.T.);
#12505 = EDGE_LOOP('',(#12506,#12507,#12508,#12509));
#12506 = ORIENTED_EDGE('',*,*,#11849,.F.);
#12507 = ORIENTED_EDGE('',*,*,#11931,.T.);
#12508 = ORIENTED_EDGE('',*,*,#12078,.T.);
#12509 = ORIENTED_EDGE('',*,*,#12510,.F.);
#12510 = EDGE_CURVE('',#11842,#12071,#12511,.T.);
#12511 = LINE('',#12512,#12513);
#12512 = CARTESIAN_POINT('',(531.95162422126,300.,903.85818552346));
#12513 = VECTOR('',#12514,1.);
#12514 = DIRECTION('',(0.,1.,-2.2E-16));
#12515 = CYLINDRICAL_SURFACE('',#12516,100.);
#12516 = AXIS2_PLACEMENT_3D('',#12517,#12518,#12519);
#12517 = CARTESIAN_POINT('',(482.,300.,817.22773338533));
#12518 = DIRECTION('',(0.,-1.,2.2E-16));
#12519 = DIRECTION('',(1.,0.,0.));
#12520 = ADVANCED_FACE('',(#12521),#12546,.F.);
#12521 = FACE_BOUND('',#12522,.F.);
#12522 = EDGE_LOOP('',(#12523,#12531,#12532,#12540));
#12523 = ORIENTED_EDGE('',*,*,#12524,.T.);
#12524 = EDGE_CURVE('',#12525,#11946,#12527,.T.);
#12525 = VERTEX_POINT('',#12526);
#12526 = CARTESIAN_POINT('',(622.,407.5,-25.));
#12527 = LINE('',#12528,#12529);
#12528 = CARTESIAN_POINT('',(622.,407.5,-25.));
#12529 = VECTOR('',#12530,1.);
#12530 = DIRECTION('',(0.,-1.,2.2E-16));
#12531 = ORIENTED_EDGE('',*,*,#11953,.T.);
#12532 = ORIENTED_EDGE('',*,*,#12533,.F.);
#12533 = EDGE_CURVE('',#12534,#11954,#12536,.T.);
#12534 = VERTEX_POINT('',#12535);
#12535 = CARTESIAN_POINT('',(622.,407.5,856.69202404612));
#12536 = LINE('',#12537,#12538);
#12537 = CARTESIAN_POINT('',(622.,407.5,856.69202404612));
#12538 = VECTOR('',#12539,1.);
#12539 = DIRECTION('',(0.,-1.,2.2E-16));
#12540 = ORIENTED_EDGE('',*,*,#12541,.F.);
#12541 = EDGE_CURVE('',#12525,#12534,#12542,.T.);
#12542 = LINE('',#12543,#12544);
#12543 = CARTESIAN_POINT('',(622.,407.5,-25.));
#12544 = VECTOR('',#12545,1.);
#12545 = DIRECTION('',(0.,0.,1.));
#12546 = PLANE('',#12547);
#12547 = AXIS2_PLACEMENT_3D('',#12548,#12549,#12550);
#12548 = CARTESIAN_POINT('',(622.,407.5,-25.));
#12549 = DIRECTION('',(-1.,0.,0.));
#12550 = DIRECTION('',(0.,2.2E-16,1.));
#12551 = ADVANCED_FACE('',(#12552,#12630),#12641,.T.);
#12552 = FACE_BOUND('',#12553,.T.);
#12553 = EDGE_LOOP('',(#12554,#12560,#12561,#12562,#12563,#12564,#12565,
    #12566,#12567,#12568,#12569,#12570,#12571,#12580,#12588,#12597,
    #12605,#12614,#12622,#12629));
#12554 = ORIENTED_EDGE('',*,*,#12555,.F.);
#12555 = EDGE_CURVE('',#10698,#12525,#12556,.T.);
#12556 = LINE('',#12557,#12558);
#12557 = CARTESIAN_POINT('',(582.,407.5,-25.));
#12558 = VECTOR('',#12559,1.);
#12559 = DIRECTION('',(1.,0.,0.));
#12560 = ORIENTED_EDGE('',*,*,#10697,.T.);
#12561 = ORIENTED_EDGE('',*,*,#12458,.T.);
#12562 = ORIENTED_EDGE('',*,*,#12434,.T.);
#12563 = ORIENTED_EDGE('',*,*,#12409,.T.);
#12564 = ORIENTED_EDGE('',*,*,#12385,.T.);
#12565 = ORIENTED_EDGE('',*,*,#12360,.T.);
#12566 = ORIENTED_EDGE('',*,*,#12336,.T.);
#12567 = ORIENTED_EDGE('',*,*,#12311,.T.);
#12568 = ORIENTED_EDGE('',*,*,#12287,.T.);
#12569 = ORIENTED_EDGE('',*,*,#11398,.F.);
#12570 = ORIENTED_EDGE('',*,*,#11611,.F.);
#12571 = ORIENTED_EDGE('',*,*,#12572,.T.);
#12572 = EDGE_CURVE('',#11612,#12573,#12575,.T.);
#12573 = VERTEX_POINT('',#12574);
#12574 = CARTESIAN_POINT('',(-590.4128159157,407.5,929.62820586614));
#12575 = CIRCLE('',#12576,100.);
#12576 = AXIS2_PLACEMENT_3D('',#12577,#12578,#12579);
#12577 = CARTESIAN_POINT('',(-521.9999999999,407.5,856.69202404612));
#12578 = DIRECTION('',(0.,1.,-0.));
#12579 = DIRECTION('',(-1.,0.,0.));
#12580 = ORIENTED_EDGE('',*,*,#12581,.F.);
#12581 = EDGE_CURVE('',#12582,#12573,#12584,.T.);
#12582 = VERTEX_POINT('',#12583);
#12583 = CARTESIAN_POINT('',(-330.2384477471,407.5,1.173667045182E+03));
#12584 = LINE('',#12585,#12586);
#12585 = CARTESIAN_POINT('',(-330.2384477471,407.5,1.173667045182E+03));
#12586 = VECTOR('',#12587,1.);
#12587 = DIRECTION('',(-0.7293618182,0.,-0.684128159157));
#12588 = ORIENTED_EDGE('',*,*,#12589,.T.);
#12589 = EDGE_CURVE('',#12582,#12590,#12592,.T.);
#12590 = VERTEX_POINT('',#12591);
#12591 = CARTESIAN_POINT('',(-125.,407.5,1.254858499722E+03));
#12592 = CIRCLE('',#12593,300.);
#12593 = AXIS2_PLACEMENT_3D('',#12594,#12595,#12596);
#12594 = CARTESIAN_POINT('',(-125.,407.5,954.85849972218));
#12595 = DIRECTION('',(0.,1.,-0.));
#12596 = DIRECTION('',(-1.,0.,0.));
#12597 = ORIENTED_EDGE('',*,*,#12598,.F.);
#12598 = EDGE_CURVE('',#12599,#12590,#12601,.T.);
#12599 = VERTEX_POINT('',#12600);
#12600 = CARTESIAN_POINT('',(125.,407.5,1.254858499722E+03));
#12601 = LINE('',#12602,#12603);
#12602 = CARTESIAN_POINT('',(125.,407.5,1.254858499722E+03));
#12603 = VECTOR('',#12604,1.);
#12604 = DIRECTION('',(-1.,0.,0.));
#12605 = ORIENTED_EDGE('',*,*,#12606,.T.);
#12606 = EDGE_CURVE('',#12599,#12607,#12609,.T.);
#12607 = VERTEX_POINT('',#12608);
#12608 = CARTESIAN_POINT('',(330.23844774714,407.5,1.173667045182E+03));
#12609 = CIRCLE('',#12610,300.);
#12610 = AXIS2_PLACEMENT_3D('',#12611,#12612,#12613);
#12611 = CARTESIAN_POINT('',(125.,407.5,954.85849972218));
#12612 = DIRECTION('',(0.,1.,-0.));
#12613 = DIRECTION('',(-1.,0.,0.));
#12614 = ORIENTED_EDGE('',*,*,#12615,.F.);
#12615 = EDGE_CURVE('',#12616,#12607,#12618,.T.);
#12616 = VERTEX_POINT('',#12617);
#12617 = CARTESIAN_POINT('',(590.41281591571,407.5,929.62820586614));
#12618 = LINE('',#12619,#12620);
#12619 = CARTESIAN_POINT('',(590.41281591571,407.5,929.62820586614));
#12620 = VECTOR('',#12621,1.);
#12621 = DIRECTION('',(-0.7293618182,0.,0.684128159157));
#12622 = ORIENTED_EDGE('',*,*,#12623,.T.);
#12623 = EDGE_CURVE('',#12616,#12534,#12624,.T.);
#12624 = CIRCLE('',#12625,100.);
#12625 = AXIS2_PLACEMENT_3D('',#12626,#12627,#12628);
#12626 = CARTESIAN_POINT('',(522.,407.5,856.69202404612));
#12627 = DIRECTION('',(0.,1.,-0.));
#12628 = DIRECTION('',(-1.,0.,0.));
#12629 = ORIENTED_EDGE('',*,*,#12541,.F.);
#12630 = FACE_BOUND('',#12631,.T.);
#12631 = EDGE_LOOP('',(#12632));
#12632 = ORIENTED_EDGE('',*,*,#12633,.F.);
#12633 = EDGE_CURVE('',#12634,#12634,#12636,.T.);
#12634 = VERTEX_POINT('',#12635);
#12635 = CARTESIAN_POINT('',(-30.,407.5,1.204858499722E+03));
#12636 = CIRCLE('',#12637,30.);
#12637 = AXIS2_PLACEMENT_3D('',#12638,#12639,#12640);
#12638 = CARTESIAN_POINT('',(0.,407.5,1.204858499722E+03));
#12639 = DIRECTION('',(0.,1.,-0.));
#12640 = DIRECTION('',(-1.,0.,0.));
#12641 = PLANE('',#12642);
#12642 = AXIS2_PLACEMENT_3D('',#12643,#12644,#12645);
#12643 = CARTESIAN_POINT('',(3.786E-13,407.5,709.12151930711));
#12644 = DIRECTION('',(0.,1.,-2.3E-16));
#12645 = DIRECTION('',(0.,2.3E-16,1.));
#12646 = ADVANCED_FACE('',(#12647,#12658),#12661,.F.);
#12647 = FACE_BOUND('',#12648,.F.);
#12648 = EDGE_LOOP('',(#12649));
#12649 = ORIENTED_EDGE('',*,*,#12650,.T.);
#12650 = EDGE_CURVE('',#12651,#12651,#12653,.T.);
#12651 = VERTEX_POINT('',#12652);
#12652 = CARTESIAN_POINT('',(270.,0.,304.));
#12653 = CIRCLE('',#12654,270.);
#12654 = AXIS2_PLACEMENT_3D('',#12655,#12656,#12657);
#12655 = CARTESIAN_POINT('',(0.,0.,304.));
#12656 = DIRECTION('',(0.,0.,1.));
#12657 = DIRECTION('',(1.,0.,0.));
#12658 = FACE_BOUND('',#12659,.F.);
#12659 = EDGE_LOOP('',(#12660));
#12660 = ORIENTED_EDGE('',*,*,#10828,.F.);
#12661 = PLANE('',#12662);
#12662 = AXIS2_PLACEMENT_3D('',#12663,#12664,#12665);
#12663 = CARTESIAN_POINT('',(-4.73E-15,8.36E-15,304.));
#12664 = DIRECTION('',(0.,0.,1.));
#12665 = DIRECTION('',(1.,0.,0.));
#12666 = ADVANCED_FACE('',(#12667,#12670),#12681,.T.);
#12667 = FACE_BOUND('',#12668,.T.);
#12668 = EDGE_LOOP('',(#12669));
#12669 = ORIENTED_EDGE('',*,*,#10853,.T.);
#12670 = FACE_BOUND('',#12671,.T.);
#12671 = EDGE_LOOP('',(#12672));
#12672 = ORIENTED_EDGE('',*,*,#12673,.F.);
#12673 = EDGE_CURVE('',#12674,#12674,#12676,.T.);
#12674 = VERTEX_POINT('',#12675);
#12675 = CARTESIAN_POINT('',(125.,607.5,340.));
#12676 = CIRCLE('',#12677,125.);
#12677 = AXIS2_PLACEMENT_3D('',#12678,#12679,#12680);
#12678 = CARTESIAN_POINT('',(0.,607.5,340.));
#12679 = DIRECTION('',(0.,0.,1.));
#12680 = DIRECTION('',(1.,0.,0.));
#12681 = PLANE('',#12682);
#12682 = AXIS2_PLACEMENT_3D('',#12683,#12684,#12685);
#12683 = CARTESIAN_POINT('',(-5.74E-15,524.16666666666,340.));
#12684 = DIRECTION('',(0.,0.,1.));
#12685 = DIRECTION('',(1.,0.,0.));
#12686 = ADVANCED_FACE('',(#12687,#12690),#12701,.T.);
#12687 = FACE_BOUND('',#12688,.T.);
#12688 = EDGE_LOOP('',(#12689));
#12689 = ORIENTED_EDGE('',*,*,#10878,.T.);
#12690 = FACE_BOUND('',#12691,.T.);
#12691 = EDGE_LOOP('',(#12692));
#12692 = ORIENTED_EDGE('',*,*,#12693,.F.);
#12693 = EDGE_CURVE('',#12694,#12694,#12696,.T.);
#12694 = VERTEX_POINT('',#12695);
#12695 = CARTESIAN_POINT('',(440.,482.5,340.));
#12696 = CIRCLE('',#12697,125.);
#12697 = AXIS2_PLACEMENT_3D('',#12698,#12699,#12700);
#12698 = CARTESIAN_POINT('',(315.,482.5,340.));
#12699 = DIRECTION('',(0.,0.,1.));
#12700 = DIRECTION('',(1.,0.,0.));
#12701 = PLANE('',#12702);
#12702 = AXIS2_PLACEMENT_3D('',#12703,#12704,#12705);
#12703 = CARTESIAN_POINT('',(-5.74E-15,524.16666666666,340.));
#12704 = DIRECTION('',(0.,0.,1.));
#12705 = DIRECTION('',(1.,0.,0.));
#12706 = ADVANCED_FACE('',(#12707),#12718,.F.);
#12707 = FACE_BOUND('',#12708,.F.);
#12708 = EDGE_LOOP('',(#12709,#12710,#12711,#12717));
#12709 = ORIENTED_EDGE('',*,*,#11650,.T.);
#12710 = ORIENTED_EDGE('',*,*,#11332,.T.);
#12711 = ORIENTED_EDGE('',*,*,#12712,.T.);
#12712 = EDGE_CURVE('',#11325,#11415,#12713,.T.);
#12713 = LINE('',#12714,#12715);
#12714 = CARTESIAN_POINT('',(-650.,395.,40.5));
#12715 = VECTOR('',#12716,1.);
#12716 = DIRECTION('',(0.,0.,1.));
#12717 = ORIENTED_EDGE('',*,*,#11414,.F.);
#12718 = PLANE('',#12719);
#12719 = AXIS2_PLACEMENT_3D('',#12720,#12721,#12722);
#12720 = CARTESIAN_POINT('',(-550.,395.,40.5));
#12721 = DIRECTION('',(0.,1.,0.));
#12722 = DIRECTION('',(0.,0.,1.));
#12723 = ADVANCED_FACE('',(#12724),#12730,.F.);
#12724 = FACE_BOUND('',#12725,.T.);
#12725 = EDGE_LOOP('',(#12726,#12727,#12728,#12729));
#12726 = ORIENTED_EDGE('',*,*,#11324,.T.);
#12727 = ORIENTED_EDGE('',*,*,#12712,.T.);
#12728 = ORIENTED_EDGE('',*,*,#11422,.T.);
#12729 = ORIENTED_EDGE('',*,*,#11374,.T.);
#12730 = PLANE('',#12731);
#12731 = AXIS2_PLACEMENT_3D('',#12732,#12733,#12734);
#12732 = CARTESIAN_POINT('',(-650.,475.,75.));
#12733 = DIRECTION('',(1.,0.,0.));
#12734 = DIRECTION('',(0.,0.,1.));
#12735 = ADVANCED_FACE('',(#12736),#12755,.T.);
#12736 = FACE_BOUND('',#12737,.T.);
#12737 = EDGE_LOOP('',(#12738,#12746,#12753,#12754));
#12738 = ORIENTED_EDGE('',*,*,#12739,.T.);
#12739 = EDGE_CURVE('',#11724,#12740,#12742,.T.);
#12740 = VERTEX_POINT('',#12741);
#12741 = CARTESIAN_POINT('',(590.41281591571,300.,929.62820586614));
#12742 = LINE('',#12743,#12744);
#12743 = CARTESIAN_POINT('',(590.41281591571,315.,929.62820586614));
#12744 = VECTOR('',#12745,1.);
#12745 = DIRECTION('',(0.,-1.,2.2E-16));
#12746 = ORIENTED_EDGE('',*,*,#12747,.T.);
#12747 = EDGE_CURVE('',#12740,#12485,#12748,.T.);
#12748 = CIRCLE('',#12749,100.);
#12749 = AXIS2_PLACEMENT_3D('',#12750,#12751,#12752);
#12750 = CARTESIAN_POINT('',(522.,300.,856.69202404612));
#12751 = DIRECTION('',(0.,1.,-0.));
#12752 = DIRECTION('',(-1.,0.,0.));
#12753 = ORIENTED_EDGE('',*,*,#12492,.F.);
#12754 = ORIENTED_EDGE('',*,*,#11723,.F.);
#12755 = CYLINDRICAL_SURFACE('',#12756,100.);
#12756 = AXIS2_PLACEMENT_3D('',#12757,#12758,#12759);
#12757 = CARTESIAN_POINT('',(522.,315.,856.69202404612));
#12758 = DIRECTION('',(0.,1.,-2.2E-16));
#12759 = DIRECTION('',(-1.,0.,0.));
#12760 = ADVANCED_FACE('',(#12761),#12779,.F.);
#12761 = FACE_BOUND('',#12762,.F.);
#12762 = EDGE_LOOP('',(#12763,#12764,#12772,#12778));
#12763 = ORIENTED_EDGE('',*,*,#12739,.T.);
#12764 = ORIENTED_EDGE('',*,*,#12765,.T.);
#12765 = EDGE_CURVE('',#12740,#12766,#12768,.T.);
#12766 = VERTEX_POINT('',#12767);
#12767 = CARTESIAN_POINT('',(330.23844774714,300.,1.173667045182E+03));
#12768 = LINE('',#12769,#12770);
#12769 = CARTESIAN_POINT('',(590.41281591571,300.,929.62820586614));
#12770 = VECTOR('',#12771,1.);
#12771 = DIRECTION('',(-0.7293618182,0.,0.684128159157));
#12772 = ORIENTED_EDGE('',*,*,#12773,.F.);
#12773 = EDGE_CURVE('',#11733,#12766,#12774,.T.);
#12774 = LINE('',#12775,#12776);
#12775 = CARTESIAN_POINT('',(330.23844774714,315.,1.173667045182E+03));
#12776 = VECTOR('',#12777,1.);
#12777 = DIRECTION('',(0.,-1.,2.2E-16));
#12778 = ORIENTED_EDGE('',*,*,#11732,.F.);
#12779 = PLANE('',#12780);
#12780 = AXIS2_PLACEMENT_3D('',#12781,#12782,#12783);
#12781 = CARTESIAN_POINT('',(590.41281591571,315.,929.62820586614));
#12782 = DIRECTION('',(-0.684128159157,-1.6E-16,-0.7293618182));
#12783 = DIRECTION('',(-0.7293618182,1.5E-16,0.684128159157));
#12784 = ADVANCED_FACE('',(#12785),#12804,.T.);
#12785 = FACE_BOUND('',#12786,.T.);
#12786 = EDGE_LOOP('',(#12787,#12795,#12802,#12803));
#12787 = ORIENTED_EDGE('',*,*,#12788,.T.);
#12788 = EDGE_CURVE('',#11741,#12789,#12791,.T.);
#12789 = VERTEX_POINT('',#12790);
#12790 = CARTESIAN_POINT('',(125.,300.,1.254858499722E+03));
#12791 = LINE('',#12792,#12793);
#12792 = CARTESIAN_POINT('',(125.,315.,1.254858499722E+03));
#12793 = VECTOR('',#12794,1.);
#12794 = DIRECTION('',(0.,-1.,2.2E-16));
#12795 = ORIENTED_EDGE('',*,*,#12796,.T.);
#12796 = EDGE_CURVE('',#12789,#12766,#12797,.T.);
#12797 = CIRCLE('',#12798,300.);
#12798 = AXIS2_PLACEMENT_3D('',#12799,#12800,#12801);
#12799 = CARTESIAN_POINT('',(125.,300.,954.85849972218));
#12800 = DIRECTION('',(0.,1.,-0.));
#12801 = DIRECTION('',(-1.,0.,0.));
#12802 = ORIENTED_EDGE('',*,*,#12773,.F.);
#12803 = ORIENTED_EDGE('',*,*,#11740,.F.);
#12804 = CYLINDRICAL_SURFACE('',#12805,300.);
#12805 = AXIS2_PLACEMENT_3D('',#12806,#12807,#12808);
#12806 = CARTESIAN_POINT('',(125.,315.,954.85849972218));
#12807 = DIRECTION('',(0.,1.,-2.2E-16));
#12808 = DIRECTION('',(-1.,0.,0.));
#12809 = ADVANCED_FACE('',(#12810),#12828,.F.);
#12810 = FACE_BOUND('',#12811,.F.);
#12811 = EDGE_LOOP('',(#12812,#12813,#12821,#12827));
#12812 = ORIENTED_EDGE('',*,*,#12788,.T.);
#12813 = ORIENTED_EDGE('',*,*,#12814,.T.);
#12814 = EDGE_CURVE('',#12789,#12815,#12817,.T.);
#12815 = VERTEX_POINT('',#12816);
#12816 = CARTESIAN_POINT('',(-125.,300.,1.254858499722E+03));
#12817 = LINE('',#12818,#12819);
#12818 = CARTESIAN_POINT('',(125.,300.,1.254858499722E+03));
#12819 = VECTOR('',#12820,1.);
#12820 = DIRECTION('',(-1.,0.,0.));
#12821 = ORIENTED_EDGE('',*,*,#12822,.F.);
#12822 = EDGE_CURVE('',#11750,#12815,#12823,.T.);
#12823 = LINE('',#12824,#12825);
#12824 = CARTESIAN_POINT('',(-125.,315.,1.254858499722E+03));
#12825 = VECTOR('',#12826,1.);
#12826 = DIRECTION('',(0.,-1.,2.2E-16));
#12827 = ORIENTED_EDGE('',*,*,#11749,.F.);
#12828 = PLANE('',#12829);
#12829 = AXIS2_PLACEMENT_3D('',#12830,#12831,#12832);
#12830 = CARTESIAN_POINT('',(125.,315.,1.254858499722E+03));
#12831 = DIRECTION('',(-0.,-2.2E-16,-1.));
#12832 = DIRECTION('',(-1.,0.,0.));
#12833 = ADVANCED_FACE('',(#12834),#12853,.T.);
#12834 = FACE_BOUND('',#12835,.T.);
#12835 = EDGE_LOOP('',(#12836,#12844,#12851,#12852));
#12836 = ORIENTED_EDGE('',*,*,#12837,.T.);
#12837 = EDGE_CURVE('',#11758,#12838,#12840,.T.);
#12838 = VERTEX_POINT('',#12839);
#12839 = CARTESIAN_POINT('',(-330.2384477471,300.,1.173667045182E+03));
#12840 = LINE('',#12841,#12842);
#12841 = CARTESIAN_POINT('',(-330.2384477471,315.,1.173667045182E+03));
#12842 = VECTOR('',#12843,1.);
#12843 = DIRECTION('',(0.,-1.,2.2E-16));
#12844 = ORIENTED_EDGE('',*,*,#12845,.T.);
#12845 = EDGE_CURVE('',#12838,#12815,#12846,.T.);
#12846 = CIRCLE('',#12847,300.);
#12847 = AXIS2_PLACEMENT_3D('',#12848,#12849,#12850);
#12848 = CARTESIAN_POINT('',(-125.,300.,954.85849972218));
#12849 = DIRECTION('',(0.,1.,-0.));
#12850 = DIRECTION('',(-1.,0.,0.));
#12851 = ORIENTED_EDGE('',*,*,#12822,.F.);
#12852 = ORIENTED_EDGE('',*,*,#11757,.F.);
#12853 = CYLINDRICAL_SURFACE('',#12854,300.);
#12854 = AXIS2_PLACEMENT_3D('',#12855,#12856,#12857);
#12855 = CARTESIAN_POINT('',(-125.,315.,954.85849972218));
#12856 = DIRECTION('',(0.,1.,-2.2E-16));
#12857 = DIRECTION('',(-1.,0.,0.));
#12858 = ADVANCED_FACE('',(#12859),#12877,.F.);
#12859 = FACE_BOUND('',#12860,.F.);
#12860 = EDGE_LOOP('',(#12861,#12862,#12870,#12876));
#12861 = ORIENTED_EDGE('',*,*,#12837,.T.);
#12862 = ORIENTED_EDGE('',*,*,#12863,.T.);
#12863 = EDGE_CURVE('',#12838,#12864,#12866,.T.);
#12864 = VERTEX_POINT('',#12865);
#12865 = CARTESIAN_POINT('',(-590.4128159157,300.,929.62820586614));
#12866 = LINE('',#12867,#12868);
#12867 = CARTESIAN_POINT('',(-330.2384477471,300.,1.173667045182E+03));
#12868 = VECTOR('',#12869,1.);
#12869 = DIRECTION('',(-0.7293618182,0.,-0.684128159157));
#12870 = ORIENTED_EDGE('',*,*,#12871,.F.);
#12871 = EDGE_CURVE('',#11767,#12864,#12872,.T.);
#12872 = LINE('',#12873,#12874);
#12873 = CARTESIAN_POINT('',(-590.4128159157,315.,929.62820586614));
#12874 = VECTOR('',#12875,1.);
#12875 = DIRECTION('',(0.,-1.,2.2E-16));
#12876 = ORIENTED_EDGE('',*,*,#11766,.F.);
#12877 = PLANE('',#12878);
#12878 = AXIS2_PLACEMENT_3D('',#12879,#12880,#12881);
#12879 = CARTESIAN_POINT('',(-330.2384477471,315.,1.173667045182E+03));
#12880 = DIRECTION('',(0.684128159157,-1.6E-16,-0.7293618182));
#12881 = DIRECTION('',(-0.7293618182,-1.5E-16,-0.684128159157));
#12882 = ADVANCED_FACE('',(#12883),#12895,.T.);
#12883 = FACE_BOUND('',#12884,.T.);
#12884 = EDGE_LOOP('',(#12885,#12886,#12893,#12894));
#12885 = ORIENTED_EDGE('',*,*,#11665,.T.);
#12886 = ORIENTED_EDGE('',*,*,#12887,.T.);
#12887 = EDGE_CURVE('',#11668,#12864,#12888,.T.);
#12888 = CIRCLE('',#12889,100.);
#12889 = AXIS2_PLACEMENT_3D('',#12890,#12891,#12892);
#12890 = CARTESIAN_POINT('',(-521.9999999999,300.,856.69202404612));
#12891 = DIRECTION('',(0.,1.,-0.));
#12892 = DIRECTION('',(-1.,0.,0.));
#12893 = ORIENTED_EDGE('',*,*,#12871,.F.);
#12894 = ORIENTED_EDGE('',*,*,#11774,.F.);
#12895 = CYLINDRICAL_SURFACE('',#12896,100.);
#12896 = AXIS2_PLACEMENT_3D('',#12897,#12898,#12899);
#12897 = CARTESIAN_POINT('',(-521.9999999999,315.,856.69202404612));
#12898 = DIRECTION('',(0.,1.,-2.2E-16));
#12899 = DIRECTION('',(-1.,0.,0.));
#12900 = ADVANCED_FACE('',(#12901),#12920,.F.);
#12901 = FACE_BOUND('',#12902,.F.);
#12902 = EDGE_LOOP('',(#12903,#12911,#12918,#12919));
#12903 = ORIENTED_EDGE('',*,*,#12904,.T.);
#12904 = EDGE_CURVE('',#11867,#12905,#12907,.T.);
#12905 = VERTEX_POINT('',#12906);
#12906 = CARTESIAN_POINT('',(-30.,300.,1.204858499722E+03));
#12907 = LINE('',#12908,#12909);
#12908 = CARTESIAN_POINT('',(-30.,315.,1.204858499722E+03));
#12909 = VECTOR('',#12910,1.);
#12910 = DIRECTION('',(0.,-1.,2.2E-16));
#12911 = ORIENTED_EDGE('',*,*,#12912,.T.);
#12912 = EDGE_CURVE('',#12905,#12905,#12913,.T.);
#12913 = CIRCLE('',#12914,30.);
#12914 = AXIS2_PLACEMENT_3D('',#12915,#12916,#12917);
#12915 = CARTESIAN_POINT('',(0.,300.,1.204858499722E+03));
#12916 = DIRECTION('',(0.,1.,-0.));
#12917 = DIRECTION('',(-1.,0.,0.));
#12918 = ORIENTED_EDGE('',*,*,#12904,.F.);
#12919 = ORIENTED_EDGE('',*,*,#11866,.F.);
#12920 = CYLINDRICAL_SURFACE('',#12921,30.);
#12921 = AXIS2_PLACEMENT_3D('',#12922,#12923,#12924);
#12922 = CARTESIAN_POINT('',(0.,315.,1.204858499722E+03));
#12923 = DIRECTION('',(0.,1.,-2.2E-16));
#12924 = DIRECTION('',(-1.,0.,0.));
#12925 = ADVANCED_FACE('',(#12926),#12937,.T.);
#12926 = FACE_BOUND('',#12927,.T.);
#12927 = EDGE_LOOP('',(#12928,#12929,#12935,#12936));
#12928 = ORIENTED_EDGE('',*,*,#11807,.F.);
#12929 = ORIENTED_EDGE('',*,*,#12930,.T.);
#12930 = EDGE_CURVE('',#11808,#12037,#12931,.T.);
#12931 = LINE('',#12932,#12933);
#12932 = CARTESIAN_POINT('',(-287.4637181659,300.,1.044831338826E+03));
#12933 = VECTOR('',#12934,1.);
#12934 = DIRECTION('',(0.,1.,-2.2E-16));
#12935 = ORIENTED_EDGE('',*,*,#12036,.T.);
#12936 = ORIENTED_EDGE('',*,*,#12106,.F.);
#12937 = PLANE('',#12938);
#12938 = AXIS2_PLACEMENT_3D('',#12939,#12940,#12941);
#12939 = CARTESIAN_POINT('',(-287.4637181659,300.,1.044831338826E+03));
#12940 = DIRECTION('',(-0.499516242213,1.9E-16,0.866304521381));
#12941 = DIRECTION('',(-0.866304521381,-1.1E-16,-0.499516242213));
#12942 = ADVANCED_FACE('',(#12943),#12954,.T.);
#12943 = FACE_BOUND('',#12944,.T.);
#12944 = EDGE_LOOP('',(#12945,#12946,#12952,#12953));
#12945 = ORIENTED_EDGE('',*,*,#11815,.F.);
#12946 = ORIENTED_EDGE('',*,*,#12947,.T.);
#12947 = EDGE_CURVE('',#11816,#12045,#12948,.T.);
#12948 = LINE('',#12949,#12950);
#12949 = CARTESIAN_POINT('',(-250.,300.,1.054858499722E+03));
#12950 = VECTOR('',#12951,1.);
#12951 = DIRECTION('',(0.,1.,-2.2E-16));
#12952 = ORIENTED_EDGE('',*,*,#12044,.T.);
#12953 = ORIENTED_EDGE('',*,*,#12930,.F.);
#12954 = CYLINDRICAL_SURFACE('',#12955,75.);
#12955 = AXIS2_PLACEMENT_3D('',#12956,#12957,#12958);
#12956 = CARTESIAN_POINT('',(-250.,300.,979.85849972218));
#12957 = DIRECTION('',(0.,-1.,2.2E-16));
#12958 = DIRECTION('',(1.,0.,0.));
#12959 = ADVANCED_FACE('',(#12960),#12971,.T.);
#12960 = FACE_BOUND('',#12961,.T.);
#12961 = EDGE_LOOP('',(#12962,#12963,#12969,#12970));
#12962 = ORIENTED_EDGE('',*,*,#11824,.F.);
#12963 = ORIENTED_EDGE('',*,*,#12964,.T.);
#12964 = EDGE_CURVE('',#11825,#12054,#12965,.T.);
#12965 = LINE('',#12966,#12967);
#12966 = CARTESIAN_POINT('',(250.,300.,1.054858499722E+03));
#12967 = VECTOR('',#12968,1.);
#12968 = DIRECTION('',(0.,1.,-2.2E-16));
#12969 = ORIENTED_EDGE('',*,*,#12053,.T.);
#12970 = ORIENTED_EDGE('',*,*,#12947,.F.);
#12971 = PLANE('',#12972);
#12972 = AXIS2_PLACEMENT_3D('',#12973,#12974,#12975);
#12973 = CARTESIAN_POINT('',(250.,300.,1.054858499722E+03));
#12974 = DIRECTION('',(0.,2.2E-16,1.));
#12975 = DIRECTION('',(-1.,0.,0.));
#12976 = ADVANCED_FACE('',(#12977),#12988,.T.);
#12977 = FACE_BOUND('',#12978,.T.);
#12978 = EDGE_LOOP('',(#12979,#12980,#12986,#12987));
#12979 = ORIENTED_EDGE('',*,*,#11832,.F.);
#12980 = ORIENTED_EDGE('',*,*,#12981,.T.);
#12981 = EDGE_CURVE('',#11833,#12062,#12982,.T.);
#12982 = LINE('',#12983,#12984);
#12983 = CARTESIAN_POINT('',(287.46371816594,300.,1.044831338826E+03));
#12984 = VECTOR('',#12985,1.);
#12985 = DIRECTION('',(0.,1.,-2.2E-16));
#12986 = ORIENTED_EDGE('',*,*,#12061,.T.);
#12987 = ORIENTED_EDGE('',*,*,#12964,.F.);
#12988 = CYLINDRICAL_SURFACE('',#12989,75.);
#12989 = AXIS2_PLACEMENT_3D('',#12990,#12991,#12992);
#12990 = CARTESIAN_POINT('',(250.,300.,979.85849972218));
#12991 = DIRECTION('',(0.,-1.,2.2E-16));
#12992 = DIRECTION('',(1.,0.,0.));
#12993 = ADVANCED_FACE('',(#12994),#13000,.T.);
#12994 = FACE_BOUND('',#12995,.T.);
#12995 = EDGE_LOOP('',(#12996,#12997,#12998,#12999));
#12996 = ORIENTED_EDGE('',*,*,#11841,.F.);
#12997 = ORIENTED_EDGE('',*,*,#12510,.T.);
#12998 = ORIENTED_EDGE('',*,*,#12070,.T.);
#12999 = ORIENTED_EDGE('',*,*,#12981,.F.);
#13000 = PLANE('',#13001);
#13001 = AXIS2_PLACEMENT_3D('',#13002,#13003,#13004);
#13002 = CARTESIAN_POINT('',(531.95162422126,300.,903.85818552346));
#13003 = DIRECTION('',(0.499516242213,1.9E-16,0.866304521381));
#13004 = DIRECTION('',(-0.866304521381,1.1E-16,0.499516242213));
#13005 = ADVANCED_FACE('',(#13006),#13017,.T.);
#13006 = FACE_BOUND('',#13007,.T.);
#13007 = EDGE_LOOP('',(#13008,#13014,#13015,#13016));
#13008 = ORIENTED_EDGE('',*,*,#13009,.T.);
#13009 = EDGE_CURVE('',#12616,#11962,#13010,.T.);
#13010 = LINE('',#13011,#13012);
#13011 = CARTESIAN_POINT('',(590.41281591571,407.5,929.62820586614));
#13012 = VECTOR('',#13013,1.);
#13013 = DIRECTION('',(0.,-1.,2.2E-16));
#13014 = ORIENTED_EDGE('',*,*,#11961,.T.);
#13015 = ORIENTED_EDGE('',*,*,#12533,.F.);
#13016 = ORIENTED_EDGE('',*,*,#12623,.F.);
#13017 = CYLINDRICAL_SURFACE('',#13018,100.);
#13018 = AXIS2_PLACEMENT_3D('',#13019,#13020,#13021);
#13019 = CARTESIAN_POINT('',(522.,407.5,856.69202404612));
#13020 = DIRECTION('',(0.,1.,-2.2E-16));
#13021 = DIRECTION('',(-1.,0.,0.));
#13022 = ADVANCED_FACE('',(#13023),#13034,.F.);
#13023 = FACE_BOUND('',#13024,.F.);
#13024 = EDGE_LOOP('',(#13025,#13026,#13027,#13033));
#13025 = ORIENTED_EDGE('',*,*,#13009,.T.);
#13026 = ORIENTED_EDGE('',*,*,#11970,.T.);
#13027 = ORIENTED_EDGE('',*,*,#13028,.F.);
#13028 = EDGE_CURVE('',#12607,#11971,#13029,.T.);
#13029 = LINE('',#13030,#13031);
#13030 = CARTESIAN_POINT('',(330.23844774714,407.5,1.173667045182E+03));
#13031 = VECTOR('',#13032,1.);
#13032 = DIRECTION('',(0.,-1.,2.2E-16));
#13033 = ORIENTED_EDGE('',*,*,#12615,.F.);
#13034 = PLANE('',#13035);
#13035 = AXIS2_PLACEMENT_3D('',#13036,#13037,#13038);
#13036 = CARTESIAN_POINT('',(590.41281591571,407.5,929.62820586614));
#13037 = DIRECTION('',(-0.684128159157,-1.6E-16,-0.7293618182));
#13038 = DIRECTION('',(-0.7293618182,1.5E-16,0.684128159157));
#13039 = ADVANCED_FACE('',(#13040),#13051,.T.);
#13040 = FACE_BOUND('',#13041,.T.);
#13041 = EDGE_LOOP('',(#13042,#13048,#13049,#13050));
#13042 = ORIENTED_EDGE('',*,*,#13043,.T.);
#13043 = EDGE_CURVE('',#12599,#11979,#13044,.T.);
#13044 = LINE('',#13045,#13046);
#13045 = CARTESIAN_POINT('',(125.,407.5,1.254858499722E+03));
#13046 = VECTOR('',#13047,1.);
#13047 = DIRECTION('',(0.,-1.,2.2E-16));
#13048 = ORIENTED_EDGE('',*,*,#11978,.T.);
#13049 = ORIENTED_EDGE('',*,*,#13028,.F.);
#13050 = ORIENTED_EDGE('',*,*,#12606,.F.);
#13051 = CYLINDRICAL_SURFACE('',#13052,300.);
#13052 = AXIS2_PLACEMENT_3D('',#13053,#13054,#13055);
#13053 = CARTESIAN_POINT('',(125.,407.5,954.85849972218));
#13054 = DIRECTION('',(0.,1.,-2.2E-16));
#13055 = DIRECTION('',(-1.,0.,0.));
#13056 = ADVANCED_FACE('',(#13057),#13068,.F.);
#13057 = FACE_BOUND('',#13058,.F.);
#13058 = EDGE_LOOP('',(#13059,#13060,#13061,#13067));
#13059 = ORIENTED_EDGE('',*,*,#13043,.T.);
#13060 = ORIENTED_EDGE('',*,*,#11987,.T.);
#13061 = ORIENTED_EDGE('',*,*,#13062,.F.);
#13062 = EDGE_CURVE('',#12590,#11988,#13063,.T.);
#13063 = LINE('',#13064,#13065);
#13064 = CARTESIAN_POINT('',(-125.,407.5,1.254858499722E+03));
#13065 = VECTOR('',#13066,1.);
#13066 = DIRECTION('',(0.,-1.,2.2E-16));
#13067 = ORIENTED_EDGE('',*,*,#12598,.F.);
#13068 = PLANE('',#13069);
#13069 = AXIS2_PLACEMENT_3D('',#13070,#13071,#13072);
#13070 = CARTESIAN_POINT('',(125.,407.5,1.254858499722E+03));
#13071 = DIRECTION('',(-0.,-2.2E-16,-1.));
#13072 = DIRECTION('',(-1.,0.,0.));
#13073 = ADVANCED_FACE('',(#13074),#13085,.T.);
#13074 = FACE_BOUND('',#13075,.T.);
#13075 = EDGE_LOOP('',(#13076,#13082,#13083,#13084));
#13076 = ORIENTED_EDGE('',*,*,#13077,.T.);
#13077 = EDGE_CURVE('',#12582,#11996,#13078,.T.);
#13078 = LINE('',#13079,#13080);
#13079 = CARTESIAN_POINT('',(-330.2384477471,407.5,1.173667045182E+03));
#13080 = VECTOR('',#13081,1.);
#13081 = DIRECTION('',(0.,-1.,2.2E-16));
#13082 = ORIENTED_EDGE('',*,*,#11995,.T.);
#13083 = ORIENTED_EDGE('',*,*,#13062,.F.);
#13084 = ORIENTED_EDGE('',*,*,#12589,.F.);
#13085 = CYLINDRICAL_SURFACE('',#13086,300.);
#13086 = AXIS2_PLACEMENT_3D('',#13087,#13088,#13089);
#13087 = CARTESIAN_POINT('',(-125.,407.5,954.85849972218));
#13088 = DIRECTION('',(0.,1.,-2.2E-16));
#13089 = DIRECTION('',(-1.,0.,0.));
#13090 = ADVANCED_FACE('',(#13091),#13102,.F.);
#13091 = FACE_BOUND('',#13092,.F.);
#13092 = EDGE_LOOP('',(#13093,#13094,#13095,#13101));
#13093 = ORIENTED_EDGE('',*,*,#13077,.T.);
#13094 = ORIENTED_EDGE('',*,*,#12004,.T.);
#13095 = ORIENTED_EDGE('',*,*,#13096,.F.);
#13096 = EDGE_CURVE('',#12573,#12005,#13097,.T.);
#13097 = LINE('',#13098,#13099);
#13098 = CARTESIAN_POINT('',(-590.4128159157,407.5,929.62820586614));
#13099 = VECTOR('',#13100,1.);
#13100 = DIRECTION('',(0.,-1.,2.2E-16));
#13101 = ORIENTED_EDGE('',*,*,#12581,.F.);
#13102 = PLANE('',#13103);
#13103 = AXIS2_PLACEMENT_3D('',#13104,#13105,#13106);
#13104 = CARTESIAN_POINT('',(-330.2384477471,407.5,1.173667045182E+03));
#13105 = DIRECTION('',(0.684128159157,-1.6E-16,-0.7293618182));
#13106 = DIRECTION('',(-0.7293618182,-1.5E-16,-0.684128159157));
#13107 = ADVANCED_FACE('',(#13108),#13114,.T.);
#13108 = FACE_BOUND('',#13109,.T.);
#13109 = EDGE_LOOP('',(#13110,#13111,#13112,#13113));
#13110 = ORIENTED_EDGE('',*,*,#11619,.T.);
#13111 = ORIENTED_EDGE('',*,*,#12012,.T.);
#13112 = ORIENTED_EDGE('',*,*,#13096,.F.);
#13113 = ORIENTED_EDGE('',*,*,#12572,.F.);
#13114 = CYLINDRICAL_SURFACE('',#13115,100.);
#13115 = AXIS2_PLACEMENT_3D('',#13116,#13117,#13118);
#13116 = CARTESIAN_POINT('',(-521.9999999999,407.5,856.69202404612));
#13117 = DIRECTION('',(0.,1.,-2.2E-16));
#13118 = DIRECTION('',(-1.,0.,0.));
#13119 = ADVANCED_FACE('',(#13120),#13131,.F.);
#13120 = FACE_BOUND('',#13121,.F.);
#13121 = EDGE_LOOP('',(#13122,#13128,#13129,#13130));
#13122 = ORIENTED_EDGE('',*,*,#13123,.T.);
#13123 = EDGE_CURVE('',#12634,#12089,#13124,.T.);
#13124 = LINE('',#13125,#13126);
#13125 = CARTESIAN_POINT('',(-30.,407.5,1.204858499722E+03));
#13126 = VECTOR('',#13127,1.);
#13127 = DIRECTION('',(0.,-1.,2.2E-16));
#13128 = ORIENTED_EDGE('',*,*,#12088,.T.);
#13129 = ORIENTED_EDGE('',*,*,#13123,.F.);
#13130 = ORIENTED_EDGE('',*,*,#12633,.F.);
#13131 = CYLINDRICAL_SURFACE('',#13132,30.);
#13132 = AXIS2_PLACEMENT_3D('',#13133,#13134,#13135);
#13133 = CARTESIAN_POINT('',(0.,407.5,1.204858499722E+03));
#13134 = DIRECTION('',(0.,1.,-2.2E-16));
#13135 = DIRECTION('',(-1.,0.,0.));
#13136 = ADVANCED_FACE('',(#13137),#13156,.T.);
#13137 = FACE_BOUND('',#13138,.F.);
#13138 = EDGE_LOOP('',(#13139,#13147,#13154,#13155));
#13139 = ORIENTED_EDGE('',*,*,#13140,.T.);
#13140 = EDGE_CURVE('',#12651,#13141,#13143,.T.);
#13141 = VERTEX_POINT('',#13142);
#13142 = CARTESIAN_POINT('',(270.,0.,334.));
#13143 = LINE('',#13144,#13145);
#13144 = CARTESIAN_POINT('',(270.,0.,304.));
#13145 = VECTOR('',#13146,1.);
#13146 = DIRECTION('',(0.,0.,1.));
#13147 = ORIENTED_EDGE('',*,*,#13148,.T.);
#13148 = EDGE_CURVE('',#13141,#13141,#13149,.T.);
#13149 = CIRCLE('',#13150,270.);
#13150 = AXIS2_PLACEMENT_3D('',#13151,#13152,#13153);
#13151 = CARTESIAN_POINT('',(0.,0.,334.));
#13152 = DIRECTION('',(0.,0.,1.));
#13153 = DIRECTION('',(1.,0.,0.));
#13154 = ORIENTED_EDGE('',*,*,#13140,.F.);
#13155 = ORIENTED_EDGE('',*,*,#12650,.F.);
#13156 = CYLINDRICAL_SURFACE('',#13157,270.);
#13157 = AXIS2_PLACEMENT_3D('',#13158,#13159,#13160);
#13158 = CARTESIAN_POINT('',(0.,0.,304.));
#13159 = DIRECTION('',(-0.,-0.,-1.));
#13160 = DIRECTION('',(1.,0.,0.));
#13161 = ADVANCED_FACE('',(#13162),#13181,.T.);
#13162 = FACE_BOUND('',#13163,.F.);
#13163 = EDGE_LOOP('',(#13164,#13172,#13179,#13180));
#13164 = ORIENTED_EDGE('',*,*,#13165,.T.);
#13165 = EDGE_CURVE('',#12674,#13166,#13168,.T.);
#13166 = VERTEX_POINT('',#13167);
#13167 = CARTESIAN_POINT('',(125.,607.5,405.));
#13168 = LINE('',#13169,#13170);
#13169 = CARTESIAN_POINT('',(125.,607.5,340.));
#13170 = VECTOR('',#13171,1.);
#13171 = DIRECTION('',(0.,0.,1.));
#13172 = ORIENTED_EDGE('',*,*,#13173,.T.);
#13173 = EDGE_CURVE('',#13166,#13166,#13174,.T.);
#13174 = CIRCLE('',#13175,125.);
#13175 = AXIS2_PLACEMENT_3D('',#13176,#13177,#13178);
#13176 = CARTESIAN_POINT('',(0.,607.5,405.));
#13177 = DIRECTION('',(0.,0.,1.));
#13178 = DIRECTION('',(1.,0.,0.));
#13179 = ORIENTED_EDGE('',*,*,#13165,.F.);
#13180 = ORIENTED_EDGE('',*,*,#12673,.F.);
#13181 = CYLINDRICAL_SURFACE('',#13182,125.);
#13182 = AXIS2_PLACEMENT_3D('',#13183,#13184,#13185);
#13183 = CARTESIAN_POINT('',(0.,607.5,340.));
#13184 = DIRECTION('',(-0.,-0.,-1.));
#13185 = DIRECTION('',(1.,0.,0.));
#13186 = ADVANCED_FACE('',(#13187),#13206,.T.);
#13187 = FACE_BOUND('',#13188,.F.);
#13188 = EDGE_LOOP('',(#13189,#13197,#13204,#13205));
#13189 = ORIENTED_EDGE('',*,*,#13190,.T.);
#13190 = EDGE_CURVE('',#12694,#13191,#13193,.T.);
#13191 = VERTEX_POINT('',#13192);
#13192 = CARTESIAN_POINT('',(440.,482.5,405.));
#13193 = LINE('',#13194,#13195);
#13194 = CARTESIAN_POINT('',(440.,482.5,340.));
#13195 = VECTOR('',#13196,1.);
#13196 = DIRECTION('',(0.,0.,1.));
#13197 = ORIENTED_EDGE('',*,*,#13198,.T.);
#13198 = EDGE_CURVE('',#13191,#13191,#13199,.T.);
#13199 = CIRCLE('',#13200,125.);
#13200 = AXIS2_PLACEMENT_3D('',#13201,#13202,#13203);
#13201 = CARTESIAN_POINT('',(315.,482.5,405.));
#13202 = DIRECTION('',(0.,0.,1.));
#13203 = DIRECTION('',(1.,0.,0.));
#13204 = ORIENTED_EDGE('',*,*,#13190,.F.);
#13205 = ORIENTED_EDGE('',*,*,#12693,.F.);
#13206 = CYLINDRICAL_SURFACE('',#13207,125.);
#13207 = AXIS2_PLACEMENT_3D('',#13208,#13209,#13210);
#13208 = CARTESIAN_POINT('',(315.,482.5,340.));
#13209 = DIRECTION('',(-0.,-0.,-1.));
#13210 = DIRECTION('',(1.,0.,0.));
#13211 = ADVANCED_FACE('',(#13212,#13215),#13226,.T.);
#13212 = FACE_BOUND('',#13213,.T.);
#13213 = EDGE_LOOP('',(#13214));
#13214 = ORIENTED_EDGE('',*,*,#13148,.T.);
#13215 = FACE_BOUND('',#13216,.F.);
#13216 = EDGE_LOOP('',(#13217));
#13217 = ORIENTED_EDGE('',*,*,#13218,.T.);
#13218 = EDGE_CURVE('',#13219,#13219,#13221,.T.);
#13219 = VERTEX_POINT('',#13220);
#13220 = CARTESIAN_POINT('',(100.,0.,334.));
#13221 = CIRCLE('',#13222,100.);
#13222 = AXIS2_PLACEMENT_3D('',#13223,#13224,#13225);
#13223 = CARTESIAN_POINT('',(0.,0.,334.));
#13224 = DIRECTION('',(0.,0.,1.));
#13225 = DIRECTION('',(1.,0.,0.));
#13226 = PLANE('',#13227);
#13227 = AXIS2_PLACEMENT_3D('',#13228,#13229,#13230);
#13228 = CARTESIAN_POINT('',(-4.73E-15,8.36E-15,334.));
#13229 = DIRECTION('',(0.,0.,1.));
#13230 = DIRECTION('',(1.,0.,0.));
#13231 = ADVANCED_FACE('',(#13232,#13243),#13246,.F.);
#13232 = FACE_BOUND('',#13233,.F.);
#13233 = EDGE_LOOP('',(#13234));
#13234 = ORIENTED_EDGE('',*,*,#13235,.T.);
#13235 = EDGE_CURVE('',#13236,#13236,#13238,.T.);
#13236 = VERTEX_POINT('',#13237);
#13237 = CARTESIAN_POINT('',(162.5,607.5,405.));
#13238 = CIRCLE('',#13239,162.5);
#13239 = AXIS2_PLACEMENT_3D('',#13240,#13241,#13242);
#13240 = CARTESIAN_POINT('',(0.,607.5,405.));
#13241 = DIRECTION('',(0.,0.,1.));
#13242 = DIRECTION('',(1.,0.,0.));
#13243 = FACE_BOUND('',#13244,.F.);
#13244 = EDGE_LOOP('',(#13245));
#13245 = ORIENTED_EDGE('',*,*,#13173,.F.);
#13246 = PLANE('',#13247);
#13247 = AXIS2_PLACEMENT_3D('',#13248,#13249,#13250);
#13248 = CARTESIAN_POINT('',(-5.74E-15,524.16666666666,405.));
#13249 = DIRECTION('',(0.,0.,1.));
#13250 = DIRECTION('',(1.,0.,0.));
#13251 = ADVANCED_FACE('',(#13252,#13263),#13266,.F.);
#13252 = FACE_BOUND('',#13253,.F.);
#13253 = EDGE_LOOP('',(#13254));
#13254 = ORIENTED_EDGE('',*,*,#13255,.T.);
#13255 = EDGE_CURVE('',#13256,#13256,#13258,.T.);
#13256 = VERTEX_POINT('',#13257);
#13257 = CARTESIAN_POINT('',(477.5,482.5,405.));
#13258 = CIRCLE('',#13259,162.5);
#13259 = AXIS2_PLACEMENT_3D('',#13260,#13261,#13262);
#13260 = CARTESIAN_POINT('',(315.,482.5,405.));
#13261 = DIRECTION('',(0.,0.,1.));
#13262 = DIRECTION('',(1.,0.,0.));
#13263 = FACE_BOUND('',#13264,.F.);
#13264 = EDGE_LOOP('',(#13265));
#13265 = ORIENTED_EDGE('',*,*,#13198,.F.);
#13266 = PLANE('',#13267);
#13267 = AXIS2_PLACEMENT_3D('',#13268,#13269,#13270);
#13268 = CARTESIAN_POINT('',(-5.74E-15,524.16666666666,405.));
#13269 = DIRECTION('',(0.,0.,1.));
#13270 = DIRECTION('',(1.,0.,0.));
#13271 = ADVANCED_FACE('',(#13272),#13290,.F.);
#13272 = FACE_BOUND('',#13273,.T.);
#13273 = EDGE_LOOP('',(#13274,#13275,#13282,#13289));
#13274 = ORIENTED_EDGE('',*,*,#13218,.T.);
#13275 = ORIENTED_EDGE('',*,*,#13276,.F.);
#13276 = EDGE_CURVE('',#13277,#13219,#13279,.T.);
#13277 = VERTEX_POINT('',#13278);
#13278 = CARTESIAN_POINT('',(100.,0.,-125.));
#13279 = B_SPLINE_CURVE_WITH_KNOTS('',1,(#13280,#13281),.UNSPECIFIED.,
  .F.,.F.,(2,2),(-50.,409.),.PIECEWISE_BEZIER_KNOTS.);
#13280 = CARTESIAN_POINT('',(100.,2.449E-14,-125.));
#13281 = CARTESIAN_POINT('',(100.,2.449E-14,334.));
#13282 = ORIENTED_EDGE('',*,*,#13283,.T.);
#13283 = EDGE_CURVE('',#13277,#13277,#13284,.T.);
#13284 = CIRCLE('',#13285,100.);
#13285 = AXIS2_PLACEMENT_3D('',#13286,#13287,#13288);
#13286 = CARTESIAN_POINT('',(0.,0.,-125.));
#13287 = DIRECTION('',(0.,0.,-1.));
#13288 = DIRECTION('',(1.,0.,0.));
#13289 = ORIENTED_EDGE('',*,*,#13276,.T.);
#13290 = CYLINDRICAL_SURFACE('',#13291,100.);
#13291 = AXIS2_PLACEMENT_3D('',#13292,#13293,#13294);
#13292 = CARTESIAN_POINT('',(0.,0.,-75.));
#13293 = DIRECTION('',(0.,0.,1.));
#13294 = DIRECTION('',(1.,0.,0.));
#13295 = ADVANCED_FACE('',(#13296),#13323,.T.);
#13296 = FACE_BOUND('',#13297,.F.);
#13297 = EDGE_LOOP('',(#13298,#13308,#13315,#13316));
#13298 = ORIENTED_EDGE('',*,*,#13299,.T.);
#13299 = EDGE_CURVE('',#13300,#13302,#13304,.T.);
#13300 = VERTEX_POINT('',#13301);
#13301 = CARTESIAN_POINT('',(360.,0.,-25.));
#13302 = VERTEX_POINT('',#13303);
#13303 = CARTESIAN_POINT('',(360.,0.,-75.));
#13304 = LINE('',#13305,#13306);
#13305 = CARTESIAN_POINT('',(360.,0.,-25.));
#13306 = VECTOR('',#13307,1.);
#13307 = DIRECTION('',(0.,0.,-1.));
#13308 = ORIENTED_EDGE('',*,*,#13309,.T.);
#13309 = EDGE_CURVE('',#13302,#13302,#13310,.T.);
#13310 = CIRCLE('',#13311,360.);
#13311 = AXIS2_PLACEMENT_3D('',#13312,#13313,#13314);
#13312 = CARTESIAN_POINT('',(0.,0.,-75.));
#13313 = DIRECTION('',(0.,0.,-1.));
#13314 = DIRECTION('',(1.,0.,0.));
#13315 = ORIENTED_EDGE('',*,*,#13299,.F.);
#13316 = ORIENTED_EDGE('',*,*,#13317,.F.);
#13317 = EDGE_CURVE('',#13300,#13300,#13318,.T.);
#13318 = CIRCLE('',#13319,360.);
#13319 = AXIS2_PLACEMENT_3D('',#13320,#13321,#13322);
#13320 = CARTESIAN_POINT('',(0.,0.,-25.));
#13321 = DIRECTION('',(0.,0.,-1.));
#13322 = DIRECTION('',(1.,0.,0.));
#13323 = CYLINDRICAL_SURFACE('',#13324,360.);
#13324 = AXIS2_PLACEMENT_3D('',#13325,#13326,#13327);
#13325 = CARTESIAN_POINT('',(0.,0.,-25.));
#13326 = DIRECTION('',(0.,0.,1.));
#13327 = DIRECTION('',(1.,0.,0.));
#13328 = ADVANCED_FACE('',(#13329,#13332),#13343,.F.);
#13329 = FACE_BOUND('',#13330,.F.);
#13330 = EDGE_LOOP('',(#13331));
#13331 = ORIENTED_EDGE('',*,*,#13309,.F.);
#13332 = FACE_BOUND('',#13333,.F.);
#13333 = EDGE_LOOP('',(#13334));
#13334 = ORIENTED_EDGE('',*,*,#13335,.T.);
#13335 = EDGE_CURVE('',#13336,#13336,#13338,.T.);
#13336 = VERTEX_POINT('',#13337);
#13337 = CARTESIAN_POINT('',(240.,0.,-75.));
#13338 = CIRCLE('',#13339,240.);
#13339 = AXIS2_PLACEMENT_3D('',#13340,#13341,#13342);
#13340 = CARTESIAN_POINT('',(0.,0.,-75.));
#13341 = DIRECTION('',(0.,0.,-1.));
#13342 = DIRECTION('',(1.,0.,0.));
#13343 = PLANE('',#13344);
#13344 = AXIS2_PLACEMENT_3D('',#13345,#13346,#13347);
#13345 = CARTESIAN_POINT('',(-1.294E-14,-2.16E-15,-75.));
#13346 = DIRECTION('',(0.,0.,1.));
#13347 = DIRECTION('',(1.,0.,0.));
#13348 = ADVANCED_FACE('',(#13349),#13368,.T.);
#13349 = FACE_BOUND('',#13350,.F.);
#13350 = EDGE_LOOP('',(#13351,#13359,#13366,#13367));
#13351 = ORIENTED_EDGE('',*,*,#13352,.T.);
#13352 = EDGE_CURVE('',#13336,#13353,#13355,.T.);
#13353 = VERTEX_POINT('',#13354);
#13354 = CARTESIAN_POINT('',(240.,0.,-125.));
#13355 = LINE('',#13356,#13357);
#13356 = CARTESIAN_POINT('',(240.,0.,-75.));
#13357 = VECTOR('',#13358,1.);
#13358 = DIRECTION('',(0.,0.,-1.));
#13359 = ORIENTED_EDGE('',*,*,#13360,.T.);
#13360 = EDGE_CURVE('',#13353,#13353,#13361,.T.);
#13361 = CIRCLE('',#13362,240.);
#13362 = AXIS2_PLACEMENT_3D('',#13363,#13364,#13365);
#13363 = CARTESIAN_POINT('',(0.,0.,-125.));
#13364 = DIRECTION('',(0.,0.,-1.));
#13365 = DIRECTION('',(1.,0.,0.));
#13366 = ORIENTED_EDGE('',*,*,#13352,.F.);
#13367 = ORIENTED_EDGE('',*,*,#13335,.F.);
#13368 = CYLINDRICAL_SURFACE('',#13369,240.);
#13369 = AXIS2_PLACEMENT_3D('',#13370,#13371,#13372);
#13370 = CARTESIAN_POINT('',(0.,0.,-75.));
#13371 = DIRECTION('',(0.,0.,1.));
#13372 = DIRECTION('',(1.,0.,0.));
#13373 = ADVANCED_FACE('',(#13374,#13377),#13380,.F.);
#13374 = FACE_BOUND('',#13375,.T.);
#13375 = EDGE_LOOP('',(#13376));
#13376 = ORIENTED_EDGE('',*,*,#13360,.T.);
#13377 = FACE_BOUND('',#13378,.F.);
#13378 = EDGE_LOOP('',(#13379));
#13379 = ORIENTED_EDGE('',*,*,#13283,.T.);
#13380 = PLANE('',#13381);
#13381 = AXIS2_PLACEMENT_3D('',#13382,#13383,#13384);
#13382 = CARTESIAN_POINT('',(-9.27E-15,-2.92E-15,-125.));
#13383 = DIRECTION('',(0.,0.,1.));
#13384 = DIRECTION('',(1.,0.,0.));
#13385 = ADVANCED_FACE('',(#13386),#13405,.T.);
#13386 = FACE_BOUND('',#13387,.F.);
#13387 = EDGE_LOOP('',(#13388,#13396,#13403,#13404));
#13388 = ORIENTED_EDGE('',*,*,#13389,.T.);
#13389 = EDGE_CURVE('',#13236,#13390,#13392,.T.);
#13390 = VERTEX_POINT('',#13391);
#13391 = CARTESIAN_POINT('',(162.5,607.5,580.));
#13392 = LINE('',#13393,#13394);
#13393 = CARTESIAN_POINT('',(162.5,607.5,405.));
#13394 = VECTOR('',#13395,1.);
#13395 = DIRECTION('',(0.,0.,1.));
#13396 = ORIENTED_EDGE('',*,*,#13397,.T.);
#13397 = EDGE_CURVE('',#13390,#13390,#13398,.T.);
#13398 = CIRCLE('',#13399,162.5);
#13399 = AXIS2_PLACEMENT_3D('',#13400,#13401,#13402);
#13400 = CARTESIAN_POINT('',(0.,607.5,580.));
#13401 = DIRECTION('',(0.,0.,1.));
#13402 = DIRECTION('',(1.,0.,0.));
#13403 = ORIENTED_EDGE('',*,*,#13389,.F.);
#13404 = ORIENTED_EDGE('',*,*,#13235,.F.);
#13405 = CYLINDRICAL_SURFACE('',#13406,162.5);
#13406 = AXIS2_PLACEMENT_3D('',#13407,#13408,#13409);
#13407 = CARTESIAN_POINT('',(0.,607.5,405.));
#13408 = DIRECTION('',(-0.,-0.,-1.));
#13409 = DIRECTION('',(1.,0.,0.));
#13410 = ADVANCED_FACE('',(#13411),#13430,.T.);
#13411 = FACE_BOUND('',#13412,.F.);
#13412 = EDGE_LOOP('',(#13413,#13421,#13428,#13429));
#13413 = ORIENTED_EDGE('',*,*,#13414,.T.);
#13414 = EDGE_CURVE('',#13256,#13415,#13417,.T.);
#13415 = VERTEX_POINT('',#13416);
#13416 = CARTESIAN_POINT('',(477.5,482.5,580.));
#13417 = LINE('',#13418,#13419);
#13418 = CARTESIAN_POINT('',(477.5,482.5,405.));
#13419 = VECTOR('',#13420,1.);
#13420 = DIRECTION('',(0.,0.,1.));
#13421 = ORIENTED_EDGE('',*,*,#13422,.T.);
#13422 = EDGE_CURVE('',#13415,#13415,#13423,.T.);
#13423 = CIRCLE('',#13424,162.5);
#13424 = AXIS2_PLACEMENT_3D('',#13425,#13426,#13427);
#13425 = CARTESIAN_POINT('',(315.,482.5,580.));
#13426 = DIRECTION('',(0.,0.,1.));
#13427 = DIRECTION('',(1.,0.,0.));
#13428 = ORIENTED_EDGE('',*,*,#13414,.F.);
#13429 = ORIENTED_EDGE('',*,*,#13255,.F.);
#13430 = CYLINDRICAL_SURFACE('',#13431,162.5);
#13431 = AXIS2_PLACEMENT_3D('',#13432,#13433,#13434);
#13432 = CARTESIAN_POINT('',(315.,482.5,405.));
#13433 = DIRECTION('',(-0.,-0.,-1.));
#13434 = DIRECTION('',(1.,0.,0.));
#13435 = ADVANCED_FACE('',(#13436,#13447),#13450,.T.);
#13436 = FACE_BOUND('',#13437,.T.);
#13437 = EDGE_LOOP('',(#13438));
#13438 = ORIENTED_EDGE('',*,*,#13439,.F.);
#13439 = EDGE_CURVE('',#13440,#13440,#13442,.T.);
#13440 = VERTEX_POINT('',#13441);
#13441 = CARTESIAN_POINT('',(142.5,607.5,580.));
#13442 = CIRCLE('',#13443,142.5);
#13443 = AXIS2_PLACEMENT_3D('',#13444,#13445,#13446);
#13444 = CARTESIAN_POINT('',(0.,607.5,580.));
#13445 = DIRECTION('',(0.,0.,1.));
#13446 = DIRECTION('',(1.,0.,0.));
#13447 = FACE_BOUND('',#13448,.T.);
#13448 = EDGE_LOOP('',(#13449));
#13449 = ORIENTED_EDGE('',*,*,#13397,.T.);
#13450 = PLANE('',#13451);
#13451 = AXIS2_PLACEMENT_3D('',#13452,#13453,#13454);
#13452 = CARTESIAN_POINT('',(-5.74E-15,524.16666666666,580.));
#13453 = DIRECTION('',(0.,0.,1.));
#13454 = DIRECTION('',(1.,0.,0.));
#13455 = ADVANCED_FACE('',(#13456,#13467),#13470,.T.);
#13456 = FACE_BOUND('',#13457,.T.);
#13457 = EDGE_LOOP('',(#13458));
#13458 = ORIENTED_EDGE('',*,*,#13459,.F.);
#13459 = EDGE_CURVE('',#13460,#13460,#13462,.T.);
#13460 = VERTEX_POINT('',#13461);
#13461 = CARTESIAN_POINT('',(457.5,482.5,580.));
#13462 = CIRCLE('',#13463,142.5);
#13463 = AXIS2_PLACEMENT_3D('',#13464,#13465,#13466);
#13464 = CARTESIAN_POINT('',(315.,482.5,580.));
#13465 = DIRECTION('',(0.,0.,1.));
#13466 = DIRECTION('',(1.,0.,0.));
#13467 = FACE_BOUND('',#13468,.T.);
#13468 = EDGE_LOOP('',(#13469));
#13469 = ORIENTED_EDGE('',*,*,#13422,.T.);
#13470 = PLANE('',#13471);
#13471 = AXIS2_PLACEMENT_3D('',#13472,#13473,#13474);
#13472 = CARTESIAN_POINT('',(-5.74E-15,524.16666666666,580.));
#13473 = DIRECTION('',(0.,0.,1.));
#13474 = DIRECTION('',(1.,0.,0.));
#13475 = ADVANCED_FACE('',(#13476),#13496,.F.);
#13476 = FACE_BOUND('',#13477,.T.);
#13477 = EDGE_LOOP('',(#13478,#13487,#13488,#13489));
#13478 = ORIENTED_EDGE('',*,*,#13479,.F.);
#13479 = EDGE_CURVE('',#13440,#13480,#13482,.T.);
#13480 = VERTEX_POINT('',#13481);
#13481 = CARTESIAN_POINT('',(117.5,607.5,605.));
#13482 = CIRCLE('',#13483,25.);
#13483 = AXIS2_PLACEMENT_3D('',#13484,#13485,#13486);
#13484 = CARTESIAN_POINT('',(142.5,607.5,605.));
#13485 = DIRECTION('',(-0.,1.,0.));
#13486 = DIRECTION('',(1.,0.,0.));
#13487 = ORIENTED_EDGE('',*,*,#13439,.F.);
#13488 = ORIENTED_EDGE('',*,*,#13479,.T.);
#13489 = ORIENTED_EDGE('',*,*,#13490,.T.);
#13490 = EDGE_CURVE('',#13480,#13480,#13491,.T.);
#13491 = CIRCLE('',#13492,117.5);
#13492 = AXIS2_PLACEMENT_3D('',#13493,#13494,#13495);
#13493 = CARTESIAN_POINT('',(0.,607.5,605.));
#13494 = DIRECTION('',(0.,0.,1.));
#13495 = DIRECTION('',(1.,0.,0.));
#13496 = TOROIDAL_SURFACE('',#13497,142.5,25.);
#13497 = AXIS2_PLACEMENT_3D('',#13498,#13499,#13500);
#13498 = CARTESIAN_POINT('',(0.,607.5,605.));
#13499 = DIRECTION('',(-0.,-0.,-1.));
#13500 = DIRECTION('',(1.,0.,0.));
#13501 = ADVANCED_FACE('',(#13502),#13522,.F.);
#13502 = FACE_BOUND('',#13503,.T.);
#13503 = EDGE_LOOP('',(#13504,#13513,#13514,#13515));
#13504 = ORIENTED_EDGE('',*,*,#13505,.F.);
#13505 = EDGE_CURVE('',#13460,#13506,#13508,.T.);
#13506 = VERTEX_POINT('',#13507);
#13507 = CARTESIAN_POINT('',(432.5,482.5,605.));
#13508 = CIRCLE('',#13509,25.);
#13509 = AXIS2_PLACEMENT_3D('',#13510,#13511,#13512);
#13510 = CARTESIAN_POINT('',(457.5,482.5,605.));
#13511 = DIRECTION('',(-0.,1.,0.));
#13512 = DIRECTION('',(1.,0.,0.));
#13513 = ORIENTED_EDGE('',*,*,#13459,.F.);
#13514 = ORIENTED_EDGE('',*,*,#13505,.T.);
#13515 = ORIENTED_EDGE('',*,*,#13516,.T.);
#13516 = EDGE_CURVE('',#13506,#13506,#13517,.T.);
#13517 = CIRCLE('',#13518,117.5);
#13518 = AXIS2_PLACEMENT_3D('',#13519,#13520,#13521);
#13519 = CARTESIAN_POINT('',(315.,482.5,605.));
#13520 = DIRECTION('',(0.,0.,1.));
#13521 = DIRECTION('',(1.,0.,0.));
#13522 = TOROIDAL_SURFACE('',#13523,142.5,25.);
#13523 = AXIS2_PLACEMENT_3D('',#13524,#13525,#13526);
#13524 = CARTESIAN_POINT('',(315.,482.5,605.));
#13525 = DIRECTION('',(-0.,-0.,-1.));
#13526 = DIRECTION('',(1.,0.,0.));
#13527 = ADVANCED_FACE('',(#13528),#13547,.T.);
#13528 = FACE_BOUND('',#13529,.F.);
#13529 = EDGE_LOOP('',(#13530,#13538,#13545,#13546));
#13530 = ORIENTED_EDGE('',*,*,#13531,.T.);
#13531 = EDGE_CURVE('',#13480,#13532,#13534,.T.);
#13532 = VERTEX_POINT('',#13533);
#13533 = CARTESIAN_POINT('',(117.5,607.5,680.));
#13534 = LINE('',#13535,#13536);
#13535 = CARTESIAN_POINT('',(117.5,607.5,580.));
#13536 = VECTOR('',#13537,1.);
#13537 = DIRECTION('',(0.,0.,1.));
#13538 = ORIENTED_EDGE('',*,*,#13539,.T.);
#13539 = EDGE_CURVE('',#13532,#13532,#13540,.T.);
#13540 = CIRCLE('',#13541,117.5);
#13541 = AXIS2_PLACEMENT_3D('',#13542,#13543,#13544);
#13542 = CARTESIAN_POINT('',(0.,607.5,680.));
#13543 = DIRECTION('',(0.,0.,1.));
#13544 = DIRECTION('',(1.,0.,0.));
#13545 = ORIENTED_EDGE('',*,*,#13531,.F.);
#13546 = ORIENTED_EDGE('',*,*,#13490,.F.);
#13547 = CYLINDRICAL_SURFACE('',#13548,117.5);
#13548 = AXIS2_PLACEMENT_3D('',#13549,#13550,#13551);
#13549 = CARTESIAN_POINT('',(0.,607.5,580.));
#13550 = DIRECTION('',(-0.,-0.,-1.));
#13551 = DIRECTION('',(1.,0.,0.));
#13552 = ADVANCED_FACE('',(#13553),#13572,.T.);
#13553 = FACE_BOUND('',#13554,.F.);
#13554 = EDGE_LOOP('',(#13555,#13563,#13570,#13571));
#13555 = ORIENTED_EDGE('',*,*,#13556,.T.);
#13556 = EDGE_CURVE('',#13506,#13557,#13559,.T.);
#13557 = VERTEX_POINT('',#13558);
#13558 = CARTESIAN_POINT('',(432.5,482.5,680.));
#13559 = LINE('',#13560,#13561);
#13560 = CARTESIAN_POINT('',(432.5,482.5,580.));
#13561 = VECTOR('',#13562,1.);
#13562 = DIRECTION('',(0.,0.,1.));
#13563 = ORIENTED_EDGE('',*,*,#13564,.T.);
#13564 = EDGE_CURVE('',#13557,#13557,#13565,.T.);
#13565 = CIRCLE('',#13566,117.5);
#13566 = AXIS2_PLACEMENT_3D('',#13567,#13568,#13569);
#13567 = CARTESIAN_POINT('',(315.,482.5,680.));
#13568 = DIRECTION('',(0.,0.,1.));
#13569 = DIRECTION('',(1.,0.,0.));
#13570 = ORIENTED_EDGE('',*,*,#13556,.F.);
#13571 = ORIENTED_EDGE('',*,*,#13516,.F.);
#13572 = CYLINDRICAL_SURFACE('',#13573,117.5);
#13573 = AXIS2_PLACEMENT_3D('',#13574,#13575,#13576);
#13574 = CARTESIAN_POINT('',(315.,482.5,580.));
#13575 = DIRECTION('',(-0.,-0.,-1.));
#13576 = DIRECTION('',(1.,0.,0.));
#13577 = ADVANCED_FACE('',(#13578,#13581,#13592,#13603,#13614),#13625,
  .T.);
#13578 = FACE_BOUND('',#13579,.T.);
#13579 = EDGE_LOOP('',(#13580));
#13580 = ORIENTED_EDGE('',*,*,#13539,.T.);
#13581 = FACE_BOUND('',#13582,.T.);
#13582 = EDGE_LOOP('',(#13583));
#13583 = ORIENTED_EDGE('',*,*,#13584,.F.);
#13584 = EDGE_CURVE('',#13585,#13585,#13587,.T.);
#13585 = VERTEX_POINT('',#13586);
#13586 = CARTESIAN_POINT('',(-66.15,535.,680.));
#13587 = CIRCLE('',#13588,6.35);
#13588 = AXIS2_PLACEMENT_3D('',#13589,#13590,#13591);
#13589 = CARTESIAN_POINT('',(-72.5,535.,680.));
#13590 = DIRECTION('',(0.,0.,1.));
#13591 = DIRECTION('',(1.,0.,0.));
#13592 = FACE_BOUND('',#13593,.T.);
#13593 = EDGE_LOOP('',(#13594));
#13594 = ORIENTED_EDGE('',*,*,#13595,.F.);
#13595 = EDGE_CURVE('',#13596,#13596,#13598,.T.);
#13596 = VERTEX_POINT('',#13597);
#13597 = CARTESIAN_POINT('',(78.85,535.,680.));
#13598 = CIRCLE('',#13599,6.35);
#13599 = AXIS2_PLACEMENT_3D('',#13600,#13601,#13602);
#13600 = CARTESIAN_POINT('',(72.5,535.,680.));
#13601 = DIRECTION('',(0.,0.,1.));
#13602 = DIRECTION('',(1.,0.,0.));
#13603 = FACE_BOUND('',#13604,.T.);
#13604 = EDGE_LOOP('',(#13605));
#13605 = ORIENTED_EDGE('',*,*,#13606,.F.);
#13606 = EDGE_CURVE('',#13607,#13607,#13609,.T.);
#13607 = VERTEX_POINT('',#13608);
#13608 = CARTESIAN_POINT('',(-66.15,680.,680.));
#13609 = CIRCLE('',#13610,6.35);
#13610 = AXIS2_PLACEMENT_3D('',#13611,#13612,#13613);
#13611 = CARTESIAN_POINT('',(-72.5,680.,680.));
#13612 = DIRECTION('',(0.,0.,1.));
#13613 = DIRECTION('',(1.,0.,0.));
#13614 = FACE_BOUND('',#13615,.T.);
#13615 = EDGE_LOOP('',(#13616));
#13616 = ORIENTED_EDGE('',*,*,#13617,.F.);
#13617 = EDGE_CURVE('',#13618,#13618,#13620,.T.);
#13618 = VERTEX_POINT('',#13619);
#13619 = CARTESIAN_POINT('',(78.85,680.,680.));
#13620 = CIRCLE('',#13621,6.35);
#13621 = AXIS2_PLACEMENT_3D('',#13622,#13623,#13624);
#13622 = CARTESIAN_POINT('',(72.5,680.,680.));
#13623 = DIRECTION('',(0.,0.,1.));
#13624 = DIRECTION('',(1.,0.,0.));
#13625 = PLANE('',#13626);
#13626 = AXIS2_PLACEMENT_3D('',#13627,#13628,#13629);
#13627 = CARTESIAN_POINT('',(-2.383E-14,524.16666666666,680.));
#13628 = DIRECTION('',(0.,0.,1.));
#13629 = DIRECTION('',(1.,0.,0.));
#13630 = ADVANCED_FACE('',(#13631,#13634,#13645,#13656,#13667),#13678,
  .T.);
#13631 = FACE_BOUND('',#13632,.T.);
#13632 = EDGE_LOOP('',(#13633));
#13633 = ORIENTED_EDGE('',*,*,#13564,.T.);
#13634 = FACE_BOUND('',#13635,.T.);
#13635 = EDGE_LOOP('',(#13636));
#13636 = ORIENTED_EDGE('',*,*,#13637,.F.);
#13637 = EDGE_CURVE('',#13638,#13638,#13640,.T.);
#13638 = VERTEX_POINT('',#13639);
#13639 = CARTESIAN_POINT('',(321.35,379.96951672795,680.));
#13640 = CIRCLE('',#13641,6.35);
#13641 = AXIS2_PLACEMENT_3D('',#13642,#13643,#13644);
#13642 = CARTESIAN_POINT('',(315.,379.96951672795,680.));
#13643 = DIRECTION('',(0.,0.,1.));
#13644 = DIRECTION('',(1.,0.,0.));
#13645 = FACE_BOUND('',#13646,.T.);
#13646 = EDGE_LOOP('',(#13647));
#13647 = ORIENTED_EDGE('',*,*,#13648,.F.);
#13648 = EDGE_CURVE('',#13649,#13649,#13651,.T.);
#13649 = VERTEX_POINT('',#13650);
#13650 = CARTESIAN_POINT('',(218.81951672795,482.5,680.));
#13651 = CIRCLE('',#13652,6.35);
#13652 = AXIS2_PLACEMENT_3D('',#13653,#13654,#13655);
#13653 = CARTESIAN_POINT('',(212.46951672795,482.5,680.));
#13654 = DIRECTION('',(0.,0.,1.));
#13655 = DIRECTION('',(1.,0.,0.));
#13656 = FACE_BOUND('',#13657,.T.);
#13657 = EDGE_LOOP('',(#13658));
#13658 = ORIENTED_EDGE('',*,*,#13659,.F.);
#13659 = EDGE_CURVE('',#13660,#13660,#13662,.T.);
#13660 = VERTEX_POINT('',#13661);
#13661 = CARTESIAN_POINT('',(423.88048327204,482.5,680.));
#13662 = CIRCLE('',#13663,6.35);
#13663 = AXIS2_PLACEMENT_3D('',#13664,#13665,#13666);
#13664 = CARTESIAN_POINT('',(417.53048327204,482.5,680.));
#13665 = DIRECTION('',(0.,0.,1.));
#13666 = DIRECTION('',(1.,0.,0.));
#13667 = FACE_BOUND('',#13668,.T.);
#13668 = EDGE_LOOP('',(#13669));
#13669 = ORIENTED_EDGE('',*,*,#13670,.F.);
#13670 = EDGE_CURVE('',#13671,#13671,#13673,.T.);
#13671 = VERTEX_POINT('',#13672);
#13672 = CARTESIAN_POINT('',(321.35,585.03048327204,680.));
#13673 = CIRCLE('',#13674,6.35);
#13674 = AXIS2_PLACEMENT_3D('',#13675,#13676,#13677);
#13675 = CARTESIAN_POINT('',(315.,585.03048327204,680.));
#13676 = DIRECTION('',(0.,0.,1.));
#13677 = DIRECTION('',(1.,0.,0.));
#13678 = PLANE('',#13679);
#13679 = AXIS2_PLACEMENT_3D('',#13680,#13681,#13682);
#13680 = CARTESIAN_POINT('',(-2.383E-14,524.16666666666,680.));
#13681 = DIRECTION('',(0.,0.,1.));
#13682 = DIRECTION('',(1.,0.,0.));
#13683 = ADVANCED_FACE('',(#13684),#13703,.F.);
#13684 = FACE_BOUND('',#13685,.F.);
#13685 = EDGE_LOOP('',(#13686,#13694,#13701,#13702));
#13686 = ORIENTED_EDGE('',*,*,#13687,.T.);
#13687 = EDGE_CURVE('',#13585,#13688,#13690,.T.);
#13688 = VERTEX_POINT('',#13689);
#13689 = CARTESIAN_POINT('',(-66.15,535.,655.));
#13690 = LINE('',#13691,#13692);
#13691 = CARTESIAN_POINT('',(-66.15,535.,680.));
#13692 = VECTOR('',#13693,1.);
#13693 = DIRECTION('',(-0.,-0.,-1.));
#13694 = ORIENTED_EDGE('',*,*,#13695,.T.);
#13695 = EDGE_CURVE('',#13688,#13688,#13696,.T.);
#13696 = CIRCLE('',#13697,6.35);
#13697 = AXIS2_PLACEMENT_3D('',#13698,#13699,#13700);
#13698 = CARTESIAN_POINT('',(-72.5,535.,655.));
#13699 = DIRECTION('',(0.,0.,1.));
#13700 = DIRECTION('',(1.,0.,0.));
#13701 = ORIENTED_EDGE('',*,*,#13687,.F.);
#13702 = ORIENTED_EDGE('',*,*,#13584,.F.);
#13703 = CYLINDRICAL_SURFACE('',#13704,6.35);
#13704 = AXIS2_PLACEMENT_3D('',#13705,#13706,#13707);
#13705 = CARTESIAN_POINT('',(-72.5,535.,680.));
#13706 = DIRECTION('',(0.,0.,1.));
#13707 = DIRECTION('',(1.,0.,0.));
#13708 = ADVANCED_FACE('',(#13709),#13728,.F.);
#13709 = FACE_BOUND('',#13710,.F.);
#13710 = EDGE_LOOP('',(#13711,#13719,#13726,#13727));
#13711 = ORIENTED_EDGE('',*,*,#13712,.T.);
#13712 = EDGE_CURVE('',#13596,#13713,#13715,.T.);
#13713 = VERTEX_POINT('',#13714);
#13714 = CARTESIAN_POINT('',(78.85,535.,655.));
#13715 = LINE('',#13716,#13717);
#13716 = CARTESIAN_POINT('',(78.85,535.,680.));
#13717 = VECTOR('',#13718,1.);
#13718 = DIRECTION('',(-0.,-0.,-1.));
#13719 = ORIENTED_EDGE('',*,*,#13720,.T.);
#13720 = EDGE_CURVE('',#13713,#13713,#13721,.T.);
#13721 = CIRCLE('',#13722,6.35);
#13722 = AXIS2_PLACEMENT_3D('',#13723,#13724,#13725);
#13723 = CARTESIAN_POINT('',(72.5,535.,655.));
#13724 = DIRECTION('',(0.,0.,1.));
#13725 = DIRECTION('',(1.,0.,0.));
#13726 = ORIENTED_EDGE('',*,*,#13712,.F.);
#13727 = ORIENTED_EDGE('',*,*,#13595,.F.);
#13728 = CYLINDRICAL_SURFACE('',#13729,6.35);
#13729 = AXIS2_PLACEMENT_3D('',#13730,#13731,#13732);
#13730 = CARTESIAN_POINT('',(72.5,535.,680.));
#13731 = DIRECTION('',(0.,0.,1.));
#13732 = DIRECTION('',(1.,0.,0.));
#13733 = ADVANCED_FACE('',(#13734),#13753,.F.);
#13734 = FACE_BOUND('',#13735,.F.);
#13735 = EDGE_LOOP('',(#13736,#13744,#13751,#13752));
#13736 = ORIENTED_EDGE('',*,*,#13737,.T.);
#13737 = EDGE_CURVE('',#13607,#13738,#13740,.T.);
#13738 = VERTEX_POINT('',#13739);
#13739 = CARTESIAN_POINT('',(-66.15,680.,655.));
#13740 = LINE('',#13741,#13742);
#13741 = CARTESIAN_POINT('',(-66.15,680.,680.));
#13742 = VECTOR('',#13743,1.);
#13743 = DIRECTION('',(-0.,-0.,-1.));
#13744 = ORIENTED_EDGE('',*,*,#13745,.T.);
#13745 = EDGE_CURVE('',#13738,#13738,#13746,.T.);
#13746 = CIRCLE('',#13747,6.35);
#13747 = AXIS2_PLACEMENT_3D('',#13748,#13749,#13750);
#13748 = CARTESIAN_POINT('',(-72.5,680.,655.));
#13749 = DIRECTION('',(0.,0.,1.));
#13750 = DIRECTION('',(1.,0.,0.));
#13751 = ORIENTED_EDGE('',*,*,#13737,.F.);
#13752 = ORIENTED_EDGE('',*,*,#13606,.F.);
#13753 = CYLINDRICAL_SURFACE('',#13754,6.35);
#13754 = AXIS2_PLACEMENT_3D('',#13755,#13756,#13757);
#13755 = CARTESIAN_POINT('',(-72.5,680.,680.));
#13756 = DIRECTION('',(0.,0.,1.));
#13757 = DIRECTION('',(1.,0.,0.));
#13758 = ADVANCED_FACE('',(#13759),#13778,.F.);
#13759 = FACE_BOUND('',#13760,.F.);
#13760 = EDGE_LOOP('',(#13761,#13769,#13776,#13777));
#13761 = ORIENTED_EDGE('',*,*,#13762,.T.);
#13762 = EDGE_CURVE('',#13618,#13763,#13765,.T.);
#13763 = VERTEX_POINT('',#13764);
#13764 = CARTESIAN_POINT('',(78.85,680.,655.));
#13765 = LINE('',#13766,#13767);
#13766 = CARTESIAN_POINT('',(78.85,680.,680.));
#13767 = VECTOR('',#13768,1.);
#13768 = DIRECTION('',(-0.,-0.,-1.));
#13769 = ORIENTED_EDGE('',*,*,#13770,.T.);
#13770 = EDGE_CURVE('',#13763,#13763,#13771,.T.);
#13771 = CIRCLE('',#13772,6.35);
#13772 = AXIS2_PLACEMENT_3D('',#13773,#13774,#13775);
#13773 = CARTESIAN_POINT('',(72.5,680.,655.));
#13774 = DIRECTION('',(0.,0.,1.));
#13775 = DIRECTION('',(1.,0.,0.));
#13776 = ORIENTED_EDGE('',*,*,#13762,.F.);
#13777 = ORIENTED_EDGE('',*,*,#13617,.F.);
#13778 = CYLINDRICAL_SURFACE('',#13779,6.35);
#13779 = AXIS2_PLACEMENT_3D('',#13780,#13781,#13782);
#13780 = CARTESIAN_POINT('',(72.5,680.,680.));
#13781 = DIRECTION('',(0.,0.,1.));
#13782 = DIRECTION('',(1.,0.,0.));
#13783 = ADVANCED_FACE('',(#13784),#13803,.F.);
#13784 = FACE_BOUND('',#13785,.F.);
#13785 = EDGE_LOOP('',(#13786,#13794,#13801,#13802));
#13786 = ORIENTED_EDGE('',*,*,#13787,.T.);
#13787 = EDGE_CURVE('',#13638,#13788,#13790,.T.);
#13788 = VERTEX_POINT('',#13789);
#13789 = CARTESIAN_POINT('',(321.35,379.96951672795,655.));
#13790 = LINE('',#13791,#13792);
#13791 = CARTESIAN_POINT('',(321.35,379.96951672795,680.));
#13792 = VECTOR('',#13793,1.);
#13793 = DIRECTION('',(-0.,-0.,-1.));
#13794 = ORIENTED_EDGE('',*,*,#13795,.T.);
#13795 = EDGE_CURVE('',#13788,#13788,#13796,.T.);
#13796 = CIRCLE('',#13797,6.35);
#13797 = AXIS2_PLACEMENT_3D('',#13798,#13799,#13800);
#13798 = CARTESIAN_POINT('',(315.,379.96951672795,655.));
#13799 = DIRECTION('',(0.,0.,1.));
#13800 = DIRECTION('',(1.,0.,0.));
#13801 = ORIENTED_EDGE('',*,*,#13787,.F.);
#13802 = ORIENTED_EDGE('',*,*,#13637,.F.);
#13803 = CYLINDRICAL_SURFACE('',#13804,6.35);
#13804 = AXIS2_PLACEMENT_3D('',#13805,#13806,#13807);
#13805 = CARTESIAN_POINT('',(315.,379.96951672795,680.));
#13806 = DIRECTION('',(0.,0.,1.));
#13807 = DIRECTION('',(1.,0.,0.));
#13808 = ADVANCED_FACE('',(#13809),#13828,.F.);
#13809 = FACE_BOUND('',#13810,.F.);
#13810 = EDGE_LOOP('',(#13811,#13819,#13826,#13827));
#13811 = ORIENTED_EDGE('',*,*,#13812,.T.);
#13812 = EDGE_CURVE('',#13649,#13813,#13815,.T.);
#13813 = VERTEX_POINT('',#13814);
#13814 = CARTESIAN_POINT('',(218.81951672795,482.5,655.));
#13815 = LINE('',#13816,#13817);
#13816 = CARTESIAN_POINT('',(218.81951672795,482.5,680.));
#13817 = VECTOR('',#13818,1.);
#13818 = DIRECTION('',(-0.,-0.,-1.));
#13819 = ORIENTED_EDGE('',*,*,#13820,.T.);
#13820 = EDGE_CURVE('',#13813,#13813,#13821,.T.);
#13821 = CIRCLE('',#13822,6.35);
#13822 = AXIS2_PLACEMENT_3D('',#13823,#13824,#13825);
#13823 = CARTESIAN_POINT('',(212.46951672795,482.5,655.));
#13824 = DIRECTION('',(0.,0.,1.));
#13825 = DIRECTION('',(1.,0.,0.));
#13826 = ORIENTED_EDGE('',*,*,#13812,.F.);
#13827 = ORIENTED_EDGE('',*,*,#13648,.F.);
#13828 = CYLINDRICAL_SURFACE('',#13829,6.35);
#13829 = AXIS2_PLACEMENT_3D('',#13830,#13831,#13832);
#13830 = CARTESIAN_POINT('',(212.46951672795,482.5,680.));
#13831 = DIRECTION('',(0.,0.,1.));
#13832 = DIRECTION('',(1.,0.,0.));
#13833 = ADVANCED_FACE('',(#13834),#13853,.F.);
#13834 = FACE_BOUND('',#13835,.F.);
#13835 = EDGE_LOOP('',(#13836,#13844,#13851,#13852));
#13836 = ORIENTED_EDGE('',*,*,#13837,.T.);
#13837 = EDGE_CURVE('',#13660,#13838,#13840,.T.);
#13838 = VERTEX_POINT('',#13839);
#13839 = CARTESIAN_POINT('',(423.88048327204,482.5,655.));
#13840 = LINE('',#13841,#13842);
#13841 = CARTESIAN_POINT('',(423.88048327204,482.5,680.));
#13842 = VECTOR('',#13843,1.);
#13843 = DIRECTION('',(-0.,-0.,-1.));
#13844 = ORIENTED_EDGE('',*,*,#13845,.T.);
#13845 = EDGE_CURVE('',#13838,#13838,#13846,.T.);
#13846 = CIRCLE('',#13847,6.35);
#13847 = AXIS2_PLACEMENT_3D('',#13848,#13849,#13850);
#13848 = CARTESIAN_POINT('',(417.53048327204,482.5,655.));
#13849 = DIRECTION('',(0.,0.,1.));
#13850 = DIRECTION('',(1.,0.,0.));
#13851 = ORIENTED_EDGE('',*,*,#13837,.F.);
#13852 = ORIENTED_EDGE('',*,*,#13659,.F.);
#13853 = CYLINDRICAL_SURFACE('',#13854,6.35);
#13854 = AXIS2_PLACEMENT_3D('',#13855,#13856,#13857);
#13855 = CARTESIAN_POINT('',(417.53048327204,482.5,680.));
#13856 = DIRECTION('',(0.,0.,1.));
#13857 = DIRECTION('',(1.,0.,0.));
#13858 = ADVANCED_FACE('',(#13859),#13878,.F.);
#13859 = FACE_BOUND('',#13860,.F.);
#13860 = EDGE_LOOP('',(#13861,#13869,#13876,#13877));
#13861 = ORIENTED_EDGE('',*,*,#13862,.T.);
#13862 = EDGE_CURVE('',#13671,#13863,#13865,.T.);
#13863 = VERTEX_POINT('',#13864);
#13864 = CARTESIAN_POINT('',(321.35,585.03048327204,655.));
#13865 = LINE('',#13866,#13867);
#13866 = CARTESIAN_POINT('',(321.35,585.03048327204,680.));
#13867 = VECTOR('',#13868,1.);
#13868 = DIRECTION('',(-0.,-0.,-1.));
#13869 = ORIENTED_EDGE('',*,*,#13870,.T.);
#13870 = EDGE_CURVE('',#13863,#13863,#13871,.T.);
#13871 = CIRCLE('',#13872,6.35);
#13872 = AXIS2_PLACEMENT_3D('',#13873,#13874,#13875);
#13873 = CARTESIAN_POINT('',(315.,585.03048327204,655.));
#13874 = DIRECTION('',(0.,0.,1.));
#13875 = DIRECTION('',(1.,0.,0.));
#13876 = ORIENTED_EDGE('',*,*,#13862,.F.);
#13877 = ORIENTED_EDGE('',*,*,#13670,.F.);
#13878 = CYLINDRICAL_SURFACE('',#13879,6.35);
#13879 = AXIS2_PLACEMENT_3D('',#13880,#13881,#13882);
#13880 = CARTESIAN_POINT('',(315.,585.03048327204,680.));
#13881 = DIRECTION('',(0.,0.,1.));
#13882 = DIRECTION('',(1.,0.,0.));
#13883 = ADVANCED_FACE('',(#13884),#13887,.T.);
#13884 = FACE_BOUND('',#13885,.T.);
#13885 = EDGE_LOOP('',(#13886));
#13886 = ORIENTED_EDGE('',*,*,#13695,.T.);
#13887 = PLANE('',#13888);
#13888 = AXIS2_PLACEMENT_3D('',#13889,#13890,#13891);
#13889 = CARTESIAN_POINT('',(2.125E-14,524.16666666666,655.));
#13890 = DIRECTION('',(0.,0.,1.));
#13891 = DIRECTION('',(1.,0.,0.));
#13892 = ADVANCED_FACE('',(#13893),#13896,.T.);
#13893 = FACE_BOUND('',#13894,.T.);
#13894 = EDGE_LOOP('',(#13895));
#13895 = ORIENTED_EDGE('',*,*,#13720,.T.);
#13896 = PLANE('',#13897);
#13897 = AXIS2_PLACEMENT_3D('',#13898,#13899,#13900);
#13898 = CARTESIAN_POINT('',(2.125E-14,524.16666666666,655.));
#13899 = DIRECTION('',(0.,0.,1.));
#13900 = DIRECTION('',(1.,0.,0.));
#13901 = ADVANCED_FACE('',(#13902),#13905,.T.);
#13902 = FACE_BOUND('',#13903,.T.);
#13903 = EDGE_LOOP('',(#13904));
#13904 = ORIENTED_EDGE('',*,*,#13745,.T.);
#13905 = PLANE('',#13906);
#13906 = AXIS2_PLACEMENT_3D('',#13907,#13908,#13909);
#13907 = CARTESIAN_POINT('',(2.125E-14,524.16666666666,655.));
#13908 = DIRECTION('',(0.,0.,1.));
#13909 = DIRECTION('',(1.,0.,0.));
#13910 = ADVANCED_FACE('',(#13911),#13914,.T.);
#13911 = FACE_BOUND('',#13912,.T.);
#13912 = EDGE_LOOP('',(#13913));
#13913 = ORIENTED_EDGE('',*,*,#13770,.T.);
#13914 = PLANE('',#13915);
#13915 = AXIS2_PLACEMENT_3D('',#13916,#13917,#13918);
#13916 = CARTESIAN_POINT('',(2.125E-14,524.16666666666,655.));
#13917 = DIRECTION('',(0.,0.,1.));
#13918 = DIRECTION('',(1.,0.,0.));
#13919 = ADVANCED_FACE('',(#13920),#13923,.T.);
#13920 = FACE_BOUND('',#13921,.T.);
#13921 = EDGE_LOOP('',(#13922));
#13922 = ORIENTED_EDGE('',*,*,#13795,.T.);
#13923 = PLANE('',#13924);
#13924 = AXIS2_PLACEMENT_3D('',#13925,#13926,#13927);
#13925 = CARTESIAN_POINT('',(2.125E-14,524.16666666666,655.));
#13926 = DIRECTION('',(0.,0.,1.));
#13927 = DIRECTION('',(1.,0.,0.));
#13928 = ADVANCED_FACE('',(#13929),#13932,.T.);
#13929 = FACE_BOUND('',#13930,.T.);
#13930 = EDGE_LOOP('',(#13931));
#13931 = ORIENTED_EDGE('',*,*,#13820,.T.);
#13932 = PLANE('',#13933);
#13933 = AXIS2_PLACEMENT_3D('',#13934,#13935,#13936);
#13934 = CARTESIAN_POINT('',(2.125E-14,524.16666666666,655.));
#13935 = DIRECTION('',(0.,0.,1.));
#13936 = DIRECTION('',(1.,0.,0.));
#13937 = ADVANCED_FACE('',(#13938),#13941,.T.);
#13938 = FACE_BOUND('',#13939,.T.);
#13939 = EDGE_LOOP('',(#13940));
#13940 = ORIENTED_EDGE('',*,*,#13845,.T.);
#13941 = PLANE('',#13942);
#13942 = AXIS2_PLACEMENT_3D('',#13943,#13944,#13945);
#13943 = CARTESIAN_POINT('',(2.125E-14,524.16666666666,655.));
#13944 = DIRECTION('',(0.,0.,1.));
#13945 = DIRECTION('',(1.,0.,0.));
#13946 = ADVANCED_FACE('',(#13947),#13950,.T.);
#13947 = FACE_BOUND('',#13948,.T.);
#13948 = EDGE_LOOP('',(#13949));
#13949 = ORIENTED_EDGE('',*,*,#13870,.T.);
#13950 = PLANE('',#13951);
#13951 = AXIS2_PLACEMENT_3D('',#13952,#13953,#13954);
#13952 = CARTESIAN_POINT('',(2.125E-14,524.16666666666,655.));
#13953 = DIRECTION('',(0.,0.,1.));
#13954 = DIRECTION('',(1.,0.,0.));
#13955 = ADVANCED_FACE('',(#13956,#14014,#14017,#14028,#14039),#14050,
  .T.);
#13956 = FACE_BOUND('',#13957,.T.);
#13957 = EDGE_LOOP('',(#13958,#13959,#13960,#13966,#13967,#13968,#13969,
    #13970,#13971,#13972,#13973,#13974,#13975,#13976,#13977,#13978,
    #13979,#13980,#13981,#13982,#13983,#13984,#13985,#13986,#13987,
    #13988,#13989,#13990,#13991,#13992,#13993,#13994,#13995,#13996,
    #13997,#13998,#13999,#14000,#14001,#14002,#14003,#14009,#14010,
    #14011,#14012,#14013));
#13958 = ORIENTED_EDGE('',*,*,#8531,.T.);
#13959 = ORIENTED_EDGE('',*,*,#9425,.T.);
#13960 = ORIENTED_EDGE('',*,*,#13961,.F.);
#13961 = EDGE_CURVE('',#11676,#9426,#13962,.T.);
#13962 = LINE('',#13963,#13964);
#13963 = CARTESIAN_POINT('',(-582.,300.,-25.));
#13964 = VECTOR('',#13965,1.);
#13965 = DIRECTION('',(1.,0.,0.));
#13966 = ORIENTED_EDGE('',*,*,#11683,.F.);
#13967 = ORIENTED_EDGE('',*,*,#11782,.T.);
#13968 = ORIENTED_EDGE('',*,*,#11900,.T.);
#13969 = ORIENTED_EDGE('',*,*,#12020,.F.);
#13970 = ORIENTED_EDGE('',*,*,#11635,.F.);
#13971 = ORIENTED_EDGE('',*,*,#12124,.T.);
#13972 = ORIENTED_EDGE('',*,*,#10190,.T.);
#13973 = ORIENTED_EDGE('',*,*,#10239,.F.);
#13974 = ORIENTED_EDGE('',*,*,#10269,.F.);
#13975 = ORIENTED_EDGE('',*,*,#10168,.T.);
#13976 = ORIENTED_EDGE('',*,*,#9981,.T.);
#13977 = ORIENTED_EDGE('',*,*,#9947,.F.);
#13978 = ORIENTED_EDGE('',*,*,#9109,.F.);
#13979 = ORIENTED_EDGE('',*,*,#8235,.T.);
#13980 = ORIENTED_EDGE('',*,*,#9050,.T.);
#13981 = ORIENTED_EDGE('',*,*,#10283,.T.);
#13982 = ORIENTED_EDGE('',*,*,#9245,.F.);
#13983 = ORIENTED_EDGE('',*,*,#8349,.T.);
#13984 = ORIENTED_EDGE('',*,*,#8397,.T.);
#13985 = ORIENTED_EDGE('',*,*,#8373,.T.);
#13986 = ORIENTED_EDGE('',*,*,#9280,.T.);
#13987 = ORIENTED_EDGE('',*,*,#10300,.F.);
#13988 = ORIENTED_EDGE('',*,*,#9175,.F.);
#13989 = ORIENTED_EDGE('',*,*,#8301,.T.);
#13990 = ORIENTED_EDGE('',*,*,#9210,.T.);
#13991 = ORIENTED_EDGE('',*,*,#10069,.T.);
#13992 = ORIENTED_EDGE('',*,*,#10101,.F.);
#13993 = ORIENTED_EDGE('',*,*,#10462,.T.);
#13994 = ORIENTED_EDGE('',*,*,#10488,.T.);
#13995 = ORIENTED_EDGE('',*,*,#10519,.F.);
#13996 = ORIENTED_EDGE('',*,*,#10707,.F.);
#13997 = ORIENTED_EDGE('',*,*,#12555,.T.);
#13998 = ORIENTED_EDGE('',*,*,#12524,.T.);
#13999 = ORIENTED_EDGE('',*,*,#11945,.F.);
#14000 = ORIENTED_EDGE('',*,*,#11915,.F.);
#14001 = ORIENTED_EDGE('',*,*,#11705,.T.);
#14002 = ORIENTED_EDGE('',*,*,#12476,.T.);
#14003 = ORIENTED_EDGE('',*,*,#14004,.F.);
#14004 = EDGE_CURVE('',#9591,#12477,#14005,.T.);
#14005 = LINE('',#14006,#14007);
#14006 = CARTESIAN_POINT('',(582.,300.,-25.));
#14007 = VECTOR('',#14008,1.);
#14008 = DIRECTION('',(1.,0.,0.));
#14009 = ORIENTED_EDGE('',*,*,#9590,.F.);
#14010 = ORIENTED_EDGE('',*,*,#8579,.F.);
#14011 = ORIENTED_EDGE('',*,*,#9556,.T.);
#14012 = ORIENTED_EDGE('',*,*,#10729,.F.);
#14013 = ORIENTED_EDGE('',*,*,#9400,.F.);
#14014 = FACE_BOUND('',#14015,.T.);
#14015 = EDGE_LOOP('',(#14016));
#14016 = ORIENTED_EDGE('',*,*,#13317,.F.);
#14017 = FACE_BOUND('',#14018,.T.);
#14018 = EDGE_LOOP('',(#14019));
#14019 = ORIENTED_EDGE('',*,*,#14020,.F.);
#14020 = EDGE_CURVE('',#14021,#14021,#14023,.T.);
#14021 = VERTEX_POINT('',#14022);
#14022 = CARTESIAN_POINT('',(440.,482.5,-25.));
#14023 = CIRCLE('',#14024,125.);
#14024 = AXIS2_PLACEMENT_3D('',#14025,#14026,#14027);
#14025 = CARTESIAN_POINT('',(315.,482.5,-25.));
#14026 = DIRECTION('',(0.,0.,-1.));
#14027 = DIRECTION('',(1.,0.,0.));
#14028 = FACE_BOUND('',#14029,.T.);
#14029 = EDGE_LOOP('',(#14030));
#14030 = ORIENTED_EDGE('',*,*,#14031,.F.);
#14031 = EDGE_CURVE('',#14032,#14032,#14034,.T.);
#14032 = VERTEX_POINT('',#14033);
#14033 = CARTESIAN_POINT('',(125.,607.5,-25.));
#14034 = CIRCLE('',#14035,125.);
#14035 = AXIS2_PLACEMENT_3D('',#14036,#14037,#14038);
#14036 = CARTESIAN_POINT('',(0.,607.5,-25.));
#14037 = DIRECTION('',(0.,0.,-1.));
#14038 = DIRECTION('',(1.,0.,0.));
#14039 = FACE_BOUND('',#14040,.T.);
#14040 = EDGE_LOOP('',(#14041));
#14041 = ORIENTED_EDGE('',*,*,#14042,.F.);
#14042 = EDGE_CURVE('',#14043,#14043,#14045,.T.);
#14043 = VERTEX_POINT('',#14044);
#14044 = CARTESIAN_POINT('',(-190.,482.5,-25.));
#14045 = CIRCLE('',#14046,125.);
#14046 = AXIS2_PLACEMENT_3D('',#14047,#14048,#14049);
#14047 = CARTESIAN_POINT('',(-315.,482.5,-25.));
#14048 = DIRECTION('',(0.,0.,-1.));
#14049 = DIRECTION('',(1.,0.,0.));
#14050 = PLANE('',#14051);
#14051 = AXIS2_PLACEMENT_3D('',#14052,#14053,#14054);
#14052 = CARTESIAN_POINT('',(1.4742E-13,312.14679445589,-25.));
#14053 = DIRECTION('',(-0.,-0.,-1.));
#14054 = DIRECTION('',(-1.,0.,0.));
#14055 = ADVANCED_FACE('',(#14056),#14075,.T.);
#14056 = FACE_BOUND('',#14057,.F.);
#14057 = EDGE_LOOP('',(#14058,#14066,#14073,#14074));
#14058 = ORIENTED_EDGE('',*,*,#14059,.T.);
#14059 = EDGE_CURVE('',#14021,#14060,#14062,.T.);
#14060 = VERTEX_POINT('',#14061);
#14061 = CARTESIAN_POINT('',(440.,482.5,-75.));
#14062 = LINE('',#14063,#14064);
#14063 = CARTESIAN_POINT('',(440.,482.5,-25.));
#14064 = VECTOR('',#14065,1.);
#14065 = DIRECTION('',(0.,0.,-1.));
#14066 = ORIENTED_EDGE('',*,*,#14067,.T.);
#14067 = EDGE_CURVE('',#14060,#14060,#14068,.T.);
#14068 = CIRCLE('',#14069,125.);
#14069 = AXIS2_PLACEMENT_3D('',#14070,#14071,#14072);
#14070 = CARTESIAN_POINT('',(315.,482.5,-75.));
#14071 = DIRECTION('',(0.,0.,-1.));
#14072 = DIRECTION('',(1.,0.,0.));
#14073 = ORIENTED_EDGE('',*,*,#14059,.F.);
#14074 = ORIENTED_EDGE('',*,*,#14020,.F.);
#14075 = CYLINDRICAL_SURFACE('',#14076,125.);
#14076 = AXIS2_PLACEMENT_3D('',#14077,#14078,#14079);
#14077 = CARTESIAN_POINT('',(315.,482.5,-25.));
#14078 = DIRECTION('',(0.,0.,1.));
#14079 = DIRECTION('',(1.,0.,0.));
#14080 = ADVANCED_FACE('',(#14081),#14084,.F.);
#14081 = FACE_BOUND('',#14082,.T.);
#14082 = EDGE_LOOP('',(#14083));
#14083 = ORIENTED_EDGE('',*,*,#14067,.T.);
#14084 = PLANE('',#14085);
#14085 = AXIS2_PLACEMENT_3D('',#14086,#14087,#14088);
#14086 = CARTESIAN_POINT('',(-3.734E-14,524.16666666666,-75.));
#14087 = DIRECTION('',(0.,0.,1.));
#14088 = DIRECTION('',(1.,0.,0.));
#14089 = ADVANCED_FACE('',(#14090),#14109,.T.);
#14090 = FACE_BOUND('',#14091,.F.);
#14091 = EDGE_LOOP('',(#14092,#14100,#14107,#14108));
#14092 = ORIENTED_EDGE('',*,*,#14093,.T.);
#14093 = EDGE_CURVE('',#14032,#14094,#14096,.T.);
#14094 = VERTEX_POINT('',#14095);
#14095 = CARTESIAN_POINT('',(125.,607.5,-75.));
#14096 = LINE('',#14097,#14098);
#14097 = CARTESIAN_POINT('',(125.,607.5,-25.));
#14098 = VECTOR('',#14099,1.);
#14099 = DIRECTION('',(0.,0.,-1.));
#14100 = ORIENTED_EDGE('',*,*,#14101,.T.);
#14101 = EDGE_CURVE('',#14094,#14094,#14102,.T.);
#14102 = CIRCLE('',#14103,125.);
#14103 = AXIS2_PLACEMENT_3D('',#14104,#14105,#14106);
#14104 = CARTESIAN_POINT('',(0.,607.5,-75.));
#14105 = DIRECTION('',(0.,0.,-1.));
#14106 = DIRECTION('',(1.,0.,0.));
#14107 = ORIENTED_EDGE('',*,*,#14093,.F.);
#14108 = ORIENTED_EDGE('',*,*,#14031,.F.);
#14109 = CYLINDRICAL_SURFACE('',#14110,125.);
#14110 = AXIS2_PLACEMENT_3D('',#14111,#14112,#14113);
#14111 = CARTESIAN_POINT('',(0.,607.5,-25.));
#14112 = DIRECTION('',(0.,0.,1.));
#14113 = DIRECTION('',(1.,0.,0.));
#14114 = ADVANCED_FACE('',(#14115),#14118,.F.);
#14115 = FACE_BOUND('',#14116,.T.);
#14116 = EDGE_LOOP('',(#14117));
#14117 = ORIENTED_EDGE('',*,*,#14101,.T.);
#14118 = PLANE('',#14119);
#14119 = AXIS2_PLACEMENT_3D('',#14120,#14121,#14122);
#14120 = CARTESIAN_POINT('',(-3.734E-14,524.16666666666,-75.));
#14121 = DIRECTION('',(0.,0.,1.));
#14122 = DIRECTION('',(1.,0.,0.));
#14123 = ADVANCED_FACE('',(#14124),#14143,.T.);
#14124 = FACE_BOUND('',#14125,.F.);
#14125 = EDGE_LOOP('',(#14126,#14134,#14141,#14142));
#14126 = ORIENTED_EDGE('',*,*,#14127,.T.);
#14127 = EDGE_CURVE('',#14043,#14128,#14130,.T.);
#14128 = VERTEX_POINT('',#14129);
#14129 = CARTESIAN_POINT('',(-190.,482.5,-75.));
#14130 = LINE('',#14131,#14132);
#14131 = CARTESIAN_POINT('',(-190.,482.5,-25.));
#14132 = VECTOR('',#14133,1.);
#14133 = DIRECTION('',(0.,0.,-1.));
#14134 = ORIENTED_EDGE('',*,*,#14135,.T.);
#14135 = EDGE_CURVE('',#14128,#14128,#14136,.T.);
#14136 = CIRCLE('',#14137,125.);
#14137 = AXIS2_PLACEMENT_3D('',#14138,#14139,#14140);
#14138 = CARTESIAN_POINT('',(-315.,482.5,-75.));
#14139 = DIRECTION('',(0.,0.,-1.));
#14140 = DIRECTION('',(1.,0.,0.));
#14141 = ORIENTED_EDGE('',*,*,#14127,.F.);
#14142 = ORIENTED_EDGE('',*,*,#14042,.F.);
#14143 = CYLINDRICAL_SURFACE('',#14144,125.);
#14144 = AXIS2_PLACEMENT_3D('',#14145,#14146,#14147);
#14145 = CARTESIAN_POINT('',(-315.,482.5,-25.));
#14146 = DIRECTION('',(0.,0.,1.));
#14147 = DIRECTION('',(1.,0.,0.));
#14148 = ADVANCED_FACE('',(#14149),#14152,.F.);
#14149 = FACE_BOUND('',#14150,.T.);
#14150 = EDGE_LOOP('',(#14151));
#14151 = ORIENTED_EDGE('',*,*,#14135,.T.);
#14152 = PLANE('',#14153);
#14153 = AXIS2_PLACEMENT_3D('',#14154,#14155,#14156);
#14154 = CARTESIAN_POINT('',(-3.734E-14,524.16666666666,-75.));
#14155 = DIRECTION('',(0.,0.,1.));
#14156 = DIRECTION('',(1.,0.,0.));
#14157 = ADVANCED_FACE('',(#14158,#14182),#14185,.T.);
#14158 = FACE_BOUND('',#14159,.T.);
#14159 = EDGE_LOOP('',(#14160,#14161,#14162,#14163,#14164,#14165,#14166,
    #14167,#14168,#14169,#14170,#14171,#14172,#14173,#14174,#14175,
    #14176,#14177,#14178,#14179,#14180,#14181));
#14160 = ORIENTED_EDGE('',*,*,#10128,.T.);
#14161 = ORIENTED_EDGE('',*,*,#9598,.T.);
#14162 = ORIENTED_EDGE('',*,*,#14004,.T.);
#14163 = ORIENTED_EDGE('',*,*,#12484,.T.);
#14164 = ORIENTED_EDGE('',*,*,#12747,.F.);
#14165 = ORIENTED_EDGE('',*,*,#12765,.T.);
#14166 = ORIENTED_EDGE('',*,*,#12796,.F.);
#14167 = ORIENTED_EDGE('',*,*,#12814,.T.);
#14168 = ORIENTED_EDGE('',*,*,#12845,.F.);
#14169 = ORIENTED_EDGE('',*,*,#12863,.T.);
#14170 = ORIENTED_EDGE('',*,*,#12887,.F.);
#14171 = ORIENTED_EDGE('',*,*,#11675,.T.);
#14172 = ORIENTED_EDGE('',*,*,#13961,.T.);
#14173 = ORIENTED_EDGE('',*,*,#9433,.T.);
#14174 = ORIENTED_EDGE('',*,*,#10038,.T.);
#14175 = ORIENTED_EDGE('',*,*,#11456,.F.);
#14176 = ORIENTED_EDGE('',*,*,#11506,.T.);
#14177 = ORIENTED_EDGE('',*,*,#11530,.F.);
#14178 = ORIENTED_EDGE('',*,*,#11555,.T.);
#14179 = ORIENTED_EDGE('',*,*,#11579,.F.);
#14180 = ORIENTED_EDGE('',*,*,#11597,.T.);
#14181 = ORIENTED_EDGE('',*,*,#11481,.F.);
#14182 = FACE_BOUND('',#14183,.T.);
#14183 = EDGE_LOOP('',(#14184));
#14184 = ORIENTED_EDGE('',*,*,#12912,.T.);
#14185 = PLANE('',#14186);
#14186 = AXIS2_PLACEMENT_3D('',#14187,#14188,#14189);
#14187 = CARTESIAN_POINT('',(4.362E-13,300.,680.72374160194));
#14188 = DIRECTION('',(0.,-1.,2.4E-16));
#14189 = DIRECTION('',(0.,-2.4E-16,-1.));
#14190 = ( GEOMETRIC_REPRESENTATION_CONTEXT(3) 
GLOBAL_UNCERTAINTY_ASSIGNED_CONTEXT((#14194)) 
GLOBAL_UNIT_ASSIGNED_CONTEXT((#14191,#14192,#14193)) 
REPRESENTATION_CONTEXT('Context #1',
  '3D Context with UNIT and UNCERTAINTY') );
#14191 = ( LENGTH_UNIT() NAMED_UNIT(*) SI_UNIT(.MILLI.,.METRE.) );
#14192 = ( NAMED_UNIT(*) PLANE_ANGLE_UNIT() SI_UNIT($,.RADIAN.) );
#14193 = ( NAMED_UNIT(*) SI_UNIT($,.STERADIAN.) SOLID_ANGLE_UNIT() );
#14194 = UNCERTAINTY_MEASURE_WITH_UNIT(LENGTH_MEASURE(1.E-03),#14191,
  'distance_accuracy_value','confusion accuracy');
#14195 = CONTEXT_DEPENDENT_SHAPE_REPRESENTATION(#14196,#14198);
#14196 = ( REPRESENTATION_RELATIONSHIP('','',#7363,#7304) 
REPRESENTATION_RELATIONSHIP_WITH_TRANSFORMATION(#14197) 
SHAPE_REPRESENTATION_RELATIONSHIP() );
#14197 = ITEM_DEFINED_TRANSFORMATION('','',#11,#7305);
#14198 = PRODUCT_DEFINITION_SHAPE('Placement','Placement of an item',
  #14199);
#14199 = NEXT_ASSEMBLY_USAGE_OCCURRENCE('42','Body034','',#7299,#7358,$
  );
#14200 = CC_DESIGN_SECURITY_CLASSIFICATION(#14201,(#14199));
#14201 = SECURITY_CLASSIFICATION('','',#59);
#14202 = CC_DESIGN_PERSON_AND_ORGANIZATION_ASSIGNMENT(#48,#57,(#14201));
#14203 = CC_DESIGN_DATE_AND_TIME_ASSIGNMENT(#62,#68,(#14201));
#14204 = CC_DESIGN_APPROVAL(#70,(#14201));
#14205 = PRODUCT_RELATED_PRODUCT_CATEGORY('detail',$,(#7360));
#14206 = PRODUCT_CATEGORY_RELATIONSHIP('','',#14207,#14205);
#14207 = PRODUCT_CATEGORY('part',$);
#14208 = CC_DESIGN_PERSON_AND_ORGANIZATION_ASSIGNMENT(#48,#51,(#7359,
    #7358));
#14209 = CC_DESIGN_PERSON_AND_ORGANIZATION_ASSIGNMENT(#48,#53,(#7360));
#14210 = CC_DESIGN_PERSON_AND_ORGANIZATION_ASSIGNMENT(#48,#55,(#7359));
#14211 = CC_DESIGN_PERSON_AND_ORGANIZATION_ASSIGNMENT(#48,#57,(#14212));
#14212 = SECURITY_CLASSIFICATION('','',#59);
#14213 = CC_DESIGN_SECURITY_CLASSIFICATION(#14212,(#7359));
#14214 = CC_DESIGN_DATE_AND_TIME_ASSIGNMENT(#62,#66,(#7358));
#14215 = CC_DESIGN_DATE_AND_TIME_ASSIGNMENT(#62,#68,(#14212));
#14216 = CC_DESIGN_APPROVAL(#70,(#7359,#7358,#14212));
#14217 = SHAPE_DEFINITION_REPRESENTATION(#14218,#14224);
#14218 = PRODUCT_DEFINITION_SHAPE('','',#14219);
#14219 = PRODUCT_DEFINITION('design','',#14220,#14223);
#14220 = PRODUCT_DEFINITION_FORMATION_WITH_SPECIFIED_SOURCE('','',#14221
  ,.NOT_KNOWN.);
#14221 = PRODUCT('Body','Body','',(#14222));
#14222 = MECHANICAL_CONTEXT('',#2,'mechanical');
#14223 = DESIGN_CONTEXT('',#2,'design');
#14224 = ADVANCED_BREP_SHAPE_REPRESENTATION('',(#11,#14225),#17188);
#14225 = MANIFOLD_SOLID_BREP('',#14226);
#14226 = CLOSED_SHELL('',(#14227,#14267,#14300,#14333,#14670,#14695,
    #14719,#14745,#14872,#14890,#14914,#14939,#14963,#14988,#15012,
    #15037,#15062,#15086,#15110,#15135,#15160,#15177,#15222,#15307,
    #15392,#15477,#15562,#15647,#15732,#15818,#15852,#15946,#16040,
    #16134,#16228,#16322,#16416,#16498,#16516,#16534,#16552,#16570,
    #16588,#16606,#16624,#16642,#16660,#16678,#16696,#16714,#16726,
    #16864,#16895,#16920,#16945,#16969,#16993,#17018,#17043,#17060,
    #17085,#17110,#17135,#17160));
#14227 = ADVANCED_FACE('',(#14228),#14262,.T.);
#14228 = FACE_BOUND('',#14229,.T.);
#14229 = EDGE_LOOP('',(#14230,#14240,#14248,#14256));
#14230 = ORIENTED_EDGE('',*,*,#14231,.T.);
#14231 = EDGE_CURVE('',#14232,#14234,#14236,.T.);
#14232 = VERTEX_POINT('',#14233);
#14233 = CARTESIAN_POINT('',(-82.5,-112.1518495897,137.97082638545));
#14234 = VERTEX_POINT('',#14235);
#14235 = CARTESIAN_POINT('',(-82.5,-141.1551717124,207.13589926073));
#14236 = LINE('',#14237,#14238);
#14237 = CARTESIAN_POINT('',(-82.5,-112.1518495897,137.97082638545));
#14238 = VECTOR('',#14239,1.);
#14239 = DIRECTION('',(0.,-0.386710961637,0.92220097167));
#14240 = ORIENTED_EDGE('',*,*,#14241,.T.);
#14241 = EDGE_CURVE('',#14234,#14242,#14244,.T.);
#14242 = VERTEX_POINT('',#14243);
#14243 = CARTESIAN_POINT('',(-82.5,-30.9715443977,253.3397287778));
#14244 = LINE('',#14245,#14246);
#14245 = CARTESIAN_POINT('',(-82.5,-141.1551717124,207.13589926073));
#14246 = VECTOR('',#14247,1.);
#14247 = DIRECTION('',(-2.02E-15,0.92220097167,0.386710961637));
#14248 = ORIENTED_EDGE('',*,*,#14249,.F.);
#14249 = EDGE_CURVE('',#14250,#14242,#14252,.T.);
#14250 = VERTEX_POINT('',#14251);
#14251 = CARTESIAN_POINT('',(-82.5,-1.96822227494,184.17465590252));
#14252 = LINE('',#14253,#14254);
#14253 = CARTESIAN_POINT('',(-82.5,-17.43666074041,221.06269476934));
#14254 = VECTOR('',#14255,1.);
#14255 = DIRECTION('',(0.,-0.386710961637,0.92220097167));
#14256 = ORIENTED_EDGE('',*,*,#14257,.T.);
#14257 = EDGE_CURVE('',#14250,#14232,#14258,.T.);
#14258 = LINE('',#14259,#14260);
#14259 = CARTESIAN_POINT('',(-82.5,-1.96822227494,184.17465590252));
#14260 = VECTOR('',#14261,1.);
#14261 = DIRECTION('',(2.02E-15,-0.92220097167,-0.386710961637));
#14262 = PLANE('',#14263);
#14263 = AXIS2_PLACEMENT_3D('',#14264,#14265,#14266);
#14264 = CARTESIAN_POINT('',(-82.5,-72.5284743978,197.9607800108));
#14265 = DIRECTION('',(-1.,-1.77E-15,-9.6E-16));
#14266 = DIRECTION('',(1.77E-15,-1.,0.));
#14267 = ADVANCED_FACE('',(#14268),#14295,.T.);
#14268 = FACE_BOUND('',#14269,.F.);
#14269 = EDGE_LOOP('',(#14270,#14280,#14287,#14288));
#14270 = ORIENTED_EDGE('',*,*,#14271,.F.);
#14271 = EDGE_CURVE('',#14272,#14274,#14276,.T.);
#14272 = VERTEX_POINT('',#14273);
#14273 = CARTESIAN_POINT('',(-78.78025612106,-120.4334505104,
    134.49806290513));
#14274 = VERTEX_POINT('',#14275);
#14275 = CARTESIAN_POINT('',(-78.78025612106,-149.4367726331,
    203.66313578041));
#14276 = LINE('',#14277,#14278);
#14277 = CARTESIAN_POINT('',(-78.78025612106,-135.9018889759,
    171.38610177194));
#14278 = VECTOR('',#14279,1.);
#14279 = DIRECTION('',(0.,-0.386710961637,0.92220097167));
#14280 = ORIENTED_EDGE('',*,*,#14281,.F.);
#14281 = EDGE_CURVE('',#14232,#14272,#14282,.T.);
#14282 = CIRCLE('',#14283,12.7);
#14283 = AXIS2_PLACEMENT_3D('',#14284,#14285,#14286);
#14284 = CARTESIAN_POINT('',(-69.8,-112.1518495897,137.97082638545));
#14285 = DIRECTION('',(0.,-0.386710961637,0.92220097167));
#14286 = DIRECTION('',(1.,0.,0.));
#14287 = ORIENTED_EDGE('',*,*,#14231,.T.);
#14288 = ORIENTED_EDGE('',*,*,#14289,.F.);
#14289 = EDGE_CURVE('',#14274,#14234,#14290,.T.);
#14290 = CIRCLE('',#14291,12.7);
#14291 = AXIS2_PLACEMENT_3D('',#14292,#14293,#14294);
#14292 = CARTESIAN_POINT('',(-69.8,-141.1551717124,207.13589926073));
#14293 = DIRECTION('',(-2.775557561563E-17,0.386710961637,-0.92220097167
    ));
#14294 = DIRECTION('',(-0.707106781187,-0.652094560685,-0.273445943333)
  );
#14295 = CYLINDRICAL_SURFACE('',#14296,12.7);
#14296 = AXIS2_PLACEMENT_3D('',#14297,#14298,#14299);
#14297 = CARTESIAN_POINT('',(-69.8,-112.1518495897,137.97082638545));
#14298 = DIRECTION('',(0.,0.386710961637,-0.92220097167));
#14299 = DIRECTION('',(1.,0.,0.));
#14300 = ADVANCED_FACE('',(#14301),#14328,.T.);
#14301 = FACE_BOUND('',#14302,.F.);
#14302 = EDGE_LOOP('',(#14303,#14312,#14313,#14322));
#14303 = ORIENTED_EDGE('',*,*,#14304,.T.);
#14304 = EDGE_CURVE('',#14305,#14234,#14307,.T.);
#14305 = VERTEX_POINT('',#14306);
#14306 = CARTESIAN_POINT('',(-77.5,-143.0887265206,211.74690411909));
#14307 = CIRCLE('',#14308,5.);
#14308 = AXIS2_PLACEMENT_3D('',#14309,#14310,#14311);
#14309 = CARTESIAN_POINT('',(-77.5,-141.1551717124,207.13589926073));
#14310 = DIRECTION('',(3.56E-15,-0.92220097167,-0.386710961637));
#14311 = DIRECTION('',(-1.,-3.277835203533E-15,-1.389092225503E-15));
#14312 = ORIENTED_EDGE('',*,*,#14241,.T.);
#14313 = ORIENTED_EDGE('',*,*,#14314,.F.);
#14314 = EDGE_CURVE('',#14315,#14242,#14317,.T.);
#14315 = VERTEX_POINT('',#14316);
#14316 = CARTESIAN_POINT('',(-77.5,-32.90509920588,257.95073363615));
#14317 = CIRCLE('',#14318,5.);
#14318 = AXIS2_PLACEMENT_3D('',#14319,#14320,#14321);
#14319 = CARTESIAN_POINT('',(-77.5,-30.9715443977,253.3397287778));
#14320 = DIRECTION('',(2.02E-15,-0.92220097167,-0.386710961637));
#14321 = DIRECTION('',(0.,-0.386710961637,0.92220097167));
#14322 = ORIENTED_EDGE('',*,*,#14323,.F.);
#14323 = EDGE_CURVE('',#14305,#14315,#14324,.T.);
#14324 = LINE('',#14325,#14326);
#14325 = CARTESIAN_POINT('',(-77.5,-143.0887265206,211.74690411909));
#14326 = VECTOR('',#14327,1.);
#14327 = DIRECTION('',(-2.02E-15,0.92220097167,0.386710961637));
#14328 = CYLINDRICAL_SURFACE('',#14329,5.);
#14329 = AXIS2_PLACEMENT_3D('',#14330,#14331,#14332);
#14330 = CARTESIAN_POINT('',(-77.5,-141.1551717124,207.13589926073));
#14331 = DIRECTION('',(-2.02E-15,0.92220097167,0.386710961637));
#14332 = DIRECTION('',(0.,-0.386710961637,0.92220097167));
#14333 = ADVANCED_FACE('',(#14334,#14455),#14665,.F.);
#14334 = FACE_BOUND('',#14335,.F.);
#14335 = EDGE_LOOP('',(#14336,#14346,#14353,#14354,#14355,#14363,#14372,
    #14380,#14389,#14397,#14406,#14414,#14423,#14431,#14440,#14448));
#14336 = ORIENTED_EDGE('',*,*,#14337,.F.);
#14337 = EDGE_CURVE('',#14338,#14340,#14342,.T.);
#14338 = VERTEX_POINT('',#14339);
#14339 = CARTESIAN_POINT('',(-78.78025612106,6.31337864576,
    187.64741938284));
#14340 = VERTEX_POINT('',#14341);
#14341 = CARTESIAN_POINT('',(-68.71974387893,15.591192810962,
    191.53792974656));
#14342 = LINE('',#14343,#14344);
#14343 = CARTESIAN_POINT('',(-78.78025612106,6.31337864576,
    187.64741938284));
#14344 = VECTOR('',#14345,1.);
#14345 = DIRECTION('',(0.707106781187,0.652094560685,0.273445943333));
#14346 = ORIENTED_EDGE('',*,*,#14347,.T.);
#14347 = EDGE_CURVE('',#14338,#14250,#14348,.T.);
#14348 = CIRCLE('',#14349,12.7);
#14349 = AXIS2_PLACEMENT_3D('',#14350,#14351,#14352);
#14350 = CARTESIAN_POINT('',(-69.8,-1.96822227494,184.17465590252));
#14351 = DIRECTION('',(0.,-0.386710961637,0.92220097167));
#14352 = DIRECTION('',(1.,0.,0.));
#14353 = ORIENTED_EDGE('',*,*,#14257,.T.);
#14354 = ORIENTED_EDGE('',*,*,#14281,.T.);
#14355 = ORIENTED_EDGE('',*,*,#14356,.F.);
#14356 = EDGE_CURVE('',#14357,#14272,#14359,.T.);
#14357 = VERTEX_POINT('',#14358);
#14358 = CARTESIAN_POINT('',(-68.71974387893,-129.7112646756,
    130.60755254141));
#14359 = LINE('',#14360,#14361);
#14360 = CARTESIAN_POINT('',(-68.71974387893,-129.7112646756,
    130.60755254141));
#14361 = VECTOR('',#14362,1.);
#14362 = DIRECTION('',(-0.707106781187,0.652094560685,0.273445943333));
#14363 = ORIENTED_EDGE('',*,*,#14364,.T.);
#14364 = EDGE_CURVE('',#14357,#14365,#14367,.T.);
#14365 = VERTEX_POINT('',#14366);
#14366 = CARTESIAN_POINT('',(-59.73948775786,-133.1416160951,
    129.16908680895));
#14367 = CIRCLE('',#14368,12.7);
#14368 = AXIS2_PLACEMENT_3D('',#14369,#14370,#14371);
#14369 = CARTESIAN_POINT('',(-59.73948775786,-121.4296637549,
    134.08031602173));
#14370 = DIRECTION('',(0.,-0.386710961637,0.92220097167));
#14371 = DIRECTION('',(1.,0.,0.));
#14372 = ORIENTED_EDGE('',*,*,#14373,.F.);
#14373 = EDGE_CURVE('',#14374,#14365,#14376,.T.);
#14374 = VERTEX_POINT('',#14375);
#14375 = CARTESIAN_POINT('',(59.739487757861,-133.1416160951,
    129.16908680895));
#14376 = LINE('',#14377,#14378);
#14377 = CARTESIAN_POINT('',(59.739487757861,-133.1416160951,
    129.16908680895));
#14378 = VECTOR('',#14379,1.);
#14379 = DIRECTION('',(-1.,-1.106641166005E-16,-4.640531539642E-17));
#14380 = ORIENTED_EDGE('',*,*,#14381,.T.);
#14381 = EDGE_CURVE('',#14374,#14382,#14384,.T.);
#14382 = VERTEX_POINT('',#14383);
#14383 = CARTESIAN_POINT('',(68.719743878931,-129.7112646756,
    130.60755254141));
#14384 = CIRCLE('',#14385,12.7);
#14385 = AXIS2_PLACEMENT_3D('',#14386,#14387,#14388);
#14386 = CARTESIAN_POINT('',(59.739487757861,-121.4296637549,
    134.08031602173));
#14387 = DIRECTION('',(0.,-0.386710961637,0.92220097167));
#14388 = DIRECTION('',(1.,0.,0.));
#14389 = ORIENTED_EDGE('',*,*,#14390,.F.);
#14390 = EDGE_CURVE('',#14391,#14382,#14393,.T.);
#14391 = VERTEX_POINT('',#14392);
#14392 = CARTESIAN_POINT('',(78.780256121069,-120.4334505104,
    134.49806290513));
#14393 = LINE('',#14394,#14395);
#14394 = CARTESIAN_POINT('',(78.780256121069,-120.4334505104,
    134.49806290513));
#14395 = VECTOR('',#14396,1.);
#14396 = DIRECTION('',(-0.707106781187,-0.652094560685,-0.273445943333)
  );
#14397 = ORIENTED_EDGE('',*,*,#14398,.T.);
#14398 = EDGE_CURVE('',#14391,#14399,#14401,.T.);
#14399 = VERTEX_POINT('',#14400);
#14400 = CARTESIAN_POINT('',(82.5,-112.1518495897,137.97082638545));
#14401 = CIRCLE('',#14402,12.7);
#14402 = AXIS2_PLACEMENT_3D('',#14403,#14404,#14405);
#14403 = CARTESIAN_POINT('',(69.8,-112.1518495897,137.97082638545));
#14404 = DIRECTION('',(0.,-0.386710961637,0.92220097167));
#14405 = DIRECTION('',(1.,0.,0.));
#14406 = ORIENTED_EDGE('',*,*,#14407,.F.);
#14407 = EDGE_CURVE('',#14408,#14399,#14410,.T.);
#14408 = VERTEX_POINT('',#14409);
#14409 = CARTESIAN_POINT('',(82.5,-1.96822227494,184.17465590252));
#14410 = LINE('',#14411,#14412);
#14411 = CARTESIAN_POINT('',(82.5,-1.96822227494,184.17465590252));
#14412 = VECTOR('',#14413,1.);
#14413 = DIRECTION('',(-1.9E-15,-0.92220097167,-0.386710961637));
#14414 = ORIENTED_EDGE('',*,*,#14415,.T.);
#14415 = EDGE_CURVE('',#14408,#14416,#14418,.T.);
#14416 = VERTEX_POINT('',#14417);
#14417 = CARTESIAN_POINT('',(78.780256121069,6.31337864576,
    187.64741938284));
#14418 = CIRCLE('',#14419,12.7);
#14419 = AXIS2_PLACEMENT_3D('',#14420,#14421,#14422);
#14420 = CARTESIAN_POINT('',(69.8,-1.96822227494,184.17465590252));
#14421 = DIRECTION('',(0.,-0.386710961637,0.92220097167));
#14422 = DIRECTION('',(1.,0.,0.));
#14423 = ORIENTED_EDGE('',*,*,#14424,.F.);
#14424 = EDGE_CURVE('',#14425,#14416,#14427,.T.);
#14425 = VERTEX_POINT('',#14426);
#14426 = CARTESIAN_POINT('',(68.719743878931,15.591192810962,
    191.53792974656));
#14427 = LINE('',#14428,#14429);
#14428 = CARTESIAN_POINT('',(68.719743878931,15.591192810962,
    191.53792974656));
#14429 = VECTOR('',#14430,1.);
#14430 = DIRECTION('',(0.707106781187,-0.652094560685,-0.273445943333));
#14431 = ORIENTED_EDGE('',*,*,#14432,.T.);
#14432 = EDGE_CURVE('',#14425,#14433,#14435,.T.);
#14433 = VERTEX_POINT('',#14434);
#14434 = CARTESIAN_POINT('',(59.739487757862,19.021544230478,
    192.97639547902));
#14435 = CIRCLE('',#14436,12.7);
#14436 = AXIS2_PLACEMENT_3D('',#14437,#14438,#14439);
#14437 = CARTESIAN_POINT('',(59.739487757862,7.309591890263,
    188.06516626623));
#14438 = DIRECTION('',(0.,-0.386710961637,0.92220097167));
#14439 = DIRECTION('',(1.,0.,0.));
#14440 = ORIENTED_EDGE('',*,*,#14441,.F.);
#14441 = EDGE_CURVE('',#14442,#14433,#14444,.T.);
#14442 = VERTEX_POINT('',#14443);
#14443 = CARTESIAN_POINT('',(-59.73948775786,19.021544230478,
    192.97639547902));
#14444 = LINE('',#14445,#14446);
#14445 = CARTESIAN_POINT('',(-59.73948775786,19.021544230478,
    192.97639547902));
#14446 = VECTOR('',#14447,1.);
#14447 = DIRECTION('',(1.,0.,0.));
#14448 = ORIENTED_EDGE('',*,*,#14449,.T.);
#14449 = EDGE_CURVE('',#14442,#14340,#14450,.T.);
#14450 = CIRCLE('',#14451,12.7);
#14451 = AXIS2_PLACEMENT_3D('',#14452,#14453,#14454);
#14452 = CARTESIAN_POINT('',(-59.73948775786,7.309591890263,
    188.06516626623));
#14453 = DIRECTION('',(0.,-0.386710961637,0.92220097167));
#14454 = DIRECTION('',(1.,0.,0.));
#14455 = FACE_BOUND('',#14456,.F.);
#14456 = EDGE_LOOP('',(#14457,#14472,#14485,#14498,#14511,#14524,#14537,
    #14550,#14563,#14576,#14589,#14602,#14615,#14628,#14641,#14654));
#14457 = ORIENTED_EDGE('',*,*,#14458,.T.);
#14458 = EDGE_CURVE('',#14459,#14461,#14463,.T.);
#14459 = VERTEX_POINT('',#14460);
#14460 = CARTESIAN_POINT('',(-77.5,-93.62038077336,145.74171618785));
#14461 = VERTEX_POINT('',#14462);
#14462 = CARTESIAN_POINT('',(-77.5,-20.4996910913,176.40376610012));
#14463 = B_SPLINE_CURVE_WITH_KNOTS('',7,(#14464,#14465,#14466,#14467,
    #14468,#14469,#14470,#14471),.UNSPECIFIED.,.F.,.F.,(8,8),(14.,15.),
  .PIECEWISE_BEZIER_KNOTS.);
#14464 = CARTESIAN_POINT('',(-77.5,-93.62038077336,145.74171618785));
#14465 = CARTESIAN_POINT('',(-77.5,-83.17456796164,150.12200903246));
#14466 = CARTESIAN_POINT('',(-77.5,-72.72875514992,154.50230187707));
#14467 = CARTESIAN_POINT('',(-77.5,-62.28294233819,158.88259472168));
#14468 = CARTESIAN_POINT('',(-77.5,-51.83712952647,163.26288756629));
#14469 = CARTESIAN_POINT('',(-77.5,-41.39131671474,167.6431804109));
#14470 = CARTESIAN_POINT('',(-77.5,-30.94550390302,172.02347325551));
#14471 = CARTESIAN_POINT('',(-77.5,-20.4996910913,176.40376610012));
#14472 = ORIENTED_EDGE('',*,*,#14473,.T.);
#14473 = EDGE_CURVE('',#14461,#14474,#14476,.T.);
#14474 = VERTEX_POINT('',#14475);
#14475 = CARTESIAN_POINT('',(-70.17766952966,-4.197327074176,
    183.23991468343));
#14476 = B_SPLINE_CURVE_WITH_KNOTS('',7,(#14477,#14478,#14479,#14480,
    #14481,#14482,#14483,#14484),.UNSPECIFIED.,.F.,.F.,(8,8),(15.,16.),
  .PIECEWISE_BEZIER_KNOTS.);
#14477 = CARTESIAN_POINT('',(-77.5,-20.4996910913,176.40376610012));
#14478 = CARTESIAN_POINT('',(-77.5,-17.91292341475,177.48848781096));
#14479 = CARTESIAN_POINT('',(-77.1328270641,-15.32615579124,
    178.57320949956));
#14480 = CARTESIAN_POINT('',(-76.39848233535,-12.79257611486,
    179.63562763089));
#14481 = CARTESIAN_POINT('',(-75.3082860991,-10.365374015,
    180.65343794226));
#14482 = CARTESIAN_POINT('',(-73.88489878236,-8.095000441883,
    181.60548459446));
#14483 = CARTESIAN_POINT('',(-72.16109941277,-6.026448039616,
    182.472900606));
#14484 = CARTESIAN_POINT('',(-70.17766952966,-4.197327074176,
    183.23991468343));
#14485 = ORIENTED_EDGE('',*,*,#14486,.T.);
#14486 = EDGE_CURVE('',#14474,#14487,#14489,.T.);
#14487 = VERTEX_POINT('',#14488);
#14488 = CARTESIAN_POINT('',(-57.32233047033,7.657879097489,
    188.21121521323));
#14489 = B_SPLINE_CURVE_WITH_KNOTS('',7,(#14490,#14491,#14492,#14493,
    #14494,#14495,#14496,#14497),.UNSPECIFIED.,.F.,.F.,(8,8),(0.,1.),
  .PIECEWISE_BEZIER_KNOTS.);
#14490 = CARTESIAN_POINT('',(-70.17766952966,-4.197327074176,
    183.23991468343));
#14491 = CARTESIAN_POINT('',(-68.34119252118,-2.503726192509,
    183.9501004734));
#14492 = CARTESIAN_POINT('',(-66.50471551271,-0.810125310843,
    184.66028626337));
#14493 = CARTESIAN_POINT('',(-64.66823850423,0.883475570824,
    185.37047205335));
#14494 = CARTESIAN_POINT('',(-62.83176149576,2.57707645249,
    186.08065784332));
#14495 = CARTESIAN_POINT('',(-60.99528448728,4.270677334156,
    186.79084363329));
#14496 = CARTESIAN_POINT('',(-59.15880747881,5.964278215823,
    187.50102942326));
#14497 = CARTESIAN_POINT('',(-57.32233047033,7.657879097489,
    188.21121521323));
#14498 = ORIENTED_EDGE('',*,*,#14499,.T.);
#14499 = EDGE_CURVE('',#14487,#14500,#14502,.T.);
#14500 = VERTEX_POINT('',#14501);
#14501 = CARTESIAN_POINT('',(-39.64466094067,14.410539372125,
    191.04284067084));
#14502 = B_SPLINE_CURVE_WITH_KNOTS('',7,(#14503,#14504,#14505,#14506,
    #14507,#14508,#14509,#14510),.UNSPECIFIED.,.F.,.F.,(8,8),(1.,2.),
  .PIECEWISE_BEZIER_KNOTS.);
#14503 = CARTESIAN_POINT('',(-57.32233047033,7.657879097489,
    188.21121521323));
#14504 = CARTESIAN_POINT('',(-55.33890058723,9.487000062931,
    188.97822929067));
#14505 = CARTESIAN_POINT('',(-53.09584027194,11.076689516534,
    189.64484140255));
#14506 = CARTESIAN_POINT('',(-50.63393268036,12.3893386831,
    190.19528088059));
#14507 = CARTESIAN_POINT('',(-48.00196614115,13.394718711475,
    190.61687171548));
#14508 = CARTESIAN_POINT('',(-45.25464776457,14.071932133871,
    190.90085087171));
#14509 = CARTESIAN_POINT('',(-42.44965438137,14.410539372125,
    191.04284067084));
#14510 = CARTESIAN_POINT('',(-39.64466094067,14.410539372125,
    191.04284067084));
#14511 = ORIENTED_EDGE('',*,*,#14512,.T.);
#14512 = EDGE_CURVE('',#14500,#14513,#14515,.T.);
#14513 = VERTEX_POINT('',#14514);
#14514 = CARTESIAN_POINT('',(39.644660940673,14.410539372126,
    191.04284067084));
#14515 = B_SPLINE_CURVE_WITH_KNOTS('',7,(#14516,#14517,#14518,#14519,
    #14520,#14521,#14522,#14523),.UNSPECIFIED.,.F.,.F.,(8,8),(2.,3.),
  .PIECEWISE_BEZIER_KNOTS.);
#14516 = CARTESIAN_POINT('',(-39.64466094067,14.410539372125,
    191.04284067084));
#14517 = CARTESIAN_POINT('',(-28.31761495762,14.410539372125,
    191.04284067084));
#14518 = CARTESIAN_POINT('',(-16.99056897457,14.410539372125,
    191.04284067084));
#14519 = CARTESIAN_POINT('',(-5.663522991525,14.410539372125,
    191.04284067084));
#14520 = CARTESIAN_POINT('',(5.663522991525,14.410539372125,
    191.04284067084));
#14521 = CARTESIAN_POINT('',(16.990568974574,14.410539372125,
    191.04284067084));
#14522 = CARTESIAN_POINT('',(28.317614957623,14.410539372125,
    191.04284067084));
#14523 = CARTESIAN_POINT('',(39.644660940673,14.410539372126,
    191.04284067084));
#14524 = ORIENTED_EDGE('',*,*,#14525,.T.);
#14525 = EDGE_CURVE('',#14513,#14526,#14528,.T.);
#14526 = VERTEX_POINT('',#14527);
#14527 = CARTESIAN_POINT('',(57.322330470336,7.657879097489,
    188.21121521323));
#14528 = B_SPLINE_CURVE_WITH_KNOTS('',7,(#14529,#14530,#14531,#14532,
    #14533,#14534,#14535,#14536),.UNSPECIFIED.,.F.,.F.,(8,8),(3.,4.),
  .PIECEWISE_BEZIER_KNOTS.);
#14529 = CARTESIAN_POINT('',(39.644660940673,14.410539372126,
    191.04284067084));
#14530 = CARTESIAN_POINT('',(42.449654381378,14.410539372125,
    191.04284067084));
#14531 = CARTESIAN_POINT('',(45.254647764568,14.071932133869,
    190.90085087171));
#14532 = CARTESIAN_POINT('',(48.001966141158,13.394718711477,
    190.61687171548));
#14533 = CARTESIAN_POINT('',(50.63393268036,12.389338683097,
    190.19528088059));
#14534 = CARTESIAN_POINT('',(53.095840271951,11.076689516535,
    189.64484140255));
#14535 = CARTESIAN_POINT('',(55.33890058723,9.48700006293,
    188.97822929067));
#14536 = CARTESIAN_POINT('',(57.322330470336,7.657879097489,
    188.21121521323));
#14537 = ORIENTED_EDGE('',*,*,#14538,.T.);
#14538 = EDGE_CURVE('',#14526,#14539,#14541,.T.);
#14539 = VERTEX_POINT('',#14540);
#14540 = CARTESIAN_POINT('',(70.177669529664,-4.197327074176,
    183.23991468343));
#14541 = B_SPLINE_CURVE_WITH_KNOTS('',7,(#14542,#14543,#14544,#14545,
    #14546,#14547,#14548,#14549),.UNSPECIFIED.,.F.,.F.,(8,8),(4.,5.),
  .PIECEWISE_BEZIER_KNOTS.);
#14542 = CARTESIAN_POINT('',(57.322330470336,7.657879097489,
    188.21121521323));
#14543 = CARTESIAN_POINT('',(59.158807478812,5.964278215823,
    187.50102942326));
#14544 = CARTESIAN_POINT('',(60.995284487287,4.270677334156,
    186.79084363329));
#14545 = CARTESIAN_POINT('',(62.831761495762,2.57707645249,
    186.08065784332));
#14546 = CARTESIAN_POINT('',(64.668238504238,0.883475570824,
    185.37047205335));
#14547 = CARTESIAN_POINT('',(66.504715512713,-0.810125310843,
    184.66028626337));
#14548 = CARTESIAN_POINT('',(68.341192521188,-2.503726192509,
    183.9501004734));
#14549 = CARTESIAN_POINT('',(70.177669529664,-4.197327074176,
    183.23991468343));
#14550 = ORIENTED_EDGE('',*,*,#14551,.T.);
#14551 = EDGE_CURVE('',#14539,#14552,#14554,.T.);
#14552 = VERTEX_POINT('',#14553);
#14553 = CARTESIAN_POINT('',(77.5,-20.4996910913,176.40376610012));
#14554 = B_SPLINE_CURVE_WITH_KNOTS('',7,(#14555,#14556,#14557,#14558,
    #14559,#14560,#14561,#14562),.UNSPECIFIED.,.F.,.F.,(8,8),(5.,6.),
  .PIECEWISE_BEZIER_KNOTS.);
#14555 = CARTESIAN_POINT('',(70.177669529664,-4.197327074176,
    183.23991468343));
#14556 = CARTESIAN_POINT('',(72.16109941277,-6.026448039616,
    182.472900606));
#14557 = CARTESIAN_POINT('',(73.884898782365,-8.095000441882,
    181.60548459446));
#14558 = CARTESIAN_POINT('',(75.308286099105,-10.365374015,
    180.65343794226));
#14559 = CARTESIAN_POINT('',(76.398482335355,-12.79257611486,
    179.63562763089));
#14560 = CARTESIAN_POINT('',(77.132827064102,-15.32615579124,
    178.57320949956));
#14561 = CARTESIAN_POINT('',(77.5,-17.91292341475,177.48848781096));
#14562 = CARTESIAN_POINT('',(77.5,-20.4996910913,176.40376610012));
#14563 = ORIENTED_EDGE('',*,*,#14564,.T.);
#14564 = EDGE_CURVE('',#14552,#14565,#14567,.T.);
#14565 = VERTEX_POINT('',#14566);
#14566 = CARTESIAN_POINT('',(77.5,-93.62038077336,145.74171618785));
#14567 = B_SPLINE_CURVE_WITH_KNOTS('',7,(#14568,#14569,#14570,#14571,
    #14572,#14573,#14574,#14575),.UNSPECIFIED.,.F.,.F.,(8,8),(6.,7.),
  .PIECEWISE_BEZIER_KNOTS.);
#14568 = CARTESIAN_POINT('',(77.5,-20.4996910913,176.40376610012));
#14569 = CARTESIAN_POINT('',(77.5,-30.94550390302,172.02347325551));
#14570 = CARTESIAN_POINT('',(77.5,-41.39131671474,167.6431804109));
#14571 = CARTESIAN_POINT('',(77.5,-51.83712952647,163.26288756629));
#14572 = CARTESIAN_POINT('',(77.5,-62.28294233819,158.88259472168));
#14573 = CARTESIAN_POINT('',(77.5,-72.72875514992,154.50230187707));
#14574 = CARTESIAN_POINT('',(77.5,-83.17456796164,150.12200903246));
#14575 = CARTESIAN_POINT('',(77.5,-93.62038077336,145.74171618785));
#14576 = ORIENTED_EDGE('',*,*,#14577,.T.);
#14577 = EDGE_CURVE('',#14565,#14578,#14580,.T.);
#14578 = VERTEX_POINT('',#14579);
#14579 = CARTESIAN_POINT('',(70.177669529664,-109.9227447904,
    138.90556760454));
#14580 = B_SPLINE_CURVE_WITH_KNOTS('',7,(#14581,#14582,#14583,#14584,
    #14585,#14586,#14587,#14588),.UNSPECIFIED.,.F.,.F.,(8,8),(7.,8.),
  .PIECEWISE_BEZIER_KNOTS.);
#14581 = CARTESIAN_POINT('',(77.5,-93.62038077336,145.74171618785));
#14582 = CARTESIAN_POINT('',(77.5,-96.20714844991,144.65699447701));
#14583 = CARTESIAN_POINT('',(77.132827064102,-98.79391607342,
    143.57227278841));
#14584 = CARTESIAN_POINT('',(76.398482335355,-101.3274957498,
    142.50985465708));
#14585 = CARTESIAN_POINT('',(75.308286099105,-103.7546978496,
    141.49204434571));
#14586 = CARTESIAN_POINT('',(73.884898782365,-106.0250714227,
    140.5399976935));
#14587 = CARTESIAN_POINT('',(72.16109941277,-108.093623825,
    139.67258168197));
#14588 = CARTESIAN_POINT('',(70.177669529664,-109.9227447904,
    138.90556760454));
#14589 = ORIENTED_EDGE('',*,*,#14590,.T.);
#14590 = EDGE_CURVE('',#14578,#14591,#14593,.T.);
#14591 = VERTEX_POINT('',#14592);
#14592 = CARTESIAN_POINT('',(57.322330470336,-121.7779509621,
    133.93426707474));
#14593 = B_SPLINE_CURVE_WITH_KNOTS('',7,(#14594,#14595,#14596,#14597,
    #14598,#14599,#14600,#14601),.UNSPECIFIED.,.F.,.F.,(8,8),(8.,9.),
  .PIECEWISE_BEZIER_KNOTS.);
#14594 = CARTESIAN_POINT('',(70.177669529664,-109.9227447904,
    138.90556760454));
#14595 = CARTESIAN_POINT('',(68.341192521188,-111.6163456721,
    138.19538181456));
#14596 = CARTESIAN_POINT('',(66.504715512713,-113.3099465538,
    137.48519602459));
#14597 = CARTESIAN_POINT('',(64.668238504238,-115.0035474354,
    136.77501023462));
#14598 = CARTESIAN_POINT('',(62.831761495762,-116.6971483171,
    136.06482444465));
#14599 = CARTESIAN_POINT('',(60.995284487287,-118.3907491988,
    135.35463865468));
#14600 = CARTESIAN_POINT('',(59.158807478812,-120.0843500804,
    134.64445286471));
#14601 = CARTESIAN_POINT('',(57.322330470336,-121.7779509621,
    133.93426707474));
#14602 = ORIENTED_EDGE('',*,*,#14603,.T.);
#14603 = EDGE_CURVE('',#14591,#14604,#14606,.T.);
#14604 = VERTEX_POINT('',#14605);
#14605 = CARTESIAN_POINT('',(39.644660940673,-128.5306112367,
    131.10264161713));
#14606 = B_SPLINE_CURVE_WITH_KNOTS('',7,(#14607,#14608,#14609,#14610,
    #14611,#14612,#14613,#14614),.UNSPECIFIED.,.F.,.F.,(8,8),(9.,10.),
  .PIECEWISE_BEZIER_KNOTS.);
#14607 = CARTESIAN_POINT('',(57.322330470336,-121.7779509621,
    133.93426707474));
#14608 = CARTESIAN_POINT('',(55.33890058723,-123.6070719275,
    133.1672529973));
#14609 = CARTESIAN_POINT('',(53.095840271951,-125.1967613812,
    132.50064088542));
#14610 = CARTESIAN_POINT('',(50.63393268036,-126.5094105477,
    131.95020140738));
#14611 = CARTESIAN_POINT('',(48.001966141158,-127.5147905761,
    131.52861057248));
#14612 = CARTESIAN_POINT('',(45.254647764567,-128.1920039985,
    131.24463141626));
#14613 = CARTESIAN_POINT('',(42.449654381378,-128.5306112367,
    131.10264161713));
#14614 = CARTESIAN_POINT('',(39.644660940673,-128.5306112367,
    131.10264161713));
#14615 = ORIENTED_EDGE('',*,*,#14616,.T.);
#14616 = EDGE_CURVE('',#14604,#14617,#14619,.T.);
#14617 = VERTEX_POINT('',#14618);
#14618 = CARTESIAN_POINT('',(-39.64466094067,-128.5306112367,
    131.10264161713));
#14619 = B_SPLINE_CURVE_WITH_KNOTS('',7,(#14620,#14621,#14622,#14623,
    #14624,#14625,#14626,#14627),.UNSPECIFIED.,.F.,.F.,(8,8),(10.,11.),
  .PIECEWISE_BEZIER_KNOTS.);
#14620 = CARTESIAN_POINT('',(39.644660940673,-128.5306112367,
    131.10264161713));
#14621 = CARTESIAN_POINT('',(28.317614957623,-128.5306112367,
    131.10264161713));
#14622 = CARTESIAN_POINT('',(16.990568974574,-128.5306112367,
    131.10264161713));
#14623 = CARTESIAN_POINT('',(5.663522991525,-128.5306112367,
    131.10264161713));
#14624 = CARTESIAN_POINT('',(-5.663522991525,-128.5306112367,
    131.10264161713));
#14625 = CARTESIAN_POINT('',(-16.99056897457,-128.5306112367,
    131.10264161713));
#14626 = CARTESIAN_POINT('',(-28.31761495762,-128.5306112367,
    131.10264161713));
#14627 = CARTESIAN_POINT('',(-39.64466094067,-128.5306112367,
    131.10264161713));
#14628 = ORIENTED_EDGE('',*,*,#14629,.T.);
#14629 = EDGE_CURVE('',#14617,#14630,#14632,.T.);
#14630 = VERTEX_POINT('',#14631);
#14631 = CARTESIAN_POINT('',(-57.32233047033,-121.7779509621,
    133.93426707474));
#14632 = B_SPLINE_CURVE_WITH_KNOTS('',7,(#14633,#14634,#14635,#14636,
    #14637,#14638,#14639,#14640),.UNSPECIFIED.,.F.,.F.,(8,8),(11.,12.),
  .PIECEWISE_BEZIER_KNOTS.);
#14633 = CARTESIAN_POINT('',(-39.64466094067,-128.5306112367,
    131.10264161713));
#14634 = CARTESIAN_POINT('',(-42.44965438137,-128.5306112367,
    131.10264161713));
#14635 = CARTESIAN_POINT('',(-45.25464776456,-128.1920039985,
    131.24463141626));
#14636 = CARTESIAN_POINT('',(-48.00196614115,-127.5147905761,
    131.52861057249));
#14637 = CARTESIAN_POINT('',(-50.63393268036,-126.5094105477,
    131.95020140738));
#14638 = CARTESIAN_POINT('',(-53.09584027195,-125.1967613812,
    132.50064088542));
#14639 = CARTESIAN_POINT('',(-55.33890058723,-123.6070719275,
    133.1672529973));
#14640 = CARTESIAN_POINT('',(-57.32233047033,-121.7779509621,
    133.93426707474));
#14641 = ORIENTED_EDGE('',*,*,#14642,.T.);
#14642 = EDGE_CURVE('',#14630,#14643,#14645,.T.);
#14643 = VERTEX_POINT('',#14644);
#14644 = CARTESIAN_POINT('',(-70.17766952966,-109.9227447904,
    138.90556760454));
#14645 = B_SPLINE_CURVE_WITH_KNOTS('',7,(#14646,#14647,#14648,#14649,
    #14650,#14651,#14652,#14653),.UNSPECIFIED.,.F.,.F.,(8,8),(12.,13.),
  .PIECEWISE_BEZIER_KNOTS.);
#14646 = CARTESIAN_POINT('',(-57.32233047033,-121.7779509621,
    133.93426707474));
#14647 = CARTESIAN_POINT('',(-59.15880747881,-120.0843500804,
    134.64445286471));
#14648 = CARTESIAN_POINT('',(-60.99528448728,-118.3907491988,
    135.35463865468));
#14649 = CARTESIAN_POINT('',(-62.83176149576,-116.6971483171,
    136.06482444465));
#14650 = CARTESIAN_POINT('',(-64.66823850423,-115.0035474354,
    136.77501023462));
#14651 = CARTESIAN_POINT('',(-66.50471551271,-113.3099465538,
    137.48519602459));
#14652 = CARTESIAN_POINT('',(-68.34119252118,-111.6163456721,
    138.19538181456));
#14653 = CARTESIAN_POINT('',(-70.17766952966,-109.9227447904,
    138.90556760454));
#14654 = ORIENTED_EDGE('',*,*,#14655,.T.);
#14655 = EDGE_CURVE('',#14643,#14459,#14656,.T.);
#14656 = B_SPLINE_CURVE_WITH_KNOTS('',7,(#14657,#14658,#14659,#14660,
    #14661,#14662,#14663,#14664),.UNSPECIFIED.,.F.,.F.,(8,8),(13.,14.),
  .PIECEWISE_BEZIER_KNOTS.);
#14657 = CARTESIAN_POINT('',(-70.17766952966,-109.9227447904,
    138.90556760454));
#14658 = CARTESIAN_POINT('',(-72.16109941277,-108.093623825,
    139.67258168197));
#14659 = CARTESIAN_POINT('',(-73.88489878236,-106.0250714227,
    140.5399976935));
#14660 = CARTESIAN_POINT('',(-75.3082860991,-103.7546978496,
    141.49204434571));
#14661 = CARTESIAN_POINT('',(-76.39848233535,-101.3274957498,
    142.50985465708));
#14662 = CARTESIAN_POINT('',(-77.1328270641,-98.79391607342,
    143.57227278841));
#14663 = CARTESIAN_POINT('',(-77.5,-96.20714844991,144.65699447701));
#14664 = CARTESIAN_POINT('',(-77.5,-93.62038077336,145.74171618785));
#14665 = PLANE('',#14666);
#14666 = AXIS2_PLACEMENT_3D('',#14667,#14668,#14669);
#14667 = CARTESIAN_POINT('',(1.85E-15,-57.06003593233,161.07274114398));
#14668 = DIRECTION('',(0.,-0.386710961637,0.92220097167));
#14669 = DIRECTION('',(0.,0.92220097167,0.386710961637));
#14670 = ADVANCED_FACE('',(#14671),#14690,.T.);
#14671 = FACE_BOUND('',#14672,.F.);
#14672 = EDGE_LOOP('',(#14673,#14674,#14675,#14683));
#14673 = ORIENTED_EDGE('',*,*,#14249,.F.);
#14674 = ORIENTED_EDGE('',*,*,#14347,.F.);
#14675 = ORIENTED_EDGE('',*,*,#14676,.T.);
#14676 = EDGE_CURVE('',#14338,#14677,#14679,.T.);
#14677 = VERTEX_POINT('',#14678);
#14678 = CARTESIAN_POINT('',(-78.78025612106,-22.689943477,
    256.81249225812));
#14679 = LINE('',#14680,#14681);
#14680 = CARTESIAN_POINT('',(-78.78025612106,6.31337864576,
    187.64741938284));
#14681 = VECTOR('',#14682,1.);
#14682 = DIRECTION('',(0.,-0.386710961637,0.92220097167));
#14683 = ORIENTED_EDGE('',*,*,#14684,.F.);
#14684 = EDGE_CURVE('',#14242,#14677,#14685,.T.);
#14685 = CIRCLE('',#14686,12.7);
#14686 = AXIS2_PLACEMENT_3D('',#14687,#14688,#14689);
#14687 = CARTESIAN_POINT('',(-69.8,-30.9715443977,253.3397287778));
#14688 = DIRECTION('',(0.,0.386710961637,-0.92220097167));
#14689 = DIRECTION('',(-1.,3.910142980013E-15,1.639659031371E-15));
#14690 = CYLINDRICAL_SURFACE('',#14691,12.7);
#14691 = AXIS2_PLACEMENT_3D('',#14692,#14693,#14694);
#14692 = CARTESIAN_POINT('',(-69.8,-1.96822227494,184.17465590252));
#14693 = DIRECTION('',(0.,0.386710961637,-0.92220097167));
#14694 = DIRECTION('',(1.,0.,0.));
#14695 = ADVANCED_FACE('',(#14696),#14714,.T.);
#14696 = FACE_BOUND('',#14697,.T.);
#14697 = EDGE_LOOP('',(#14698,#14706,#14712,#14713));
#14698 = ORIENTED_EDGE('',*,*,#14699,.T.);
#14699 = EDGE_CURVE('',#14357,#14700,#14702,.T.);
#14700 = VERTEX_POINT('',#14701);
#14701 = CARTESIAN_POINT('',(-68.71974387893,-158.7145867983,
    199.77262541669));
#14702 = LINE('',#14703,#14704);
#14703 = CARTESIAN_POINT('',(-68.71974387893,-129.7112646756,
    130.60755254141));
#14704 = VECTOR('',#14705,1.);
#14705 = DIRECTION('',(0.,-0.386710961637,0.92220097167));
#14706 = ORIENTED_EDGE('',*,*,#14707,.T.);
#14707 = EDGE_CURVE('',#14700,#14274,#14708,.T.);
#14708 = LINE('',#14709,#14710);
#14709 = CARTESIAN_POINT('',(-68.71974387893,-158.7145867983,
    199.77262541669));
#14710 = VECTOR('',#14711,1.);
#14711 = DIRECTION('',(-0.707106781187,0.652094560685,0.273445943333));
#14712 = ORIENTED_EDGE('',*,*,#14271,.F.);
#14713 = ORIENTED_EDGE('',*,*,#14356,.F.);
#14714 = PLANE('',#14715);
#14715 = AXIS2_PLACEMENT_3D('',#14716,#14717,#14718);
#14716 = CARTESIAN_POINT('',(-73.75,-140.5407960585,169.44084659009));
#14717 = DIRECTION('',(-0.707106781187,-0.652094560685,-0.273445943333)
  );
#14718 = DIRECTION('',(0.677932344042,-0.735124300307,2.775557561563E-17
    ));
#14719 = ADVANCED_FACE('',(#14720),#14740,.T.);
#14720 = FACE_BOUND('',#14721,.T.);
#14721 = EDGE_LOOP('',(#14722,#14731,#14738,#14739));
#14722 = ORIENTED_EDGE('',*,*,#14723,.F.);
#14723 = EDGE_CURVE('',#14724,#14274,#14726,.T.);
#14724 = VERTEX_POINT('',#14725);
#14725 = CARTESIAN_POINT('',(-75.24472221513,-148.1098546379,
    209.64137035543));
#14726 = CIRCLE('',#14727,5.);
#14727 = AXIS2_PLACEMENT_3D('',#14728,#14729,#14730);
#14728 = CARTESIAN_POINT('',(-75.24472221513,-146.1762998297,
    205.03036549707));
#14729 = DIRECTION('',(0.707106781187,-0.652094560685,-0.273445943333));
#14730 = DIRECTION('',(-1.33226762955E-15,-0.386710961637,0.92220097167)
  );
#14731 = ORIENTED_EDGE('',*,*,#14732,.T.);
#14732 = EDGE_CURVE('',#14724,#14305,#14733,.T.);
#14733 = CIRCLE('',#14734,7.7);
#14734 = AXIS2_PLACEMENT_3D('',#14735,#14736,#14737);
#14735 = CARTESIAN_POINT('',(-69.8,-143.0887265206,211.74690411909));
#14736 = DIRECTION('',(-2.775557561563E-17,0.386710961637,-0.92220097167
    ));
#14737 = DIRECTION('',(-0.707106781187,-0.652094560685,-0.273445943333)
  );
#14738 = ORIENTED_EDGE('',*,*,#14304,.T.);
#14739 = ORIENTED_EDGE('',*,*,#14289,.F.);
#14740 = TOROIDAL_SURFACE('',#14741,7.7,5.);
#14741 = AXIS2_PLACEMENT_3D('',#14742,#14743,#14744);
#14742 = CARTESIAN_POINT('',(-69.8,-141.1551717124,207.13589926073));
#14743 = DIRECTION('',(0.,0.386710961637,-0.92220097167));
#14744 = DIRECTION('',(-0.707106781187,-0.652094560685,-0.273445943333)
  );
#14745 = ADVANCED_FACE('',(#14746),#14867,.T.);
#14746 = FACE_BOUND('',#14747,.T.);
#14747 = EDGE_LOOP('',(#14748,#14758,#14765,#14766,#14767,#14775,#14784,
    #14792,#14801,#14809,#14818,#14826,#14835,#14843,#14852,#14860));
#14748 = ORIENTED_EDGE('',*,*,#14749,.F.);
#14749 = EDGE_CURVE('',#14750,#14752,#14754,.T.);
#14750 = VERTEX_POINT('',#14751);
#14751 = CARTESIAN_POINT('',(-75.24472221513,-27.88397108861,
    260.05626739981));
#14752 = VERTEX_POINT('',#14753);
#14753 = CARTESIAN_POINT('',(-65.18420997299,-18.6061569234,
    263.94677776353));
#14754 = LINE('',#14755,#14756);
#14755 = CARTESIAN_POINT('',(-75.24472221513,-27.88397108861,
    260.05626739981));
#14756 = VECTOR('',#14757,1.);
#14757 = DIRECTION('',(0.707106781187,0.652094560685,0.273445943333));
#14758 = ORIENTED_EDGE('',*,*,#14759,.F.);
#14759 = EDGE_CURVE('',#14315,#14750,#14760,.T.);
#14760 = CIRCLE('',#14761,7.7);
#14761 = AXIS2_PLACEMENT_3D('',#14762,#14763,#14764);
#14762 = CARTESIAN_POINT('',(-69.8,-32.90509920588,257.95073363615));
#14763 = DIRECTION('',(0.,0.386710961637,-0.92220097167));
#14764 = DIRECTION('',(-1.,3.910142980013E-15,1.639659031371E-15));
#14765 = ORIENTED_EDGE('',*,*,#14323,.F.);
#14766 = ORIENTED_EDGE('',*,*,#14732,.F.);
#14767 = ORIENTED_EDGE('',*,*,#14768,.F.);
#14768 = EDGE_CURVE('',#14769,#14724,#14771,.T.);
#14769 = VERTEX_POINT('',#14770);
#14770 = CARTESIAN_POINT('',(-65.18420997299,-157.3876688031,
    205.75085999171));
#14771 = LINE('',#14772,#14773);
#14772 = CARTESIAN_POINT('',(-65.18420997299,-157.3876688031,
    205.75085999171));
#14773 = VECTOR('',#14774,1.);
#14774 = DIRECTION('',(-0.707106781187,0.652094560685,0.273445943333));
#14775 = ORIENTED_EDGE('',*,*,#14776,.F.);
#14776 = EDGE_CURVE('',#14777,#14769,#14779,.T.);
#14777 = VERTEX_POINT('',#14778);
#14778 = CARTESIAN_POINT('',(-59.73948775786,-159.4674881677,
    204.87871935077));
#14779 = CIRCLE('',#14780,7.7);
#14780 = AXIS2_PLACEMENT_3D('',#14781,#14782,#14783);
#14781 = CARTESIAN_POINT('',(-59.73948775786,-152.3665406858,
    207.85639375537));
#14782 = DIRECTION('',(0.,0.386710961637,-0.92220097167));
#14783 = DIRECTION('',(-1.12E-15,-0.92220097167,-0.386710961637));
#14784 = ORIENTED_EDGE('',*,*,#14785,.F.);
#14785 = EDGE_CURVE('',#14786,#14777,#14788,.T.);
#14786 = VERTEX_POINT('',#14787);
#14787 = CARTESIAN_POINT('',(59.739487757861,-159.4674881677,
    204.87871935077));
#14788 = LINE('',#14789,#14790);
#14789 = CARTESIAN_POINT('',(59.739487757861,-159.4674881677,
    204.87871935077));
#14790 = VECTOR('',#14791,1.);
#14791 = DIRECTION('',(-1.,-1.1E-16,-5.E-17));
#14792 = ORIENTED_EDGE('',*,*,#14793,.F.);
#14793 = EDGE_CURVE('',#14794,#14786,#14796,.T.);
#14794 = VERTEX_POINT('',#14795);
#14795 = CARTESIAN_POINT('',(65.184209972998,-157.3876688031,
    205.75085999171));
#14796 = CIRCLE('',#14797,7.7);
#14797 = AXIS2_PLACEMENT_3D('',#14798,#14799,#14800);
#14798 = CARTESIAN_POINT('',(59.739487757861,-152.3665406858,
    207.85639375537));
#14799 = DIRECTION('',(0.,0.386710961637,-0.92220097167));
#14800 = DIRECTION('',(0.707106781187,-0.652094560685,-0.273445943333));
#14801 = ORIENTED_EDGE('',*,*,#14802,.F.);
#14802 = EDGE_CURVE('',#14803,#14794,#14805,.T.);
#14803 = VERTEX_POINT('',#14804);
#14804 = CARTESIAN_POINT('',(75.244722215136,-148.1098546379,
    209.64137035543));
#14805 = LINE('',#14806,#14807);
#14806 = CARTESIAN_POINT('',(75.244722215136,-148.1098546379,
    209.64137035543));
#14807 = VECTOR('',#14808,1.);
#14808 = DIRECTION('',(-0.707106781187,-0.652094560685,-0.273445943333)
  );
#14809 = ORIENTED_EDGE('',*,*,#14810,.F.);
#14810 = EDGE_CURVE('',#14811,#14803,#14813,.T.);
#14811 = VERTEX_POINT('',#14812);
#14812 = CARTESIAN_POINT('',(77.5,-143.0887265206,211.74690411909));
#14813 = CIRCLE('',#14814,7.7);
#14814 = AXIS2_PLACEMENT_3D('',#14815,#14816,#14817);
#14815 = CARTESIAN_POINT('',(69.8,-143.0887265206,211.74690411909));
#14816 = DIRECTION('',(0.,0.386710961637,-0.92220097167));
#14817 = DIRECTION('',(1.,-5.788537405455E-16,-2.427335185387E-16));
#14818 = ORIENTED_EDGE('',*,*,#14819,.F.);
#14819 = EDGE_CURVE('',#14820,#14811,#14822,.T.);
#14820 = VERTEX_POINT('',#14821);
#14821 = CARTESIAN_POINT('',(77.5,-32.90509920588,257.95073363615));
#14822 = LINE('',#14823,#14824);
#14823 = CARTESIAN_POINT('',(77.5,-32.90509920588,257.95073363615));
#14824 = VECTOR('',#14825,1.);
#14825 = DIRECTION('',(-1.9E-15,-0.92220097167,-0.386710961637));
#14826 = ORIENTED_EDGE('',*,*,#14827,.F.);
#14827 = EDGE_CURVE('',#14828,#14820,#14830,.T.);
#14828 = VERTEX_POINT('',#14829);
#14829 = CARTESIAN_POINT('',(75.244722215136,-27.88397108861,
    260.05626739981));
#14830 = CIRCLE('',#14831,7.7);
#14831 = AXIS2_PLACEMENT_3D('',#14832,#14833,#14834);
#14832 = CARTESIAN_POINT('',(69.8,-32.90509920588,257.95073363615));
#14833 = DIRECTION('',(0.,0.386710961637,-0.92220097167));
#14834 = DIRECTION('',(0.707106781187,0.652094560685,0.273445943333));
#14835 = ORIENTED_EDGE('',*,*,#14836,.F.);
#14836 = EDGE_CURVE('',#14837,#14828,#14839,.T.);
#14837 = VERTEX_POINT('',#14838);
#14838 = CARTESIAN_POINT('',(65.184209972998,-18.6061569234,
    263.94677776353));
#14839 = LINE('',#14840,#14841);
#14840 = CARTESIAN_POINT('',(65.184209972998,-18.6061569234,
    263.94677776353));
#14841 = VECTOR('',#14842,1.);
#14842 = DIRECTION('',(0.707106781187,-0.652094560685,-0.273445943333));
#14843 = ORIENTED_EDGE('',*,*,#14844,.F.);
#14844 = EDGE_CURVE('',#14845,#14837,#14847,.T.);
#14845 = VERTEX_POINT('',#14846);
#14846 = CARTESIAN_POINT('',(59.739487757862,-16.52633755882,
    264.81891840447));
#14847 = CIRCLE('',#14848,7.7);
#14848 = AXIS2_PLACEMENT_3D('',#14849,#14850,#14851);
#14849 = CARTESIAN_POINT('',(59.739487757862,-23.62728504068,
    261.84124399987));
#14850 = DIRECTION('',(0.,0.386710961637,-0.92220097167));
#14851 = DIRECTION('',(5.6E-16,0.92220097167,0.386710961637));
#14852 = ORIENTED_EDGE('',*,*,#14853,.F.);
#14853 = EDGE_CURVE('',#14854,#14845,#14856,.T.);
#14854 = VERTEX_POINT('',#14855);
#14855 = CARTESIAN_POINT('',(-59.73948775786,-16.52633755882,
    264.81891840447));
#14856 = LINE('',#14857,#14858);
#14857 = CARTESIAN_POINT('',(-59.73948775786,-16.52633755882,
    264.81891840447));
#14858 = VECTOR('',#14859,1.);
#14859 = DIRECTION('',(1.,0.,0.));
#14860 = ORIENTED_EDGE('',*,*,#14861,.F.);
#14861 = EDGE_CURVE('',#14752,#14854,#14862,.T.);
#14862 = CIRCLE('',#14863,7.7);
#14863 = AXIS2_PLACEMENT_3D('',#14864,#14865,#14866);
#14864 = CARTESIAN_POINT('',(-59.73948775786,-23.62728504068,
    261.84124399987));
#14865 = DIRECTION('',(2.775557561563E-17,0.386710961637,-0.92220097167)
  );
#14866 = DIRECTION('',(-0.707106781187,0.652094560685,0.273445943333));
#14867 = PLANE('',#14868);
#14868 = AXIS2_PLACEMENT_3D('',#14869,#14870,#14871);
#14869 = CARTESIAN_POINT('',(-1.707E-14,-87.99691286328,234.84881887762)
  );
#14870 = DIRECTION('',(0.,-0.386710961637,0.92220097167));
#14871 = DIRECTION('',(0.,0.92220097167,0.386710961637));
#14872 = ADVANCED_FACE('',(#14873),#14885,.T.);
#14873 = FACE_BOUND('',#14874,.T.);
#14874 = EDGE_LOOP('',(#14875,#14876,#14877,#14884));
#14875 = ORIENTED_EDGE('',*,*,#14314,.F.);
#14876 = ORIENTED_EDGE('',*,*,#14759,.T.);
#14877 = ORIENTED_EDGE('',*,*,#14878,.T.);
#14878 = EDGE_CURVE('',#14750,#14677,#14879,.T.);
#14879 = CIRCLE('',#14880,5.);
#14880 = AXIS2_PLACEMENT_3D('',#14881,#14882,#14883);
#14881 = CARTESIAN_POINT('',(-75.24472221513,-25.95041628042,
    255.44526254146));
#14882 = DIRECTION('',(-0.707106781187,-0.652094560685,-0.273445943333)
  );
#14883 = DIRECTION('',(1.360023205166E-15,-0.386710961637,0.92220097167)
  );
#14884 = ORIENTED_EDGE('',*,*,#14684,.F.);
#14885 = TOROIDAL_SURFACE('',#14886,7.7,5.);
#14886 = AXIS2_PLACEMENT_3D('',#14887,#14888,#14889);
#14887 = CARTESIAN_POINT('',(-69.8,-30.9715443977,253.3397287778));
#14888 = DIRECTION('',(0.,0.386710961637,-0.92220097167));
#14889 = DIRECTION('',(-1.,3.910142980013E-15,1.639659031371E-15));
#14890 = ADVANCED_FACE('',(#14891),#14909,.T.);
#14891 = FACE_BOUND('',#14892,.T.);
#14892 = EDGE_LOOP('',(#14893,#14894,#14902,#14908));
#14893 = ORIENTED_EDGE('',*,*,#14676,.T.);
#14894 = ORIENTED_EDGE('',*,*,#14895,.T.);
#14895 = EDGE_CURVE('',#14677,#14896,#14898,.T.);
#14896 = VERTEX_POINT('',#14897);
#14897 = CARTESIAN_POINT('',(-68.71974387893,-13.41212931179,
    260.70300262184));
#14898 = LINE('',#14899,#14900);
#14899 = CARTESIAN_POINT('',(-78.78025612106,-22.689943477,
    256.81249225812));
#14900 = VECTOR('',#14901,1.);
#14901 = DIRECTION('',(0.707106781187,0.652094560685,0.273445943333));
#14902 = ORIENTED_EDGE('',*,*,#14903,.F.);
#14903 = EDGE_CURVE('',#14340,#14896,#14904,.T.);
#14904 = LINE('',#14905,#14906);
#14905 = CARTESIAN_POINT('',(-68.71974387893,0.12275434549,
    228.42596861338));
#14906 = VECTOR('',#14907,1.);
#14907 = DIRECTION('',(0.,-0.386710961637,0.92220097167));
#14908 = ORIENTED_EDGE('',*,*,#14337,.F.);
#14909 = PLANE('',#14910);
#14910 = AXIS2_PLACEMENT_3D('',#14911,#14912,#14913);
#14911 = CARTESIAN_POINT('',(-73.75,-4.516152737112,226.48071343152));
#14912 = DIRECTION('',(-0.707106781187,0.652094560685,0.273445943333));
#14913 = DIRECTION('',(-0.677932344042,-0.735124300307,
    8.326672684689E-17));
#14914 = ADVANCED_FACE('',(#14915),#14934,.T.);
#14915 = FACE_BOUND('',#14916,.F.);
#14916 = EDGE_LOOP('',(#14917,#14918,#14919,#14927));
#14917 = ORIENTED_EDGE('',*,*,#14903,.F.);
#14918 = ORIENTED_EDGE('',*,*,#14449,.F.);
#14919 = ORIENTED_EDGE('',*,*,#14920,.T.);
#14920 = EDGE_CURVE('',#14442,#14921,#14923,.T.);
#14921 = VERTEX_POINT('',#14922);
#14922 = CARTESIAN_POINT('',(-59.73948775786,-9.981777892284,
    262.14146835431));
#14923 = LINE('',#14924,#14925);
#14924 = CARTESIAN_POINT('',(-59.73948775786,19.021544230478,
    192.97639547902));
#14925 = VECTOR('',#14926,1.);
#14926 = DIRECTION('',(0.,-0.386710961637,0.92220097167));
#14927 = ORIENTED_EDGE('',*,*,#14928,.F.);
#14928 = EDGE_CURVE('',#14896,#14921,#14929,.T.);
#14929 = CIRCLE('',#14930,12.7);
#14930 = AXIS2_PLACEMENT_3D('',#14931,#14932,#14933);
#14931 = CARTESIAN_POINT('',(-59.73948775786,-21.69373023249,
    257.23023914152));
#14932 = DIRECTION('',(2.775557561563E-17,0.386710961637,-0.92220097167)
  );
#14933 = DIRECTION('',(-0.707106781187,0.652094560685,0.273445943333));
#14934 = CYLINDRICAL_SURFACE('',#14935,12.7);
#14935 = AXIS2_PLACEMENT_3D('',#14936,#14937,#14938);
#14936 = CARTESIAN_POINT('',(-59.73948775786,7.309591890263,
    188.06516626623));
#14937 = DIRECTION('',(0.,0.386710961637,-0.92220097167));
#14938 = DIRECTION('',(1.,0.,0.));
#14939 = ADVANCED_FACE('',(#14940),#14958,.T.);
#14940 = FACE_BOUND('',#14941,.T.);
#14941 = EDGE_LOOP('',(#14942,#14943,#14951,#14957));
#14942 = ORIENTED_EDGE('',*,*,#14920,.T.);
#14943 = ORIENTED_EDGE('',*,*,#14944,.T.);
#14944 = EDGE_CURVE('',#14921,#14945,#14947,.T.);
#14945 = VERTEX_POINT('',#14946);
#14946 = CARTESIAN_POINT('',(59.739487757862,-9.981777892284,
    262.14146835431));
#14947 = LINE('',#14948,#14949);
#14948 = CARTESIAN_POINT('',(-59.73948775786,-9.981777892284,
    262.14146835431));
#14949 = VECTOR('',#14950,1.);
#14950 = DIRECTION('',(1.,0.,0.));
#14951 = ORIENTED_EDGE('',*,*,#14952,.F.);
#14952 = EDGE_CURVE('',#14433,#14945,#14953,.T.);
#14953 = LINE('',#14954,#14955);
#14954 = CARTESIAN_POINT('',(59.739487757862,3.553105765005,
    229.86443434584));
#14955 = VECTOR('',#14956,1.);
#14956 = DIRECTION('',(0.,-0.386710961637,0.92220097167));
#14957 = ORIENTED_EDGE('',*,*,#14441,.F.);
#14958 = PLANE('',#14959);
#14959 = AXIS2_PLACEMENT_3D('',#14960,#14961,#14962);
#14960 = CARTESIAN_POINT('',(-1.71E-14,3.553105765005,229.86443434584));
#14961 = DIRECTION('',(0.,0.92220097167,0.386710961637));
#14962 = DIRECTION('',(0.,-0.386710961637,0.92220097167));
#14963 = ADVANCED_FACE('',(#14964),#14983,.T.);
#14964 = FACE_BOUND('',#14965,.F.);
#14965 = EDGE_LOOP('',(#14966,#14967,#14968,#14976));
#14966 = ORIENTED_EDGE('',*,*,#14952,.F.);
#14967 = ORIENTED_EDGE('',*,*,#14432,.F.);
#14968 = ORIENTED_EDGE('',*,*,#14969,.T.);
#14969 = EDGE_CURVE('',#14425,#14970,#14972,.T.);
#14970 = VERTEX_POINT('',#14971);
#14971 = CARTESIAN_POINT('',(68.719743878931,-13.41212931179,
    260.70300262184));
#14972 = LINE('',#14973,#14974);
#14973 = CARTESIAN_POINT('',(68.719743878931,15.591192810962,
    191.53792974656));
#14974 = VECTOR('',#14975,1.);
#14975 = DIRECTION('',(0.,-0.386710961637,0.92220097167));
#14976 = ORIENTED_EDGE('',*,*,#14977,.F.);
#14977 = EDGE_CURVE('',#14945,#14970,#14978,.T.);
#14978 = CIRCLE('',#14979,12.7);
#14979 = AXIS2_PLACEMENT_3D('',#14980,#14981,#14982);
#14980 = CARTESIAN_POINT('',(59.739487757862,-21.69373023249,
    257.23023914152));
#14981 = DIRECTION('',(0.,0.386710961637,-0.92220097167));
#14982 = DIRECTION('',(5.6E-16,0.92220097167,0.386710961637));
#14983 = CYLINDRICAL_SURFACE('',#14984,12.7);
#14984 = AXIS2_PLACEMENT_3D('',#14985,#14986,#14987);
#14985 = CARTESIAN_POINT('',(59.739487757862,7.309591890263,
    188.06516626623));
#14986 = DIRECTION('',(0.,0.386710961637,-0.92220097167));
#14987 = DIRECTION('',(1.,0.,0.));
#14988 = ADVANCED_FACE('',(#14989),#15007,.T.);
#14989 = FACE_BOUND('',#14990,.T.);
#14990 = EDGE_LOOP('',(#14991,#14992,#15000,#15006));
#14991 = ORIENTED_EDGE('',*,*,#14969,.T.);
#14992 = ORIENTED_EDGE('',*,*,#14993,.T.);
#14993 = EDGE_CURVE('',#14970,#14994,#14996,.T.);
#14994 = VERTEX_POINT('',#14995);
#14995 = CARTESIAN_POINT('',(78.780256121069,-22.689943477,
    256.81249225812));
#14996 = LINE('',#14997,#14998);
#14997 = CARTESIAN_POINT('',(68.719743878931,-13.41212931179,
    260.70300262184));
#14998 = VECTOR('',#14999,1.);
#14999 = DIRECTION('',(0.707106781187,-0.652094560685,-0.273445943333));
#15000 = ORIENTED_EDGE('',*,*,#15001,.F.);
#15001 = EDGE_CURVE('',#14416,#14994,#15002,.T.);
#15002 = LINE('',#15003,#15004);
#15003 = CARTESIAN_POINT('',(78.780256121069,-9.155059819713,
    224.53545824966));
#15004 = VECTOR('',#15005,1.);
#15005 = DIRECTION('',(0.,-0.386710961637,0.92220097167));
#15006 = ORIENTED_EDGE('',*,*,#14424,.F.);
#15007 = PLANE('',#15008);
#15008 = AXIS2_PLACEMENT_3D('',#15009,#15010,#15011);
#15009 = CARTESIAN_POINT('',(73.75,-4.516152737112,226.48071343152));
#15010 = DIRECTION('',(0.707106781187,0.652094560685,0.273445943333));
#15011 = DIRECTION('',(-0.677932344042,0.735124300307,0.));
#15012 = ADVANCED_FACE('',(#15013),#15032,.T.);
#15013 = FACE_BOUND('',#15014,.F.);
#15014 = EDGE_LOOP('',(#15015,#15023,#15024,#15025));
#15015 = ORIENTED_EDGE('',*,*,#15016,.F.);
#15016 = EDGE_CURVE('',#14365,#15017,#15019,.T.);
#15017 = VERTEX_POINT('',#15018);
#15018 = CARTESIAN_POINT('',(-59.73948775786,-162.1449382179,
    198.33415968423));
#15019 = LINE('',#15020,#15021);
#15020 = CARTESIAN_POINT('',(-59.73948775786,-148.6100545606,
    166.05712567576));
#15021 = VECTOR('',#15022,1.);
#15022 = DIRECTION('',(0.,-0.386710961637,0.92220097167));
#15023 = ORIENTED_EDGE('',*,*,#14364,.F.);
#15024 = ORIENTED_EDGE('',*,*,#14699,.T.);
#15025 = ORIENTED_EDGE('',*,*,#15026,.F.);
#15026 = EDGE_CURVE('',#15017,#14700,#15027,.T.);
#15027 = CIRCLE('',#15028,12.7);
#15028 = AXIS2_PLACEMENT_3D('',#15029,#15030,#15031);
#15029 = CARTESIAN_POINT('',(-59.73948775786,-150.4329858776,
    203.24538889702));
#15030 = DIRECTION('',(0.,0.386710961637,-0.92220097167));
#15031 = DIRECTION('',(-1.12E-15,-0.92220097167,-0.386710961637));
#15032 = CYLINDRICAL_SURFACE('',#15033,12.7);
#15033 = AXIS2_PLACEMENT_3D('',#15034,#15035,#15036);
#15034 = CARTESIAN_POINT('',(-59.73948775786,-121.4296637549,
    134.08031602173));
#15035 = DIRECTION('',(0.,0.386710961637,-0.92220097167));
#15036 = DIRECTION('',(1.,0.,0.));
#15037 = ADVANCED_FACE('',(#15038),#15057,.T.);
#15038 = FACE_BOUND('',#15039,.F.);
#15039 = EDGE_LOOP('',(#15040,#15041,#15042,#15050));
#15040 = ORIENTED_EDGE('',*,*,#15001,.F.);
#15041 = ORIENTED_EDGE('',*,*,#14415,.F.);
#15042 = ORIENTED_EDGE('',*,*,#15043,.T.);
#15043 = EDGE_CURVE('',#14408,#15044,#15046,.T.);
#15044 = VERTEX_POINT('',#15045);
#15045 = CARTESIAN_POINT('',(82.5,-30.9715443977,253.3397287778));
#15046 = LINE('',#15047,#15048);
#15047 = CARTESIAN_POINT('',(82.5,-1.96822227494,184.17465590252));
#15048 = VECTOR('',#15049,1.);
#15049 = DIRECTION('',(0.,-0.386710961637,0.92220097167));
#15050 = ORIENTED_EDGE('',*,*,#15051,.F.);
#15051 = EDGE_CURVE('',#14994,#15044,#15052,.T.);
#15052 = CIRCLE('',#15053,12.7);
#15053 = AXIS2_PLACEMENT_3D('',#15054,#15055,#15056);
#15054 = CARTESIAN_POINT('',(69.8,-30.9715443977,253.3397287778));
#15055 = DIRECTION('',(0.,0.386710961637,-0.92220097167));
#15056 = DIRECTION('',(0.707106781187,0.652094560685,0.273445943333));
#15057 = CYLINDRICAL_SURFACE('',#15058,12.7);
#15058 = AXIS2_PLACEMENT_3D('',#15059,#15060,#15061);
#15059 = CARTESIAN_POINT('',(69.8,-1.96822227494,184.17465590252));
#15060 = DIRECTION('',(0.,0.386710961637,-0.92220097167));
#15061 = DIRECTION('',(1.,0.,0.));
#15062 = ADVANCED_FACE('',(#15063),#15081,.T.);
#15063 = FACE_BOUND('',#15064,.T.);
#15064 = EDGE_LOOP('',(#15065,#15073,#15079,#15080));
#15065 = ORIENTED_EDGE('',*,*,#15066,.T.);
#15066 = EDGE_CURVE('',#14374,#15067,#15069,.T.);
#15067 = VERTEX_POINT('',#15068);
#15068 = CARTESIAN_POINT('',(59.739487757861,-162.1449382179,
    198.33415968423));
#15069 = LINE('',#15070,#15071);
#15070 = CARTESIAN_POINT('',(59.739487757861,-133.1416160951,
    129.16908680895));
#15071 = VECTOR('',#15072,1.);
#15072 = DIRECTION('',(0.,-0.386710961637,0.92220097167));
#15073 = ORIENTED_EDGE('',*,*,#15074,.T.);
#15074 = EDGE_CURVE('',#15067,#15017,#15075,.T.);
#15075 = LINE('',#15076,#15077);
#15076 = CARTESIAN_POINT('',(59.739487757861,-162.1449382179,
    198.33415968423));
#15077 = VECTOR('',#15078,1.);
#15078 = DIRECTION('',(-1.,-1.1E-16,-5.E-17));
#15079 = ORIENTED_EDGE('',*,*,#15016,.F.);
#15080 = ORIENTED_EDGE('',*,*,#14373,.F.);
#15081 = PLANE('',#15082);
#15082 = AXIS2_PLACEMENT_3D('',#15083,#15084,#15085);
#15083 = CARTESIAN_POINT('',(1.482E-14,-148.6100545606,166.05712567576)
  );
#15084 = DIRECTION('',(1.9E-16,-0.92220097167,-0.386710961637));
#15085 = DIRECTION('',(0.,0.386710961637,-0.92220097167));
#15086 = ADVANCED_FACE('',(#15087),#15105,.T.);
#15087 = FACE_BOUND('',#15088,.T.);
#15088 = EDGE_LOOP('',(#15089,#15090,#15098,#15104));
#15089 = ORIENTED_EDGE('',*,*,#15043,.T.);
#15090 = ORIENTED_EDGE('',*,*,#15091,.T.);
#15091 = EDGE_CURVE('',#15044,#15092,#15094,.T.);
#15092 = VERTEX_POINT('',#15093);
#15093 = CARTESIAN_POINT('',(82.5,-141.1551717124,207.13589926073));
#15094 = LINE('',#15095,#15096);
#15095 = CARTESIAN_POINT('',(82.5,-30.9715443977,253.3397287778));
#15096 = VECTOR('',#15097,1.);
#15097 = DIRECTION('',(-1.9E-15,-0.92220097167,-0.386710961637));
#15098 = ORIENTED_EDGE('',*,*,#15099,.F.);
#15099 = EDGE_CURVE('',#14399,#15092,#15100,.T.);
#15100 = LINE('',#15101,#15102);
#15101 = CARTESIAN_POINT('',(82.5,-127.6202880552,174.85886525227));
#15102 = VECTOR('',#15103,1.);
#15103 = DIRECTION('',(0.,-0.386710961637,0.92220097167));
#15104 = ORIENTED_EDGE('',*,*,#14407,.F.);
#15105 = PLANE('',#15106);
#15106 = AXIS2_PLACEMENT_3D('',#15107,#15108,#15109);
#15107 = CARTESIAN_POINT('',(82.5,-72.5284743978,197.9607800108));
#15108 = DIRECTION('',(1.,-1.69E-15,-9.E-16));
#15109 = DIRECTION('',(1.69E-15,1.,0.));
#15110 = ADVANCED_FACE('',(#15111),#15130,.T.);
#15111 = FACE_BOUND('',#15112,.F.);
#15112 = EDGE_LOOP('',(#15113,#15121,#15122,#15123));
#15113 = ORIENTED_EDGE('',*,*,#15114,.F.);
#15114 = EDGE_CURVE('',#14382,#15115,#15117,.T.);
#15115 = VERTEX_POINT('',#15116);
#15116 = CARTESIAN_POINT('',(68.719743878931,-158.7145867983,
    199.77262541669));
#15117 = LINE('',#15118,#15119);
#15118 = CARTESIAN_POINT('',(68.719743878931,-145.1797031411,
    167.49559140823));
#15119 = VECTOR('',#15120,1.);
#15120 = DIRECTION('',(0.,-0.386710961637,0.92220097167));
#15121 = ORIENTED_EDGE('',*,*,#14381,.F.);
#15122 = ORIENTED_EDGE('',*,*,#15066,.T.);
#15123 = ORIENTED_EDGE('',*,*,#15124,.F.);
#15124 = EDGE_CURVE('',#15115,#15067,#15125,.T.);
#15125 = CIRCLE('',#15126,12.7);
#15126 = AXIS2_PLACEMENT_3D('',#15127,#15128,#15129);
#15127 = CARTESIAN_POINT('',(59.739487757861,-150.4329858776,
    203.24538889702));
#15128 = DIRECTION('',(0.,0.386710961637,-0.92220097167));
#15129 = DIRECTION('',(0.707106781187,-0.652094560685,-0.273445943333));
#15130 = CYLINDRICAL_SURFACE('',#15131,12.7);
#15131 = AXIS2_PLACEMENT_3D('',#15132,#15133,#15134);
#15132 = CARTESIAN_POINT('',(59.739487757861,-121.4296637549,
    134.08031602173));
#15133 = DIRECTION('',(0.,0.386710961637,-0.92220097167));
#15134 = DIRECTION('',(1.,0.,0.));
#15135 = ADVANCED_FACE('',(#15136),#15155,.T.);
#15136 = FACE_BOUND('',#15137,.F.);
#15137 = EDGE_LOOP('',(#15138,#15139,#15140,#15148));
#15138 = ORIENTED_EDGE('',*,*,#15099,.F.);
#15139 = ORIENTED_EDGE('',*,*,#14398,.F.);
#15140 = ORIENTED_EDGE('',*,*,#15141,.T.);
#15141 = EDGE_CURVE('',#14391,#15142,#15144,.T.);
#15142 = VERTEX_POINT('',#15143);
#15143 = CARTESIAN_POINT('',(78.780256121069,-149.4367726331,
    203.66313578041));
#15144 = LINE('',#15145,#15146);
#15145 = CARTESIAN_POINT('',(78.780256121069,-120.4334505104,
    134.49806290513));
#15146 = VECTOR('',#15147,1.);
#15147 = DIRECTION('',(0.,-0.386710961637,0.92220097167));
#15148 = ORIENTED_EDGE('',*,*,#15149,.F.);
#15149 = EDGE_CURVE('',#15092,#15142,#15150,.T.);
#15150 = CIRCLE('',#15151,12.7);
#15151 = AXIS2_PLACEMENT_3D('',#15152,#15153,#15154);
#15152 = CARTESIAN_POINT('',(69.8,-141.1551717124,207.13589926073));
#15153 = DIRECTION('',(0.,0.386710961637,-0.92220097167));
#15154 = DIRECTION('',(1.,-5.788537405455E-16,-2.427335185387E-16));
#15155 = CYLINDRICAL_SURFACE('',#15156,12.7);
#15156 = AXIS2_PLACEMENT_3D('',#15157,#15158,#15159);
#15157 = CARTESIAN_POINT('',(69.8,-112.1518495897,137.97082638545));
#15158 = DIRECTION('',(0.,0.386710961637,-0.92220097167));
#15159 = DIRECTION('',(1.,0.,0.));
#15160 = ADVANCED_FACE('',(#15161),#15172,.T.);
#15161 = FACE_BOUND('',#15162,.T.);
#15162 = EDGE_LOOP('',(#15163,#15164,#15170,#15171));
#15163 = ORIENTED_EDGE('',*,*,#15141,.T.);
#15164 = ORIENTED_EDGE('',*,*,#15165,.T.);
#15165 = EDGE_CURVE('',#15142,#15115,#15166,.T.);
#15166 = LINE('',#15167,#15168);
#15167 = CARTESIAN_POINT('',(78.780256121069,-149.4367726331,
    203.66313578041));
#15168 = VECTOR('',#15169,1.);
#15169 = DIRECTION('',(-0.707106781187,-0.652094560685,-0.273445943333)
  );
#15170 = ORIENTED_EDGE('',*,*,#15114,.F.);
#15171 = ORIENTED_EDGE('',*,*,#14390,.F.);
#15172 = PLANE('',#15173);
#15173 = AXIS2_PLACEMENT_3D('',#15174,#15175,#15176);
#15174 = CARTESIAN_POINT('',(73.75,-140.5407960585,169.44084659009));
#15175 = DIRECTION('',(0.707106781187,-0.652094560685,-0.273445943333));
#15176 = DIRECTION('',(0.677932344042,0.735124300307,0.));
#15177 = ADVANCED_FACE('',(#15178),#15217,.F.);
#15178 = FACE_BOUND('',#15179,.F.);
#15179 = EDGE_LOOP('',(#15180,#15192,#15205,#15216));
#15180 = ORIENTED_EDGE('',*,*,#15181,.F.);
#15181 = EDGE_CURVE('',#15182,#14459,#15184,.T.);
#15182 = VERTEX_POINT('',#15183);
#15183 = CARTESIAN_POINT('',(-77.5,-39.64466094067,25.));
#15184 = B_SPLINE_CURVE_WITH_KNOTS('',6,(#15185,#15186,#15187,#15188,
    #15189,#15190,#15191),.UNSPECIFIED.,.F.,.F.,(7,7),(0.220488966476,
    0.573635843182),.PIECEWISE_BEZIER_KNOTS.);
#15185 = CARTESIAN_POINT('',(-77.5,-39.64466094067,25.));
#15186 = CARTESIAN_POINT('',(-77.5,-45.0447835863,46.498344682868));
#15187 = CARTESIAN_POINT('',(-77.49999999999,-51.94283299326,
    67.615732017175));
#15188 = CARTESIAN_POINT('',(-77.5,-60.30521589055,88.221724850138));
#15189 = CARTESIAN_POINT('',(-77.49999999999,-70.0831941837,
    108.18982864971));
#15190 = CARTESIAN_POINT('',(-77.5,-81.21359513402,127.4001601998));
#15191 = CARTESIAN_POINT('',(-77.5,-93.62038077336,145.74171618785));
#15192 = ORIENTED_EDGE('',*,*,#15193,.T.);
#15193 = EDGE_CURVE('',#15182,#15194,#15196,.T.);
#15194 = VERTEX_POINT('',#15195);
#15195 = CARTESIAN_POINT('',(-77.5,39.644660940673,25.));
#15196 = B_SPLINE_CURVE_WITH_KNOTS('',7,(#15197,#15198,#15199,#15200,
    #15201,#15202,#15203,#15204),.UNSPECIFIED.,.F.,.F.,(8,8),(14.,15.),
  .PIECEWISE_BEZIER_KNOTS.);
#15197 = CARTESIAN_POINT('',(-77.5,-39.64466094067,25.));
#15198 = CARTESIAN_POINT('',(-77.5,-28.31761495762,25.));
#15199 = CARTESIAN_POINT('',(-77.5,-16.99056897457,25.));
#15200 = CARTESIAN_POINT('',(-77.5,-5.663522991525,25.));
#15201 = CARTESIAN_POINT('',(-77.5,5.663522991525,25.));
#15202 = CARTESIAN_POINT('',(-77.5,16.990568974574,25.));
#15203 = CARTESIAN_POINT('',(-77.5,28.317614957623,25.));
#15204 = CARTESIAN_POINT('',(-77.5,39.644660940673,25.));
#15205 = ORIENTED_EDGE('',*,*,#15206,.T.);
#15206 = EDGE_CURVE('',#15194,#14461,#15207,.T.);
#15207 = B_SPLINE_CURVE_WITH_KNOTS('',7,(#15208,#15209,#15210,#15211,
    #15212,#15213,#15214,#15215),.UNSPECIFIED.,.F.,.F.,(8,8),(
    0.220488966476,0.573635843182),.PIECEWISE_BEZIER_KNOTS.);
#15208 = CARTESIAN_POINT('',(-77.5,39.644660940673,25.));
#15209 = CARTESIAN_POINT('',(-77.5,35.005063621585,47.924536828941));
#15210 = CARTESIAN_POINT('',(-77.5,29.001543995303,70.575675721291));
#15211 = CARTESIAN_POINT('',(-77.49999999999,21.653434705302,
    92.856050098126));
#15212 = CARTESIAN_POINT('',(-77.5,12.988755688617,114.67000214999));
#15213 = CARTESIAN_POINT('',(-77.49999999999,3.044013416125,
    135.92461644307));
#15214 = CARTESIAN_POINT('',(-77.5,-8.136186755459,156.53071709682));
#15215 = CARTESIAN_POINT('',(-77.5,-20.4996910913,176.40376610012));
#15216 = ORIENTED_EDGE('',*,*,#14458,.F.);
#15217 = PLANE('',#15218);
#15218 = AXIS2_PLACEMENT_3D('',#15219,#15220,#15221);
#15219 = CARTESIAN_POINT('',(-77.5,-24.91840462185,94.550845737758));
#15220 = DIRECTION('',(1.,-1.6E-16,-2.1E-16));
#15221 = DIRECTION('',(2.376840707402E-16,0.891855887962,0.452319660316)
  );
#15222 = ADVANCED_FACE('',(#15223),#15250,.F.);
#15223 = FACE_BOUND('',#15224,.F.);
#15224 = EDGE_LOOP('',(#15225,#15237,#15248,#15249));
#15225 = ORIENTED_EDGE('',*,*,#15226,.F.);
#15226 = EDGE_CURVE('',#15227,#14643,#15229,.T.);
#15227 = VERTEX_POINT('',#15228);
#15228 = CARTESIAN_POINT('',(-70.17766952966,-57.32233047033,25.));
#15229 = B_SPLINE_CURVE_WITH_KNOTS('',6,(#15230,#15231,#15232,#15233,
    #15234,#15235,#15236),.UNSPECIFIED.,.F.,.F.,(7,7),(0.220488966476,
    0.573635843182),.PIECEWISE_BEZIER_KNOTS.);
#15230 = CARTESIAN_POINT('',(-70.17766952966,-57.32233047033,25.));
#15231 = CARTESIAN_POINT('',(-70.17766952966,-62.71961251529,
    45.328529938499));
#15232 = CARTESIAN_POINT('',(-70.17766952966,-69.52306242521,
    65.276503788139));
#15233 = CARTESIAN_POINT('',(-70.17766952966,-77.69914004828,
    84.72239193084));
#15234 = CARTESIAN_POINT('',(-70.17766952966,-87.20030404597,
    103.54859976606));
#15235 = CARTESIAN_POINT('',(-70.17766952966,-97.96571973117,
    121.64391440184));
#15236 = CARTESIAN_POINT('',(-70.17766952966,-109.9227447904,
    138.90556760454));
#15237 = ORIENTED_EDGE('',*,*,#15238,.T.);
#15238 = EDGE_CURVE('',#15227,#15182,#15239,.T.);
#15239 = B_SPLINE_CURVE_WITH_KNOTS('',7,(#15240,#15241,#15242,#15243,
    #15244,#15245,#15246,#15247),.UNSPECIFIED.,.F.,.F.,(8,8),(13.,14.),
  .PIECEWISE_BEZIER_KNOTS.);
#15240 = CARTESIAN_POINT('',(-70.17766952966,-57.32233047033,25.));
#15241 = CARTESIAN_POINT('',(-72.16109941276,-55.33890058723,25.));
#15242 = CARTESIAN_POINT('',(-73.88489878236,-53.09584027195,25.));
#15243 = CARTESIAN_POINT('',(-75.3082860991,-50.63393268035,25.));
#15244 = CARTESIAN_POINT('',(-76.39848233536,-48.00196614115,25.));
#15245 = CARTESIAN_POINT('',(-77.13282706409,-45.25464776456,25.));
#15246 = CARTESIAN_POINT('',(-77.5,-42.44965438137,25.));
#15247 = CARTESIAN_POINT('',(-77.5,-39.64466094067,25.));
#15248 = ORIENTED_EDGE('',*,*,#15181,.T.);
#15249 = ORIENTED_EDGE('',*,*,#14655,.F.);
#15250 = B_SPLINE_SURFACE_WITH_KNOTS('',7,6,(
    (#15251,#15252,#15253,#15254,#15255,#15256,#15257)
    ,(#15258,#15259,#15260,#15261,#15262,#15263,#15264)
    ,(#15265,#15266,#15267,#15268,#15269,#15270,#15271)
    ,(#15272,#15273,#15274,#15275,#15276,#15277,#15278)
    ,(#15279,#15280,#15281,#15282,#15283,#15284,#15285)
    ,(#15286,#15287,#15288,#15289,#15290,#15291,#15292)
    ,(#15293,#15294,#15295,#15296,#15297,#15298,#15299)
    ,(#15300,#15301,#15302,#15303,#15304,#15305,#15306
  )),.UNSPECIFIED.,.F.,.F.,.F.,(8,8),(7,7),(13.,14.),(0.220488966476,
    0.573635843182),.PIECEWISE_BEZIER_KNOTS.);
#15251 = CARTESIAN_POINT('',(-70.17766952966,-57.32233047033,25.));
#15252 = CARTESIAN_POINT('',(-70.17766952966,-62.71961251529,
    45.328529938499));
#15253 = CARTESIAN_POINT('',(-70.17766952966,-69.52306242521,
    65.276503788139));
#15254 = CARTESIAN_POINT('',(-70.17766952966,-77.69914004828,
    84.72239193084));
#15255 = CARTESIAN_POINT('',(-70.17766952966,-87.20030404597,
    103.54859976606));
#15256 = CARTESIAN_POINT('',(-70.17766952966,-97.96571973117,
    121.64391440184));
#15257 = CARTESIAN_POINT('',(-70.17766952966,-109.9227447904,
    138.90556760454));
#15258 = CARTESIAN_POINT('',(-72.16109941276,-55.33890058723,25.));
#15259 = CARTESIAN_POINT('',(-72.16109941277,-60.73650134683,
    45.459782845891));
#15260 = CARTESIAN_POINT('',(-72.16109941276,-67.55056529551,
    65.538964581689));
#15261 = CARTESIAN_POINT('',(-72.16109941277,-75.74754632146,
    85.115016166259));
#15262 = CARTESIAN_POINT('',(-72.16109941276,-85.27976881047,
    104.06934442907));
#15263 = CARTESIAN_POINT('',(-72.16109941277,-96.08613574666,
    122.28976367009));
#15264 = CARTESIAN_POINT('',(-72.16109941277,-108.093623825,
    139.67258168197));
#15265 = CARTESIAN_POINT('',(-73.88489878236,-53.09584027195,25.));
#15266 = CARTESIAN_POINT('',(-73.88489878236,-58.49380146587,
    45.608216723157));
#15267 = CARTESIAN_POINT('',(-73.88489878236,-65.31986882807,
    65.835781421722));
#15268 = CARTESIAN_POINT('',(-73.88489878236,-73.54048950666,
    85.559034807293));
#15269 = CARTESIAN_POINT('',(-73.88489878236,-83.10783603506,
    104.65825442683));
#15270 = CARTESIAN_POINT('',(-73.88489878236,-93.96051472985,
    123.02015443188));
#15271 = CARTESIAN_POINT('',(-73.88489878236,-106.0250714227,
    140.5399976935));
#15272 = CARTESIAN_POINT('',(-75.3082860991,-50.63393268035,25.));
#15273 = CARTESIAN_POINT('',(-75.3082860991,-56.03228947486,
    45.771132756579));
#15274 = CARTESIAN_POINT('',(-75.3082860991,-62.87153138021,
    66.161557606522));
#15275 = CARTESIAN_POINT('',(-75.3082860991,-71.11809814678,
    86.04637474003));
#15276 = CARTESIAN_POINT('',(-75.3082860991,-80.72399563996,
    105.30462224154));
#15277 = CARTESIAN_POINT('',(-75.3082860991,-91.62750456401,
    123.82180677668));
#15278 = CARTESIAN_POINT('',(-75.3082860991,-103.7546978496,
    141.49204434571));
#15279 = CARTESIAN_POINT('',(-76.39848233536,-48.00196614115,25.));
#15280 = CARTESIAN_POINT('',(-76.39848233535,-53.40074586278,
    45.945302392406));
#15281 = CARTESIAN_POINT('',(-76.39848233535,-60.25407235719,
    66.509837136018));
#15282 = CARTESIAN_POINT('',(-76.39848233535,-68.52837746602,
    86.567378209275));
#15283 = CARTESIAN_POINT('',(-76.39848233535,-78.17548887386,
    105.99563861686));
#15284 = CARTESIAN_POINT('',(-76.39848233535,-89.1333391806,
    124.6788341301));
#15285 = CARTESIAN_POINT('',(-76.39848233535,-101.3274957498,
    142.50985465708));
#15286 = CARTESIAN_POINT('',(-77.13282706409,-45.25464776456,25.));
#15287 = CARTESIAN_POINT('',(-77.1328270641,-50.65386894904,
    46.127105403205));
#15288 = CARTESIAN_POINT('',(-77.13282706409,-57.52189732121,
    66.873380797126));
#15289 = CARTESIAN_POINT('',(-77.1328270641,-65.82515646739,
    87.111215824231));
#15290 = CARTESIAN_POINT('',(-77.1328270641,-75.51528808213,
    106.71694033486));
#15291 = CARTESIAN_POINT('',(-77.1328270641,-86.52986140456,
    125.5734226297));
#15292 = CARTESIAN_POINT('',(-77.1328270641,-98.79391607342,
    143.57227278841));
#15293 = CARTESIAN_POINT('',(-77.5,-42.44965438137,25.));
#15294 = CARTESIAN_POINT('',(-77.5,-47.84932629642,46.312725041134));
#15295 = CARTESIAN_POINT('',(-77.49999999999,-54.73236518584,
    67.244556403345));
#15296 = CARTESIAN_POINT('',(-77.5,-63.06518620726,87.666470331491));
#15297 = CARTESIAN_POINT('',(-77.49999999999,-72.79924116076,
    107.45338448473));
#15298 = CARTESIAN_POINT('',(-77.5,-83.87172829654,126.48679140538));
#15299 = CARTESIAN_POINT('',(-77.5,-96.20714844991,144.65699447701));
#15300 = CARTESIAN_POINT('',(-77.5,-39.64466094067,25.));
#15301 = CARTESIAN_POINT('',(-77.5,-45.0447835863,46.498344682868));
#15302 = CARTESIAN_POINT('',(-77.49999999999,-51.94283299326,
    67.615732017175));
#15303 = CARTESIAN_POINT('',(-77.5,-60.30521589055,88.221724850138));
#15304 = CARTESIAN_POINT('',(-77.49999999999,-70.0831941837,
    108.18982864971));
#15305 = CARTESIAN_POINT('',(-77.5,-81.21359513402,127.4001601998));
#15306 = CARTESIAN_POINT('',(-77.5,-93.62038077336,145.74171618785));
#15307 = ADVANCED_FACE('',(#15308),#15335,.F.);
#15308 = FACE_BOUND('',#15309,.F.);
#15309 = EDGE_LOOP('',(#15310,#15322,#15333,#15334));
#15310 = ORIENTED_EDGE('',*,*,#15311,.F.);
#15311 = EDGE_CURVE('',#15312,#14630,#15314,.T.);
#15312 = VERTEX_POINT('',#15313);
#15313 = CARTESIAN_POINT('',(-57.32233047033,-70.17766952966,25.));
#15314 = B_SPLINE_CURVE_WITH_KNOTS('',6,(#15315,#15316,#15317,#15318,
    #15319,#15320,#15321),.UNSPECIFIED.,.F.,.F.,(7,7),(0.220488966476,
    0.573635843182),.PIECEWISE_BEZIER_KNOTS.);
#15315 = CARTESIAN_POINT('',(-57.32233047033,-70.17766952966,25.));
#15316 = CARTESIAN_POINT('',(-57.32233047033,-75.57288586766,
    44.477831539016));
#15317 = CARTESIAN_POINT('',(-57.32233047033,-82.30754228605,
    63.575398788356));
#15318 = CARTESIAN_POINT('',(-57.32233047033,-90.34813726166,
    82.177649758601));
#15319 = CARTESIAN_POINT('',(-57.32233047033,-99.64799974625,
    100.17346194876));
#15320 = CARTESIAN_POINT('',(-57.32233047033,-110.147995302,
    117.45792759416));
#15321 = CARTESIAN_POINT('',(-57.32233047033,-121.7779509621,
    133.93426707474));
#15322 = ORIENTED_EDGE('',*,*,#15323,.T.);
#15323 = EDGE_CURVE('',#15312,#15227,#15324,.T.);
#15324 = B_SPLINE_CURVE_WITH_KNOTS('',7,(#15325,#15326,#15327,#15328,
    #15329,#15330,#15331,#15332),.UNSPECIFIED.,.F.,.F.,(8,8),(12.,13.),
  .PIECEWISE_BEZIER_KNOTS.);
#15325 = CARTESIAN_POINT('',(-57.32233047033,-70.17766952966,25.));
#15326 = CARTESIAN_POINT('',(-59.15880747881,-68.34119252118,25.));
#15327 = CARTESIAN_POINT('',(-60.99528448728,-66.50471551271,25.));
#15328 = CARTESIAN_POINT('',(-62.83176149576,-64.66823850423,25.));
#15329 = CARTESIAN_POINT('',(-64.66823850423,-62.83176149576,25.));
#15330 = CARTESIAN_POINT('',(-66.50471551271,-60.99528448728,25.));
#15331 = CARTESIAN_POINT('',(-68.34119252118,-59.15880747881,25.));
#15332 = CARTESIAN_POINT('',(-70.17766952966,-57.32233047033,25.));
#15333 = ORIENTED_EDGE('',*,*,#15226,.T.);
#15334 = ORIENTED_EDGE('',*,*,#14642,.F.);
#15335 = B_SPLINE_SURFACE_WITH_KNOTS('',7,6,(
    (#15336,#15337,#15338,#15339,#15340,#15341,#15342)
    ,(#15343,#15344,#15345,#15346,#15347,#15348,#15349)
    ,(#15350,#15351,#15352,#15353,#15354,#15355,#15356)
    ,(#15357,#15358,#15359,#15360,#15361,#15362,#15363)
    ,(#15364,#15365,#15366,#15367,#15368,#15369,#15370)
    ,(#15371,#15372,#15373,#15374,#15375,#15376,#15377)
    ,(#15378,#15379,#15380,#15381,#15382,#15383,#15384)
    ,(#15385,#15386,#15387,#15388,#15389,#15390,#15391
  )),.UNSPECIFIED.,.F.,.F.,.F.,(8,8),(7,7),(12.,13.),(0.220488966476,
    0.573635843182),.PIECEWISE_BEZIER_KNOTS.);
#15336 = CARTESIAN_POINT('',(-57.32233047033,-70.17766952966,25.));
#15337 = CARTESIAN_POINT('',(-57.32233047033,-75.57288586766,
    44.477831539016));
#15338 = CARTESIAN_POINT('',(-57.32233047033,-82.30754228605,
    63.575398788356));
#15339 = CARTESIAN_POINT('',(-57.32233047033,-90.34813726166,
    82.177649758601));
#15340 = CARTESIAN_POINT('',(-57.32233047033,-99.64799974625,
    100.17346194876));
#15341 = CARTESIAN_POINT('',(-57.32233047033,-110.147995302,
    117.45792759416));
#15342 = CARTESIAN_POINT('',(-57.32233047033,-121.7779509621,
    133.93426707474));
#15343 = CARTESIAN_POINT('',(-59.15880747881,-68.34119252118,25.));
#15344 = CARTESIAN_POINT('',(-59.15880747881,-73.73670396018,
    44.599359881799));
#15345 = CARTESIAN_POINT('',(-59.15880747881,-80.48118802022,
    63.818413788325));
#15346 = CARTESIAN_POINT('',(-59.15880747881,-88.54113765975,
    82.541184354635));
#15347 = CARTESIAN_POINT('',(-59.15880747881,-97.86975750336,
    100.65562449409));
#15348 = CARTESIAN_POINT('',(-59.15880747881,-108.4076702204,
    118.05592570954));
#15349 = CARTESIAN_POINT('',(-59.15880747881,-120.0843500804,
    134.64445286471));
#15350 = CARTESIAN_POINT('',(-60.99528448728,-66.50471551271,25.));
#15351 = CARTESIAN_POINT('',(-60.99528448728,-71.9005220527,
    44.720888224582));
#15352 = CARTESIAN_POINT('',(-60.99528448728,-78.65483375439,
    64.061428788294));
#15353 = CARTESIAN_POINT('',(-60.99528448728,-86.73413805784,
    82.904718950669));
#15354 = CARTESIAN_POINT('',(-60.99528448728,-96.09151526046,
    101.13778703941));
#15355 = CARTESIAN_POINT('',(-60.99528448728,-106.6673451389,
    118.65392382492));
#15356 = CARTESIAN_POINT('',(-60.99528448728,-118.3907491988,
    135.35463865468));
#15357 = CARTESIAN_POINT('',(-62.83176149576,-64.66823850423,25.));
#15358 = CARTESIAN_POINT('',(-62.83176149576,-70.06434014522,
    44.842416567366));
#15359 = CARTESIAN_POINT('',(-62.83176149576,-76.82847948855,
    64.304443788263));
#15360 = CARTESIAN_POINT('',(-62.83176149576,-84.92713845592,
    83.268253546703));
#15361 = CARTESIAN_POINT('',(-62.83176149576,-94.31327301756,
    101.61994958474));
#15362 = CARTESIAN_POINT('',(-62.83176149576,-104.9270200573,
    119.25192194031));
#15363 = CARTESIAN_POINT('',(-62.83176149576,-116.6971483171,
    136.06482444465));
#15364 = CARTESIAN_POINT('',(-64.66823850423,-62.83176149576,25.));
#15365 = CARTESIAN_POINT('',(-64.66823850423,-68.22815823774,
    44.963944910149));
#15366 = CARTESIAN_POINT('',(-64.66823850423,-75.00212522272,
    64.547458788232));
#15367 = CARTESIAN_POINT('',(-64.66823850423,-83.12013885401,
    83.631788142737));
#15368 = CARTESIAN_POINT('',(-64.66823850423,-92.53503077467,
    102.10211213007));
#15369 = CARTESIAN_POINT('',(-64.66823850423,-103.1866949758,
    119.84992005569));
#15370 = CARTESIAN_POINT('',(-64.66823850423,-115.0035474354,
    136.77501023462));
#15371 = CARTESIAN_POINT('',(-66.50471551271,-60.99528448728,25.));
#15372 = CARTESIAN_POINT('',(-66.50471551271,-66.39197633025,
    45.085473252932));
#15373 = CARTESIAN_POINT('',(-66.50471551271,-73.17577095688,
    64.790473788201));
#15374 = CARTESIAN_POINT('',(-66.50471551271,-81.3131392521,
    83.995322738771));
#15375 = CARTESIAN_POINT('',(-66.50471551271,-90.75678853177,
    102.5842746754));
#15376 = CARTESIAN_POINT('',(-66.50471551271,-101.4463698942,
    120.44791817107));
#15377 = CARTESIAN_POINT('',(-66.50471551271,-113.3099465538,
    137.48519602459));
#15378 = CARTESIAN_POINT('',(-68.34119252118,-59.15880747881,25.));
#15379 = CARTESIAN_POINT('',(-68.34119252118,-64.55579442277,
    45.207001595715));
#15380 = CARTESIAN_POINT('',(-68.34119252118,-71.34941669105,
    65.03348878817));
#15381 = CARTESIAN_POINT('',(-68.34119252119,-79.50613965019,
    84.358857334806));
#15382 = CARTESIAN_POINT('',(-68.34119252118,-88.97854628887,
    103.06643722073));
#15383 = CARTESIAN_POINT('',(-68.34119252118,-99.70604481272,
    121.04591628645));
#15384 = CARTESIAN_POINT('',(-68.34119252118,-111.6163456721,
    138.19538181456));
#15385 = CARTESIAN_POINT('',(-70.17766952966,-57.32233047033,25.));
#15386 = CARTESIAN_POINT('',(-70.17766952966,-62.71961251529,
    45.328529938499));
#15387 = CARTESIAN_POINT('',(-70.17766952966,-69.52306242521,
    65.276503788139));
#15388 = CARTESIAN_POINT('',(-70.17766952966,-77.69914004828,
    84.72239193084));
#15389 = CARTESIAN_POINT('',(-70.17766952966,-87.20030404597,
    103.54859976606));
#15390 = CARTESIAN_POINT('',(-70.17766952966,-97.96571973117,
    121.64391440184));
#15391 = CARTESIAN_POINT('',(-70.17766952966,-109.9227447904,
    138.90556760454));
#15392 = ADVANCED_FACE('',(#15393),#15420,.F.);
#15393 = FACE_BOUND('',#15394,.F.);
#15394 = EDGE_LOOP('',(#15395,#15407,#15418,#15419));
#15395 = ORIENTED_EDGE('',*,*,#15396,.F.);
#15396 = EDGE_CURVE('',#15397,#14617,#15399,.T.);
#15397 = VERTEX_POINT('',#15398);
#15398 = CARTESIAN_POINT('',(-39.64466094067,-77.5,25.));
#15399 = B_SPLINE_CURVE_WITH_KNOTS('',6,(#15400,#15401,#15402,#15403,
    #15404,#15405,#15406),.UNSPECIFIED.,.F.,.F.,(7,7),(0.220488966476,
    0.573635843182),.PIECEWISE_BEZIER_KNOTS.);
#15400 = CARTESIAN_POINT('',(-39.64466094067,-77.5,25.));
#15401 = CARTESIAN_POINT('',(-39.64466094067,-82.89403972268,
    43.993278406434));
#15402 = CARTESIAN_POINT('',(-39.64466094067,-89.5895117464,
    62.606458730404));
#15403 = CARTESIAN_POINT('',(-39.64466094067,-97.55293655068,
    80.728178604169));
#15404 = CARTESIAN_POINT('',(-39.64466094067,-106.7381387998,
    98.251001999076));
#15405 = CARTESIAN_POINT('',(-39.64466094067,-117.0869525087,
    115.07361251629));
#15406 = CARTESIAN_POINT('',(-39.64466094067,-128.5306112367,
    131.10264161713));
#15407 = ORIENTED_EDGE('',*,*,#15408,.T.);
#15408 = EDGE_CURVE('',#15397,#15312,#15409,.T.);
#15409 = B_SPLINE_CURVE_WITH_KNOTS('',7,(#15410,#15411,#15412,#15413,
    #15414,#15415,#15416,#15417),.UNSPECIFIED.,.F.,.F.,(8,8),(11.,12.),
  .PIECEWISE_BEZIER_KNOTS.);
#15410 = CARTESIAN_POINT('',(-39.64466094067,-77.5,25.));
#15411 = CARTESIAN_POINT('',(-42.44965438137,-77.5,25.));
#15412 = CARTESIAN_POINT('',(-45.25464776456,-77.1328270641,25.));
#15413 = CARTESIAN_POINT('',(-48.00196614115,-76.39848233535,25.));
#15414 = CARTESIAN_POINT('',(-50.63393268036,-75.3082860991,25.));
#15415 = CARTESIAN_POINT('',(-53.09584027195,-73.88489878236,25.));
#15416 = CARTESIAN_POINT('',(-55.33890058723,-72.16109941277,25.));
#15417 = CARTESIAN_POINT('',(-57.32233047033,-70.17766952966,25.));
#15418 = ORIENTED_EDGE('',*,*,#15311,.T.);
#15419 = ORIENTED_EDGE('',*,*,#14629,.F.);
#15420 = B_SPLINE_SURFACE_WITH_KNOTS('',7,6,(
    (#15421,#15422,#15423,#15424,#15425,#15426,#15427)
    ,(#15428,#15429,#15430,#15431,#15432,#15433,#15434)
    ,(#15435,#15436,#15437,#15438,#15439,#15440,#15441)
    ,(#15442,#15443,#15444,#15445,#15446,#15447,#15448)
    ,(#15449,#15450,#15451,#15452,#15453,#15454,#15455)
    ,(#15456,#15457,#15458,#15459,#15460,#15461,#15462)
    ,(#15463,#15464,#15465,#15466,#15467,#15468,#15469)
    ,(#15470,#15471,#15472,#15473,#15474,#15475,#15476
  )),.UNSPECIFIED.,.F.,.F.,.F.,(8,8),(7,7),(11.,12.),(0.220488966476,
    0.573635843182),.PIECEWISE_BEZIER_KNOTS.);
#15421 = CARTESIAN_POINT('',(-39.64466094067,-77.5,25.));
#15422 = CARTESIAN_POINT('',(-39.64466094067,-82.89403972268,
    43.993278406434));
#15423 = CARTESIAN_POINT('',(-39.64466094067,-89.5895117464,
    62.606458730404));
#15424 = CARTESIAN_POINT('',(-39.64466094067,-97.55293655068,
    80.728178604169));
#15425 = CARTESIAN_POINT('',(-39.64466094067,-106.7381387998,
    98.251001999076));
#15426 = CARTESIAN_POINT('',(-39.64466094067,-117.0869525087,
    115.07361251629));
#15427 = CARTESIAN_POINT('',(-39.64466094067,-128.5306112367,
    131.10264161713));
#15428 = CARTESIAN_POINT('',(-42.44965438137,-77.5,25.));
#15429 = CARTESIAN_POINT('',(-42.44965438137,-82.89403972268,
    43.993278406434));
#15430 = CARTESIAN_POINT('',(-42.44965438137,-89.5895117464,
    62.606458730404));
#15431 = CARTESIAN_POINT('',(-42.44965438137,-97.55293655068,
    80.728178604168));
#15432 = CARTESIAN_POINT('',(-42.44965438137,-106.7381387998,
    98.251001999076));
#15433 = CARTESIAN_POINT('',(-42.44965438137,-117.0869525087,
    115.07361251629));
#15434 = CARTESIAN_POINT('',(-42.44965438137,-128.5306112367,
    131.10264161713));
#15435 = CARTESIAN_POINT('',(-45.25464776456,-77.1328270641,25.));
#15436 = CARTESIAN_POINT('',(-45.25464776456,-82.5269257873,
    44.017575970851));
#15437 = CARTESIAN_POINT('',(-45.25464776456,-89.22436268399,
    62.655045524898));
#15438 = CARTESIAN_POINT('',(-45.25464776456,-97.19165713039,
    80.800861281007));
#15439 = CARTESIAN_POINT('',(-45.25464776456,-106.3826089336,
    98.347402355046));
#15440 = CARTESIAN_POINT('',(-45.25464776456,-116.7390035462,
    115.19317226176));
#15441 = CARTESIAN_POINT('',(-45.25464776456,-128.1920039985,
    131.24463141626));
#15442 = CARTESIAN_POINT('',(-48.00196614115,-76.39848233535,25.));
#15443 = CARTESIAN_POINT('',(-48.00196614115,-81.79269905941,
    44.066171024045));
#15444 = CARTESIAN_POINT('',(-48.00196614115,-88.49406569593,
    62.752218962633));
#15445 = CARTESIAN_POINT('',(-48.00196614115,-96.46909941451,
    80.946226408412));
#15446 = CARTESIAN_POINT('',(-48.00196614115,-105.6715503081,
    98.540202766882));
#15447 = CARTESIAN_POINT('',(-48.00196614115,-116.0431067046,
    115.43229138048));
#15448 = CARTESIAN_POINT('',(-48.00196614115,-127.5147905761,
    131.52861057249));
#15449 = CARTESIAN_POINT('',(-50.63393268036,-75.3082860991,25.));
#15450 = CARTESIAN_POINT('',(-50.63393268036,-80.70267800531,
    44.138314449358));
#15451 = CARTESIAN_POINT('',(-50.63393268036,-87.40987866964,
    62.896481067247));
#15452 = CARTESIAN_POINT('',(-50.63393268036,-95.39640198578,
    81.162033111417));
#15453 = CARTESIAN_POINT('',(-50.63393268035,-104.6159242417,
    98.826431121362));
#15454 = CARTESIAN_POINT('',(-50.63393268036,-115.009989576,
    115.7872837336));
#15455 = CARTESIAN_POINT('',(-50.63393268036,-126.5094105477,
    131.95020140738));
#15456 = CARTESIAN_POINT('',(-53.09584027195,-73.88489878236,25.));
#15457 = CARTESIAN_POINT('',(-53.09584027195,-79.27951941074,
    44.232506699489));
#15458 = CARTESIAN_POINT('',(-53.09584027195,-85.99433712686,
    63.084833258501));
#15459 = CARTESIAN_POINT('',(-53.09584027195,-93.9958615473,
    81.44379570948));
#15460 = CARTESIAN_POINT('',(-53.09584027195,-103.2376725985,
    99.200137978818));
#15461 = CARTESIAN_POINT('',(-53.09584027195,-113.6611261616,
    116.25077057767));
#15462 = CARTESIAN_POINT('',(-53.09584027195,-125.1967613812,
    132.50064088542));
#15463 = CARTESIAN_POINT('',(-55.33890058723,-72.16109941277,25.));
#15464 = CARTESIAN_POINT('',(-55.33890058723,-77.55599703612,
    44.346578631624));
#15465 = CARTESIAN_POINT('',(-55.33890058722,-84.28003941576,
    63.312937994806));
#15466 = CARTESIAN_POINT('',(-55.33890058723,-92.29973098848,
    81.785025523182));
#15467 = CARTESIAN_POINT('',(-55.33890058722,-101.5685349817,
    99.652717285743));
#15468 = CARTESIAN_POINT('',(-55.33890058723,-112.0275792865,
    116.8120783259));
#15469 = CARTESIAN_POINT('',(-55.33890058723,-123.6070719275,
    133.1672529973));
#15470 = CARTESIAN_POINT('',(-57.32233047033,-70.17766952966,25.));
#15471 = CARTESIAN_POINT('',(-57.32233047033,-75.57288586766,
    44.477831539016));
#15472 = CARTESIAN_POINT('',(-57.32233047033,-82.30754228605,
    63.575398788356));
#15473 = CARTESIAN_POINT('',(-57.32233047033,-90.34813726166,
    82.177649758601));
#15474 = CARTESIAN_POINT('',(-57.32233047033,-99.64799974625,
    100.17346194876));
#15475 = CARTESIAN_POINT('',(-57.32233047033,-110.147995302,
    117.45792759416));
#15476 = CARTESIAN_POINT('',(-57.32233047033,-121.7779509621,
    133.93426707474));
#15477 = ADVANCED_FACE('',(#15478),#15505,.F.);
#15478 = FACE_BOUND('',#15479,.F.);
#15479 = EDGE_LOOP('',(#15480,#15492,#15503,#15504));
#15480 = ORIENTED_EDGE('',*,*,#15481,.F.);
#15481 = EDGE_CURVE('',#15482,#14604,#15484,.T.);
#15482 = VERTEX_POINT('',#15483);
#15483 = CARTESIAN_POINT('',(39.644660940673,-77.5,25.));
#15484 = B_SPLINE_CURVE_WITH_KNOTS('',6,(#15485,#15486,#15487,#15488,
    #15489,#15490,#15491),.UNSPECIFIED.,.F.,.F.,(7,7),(0.220488966476,
    0.573635843182),.PIECEWISE_BEZIER_KNOTS.);
#15485 = CARTESIAN_POINT('',(39.644660940673,-77.5,25.));
#15486 = CARTESIAN_POINT('',(39.644660940673,-82.89403972268,
    43.993278406434));
#15487 = CARTESIAN_POINT('',(39.644660940672,-89.5895117464,
    62.606458730404));
#15488 = CARTESIAN_POINT('',(39.644660940674,-97.55293655068,
    80.728178604168));
#15489 = CARTESIAN_POINT('',(39.644660940672,-106.7381387998,
    98.251001999076));
#15490 = CARTESIAN_POINT('',(39.644660940673,-117.0869525087,
    115.07361251629));
#15491 = CARTESIAN_POINT('',(39.644660940673,-128.5306112367,
    131.10264161713));
#15492 = ORIENTED_EDGE('',*,*,#15493,.T.);
#15493 = EDGE_CURVE('',#15482,#15397,#15494,.T.);
#15494 = B_SPLINE_CURVE_WITH_KNOTS('',7,(#15495,#15496,#15497,#15498,
    #15499,#15500,#15501,#15502),.UNSPECIFIED.,.F.,.F.,(8,8),(10.,11.),
  .PIECEWISE_BEZIER_KNOTS.);
#15495 = CARTESIAN_POINT('',(39.644660940673,-77.5,25.));
#15496 = CARTESIAN_POINT('',(28.317614957623,-77.5,25.));
#15497 = CARTESIAN_POINT('',(16.990568974574,-77.5,25.));
#15498 = CARTESIAN_POINT('',(5.663522991525,-77.5,25.));
#15499 = CARTESIAN_POINT('',(-5.663522991525,-77.5,25.));
#15500 = CARTESIAN_POINT('',(-16.99056897457,-77.5,25.));
#15501 = CARTESIAN_POINT('',(-28.31761495762,-77.5,25.));
#15502 = CARTESIAN_POINT('',(-39.64466094067,-77.5,25.));
#15503 = ORIENTED_EDGE('',*,*,#15396,.T.);
#15504 = ORIENTED_EDGE('',*,*,#14616,.F.);
#15505 = B_SPLINE_SURFACE_WITH_KNOTS('',7,6,(
    (#15506,#15507,#15508,#15509,#15510,#15511,#15512)
    ,(#15513,#15514,#15515,#15516,#15517,#15518,#15519)
    ,(#15520,#15521,#15522,#15523,#15524,#15525,#15526)
    ,(#15527,#15528,#15529,#15530,#15531,#15532,#15533)
    ,(#15534,#15535,#15536,#15537,#15538,#15539,#15540)
    ,(#15541,#15542,#15543,#15544,#15545,#15546,#15547)
    ,(#15548,#15549,#15550,#15551,#15552,#15553,#15554)
    ,(#15555,#15556,#15557,#15558,#15559,#15560,#15561
  )),.UNSPECIFIED.,.F.,.F.,.F.,(8,8),(7,7),(10.,11.),(0.220488966476,
    0.573635843182),.PIECEWISE_BEZIER_KNOTS.);
#15506 = CARTESIAN_POINT('',(39.644660940673,-77.5,25.));
#15507 = CARTESIAN_POINT('',(39.644660940673,-82.89403972268,
    43.993278406434));
#15508 = CARTESIAN_POINT('',(39.644660940672,-89.5895117464,
    62.606458730404));
#15509 = CARTESIAN_POINT('',(39.644660940674,-97.55293655068,
    80.728178604168));
#15510 = CARTESIAN_POINT('',(39.644660940672,-106.7381387998,
    98.251001999076));
#15511 = CARTESIAN_POINT('',(39.644660940673,-117.0869525087,
    115.07361251629));
#15512 = CARTESIAN_POINT('',(39.644660940673,-128.5306112367,
    131.10264161713));
#15513 = CARTESIAN_POINT('',(28.317614957623,-77.5,25.));
#15514 = CARTESIAN_POINT('',(28.317614957623,-82.89403972268,
    43.993278406434));
#15515 = CARTESIAN_POINT('',(28.317614957623,-89.5895117464,
    62.606458730404));
#15516 = CARTESIAN_POINT('',(28.317614957624,-97.55293655068,
    80.728178604168));
#15517 = CARTESIAN_POINT('',(28.317614957623,-106.7381387998,
    98.251001999076));
#15518 = CARTESIAN_POINT('',(28.317614957623,-117.0869525087,
    115.07361251629));
#15519 = CARTESIAN_POINT('',(28.317614957623,-128.5306112367,
    131.10264161713));
#15520 = CARTESIAN_POINT('',(16.990568974574,-77.5,25.));
#15521 = CARTESIAN_POINT('',(16.990568974574,-82.89403972268,
    43.993278406434));
#15522 = CARTESIAN_POINT('',(16.990568974574,-89.5895117464,
    62.606458730404));
#15523 = CARTESIAN_POINT('',(16.990568974574,-97.55293655068,
    80.728178604168));
#15524 = CARTESIAN_POINT('',(16.990568974574,-106.7381387998,
    98.251001999076));
#15525 = CARTESIAN_POINT('',(16.990568974574,-117.0869525087,
    115.07361251629));
#15526 = CARTESIAN_POINT('',(16.990568974574,-128.5306112367,
    131.10264161713));
#15527 = CARTESIAN_POINT('',(5.663522991525,-77.5,25.));
#15528 = CARTESIAN_POINT('',(5.663522991525,-82.89403972268,
    43.993278406434));
#15529 = CARTESIAN_POINT('',(5.663522991525,-89.5895117464,
    62.606458730404));
#15530 = CARTESIAN_POINT('',(5.663522991525,-97.55293655068,
    80.728178604168));
#15531 = CARTESIAN_POINT('',(5.663522991525,-106.7381387998,
    98.251001999076));
#15532 = CARTESIAN_POINT('',(5.663522991525,-117.0869525087,
    115.07361251629));
#15533 = CARTESIAN_POINT('',(5.663522991525,-128.5306112367,
    131.10264161713));
#15534 = CARTESIAN_POINT('',(-5.663522991525,-77.5,25.));
#15535 = CARTESIAN_POINT('',(-5.663522991525,-82.89403972268,
    43.993278406434));
#15536 = CARTESIAN_POINT('',(-5.663522991525,-89.5895117464,
    62.606458730404));
#15537 = CARTESIAN_POINT('',(-5.663522991525,-97.55293655068,
    80.728178604168));
#15538 = CARTESIAN_POINT('',(-5.663522991525,-106.7381387998,
    98.251001999076));
#15539 = CARTESIAN_POINT('',(-5.663522991525,-117.0869525087,
    115.07361251629));
#15540 = CARTESIAN_POINT('',(-5.663522991525,-128.5306112367,
    131.10264161713));
#15541 = CARTESIAN_POINT('',(-16.99056897457,-77.5,25.));
#15542 = CARTESIAN_POINT('',(-16.99056897457,-82.89403972268,
    43.993278406434));
#15543 = CARTESIAN_POINT('',(-16.99056897457,-89.5895117464,
    62.606458730404));
#15544 = CARTESIAN_POINT('',(-16.99056897457,-97.55293655068,
    80.728178604168));
#15545 = CARTESIAN_POINT('',(-16.99056897457,-106.7381387998,
    98.251001999076));
#15546 = CARTESIAN_POINT('',(-16.99056897457,-117.0869525087,
    115.07361251629));
#15547 = CARTESIAN_POINT('',(-16.99056897457,-128.5306112367,
    131.10264161713));
#15548 = CARTESIAN_POINT('',(-28.31761495762,-77.5,25.));
#15549 = CARTESIAN_POINT('',(-28.31761495762,-82.89403972268,
    43.993278406434));
#15550 = CARTESIAN_POINT('',(-28.31761495762,-89.5895117464,
    62.606458730404));
#15551 = CARTESIAN_POINT('',(-28.31761495762,-97.55293655068,
    80.728178604168));
#15552 = CARTESIAN_POINT('',(-28.31761495762,-106.7381387998,
    98.251001999076));
#15553 = CARTESIAN_POINT('',(-28.31761495762,-117.0869525087,
    115.07361251629));
#15554 = CARTESIAN_POINT('',(-28.31761495762,-128.5306112367,
    131.10264161713));
#15555 = CARTESIAN_POINT('',(-39.64466094067,-77.5,25.));
#15556 = CARTESIAN_POINT('',(-39.64466094067,-82.89403972268,
    43.993278406434));
#15557 = CARTESIAN_POINT('',(-39.64466094067,-89.5895117464,
    62.606458730404));
#15558 = CARTESIAN_POINT('',(-39.64466094067,-97.55293655068,
    80.728178604169));
#15559 = CARTESIAN_POINT('',(-39.64466094067,-106.7381387998,
    98.251001999076));
#15560 = CARTESIAN_POINT('',(-39.64466094067,-117.0869525087,
    115.07361251629));
#15561 = CARTESIAN_POINT('',(-39.64466094067,-128.5306112367,
    131.10264161713));
#15562 = ADVANCED_FACE('',(#15563),#15590,.F.);
#15563 = FACE_BOUND('',#15564,.F.);
#15564 = EDGE_LOOP('',(#15565,#15577,#15588,#15589));
#15565 = ORIENTED_EDGE('',*,*,#15566,.F.);
#15566 = EDGE_CURVE('',#15567,#14591,#15569,.T.);
#15567 = VERTEX_POINT('',#15568);
#15568 = CARTESIAN_POINT('',(57.322330470336,-70.17766952966,25.));
#15569 = B_SPLINE_CURVE_WITH_KNOTS('',6,(#15570,#15571,#15572,#15573,
    #15574,#15575,#15576),.UNSPECIFIED.,.F.,.F.,(7,7),(0.220488966476,
    0.573635843182),.PIECEWISE_BEZIER_KNOTS.);
#15570 = CARTESIAN_POINT('',(57.322330470336,-70.17766952966,25.));
#15571 = CARTESIAN_POINT('',(57.322330470337,-75.57288586766,
    44.477831539016));
#15572 = CARTESIAN_POINT('',(57.322330470335,-82.30754228605,
    63.575398788356));
#15573 = CARTESIAN_POINT('',(57.322330470338,-90.34813726166,
    82.177649758601));
#15574 = CARTESIAN_POINT('',(57.322330470336,-99.64799974625,
    100.17346194876));
#15575 = CARTESIAN_POINT('',(57.322330470337,-110.147995302,
    117.45792759416));
#15576 = CARTESIAN_POINT('',(57.322330470336,-121.7779509621,
    133.93426707474));
#15577 = ORIENTED_EDGE('',*,*,#15578,.T.);
#15578 = EDGE_CURVE('',#15567,#15482,#15579,.T.);
#15579 = B_SPLINE_CURVE_WITH_KNOTS('',7,(#15580,#15581,#15582,#15583,
    #15584,#15585,#15586,#15587),.UNSPECIFIED.,.F.,.F.,(8,8),(9.,10.),
  .PIECEWISE_BEZIER_KNOTS.);
#15580 = CARTESIAN_POINT('',(57.322330470336,-70.17766952966,25.));
#15581 = CARTESIAN_POINT('',(55.33890058723,-72.16109941277,25.));
#15582 = CARTESIAN_POINT('',(53.095840271951,-73.88489878236,25.));
#15583 = CARTESIAN_POINT('',(50.633932680361,-75.3082860991,25.));
#15584 = CARTESIAN_POINT('',(48.001966141157,-76.39848233535,25.));
#15585 = CARTESIAN_POINT('',(45.254647764568,-77.1328270641,25.));
#15586 = CARTESIAN_POINT('',(42.449654381378,-77.5,25.));
#15587 = CARTESIAN_POINT('',(39.644660940673,-77.5,25.));
#15588 = ORIENTED_EDGE('',*,*,#15481,.T.);
#15589 = ORIENTED_EDGE('',*,*,#14603,.F.);
#15590 = B_SPLINE_SURFACE_WITH_KNOTS('',7,6,(
    (#15591,#15592,#15593,#15594,#15595,#15596,#15597)
    ,(#15598,#15599,#15600,#15601,#15602,#15603,#15604)
    ,(#15605,#15606,#15607,#15608,#15609,#15610,#15611)
    ,(#15612,#15613,#15614,#15615,#15616,#15617,#15618)
    ,(#15619,#15620,#15621,#15622,#15623,#15624,#15625)
    ,(#15626,#15627,#15628,#15629,#15630,#15631,#15632)
    ,(#15633,#15634,#15635,#15636,#15637,#15638,#15639)
    ,(#15640,#15641,#15642,#15643,#15644,#15645,#15646
  )),.UNSPECIFIED.,.F.,.F.,.F.,(8,8),(7,7),(9.,10.),(0.220488966476,
    0.573635843182),.PIECEWISE_BEZIER_KNOTS.);
#15591 = CARTESIAN_POINT('',(57.322330470336,-70.17766952966,25.));
#15592 = CARTESIAN_POINT('',(57.322330470337,-75.57288586766,
    44.477831539016));
#15593 = CARTESIAN_POINT('',(57.322330470335,-82.30754228605,
    63.575398788356));
#15594 = CARTESIAN_POINT('',(57.322330470338,-90.34813726166,
    82.177649758601));
#15595 = CARTESIAN_POINT('',(57.322330470336,-99.64799974625,
    100.17346194876));
#15596 = CARTESIAN_POINT('',(57.322330470337,-110.147995302,
    117.45792759416));
#15597 = CARTESIAN_POINT('',(57.322330470336,-121.7779509621,
    133.93426707474));
#15598 = CARTESIAN_POINT('',(55.33890058723,-72.16109941277,25.));
#15599 = CARTESIAN_POINT('',(55.33890058723,-77.55599703612,
    44.346578631624));
#15600 = CARTESIAN_POINT('',(55.338900587229,-84.28003941576,
    63.312937994806));
#15601 = CARTESIAN_POINT('',(55.338900587231,-92.29973098848,
    81.785025523182));
#15602 = CARTESIAN_POINT('',(55.338900587229,-101.5685349817,
    99.652717285744));
#15603 = CARTESIAN_POINT('',(55.33890058723,-112.0275792865,
    116.8120783259));
#15604 = CARTESIAN_POINT('',(55.33890058723,-123.6070719275,
    133.1672529973));
#15605 = CARTESIAN_POINT('',(53.095840271951,-73.88489878236,25.));
#15606 = CARTESIAN_POINT('',(53.095840271951,-79.27951941074,
    44.232506699489));
#15607 = CARTESIAN_POINT('',(53.09584027195,-85.99433712686,
    63.084833258501));
#15608 = CARTESIAN_POINT('',(53.095840271952,-93.9958615473,
    81.44379570948));
#15609 = CARTESIAN_POINT('',(53.09584027195,-103.2376725985,
    99.200137978819));
#15610 = CARTESIAN_POINT('',(53.095840271951,-113.6611261616,
    116.25077057767));
#15611 = CARTESIAN_POINT('',(53.095840271951,-125.1967613812,
    132.50064088542));
#15612 = CARTESIAN_POINT('',(50.633932680361,-75.3082860991,25.));
#15613 = CARTESIAN_POINT('',(50.633932680362,-80.70267800531,
    44.138314449358));
#15614 = CARTESIAN_POINT('',(50.63393268036,-87.40987866964,
    62.896481067247));
#15615 = CARTESIAN_POINT('',(50.633932680362,-95.39640198578,
    81.162033111417));
#15616 = CARTESIAN_POINT('',(50.63393268036,-104.6159242417,
    98.826431121363));
#15617 = CARTESIAN_POINT('',(50.633932680361,-115.009989576,
    115.7872837336));
#15618 = CARTESIAN_POINT('',(50.63393268036,-126.5094105477,
    131.95020140738));
#15619 = CARTESIAN_POINT('',(48.001966141157,-76.39848233535,25.));
#15620 = CARTESIAN_POINT('',(48.001966141157,-81.79269905941,
    44.066171024045));
#15621 = CARTESIAN_POINT('',(48.001966141156,-88.49406569593,
    62.752218962633));
#15622 = CARTESIAN_POINT('',(48.001966141158,-96.46909941451,
    80.946226408412));
#15623 = CARTESIAN_POINT('',(48.001966141157,-105.6715503081,
    98.540202766882));
#15624 = CARTESIAN_POINT('',(48.001966141158,-116.0431067046,
    115.43229138048));
#15625 = CARTESIAN_POINT('',(48.001966141158,-127.5147905761,
    131.52861057248));
#15626 = CARTESIAN_POINT('',(45.254647764568,-77.1328270641,25.));
#15627 = CARTESIAN_POINT('',(45.254647764568,-82.5269257873,
    44.017575970851));
#15628 = CARTESIAN_POINT('',(45.254647764567,-89.22436268399,
    62.655045524899));
#15629 = CARTESIAN_POINT('',(45.254647764569,-97.19165713039,
    80.800861281006));
#15630 = CARTESIAN_POINT('',(45.254647764567,-106.3826089336,
    98.347402355046));
#15631 = CARTESIAN_POINT('',(45.254647764568,-116.7390035462,
    115.19317226176));
#15632 = CARTESIAN_POINT('',(45.254647764567,-128.1920039985,
    131.24463141626));
#15633 = CARTESIAN_POINT('',(42.449654381378,-77.5,25.));
#15634 = CARTESIAN_POINT('',(42.449654381378,-82.89403972268,
    43.993278406434));
#15635 = CARTESIAN_POINT('',(42.449654381377,-89.5895117464,
    62.606458730403));
#15636 = CARTESIAN_POINT('',(42.449654381379,-97.55293655068,
    80.728178604169));
#15637 = CARTESIAN_POINT('',(42.449654381377,-106.7381387998,
    98.251001999075));
#15638 = CARTESIAN_POINT('',(42.449654381378,-117.0869525087,
    115.07361251629));
#15639 = CARTESIAN_POINT('',(42.449654381378,-128.5306112367,
    131.10264161713));
#15640 = CARTESIAN_POINT('',(39.644660940673,-77.5,25.));
#15641 = CARTESIAN_POINT('',(39.644660940673,-82.89403972268,
    43.993278406434));
#15642 = CARTESIAN_POINT('',(39.644660940672,-89.5895117464,
    62.606458730404));
#15643 = CARTESIAN_POINT('',(39.644660940674,-97.55293655068,
    80.728178604168));
#15644 = CARTESIAN_POINT('',(39.644660940672,-106.7381387998,
    98.251001999076));
#15645 = CARTESIAN_POINT('',(39.644660940673,-117.0869525087,
    115.07361251629));
#15646 = CARTESIAN_POINT('',(39.644660940673,-128.5306112367,
    131.10264161713));
#15647 = ADVANCED_FACE('',(#15648),#15675,.F.);
#15648 = FACE_BOUND('',#15649,.F.);
#15649 = EDGE_LOOP('',(#15650,#15662,#15673,#15674));
#15650 = ORIENTED_EDGE('',*,*,#15651,.F.);
#15651 = EDGE_CURVE('',#15652,#14578,#15654,.T.);
#15652 = VERTEX_POINT('',#15653);
#15653 = CARTESIAN_POINT('',(70.177669529664,-57.32233047033,25.));
#15654 = B_SPLINE_CURVE_WITH_KNOTS('',6,(#15655,#15656,#15657,#15658,
    #15659,#15660,#15661),.UNSPECIFIED.,.F.,.F.,(7,7),(0.220488966476,
    0.573635843182),.PIECEWISE_BEZIER_KNOTS.);
#15655 = CARTESIAN_POINT('',(70.177669529664,-57.32233047033,25.));
#15656 = CARTESIAN_POINT('',(70.177669529664,-62.71961251529,
    45.328529938499));
#15657 = CARTESIAN_POINT('',(70.177669529662,-69.52306242521,
    65.276503788139));
#15658 = CARTESIAN_POINT('',(70.177669529665,-77.69914004828,
    84.72239193084));
#15659 = CARTESIAN_POINT('',(70.177669529663,-87.20030404597,
    103.54859976606));
#15660 = CARTESIAN_POINT('',(70.177669529664,-97.96571973117,
    121.64391440184));
#15661 = CARTESIAN_POINT('',(70.177669529664,-109.9227447904,
    138.90556760454));
#15662 = ORIENTED_EDGE('',*,*,#15663,.T.);
#15663 = EDGE_CURVE('',#15652,#15567,#15664,.T.);
#15664 = B_SPLINE_CURVE_WITH_KNOTS('',7,(#15665,#15666,#15667,#15668,
    #15669,#15670,#15671,#15672),.UNSPECIFIED.,.F.,.F.,(8,8),(8.,9.),
  .PIECEWISE_BEZIER_KNOTS.);
#15665 = CARTESIAN_POINT('',(70.177669529664,-57.32233047033,25.));
#15666 = CARTESIAN_POINT('',(68.341192521188,-59.15880747881,25.));
#15667 = CARTESIAN_POINT('',(66.504715512713,-60.99528448728,25.));
#15668 = CARTESIAN_POINT('',(64.668238504238,-62.83176149576,25.));
#15669 = CARTESIAN_POINT('',(62.831761495762,-64.66823850423,25.));
#15670 = CARTESIAN_POINT('',(60.995284487287,-66.50471551271,25.));
#15671 = CARTESIAN_POINT('',(59.158807478812,-68.34119252118,25.));
#15672 = CARTESIAN_POINT('',(57.322330470336,-70.17766952966,25.));
#15673 = ORIENTED_EDGE('',*,*,#15566,.T.);
#15674 = ORIENTED_EDGE('',*,*,#14590,.F.);
#15675 = B_SPLINE_SURFACE_WITH_KNOTS('',7,6,(
    (#15676,#15677,#15678,#15679,#15680,#15681,#15682)
    ,(#15683,#15684,#15685,#15686,#15687,#15688,#15689)
    ,(#15690,#15691,#15692,#15693,#15694,#15695,#15696)
    ,(#15697,#15698,#15699,#15700,#15701,#15702,#15703)
    ,(#15704,#15705,#15706,#15707,#15708,#15709,#15710)
    ,(#15711,#15712,#15713,#15714,#15715,#15716,#15717)
    ,(#15718,#15719,#15720,#15721,#15722,#15723,#15724)
    ,(#15725,#15726,#15727,#15728,#15729,#15730,#15731
  )),.UNSPECIFIED.,.F.,.F.,.F.,(8,8),(7,7),(8.,9.),(0.220488966476,
    0.573635843182),.PIECEWISE_BEZIER_KNOTS.);
#15676 = CARTESIAN_POINT('',(70.177669529664,-57.32233047033,25.));
#15677 = CARTESIAN_POINT('',(70.177669529664,-62.71961251529,
    45.328529938499));
#15678 = CARTESIAN_POINT('',(70.177669529662,-69.52306242521,
    65.276503788139));
#15679 = CARTESIAN_POINT('',(70.177669529665,-77.69914004828,
    84.72239193084));
#15680 = CARTESIAN_POINT('',(70.177669529663,-87.20030404597,
    103.54859976606));
#15681 = CARTESIAN_POINT('',(70.177669529664,-97.96571973117,
    121.64391440184));
#15682 = CARTESIAN_POINT('',(70.177669529664,-109.9227447904,
    138.90556760454));
#15683 = CARTESIAN_POINT('',(68.341192521188,-59.15880747881,25.));
#15684 = CARTESIAN_POINT('',(68.341192521189,-64.55579442277,
    45.207001595715));
#15685 = CARTESIAN_POINT('',(68.341192521187,-71.34941669105,
    65.03348878817));
#15686 = CARTESIAN_POINT('',(68.34119252119,-79.50613965019,
    84.358857334805));
#15687 = CARTESIAN_POINT('',(68.341192521187,-88.97854628887,
    103.06643722073));
#15688 = CARTESIAN_POINT('',(68.341192521189,-99.70604481272,
    121.04591628645));
#15689 = CARTESIAN_POINT('',(68.341192521188,-111.6163456721,
    138.19538181456));
#15690 = CARTESIAN_POINT('',(66.504715512713,-60.99528448728,25.));
#15691 = CARTESIAN_POINT('',(66.504715512713,-66.39197633025,
    45.085473252932));
#15692 = CARTESIAN_POINT('',(66.504715512712,-73.17577095688,
    64.790473788201));
#15693 = CARTESIAN_POINT('',(66.504715512714,-81.3131392521,
    83.995322738771));
#15694 = CARTESIAN_POINT('',(66.504715512712,-90.75678853177,
    102.5842746754));
#15695 = CARTESIAN_POINT('',(66.504715512713,-101.4463698942,
    120.44791817107));
#15696 = CARTESIAN_POINT('',(66.504715512713,-113.3099465538,
    137.48519602459));
#15697 = CARTESIAN_POINT('',(64.668238504238,-62.83176149576,25.));
#15698 = CARTESIAN_POINT('',(64.668238504238,-68.22815823774,
    44.963944910149));
#15699 = CARTESIAN_POINT('',(64.668238504237,-75.00212522272,
    64.547458788232));
#15700 = CARTESIAN_POINT('',(64.668238504239,-83.12013885401,
    83.631788142737));
#15701 = CARTESIAN_POINT('',(64.668238504237,-92.53503077467,
    102.10211213007));
#15702 = CARTESIAN_POINT('',(64.668238504238,-103.1866949758,
    119.84992005569));
#15703 = CARTESIAN_POINT('',(64.668238504238,-115.0035474354,
    136.77501023462));
#15704 = CARTESIAN_POINT('',(62.831761495762,-64.66823850423,25.));
#15705 = CARTESIAN_POINT('',(62.831761495763,-70.06434014522,
    44.842416567366));
#15706 = CARTESIAN_POINT('',(62.831761495761,-76.82847948855,
    64.304443788263));
#15707 = CARTESIAN_POINT('',(62.831761495764,-84.92713845592,
    83.268253546703));
#15708 = CARTESIAN_POINT('',(62.831761495761,-94.31327301756,
    101.61994958474));
#15709 = CARTESIAN_POINT('',(62.831761495763,-104.9270200573,
    119.25192194031));
#15710 = CARTESIAN_POINT('',(62.831761495762,-116.6971483171,
    136.06482444465));
#15711 = CARTESIAN_POINT('',(60.995284487287,-66.50471551271,25.));
#15712 = CARTESIAN_POINT('',(60.995284487287,-71.9005220527,
    44.720888224582));
#15713 = CARTESIAN_POINT('',(60.995284487286,-78.65483375439,
    64.061428788294));
#15714 = CARTESIAN_POINT('',(60.995284487288,-86.73413805784,
    82.904718950669));
#15715 = CARTESIAN_POINT('',(60.995284487286,-96.09151526046,
    101.13778703941));
#15716 = CARTESIAN_POINT('',(60.995284487287,-106.6673451389,
    118.65392382492));
#15717 = CARTESIAN_POINT('',(60.995284487287,-118.3907491988,
    135.35463865468));
#15718 = CARTESIAN_POINT('',(59.158807478812,-68.34119252118,25.));
#15719 = CARTESIAN_POINT('',(59.158807478812,-73.73670396018,
    44.599359881799));
#15720 = CARTESIAN_POINT('',(59.158807478811,-80.48118802022,
    63.818413788325));
#15721 = CARTESIAN_POINT('',(59.158807478813,-88.54113765975,
    82.541184354635));
#15722 = CARTESIAN_POINT('',(59.158807478811,-97.86975750336,
    100.65562449409));
#15723 = CARTESIAN_POINT('',(59.158807478812,-108.4076702204,
    118.05592570954));
#15724 = CARTESIAN_POINT('',(59.158807478812,-120.0843500804,
    134.64445286471));
#15725 = CARTESIAN_POINT('',(57.322330470336,-70.17766952966,25.));
#15726 = CARTESIAN_POINT('',(57.322330470337,-75.57288586766,
    44.477831539016));
#15727 = CARTESIAN_POINT('',(57.322330470335,-82.30754228605,
    63.575398788356));
#15728 = CARTESIAN_POINT('',(57.322330470338,-90.34813726166,
    82.177649758601));
#15729 = CARTESIAN_POINT('',(57.322330470336,-99.64799974625,
    100.17346194876));
#15730 = CARTESIAN_POINT('',(57.322330470337,-110.147995302,
    117.45792759416));
#15731 = CARTESIAN_POINT('',(57.322330470336,-121.7779509621,
    133.93426707474));
#15732 = ADVANCED_FACE('',(#15733),#15761,.F.);
#15733 = FACE_BOUND('',#15734,.F.);
#15734 = EDGE_LOOP('',(#15735,#15748,#15759,#15760));
#15735 = ORIENTED_EDGE('',*,*,#15736,.F.);
#15736 = EDGE_CURVE('',#15737,#14565,#15739,.T.);
#15737 = VERTEX_POINT('',#15738);
#15738 = CARTESIAN_POINT('',(77.5,-39.64466094067,25.));
#15739 = B_SPLINE_CURVE_WITH_KNOTS('',7,(#15740,#15741,#15742,#15743,
    #15744,#15745,#15746,#15747),.UNSPECIFIED.,.F.,.F.,(8,8),(
    0.220488966476,0.573635843182),.PIECEWISE_BEZIER_KNOTS.);
#15740 = CARTESIAN_POINT('',(77.5,-39.64466094067,25.));
#15741 = CARTESIAN_POINT('',(77.5,-44.27333749407,43.427152585315));
#15742 = CARTESIAN_POINT('',(77.500000000001,-49.97196173413,
    61.582192778803));
#15743 = CARTESIAN_POINT('',(77.499999999998,-56.72133721943,
    79.390584454494));
#15744 = CARTESIAN_POINT('',(77.500000000002,-64.49577830275,
    96.77948423147));
#15745 = CARTESIAN_POINT('',(77.499999999999,-73.26330874093,
    113.67849480688));
#15746 = CARTESIAN_POINT('',(77.5,-82.9859930825,130.02038248381));
#15747 = CARTESIAN_POINT('',(77.5,-93.62038077336,145.74171618785));
#15748 = ORIENTED_EDGE('',*,*,#15749,.T.);
#15749 = EDGE_CURVE('',#15737,#15652,#15750,.T.);
#15750 = B_SPLINE_CURVE_WITH_KNOTS('',7,(#15751,#15752,#15753,#15754,
    #15755,#15756,#15757,#15758),.UNSPECIFIED.,.F.,.F.,(8,8),(7.,8.),
  .PIECEWISE_BEZIER_KNOTS.);
#15751 = CARTESIAN_POINT('',(77.5,-39.64466094067,25.));
#15752 = CARTESIAN_POINT('',(77.5,-42.44965438137,25.));
#15753 = CARTESIAN_POINT('',(77.132827064102,-45.25464776456,25.));
#15754 = CARTESIAN_POINT('',(76.398482335355,-48.00196614115,25.));
#15755 = CARTESIAN_POINT('',(75.308286099105,-50.63393268036,25.));
#15756 = CARTESIAN_POINT('',(73.884898782365,-53.09584027195,25.));
#15757 = CARTESIAN_POINT('',(72.16109941277,-55.33890058723,25.));
#15758 = CARTESIAN_POINT('',(70.177669529664,-57.32233047033,25.));
#15759 = ORIENTED_EDGE('',*,*,#15651,.T.);
#15760 = ORIENTED_EDGE('',*,*,#14577,.F.);
#15761 = B_SPLINE_SURFACE_WITH_KNOTS('',7,6,(
    (#15762,#15763,#15764,#15765,#15766,#15767,#15768)
    ,(#15769,#15770,#15771,#15772,#15773,#15774,#15775)
    ,(#15776,#15777,#15778,#15779,#15780,#15781,#15782)
    ,(#15783,#15784,#15785,#15786,#15787,#15788,#15789)
    ,(#15790,#15791,#15792,#15793,#15794,#15795,#15796)
    ,(#15797,#15798,#15799,#15800,#15801,#15802,#15803)
    ,(#15804,#15805,#15806,#15807,#15808,#15809,#15810)
    ,(#15811,#15812,#15813,#15814,#15815,#15816,#15817
  )),.UNSPECIFIED.,.F.,.F.,.F.,(8,8),(7,7),(7.,8.),(0.220488966476,
    0.573635843182),.PIECEWISE_BEZIER_KNOTS.);
#15762 = CARTESIAN_POINT('',(77.5,-39.64466094067,25.));
#15763 = CARTESIAN_POINT('',(77.5,-45.0447835863,46.498344682868));
#15764 = CARTESIAN_POINT('',(77.499999999999,-51.94283299326,
    67.615732017175));
#15765 = CARTESIAN_POINT('',(77.500000000001,-60.30521589055,
    88.221724850138));
#15766 = CARTESIAN_POINT('',(77.499999999999,-70.0831941837,
    108.18982864971));
#15767 = CARTESIAN_POINT('',(77.5,-81.21359513402,127.4001601998));
#15768 = CARTESIAN_POINT('',(77.5,-93.62038077336,145.74171618785));
#15769 = CARTESIAN_POINT('',(77.5,-42.44965438137,25.));
#15770 = CARTESIAN_POINT('',(77.5,-47.84932629642,46.312725041134));
#15771 = CARTESIAN_POINT('',(77.499999999999,-54.73236518584,
    67.244556403345));
#15772 = CARTESIAN_POINT('',(77.500000000001,-63.06518620726,
    87.666470331491));
#15773 = CARTESIAN_POINT('',(77.499999999999,-72.79924116076,
    107.45338448473));
#15774 = CARTESIAN_POINT('',(77.5,-83.87172829654,126.48679140538));
#15775 = CARTESIAN_POINT('',(77.5,-96.20714844991,144.65699447701));
#15776 = CARTESIAN_POINT('',(77.132827064102,-45.25464776456,25.));
#15777 = CARTESIAN_POINT('',(77.132827064102,-50.65386894904,
    46.127105403206));
#15778 = CARTESIAN_POINT('',(77.132827064101,-57.52189732121,
    66.873380797126));
#15779 = CARTESIAN_POINT('',(77.132827064103,-65.82515646739,
    87.111215824231));
#15780 = CARTESIAN_POINT('',(77.132827064101,-75.51528808213,
    106.71694033486));
#15781 = CARTESIAN_POINT('',(77.132827064102,-86.52986140456,
    125.5734226297));
#15782 = CARTESIAN_POINT('',(77.132827064102,-98.79391607342,
    143.57227278841));
#15783 = CARTESIAN_POINT('',(76.398482335355,-48.00196614115,25.));
#15784 = CARTESIAN_POINT('',(76.398482335355,-53.40074586278,
    45.945302392406));
#15785 = CARTESIAN_POINT('',(76.398482335354,-60.25407235718,
    66.509837136018));
#15786 = CARTESIAN_POINT('',(76.398482335357,-68.52837746602,
    86.567378209275));
#15787 = CARTESIAN_POINT('',(76.398482335353,-78.17548887386,
    105.99563861686));
#15788 = CARTESIAN_POINT('',(76.398482335355,-89.1333391806,
    124.6788341301));
#15789 = CARTESIAN_POINT('',(76.398482335355,-101.3274957498,
    142.50985465708));
#15790 = CARTESIAN_POINT('',(75.308286099105,-50.63393268036,25.));
#15791 = CARTESIAN_POINT('',(75.308286099106,-56.03228947486,
    45.771132756579));
#15792 = CARTESIAN_POINT('',(75.308286099104,-62.87153138021,
    66.161557606522));
#15793 = CARTESIAN_POINT('',(75.308286099107,-71.11809814678,
    86.04637474003));
#15794 = CARTESIAN_POINT('',(75.308286099104,-80.72399563996,
    105.30462224154));
#15795 = CARTESIAN_POINT('',(75.308286099106,-91.62750456401,
    123.82180677668));
#15796 = CARTESIAN_POINT('',(75.308286099105,-103.7546978496,
    141.49204434571));
#15797 = CARTESIAN_POINT('',(73.884898782365,-53.09584027195,25.));
#15798 = CARTESIAN_POINT('',(73.884898782365,-58.49380146587,
    45.608216723157));
#15799 = CARTESIAN_POINT('',(73.884898782363,-65.31986882807,
    65.835781421722));
#15800 = CARTESIAN_POINT('',(73.884898782367,-73.54048950666,
    85.559034807293));
#15801 = CARTESIAN_POINT('',(73.884898782364,-83.10783603506,
    104.65825442683));
#15802 = CARTESIAN_POINT('',(73.884898782365,-93.96051472985,
    123.02015443188));
#15803 = CARTESIAN_POINT('',(73.884898782365,-106.0250714227,
    140.5399976935));
#15804 = CARTESIAN_POINT('',(72.16109941277,-55.33890058723,25.));
#15805 = CARTESIAN_POINT('',(72.16109941277,-60.73650134683,
    45.459782845891));
#15806 = CARTESIAN_POINT('',(72.161099412769,-67.55056529551,
    65.53896458169));
#15807 = CARTESIAN_POINT('',(72.161099412771,-75.74754632146,
    85.115016166258));
#15808 = CARTESIAN_POINT('',(72.161099412769,-85.27976881047,
    104.06934442907));
#15809 = CARTESIAN_POINT('',(72.16109941277,-96.08613574666,
    122.28976367009));
#15810 = CARTESIAN_POINT('',(72.16109941277,-108.093623825,
    139.67258168197));
#15811 = CARTESIAN_POINT('',(70.177669529664,-57.32233047033,25.));
#15812 = CARTESIAN_POINT('',(70.177669529664,-62.71961251529,
    45.328529938499));
#15813 = CARTESIAN_POINT('',(70.177669529662,-69.52306242521,
    65.276503788139));
#15814 = CARTESIAN_POINT('',(70.177669529665,-77.69914004828,
    84.72239193084));
#15815 = CARTESIAN_POINT('',(70.177669529663,-87.20030404597,
    103.54859976606));
#15816 = CARTESIAN_POINT('',(70.177669529664,-97.96571973117,
    121.64391440184));
#15817 = CARTESIAN_POINT('',(70.177669529664,-109.9227447904,
    138.90556760454));
#15818 = ADVANCED_FACE('',(#15819),#15847,.F.);
#15819 = FACE_BOUND('',#15820,.F.);
#15820 = EDGE_LOOP('',(#15821,#15834,#15845,#15846));
#15821 = ORIENTED_EDGE('',*,*,#15822,.F.);
#15822 = EDGE_CURVE('',#15823,#14552,#15825,.T.);
#15823 = VERTEX_POINT('',#15824);
#15824 = CARTESIAN_POINT('',(77.5,39.644660940673,25.));
#15825 = B_SPLINE_CURVE_WITH_KNOTS('',7,(#15826,#15827,#15828,#15829,
    #15830,#15831,#15832,#15833),.UNSPECIFIED.,.F.,.F.,(8,8),(
    0.220488966476,0.573635843182),.PIECEWISE_BEZIER_KNOTS.);
#15826 = CARTESIAN_POINT('',(77.5,39.644660940673,25.));
#15827 = CARTESIAN_POINT('',(77.5,35.005063621585,47.924536828941));
#15828 = CARTESIAN_POINT('',(77.500000000001,29.001543995303,
    70.575675721292));
#15829 = CARTESIAN_POINT('',(77.499999999998,21.653434705302,
    92.856050098125));
#15830 = CARTESIAN_POINT('',(77.500000000002,12.988755688617,
    114.67000214999));
#15831 = CARTESIAN_POINT('',(77.499999999999,3.044013416125,
    135.92461644307));
#15832 = CARTESIAN_POINT('',(77.5,-8.136186755459,156.53071709682));
#15833 = CARTESIAN_POINT('',(77.5,-20.4996910913,176.40376610012));
#15834 = ORIENTED_EDGE('',*,*,#15835,.T.);
#15835 = EDGE_CURVE('',#15823,#15737,#15836,.T.);
#15836 = B_SPLINE_CURVE_WITH_KNOTS('',7,(#15837,#15838,#15839,#15840,
    #15841,#15842,#15843,#15844),.UNSPECIFIED.,.F.,.F.,(8,8),(6.,7.),
  .PIECEWISE_BEZIER_KNOTS.);
#15837 = CARTESIAN_POINT('',(77.5,39.644660940673,25.));
#15838 = CARTESIAN_POINT('',(77.5,28.317614957623,25.));
#15839 = CARTESIAN_POINT('',(77.5,16.990568974574,25.));
#15840 = CARTESIAN_POINT('',(77.5,5.663522991525,25.));
#15841 = CARTESIAN_POINT('',(77.5,-5.663522991525,25.));
#15842 = CARTESIAN_POINT('',(77.5,-16.99056897457,25.));
#15843 = CARTESIAN_POINT('',(77.5,-28.31761495762,25.));
#15844 = CARTESIAN_POINT('',(77.5,-39.64466094067,25.));
#15845 = ORIENTED_EDGE('',*,*,#15736,.T.);
#15846 = ORIENTED_EDGE('',*,*,#14564,.F.);
#15847 = PLANE('',#15848);
#15848 = AXIS2_PLACEMENT_3D('',#15849,#15850,#15851);
#15849 = CARTESIAN_POINT('',(77.5,-24.91840462185,94.550845737758));
#15850 = DIRECTION('',(-1.,1.2E-16,-1.7E-16));
#15851 = DIRECTION('',(-3.012836430174E-17,-0.891855887962,
    -0.452319660316));
#15852 = ADVANCED_FACE('',(#15853),#15881,.F.);
#15853 = FACE_BOUND('',#15854,.F.);
#15854 = EDGE_LOOP('',(#15855,#15868,#15879,#15880));
#15855 = ORIENTED_EDGE('',*,*,#15856,.F.);
#15856 = EDGE_CURVE('',#15857,#14539,#15859,.T.);
#15857 = VERTEX_POINT('',#15858);
#15858 = CARTESIAN_POINT('',(70.177669529664,57.322330470336,25.));
#15859 = B_SPLINE_CURVE_WITH_KNOTS('',7,(#15860,#15861,#15862,#15863,
    #15864,#15865,#15866,#15867),.UNSPECIFIED.,.F.,.F.,(8,8),(
    0.220488966476,0.573635843182),.PIECEWISE_BEZIER_KNOTS.);
#15860 = CARTESIAN_POINT('',(70.177669529664,57.322330470336,25.));
#15861 = CARTESIAN_POINT('',(70.177669529663,52.680298350669,
    48.927235181258));
#15862 = CARTESIAN_POINT('',(70.177669529665,46.608801854983,
    72.580785811851));
#15863 = CARTESIAN_POINT('',(70.177669529662,39.127203993196,
    95.858195230195));
#15864 = CARTESIAN_POINT('',(70.177669529665,30.264045135654,
    118.65871911685));
#15865 = CARTESIAN_POINT('',(70.177669529663,20.056841774082,
    140.88442158796));
#15866 = CARTESIAN_POINT('',(70.177669529664,8.551686330262,
    162.44123472127));
#15867 = CARTESIAN_POINT('',(70.177669529664,-4.197327074176,
    183.23991468343));
#15868 = ORIENTED_EDGE('',*,*,#15869,.T.);
#15869 = EDGE_CURVE('',#15857,#15823,#15870,.T.);
#15870 = B_SPLINE_CURVE_WITH_KNOTS('',7,(#15871,#15872,#15873,#15874,
    #15875,#15876,#15877,#15878),.UNSPECIFIED.,.F.,.F.,(8,8),(5.,6.),
  .PIECEWISE_BEZIER_KNOTS.);
#15871 = CARTESIAN_POINT('',(70.177669529664,57.322330470336,25.));
#15872 = CARTESIAN_POINT('',(72.16109941277,55.33890058723,25.));
#15873 = CARTESIAN_POINT('',(73.884898782365,53.095840271952,25.));
#15874 = CARTESIAN_POINT('',(75.308286099105,50.63393268036,25.));
#15875 = CARTESIAN_POINT('',(76.398482335355,48.001966141159,25.));
#15876 = CARTESIAN_POINT('',(77.132827064102,45.254647764567,25.));
#15877 = CARTESIAN_POINT('',(77.5,42.449654381378,25.));
#15878 = CARTESIAN_POINT('',(77.5,39.644660940673,25.));
#15879 = ORIENTED_EDGE('',*,*,#15822,.T.);
#15880 = ORIENTED_EDGE('',*,*,#14551,.F.);
#15881 = B_SPLINE_SURFACE_WITH_KNOTS('',7,7,(
    (#15882,#15883,#15884,#15885,#15886,#15887,#15888,#15889)
    ,(#15890,#15891,#15892,#15893,#15894,#15895,#15896,#15897)
    ,(#15898,#15899,#15900,#15901,#15902,#15903,#15904,#15905)
    ,(#15906,#15907,#15908,#15909,#15910,#15911,#15912,#15913)
    ,(#15914,#15915,#15916,#15917,#15918,#15919,#15920,#15921)
    ,(#15922,#15923,#15924,#15925,#15926,#15927,#15928,#15929)
    ,(#15930,#15931,#15932,#15933,#15934,#15935,#15936,#15937)
    ,(#15938,#15939,#15940,#15941,#15942,#15943,#15944,#15945
  )),.UNSPECIFIED.,.F.,.F.,.F.,(8,8),(8,8),(5.,6.),(0.220488966476,
    0.573635843182),.PIECEWISE_BEZIER_KNOTS.);
#15882 = CARTESIAN_POINT('',(70.177669529664,57.322330470336,25.));
#15883 = CARTESIAN_POINT('',(70.177669529663,52.680298350669,
    48.927235181258));
#15884 = CARTESIAN_POINT('',(70.177669529665,46.608801854983,
    72.580785811851));
#15885 = CARTESIAN_POINT('',(70.177669529662,39.127203993196,
    95.858195230195));
#15886 = CARTESIAN_POINT('',(70.177669529665,30.264045135654,
    118.65871911685));
#15887 = CARTESIAN_POINT('',(70.177669529663,20.056841774082,
    140.88442158796));
#15888 = CARTESIAN_POINT('',(70.177669529664,8.551686330262,
    162.44123472127));
#15889 = CARTESIAN_POINT('',(70.177669529664,-4.197327074176,
    183.23991468343));
#15890 = CARTESIAN_POINT('',(72.16109941277,55.33890058723,25.));
#15891 = CARTESIAN_POINT('',(72.16109941277,50.697141651549,
    48.814732689208));
#15892 = CARTESIAN_POINT('',(72.161099412771,44.633272142774,
    72.355812985775));
#15893 = CARTESIAN_POINT('',(72.161099412769,37.166651663718,
    95.521355334054));
#15894 = CARTESIAN_POINT('',(72.161099412771,28.325762192245,
    118.21118611969));
#15895 = CARTESIAN_POINT('',(72.16109941277,18.148006896006,
    140.32793275201));
#15896 = CARTESIAN_POINT('',(72.16109941277,6.679311348471,
    161.77807619456));
#15897 = CARTESIAN_POINT('',(72.16109941277,-6.026448039616,
    182.472900606));
#15898 = CARTESIAN_POINT('',(73.884898782365,53.095840271952,25.));
#15899 = CARTESIAN_POINT('',(73.884898782365,48.454390279967,
    48.687503651551));
#15900 = CARTESIAN_POINT('',(73.884898782365,42.399146128616,
    72.101391277961));
#15901 = CARTESIAN_POINT('',(73.884898782365,34.949463567616,
    95.140423187136));
#15902 = CARTESIAN_POINT('',(73.884898782365,26.133758538789,
    117.70507117495));
#15903 = CARTESIAN_POINT('',(73.884898782365,15.989306051624,
    139.69859967882));
#15904 = CARTESIAN_POINT('',(73.884898782365,4.561842990881,
    161.02811039709));
#15905 = CARTESIAN_POINT('',(73.884898782365,-8.095000441882,
    181.60548459446));
#15906 = CARTESIAN_POINT('',(75.308286099105,50.63393268036,25.));
#15907 = CARTESIAN_POINT('',(75.308286099105,45.992821774589,
    48.547861337189));
#15908 = CARTESIAN_POINT('',(75.308286099106,39.947044525567,
    71.822146564984));
#15909 = CARTESIAN_POINT('',(75.308286099104,32.515952453982,
    94.722324869408));
#15910 = CARTESIAN_POINT('',(75.308286099106,23.727889022719,
    117.1495764269));
#15911 = CARTESIAN_POINT('',(75.308286099105,13.619988579171,
    139.00786485552));
#15912 = CARTESIAN_POINT('',(75.308286099105,2.237780909718,
    160.20497315123));
#15913 = CARTESIAN_POINT('',(75.308286099105,-10.365374015,
    180.65343794226));
#15914 = CARTESIAN_POINT('',(76.398482335355,48.001966141159,25.));
#15915 = CARTESIAN_POINT('',(76.398482335354,43.361217744351,
    48.398573077909));
#15916 = CARTESIAN_POINT('',(76.398482335356,37.325561334244,
    71.523612719393));
#15917 = CARTESIAN_POINT('',(76.398482335353,29.914343910373,
    94.275345955125));
#15918 = CARTESIAN_POINT('',(76.398482335356,21.155831450122,
    116.55571027427));
#15919 = CARTESIAN_POINT('',(76.398482335354,11.087007922405,
    138.26941677217));
#15920 = CARTESIAN_POINT('',(76.398482335355,-0.246818290329,
    159.32497680382));
#15921 = CARTESIAN_POINT('',(76.398482335355,-12.79257611486,
    179.63562763089));
#15922 = CARTESIAN_POINT('',(77.132827064102,45.254647764567,25.));
#15923 = CARTESIAN_POINT('',(77.132827064101,40.614277764491,
    48.242741925796));
#15924 = CARTESIAN_POINT('',(77.132827064102,34.589185761768,
    71.211994958372));
#15925 = CARTESIAN_POINT('',(77.132827064101,27.198714036628,
    93.808777187298));
#15926 = CARTESIAN_POINT('',(77.132827064102,18.471047684981,
    115.93581660538));
#15927 = CARTESIAN_POINT('',(77.132827064101,8.443013706586,
    137.49860454514));
#15928 = CARTESIAN_POINT('',(77.132827064102,-2.840310623561,
    158.40641264254));
#15929 = CARTESIAN_POINT('',(77.132827064102,-15.32615579124,
    178.57320949956));
#15930 = CARTESIAN_POINT('',(77.5,42.449654381378,25.));
#15931 = CARTESIAN_POINT('',(77.5,37.809670721792,48.083639379));
#15932 = CARTESIAN_POINT('',(77.500000000001,31.795364907179,
    70.893835343094));
#15933 = CARTESIAN_POINT('',(77.499999999999,24.426074399391,
    93.332413647596));
#15934 = CARTESIAN_POINT('',(77.500000000001,15.729901714902,
    115.30290938418));
#15935 = CARTESIAN_POINT('',(77.499999999999,5.743513589032,
    136.71161050217));
#15936 = CARTESIAN_POINT('',(77.5,-5.488248662363,157.4685648793));
#15937 = CARTESIAN_POINT('',(77.5,-17.91292341475,177.48848781096));
#15938 = CARTESIAN_POINT('',(77.5,39.644660940673,25.));
#15939 = CARTESIAN_POINT('',(77.5,35.005063621585,47.924536828941));
#15940 = CARTESIAN_POINT('',(77.500000000001,29.001543995303,
    70.575675721292));
#15941 = CARTESIAN_POINT('',(77.499999999998,21.653434705302,
    92.856050098125));
#15942 = CARTESIAN_POINT('',(77.500000000002,12.988755688617,
    114.67000214999));
#15943 = CARTESIAN_POINT('',(77.499999999999,3.044013416125,
    135.92461644307));
#15944 = CARTESIAN_POINT('',(77.5,-8.136186755459,156.53071709682));
#15945 = CARTESIAN_POINT('',(77.5,-20.4996910913,176.40376610012));
#15946 = ADVANCED_FACE('',(#15947),#15975,.F.);
#15947 = FACE_BOUND('',#15948,.F.);
#15948 = EDGE_LOOP('',(#15949,#15962,#15973,#15974));
#15949 = ORIENTED_EDGE('',*,*,#15950,.F.);
#15950 = EDGE_CURVE('',#15951,#14526,#15953,.T.);
#15951 = VERTEX_POINT('',#15952);
#15952 = CARTESIAN_POINT('',(57.322330470336,70.177669529664,25.));
#15953 = B_SPLINE_CURVE_WITH_KNOTS('',7,(#15954,#15955,#15956,#15957,
    #15958,#15959,#15960,#15961),.UNSPECIFIED.,.F.,.F.,(8,8),(
    0.220488966476,0.573635843182),.PIECEWISE_BEZIER_KNOTS.);
#15954 = CARTESIAN_POINT('',(57.322330470336,70.177669529664,25.));
#15955 = CARTESIAN_POINT('',(57.322330470336,65.533866804039,
    49.656405237958));
#15956 = CARTESIAN_POINT('',(57.322330470337,59.412936999119,
    74.038917497263));
#15957 = CARTESIAN_POINT('',(57.322330470335,51.834265207537,
    98.041378568546));
#15958 = CARTESIAN_POINT('',(57.322330470337,42.8267702628,
    121.55934518266));
#15959 = CARTESIAN_POINT('',(57.322330470336,32.428703151662,
    144.49123054536));
#15960 = CARTESIAN_POINT('',(57.322330470336,20.687237701215,
    166.73940920353));
#15961 = CARTESIAN_POINT('',(57.322330470336,7.657879097489,
    188.21121521323));
#15962 = ORIENTED_EDGE('',*,*,#15963,.T.);
#15963 = EDGE_CURVE('',#15951,#15857,#15964,.T.);
#15964 = B_SPLINE_CURVE_WITH_KNOTS('',7,(#15965,#15966,#15967,#15968,
    #15969,#15970,#15971,#15972),.UNSPECIFIED.,.F.,.F.,(8,8),(4.,5.),
  .PIECEWISE_BEZIER_KNOTS.);
#15965 = CARTESIAN_POINT('',(57.322330470336,70.177669529664,25.));
#15966 = CARTESIAN_POINT('',(59.158807478812,68.341192521188,25.));
#15967 = CARTESIAN_POINT('',(60.995284487287,66.504715512713,25.));
#15968 = CARTESIAN_POINT('',(62.831761495762,64.668238504238,25.));
#15969 = CARTESIAN_POINT('',(64.668238504238,62.831761495762,25.));
#15970 = CARTESIAN_POINT('',(66.504715512713,60.995284487287,25.));
#15971 = CARTESIAN_POINT('',(68.341192521188,59.158807478812,25.));
#15972 = CARTESIAN_POINT('',(70.177669529664,57.322330470336,25.));
#15973 = ORIENTED_EDGE('',*,*,#15856,.T.);
#15974 = ORIENTED_EDGE('',*,*,#14538,.F.);
#15975 = B_SPLINE_SURFACE_WITH_KNOTS('',7,7,(
    (#15976,#15977,#15978,#15979,#15980,#15981,#15982,#15983)
    ,(#15984,#15985,#15986,#15987,#15988,#15989,#15990,#15991)
    ,(#15992,#15993,#15994,#15995,#15996,#15997,#15998,#15999)
    ,(#16000,#16001,#16002,#16003,#16004,#16005,#16006,#16007)
    ,(#16008,#16009,#16010,#16011,#16012,#16013,#16014,#16015)
    ,(#16016,#16017,#16018,#16019,#16020,#16021,#16022,#16023)
    ,(#16024,#16025,#16026,#16027,#16028,#16029,#16030,#16031)
    ,(#16032,#16033,#16034,#16035,#16036,#16037,#16038,#16039
  )),.UNSPECIFIED.,.F.,.F.,.F.,(8,8),(8,8),(4.,5.),(0.220488966476,
    0.573635843182),.PIECEWISE_BEZIER_KNOTS.);
#15976 = CARTESIAN_POINT('',(57.322330470336,70.177669529664,25.));
#15977 = CARTESIAN_POINT('',(57.322330470336,65.533866804039,
    49.656405237958));
#15978 = CARTESIAN_POINT('',(57.322330470337,59.412936999119,
    74.038917497263));
#15979 = CARTESIAN_POINT('',(57.322330470335,51.834265207537,
    98.041378568546));
#15980 = CARTESIAN_POINT('',(57.322330470337,42.8267702628,
    121.55934518266));
#15981 = CARTESIAN_POINT('',(57.322330470336,32.428703151662,
    144.49123054536));
#15982 = CARTESIAN_POINT('',(57.322330470336,20.687237701215,
    166.73940920353));
#15983 = CARTESIAN_POINT('',(57.322330470336,7.657879097489,
    188.21121521323));
#15984 = CARTESIAN_POINT('',(59.158807478812,68.341192521188,25.));
#15985 = CARTESIAN_POINT('',(59.158807478811,63.697642739272,
    49.552238087001));
#15986 = CARTESIAN_POINT('',(59.158807478812,57.583774835671,
    73.830612970776));
#15987 = CARTESIAN_POINT('',(59.158807478811,50.018970748346,
    97.729495234496));
#15988 = CARTESIAN_POINT('',(59.158807478812,41.032095244635,
    121.1449700304));
#15989 = CARTESIAN_POINT('',(59.158807478812,30.661294383437,
    143.97597212288));
#15990 = CARTESIAN_POINT('',(59.158807478812,18.953587505364,
    166.12538427749));
#15991 = CARTESIAN_POINT('',(59.158807478812,5.964278215823,
    187.50102942326));
#15992 = CARTESIAN_POINT('',(60.995284487287,66.504715512713,25.));
#15993 = CARTESIAN_POINT('',(60.995284487287,61.861418674505,
    49.448070936044));
#15994 = CARTESIAN_POINT('',(60.995284487287,55.754612672223,
    73.622308444287));
#15995 = CARTESIAN_POINT('',(60.995284487287,48.203676289153,
    97.417611900448));
#15996 = CARTESIAN_POINT('',(60.995284487287,39.237420226473,
    120.73059487814));
#15997 = CARTESIAN_POINT('',(60.995284487287,28.893885615211,
    143.46071370039));
#15998 = CARTESIAN_POINT('',(60.995284487287,17.219937309514,
    165.51135935146));
#15999 = CARTESIAN_POINT('',(60.995284487287,4.270677334156,
    186.79084363329));
#16000 = CARTESIAN_POINT('',(62.831761495762,64.668238504238,25.));
#16001 = CARTESIAN_POINT('',(62.831761495762,60.025194609738,
    49.343903785087));
#16002 = CARTESIAN_POINT('',(62.831761495763,53.925450508775,
    73.414003917801));
#16003 = CARTESIAN_POINT('',(62.831761495761,46.388381829962,
    97.105728566396));
#16004 = CARTESIAN_POINT('',(62.831761495763,37.442745208309,
    120.31621972588));
#16005 = CARTESIAN_POINT('',(62.831761495762,27.126476846985,
    142.9454552779));
#16006 = CARTESIAN_POINT('',(62.831761495762,15.486287113664,
    164.89733442542));
#16007 = CARTESIAN_POINT('',(62.831761495762,2.57707645249,
    186.08065784332));
#16008 = CARTESIAN_POINT('',(64.668238504238,62.831761495762,25.));
#16009 = CARTESIAN_POINT('',(64.668238504238,58.188970544971,
    49.23973663413));
#16010 = CARTESIAN_POINT('',(64.668238504238,52.096288345327,
    73.205699391313));
#16011 = CARTESIAN_POINT('',(64.668238504238,44.57308737077,
    96.793845232347));
#16012 = CARTESIAN_POINT('',(64.668238504237,35.648070190145,
    119.90184457362));
#16013 = CARTESIAN_POINT('',(64.668238504238,25.359068078759,
    142.43019685542));
#16014 = CARTESIAN_POINT('',(64.668238504237,13.752636917813,
    164.28330949938));
#16015 = CARTESIAN_POINT('',(64.668238504238,0.883475570824,
    185.37047205335));
#16016 = CARTESIAN_POINT('',(66.504715512713,60.995284487287,25.));
#16017 = CARTESIAN_POINT('',(66.504715512713,56.352746480204,
    49.135569483172));
#16018 = CARTESIAN_POINT('',(66.504715512714,50.267126181879,
    72.997394864827));
#16019 = CARTESIAN_POINT('',(66.504715512711,42.757792911579,
    96.481961898294));
#16020 = CARTESIAN_POINT('',(66.504715512715,33.853395171981,
    119.48746942136));
#16021 = CARTESIAN_POINT('',(66.504715512712,23.591659310534,
    141.91493843293));
#16022 = CARTESIAN_POINT('',(66.504715512713,12.018986721963,
    163.66928457334));
#16023 = CARTESIAN_POINT('',(66.504715512713,-0.810125310843,
    184.66028626337));
#16024 = CARTESIAN_POINT('',(68.341192521188,59.158807478812,25.));
#16025 = CARTESIAN_POINT('',(68.341192521188,54.516522415436,
    49.031402332215));
#16026 = CARTESIAN_POINT('',(68.341192521189,48.437964018431,
    72.789090338339));
#16027 = CARTESIAN_POINT('',(68.341192521188,40.942498452387,
    96.170078564245));
#16028 = CARTESIAN_POINT('',(68.341192521189,32.058720153818,
    119.0730942691));
#16029 = CARTESIAN_POINT('',(68.341192521188,21.824250542308,
    141.39968001044));
#16030 = CARTESIAN_POINT('',(68.341192521188,10.285336526112,
    163.0552596473));
#16031 = CARTESIAN_POINT('',(68.341192521188,-2.503726192509,
    183.9501004734));
#16032 = CARTESIAN_POINT('',(70.177669529664,57.322330470336,25.));
#16033 = CARTESIAN_POINT('',(70.177669529663,52.680298350669,
    48.927235181258));
#16034 = CARTESIAN_POINT('',(70.177669529665,46.608801854983,
    72.580785811851));
#16035 = CARTESIAN_POINT('',(70.177669529662,39.127203993196,
    95.858195230195));
#16036 = CARTESIAN_POINT('',(70.177669529665,30.264045135654,
    118.65871911685));
#16037 = CARTESIAN_POINT('',(70.177669529663,20.056841774082,
    140.88442158796));
#16038 = CARTESIAN_POINT('',(70.177669529664,8.551686330262,
    162.44123472127));
#16039 = CARTESIAN_POINT('',(70.177669529664,-4.197327074176,
    183.23991468343));
#16040 = ADVANCED_FACE('',(#16041),#16069,.F.);
#16041 = FACE_BOUND('',#16042,.F.);
#16042 = EDGE_LOOP('',(#16043,#16056,#16067,#16068));
#16043 = ORIENTED_EDGE('',*,*,#16044,.F.);
#16044 = EDGE_CURVE('',#16045,#14513,#16047,.T.);
#16045 = VERTEX_POINT('',#16046);
#16046 = CARTESIAN_POINT('',(39.644660940673,77.5,25.));
#16047 = B_SPLINE_CURVE_WITH_KNOTS('',7,(#16048,#16049,#16050,#16051,
    #16052,#16053,#16054,#16055),.UNSPECIFIED.,.F.,.F.,(8,8),(
    0.220488966476,0.573635843182),.PIECEWISE_BEZIER_KNOTS.);
#16048 = CARTESIAN_POINT('',(39.644660940673,77.5,25.));
#16049 = CARTESIAN_POINT('',(39.644660940673,72.855188746953,
    50.071736494457));
#16050 = CARTESIAN_POINT('',(39.644660940673,66.706102000799,
    74.869461290824));
#16051 = CARTESIAN_POINT('',(39.644660940672,59.072137432361,
    99.284907798463));
#16052 = CARTESIAN_POINT('',(39.644660940673,49.982429445684,
    123.2115258468));
#16053 = CARTESIAN_POINT('',(39.644660940672,39.475647391853,
    146.5456491031));
#16054 = CARTESIAN_POINT('',(39.644660940673,27.599581060482,
    169.18762576422));
#16055 = CARTESIAN_POINT('',(39.644660940673,14.410539372126,
    191.04284067084));
#16056 = ORIENTED_EDGE('',*,*,#16057,.T.);
#16057 = EDGE_CURVE('',#16045,#15951,#16058,.T.);
#16058 = B_SPLINE_CURVE_WITH_KNOTS('',7,(#16059,#16060,#16061,#16062,
    #16063,#16064,#16065,#16066),.UNSPECIFIED.,.F.,.F.,(8,8),(3.,4.),
  .PIECEWISE_BEZIER_KNOTS.);
#16059 = CARTESIAN_POINT('',(39.644660940673,77.5,25.));
#16060 = CARTESIAN_POINT('',(42.449654381378,77.500000000001,25.));
#16061 = CARTESIAN_POINT('',(45.254647764568,77.1328270641,25.));
#16062 = CARTESIAN_POINT('',(48.001966141157,76.398482335358,25.));
#16063 = CARTESIAN_POINT('',(50.633932680361,75.308286099101,25.));
#16064 = CARTESIAN_POINT('',(53.095840271951,73.884898782368,25.));
#16065 = CARTESIAN_POINT('',(55.33890058723,72.161099412769,25.));
#16066 = CARTESIAN_POINT('',(57.322330470336,70.177669529664,25.));
#16067 = ORIENTED_EDGE('',*,*,#15950,.T.);
#16068 = ORIENTED_EDGE('',*,*,#14525,.F.);
#16069 = B_SPLINE_SURFACE_WITH_KNOTS('',7,7,(
    (#16070,#16071,#16072,#16073,#16074,#16075,#16076,#16077)
    ,(#16078,#16079,#16080,#16081,#16082,#16083,#16084,#16085)
    ,(#16086,#16087,#16088,#16089,#16090,#16091,#16092,#16093)
    ,(#16094,#16095,#16096,#16097,#16098,#16099,#16100,#16101)
    ,(#16102,#16103,#16104,#16105,#16106,#16107,#16108,#16109)
    ,(#16110,#16111,#16112,#16113,#16114,#16115,#16116,#16117)
    ,(#16118,#16119,#16120,#16121,#16122,#16123,#16124,#16125)
    ,(#16126,#16127,#16128,#16129,#16130,#16131,#16132,#16133
  )),.UNSPECIFIED.,.F.,.F.,.F.,(8,8),(8,8),(3.,4.),(0.220488966476,
    0.573635843182),.PIECEWISE_BEZIER_KNOTS.);
#16070 = CARTESIAN_POINT('',(39.644660940673,77.5,25.));
#16071 = CARTESIAN_POINT('',(39.644660940673,72.855188746953,
    50.071736494457));
#16072 = CARTESIAN_POINT('',(39.644660940673,66.706102000799,
    74.869461290824));
#16073 = CARTESIAN_POINT('',(39.644660940672,59.072137432361,
    99.284907798463));
#16074 = CARTESIAN_POINT('',(39.644660940673,49.982429445684,
    123.2115258468));
#16075 = CARTESIAN_POINT('',(39.644660940672,39.475647391853,
    146.5456491031));
#16076 = CARTESIAN_POINT('',(39.644660940673,27.599581060482,
    169.18762576422));
#16077 = CARTESIAN_POINT('',(39.644660940673,14.410539372126,
    191.04284067084));
#16078 = CARTESIAN_POINT('',(42.449654381378,77.500000000001,25.));
#16079 = CARTESIAN_POINT('',(42.449654381378,72.855188746954,
    50.071736494457));
#16080 = CARTESIAN_POINT('',(42.449654381378,66.706102000799,
    74.869461290824));
#16081 = CARTESIAN_POINT('',(42.449654381377,59.072137432362,
    99.284907798462));
#16082 = CARTESIAN_POINT('',(42.449654381378,49.982429445683,
    123.2115258468));
#16083 = CARTESIAN_POINT('',(42.449654381378,39.475647391854,
    146.5456491031));
#16084 = CARTESIAN_POINT('',(42.449654381378,27.599581060482,
    169.18762576422));
#16085 = CARTESIAN_POINT('',(42.449654381378,14.410539372125,
    191.04284067084));
#16086 = CARTESIAN_POINT('',(45.254647764568,77.1328270641,25.));
#16087 = CARTESIAN_POINT('',(45.254647764568,72.488066382928,
    50.05091001067));
#16088 = CARTESIAN_POINT('',(45.254647764567,66.340391546113,
    74.82781427635));
#16089 = CARTESIAN_POINT('',(45.254647764568,58.709199593756,
    99.222551929648));
#16090 = CARTESIAN_POINT('',(45.254647764567,49.623614120274,
    123.12867844902));
#16091 = CARTESIAN_POINT('',(45.254647764568,39.122283498177,
    146.44263177871));
#16092 = CARTESIAN_POINT('',(45.254647764567,27.252966630084,
    169.06486172537));
#16093 = CARTESIAN_POINT('',(45.254647764568,14.071932133869,
    190.90085087171));
#16094 = CARTESIAN_POINT('',(48.001966141157,76.398482335358,25.));
#16095 = CARTESIAN_POINT('',(48.001966141157,71.753822797776,
    50.009257107933));
#16096 = CARTESIAN_POINT('',(48.001966141158,65.608971775244,
    74.744520377058));
#16097 = CARTESIAN_POINT('',(48.001966141157,57.983325046418,
    99.097840386139));
#16098 = CARTESIAN_POINT('',(48.001966141158,48.905984586489,
    122.9629839114));
#16099 = CARTESIAN_POINT('',(48.001966141157,38.415556810886,
    146.23659745061));
#16100 = CARTESIAN_POINT('',(48.001966141158,26.559738848338,
    168.81933402986));
#16101 = CARTESIAN_POINT('',(48.001966141158,13.394718711477,
    190.61687171548));
#16102 = CARTESIAN_POINT('',(50.633932680361,75.308286099101,25.));
#16103 = CARTESIAN_POINT('',(50.633932680361,70.663776717649,
    49.947419886235));
#16104 = CARTESIAN_POINT('',(50.633932680362,64.52311788386,
    74.620863609385));
#16105 = CARTESIAN_POINT('',(50.63393268036,56.905703503665,
    98.912695657748));
#16106 = CARTESIAN_POINT('',(50.633932680362,47.840603456712,
    122.71699649674));
#16107 = CARTESIAN_POINT('',(50.63393268036,37.366361869624,
    145.93072223938));
#16108 = CARTESIAN_POINT('',(50.633932680361,25.530584162617,
    168.45482760792));
#16109 = CARTESIAN_POINT('',(50.63393268036,12.389338683097,
    190.19528088059));
#16110 = CARTESIAN_POINT('',(53.095840271951,73.884898782368,25.));
#16111 = CARTESIAN_POINT('',(53.095840271951,69.240585448491,
    49.866683671838));
#16112 = CARTESIAN_POINT('',(53.095840271951,63.105400040571,
    74.459414258453));
#16113 = CARTESIAN_POINT('',(53.09584027195,55.498734019467,
    98.670966096235));
#16114 = CARTESIAN_POINT('',(53.095840271951,46.449615360083,
    122.39582921102));
#16115 = CARTESIAN_POINT('',(53.095840271951,35.996506863231,
    145.53136395718));
#16116 = CARTESIAN_POINT('',(53.095840271951,24.186894212212,
    167.978918959));
#16117 = CARTESIAN_POINT('',(53.095840271951,11.076689516535,
    189.64484140255));
#16118 = CARTESIAN_POINT('',(55.33890058723,72.161099412769,25.));
#16119 = CARTESIAN_POINT('',(55.33890058723,67.517023503158,
    49.768907730008));
#16120 = CARTESIAN_POINT('',(55.338900587231,61.388466711326,
    74.263890323339));
#16121 = CARTESIAN_POINT('',(55.338900587229,53.794817537014,
    98.378218464687));
#16122 = CARTESIAN_POINT('',(55.33890058723,44.765053206208,
    122.00687817981));
#16123 = CARTESIAN_POINT('',(55.33890058723,34.337538029739,
    145.04771938131));
#16124 = CARTESIAN_POINT('',(55.33890058723,22.559612683006,
    167.40256773024));
#16125 = CARTESIAN_POINT('',(55.33890058723,9.48700006293,
    188.97822929067));
#16126 = CARTESIAN_POINT('',(57.322330470336,70.177669529664,25.));
#16127 = CARTESIAN_POINT('',(57.322330470336,65.533866804039,
    49.656405237958));
#16128 = CARTESIAN_POINT('',(57.322330470337,59.412936999119,
    74.038917497263));
#16129 = CARTESIAN_POINT('',(57.322330470335,51.834265207537,
    98.041378568546));
#16130 = CARTESIAN_POINT('',(57.322330470337,42.8267702628,
    121.55934518266));
#16131 = CARTESIAN_POINT('',(57.322330470336,32.428703151662,
    144.49123054536));
#16132 = CARTESIAN_POINT('',(57.322330470336,20.687237701215,
    166.73940920353));
#16133 = CARTESIAN_POINT('',(57.322330470336,7.657879097489,
    188.21121521323));
#16134 = ADVANCED_FACE('',(#16135),#16163,.F.);
#16135 = FACE_BOUND('',#16136,.F.);
#16136 = EDGE_LOOP('',(#16137,#16150,#16161,#16162));
#16137 = ORIENTED_EDGE('',*,*,#16138,.F.);
#16138 = EDGE_CURVE('',#16139,#14500,#16141,.T.);
#16139 = VERTEX_POINT('',#16140);
#16140 = CARTESIAN_POINT('',(-39.64466094067,77.5,25.));
#16141 = B_SPLINE_CURVE_WITH_KNOTS('',7,(#16142,#16143,#16144,#16145,
    #16146,#16147,#16148,#16149),.UNSPECIFIED.,.F.,.F.,(8,8),(
    0.220488966476,0.573635843182),.PIECEWISE_BEZIER_KNOTS.);
#16142 = CARTESIAN_POINT('',(-39.64466094067,77.5,25.));
#16143 = CARTESIAN_POINT('',(-39.64466094067,72.855188746954,
    50.071736494457));
#16144 = CARTESIAN_POINT('',(-39.64466094067,66.706102000798,
    74.869461290824));
#16145 = CARTESIAN_POINT('',(-39.64466094067,59.072137432362,
    99.284907798463));
#16146 = CARTESIAN_POINT('',(-39.64466094067,49.982429445683,
    123.2115258468));
#16147 = CARTESIAN_POINT('',(-39.64466094067,39.475647391854,
    146.5456491031));
#16148 = CARTESIAN_POINT('',(-39.64466094067,27.599581060482,
    169.18762576422));
#16149 = CARTESIAN_POINT('',(-39.64466094067,14.410539372125,
    191.04284067084));
#16150 = ORIENTED_EDGE('',*,*,#16151,.T.);
#16151 = EDGE_CURVE('',#16139,#16045,#16152,.T.);
#16152 = B_SPLINE_CURVE_WITH_KNOTS('',7,(#16153,#16154,#16155,#16156,
    #16157,#16158,#16159,#16160),.UNSPECIFIED.,.F.,.F.,(8,8),(2.,3.),
  .PIECEWISE_BEZIER_KNOTS.);
#16153 = CARTESIAN_POINT('',(-39.64466094067,77.5,25.));
#16154 = CARTESIAN_POINT('',(-28.31761495762,77.5,25.));
#16155 = CARTESIAN_POINT('',(-16.99056897457,77.5,25.));
#16156 = CARTESIAN_POINT('',(-5.663522991525,77.5,25.));
#16157 = CARTESIAN_POINT('',(5.663522991525,77.5,25.));
#16158 = CARTESIAN_POINT('',(16.990568974574,77.5,25.));
#16159 = CARTESIAN_POINT('',(28.317614957623,77.5,25.));
#16160 = CARTESIAN_POINT('',(39.644660940673,77.5,25.));
#16161 = ORIENTED_EDGE('',*,*,#16044,.T.);
#16162 = ORIENTED_EDGE('',*,*,#14512,.F.);
#16163 = B_SPLINE_SURFACE_WITH_KNOTS('',7,7,(
    (#16164,#16165,#16166,#16167,#16168,#16169,#16170,#16171)
    ,(#16172,#16173,#16174,#16175,#16176,#16177,#16178,#16179)
    ,(#16180,#16181,#16182,#16183,#16184,#16185,#16186,#16187)
    ,(#16188,#16189,#16190,#16191,#16192,#16193,#16194,#16195)
    ,(#16196,#16197,#16198,#16199,#16200,#16201,#16202,#16203)
    ,(#16204,#16205,#16206,#16207,#16208,#16209,#16210,#16211)
    ,(#16212,#16213,#16214,#16215,#16216,#16217,#16218,#16219)
    ,(#16220,#16221,#16222,#16223,#16224,#16225,#16226,#16227
  )),.UNSPECIFIED.,.F.,.F.,.F.,(8,8),(8,8),(2.,3.),(0.220488966476,
    0.573635843182),.PIECEWISE_BEZIER_KNOTS.);
#16164 = CARTESIAN_POINT('',(-39.64466094067,77.5,25.));
#16165 = CARTESIAN_POINT('',(-39.64466094067,72.855188746954,
    50.071736494457));
#16166 = CARTESIAN_POINT('',(-39.64466094067,66.706102000798,
    74.869461290824));
#16167 = CARTESIAN_POINT('',(-39.64466094067,59.072137432362,
    99.284907798463));
#16168 = CARTESIAN_POINT('',(-39.64466094067,49.982429445683,
    123.2115258468));
#16169 = CARTESIAN_POINT('',(-39.64466094067,39.475647391854,
    146.5456491031));
#16170 = CARTESIAN_POINT('',(-39.64466094067,27.599581060482,
    169.18762576422));
#16171 = CARTESIAN_POINT('',(-39.64466094067,14.410539372125,
    191.04284067084));
#16172 = CARTESIAN_POINT('',(-28.31761495762,77.5,25.));
#16173 = CARTESIAN_POINT('',(-28.31761495762,72.855188746954,
    50.071736494457));
#16174 = CARTESIAN_POINT('',(-28.31761495762,66.706102000798,
    74.869461290824));
#16175 = CARTESIAN_POINT('',(-28.31761495762,59.072137432362,
    99.284907798463));
#16176 = CARTESIAN_POINT('',(-28.31761495762,49.982429445683,
    123.2115258468));
#16177 = CARTESIAN_POINT('',(-28.31761495762,39.475647391854,
    146.5456491031));
#16178 = CARTESIAN_POINT('',(-28.31761495762,27.599581060482,
    169.18762576422));
#16179 = CARTESIAN_POINT('',(-28.31761495762,14.410539372125,
    191.04284067084));
#16180 = CARTESIAN_POINT('',(-16.99056897457,77.5,25.));
#16181 = CARTESIAN_POINT('',(-16.99056897457,72.855188746954,
    50.071736494457));
#16182 = CARTESIAN_POINT('',(-16.99056897457,66.706102000798,
    74.869461290824));
#16183 = CARTESIAN_POINT('',(-16.99056897457,59.072137432362,
    99.284907798463));
#16184 = CARTESIAN_POINT('',(-16.99056897457,49.982429445683,
    123.2115258468));
#16185 = CARTESIAN_POINT('',(-16.99056897457,39.475647391854,
    146.5456491031));
#16186 = CARTESIAN_POINT('',(-16.99056897457,27.599581060482,
    169.18762576422));
#16187 = CARTESIAN_POINT('',(-16.99056897457,14.410539372125,
    191.04284067084));
#16188 = CARTESIAN_POINT('',(-5.663522991525,77.5,25.));
#16189 = CARTESIAN_POINT('',(-5.663522991525,72.855188746954,
    50.071736494457));
#16190 = CARTESIAN_POINT('',(-5.663522991525,66.706102000798,
    74.869461290824));
#16191 = CARTESIAN_POINT('',(-5.663522991525,59.072137432362,
    99.284907798463));
#16192 = CARTESIAN_POINT('',(-5.663522991525,49.982429445683,
    123.2115258468));
#16193 = CARTESIAN_POINT('',(-5.663522991525,39.475647391854,
    146.5456491031));
#16194 = CARTESIAN_POINT('',(-5.663522991525,27.599581060482,
    169.18762576422));
#16195 = CARTESIAN_POINT('',(-5.663522991525,14.410539372125,
    191.04284067084));
#16196 = CARTESIAN_POINT('',(5.663522991525,77.5,25.));
#16197 = CARTESIAN_POINT('',(5.663522991525,72.855188746954,
    50.071736494457));
#16198 = CARTESIAN_POINT('',(5.663522991525,66.706102000798,
    74.869461290824));
#16199 = CARTESIAN_POINT('',(5.663522991525,59.072137432362,
    99.284907798463));
#16200 = CARTESIAN_POINT('',(5.663522991525,49.982429445683,
    123.2115258468));
#16201 = CARTESIAN_POINT('',(5.663522991525,39.475647391854,
    146.5456491031));
#16202 = CARTESIAN_POINT('',(5.663522991525,27.599581060482,
    169.18762576422));
#16203 = CARTESIAN_POINT('',(5.663522991525,14.410539372125,
    191.04284067084));
#16204 = CARTESIAN_POINT('',(16.990568974574,77.5,25.));
#16205 = CARTESIAN_POINT('',(16.990568974574,72.855188746954,
    50.071736494457));
#16206 = CARTESIAN_POINT('',(16.990568974574,66.706102000798,
    74.869461290824));
#16207 = CARTESIAN_POINT('',(16.990568974574,59.072137432362,
    99.284907798463));
#16208 = CARTESIAN_POINT('',(16.990568974574,49.982429445683,
    123.2115258468));
#16209 = CARTESIAN_POINT('',(16.990568974574,39.475647391854,
    146.5456491031));
#16210 = CARTESIAN_POINT('',(16.990568974574,27.599581060482,
    169.18762576422));
#16211 = CARTESIAN_POINT('',(16.990568974574,14.410539372125,
    191.04284067084));
#16212 = CARTESIAN_POINT('',(28.317614957623,77.5,25.));
#16213 = CARTESIAN_POINT('',(28.317614957623,72.855188746954,
    50.071736494457));
#16214 = CARTESIAN_POINT('',(28.317614957623,66.706102000798,
    74.869461290824));
#16215 = CARTESIAN_POINT('',(28.317614957623,59.072137432362,
    99.284907798463));
#16216 = CARTESIAN_POINT('',(28.317614957623,49.982429445683,
    123.2115258468));
#16217 = CARTESIAN_POINT('',(28.317614957623,39.475647391854,
    146.5456491031));
#16218 = CARTESIAN_POINT('',(28.317614957623,27.599581060482,
    169.18762576422));
#16219 = CARTESIAN_POINT('',(28.317614957623,14.410539372125,
    191.04284067084));
#16220 = CARTESIAN_POINT('',(39.644660940673,77.5,25.));
#16221 = CARTESIAN_POINT('',(39.644660940673,72.855188746953,
    50.071736494457));
#16222 = CARTESIAN_POINT('',(39.644660940673,66.706102000799,
    74.869461290824));
#16223 = CARTESIAN_POINT('',(39.644660940672,59.072137432361,
    99.284907798463));
#16224 = CARTESIAN_POINT('',(39.644660940673,49.982429445684,
    123.2115258468));
#16225 = CARTESIAN_POINT('',(39.644660940672,39.475647391853,
    146.5456491031));
#16226 = CARTESIAN_POINT('',(39.644660940673,27.599581060482,
    169.18762576422));
#16227 = CARTESIAN_POINT('',(39.644660940673,14.410539372126,
    191.04284067084));
#16228 = ADVANCED_FACE('',(#16229),#16257,.F.);
#16229 = FACE_BOUND('',#16230,.F.);
#16230 = EDGE_LOOP('',(#16231,#16244,#16255,#16256));
#16231 = ORIENTED_EDGE('',*,*,#16232,.F.);
#16232 = EDGE_CURVE('',#16233,#14487,#16235,.T.);
#16233 = VERTEX_POINT('',#16234);
#16234 = CARTESIAN_POINT('',(-57.32233047033,70.177669529664,25.));
#16235 = B_SPLINE_CURVE_WITH_KNOTS('',7,(#16236,#16237,#16238,#16239,
    #16240,#16241,#16242,#16243),.UNSPECIFIED.,.F.,.F.,(8,8),(
    0.220488966476,0.573635843182),.PIECEWISE_BEZIER_KNOTS.);
#16236 = CARTESIAN_POINT('',(-57.32233047033,70.177669529664,25.));
#16237 = CARTESIAN_POINT('',(-57.32233047033,65.533866804039,
    49.656405237958));
#16238 = CARTESIAN_POINT('',(-57.32233047033,59.412936999119,
    74.038917497264));
#16239 = CARTESIAN_POINT('',(-57.32233047033,51.834265207537,
    98.041378568545));
#16240 = CARTESIAN_POINT('',(-57.32233047033,42.826770262799,
    121.55934518266));
#16241 = CARTESIAN_POINT('',(-57.32233047033,32.428703151662,
    144.49123054536));
#16242 = CARTESIAN_POINT('',(-57.32233047033,20.687237701215,
    166.73940920353));
#16243 = CARTESIAN_POINT('',(-57.32233047033,7.657879097489,
    188.21121521323));
#16244 = ORIENTED_EDGE('',*,*,#16245,.T.);
#16245 = EDGE_CURVE('',#16233,#16139,#16246,.T.);
#16246 = B_SPLINE_CURVE_WITH_KNOTS('',7,(#16247,#16248,#16249,#16250,
    #16251,#16252,#16253,#16254),.UNSPECIFIED.,.F.,.F.,(8,8),(1.,2.),
  .PIECEWISE_BEZIER_KNOTS.);
#16247 = CARTESIAN_POINT('',(-57.32233047033,70.177669529664,25.));
#16248 = CARTESIAN_POINT('',(-55.33890058722,72.16109941277,25.));
#16249 = CARTESIAN_POINT('',(-53.09584027195,73.884898782364,25.));
#16250 = CARTESIAN_POINT('',(-50.63393268035,75.308286099106,25.));
#16251 = CARTESIAN_POINT('',(-48.00196614115,76.398482335353,25.));
#16252 = CARTESIAN_POINT('',(-45.25464776456,77.132827064103,25.));
#16253 = CARTESIAN_POINT('',(-42.44965438137,77.5,25.));
#16254 = CARTESIAN_POINT('',(-39.64466094067,77.5,25.));
#16255 = ORIENTED_EDGE('',*,*,#16138,.T.);
#16256 = ORIENTED_EDGE('',*,*,#14499,.F.);
#16257 = B_SPLINE_SURFACE_WITH_KNOTS('',7,7,(
    (#16258,#16259,#16260,#16261,#16262,#16263,#16264,#16265)
    ,(#16266,#16267,#16268,#16269,#16270,#16271,#16272,#16273)
    ,(#16274,#16275,#16276,#16277,#16278,#16279,#16280,#16281)
    ,(#16282,#16283,#16284,#16285,#16286,#16287,#16288,#16289)
    ,(#16290,#16291,#16292,#16293,#16294,#16295,#16296,#16297)
    ,(#16298,#16299,#16300,#16301,#16302,#16303,#16304,#16305)
    ,(#16306,#16307,#16308,#16309,#16310,#16311,#16312,#16313)
    ,(#16314,#16315,#16316,#16317,#16318,#16319,#16320,#16321
  )),.UNSPECIFIED.,.F.,.F.,.F.,(8,8),(8,8),(1.,2.),(0.220488966476,
    0.573635843182),.PIECEWISE_BEZIER_KNOTS.);
#16258 = CARTESIAN_POINT('',(-57.32233047033,70.177669529664,25.));
#16259 = CARTESIAN_POINT('',(-57.32233047033,65.533866804039,
    49.656405237958));
#16260 = CARTESIAN_POINT('',(-57.32233047033,59.412936999119,
    74.038917497264));
#16261 = CARTESIAN_POINT('',(-57.32233047033,51.834265207537,
    98.041378568545));
#16262 = CARTESIAN_POINT('',(-57.32233047033,42.826770262799,
    121.55934518266));
#16263 = CARTESIAN_POINT('',(-57.32233047033,32.428703151662,
    144.49123054536));
#16264 = CARTESIAN_POINT('',(-57.32233047033,20.687237701215,
    166.73940920353));
#16265 = CARTESIAN_POINT('',(-57.32233047033,7.657879097489,
    188.21121521323));
#16266 = CARTESIAN_POINT('',(-55.33890058722,72.16109941277,25.));
#16267 = CARTESIAN_POINT('',(-55.33890058722,67.51702350316,
    49.768907730008));
#16268 = CARTESIAN_POINT('',(-55.33890058723,61.388466711327,
    74.26389032334));
#16269 = CARTESIAN_POINT('',(-55.33890058722,53.794817537016,
    98.378218464686));
#16270 = CARTESIAN_POINT('',(-55.33890058723,44.765053206208,
    122.00687817981));
#16271 = CARTESIAN_POINT('',(-55.33890058723,34.33753802974,
    145.04771938131));
#16272 = CARTESIAN_POINT('',(-55.33890058723,22.559612683006,
    167.40256773024));
#16273 = CARTESIAN_POINT('',(-55.33890058723,9.487000062931,
    188.97822929067));
#16274 = CARTESIAN_POINT('',(-53.09584027195,73.884898782364,25.));
#16275 = CARTESIAN_POINT('',(-53.09584027195,69.240585448488,
    49.866683671838));
#16276 = CARTESIAN_POINT('',(-53.09584027195,63.105400040569,
    74.459414258453));
#16277 = CARTESIAN_POINT('',(-53.09584027195,55.498734019464,
    98.670966096234));
#16278 = CARTESIAN_POINT('',(-53.09584027195,46.449615360082,
    122.39582921102));
#16279 = CARTESIAN_POINT('',(-53.09584027195,35.996506863228,
    145.53136395718));
#16280 = CARTESIAN_POINT('',(-53.09584027195,24.186894212211,
    167.978918959));
#16281 = CARTESIAN_POINT('',(-53.09584027194,11.076689516534,
    189.64484140255));
#16282 = CARTESIAN_POINT('',(-50.63393268035,75.308286099106,25.));
#16283 = CARTESIAN_POINT('',(-50.63393268035,70.663776717654,
    49.947419886236));
#16284 = CARTESIAN_POINT('',(-50.63393268036,64.523117883864,
    74.620863609386));
#16285 = CARTESIAN_POINT('',(-50.63393268036,56.905703503669,
    98.91269565775));
#16286 = CARTESIAN_POINT('',(-50.63393268036,47.840603456715,
    122.71699649674));
#16287 = CARTESIAN_POINT('',(-50.63393268036,37.366361869627,
    145.93072223938));
#16288 = CARTESIAN_POINT('',(-50.63393268036,25.53058416262,
    168.45482760792));
#16289 = CARTESIAN_POINT('',(-50.63393268036,12.3893386831,
    190.19528088059));
#16290 = CARTESIAN_POINT('',(-48.00196614115,76.398482335353,25.));
#16291 = CARTESIAN_POINT('',(-48.00196614115,71.753822797771,
    50.009257107932));
#16292 = CARTESIAN_POINT('',(-48.00196614115,65.60897177524,
    74.744520377056));
#16293 = CARTESIAN_POINT('',(-48.00196614115,57.983325046413,
    99.09784038614));
#16294 = CARTESIAN_POINT('',(-48.00196614115,48.905984586485,
    122.9629839114));
#16295 = CARTESIAN_POINT('',(-48.00196614115,38.415556810882,
    146.23659745061));
#16296 = CARTESIAN_POINT('',(-48.00196614115,26.559738848335,
    168.81933402986));
#16297 = CARTESIAN_POINT('',(-48.00196614115,13.394718711475,
    190.61687171548));
#16298 = CARTESIAN_POINT('',(-45.25464776456,77.132827064103,25.));
#16299 = CARTESIAN_POINT('',(-45.25464776456,72.488066382931,
    50.050910010671));
#16300 = CARTESIAN_POINT('',(-45.25464776456,66.340391546115,
    74.827814276351));
#16301 = CARTESIAN_POINT('',(-45.25464776456,58.709199593759,
    99.222551929649));
#16302 = CARTESIAN_POINT('',(-45.25464776456,49.623614120276,
    123.12867844902));
#16303 = CARTESIAN_POINT('',(-45.25464776456,39.122283498179,
    146.44263177871));
#16304 = CARTESIAN_POINT('',(-45.25464776456,27.252966630086,
    169.06486172538));
#16305 = CARTESIAN_POINT('',(-45.25464776457,14.071932133871,
    190.90085087171));
#16306 = CARTESIAN_POINT('',(-42.44965438137,77.5,25.));
#16307 = CARTESIAN_POINT('',(-42.44965438137,72.855188746953,
    50.071736494457));
#16308 = CARTESIAN_POINT('',(-42.44965438137,66.706102000798,
    74.869461290824));
#16309 = CARTESIAN_POINT('',(-42.44965438137,59.072137432361,
    99.284907798462));
#16310 = CARTESIAN_POINT('',(-42.44965438137,49.982429445683,
    123.2115258468));
#16311 = CARTESIAN_POINT('',(-42.44965438137,39.475647391853,
    146.5456491031));
#16312 = CARTESIAN_POINT('',(-42.44965438137,27.599581060481,
    169.18762576422));
#16313 = CARTESIAN_POINT('',(-42.44965438137,14.410539372125,
    191.04284067084));
#16314 = CARTESIAN_POINT('',(-39.64466094067,77.5,25.));
#16315 = CARTESIAN_POINT('',(-39.64466094067,72.855188746954,
    50.071736494457));
#16316 = CARTESIAN_POINT('',(-39.64466094067,66.706102000798,
    74.869461290824));
#16317 = CARTESIAN_POINT('',(-39.64466094067,59.072137432362,
    99.284907798463));
#16318 = CARTESIAN_POINT('',(-39.64466094067,49.982429445683,
    123.2115258468));
#16319 = CARTESIAN_POINT('',(-39.64466094067,39.475647391854,
    146.5456491031));
#16320 = CARTESIAN_POINT('',(-39.64466094067,27.599581060482,
    169.18762576422));
#16321 = CARTESIAN_POINT('',(-39.64466094067,14.410539372125,
    191.04284067084));
#16322 = ADVANCED_FACE('',(#16323),#16351,.F.);
#16323 = FACE_BOUND('',#16324,.F.);
#16324 = EDGE_LOOP('',(#16325,#16338,#16349,#16350));
#16325 = ORIENTED_EDGE('',*,*,#16326,.F.);
#16326 = EDGE_CURVE('',#16327,#14474,#16329,.T.);
#16327 = VERTEX_POINT('',#16328);
#16328 = CARTESIAN_POINT('',(-70.17766952966,57.322330470336,25.));
#16329 = B_SPLINE_CURVE_WITH_KNOTS('',7,(#16330,#16331,#16332,#16333,
    #16334,#16335,#16336,#16337),.UNSPECIFIED.,.F.,.F.,(8,8),(
    0.220488966476,0.573635843182),.PIECEWISE_BEZIER_KNOTS.);
#16330 = CARTESIAN_POINT('',(-70.17766952966,57.322330470336,25.));
#16331 = CARTESIAN_POINT('',(-70.17766952966,52.680298350669,
    48.927235181258));
#16332 = CARTESIAN_POINT('',(-70.17766952966,46.608801854983,
    72.580785811851));
#16333 = CARTESIAN_POINT('',(-70.17766952966,39.127203993195,
    95.858195230195));
#16334 = CARTESIAN_POINT('',(-70.17766952966,30.264045135654,
    118.65871911685));
#16335 = CARTESIAN_POINT('',(-70.17766952966,20.056841774082,
    140.88442158796));
#16336 = CARTESIAN_POINT('',(-70.17766952966,8.551686330262,
    162.44123472127));
#16337 = CARTESIAN_POINT('',(-70.17766952966,-4.197327074176,
    183.23991468343));
#16338 = ORIENTED_EDGE('',*,*,#16339,.T.);
#16339 = EDGE_CURVE('',#16327,#16233,#16340,.T.);
#16340 = B_SPLINE_CURVE_WITH_KNOTS('',7,(#16341,#16342,#16343,#16344,
    #16345,#16346,#16347,#16348),.UNSPECIFIED.,.F.,.F.,(8,8),(0.,1.),
  .PIECEWISE_BEZIER_KNOTS.);
#16341 = CARTESIAN_POINT('',(-70.17766952966,57.322330470336,25.));
#16342 = CARTESIAN_POINT('',(-68.34119252118,59.158807478812,25.));
#16343 = CARTESIAN_POINT('',(-66.50471551271,60.995284487287,25.));
#16344 = CARTESIAN_POINT('',(-64.66823850423,62.831761495762,25.));
#16345 = CARTESIAN_POINT('',(-62.83176149576,64.668238504238,25.));
#16346 = CARTESIAN_POINT('',(-60.99528448728,66.504715512713,25.));
#16347 = CARTESIAN_POINT('',(-59.15880747881,68.341192521188,25.));
#16348 = CARTESIAN_POINT('',(-57.32233047033,70.177669529664,25.));
#16349 = ORIENTED_EDGE('',*,*,#16232,.T.);
#16350 = ORIENTED_EDGE('',*,*,#14486,.F.);
#16351 = B_SPLINE_SURFACE_WITH_KNOTS('',7,7,(
    (#16352,#16353,#16354,#16355,#16356,#16357,#16358,#16359)
    ,(#16360,#16361,#16362,#16363,#16364,#16365,#16366,#16367)
    ,(#16368,#16369,#16370,#16371,#16372,#16373,#16374,#16375)
    ,(#16376,#16377,#16378,#16379,#16380,#16381,#16382,#16383)
    ,(#16384,#16385,#16386,#16387,#16388,#16389,#16390,#16391)
    ,(#16392,#16393,#16394,#16395,#16396,#16397,#16398,#16399)
    ,(#16400,#16401,#16402,#16403,#16404,#16405,#16406,#16407)
    ,(#16408,#16409,#16410,#16411,#16412,#16413,#16414,#16415
  )),.UNSPECIFIED.,.F.,.F.,.F.,(8,8),(8,8),(0.,1.),(0.220488966476,
    0.573635843182),.PIECEWISE_BEZIER_KNOTS.);
#16352 = CARTESIAN_POINT('',(-70.17766952966,57.322330470336,25.));
#16353 = CARTESIAN_POINT('',(-70.17766952966,52.680298350669,
    48.927235181258));
#16354 = CARTESIAN_POINT('',(-70.17766952966,46.608801854983,
    72.580785811851));
#16355 = CARTESIAN_POINT('',(-70.17766952966,39.127203993195,
    95.858195230195));
#16356 = CARTESIAN_POINT('',(-70.17766952966,30.264045135654,
    118.65871911685));
#16357 = CARTESIAN_POINT('',(-70.17766952966,20.056841774082,
    140.88442158796));
#16358 = CARTESIAN_POINT('',(-70.17766952966,8.551686330262,
    162.44123472127));
#16359 = CARTESIAN_POINT('',(-70.17766952966,-4.197327074176,
    183.23991468343));
#16360 = CARTESIAN_POINT('',(-68.34119252118,59.158807478812,25.));
#16361 = CARTESIAN_POINT('',(-68.34119252118,54.516522415436,
    49.031402332215));
#16362 = CARTESIAN_POINT('',(-68.34119252118,48.437964018431,
    72.789090338339));
#16363 = CARTESIAN_POINT('',(-68.34119252118,40.942498452388,
    96.170078564244));
#16364 = CARTESIAN_POINT('',(-68.34119252118,32.058720153817,
    119.07309426911));
#16365 = CARTESIAN_POINT('',(-68.34119252118,21.824250542308,
    141.39968001044));
#16366 = CARTESIAN_POINT('',(-68.34119252118,10.285336526112,
    163.0552596473));
#16367 = CARTESIAN_POINT('',(-68.34119252118,-2.503726192509,
    183.9501004734));
#16368 = CARTESIAN_POINT('',(-66.50471551271,60.995284487287,25.));
#16369 = CARTESIAN_POINT('',(-66.50471551271,56.352746480204,
    49.135569483172));
#16370 = CARTESIAN_POINT('',(-66.50471551271,50.267126181879,
    72.997394864827));
#16371 = CARTESIAN_POINT('',(-66.50471551271,42.757792911579,
    96.481961898294));
#16372 = CARTESIAN_POINT('',(-66.50471551271,33.853395171981,
    119.48746942136));
#16373 = CARTESIAN_POINT('',(-66.50471551271,23.591659310534,
    141.91493843293));
#16374 = CARTESIAN_POINT('',(-66.50471551271,12.018986721963,
    163.66928457334));
#16375 = CARTESIAN_POINT('',(-66.50471551271,-0.810125310843,
    184.66028626337));
#16376 = CARTESIAN_POINT('',(-64.66823850423,62.831761495762,25.));
#16377 = CARTESIAN_POINT('',(-64.66823850423,58.188970544971,
    49.23973663413));
#16378 = CARTESIAN_POINT('',(-64.66823850423,52.096288345327,
    73.205699391313));
#16379 = CARTESIAN_POINT('',(-64.66823850423,44.57308737077,
    96.793845232347));
#16380 = CARTESIAN_POINT('',(-64.66823850423,35.648070190145,
    119.90184457362));
#16381 = CARTESIAN_POINT('',(-64.66823850423,25.359068078759,
    142.43019685542));
#16382 = CARTESIAN_POINT('',(-64.66823850423,13.752636917813,
    164.28330949938));
#16383 = CARTESIAN_POINT('',(-64.66823850423,0.883475570824,
    185.37047205335));
#16384 = CARTESIAN_POINT('',(-62.83176149576,64.668238504238,25.));
#16385 = CARTESIAN_POINT('',(-62.83176149576,60.025194609738,
    49.343903785087));
#16386 = CARTESIAN_POINT('',(-62.83176149576,53.925450508775,
    73.414003917801));
#16387 = CARTESIAN_POINT('',(-62.83176149576,46.388381829962,
    97.105728566396));
#16388 = CARTESIAN_POINT('',(-62.83176149576,37.442745208309,
    120.31621972588));
#16389 = CARTESIAN_POINT('',(-62.83176149576,27.126476846985,
    142.9454552779));
#16390 = CARTESIAN_POINT('',(-62.83176149576,15.486287113664,
    164.89733442542));
#16391 = CARTESIAN_POINT('',(-62.83176149576,2.57707645249,
    186.08065784332));
#16392 = CARTESIAN_POINT('',(-60.99528448728,66.504715512713,25.));
#16393 = CARTESIAN_POINT('',(-60.99528448728,61.861418674505,
    49.448070936044));
#16394 = CARTESIAN_POINT('',(-60.99528448728,55.754612672223,
    73.622308444288));
#16395 = CARTESIAN_POINT('',(-60.99528448728,48.203676289154,
    97.417611900446));
#16396 = CARTESIAN_POINT('',(-60.99528448728,39.237420226473,
    120.73059487814));
#16397 = CARTESIAN_POINT('',(-60.99528448728,28.893885615211,
    143.46071370039));
#16398 = CARTESIAN_POINT('',(-60.99528448728,17.219937309514,
    165.51135935146));
#16399 = CARTESIAN_POINT('',(-60.99528448728,4.270677334156,
    186.79084363329));
#16400 = CARTESIAN_POINT('',(-59.15880747881,68.341192521188,25.));
#16401 = CARTESIAN_POINT('',(-59.15880747881,63.697642739272,
    49.552238087));
#16402 = CARTESIAN_POINT('',(-59.15880747881,57.583774835671,
    73.830612970776));
#16403 = CARTESIAN_POINT('',(-59.15880747881,50.018970748346,
    97.729495234495));
#16404 = CARTESIAN_POINT('',(-59.15880747881,41.032095244636,
    121.1449700304));
#16405 = CARTESIAN_POINT('',(-59.15880747881,30.661294383437,
    143.97597212288));
#16406 = CARTESIAN_POINT('',(-59.15880747881,18.953587505365,
    166.12538427749));
#16407 = CARTESIAN_POINT('',(-59.15880747881,5.964278215823,
    187.50102942326));
#16408 = CARTESIAN_POINT('',(-57.32233047033,70.177669529664,25.));
#16409 = CARTESIAN_POINT('',(-57.32233047033,65.533866804039,
    49.656405237958));
#16410 = CARTESIAN_POINT('',(-57.32233047033,59.412936999119,
    74.038917497264));
#16411 = CARTESIAN_POINT('',(-57.32233047033,51.834265207537,
    98.041378568545));
#16412 = CARTESIAN_POINT('',(-57.32233047033,42.826770262799,
    121.55934518266));
#16413 = CARTESIAN_POINT('',(-57.32233047033,32.428703151662,
    144.49123054536));
#16414 = CARTESIAN_POINT('',(-57.32233047033,20.687237701215,
    166.73940920353));
#16415 = CARTESIAN_POINT('',(-57.32233047033,7.657879097489,
    188.21121521323));
#16416 = ADVANCED_FACE('',(#16417),#16433,.F.);
#16417 = FACE_BOUND('',#16418,.F.);
#16418 = EDGE_LOOP('',(#16419,#16420,#16431,#16432));
#16419 = ORIENTED_EDGE('',*,*,#15206,.F.);
#16420 = ORIENTED_EDGE('',*,*,#16421,.T.);
#16421 = EDGE_CURVE('',#15194,#16327,#16422,.T.);
#16422 = B_SPLINE_CURVE_WITH_KNOTS('',7,(#16423,#16424,#16425,#16426,
    #16427,#16428,#16429,#16430),.UNSPECIFIED.,.F.,.F.,(8,8),(15.,16.),
  .PIECEWISE_BEZIER_KNOTS.);
#16423 = CARTESIAN_POINT('',(-77.5,39.644660940673,25.));
#16424 = CARTESIAN_POINT('',(-77.5,42.449654381378,25.));
#16425 = CARTESIAN_POINT('',(-77.1328270641,45.254647764567,25.));
#16426 = CARTESIAN_POINT('',(-76.39848233535,48.001966141157,25.));
#16427 = CARTESIAN_POINT('',(-75.30828609911,50.633932680361,25.));
#16428 = CARTESIAN_POINT('',(-73.88489878236,53.095840271951,25.));
#16429 = CARTESIAN_POINT('',(-72.16109941277,55.33890058723,25.));
#16430 = CARTESIAN_POINT('',(-70.17766952966,57.322330470336,25.));
#16431 = ORIENTED_EDGE('',*,*,#16326,.T.);
#16432 = ORIENTED_EDGE('',*,*,#14473,.F.);
#16433 = B_SPLINE_SURFACE_WITH_KNOTS('',7,7,(
    (#16434,#16435,#16436,#16437,#16438,#16439,#16440,#16441)
    ,(#16442,#16443,#16444,#16445,#16446,#16447,#16448,#16449)
    ,(#16450,#16451,#16452,#16453,#16454,#16455,#16456,#16457)
    ,(#16458,#16459,#16460,#16461,#16462,#16463,#16464,#16465)
    ,(#16466,#16467,#16468,#16469,#16470,#16471,#16472,#16473)
    ,(#16474,#16475,#16476,#16477,#16478,#16479,#16480,#16481)
    ,(#16482,#16483,#16484,#16485,#16486,#16487,#16488,#16489)
    ,(#16490,#16491,#16492,#16493,#16494,#16495,#16496,#16497
  )),.UNSPECIFIED.,.F.,.F.,.F.,(8,8),(8,8),(15.,16.),(0.220488966476,
    0.573635843182),.PIECEWISE_BEZIER_KNOTS.);
#16434 = CARTESIAN_POINT('',(-77.5,39.644660940673,25.));
#16435 = CARTESIAN_POINT('',(-77.5,35.005063621585,47.924536828941));
#16436 = CARTESIAN_POINT('',(-77.5,29.001543995303,70.575675721291));
#16437 = CARTESIAN_POINT('',(-77.49999999999,21.653434705302,
    92.856050098126));
#16438 = CARTESIAN_POINT('',(-77.5,12.988755688617,114.67000214999));
#16439 = CARTESIAN_POINT('',(-77.49999999999,3.044013416125,
    135.92461644307));
#16440 = CARTESIAN_POINT('',(-77.5,-8.136186755459,156.53071709682));
#16441 = CARTESIAN_POINT('',(-77.5,-20.4996910913,176.40376610012));
#16442 = CARTESIAN_POINT('',(-77.5,42.449654381378,25.));
#16443 = CARTESIAN_POINT('',(-77.49999999999,37.809670721792,
    48.083639379));
#16444 = CARTESIAN_POINT('',(-77.5,31.795364907179,70.893835343094));
#16445 = CARTESIAN_POINT('',(-77.49999999999,24.426074399391,
    93.332413647594));
#16446 = CARTESIAN_POINT('',(-77.5,15.729901714902,115.30290938418));
#16447 = CARTESIAN_POINT('',(-77.49999999999,5.743513589032,
    136.71161050217));
#16448 = CARTESIAN_POINT('',(-77.5,-5.488248662363,157.4685648793));
#16449 = CARTESIAN_POINT('',(-77.5,-17.91292341475,177.48848781096));
#16450 = CARTESIAN_POINT('',(-77.1328270641,45.254647764567,25.));
#16451 = CARTESIAN_POINT('',(-77.1328270641,40.614277764491,
    48.242741925795));
#16452 = CARTESIAN_POINT('',(-77.1328270641,34.589185761769,
    71.211994958373));
#16453 = CARTESIAN_POINT('',(-77.1328270641,27.198714036629,
    93.808777187296));
#16454 = CARTESIAN_POINT('',(-77.1328270641,18.471047684981,
    115.93581660539));
#16455 = CARTESIAN_POINT('',(-77.1328270641,8.443013706586,
    137.49860454514));
#16456 = CARTESIAN_POINT('',(-77.1328270641,-2.840310623561,
    158.40641264254));
#16457 = CARTESIAN_POINT('',(-77.1328270641,-15.32615579124,
    178.57320949956));
#16458 = CARTESIAN_POINT('',(-76.39848233535,48.001966141157,25.));
#16459 = CARTESIAN_POINT('',(-76.39848233535,43.361217744349,
    48.39857307791));
#16460 = CARTESIAN_POINT('',(-76.39848233535,37.325561334243,
    71.523612719393));
#16461 = CARTESIAN_POINT('',(-76.39848233535,29.914343910371,
    94.275345955125));
#16462 = CARTESIAN_POINT('',(-76.39848233535,21.155831450121,
    116.55571027427));
#16463 = CARTESIAN_POINT('',(-76.39848233535,11.087007922404,
    138.26941677217));
#16464 = CARTESIAN_POINT('',(-76.39848233535,-0.24681829033,
    159.32497680382));
#16465 = CARTESIAN_POINT('',(-76.39848233535,-12.79257611486,
    179.63562763089));
#16466 = CARTESIAN_POINT('',(-75.30828609911,50.633932680361,25.));
#16467 = CARTESIAN_POINT('',(-75.30828609911,45.99282177459,
    48.547861337189));
#16468 = CARTESIAN_POINT('',(-75.30828609911,39.947044525569,
    71.822146564984));
#16469 = CARTESIAN_POINT('',(-75.3082860991,32.515952453983,
    94.722324869407));
#16470 = CARTESIAN_POINT('',(-75.30828609911,23.72788902272,
    117.1495764269));
#16471 = CARTESIAN_POINT('',(-75.3082860991,13.619988579172,
    139.00786485552));
#16472 = CARTESIAN_POINT('',(-75.30828609911,2.237780909719,
    160.20497315123));
#16473 = CARTESIAN_POINT('',(-75.3082860991,-10.365374015,
    180.65343794226));
#16474 = CARTESIAN_POINT('',(-73.88489878236,53.095840271951,25.));
#16475 = CARTESIAN_POINT('',(-73.88489878236,48.454390279965,
    48.687503651551));
#16476 = CARTESIAN_POINT('',(-73.88489878236,42.399146128615,
    72.101391277961));
#16477 = CARTESIAN_POINT('',(-73.88489878235,34.949463567614,
    95.140423187137));
#16478 = CARTESIAN_POINT('',(-73.88489878236,26.133758538789,
    117.70507117495));
#16479 = CARTESIAN_POINT('',(-73.88489878236,15.989306051623,
    139.69859967882));
#16480 = CARTESIAN_POINT('',(-73.88489878236,4.56184299088,
    161.02811039709));
#16481 = CARTESIAN_POINT('',(-73.88489878236,-8.095000441883,
    181.60548459446));
#16482 = CARTESIAN_POINT('',(-72.16109941277,55.33890058723,25.));
#16483 = CARTESIAN_POINT('',(-72.16109941277,50.69714165155,
    48.814732689208));
#16484 = CARTESIAN_POINT('',(-72.16109941277,44.633272142775,
    72.355812985776));
#16485 = CARTESIAN_POINT('',(-72.16109941277,37.166651663719,
    95.521355334054));
#16486 = CARTESIAN_POINT('',(-72.16109941277,28.325762192245,
    118.21118611969));
#16487 = CARTESIAN_POINT('',(-72.16109941277,18.148006896006,
    140.32793275201));
#16488 = CARTESIAN_POINT('',(-72.16109941277,6.679311348472,
    161.77807619456));
#16489 = CARTESIAN_POINT('',(-72.16109941277,-6.026448039616,
    182.472900606));
#16490 = CARTESIAN_POINT('',(-70.17766952966,57.322330470336,25.));
#16491 = CARTESIAN_POINT('',(-70.17766952966,52.680298350669,
    48.927235181258));
#16492 = CARTESIAN_POINT('',(-70.17766952966,46.608801854983,
    72.580785811851));
#16493 = CARTESIAN_POINT('',(-70.17766952966,39.127203993195,
    95.858195230195));
#16494 = CARTESIAN_POINT('',(-70.17766952966,30.264045135654,
    118.65871911685));
#16495 = CARTESIAN_POINT('',(-70.17766952966,20.056841774082,
    140.88442158796));
#16496 = CARTESIAN_POINT('',(-70.17766952966,8.551686330262,
    162.44123472127));
#16497 = CARTESIAN_POINT('',(-70.17766952966,-4.197327074176,
    183.23991468343));
#16498 = ADVANCED_FACE('',(#16499),#16511,.T.);
#16499 = FACE_BOUND('',#16500,.F.);
#16500 = EDGE_LOOP('',(#16501,#16508,#16509,#16510));
#16501 = ORIENTED_EDGE('',*,*,#16502,.T.);
#16502 = EDGE_CURVE('',#14769,#14700,#16503,.T.);
#16503 = CIRCLE('',#16504,5.);
#16504 = AXIS2_PLACEMENT_3D('',#16505,#16506,#16507);
#16505 = CARTESIAN_POINT('',(-65.18420997299,-155.4541139949,
    201.13985513336));
#16506 = DIRECTION('',(0.707106781187,-0.652094560685,-0.273445943333));
#16507 = DIRECTION('',(-0.707106781187,-0.652094560685,-0.273445943333)
  );
#16508 = ORIENTED_EDGE('',*,*,#14707,.T.);
#16509 = ORIENTED_EDGE('',*,*,#14723,.F.);
#16510 = ORIENTED_EDGE('',*,*,#14768,.F.);
#16511 = CYLINDRICAL_SURFACE('',#16512,5.);
#16512 = AXIS2_PLACEMENT_3D('',#16513,#16514,#16515);
#16513 = CARTESIAN_POINT('',(-65.18420997299,-155.4541139949,
    201.13985513336));
#16514 = DIRECTION('',(-0.707106781187,0.652094560685,0.273445943333));
#16515 = DIRECTION('',(-1.360023205166E-15,-0.386710961637,0.92220097167
    ));
#16516 = ADVANCED_FACE('',(#16517),#16529,.T.);
#16517 = FACE_BOUND('',#16518,.F.);
#16518 = EDGE_LOOP('',(#16519,#16520,#16521,#16528));
#16519 = ORIENTED_EDGE('',*,*,#14878,.T.);
#16520 = ORIENTED_EDGE('',*,*,#14895,.T.);
#16521 = ORIENTED_EDGE('',*,*,#16522,.F.);
#16522 = EDGE_CURVE('',#14752,#14896,#16523,.T.);
#16523 = CIRCLE('',#16524,5.);
#16524 = AXIS2_PLACEMENT_3D('',#16525,#16526,#16527);
#16525 = CARTESIAN_POINT('',(-65.18420997299,-16.67260211522,
    259.33577290518));
#16526 = DIRECTION('',(-0.707106781187,-0.652094560685,-0.273445943333)
  );
#16527 = DIRECTION('',(1.360023205166E-15,-0.386710961637,0.92220097167)
  );
#16528 = ORIENTED_EDGE('',*,*,#14749,.F.);
#16529 = CYLINDRICAL_SURFACE('',#16530,5.);
#16530 = AXIS2_PLACEMENT_3D('',#16531,#16532,#16533);
#16531 = CARTESIAN_POINT('',(-75.24472221513,-25.95041628042,
    255.44526254146));
#16532 = DIRECTION('',(0.707106781187,0.652094560685,0.273445943333));
#16533 = DIRECTION('',(1.360023205166E-15,-0.386710961637,0.92220097167)
  );
#16534 = ADVANCED_FACE('',(#16535),#16547,.T.);
#16535 = FACE_BOUND('',#16536,.T.);
#16536 = EDGE_LOOP('',(#16537,#16538,#16539,#16546));
#16537 = ORIENTED_EDGE('',*,*,#16522,.F.);
#16538 = ORIENTED_EDGE('',*,*,#14861,.T.);
#16539 = ORIENTED_EDGE('',*,*,#16540,.T.);
#16540 = EDGE_CURVE('',#14854,#14921,#16541,.T.);
#16541 = CIRCLE('',#16542,5.);
#16542 = AXIS2_PLACEMENT_3D('',#16543,#16544,#16545);
#16543 = CARTESIAN_POINT('',(-59.73948775786,-14.59278275063,
    260.20791354612));
#16544 = DIRECTION('',(-1.,-1.48E-15,-6.2E-16));
#16545 = DIRECTION('',(-1.604618234287E-15,0.92220097167,0.386710961637)
  );
#16546 = ORIENTED_EDGE('',*,*,#14928,.F.);
#16547 = TOROIDAL_SURFACE('',#16548,7.7,5.);
#16548 = AXIS2_PLACEMENT_3D('',#16549,#16550,#16551);
#16549 = CARTESIAN_POINT('',(-59.73948775786,-21.69373023249,
    257.23023914152));
#16550 = DIRECTION('',(0.,0.386710961637,-0.92220097167));
#16551 = DIRECTION('',(-0.707106781187,0.652094560685,0.273445943333));
#16552 = ADVANCED_FACE('',(#16553),#16565,.T.);
#16553 = FACE_BOUND('',#16554,.F.);
#16554 = EDGE_LOOP('',(#16555,#16556,#16557,#16564));
#16555 = ORIENTED_EDGE('',*,*,#16540,.T.);
#16556 = ORIENTED_EDGE('',*,*,#14944,.T.);
#16557 = ORIENTED_EDGE('',*,*,#16558,.F.);
#16558 = EDGE_CURVE('',#14845,#14945,#16559,.T.);
#16559 = CIRCLE('',#16560,5.);
#16560 = AXIS2_PLACEMENT_3D('',#16561,#16562,#16563);
#16561 = CARTESIAN_POINT('',(59.739487757862,-14.59278275063,
    260.20791354612));
#16562 = DIRECTION('',(-1.,0.,0.));
#16563 = DIRECTION('',(0.,-0.386710961637,0.92220097167));
#16564 = ORIENTED_EDGE('',*,*,#14853,.F.);
#16565 = CYLINDRICAL_SURFACE('',#16566,5.);
#16566 = AXIS2_PLACEMENT_3D('',#16567,#16568,#16569);
#16567 = CARTESIAN_POINT('',(-59.73948775786,-14.59278275063,
    260.20791354612));
#16568 = DIRECTION('',(1.,0.,0.));
#16569 = DIRECTION('',(0.,-0.386710961637,0.92220097167));
#16570 = ADVANCED_FACE('',(#16571),#16583,.T.);
#16571 = FACE_BOUND('',#16572,.T.);
#16572 = EDGE_LOOP('',(#16573,#16574,#16575,#16582));
#16573 = ORIENTED_EDGE('',*,*,#16558,.F.);
#16574 = ORIENTED_EDGE('',*,*,#14844,.T.);
#16575 = ORIENTED_EDGE('',*,*,#16576,.T.);
#16576 = EDGE_CURVE('',#14837,#14970,#16577,.T.);
#16577 = CIRCLE('',#16578,5.);
#16578 = AXIS2_PLACEMENT_3D('',#16579,#16580,#16581);
#16579 = CARTESIAN_POINT('',(65.184209972998,-16.67260211522,
    259.33577290518));
#16580 = DIRECTION('',(-0.707106781187,0.652094560685,0.273445943333));
#16581 = DIRECTION('',(0.707106781187,0.652094560685,0.273445943333));
#16582 = ORIENTED_EDGE('',*,*,#14977,.F.);
#16583 = TOROIDAL_SURFACE('',#16584,7.7,5.);
#16584 = AXIS2_PLACEMENT_3D('',#16585,#16586,#16587);
#16585 = CARTESIAN_POINT('',(59.739487757862,-21.69373023249,
    257.23023914152));
#16586 = DIRECTION('',(0.,0.386710961637,-0.92220097167));
#16587 = DIRECTION('',(5.6E-16,0.92220097167,0.386710961637));
#16588 = ADVANCED_FACE('',(#16589),#16601,.T.);
#16589 = FACE_BOUND('',#16590,.F.);
#16590 = EDGE_LOOP('',(#16591,#16592,#16593,#16600));
#16591 = ORIENTED_EDGE('',*,*,#16576,.T.);
#16592 = ORIENTED_EDGE('',*,*,#14993,.T.);
#16593 = ORIENTED_EDGE('',*,*,#16594,.F.);
#16594 = EDGE_CURVE('',#14828,#14994,#16595,.T.);
#16595 = CIRCLE('',#16596,5.);
#16596 = AXIS2_PLACEMENT_3D('',#16597,#16598,#16599);
#16597 = CARTESIAN_POINT('',(75.244722215136,-25.95041628042,
    255.44526254146));
#16598 = DIRECTION('',(-0.707106781187,0.652094560685,0.273445943333));
#16599 = DIRECTION('',(-1.276756478319E-15,-0.386710961637,0.92220097167
    ));
#16600 = ORIENTED_EDGE('',*,*,#14836,.F.);
#16601 = CYLINDRICAL_SURFACE('',#16602,5.);
#16602 = AXIS2_PLACEMENT_3D('',#16603,#16604,#16605);
#16603 = CARTESIAN_POINT('',(65.184209972998,-16.67260211522,
    259.33577290518));
#16604 = DIRECTION('',(0.707106781187,-0.652094560685,-0.273445943333));
#16605 = DIRECTION('',(-1.276756478319E-15,-0.386710961637,0.92220097167
    ));
#16606 = ADVANCED_FACE('',(#16607),#16619,.T.);
#16607 = FACE_BOUND('',#16608,.T.);
#16608 = EDGE_LOOP('',(#16609,#16616,#16617,#16618));
#16609 = ORIENTED_EDGE('',*,*,#16610,.F.);
#16610 = EDGE_CURVE('',#14777,#15017,#16611,.T.);
#16611 = CIRCLE('',#16612,5.);
#16612 = AXIS2_PLACEMENT_3D('',#16613,#16614,#16615);
#16613 = CARTESIAN_POINT('',(-59.73948775786,-157.5339333595,
    200.26771449241));
#16614 = DIRECTION('',(1.,1.1E-16,5.E-17));
#16615 = DIRECTION('',(-3.571842803472E-18,-0.386710961637,0.92220097167
    ));
#16616 = ORIENTED_EDGE('',*,*,#14776,.T.);
#16617 = ORIENTED_EDGE('',*,*,#16502,.T.);
#16618 = ORIENTED_EDGE('',*,*,#15026,.F.);
#16619 = TOROIDAL_SURFACE('',#16620,7.7,5.);
#16620 = AXIS2_PLACEMENT_3D('',#16621,#16622,#16623);
#16621 = CARTESIAN_POINT('',(-59.73948775786,-150.4329858776,
    203.24538889702));
#16622 = DIRECTION('',(0.,0.386710961637,-0.92220097167));
#16623 = DIRECTION('',(-1.12E-15,-0.92220097167,-0.386710961637));
#16624 = ADVANCED_FACE('',(#16625),#16637,.T.);
#16625 = FACE_BOUND('',#16626,.T.);
#16626 = EDGE_LOOP('',(#16627,#16628,#16629,#16636));
#16627 = ORIENTED_EDGE('',*,*,#16594,.F.);
#16628 = ORIENTED_EDGE('',*,*,#14827,.T.);
#16629 = ORIENTED_EDGE('',*,*,#16630,.T.);
#16630 = EDGE_CURVE('',#14820,#15044,#16631,.T.);
#16631 = CIRCLE('',#16632,5.);
#16632 = AXIS2_PLACEMENT_3D('',#16633,#16634,#16635);
#16633 = CARTESIAN_POINT('',(77.5,-30.9715443977,253.3397287778));
#16634 = DIRECTION('',(2.5E-16,0.92220097167,0.386710961637));
#16635 = DIRECTION('',(1.,-2.242214491411E-16,-1.117702005387E-16));
#16636 = ORIENTED_EDGE('',*,*,#15051,.F.);
#16637 = TOROIDAL_SURFACE('',#16638,7.7,5.);
#16638 = AXIS2_PLACEMENT_3D('',#16639,#16640,#16641);
#16639 = CARTESIAN_POINT('',(69.8,-30.9715443977,253.3397287778));
#16640 = DIRECTION('',(0.,0.386710961637,-0.92220097167));
#16641 = DIRECTION('',(0.707106781187,0.652094560685,0.273445943333));
#16642 = ADVANCED_FACE('',(#16643),#16655,.T.);
#16643 = FACE_BOUND('',#16644,.F.);
#16644 = EDGE_LOOP('',(#16645,#16652,#16653,#16654));
#16645 = ORIENTED_EDGE('',*,*,#16646,.T.);
#16646 = EDGE_CURVE('',#14786,#15067,#16647,.T.);
#16647 = CIRCLE('',#16648,5.);
#16648 = AXIS2_PLACEMENT_3D('',#16649,#16650,#16651);
#16649 = CARTESIAN_POINT('',(59.739487757861,-157.5339333595,
    200.26771449241));
#16650 = DIRECTION('',(1.,7.7E-16,3.2E-16));
#16651 = DIRECTION('',(8.3384225591E-16,-0.92220097167,-0.386710961637)
  );
#16652 = ORIENTED_EDGE('',*,*,#15074,.T.);
#16653 = ORIENTED_EDGE('',*,*,#16610,.F.);
#16654 = ORIENTED_EDGE('',*,*,#14785,.F.);
#16655 = CYLINDRICAL_SURFACE('',#16656,5.);
#16656 = AXIS2_PLACEMENT_3D('',#16657,#16658,#16659);
#16657 = CARTESIAN_POINT('',(59.739487757861,-157.5339333595,
    200.26771449241));
#16658 = DIRECTION('',(-1.,-1.1E-16,-5.E-17));
#16659 = DIRECTION('',(-3.571842803472E-18,-0.386710961637,0.92220097167
    ));
#16660 = ADVANCED_FACE('',(#16661),#16673,.T.);
#16661 = FACE_BOUND('',#16662,.F.);
#16662 = EDGE_LOOP('',(#16663,#16664,#16665,#16672));
#16663 = ORIENTED_EDGE('',*,*,#16630,.T.);
#16664 = ORIENTED_EDGE('',*,*,#15091,.T.);
#16665 = ORIENTED_EDGE('',*,*,#16666,.F.);
#16666 = EDGE_CURVE('',#14811,#15092,#16667,.T.);
#16667 = CIRCLE('',#16668,5.);
#16668 = AXIS2_PLACEMENT_3D('',#16669,#16670,#16671);
#16669 = CARTESIAN_POINT('',(77.5,-141.1551717124,207.13589926073));
#16670 = DIRECTION('',(1.9E-15,0.92220097167,0.386710961637));
#16671 = DIRECTION('',(0.,-0.386710961637,0.92220097167));
#16672 = ORIENTED_EDGE('',*,*,#14819,.F.);
#16673 = CYLINDRICAL_SURFACE('',#16674,5.);
#16674 = AXIS2_PLACEMENT_3D('',#16675,#16676,#16677);
#16675 = CARTESIAN_POINT('',(77.5,-30.9715443977,253.3397287778));
#16676 = DIRECTION('',(-1.9E-15,-0.92220097167,-0.386710961637));
#16677 = DIRECTION('',(0.,-0.386710961637,0.92220097167));
#16678 = ADVANCED_FACE('',(#16679),#16691,.T.);
#16679 = FACE_BOUND('',#16680,.T.);
#16680 = EDGE_LOOP('',(#16681,#16688,#16689,#16690));
#16681 = ORIENTED_EDGE('',*,*,#16682,.F.);
#16682 = EDGE_CURVE('',#14794,#15115,#16683,.T.);
#16683 = CIRCLE('',#16684,5.);
#16684 = AXIS2_PLACEMENT_3D('',#16685,#16686,#16687);
#16685 = CARTESIAN_POINT('',(65.184209972998,-155.4541139949,
    201.13985513336));
#16686 = DIRECTION('',(0.707106781187,0.652094560685,0.273445943333));
#16687 = DIRECTION('',(1.33226762955E-15,-0.386710961637,0.92220097167)
  );
#16688 = ORIENTED_EDGE('',*,*,#14793,.T.);
#16689 = ORIENTED_EDGE('',*,*,#16646,.T.);
#16690 = ORIENTED_EDGE('',*,*,#15124,.F.);
#16691 = TOROIDAL_SURFACE('',#16692,7.7,5.);
#16692 = AXIS2_PLACEMENT_3D('',#16693,#16694,#16695);
#16693 = CARTESIAN_POINT('',(59.739487757861,-150.4329858776,
    203.24538889702));
#16694 = DIRECTION('',(0.,0.386710961637,-0.92220097167));
#16695 = DIRECTION('',(0.707106781187,-0.652094560685,-0.273445943333));
#16696 = ADVANCED_FACE('',(#16697),#16709,.T.);
#16697 = FACE_BOUND('',#16698,.T.);
#16698 = EDGE_LOOP('',(#16699,#16700,#16701,#16708));
#16699 = ORIENTED_EDGE('',*,*,#16666,.F.);
#16700 = ORIENTED_EDGE('',*,*,#14810,.T.);
#16701 = ORIENTED_EDGE('',*,*,#16702,.T.);
#16702 = EDGE_CURVE('',#14803,#15142,#16703,.T.);
#16703 = CIRCLE('',#16704,5.);
#16704 = AXIS2_PLACEMENT_3D('',#16705,#16706,#16707);
#16705 = CARTESIAN_POINT('',(75.244722215136,-146.1762998297,
    205.03036549707));
#16706 = DIRECTION('',(0.707106781187,0.652094560685,0.273445943333));
#16707 = DIRECTION('',(0.707106781187,-0.652094560685,-0.273445943333));
#16708 = ORIENTED_EDGE('',*,*,#15149,.F.);
#16709 = TOROIDAL_SURFACE('',#16710,7.7,5.);
#16710 = AXIS2_PLACEMENT_3D('',#16711,#16712,#16713);
#16711 = CARTESIAN_POINT('',(69.8,-141.1551717124,207.13589926073));
#16712 = DIRECTION('',(0.,0.386710961637,-0.92220097167));
#16713 = DIRECTION('',(1.,-5.788537405455E-16,-2.427335185387E-16));
#16714 = ADVANCED_FACE('',(#16715),#16721,.T.);
#16715 = FACE_BOUND('',#16716,.F.);
#16716 = EDGE_LOOP('',(#16717,#16718,#16719,#16720));
#16717 = ORIENTED_EDGE('',*,*,#16702,.T.);
#16718 = ORIENTED_EDGE('',*,*,#15165,.T.);
#16719 = ORIENTED_EDGE('',*,*,#16682,.F.);
#16720 = ORIENTED_EDGE('',*,*,#14802,.F.);
#16721 = CYLINDRICAL_SURFACE('',#16722,5.);
#16722 = AXIS2_PLACEMENT_3D('',#16723,#16724,#16725);
#16723 = CARTESIAN_POINT('',(75.244722215136,-146.1762998297,
    205.03036549707));
#16724 = DIRECTION('',(-0.707106781187,-0.652094560685,-0.273445943333)
  );
#16725 = DIRECTION('',(1.33226762955E-15,-0.386710961637,0.92220097167)
  );
#16726 = ADVANCED_FACE('',(#16727,#16797,#16808,#16819,#16837,#16848),
  #16859,.T.);
#16727 = FACE_BOUND('',#16728,.T.);
#16728 = EDGE_LOOP('',(#16729,#16739,#16748,#16756,#16765,#16773,#16782,
    #16790));
#16729 = ORIENTED_EDGE('',*,*,#16730,.T.);
#16730 = EDGE_CURVE('',#16731,#16733,#16735,.T.);
#16731 = VERTEX_POINT('',#16732);
#16732 = CARTESIAN_POINT('',(-72.5,-82.5,25.));
#16733 = VERTEX_POINT('',#16734);
#16734 = CARTESIAN_POINT('',(72.5,-82.5,25.));
#16735 = LINE('',#16736,#16737);
#16736 = CARTESIAN_POINT('',(-72.5,-82.5,25.));
#16737 = VECTOR('',#16738,1.);
#16738 = DIRECTION('',(1.,0.,0.));
#16739 = ORIENTED_EDGE('',*,*,#16740,.T.);
#16740 = EDGE_CURVE('',#16733,#16741,#16743,.T.);
#16741 = VERTEX_POINT('',#16742);
#16742 = CARTESIAN_POINT('',(82.5,-72.5,25.));
#16743 = CIRCLE('',#16744,10.);
#16744 = AXIS2_PLACEMENT_3D('',#16745,#16746,#16747);
#16745 = CARTESIAN_POINT('',(72.5,-72.5,25.));
#16746 = DIRECTION('',(0.,0.,1.));
#16747 = DIRECTION('',(1.,0.,0.));
#16748 = ORIENTED_EDGE('',*,*,#16749,.T.);
#16749 = EDGE_CURVE('',#16741,#16750,#16752,.T.);
#16750 = VERTEX_POINT('',#16751);
#16751 = CARTESIAN_POINT('',(82.5,72.5,25.));
#16752 = LINE('',#16753,#16754);
#16753 = CARTESIAN_POINT('',(82.5,-72.5,25.));
#16754 = VECTOR('',#16755,1.);
#16755 = DIRECTION('',(0.,1.,0.));
#16756 = ORIENTED_EDGE('',*,*,#16757,.T.);
#16757 = EDGE_CURVE('',#16750,#16758,#16760,.T.);
#16758 = VERTEX_POINT('',#16759);
#16759 = CARTESIAN_POINT('',(72.5,82.5,25.));
#16760 = CIRCLE('',#16761,10.);
#16761 = AXIS2_PLACEMENT_3D('',#16762,#16763,#16764);
#16762 = CARTESIAN_POINT('',(72.5,72.5,25.));
#16763 = DIRECTION('',(0.,0.,1.));
#16764 = DIRECTION('',(1.,0.,0.));
#16765 = ORIENTED_EDGE('',*,*,#16766,.T.);
#16766 = EDGE_CURVE('',#16758,#16767,#16769,.T.);
#16767 = VERTEX_POINT('',#16768);
#16768 = CARTESIAN_POINT('',(-72.5,82.5,25.));
#16769 = LINE('',#16770,#16771);
#16770 = CARTESIAN_POINT('',(72.5,82.5,25.));
#16771 = VECTOR('',#16772,1.);
#16772 = DIRECTION('',(-1.,0.,0.));
#16773 = ORIENTED_EDGE('',*,*,#16774,.T.);
#16774 = EDGE_CURVE('',#16767,#16775,#16777,.T.);
#16775 = VERTEX_POINT('',#16776);
#16776 = CARTESIAN_POINT('',(-82.5,72.5,25.));
#16777 = CIRCLE('',#16778,10.);
#16778 = AXIS2_PLACEMENT_3D('',#16779,#16780,#16781);
#16779 = CARTESIAN_POINT('',(-72.5,72.5,25.));
#16780 = DIRECTION('',(0.,0.,1.));
#16781 = DIRECTION('',(1.,0.,0.));
#16782 = ORIENTED_EDGE('',*,*,#16783,.T.);
#16783 = EDGE_CURVE('',#16775,#16784,#16786,.T.);
#16784 = VERTEX_POINT('',#16785);
#16785 = CARTESIAN_POINT('',(-82.5,-72.5,25.));
#16786 = LINE('',#16787,#16788);
#16787 = CARTESIAN_POINT('',(-82.5,72.5,25.));
#16788 = VECTOR('',#16789,1.);
#16789 = DIRECTION('',(0.,-1.,0.));
#16790 = ORIENTED_EDGE('',*,*,#16791,.T.);
#16791 = EDGE_CURVE('',#16784,#16731,#16792,.T.);
#16792 = CIRCLE('',#16793,10.);
#16793 = AXIS2_PLACEMENT_3D('',#16794,#16795,#16796);
#16794 = CARTESIAN_POINT('',(-72.5,-72.5,25.));
#16795 = DIRECTION('',(0.,0.,1.));
#16796 = DIRECTION('',(1.,0.,0.));
#16797 = FACE_BOUND('',#16798,.T.);
#16798 = EDGE_LOOP('',(#16799));
#16799 = ORIENTED_EDGE('',*,*,#16800,.F.);
#16800 = EDGE_CURVE('',#16801,#16801,#16803,.T.);
#16801 = VERTEX_POINT('',#16802);
#16802 = CARTESIAN_POINT('',(-66.15,-72.5,25.));
#16803 = CIRCLE('',#16804,6.35);
#16804 = AXIS2_PLACEMENT_3D('',#16805,#16806,#16807);
#16805 = CARTESIAN_POINT('',(-72.5,-72.5,25.));
#16806 = DIRECTION('',(0.,0.,1.));
#16807 = DIRECTION('',(1.,0.,0.));
#16808 = FACE_BOUND('',#16809,.T.);
#16809 = EDGE_LOOP('',(#16810));
#16810 = ORIENTED_EDGE('',*,*,#16811,.F.);
#16811 = EDGE_CURVE('',#16812,#16812,#16814,.T.);
#16812 = VERTEX_POINT('',#16813);
#16813 = CARTESIAN_POINT('',(78.85,-72.5,25.));
#16814 = CIRCLE('',#16815,6.35);
#16815 = AXIS2_PLACEMENT_3D('',#16816,#16817,#16818);
#16816 = CARTESIAN_POINT('',(72.5,-72.5,25.));
#16817 = DIRECTION('',(0.,0.,1.));
#16818 = DIRECTION('',(1.,0.,0.));
#16819 = FACE_BOUND('',#16820,.T.);
#16820 = EDGE_LOOP('',(#16821,#16822,#16823,#16824,#16825,#16826,#16827,
    #16828,#16829,#16830,#16831,#16832,#16833,#16834,#16835,#16836));
#16821 = ORIENTED_EDGE('',*,*,#16421,.T.);
#16822 = ORIENTED_EDGE('',*,*,#16339,.T.);
#16823 = ORIENTED_EDGE('',*,*,#16245,.T.);
#16824 = ORIENTED_EDGE('',*,*,#16151,.T.);
#16825 = ORIENTED_EDGE('',*,*,#16057,.T.);
#16826 = ORIENTED_EDGE('',*,*,#15963,.T.);
#16827 = ORIENTED_EDGE('',*,*,#15869,.T.);
#16828 = ORIENTED_EDGE('',*,*,#15835,.T.);
#16829 = ORIENTED_EDGE('',*,*,#15749,.T.);
#16830 = ORIENTED_EDGE('',*,*,#15663,.T.);
#16831 = ORIENTED_EDGE('',*,*,#15578,.T.);
#16832 = ORIENTED_EDGE('',*,*,#15493,.T.);
#16833 = ORIENTED_EDGE('',*,*,#15408,.T.);
#16834 = ORIENTED_EDGE('',*,*,#15323,.T.);
#16835 = ORIENTED_EDGE('',*,*,#15238,.T.);
#16836 = ORIENTED_EDGE('',*,*,#15193,.T.);
#16837 = FACE_BOUND('',#16838,.T.);
#16838 = EDGE_LOOP('',(#16839));
#16839 = ORIENTED_EDGE('',*,*,#16840,.F.);
#16840 = EDGE_CURVE('',#16841,#16841,#16843,.T.);
#16841 = VERTEX_POINT('',#16842);
#16842 = CARTESIAN_POINT('',(-66.15,72.5,25.));
#16843 = CIRCLE('',#16844,6.35);
#16844 = AXIS2_PLACEMENT_3D('',#16845,#16846,#16847);
#16845 = CARTESIAN_POINT('',(-72.5,72.5,25.));
#16846 = DIRECTION('',(0.,0.,1.));
#16847 = DIRECTION('',(1.,0.,0.));
#16848 = FACE_BOUND('',#16849,.T.);
#16849 = EDGE_LOOP('',(#16850));
#16850 = ORIENTED_EDGE('',*,*,#16851,.F.);
#16851 = EDGE_CURVE('',#16852,#16852,#16854,.T.);
#16852 = VERTEX_POINT('',#16853);
#16853 = CARTESIAN_POINT('',(78.85,72.5,25.));
#16854 = CIRCLE('',#16855,6.35);
#16855 = AXIS2_PLACEMENT_3D('',#16856,#16857,#16858);
#16856 = CARTESIAN_POINT('',(72.5,72.5,25.));
#16857 = DIRECTION('',(0.,0.,1.));
#16858 = DIRECTION('',(1.,0.,0.));
#16859 = PLANE('',#16860);
#16860 = AXIS2_PLACEMENT_3D('',#16861,#16862,#16863);
#16861 = CARTESIAN_POINT('',(8.89E-15,6.46E-15,25.));
#16862 = DIRECTION('',(0.,0.,1.));
#16863 = DIRECTION('',(1.,0.,0.));
#16864 = ADVANCED_FACE('',(#16865),#16890,.F.);
#16865 = FACE_BOUND('',#16866,.F.);
#16866 = EDGE_LOOP('',(#16867,#16875,#16876,#16884));
#16867 = ORIENTED_EDGE('',*,*,#16868,.T.);
#16868 = EDGE_CURVE('',#16869,#16731,#16871,.T.);
#16869 = VERTEX_POINT('',#16870);
#16870 = CARTESIAN_POINT('',(-72.5,-82.5,0.));
#16871 = LINE('',#16872,#16873);
#16872 = CARTESIAN_POINT('',(-72.5,-82.5,0.));
#16873 = VECTOR('',#16874,1.);
#16874 = DIRECTION('',(0.,0.,1.));
#16875 = ORIENTED_EDGE('',*,*,#16730,.T.);
#16876 = ORIENTED_EDGE('',*,*,#16877,.F.);
#16877 = EDGE_CURVE('',#16878,#16733,#16880,.T.);
#16878 = VERTEX_POINT('',#16879);
#16879 = CARTESIAN_POINT('',(72.5,-82.5,0.));
#16880 = LINE('',#16881,#16882);
#16881 = CARTESIAN_POINT('',(72.5,-82.5,0.));
#16882 = VECTOR('',#16883,1.);
#16883 = DIRECTION('',(0.,0.,1.));
#16884 = ORIENTED_EDGE('',*,*,#16885,.F.);
#16885 = EDGE_CURVE('',#16869,#16878,#16886,.T.);
#16886 = LINE('',#16887,#16888);
#16887 = CARTESIAN_POINT('',(-72.5,-82.5,0.));
#16888 = VECTOR('',#16889,1.);
#16889 = DIRECTION('',(1.,0.,0.));
#16890 = PLANE('',#16891);
#16891 = AXIS2_PLACEMENT_3D('',#16892,#16893,#16894);
#16892 = CARTESIAN_POINT('',(-72.5,-82.5,0.));
#16893 = DIRECTION('',(0.,1.,0.));
#16894 = DIRECTION('',(1.,0.,0.));
#16895 = ADVANCED_FACE('',(#16896),#16915,.T.);
#16896 = FACE_BOUND('',#16897,.F.);
#16897 = EDGE_LOOP('',(#16898,#16906,#16907,#16908));
#16898 = ORIENTED_EDGE('',*,*,#16899,.T.);
#16899 = EDGE_CURVE('',#16900,#16784,#16902,.T.);
#16900 = VERTEX_POINT('',#16901);
#16901 = CARTESIAN_POINT('',(-82.5,-72.5,0.));
#16902 = LINE('',#16903,#16904);
#16903 = CARTESIAN_POINT('',(-82.5,-72.5,0.));
#16904 = VECTOR('',#16905,1.);
#16905 = DIRECTION('',(0.,0.,1.));
#16906 = ORIENTED_EDGE('',*,*,#16791,.T.);
#16907 = ORIENTED_EDGE('',*,*,#16868,.F.);
#16908 = ORIENTED_EDGE('',*,*,#16909,.F.);
#16909 = EDGE_CURVE('',#16900,#16869,#16910,.T.);
#16910 = CIRCLE('',#16911,10.);
#16911 = AXIS2_PLACEMENT_3D('',#16912,#16913,#16914);
#16912 = CARTESIAN_POINT('',(-72.5,-72.5,0.));
#16913 = DIRECTION('',(0.,0.,1.));
#16914 = DIRECTION('',(1.,0.,0.));
#16915 = CYLINDRICAL_SURFACE('',#16916,10.);
#16916 = AXIS2_PLACEMENT_3D('',#16917,#16918,#16919);
#16917 = CARTESIAN_POINT('',(-72.5,-72.5,0.));
#16918 = DIRECTION('',(-0.,-0.,-1.));
#16919 = DIRECTION('',(1.,0.,0.));
#16920 = ADVANCED_FACE('',(#16921),#16940,.T.);
#16921 = FACE_BOUND('',#16922,.F.);
#16922 = EDGE_LOOP('',(#16923,#16924,#16925,#16933));
#16923 = ORIENTED_EDGE('',*,*,#16877,.T.);
#16924 = ORIENTED_EDGE('',*,*,#16740,.T.);
#16925 = ORIENTED_EDGE('',*,*,#16926,.F.);
#16926 = EDGE_CURVE('',#16927,#16741,#16929,.T.);
#16927 = VERTEX_POINT('',#16928);
#16928 = CARTESIAN_POINT('',(82.5,-72.5,0.));
#16929 = LINE('',#16930,#16931);
#16930 = CARTESIAN_POINT('',(82.5,-72.5,0.));
#16931 = VECTOR('',#16932,1.);
#16932 = DIRECTION('',(0.,0.,1.));
#16933 = ORIENTED_EDGE('',*,*,#16934,.F.);
#16934 = EDGE_CURVE('',#16878,#16927,#16935,.T.);
#16935 = CIRCLE('',#16936,10.);
#16936 = AXIS2_PLACEMENT_3D('',#16937,#16938,#16939);
#16937 = CARTESIAN_POINT('',(72.5,-72.5,0.));
#16938 = DIRECTION('',(0.,0.,1.));
#16939 = DIRECTION('',(1.,0.,0.));
#16940 = CYLINDRICAL_SURFACE('',#16941,10.);
#16941 = AXIS2_PLACEMENT_3D('',#16942,#16943,#16944);
#16942 = CARTESIAN_POINT('',(72.5,-72.5,0.));
#16943 = DIRECTION('',(-0.,-0.,-1.));
#16944 = DIRECTION('',(1.,0.,0.));
#16945 = ADVANCED_FACE('',(#16946),#16964,.F.);
#16946 = FACE_BOUND('',#16947,.F.);
#16947 = EDGE_LOOP('',(#16948,#16956,#16957,#16958));
#16948 = ORIENTED_EDGE('',*,*,#16949,.T.);
#16949 = EDGE_CURVE('',#16950,#16775,#16952,.T.);
#16950 = VERTEX_POINT('',#16951);
#16951 = CARTESIAN_POINT('',(-82.5,72.5,0.));
#16952 = LINE('',#16953,#16954);
#16953 = CARTESIAN_POINT('',(-82.5,72.5,0.));
#16954 = VECTOR('',#16955,1.);
#16955 = DIRECTION('',(0.,0.,1.));
#16956 = ORIENTED_EDGE('',*,*,#16783,.T.);
#16957 = ORIENTED_EDGE('',*,*,#16899,.F.);
#16958 = ORIENTED_EDGE('',*,*,#16959,.F.);
#16959 = EDGE_CURVE('',#16950,#16900,#16960,.T.);
#16960 = LINE('',#16961,#16962);
#16961 = CARTESIAN_POINT('',(-82.5,72.5,0.));
#16962 = VECTOR('',#16963,1.);
#16963 = DIRECTION('',(0.,-1.,0.));
#16964 = PLANE('',#16965);
#16965 = AXIS2_PLACEMENT_3D('',#16966,#16967,#16968);
#16966 = CARTESIAN_POINT('',(-82.5,72.5,0.));
#16967 = DIRECTION('',(1.,0.,0.));
#16968 = DIRECTION('',(0.,-1.,0.));
#16969 = ADVANCED_FACE('',(#16970),#16988,.F.);
#16970 = FACE_BOUND('',#16971,.F.);
#16971 = EDGE_LOOP('',(#16972,#16973,#16974,#16982));
#16972 = ORIENTED_EDGE('',*,*,#16926,.T.);
#16973 = ORIENTED_EDGE('',*,*,#16749,.T.);
#16974 = ORIENTED_EDGE('',*,*,#16975,.F.);
#16975 = EDGE_CURVE('',#16976,#16750,#16978,.T.);
#16976 = VERTEX_POINT('',#16977);
#16977 = CARTESIAN_POINT('',(82.5,72.5,0.));
#16978 = LINE('',#16979,#16980);
#16979 = CARTESIAN_POINT('',(82.5,72.5,0.));
#16980 = VECTOR('',#16981,1.);
#16981 = DIRECTION('',(0.,0.,1.));
#16982 = ORIENTED_EDGE('',*,*,#16983,.F.);
#16983 = EDGE_CURVE('',#16927,#16976,#16984,.T.);
#16984 = LINE('',#16985,#16986);
#16985 = CARTESIAN_POINT('',(82.5,-72.5,0.));
#16986 = VECTOR('',#16987,1.);
#16987 = DIRECTION('',(0.,1.,0.));
#16988 = PLANE('',#16989);
#16989 = AXIS2_PLACEMENT_3D('',#16990,#16991,#16992);
#16990 = CARTESIAN_POINT('',(82.5,-72.5,0.));
#16991 = DIRECTION('',(-1.,0.,0.));
#16992 = DIRECTION('',(0.,1.,0.));
#16993 = ADVANCED_FACE('',(#16994),#17013,.T.);
#16994 = FACE_BOUND('',#16995,.F.);
#16995 = EDGE_LOOP('',(#16996,#17004,#17005,#17006));
#16996 = ORIENTED_EDGE('',*,*,#16997,.T.);
#16997 = EDGE_CURVE('',#16998,#16767,#17000,.T.);
#16998 = VERTEX_POINT('',#16999);
#16999 = CARTESIAN_POINT('',(-72.5,82.5,0.));
#17000 = LINE('',#17001,#17002);
#17001 = CARTESIAN_POINT('',(-72.5,82.5,0.));
#17002 = VECTOR('',#17003,1.);
#17003 = DIRECTION('',(0.,0.,1.));
#17004 = ORIENTED_EDGE('',*,*,#16774,.T.);
#17005 = ORIENTED_EDGE('',*,*,#16949,.F.);
#17006 = ORIENTED_EDGE('',*,*,#17007,.F.);
#17007 = EDGE_CURVE('',#16998,#16950,#17008,.T.);
#17008 = CIRCLE('',#17009,10.);
#17009 = AXIS2_PLACEMENT_3D('',#17010,#17011,#17012);
#17010 = CARTESIAN_POINT('',(-72.5,72.5,0.));
#17011 = DIRECTION('',(0.,0.,1.));
#17012 = DIRECTION('',(1.,0.,0.));
#17013 = CYLINDRICAL_SURFACE('',#17014,10.);
#17014 = AXIS2_PLACEMENT_3D('',#17015,#17016,#17017);
#17015 = CARTESIAN_POINT('',(-72.5,72.5,0.));
#17016 = DIRECTION('',(-0.,-0.,-1.));
#17017 = DIRECTION('',(1.,0.,0.));
#17018 = ADVANCED_FACE('',(#17019),#17038,.T.);
#17019 = FACE_BOUND('',#17020,.F.);
#17020 = EDGE_LOOP('',(#17021,#17022,#17023,#17031));
#17021 = ORIENTED_EDGE('',*,*,#16975,.T.);
#17022 = ORIENTED_EDGE('',*,*,#16757,.T.);
#17023 = ORIENTED_EDGE('',*,*,#17024,.F.);
#17024 = EDGE_CURVE('',#17025,#16758,#17027,.T.);
#17025 = VERTEX_POINT('',#17026);
#17026 = CARTESIAN_POINT('',(72.5,82.5,0.));
#17027 = LINE('',#17028,#17029);
#17028 = CARTESIAN_POINT('',(72.5,82.5,0.));
#17029 = VECTOR('',#17030,1.);
#17030 = DIRECTION('',(0.,0.,1.));
#17031 = ORIENTED_EDGE('',*,*,#17032,.F.);
#17032 = EDGE_CURVE('',#16976,#17025,#17033,.T.);
#17033 = CIRCLE('',#17034,10.);
#17034 = AXIS2_PLACEMENT_3D('',#17035,#17036,#17037);
#17035 = CARTESIAN_POINT('',(72.5,72.5,0.));
#17036 = DIRECTION('',(0.,0.,1.));
#17037 = DIRECTION('',(1.,0.,0.));
#17038 = CYLINDRICAL_SURFACE('',#17039,10.);
#17039 = AXIS2_PLACEMENT_3D('',#17040,#17041,#17042);
#17040 = CARTESIAN_POINT('',(72.5,72.5,0.));
#17041 = DIRECTION('',(-0.,-0.,-1.));
#17042 = DIRECTION('',(1.,0.,0.));
#17043 = ADVANCED_FACE('',(#17044),#17055,.F.);
#17044 = FACE_BOUND('',#17045,.F.);
#17045 = EDGE_LOOP('',(#17046,#17047,#17048,#17049));
#17046 = ORIENTED_EDGE('',*,*,#17024,.T.);
#17047 = ORIENTED_EDGE('',*,*,#16766,.T.);
#17048 = ORIENTED_EDGE('',*,*,#16997,.F.);
#17049 = ORIENTED_EDGE('',*,*,#17050,.F.);
#17050 = EDGE_CURVE('',#17025,#16998,#17051,.T.);
#17051 = LINE('',#17052,#17053);
#17052 = CARTESIAN_POINT('',(72.5,82.5,0.));
#17053 = VECTOR('',#17054,1.);
#17054 = DIRECTION('',(-1.,0.,0.));
#17055 = PLANE('',#17056);
#17056 = AXIS2_PLACEMENT_3D('',#17057,#17058,#17059);
#17057 = CARTESIAN_POINT('',(72.5,82.5,0.));
#17058 = DIRECTION('',(0.,-1.,0.));
#17059 = DIRECTION('',(-1.,0.,0.));
#17060 = ADVANCED_FACE('',(#17061),#17080,.F.);
#17061 = FACE_BOUND('',#17062,.T.);
#17062 = EDGE_LOOP('',(#17063,#17071,#17072,#17073));
#17063 = ORIENTED_EDGE('',*,*,#17064,.T.);
#17064 = EDGE_CURVE('',#17065,#16801,#17067,.T.);
#17065 = VERTEX_POINT('',#17066);
#17066 = CARTESIAN_POINT('',(-66.15,-72.5,0.));
#17067 = LINE('',#17068,#17069);
#17068 = CARTESIAN_POINT('',(-66.15,-72.5,0.));
#17069 = VECTOR('',#17070,1.);
#17070 = DIRECTION('',(0.,0.,1.));
#17071 = ORIENTED_EDGE('',*,*,#16800,.T.);
#17072 = ORIENTED_EDGE('',*,*,#17064,.F.);
#17073 = ORIENTED_EDGE('',*,*,#17074,.F.);
#17074 = EDGE_CURVE('',#17065,#17065,#17075,.T.);
#17075 = CIRCLE('',#17076,6.35);
#17076 = AXIS2_PLACEMENT_3D('',#17077,#17078,#17079);
#17077 = CARTESIAN_POINT('',(-72.5,-72.5,0.));
#17078 = DIRECTION('',(0.,0.,1.));
#17079 = DIRECTION('',(1.,0.,0.));
#17080 = CYLINDRICAL_SURFACE('',#17081,6.35);
#17081 = AXIS2_PLACEMENT_3D('',#17082,#17083,#17084);
#17082 = CARTESIAN_POINT('',(-72.5,-72.5,0.));
#17083 = DIRECTION('',(-0.,-0.,-1.));
#17084 = DIRECTION('',(1.,0.,0.));
#17085 = ADVANCED_FACE('',(#17086),#17105,.F.);
#17086 = FACE_BOUND('',#17087,.T.);
#17087 = EDGE_LOOP('',(#17088,#17096,#17097,#17098));
#17088 = ORIENTED_EDGE('',*,*,#17089,.T.);
#17089 = EDGE_CURVE('',#17090,#16812,#17092,.T.);
#17090 = VERTEX_POINT('',#17091);
#17091 = CARTESIAN_POINT('',(78.85,-72.5,0.));
#17092 = LINE('',#17093,#17094);
#17093 = CARTESIAN_POINT('',(78.85,-72.5,0.));
#17094 = VECTOR('',#17095,1.);
#17095 = DIRECTION('',(0.,0.,1.));
#17096 = ORIENTED_EDGE('',*,*,#16811,.T.);
#17097 = ORIENTED_EDGE('',*,*,#17089,.F.);
#17098 = ORIENTED_EDGE('',*,*,#17099,.F.);
#17099 = EDGE_CURVE('',#17090,#17090,#17100,.T.);
#17100 = CIRCLE('',#17101,6.35);
#17101 = AXIS2_PLACEMENT_3D('',#17102,#17103,#17104);
#17102 = CARTESIAN_POINT('',(72.5,-72.5,0.));
#17103 = DIRECTION('',(0.,0.,1.));
#17104 = DIRECTION('',(1.,0.,0.));
#17105 = CYLINDRICAL_SURFACE('',#17106,6.35);
#17106 = AXIS2_PLACEMENT_3D('',#17107,#17108,#17109);
#17107 = CARTESIAN_POINT('',(72.5,-72.5,0.));
#17108 = DIRECTION('',(-0.,-0.,-1.));
#17109 = DIRECTION('',(1.,0.,0.));
#17110 = ADVANCED_FACE('',(#17111),#17130,.F.);
#17111 = FACE_BOUND('',#17112,.T.);
#17112 = EDGE_LOOP('',(#17113,#17121,#17122,#17123));
#17113 = ORIENTED_EDGE('',*,*,#17114,.T.);
#17114 = EDGE_CURVE('',#17115,#16841,#17117,.T.);
#17115 = VERTEX_POINT('',#17116);
#17116 = CARTESIAN_POINT('',(-66.15,72.5,0.));
#17117 = LINE('',#17118,#17119);
#17118 = CARTESIAN_POINT('',(-66.15,72.5,0.));
#17119 = VECTOR('',#17120,1.);
#17120 = DIRECTION('',(0.,0.,1.));
#17121 = ORIENTED_EDGE('',*,*,#16840,.T.);
#17122 = ORIENTED_EDGE('',*,*,#17114,.F.);
#17123 = ORIENTED_EDGE('',*,*,#17124,.F.);
#17124 = EDGE_CURVE('',#17115,#17115,#17125,.T.);
#17125 = CIRCLE('',#17126,6.35);
#17126 = AXIS2_PLACEMENT_3D('',#17127,#17128,#17129);
#17127 = CARTESIAN_POINT('',(-72.5,72.5,0.));
#17128 = DIRECTION('',(0.,0.,1.));
#17129 = DIRECTION('',(1.,0.,0.));
#17130 = CYLINDRICAL_SURFACE('',#17131,6.35);
#17131 = AXIS2_PLACEMENT_3D('',#17132,#17133,#17134);
#17132 = CARTESIAN_POINT('',(-72.5,72.5,0.));
#17133 = DIRECTION('',(-0.,-0.,-1.));
#17134 = DIRECTION('',(1.,0.,0.));
#17135 = ADVANCED_FACE('',(#17136),#17155,.F.);
#17136 = FACE_BOUND('',#17137,.T.);
#17137 = EDGE_LOOP('',(#17138,#17146,#17147,#17148));
#17138 = ORIENTED_EDGE('',*,*,#17139,.T.);
#17139 = EDGE_CURVE('',#17140,#16852,#17142,.T.);
#17140 = VERTEX_POINT('',#17141);
#17141 = CARTESIAN_POINT('',(78.85,72.5,0.));
#17142 = LINE('',#17143,#17144);
#17143 = CARTESIAN_POINT('',(78.85,72.5,0.));
#17144 = VECTOR('',#17145,1.);
#17145 = DIRECTION('',(0.,0.,1.));
#17146 = ORIENTED_EDGE('',*,*,#16851,.T.);
#17147 = ORIENTED_EDGE('',*,*,#17139,.F.);
#17148 = ORIENTED_EDGE('',*,*,#17149,.F.);
#17149 = EDGE_CURVE('',#17140,#17140,#17150,.T.);
#17150 = CIRCLE('',#17151,6.35);
#17151 = AXIS2_PLACEMENT_3D('',#17152,#17153,#17154);
#17152 = CARTESIAN_POINT('',(72.5,72.5,0.));
#17153 = DIRECTION('',(0.,0.,1.));
#17154 = DIRECTION('',(1.,0.,0.));
#17155 = CYLINDRICAL_SURFACE('',#17156,6.35);
#17156 = AXIS2_PLACEMENT_3D('',#17157,#17158,#17159);
#17157 = CARTESIAN_POINT('',(72.5,72.5,0.));
#17158 = DIRECTION('',(-0.,-0.,-1.));
#17159 = DIRECTION('',(1.,0.,0.));
#17160 = ADVANCED_FACE('',(#17161,#17171,#17174,#17177,#17180),#17183,
  .F.);
#17161 = FACE_BOUND('',#17162,.F.);
#17162 = EDGE_LOOP('',(#17163,#17164,#17165,#17166,#17167,#17168,#17169,
    #17170));
#17163 = ORIENTED_EDGE('',*,*,#16885,.T.);
#17164 = ORIENTED_EDGE('',*,*,#16934,.T.);
#17165 = ORIENTED_EDGE('',*,*,#16983,.T.);
#17166 = ORIENTED_EDGE('',*,*,#17032,.T.);
#17167 = ORIENTED_EDGE('',*,*,#17050,.T.);
#17168 = ORIENTED_EDGE('',*,*,#17007,.T.);
#17169 = ORIENTED_EDGE('',*,*,#16959,.T.);
#17170 = ORIENTED_EDGE('',*,*,#16909,.T.);
#17171 = FACE_BOUND('',#17172,.T.);
#17172 = EDGE_LOOP('',(#17173));
#17173 = ORIENTED_EDGE('',*,*,#17124,.T.);
#17174 = FACE_BOUND('',#17175,.T.);
#17175 = EDGE_LOOP('',(#17176));
#17176 = ORIENTED_EDGE('',*,*,#17149,.T.);
#17177 = FACE_BOUND('',#17178,.T.);
#17178 = EDGE_LOOP('',(#17179));
#17179 = ORIENTED_EDGE('',*,*,#17074,.T.);
#17180 = FACE_BOUND('',#17181,.T.);
#17181 = EDGE_LOOP('',(#17182));
#17182 = ORIENTED_EDGE('',*,*,#17099,.T.);
#17183 = PLANE('',#17184);
#17184 = AXIS2_PLACEMENT_3D('',#17185,#17186,#17187);
#17185 = CARTESIAN_POINT('',(8.89E-15,6.46E-15,0.));
#17186 = DIRECTION('',(0.,0.,1.));
#17187 = DIRECTION('',(1.,0.,0.));
#17188 = ( GEOMETRIC_REPRESENTATION_CONTEXT(3) 
GLOBAL_UNCERTAINTY_ASSIGNED_CONTEXT((#17192)) 
GLOBAL_UNIT_ASSIGNED_CONTEXT((#17189,#17190,#17191)) 
REPRESENTATION_CONTEXT('Context #1',
  '3D Context with UNIT and UNCERTAINTY') );
#17189 = ( LENGTH_UNIT() NAMED_UNIT(*) SI_UNIT(.MILLI.,.METRE.) );
#17190 = ( NAMED_UNIT(*) PLANE_ANGLE_UNIT() SI_UNIT($,.RADIAN.) );
#17191 = ( NAMED_UNIT(*) SI_UNIT($,.STERADIAN.) SOLID_ANGLE_UNIT() );
#17192 = UNCERTAINTY_MEASURE_WITH_UNIT(LENGTH_MEASURE(1.E-07),#17189,
  'distance_accuracy_value','confusion accuracy');
#17193 = CONTEXT_DEPENDENT_SHAPE_REPRESENTATION(#17194,#17196);
#17194 = ( REPRESENTATION_RELATIONSHIP('','',#14224,#7304) 
REPRESENTATION_RELATIONSHIP_WITH_TRANSFORMATION(#17195) 
SHAPE_REPRESENTATION_RELATIONSHIP() );
#17195 = ITEM_DEFINED_TRANSFORMATION('','',#11,#7309);
#17196 = PRODUCT_DEFINITION_SHAPE('Placement','Placement of an item',
  #17197);
#17197 = NEXT_ASSEMBLY_USAGE_OCCURRENCE('43','Body035','',#7299,#14219,$
  );
#17198 = CC_DESIGN_SECURITY_CLASSIFICATION(#17199,(#17197));
#17199 = SECURITY_CLASSIFICATION('','',#59);
#17200 = CC_DESIGN_PERSON_AND_ORGANIZATION_ASSIGNMENT(#48,#57,(#17199));
#17201 = CC_DESIGN_DATE_AND_TIME_ASSIGNMENT(#62,#68,(#17199));
#17202 = CC_DESIGN_APPROVAL(#70,(#17199));
#17203 = PRODUCT_RELATED_PRODUCT_CATEGORY('detail',$,(#14221));
#17204 = PRODUCT_CATEGORY_RELATIONSHIP('','',#17205,#17203);
#17205 = PRODUCT_CATEGORY('part',$);
#17206 = CC_DESIGN_PERSON_AND_ORGANIZATION_ASSIGNMENT(#48,#51,(#14220,
    #14219));
#17207 = CC_DESIGN_PERSON_AND_ORGANIZATION_ASSIGNMENT(#48,#53,(#14221));
#17208 = CC_DESIGN_PERSON_AND_ORGANIZATION_ASSIGNMENT(#48,#55,(#14220));
#17209 = CC_DESIGN_PERSON_AND_ORGANIZATION_ASSIGNMENT(#48,#57,(#17210));
#17210 = SECURITY_CLASSIFICATION('','',#59);
#17211 = CC_DESIGN_SECURITY_CLASSIFICATION(#17210,(#14220));
#17212 = CC_DESIGN_DATE_AND_TIME_ASSIGNMENT(#62,#66,(#14219));
#17213 = CC_DESIGN_DATE_AND_TIME_ASSIGNMENT(#62,#68,(#17210));
#17214 = CC_DESIGN_APPROVAL(#70,(#14220,#14219,#17210));
#17215 = CONTEXT_DEPENDENT_SHAPE_REPRESENTATION(#17216,#17218);
#17216 = ( REPRESENTATION_RELATIONSHIP('','',#14224,#7304) 
REPRESENTATION_RELATIONSHIP_WITH_TRANSFORMATION(#17217) 
SHAPE_REPRESENTATION_RELATIONSHIP() );
#17217 = ITEM_DEFINED_TRANSFORMATION('','',#11,#7313);
#17218 = PRODUCT_DEFINITION_SHAPE('Placement','Placement of an item',
  #17219);
#17219 = NEXT_ASSEMBLY_USAGE_OCCURRENCE('44','Body036','',#7299,#14219,$
  );
#17220 = CONTEXT_DEPENDENT_SHAPE_REPRESENTATION(#17221,#17223);
#17221 = ( REPRESENTATION_RELATIONSHIP('','',#14224,#7304) 
REPRESENTATION_RELATIONSHIP_WITH_TRANSFORMATION(#17222) 
SHAPE_REPRESENTATION_RELATIONSHIP() );
#17222 = ITEM_DEFINED_TRANSFORMATION('','',#11,#7317);
#17223 = PRODUCT_DEFINITION_SHAPE('Placement','Placement of an item',
  #17224);
#17224 = NEXT_ASSEMBLY_USAGE_OCCURRENCE('45','Body037','',#7299,#14219,$
  );
#17225 = SHAPE_DEFINITION_REPRESENTATION(#17226,#17232);
#17226 = PRODUCT_DEFINITION_SHAPE('','',#17227);
#17227 = PRODUCT_DEFINITION('design','',#17228,#17231);
#17228 = PRODUCT_DEFINITION_FORMATION_WITH_SPECIFIED_SOURCE('','',#17229
  ,.NOT_KNOWN.);
#17229 = PRODUCT('Body','Body','',(#17230));
#17230 = MECHANICAL_CONTEXT('',#2,'mechanical');
#17231 = DESIGN_CONTEXT('',#2,'design');
#17232 = ADVANCED_BREP_SHAPE_REPRESENTATION('',(#11,#17233),#17799);
#17233 = MANIFOLD_SOLID_BREP('',#17234);
#17234 = CLOSED_SHELL('',(#17235,#17278,#17303,#17323,#17343,#17369,
    #17393,#17418,#17438,#17464,#17484,#17518,#17544,#17570,#17604,
    #17630,#17650,#17693,#17713,#17739,#17764,#17782));
#17235 = ADVANCED_FACE('',(#17236),#17273,.F.);
#17236 = FACE_BOUND('',#17237,.F.);
#17237 = EDGE_LOOP('',(#17238,#17249,#17256,#17265,#17272));
#17238 = ORIENTED_EDGE('',*,*,#17239,.T.);
#17239 = EDGE_CURVE('',#17240,#17242,#17244,.T.);
#17240 = VERTEX_POINT('',#17241);
#17241 = CARTESIAN_POINT('',(0.,-25.,42.7));
#17242 = VERTEX_POINT('',#17243);
#17243 = CARTESIAN_POINT('',(42.7,-25.,-1.2E-14));
#17244 = CIRCLE('',#17245,42.7);
#17245 = AXIS2_PLACEMENT_3D('',#17246,#17247,#17248);
#17246 = CARTESIAN_POINT('',(-2.78E-15,-25.,2.78E-15));
#17247 = DIRECTION('',(-1.1E-16,-1.,1.1E-16));
#17248 = DIRECTION('',(7.E-17,1.1E-16,1.));
#17249 = ORIENTED_EDGE('',*,*,#17250,.T.);
#17250 = EDGE_CURVE('',#17242,#17240,#17251,.T.);
#17251 = CIRCLE('',#17252,42.7);
#17252 = AXIS2_PLACEMENT_3D('',#17253,#17254,#17255);
#17253 = CARTESIAN_POINT('',(-2.78E-15,-25.,2.78E-15));
#17254 = DIRECTION('',(-1.1E-16,-1.,1.1E-16));
#17255 = DIRECTION('',(7.E-17,1.1E-16,1.));
#17256 = ORIENTED_EDGE('',*,*,#17257,.T.);
#17257 = EDGE_CURVE('',#17240,#17258,#17260,.T.);
#17258 = VERTEX_POINT('',#17259);
#17259 = CARTESIAN_POINT('',(0.,-21.19995760012,46.500042399873));
#17260 = CIRCLE('',#17261,3.800042399873);
#17261 = AXIS2_PLACEMENT_3D('',#17262,#17263,#17264);
#17262 = CARTESIAN_POINT('',(0.,-25.,46.500042399873));
#17263 = DIRECTION('',(1.,0.,0.));
#17264 = DIRECTION('',(0.,1.,0.));
#17265 = ORIENTED_EDGE('',*,*,#17266,.F.);
#17266 = EDGE_CURVE('',#17258,#17258,#17267,.T.);
#17267 = CIRCLE('',#17268,46.500042399873);
#17268 = AXIS2_PLACEMENT_3D('',#17269,#17270,#17271);
#17269 = CARTESIAN_POINT('',(-2.35E-15,-21.19995760012,2.35E-15));
#17270 = DIRECTION('',(-1.1E-16,-1.,1.1E-16));
#17271 = DIRECTION('',(5.E-17,1.1E-16,1.));
#17272 = ORIENTED_EDGE('',*,*,#17257,.F.);
#17273 = TOROIDAL_SURFACE('',#17274,46.500042399873,3.800042399873);
#17274 = AXIS2_PLACEMENT_3D('',#17275,#17276,#17277);
#17275 = CARTESIAN_POINT('',(-2.78E-15,-25.,2.78E-15));
#17276 = DIRECTION('',(-1.1E-16,-1.,1.1E-16));
#17277 = DIRECTION('',(6.E-17,1.1E-16,1.));
#17278 = ADVANCED_FACE('',(#17279),#17298,.T.);
#17279 = FACE_BOUND('',#17280,.F.);
#17280 = EDGE_LOOP('',(#17281,#17290,#17295,#17296,#17297));
#17281 = ORIENTED_EDGE('',*,*,#17282,.T.);
#17282 = EDGE_CURVE('',#17283,#17283,#17285,.T.);
#17283 = VERTEX_POINT('',#17284);
#17284 = CARTESIAN_POINT('',(42.7,-37.5,1.E-15));
#17285 = CIRCLE('',#17286,42.7);
#17286 = AXIS2_PLACEMENT_3D('',#17287,#17288,#17289);
#17287 = CARTESIAN_POINT('',(0.,-37.5,1.E-15));
#17288 = DIRECTION('',(0.,-1.,0.));
#17289 = DIRECTION('',(1.,0.,0.));
#17290 = ORIENTED_EDGE('',*,*,#17291,.T.);
#17291 = EDGE_CURVE('',#17283,#17242,#17292,.T.);
#17292 = B_SPLINE_CURVE_WITH_KNOTS('',1,(#17293,#17294),.UNSPECIFIED.,
  .F.,.F.,(2,2),(-6.25,6.25),.PIECEWISE_BEZIER_KNOTS.);
#17293 = CARTESIAN_POINT('',(42.7,-37.5,1.38E-15));
#17294 = CARTESIAN_POINT('',(42.7,-25.,-1.38E-15));
#17295 = ORIENTED_EDGE('',*,*,#17239,.F.);
#17296 = ORIENTED_EDGE('',*,*,#17250,.F.);
#17297 = ORIENTED_EDGE('',*,*,#17291,.F.);
#17298 = CYLINDRICAL_SURFACE('',#17299,42.7);
#17299 = AXIS2_PLACEMENT_3D('',#17300,#17301,#17302);
#17300 = CARTESIAN_POINT('',(0.,-31.25,0.));
#17301 = DIRECTION('',(0.,1.,-2.2E-16));
#17302 = DIRECTION('',(1.,0.,0.));
#17303 = ADVANCED_FACE('',(#17304,#17307),#17318,.T.);
#17304 = FACE_BOUND('',#17305,.F.);
#17305 = EDGE_LOOP('',(#17306));
#17306 = ORIENTED_EDGE('',*,*,#17266,.T.);
#17307 = FACE_BOUND('',#17308,.F.);
#17308 = EDGE_LOOP('',(#17309));
#17309 = ORIENTED_EDGE('',*,*,#17310,.F.);
#17310 = EDGE_CURVE('',#17311,#17311,#17313,.T.);
#17311 = VERTEX_POINT('',#17312);
#17312 = CARTESIAN_POINT('',(0.,-21.19995760012,120.78709373567));
#17313 = CIRCLE('',#17314,120.78709373567);
#17314 = AXIS2_PLACEMENT_3D('',#17315,#17316,#17317);
#17315 = CARTESIAN_POINT('',(-2.35E-15,-21.19995760012,2.35E-15));
#17316 = DIRECTION('',(-1.1E-16,-1.,1.1E-16));
#17317 = DIRECTION('',(2.E-17,1.1E-16,1.));
#17318 = PLANE('',#17319);
#17319 = AXIS2_PLACEMENT_3D('',#17320,#17321,#17322);
#17320 = CARTESIAN_POINT('',(-2.35E-15,-21.19995760012,2.35E-15));
#17321 = DIRECTION('',(-1.1E-16,-1.,1.1E-16));
#17322 = DIRECTION('',(5.E-17,1.1E-16,1.));
#17323 = ADVANCED_FACE('',(#17324,#17327),#17338,.F.);
#17324 = FACE_BOUND('',#17325,.T.);
#17325 = EDGE_LOOP('',(#17326));
#17326 = ORIENTED_EDGE('',*,*,#17282,.T.);
#17327 = FACE_BOUND('',#17328,.F.);
#17328 = EDGE_LOOP('',(#17329));
#17329 = ORIENTED_EDGE('',*,*,#17330,.T.);
#17330 = EDGE_CURVE('',#17331,#17331,#17333,.T.);
#17331 = VERTEX_POINT('',#17332);
#17332 = CARTESIAN_POINT('',(30.,-37.5,1.E-15));
#17333 = CIRCLE('',#17334,30.);
#17334 = AXIS2_PLACEMENT_3D('',#17335,#17336,#17337);
#17335 = CARTESIAN_POINT('',(0.,-37.5,1.39E-15));
#17336 = DIRECTION('',(0.,-1.,2.2E-16));
#17337 = DIRECTION('',(1.,0.,0.));
#17338 = PLANE('',#17339);
#17339 = AXIS2_PLACEMENT_3D('',#17340,#17341,#17342);
#17340 = CARTESIAN_POINT('',(-1.81E-15,-37.5,2.38E-15));
#17341 = DIRECTION('',(0.,1.,0.));
#17342 = DIRECTION('',(0.,0.,1.));
#17343 = ADVANCED_FACE('',(#17344),#17364,.F.);
#17344 = FACE_BOUND('',#17345,.F.);
#17345 = EDGE_LOOP('',(#17346,#17347,#17356,#17363));
#17346 = ORIENTED_EDGE('',*,*,#17310,.T.);
#17347 = ORIENTED_EDGE('',*,*,#17348,.T.);
#17348 = EDGE_CURVE('',#17311,#17349,#17351,.T.);
#17349 = VERTEX_POINT('',#17350);
#17350 = CARTESIAN_POINT('',(0.,-22.31296425025,123.47412948542));
#17351 = CIRCLE('',#17352,3.800042399873);
#17352 = AXIS2_PLACEMENT_3D('',#17353,#17354,#17355);
#17353 = CARTESIAN_POINT('',(0.,-25.,120.78709373567));
#17354 = DIRECTION('',(1.,0.,0.));
#17355 = DIRECTION('',(0.,1.,0.));
#17356 = ORIENTED_EDGE('',*,*,#17357,.F.);
#17357 = EDGE_CURVE('',#17349,#17349,#17358,.T.);
#17358 = CIRCLE('',#17359,123.47412948542);
#17359 = AXIS2_PLACEMENT_3D('',#17360,#17361,#17362);
#17360 = CARTESIAN_POINT('',(-2.48E-15,-22.31296425025,2.48E-15));
#17361 = DIRECTION('',(-1.1E-16,-1.,1.1E-16));
#17362 = DIRECTION('',(2.E-17,1.1E-16,1.));
#17363 = ORIENTED_EDGE('',*,*,#17348,.F.);
#17364 = TOROIDAL_SURFACE('',#17365,120.78709373567,3.800042399873);
#17365 = AXIS2_PLACEMENT_3D('',#17366,#17367,#17368);
#17366 = CARTESIAN_POINT('',(-2.78E-15,-25.,2.78E-15));
#17367 = DIRECTION('',(-1.1E-16,-1.,1.1E-16));
#17368 = DIRECTION('',(2.E-17,1.1E-16,1.));
#17369 = ADVANCED_FACE('',(#17370),#17388,.F.);
#17370 = FACE_BOUND('',#17371,.F.);
#17371 = EDGE_LOOP('',(#17372,#17373,#17380,#17387));
#17372 = ORIENTED_EDGE('',*,*,#17330,.F.);
#17373 = ORIENTED_EDGE('',*,*,#17374,.F.);
#17374 = EDGE_CURVE('',#17375,#17331,#17377,.T.);
#17375 = VERTEX_POINT('',#17376);
#17376 = CARTESIAN_POINT('',(30.,37.5,1.E-15));
#17377 = B_SPLINE_CURVE_WITH_KNOTS('',1,(#17378,#17379),.UNSPECIFIED.,
  .F.,.F.,(2,2),(-68.75,6.25),.PIECEWISE_BEZIER_KNOTS.);
#17378 = CARTESIAN_POINT('',(30.,37.5,9.8E-16));
#17379 = CARTESIAN_POINT('',(30.,-37.5,-1.567E-14));
#17380 = ORIENTED_EDGE('',*,*,#17381,.T.);
#17381 = EDGE_CURVE('',#17375,#17375,#17382,.T.);
#17382 = CIRCLE('',#17383,30.);
#17383 = AXIS2_PLACEMENT_3D('',#17384,#17385,#17386);
#17384 = CARTESIAN_POINT('',(0.,37.5,1.39E-15));
#17385 = DIRECTION('',(0.,-1.,-2.2E-16));
#17386 = DIRECTION('',(1.,0.,0.));
#17387 = ORIENTED_EDGE('',*,*,#17374,.T.);
#17388 = CYLINDRICAL_SURFACE('',#17389,30.);
#17389 = AXIS2_PLACEMENT_3D('',#17390,#17391,#17392);
#17390 = CARTESIAN_POINT('',(0.,-31.25,-6.94E-15));
#17391 = DIRECTION('',(-0.,-1.,-2.2E-16));
#17392 = DIRECTION('',(1.,0.,0.));
#17393 = ADVANCED_FACE('',(#17394),#17413,.F.);
#17394 = FACE_BOUND('',#17395,.F.);
#17395 = EDGE_LOOP('',(#17396,#17397,#17405,#17412));
#17396 = ORIENTED_EDGE('',*,*,#17357,.T.);
#17397 = ORIENTED_EDGE('',*,*,#17398,.T.);
#17398 = EDGE_CURVE('',#17349,#17399,#17401,.T.);
#17399 = VERTEX_POINT('',#17400);
#17400 = CARTESIAN_POINT('',(0.,-29.41941738241,130.58058261758));
#17401 = LINE('',#17402,#17403);
#17402 = CARTESIAN_POINT('',(0.,-22.31296425025,123.47412948542));
#17403 = VECTOR('',#17404,1.);
#17404 = DIRECTION('',(0.,-0.707106781187,0.707106781187));
#17405 = ORIENTED_EDGE('',*,*,#17406,.F.);
#17406 = EDGE_CURVE('',#17399,#17399,#17407,.T.);
#17407 = CIRCLE('',#17408,130.58058261758);
#17408 = AXIS2_PLACEMENT_3D('',#17409,#17410,#17411);
#17409 = CARTESIAN_POINT('',(-3.27E-15,-29.41941738241,3.27E-15));
#17410 = DIRECTION('',(-1.1E-16,-1.,1.1E-16));
#17411 = DIRECTION('',(3.E-17,1.1E-16,1.));
#17412 = ORIENTED_EDGE('',*,*,#17398,.F.);
#17413 = CONICAL_SURFACE('',#17414,123.47412948542,0.785398163397);
#17414 = AXIS2_PLACEMENT_3D('',#17415,#17416,#17417);
#17415 = CARTESIAN_POINT('',(-2.48E-15,-22.31296425025,2.48E-15));
#17416 = DIRECTION('',(-1.1E-16,-1.,1.1E-16));
#17417 = DIRECTION('',(2.E-17,1.1E-16,1.));
#17418 = ADVANCED_FACE('',(#17419,#17430),#17433,.F.);
#17419 = FACE_BOUND('',#17420,.F.);
#17420 = EDGE_LOOP('',(#17421));
#17421 = ORIENTED_EDGE('',*,*,#17422,.T.);
#17422 = EDGE_CURVE('',#17423,#17423,#17425,.T.);
#17423 = VERTEX_POINT('',#17424);
#17424 = CARTESIAN_POINT('',(42.7,37.5,1.E-15));
#17425 = CIRCLE('',#17426,42.7);
#17426 = AXIS2_PLACEMENT_3D('',#17427,#17428,#17429);
#17427 = CARTESIAN_POINT('',(0.,37.5,1.765E-14));
#17428 = DIRECTION('',(0.,-1.,-4.4E-16));
#17429 = DIRECTION('',(1.,0.,0.));
#17430 = FACE_BOUND('',#17431,.T.);
#17431 = EDGE_LOOP('',(#17432));
#17432 = ORIENTED_EDGE('',*,*,#17381,.T.);
#17433 = PLANE('',#17434);
#17434 = AXIS2_PLACEMENT_3D('',#17435,#17436,#17437);
#17435 = CARTESIAN_POINT('',(-1.81E-15,37.5,2.38E-15));
#17436 = DIRECTION('',(-0.,-1.,-0.));
#17437 = DIRECTION('',(-0.,-0.,-1.));
#17438 = ADVANCED_FACE('',(#17439),#17459,.T.);
#17439 = FACE_BOUND('',#17440,.T.);
#17440 = EDGE_LOOP('',(#17441,#17450,#17457,#17458));
#17441 = ORIENTED_EDGE('',*,*,#17442,.F.);
#17442 = EDGE_CURVE('',#17443,#17399,#17445,.T.);
#17443 = VERTEX_POINT('',#17444);
#17444 = CARTESIAN_POINT('',(0.,-31.25,135.));
#17445 = CIRCLE('',#17446,6.25);
#17446 = AXIS2_PLACEMENT_3D('',#17447,#17448,#17449);
#17447 = CARTESIAN_POINT('',(0.,-25.,135.));
#17448 = DIRECTION('',(1.,0.,0.));
#17449 = DIRECTION('',(0.,1.,0.));
#17450 = ORIENTED_EDGE('',*,*,#17451,.T.);
#17451 = EDGE_CURVE('',#17443,#17443,#17452,.T.);
#17452 = CIRCLE('',#17453,135.);
#17453 = AXIS2_PLACEMENT_3D('',#17454,#17455,#17456);
#17454 = CARTESIAN_POINT('',(-3.47E-15,-31.25,3.47E-15));
#17455 = DIRECTION('',(-1.1E-16,-1.,1.1E-16));
#17456 = DIRECTION('',(3.E-17,1.1E-16,1.));
#17457 = ORIENTED_EDGE('',*,*,#17442,.T.);
#17458 = ORIENTED_EDGE('',*,*,#17406,.F.);
#17459 = TOROIDAL_SURFACE('',#17460,135.,6.25);
#17460 = AXIS2_PLACEMENT_3D('',#17461,#17462,#17463);
#17461 = CARTESIAN_POINT('',(-2.78E-15,-25.,2.78E-15));
#17462 = DIRECTION('',(-1.1E-16,-1.,1.1E-16));
#17463 = DIRECTION('',(2.E-17,1.1E-16,1.));
#17464 = ADVANCED_FACE('',(#17465,#17476),#17479,.F.);
#17465 = FACE_BOUND('',#17466,.F.);
#17466 = EDGE_LOOP('',(#17467));
#17467 = ORIENTED_EDGE('',*,*,#17468,.F.);
#17468 = EDGE_CURVE('',#17469,#17469,#17471,.T.);
#17469 = VERTEX_POINT('',#17470);
#17470 = CARTESIAN_POINT('',(145.,-31.25,0.));
#17471 = CIRCLE('',#17472,145.);
#17472 = AXIS2_PLACEMENT_3D('',#17473,#17474,#17475);
#17473 = CARTESIAN_POINT('',(0.,-31.25,7.E-15));
#17474 = DIRECTION('',(0.,-1.,0.));
#17475 = DIRECTION('',(1.,0.,0.));
#17476 = FACE_BOUND('',#17477,.F.);
#17477 = EDGE_LOOP('',(#17478));
#17478 = ORIENTED_EDGE('',*,*,#17451,.T.);
#17479 = PLANE('',#17480);
#17480 = AXIS2_PLACEMENT_3D('',#17481,#17482,#17483);
#17481 = CARTESIAN_POINT('',(-8.25E-15,-31.25,1.804E-14));
#17482 = DIRECTION('',(0.,1.,0.));
#17483 = DIRECTION('',(0.,0.,1.));
#17484 = ADVANCED_FACE('',(#17485),#17513,.T.);
#17485 = FACE_BOUND('',#17486,.F.);
#17486 = EDGE_LOOP('',(#17487,#17498,#17504,#17505,#17506));
#17487 = ORIENTED_EDGE('',*,*,#17488,.F.);
#17488 = EDGE_CURVE('',#17489,#17491,#17493,.T.);
#17489 = VERTEX_POINT('',#17490);
#17490 = CARTESIAN_POINT('',(145.,-25.,-2.715E-12));
#17491 = VERTEX_POINT('',#17492);
#17492 = CARTESIAN_POINT('',(0.,-25.,145.));
#17493 = CIRCLE('',#17494,145.);
#17494 = AXIS2_PLACEMENT_3D('',#17495,#17496,#17497);
#17495 = CARTESIAN_POINT('',(-2.78E-15,-25.,2.78E-15));
#17496 = DIRECTION('',(-1.1E-16,-1.,1.1E-16));
#17497 = DIRECTION('',(2.E-17,1.1E-16,1.));
#17498 = ORIENTED_EDGE('',*,*,#17499,.T.);
#17499 = EDGE_CURVE('',#17489,#17469,#17500,.T.);
#17500 = LINE('',#17501,#17502);
#17501 = CARTESIAN_POINT('',(145.,31.25,-6.94E-15));
#17502 = VECTOR('',#17503,1.);
#17503 = DIRECTION('',(0.,-1.,2.2E-16));
#17504 = ORIENTED_EDGE('',*,*,#17468,.T.);
#17505 = ORIENTED_EDGE('',*,*,#17499,.F.);
#17506 = ORIENTED_EDGE('',*,*,#17507,.F.);
#17507 = EDGE_CURVE('',#17491,#17489,#17508,.T.);
#17508 = CIRCLE('',#17509,145.);
#17509 = AXIS2_PLACEMENT_3D('',#17510,#17511,#17512);
#17510 = CARTESIAN_POINT('',(-2.78E-15,-25.,2.78E-15));
#17511 = DIRECTION('',(-1.1E-16,-1.,1.1E-16));
#17512 = DIRECTION('',(2.E-17,1.1E-16,1.));
#17513 = CYLINDRICAL_SURFACE('',#17514,145.);
#17514 = AXIS2_PLACEMENT_3D('',#17515,#17516,#17517);
#17515 = CARTESIAN_POINT('',(0.,31.25,-6.94E-15));
#17516 = DIRECTION('',(0.,1.,-2.2E-16));
#17517 = DIRECTION('',(1.,0.,0.));
#17518 = ADVANCED_FACE('',(#17519),#17539,.T.);
#17519 = FACE_BOUND('',#17520,.T.);
#17520 = EDGE_LOOP('',(#17521,#17529,#17536,#17537,#17538));
#17521 = ORIENTED_EDGE('',*,*,#17522,.F.);
#17522 = EDGE_CURVE('',#17523,#17491,#17525,.T.);
#17523 = VERTEX_POINT('',#17524);
#17524 = CARTESIAN_POINT('',(0.,-21.19995760012,138.9199321602));
#17525 = LINE('',#17526,#17527);
#17526 = CARTESIAN_POINT('',(0.,-21.19995760012,138.9199321602));
#17527 = VECTOR('',#17528,1.);
#17528 = DIRECTION('',(0.,-0.529998940003,0.847998304005));
#17529 = ORIENTED_EDGE('',*,*,#17530,.T.);
#17530 = EDGE_CURVE('',#17523,#17523,#17531,.T.);
#17531 = CIRCLE('',#17532,138.9199321602);
#17532 = AXIS2_PLACEMENT_3D('',#17533,#17534,#17535);
#17533 = CARTESIAN_POINT('',(-2.35E-15,-21.19995760012,2.35E-15));
#17534 = DIRECTION('',(-1.1E-16,-1.,1.1E-16));
#17535 = DIRECTION('',(2.E-17,1.1E-16,1.));
#17536 = ORIENTED_EDGE('',*,*,#17522,.T.);
#17537 = ORIENTED_EDGE('',*,*,#17488,.F.);
#17538 = ORIENTED_EDGE('',*,*,#17507,.F.);
#17539 = CONICAL_SURFACE('',#17540,138.9199321602,1.012197011451);
#17540 = AXIS2_PLACEMENT_3D('',#17541,#17542,#17543);
#17541 = CARTESIAN_POINT('',(-2.35E-15,-21.19995760012,2.35E-15));
#17542 = DIRECTION('',(-1.1E-16,-1.,1.1E-16));
#17543 = DIRECTION('',(2.E-17,1.1E-16,1.));
#17544 = ADVANCED_FACE('',(#17545),#17565,.F.);
#17545 = FACE_BOUND('',#17546,.F.);
#17546 = EDGE_LOOP('',(#17547,#17548,#17557,#17564));
#17547 = ORIENTED_EDGE('',*,*,#17530,.T.);
#17548 = ORIENTED_EDGE('',*,*,#17549,.T.);
#17549 = EDGE_CURVE('',#17523,#17550,#17552,.T.);
#17550 = VERTEX_POINT('',#17551);
#17551 = CARTESIAN_POINT('',(0.,21.199957600127,138.9199321602));
#17552 = CIRCLE('',#17553,25.);
#17553 = AXIS2_PLACEMENT_3D('',#17554,#17555,#17556);
#17554 = CARTESIAN_POINT('',(0.,1.6911E-13,152.16990566028));
#17555 = DIRECTION('',(1.,0.,0.));
#17556 = DIRECTION('',(0.,1.,0.));
#17557 = ORIENTED_EDGE('',*,*,#17558,.F.);
#17558 = EDGE_CURVE('',#17550,#17550,#17559,.T.);
#17559 = CIRCLE('',#17560,138.9199321602);
#17560 = AXIS2_PLACEMENT_3D('',#17561,#17562,#17563);
#17561 = CARTESIAN_POINT('',(2.35E-15,21.199957600127,-2.35E-15));
#17562 = DIRECTION('',(-1.1E-16,-1.,1.1E-16));
#17563 = DIRECTION('',(-2.E-17,1.1E-16,1.));
#17564 = ORIENTED_EDGE('',*,*,#17549,.F.);
#17565 = TOROIDAL_SURFACE('',#17566,152.16990566028,25.);
#17566 = AXIS2_PLACEMENT_3D('',#17567,#17568,#17569);
#17567 = CARTESIAN_POINT('',(0.,1.5221E-13,0.));
#17568 = DIRECTION('',(-1.1E-16,-1.,1.1E-16));
#17569 = DIRECTION('',(0.,1.1E-16,1.));
#17570 = ADVANCED_FACE('',(#17571),#17599,.T.);
#17571 = FACE_BOUND('',#17572,.T.);
#17572 = EDGE_LOOP('',(#17573,#17581,#17590,#17597,#17598));
#17573 = ORIENTED_EDGE('',*,*,#17574,.F.);
#17574 = EDGE_CURVE('',#17575,#17550,#17577,.T.);
#17575 = VERTEX_POINT('',#17576);
#17576 = CARTESIAN_POINT('',(0.,25.,145.));
#17577 = LINE('',#17578,#17579);
#17578 = CARTESIAN_POINT('',(0.,25.,145.));
#17579 = VECTOR('',#17580,1.);
#17580 = DIRECTION('',(0.,-0.529998940003,-0.847998304005));
#17581 = ORIENTED_EDGE('',*,*,#17582,.T.);
#17582 = EDGE_CURVE('',#17575,#17583,#17585,.T.);
#17583 = VERTEX_POINT('',#17584);
#17584 = CARTESIAN_POINT('',(145.,25.,-2.721E-12));
#17585 = CIRCLE('',#17586,145.);
#17586 = AXIS2_PLACEMENT_3D('',#17587,#17588,#17589);
#17587 = CARTESIAN_POINT('',(2.78E-15,25.,-2.78E-15));
#17588 = DIRECTION('',(-1.1E-16,-1.,1.1E-16));
#17589 = DIRECTION('',(-2.E-17,1.1E-16,1.));
#17590 = ORIENTED_EDGE('',*,*,#17591,.T.);
#17591 = EDGE_CURVE('',#17583,#17575,#17592,.T.);
#17592 = CIRCLE('',#17593,145.);
#17593 = AXIS2_PLACEMENT_3D('',#17594,#17595,#17596);
#17594 = CARTESIAN_POINT('',(2.78E-15,25.,-2.78E-15));
#17595 = DIRECTION('',(-1.1E-16,-1.,1.1E-16));
#17596 = DIRECTION('',(-2.E-17,1.1E-16,1.));
#17597 = ORIENTED_EDGE('',*,*,#17574,.T.);
#17598 = ORIENTED_EDGE('',*,*,#17558,.F.);
#17599 = CONICAL_SURFACE('',#17600,145.,1.012197011451);
#17600 = AXIS2_PLACEMENT_3D('',#17601,#17602,#17603);
#17601 = CARTESIAN_POINT('',(2.78E-15,25.,-2.78E-15));
#17602 = DIRECTION('',(1.1E-16,1.,-1.1E-16));
#17603 = DIRECTION('',(-2.E-17,1.1E-16,1.));
#17604 = ADVANCED_FACE('',(#17605),#17625,.T.);
#17605 = FACE_BOUND('',#17606,.F.);
#17606 = EDGE_LOOP('',(#17607,#17616,#17622,#17623,#17624));
#17607 = ORIENTED_EDGE('',*,*,#17608,.F.);
#17608 = EDGE_CURVE('',#17609,#17609,#17611,.T.);
#17609 = VERTEX_POINT('',#17610);
#17610 = CARTESIAN_POINT('',(145.,31.25,0.));
#17611 = CIRCLE('',#17612,145.);
#17612 = AXIS2_PLACEMENT_3D('',#17613,#17614,#17615);
#17613 = CARTESIAN_POINT('',(0.,31.25,-7.E-15));
#17614 = DIRECTION('',(0.,-1.,0.));
#17615 = DIRECTION('',(1.,0.,0.));
#17616 = ORIENTED_EDGE('',*,*,#17617,.T.);
#17617 = EDGE_CURVE('',#17609,#17583,#17618,.T.);
#17618 = LINE('',#17619,#17620);
#17619 = CARTESIAN_POINT('',(145.,31.25,-6.94E-15));
#17620 = VECTOR('',#17621,1.);
#17621 = DIRECTION('',(0.,-1.,2.2E-16));
#17622 = ORIENTED_EDGE('',*,*,#17591,.T.);
#17623 = ORIENTED_EDGE('',*,*,#17582,.T.);
#17624 = ORIENTED_EDGE('',*,*,#17617,.F.);
#17625 = CYLINDRICAL_SURFACE('',#17626,145.);
#17626 = AXIS2_PLACEMENT_3D('',#17627,#17628,#17629);
#17627 = CARTESIAN_POINT('',(0.,31.25,-6.94E-15));
#17628 = DIRECTION('',(0.,1.,-2.2E-16));
#17629 = DIRECTION('',(1.,0.,0.));
#17630 = ADVANCED_FACE('',(#17631,#17634),#17645,.T.);
#17631 = FACE_BOUND('',#17632,.T.);
#17632 = EDGE_LOOP('',(#17633));
#17633 = ORIENTED_EDGE('',*,*,#17608,.F.);
#17634 = FACE_BOUND('',#17635,.T.);
#17635 = EDGE_LOOP('',(#17636));
#17636 = ORIENTED_EDGE('',*,*,#17637,.T.);
#17637 = EDGE_CURVE('',#17638,#17638,#17640,.T.);
#17638 = VERTEX_POINT('',#17639);
#17639 = CARTESIAN_POINT('',(0.,31.25,135.));
#17640 = CIRCLE('',#17641,135.);
#17641 = AXIS2_PLACEMENT_3D('',#17642,#17643,#17644);
#17642 = CARTESIAN_POINT('',(-3.47E-15,31.25,1.735E-14));
#17643 = DIRECTION('',(1.1E-16,-1.,-5.6E-16));
#17644 = DIRECTION('',(3.E-17,-5.6E-16,1.));
#17645 = PLANE('',#17646);
#17646 = AXIS2_PLACEMENT_3D('',#17647,#17648,#17649);
#17647 = CARTESIAN_POINT('',(-8.25E-15,31.25,4.04E-15));
#17648 = DIRECTION('',(0.,1.,0.));
#17649 = DIRECTION('',(0.,0.,1.));
#17650 = ADVANCED_FACE('',(#17651),#17688,.F.);
#17651 = FACE_BOUND('',#17652,.T.);
#17652 = EDGE_LOOP('',(#17653,#17664,#17671,#17680,#17687));
#17653 = ORIENTED_EDGE('',*,*,#17654,.T.);
#17654 = EDGE_CURVE('',#17655,#17657,#17659,.T.);
#17655 = VERTEX_POINT('',#17656);
#17656 = CARTESIAN_POINT('',(0.,25.,42.7));
#17657 = VERTEX_POINT('',#17658);
#17658 = CARTESIAN_POINT('',(42.7,25.,-1.2E-14));
#17659 = CIRCLE('',#17660,42.7);
#17660 = AXIS2_PLACEMENT_3D('',#17661,#17662,#17663);
#17661 = CARTESIAN_POINT('',(-2.78E-15,25.,1.388E-14));
#17662 = DIRECTION('',(1.1E-16,-1.,-5.6E-16));
#17663 = DIRECTION('',(7.E-17,-5.6E-16,1.));
#17664 = ORIENTED_EDGE('',*,*,#17665,.T.);
#17665 = EDGE_CURVE('',#17657,#17655,#17666,.T.);
#17666 = CIRCLE('',#17667,42.7);
#17667 = AXIS2_PLACEMENT_3D('',#17668,#17669,#17670);
#17668 = CARTESIAN_POINT('',(-2.78E-15,25.,1.388E-14));
#17669 = DIRECTION('',(1.1E-16,-1.,-5.6E-16));
#17670 = DIRECTION('',(7.E-17,-5.6E-16,1.));
#17671 = ORIENTED_EDGE('',*,*,#17672,.T.);
#17672 = EDGE_CURVE('',#17655,#17673,#17675,.T.);
#17673 = VERTEX_POINT('',#17674);
#17674 = CARTESIAN_POINT('',(0.,21.199957600127,46.500042399873));
#17675 = CIRCLE('',#17676,3.800042399873);
#17676 = AXIS2_PLACEMENT_3D('',#17677,#17678,#17679);
#17677 = CARTESIAN_POINT('',(0.,25.,46.500042399873));
#17678 = DIRECTION('',(-1.,0.,0.));
#17679 = DIRECTION('',(-0.,-1.,-4.4E-16));
#17680 = ORIENTED_EDGE('',*,*,#17681,.F.);
#17681 = EDGE_CURVE('',#17673,#17673,#17682,.T.);
#17682 = CIRCLE('',#17683,46.500042399873);
#17683 = AXIS2_PLACEMENT_3D('',#17684,#17685,#17686);
#17684 = CARTESIAN_POINT('',(-2.35E-15,21.199957600127,1.177E-14));
#17685 = DIRECTION('',(1.1E-16,-1.,-5.6E-16));
#17686 = DIRECTION('',(5.E-17,-5.6E-16,1.));
#17687 = ORIENTED_EDGE('',*,*,#17672,.F.);
#17688 = TOROIDAL_SURFACE('',#17689,46.500042399873,3.800042399873);
#17689 = AXIS2_PLACEMENT_3D('',#17690,#17691,#17692);
#17690 = CARTESIAN_POINT('',(-2.78E-15,25.,1.388E-14));
#17691 = DIRECTION('',(-1.1E-16,1.,5.6E-16));
#17692 = DIRECTION('',(6.E-17,-5.6E-16,1.));
#17693 = ADVANCED_FACE('',(#17694,#17697),#17708,.T.);
#17694 = FACE_BOUND('',#17695,.T.);
#17695 = EDGE_LOOP('',(#17696));
#17696 = ORIENTED_EDGE('',*,*,#17681,.T.);
#17697 = FACE_BOUND('',#17698,.T.);
#17698 = EDGE_LOOP('',(#17699));
#17699 = ORIENTED_EDGE('',*,*,#17700,.F.);
#17700 = EDGE_CURVE('',#17701,#17701,#17703,.T.);
#17701 = VERTEX_POINT('',#17702);
#17702 = CARTESIAN_POINT('',(0.,21.199957600127,120.78709373567));
#17703 = CIRCLE('',#17704,120.78709373567);
#17704 = AXIS2_PLACEMENT_3D('',#17705,#17706,#17707);
#17705 = CARTESIAN_POINT('',(-2.35E-15,21.199957600127,1.177E-14));
#17706 = DIRECTION('',(1.1E-16,-1.,-5.6E-16));
#17707 = DIRECTION('',(2.E-17,-5.6E-16,1.));
#17708 = PLANE('',#17709);
#17709 = AXIS2_PLACEMENT_3D('',#17710,#17711,#17712);
#17710 = CARTESIAN_POINT('',(-2.35E-15,21.199957600127,1.177E-14));
#17711 = DIRECTION('',(-1.1E-16,1.,5.6E-16));
#17712 = DIRECTION('',(-5.E-17,5.6E-16,-1.));
#17713 = ADVANCED_FACE('',(#17714),#17734,.F.);
#17714 = FACE_BOUND('',#17715,.T.);
#17715 = EDGE_LOOP('',(#17716,#17717,#17726,#17733));
#17716 = ORIENTED_EDGE('',*,*,#17700,.T.);
#17717 = ORIENTED_EDGE('',*,*,#17718,.T.);
#17718 = EDGE_CURVE('',#17701,#17719,#17721,.T.);
#17719 = VERTEX_POINT('',#17720);
#17720 = CARTESIAN_POINT('',(0.,22.312964250253,123.47412948542));
#17721 = CIRCLE('',#17722,3.800042399873);
#17722 = AXIS2_PLACEMENT_3D('',#17723,#17724,#17725);
#17723 = CARTESIAN_POINT('',(0.,25.,120.78709373567));
#17724 = DIRECTION('',(-1.,0.,0.));
#17725 = DIRECTION('',(-0.,-1.,-4.4E-16));
#17726 = ORIENTED_EDGE('',*,*,#17727,.F.);
#17727 = EDGE_CURVE('',#17719,#17719,#17728,.T.);
#17728 = CIRCLE('',#17729,123.47412948542);
#17729 = AXIS2_PLACEMENT_3D('',#17730,#17731,#17732);
#17730 = CARTESIAN_POINT('',(-2.48E-15,22.312964250253,1.239E-14));
#17731 = DIRECTION('',(1.1E-16,-1.,-5.6E-16));
#17732 = DIRECTION('',(2.E-17,-5.6E-16,1.));
#17733 = ORIENTED_EDGE('',*,*,#17718,.F.);
#17734 = TOROIDAL_SURFACE('',#17735,120.78709373567,3.800042399873);
#17735 = AXIS2_PLACEMENT_3D('',#17736,#17737,#17738);
#17736 = CARTESIAN_POINT('',(-2.78E-15,25.,1.388E-14));
#17737 = DIRECTION('',(-1.1E-16,1.,5.6E-16));
#17738 = DIRECTION('',(2.E-17,-5.6E-16,1.));
#17739 = ADVANCED_FACE('',(#17740),#17759,.F.);
#17740 = FACE_BOUND('',#17741,.T.);
#17741 = EDGE_LOOP('',(#17742,#17743,#17751,#17758));
#17742 = ORIENTED_EDGE('',*,*,#17727,.T.);
#17743 = ORIENTED_EDGE('',*,*,#17744,.T.);
#17744 = EDGE_CURVE('',#17719,#17745,#17747,.T.);
#17745 = VERTEX_POINT('',#17746);
#17746 = CARTESIAN_POINT('',(0.,29.419417382416,130.58058261758));
#17747 = LINE('',#17748,#17749);
#17748 = CARTESIAN_POINT('',(0.,22.312964250253,123.47412948542));
#17749 = VECTOR('',#17750,1.);
#17750 = DIRECTION('',(0.,0.707106781187,0.707106781187));
#17751 = ORIENTED_EDGE('',*,*,#17752,.F.);
#17752 = EDGE_CURVE('',#17745,#17745,#17753,.T.);
#17753 = CIRCLE('',#17754,130.58058261758);
#17754 = AXIS2_PLACEMENT_3D('',#17755,#17756,#17757);
#17755 = CARTESIAN_POINT('',(-3.27E-15,29.419417382416,1.633E-14));
#17756 = DIRECTION('',(1.1E-16,-1.,-5.6E-16));
#17757 = DIRECTION('',(3.E-17,-5.6E-16,1.));
#17758 = ORIENTED_EDGE('',*,*,#17744,.F.);
#17759 = CONICAL_SURFACE('',#17760,123.47412948542,0.785398163397);
#17760 = AXIS2_PLACEMENT_3D('',#17761,#17762,#17763);
#17761 = CARTESIAN_POINT('',(-2.48E-15,22.312964250253,1.239E-14));
#17762 = DIRECTION('',(-1.1E-16,1.,5.6E-16));
#17763 = DIRECTION('',(2.E-17,-5.6E-16,1.));
#17764 = ADVANCED_FACE('',(#17765),#17777,.T.);
#17765 = FACE_BOUND('',#17766,.F.);
#17766 = EDGE_LOOP('',(#17767,#17774,#17775,#17776));
#17767 = ORIENTED_EDGE('',*,*,#17768,.F.);
#17768 = EDGE_CURVE('',#17638,#17745,#17769,.T.);
#17769 = CIRCLE('',#17770,6.25);
#17770 = AXIS2_PLACEMENT_3D('',#17771,#17772,#17773);
#17771 = CARTESIAN_POINT('',(0.,25.,135.));
#17772 = DIRECTION('',(-1.,0.,0.));
#17773 = DIRECTION('',(-0.,-1.,-4.4E-16));
#17774 = ORIENTED_EDGE('',*,*,#17637,.F.);
#17775 = ORIENTED_EDGE('',*,*,#17768,.T.);
#17776 = ORIENTED_EDGE('',*,*,#17752,.T.);
#17777 = TOROIDAL_SURFACE('',#17778,135.,6.25);
#17778 = AXIS2_PLACEMENT_3D('',#17779,#17780,#17781);
#17779 = CARTESIAN_POINT('',(-2.78E-15,25.,1.388E-14));
#17780 = DIRECTION('',(-1.1E-16,1.,5.6E-16));
#17781 = DIRECTION('',(2.E-17,-5.6E-16,1.));
#17782 = ADVANCED_FACE('',(#17783),#17794,.T.);
#17783 = FACE_BOUND('',#17784,.T.);
#17784 = EDGE_LOOP('',(#17785,#17786,#17791,#17792,#17793));
#17785 = ORIENTED_EDGE('',*,*,#17422,.T.);
#17786 = ORIENTED_EDGE('',*,*,#17787,.T.);
#17787 = EDGE_CURVE('',#17423,#17657,#17788,.T.);
#17788 = B_SPLINE_CURVE_WITH_KNOTS('',1,(#17789,#17790),.UNSPECIFIED.,
  .F.,.F.,(2,2),(-6.25,6.25),.PIECEWISE_BEZIER_KNOTS.);
#17789 = CARTESIAN_POINT('',(42.7,37.5,1.38E-15));
#17790 = CARTESIAN_POINT('',(42.7,25.,-1.38E-15));
#17791 = ORIENTED_EDGE('',*,*,#17654,.F.);
#17792 = ORIENTED_EDGE('',*,*,#17665,.F.);
#17793 = ORIENTED_EDGE('',*,*,#17787,.F.);
#17794 = CYLINDRICAL_SURFACE('',#17795,42.7);
#17795 = AXIS2_PLACEMENT_3D('',#17796,#17797,#17798);
#17796 = CARTESIAN_POINT('',(0.,31.25,0.));
#17797 = DIRECTION('',(-0.,-1.,-2.2E-16));
#17798 = DIRECTION('',(1.,-0.,0.));
#17799 = ( GEOMETRIC_REPRESENTATION_CONTEXT(3) 
GLOBAL_UNCERTAINTY_ASSIGNED_CONTEXT((#17803)) 
GLOBAL_UNIT_ASSIGNED_CONTEXT((#17800,#17801,#17802)) 
REPRESENTATION_CONTEXT('Context #1',
  '3D Context with UNIT and UNCERTAINTY') );
#17800 = ( LENGTH_UNIT() NAMED_UNIT(*) SI_UNIT(.MILLI.,.METRE.) );
#17801 = ( NAMED_UNIT(*) PLANE_ANGLE_UNIT() SI_UNIT($,.RADIAN.) );
#17802 = ( NAMED_UNIT(*) SI_UNIT($,.STERADIAN.) SOLID_ANGLE_UNIT() );
#17803 = UNCERTAINTY_MEASURE_WITH_UNIT(LENGTH_MEASURE(2.E-06),#17800,
  'distance_accuracy_value','confusion accuracy');
#17804 = CONTEXT_DEPENDENT_SHAPE_REPRESENTATION(#17805,#17807);
#17805 = ( REPRESENTATION_RELATIONSHIP('','',#17232,#7304) 
REPRESENTATION_RELATIONSHIP_WITH_TRANSFORMATION(#17806) 
SHAPE_REPRESENTATION_RELATIONSHIP() );
#17806 = ITEM_DEFINED_TRANSFORMATION('','',#11,#7321);
#17807 = PRODUCT_DEFINITION_SHAPE('Placement','Placement of an item',
  #17808);
#17808 = NEXT_ASSEMBLY_USAGE_OCCURRENCE('46','Body054','',#7299,#17227,$
  );
#17809 = CC_DESIGN_SECURITY_CLASSIFICATION(#17810,(#17808));
#17810 = SECURITY_CLASSIFICATION('','',#59);
#17811 = CC_DESIGN_PERSON_AND_ORGANIZATION_ASSIGNMENT(#48,#57,(#17810));
#17812 = CC_DESIGN_DATE_AND_TIME_ASSIGNMENT(#62,#68,(#17810));
#17813 = CC_DESIGN_APPROVAL(#70,(#17810));
#17814 = PRODUCT_RELATED_PRODUCT_CATEGORY('detail',$,(#17229));
#17815 = PRODUCT_CATEGORY_RELATIONSHIP('','',#17816,#17814);
#17816 = PRODUCT_CATEGORY('part',$);
#17817 = CC_DESIGN_PERSON_AND_ORGANIZATION_ASSIGNMENT(#48,#51,(#17228,
    #17227));
#17818 = CC_DESIGN_PERSON_AND_ORGANIZATION_ASSIGNMENT(#48,#53,(#17229));
#17819 = CC_DESIGN_PERSON_AND_ORGANIZATION_ASSIGNMENT(#48,#55,(#17228));
#17820 = CC_DESIGN_PERSON_AND_ORGANIZATION_ASSIGNMENT(#48,#57,(#17821));
#17821 = SECURITY_CLASSIFICATION('','',#59);
#17822 = CC_DESIGN_SECURITY_CLASSIFICATION(#17821,(#17228));
#17823 = CC_DESIGN_DATE_AND_TIME_ASSIGNMENT(#62,#66,(#17227));
#17824 = CC_DESIGN_DATE_AND_TIME_ASSIGNMENT(#62,#68,(#17821));
#17825 = CC_DESIGN_APPROVAL(#70,(#17228,#17227,#17821));
#17826 = CONTEXT_DEPENDENT_SHAPE_REPRESENTATION(#17827,#17829);
#17827 = ( REPRESENTATION_RELATIONSHIP('','',#17232,#7304) 
REPRESENTATION_RELATIONSHIP_WITH_TRANSFORMATION(#17828) 
SHAPE_REPRESENTATION_RELATIONSHIP() );
#17828 = ITEM_DEFINED_TRANSFORMATION('','',#11,#7325);
#17829 = PRODUCT_DEFINITION_SHAPE('Placement','Placement of an item',
  #17830);
#17830 = NEXT_ASSEMBLY_USAGE_OCCURRENCE('47','Body055','',#7299,#17227,$
  );
#17831 = SHAPE_DEFINITION_REPRESENTATION(#17832,#17838);
#17832 = PRODUCT_DEFINITION_SHAPE('','',#17833);
#17833 = PRODUCT_DEFINITION('design','',#17834,#17837);
#17834 = PRODUCT_DEFINITION_FORMATION_WITH_SPECIFIED_SOURCE('','',#17835
  ,.NOT_KNOWN.);
#17835 = PRODUCT('Assembly','Assembly','',(#17836));
#17836 = MECHANICAL_CONTEXT('',#2,'mechanical');
#17837 = DESIGN_CONTEXT('',#2,'design');
#17838 = SHAPE_REPRESENTATION('',(#11,#17839,#17843,#17847,#17851,#17855
    ),#17859);
#17839 = AXIS2_PLACEMENT_3D('',#17840,#17841,#17842);
#17840 = CARTESIAN_POINT('',(0.,0.,0.));
#17841 = DIRECTION('',(0.,0.,1.));
#17842 = DIRECTION('',(1.,0.,0.));
#17843 = AXIS2_PLACEMENT_3D('',#17844,#17845,#17846);
#17844 = CARTESIAN_POINT('',(-1.237E-13,25.,-145.));
#17845 = DIRECTION('',(0.,0.,1.));
#17846 = DIRECTION('',(1.,0.,0.));
#17847 = AXIS2_PLACEMENT_3D('',#17848,#17849,#17850);
#17848 = CARTESIAN_POINT('',(-1.147E-13,-30.,-145.));
#17849 = DIRECTION('',(0.,0.,1.));
#17850 = DIRECTION('',(1.,0.,0.));
#17851 = AXIS2_PLACEMENT_3D('',#17852,#17853,#17854);
#17852 = CARTESIAN_POINT('',(-5.54E-14,-75.,737.99999999999));
#17853 = DIRECTION('',(-8.E-16,-1.224646799147E-16,-1.));
#17854 = DIRECTION('',(1.,-4.898587196589E-32,-8.E-16));
#17855 = AXIS2_PLACEMENT_3D('',#17856,#17857,#17858);
#17856 = CARTESIAN_POINT('',(7.17E-14,-75.,873.));
#17857 = DIRECTION('',(-7.657137397854E-16,-4.E-16,-1.));
#17858 = DIRECTION('',(-1.,8.E-16,7.657137397854E-16));
#17859 = ( GEOMETRIC_REPRESENTATION_CONTEXT(3) 
GLOBAL_UNCERTAINTY_ASSIGNED_CONTEXT((#17863)) 
GLOBAL_UNIT_ASSIGNED_CONTEXT((#17860,#17861,#17862)) 
REPRESENTATION_CONTEXT('Context #1',
  '3D Context with UNIT and UNCERTAINTY') );
#17860 = ( LENGTH_UNIT() NAMED_UNIT(*) SI_UNIT(.MILLI.,.METRE.) );
#17861 = ( NAMED_UNIT(*) PLANE_ANGLE_UNIT() SI_UNIT($,.RADIAN.) );
#17862 = ( NAMED_UNIT(*) SI_UNIT($,.STERADIAN.) SOLID_ANGLE_UNIT() );
#17863 = UNCERTAINTY_MEASURE_WITH_UNIT(LENGTH_MEASURE(1.E-07),#17860,
  'distance_accuracy_value','confusion accuracy');
#17864 = CONTEXT_DEPENDENT_SHAPE_REPRESENTATION(#17865,#17867);
#17865 = ( REPRESENTATION_RELATIONSHIP('','',#17838,#10) 
REPRESENTATION_RELATIONSHIP_WITH_TRANSFORMATION(#17866) 
SHAPE_REPRESENTATION_RELATIONSHIP() );
#17866 = ITEM_DEFINED_TRANSFORMATION('','',#11,#23);
#17867 = PRODUCT_DEFINITION_SHAPE('Placement','Placement of an item',
  #17868);
#17868 = NEXT_ASSEMBLY_USAGE_OCCURRENCE('54','Assembly','',#5,#17833,$);
#17869 = CC_DESIGN_SECURITY_CLASSIFICATION(#17870,(#17868));
#17870 = SECURITY_CLASSIFICATION('','',#59);
#17871 = CC_DESIGN_PERSON_AND_ORGANIZATION_ASSIGNMENT(#48,#57,(#17870));
#17872 = CC_DESIGN_DATE_AND_TIME_ASSIGNMENT(#62,#68,(#17870));
#17873 = CC_DESIGN_APPROVAL(#70,(#17870));
#17874 = PRODUCT_RELATED_PRODUCT_CATEGORY('detail',$,(#17835));
#17875 = PRODUCT_CATEGORY_RELATIONSHIP('','',#17876,#17874);
#17876 = PRODUCT_CATEGORY('part',$);
#17877 = CC_DESIGN_PERSON_AND_ORGANIZATION_ASSIGNMENT(#48,#51,(#17834,
    #17833));
#17878 = CC_DESIGN_PERSON_AND_ORGANIZATION_ASSIGNMENT(#48,#53,(#17835));
#17879 = CC_DESIGN_PERSON_AND_ORGANIZATION_ASSIGNMENT(#48,#55,(#17834));
#17880 = CC_DESIGN_PERSON_AND_ORGANIZATION_ASSIGNMENT(#48,#57,(#17881));
#17881 = SECURITY_CLASSIFICATION('','',#59);
#17882 = CC_DESIGN_SECURITY_CLASSIFICATION(#17881,(#17834));
#17883 = CC_DESIGN_DATE_AND_TIME_ASSIGNMENT(#62,#66,(#17833));
#17884 = CC_DESIGN_DATE_AND_TIME_ASSIGNMENT(#62,#68,(#17881));
#17885 = CC_DESIGN_APPROVAL(#70,(#17834,#17833,#17881));
#17886 = SHAPE_DEFINITION_REPRESENTATION(#17887,#17893);
#17887 = PRODUCT_DEFINITION_SHAPE('','',#17888);
#17888 = PRODUCT_DEFINITION('design','',#17889,#17892);
#17889 = PRODUCT_DEFINITION_FORMATION_WITH_SPECIFIED_SOURCE('','',#17890
  ,.NOT_KNOWN.);
#17890 = PRODUCT('Body','Body','',(#17891));
#17891 = MECHANICAL_CONTEXT('',#2,'mechanical');
#17892 = DESIGN_CONTEXT('',#2,'design');
#17893 = ADVANCED_BREP_SHAPE_REPRESENTATION('',(#11,#17894),#18394);
#17894 = MANIFOLD_SOLID_BREP('',#17895);
#17895 = CLOSED_SHELL('',(#17896,#17936,#17967,#17998,#18031,#18062,
    #18095,#18126,#18159,#18190,#18221,#18254,#18276,#18309,#18342,
    #18368));
#17896 = ADVANCED_FACE('',(#17897),#17931,.T.);
#17897 = FACE_BOUND('',#17898,.T.);
#17898 = EDGE_LOOP('',(#17899,#17909,#17917,#17925));
#17899 = ORIENTED_EDGE('',*,*,#17900,.T.);
#17900 = EDGE_CURVE('',#17901,#17903,#17905,.T.);
#17901 = VERTEX_POINT('',#17902);
#17902 = CARTESIAN_POINT('',(90.,9.E-15,40.));
#17903 = VERTEX_POINT('',#17904);
#17904 = CARTESIAN_POINT('',(90.,-30.,40.));
#17905 = LINE('',#17906,#17907);
#17906 = CARTESIAN_POINT('',(90.,8.88E-15,40.));
#17907 = VECTOR('',#17908,1.);
#17908 = DIRECTION('',(0.,-1.,2.2E-16));
#17909 = ORIENTED_EDGE('',*,*,#17910,.T.);
#17910 = EDGE_CURVE('',#17903,#17911,#17913,.T.);
#17911 = VERTEX_POINT('',#17912);
#17912 = CARTESIAN_POINT('',(90.,-30.,7.E-15));
#17913 = LINE('',#17914,#17915);
#17914 = CARTESIAN_POINT('',(90.,-30.,40.));
#17915 = VECTOR('',#17916,1.);
#17916 = DIRECTION('',(0.,0.,-1.));
#17917 = ORIENTED_EDGE('',*,*,#17918,.F.);
#17918 = EDGE_CURVE('',#17919,#17911,#17921,.T.);
#17919 = VERTEX_POINT('',#17920);
#17920 = CARTESIAN_POINT('',(90.,0.,0.));
#17921 = LINE('',#17922,#17923);
#17922 = CARTESIAN_POINT('',(90.,0.,0.));
#17923 = VECTOR('',#17924,1.);
#17924 = DIRECTION('',(0.,-1.,2.2E-16));
#17925 = ORIENTED_EDGE('',*,*,#17926,.F.);
#17926 = EDGE_CURVE('',#17901,#17919,#17927,.T.);
#17927 = LINE('',#17928,#17929);
#17928 = CARTESIAN_POINT('',(90.,0.,40.));
#17929 = VECTOR('',#17930,1.);
#17930 = DIRECTION('',(0.,0.,-1.));
#17931 = PLANE('',#17932);
#17932 = AXIS2_PLACEMENT_3D('',#17933,#17934,#17935);
#17933 = CARTESIAN_POINT('',(90.,8.88E-15,40.));
#17934 = DIRECTION('',(1.,0.,0.));
#17935 = DIRECTION('',(0.,-2.2E-16,-1.));
#17936 = ADVANCED_FACE('',(#17937),#17962,.T.);
#17937 = FACE_BOUND('',#17938,.T.);
#17938 = EDGE_LOOP('',(#17939,#17940,#17948,#17956));
#17939 = ORIENTED_EDGE('',*,*,#17918,.T.);
#17940 = ORIENTED_EDGE('',*,*,#17941,.T.);
#17941 = EDGE_CURVE('',#17911,#17942,#17944,.T.);
#17942 = VERTEX_POINT('',#17943);
#17943 = CARTESIAN_POINT('',(-90.,-30.,7.E-15));
#17944 = LINE('',#17945,#17946);
#17945 = CARTESIAN_POINT('',(90.,-30.,7.E-15));
#17946 = VECTOR('',#17947,1.);
#17947 = DIRECTION('',(-1.,0.,0.));
#17948 = ORIENTED_EDGE('',*,*,#17949,.F.);
#17949 = EDGE_CURVE('',#17950,#17942,#17952,.T.);
#17950 = VERTEX_POINT('',#17951);
#17951 = CARTESIAN_POINT('',(-90.,0.,0.));
#17952 = LINE('',#17953,#17954);
#17953 = CARTESIAN_POINT('',(-90.,0.,0.));
#17954 = VECTOR('',#17955,1.);
#17955 = DIRECTION('',(0.,-1.,2.2E-16));
#17956 = ORIENTED_EDGE('',*,*,#17957,.F.);
#17957 = EDGE_CURVE('',#17919,#17950,#17958,.T.);
#17958 = LINE('',#17959,#17960);
#17959 = CARTESIAN_POINT('',(90.,0.,0.));
#17960 = VECTOR('',#17961,1.);
#17961 = DIRECTION('',(-1.,0.,0.));
#17962 = PLANE('',#17963);
#17963 = AXIS2_PLACEMENT_3D('',#17964,#17965,#17966);
#17964 = CARTESIAN_POINT('',(90.,0.,0.));
#17965 = DIRECTION('',(-0.,-2.2E-16,-1.));
#17966 = DIRECTION('',(-1.,0.,0.));
#17967 = ADVANCED_FACE('',(#17968),#17993,.T.);
#17968 = FACE_BOUND('',#17969,.T.);
#17969 = EDGE_LOOP('',(#17970,#17971,#17979,#17987));
#17970 = ORIENTED_EDGE('',*,*,#17949,.T.);
#17971 = ORIENTED_EDGE('',*,*,#17972,.T.);
#17972 = EDGE_CURVE('',#17942,#17973,#17975,.T.);
#17973 = VERTEX_POINT('',#17974);
#17974 = CARTESIAN_POINT('',(-90.,-30.,808.));
#17975 = LINE('',#17976,#17977);
#17976 = CARTESIAN_POINT('',(-90.,-30.,7.E-15));
#17977 = VECTOR('',#17978,1.);
#17978 = DIRECTION('',(0.,0.,1.));
#17979 = ORIENTED_EDGE('',*,*,#17980,.F.);
#17980 = EDGE_CURVE('',#17981,#17973,#17983,.T.);
#17981 = VERTEX_POINT('',#17982);
#17982 = CARTESIAN_POINT('',(-90.,1.79E-13,808.));
#17983 = LINE('',#17984,#17985);
#17984 = CARTESIAN_POINT('',(-90.,1.7941E-13,808.));
#17985 = VECTOR('',#17986,1.);
#17986 = DIRECTION('',(0.,-1.,2.2E-16));
#17987 = ORIENTED_EDGE('',*,*,#17988,.F.);
#17988 = EDGE_CURVE('',#17950,#17981,#17989,.T.);
#17989 = LINE('',#17990,#17991);
#17990 = CARTESIAN_POINT('',(-90.,0.,0.));
#17991 = VECTOR('',#17992,1.);
#17992 = DIRECTION('',(0.,0.,1.));
#17993 = PLANE('',#17994);
#17994 = AXIS2_PLACEMENT_3D('',#17995,#17996,#17997);
#17995 = CARTESIAN_POINT('',(-90.,0.,0.));
#17996 = DIRECTION('',(-1.,0.,0.));
#17997 = DIRECTION('',(0.,2.2E-16,1.));
#17998 = ADVANCED_FACE('',(#17999),#18026,.T.);
#17999 = FACE_BOUND('',#18000,.F.);
#18000 = EDGE_LOOP('',(#18001,#18011,#18018,#18019));
#18001 = ORIENTED_EDGE('',*,*,#18002,.T.);
#18002 = EDGE_CURVE('',#18003,#18005,#18007,.T.);
#18003 = VERTEX_POINT('',#18004);
#18004 = CARTESIAN_POINT('',(-80.38461538461,1.84E-13,827.70567454992));
#18005 = VERTEX_POINT('',#18006);
#18006 = CARTESIAN_POINT('',(-80.38461538461,-30.,827.70567454992));
#18007 = LINE('',#18008,#18009);
#18008 = CARTESIAN_POINT('',(-80.38461538461,1.8379E-13,827.70567454992)
  );
#18009 = VECTOR('',#18010,1.);
#18010 = DIRECTION('',(0.,-1.,2.2E-16));
#18011 = ORIENTED_EDGE('',*,*,#18012,.T.);
#18012 = EDGE_CURVE('',#18005,#17973,#18013,.T.);
#18013 = CIRCLE('',#18014,25.);
#18014 = AXIS2_PLACEMENT_3D('',#18015,#18016,#18017);
#18015 = CARTESIAN_POINT('',(-65.,-30.,808.));
#18016 = DIRECTION('',(0.,-1.,0.));
#18017 = DIRECTION('',(1.,0.,0.));
#18018 = ORIENTED_EDGE('',*,*,#17980,.F.);
#18019 = ORIENTED_EDGE('',*,*,#18020,.F.);
#18020 = EDGE_CURVE('',#18003,#17981,#18021,.T.);
#18021 = CIRCLE('',#18022,25.);
#18022 = AXIS2_PLACEMENT_3D('',#18023,#18024,#18025);
#18023 = CARTESIAN_POINT('',(-65.,0.,808.));
#18024 = DIRECTION('',(0.,-1.,0.));
#18025 = DIRECTION('',(1.,0.,0.));
#18026 = CYLINDRICAL_SURFACE('',#18027,25.);
#18027 = AXIS2_PLACEMENT_3D('',#18028,#18029,#18030);
#18028 = CARTESIAN_POINT('',(-65.,1.7941E-13,808.));
#18029 = DIRECTION('',(0.,1.,-2.2E-16));
#18030 = DIRECTION('',(1.,0.,0.));
#18031 = ADVANCED_FACE('',(#18032),#18057,.T.);
#18032 = FACE_BOUND('',#18033,.T.);
#18033 = EDGE_LOOP('',(#18034,#18035,#18043,#18051));
#18034 = ORIENTED_EDGE('',*,*,#18002,.T.);
#18035 = ORIENTED_EDGE('',*,*,#18036,.T.);
#18036 = EDGE_CURVE('',#18005,#18037,#18039,.T.);
#18037 = VERTEX_POINT('',#18038);
#18038 = CARTESIAN_POINT('',(-40.,-30.,859.23475382979));
#18039 = LINE('',#18040,#18041);
#18040 = CARTESIAN_POINT('',(-80.38461538461,-30.,827.70567454992));
#18041 = VECTOR('',#18042,1.);
#18042 = DIRECTION('',(0.788226981997,0.,0.615384615385));
#18043 = ORIENTED_EDGE('',*,*,#18044,.F.);
#18044 = EDGE_CURVE('',#18045,#18037,#18047,.T.);
#18045 = VERTEX_POINT('',#18046);
#18046 = CARTESIAN_POINT('',(-40.,1.91E-13,859.23475382979));
#18047 = LINE('',#18048,#18049);
#18048 = CARTESIAN_POINT('',(-40.,1.9079E-13,859.23475382979));
#18049 = VECTOR('',#18050,1.);
#18050 = DIRECTION('',(0.,-1.,2.2E-16));
#18051 = ORIENTED_EDGE('',*,*,#18052,.F.);
#18052 = EDGE_CURVE('',#18003,#18045,#18053,.T.);
#18053 = LINE('',#18054,#18055);
#18054 = CARTESIAN_POINT('',(-80.38461538461,0.,827.70567454992));
#18055 = VECTOR('',#18056,1.);
#18056 = DIRECTION('',(0.788226981997,0.,0.615384615385));
#18057 = PLANE('',#18058);
#18058 = AXIS2_PLACEMENT_3D('',#18059,#18060,#18061);
#18059 = CARTESIAN_POINT('',(-80.38461538461,1.8379E-13,827.70567454992)
  );
#18060 = DIRECTION('',(-0.615384615385,1.8E-16,0.788226981997));
#18061 = DIRECTION('',(0.788226981997,1.4E-16,0.615384615385));
#18062 = ADVANCED_FACE('',(#18063),#18090,.T.);
#18063 = FACE_BOUND('',#18064,.F.);
#18064 = EDGE_LOOP('',(#18065,#18075,#18082,#18083));
#18065 = ORIENTED_EDGE('',*,*,#18066,.T.);
#18066 = EDGE_CURVE('',#18067,#18069,#18071,.T.);
#18067 = VERTEX_POINT('',#18068);
#18068 = CARTESIAN_POINT('',(40.,1.91E-13,859.23475382979));
#18069 = VERTEX_POINT('',#18070);
#18070 = CARTESIAN_POINT('',(40.,-30.,859.23475382979));
#18071 = LINE('',#18072,#18073);
#18072 = CARTESIAN_POINT('',(40.,1.9079E-13,859.23475382979));
#18073 = VECTOR('',#18074,1.);
#18074 = DIRECTION('',(0.,-1.,2.2E-16));
#18075 = ORIENTED_EDGE('',*,*,#18076,.T.);
#18076 = EDGE_CURVE('',#18069,#18037,#18077,.T.);
#18077 = CIRCLE('',#18078,65.);
#18078 = AXIS2_PLACEMENT_3D('',#18079,#18080,#18081);
#18079 = CARTESIAN_POINT('',(0.,-30.,808.));
#18080 = DIRECTION('',(0.,-1.,0.));
#18081 = DIRECTION('',(1.,0.,0.));
#18082 = ORIENTED_EDGE('',*,*,#18044,.F.);
#18083 = ORIENTED_EDGE('',*,*,#18084,.F.);
#18084 = EDGE_CURVE('',#18067,#18045,#18085,.T.);
#18085 = CIRCLE('',#18086,65.);
#18086 = AXIS2_PLACEMENT_3D('',#18087,#18088,#18089);
#18087 = CARTESIAN_POINT('',(0.,0.,808.));
#18088 = DIRECTION('',(0.,-1.,0.));
#18089 = DIRECTION('',(1.,0.,0.));
#18090 = CYLINDRICAL_SURFACE('',#18091,65.);
#18091 = AXIS2_PLACEMENT_3D('',#18092,#18093,#18094);
#18092 = CARTESIAN_POINT('',(0.,1.7941E-13,808.));
#18093 = DIRECTION('',(0.,1.,-2.2E-16));
#18094 = DIRECTION('',(1.,0.,0.));
#18095 = ADVANCED_FACE('',(#18096),#18121,.T.);
#18096 = FACE_BOUND('',#18097,.T.);
#18097 = EDGE_LOOP('',(#18098,#18099,#18107,#18115));
#18098 = ORIENTED_EDGE('',*,*,#18066,.T.);
#18099 = ORIENTED_EDGE('',*,*,#18100,.T.);
#18100 = EDGE_CURVE('',#18069,#18101,#18103,.T.);
#18101 = VERTEX_POINT('',#18102);
#18102 = CARTESIAN_POINT('',(80.384615384615,-30.,827.70567454992));
#18103 = LINE('',#18104,#18105);
#18104 = CARTESIAN_POINT('',(40.,-30.,859.23475382979));
#18105 = VECTOR('',#18106,1.);
#18106 = DIRECTION('',(0.788226981997,0.,-0.615384615385));
#18107 = ORIENTED_EDGE('',*,*,#18108,.F.);
#18108 = EDGE_CURVE('',#18109,#18101,#18111,.T.);
#18109 = VERTEX_POINT('',#18110);
#18110 = CARTESIAN_POINT('',(80.384615384615,1.84E-13,827.70567454992));
#18111 = LINE('',#18112,#18113);
#18112 = CARTESIAN_POINT('',(80.384615384615,1.8379E-13,827.70567454992)
  );
#18113 = VECTOR('',#18114,1.);
#18114 = DIRECTION('',(0.,-1.,2.2E-16));
#18115 = ORIENTED_EDGE('',*,*,#18116,.F.);
#18116 = EDGE_CURVE('',#18067,#18109,#18117,.T.);
#18117 = LINE('',#18118,#18119);
#18118 = CARTESIAN_POINT('',(40.,0.,859.23475382979));
#18119 = VECTOR('',#18120,1.);
#18120 = DIRECTION('',(0.788226981997,0.,-0.615384615385));
#18121 = PLANE('',#18122);
#18122 = AXIS2_PLACEMENT_3D('',#18123,#18124,#18125);
#18123 = CARTESIAN_POINT('',(40.,1.9079E-13,859.23475382979));
#18124 = DIRECTION('',(0.615384615385,1.8E-16,0.788226981997));
#18125 = DIRECTION('',(0.788226981997,-1.4E-16,-0.615384615385));
#18126 = ADVANCED_FACE('',(#18127),#18154,.T.);
#18127 = FACE_BOUND('',#18128,.F.);
#18128 = EDGE_LOOP('',(#18129,#18139,#18146,#18147));
#18129 = ORIENTED_EDGE('',*,*,#18130,.T.);
#18130 = EDGE_CURVE('',#18131,#18133,#18135,.T.);
#18131 = VERTEX_POINT('',#18132);
#18132 = CARTESIAN_POINT('',(90.,1.79E-13,808.));
#18133 = VERTEX_POINT('',#18134);
#18134 = CARTESIAN_POINT('',(90.,-30.,808.));
#18135 = LINE('',#18136,#18137);
#18136 = CARTESIAN_POINT('',(90.,1.7941E-13,808.));
#18137 = VECTOR('',#18138,1.);
#18138 = DIRECTION('',(0.,-1.,2.2E-16));
#18139 = ORIENTED_EDGE('',*,*,#18140,.T.);
#18140 = EDGE_CURVE('',#18133,#18101,#18141,.T.);
#18141 = CIRCLE('',#18142,25.);
#18142 = AXIS2_PLACEMENT_3D('',#18143,#18144,#18145);
#18143 = CARTESIAN_POINT('',(65.,-30.,808.));
#18144 = DIRECTION('',(0.,-1.,0.));
#18145 = DIRECTION('',(1.,0.,0.));
#18146 = ORIENTED_EDGE('',*,*,#18108,.F.);
#18147 = ORIENTED_EDGE('',*,*,#18148,.F.);
#18148 = EDGE_CURVE('',#18131,#18109,#18149,.T.);
#18149 = CIRCLE('',#18150,25.);
#18150 = AXIS2_PLACEMENT_3D('',#18151,#18152,#18153);
#18151 = CARTESIAN_POINT('',(65.,0.,808.));
#18152 = DIRECTION('',(0.,-1.,0.));
#18153 = DIRECTION('',(1.,0.,0.));
#18154 = CYLINDRICAL_SURFACE('',#18155,25.);
#18155 = AXIS2_PLACEMENT_3D('',#18156,#18157,#18158);
#18156 = CARTESIAN_POINT('',(65.,1.7941E-13,808.));
#18157 = DIRECTION('',(0.,1.,-2.2E-16));
#18158 = DIRECTION('',(1.,0.,0.));
#18159 = ADVANCED_FACE('',(#18160),#18185,.T.);
#18160 = FACE_BOUND('',#18161,.T.);
#18161 = EDGE_LOOP('',(#18162,#18163,#18171,#18179));
#18162 = ORIENTED_EDGE('',*,*,#18130,.T.);
#18163 = ORIENTED_EDGE('',*,*,#18164,.T.);
#18164 = EDGE_CURVE('',#18133,#18165,#18167,.T.);
#18165 = VERTEX_POINT('',#18166);
#18166 = CARTESIAN_POINT('',(90.,-30.,353.8477631085));
#18167 = LINE('',#18168,#18169);
#18168 = CARTESIAN_POINT('',(90.,-30.,808.));
#18169 = VECTOR('',#18170,1.);
#18170 = DIRECTION('',(0.,0.,-1.));
#18171 = ORIENTED_EDGE('',*,*,#18172,.F.);
#18172 = EDGE_CURVE('',#18173,#18165,#18175,.T.);
#18173 = VERTEX_POINT('',#18174);
#18174 = CARTESIAN_POINT('',(90.,7.9E-14,353.8477631085));
#18175 = LINE('',#18176,#18177);
#18176 = CARTESIAN_POINT('',(90.,7.857E-14,353.8477631085));
#18177 = VECTOR('',#18178,1.);
#18178 = DIRECTION('',(0.,-1.,2.2E-16));
#18179 = ORIENTED_EDGE('',*,*,#18180,.F.);
#18180 = EDGE_CURVE('',#18131,#18173,#18181,.T.);
#18181 = LINE('',#18182,#18183);
#18182 = CARTESIAN_POINT('',(90.,0.,808.));
#18183 = VECTOR('',#18184,1.);
#18184 = DIRECTION('',(0.,0.,-1.));
#18185 = PLANE('',#18186);
#18186 = AXIS2_PLACEMENT_3D('',#18187,#18188,#18189);
#18187 = CARTESIAN_POINT('',(90.,1.7941E-13,808.));
#18188 = DIRECTION('',(1.,0.,0.));
#18189 = DIRECTION('',(0.,-2.2E-16,-1.));
#18190 = ADVANCED_FACE('',(#18191),#18216,.T.);
#18191 = FACE_BOUND('',#18192,.T.);
#18192 = EDGE_LOOP('',(#18193,#18194,#18202,#18210));
#18193 = ORIENTED_EDGE('',*,*,#18172,.T.);
#18194 = ORIENTED_EDGE('',*,*,#18195,.T.);
#18195 = EDGE_CURVE('',#18165,#18196,#18198,.T.);
#18196 = VERTEX_POINT('',#18197);
#18197 = CARTESIAN_POINT('',(200.96194077712,-30.,242.88582233137));
#18198 = LINE('',#18199,#18200);
#18199 = CARTESIAN_POINT('',(90.,-30.,353.8477631085));
#18200 = VECTOR('',#18201,1.);
#18201 = DIRECTION('',(0.707106781187,0.,-0.707106781187));
#18202 = ORIENTED_EDGE('',*,*,#18203,.F.);
#18203 = EDGE_CURVE('',#18204,#18196,#18206,.T.);
#18204 = VERTEX_POINT('',#18205);
#18205 = CARTESIAN_POINT('',(200.96194077712,5.4E-14,242.88582233137));
#18206 = LINE('',#18207,#18208);
#18207 = CARTESIAN_POINT('',(200.96194077712,5.393E-14,242.88582233137)
  );
#18208 = VECTOR('',#18209,1.);
#18209 = DIRECTION('',(0.,-1.,2.2E-16));
#18210 = ORIENTED_EDGE('',*,*,#18211,.F.);
#18211 = EDGE_CURVE('',#18173,#18204,#18212,.T.);
#18212 = LINE('',#18213,#18214);
#18213 = CARTESIAN_POINT('',(90.,0.,353.8477631085));
#18214 = VECTOR('',#18215,1.);
#18215 = DIRECTION('',(0.707106781187,0.,-0.707106781187));
#18216 = PLANE('',#18217);
#18217 = AXIS2_PLACEMENT_3D('',#18218,#18219,#18220);
#18218 = CARTESIAN_POINT('',(90.,7.857E-14,353.8477631085));
#18219 = DIRECTION('',(0.707106781187,1.6E-16,0.707106781187));
#18220 = DIRECTION('',(0.707106781187,-1.6E-16,-0.707106781187));
#18221 = ADVANCED_FACE('',(#18222),#18249,.T.);
#18222 = FACE_BOUND('',#18223,.F.);
#18223 = EDGE_LOOP('',(#18224,#18234,#18241,#18242));
#18224 = ORIENTED_EDGE('',*,*,#18225,.T.);
#18225 = EDGE_CURVE('',#18226,#18228,#18230,.T.);
#18226 = VERTEX_POINT('',#18227);
#18227 = CARTESIAN_POINT('',(200.96194077712,3.4E-14,150.96194077712));
#18228 = VERTEX_POINT('',#18229);
#18229 = CARTESIAN_POINT('',(200.96194077712,-30.,150.96194077712));
#18230 = LINE('',#18231,#18232);
#18231 = CARTESIAN_POINT('',(200.96194077712,3.352E-14,150.96194077712)
  );
#18232 = VECTOR('',#18233,1.);
#18233 = DIRECTION('',(0.,-1.,2.2E-16));
#18234 = ORIENTED_EDGE('',*,*,#18235,.T.);
#18235 = EDGE_CURVE('',#18228,#18196,#18236,.T.);
#18236 = CIRCLE('',#18237,65.);
#18237 = AXIS2_PLACEMENT_3D('',#18238,#18239,#18240);
#18238 = CARTESIAN_POINT('',(155.,-30.,196.92388155425));
#18239 = DIRECTION('',(0.,-1.,0.));
#18240 = DIRECTION('',(1.,0.,0.));
#18241 = ORIENTED_EDGE('',*,*,#18203,.F.);
#18242 = ORIENTED_EDGE('',*,*,#18243,.F.);
#18243 = EDGE_CURVE('',#18226,#18204,#18244,.T.);
#18244 = CIRCLE('',#18245,65.);
#18245 = AXIS2_PLACEMENT_3D('',#18246,#18247,#18248);
#18246 = CARTESIAN_POINT('',(155.,0.,196.92388155425));
#18247 = DIRECTION('',(0.,-1.,0.));
#18248 = DIRECTION('',(1.,0.,0.));
#18249 = CYLINDRICAL_SURFACE('',#18250,65.);
#18250 = AXIS2_PLACEMENT_3D('',#18251,#18252,#18253);
#18251 = CARTESIAN_POINT('',(155.,4.373E-14,196.92388155425));
#18252 = DIRECTION('',(0.,1.,-2.2E-16));
#18253 = DIRECTION('',(1.,0.,0.));
#18254 = ADVANCED_FACE('',(#18255),#18271,.F.);
#18255 = FACE_BOUND('',#18256,.F.);
#18256 = EDGE_LOOP('',(#18257,#18258,#18264,#18265));
#18257 = ORIENTED_EDGE('',*,*,#17900,.T.);
#18258 = ORIENTED_EDGE('',*,*,#18259,.T.);
#18259 = EDGE_CURVE('',#17903,#18228,#18260,.T.);
#18260 = LINE('',#18261,#18262);
#18261 = CARTESIAN_POINT('',(90.,-30.,40.));
#18262 = VECTOR('',#18263,1.);
#18263 = DIRECTION('',(0.707106781187,0.,0.707106781187));
#18264 = ORIENTED_EDGE('',*,*,#18225,.F.);
#18265 = ORIENTED_EDGE('',*,*,#18266,.F.);
#18266 = EDGE_CURVE('',#17901,#18226,#18267,.T.);
#18267 = LINE('',#18268,#18269);
#18268 = CARTESIAN_POINT('',(90.,0.,40.));
#18269 = VECTOR('',#18270,1.);
#18270 = DIRECTION('',(0.707106781187,0.,0.707106781187));
#18271 = PLANE('',#18272);
#18272 = AXIS2_PLACEMENT_3D('',#18273,#18274,#18275);
#18273 = CARTESIAN_POINT('',(90.,8.88E-15,40.));
#18274 = DIRECTION('',(-0.707106781187,1.6E-16,0.707106781187));
#18275 = DIRECTION('',(0.707106781187,1.6E-16,0.707106781187));
#18276 = ADVANCED_FACE('',(#18277),#18304,.F.);
#18277 = FACE_BOUND('',#18278,.T.);
#18278 = EDGE_LOOP('',(#18279,#18289,#18296,#18297));
#18279 = ORIENTED_EDGE('',*,*,#18280,.T.);
#18280 = EDGE_CURVE('',#18281,#18283,#18285,.T.);
#18281 = VERTEX_POINT('',#18282);
#18282 = CARTESIAN_POINT('',(30.,1.79E-13,808.));
#18283 = VERTEX_POINT('',#18284);
#18284 = CARTESIAN_POINT('',(30.,-30.,808.));
#18285 = LINE('',#18286,#18287);
#18286 = CARTESIAN_POINT('',(30.,1.7941E-13,808.));
#18287 = VECTOR('',#18288,1.);
#18288 = DIRECTION('',(0.,-1.,2.2E-16));
#18289 = ORIENTED_EDGE('',*,*,#18290,.T.);
#18290 = EDGE_CURVE('',#18283,#18283,#18291,.T.);
#18291 = CIRCLE('',#18292,30.);
#18292 = AXIS2_PLACEMENT_3D('',#18293,#18294,#18295);
#18293 = CARTESIAN_POINT('',(0.,-30.,808.));
#18294 = DIRECTION('',(0.,-1.,0.));
#18295 = DIRECTION('',(1.,0.,0.));
#18296 = ORIENTED_EDGE('',*,*,#18280,.F.);
#18297 = ORIENTED_EDGE('',*,*,#18298,.F.);
#18298 = EDGE_CURVE('',#18281,#18281,#18299,.T.);
#18299 = CIRCLE('',#18300,30.);
#18300 = AXIS2_PLACEMENT_3D('',#18301,#18302,#18303);
#18301 = CARTESIAN_POINT('',(0.,0.,808.));
#18302 = DIRECTION('',(0.,-1.,0.));
#18303 = DIRECTION('',(1.,0.,0.));
#18304 = CYLINDRICAL_SURFACE('',#18305,30.);
#18305 = AXIS2_PLACEMENT_3D('',#18306,#18307,#18308);
#18306 = CARTESIAN_POINT('',(0.,1.7941E-13,808.));
#18307 = DIRECTION('',(0.,1.,-2.2E-16));
#18308 = DIRECTION('',(1.,0.,0.));
#18309 = ADVANCED_FACE('',(#18310),#18337,.F.);
#18310 = FACE_BOUND('',#18311,.T.);
#18311 = EDGE_LOOP('',(#18312,#18322,#18329,#18330));
#18312 = ORIENTED_EDGE('',*,*,#18313,.T.);
#18313 = EDGE_CURVE('',#18314,#18316,#18318,.T.);
#18314 = VERTEX_POINT('',#18315);
#18315 = CARTESIAN_POINT('',(185.,4.4E-14,196.92388155425));
#18316 = VERTEX_POINT('',#18317);
#18317 = CARTESIAN_POINT('',(185.,-30.,196.92388155425));
#18318 = LINE('',#18319,#18320);
#18319 = CARTESIAN_POINT('',(185.,4.373E-14,196.92388155425));
#18320 = VECTOR('',#18321,1.);
#18321 = DIRECTION('',(0.,-1.,2.2E-16));
#18322 = ORIENTED_EDGE('',*,*,#18323,.T.);
#18323 = EDGE_CURVE('',#18316,#18316,#18324,.T.);
#18324 = CIRCLE('',#18325,30.);
#18325 = AXIS2_PLACEMENT_3D('',#18326,#18327,#18328);
#18326 = CARTESIAN_POINT('',(155.,-30.,196.92388155425));
#18327 = DIRECTION('',(0.,-1.,0.));
#18328 = DIRECTION('',(1.,0.,0.));
#18329 = ORIENTED_EDGE('',*,*,#18313,.F.);
#18330 = ORIENTED_EDGE('',*,*,#18331,.F.);
#18331 = EDGE_CURVE('',#18314,#18314,#18332,.T.);
#18332 = CIRCLE('',#18333,30.);
#18333 = AXIS2_PLACEMENT_3D('',#18334,#18335,#18336);
#18334 = CARTESIAN_POINT('',(155.,0.,196.92388155425));
#18335 = DIRECTION('',(0.,-1.,0.));
#18336 = DIRECTION('',(1.,0.,0.));
#18337 = CYLINDRICAL_SURFACE('',#18338,30.);
#18338 = AXIS2_PLACEMENT_3D('',#18339,#18340,#18341);
#18339 = CARTESIAN_POINT('',(155.,4.373E-14,196.92388155425));
#18340 = DIRECTION('',(0.,1.,-2.2E-16));
#18341 = DIRECTION('',(1.,0.,0.));
#18342 = ADVANCED_FACE('',(#18343,#18357,#18360),#18363,.T.);
#18343 = FACE_BOUND('',#18344,.T.);
#18344 = EDGE_LOOP('',(#18345,#18346,#18347,#18348,#18349,#18350,#18351,
    #18352,#18353,#18354,#18355,#18356));
#18345 = ORIENTED_EDGE('',*,*,#17926,.T.);
#18346 = ORIENTED_EDGE('',*,*,#17957,.T.);
#18347 = ORIENTED_EDGE('',*,*,#17988,.T.);
#18348 = ORIENTED_EDGE('',*,*,#18020,.F.);
#18349 = ORIENTED_EDGE('',*,*,#18052,.T.);
#18350 = ORIENTED_EDGE('',*,*,#18084,.F.);
#18351 = ORIENTED_EDGE('',*,*,#18116,.T.);
#18352 = ORIENTED_EDGE('',*,*,#18148,.F.);
#18353 = ORIENTED_EDGE('',*,*,#18180,.T.);
#18354 = ORIENTED_EDGE('',*,*,#18211,.T.);
#18355 = ORIENTED_EDGE('',*,*,#18243,.F.);
#18356 = ORIENTED_EDGE('',*,*,#18266,.F.);
#18357 = FACE_BOUND('',#18358,.T.);
#18358 = EDGE_LOOP('',(#18359));
#18359 = ORIENTED_EDGE('',*,*,#18298,.T.);
#18360 = FACE_BOUND('',#18361,.T.);
#18361 = EDGE_LOOP('',(#18362));
#18362 = ORIENTED_EDGE('',*,*,#18331,.T.);
#18363 = PLANE('',#18364);
#18364 = AXIS2_PLACEMENT_3D('',#18365,#18366,#18367);
#18365 = CARTESIAN_POINT('',(25.796467468325,9.338E-14,420.5684391938));
#18366 = DIRECTION('',(0.,1.,-2.2E-16));
#18367 = DIRECTION('',(0.,2.2E-16,1.));
#18368 = ADVANCED_FACE('',(#18369,#18383,#18386),#18389,.F.);
#18369 = FACE_BOUND('',#18370,.F.);
#18370 = EDGE_LOOP('',(#18371,#18372,#18373,#18374,#18375,#18376,#18377,
    #18378,#18379,#18380,#18381,#18382));
#18371 = ORIENTED_EDGE('',*,*,#17910,.T.);
#18372 = ORIENTED_EDGE('',*,*,#17941,.T.);
#18373 = ORIENTED_EDGE('',*,*,#17972,.T.);
#18374 = ORIENTED_EDGE('',*,*,#18012,.F.);
#18375 = ORIENTED_EDGE('',*,*,#18036,.T.);
#18376 = ORIENTED_EDGE('',*,*,#18076,.F.);
#18377 = ORIENTED_EDGE('',*,*,#18100,.T.);
#18378 = ORIENTED_EDGE('',*,*,#18140,.F.);
#18379 = ORIENTED_EDGE('',*,*,#18164,.T.);
#18380 = ORIENTED_EDGE('',*,*,#18195,.T.);
#18381 = ORIENTED_EDGE('',*,*,#18235,.F.);
#18382 = ORIENTED_EDGE('',*,*,#18259,.F.);
#18383 = FACE_BOUND('',#18384,.F.);
#18384 = EDGE_LOOP('',(#18385));
#18385 = ORIENTED_EDGE('',*,*,#18290,.T.);
#18386 = FACE_BOUND('',#18387,.F.);
#18387 = EDGE_LOOP('',(#18388));
#18388 = ORIENTED_EDGE('',*,*,#18323,.T.);
#18389 = PLANE('',#18390);
#18390 = AXIS2_PLACEMENT_3D('',#18391,#18392,#18393);
#18391 = CARTESIAN_POINT('',(25.796467468325,-30.,420.5684391938));
#18392 = DIRECTION('',(0.,1.,-2.2E-16));
#18393 = DIRECTION('',(0.,2.2E-16,1.));
#18394 = ( GEOMETRIC_REPRESENTATION_CONTEXT(3) 
GLOBAL_UNCERTAINTY_ASSIGNED_CONTEXT((#18398)) 
GLOBAL_UNIT_ASSIGNED_CONTEXT((#18395,#18396,#18397)) 
REPRESENTATION_CONTEXT('Context #1',
  '3D Context with UNIT and UNCERTAINTY') );
#18395 = ( LENGTH_UNIT() NAMED_UNIT(*) SI_UNIT(.MILLI.,.METRE.) );
#18396 = ( NAMED_UNIT(*) PLANE_ANGLE_UNIT() SI_UNIT($,.RADIAN.) );
#18397 = ( NAMED_UNIT(*) SI_UNIT($,.STERADIAN.) SOLID_ANGLE_UNIT() );
#18398 = UNCERTAINTY_MEASURE_WITH_UNIT(LENGTH_MEASURE(1.E-07),#18395,
  'distance_accuracy_value','confusion accuracy');
#18399 = CONTEXT_DEPENDENT_SHAPE_REPRESENTATION(#18400,#18402);
#18400 = ( REPRESENTATION_RELATIONSHIP('','',#17893,#17838) 
REPRESENTATION_RELATIONSHIP_WITH_TRANSFORMATION(#18401) 
SHAPE_REPRESENTATION_RELATIONSHIP() );
#18401 = ITEM_DEFINED_TRANSFORMATION('','',#11,#17839);
#18402 = PRODUCT_DEFINITION_SHAPE('Placement','Placement of an item',
  #18403);
#18403 = NEXT_ASSEMBLY_USAGE_OCCURRENCE('49','Body043','',#17833,#17888,
  $);
#18404 = CC_DESIGN_SECURITY_CLASSIFICATION(#18405,(#18403));
#18405 = SECURITY_CLASSIFICATION('','',#59);
#18406 = CC_DESIGN_PERSON_AND_ORGANIZATION_ASSIGNMENT(#48,#57,(#18405));
#18407 = CC_DESIGN_DATE_AND_TIME_ASSIGNMENT(#62,#68,(#18405));
#18408 = CC_DESIGN_APPROVAL(#70,(#18405));
#18409 = PRODUCT_RELATED_PRODUCT_CATEGORY('detail',$,(#17890));
#18410 = PRODUCT_CATEGORY_RELATIONSHIP('','',#18411,#18409);
#18411 = PRODUCT_CATEGORY('part',$);
#18412 = CC_DESIGN_PERSON_AND_ORGANIZATION_ASSIGNMENT(#48,#51,(#17889,
    #17888));
#18413 = CC_DESIGN_PERSON_AND_ORGANIZATION_ASSIGNMENT(#48,#53,(#17890));
#18414 = CC_DESIGN_PERSON_AND_ORGANIZATION_ASSIGNMENT(#48,#55,(#17889));
#18415 = CC_DESIGN_PERSON_AND_ORGANIZATION_ASSIGNMENT(#48,#57,(#18416));
#18416 = SECURITY_CLASSIFICATION('','',#59);
#18417 = CC_DESIGN_SECURITY_CLASSIFICATION(#18416,(#17889));
#18418 = CC_DESIGN_DATE_AND_TIME_ASSIGNMENT(#62,#66,(#17888));
#18419 = CC_DESIGN_DATE_AND_TIME_ASSIGNMENT(#62,#68,(#18416));
#18420 = CC_DESIGN_APPROVAL(#70,(#17889,#17888,#18416));
#18421 = SHAPE_DEFINITION_REPRESENTATION(#18422,#18428);
#18422 = PRODUCT_DEFINITION_SHAPE('','',#18423);
#18423 = PRODUCT_DEFINITION('design','',#18424,#18427);
#18424 = PRODUCT_DEFINITION_FORMATION_WITH_SPECIFIED_SOURCE('','',#18425
  ,.NOT_KNOWN.);
#18425 = PRODUCT('Body','Body','',(#18426));
#18426 = MECHANICAL_CONTEXT('',#2,'mechanical');
#18427 = DESIGN_CONTEXT('',#2,'design');
#18428 = ADVANCED_BREP_SHAPE_REPRESENTATION('',(#11,#18429),#18824);
#18429 = MANIFOLD_SOLID_BREP('',#18430);
#18430 = CLOSED_SHELL('',(#18431,#18471,#18504,#18535,#18568,#18599,
    #18632,#18663,#18694,#18727,#18749,#18782,#18803));
#18431 = ADVANCED_FACE('',(#18432),#18466,.F.);
#18432 = FACE_BOUND('',#18433,.F.);
#18433 = EDGE_LOOP('',(#18434,#18444,#18452,#18460));
#18434 = ORIENTED_EDGE('',*,*,#18435,.T.);
#18435 = EDGE_CURVE('',#18436,#18438,#18440,.T.);
#18436 = VERTEX_POINT('',#18437);
#18437 = CARTESIAN_POINT('',(-90.,4.1E-14,185.));
#18438 = VERTEX_POINT('',#18439);
#18439 = CARTESIAN_POINT('',(-90.,-25.,185.));
#18440 = LINE('',#18441,#18442);
#18441 = CARTESIAN_POINT('',(-90.,4.108E-14,185.));
#18442 = VECTOR('',#18443,1.);
#18443 = DIRECTION('',(0.,-1.,2.2E-16));
#18444 = ORIENTED_EDGE('',*,*,#18445,.T.);
#18445 = EDGE_CURVE('',#18438,#18446,#18448,.T.);
#18446 = VERTEX_POINT('',#18447);
#18447 = CARTESIAN_POINT('',(-90.,-25.,65.));
#18448 = LINE('',#18449,#18450);
#18449 = CARTESIAN_POINT('',(-90.,-25.,185.));
#18450 = VECTOR('',#18451,1.);
#18451 = DIRECTION('',(0.,0.,-1.));
#18452 = ORIENTED_EDGE('',*,*,#18453,.F.);
#18453 = EDGE_CURVE('',#18454,#18446,#18456,.T.);
#18454 = VERTEX_POINT('',#18455);
#18455 = CARTESIAN_POINT('',(-90.,1.4E-14,65.));
#18456 = LINE('',#18457,#18458);
#18457 = CARTESIAN_POINT('',(-90.,1.443E-14,65.));
#18458 = VECTOR('',#18459,1.);
#18459 = DIRECTION('',(0.,-1.,2.2E-16));
#18460 = ORIENTED_EDGE('',*,*,#18461,.F.);
#18461 = EDGE_CURVE('',#18436,#18454,#18462,.T.);
#18462 = LINE('',#18463,#18464);
#18463 = CARTESIAN_POINT('',(-90.,0.,185.));
#18464 = VECTOR('',#18465,1.);
#18465 = DIRECTION('',(0.,0.,-1.));
#18466 = PLANE('',#18467);
#18467 = AXIS2_PLACEMENT_3D('',#18468,#18469,#18470);
#18468 = CARTESIAN_POINT('',(-90.,4.108E-14,185.));
#18469 = DIRECTION('',(1.,0.,0.));
#18470 = DIRECTION('',(0.,-2.2E-16,-1.));
#18471 = ADVANCED_FACE('',(#18472),#18499,.T.);
#18472 = FACE_BOUND('',#18473,.F.);
#18473 = EDGE_LOOP('',(#18474,#18475,#18484,#18492));
#18474 = ORIENTED_EDGE('',*,*,#18453,.T.);
#18475 = ORIENTED_EDGE('',*,*,#18476,.T.);
#18476 = EDGE_CURVE('',#18446,#18477,#18479,.T.);
#18477 = VERTEX_POINT('',#18478);
#18478 = CARTESIAN_POINT('',(-80.38461538461,-25.,45.294325450078));
#18479 = CIRCLE('',#18480,25.);
#18480 = AXIS2_PLACEMENT_3D('',#18481,#18482,#18483);
#18481 = CARTESIAN_POINT('',(-65.,-25.,65.));
#18482 = DIRECTION('',(0.,-1.,0.));
#18483 = DIRECTION('',(1.,0.,0.));
#18484 = ORIENTED_EDGE('',*,*,#18485,.F.);
#18485 = EDGE_CURVE('',#18486,#18477,#18488,.T.);
#18486 = VERTEX_POINT('',#18487);
#18487 = CARTESIAN_POINT('',(-80.38461538461,1.E-14,45.294325450078));
#18488 = LINE('',#18489,#18490);
#18489 = CARTESIAN_POINT('',(-80.38461538461,1.006E-14,45.294325450078)
  );
#18490 = VECTOR('',#18491,1.);
#18491 = DIRECTION('',(0.,-1.,2.2E-16));
#18492 = ORIENTED_EDGE('',*,*,#18493,.F.);
#18493 = EDGE_CURVE('',#18454,#18486,#18494,.T.);
#18494 = CIRCLE('',#18495,25.);
#18495 = AXIS2_PLACEMENT_3D('',#18496,#18497,#18498);
#18496 = CARTESIAN_POINT('',(-65.,0.,65.));
#18497 = DIRECTION('',(0.,-1.,0.));
#18498 = DIRECTION('',(1.,0.,0.));
#18499 = CYLINDRICAL_SURFACE('',#18500,25.);
#18500 = AXIS2_PLACEMENT_3D('',#18501,#18502,#18503);
#18501 = CARTESIAN_POINT('',(-65.,1.443E-14,65.));
#18502 = DIRECTION('',(0.,1.,-2.2E-16));
#18503 = DIRECTION('',(1.,0.,0.));
#18504 = ADVANCED_FACE('',(#18505),#18530,.F.);
#18505 = FACE_BOUND('',#18506,.F.);
#18506 = EDGE_LOOP('',(#18507,#18508,#18516,#18524));
#18507 = ORIENTED_EDGE('',*,*,#18485,.T.);
#18508 = ORIENTED_EDGE('',*,*,#18509,.T.);
#18509 = EDGE_CURVE('',#18477,#18510,#18512,.T.);
#18510 = VERTEX_POINT('',#18511);
#18511 = CARTESIAN_POINT('',(-40.,-25.,13.765246170202));
#18512 = LINE('',#18513,#18514);
#18513 = CARTESIAN_POINT('',(-80.38461538461,-25.,45.294325450078));
#18514 = VECTOR('',#18515,1.);
#18515 = DIRECTION('',(0.788226981997,0.,-0.615384615385));
#18516 = ORIENTED_EDGE('',*,*,#18517,.F.);
#18517 = EDGE_CURVE('',#18518,#18510,#18520,.T.);
#18518 = VERTEX_POINT('',#18519);
#18519 = CARTESIAN_POINT('',(-40.,3.E-15,13.765246170202));
#18520 = LINE('',#18521,#18522);
#18521 = CARTESIAN_POINT('',(-40.,3.06E-15,13.765246170202));
#18522 = VECTOR('',#18523,1.);
#18523 = DIRECTION('',(0.,-1.,2.2E-16));
#18524 = ORIENTED_EDGE('',*,*,#18525,.F.);
#18525 = EDGE_CURVE('',#18486,#18518,#18526,.T.);
#18526 = LINE('',#18527,#18528);
#18527 = CARTESIAN_POINT('',(-80.38461538461,0.,45.294325450078));
#18528 = VECTOR('',#18529,1.);
#18529 = DIRECTION('',(0.788226981997,0.,-0.615384615385));
#18530 = PLANE('',#18531);
#18531 = AXIS2_PLACEMENT_3D('',#18532,#18533,#18534);
#18532 = CARTESIAN_POINT('',(-80.38461538461,1.006E-14,45.294325450078)
  );
#18533 = DIRECTION('',(0.615384615385,1.8E-16,0.788226981997));
#18534 = DIRECTION('',(0.788226981997,-1.4E-16,-0.615384615385));
#18535 = ADVANCED_FACE('',(#18536),#18563,.T.);
#18536 = FACE_BOUND('',#18537,.F.);
#18537 = EDGE_LOOP('',(#18538,#18539,#18548,#18556));
#18538 = ORIENTED_EDGE('',*,*,#18517,.T.);
#18539 = ORIENTED_EDGE('',*,*,#18540,.T.);
#18540 = EDGE_CURVE('',#18510,#18541,#18543,.T.);
#18541 = VERTEX_POINT('',#18542);
#18542 = CARTESIAN_POINT('',(40.,-25.,13.765246170202));
#18543 = CIRCLE('',#18544,65.);
#18544 = AXIS2_PLACEMENT_3D('',#18545,#18546,#18547);
#18545 = CARTESIAN_POINT('',(0.,-25.,65.));
#18546 = DIRECTION('',(0.,-1.,0.));
#18547 = DIRECTION('',(1.,0.,0.));
#18548 = ORIENTED_EDGE('',*,*,#18549,.F.);
#18549 = EDGE_CURVE('',#18550,#18541,#18552,.T.);
#18550 = VERTEX_POINT('',#18551);
#18551 = CARTESIAN_POINT('',(40.,3.E-15,13.765246170202));
#18552 = LINE('',#18553,#18554);
#18553 = CARTESIAN_POINT('',(40.,3.06E-15,13.765246170202));
#18554 = VECTOR('',#18555,1.);
#18555 = DIRECTION('',(0.,-1.,2.2E-16));
#18556 = ORIENTED_EDGE('',*,*,#18557,.F.);
#18557 = EDGE_CURVE('',#18518,#18550,#18558,.T.);
#18558 = CIRCLE('',#18559,65.);
#18559 = AXIS2_PLACEMENT_3D('',#18560,#18561,#18562);
#18560 = CARTESIAN_POINT('',(0.,0.,65.));
#18561 = DIRECTION('',(0.,-1.,0.));
#18562 = DIRECTION('',(1.,0.,0.));
#18563 = CYLINDRICAL_SURFACE('',#18564,65.);
#18564 = AXIS2_PLACEMENT_3D('',#18565,#18566,#18567);
#18565 = CARTESIAN_POINT('',(0.,1.443E-14,65.));
#18566 = DIRECTION('',(0.,1.,-2.2E-16));
#18567 = DIRECTION('',(1.,0.,0.));
#18568 = ADVANCED_FACE('',(#18569),#18594,.T.);
#18569 = FACE_BOUND('',#18570,.T.);
#18570 = EDGE_LOOP('',(#18571,#18581,#18587,#18588));
#18571 = ORIENTED_EDGE('',*,*,#18572,.T.);
#18572 = EDGE_CURVE('',#18573,#18575,#18577,.T.);
#18573 = VERTEX_POINT('',#18574);
#18574 = CARTESIAN_POINT('',(80.384615384615,1.E-14,45.294325450078));
#18575 = VERTEX_POINT('',#18576);
#18576 = CARTESIAN_POINT('',(80.384615384615,-25.,45.294325450078));
#18577 = LINE('',#18578,#18579);
#18578 = CARTESIAN_POINT('',(80.384615384615,1.006E-14,45.294325450078)
  );
#18579 = VECTOR('',#18580,1.);
#18580 = DIRECTION('',(0.,-1.,2.2E-16));
#18581 = ORIENTED_EDGE('',*,*,#18582,.T.);
#18582 = EDGE_CURVE('',#18575,#18541,#18583,.T.);
#18583 = LINE('',#18584,#18585);
#18584 = CARTESIAN_POINT('',(80.384615384615,-25.,45.294325450078));
#18585 = VECTOR('',#18586,1.);
#18586 = DIRECTION('',(-0.788226981997,-0.,-0.615384615385));
#18587 = ORIENTED_EDGE('',*,*,#18549,.F.);
#18588 = ORIENTED_EDGE('',*,*,#18589,.F.);
#18589 = EDGE_CURVE('',#18573,#18550,#18590,.T.);
#18590 = LINE('',#18591,#18592);
#18591 = CARTESIAN_POINT('',(80.384615384615,0.,45.294325450078));
#18592 = VECTOR('',#18593,1.);
#18593 = DIRECTION('',(-0.788226981997,-0.,-0.615384615385));
#18594 = PLANE('',#18595);
#18595 = AXIS2_PLACEMENT_3D('',#18596,#18597,#18598);
#18596 = CARTESIAN_POINT('',(80.384615384615,1.006E-14,45.294325450078)
  );
#18597 = DIRECTION('',(0.615384615385,-1.8E-16,-0.788226981997));
#18598 = DIRECTION('',(-0.788226981997,-1.4E-16,-0.615384615385));
#18599 = ADVANCED_FACE('',(#18600),#18627,.T.);
#18600 = FACE_BOUND('',#18601,.F.);
#18601 = EDGE_LOOP('',(#18602,#18603,#18612,#18620));
#18602 = ORIENTED_EDGE('',*,*,#18572,.T.);
#18603 = ORIENTED_EDGE('',*,*,#18604,.T.);
#18604 = EDGE_CURVE('',#18575,#18605,#18607,.T.);
#18605 = VERTEX_POINT('',#18606);
#18606 = CARTESIAN_POINT('',(90.,-25.,65.));
#18607 = CIRCLE('',#18608,25.);
#18608 = AXIS2_PLACEMENT_3D('',#18609,#18610,#18611);
#18609 = CARTESIAN_POINT('',(65.,-25.,65.));
#18610 = DIRECTION('',(0.,-1.,0.));
#18611 = DIRECTION('',(1.,0.,0.));
#18612 = ORIENTED_EDGE('',*,*,#18613,.F.);
#18613 = EDGE_CURVE('',#18614,#18605,#18616,.T.);
#18614 = VERTEX_POINT('',#18615);
#18615 = CARTESIAN_POINT('',(90.,1.4E-14,65.));
#18616 = LINE('',#18617,#18618);
#18617 = CARTESIAN_POINT('',(90.,1.443E-14,65.));
#18618 = VECTOR('',#18619,1.);
#18619 = DIRECTION('',(0.,-1.,2.2E-16));
#18620 = ORIENTED_EDGE('',*,*,#18621,.F.);
#18621 = EDGE_CURVE('',#18573,#18614,#18622,.T.);
#18622 = CIRCLE('',#18623,25.);
#18623 = AXIS2_PLACEMENT_3D('',#18624,#18625,#18626);
#18624 = CARTESIAN_POINT('',(65.,0.,65.));
#18625 = DIRECTION('',(0.,-1.,0.));
#18626 = DIRECTION('',(1.,0.,0.));
#18627 = CYLINDRICAL_SURFACE('',#18628,25.);
#18628 = AXIS2_PLACEMENT_3D('',#18629,#18630,#18631);
#18629 = CARTESIAN_POINT('',(65.,1.443E-14,65.));
#18630 = DIRECTION('',(0.,1.,-2.2E-16));
#18631 = DIRECTION('',(1.,0.,0.));
#18632 = ADVANCED_FACE('',(#18633),#18658,.T.);
#18633 = FACE_BOUND('',#18634,.T.);
#18634 = EDGE_LOOP('',(#18635,#18645,#18651,#18652));
#18635 = ORIENTED_EDGE('',*,*,#18636,.T.);
#18636 = EDGE_CURVE('',#18637,#18639,#18641,.T.);
#18637 = VERTEX_POINT('',#18638);
#18638 = CARTESIAN_POINT('',(90.,4.1E-14,185.));
#18639 = VERTEX_POINT('',#18640);
#18640 = CARTESIAN_POINT('',(90.,-25.,185.));
#18641 = LINE('',#18642,#18643);
#18642 = CARTESIAN_POINT('',(90.,4.108E-14,185.));
#18643 = VECTOR('',#18644,1.);
#18644 = DIRECTION('',(0.,-1.,2.2E-16));
#18645 = ORIENTED_EDGE('',*,*,#18646,.T.);
#18646 = EDGE_CURVE('',#18639,#18605,#18647,.T.);
#18647 = LINE('',#18648,#18649);
#18648 = CARTESIAN_POINT('',(90.,-25.,185.));
#18649 = VECTOR('',#18650,1.);
#18650 = DIRECTION('',(0.,0.,-1.));
#18651 = ORIENTED_EDGE('',*,*,#18613,.F.);
#18652 = ORIENTED_EDGE('',*,*,#18653,.F.);
#18653 = EDGE_CURVE('',#18637,#18614,#18654,.T.);
#18654 = LINE('',#18655,#18656);
#18655 = CARTESIAN_POINT('',(90.,0.,185.));
#18656 = VECTOR('',#18657,1.);
#18657 = DIRECTION('',(0.,0.,-1.));
#18658 = PLANE('',#18659);
#18659 = AXIS2_PLACEMENT_3D('',#18660,#18661,#18662);
#18660 = CARTESIAN_POINT('',(90.,4.108E-14,185.));
#18661 = DIRECTION('',(1.,0.,0.));
#18662 = DIRECTION('',(0.,-2.2E-16,-1.));
#18663 = ADVANCED_FACE('',(#18664),#18689,.T.);
#18664 = FACE_BOUND('',#18665,.T.);
#18665 = EDGE_LOOP('',(#18666,#18676,#18682,#18683));
#18666 = ORIENTED_EDGE('',*,*,#18667,.T.);
#18667 = EDGE_CURVE('',#18668,#18670,#18672,.T.);
#18668 = VERTEX_POINT('',#18669);
#18669 = CARTESIAN_POINT('',(14.637263846109,5.3E-14,239.42864277781));
#18670 = VERTEX_POINT('',#18671);
#18671 = CARTESIAN_POINT('',(14.637263846109,-25.,239.42864277781));
#18672 = LINE('',#18673,#18674);
#18673 = CARTESIAN_POINT('',(14.637263846109,5.316E-14,239.42864277781)
  );
#18674 = VECTOR('',#18675,1.);
#18675 = DIRECTION('',(0.,-1.,2.2E-16));
#18676 = ORIENTED_EDGE('',*,*,#18677,.T.);
#18677 = EDGE_CURVE('',#18670,#18639,#18678,.T.);
#18678 = LINE('',#18679,#18680);
#18679 = CARTESIAN_POINT('',(14.637263846109,-25.,239.42864277781));
#18680 = VECTOR('',#18681,1.);
#18681 = DIRECTION('',(0.8106792284,0.,-0.585490553844));
#18682 = ORIENTED_EDGE('',*,*,#18636,.F.);
#18683 = ORIENTED_EDGE('',*,*,#18684,.F.);
#18684 = EDGE_CURVE('',#18668,#18637,#18685,.T.);
#18685 = LINE('',#18686,#18687);
#18686 = CARTESIAN_POINT('',(14.637263846109,0.,239.42864277781));
#18687 = VECTOR('',#18688,1.);
#18688 = DIRECTION('',(0.8106792284,0.,-0.585490553844));
#18689 = PLANE('',#18690);
#18690 = AXIS2_PLACEMENT_3D('',#18691,#18692,#18693);
#18691 = CARTESIAN_POINT('',(14.637263846109,5.316E-14,239.42864277781)
  );
#18692 = DIRECTION('',(0.585490553844,1.8E-16,0.8106792284));
#18693 = DIRECTION('',(0.8106792284,-1.3E-16,-0.585490553844));
#18694 = ADVANCED_FACE('',(#18695),#18722,.T.);
#18695 = FACE_BOUND('',#18696,.F.);
#18696 = EDGE_LOOP('',(#18697,#18698,#18707,#18715));
#18697 = ORIENTED_EDGE('',*,*,#18667,.T.);
#18698 = ORIENTED_EDGE('',*,*,#18699,.T.);
#18699 = EDGE_CURVE('',#18670,#18700,#18702,.T.);
#18700 = VERTEX_POINT('',#18701);
#18701 = CARTESIAN_POINT('',(-14.6372638461,-25.,239.42864277781));
#18702 = CIRCLE('',#18703,25.);
#18703 = AXIS2_PLACEMENT_3D('',#18704,#18705,#18706);
#18704 = CARTESIAN_POINT('',(-1.06E-14,-25.,219.16166206781));
#18705 = DIRECTION('',(0.,-1.,0.));
#18706 = DIRECTION('',(1.,0.,0.));
#18707 = ORIENTED_EDGE('',*,*,#18708,.F.);
#18708 = EDGE_CURVE('',#18709,#18700,#18711,.T.);
#18709 = VERTEX_POINT('',#18710);
#18710 = CARTESIAN_POINT('',(-14.6372638461,5.3E-14,239.42864277781));
#18711 = LINE('',#18712,#18713);
#18712 = CARTESIAN_POINT('',(-14.6372638461,5.316E-14,239.42864277781));
#18713 = VECTOR('',#18714,1.);
#18714 = DIRECTION('',(0.,-1.,2.2E-16));
#18715 = ORIENTED_EDGE('',*,*,#18716,.F.);
#18716 = EDGE_CURVE('',#18668,#18709,#18717,.T.);
#18717 = CIRCLE('',#18718,25.);
#18718 = AXIS2_PLACEMENT_3D('',#18719,#18720,#18721);
#18719 = CARTESIAN_POINT('',(-1.06E-14,0.,219.16166206781));
#18720 = DIRECTION('',(0.,-1.,0.));
#18721 = DIRECTION('',(1.,0.,0.));
#18722 = CYLINDRICAL_SURFACE('',#18723,25.);
#18723 = AXIS2_PLACEMENT_3D('',#18724,#18725,#18726);
#18724 = CARTESIAN_POINT('',(-1.06E-14,4.866E-14,219.16166206781));
#18725 = DIRECTION('',(0.,1.,-2.2E-16));
#18726 = DIRECTION('',(1.,0.,0.));
#18727 = ADVANCED_FACE('',(#18728),#18744,.T.);
#18728 = FACE_BOUND('',#18729,.T.);
#18729 = EDGE_LOOP('',(#18730,#18731,#18737,#18738));
#18730 = ORIENTED_EDGE('',*,*,#18435,.T.);
#18731 = ORIENTED_EDGE('',*,*,#18732,.T.);
#18732 = EDGE_CURVE('',#18438,#18700,#18733,.T.);
#18733 = LINE('',#18734,#18735);
#18734 = CARTESIAN_POINT('',(-90.,-25.,185.));
#18735 = VECTOR('',#18736,1.);
#18736 = DIRECTION('',(0.8106792284,0.,0.585490553844));
#18737 = ORIENTED_EDGE('',*,*,#18708,.F.);
#18738 = ORIENTED_EDGE('',*,*,#18739,.F.);
#18739 = EDGE_CURVE('',#18436,#18709,#18740,.T.);
#18740 = LINE('',#18741,#18742);
#18741 = CARTESIAN_POINT('',(-90.,0.,185.));
#18742 = VECTOR('',#18743,1.);
#18743 = DIRECTION('',(0.8106792284,0.,0.585490553844));
#18744 = PLANE('',#18745);
#18745 = AXIS2_PLACEMENT_3D('',#18746,#18747,#18748);
#18746 = CARTESIAN_POINT('',(-90.,4.108E-14,185.));
#18747 = DIRECTION('',(-0.585490553844,1.8E-16,0.8106792284));
#18748 = DIRECTION('',(0.8106792284,1.3E-16,0.585490553844));
#18749 = ADVANCED_FACE('',(#18750),#18777,.F.);
#18750 = FACE_BOUND('',#18751,.T.);
#18751 = EDGE_LOOP('',(#18752,#18762,#18769,#18770));
#18752 = ORIENTED_EDGE('',*,*,#18753,.T.);
#18753 = EDGE_CURVE('',#18754,#18756,#18758,.T.);
#18754 = VERTEX_POINT('',#18755);
#18755 = CARTESIAN_POINT('',(30.,1.4E-14,65.));
#18756 = VERTEX_POINT('',#18757);
#18757 = CARTESIAN_POINT('',(30.,-25.,65.));
#18758 = LINE('',#18759,#18760);
#18759 = CARTESIAN_POINT('',(30.,1.443E-14,65.));
#18760 = VECTOR('',#18761,1.);
#18761 = DIRECTION('',(0.,-1.,2.2E-16));
#18762 = ORIENTED_EDGE('',*,*,#18763,.T.);
#18763 = EDGE_CURVE('',#18756,#18756,#18764,.T.);
#18764 = CIRCLE('',#18765,30.);
#18765 = AXIS2_PLACEMENT_3D('',#18766,#18767,#18768);
#18766 = CARTESIAN_POINT('',(0.,-25.,65.));
#18767 = DIRECTION('',(0.,-1.,0.));
#18768 = DIRECTION('',(1.,0.,0.));
#18769 = ORIENTED_EDGE('',*,*,#18753,.F.);
#18770 = ORIENTED_EDGE('',*,*,#18771,.F.);
#18771 = EDGE_CURVE('',#18754,#18754,#18772,.T.);
#18772 = CIRCLE('',#18773,30.);
#18773 = AXIS2_PLACEMENT_3D('',#18774,#18775,#18776);
#18774 = CARTESIAN_POINT('',(0.,0.,65.));
#18775 = DIRECTION('',(0.,-1.,0.));
#18776 = DIRECTION('',(1.,0.,0.));
#18777 = CYLINDRICAL_SURFACE('',#18778,30.);
#18778 = AXIS2_PLACEMENT_3D('',#18779,#18780,#18781);
#18779 = CARTESIAN_POINT('',(0.,1.443E-14,65.));
#18780 = DIRECTION('',(0.,1.,-2.2E-16));
#18781 = DIRECTION('',(1.,0.,0.));
#18782 = ADVANCED_FACE('',(#18783,#18795),#18798,.T.);
#18783 = FACE_BOUND('',#18784,.F.);
#18784 = EDGE_LOOP('',(#18785,#18786,#18787,#18788,#18789,#18790,#18791,
    #18792,#18793,#18794));
#18785 = ORIENTED_EDGE('',*,*,#18461,.T.);
#18786 = ORIENTED_EDGE('',*,*,#18493,.T.);
#18787 = ORIENTED_EDGE('',*,*,#18525,.T.);
#18788 = ORIENTED_EDGE('',*,*,#18557,.T.);
#18789 = ORIENTED_EDGE('',*,*,#18589,.F.);
#18790 = ORIENTED_EDGE('',*,*,#18621,.T.);
#18791 = ORIENTED_EDGE('',*,*,#18653,.F.);
#18792 = ORIENTED_EDGE('',*,*,#18684,.F.);
#18793 = ORIENTED_EDGE('',*,*,#18716,.T.);
#18794 = ORIENTED_EDGE('',*,*,#18739,.F.);
#18795 = FACE_BOUND('',#18796,.T.);
#18796 = EDGE_LOOP('',(#18797));
#18797 = ORIENTED_EDGE('',*,*,#18771,.T.);
#18798 = PLANE('',#18799);
#18799 = AXIS2_PLACEMENT_3D('',#18800,#18801,#18802);
#18800 = CARTESIAN_POINT('',(-8.1E-16,2.443E-14,110.02210004677));
#18801 = DIRECTION('',(0.,1.,0.));
#18802 = DIRECTION('',(0.,0.,1.));
#18803 = ADVANCED_FACE('',(#18804,#18816),#18819,.F.);
#18804 = FACE_BOUND('',#18805,.T.);
#18805 = EDGE_LOOP('',(#18806,#18807,#18808,#18809,#18810,#18811,#18812,
    #18813,#18814,#18815));
#18806 = ORIENTED_EDGE('',*,*,#18445,.T.);
#18807 = ORIENTED_EDGE('',*,*,#18476,.T.);
#18808 = ORIENTED_EDGE('',*,*,#18509,.T.);
#18809 = ORIENTED_EDGE('',*,*,#18540,.T.);
#18810 = ORIENTED_EDGE('',*,*,#18582,.F.);
#18811 = ORIENTED_EDGE('',*,*,#18604,.T.);
#18812 = ORIENTED_EDGE('',*,*,#18646,.F.);
#18813 = ORIENTED_EDGE('',*,*,#18677,.F.);
#18814 = ORIENTED_EDGE('',*,*,#18699,.T.);
#18815 = ORIENTED_EDGE('',*,*,#18732,.F.);
#18816 = FACE_BOUND('',#18817,.F.);
#18817 = EDGE_LOOP('',(#18818));
#18818 = ORIENTED_EDGE('',*,*,#18763,.T.);
#18819 = PLANE('',#18820);
#18820 = AXIS2_PLACEMENT_3D('',#18821,#18822,#18823);
#18821 = CARTESIAN_POINT('',(-8.1E-16,-25.,110.02210004677));
#18822 = DIRECTION('',(0.,1.,0.));
#18823 = DIRECTION('',(0.,0.,1.));
#18824 = ( GEOMETRIC_REPRESENTATION_CONTEXT(3) 
GLOBAL_UNCERTAINTY_ASSIGNED_CONTEXT((#18828)) 
GLOBAL_UNIT_ASSIGNED_CONTEXT((#18825,#18826,#18827)) 
REPRESENTATION_CONTEXT('Context #1',
  '3D Context with UNIT and UNCERTAINTY') );
#18825 = ( LENGTH_UNIT() NAMED_UNIT(*) SI_UNIT(.MILLI.,.METRE.) );
#18826 = ( NAMED_UNIT(*) PLANE_ANGLE_UNIT() SI_UNIT($,.RADIAN.) );
#18827 = ( NAMED_UNIT(*) SI_UNIT($,.STERADIAN.) SOLID_ANGLE_UNIT() );
#18828 = UNCERTAINTY_MEASURE_WITH_UNIT(LENGTH_MEASURE(1.E-07),#18825,
  'distance_accuracy_value','confusion accuracy');
#18829 = CONTEXT_DEPENDENT_SHAPE_REPRESENTATION(#18830,#18832);
#18830 = ( REPRESENTATION_RELATIONSHIP('','',#18428,#17838) 
REPRESENTATION_RELATIONSHIP_WITH_TRANSFORMATION(#18831) 
SHAPE_REPRESENTATION_RELATIONSHIP() );
#18831 = ITEM_DEFINED_TRANSFORMATION('','',#11,#17843);
#18832 = PRODUCT_DEFINITION_SHAPE('Placement','Placement of an item',
  #18833);
#18833 = NEXT_ASSEMBLY_USAGE_OCCURRENCE('50','Body039','',#17833,#18423,
  $);
#18834 = CC_DESIGN_SECURITY_CLASSIFICATION(#18835,(#18833));
#18835 = SECURITY_CLASSIFICATION('','',#59);
#18836 = CC_DESIGN_PERSON_AND_ORGANIZATION_ASSIGNMENT(#48,#57,(#18835));
#18837 = CC_DESIGN_DATE_AND_TIME_ASSIGNMENT(#62,#68,(#18835));
#18838 = CC_DESIGN_APPROVAL(#70,(#18835));
#18839 = PRODUCT_RELATED_PRODUCT_CATEGORY('detail',$,(#18425));
#18840 = PRODUCT_CATEGORY_RELATIONSHIP('','',#18841,#18839);
#18841 = PRODUCT_CATEGORY('part',$);
#18842 = CC_DESIGN_PERSON_AND_ORGANIZATION_ASSIGNMENT(#48,#51,(#18424,
    #18423));
#18843 = CC_DESIGN_PERSON_AND_ORGANIZATION_ASSIGNMENT(#48,#53,(#18425));
#18844 = CC_DESIGN_PERSON_AND_ORGANIZATION_ASSIGNMENT(#48,#55,(#18424));
#18845 = CC_DESIGN_PERSON_AND_ORGANIZATION_ASSIGNMENT(#48,#57,(#18846));
#18846 = SECURITY_CLASSIFICATION('','',#59);
#18847 = CC_DESIGN_SECURITY_CLASSIFICATION(#18846,(#18424));
#18848 = CC_DESIGN_DATE_AND_TIME_ASSIGNMENT(#62,#66,(#18423));
#18849 = CC_DESIGN_DATE_AND_TIME_ASSIGNMENT(#62,#68,(#18846));
#18850 = CC_DESIGN_APPROVAL(#70,(#18424,#18423,#18846));
#18851 = CONTEXT_DEPENDENT_SHAPE_REPRESENTATION(#18852,#18854);
#18852 = ( REPRESENTATION_RELATIONSHIP('','',#18428,#17838) 
REPRESENTATION_RELATIONSHIP_WITH_TRANSFORMATION(#18853) 
SHAPE_REPRESENTATION_RELATIONSHIP() );
#18853 = ITEM_DEFINED_TRANSFORMATION('','',#11,#17847);
#18854 = PRODUCT_DEFINITION_SHAPE('Placement','Placement of an item',
  #18855);
#18855 = NEXT_ASSEMBLY_USAGE_OCCURRENCE('51','Body040','',#17833,#18423,
  $);
#18856 = SHAPE_DEFINITION_REPRESENTATION(#18857,#18863);
#18857 = PRODUCT_DEFINITION_SHAPE('','',#18858);
#18858 = PRODUCT_DEFINITION('design','',#18859,#18862);
#18859 = PRODUCT_DEFINITION_FORMATION_WITH_SPECIFIED_SOURCE('','',#18860
  ,.NOT_KNOWN.);
#18860 = PRODUCT('Body','Body','',(#18861));
#18861 = MECHANICAL_CONTEXT('',#2,'mechanical');
#18862 = DESIGN_CONTEXT('',#2,'design');
#18863 = ADVANCED_BREP_SHAPE_REPRESENTATION('',(#11,#18864),#19082);
#18864 = MANIFOLD_SOLID_BREP('',#18865);
#18865 = CLOSED_SHELL('',(#18866,#18906,#18937,#18968,#18999,#19030,
    #19054,#19068));
#18866 = ADVANCED_FACE('',(#18867),#18901,.T.);
#18867 = FACE_BOUND('',#18868,.T.);
#18868 = EDGE_LOOP('',(#18869,#18879,#18887,#18895));
#18869 = ORIENTED_EDGE('',*,*,#18870,.T.);
#18870 = EDGE_CURVE('',#18871,#18873,#18875,.T.);
#18871 = VERTEX_POINT('',#18872);
#18872 = CARTESIAN_POINT('',(14.637263846087,2.3E-14,104.42864277776));
#18873 = VERTEX_POINT('',#18874);
#18874 = CARTESIAN_POINT('',(14.637263846087,-45.,104.42864277776));
#18875 = LINE('',#18876,#18877);
#18876 = CARTESIAN_POINT('',(14.637263846087,2.319E-14,104.42864277776)
  );
#18877 = VECTOR('',#18878,1.);
#18878 = DIRECTION('',(0.,-1.,2.2E-16));
#18879 = ORIENTED_EDGE('',*,*,#18880,.T.);
#18880 = EDGE_CURVE('',#18873,#18881,#18883,.T.);
#18881 = VERTEX_POINT('',#18882);
#18882 = CARTESIAN_POINT('',(90.,-45.,50.));
#18883 = LINE('',#18884,#18885);
#18884 = CARTESIAN_POINT('',(14.637263846087,-45.,104.42864277776));
#18885 = VECTOR('',#18886,1.);
#18886 = DIRECTION('',(0.8106792284,0.,-0.585490553844));
#18887 = ORIENTED_EDGE('',*,*,#18888,.F.);
#18888 = EDGE_CURVE('',#18889,#18881,#18891,.T.);
#18889 = VERTEX_POINT('',#18890);
#18890 = CARTESIAN_POINT('',(90.,1.1E-14,50.));
#18891 = LINE('',#18892,#18893);
#18892 = CARTESIAN_POINT('',(90.,1.11E-14,50.));
#18893 = VECTOR('',#18894,1.);
#18894 = DIRECTION('',(0.,-1.,2.2E-16));
#18895 = ORIENTED_EDGE('',*,*,#18896,.F.);
#18896 = EDGE_CURVE('',#18871,#18889,#18897,.T.);
#18897 = LINE('',#18898,#18899);
#18898 = CARTESIAN_POINT('',(14.637263846087,0.,104.42864277776));
#18899 = VECTOR('',#18900,1.);
#18900 = DIRECTION('',(0.8106792284,0.,-0.585490553844));
#18901 = PLANE('',#18902);
#18902 = AXIS2_PLACEMENT_3D('',#18903,#18904,#18905);
#18903 = CARTESIAN_POINT('',(14.637263846087,2.319E-14,104.42864277776)
  );
#18904 = DIRECTION('',(0.585490553844,1.8E-16,0.8106792284));
#18905 = DIRECTION('',(0.8106792284,-1.3E-16,-0.585490553844));
#18906 = ADVANCED_FACE('',(#18907),#18932,.T.);
#18907 = FACE_BOUND('',#18908,.T.);
#18908 = EDGE_LOOP('',(#18909,#18910,#18918,#18926));
#18909 = ORIENTED_EDGE('',*,*,#18888,.T.);
#18910 = ORIENTED_EDGE('',*,*,#18911,.T.);
#18911 = EDGE_CURVE('',#18881,#18912,#18914,.T.);
#18912 = VERTEX_POINT('',#18913);
#18913 = CARTESIAN_POINT('',(90.,-45.,1.E-14));
#18914 = LINE('',#18915,#18916);
#18915 = CARTESIAN_POINT('',(90.,-45.,50.));
#18916 = VECTOR('',#18917,1.);
#18917 = DIRECTION('',(0.,0.,-1.));
#18918 = ORIENTED_EDGE('',*,*,#18919,.F.);
#18919 = EDGE_CURVE('',#18920,#18912,#18922,.T.);
#18920 = VERTEX_POINT('',#18921);
#18921 = CARTESIAN_POINT('',(90.,0.,0.));
#18922 = LINE('',#18923,#18924);
#18923 = CARTESIAN_POINT('',(90.,0.,0.));
#18924 = VECTOR('',#18925,1.);
#18925 = DIRECTION('',(0.,-1.,2.2E-16));
#18926 = ORIENTED_EDGE('',*,*,#18927,.F.);
#18927 = EDGE_CURVE('',#18889,#18920,#18928,.T.);
#18928 = LINE('',#18929,#18930);
#18929 = CARTESIAN_POINT('',(90.,0.,50.));
#18930 = VECTOR('',#18931,1.);
#18931 = DIRECTION('',(0.,0.,-1.));
#18932 = PLANE('',#18933);
#18933 = AXIS2_PLACEMENT_3D('',#18934,#18935,#18936);
#18934 = CARTESIAN_POINT('',(90.,1.11E-14,50.));
#18935 = DIRECTION('',(1.,0.,0.));
#18936 = DIRECTION('',(0.,-2.2E-16,-1.));
#18937 = ADVANCED_FACE('',(#18938),#18963,.T.);
#18938 = FACE_BOUND('',#18939,.T.);
#18939 = EDGE_LOOP('',(#18940,#18941,#18949,#18957));
#18940 = ORIENTED_EDGE('',*,*,#18919,.T.);
#18941 = ORIENTED_EDGE('',*,*,#18942,.T.);
#18942 = EDGE_CURVE('',#18912,#18943,#18945,.T.);
#18943 = VERTEX_POINT('',#18944);
#18944 = CARTESIAN_POINT('',(-90.,-45.,1.E-14));
#18945 = LINE('',#18946,#18947);
#18946 = CARTESIAN_POINT('',(90.,-45.,1.E-14));
#18947 = VECTOR('',#18948,1.);
#18948 = DIRECTION('',(-1.,0.,0.));
#18949 = ORIENTED_EDGE('',*,*,#18950,.F.);
#18950 = EDGE_CURVE('',#18951,#18943,#18953,.T.);
#18951 = VERTEX_POINT('',#18952);
#18952 = CARTESIAN_POINT('',(-90.,0.,0.));
#18953 = LINE('',#18954,#18955);
#18954 = CARTESIAN_POINT('',(-90.,0.,0.));
#18955 = VECTOR('',#18956,1.);
#18956 = DIRECTION('',(0.,-1.,2.2E-16));
#18957 = ORIENTED_EDGE('',*,*,#18958,.F.);
#18958 = EDGE_CURVE('',#18920,#18951,#18959,.T.);
#18959 = LINE('',#18960,#18961);
#18960 = CARTESIAN_POINT('',(90.,0.,0.));
#18961 = VECTOR('',#18962,1.);
#18962 = DIRECTION('',(-1.,0.,0.));
#18963 = PLANE('',#18964);
#18964 = AXIS2_PLACEMENT_3D('',#18965,#18966,#18967);
#18965 = CARTESIAN_POINT('',(90.,0.,0.));
#18966 = DIRECTION('',(-0.,-2.2E-16,-1.));
#18967 = DIRECTION('',(-1.,0.,0.));
#18968 = ADVANCED_FACE('',(#18969),#18994,.T.);
#18969 = FACE_BOUND('',#18970,.T.);
#18970 = EDGE_LOOP('',(#18971,#18972,#18980,#18988));
#18971 = ORIENTED_EDGE('',*,*,#18950,.T.);
#18972 = ORIENTED_EDGE('',*,*,#18973,.T.);
#18973 = EDGE_CURVE('',#18943,#18974,#18976,.T.);
#18974 = VERTEX_POINT('',#18975);
#18975 = CARTESIAN_POINT('',(-90.,-45.,50.));
#18976 = LINE('',#18977,#18978);
#18977 = CARTESIAN_POINT('',(-90.,-45.,1.E-14));
#18978 = VECTOR('',#18979,1.);
#18979 = DIRECTION('',(0.,0.,1.));
#18980 = ORIENTED_EDGE('',*,*,#18981,.F.);
#18981 = EDGE_CURVE('',#18982,#18974,#18984,.T.);
#18982 = VERTEX_POINT('',#18983);
#18983 = CARTESIAN_POINT('',(-90.,1.1E-14,50.));
#18984 = LINE('',#18985,#18986);
#18985 = CARTESIAN_POINT('',(-90.,1.11E-14,50.));
#18986 = VECTOR('',#18987,1.);
#18987 = DIRECTION('',(0.,-1.,2.2E-16));
#18988 = ORIENTED_EDGE('',*,*,#18989,.F.);
#18989 = EDGE_CURVE('',#18951,#18982,#18990,.T.);
#18990 = LINE('',#18991,#18992);
#18991 = CARTESIAN_POINT('',(-90.,0.,0.));
#18992 = VECTOR('',#18993,1.);
#18993 = DIRECTION('',(0.,0.,1.));
#18994 = PLANE('',#18995);
#18995 = AXIS2_PLACEMENT_3D('',#18996,#18997,#18998);
#18996 = CARTESIAN_POINT('',(-90.,0.,0.));
#18997 = DIRECTION('',(-1.,0.,0.));
#18998 = DIRECTION('',(0.,2.2E-16,1.));
#18999 = ADVANCED_FACE('',(#19000),#19025,.T.);
#19000 = FACE_BOUND('',#19001,.T.);
#19001 = EDGE_LOOP('',(#19002,#19003,#19011,#19019));
#19002 = ORIENTED_EDGE('',*,*,#18981,.T.);
#19003 = ORIENTED_EDGE('',*,*,#19004,.T.);
#19004 = EDGE_CURVE('',#18974,#19005,#19007,.T.);
#19005 = VERTEX_POINT('',#19006);
#19006 = CARTESIAN_POINT('',(-14.63726384614,-45.,104.42864277777));
#19007 = LINE('',#19008,#19009);
#19008 = CARTESIAN_POINT('',(-90.,-45.,50.));
#19009 = VECTOR('',#19010,1.);
#19010 = DIRECTION('',(0.8106792284,0.,0.585490553844));
#19011 = ORIENTED_EDGE('',*,*,#19012,.F.);
#19012 = EDGE_CURVE('',#19013,#19005,#19015,.T.);
#19013 = VERTEX_POINT('',#19014);
#19014 = CARTESIAN_POINT('',(-14.63726384614,2.3E-14,104.42864277777));
#19015 = LINE('',#19016,#19017);
#19016 = CARTESIAN_POINT('',(-14.63726384614,2.319E-14,104.42864277777)
  );
#19017 = VECTOR('',#19018,1.);
#19018 = DIRECTION('',(0.,-1.,2.2E-16));
#19019 = ORIENTED_EDGE('',*,*,#19020,.F.);
#19020 = EDGE_CURVE('',#18982,#19013,#19021,.T.);
#19021 = LINE('',#19022,#19023);
#19022 = CARTESIAN_POINT('',(-90.,0.,50.));
#19023 = VECTOR('',#19024,1.);
#19024 = DIRECTION('',(0.8106792284,0.,0.585490553844));
#19025 = PLANE('',#19026);
#19026 = AXIS2_PLACEMENT_3D('',#19027,#19028,#19029);
#19027 = CARTESIAN_POINT('',(-90.,1.11E-14,50.));
#19028 = DIRECTION('',(-0.585490553844,1.8E-16,0.8106792284));
#19029 = DIRECTION('',(0.8106792284,1.3E-16,0.585490553844));
#19030 = ADVANCED_FACE('',(#19031),#19049,.T.);
#19031 = FACE_BOUND('',#19032,.F.);
#19032 = EDGE_LOOP('',(#19033,#19034,#19041,#19042));
#19033 = ORIENTED_EDGE('',*,*,#18870,.T.);
#19034 = ORIENTED_EDGE('',*,*,#19035,.T.);
#19035 = EDGE_CURVE('',#18873,#19005,#19036,.T.);
#19036 = CIRCLE('',#19037,25.);
#19037 = AXIS2_PLACEMENT_3D('',#19038,#19039,#19040);
#19038 = CARTESIAN_POINT('',(-3.456305E-11,-45.,84.161662067778));
#19039 = DIRECTION('',(0.,-1.,0.));
#19040 = DIRECTION('',(1.,0.,0.));
#19041 = ORIENTED_EDGE('',*,*,#19012,.F.);
#19042 = ORIENTED_EDGE('',*,*,#19043,.F.);
#19043 = EDGE_CURVE('',#18871,#19013,#19044,.T.);
#19044 = CIRCLE('',#19045,25.);
#19045 = AXIS2_PLACEMENT_3D('',#19046,#19047,#19048);
#19046 = CARTESIAN_POINT('',(-3.456305E-11,0.,84.161662067778));
#19047 = DIRECTION('',(0.,-1.,0.));
#19048 = DIRECTION('',(1.,0.,0.));
#19049 = CYLINDRICAL_SURFACE('',#19050,25.);
#19050 = AXIS2_PLACEMENT_3D('',#19051,#19052,#19053);
#19051 = CARTESIAN_POINT('',(-3.456305E-11,1.869E-14,84.161662067778));
#19052 = DIRECTION('',(0.,1.,-2.2E-16));
#19053 = DIRECTION('',(1.,0.,0.));
#19054 = ADVANCED_FACE('',(#19055),#19063,.T.);
#19055 = FACE_BOUND('',#19056,.T.);
#19056 = EDGE_LOOP('',(#19057,#19058,#19059,#19060,#19061,#19062));
#19057 = ORIENTED_EDGE('',*,*,#18896,.T.);
#19058 = ORIENTED_EDGE('',*,*,#18927,.T.);
#19059 = ORIENTED_EDGE('',*,*,#18958,.T.);
#19060 = ORIENTED_EDGE('',*,*,#18989,.T.);
#19061 = ORIENTED_EDGE('',*,*,#19020,.T.);
#19062 = ORIENTED_EDGE('',*,*,#19043,.F.);
#19063 = PLANE('',#19064);
#19064 = AXIS2_PLACEMENT_3D('',#19065,#19066,#19067);
#19065 = CARTESIAN_POINT('',(-2.77075E-12,9.02E-15,40.616173864482));
#19066 = DIRECTION('',(0.,1.,0.));
#19067 = DIRECTION('',(0.,0.,1.));
#19068 = ADVANCED_FACE('',(#19069),#19077,.F.);
#19069 = FACE_BOUND('',#19070,.F.);
#19070 = EDGE_LOOP('',(#19071,#19072,#19073,#19074,#19075,#19076));
#19071 = ORIENTED_EDGE('',*,*,#18880,.T.);
#19072 = ORIENTED_EDGE('',*,*,#18911,.T.);
#19073 = ORIENTED_EDGE('',*,*,#18942,.T.);
#19074 = ORIENTED_EDGE('',*,*,#18973,.T.);
#19075 = ORIENTED_EDGE('',*,*,#19004,.T.);
#19076 = ORIENTED_EDGE('',*,*,#19035,.F.);
#19077 = PLANE('',#19078);
#19078 = AXIS2_PLACEMENT_3D('',#19079,#19080,#19081);
#19079 = CARTESIAN_POINT('',(-2.77075E-12,-45.,40.616173864482));
#19080 = DIRECTION('',(0.,1.,0.));
#19081 = DIRECTION('',(0.,0.,1.));
#19082 = ( GEOMETRIC_REPRESENTATION_CONTEXT(3) 
GLOBAL_UNCERTAINTY_ASSIGNED_CONTEXT((#19086)) 
GLOBAL_UNIT_ASSIGNED_CONTEXT((#19083,#19084,#19085)) 
REPRESENTATION_CONTEXT('Context #1',
  '3D Context with UNIT and UNCERTAINTY') );
#19083 = ( LENGTH_UNIT() NAMED_UNIT(*) SI_UNIT(.MILLI.,.METRE.) );
#19084 = ( NAMED_UNIT(*) PLANE_ANGLE_UNIT() SI_UNIT($,.RADIAN.) );
#19085 = ( NAMED_UNIT(*) SI_UNIT($,.STERADIAN.) SOLID_ANGLE_UNIT() );
#19086 = UNCERTAINTY_MEASURE_WITH_UNIT(LENGTH_MEASURE(1.E-07),#19083,
  'distance_accuracy_value','confusion accuracy');
#19087 = CONTEXT_DEPENDENT_SHAPE_REPRESENTATION(#19088,#19090);
#19088 = ( REPRESENTATION_RELATIONSHIP('','',#18863,#17838) 
REPRESENTATION_RELATIONSHIP_WITH_TRANSFORMATION(#19089) 
SHAPE_REPRESENTATION_RELATIONSHIP() );
#19089 = ITEM_DEFINED_TRANSFORMATION('','',#11,#17851);
#19090 = PRODUCT_DEFINITION_SHAPE('Placement','Placement of an item',
  #19091);
#19091 = NEXT_ASSEMBLY_USAGE_OCCURRENCE('52','Body041','',#17833,#18858,
  $);
#19092 = CC_DESIGN_SECURITY_CLASSIFICATION(#19093,(#19091));
#19093 = SECURITY_CLASSIFICATION('','',#59);
#19094 = CC_DESIGN_PERSON_AND_ORGANIZATION_ASSIGNMENT(#48,#57,(#19093));
#19095 = CC_DESIGN_DATE_AND_TIME_ASSIGNMENT(#62,#68,(#19093));
#19096 = CC_DESIGN_APPROVAL(#70,(#19093));
#19097 = PRODUCT_RELATED_PRODUCT_CATEGORY('detail',$,(#18860));
#19098 = PRODUCT_CATEGORY_RELATIONSHIP('','',#19099,#19097);
#19099 = PRODUCT_CATEGORY('part',$);
#19100 = CC_DESIGN_PERSON_AND_ORGANIZATION_ASSIGNMENT(#48,#51,(#18859,
    #18858));
#19101 = CC_DESIGN_PERSON_AND_ORGANIZATION_ASSIGNMENT(#48,#53,(#18860));
#19102 = CC_DESIGN_PERSON_AND_ORGANIZATION_ASSIGNMENT(#48,#55,(#18859));
#19103 = CC_DESIGN_PERSON_AND_ORGANIZATION_ASSIGNMENT(#48,#57,(#19104));
#19104 = SECURITY_CLASSIFICATION('','',#59);
#19105 = CC_DESIGN_SECURITY_CLASSIFICATION(#19104,(#18859));
#19106 = CC_DESIGN_DATE_AND_TIME_ASSIGNMENT(#62,#66,(#18858));
#19107 = CC_DESIGN_DATE_AND_TIME_ASSIGNMENT(#62,#68,(#19104));
#19108 = CC_DESIGN_APPROVAL(#70,(#18859,#18858,#19104));
#19109 = CONTEXT_DEPENDENT_SHAPE_REPRESENTATION(#19110,#19112);
#19110 = ( REPRESENTATION_RELATIONSHIP('','',#18428,#17838) 
REPRESENTATION_RELATIONSHIP_WITH_TRANSFORMATION(#19111) 
SHAPE_REPRESENTATION_RELATIONSHIP() );
#19111 = ITEM_DEFINED_TRANSFORMATION('','',#11,#17855);
#19112 = PRODUCT_DEFINITION_SHAPE('Placement','Placement of an item',
  #19113);
#19113 = NEXT_ASSEMBLY_USAGE_OCCURRENCE('53','Body042','',#17833,#18423,
  $);
#19114 = SHAPE_DEFINITION_REPRESENTATION(#19115,#19121);
#19115 = PRODUCT_DEFINITION_SHAPE('','',#19116);
#19116 = PRODUCT_DEFINITION('design','',#19117,#19120);
#19117 = PRODUCT_DEFINITION_FORMATION_WITH_SPECIFIED_SOURCE('','',#19118
  ,.NOT_KNOWN.);
#19118 = PRODUCT('Assembly','Assembly','',(#19119));
#19119 = MECHANICAL_CONTEXT('',#2,'mechanical');
#19120 = DESIGN_CONTEXT('',#2,'design');
#19121 = SHAPE_REPRESENTATION('',(#11,#19122,#19126,#19130,#19134,#19138
    ),#19142);
#19122 = AXIS2_PLACEMENT_3D('',#19123,#19124,#19125);
#19123 = CARTESIAN_POINT('',(0.,0.,0.));
#19124 = DIRECTION('',(0.,0.,1.));
#19125 = DIRECTION('',(1.,0.,0.));
#19126 = AXIS2_PLACEMENT_3D('',#19127,#19128,#19129);
#19127 = CARTESIAN_POINT('',(-1.23E-13,25.,-145.));
#19128 = DIRECTION('',(0.,0.,1.));
#19129 = DIRECTION('',(1.,0.,0.));
#19130 = AXIS2_PLACEMENT_3D('',#19131,#19132,#19133);
#19131 = CARTESIAN_POINT('',(-1.196E-13,-30.,-145.));
#19132 = DIRECTION('',(0.,0.,1.));
#19133 = DIRECTION('',(1.,0.,0.));
#19134 = AXIS2_PLACEMENT_3D('',#19135,#19136,#19137);
#19135 = CARTESIAN_POINT('',(6.52E-14,2.402E-13,737.99999999997));
#19136 = DIRECTION('',(-4.E-16,-1.224646799147E-16,-1.));
#19137 = DIRECTION('',(1.,6.E-16,-4.E-16));
#19138 = AXIS2_PLACEMENT_3D('',#19139,#19140,#19141);
#19139 = CARTESIAN_POINT('',(0.,70.,873.));
#19140 = DIRECTION('',(1.224646799147E-16,0.,-1.));
#19141 = DIRECTION('',(-1.,0.,-1.224646799147E-16));
#19142 = ( GEOMETRIC_REPRESENTATION_CONTEXT(3) 
GLOBAL_UNCERTAINTY_ASSIGNED_CONTEXT((#19146)) 
GLOBAL_UNIT_ASSIGNED_CONTEXT((#19143,#19144,#19145)) 
REPRESENTATION_CONTEXT('Context #1',
  '3D Context with UNIT and UNCERTAINTY') );
#19143 = ( LENGTH_UNIT() NAMED_UNIT(*) SI_UNIT(.MILLI.,.METRE.) );
#19144 = ( NAMED_UNIT(*) PLANE_ANGLE_UNIT() SI_UNIT($,.RADIAN.) );
#19145 = ( NAMED_UNIT(*) SI_UNIT($,.STERADIAN.) SOLID_ANGLE_UNIT() );
#19146 = UNCERTAINTY_MEASURE_WITH_UNIT(LENGTH_MEASURE(1.E-07),#19143,
  'distance_accuracy_value','confusion accuracy');
#19147 = CONTEXT_DEPENDENT_SHAPE_REPRESENTATION(#19148,#19150);
#19148 = ( REPRESENTATION_RELATIONSHIP('','',#19121,#10) 
REPRESENTATION_RELATIONSHIP_WITH_TRANSFORMATION(#19149) 
SHAPE_REPRESENTATION_RELATIONSHIP() );
#19149 = ITEM_DEFINED_TRANSFORMATION('','',#11,#27);
#19150 = PRODUCT_DEFINITION_SHAPE('Placement','Placement of an item',
  #19151);
#19151 = NEXT_ASSEMBLY_USAGE_OCCURRENCE('60','Assembly','',#5,#19116,$);
#19152 = CC_DESIGN_SECURITY_CLASSIFICATION(#19153,(#19151));
#19153 = SECURITY_CLASSIFICATION('','',#59);
#19154 = CC_DESIGN_PERSON_AND_ORGANIZATION_ASSIGNMENT(#48,#57,(#19153));
#19155 = CC_DESIGN_DATE_AND_TIME_ASSIGNMENT(#62,#68,(#19153));
#19156 = CC_DESIGN_APPROVAL(#70,(#19153));
#19157 = PRODUCT_RELATED_PRODUCT_CATEGORY('detail',$,(#19118));
#19158 = PRODUCT_CATEGORY_RELATIONSHIP('','',#19159,#19157);
#19159 = PRODUCT_CATEGORY('part',$);
#19160 = CC_DESIGN_PERSON_AND_ORGANIZATION_ASSIGNMENT(#48,#51,(#19117,
    #19116));
#19161 = CC_DESIGN_PERSON_AND_ORGANIZATION_ASSIGNMENT(#48,#53,(#19118));
#19162 = CC_DESIGN_PERSON_AND_ORGANIZATION_ASSIGNMENT(#48,#55,(#19117));
#19163 = CC_DESIGN_PERSON_AND_ORGANIZATION_ASSIGNMENT(#48,#57,(#19164));
#19164 = SECURITY_CLASSIFICATION('','',#59);
#19165 = CC_DESIGN_SECURITY_CLASSIFICATION(#19164,(#19117));
#19166 = CC_DESIGN_DATE_AND_TIME_ASSIGNMENT(#62,#66,(#19116));
#19167 = CC_DESIGN_DATE_AND_TIME_ASSIGNMENT(#62,#68,(#19164));
#19168 = CC_DESIGN_APPROVAL(#70,(#19117,#19116,#19164));
#19169 = CONTEXT_DEPENDENT_SHAPE_REPRESENTATION(#19170,#19172);
#19170 = ( REPRESENTATION_RELATIONSHIP('','',#17893,#19121) 
REPRESENTATION_RELATIONSHIP_WITH_TRANSFORMATION(#19171) 
SHAPE_REPRESENTATION_RELATIONSHIP() );
#19171 = ITEM_DEFINED_TRANSFORMATION('','',#11,#19122);
#19172 = PRODUCT_DEFINITION_SHAPE('Placement','Placement of an item',
  #19173);
#19173 = NEXT_ASSEMBLY_USAGE_OCCURRENCE('55','','',#19116,#17888,$);
#19174 = CONTEXT_DEPENDENT_SHAPE_REPRESENTATION(#19175,#19177);
#19175 = ( REPRESENTATION_RELATIONSHIP('','',#18428,#19121) 
REPRESENTATION_RELATIONSHIP_WITH_TRANSFORMATION(#19176) 
SHAPE_REPRESENTATION_RELATIONSHIP() );
#19176 = ITEM_DEFINED_TRANSFORMATION('','',#11,#19126);
#19177 = PRODUCT_DEFINITION_SHAPE('Placement','Placement of an item',
  #19178);
#19178 = NEXT_ASSEMBLY_USAGE_OCCURRENCE('56','Body044','',#19116,#18423,
  $);
#19179 = CONTEXT_DEPENDENT_SHAPE_REPRESENTATION(#19180,#19182);
#19180 = ( REPRESENTATION_RELATIONSHIP('','',#18428,#19121) 
REPRESENTATION_RELATIONSHIP_WITH_TRANSFORMATION(#19181) 
SHAPE_REPRESENTATION_RELATIONSHIP() );
#19181 = ITEM_DEFINED_TRANSFORMATION('','',#11,#19130);
#19182 = PRODUCT_DEFINITION_SHAPE('Placement','Placement of an item',
  #19183);
#19183 = NEXT_ASSEMBLY_USAGE_OCCURRENCE('57','Body045','',#19116,#18423,
  $);
#19184 = CONTEXT_DEPENDENT_SHAPE_REPRESENTATION(#19185,#19187);
#19185 = ( REPRESENTATION_RELATIONSHIP('','',#18863,#19121) 
REPRESENTATION_RELATIONSHIP_WITH_TRANSFORMATION(#19186) 
SHAPE_REPRESENTATION_RELATIONSHIP() );
#19186 = ITEM_DEFINED_TRANSFORMATION('','',#11,#19134);
#19187 = PRODUCT_DEFINITION_SHAPE('Placement','Placement of an item',
  #19188);
#19188 = NEXT_ASSEMBLY_USAGE_OCCURRENCE('58','Body046','',#19116,#18858,
  $);
#19189 = CONTEXT_DEPENDENT_SHAPE_REPRESENTATION(#19190,#19192);
#19190 = ( REPRESENTATION_RELATIONSHIP('','',#18428,#19121) 
REPRESENTATION_RELATIONSHIP_WITH_TRANSFORMATION(#19191) 
SHAPE_REPRESENTATION_RELATIONSHIP() );
#19191 = ITEM_DEFINED_TRANSFORMATION('','',#11,#19138);
#19192 = PRODUCT_DEFINITION_SHAPE('Placement','Placement of an item',
  #19193);
#19193 = NEXT_ASSEMBLY_USAGE_OCCURRENCE('59','Body047','',#19116,#18423,
  $);
#19194 = SHAPE_DEFINITION_REPRESENTATION(#19195,#19201);
#19195 = PRODUCT_DEFINITION_SHAPE('','',#19196);
#19196 = PRODUCT_DEFINITION('design','',#19197,#19200);
#19197 = PRODUCT_DEFINITION_FORMATION_WITH_SPECIFIED_SOURCE('','',#19198
  ,.NOT_KNOWN.);
#19198 = PRODUCT('Assembly','Assembly','',(#19199));
#19199 = MECHANICAL_CONTEXT('',#2,'mechanical');
#19200 = DESIGN_CONTEXT('',#2,'design');
#19201 = SHAPE_REPRESENTATION('',(#11,#19202,#19206,#19210),#19214);
#19202 = AXIS2_PLACEMENT_3D('',#19203,#19204,#19205);
#19203 = CARTESIAN_POINT('',(0.,0.,0.));
#19204 = DIRECTION('',(-0.10320387117,9.55531103174E-03,0.99461432576));
#19205 = DIRECTION('',(0.990378470351,-9.169592396193E-02,0.103645274824
    ));
#19206 = AXIS2_PLACEMENT_3D('',#19207,#19208,#19209);
#19207 = CARTESIAN_POINT('',(-22.25155875907,40.724864270779,
    248.65358143995));
#19208 = DIRECTION('',(0.96329361484,-8.918822521262E-02,-0.253201248202
    ));
#19209 = DIRECTION('',(-0.252122916784,2.33432414966E-02,-0.967413628139
    ));
#19210 = AXIS2_PLACEMENT_3D('',#19211,#19212,#19213);
#19211 = CARTESIAN_POINT('',(8.269662085454,89.317986368886,1.82E-14));
#19212 = DIRECTION('',(-0.10320387117,9.55531103174E-03,0.99461432576));
#19213 = DIRECTION('',(0.990378470351,-9.169592396193E-02,0.103645274824
    ));
#19214 = ( GEOMETRIC_REPRESENTATION_CONTEXT(3) 
GLOBAL_UNCERTAINTY_ASSIGNED_CONTEXT((#19218)) 
GLOBAL_UNIT_ASSIGNED_CONTEXT((#19215,#19216,#19217)) 
REPRESENTATION_CONTEXT('Context #1',
  '3D Context with UNIT and UNCERTAINTY') );
#19215 = ( LENGTH_UNIT() NAMED_UNIT(*) SI_UNIT(.MILLI.,.METRE.) );
#19216 = ( NAMED_UNIT(*) PLANE_ANGLE_UNIT() SI_UNIT($,.RADIAN.) );
#19217 = ( NAMED_UNIT(*) SI_UNIT($,.STERADIAN.) SOLID_ANGLE_UNIT() );
#19218 = UNCERTAINTY_MEASURE_WITH_UNIT(LENGTH_MEASURE(5.E-07),#19215,
  'distance_accuracy_value','confusion accuracy');
#19219 = CONTEXT_DEPENDENT_SHAPE_REPRESENTATION(#19220,#19222);
#19220 = ( REPRESENTATION_RELATIONSHIP('','',#19201,#10) 
REPRESENTATION_RELATIONSHIP_WITH_TRANSFORMATION(#19221) 
SHAPE_REPRESENTATION_RELATIONSHIP() );
#19221 = ITEM_DEFINED_TRANSFORMATION('','',#11,#31);
#19222 = PRODUCT_DEFINITION_SHAPE('Placement','Placement of an item',
  #19223);
#19223 = NEXT_ASSEMBLY_USAGE_OCCURRENCE('64','Assembly','',#5,#19196,$);
#19224 = CC_DESIGN_SECURITY_CLASSIFICATION(#19225,(#19223));
#19225 = SECURITY_CLASSIFICATION('','',#59);
#19226 = CC_DESIGN_PERSON_AND_ORGANIZATION_ASSIGNMENT(#48,#57,(#19225));
#19227 = CC_DESIGN_DATE_AND_TIME_ASSIGNMENT(#62,#68,(#19225));
#19228 = CC_DESIGN_APPROVAL(#70,(#19225));
#19229 = PRODUCT_RELATED_PRODUCT_CATEGORY('detail',$,(#19198));
#19230 = PRODUCT_CATEGORY_RELATIONSHIP('','',#19231,#19229);
#19231 = PRODUCT_CATEGORY('part',$);
#19232 = CC_DESIGN_PERSON_AND_ORGANIZATION_ASSIGNMENT(#48,#51,(#19197,
    #19196));
#19233 = CC_DESIGN_PERSON_AND_ORGANIZATION_ASSIGNMENT(#48,#53,(#19198));
#19234 = CC_DESIGN_PERSON_AND_ORGANIZATION_ASSIGNMENT(#48,#55,(#19197));
#19235 = CC_DESIGN_PERSON_AND_ORGANIZATION_ASSIGNMENT(#48,#57,(#19236));
#19236 = SECURITY_CLASSIFICATION('','',#59);
#19237 = CC_DESIGN_SECURITY_CLASSIFICATION(#19236,(#19197));
#19238 = CC_DESIGN_DATE_AND_TIME_ASSIGNMENT(#62,#66,(#19196));
#19239 = CC_DESIGN_DATE_AND_TIME_ASSIGNMENT(#62,#68,(#19236));
#19240 = CC_DESIGN_APPROVAL(#70,(#19197,#19196,#19236));
#19241 = SHAPE_DEFINITION_REPRESENTATION(#19242,#19248);
#19242 = PRODUCT_DEFINITION_SHAPE('','',#19243);
#19243 = PRODUCT_DEFINITION('design','',#19244,#19247);
#19244 = PRODUCT_DEFINITION_FORMATION_WITH_SPECIFIED_SOURCE('','',#19245
  ,.NOT_KNOWN.);
#19245 = PRODUCT('Body','Body','',(#19246));
#19246 = MECHANICAL_CONTEXT('',#2,'mechanical');
#19247 = DESIGN_CONTEXT('',#2,'design');
#19248 = ADVANCED_BREP_SHAPE_REPRESENTATION('',(#11,#19249),#20006);
#19249 = MANIFOLD_SOLID_BREP('',#19250);
#19250 = CLOSED_SHELL('',(#19251,#19293,#19324,#19357,#19388,#19421,
    #19452,#19485,#19516,#19549,#19580,#19613,#19644,#19677,#19708,
    #19741,#19763,#19796,#19829,#19862,#19895,#19928,#19967));
#19251 = ADVANCED_FACE('',(#19252),#19288,.T.);
#19252 = FACE_BOUND('',#19253,.F.);
#19253 = EDGE_LOOP('',(#19254,#19264,#19273,#19281));
#19254 = ORIENTED_EDGE('',*,*,#19255,.T.);
#19255 = EDGE_CURVE('',#19256,#19258,#19260,.T.);
#19256 = VERTEX_POINT('',#19257);
#19257 = CARTESIAN_POINT('',(-109.0871211463,4.4E-14,200.));
#19258 = VERTEX_POINT('',#19259);
#19259 = CARTESIAN_POINT('',(-109.0871211463,-12.7,200.));
#19260 = LINE('',#19261,#19262);
#19261 = CARTESIAN_POINT('',(-109.0871211463,4.441E-14,200.));
#19262 = VECTOR('',#19263,1.);
#19263 = DIRECTION('',(0.,-1.,2.2E-16));
#19264 = ORIENTED_EDGE('',*,*,#19265,.T.);
#19265 = EDGE_CURVE('',#19258,#19266,#19268,.T.);
#19266 = VERTEX_POINT('',#19267);
#19267 = CARTESIAN_POINT('',(-80.,-12.7,160.5572809));
#19268 = CIRCLE('',#19269,120.);
#19269 = AXIS2_PLACEMENT_3D('',#19270,#19271,#19272);
#19270 = CARTESIAN_POINT('',(0.,-12.7,250.));
#19271 = DIRECTION('',(0.,-1.,0.));
#19272 = DIRECTION('',(1.,0.,0.));
#19273 = ORIENTED_EDGE('',*,*,#19274,.F.);
#19274 = EDGE_CURVE('',#19275,#19266,#19277,.T.);
#19275 = VERTEX_POINT('',#19276);
#19276 = CARTESIAN_POINT('',(-80.,3.6E-14,160.5572809));
#19277 = LINE('',#19278,#19279);
#19278 = CARTESIAN_POINT('',(-80.,3.565E-14,160.5572809));
#19279 = VECTOR('',#19280,1.);
#19280 = DIRECTION('',(0.,-1.,2.2E-16));
#19281 = ORIENTED_EDGE('',*,*,#19282,.F.);
#19282 = EDGE_CURVE('',#19256,#19275,#19283,.T.);
#19283 = CIRCLE('',#19284,120.);
#19284 = AXIS2_PLACEMENT_3D('',#19285,#19286,#19287);
#19285 = CARTESIAN_POINT('',(0.,0.,250.));
#19286 = DIRECTION('',(0.,-1.,0.));
#19287 = DIRECTION('',(1.,0.,0.));
#19288 = CYLINDRICAL_SURFACE('',#19289,120.);
#19289 = AXIS2_PLACEMENT_3D('',#19290,#19291,#19292);
#19290 = CARTESIAN_POINT('',(0.,5.551E-14,250.));
#19291 = DIRECTION('',(0.,1.,-2.2E-16));
#19292 = DIRECTION('',(1.,0.,0.));
#19293 = ADVANCED_FACE('',(#19294),#19319,.F.);
#19294 = FACE_BOUND('',#19295,.F.);
#19295 = EDGE_LOOP('',(#19296,#19297,#19305,#19313));
#19296 = ORIENTED_EDGE('',*,*,#19274,.T.);
#19297 = ORIENTED_EDGE('',*,*,#19298,.T.);
#19298 = EDGE_CURVE('',#19266,#19299,#19301,.T.);
#19299 = VERTEX_POINT('',#19300);
#19300 = CARTESIAN_POINT('',(-64.72827481284,-12.7,-5.937208077291));
#19301 = LINE('',#19302,#19303);
#19302 = CARTESIAN_POINT('',(-80.,-12.7,160.5572809));
#19303 = VECTOR('',#19304,1.);
#19304 = DIRECTION('',(9.134166272756E-02,0.,-0.995819612505));
#19305 = ORIENTED_EDGE('',*,*,#19306,.F.);
#19306 = EDGE_CURVE('',#19307,#19299,#19309,.T.);
#19307 = VERTEX_POINT('',#19308);
#19308 = CARTESIAN_POINT('',(-64.72827481284,-1.E-15,-5.937208077291));
#19309 = LINE('',#19310,#19311);
#19310 = CARTESIAN_POINT('',(-64.72827481284,-1.32E-15,-5.937208077291)
  );
#19311 = VECTOR('',#19312,1.);
#19312 = DIRECTION('',(0.,-1.,2.2E-16));
#19313 = ORIENTED_EDGE('',*,*,#19314,.F.);
#19314 = EDGE_CURVE('',#19275,#19307,#19315,.T.);
#19315 = LINE('',#19316,#19317);
#19316 = CARTESIAN_POINT('',(-80.,0.,160.5572809));
#19317 = VECTOR('',#19318,1.);
#19318 = DIRECTION('',(9.134166272756E-02,0.,-0.995819612505));
#19319 = PLANE('',#19320);
#19320 = AXIS2_PLACEMENT_3D('',#19321,#19322,#19323);
#19321 = CARTESIAN_POINT('',(-80.,3.565E-14,160.5572809));
#19322 = DIRECTION('',(0.995819612505,2.E-17,9.134166272756E-02));
#19323 = DIRECTION('',(9.134166272756E-02,-2.2E-16,-0.995819612505));
#19324 = ADVANCED_FACE('',(#19325),#19352,.T.);
#19325 = FACE_BOUND('',#19326,.F.);
#19326 = EDGE_LOOP('',(#19327,#19328,#19337,#19345));
#19327 = ORIENTED_EDGE('',*,*,#19306,.T.);
#19328 = ORIENTED_EDGE('',*,*,#19329,.T.);
#19329 = EDGE_CURVE('',#19299,#19330,#19332,.T.);
#19330 = VERTEX_POINT('',#19331);
#19331 = CARTESIAN_POINT('',(64.728274812843,-12.7,-5.937208077291));
#19332 = CIRCLE('',#19333,65.);
#19333 = AXIS2_PLACEMENT_3D('',#19334,#19335,#19336);
#19334 = CARTESIAN_POINT('',(0.,-12.7,3.E-15));
#19335 = DIRECTION('',(0.,-1.,0.));
#19336 = DIRECTION('',(1.,0.,0.));
#19337 = ORIENTED_EDGE('',*,*,#19338,.F.);
#19338 = EDGE_CURVE('',#19339,#19330,#19341,.T.);
#19339 = VERTEX_POINT('',#19340);
#19340 = CARTESIAN_POINT('',(64.728274812843,-1.E-15,-5.937208077291));
#19341 = LINE('',#19342,#19343);
#19342 = CARTESIAN_POINT('',(64.728274812843,-1.32E-15,-5.937208077291)
  );
#19343 = VECTOR('',#19344,1.);
#19344 = DIRECTION('',(0.,-1.,2.2E-16));
#19345 = ORIENTED_EDGE('',*,*,#19346,.F.);
#19346 = EDGE_CURVE('',#19307,#19339,#19347,.T.);
#19347 = CIRCLE('',#19348,65.);
#19348 = AXIS2_PLACEMENT_3D('',#19349,#19350,#19351);
#19349 = CARTESIAN_POINT('',(0.,0.,0.));
#19350 = DIRECTION('',(0.,-1.,0.));
#19351 = DIRECTION('',(1.,0.,0.));
#19352 = CYLINDRICAL_SURFACE('',#19353,65.);
#19353 = AXIS2_PLACEMENT_3D('',#19354,#19355,#19356);
#19354 = CARTESIAN_POINT('',(-0.,0.,0.));
#19355 = DIRECTION('',(0.,1.,-2.2E-16));
#19356 = DIRECTION('',(1.,0.,0.));
#19357 = ADVANCED_FACE('',(#19358),#19383,.T.);
#19358 = FACE_BOUND('',#19359,.T.);
#19359 = EDGE_LOOP('',(#19360,#19370,#19376,#19377));
#19360 = ORIENTED_EDGE('',*,*,#19361,.T.);
#19361 = EDGE_CURVE('',#19362,#19364,#19366,.T.);
#19362 = VERTEX_POINT('',#19363);
#19363 = CARTESIAN_POINT('',(80.,3.6E-14,160.5572809));
#19364 = VERTEX_POINT('',#19365);
#19365 = CARTESIAN_POINT('',(80.,-12.7,160.5572809));
#19366 = LINE('',#19367,#19368);
#19367 = CARTESIAN_POINT('',(80.,3.565E-14,160.5572809));
#19368 = VECTOR('',#19369,1.);
#19369 = DIRECTION('',(0.,-1.,2.2E-16));
#19370 = ORIENTED_EDGE('',*,*,#19371,.T.);
#19371 = EDGE_CURVE('',#19364,#19330,#19372,.T.);
#19372 = LINE('',#19373,#19374);
#19373 = CARTESIAN_POINT('',(80.,-12.7,160.5572809));
#19374 = VECTOR('',#19375,1.);
#19375 = DIRECTION('',(-9.134166272756E-02,-0.,-0.995819612505));
#19376 = ORIENTED_EDGE('',*,*,#19338,.F.);
#19377 = ORIENTED_EDGE('',*,*,#19378,.F.);
#19378 = EDGE_CURVE('',#19362,#19339,#19379,.T.);
#19379 = LINE('',#19380,#19381);
#19380 = CARTESIAN_POINT('',(80.,0.,160.5572809));
#19381 = VECTOR('',#19382,1.);
#19382 = DIRECTION('',(-9.134166272756E-02,-0.,-0.995819612505));
#19383 = PLANE('',#19384);
#19384 = AXIS2_PLACEMENT_3D('',#19385,#19386,#19387);
#19385 = CARTESIAN_POINT('',(80.,3.565E-14,160.5572809));
#19386 = DIRECTION('',(0.995819612505,-2.E-17,-9.134166272756E-02));
#19387 = DIRECTION('',(-9.134166272756E-02,-2.2E-16,-0.995819612505));
#19388 = ADVANCED_FACE('',(#19389),#19416,.T.);
#19389 = FACE_BOUND('',#19390,.F.);
#19390 = EDGE_LOOP('',(#19391,#19392,#19401,#19409));
#19391 = ORIENTED_EDGE('',*,*,#19361,.T.);
#19392 = ORIENTED_EDGE('',*,*,#19393,.T.);
#19393 = EDGE_CURVE('',#19364,#19394,#19396,.T.);
#19394 = VERTEX_POINT('',#19395);
#19395 = CARTESIAN_POINT('',(109.08712114635,-12.7,200.));
#19396 = CIRCLE('',#19397,120.);
#19397 = AXIS2_PLACEMENT_3D('',#19398,#19399,#19400);
#19398 = CARTESIAN_POINT('',(0.,-12.7,250.));
#19399 = DIRECTION('',(0.,-1.,0.));
#19400 = DIRECTION('',(1.,0.,0.));
#19401 = ORIENTED_EDGE('',*,*,#19402,.F.);
#19402 = EDGE_CURVE('',#19403,#19394,#19405,.T.);
#19403 = VERTEX_POINT('',#19404);
#19404 = CARTESIAN_POINT('',(109.08712114635,4.4E-14,200.));
#19405 = LINE('',#19406,#19407);
#19406 = CARTESIAN_POINT('',(109.08712114635,4.441E-14,200.));
#19407 = VECTOR('',#19408,1.);
#19408 = DIRECTION('',(0.,-1.,2.2E-16));
#19409 = ORIENTED_EDGE('',*,*,#19410,.F.);
#19410 = EDGE_CURVE('',#19362,#19403,#19411,.T.);
#19411 = CIRCLE('',#19412,120.);
#19412 = AXIS2_PLACEMENT_3D('',#19413,#19414,#19415);
#19413 = CARTESIAN_POINT('',(0.,0.,250.));
#19414 = DIRECTION('',(0.,-1.,0.));
#19415 = DIRECTION('',(1.,0.,0.));
#19416 = CYLINDRICAL_SURFACE('',#19417,120.);
#19417 = AXIS2_PLACEMENT_3D('',#19418,#19419,#19420);
#19418 = CARTESIAN_POINT('',(0.,5.551E-14,250.));
#19419 = DIRECTION('',(0.,1.,-2.2E-16));
#19420 = DIRECTION('',(1.,0.,0.));
#19421 = ADVANCED_FACE('',(#19422),#19447,.F.);
#19422 = FACE_BOUND('',#19423,.F.);
#19423 = EDGE_LOOP('',(#19424,#19425,#19433,#19441));
#19424 = ORIENTED_EDGE('',*,*,#19402,.T.);
#19425 = ORIENTED_EDGE('',*,*,#19426,.T.);
#19426 = EDGE_CURVE('',#19394,#19427,#19429,.T.);
#19427 = VERTEX_POINT('',#19428);
#19428 = CARTESIAN_POINT('',(181.14734849135,-12.7,235.78139195149));
#19429 = LINE('',#19430,#19431);
#19430 = CARTESIAN_POINT('',(109.08712114635,-12.7,200.));
#19431 = VECTOR('',#19432,1.);
#19432 = DIRECTION('',(0.895660349512,0.,0.444738730394));
#19433 = ORIENTED_EDGE('',*,*,#19434,.F.);
#19434 = EDGE_CURVE('',#19435,#19427,#19437,.T.);
#19435 = VERTEX_POINT('',#19436);
#19436 = CARTESIAN_POINT('',(181.14734849135,5.2E-14,235.78139195149));
#19437 = LINE('',#19438,#19439);
#19438 = CARTESIAN_POINT('',(181.14734849135,5.235E-14,235.78139195149)
  );
#19439 = VECTOR('',#19440,1.);
#19440 = DIRECTION('',(0.,-1.,2.2E-16));
#19441 = ORIENTED_EDGE('',*,*,#19442,.F.);
#19442 = EDGE_CURVE('',#19403,#19435,#19443,.T.);
#19443 = LINE('',#19444,#19445);
#19444 = CARTESIAN_POINT('',(109.08712114635,0.,200.));
#19445 = VECTOR('',#19446,1.);
#19446 = DIRECTION('',(0.895660349512,0.,0.444738730394));
#19447 = PLANE('',#19448);
#19448 = AXIS2_PLACEMENT_3D('',#19449,#19450,#19451);
#19449 = CARTESIAN_POINT('',(109.08712114635,4.441E-14,200.));
#19450 = DIRECTION('',(-0.444738730394,2.E-16,0.895660349512));
#19451 = DIRECTION('',(0.895660349512,1.E-16,0.444738730394));
#19452 = ADVANCED_FACE('',(#19453),#19480,.T.);
#19453 = FACE_BOUND('',#19454,.F.);
#19454 = EDGE_LOOP('',(#19455,#19456,#19465,#19473));
#19455 = ORIENTED_EDGE('',*,*,#19434,.T.);
#19456 = ORIENTED_EDGE('',*,*,#19457,.T.);
#19457 = EDGE_CURVE('',#19427,#19458,#19460,.T.);
#19458 = VERTEX_POINT('',#19459);
#19459 = CARTESIAN_POINT('',(181.14734849135,-12.7,264.2186080485));
#19460 = CIRCLE('',#19461,15.875);
#19461 = AXIS2_PLACEMENT_3D('',#19462,#19463,#19464);
#19462 = CARTESIAN_POINT('',(174.08712114635,-12.7,250.));
#19463 = DIRECTION('',(0.,-1.,0.));
#19464 = DIRECTION('',(1.,0.,0.));
#19465 = ORIENTED_EDGE('',*,*,#19466,.F.);
#19466 = EDGE_CURVE('',#19467,#19458,#19469,.T.);
#19467 = VERTEX_POINT('',#19468);
#19468 = CARTESIAN_POINT('',(181.14734849135,5.9E-14,264.2186080485));
#19469 = LINE('',#19470,#19471);
#19470 = CARTESIAN_POINT('',(181.14734849135,5.867E-14,264.2186080485));
#19471 = VECTOR('',#19472,1.);
#19472 = DIRECTION('',(0.,-1.,2.2E-16));
#19473 = ORIENTED_EDGE('',*,*,#19474,.F.);
#19474 = EDGE_CURVE('',#19435,#19467,#19475,.T.);
#19475 = CIRCLE('',#19476,15.875);
#19476 = AXIS2_PLACEMENT_3D('',#19477,#19478,#19479);
#19477 = CARTESIAN_POINT('',(174.08712114635,0.,250.));
#19478 = DIRECTION('',(0.,-1.,0.));
#19479 = DIRECTION('',(1.,0.,0.));
#19480 = CYLINDRICAL_SURFACE('',#19481,15.875);
#19481 = AXIS2_PLACEMENT_3D('',#19482,#19483,#19484);
#19482 = CARTESIAN_POINT('',(174.08712114635,5.551E-14,250.));
#19483 = DIRECTION('',(0.,1.,-2.2E-16));
#19484 = DIRECTION('',(1.,0.,0.));
#19485 = ADVANCED_FACE('',(#19486),#19511,.T.);
#19486 = FACE_BOUND('',#19487,.T.);
#19487 = EDGE_LOOP('',(#19488,#19498,#19504,#19505));
#19488 = ORIENTED_EDGE('',*,*,#19489,.T.);
#19489 = EDGE_CURVE('',#19490,#19492,#19494,.T.);
#19490 = VERTEX_POINT('',#19491);
#19491 = CARTESIAN_POINT('',(109.08712114635,6.7E-14,300.));
#19492 = VERTEX_POINT('',#19493);
#19493 = CARTESIAN_POINT('',(109.08712114635,-12.7,300.));
#19494 = LINE('',#19495,#19496);
#19495 = CARTESIAN_POINT('',(109.08712114635,6.661E-14,300.));
#19496 = VECTOR('',#19497,1.);
#19497 = DIRECTION('',(0.,-1.,2.2E-16));
#19498 = ORIENTED_EDGE('',*,*,#19499,.T.);
#19499 = EDGE_CURVE('',#19492,#19458,#19500,.T.);
#19500 = LINE('',#19501,#19502);
#19501 = CARTESIAN_POINT('',(109.08712114635,-12.7,300.));
#19502 = VECTOR('',#19503,1.);
#19503 = DIRECTION('',(0.895660349512,0.,-0.444738730394));
#19504 = ORIENTED_EDGE('',*,*,#19466,.F.);
#19505 = ORIENTED_EDGE('',*,*,#19506,.F.);
#19506 = EDGE_CURVE('',#19490,#19467,#19507,.T.);
#19507 = LINE('',#19508,#19509);
#19508 = CARTESIAN_POINT('',(109.08712114635,0.,300.));
#19509 = VECTOR('',#19510,1.);
#19510 = DIRECTION('',(0.895660349512,0.,-0.444738730394));
#19511 = PLANE('',#19512);
#19512 = AXIS2_PLACEMENT_3D('',#19513,#19514,#19515);
#19513 = CARTESIAN_POINT('',(109.08712114635,6.661E-14,300.));
#19514 = DIRECTION('',(0.444738730394,2.E-16,0.895660349512));
#19515 = DIRECTION('',(0.895660349512,-1.E-16,-0.444738730394));
#19516 = ADVANCED_FACE('',(#19517),#19544,.T.);
#19517 = FACE_BOUND('',#19518,.F.);
#19518 = EDGE_LOOP('',(#19519,#19520,#19529,#19537));
#19519 = ORIENTED_EDGE('',*,*,#19489,.T.);
#19520 = ORIENTED_EDGE('',*,*,#19521,.T.);
#19521 = EDGE_CURVE('',#19492,#19522,#19524,.T.);
#19522 = VERTEX_POINT('',#19523);
#19523 = CARTESIAN_POINT('',(50.,-12.7,359.08712114635));
#19524 = CIRCLE('',#19525,120.);
#19525 = AXIS2_PLACEMENT_3D('',#19526,#19527,#19528);
#19526 = CARTESIAN_POINT('',(0.,-12.7,250.));
#19527 = DIRECTION('',(0.,-1.,0.));
#19528 = DIRECTION('',(1.,0.,0.));
#19529 = ORIENTED_EDGE('',*,*,#19530,.F.);
#19530 = EDGE_CURVE('',#19531,#19522,#19533,.T.);
#19531 = VERTEX_POINT('',#19532);
#19532 = CARTESIAN_POINT('',(50.,8.E-14,359.08712114635));
#19533 = LINE('',#19534,#19535);
#19534 = CARTESIAN_POINT('',(50.,7.973E-14,359.08712114635));
#19535 = VECTOR('',#19536,1.);
#19536 = DIRECTION('',(0.,-1.,2.2E-16));
#19537 = ORIENTED_EDGE('',*,*,#19538,.F.);
#19538 = EDGE_CURVE('',#19490,#19531,#19539,.T.);
#19539 = CIRCLE('',#19540,120.);
#19540 = AXIS2_PLACEMENT_3D('',#19541,#19542,#19543);
#19541 = CARTESIAN_POINT('',(0.,0.,250.));
#19542 = DIRECTION('',(0.,-1.,0.));
#19543 = DIRECTION('',(1.,0.,0.));
#19544 = CYLINDRICAL_SURFACE('',#19545,120.);
#19545 = AXIS2_PLACEMENT_3D('',#19546,#19547,#19548);
#19546 = CARTESIAN_POINT('',(0.,5.551E-14,250.));
#19547 = DIRECTION('',(0.,1.,-2.2E-16));
#19548 = DIRECTION('',(1.,0.,0.));
#19549 = ADVANCED_FACE('',(#19550),#19575,.F.);
#19550 = FACE_BOUND('',#19551,.F.);
#19551 = EDGE_LOOP('',(#19552,#19553,#19561,#19569));
#19552 = ORIENTED_EDGE('',*,*,#19530,.T.);
#19553 = ORIENTED_EDGE('',*,*,#19554,.T.);
#19554 = EDGE_CURVE('',#19522,#19555,#19557,.T.);
#19555 = VERTEX_POINT('',#19556);
#19556 = CARTESIAN_POINT('',(14.218608048501,-12.7,431.14734849135));
#19557 = LINE('',#19558,#19559);
#19558 = CARTESIAN_POINT('',(50.,-12.7,359.08712114635));
#19559 = VECTOR('',#19560,1.);
#19560 = DIRECTION('',(-0.444738730394,0.,0.895660349512));
#19561 = ORIENTED_EDGE('',*,*,#19562,.F.);
#19562 = EDGE_CURVE('',#19563,#19555,#19565,.T.);
#19563 = VERTEX_POINT('',#19564);
#19564 = CARTESIAN_POINT('',(14.218608048501,9.6E-14,431.14734849135));
#19565 = LINE('',#19566,#19567);
#19566 = CARTESIAN_POINT('',(14.218608048501,9.573E-14,431.14734849135)
  );
#19567 = VECTOR('',#19568,1.);
#19568 = DIRECTION('',(0.,-1.,2.2E-16));
#19569 = ORIENTED_EDGE('',*,*,#19570,.F.);
#19570 = EDGE_CURVE('',#19531,#19563,#19571,.T.);
#19571 = LINE('',#19572,#19573);
#19572 = CARTESIAN_POINT('',(50.,0.,359.08712114635));
#19573 = VECTOR('',#19574,1.);
#19574 = DIRECTION('',(-0.444738730394,0.,0.895660349512));
#19575 = PLANE('',#19576);
#19576 = AXIS2_PLACEMENT_3D('',#19577,#19578,#19579);
#19577 = CARTESIAN_POINT('',(50.,7.973E-14,359.08712114635));
#19578 = DIRECTION('',(-0.895660349512,-1.E-16,-0.444738730394));
#19579 = DIRECTION('',(-0.444738730394,2.E-16,0.895660349512));
#19580 = ADVANCED_FACE('',(#19581),#19608,.T.);
#19581 = FACE_BOUND('',#19582,.F.);
#19582 = EDGE_LOOP('',(#19583,#19584,#19593,#19601));
#19583 = ORIENTED_EDGE('',*,*,#19562,.T.);
#19584 = ORIENTED_EDGE('',*,*,#19585,.T.);
#19585 = EDGE_CURVE('',#19555,#19586,#19588,.T.);
#19586 = VERTEX_POINT('',#19587);
#19587 = CARTESIAN_POINT('',(-14.2186080485,-12.7,431.14734849135));
#19588 = CIRCLE('',#19589,15.875);
#19589 = AXIS2_PLACEMENT_3D('',#19590,#19591,#19592);
#19590 = CARTESIAN_POINT('',(0.,-12.7,424.08712114635));
#19591 = DIRECTION('',(0.,-1.,0.));
#19592 = DIRECTION('',(1.,0.,0.));
#19593 = ORIENTED_EDGE('',*,*,#19594,.F.);
#19594 = EDGE_CURVE('',#19595,#19586,#19597,.T.);
#19595 = VERTEX_POINT('',#19596);
#19596 = CARTESIAN_POINT('',(-14.2186080485,9.6E-14,431.14734849135));
#19597 = LINE('',#19598,#19599);
#19598 = CARTESIAN_POINT('',(-14.2186080485,9.573E-14,431.14734849135));
#19599 = VECTOR('',#19600,1.);
#19600 = DIRECTION('',(0.,-1.,2.2E-16));
#19601 = ORIENTED_EDGE('',*,*,#19602,.F.);
#19602 = EDGE_CURVE('',#19563,#19595,#19603,.T.);
#19603 = CIRCLE('',#19604,15.875);
#19604 = AXIS2_PLACEMENT_3D('',#19605,#19606,#19607);
#19605 = CARTESIAN_POINT('',(0.,0.,424.08712114635));
#19606 = DIRECTION('',(0.,-1.,0.));
#19607 = DIRECTION('',(1.,0.,0.));
#19608 = CYLINDRICAL_SURFACE('',#19609,15.875);
#19609 = AXIS2_PLACEMENT_3D('',#19610,#19611,#19612);
#19610 = CARTESIAN_POINT('',(-0.,9.417E-14,424.08712114635));
#19611 = DIRECTION('',(0.,1.,-2.2E-16));
#19612 = DIRECTION('',(1.,0.,0.));
#19613 = ADVANCED_FACE('',(#19614),#19639,.T.);
#19614 = FACE_BOUND('',#19615,.T.);
#19615 = EDGE_LOOP('',(#19616,#19626,#19632,#19633));
#19616 = ORIENTED_EDGE('',*,*,#19617,.T.);
#19617 = EDGE_CURVE('',#19618,#19620,#19622,.T.);
#19618 = VERTEX_POINT('',#19619);
#19619 = CARTESIAN_POINT('',(-50.,8.E-14,359.08712114635));
#19620 = VERTEX_POINT('',#19621);
#19621 = CARTESIAN_POINT('',(-50.,-12.7,359.08712114635));
#19622 = LINE('',#19623,#19624);
#19623 = CARTESIAN_POINT('',(-50.,7.973E-14,359.08712114635));
#19624 = VECTOR('',#19625,1.);
#19625 = DIRECTION('',(0.,-1.,2.2E-16));
#19626 = ORIENTED_EDGE('',*,*,#19627,.T.);
#19627 = EDGE_CURVE('',#19620,#19586,#19628,.T.);
#19628 = LINE('',#19629,#19630);
#19629 = CARTESIAN_POINT('',(-50.,-12.7,359.08712114635));
#19630 = VECTOR('',#19631,1.);
#19631 = DIRECTION('',(0.444738730394,0.,0.895660349512));
#19632 = ORIENTED_EDGE('',*,*,#19594,.F.);
#19633 = ORIENTED_EDGE('',*,*,#19634,.F.);
#19634 = EDGE_CURVE('',#19618,#19595,#19635,.T.);
#19635 = LINE('',#19636,#19637);
#19636 = CARTESIAN_POINT('',(-50.,0.,359.08712114635));
#19637 = VECTOR('',#19638,1.);
#19638 = DIRECTION('',(0.444738730394,0.,0.895660349512));
#19639 = PLANE('',#19640);
#19640 = AXIS2_PLACEMENT_3D('',#19641,#19642,#19643);
#19641 = CARTESIAN_POINT('',(-50.,7.973E-14,359.08712114635));
#19642 = DIRECTION('',(-0.895660349512,1.E-16,0.444738730394));
#19643 = DIRECTION('',(0.444738730394,2.E-16,0.895660349512));
#19644 = ADVANCED_FACE('',(#19645),#19672,.T.);
#19645 = FACE_BOUND('',#19646,.F.);
#19646 = EDGE_LOOP('',(#19647,#19648,#19657,#19665));
#19647 = ORIENTED_EDGE('',*,*,#19617,.T.);
#19648 = ORIENTED_EDGE('',*,*,#19649,.T.);
#19649 = EDGE_CURVE('',#19620,#19650,#19652,.T.);
#19650 = VERTEX_POINT('',#19651);
#19651 = CARTESIAN_POINT('',(-109.0871211463,-12.7,300.));
#19652 = CIRCLE('',#19653,120.);
#19653 = AXIS2_PLACEMENT_3D('',#19654,#19655,#19656);
#19654 = CARTESIAN_POINT('',(0.,-12.7,250.));
#19655 = DIRECTION('',(0.,-1.,0.));
#19656 = DIRECTION('',(1.,0.,0.));
#19657 = ORIENTED_EDGE('',*,*,#19658,.F.);
#19658 = EDGE_CURVE('',#19659,#19650,#19661,.T.);
#19659 = VERTEX_POINT('',#19660);
#19660 = CARTESIAN_POINT('',(-109.0871211463,6.7E-14,300.));
#19661 = LINE('',#19662,#19663);
#19662 = CARTESIAN_POINT('',(-109.0871211463,6.661E-14,300.));
#19663 = VECTOR('',#19664,1.);
#19664 = DIRECTION('',(0.,-1.,2.2E-16));
#19665 = ORIENTED_EDGE('',*,*,#19666,.F.);
#19666 = EDGE_CURVE('',#19618,#19659,#19667,.T.);
#19667 = CIRCLE('',#19668,120.);
#19668 = AXIS2_PLACEMENT_3D('',#19669,#19670,#19671);
#19669 = CARTESIAN_POINT('',(0.,0.,250.));
#19670 = DIRECTION('',(0.,-1.,0.));
#19671 = DIRECTION('',(1.,0.,0.));
#19672 = CYLINDRICAL_SURFACE('',#19673,120.);
#19673 = AXIS2_PLACEMENT_3D('',#19674,#19675,#19676);
#19674 = CARTESIAN_POINT('',(0.,5.551E-14,250.));
#19675 = DIRECTION('',(0.,1.,-2.2E-16));
#19676 = DIRECTION('',(1.,0.,0.));
#19677 = ADVANCED_FACE('',(#19678),#19703,.F.);
#19678 = FACE_BOUND('',#19679,.F.);
#19679 = EDGE_LOOP('',(#19680,#19681,#19689,#19697));
#19680 = ORIENTED_EDGE('',*,*,#19658,.T.);
#19681 = ORIENTED_EDGE('',*,*,#19682,.T.);
#19682 = EDGE_CURVE('',#19650,#19683,#19685,.T.);
#19683 = VERTEX_POINT('',#19684);
#19684 = CARTESIAN_POINT('',(-181.1473484913,-12.7,264.2186080485));
#19685 = LINE('',#19686,#19687);
#19686 = CARTESIAN_POINT('',(-109.0871211463,-12.7,300.));
#19687 = VECTOR('',#19688,1.);
#19688 = DIRECTION('',(-0.895660349512,-0.,-0.444738730394));
#19689 = ORIENTED_EDGE('',*,*,#19690,.F.);
#19690 = EDGE_CURVE('',#19691,#19683,#19693,.T.);
#19691 = VERTEX_POINT('',#19692);
#19692 = CARTESIAN_POINT('',(-181.1473484913,5.9E-14,264.2186080485));
#19693 = LINE('',#19694,#19695);
#19694 = CARTESIAN_POINT('',(-181.1473484913,5.867E-14,264.2186080485));
#19695 = VECTOR('',#19696,1.);
#19696 = DIRECTION('',(0.,-1.,2.2E-16));
#19697 = ORIENTED_EDGE('',*,*,#19698,.F.);
#19698 = EDGE_CURVE('',#19659,#19691,#19699,.T.);
#19699 = LINE('',#19700,#19701);
#19700 = CARTESIAN_POINT('',(-109.0871211463,0.,300.));
#19701 = VECTOR('',#19702,1.);
#19702 = DIRECTION('',(-0.895660349512,-0.,-0.444738730394));
#19703 = PLANE('',#19704);
#19704 = AXIS2_PLACEMENT_3D('',#19705,#19706,#19707);
#19705 = CARTESIAN_POINT('',(-109.0871211463,6.661E-14,300.));
#19706 = DIRECTION('',(0.444738730394,-2.E-16,-0.895660349512));
#19707 = DIRECTION('',(-0.895660349512,-1.E-16,-0.444738730394));
#19708 = ADVANCED_FACE('',(#19709),#19736,.T.);
#19709 = FACE_BOUND('',#19710,.F.);
#19710 = EDGE_LOOP('',(#19711,#19712,#19721,#19729));
#19711 = ORIENTED_EDGE('',*,*,#19690,.T.);
#19712 = ORIENTED_EDGE('',*,*,#19713,.T.);
#19713 = EDGE_CURVE('',#19683,#19714,#19716,.T.);
#19714 = VERTEX_POINT('',#19715);
#19715 = CARTESIAN_POINT('',(-181.1473484913,-12.7,235.78139195149));
#19716 = CIRCLE('',#19717,15.875);
#19717 = AXIS2_PLACEMENT_3D('',#19718,#19719,#19720);
#19718 = CARTESIAN_POINT('',(-174.0871211463,-12.7,250.));
#19719 = DIRECTION('',(0.,-1.,0.));
#19720 = DIRECTION('',(1.,0.,0.));
#19721 = ORIENTED_EDGE('',*,*,#19722,.F.);
#19722 = EDGE_CURVE('',#19723,#19714,#19725,.T.);
#19723 = VERTEX_POINT('',#19724);
#19724 = CARTESIAN_POINT('',(-181.1473484913,5.2E-14,235.78139195149));
#19725 = LINE('',#19726,#19727);
#19726 = CARTESIAN_POINT('',(-181.1473484913,5.235E-14,235.78139195149)
  );
#19727 = VECTOR('',#19728,1.);
#19728 = DIRECTION('',(0.,-1.,2.2E-16));
#19729 = ORIENTED_EDGE('',*,*,#19730,.F.);
#19730 = EDGE_CURVE('',#19691,#19723,#19731,.T.);
#19731 = CIRCLE('',#19732,15.875);
#19732 = AXIS2_PLACEMENT_3D('',#19733,#19734,#19735);
#19733 = CARTESIAN_POINT('',(-174.0871211463,0.,250.));
#19734 = DIRECTION('',(0.,-1.,0.));
#19735 = DIRECTION('',(1.,0.,0.));
#19736 = CYLINDRICAL_SURFACE('',#19737,15.875);
#19737 = AXIS2_PLACEMENT_3D('',#19738,#19739,#19740);
#19738 = CARTESIAN_POINT('',(-174.0871211463,5.551E-14,250.));
#19739 = DIRECTION('',(0.,1.,-2.2E-16));
#19740 = DIRECTION('',(1.,0.,0.));
#19741 = ADVANCED_FACE('',(#19742),#19758,.T.);
#19742 = FACE_BOUND('',#19743,.T.);
#19743 = EDGE_LOOP('',(#19744,#19745,#19751,#19752));
#19744 = ORIENTED_EDGE('',*,*,#19255,.T.);
#19745 = ORIENTED_EDGE('',*,*,#19746,.T.);
#19746 = EDGE_CURVE('',#19258,#19714,#19747,.T.);
#19747 = LINE('',#19748,#19749);
#19748 = CARTESIAN_POINT('',(-109.0871211463,-12.7,200.));
#19749 = VECTOR('',#19750,1.);
#19750 = DIRECTION('',(-0.895660349512,0.,0.444738730394));
#19751 = ORIENTED_EDGE('',*,*,#19722,.F.);
#19752 = ORIENTED_EDGE('',*,*,#19753,.F.);
#19753 = EDGE_CURVE('',#19256,#19723,#19754,.T.);
#19754 = LINE('',#19755,#19756);
#19755 = CARTESIAN_POINT('',(-109.0871211463,0.,200.));
#19756 = VECTOR('',#19757,1.);
#19757 = DIRECTION('',(-0.895660349512,0.,0.444738730394));
#19758 = PLANE('',#19759);
#19759 = AXIS2_PLACEMENT_3D('',#19760,#19761,#19762);
#19760 = CARTESIAN_POINT('',(-109.0871211463,4.441E-14,200.));
#19761 = DIRECTION('',(-0.444738730394,-2.E-16,-0.895660349512));
#19762 = DIRECTION('',(-0.895660349512,1.E-16,0.444738730394));
#19763 = ADVANCED_FACE('',(#19764),#19791,.F.);
#19764 = FACE_BOUND('',#19765,.T.);
#19765 = EDGE_LOOP('',(#19766,#19776,#19783,#19784));
#19766 = ORIENTED_EDGE('',*,*,#19767,.T.);
#19767 = EDGE_CURVE('',#19768,#19770,#19772,.T.);
#19768 = VERTEX_POINT('',#19769);
#19769 = CARTESIAN_POINT('',(30.,0.,0.));
#19770 = VERTEX_POINT('',#19771);
#19771 = CARTESIAN_POINT('',(30.,-12.7,3.E-15));
#19772 = LINE('',#19773,#19774);
#19773 = CARTESIAN_POINT('',(30.,0.,0.));
#19774 = VECTOR('',#19775,1.);
#19775 = DIRECTION('',(0.,-1.,2.2E-16));
#19776 = ORIENTED_EDGE('',*,*,#19777,.T.);
#19777 = EDGE_CURVE('',#19770,#19770,#19778,.T.);
#19778 = CIRCLE('',#19779,30.);
#19779 = AXIS2_PLACEMENT_3D('',#19780,#19781,#19782);
#19780 = CARTESIAN_POINT('',(0.,-12.7,3.E-15));
#19781 = DIRECTION('',(0.,-1.,0.));
#19782 = DIRECTION('',(1.,0.,0.));
#19783 = ORIENTED_EDGE('',*,*,#19767,.F.);
#19784 = ORIENTED_EDGE('',*,*,#19785,.F.);
#19785 = EDGE_CURVE('',#19768,#19768,#19786,.T.);
#19786 = CIRCLE('',#19787,30.);
#19787 = AXIS2_PLACEMENT_3D('',#19788,#19789,#19790);
#19788 = CARTESIAN_POINT('',(0.,0.,0.));
#19789 = DIRECTION('',(0.,-1.,0.));
#19790 = DIRECTION('',(1.,0.,0.));
#19791 = CYLINDRICAL_SURFACE('',#19792,30.);
#19792 = AXIS2_PLACEMENT_3D('',#19793,#19794,#19795);
#19793 = CARTESIAN_POINT('',(-0.,0.,0.));
#19794 = DIRECTION('',(0.,1.,-2.2E-16));
#19795 = DIRECTION('',(1.,0.,0.));
#19796 = ADVANCED_FACE('',(#19797),#19824,.F.);
#19797 = FACE_BOUND('',#19798,.T.);
#19798 = EDGE_LOOP('',(#19799,#19809,#19816,#19817));
#19799 = ORIENTED_EDGE('',*,*,#19800,.T.);
#19800 = EDGE_CURVE('',#19801,#19803,#19805,.T.);
#19801 = VERTEX_POINT('',#19802);
#19802 = CARTESIAN_POINT('',(30.,5.6E-14,250.));
#19803 = VERTEX_POINT('',#19804);
#19804 = CARTESIAN_POINT('',(30.,-12.7,250.));
#19805 = LINE('',#19806,#19807);
#19806 = CARTESIAN_POINT('',(30.,5.551E-14,250.));
#19807 = VECTOR('',#19808,1.);
#19808 = DIRECTION('',(0.,-1.,2.2E-16));
#19809 = ORIENTED_EDGE('',*,*,#19810,.T.);
#19810 = EDGE_CURVE('',#19803,#19803,#19811,.T.);
#19811 = CIRCLE('',#19812,30.);
#19812 = AXIS2_PLACEMENT_3D('',#19813,#19814,#19815);
#19813 = CARTESIAN_POINT('',(0.,-12.7,250.));
#19814 = DIRECTION('',(0.,-1.,0.));
#19815 = DIRECTION('',(1.,0.,0.));
#19816 = ORIENTED_EDGE('',*,*,#19800,.F.);
#19817 = ORIENTED_EDGE('',*,*,#19818,.F.);
#19818 = EDGE_CURVE('',#19801,#19801,#19819,.T.);
#19819 = CIRCLE('',#19820,30.);
#19820 = AXIS2_PLACEMENT_3D('',#19821,#19822,#19823);
#19821 = CARTESIAN_POINT('',(0.,0.,250.));
#19822 = DIRECTION('',(0.,-1.,0.));
#19823 = DIRECTION('',(1.,0.,0.));
#19824 = CYLINDRICAL_SURFACE('',#19825,30.);
#19825 = AXIS2_PLACEMENT_3D('',#19826,#19827,#19828);
#19826 = CARTESIAN_POINT('',(0.,5.551E-14,250.));
#19827 = DIRECTION('',(0.,1.,-2.2E-16));
#19828 = DIRECTION('',(1.,0.,0.));
#19829 = ADVANCED_FACE('',(#19830),#19857,.F.);
#19830 = FACE_BOUND('',#19831,.T.);
#19831 = EDGE_LOOP('',(#19832,#19842,#19849,#19850));
#19832 = ORIENTED_EDGE('',*,*,#19833,.T.);
#19833 = EDGE_CURVE('',#19834,#19836,#19838,.T.);
#19834 = VERTEX_POINT('',#19835);
#19835 = CARTESIAN_POINT('',(6.35,9.4E-14,424.08712114635));
#19836 = VERTEX_POINT('',#19837);
#19837 = CARTESIAN_POINT('',(6.35,-12.7,424.08712114635));
#19838 = LINE('',#19839,#19840);
#19839 = CARTESIAN_POINT('',(6.35,9.417E-14,424.08712114635));
#19840 = VECTOR('',#19841,1.);
#19841 = DIRECTION('',(0.,-1.,2.2E-16));
#19842 = ORIENTED_EDGE('',*,*,#19843,.T.);
#19843 = EDGE_CURVE('',#19836,#19836,#19844,.T.);
#19844 = CIRCLE('',#19845,6.35);
#19845 = AXIS2_PLACEMENT_3D('',#19846,#19847,#19848);
#19846 = CARTESIAN_POINT('',(0.,-12.7,424.08712114635));
#19847 = DIRECTION('',(0.,-1.,0.));
#19848 = DIRECTION('',(1.,0.,0.));
#19849 = ORIENTED_EDGE('',*,*,#19833,.F.);
#19850 = ORIENTED_EDGE('',*,*,#19851,.F.);
#19851 = EDGE_CURVE('',#19834,#19834,#19852,.T.);
#19852 = CIRCLE('',#19853,6.35);
#19853 = AXIS2_PLACEMENT_3D('',#19854,#19855,#19856);
#19854 = CARTESIAN_POINT('',(0.,0.,424.08712114635));
#19855 = DIRECTION('',(0.,-1.,0.));
#19856 = DIRECTION('',(1.,0.,0.));
#19857 = CYLINDRICAL_SURFACE('',#19858,6.35);
#19858 = AXIS2_PLACEMENT_3D('',#19859,#19860,#19861);
#19859 = CARTESIAN_POINT('',(-0.,9.417E-14,424.08712114635));
#19860 = DIRECTION('',(0.,1.,-2.2E-16));
#19861 = DIRECTION('',(1.,0.,0.));
#19862 = ADVANCED_FACE('',(#19863),#19890,.F.);
#19863 = FACE_BOUND('',#19864,.T.);
#19864 = EDGE_LOOP('',(#19865,#19875,#19882,#19883));
#19865 = ORIENTED_EDGE('',*,*,#19866,.T.);
#19866 = EDGE_CURVE('',#19867,#19869,#19871,.T.);
#19867 = VERTEX_POINT('',#19868);
#19868 = CARTESIAN_POINT('',(180.43712114635,5.6E-14,250.));
#19869 = VERTEX_POINT('',#19870);
#19870 = CARTESIAN_POINT('',(180.43712114635,-12.7,250.));
#19871 = LINE('',#19872,#19873);
#19872 = CARTESIAN_POINT('',(180.43712114635,5.551E-14,250.));
#19873 = VECTOR('',#19874,1.);
#19874 = DIRECTION('',(0.,-1.,2.2E-16));
#19875 = ORIENTED_EDGE('',*,*,#19876,.T.);
#19876 = EDGE_CURVE('',#19869,#19869,#19877,.T.);
#19877 = CIRCLE('',#19878,6.35);
#19878 = AXIS2_PLACEMENT_3D('',#19879,#19880,#19881);
#19879 = CARTESIAN_POINT('',(174.08712114635,-12.7,250.));
#19880 = DIRECTION('',(0.,-1.,0.));
#19881 = DIRECTION('',(1.,0.,0.));
#19882 = ORIENTED_EDGE('',*,*,#19866,.F.);
#19883 = ORIENTED_EDGE('',*,*,#19884,.F.);
#19884 = EDGE_CURVE('',#19867,#19867,#19885,.T.);
#19885 = CIRCLE('',#19886,6.35);
#19886 = AXIS2_PLACEMENT_3D('',#19887,#19888,#19889);
#19887 = CARTESIAN_POINT('',(174.08712114635,0.,250.));
#19888 = DIRECTION('',(0.,-1.,0.));
#19889 = DIRECTION('',(1.,0.,0.));
#19890 = CYLINDRICAL_SURFACE('',#19891,6.35);
#19891 = AXIS2_PLACEMENT_3D('',#19892,#19893,#19894);
#19892 = CARTESIAN_POINT('',(174.08712114635,5.551E-14,250.));
#19893 = DIRECTION('',(0.,1.,-2.2E-16));
#19894 = DIRECTION('',(1.,0.,0.));
#19895 = ADVANCED_FACE('',(#19896),#19923,.F.);
#19896 = FACE_BOUND('',#19897,.T.);
#19897 = EDGE_LOOP('',(#19898,#19908,#19915,#19916));
#19898 = ORIENTED_EDGE('',*,*,#19899,.T.);
#19899 = EDGE_CURVE('',#19900,#19902,#19904,.T.);
#19900 = VERTEX_POINT('',#19901);
#19901 = CARTESIAN_POINT('',(-167.7371211463,5.6E-14,250.));
#19902 = VERTEX_POINT('',#19903);
#19903 = CARTESIAN_POINT('',(-167.7371211463,-12.7,250.));
#19904 = LINE('',#19905,#19906);
#19905 = CARTESIAN_POINT('',(-167.7371211463,5.551E-14,250.));
#19906 = VECTOR('',#19907,1.);
#19907 = DIRECTION('',(0.,-1.,2.2E-16));
#19908 = ORIENTED_EDGE('',*,*,#19909,.T.);
#19909 = EDGE_CURVE('',#19902,#19902,#19910,.T.);
#19910 = CIRCLE('',#19911,6.35);
#19911 = AXIS2_PLACEMENT_3D('',#19912,#19913,#19914);
#19912 = CARTESIAN_POINT('',(-174.0871211463,-12.7,250.));
#19913 = DIRECTION('',(0.,-1.,0.));
#19914 = DIRECTION('',(1.,0.,0.));
#19915 = ORIENTED_EDGE('',*,*,#19899,.F.);
#19916 = ORIENTED_EDGE('',*,*,#19917,.F.);
#19917 = EDGE_CURVE('',#19900,#19900,#19918,.T.);
#19918 = CIRCLE('',#19919,6.35);
#19919 = AXIS2_PLACEMENT_3D('',#19920,#19921,#19922);
#19920 = CARTESIAN_POINT('',(-174.0871211463,0.,250.));
#19921 = DIRECTION('',(0.,-1.,0.));
#19922 = DIRECTION('',(1.,0.,0.));
#19923 = CYLINDRICAL_SURFACE('',#19924,6.35);
#19924 = AXIS2_PLACEMENT_3D('',#19925,#19926,#19927);
#19925 = CARTESIAN_POINT('',(-174.0871211463,5.551E-14,250.));
#19926 = DIRECTION('',(0.,1.,-2.2E-16));
#19927 = DIRECTION('',(1.,0.,0.));
#19928 = ADVANCED_FACE('',(#19929,#19947,#19950,#19953,#19956,#19959),
  #19962,.T.);
#19929 = FACE_BOUND('',#19930,.F.);
#19930 = EDGE_LOOP('',(#19931,#19932,#19933,#19934,#19935,#19936,#19937,
    #19938,#19939,#19940,#19941,#19942,#19943,#19944,#19945,#19946));
#19931 = ORIENTED_EDGE('',*,*,#19282,.T.);
#19932 = ORIENTED_EDGE('',*,*,#19314,.T.);
#19933 = ORIENTED_EDGE('',*,*,#19346,.T.);
#19934 = ORIENTED_EDGE('',*,*,#19378,.F.);
#19935 = ORIENTED_EDGE('',*,*,#19410,.T.);
#19936 = ORIENTED_EDGE('',*,*,#19442,.T.);
#19937 = ORIENTED_EDGE('',*,*,#19474,.T.);
#19938 = ORIENTED_EDGE('',*,*,#19506,.F.);
#19939 = ORIENTED_EDGE('',*,*,#19538,.T.);
#19940 = ORIENTED_EDGE('',*,*,#19570,.T.);
#19941 = ORIENTED_EDGE('',*,*,#19602,.T.);
#19942 = ORIENTED_EDGE('',*,*,#19634,.F.);
#19943 = ORIENTED_EDGE('',*,*,#19666,.T.);
#19944 = ORIENTED_EDGE('',*,*,#19698,.T.);
#19945 = ORIENTED_EDGE('',*,*,#19730,.T.);
#19946 = ORIENTED_EDGE('',*,*,#19753,.F.);
#19947 = FACE_BOUND('',#19948,.T.);
#19948 = EDGE_LOOP('',(#19949));
#19949 = ORIENTED_EDGE('',*,*,#19785,.T.);
#19950 = FACE_BOUND('',#19951,.T.);
#19951 = EDGE_LOOP('',(#19952));
#19952 = ORIENTED_EDGE('',*,*,#19818,.T.);
#19953 = FACE_BOUND('',#19954,.T.);
#19954 = EDGE_LOOP('',(#19955));
#19955 = ORIENTED_EDGE('',*,*,#19851,.T.);
#19956 = FACE_BOUND('',#19957,.T.);
#19957 = EDGE_LOOP('',(#19958));
#19958 = ORIENTED_EDGE('',*,*,#19884,.T.);
#19959 = FACE_BOUND('',#19960,.T.);
#19960 = EDGE_LOOP('',(#19961));
#19961 = ORIENTED_EDGE('',*,*,#19917,.T.);
#19962 = PLANE('',#19963);
#19963 = AXIS2_PLACEMENT_3D('',#19964,#19965,#19966);
#19964 = CARTESIAN_POINT('',(5.41E-15,4.212E-14,189.68122188188));
#19965 = DIRECTION('',(0.,1.,0.));
#19966 = DIRECTION('',(0.,0.,1.));
#19967 = ADVANCED_FACE('',(#19968,#19986,#19989,#19992,#19995,#19998),
  #20001,.F.);
#19968 = FACE_BOUND('',#19969,.T.);
#19969 = EDGE_LOOP('',(#19970,#19971,#19972,#19973,#19974,#19975,#19976,
    #19977,#19978,#19979,#19980,#19981,#19982,#19983,#19984,#19985));
#19970 = ORIENTED_EDGE('',*,*,#19265,.T.);
#19971 = ORIENTED_EDGE('',*,*,#19298,.T.);
#19972 = ORIENTED_EDGE('',*,*,#19329,.T.);
#19973 = ORIENTED_EDGE('',*,*,#19371,.F.);
#19974 = ORIENTED_EDGE('',*,*,#19393,.T.);
#19975 = ORIENTED_EDGE('',*,*,#19426,.T.);
#19976 = ORIENTED_EDGE('',*,*,#19457,.T.);
#19977 = ORIENTED_EDGE('',*,*,#19499,.F.);
#19978 = ORIENTED_EDGE('',*,*,#19521,.T.);
#19979 = ORIENTED_EDGE('',*,*,#19554,.T.);
#19980 = ORIENTED_EDGE('',*,*,#19585,.T.);
#19981 = ORIENTED_EDGE('',*,*,#19627,.F.);
#19982 = ORIENTED_EDGE('',*,*,#19649,.T.);
#19983 = ORIENTED_EDGE('',*,*,#19682,.T.);
#19984 = ORIENTED_EDGE('',*,*,#19713,.T.);
#19985 = ORIENTED_EDGE('',*,*,#19746,.F.);
#19986 = FACE_BOUND('',#19987,.F.);
#19987 = EDGE_LOOP('',(#19988));
#19988 = ORIENTED_EDGE('',*,*,#19777,.T.);
#19989 = FACE_BOUND('',#19990,.F.);
#19990 = EDGE_LOOP('',(#19991));
#19991 = ORIENTED_EDGE('',*,*,#19810,.T.);
#19992 = FACE_BOUND('',#19993,.F.);
#19993 = EDGE_LOOP('',(#19994));
#19994 = ORIENTED_EDGE('',*,*,#19843,.T.);
#19995 = FACE_BOUND('',#19996,.F.);
#19996 = EDGE_LOOP('',(#19997));
#19997 = ORIENTED_EDGE('',*,*,#19876,.T.);
#19998 = FACE_BOUND('',#19999,.F.);
#19999 = EDGE_LOOP('',(#20000));
#20000 = ORIENTED_EDGE('',*,*,#19909,.T.);
#20001 = PLANE('',#20002);
#20002 = AXIS2_PLACEMENT_3D('',#20003,#20004,#20005);
#20003 = CARTESIAN_POINT('',(5.41E-15,-12.7,189.68122188188));
#20004 = DIRECTION('',(0.,1.,0.));
#20005 = DIRECTION('',(0.,0.,1.));
#20006 = ( GEOMETRIC_REPRESENTATION_CONTEXT(3) 
GLOBAL_UNCERTAINTY_ASSIGNED_CONTEXT((#20010)) 
GLOBAL_UNIT_ASSIGNED_CONTEXT((#20007,#20008,#20009)) 
REPRESENTATION_CONTEXT('Context #1',
  '3D Context with UNIT and UNCERTAINTY') );
#20007 = ( LENGTH_UNIT() NAMED_UNIT(*) SI_UNIT(.MILLI.,.METRE.) );
#20008 = ( NAMED_UNIT(*) PLANE_ANGLE_UNIT() SI_UNIT($,.RADIAN.) );
#20009 = ( NAMED_UNIT(*) SI_UNIT($,.STERADIAN.) SOLID_ANGLE_UNIT() );
#20010 = UNCERTAINTY_MEASURE_WITH_UNIT(LENGTH_MEASURE(1.E-07),#20007,
  'distance_accuracy_value','confusion accuracy');
#20011 = CONTEXT_DEPENDENT_SHAPE_REPRESENTATION(#20012,#20014);
#20012 = ( REPRESENTATION_RELATIONSHIP('','',#19248,#19201) 
REPRESENTATION_RELATIONSHIP_WITH_TRANSFORMATION(#20013) 
SHAPE_REPRESENTATION_RELATIONSHIP() );
#20013 = ITEM_DEFINED_TRANSFORMATION('','',#11,#19202);
#20014 = PRODUCT_DEFINITION_SHAPE('Placement','Placement of an item',
  #20015);
#20015 = NEXT_ASSEMBLY_USAGE_OCCURRENCE('61','Body048','',#19196,#19243,
  $);
#20016 = CC_DESIGN_SECURITY_CLASSIFICATION(#20017,(#20015));
#20017 = SECURITY_CLASSIFICATION('','',#59);
#20018 = CC_DESIGN_PERSON_AND_ORGANIZATION_ASSIGNMENT(#48,#57,(#20017));
#20019 = CC_DESIGN_DATE_AND_TIME_ASSIGNMENT(#62,#68,(#20017));
#20020 = CC_DESIGN_APPROVAL(#70,(#20017));
#20021 = PRODUCT_RELATED_PRODUCT_CATEGORY('detail',$,(#19245));
#20022 = PRODUCT_CATEGORY_RELATIONSHIP('','',#20023,#20021);
#20023 = PRODUCT_CATEGORY('part',$);
#20024 = CC_DESIGN_PERSON_AND_ORGANIZATION_ASSIGNMENT(#48,#51,(#19244,
    #19243));
#20025 = CC_DESIGN_PERSON_AND_ORGANIZATION_ASSIGNMENT(#48,#53,(#19245));
#20026 = CC_DESIGN_PERSON_AND_ORGANIZATION_ASSIGNMENT(#48,#55,(#19244));
#20027 = CC_DESIGN_PERSON_AND_ORGANIZATION_ASSIGNMENT(#48,#57,(#20028));
#20028 = SECURITY_CLASSIFICATION('','',#59);
#20029 = CC_DESIGN_SECURITY_CLASSIFICATION(#20028,(#19244));
#20030 = CC_DESIGN_DATE_AND_TIME_ASSIGNMENT(#62,#66,(#19243));
#20031 = CC_DESIGN_DATE_AND_TIME_ASSIGNMENT(#62,#68,(#20028));
#20032 = CC_DESIGN_APPROVAL(#70,(#19244,#19243,#20028));
#20033 = CONTEXT_DEPENDENT_SHAPE_REPRESENTATION(#20034,#20036);
#20034 = ( REPRESENTATION_RELATIONSHIP('','',#17232,#19201) 
REPRESENTATION_RELATIONSHIP_WITH_TRANSFORMATION(#20035) 
SHAPE_REPRESENTATION_RELATIONSHIP() );
#20035 = ITEM_DEFINED_TRANSFORMATION('','',#11,#19206);
#20036 = PRODUCT_DEFINITION_SHAPE('Placement','Placement of an item',
  #20037);
#20037 = NEXT_ASSEMBLY_USAGE_OCCURRENCE('62','Body049','',#19196,#17227,
  $);
#20038 = CONTEXT_DEPENDENT_SHAPE_REPRESENTATION(#20039,#20041);
#20039 = ( REPRESENTATION_RELATIONSHIP('','',#19248,#19201) 
REPRESENTATION_RELATIONSHIP_WITH_TRANSFORMATION(#20040) 
SHAPE_REPRESENTATION_RELATIONSHIP() );
#20040 = ITEM_DEFINED_TRANSFORMATION('','',#11,#19210);
#20041 = PRODUCT_DEFINITION_SHAPE('Placement','Placement of an item',
  #20042);
#20042 = NEXT_ASSEMBLY_USAGE_OCCURRENCE('63','Body050','',#19196,#19243,
  $);
#20043 = SHAPE_DEFINITION_REPRESENTATION(#20044,#20050);
#20044 = PRODUCT_DEFINITION_SHAPE('','',#20045);
#20045 = PRODUCT_DEFINITION('design','',#20046,#20049);
#20046 = PRODUCT_DEFINITION_FORMATION_WITH_SPECIFIED_SOURCE('','',#20047
  ,.NOT_KNOWN.);
#20047 = PRODUCT('Assembly','Assembly','',(#20048));
#20048 = MECHANICAL_CONTEXT('',#2,'mechanical');
#20049 = DESIGN_CONTEXT('',#2,'design');
#20050 = SHAPE_REPRESENTATION('',(#11,#20051,#20055,#20059),#20063);
#20051 = AXIS2_PLACEMENT_3D('',#20052,#20053,#20054);
#20052 = CARTESIAN_POINT('',(0.,0.,0.));
#20053 = DIRECTION('',(-0.10320387117,9.55531103174E-03,0.99461432576));
#20054 = DIRECTION('',(0.990378470351,-9.169592396193E-02,0.103645274824
    ));
#20055 = AXIS2_PLACEMENT_3D('',#20056,#20057,#20058);
#20056 = CARTESIAN_POINT('',(-22.25155875907,40.724864270779,
    248.65358143995));
#20057 = DIRECTION('',(0.96329361484,-8.918822521262E-02,-0.253201248202
    ));
#20058 = DIRECTION('',(-0.252122916784,2.33432414966E-02,-0.967413628139
    ));
#20059 = AXIS2_PLACEMENT_3D('',#20060,#20061,#20062);
#20060 = CARTESIAN_POINT('',(8.269662085454,89.317986368886,1.82E-14));
#20061 = DIRECTION('',(-0.10320387117,9.55531103174E-03,0.99461432576));
#20062 = DIRECTION('',(0.990378470351,-9.169592396193E-02,0.103645274824
    ));
#20063 = ( GEOMETRIC_REPRESENTATION_CONTEXT(3) 
GLOBAL_UNCERTAINTY_ASSIGNED_CONTEXT((#20067)) 
GLOBAL_UNIT_ASSIGNED_CONTEXT((#20064,#20065,#20066)) 
REPRESENTATION_CONTEXT('Context #1',
  '3D Context with UNIT and UNCERTAINTY') );
#20064 = ( LENGTH_UNIT() NAMED_UNIT(*) SI_UNIT(.MILLI.,.METRE.) );
#20065 = ( NAMED_UNIT(*) PLANE_ANGLE_UNIT() SI_UNIT($,.RADIAN.) );
#20066 = ( NAMED_UNIT(*) SI_UNIT($,.STERADIAN.) SOLID_ANGLE_UNIT() );
#20067 = UNCERTAINTY_MEASURE_WITH_UNIT(LENGTH_MEASURE(5.E-07),#20064,
  'distance_accuracy_value','confusion accuracy');
#20068 = CONTEXT_DEPENDENT_SHAPE_REPRESENTATION(#20069,#20071);
#20069 = ( REPRESENTATION_RELATIONSHIP('','',#20050,#10) 
REPRESENTATION_RELATIONSHIP_WITH_TRANSFORMATION(#20070) 
SHAPE_REPRESENTATION_RELATIONSHIP() );
#20070 = ITEM_DEFINED_TRANSFORMATION('','',#11,#35);
#20071 = PRODUCT_DEFINITION_SHAPE('Placement','Placement of an item',
  #20072);
#20072 = NEXT_ASSEMBLY_USAGE_OCCURRENCE('68','Assembly','',#5,#20045,$);
#20073 = CC_DESIGN_SECURITY_CLASSIFICATION(#20074,(#20072));
#20074 = SECURITY_CLASSIFICATION('','',#59);
#20075 = CC_DESIGN_PERSON_AND_ORGANIZATION_ASSIGNMENT(#48,#57,(#20074));
#20076 = CC_DESIGN_DATE_AND_TIME_ASSIGNMENT(#62,#68,(#20074));
#20077 = CC_DESIGN_APPROVAL(#70,(#20074));
#20078 = PRODUCT_RELATED_PRODUCT_CATEGORY('detail',$,(#20047));
#20079 = PRODUCT_CATEGORY_RELATIONSHIP('','',#20080,#20078);
#20080 = PRODUCT_CATEGORY('part',$);
#20081 = CC_DESIGN_PERSON_AND_ORGANIZATION_ASSIGNMENT(#48,#51,(#20046,
    #20045));
#20082 = CC_DESIGN_PERSON_AND_ORGANIZATION_ASSIGNMENT(#48,#53,(#20047));
#20083 = CC_DESIGN_PERSON_AND_ORGANIZATION_ASSIGNMENT(#48,#55,(#20046));
#20084 = CC_DESIGN_PERSON_AND_ORGANIZATION_ASSIGNMENT(#48,#57,(#20085));
#20085 = SECURITY_CLASSIFICATION('','',#59);
#20086 = CC_DESIGN_SECURITY_CLASSIFICATION(#20085,(#20046));
#20087 = CC_DESIGN_DATE_AND_TIME_ASSIGNMENT(#62,#66,(#20045));
#20088 = CC_DESIGN_DATE_AND_TIME_ASSIGNMENT(#62,#68,(#20085));
#20089 = CC_DESIGN_APPROVAL(#70,(#20046,#20045,#20085));
#20090 = CONTEXT_DEPENDENT_SHAPE_REPRESENTATION(#20091,#20093);
#20091 = ( REPRESENTATION_RELATIONSHIP('','',#19248,#20050) 
REPRESENTATION_RELATIONSHIP_WITH_TRANSFORMATION(#20092) 
SHAPE_REPRESENTATION_RELATIONSHIP() );
#20092 = ITEM_DEFINED_TRANSFORMATION('','',#11,#20051);
#20093 = PRODUCT_DEFINITION_SHAPE('Placement','Placement of an item',
  #20094);
#20094 = NEXT_ASSEMBLY_USAGE_OCCURRENCE('65','Body051','',#20045,#19243,
  $);
#20095 = CONTEXT_DEPENDENT_SHAPE_REPRESENTATION(#20096,#20098);
#20096 = ( REPRESENTATION_RELATIONSHIP('','',#17232,#20050) 
REPRESENTATION_RELATIONSHIP_WITH_TRANSFORMATION(#20097) 
SHAPE_REPRESENTATION_RELATIONSHIP() );
#20097 = ITEM_DEFINED_TRANSFORMATION('','',#11,#20055);
#20098 = PRODUCT_DEFINITION_SHAPE('Placement','Placement of an item',
  #20099);
#20099 = NEXT_ASSEMBLY_USAGE_OCCURRENCE('66','Body052','',#20045,#17227,
  $);
#20100 = CONTEXT_DEPENDENT_SHAPE_REPRESENTATION(#20101,#20103);
#20101 = ( REPRESENTATION_RELATIONSHIP('','',#19248,#20050) 
REPRESENTATION_RELATIONSHIP_WITH_TRANSFORMATION(#20102) 
SHAPE_REPRESENTATION_RELATIONSHIP() );
#20102 = ITEM_DEFINED_TRANSFORMATION('','',#11,#20059);
#20103 = PRODUCT_DEFINITION_SHAPE('Placement','Placement of an item',
  #20104);
#20104 = NEXT_ASSEMBLY_USAGE_OCCURRENCE('67','Body053','',#20045,#19243,
  $);
#20105 = SHAPE_DEFINITION_REPRESENTATION(#19222,#20106);
#20106 = SHAPE_REPRESENTATION('',(#31),#19214);
#20107 = INVISIBILITY((#20108));
#20108 = STYLED_ITEM('color',(#20109),#19249);
#20109 = PRESENTATION_STYLE_BY_CONTEXT((#20110,#20116),#20106);
#20110 = SURFACE_STYLE_USAGE(.BOTH.,#20111);
#20111 = SURFACE_SIDE_STYLE('',(#20112));
#20112 = SURFACE_STYLE_FILL_AREA(#20113);
#20113 = FILL_AREA_STYLE('',(#20114));
#20114 = FILL_AREA_STYLE_COLOUR('',#20115);
#20115 = COLOUR_RGB('',0.447058818107,0.474509808674,0.501960817233);
#20116 = CURVE_STYLE('',#20117,POSITIVE_LENGTH_MEASURE(0.1),#20115);
#20117 = DRAUGHTING_PRE_DEFINED_CURVE_FONT('continuous');
#20118 = SHAPE_DEFINITION_REPRESENTATION(#20071,#20119);
#20119 = SHAPE_REPRESENTATION('',(#35),#20063);
#20120 = INVISIBILITY((#20121,#20130));
#20121 = STYLED_ITEM('color',(#20122),#19249);
#20122 = PRESENTATION_STYLE_BY_CONTEXT((#20123,#20128),#20119);
#20123 = SURFACE_STYLE_USAGE(.BOTH.,#20124);
#20124 = SURFACE_SIDE_STYLE('',(#20125));
#20125 = SURFACE_STYLE_FILL_AREA(#20126);
#20126 = FILL_AREA_STYLE('',(#20127));
#20127 = FILL_AREA_STYLE_COLOUR('',#20115);
#20128 = CURVE_STYLE('',#20129,POSITIVE_LENGTH_MEASURE(0.1),#20115);
#20129 = DRAUGHTING_PRE_DEFINED_CURVE_FONT('continuous');
#20130 = STYLED_ITEM('color',(#20131),#19249);
#20131 = PRESENTATION_STYLE_BY_CONTEXT((#20132,#20137),#20119);
#20132 = SURFACE_STYLE_USAGE(.BOTH.,#20133);
#20133 = SURFACE_SIDE_STYLE('',(#20134));
#20134 = SURFACE_STYLE_FILL_AREA(#20135);
#20135 = FILL_AREA_STYLE('',(#20136));
#20136 = FILL_AREA_STYLE_COLOUR('',#20115);
#20137 = CURVE_STYLE('',#20138,POSITIVE_LENGTH_MEASURE(0.1),#20115);
#20138 = DRAUGHTING_PRE_DEFINED_CURVE_FONT('continuous');
#20139 = SHAPE_DEFINITION_REPRESENTATION(#19222,#20140);
#20140 = SHAPE_REPRESENTATION('',(#31),#19214);
#20141 = INVISIBILITY((#20142));
#20142 = STYLED_ITEM('color',(#20143),#19249);
#20143 = PRESENTATION_STYLE_BY_CONTEXT((#20144,#20150),#20140);
#20144 = SURFACE_STYLE_USAGE(.BOTH.,#20145);
#20145 = SURFACE_SIDE_STYLE('',(#20146));
#20146 = SURFACE_STYLE_FILL_AREA(#20147);
#20147 = FILL_AREA_STYLE('',(#20148));
#20148 = FILL_AREA_STYLE_COLOUR('',#20149);
#20149 = COLOUR_RGB('',0.447058818107,0.474509808674,0.501960817233);
#20150 = CURVE_STYLE('',#20151,POSITIVE_LENGTH_MEASURE(0.1),#20149);
#20151 = DRAUGHTING_PRE_DEFINED_CURVE_FONT('continuous');
#20152 = SHAPE_DEFINITION_REPRESENTATION(#20071,#20153);
#20153 = SHAPE_REPRESENTATION('',(#35),#20063);
#20154 = INVISIBILITY((#20155,#20164));
#20155 = STYLED_ITEM('color',(#20156),#19249);
#20156 = PRESENTATION_STYLE_BY_CONTEXT((#20157,#20162),#20153);
#20157 = SURFACE_STYLE_USAGE(.BOTH.,#20158);
#20158 = SURFACE_SIDE_STYLE('',(#20159));
#20159 = SURFACE_STYLE_FILL_AREA(#20160);
#20160 = FILL_AREA_STYLE('',(#20161));
#20161 = FILL_AREA_STYLE_COLOUR('',#20149);
#20162 = CURVE_STYLE('',#20163,POSITIVE_LENGTH_MEASURE(0.1),#20149);
#20163 = DRAUGHTING_PRE_DEFINED_CURVE_FONT('continuous');
#20164 = STYLED_ITEM('color',(#20165),#19249);
#20165 = PRESENTATION_STYLE_BY_CONTEXT((#20166,#20171),#20153);
#20166 = SURFACE_STYLE_USAGE(.BOTH.,#20167);
#20167 = SURFACE_SIDE_STYLE('',(#20168));
#20168 = SURFACE_STYLE_FILL_AREA(#20169);
#20169 = FILL_AREA_STYLE('',(#20170));
#20170 = FILL_AREA_STYLE_COLOUR('',#20149);
#20171 = CURVE_STYLE('',#20172,POSITIVE_LENGTH_MEASURE(0.1),#20149);
#20172 = DRAUGHTING_PRE_DEFINED_CURVE_FONT('continuous');
#20173 = MECHANICAL_DESIGN_GEOMETRIC_PRESENTATION_REPRESENTATION('',(
    #20174),#19082);
#20174 = STYLED_ITEM('color',(#20175),#18864);
#20175 = PRESENTATION_STYLE_ASSIGNMENT((#20176,#20181));
#20176 = SURFACE_STYLE_USAGE(.BOTH.,#20177);
#20177 = SURFACE_SIDE_STYLE('',(#20178));
#20178 = SURFACE_STYLE_FILL_AREA(#20179);
#20179 = FILL_AREA_STYLE('',(#20180));
#20180 = FILL_AREA_STYLE_COLOUR('',#20115);
#20181 = CURVE_STYLE('',#20182,POSITIVE_LENGTH_MEASURE(0.1),#20183);
#20182 = DRAUGHTING_PRE_DEFINED_CURVE_FONT('continuous');
#20183 = COLOUR_RGB('',9.803921802644E-02,9.803921802644E-02,
  9.803921802644E-02);
#20184 = MECHANICAL_DESIGN_GEOMETRIC_PRESENTATION_REPRESENTATION('',(
    #20185),#17799);
#20185 = STYLED_ITEM('color',(#20186),#17233);
#20186 = PRESENTATION_STYLE_ASSIGNMENT((#20187,#20192));
#20187 = SURFACE_STYLE_USAGE(.BOTH.,#20188);
#20188 = SURFACE_SIDE_STYLE('',(#20189));
#20189 = SURFACE_STYLE_FILL_AREA(#20190);
#20190 = FILL_AREA_STYLE('',(#20191));
#20191 = FILL_AREA_STYLE_COLOUR('',#20115);
#20192 = CURVE_STYLE('',#20193,POSITIVE_LENGTH_MEASURE(0.1),#20183);
#20193 = DRAUGHTING_PRE_DEFINED_CURVE_FONT('continuous');
#20194 = MECHANICAL_DESIGN_GEOMETRIC_PRESENTATION_REPRESENTATION('',(
    #20108,#20142),#19214);
#20195 = MECHANICAL_DESIGN_GEOMETRIC_PRESENTATION_REPRESENTATION('',(
    #20196),#5767);
#20196 = STYLED_ITEM('color',(#20197),#5227);
#20197 = PRESENTATION_STYLE_ASSIGNMENT((#20198,#20203));
#20198 = SURFACE_STYLE_USAGE(.BOTH.,#20199);
#20199 = SURFACE_SIDE_STYLE('',(#20200));
#20200 = SURFACE_STYLE_FILL_AREA(#20201);
#20201 = FILL_AREA_STYLE('',(#20202));
#20202 = FILL_AREA_STYLE_COLOUR('',#20115);
#20203 = CURVE_STYLE('',#20204,POSITIVE_LENGTH_MEASURE(0.1),#20183);
#20204 = DRAUGHTING_PRE_DEFINED_CURVE_FONT('continuous');
#20205 = MECHANICAL_DESIGN_GEOMETRIC_PRESENTATION_REPRESENTATION('',(
    #20206),#6121);
#20206 = STYLED_ITEM('color',(#20207),#5802);
#20207 = PRESENTATION_STYLE_ASSIGNMENT((#20208,#20213));
#20208 = SURFACE_STYLE_USAGE(.BOTH.,#20209);
#20209 = SURFACE_SIDE_STYLE('',(#20210));
#20210 = SURFACE_STYLE_FILL_AREA(#20211);
#20211 = FILL_AREA_STYLE('',(#20212));
#20212 = FILL_AREA_STYLE_COLOUR('',#20115);
#20213 = CURVE_STYLE('',#20214,POSITIVE_LENGTH_MEASURE(0.1),#20183);
#20214 = DRAUGHTING_PRE_DEFINED_CURVE_FONT('continuous');
#20215 = MECHANICAL_DESIGN_GEOMETRIC_PRESENTATION_REPRESENTATION('',(
    #20216),#18824);
#20216 = STYLED_ITEM('color',(#20217),#18429);
#20217 = PRESENTATION_STYLE_ASSIGNMENT((#20218,#20223));
#20218 = SURFACE_STYLE_USAGE(.BOTH.,#20219);
#20219 = SURFACE_SIDE_STYLE('',(#20220));
#20220 = SURFACE_STYLE_FILL_AREA(#20221);
#20221 = FILL_AREA_STYLE('',(#20222));
#20222 = FILL_AREA_STYLE_COLOUR('',#20115);
#20223 = CURVE_STYLE('',#20224,POSITIVE_LENGTH_MEASURE(0.1),#20183);
#20224 = DRAUGHTING_PRE_DEFINED_CURVE_FONT('continuous');
#20225 = MECHANICAL_DESIGN_GEOMETRIC_PRESENTATION_REPRESENTATION('',(
    #20226),#6883);
#20226 = STYLED_ITEM('color',(#20227),#6577);
#20227 = PRESENTATION_STYLE_ASSIGNMENT((#20228,#20233));
#20228 = SURFACE_STYLE_USAGE(.BOTH.,#20229);
#20229 = SURFACE_SIDE_STYLE('',(#20230));
#20230 = SURFACE_STYLE_FILL_AREA(#20231);
#20231 = FILL_AREA_STYLE('',(#20232));
#20232 = FILL_AREA_STYLE_COLOUR('',#20115);
#20233 = CURVE_STYLE('',#20234,POSITIVE_LENGTH_MEASURE(0.1),#20183);
#20234 = DRAUGHTING_PRE_DEFINED_CURVE_FONT('continuous');
#20235 = MECHANICAL_DESIGN_GEOMETRIC_PRESENTATION_REPRESENTATION('',(
    #20236),#5192);
#20236 = STYLED_ITEM('color',(#20237),#4652);
#20237 = PRESENTATION_STYLE_ASSIGNMENT((#20238,#20243));
#20238 = SURFACE_STYLE_USAGE(.BOTH.,#20239);
#20239 = SURFACE_SIDE_STYLE('',(#20240));
#20240 = SURFACE_STYLE_FILL_AREA(#20241);
#20241 = FILL_AREA_STYLE('',(#20242));
#20242 = FILL_AREA_STYLE_COLOUR('',#20115);
#20243 = CURVE_STYLE('',#20244,POSITIVE_LENGTH_MEASURE(0.1),#20183);
#20244 = DRAUGHTING_PRE_DEFINED_CURVE_FONT('continuous');
#20245 = MECHANICAL_DESIGN_GEOMETRIC_PRESENTATION_REPRESENTATION('',(
    #20246),#3108);
#20246 = STYLED_ITEM('color',(#20247),#150);
#20247 = PRESENTATION_STYLE_ASSIGNMENT((#20248,#20253));
#20248 = SURFACE_STYLE_USAGE(.BOTH.,#20249);
#20249 = SURFACE_SIDE_STYLE('',(#20250));
#20250 = SURFACE_STYLE_FILL_AREA(#20251);
#20251 = FILL_AREA_STYLE('',(#20252));
#20252 = FILL_AREA_STYLE_COLOUR('',#20115);
#20253 = CURVE_STYLE('',#20254,POSITIVE_LENGTH_MEASURE(0.1),#20183);
#20254 = DRAUGHTING_PRE_DEFINED_CURVE_FONT('continuous');
#20255 = MECHANICAL_DESIGN_GEOMETRIC_PRESENTATION_REPRESENTATION('',(
    #20256),#6542);
#20256 = STYLED_ITEM('color',(#20257),#6236);
#20257 = PRESENTATION_STYLE_ASSIGNMENT((#20258,#20263));
#20258 = SURFACE_STYLE_USAGE(.BOTH.,#20259);
#20259 = SURFACE_SIDE_STYLE('',(#20260));
#20260 = SURFACE_STYLE_FILL_AREA(#20261);
#20261 = FILL_AREA_STYLE('',(#20262));
#20262 = FILL_AREA_STYLE_COLOUR('',#20115);
#20263 = CURVE_STYLE('',#20264,POSITIVE_LENGTH_MEASURE(0.1),#20183);
#20264 = DRAUGHTING_PRE_DEFINED_CURVE_FONT('continuous');
#20265 = MECHANICAL_DESIGN_GEOMETRIC_PRESENTATION_REPRESENTATION('',(
    #20266),#4124);
#20266 = STYLED_ITEM('color',(#20267),#3795);
#20267 = PRESENTATION_STYLE_ASSIGNMENT((#20268,#20273));
#20268 = SURFACE_STYLE_USAGE(.BOTH.,#20269);
#20269 = SURFACE_SIDE_STYLE('',(#20270));
#20270 = SURFACE_STYLE_FILL_AREA(#20271);
#20271 = FILL_AREA_STYLE('',(#20272));
#20272 = FILL_AREA_STYLE_COLOUR('',#20115);
#20273 = CURVE_STYLE('',#20274,POSITIVE_LENGTH_MEASURE(0.1),#20183);
#20274 = DRAUGHTING_PRE_DEFINED_CURVE_FONT('continuous');
#20275 = MECHANICAL_DESIGN_GEOMETRIC_PRESENTATION_REPRESENTATION('',(
    #20276),#4488);
#20276 = STYLED_ITEM('color',(#20277),#4159);
#20277 = PRESENTATION_STYLE_ASSIGNMENT((#20278,#20283));
#20278 = SURFACE_STYLE_USAGE(.BOTH.,#20279);
#20279 = SURFACE_SIDE_STYLE('',(#20280));
#20280 = SURFACE_STYLE_FILL_AREA(#20281);
#20281 = FILL_AREA_STYLE('',(#20282));
#20282 = FILL_AREA_STYLE_COLOUR('',#20115);
#20283 = CURVE_STYLE('',#20284,POSITIVE_LENGTH_MEASURE(0.1),#20183);
#20284 = DRAUGHTING_PRE_DEFINED_CURVE_FONT('continuous');
#20285 = MECHANICAL_DESIGN_GEOMETRIC_PRESENTATION_REPRESENTATION('',(
    #20286),#20006);
#20286 = STYLED_ITEM('color',(#20287),#19249);
#20287 = PRESENTATION_STYLE_ASSIGNMENT((#20288,#20293));
#20288 = SURFACE_STYLE_USAGE(.BOTH.,#20289);
#20289 = SURFACE_SIDE_STYLE('',(#20290));
#20290 = SURFACE_STYLE_FILL_AREA(#20291);
#20291 = FILL_AREA_STYLE('',(#20292));
#20292 = FILL_AREA_STYLE_COLOUR('',#20115);
#20293 = CURVE_STYLE('',#20294,POSITIVE_LENGTH_MEASURE(0.1),#20183);
#20294 = DRAUGHTING_PRE_DEFINED_CURVE_FONT('continuous');
#20295 = MECHANICAL_DESIGN_GEOMETRIC_PRESENTATION_REPRESENTATION('',(
    #20296),#7270);
#20296 = STYLED_ITEM('color',(#20297),#7120);
#20297 = PRESENTATION_STYLE_ASSIGNMENT((#20298,#20303));
#20298 = SURFACE_STYLE_USAGE(.BOTH.,#20299);
#20299 = SURFACE_SIDE_STYLE('',(#20300));
#20300 = SURFACE_STYLE_FILL_AREA(#20301);
#20301 = FILL_AREA_STYLE('',(#20302));
#20302 = FILL_AREA_STYLE_COLOUR('',#20115);
#20303 = CURVE_STYLE('',#20304,POSITIVE_LENGTH_MEASURE(0.1),#20183);
#20304 = DRAUGHTING_PRE_DEFINED_CURVE_FONT('continuous');
#20305 = MECHANICAL_DESIGN_GEOMETRIC_PRESENTATION_REPRESENTATION('',(
    #20306),#14190);
#20306 = STYLED_ITEM('color',(#20307),#7364);
#20307 = PRESENTATION_STYLE_ASSIGNMENT((#20308,#20313));
#20308 = SURFACE_STYLE_USAGE(.BOTH.,#20309);
#20309 = SURFACE_SIDE_STYLE('',(#20310));
#20310 = SURFACE_STYLE_FILL_AREA(#20311);
#20311 = FILL_AREA_STYLE('',(#20312));
#20312 = FILL_AREA_STYLE_COLOUR('',#20115);
#20313 = CURVE_STYLE('',#20314,POSITIVE_LENGTH_MEASURE(0.1),#20183);
#20314 = DRAUGHTING_PRE_DEFINED_CURVE_FONT('continuous');
#20315 = MECHANICAL_DESIGN_GEOMETRIC_PRESENTATION_REPRESENTATION('',(
    #20316),#17188);
#20316 = STYLED_ITEM('color',(#20317),#14225);
#20317 = PRESENTATION_STYLE_ASSIGNMENT((#20318,#20323));
#20318 = SURFACE_STYLE_USAGE(.BOTH.,#20319);
#20319 = SURFACE_SIDE_STYLE('',(#20320));
#20320 = SURFACE_STYLE_FILL_AREA(#20321);
#20321 = FILL_AREA_STYLE('',(#20322));
#20322 = FILL_AREA_STYLE_COLOUR('',#20115);
#20323 = CURVE_STYLE('',#20324,POSITIVE_LENGTH_MEASURE(0.1),#20183);
#20324 = DRAUGHTING_PRE_DEFINED_CURVE_FONT('continuous');
#20325 = MECHANICAL_DESIGN_GEOMETRIC_PRESENTATION_REPRESENTATION('',(
    #20121,#20130,#20155,#20164),#20063);
#20326 = MECHANICAL_DESIGN_GEOMETRIC_PRESENTATION_REPRESENTATION('',(
    #20327),#18394);
#20327 = STYLED_ITEM('color',(#20328),#17894);
#20328 = PRESENTATION_STYLE_ASSIGNMENT((#20329,#20334));
#20329 = SURFACE_STYLE_USAGE(.BOTH.,#20330);
#20330 = SURFACE_SIDE_STYLE('',(#20331));
#20331 = SURFACE_STYLE_FILL_AREA(#20332);
#20332 = FILL_AREA_STYLE('',(#20333));
#20333 = FILL_AREA_STYLE_COLOUR('',#20115);
#20334 = CURVE_STYLE('',#20335,POSITIVE_LENGTH_MEASURE(0.1),#20183);
#20335 = DRAUGHTING_PRE_DEFINED_CURVE_FONT('continuous');
#20336 = MECHANICAL_DESIGN_GEOMETRIC_PRESENTATION_REPRESENTATION('',(
    #20337),#3760);
#20337 = STYLED_ITEM('color',(#20338),#3190);
#20338 = PRESENTATION_STYLE_ASSIGNMENT((#20339,#20344));
#20339 = SURFACE_STYLE_USAGE(.BOTH.,#20340);
#20340 = SURFACE_SIDE_STYLE('',(#20341));
#20341 = SURFACE_STYLE_FILL_AREA(#20342);
#20342 = FILL_AREA_STYLE('',(#20343));
#20343 = FILL_AREA_STYLE_COLOUR('',#20115);
#20344 = CURVE_STYLE('',#20345,POSITIVE_LENGTH_MEASURE(0.1),#20183);
#20345 = DRAUGHTING_PRE_DEFINED_CURVE_FONT('continuous');
ENDSEC;
END-ISO-10303-21;
