ISO-10303-21;
HEADER;
FILE_DESCRIPTION(('FreeCAD Model'),'2;1');
FILE_NAME('Open CASCADE Shape Model','2026-10-01T13:02:57',(''),(''),
  'Open CASCADE STEP processor 7.9','FreeCAD','Unknown');
FILE_SCHEMA(('CONFIG_CONTROL_DESIGN','SHAPE_APPEARANCE_LAYER_MIM'));
ENDSEC;
DATA;
#1 = APPLICATION_PROTOCOL_DEFINITION('international standard',
  'config_control_design',1994,#2);
#2 = APPLICATION_CONTEXT(
'configuration controlled 3D designs of mechanical parts and assemblies'
  );
#3 = SHAPE_DEFINITION_REPRESENTATION(#4,#10);
#4 = PRODUCT_DEFINITION_SHAPE('','',#5);
#5 = PRODUCT_DEFINITION('design','',#6,#9);
#6 = PRODUCT_DEFINITION_FORMATION_WITH_SPECIFIED_SOURCE('','',#7,
  .NOT_KNOWN.);
#7 = PRODUCT('torre_2_montagem','torre_2_montagem','',(#8));
#8 = MECHANICAL_CONTEXT('',#2,'mechanical');
#9 = DESIGN_CONTEXT('',#2,'design');
#10 = SHAPE_REPRESENTATION('',(#11,#15,#19,#23,#27,#31),#35);
#11 = AXIS2_PLACEMENT_3D('',#12,#13,#14);
#12 = CARTESIAN_POINT('',(0.,0.,0.));
#13 = DIRECTION('',(0.,0.,1.));
#14 = DIRECTION('',(1.,0.,-0.));
#15 = AXIS2_PLACEMENT_3D('',#16,#17,#18);
#16 = CARTESIAN_POINT('',(0.,0.,0.));
#17 = DIRECTION('',(6.275324460801E-04,-1.427501614324E-02,
    0.999897909847));
#18 = DIRECTION('',(0.999999803101,9.818900320763E-06,
    -6.274562146598E-04));
#19 = AXIS2_PLACEMENT_3D('',#20,#21,#22);
#20 = CARTESIAN_POINT('',(0.891096073434,-20.27052292339,
    1.419855031983E+03));
#21 = DIRECTION('',(6.275324460801E-04,-1.427501614324E-02,
    0.999897909847));
#22 = DIRECTION('',(0.999999803101,9.818900320763E-06,
    -6.274562146598E-04));
#23 = AXIS2_PLACEMENT_3D('',#24,#25,#26);
#24 = CARTESIAN_POINT('',(8.195573745804,-186.4317108306,
    1.305866670261E+04));
#25 = DIRECTION('',(6.275324460801E-04,-1.427501614324E-02,
    0.999897909847));
#26 = DIRECTION('',(0.999999803101,9.818900320763E-06,
    -6.274562146598E-04));
#27 = AXIS2_PLACEMENT_3D('',#28,#29,#30);
#28 = CARTESIAN_POINT('',(10.730804827967,-244.1027760493,
    1.709825425839E+04));
#29 = DIRECTION('',(6.275324460801E-04,-1.427501614324E-02,
    0.999897909847));
#30 = DIRECTION('',(0.999999803101,9.818900320763E-06,
    -6.274562146598E-04));
#31 = AXIS2_PLACEMENT_3D('',#32,#33,#34);
#32 = CARTESIAN_POINT('',(11.06967234885,-251.8112847667,
    1.763819912971E+04));
#33 = DIRECTION('',(6.275324460801E-04,-1.427501614324E-02,
    0.999897909847));
#34 = DIRECTION('',(0.999999803101,9.818900320763E-06,
    -6.274562146598E-04));
#35 = ( GEOMETRIC_REPRESENTATION_CONTEXT(3) 
GLOBAL_UNCERTAINTY_ASSIGNED_CONTEXT((#39)) GLOBAL_UNIT_ASSIGNED_CONTEXT(
(#36,#37,#38)) REPRESENTATION_CONTEXT('Context #1',
  '3D Context with UNIT and UNCERTAINTY') );
#36 = ( LENGTH_UNIT() NAMED_UNIT(*) SI_UNIT(.MILLI.,.METRE.) );
#37 = ( NAMED_UNIT(*) PLANE_ANGLE_UNIT() SI_UNIT($,.RADIAN.) );
#38 = ( NAMED_UNIT(*) SI_UNIT($,.STERADIAN.) SOLID_ANGLE_UNIT() );
#39 = UNCERTAINTY_MEASURE_WITH_UNIT(LENGTH_MEASURE(2.E-04),#36,
  'distance_accuracy_value','confusion accuracy');
#40 = PRODUCT_RELATED_PRODUCT_CATEGORY('detail',$,(#7));
#41 = PRODUCT_CATEGORY_RELATIONSHIP('','',#42,#40);
#42 = PRODUCT_CATEGORY('part',$);
#43 = CC_DESIGN_PERSON_AND_ORGANIZATION_ASSIGNMENT(#44,#47,(#6,#5));
#44 = PERSON_AND_ORGANIZATION(#45,#46);
#45 = PERSON('IP127.0.1,tochapado','','tochapado',$,$,$);
#46 = ORGANIZATION('IP127.0.1','Unspecified','');
#47 = PERSON_AND_ORGANIZATION_ROLE('creator');
#48 = CC_DESIGN_PERSON_AND_ORGANIZATION_ASSIGNMENT(#44,#49,(#7));
#49 = PERSON_AND_ORGANIZATION_ROLE('design_owner');
#50 = CC_DESIGN_PERSON_AND_ORGANIZATION_ASSIGNMENT(#44,#51,(#6));
#51 = PERSON_AND_ORGANIZATION_ROLE('design_supplier');
#52 = CC_DESIGN_PERSON_AND_ORGANIZATION_ASSIGNMENT(#44,#53,(#54));
#53 = PERSON_AND_ORGANIZATION_ROLE('classification_officer');
#54 = SECURITY_CLASSIFICATION('','',#55);
#55 = SECURITY_CLASSIFICATION_LEVEL('unclassified');
#56 = CC_DESIGN_SECURITY_CLASSIFICATION(#54,(#6));
#57 = CC_DESIGN_DATE_AND_TIME_ASSIGNMENT(#58,#62,(#5));
#58 = DATE_AND_TIME(#59,#60);
#59 = CALENDAR_DATE(2026,1,10);
#60 = LOCAL_TIME(13,2,$,#61);
#61 = COORDINATED_UNIVERSAL_TIME_OFFSET(3,$,.BEHIND.);
#62 = DATE_TIME_ROLE('creation_date');
#63 = CC_DESIGN_DATE_AND_TIME_ASSIGNMENT(#58,#64,(#54));
#64 = DATE_TIME_ROLE('classification_date');
#65 = CC_DESIGN_APPROVAL(#66,(#6,#5,#54));
#66 = APPROVAL(#67,'');
#67 = APPROVAL_STATUS('not_yet_approved');
#68 = APPROVAL_PERSON_ORGANIZATION(#44,#66,#69);
#69 = APPROVAL_ROLE('approver');
#70 = APPROVAL_DATE_TIME(#58,#66);
#71 = SHAPE_DEFINITION_REPRESENTATION(#72,#78);
#72 = PRODUCT_DEFINITION_SHAPE('','',#73);
#73 = PRODUCT_DEFINITION('design','',#74,#77);
#74 = PRODUCT_DEFINITION_FORMATION_WITH_SPECIFIED_SOURCE('','',#75,
  .NOT_KNOWN.);
#75 = PRODUCT('torre_base','torre_base','',(#76));
#76 = MECHANICAL_CONTEXT('',#2,'mechanical');
#77 = DESIGN_CONTEXT('',#2,'design');
#78 = SHAPE_REPRESENTATION('',(#11,#79,#83,#87,#91,#95),#99);
#79 = AXIS2_PLACEMENT_3D('',#80,#81,#82);
#80 = CARTESIAN_POINT('',(0.,0.,0.));
#81 = DIRECTION('',(0.,0.,1.));
#82 = DIRECTION('',(1.,0.,0.));
#83 = AXIS2_PLACEMENT_3D('',#84,#85,#86);
#84 = CARTESIAN_POINT('',(0.,0.,0.));
#85 = DIRECTION('',(0.,0.,1.));
#86 = DIRECTION('',(1.,0.,0.));
#87 = AXIS2_PLACEMENT_3D('',#88,#89,#90);
#88 = CARTESIAN_POINT('',(0.,0.,0.));
#89 = DIRECTION('',(0.,0.,1.));
#90 = DIRECTION('',(1.,0.,0.));
#91 = AXIS2_PLACEMENT_3D('',#92,#93,#94);
#92 = CARTESIAN_POINT('',(0.,0.,0.));
#93 = DIRECTION('',(0.,0.,1.));
#94 = DIRECTION('',(1.,0.,0.));
#95 = AXIS2_PLACEMENT_3D('',#96,#97,#98);
#96 = CARTESIAN_POINT('',(0.,0.,0.));
#97 = DIRECTION('',(0.,0.,1.));
#98 = DIRECTION('',(1.,0.,0.));
#99 = ( GEOMETRIC_REPRESENTATION_CONTEXT(3) 
GLOBAL_UNCERTAINTY_ASSIGNED_CONTEXT((#103)) GLOBAL_UNIT_ASSIGNED_CONTEXT
((#100,#101,#102)) REPRESENTATION_CONTEXT('Context #1',
  '3D Context with UNIT and UNCERTAINTY') );
#100 = ( LENGTH_UNIT() NAMED_UNIT(*) SI_UNIT(.MILLI.,.METRE.) );
#101 = ( NAMED_UNIT(*) PLANE_ANGLE_UNIT() SI_UNIT($,.RADIAN.) );
#102 = ( NAMED_UNIT(*) SI_UNIT($,.STERADIAN.) SOLID_ANGLE_UNIT() );
#103 = UNCERTAINTY_MEASURE_WITH_UNIT(LENGTH_MEASURE(1.E-04),#100,
  'distance_accuracy_value','confusion accuracy');
#104 = CONTEXT_DEPENDENT_SHAPE_REPRESENTATION(#105,#107);
#105 = ( REPRESENTATION_RELATIONSHIP('','',#78,#10) 
REPRESENTATION_RELATIONSHIP_WITH_TRANSFORMATION(#106) 
SHAPE_REPRESENTATION_RELATIONSHIP() );
#106 = ITEM_DEFINED_TRANSFORMATION('','',#11,#15);
#107 = PRODUCT_DEFINITION_SHAPE('Placement','Placement of an item',#108
  );
#108 = NEXT_ASSEMBLY_USAGE_OCCURRENCE('6','torre_base','',#5,#73,$);
#109 = CC_DESIGN_SECURITY_CLASSIFICATION(#110,(#108));
#110 = SECURITY_CLASSIFICATION('','',#55);
#111 = CC_DESIGN_PERSON_AND_ORGANIZATION_ASSIGNMENT(#44,#53,(#110));
#112 = CC_DESIGN_DATE_AND_TIME_ASSIGNMENT(#58,#64,(#110));
#113 = CC_DESIGN_APPROVAL(#66,(#110));
#114 = PRODUCT_RELATED_PRODUCT_CATEGORY('detail',$,(#75));
#115 = PRODUCT_CATEGORY_RELATIONSHIP('','',#116,#114);
#116 = PRODUCT_CATEGORY('part',$);
#117 = CC_DESIGN_PERSON_AND_ORGANIZATION_ASSIGNMENT(#44,#47,(#74,#73));
#118 = CC_DESIGN_PERSON_AND_ORGANIZATION_ASSIGNMENT(#44,#49,(#75));
#119 = CC_DESIGN_PERSON_AND_ORGANIZATION_ASSIGNMENT(#44,#51,(#74));
#120 = CC_DESIGN_PERSON_AND_ORGANIZATION_ASSIGNMENT(#44,#53,(#121));
#121 = SECURITY_CLASSIFICATION('','',#55);
#122 = CC_DESIGN_SECURITY_CLASSIFICATION(#121,(#74));
#123 = CC_DESIGN_DATE_AND_TIME_ASSIGNMENT(#58,#62,(#73));
#124 = CC_DESIGN_DATE_AND_TIME_ASSIGNMENT(#58,#64,(#121));
#125 = CC_DESIGN_APPROVAL(#66,(#74,#73,#121));
#126 = SHAPE_DEFINITION_REPRESENTATION(#127,#133);
#127 = PRODUCT_DEFINITION_SHAPE('','',#128);
#128 = PRODUCT_DEFINITION('design','',#129,#132);
#129 = PRODUCT_DEFINITION_FORMATION_WITH_SPECIFIED_SOURCE('','',#130,
  .NOT_KNOWN.);
#130 = PRODUCT('corpo','corpo','',(#131));
#131 = MECHANICAL_CONTEXT('',#2,'mechanical');
#132 = DESIGN_CONTEXT('',#2,'design');
#133 = ADVANCED_BREP_SHAPE_REPRESENTATION('',(#11,#134),#482);
#134 = MANIFOLD_SOLID_BREP('',#135);
#135 = CLOSED_SHELL('',(#136,#176,#239,#286,#317,#334,#358,#398,#415,
    #441,#453,#470));
#136 = ADVANCED_FACE('',(#137),#171,.F.);
#137 = FACE_BOUND('',#138,.F.);
#138 = EDGE_LOOP('',(#139,#149,#157,#165));
#139 = ORIENTED_EDGE('',*,*,#140,.T.);
#140 = EDGE_CURVE('',#141,#143,#145,.T.);
#141 = VERTEX_POINT('',#142);
#142 = CARTESIAN_POINT('',(175.,-175.,0.));
#143 = VERTEX_POINT('',#144);
#144 = CARTESIAN_POINT('',(175.,-175.,1.38E+03));
#145 = LINE('',#146,#147);
#146 = CARTESIAN_POINT('',(175.,-175.,0.));
#147 = VECTOR('',#148,1.);
#148 = DIRECTION('',(0.,0.,1.));
#149 = ORIENTED_EDGE('',*,*,#150,.T.);
#150 = EDGE_CURVE('',#143,#151,#153,.T.);
#151 = VERTEX_POINT('',#152);
#152 = CARTESIAN_POINT('',(175.,175.,1.38E+03));
#153 = LINE('',#154,#155);
#154 = CARTESIAN_POINT('',(175.,-175.,1.38E+03));
#155 = VECTOR('',#156,1.);
#156 = DIRECTION('',(0.,1.,0.));
#157 = ORIENTED_EDGE('',*,*,#158,.F.);
#158 = EDGE_CURVE('',#159,#151,#161,.T.);
#159 = VERTEX_POINT('',#160);
#160 = CARTESIAN_POINT('',(175.,175.,0.));
#161 = LINE('',#162,#163);
#162 = CARTESIAN_POINT('',(175.,175.,0.));
#163 = VECTOR('',#164,1.);
#164 = DIRECTION('',(0.,0.,1.));
#165 = ORIENTED_EDGE('',*,*,#166,.F.);
#166 = EDGE_CURVE('',#141,#159,#167,.T.);
#167 = LINE('',#168,#169);
#168 = CARTESIAN_POINT('',(175.,-175.,0.));
#169 = VECTOR('',#170,1.);
#170 = DIRECTION('',(0.,1.,0.));
#171 = PLANE('',#172);
#172 = AXIS2_PLACEMENT_3D('',#173,#174,#175);
#173 = CARTESIAN_POINT('',(175.,-175.,0.));
#174 = DIRECTION('',(-1.,0.,0.));
#175 = DIRECTION('',(0.,1.,0.));
#176 = ADVANCED_FACE('',(#177),#234,.T.);
#177 = FACE_BOUND('',#178,.T.);
#178 = EDGE_LOOP('',(#179,#189,#195,#196,#204,#212,#220,#228));
#179 = ORIENTED_EDGE('',*,*,#180,.F.);
#180 = EDGE_CURVE('',#181,#183,#185,.T.);
#181 = VERTEX_POINT('',#182);
#182 = CARTESIAN_POINT('',(165.48,-175.,1.38E+03));
#183 = VERTEX_POINT('',#184);
#184 = CARTESIAN_POINT('',(165.48,165.48,1.38E+03));
#185 = LINE('',#186,#187);
#186 = CARTESIAN_POINT('',(165.48,-165.48,1.38E+03));
#187 = VECTOR('',#188,1.);
#188 = DIRECTION('',(0.,1.,0.));
#189 = ORIENTED_EDGE('',*,*,#190,.T.);
#190 = EDGE_CURVE('',#181,#143,#191,.T.);
#191 = LINE('',#192,#193);
#192 = CARTESIAN_POINT('',(2.5,-175.,1.38E+03));
#193 = VECTOR('',#194,1.);
#194 = DIRECTION('',(1.,0.,0.));
#195 = ORIENTED_EDGE('',*,*,#150,.T.);
#196 = ORIENTED_EDGE('',*,*,#197,.T.);
#197 = EDGE_CURVE('',#151,#198,#200,.T.);
#198 = VERTEX_POINT('',#199);
#199 = CARTESIAN_POINT('',(-175.,175.,1.38E+03));
#200 = LINE('',#201,#202);
#201 = CARTESIAN_POINT('',(175.,175.,1.38E+03));
#202 = VECTOR('',#203,1.);
#203 = DIRECTION('',(-1.,0.,0.));
#204 = ORIENTED_EDGE('',*,*,#205,.T.);
#205 = EDGE_CURVE('',#198,#206,#208,.T.);
#206 = VERTEX_POINT('',#207);
#207 = CARTESIAN_POINT('',(-175.,-175.,1.38E+03));
#208 = LINE('',#209,#210);
#209 = CARTESIAN_POINT('',(-175.,175.,1.38E+03));
#210 = VECTOR('',#211,1.);
#211 = DIRECTION('',(0.,-1.,0.));
#212 = ORIENTED_EDGE('',*,*,#213,.T.);
#213 = EDGE_CURVE('',#206,#214,#216,.T.);
#214 = VERTEX_POINT('',#215);
#215 = CARTESIAN_POINT('',(-165.48,-175.,1.38E+03));
#216 = LINE('',#217,#218);
#217 = CARTESIAN_POINT('',(-175.,-175.,1.38E+03));
#218 = VECTOR('',#219,1.);
#219 = DIRECTION('',(1.,0.,0.));
#220 = ORIENTED_EDGE('',*,*,#221,.T.);
#221 = EDGE_CURVE('',#214,#222,#224,.T.);
#222 = VERTEX_POINT('',#223);
#223 = CARTESIAN_POINT('',(-165.48,165.48,1.38E+03));
#224 = LINE('',#225,#226);
#225 = CARTESIAN_POINT('',(-165.48,-175.,1.38E+03));
#226 = VECTOR('',#227,1.);
#227 = DIRECTION('',(0.,1.,-2.2E-16));
#228 = ORIENTED_EDGE('',*,*,#229,.F.);
#229 = EDGE_CURVE('',#183,#222,#230,.T.);
#230 = LINE('',#231,#232);
#231 = CARTESIAN_POINT('',(165.48,165.48,1.38E+03));
#232 = VECTOR('',#233,1.);
#233 = DIRECTION('',(-1.,0.,0.));
#234 = PLANE('',#235);
#235 = AXIS2_PLACEMENT_3D('',#236,#237,#238);
#236 = CARTESIAN_POINT('',(2.E-15,-0.563131055882,1.38E+03));
#237 = DIRECTION('',(0.,0.,1.));
#238 = DIRECTION('',(1.,0.,0.));
#239 = ADVANCED_FACE('',(#240),#281,.T.);
#240 = FACE_BOUND('',#241,.T.);
#241 = EDGE_LOOP('',(#242,#252,#260,#268,#274,#275));
#242 = ORIENTED_EDGE('',*,*,#243,.T.);
#243 = EDGE_CURVE('',#244,#246,#248,.T.);
#244 = VERTEX_POINT('',#245);
#245 = CARTESIAN_POINT('',(165.48,165.48,50.));
#246 = VERTEX_POINT('',#247);
#247 = CARTESIAN_POINT('',(165.48,-165.48,50.));
#248 = LINE('',#249,#250);
#249 = CARTESIAN_POINT('',(165.48,165.48,50.));
#250 = VECTOR('',#251,1.);
#251 = DIRECTION('',(0.,-1.,2.2E-16));
#252 = ORIENTED_EDGE('',*,*,#253,.T.);
#253 = EDGE_CURVE('',#246,#254,#256,.T.);
#254 = VERTEX_POINT('',#255);
#255 = CARTESIAN_POINT('',(165.48,-165.48,1.29E+03));
#256 = LINE('',#257,#258);
#257 = CARTESIAN_POINT('',(165.48,-165.48,0.));
#258 = VECTOR('',#259,1.);
#259 = DIRECTION('',(0.,0.,1.));
#260 = ORIENTED_EDGE('',*,*,#261,.F.);
#261 = EDGE_CURVE('',#262,#254,#264,.T.);
#262 = VERTEX_POINT('',#263);
#263 = CARTESIAN_POINT('',(165.48,-175.,1.29E+03));
#264 = LINE('',#265,#266);
#265 = CARTESIAN_POINT('',(165.48,-175.,1.29E+03));
#266 = VECTOR('',#267,1.);
#267 = DIRECTION('',(0.,1.,-2.2E-16));
#268 = ORIENTED_EDGE('',*,*,#269,.T.);
#269 = EDGE_CURVE('',#262,#181,#270,.T.);
#270 = LINE('',#271,#272);
#271 = CARTESIAN_POINT('',(165.48,-175.,1.29E+03));
#272 = VECTOR('',#273,1.);
#273 = DIRECTION('',(0.,0.,1.));
#274 = ORIENTED_EDGE('',*,*,#180,.T.);
#275 = ORIENTED_EDGE('',*,*,#276,.F.);
#276 = EDGE_CURVE('',#244,#183,#277,.T.);
#277 = LINE('',#278,#279);
#278 = CARTESIAN_POINT('',(165.48,165.48,0.));
#279 = VECTOR('',#280,1.);
#280 = DIRECTION('',(0.,0.,1.));
#281 = PLANE('',#282);
#282 = AXIS2_PLACEMENT_3D('',#283,#284,#285);
#283 = CARTESIAN_POINT('',(165.48,-1.190996001116,693.56900399888));
#284 = DIRECTION('',(-1.,-0.,-0.));
#285 = DIRECTION('',(0.,0.,-1.));
#286 = ADVANCED_FACE('',(#287),#312,.F.);
#287 = FACE_BOUND('',#288,.F.);
#288 = EDGE_LOOP('',(#289,#297,#298,#306));
#289 = ORIENTED_EDGE('',*,*,#290,.T.);
#290 = EDGE_CURVE('',#291,#198,#293,.T.);
#291 = VERTEX_POINT('',#292);
#292 = CARTESIAN_POINT('',(-175.,175.,0.));
#293 = LINE('',#294,#295);
#294 = CARTESIAN_POINT('',(-175.,175.,0.));
#295 = VECTOR('',#296,1.);
#296 = DIRECTION('',(0.,0.,1.));
#297 = ORIENTED_EDGE('',*,*,#205,.T.);
#298 = ORIENTED_EDGE('',*,*,#299,.F.);
#299 = EDGE_CURVE('',#300,#206,#302,.T.);
#300 = VERTEX_POINT('',#301);
#301 = CARTESIAN_POINT('',(-175.,-175.,0.));
#302 = LINE('',#303,#304);
#303 = CARTESIAN_POINT('',(-175.,-175.,0.));
#304 = VECTOR('',#305,1.);
#305 = DIRECTION('',(0.,0.,1.));
#306 = ORIENTED_EDGE('',*,*,#307,.F.);
#307 = EDGE_CURVE('',#291,#300,#308,.T.);
#308 = LINE('',#309,#310);
#309 = CARTESIAN_POINT('',(-175.,175.,0.));
#310 = VECTOR('',#311,1.);
#311 = DIRECTION('',(0.,-1.,0.));
#312 = PLANE('',#313);
#313 = AXIS2_PLACEMENT_3D('',#314,#315,#316);
#314 = CARTESIAN_POINT('',(-175.,175.,0.));
#315 = DIRECTION('',(1.,0.,0.));
#316 = DIRECTION('',(0.,-1.,0.));
#317 = ADVANCED_FACE('',(#318),#329,.F.);
#318 = FACE_BOUND('',#319,.F.);
#319 = EDGE_LOOP('',(#320,#321,#322,#323));
#320 = ORIENTED_EDGE('',*,*,#158,.T.);
#321 = ORIENTED_EDGE('',*,*,#197,.T.);
#322 = ORIENTED_EDGE('',*,*,#290,.F.);
#323 = ORIENTED_EDGE('',*,*,#324,.F.);
#324 = EDGE_CURVE('',#159,#291,#325,.T.);
#325 = LINE('',#326,#327);
#326 = CARTESIAN_POINT('',(175.,175.,0.));
#327 = VECTOR('',#328,1.);
#328 = DIRECTION('',(-1.,0.,0.));
#329 = PLANE('',#330);
#330 = AXIS2_PLACEMENT_3D('',#331,#332,#333);
#331 = CARTESIAN_POINT('',(175.,175.,0.));
#332 = DIRECTION('',(0.,-1.,0.));
#333 = DIRECTION('',(-1.,0.,0.));
#334 = ADVANCED_FACE('',(#335),#353,.T.);
#335 = FACE_BOUND('',#336,.T.);
#336 = EDGE_LOOP('',(#337,#345,#346,#347));
#337 = ORIENTED_EDGE('',*,*,#338,.F.);
#338 = EDGE_CURVE('',#244,#339,#341,.T.);
#339 = VERTEX_POINT('',#340);
#340 = CARTESIAN_POINT('',(-165.48,165.48,50.));
#341 = LINE('',#342,#343);
#342 = CARTESIAN_POINT('',(165.48,165.48,50.));
#343 = VECTOR('',#344,1.);
#344 = DIRECTION('',(-1.,0.,0.));
#345 = ORIENTED_EDGE('',*,*,#276,.T.);
#346 = ORIENTED_EDGE('',*,*,#229,.T.);
#347 = ORIENTED_EDGE('',*,*,#348,.F.);
#348 = EDGE_CURVE('',#339,#222,#349,.T.);
#349 = LINE('',#350,#351);
#350 = CARTESIAN_POINT('',(-165.48,165.48,0.));
#351 = VECTOR('',#352,1.);
#352 = DIRECTION('',(0.,0.,1.));
#353 = PLANE('',#354);
#354 = AXIS2_PLACEMENT_3D('',#355,#356,#357);
#355 = CARTESIAN_POINT('',(0.,165.48,690.));
#356 = DIRECTION('',(-0.,-1.,-0.));
#357 = DIRECTION('',(0.,0.,-1.));
#358 = ADVANCED_FACE('',(#359),#393,.T.);
#359 = FACE_BOUND('',#360,.T.);
#360 = EDGE_LOOP('',(#361,#369,#370,#371,#379,#387));
#361 = ORIENTED_EDGE('',*,*,#362,.F.);
#362 = EDGE_CURVE('',#339,#363,#365,.T.);
#363 = VERTEX_POINT('',#364);
#364 = CARTESIAN_POINT('',(-165.48,-165.48,50.));
#365 = LINE('',#366,#367);
#366 = CARTESIAN_POINT('',(-165.48,165.48,50.));
#367 = VECTOR('',#368,1.);
#368 = DIRECTION('',(0.,-1.,2.2E-16));
#369 = ORIENTED_EDGE('',*,*,#348,.T.);
#370 = ORIENTED_EDGE('',*,*,#221,.F.);
#371 = ORIENTED_EDGE('',*,*,#372,.T.);
#372 = EDGE_CURVE('',#214,#373,#375,.T.);
#373 = VERTEX_POINT('',#374);
#374 = CARTESIAN_POINT('',(-165.48,-175.,1.29E+03));
#375 = LINE('',#376,#377);
#376 = CARTESIAN_POINT('',(-165.48,-175.,1.38E+03));
#377 = VECTOR('',#378,1.);
#378 = DIRECTION('',(0.,0.,-1.));
#379 = ORIENTED_EDGE('',*,*,#380,.T.);
#380 = EDGE_CURVE('',#373,#381,#383,.T.);
#381 = VERTEX_POINT('',#382);
#382 = CARTESIAN_POINT('',(-165.48,-165.48,1.29E+03));
#383 = LINE('',#384,#385);
#384 = CARTESIAN_POINT('',(-165.48,-175.,1.29E+03));
#385 = VECTOR('',#386,1.);
#386 = DIRECTION('',(0.,1.,-2.2E-16));
#387 = ORIENTED_EDGE('',*,*,#388,.F.);
#388 = EDGE_CURVE('',#363,#381,#389,.T.);
#389 = LINE('',#390,#391);
#390 = CARTESIAN_POINT('',(-165.48,-165.48,0.));
#391 = VECTOR('',#392,1.);
#392 = DIRECTION('',(0.,0.,1.));
#393 = PLANE('',#394);
#394 = AXIS2_PLACEMENT_3D('',#395,#396,#397);
#395 = CARTESIAN_POINT('',(-165.48,-1.190996001116,693.56900399888));
#396 = DIRECTION('',(1.,0.,0.));
#397 = DIRECTION('',(0.,0.,1.));
#398 = ADVANCED_FACE('',(#399),#410,.F.);
#399 = FACE_BOUND('',#400,.F.);
#400 = EDGE_LOOP('',(#401,#402,#403,#409));
#401 = ORIENTED_EDGE('',*,*,#338,.F.);
#402 = ORIENTED_EDGE('',*,*,#243,.T.);
#403 = ORIENTED_EDGE('',*,*,#404,.F.);
#404 = EDGE_CURVE('',#363,#246,#405,.T.);
#405 = LINE('',#406,#407);
#406 = CARTESIAN_POINT('',(83.99,-165.48,50.));
#407 = VECTOR('',#408,1.);
#408 = DIRECTION('',(1.,0.,0.));
#409 = ORIENTED_EDGE('',*,*,#362,.F.);
#410 = PLANE('',#411);
#411 = AXIS2_PLACEMENT_3D('',#412,#413,#414);
#412 = CARTESIAN_POINT('',(165.48,165.48,50.));
#413 = DIRECTION('',(-0.,-2.2E-16,-1.));
#414 = DIRECTION('',(-1.,0.,0.));
#415 = ADVANCED_FACE('',(#416),#436,.T.);
#416 = FACE_BOUND('',#417,.T.);
#417 = EDGE_LOOP('',(#418,#419,#420,#421,#427,#428,#429,#430));
#418 = ORIENTED_EDGE('',*,*,#140,.T.);
#419 = ORIENTED_EDGE('',*,*,#190,.F.);
#420 = ORIENTED_EDGE('',*,*,#269,.F.);
#421 = ORIENTED_EDGE('',*,*,#422,.F.);
#422 = EDGE_CURVE('',#373,#262,#423,.T.);
#423 = LINE('',#424,#425);
#424 = CARTESIAN_POINT('',(-165.48,-175.,1.29E+03));
#425 = VECTOR('',#426,1.);
#426 = DIRECTION('',(1.,0.,0.));
#427 = ORIENTED_EDGE('',*,*,#372,.F.);
#428 = ORIENTED_EDGE('',*,*,#213,.F.);
#429 = ORIENTED_EDGE('',*,*,#299,.F.);
#430 = ORIENTED_EDGE('',*,*,#431,.T.);
#431 = EDGE_CURVE('',#300,#141,#432,.T.);
#432 = LINE('',#433,#434);
#433 = CARTESIAN_POINT('',(-175.,-175.,0.));
#434 = VECTOR('',#435,1.);
#435 = DIRECTION('',(1.,0.,0.));
#436 = PLANE('',#437);
#437 = AXIS2_PLACEMENT_3D('',#438,#439,#440);
#438 = CARTESIAN_POINT('',(7.99E-15,-175.,713.71252747252));
#439 = DIRECTION('',(-0.,-1.,-0.));
#440 = DIRECTION('',(0.,0.,-1.));
#441 = ADVANCED_FACE('',(#442),#448,.T.);
#442 = FACE_BOUND('',#443,.T.);
#443 = EDGE_LOOP('',(#444,#445,#446,#447));
#444 = ORIENTED_EDGE('',*,*,#431,.F.);
#445 = ORIENTED_EDGE('',*,*,#307,.F.);
#446 = ORIENTED_EDGE('',*,*,#324,.F.);
#447 = ORIENTED_EDGE('',*,*,#166,.F.);
#448 = PLANE('',#449);
#449 = AXIS2_PLACEMENT_3D('',#450,#451,#452);
#450 = CARTESIAN_POINT('',(-0.,8.E-17,0.));
#451 = DIRECTION('',(-0.,-0.,-1.));
#452 = DIRECTION('',(-1.,0.,0.));
#453 = ADVANCED_FACE('',(#454),#465,.T.);
#454 = FACE_BOUND('',#455,.T.);
#455 = EDGE_LOOP('',(#456,#457,#458,#464));
#456 = ORIENTED_EDGE('',*,*,#422,.T.);
#457 = ORIENTED_EDGE('',*,*,#261,.T.);
#458 = ORIENTED_EDGE('',*,*,#459,.T.);
#459 = EDGE_CURVE('',#254,#381,#460,.T.);
#460 = LINE('',#461,#462);
#461 = CARTESIAN_POINT('',(-81.49,-165.48,1.29E+03));
#462 = VECTOR('',#463,1.);
#463 = DIRECTION('',(-1.,0.,0.));
#464 = ORIENTED_EDGE('',*,*,#380,.F.);
#465 = PLANE('',#466);
#466 = AXIS2_PLACEMENT_3D('',#467,#468,#469);
#467 = CARTESIAN_POINT('',(1.924E-14,-170.24,1.29E+03));
#468 = DIRECTION('',(0.,0.,1.));
#469 = DIRECTION('',(1.,0.,-0.));
#470 = ADVANCED_FACE('',(#471),#477,.T.);
#471 = FACE_BOUND('',#472,.T.);
#472 = EDGE_LOOP('',(#473,#474,#475,#476));
#473 = ORIENTED_EDGE('',*,*,#404,.F.);
#474 = ORIENTED_EDGE('',*,*,#388,.T.);
#475 = ORIENTED_EDGE('',*,*,#459,.F.);
#476 = ORIENTED_EDGE('',*,*,#253,.F.);
#477 = PLANE('',#478);
#478 = AXIS2_PLACEMENT_3D('',#479,#480,#481);
#479 = CARTESIAN_POINT('',(0.,-165.48,670.));
#480 = DIRECTION('',(0.,1.,0.));
#481 = DIRECTION('',(0.,-0.,1.));
#482 = ( GEOMETRIC_REPRESENTATION_CONTEXT(3) 
GLOBAL_UNCERTAINTY_ASSIGNED_CONTEXT((#486)) GLOBAL_UNIT_ASSIGNED_CONTEXT
((#483,#484,#485)) REPRESENTATION_CONTEXT('Context #1',
  '3D Context with UNIT and UNCERTAINTY') );
#483 = ( LENGTH_UNIT() NAMED_UNIT(*) SI_UNIT(.MILLI.,.METRE.) );
#484 = ( NAMED_UNIT(*) PLANE_ANGLE_UNIT() SI_UNIT($,.RADIAN.) );
#485 = ( NAMED_UNIT(*) SI_UNIT($,.STERADIAN.) SOLID_ANGLE_UNIT() );
#486 = UNCERTAINTY_MEASURE_WITH_UNIT(LENGTH_MEASURE(5.E-04),#483,
  'distance_accuracy_value','confusion accuracy');
#487 = CONTEXT_DEPENDENT_SHAPE_REPRESENTATION(#488,#490);
#488 = ( REPRESENTATION_RELATIONSHIP('','',#133,#78) 
REPRESENTATION_RELATIONSHIP_WITH_TRANSFORMATION(#489) 
SHAPE_REPRESENTATION_RELATIONSHIP() );
#489 = ITEM_DEFINED_TRANSFORMATION('','',#11,#79);
#490 = PRODUCT_DEFINITION_SHAPE('Placement','Placement of an item',#491
  );
#491 = NEXT_ASSEMBLY_USAGE_OCCURRENCE('1','corpo','',#73,#128,$);
#492 = CC_DESIGN_SECURITY_CLASSIFICATION(#493,(#491));
#493 = SECURITY_CLASSIFICATION('','',#55);
#494 = CC_DESIGN_PERSON_AND_ORGANIZATION_ASSIGNMENT(#44,#53,(#493));
#495 = CC_DESIGN_DATE_AND_TIME_ASSIGNMENT(#58,#64,(#493));
#496 = CC_DESIGN_APPROVAL(#66,(#493));
#497 = PRODUCT_RELATED_PRODUCT_CATEGORY('detail',$,(#130));
#498 = PRODUCT_CATEGORY_RELATIONSHIP('','',#499,#497);
#499 = PRODUCT_CATEGORY('part',$);
#500 = CC_DESIGN_PERSON_AND_ORGANIZATION_ASSIGNMENT(#44,#47,(#129,#128)
  );
#501 = CC_DESIGN_PERSON_AND_ORGANIZATION_ASSIGNMENT(#44,#49,(#130));
#502 = CC_DESIGN_PERSON_AND_ORGANIZATION_ASSIGNMENT(#44,#51,(#129));
#503 = CC_DESIGN_PERSON_AND_ORGANIZATION_ASSIGNMENT(#44,#53,(#504));
#504 = SECURITY_CLASSIFICATION('','',#55);
#505 = CC_DESIGN_SECURITY_CLASSIFICATION(#504,(#129));
#506 = CC_DESIGN_DATE_AND_TIME_ASSIGNMENT(#58,#62,(#128));
#507 = CC_DESIGN_DATE_AND_TIME_ASSIGNMENT(#58,#64,(#504));
#508 = CC_DESIGN_APPROVAL(#66,(#129,#128,#504));
#509 = SHAPE_DEFINITION_REPRESENTATION(#510,#516);
#510 = PRODUCT_DEFINITION_SHAPE('','',#511);
#511 = PRODUCT_DEFINITION('design','',#512,#515);
#512 = PRODUCT_DEFINITION_FORMATION_WITH_SPECIFIED_SOURCE('','',#513,
  .NOT_KNOWN.);
#513 = PRODUCT('jotas','jotas','',(#514));
#514 = MECHANICAL_CONTEXT('',#2,'mechanical');
#515 = DESIGN_CONTEXT('',#2,'design');
#516 = SHAPE_REPRESENTATION('',(#11),#517);
#517 = ( GEOMETRIC_REPRESENTATION_CONTEXT(3) 
GLOBAL_UNCERTAINTY_ASSIGNED_CONTEXT((#521)) GLOBAL_UNIT_ASSIGNED_CONTEXT
((#518,#519,#520)) REPRESENTATION_CONTEXT('Context #1',
  '3D Context with UNIT and UNCERTAINTY') );
#518 = ( LENGTH_UNIT() NAMED_UNIT(*) SI_UNIT(.MILLI.,.METRE.) );
#519 = ( NAMED_UNIT(*) PLANE_ANGLE_UNIT() SI_UNIT($,.RADIAN.) );
#520 = ( NAMED_UNIT(*) SI_UNIT($,.STERADIAN.) SOLID_ANGLE_UNIT() );
#521 = UNCERTAINTY_MEASURE_WITH_UNIT(LENGTH_MEASURE(1.E-07),#518,
  'distance_accuracy_value','confusion accuracy');
#522 = CONTEXT_DEPENDENT_SHAPE_REPRESENTATION(#523,#525);
#523 = ( REPRESENTATION_RELATIONSHIP('','',#516,#78) 
REPRESENTATION_RELATIONSHIP_WITH_TRANSFORMATION(#524) 
SHAPE_REPRESENTATION_RELATIONSHIP() );
#524 = ITEM_DEFINED_TRANSFORMATION('','',#11,#83);
#525 = PRODUCT_DEFINITION_SHAPE('Placement','Placement of an item',#526
  );
#526 = NEXT_ASSEMBLY_USAGE_OCCURRENCE('2','jotas','',#73,#511,$);
#527 = CC_DESIGN_SECURITY_CLASSIFICATION(#528,(#526));
#528 = SECURITY_CLASSIFICATION('','',#55);
#529 = CC_DESIGN_PERSON_AND_ORGANIZATION_ASSIGNMENT(#44,#53,(#528));
#530 = CC_DESIGN_DATE_AND_TIME_ASSIGNMENT(#58,#64,(#528));
#531 = CC_DESIGN_APPROVAL(#66,(#528));
#532 = PRODUCT_RELATED_PRODUCT_CATEGORY('detail',$,(#513));
#533 = PRODUCT_CATEGORY_RELATIONSHIP('','',#534,#532);
#534 = PRODUCT_CATEGORY('part',$);
#535 = CC_DESIGN_PERSON_AND_ORGANIZATION_ASSIGNMENT(#44,#47,(#512,#511)
  );
#536 = CC_DESIGN_PERSON_AND_ORGANIZATION_ASSIGNMENT(#44,#49,(#513));
#537 = CC_DESIGN_PERSON_AND_ORGANIZATION_ASSIGNMENT(#44,#51,(#512));
#538 = CC_DESIGN_PERSON_AND_ORGANIZATION_ASSIGNMENT(#44,#53,(#539));
#539 = SECURITY_CLASSIFICATION('','',#55);
#540 = CC_DESIGN_SECURITY_CLASSIFICATION(#539,(#512));
#541 = CC_DESIGN_DATE_AND_TIME_ASSIGNMENT(#58,#62,(#511));
#542 = CC_DESIGN_DATE_AND_TIME_ASSIGNMENT(#58,#64,(#539));
#543 = CC_DESIGN_APPROVAL(#66,(#512,#511,#539));
#544 = SHAPE_REPRESENTATION_RELATIONSHIP('','',#545,#516);
#545 = ADVANCED_BREP_SHAPE_REPRESENTATION('',(#11,#546),#832);
#546 = MANIFOLD_SOLID_BREP('',#547);
#547 = CLOSED_SHELL('',(#548,#588,#619,#650,#672,#712,#743,#774,#796,
    #814));
#548 = ADVANCED_FACE('',(#549),#583,.F.);
#549 = FACE_BOUND('',#550,.F.);
#550 = EDGE_LOOP('',(#551,#561,#569,#577));
#551 = ORIENTED_EDGE('',*,*,#552,.T.);
#552 = EDGE_CURVE('',#553,#555,#557,.T.);
#553 = VERTEX_POINT('',#554);
#554 = CARTESIAN_POINT('',(-175.,-175.,0.));
#555 = VERTEX_POINT('',#556);
#556 = CARTESIAN_POINT('',(-175.,-175.,1.38E+03));
#557 = LINE('',#558,#559);
#558 = CARTESIAN_POINT('',(-175.,-175.,0.));
#559 = VECTOR('',#560,1.);
#560 = DIRECTION('',(0.,0.,1.));
#561 = ORIENTED_EDGE('',*,*,#562,.T.);
#562 = EDGE_CURVE('',#555,#563,#565,.T.);
#563 = VERTEX_POINT('',#564);
#564 = CARTESIAN_POINT('',(-175.,-115.,1.38E+03));
#565 = LINE('',#566,#567);
#566 = CARTESIAN_POINT('',(-175.,-175.,1.38E+03));
#567 = VECTOR('',#568,1.);
#568 = DIRECTION('',(0.,1.,0.));
#569 = ORIENTED_EDGE('',*,*,#570,.F.);
#570 = EDGE_CURVE('',#571,#563,#573,.T.);
#571 = VERTEX_POINT('',#572);
#572 = CARTESIAN_POINT('',(-175.,-115.,0.));
#573 = LINE('',#574,#575);
#574 = CARTESIAN_POINT('',(-175.,-115.,0.));
#575 = VECTOR('',#576,1.);
#576 = DIRECTION('',(0.,0.,1.));
#577 = ORIENTED_EDGE('',*,*,#578,.F.);
#578 = EDGE_CURVE('',#553,#571,#579,.T.);
#579 = LINE('',#580,#581);
#580 = CARTESIAN_POINT('',(-175.,-175.,0.));
#581 = VECTOR('',#582,1.);
#582 = DIRECTION('',(0.,1.,0.));
#583 = PLANE('',#584);
#584 = AXIS2_PLACEMENT_3D('',#585,#586,#587);
#585 = CARTESIAN_POINT('',(-175.,-175.,0.));
#586 = DIRECTION('',(-1.,0.,0.));
#587 = DIRECTION('',(0.,1.,0.));
#588 = ADVANCED_FACE('',(#589),#614,.F.);
#589 = FACE_BOUND('',#590,.F.);
#590 = EDGE_LOOP('',(#591,#592,#600,#608));
#591 = ORIENTED_EDGE('',*,*,#570,.T.);
#592 = ORIENTED_EDGE('',*,*,#593,.T.);
#593 = EDGE_CURVE('',#563,#594,#596,.T.);
#594 = VERTEX_POINT('',#595);
#595 = CARTESIAN_POINT('',(-235.,-115.,1.38E+03));
#596 = LINE('',#597,#598);
#597 = CARTESIAN_POINT('',(-175.,-115.,1.38E+03));
#598 = VECTOR('',#599,1.);
#599 = DIRECTION('',(-1.,0.,0.));
#600 = ORIENTED_EDGE('',*,*,#601,.F.);
#601 = EDGE_CURVE('',#602,#594,#604,.T.);
#602 = VERTEX_POINT('',#603);
#603 = CARTESIAN_POINT('',(-235.,-115.,0.));
#604 = LINE('',#605,#606);
#605 = CARTESIAN_POINT('',(-235.,-115.,0.));
#606 = VECTOR('',#607,1.);
#607 = DIRECTION('',(0.,0.,1.));
#608 = ORIENTED_EDGE('',*,*,#609,.F.);
#609 = EDGE_CURVE('',#571,#602,#610,.T.);
#610 = LINE('',#611,#612);
#611 = CARTESIAN_POINT('',(-175.,-115.,0.));
#612 = VECTOR('',#613,1.);
#613 = DIRECTION('',(-1.,0.,0.));
#614 = PLANE('',#615);
#615 = AXIS2_PLACEMENT_3D('',#616,#617,#618);
#616 = CARTESIAN_POINT('',(-175.,-115.,0.));
#617 = DIRECTION('',(0.,-1.,0.));
#618 = DIRECTION('',(-1.,0.,0.));
#619 = ADVANCED_FACE('',(#620),#645,.F.);
#620 = FACE_BOUND('',#621,.F.);
#621 = EDGE_LOOP('',(#622,#623,#631,#639));
#622 = ORIENTED_EDGE('',*,*,#601,.T.);
#623 = ORIENTED_EDGE('',*,*,#624,.T.);
#624 = EDGE_CURVE('',#594,#625,#627,.T.);
#625 = VERTEX_POINT('',#626);
#626 = CARTESIAN_POINT('',(-235.,-175.,1.38E+03));
#627 = LINE('',#628,#629);
#628 = CARTESIAN_POINT('',(-235.,-115.,1.38E+03));
#629 = VECTOR('',#630,1.);
#630 = DIRECTION('',(0.,-1.,0.));
#631 = ORIENTED_EDGE('',*,*,#632,.F.);
#632 = EDGE_CURVE('',#633,#625,#635,.T.);
#633 = VERTEX_POINT('',#634);
#634 = CARTESIAN_POINT('',(-235.,-175.,0.));
#635 = LINE('',#636,#637);
#636 = CARTESIAN_POINT('',(-235.,-175.,0.));
#637 = VECTOR('',#638,1.);
#638 = DIRECTION('',(0.,0.,1.));
#639 = ORIENTED_EDGE('',*,*,#640,.F.);
#640 = EDGE_CURVE('',#602,#633,#641,.T.);
#641 = LINE('',#642,#643);
#642 = CARTESIAN_POINT('',(-235.,-115.,0.));
#643 = VECTOR('',#644,1.);
#644 = DIRECTION('',(0.,-1.,0.));
#645 = PLANE('',#646);
#646 = AXIS2_PLACEMENT_3D('',#647,#648,#649);
#647 = CARTESIAN_POINT('',(-235.,-115.,0.));
#648 = DIRECTION('',(1.,0.,0.));
#649 = DIRECTION('',(0.,-1.,0.));
#650 = ADVANCED_FACE('',(#651),#667,.F.);
#651 = FACE_BOUND('',#652,.F.);
#652 = EDGE_LOOP('',(#653,#654,#660,#661));
#653 = ORIENTED_EDGE('',*,*,#632,.T.);
#654 = ORIENTED_EDGE('',*,*,#655,.T.);
#655 = EDGE_CURVE('',#625,#555,#656,.T.);
#656 = LINE('',#657,#658);
#657 = CARTESIAN_POINT('',(-235.,-175.,1.38E+03));
#658 = VECTOR('',#659,1.);
#659 = DIRECTION('',(1.,0.,0.));
#660 = ORIENTED_EDGE('',*,*,#552,.F.);
#661 = ORIENTED_EDGE('',*,*,#662,.F.);
#662 = EDGE_CURVE('',#633,#553,#663,.T.);
#663 = LINE('',#664,#665);
#664 = CARTESIAN_POINT('',(-235.,-175.,0.));
#665 = VECTOR('',#666,1.);
#666 = DIRECTION('',(1.,0.,0.));
#667 = PLANE('',#668);
#668 = AXIS2_PLACEMENT_3D('',#669,#670,#671);
#669 = CARTESIAN_POINT('',(-235.,-175.,0.));
#670 = DIRECTION('',(0.,1.,0.));
#671 = DIRECTION('',(1.,0.,0.));
#672 = ADVANCED_FACE('',(#673),#707,.T.);
#673 = FACE_BOUND('',#674,.T.);
#674 = EDGE_LOOP('',(#675,#685,#693,#701));
#675 = ORIENTED_EDGE('',*,*,#676,.T.);
#676 = EDGE_CURVE('',#677,#679,#681,.T.);
#677 = VERTEX_POINT('',#678);
#678 = CARTESIAN_POINT('',(-225.48,-165.48,0.));
#679 = VERTEX_POINT('',#680);
#680 = CARTESIAN_POINT('',(-225.48,-165.48,1.38E+03));
#681 = LINE('',#682,#683);
#682 = CARTESIAN_POINT('',(-225.48,-165.48,0.));
#683 = VECTOR('',#684,1.);
#684 = DIRECTION('',(0.,0.,1.));
#685 = ORIENTED_EDGE('',*,*,#686,.T.);
#686 = EDGE_CURVE('',#679,#687,#689,.T.);
#687 = VERTEX_POINT('',#688);
#688 = CARTESIAN_POINT('',(-184.52,-165.48,1.38E+03));
#689 = LINE('',#690,#691);
#690 = CARTESIAN_POINT('',(-225.48,-165.48,1.38E+03));
#691 = VECTOR('',#692,1.);
#692 = DIRECTION('',(1.,0.,0.));
#693 = ORIENTED_EDGE('',*,*,#694,.F.);
#694 = EDGE_CURVE('',#695,#687,#697,.T.);
#695 = VERTEX_POINT('',#696);
#696 = CARTESIAN_POINT('',(-184.52,-165.48,0.));
#697 = LINE('',#698,#699);
#698 = CARTESIAN_POINT('',(-184.52,-165.48,0.));
#699 = VECTOR('',#700,1.);
#700 = DIRECTION('',(0.,0.,1.));
#701 = ORIENTED_EDGE('',*,*,#702,.F.);
#702 = EDGE_CURVE('',#677,#695,#703,.T.);
#703 = LINE('',#704,#705);
#704 = CARTESIAN_POINT('',(-225.48,-165.48,0.));
#705 = VECTOR('',#706,1.);
#706 = DIRECTION('',(1.,0.,0.));
#707 = PLANE('',#708);
#708 = AXIS2_PLACEMENT_3D('',#709,#710,#711);
#709 = CARTESIAN_POINT('',(-225.48,-165.48,0.));
#710 = DIRECTION('',(0.,1.,0.));
#711 = DIRECTION('',(1.,0.,0.));
#712 = ADVANCED_FACE('',(#713),#738,.T.);
#713 = FACE_BOUND('',#714,.T.);
#714 = EDGE_LOOP('',(#715,#716,#724,#732));
#715 = ORIENTED_EDGE('',*,*,#694,.T.);
#716 = ORIENTED_EDGE('',*,*,#717,.T.);
#717 = EDGE_CURVE('',#687,#718,#720,.T.);
#718 = VERTEX_POINT('',#719);
#719 = CARTESIAN_POINT('',(-184.52,-124.52,1.38E+03));
#720 = LINE('',#721,#722);
#721 = CARTESIAN_POINT('',(-184.52,-165.48,1.38E+03));
#722 = VECTOR('',#723,1.);
#723 = DIRECTION('',(0.,1.,0.));
#724 = ORIENTED_EDGE('',*,*,#725,.F.);
#725 = EDGE_CURVE('',#726,#718,#728,.T.);
#726 = VERTEX_POINT('',#727);
#727 = CARTESIAN_POINT('',(-184.52,-124.52,0.));
#728 = LINE('',#729,#730);
#729 = CARTESIAN_POINT('',(-184.52,-124.52,0.));
#730 = VECTOR('',#731,1.);
#731 = DIRECTION('',(0.,0.,1.));
#732 = ORIENTED_EDGE('',*,*,#733,.F.);
#733 = EDGE_CURVE('',#695,#726,#734,.T.);
#734 = LINE('',#735,#736);
#735 = CARTESIAN_POINT('',(-184.52,-165.48,0.));
#736 = VECTOR('',#737,1.);
#737 = DIRECTION('',(0.,1.,0.));
#738 = PLANE('',#739);
#739 = AXIS2_PLACEMENT_3D('',#740,#741,#742);
#740 = CARTESIAN_POINT('',(-184.52,-165.48,0.));
#741 = DIRECTION('',(-1.,0.,0.));
#742 = DIRECTION('',(0.,1.,0.));
#743 = ADVANCED_FACE('',(#744),#769,.T.);
#744 = FACE_BOUND('',#745,.T.);
#745 = EDGE_LOOP('',(#746,#747,#755,#763));
#746 = ORIENTED_EDGE('',*,*,#725,.T.);
#747 = ORIENTED_EDGE('',*,*,#748,.T.);
#748 = EDGE_CURVE('',#718,#749,#751,.T.);
#749 = VERTEX_POINT('',#750);
#750 = CARTESIAN_POINT('',(-225.48,-124.52,1.38E+03));
#751 = LINE('',#752,#753);
#752 = CARTESIAN_POINT('',(-184.52,-124.52,1.38E+03));
#753 = VECTOR('',#754,1.);
#754 = DIRECTION('',(-1.,0.,0.));
#755 = ORIENTED_EDGE('',*,*,#756,.F.);
#756 = EDGE_CURVE('',#757,#749,#759,.T.);
#757 = VERTEX_POINT('',#758);
#758 = CARTESIAN_POINT('',(-225.48,-124.52,0.));
#759 = LINE('',#760,#761);
#760 = CARTESIAN_POINT('',(-225.48,-124.52,0.));
#761 = VECTOR('',#762,1.);
#762 = DIRECTION('',(0.,0.,1.));
#763 = ORIENTED_EDGE('',*,*,#764,.F.);
#764 = EDGE_CURVE('',#726,#757,#765,.T.);
#765 = LINE('',#766,#767);
#766 = CARTESIAN_POINT('',(-184.52,-124.52,0.));
#767 = VECTOR('',#768,1.);
#768 = DIRECTION('',(-1.,0.,0.));
#769 = PLANE('',#770);
#770 = AXIS2_PLACEMENT_3D('',#771,#772,#773);
#771 = CARTESIAN_POINT('',(-184.52,-124.52,0.));
#772 = DIRECTION('',(0.,-1.,0.));
#773 = DIRECTION('',(-1.,0.,0.));
#774 = ADVANCED_FACE('',(#775),#791,.T.);
#775 = FACE_BOUND('',#776,.T.);
#776 = EDGE_LOOP('',(#777,#778,#784,#785));
#777 = ORIENTED_EDGE('',*,*,#756,.T.);
#778 = ORIENTED_EDGE('',*,*,#779,.T.);
#779 = EDGE_CURVE('',#749,#679,#780,.T.);
#780 = LINE('',#781,#782);
#781 = CARTESIAN_POINT('',(-225.48,-124.52,1.38E+03));
#782 = VECTOR('',#783,1.);
#783 = DIRECTION('',(0.,-1.,0.));
#784 = ORIENTED_EDGE('',*,*,#676,.F.);
#785 = ORIENTED_EDGE('',*,*,#786,.F.);
#786 = EDGE_CURVE('',#757,#677,#787,.T.);
#787 = LINE('',#788,#789);
#788 = CARTESIAN_POINT('',(-225.48,-124.52,0.));
#789 = VECTOR('',#790,1.);
#790 = DIRECTION('',(0.,-1.,0.));
#791 = PLANE('',#792);
#792 = AXIS2_PLACEMENT_3D('',#793,#794,#795);
#793 = CARTESIAN_POINT('',(-225.48,-124.52,0.));
#794 = DIRECTION('',(1.,0.,0.));
#795 = DIRECTION('',(0.,-1.,0.));
#796 = ADVANCED_FACE('',(#797,#803),#809,.F.);
#797 = FACE_BOUND('',#798,.F.);
#798 = EDGE_LOOP('',(#799,#800,#801,#802));
#799 = ORIENTED_EDGE('',*,*,#578,.T.);
#800 = ORIENTED_EDGE('',*,*,#609,.T.);
#801 = ORIENTED_EDGE('',*,*,#640,.T.);
#802 = ORIENTED_EDGE('',*,*,#662,.T.);
#803 = FACE_BOUND('',#804,.T.);
#804 = EDGE_LOOP('',(#805,#806,#807,#808));
#805 = ORIENTED_EDGE('',*,*,#702,.T.);
#806 = ORIENTED_EDGE('',*,*,#733,.T.);
#807 = ORIENTED_EDGE('',*,*,#764,.T.);
#808 = ORIENTED_EDGE('',*,*,#786,.T.);
#809 = PLANE('',#810);
#810 = AXIS2_PLACEMENT_3D('',#811,#812,#813);
#811 = CARTESIAN_POINT('',(-9.909E-14,-145.,0.));
#812 = DIRECTION('',(0.,0.,1.));
#813 = DIRECTION('',(1.,0.,0.));
#814 = ADVANCED_FACE('',(#815,#821),#827,.T.);
#815 = FACE_BOUND('',#816,.T.);
#816 = EDGE_LOOP('',(#817,#818,#819,#820));
#817 = ORIENTED_EDGE('',*,*,#562,.T.);
#818 = ORIENTED_EDGE('',*,*,#593,.T.);
#819 = ORIENTED_EDGE('',*,*,#624,.T.);
#820 = ORIENTED_EDGE('',*,*,#655,.T.);
#821 = FACE_BOUND('',#822,.F.);
#822 = EDGE_LOOP('',(#823,#824,#825,#826));
#823 = ORIENTED_EDGE('',*,*,#686,.T.);
#824 = ORIENTED_EDGE('',*,*,#717,.T.);
#825 = ORIENTED_EDGE('',*,*,#748,.T.);
#826 = ORIENTED_EDGE('',*,*,#779,.T.);
#827 = PLANE('',#828);
#828 = AXIS2_PLACEMENT_3D('',#829,#830,#831);
#829 = CARTESIAN_POINT('',(-9.909E-14,-145.,1.38E+03));
#830 = DIRECTION('',(0.,0.,1.));
#831 = DIRECTION('',(1.,0.,0.));
#832 = ( GEOMETRIC_REPRESENTATION_CONTEXT(3) 
GLOBAL_UNCERTAINTY_ASSIGNED_CONTEXT((#836)) GLOBAL_UNIT_ASSIGNED_CONTEXT
((#833,#834,#835)) REPRESENTATION_CONTEXT('Context #1',
  '3D Context with UNIT and UNCERTAINTY') );
#833 = ( LENGTH_UNIT() NAMED_UNIT(*) SI_UNIT(.MILLI.,.METRE.) );
#834 = ( NAMED_UNIT(*) PLANE_ANGLE_UNIT() SI_UNIT($,.RADIAN.) );
#835 = ( NAMED_UNIT(*) SI_UNIT($,.STERADIAN.) SOLID_ANGLE_UNIT() );
#836 = UNCERTAINTY_MEASURE_WITH_UNIT(LENGTH_MEASURE(1.E-07),#833,
  'distance_accuracy_value','confusion accuracy');
#837 = SHAPE_REPRESENTATION_RELATIONSHIP('','',#838,#516);
#838 = ADVANCED_BREP_SHAPE_REPRESENTATION('',(#11,#839),#1125);
#839 = MANIFOLD_SOLID_BREP('',#840);
#840 = CLOSED_SHELL('',(#841,#881,#912,#943,#965,#1005,#1036,#1067,#1089
    ,#1107));
#841 = ADVANCED_FACE('',(#842),#876,.F.);
#842 = FACE_BOUND('',#843,.F.);
#843 = EDGE_LOOP('',(#844,#854,#862,#870));
#844 = ORIENTED_EDGE('',*,*,#845,.T.);
#845 = EDGE_CURVE('',#846,#848,#850,.T.);
#846 = VERTEX_POINT('',#847);
#847 = CARTESIAN_POINT('',(175.,-175.,0.));
#848 = VERTEX_POINT('',#849);
#849 = CARTESIAN_POINT('',(175.,-175.,1.38E+03));
#850 = LINE('',#851,#852);
#851 = CARTESIAN_POINT('',(175.,-175.,0.));
#852 = VECTOR('',#853,1.);
#853 = DIRECTION('',(0.,0.,1.));
#854 = ORIENTED_EDGE('',*,*,#855,.T.);
#855 = EDGE_CURVE('',#848,#856,#858,.T.);
#856 = VERTEX_POINT('',#857);
#857 = CARTESIAN_POINT('',(235.,-175.,1.38E+03));
#858 = LINE('',#859,#860);
#859 = CARTESIAN_POINT('',(175.,-175.,1.38E+03));
#860 = VECTOR('',#861,1.);
#861 = DIRECTION('',(1.,0.,0.));
#862 = ORIENTED_EDGE('',*,*,#863,.F.);
#863 = EDGE_CURVE('',#864,#856,#866,.T.);
#864 = VERTEX_POINT('',#865);
#865 = CARTESIAN_POINT('',(235.,-175.,0.));
#866 = LINE('',#867,#868);
#867 = CARTESIAN_POINT('',(235.,-175.,0.));
#868 = VECTOR('',#869,1.);
#869 = DIRECTION('',(0.,0.,1.));
#870 = ORIENTED_EDGE('',*,*,#871,.F.);
#871 = EDGE_CURVE('',#846,#864,#872,.T.);
#872 = LINE('',#873,#874);
#873 = CARTESIAN_POINT('',(175.,-175.,0.));
#874 = VECTOR('',#875,1.);
#875 = DIRECTION('',(1.,0.,0.));
#876 = PLANE('',#877);
#877 = AXIS2_PLACEMENT_3D('',#878,#879,#880);
#878 = CARTESIAN_POINT('',(175.,-175.,0.));
#879 = DIRECTION('',(0.,1.,0.));
#880 = DIRECTION('',(1.,0.,0.));
#881 = ADVANCED_FACE('',(#882),#907,.F.);
#882 = FACE_BOUND('',#883,.F.);
#883 = EDGE_LOOP('',(#884,#885,#893,#901));
#884 = ORIENTED_EDGE('',*,*,#863,.T.);
#885 = ORIENTED_EDGE('',*,*,#886,.T.);
#886 = EDGE_CURVE('',#856,#887,#889,.T.);
#887 = VERTEX_POINT('',#888);
#888 = CARTESIAN_POINT('',(235.,-115.,1.38E+03));
#889 = LINE('',#890,#891);
#890 = CARTESIAN_POINT('',(235.,-175.,1.38E+03));
#891 = VECTOR('',#892,1.);
#892 = DIRECTION('',(0.,1.,0.));
#893 = ORIENTED_EDGE('',*,*,#894,.F.);
#894 = EDGE_CURVE('',#895,#887,#897,.T.);
#895 = VERTEX_POINT('',#896);
#896 = CARTESIAN_POINT('',(235.,-115.,0.));
#897 = LINE('',#898,#899);
#898 = CARTESIAN_POINT('',(235.,-115.,0.));
#899 = VECTOR('',#900,1.);
#900 = DIRECTION('',(0.,0.,1.));
#901 = ORIENTED_EDGE('',*,*,#902,.F.);
#902 = EDGE_CURVE('',#864,#895,#903,.T.);
#903 = LINE('',#904,#905);
#904 = CARTESIAN_POINT('',(235.,-175.,0.));
#905 = VECTOR('',#906,1.);
#906 = DIRECTION('',(0.,1.,0.));
#907 = PLANE('',#908);
#908 = AXIS2_PLACEMENT_3D('',#909,#910,#911);
#909 = CARTESIAN_POINT('',(235.,-175.,0.));
#910 = DIRECTION('',(-1.,0.,0.));
#911 = DIRECTION('',(0.,1.,0.));
#912 = ADVANCED_FACE('',(#913),#938,.F.);
#913 = FACE_BOUND('',#914,.F.);
#914 = EDGE_LOOP('',(#915,#916,#924,#932));
#915 = ORIENTED_EDGE('',*,*,#894,.T.);
#916 = ORIENTED_EDGE('',*,*,#917,.T.);
#917 = EDGE_CURVE('',#887,#918,#920,.T.);
#918 = VERTEX_POINT('',#919);
#919 = CARTESIAN_POINT('',(175.,-115.,1.38E+03));
#920 = LINE('',#921,#922);
#921 = CARTESIAN_POINT('',(235.,-115.,1.38E+03));
#922 = VECTOR('',#923,1.);
#923 = DIRECTION('',(-1.,0.,0.));
#924 = ORIENTED_EDGE('',*,*,#925,.F.);
#925 = EDGE_CURVE('',#926,#918,#928,.T.);
#926 = VERTEX_POINT('',#927);
#927 = CARTESIAN_POINT('',(175.,-115.,0.));
#928 = LINE('',#929,#930);
#929 = CARTESIAN_POINT('',(175.,-115.,0.));
#930 = VECTOR('',#931,1.);
#931 = DIRECTION('',(0.,0.,1.));
#932 = ORIENTED_EDGE('',*,*,#933,.F.);
#933 = EDGE_CURVE('',#895,#926,#934,.T.);
#934 = LINE('',#935,#936);
#935 = CARTESIAN_POINT('',(235.,-115.,0.));
#936 = VECTOR('',#937,1.);
#937 = DIRECTION('',(-1.,0.,0.));
#938 = PLANE('',#939);
#939 = AXIS2_PLACEMENT_3D('',#940,#941,#942);
#940 = CARTESIAN_POINT('',(235.,-115.,0.));
#941 = DIRECTION('',(0.,-1.,0.));
#942 = DIRECTION('',(-1.,0.,0.));
#943 = ADVANCED_FACE('',(#944),#960,.F.);
#944 = FACE_BOUND('',#945,.F.);
#945 = EDGE_LOOP('',(#946,#947,#953,#954));
#946 = ORIENTED_EDGE('',*,*,#925,.T.);
#947 = ORIENTED_EDGE('',*,*,#948,.T.);
#948 = EDGE_CURVE('',#918,#848,#949,.T.);
#949 = LINE('',#950,#951);
#950 = CARTESIAN_POINT('',(175.,-115.,1.38E+03));
#951 = VECTOR('',#952,1.);
#952 = DIRECTION('',(0.,-1.,0.));
#953 = ORIENTED_EDGE('',*,*,#845,.F.);
#954 = ORIENTED_EDGE('',*,*,#955,.F.);
#955 = EDGE_CURVE('',#926,#846,#956,.T.);
#956 = LINE('',#957,#958);
#957 = CARTESIAN_POINT('',(175.,-115.,0.));
#958 = VECTOR('',#959,1.);
#959 = DIRECTION('',(0.,-1.,0.));
#960 = PLANE('',#961);
#961 = AXIS2_PLACEMENT_3D('',#962,#963,#964);
#962 = CARTESIAN_POINT('',(175.,-115.,0.));
#963 = DIRECTION('',(1.,0.,0.));
#964 = DIRECTION('',(0.,-1.,0.));
#965 = ADVANCED_FACE('',(#966),#1000,.T.);
#966 = FACE_BOUND('',#967,.T.);
#967 = EDGE_LOOP('',(#968,#978,#986,#994));
#968 = ORIENTED_EDGE('',*,*,#969,.T.);
#969 = EDGE_CURVE('',#970,#972,#974,.T.);
#970 = VERTEX_POINT('',#971);
#971 = CARTESIAN_POINT('',(184.52,-165.48,0.));
#972 = VERTEX_POINT('',#973);
#973 = CARTESIAN_POINT('',(184.52,-165.48,1.38E+03));
#974 = LINE('',#975,#976);
#975 = CARTESIAN_POINT('',(184.52,-165.48,0.));
#976 = VECTOR('',#977,1.);
#977 = DIRECTION('',(0.,0.,1.));
#978 = ORIENTED_EDGE('',*,*,#979,.T.);
#979 = EDGE_CURVE('',#972,#980,#982,.T.);
#980 = VERTEX_POINT('',#981);
#981 = CARTESIAN_POINT('',(225.48,-165.48,1.38E+03));
#982 = LINE('',#983,#984);
#983 = CARTESIAN_POINT('',(184.52,-165.48,1.38E+03));
#984 = VECTOR('',#985,1.);
#985 = DIRECTION('',(1.,0.,0.));
#986 = ORIENTED_EDGE('',*,*,#987,.F.);
#987 = EDGE_CURVE('',#988,#980,#990,.T.);
#988 = VERTEX_POINT('',#989);
#989 = CARTESIAN_POINT('',(225.48,-165.48,0.));
#990 = LINE('',#991,#992);
#991 = CARTESIAN_POINT('',(225.48,-165.48,0.));
#992 = VECTOR('',#993,1.);
#993 = DIRECTION('',(0.,0.,1.));
#994 = ORIENTED_EDGE('',*,*,#995,.F.);
#995 = EDGE_CURVE('',#970,#988,#996,.T.);
#996 = LINE('',#997,#998);
#997 = CARTESIAN_POINT('',(184.52,-165.48,0.));
#998 = VECTOR('',#999,1.);
#999 = DIRECTION('',(1.,0.,0.));
#1000 = PLANE('',#1001);
#1001 = AXIS2_PLACEMENT_3D('',#1002,#1003,#1004);
#1002 = CARTESIAN_POINT('',(184.52,-165.48,0.));
#1003 = DIRECTION('',(0.,1.,0.));
#1004 = DIRECTION('',(1.,0.,0.));
#1005 = ADVANCED_FACE('',(#1006),#1031,.T.);
#1006 = FACE_BOUND('',#1007,.T.);
#1007 = EDGE_LOOP('',(#1008,#1009,#1017,#1025));
#1008 = ORIENTED_EDGE('',*,*,#987,.T.);
#1009 = ORIENTED_EDGE('',*,*,#1010,.T.);
#1010 = EDGE_CURVE('',#980,#1011,#1013,.T.);
#1011 = VERTEX_POINT('',#1012);
#1012 = CARTESIAN_POINT('',(225.48,-124.52,1.38E+03));
#1013 = LINE('',#1014,#1015);
#1014 = CARTESIAN_POINT('',(225.48,-165.48,1.38E+03));
#1015 = VECTOR('',#1016,1.);
#1016 = DIRECTION('',(0.,1.,0.));
#1017 = ORIENTED_EDGE('',*,*,#1018,.F.);
#1018 = EDGE_CURVE('',#1019,#1011,#1021,.T.);
#1019 = VERTEX_POINT('',#1020);
#1020 = CARTESIAN_POINT('',(225.48,-124.52,0.));
#1021 = LINE('',#1022,#1023);
#1022 = CARTESIAN_POINT('',(225.48,-124.52,0.));
#1023 = VECTOR('',#1024,1.);
#1024 = DIRECTION('',(0.,0.,1.));
#1025 = ORIENTED_EDGE('',*,*,#1026,.F.);
#1026 = EDGE_CURVE('',#988,#1019,#1027,.T.);
#1027 = LINE('',#1028,#1029);
#1028 = CARTESIAN_POINT('',(225.48,-165.48,0.));
#1029 = VECTOR('',#1030,1.);
#1030 = DIRECTION('',(0.,1.,0.));
#1031 = PLANE('',#1032);
#1032 = AXIS2_PLACEMENT_3D('',#1033,#1034,#1035);
#1033 = CARTESIAN_POINT('',(225.48,-165.48,0.));
#1034 = DIRECTION('',(-1.,0.,0.));
#1035 = DIRECTION('',(0.,1.,0.));
#1036 = ADVANCED_FACE('',(#1037),#1062,.T.);
#1037 = FACE_BOUND('',#1038,.T.);
#1038 = EDGE_LOOP('',(#1039,#1040,#1048,#1056));
#1039 = ORIENTED_EDGE('',*,*,#1018,.T.);
#1040 = ORIENTED_EDGE('',*,*,#1041,.T.);
#1041 = EDGE_CURVE('',#1011,#1042,#1044,.T.);
#1042 = VERTEX_POINT('',#1043);
#1043 = CARTESIAN_POINT('',(184.52,-124.52,1.38E+03));
#1044 = LINE('',#1045,#1046);
#1045 = CARTESIAN_POINT('',(225.48,-124.52,1.38E+03));
#1046 = VECTOR('',#1047,1.);
#1047 = DIRECTION('',(-1.,0.,0.));
#1048 = ORIENTED_EDGE('',*,*,#1049,.F.);
#1049 = EDGE_CURVE('',#1050,#1042,#1052,.T.);
#1050 = VERTEX_POINT('',#1051);
#1051 = CARTESIAN_POINT('',(184.52,-124.52,0.));
#1052 = LINE('',#1053,#1054);
#1053 = CARTESIAN_POINT('',(184.52,-124.52,0.));
#1054 = VECTOR('',#1055,1.);
#1055 = DIRECTION('',(0.,0.,1.));
#1056 = ORIENTED_EDGE('',*,*,#1057,.F.);
#1057 = EDGE_CURVE('',#1019,#1050,#1058,.T.);
#1058 = LINE('',#1059,#1060);
#1059 = CARTESIAN_POINT('',(225.48,-124.52,0.));
#1060 = VECTOR('',#1061,1.);
#1061 = DIRECTION('',(-1.,0.,0.));
#1062 = PLANE('',#1063);
#1063 = AXIS2_PLACEMENT_3D('',#1064,#1065,#1066);
#1064 = CARTESIAN_POINT('',(225.48,-124.52,0.));
#1065 = DIRECTION('',(0.,-1.,0.));
#1066 = DIRECTION('',(-1.,0.,0.));
#1067 = ADVANCED_FACE('',(#1068),#1084,.T.);
#1068 = FACE_BOUND('',#1069,.T.);
#1069 = EDGE_LOOP('',(#1070,#1071,#1077,#1078));
#1070 = ORIENTED_EDGE('',*,*,#1049,.T.);
#1071 = ORIENTED_EDGE('',*,*,#1072,.T.);
#1072 = EDGE_CURVE('',#1042,#972,#1073,.T.);
#1073 = LINE('',#1074,#1075);
#1074 = CARTESIAN_POINT('',(184.52,-124.52,1.38E+03));
#1075 = VECTOR('',#1076,1.);
#1076 = DIRECTION('',(0.,-1.,0.));
#1077 = ORIENTED_EDGE('',*,*,#969,.F.);
#1078 = ORIENTED_EDGE('',*,*,#1079,.F.);
#1079 = EDGE_CURVE('',#1050,#970,#1080,.T.);
#1080 = LINE('',#1081,#1082);
#1081 = CARTESIAN_POINT('',(184.52,-124.52,0.));
#1082 = VECTOR('',#1083,1.);
#1083 = DIRECTION('',(0.,-1.,0.));
#1084 = PLANE('',#1085);
#1085 = AXIS2_PLACEMENT_3D('',#1086,#1087,#1088);
#1086 = CARTESIAN_POINT('',(184.52,-124.52,0.));
#1087 = DIRECTION('',(1.,0.,0.));
#1088 = DIRECTION('',(0.,-1.,0.));
#1089 = ADVANCED_FACE('',(#1090,#1096),#1102,.F.);
#1090 = FACE_BOUND('',#1091,.F.);
#1091 = EDGE_LOOP('',(#1092,#1093,#1094,#1095));
#1092 = ORIENTED_EDGE('',*,*,#871,.T.);
#1093 = ORIENTED_EDGE('',*,*,#902,.T.);
#1094 = ORIENTED_EDGE('',*,*,#933,.T.);
#1095 = ORIENTED_EDGE('',*,*,#955,.T.);
#1096 = FACE_BOUND('',#1097,.T.);
#1097 = EDGE_LOOP('',(#1098,#1099,#1100,#1101));
#1098 = ORIENTED_EDGE('',*,*,#995,.T.);
#1099 = ORIENTED_EDGE('',*,*,#1026,.T.);
#1100 = ORIENTED_EDGE('',*,*,#1057,.T.);
#1101 = ORIENTED_EDGE('',*,*,#1079,.T.);
#1102 = PLANE('',#1103);
#1103 = AXIS2_PLACEMENT_3D('',#1104,#1105,#1106);
#1104 = CARTESIAN_POINT('',(-9.909E-14,-145.,0.));
#1105 = DIRECTION('',(0.,0.,1.));
#1106 = DIRECTION('',(1.,0.,0.));
#1107 = ADVANCED_FACE('',(#1108,#1114),#1120,.T.);
#1108 = FACE_BOUND('',#1109,.T.);
#1109 = EDGE_LOOP('',(#1110,#1111,#1112,#1113));
#1110 = ORIENTED_EDGE('',*,*,#855,.T.);
#1111 = ORIENTED_EDGE('',*,*,#886,.T.);
#1112 = ORIENTED_EDGE('',*,*,#917,.T.);
#1113 = ORIENTED_EDGE('',*,*,#948,.T.);
#1114 = FACE_BOUND('',#1115,.F.);
#1115 = EDGE_LOOP('',(#1116,#1117,#1118,#1119));
#1116 = ORIENTED_EDGE('',*,*,#979,.T.);
#1117 = ORIENTED_EDGE('',*,*,#1010,.T.);
#1118 = ORIENTED_EDGE('',*,*,#1041,.T.);
#1119 = ORIENTED_EDGE('',*,*,#1072,.T.);
#1120 = PLANE('',#1121);
#1121 = AXIS2_PLACEMENT_3D('',#1122,#1123,#1124);
#1122 = CARTESIAN_POINT('',(-9.909E-14,-145.,1.38E+03));
#1123 = DIRECTION('',(0.,0.,1.));
#1124 = DIRECTION('',(1.,0.,0.));
#1125 = ( GEOMETRIC_REPRESENTATION_CONTEXT(3) 
GLOBAL_UNCERTAINTY_ASSIGNED_CONTEXT((#1129)) 
GLOBAL_UNIT_ASSIGNED_CONTEXT((#1126,#1127,#1128)) REPRESENTATION_CONTEXT
('Context #1','3D Context with UNIT and UNCERTAINTY') );
#1126 = ( LENGTH_UNIT() NAMED_UNIT(*) SI_UNIT(.MILLI.,.METRE.) );
#1127 = ( NAMED_UNIT(*) PLANE_ANGLE_UNIT() SI_UNIT($,.RADIAN.) );
#1128 = ( NAMED_UNIT(*) SI_UNIT($,.STERADIAN.) SOLID_ANGLE_UNIT() );
#1129 = UNCERTAINTY_MEASURE_WITH_UNIT(LENGTH_MEASURE(1.E-07),#1126,
  'distance_accuracy_value','confusion accuracy');
#1130 = SHAPE_DEFINITION_REPRESENTATION(#1131,#1137);
#1131 = PRODUCT_DEFINITION_SHAPE('','',#1132);
#1132 = PRODUCT_DEFINITION('design','',#1133,#1136);
#1133 = PRODUCT_DEFINITION_FORMATION_WITH_SPECIFIED_SOURCE('','',#1134,
  .NOT_KNOWN.);
#1134 = PRODUCT('flange','flange','',(#1135));
#1135 = MECHANICAL_CONTEXT('',#2,'mechanical');
#1136 = DESIGN_CONTEXT('',#2,'design');
#1137 = ADVANCED_BREP_SHAPE_REPRESENTATION('',(#11,#1138),#2257);
#1138 = MANIFOLD_SOLID_BREP('',#1139);
#1139 = CLOSED_SHELL('',(#1140,#1180,#1211,#1242,#1273,#1304,#1337,#1368
    ,#1401,#1432,#1465,#1496,#1529,#1560,#1593,#1624,#1657,#1688,#1719,
    #1750,#1772,#1805,#1838,#1871,#1904,#1937,#1970,#2003,#2036,#2069,
    #2102,#2135,#2196));
#1140 = ADVANCED_FACE('',(#1141),#1175,.F.);
#1141 = FACE_BOUND('',#1142,.F.);
#1142 = EDGE_LOOP('',(#1143,#1153,#1161,#1169));
#1143 = ORIENTED_EDGE('',*,*,#1144,.T.);
#1144 = EDGE_CURVE('',#1145,#1147,#1149,.T.);
#1145 = VERTEX_POINT('',#1146);
#1146 = CARTESIAN_POINT('',(-235.,-175.,1.38E+03));
#1147 = VERTEX_POINT('',#1148);
#1148 = CARTESIAN_POINT('',(-235.,-175.,1.4E+03));
#1149 = LINE('',#1150,#1151);
#1150 = CARTESIAN_POINT('',(-235.,-175.,1.38E+03));
#1151 = VECTOR('',#1152,1.);
#1152 = DIRECTION('',(0.,0.,1.));
#1153 = ORIENTED_EDGE('',*,*,#1154,.T.);
#1154 = EDGE_CURVE('',#1147,#1155,#1157,.T.);
#1155 = VERTEX_POINT('',#1156);
#1156 = CARTESIAN_POINT('',(235.,-175.,1.4E+03));
#1157 = LINE('',#1158,#1159);
#1158 = CARTESIAN_POINT('',(-235.,-175.,1.4E+03));
#1159 = VECTOR('',#1160,1.);
#1160 = DIRECTION('',(1.,0.,0.));
#1161 = ORIENTED_EDGE('',*,*,#1162,.F.);
#1162 = EDGE_CURVE('',#1163,#1155,#1165,.T.);
#1163 = VERTEX_POINT('',#1164);
#1164 = CARTESIAN_POINT('',(235.,-175.,1.38E+03));
#1165 = LINE('',#1166,#1167);
#1166 = CARTESIAN_POINT('',(235.,-175.,1.38E+03));
#1167 = VECTOR('',#1168,1.);
#1168 = DIRECTION('',(0.,0.,1.));
#1169 = ORIENTED_EDGE('',*,*,#1170,.F.);
#1170 = EDGE_CURVE('',#1145,#1163,#1171,.T.);
#1171 = LINE('',#1172,#1173);
#1172 = CARTESIAN_POINT('',(-235.,-175.,1.38E+03));
#1173 = VECTOR('',#1174,1.);
#1174 = DIRECTION('',(1.,0.,0.));
#1175 = PLANE('',#1176);
#1176 = AXIS2_PLACEMENT_3D('',#1177,#1178,#1179);
#1177 = CARTESIAN_POINT('',(-235.,-175.,1.38E+03));
#1178 = DIRECTION('',(0.,1.,0.));
#1179 = DIRECTION('',(1.,0.,0.));
#1180 = ADVANCED_FACE('',(#1181),#1206,.F.);
#1181 = FACE_BOUND('',#1182,.F.);
#1182 = EDGE_LOOP('',(#1183,#1184,#1192,#1200));
#1183 = ORIENTED_EDGE('',*,*,#1162,.T.);
#1184 = ORIENTED_EDGE('',*,*,#1185,.T.);
#1185 = EDGE_CURVE('',#1155,#1186,#1188,.T.);
#1186 = VERTEX_POINT('',#1187);
#1187 = CARTESIAN_POINT('',(235.,-115.,1.4E+03));
#1188 = LINE('',#1189,#1190);
#1189 = CARTESIAN_POINT('',(235.,-175.,1.4E+03));
#1190 = VECTOR('',#1191,1.);
#1191 = DIRECTION('',(0.,1.,0.));
#1192 = ORIENTED_EDGE('',*,*,#1193,.F.);
#1193 = EDGE_CURVE('',#1194,#1186,#1196,.T.);
#1194 = VERTEX_POINT('',#1195);
#1195 = CARTESIAN_POINT('',(235.,-115.,1.38E+03));
#1196 = LINE('',#1197,#1198);
#1197 = CARTESIAN_POINT('',(235.,-115.,1.38E+03));
#1198 = VECTOR('',#1199,1.);
#1199 = DIRECTION('',(0.,0.,1.));
#1200 = ORIENTED_EDGE('',*,*,#1201,.F.);
#1201 = EDGE_CURVE('',#1163,#1194,#1202,.T.);
#1202 = LINE('',#1203,#1204);
#1203 = CARTESIAN_POINT('',(235.,-175.,1.38E+03));
#1204 = VECTOR('',#1205,1.);
#1205 = DIRECTION('',(0.,1.,0.));
#1206 = PLANE('',#1207);
#1207 = AXIS2_PLACEMENT_3D('',#1208,#1209,#1210);
#1208 = CARTESIAN_POINT('',(235.,-175.,1.38E+03));
#1209 = DIRECTION('',(-1.,0.,0.));
#1210 = DIRECTION('',(0.,1.,0.));
#1211 = ADVANCED_FACE('',(#1212),#1237,.F.);
#1212 = FACE_BOUND('',#1213,.F.);
#1213 = EDGE_LOOP('',(#1214,#1215,#1223,#1231));
#1214 = ORIENTED_EDGE('',*,*,#1193,.T.);
#1215 = ORIENTED_EDGE('',*,*,#1216,.T.);
#1216 = EDGE_CURVE('',#1186,#1217,#1219,.T.);
#1217 = VERTEX_POINT('',#1218);
#1218 = CARTESIAN_POINT('',(175.,-115.,1.4E+03));
#1219 = LINE('',#1220,#1221);
#1220 = CARTESIAN_POINT('',(235.,-115.,1.4E+03));
#1221 = VECTOR('',#1222,1.);
#1222 = DIRECTION('',(-1.,0.,0.));
#1223 = ORIENTED_EDGE('',*,*,#1224,.F.);
#1224 = EDGE_CURVE('',#1225,#1217,#1227,.T.);
#1225 = VERTEX_POINT('',#1226);
#1226 = CARTESIAN_POINT('',(175.,-115.,1.38E+03));
#1227 = LINE('',#1228,#1229);
#1228 = CARTESIAN_POINT('',(175.,-115.,1.38E+03));
#1229 = VECTOR('',#1230,1.);
#1230 = DIRECTION('',(0.,0.,1.));
#1231 = ORIENTED_EDGE('',*,*,#1232,.F.);
#1232 = EDGE_CURVE('',#1194,#1225,#1233,.T.);
#1233 = LINE('',#1234,#1235);
#1234 = CARTESIAN_POINT('',(235.,-115.,1.38E+03));
#1235 = VECTOR('',#1236,1.);
#1236 = DIRECTION('',(-1.,0.,0.));
#1237 = PLANE('',#1238);
#1238 = AXIS2_PLACEMENT_3D('',#1239,#1240,#1241);
#1239 = CARTESIAN_POINT('',(235.,-115.,1.38E+03));
#1240 = DIRECTION('',(0.,-1.,0.));
#1241 = DIRECTION('',(-1.,0.,0.));
#1242 = ADVANCED_FACE('',(#1243),#1268,.F.);
#1243 = FACE_BOUND('',#1244,.F.);
#1244 = EDGE_LOOP('',(#1245,#1246,#1254,#1262));
#1245 = ORIENTED_EDGE('',*,*,#1224,.T.);
#1246 = ORIENTED_EDGE('',*,*,#1247,.T.);
#1247 = EDGE_CURVE('',#1217,#1248,#1250,.T.);
#1248 = VERTEX_POINT('',#1249);
#1249 = CARTESIAN_POINT('',(175.,-37.,1.4E+03));
#1250 = LINE('',#1251,#1252);
#1251 = CARTESIAN_POINT('',(175.,-115.,1.4E+03));
#1252 = VECTOR('',#1253,1.);
#1253 = DIRECTION('',(0.,1.,0.));
#1254 = ORIENTED_EDGE('',*,*,#1255,.F.);
#1255 = EDGE_CURVE('',#1256,#1248,#1258,.T.);
#1256 = VERTEX_POINT('',#1257);
#1257 = CARTESIAN_POINT('',(175.,-37.,1.38E+03));
#1258 = LINE('',#1259,#1260);
#1259 = CARTESIAN_POINT('',(175.,-37.,1.38E+03));
#1260 = VECTOR('',#1261,1.);
#1261 = DIRECTION('',(0.,0.,1.));
#1262 = ORIENTED_EDGE('',*,*,#1263,.F.);
#1263 = EDGE_CURVE('',#1225,#1256,#1264,.T.);
#1264 = LINE('',#1265,#1266);
#1265 = CARTESIAN_POINT('',(175.,-115.,1.38E+03));
#1266 = VECTOR('',#1267,1.);
#1267 = DIRECTION('',(0.,1.,0.));
#1268 = PLANE('',#1269);
#1269 = AXIS2_PLACEMENT_3D('',#1270,#1271,#1272);
#1270 = CARTESIAN_POINT('',(175.,-115.,1.38E+03));
#1271 = DIRECTION('',(-1.,0.,0.));
#1272 = DIRECTION('',(0.,1.,0.));
#1273 = ADVANCED_FACE('',(#1274),#1299,.F.);
#1274 = FACE_BOUND('',#1275,.F.);
#1275 = EDGE_LOOP('',(#1276,#1277,#1285,#1293));
#1276 = ORIENTED_EDGE('',*,*,#1255,.T.);
#1277 = ORIENTED_EDGE('',*,*,#1278,.T.);
#1278 = EDGE_CURVE('',#1248,#1279,#1281,.T.);
#1279 = VERTEX_POINT('',#1280);
#1280 = CARTESIAN_POINT('',(206.5,-37.,1.4E+03));
#1281 = LINE('',#1282,#1283);
#1282 = CARTESIAN_POINT('',(175.,-37.,1.4E+03));
#1283 = VECTOR('',#1284,1.);
#1284 = DIRECTION('',(1.,0.,0.));
#1285 = ORIENTED_EDGE('',*,*,#1286,.F.);
#1286 = EDGE_CURVE('',#1287,#1279,#1289,.T.);
#1287 = VERTEX_POINT('',#1288);
#1288 = CARTESIAN_POINT('',(206.5,-37.,1.38E+03));
#1289 = LINE('',#1290,#1291);
#1290 = CARTESIAN_POINT('',(206.5,-37.,1.38E+03));
#1291 = VECTOR('',#1292,1.);
#1292 = DIRECTION('',(0.,0.,1.));
#1293 = ORIENTED_EDGE('',*,*,#1294,.F.);
#1294 = EDGE_CURVE('',#1256,#1287,#1295,.T.);
#1295 = LINE('',#1296,#1297);
#1296 = CARTESIAN_POINT('',(175.,-37.,1.38E+03));
#1297 = VECTOR('',#1298,1.);
#1298 = DIRECTION('',(1.,0.,0.));
#1299 = PLANE('',#1300);
#1300 = AXIS2_PLACEMENT_3D('',#1301,#1302,#1303);
#1301 = CARTESIAN_POINT('',(175.,-37.,1.38E+03));
#1302 = DIRECTION('',(0.,1.,0.));
#1303 = DIRECTION('',(1.,0.,0.));
#1304 = ADVANCED_FACE('',(#1305),#1332,.T.);
#1305 = FACE_BOUND('',#1306,.F.);
#1306 = EDGE_LOOP('',(#1307,#1308,#1317,#1325));
#1307 = ORIENTED_EDGE('',*,*,#1286,.T.);
#1308 = ORIENTED_EDGE('',*,*,#1309,.T.);
#1309 = EDGE_CURVE('',#1279,#1310,#1312,.T.);
#1310 = VERTEX_POINT('',#1311);
#1311 = CARTESIAN_POINT('',(225.,-18.5,1.4E+03));
#1312 = CIRCLE('',#1313,18.5);
#1313 = AXIS2_PLACEMENT_3D('',#1314,#1315,#1316);
#1314 = CARTESIAN_POINT('',(206.5,-18.5,1.4E+03));
#1315 = DIRECTION('',(0.,0.,1.));
#1316 = DIRECTION('',(1.,0.,0.));
#1317 = ORIENTED_EDGE('',*,*,#1318,.F.);
#1318 = EDGE_CURVE('',#1319,#1310,#1321,.T.);
#1319 = VERTEX_POINT('',#1320);
#1320 = CARTESIAN_POINT('',(225.,-18.5,1.38E+03));
#1321 = LINE('',#1322,#1323);
#1322 = CARTESIAN_POINT('',(225.,-18.5,1.38E+03));
#1323 = VECTOR('',#1324,1.);
#1324 = DIRECTION('',(0.,0.,1.));
#1325 = ORIENTED_EDGE('',*,*,#1326,.F.);
#1326 = EDGE_CURVE('',#1287,#1319,#1327,.T.);
#1327 = CIRCLE('',#1328,18.5);
#1328 = AXIS2_PLACEMENT_3D('',#1329,#1330,#1331);
#1329 = CARTESIAN_POINT('',(206.5,-18.5,1.38E+03));
#1330 = DIRECTION('',(0.,0.,1.));
#1331 = DIRECTION('',(1.,0.,0.));
#1332 = CYLINDRICAL_SURFACE('',#1333,18.5);
#1333 = AXIS2_PLACEMENT_3D('',#1334,#1335,#1336);
#1334 = CARTESIAN_POINT('',(206.5,-18.5,1.38E+03));
#1335 = DIRECTION('',(-0.,-0.,-1.));
#1336 = DIRECTION('',(1.,0.,0.));
#1337 = ADVANCED_FACE('',(#1338),#1363,.F.);
#1338 = FACE_BOUND('',#1339,.F.);
#1339 = EDGE_LOOP('',(#1340,#1341,#1349,#1357));
#1340 = ORIENTED_EDGE('',*,*,#1318,.T.);
#1341 = ORIENTED_EDGE('',*,*,#1342,.T.);
#1342 = EDGE_CURVE('',#1310,#1343,#1345,.T.);
#1343 = VERTEX_POINT('',#1344);
#1344 = CARTESIAN_POINT('',(225.,119.24739222217,1.4E+03));
#1345 = LINE('',#1346,#1347);
#1346 = CARTESIAN_POINT('',(225.,-18.5,1.4E+03));
#1347 = VECTOR('',#1348,1.);
#1348 = DIRECTION('',(0.,1.,0.));
#1349 = ORIENTED_EDGE('',*,*,#1350,.F.);
#1350 = EDGE_CURVE('',#1351,#1343,#1353,.T.);
#1351 = VERTEX_POINT('',#1352);
#1352 = CARTESIAN_POINT('',(225.,119.24739222217,1.38E+03));
#1353 = LINE('',#1354,#1355);
#1354 = CARTESIAN_POINT('',(225.,119.24739222217,1.38E+03));
#1355 = VECTOR('',#1356,1.);
#1356 = DIRECTION('',(0.,0.,1.));
#1357 = ORIENTED_EDGE('',*,*,#1358,.F.);
#1358 = EDGE_CURVE('',#1319,#1351,#1359,.T.);
#1359 = LINE('',#1360,#1361);
#1360 = CARTESIAN_POINT('',(225.,-18.5,1.38E+03));
#1361 = VECTOR('',#1362,1.);
#1362 = DIRECTION('',(0.,1.,0.));
#1363 = PLANE('',#1364);
#1364 = AXIS2_PLACEMENT_3D('',#1365,#1366,#1367);
#1365 = CARTESIAN_POINT('',(225.,-18.5,1.38E+03));
#1366 = DIRECTION('',(-1.,0.,0.));
#1367 = DIRECTION('',(0.,1.,0.));
#1368 = ADVANCED_FACE('',(#1369),#1396,.T.);
#1369 = FACE_BOUND('',#1370,.F.);
#1370 = EDGE_LOOP('',(#1371,#1372,#1381,#1389));
#1371 = ORIENTED_EDGE('',*,*,#1350,.T.);
#1372 = ORIENTED_EDGE('',*,*,#1373,.T.);
#1373 = EDGE_CURVE('',#1343,#1374,#1376,.T.);
#1374 = VERTEX_POINT('',#1375);
#1375 = CARTESIAN_POINT('',(220.32088886238,132.1031444159,1.4E+03));
#1376 = CIRCLE('',#1377,20.);
#1377 = AXIS2_PLACEMENT_3D('',#1378,#1379,#1380);
#1378 = CARTESIAN_POINT('',(205.,119.24739222217,1.4E+03));
#1379 = DIRECTION('',(0.,0.,1.));
#1380 = DIRECTION('',(1.,0.,0.));
#1381 = ORIENTED_EDGE('',*,*,#1382,.F.);
#1382 = EDGE_CURVE('',#1383,#1374,#1385,.T.);
#1383 = VERTEX_POINT('',#1384);
#1384 = CARTESIAN_POINT('',(220.32088886238,132.1031444159,1.38E+03));
#1385 = LINE('',#1386,#1387);
#1386 = CARTESIAN_POINT('',(220.32088886238,132.1031444159,1.38E+03));
#1387 = VECTOR('',#1388,1.);
#1388 = DIRECTION('',(0.,0.,1.));
#1389 = ORIENTED_EDGE('',*,*,#1390,.F.);
#1390 = EDGE_CURVE('',#1351,#1383,#1391,.T.);
#1391 = CIRCLE('',#1392,20.);
#1392 = AXIS2_PLACEMENT_3D('',#1393,#1394,#1395);
#1393 = CARTESIAN_POINT('',(205.,119.24739222217,1.38E+03));
#1394 = DIRECTION('',(0.,0.,1.));
#1395 = DIRECTION('',(1.,0.,0.));
#1396 = CYLINDRICAL_SURFACE('',#1397,20.);
#1397 = AXIS2_PLACEMENT_3D('',#1398,#1399,#1400);
#1398 = CARTESIAN_POINT('',(205.,119.24739222217,1.38E+03));
#1399 = DIRECTION('',(-0.,-0.,-1.));
#1400 = DIRECTION('',(1.,0.,0.));
#1401 = ADVANCED_FACE('',(#1402),#1427,.F.);
#1402 = FACE_BOUND('',#1403,.F.);
#1403 = EDGE_LOOP('',(#1404,#1405,#1413,#1421));
#1404 = ORIENTED_EDGE('',*,*,#1382,.T.);
#1405 = ORIENTED_EDGE('',*,*,#1406,.T.);
#1406 = EDGE_CURVE('',#1374,#1407,#1409,.T.);
#1407 = VERTEX_POINT('',#1408);
#1408 = CARTESIAN_POINT('',(190.32088886238,167.85575219373,1.4E+03));
#1409 = LINE('',#1410,#1411);
#1410 = CARTESIAN_POINT('',(220.32088886238,132.1031444159,1.4E+03));
#1411 = VECTOR('',#1412,1.);
#1412 = DIRECTION('',(-0.642787609687,0.766044443119,0.));
#1413 = ORIENTED_EDGE('',*,*,#1414,.F.);
#1414 = EDGE_CURVE('',#1415,#1407,#1417,.T.);
#1415 = VERTEX_POINT('',#1416);
#1416 = CARTESIAN_POINT('',(190.32088886238,167.85575219373,1.38E+03));
#1417 = LINE('',#1418,#1419);
#1418 = CARTESIAN_POINT('',(190.32088886238,167.85575219373,1.38E+03));
#1419 = VECTOR('',#1420,1.);
#1420 = DIRECTION('',(0.,0.,1.));
#1421 = ORIENTED_EDGE('',*,*,#1422,.F.);
#1422 = EDGE_CURVE('',#1383,#1415,#1423,.T.);
#1423 = LINE('',#1424,#1425);
#1424 = CARTESIAN_POINT('',(220.32088886238,132.1031444159,1.38E+03));
#1425 = VECTOR('',#1426,1.);
#1426 = DIRECTION('',(-0.642787609687,0.766044443119,0.));
#1427 = PLANE('',#1428);
#1428 = AXIS2_PLACEMENT_3D('',#1429,#1430,#1431);
#1429 = CARTESIAN_POINT('',(220.32088886238,132.1031444159,1.38E+03));
#1430 = DIRECTION('',(-0.766044443119,-0.642787609687,0.));
#1431 = DIRECTION('',(-0.642787609687,0.766044443119,0.));
#1432 = ADVANCED_FACE('',(#1433),#1460,.T.);
#1433 = FACE_BOUND('',#1434,.F.);
#1434 = EDGE_LOOP('',(#1435,#1436,#1445,#1453));
#1435 = ORIENTED_EDGE('',*,*,#1414,.T.);
#1436 = ORIENTED_EDGE('',*,*,#1437,.T.);
#1437 = EDGE_CURVE('',#1407,#1438,#1440,.T.);
#1438 = VERTEX_POINT('',#1439);
#1439 = CARTESIAN_POINT('',(175.,175.,1.4E+03));
#1440 = CIRCLE('',#1441,20.);
#1441 = AXIS2_PLACEMENT_3D('',#1442,#1443,#1444);
#1442 = CARTESIAN_POINT('',(175.,155.,1.4E+03));
#1443 = DIRECTION('',(0.,0.,1.));
#1444 = DIRECTION('',(1.,0.,0.));
#1445 = ORIENTED_EDGE('',*,*,#1446,.F.);
#1446 = EDGE_CURVE('',#1447,#1438,#1449,.T.);
#1447 = VERTEX_POINT('',#1448);
#1448 = CARTESIAN_POINT('',(175.,175.,1.38E+03));
#1449 = LINE('',#1450,#1451);
#1450 = CARTESIAN_POINT('',(175.,175.,1.38E+03));
#1451 = VECTOR('',#1452,1.);
#1452 = DIRECTION('',(0.,0.,1.));
#1453 = ORIENTED_EDGE('',*,*,#1454,.F.);
#1454 = EDGE_CURVE('',#1415,#1447,#1455,.T.);
#1455 = CIRCLE('',#1456,20.);
#1456 = AXIS2_PLACEMENT_3D('',#1457,#1458,#1459);
#1457 = CARTESIAN_POINT('',(175.,155.,1.38E+03));
#1458 = DIRECTION('',(0.,0.,1.));
#1459 = DIRECTION('',(1.,0.,0.));
#1460 = CYLINDRICAL_SURFACE('',#1461,20.);
#1461 = AXIS2_PLACEMENT_3D('',#1462,#1463,#1464);
#1462 = CARTESIAN_POINT('',(175.,155.,1.38E+03));
#1463 = DIRECTION('',(-0.,-0.,-1.));
#1464 = DIRECTION('',(1.,0.,0.));
#1465 = ADVANCED_FACE('',(#1466),#1491,.F.);
#1466 = FACE_BOUND('',#1467,.F.);
#1467 = EDGE_LOOP('',(#1468,#1469,#1477,#1485));
#1468 = ORIENTED_EDGE('',*,*,#1446,.T.);
#1469 = ORIENTED_EDGE('',*,*,#1470,.T.);
#1470 = EDGE_CURVE('',#1438,#1471,#1473,.T.);
#1471 = VERTEX_POINT('',#1472);
#1472 = CARTESIAN_POINT('',(-175.,175.,1.4E+03));
#1473 = LINE('',#1474,#1475);
#1474 = CARTESIAN_POINT('',(175.,175.,1.4E+03));
#1475 = VECTOR('',#1476,1.);
#1476 = DIRECTION('',(-1.,0.,0.));
#1477 = ORIENTED_EDGE('',*,*,#1478,.F.);
#1478 = EDGE_CURVE('',#1479,#1471,#1481,.T.);
#1479 = VERTEX_POINT('',#1480);
#1480 = CARTESIAN_POINT('',(-175.,175.,1.38E+03));
#1481 = LINE('',#1482,#1483);
#1482 = CARTESIAN_POINT('',(-175.,175.,1.38E+03));
#1483 = VECTOR('',#1484,1.);
#1484 = DIRECTION('',(0.,0.,1.));
#1485 = ORIENTED_EDGE('',*,*,#1486,.F.);
#1486 = EDGE_CURVE('',#1447,#1479,#1487,.T.);
#1487 = LINE('',#1488,#1489);
#1488 = CARTESIAN_POINT('',(175.,175.,1.38E+03));
#1489 = VECTOR('',#1490,1.);
#1490 = DIRECTION('',(-1.,0.,0.));
#1491 = PLANE('',#1492);
#1492 = AXIS2_PLACEMENT_3D('',#1493,#1494,#1495);
#1493 = CARTESIAN_POINT('',(175.,175.,1.38E+03));
#1494 = DIRECTION('',(0.,-1.,0.));
#1495 = DIRECTION('',(-1.,0.,0.));
#1496 = ADVANCED_FACE('',(#1497),#1524,.T.);
#1497 = FACE_BOUND('',#1498,.F.);
#1498 = EDGE_LOOP('',(#1499,#1500,#1509,#1517));
#1499 = ORIENTED_EDGE('',*,*,#1478,.T.);
#1500 = ORIENTED_EDGE('',*,*,#1501,.T.);
#1501 = EDGE_CURVE('',#1471,#1502,#1504,.T.);
#1502 = VERTEX_POINT('',#1503);
#1503 = CARTESIAN_POINT('',(-190.3208888623,167.85575219373,1.4E+03));
#1504 = CIRCLE('',#1505,20.);
#1505 = AXIS2_PLACEMENT_3D('',#1506,#1507,#1508);
#1506 = CARTESIAN_POINT('',(-175.,155.,1.4E+03));
#1507 = DIRECTION('',(0.,0.,1.));
#1508 = DIRECTION('',(1.,0.,0.));
#1509 = ORIENTED_EDGE('',*,*,#1510,.F.);
#1510 = EDGE_CURVE('',#1511,#1502,#1513,.T.);
#1511 = VERTEX_POINT('',#1512);
#1512 = CARTESIAN_POINT('',(-190.3208888623,167.85575219373,1.38E+03));
#1513 = LINE('',#1514,#1515);
#1514 = CARTESIAN_POINT('',(-190.3208888623,167.85575219373,1.38E+03));
#1515 = VECTOR('',#1516,1.);
#1516 = DIRECTION('',(0.,0.,1.));
#1517 = ORIENTED_EDGE('',*,*,#1518,.F.);
#1518 = EDGE_CURVE('',#1479,#1511,#1519,.T.);
#1519 = CIRCLE('',#1520,20.);
#1520 = AXIS2_PLACEMENT_3D('',#1521,#1522,#1523);
#1521 = CARTESIAN_POINT('',(-175.,155.,1.38E+03));
#1522 = DIRECTION('',(0.,0.,1.));
#1523 = DIRECTION('',(1.,0.,0.));
#1524 = CYLINDRICAL_SURFACE('',#1525,20.);
#1525 = AXIS2_PLACEMENT_3D('',#1526,#1527,#1528);
#1526 = CARTESIAN_POINT('',(-175.,155.,1.38E+03));
#1527 = DIRECTION('',(-0.,-0.,-1.));
#1528 = DIRECTION('',(1.,0.,0.));
#1529 = ADVANCED_FACE('',(#1530),#1555,.F.);
#1530 = FACE_BOUND('',#1531,.F.);
#1531 = EDGE_LOOP('',(#1532,#1533,#1541,#1549));
#1532 = ORIENTED_EDGE('',*,*,#1510,.T.);
#1533 = ORIENTED_EDGE('',*,*,#1534,.T.);
#1534 = EDGE_CURVE('',#1502,#1535,#1537,.T.);
#1535 = VERTEX_POINT('',#1536);
#1536 = CARTESIAN_POINT('',(-220.3208888623,132.1031444159,1.4E+03));
#1537 = LINE('',#1538,#1539);
#1538 = CARTESIAN_POINT('',(-190.3208888623,167.85575219373,1.4E+03));
#1539 = VECTOR('',#1540,1.);
#1540 = DIRECTION('',(-0.642787609687,-0.766044443119,0.));
#1541 = ORIENTED_EDGE('',*,*,#1542,.F.);
#1542 = EDGE_CURVE('',#1543,#1535,#1545,.T.);
#1543 = VERTEX_POINT('',#1544);
#1544 = CARTESIAN_POINT('',(-220.3208888623,132.1031444159,1.38E+03));
#1545 = LINE('',#1546,#1547);
#1546 = CARTESIAN_POINT('',(-220.3208888623,132.1031444159,1.38E+03));
#1547 = VECTOR('',#1548,1.);
#1548 = DIRECTION('',(0.,0.,1.));
#1549 = ORIENTED_EDGE('',*,*,#1550,.F.);
#1550 = EDGE_CURVE('',#1511,#1543,#1551,.T.);
#1551 = LINE('',#1552,#1553);
#1552 = CARTESIAN_POINT('',(-190.3208888623,167.85575219373,1.38E+03));
#1553 = VECTOR('',#1554,1.);
#1554 = DIRECTION('',(-0.642787609687,-0.766044443119,0.));
#1555 = PLANE('',#1556);
#1556 = AXIS2_PLACEMENT_3D('',#1557,#1558,#1559);
#1557 = CARTESIAN_POINT('',(-190.3208888623,167.85575219373,1.38E+03));
#1558 = DIRECTION('',(0.766044443119,-0.642787609687,0.));
#1559 = DIRECTION('',(-0.642787609687,-0.766044443119,0.));
#1560 = ADVANCED_FACE('',(#1561),#1588,.T.);
#1561 = FACE_BOUND('',#1562,.F.);
#1562 = EDGE_LOOP('',(#1563,#1564,#1573,#1581));
#1563 = ORIENTED_EDGE('',*,*,#1542,.T.);
#1564 = ORIENTED_EDGE('',*,*,#1565,.T.);
#1565 = EDGE_CURVE('',#1535,#1566,#1568,.T.);
#1566 = VERTEX_POINT('',#1567);
#1567 = CARTESIAN_POINT('',(-225.,119.24739222217,1.4E+03));
#1568 = CIRCLE('',#1569,20.);
#1569 = AXIS2_PLACEMENT_3D('',#1570,#1571,#1572);
#1570 = CARTESIAN_POINT('',(-205.,119.24739222217,1.4E+03));
#1571 = DIRECTION('',(0.,0.,1.));
#1572 = DIRECTION('',(1.,0.,0.));
#1573 = ORIENTED_EDGE('',*,*,#1574,.F.);
#1574 = EDGE_CURVE('',#1575,#1566,#1577,.T.);
#1575 = VERTEX_POINT('',#1576);
#1576 = CARTESIAN_POINT('',(-225.,119.24739222217,1.38E+03));
#1577 = LINE('',#1578,#1579);
#1578 = CARTESIAN_POINT('',(-225.,119.24739222217,1.38E+03));
#1579 = VECTOR('',#1580,1.);
#1580 = DIRECTION('',(0.,0.,1.));
#1581 = ORIENTED_EDGE('',*,*,#1582,.F.);
#1582 = EDGE_CURVE('',#1543,#1575,#1583,.T.);
#1583 = CIRCLE('',#1584,20.);
#1584 = AXIS2_PLACEMENT_3D('',#1585,#1586,#1587);
#1585 = CARTESIAN_POINT('',(-205.,119.24739222217,1.38E+03));
#1586 = DIRECTION('',(0.,0.,1.));
#1587 = DIRECTION('',(1.,0.,0.));
#1588 = CYLINDRICAL_SURFACE('',#1589,20.);
#1589 = AXIS2_PLACEMENT_3D('',#1590,#1591,#1592);
#1590 = CARTESIAN_POINT('',(-205.,119.24739222217,1.38E+03));
#1591 = DIRECTION('',(-0.,-0.,-1.));
#1592 = DIRECTION('',(1.,0.,0.));
#1593 = ADVANCED_FACE('',(#1594),#1619,.F.);
#1594 = FACE_BOUND('',#1595,.F.);
#1595 = EDGE_LOOP('',(#1596,#1597,#1605,#1613));
#1596 = ORIENTED_EDGE('',*,*,#1574,.T.);
#1597 = ORIENTED_EDGE('',*,*,#1598,.T.);
#1598 = EDGE_CURVE('',#1566,#1599,#1601,.T.);
#1599 = VERTEX_POINT('',#1600);
#1600 = CARTESIAN_POINT('',(-225.,-18.5,1.4E+03));
#1601 = LINE('',#1602,#1603);
#1602 = CARTESIAN_POINT('',(-225.,119.24739222217,1.4E+03));
#1603 = VECTOR('',#1604,1.);
#1604 = DIRECTION('',(-2.1E-16,-1.,0.));
#1605 = ORIENTED_EDGE('',*,*,#1606,.F.);
#1606 = EDGE_CURVE('',#1607,#1599,#1609,.T.);
#1607 = VERTEX_POINT('',#1608);
#1608 = CARTESIAN_POINT('',(-225.,-18.5,1.38E+03));
#1609 = LINE('',#1610,#1611);
#1610 = CARTESIAN_POINT('',(-225.,-18.5,1.38E+03));
#1611 = VECTOR('',#1612,1.);
#1612 = DIRECTION('',(0.,0.,1.));
#1613 = ORIENTED_EDGE('',*,*,#1614,.F.);
#1614 = EDGE_CURVE('',#1575,#1607,#1615,.T.);
#1615 = LINE('',#1616,#1617);
#1616 = CARTESIAN_POINT('',(-225.,119.24739222217,1.38E+03));
#1617 = VECTOR('',#1618,1.);
#1618 = DIRECTION('',(-2.1E-16,-1.,0.));
#1619 = PLANE('',#1620);
#1620 = AXIS2_PLACEMENT_3D('',#1621,#1622,#1623);
#1621 = CARTESIAN_POINT('',(-225.,119.24739222217,1.38E+03));
#1622 = DIRECTION('',(1.,-2.1E-16,0.));
#1623 = DIRECTION('',(-2.1E-16,-1.,0.));
#1624 = ADVANCED_FACE('',(#1625),#1652,.T.);
#1625 = FACE_BOUND('',#1626,.F.);
#1626 = EDGE_LOOP('',(#1627,#1628,#1637,#1645));
#1627 = ORIENTED_EDGE('',*,*,#1606,.T.);
#1628 = ORIENTED_EDGE('',*,*,#1629,.T.);
#1629 = EDGE_CURVE('',#1599,#1630,#1632,.T.);
#1630 = VERTEX_POINT('',#1631);
#1631 = CARTESIAN_POINT('',(-206.5,-37.,1.4E+03));
#1632 = CIRCLE('',#1633,18.5);
#1633 = AXIS2_PLACEMENT_3D('',#1634,#1635,#1636);
#1634 = CARTESIAN_POINT('',(-206.5,-18.5,1.4E+03));
#1635 = DIRECTION('',(0.,0.,1.));
#1636 = DIRECTION('',(1.,0.,0.));
#1637 = ORIENTED_EDGE('',*,*,#1638,.F.);
#1638 = EDGE_CURVE('',#1639,#1630,#1641,.T.);
#1639 = VERTEX_POINT('',#1640);
#1640 = CARTESIAN_POINT('',(-206.5,-37.,1.38E+03));
#1641 = LINE('',#1642,#1643);
#1642 = CARTESIAN_POINT('',(-206.5,-37.,1.38E+03));
#1643 = VECTOR('',#1644,1.);
#1644 = DIRECTION('',(0.,0.,1.));
#1645 = ORIENTED_EDGE('',*,*,#1646,.F.);
#1646 = EDGE_CURVE('',#1607,#1639,#1647,.T.);
#1647 = CIRCLE('',#1648,18.5);
#1648 = AXIS2_PLACEMENT_3D('',#1649,#1650,#1651);
#1649 = CARTESIAN_POINT('',(-206.5,-18.5,1.38E+03));
#1650 = DIRECTION('',(0.,0.,1.));
#1651 = DIRECTION('',(1.,0.,0.));
#1652 = CYLINDRICAL_SURFACE('',#1653,18.5);
#1653 = AXIS2_PLACEMENT_3D('',#1654,#1655,#1656);
#1654 = CARTESIAN_POINT('',(-206.5,-18.5,1.38E+03));
#1655 = DIRECTION('',(-0.,-0.,-1.));
#1656 = DIRECTION('',(1.,0.,0.));
#1657 = ADVANCED_FACE('',(#1658),#1683,.F.);
#1658 = FACE_BOUND('',#1659,.F.);
#1659 = EDGE_LOOP('',(#1660,#1661,#1669,#1677));
#1660 = ORIENTED_EDGE('',*,*,#1638,.T.);
#1661 = ORIENTED_EDGE('',*,*,#1662,.T.);
#1662 = EDGE_CURVE('',#1630,#1663,#1665,.T.);
#1663 = VERTEX_POINT('',#1664);
#1664 = CARTESIAN_POINT('',(-175.,-37.,1.4E+03));
#1665 = LINE('',#1666,#1667);
#1666 = CARTESIAN_POINT('',(-206.5,-37.,1.4E+03));
#1667 = VECTOR('',#1668,1.);
#1668 = DIRECTION('',(1.,0.,0.));
#1669 = ORIENTED_EDGE('',*,*,#1670,.F.);
#1670 = EDGE_CURVE('',#1671,#1663,#1673,.T.);
#1671 = VERTEX_POINT('',#1672);
#1672 = CARTESIAN_POINT('',(-175.,-37.,1.38E+03));
#1673 = LINE('',#1674,#1675);
#1674 = CARTESIAN_POINT('',(-175.,-37.,1.38E+03));
#1675 = VECTOR('',#1676,1.);
#1676 = DIRECTION('',(0.,0.,1.));
#1677 = ORIENTED_EDGE('',*,*,#1678,.F.);
#1678 = EDGE_CURVE('',#1639,#1671,#1679,.T.);
#1679 = LINE('',#1680,#1681);
#1680 = CARTESIAN_POINT('',(-206.5,-37.,1.38E+03));
#1681 = VECTOR('',#1682,1.);
#1682 = DIRECTION('',(1.,0.,0.));
#1683 = PLANE('',#1684);
#1684 = AXIS2_PLACEMENT_3D('',#1685,#1686,#1687);
#1685 = CARTESIAN_POINT('',(-206.5,-37.,1.38E+03));
#1686 = DIRECTION('',(0.,1.,0.));
#1687 = DIRECTION('',(1.,0.,0.));
#1688 = ADVANCED_FACE('',(#1689),#1714,.F.);
#1689 = FACE_BOUND('',#1690,.F.);
#1690 = EDGE_LOOP('',(#1691,#1692,#1700,#1708));
#1691 = ORIENTED_EDGE('',*,*,#1670,.T.);
#1692 = ORIENTED_EDGE('',*,*,#1693,.T.);
#1693 = EDGE_CURVE('',#1663,#1694,#1696,.T.);
#1694 = VERTEX_POINT('',#1695);
#1695 = CARTESIAN_POINT('',(-175.,-115.,1.4E+03));
#1696 = LINE('',#1697,#1698);
#1697 = CARTESIAN_POINT('',(-175.,-37.,1.4E+03));
#1698 = VECTOR('',#1699,1.);
#1699 = DIRECTION('',(0.,-1.,0.));
#1700 = ORIENTED_EDGE('',*,*,#1701,.F.);
#1701 = EDGE_CURVE('',#1702,#1694,#1704,.T.);
#1702 = VERTEX_POINT('',#1703);
#1703 = CARTESIAN_POINT('',(-175.,-115.,1.38E+03));
#1704 = LINE('',#1705,#1706);
#1705 = CARTESIAN_POINT('',(-175.,-115.,1.38E+03));
#1706 = VECTOR('',#1707,1.);
#1707 = DIRECTION('',(0.,0.,1.));
#1708 = ORIENTED_EDGE('',*,*,#1709,.F.);
#1709 = EDGE_CURVE('',#1671,#1702,#1710,.T.);
#1710 = LINE('',#1711,#1712);
#1711 = CARTESIAN_POINT('',(-175.,-37.,1.38E+03));
#1712 = VECTOR('',#1713,1.);
#1713 = DIRECTION('',(0.,-1.,0.));
#1714 = PLANE('',#1715);
#1715 = AXIS2_PLACEMENT_3D('',#1716,#1717,#1718);
#1716 = CARTESIAN_POINT('',(-175.,-37.,1.38E+03));
#1717 = DIRECTION('',(1.,0.,0.));
#1718 = DIRECTION('',(0.,-1.,0.));
#1719 = ADVANCED_FACE('',(#1720),#1745,.F.);
#1720 = FACE_BOUND('',#1721,.F.);
#1721 = EDGE_LOOP('',(#1722,#1723,#1731,#1739));
#1722 = ORIENTED_EDGE('',*,*,#1701,.T.);
#1723 = ORIENTED_EDGE('',*,*,#1724,.T.);
#1724 = EDGE_CURVE('',#1694,#1725,#1727,.T.);
#1725 = VERTEX_POINT('',#1726);
#1726 = CARTESIAN_POINT('',(-235.,-115.,1.4E+03));
#1727 = LINE('',#1728,#1729);
#1728 = CARTESIAN_POINT('',(-175.,-115.,1.4E+03));
#1729 = VECTOR('',#1730,1.);
#1730 = DIRECTION('',(-1.,0.,0.));
#1731 = ORIENTED_EDGE('',*,*,#1732,.F.);
#1732 = EDGE_CURVE('',#1733,#1725,#1735,.T.);
#1733 = VERTEX_POINT('',#1734);
#1734 = CARTESIAN_POINT('',(-235.,-115.,1.38E+03));
#1735 = LINE('',#1736,#1737);
#1736 = CARTESIAN_POINT('',(-235.,-115.,1.38E+03));
#1737 = VECTOR('',#1738,1.);
#1738 = DIRECTION('',(0.,0.,1.));
#1739 = ORIENTED_EDGE('',*,*,#1740,.F.);
#1740 = EDGE_CURVE('',#1702,#1733,#1741,.T.);
#1741 = LINE('',#1742,#1743);
#1742 = CARTESIAN_POINT('',(-175.,-115.,1.38E+03));
#1743 = VECTOR('',#1744,1.);
#1744 = DIRECTION('',(-1.,0.,0.));
#1745 = PLANE('',#1746);
#1746 = AXIS2_PLACEMENT_3D('',#1747,#1748,#1749);
#1747 = CARTESIAN_POINT('',(-175.,-115.,1.38E+03));
#1748 = DIRECTION('',(0.,-1.,0.));
#1749 = DIRECTION('',(-1.,0.,0.));
#1750 = ADVANCED_FACE('',(#1751),#1767,.F.);
#1751 = FACE_BOUND('',#1752,.F.);
#1752 = EDGE_LOOP('',(#1753,#1754,#1760,#1761));
#1753 = ORIENTED_EDGE('',*,*,#1732,.T.);
#1754 = ORIENTED_EDGE('',*,*,#1755,.T.);
#1755 = EDGE_CURVE('',#1725,#1147,#1756,.T.);
#1756 = LINE('',#1757,#1758);
#1757 = CARTESIAN_POINT('',(-235.,-115.,1.4E+03));
#1758 = VECTOR('',#1759,1.);
#1759 = DIRECTION('',(0.,-1.,0.));
#1760 = ORIENTED_EDGE('',*,*,#1144,.F.);
#1761 = ORIENTED_EDGE('',*,*,#1762,.F.);
#1762 = EDGE_CURVE('',#1733,#1145,#1763,.T.);
#1763 = LINE('',#1764,#1765);
#1764 = CARTESIAN_POINT('',(-235.,-115.,1.38E+03));
#1765 = VECTOR('',#1766,1.);
#1766 = DIRECTION('',(0.,-1.,0.));
#1767 = PLANE('',#1768);
#1768 = AXIS2_PLACEMENT_3D('',#1769,#1770,#1771);
#1769 = CARTESIAN_POINT('',(-235.,-115.,1.38E+03));
#1770 = DIRECTION('',(1.,0.,0.));
#1771 = DIRECTION('',(0.,-1.,0.));
#1772 = ADVANCED_FACE('',(#1773),#1800,.F.);
#1773 = FACE_BOUND('',#1774,.T.);
#1774 = EDGE_LOOP('',(#1775,#1785,#1792,#1793));
#1775 = ORIENTED_EDGE('',*,*,#1776,.T.);
#1776 = EDGE_CURVE('',#1777,#1779,#1781,.T.);
#1777 = VERTEX_POINT('',#1778);
#1778 = CARTESIAN_POINT('',(100.,2.E-15,1.38E+03));
#1779 = VERTEX_POINT('',#1780);
#1780 = CARTESIAN_POINT('',(100.,2.E-15,1.4E+03));
#1781 = LINE('',#1782,#1783);
#1782 = CARTESIAN_POINT('',(100.,1.8E-15,1.38E+03));
#1783 = VECTOR('',#1784,1.);
#1784 = DIRECTION('',(0.,0.,1.));
#1785 = ORIENTED_EDGE('',*,*,#1786,.T.);
#1786 = EDGE_CURVE('',#1779,#1779,#1787,.T.);
#1787 = CIRCLE('',#1788,100.);
#1788 = AXIS2_PLACEMENT_3D('',#1789,#1790,#1791);
#1789 = CARTESIAN_POINT('',(0.,1.8E-15,1.4E+03));
#1790 = DIRECTION('',(0.,0.,1.));
#1791 = DIRECTION('',(1.,0.,0.));
#1792 = ORIENTED_EDGE('',*,*,#1776,.F.);
#1793 = ORIENTED_EDGE('',*,*,#1794,.F.);
#1794 = EDGE_CURVE('',#1777,#1777,#1795,.T.);
#1795 = CIRCLE('',#1796,100.);
#1796 = AXIS2_PLACEMENT_3D('',#1797,#1798,#1799);
#1797 = CARTESIAN_POINT('',(0.,1.8E-15,1.38E+03));
#1798 = DIRECTION('',(0.,0.,1.));
#1799 = DIRECTION('',(1.,0.,0.));
#1800 = CYLINDRICAL_SURFACE('',#1801,100.);
#1801 = AXIS2_PLACEMENT_3D('',#1802,#1803,#1804);
#1802 = CARTESIAN_POINT('',(0.,1.8E-15,1.38E+03));
#1803 = DIRECTION('',(-0.,-0.,-1.));
#1804 = DIRECTION('',(1.,0.,0.));
#1805 = ADVANCED_FACE('',(#1806),#1833,.F.);
#1806 = FACE_BOUND('',#1807,.T.);
#1807 = EDGE_LOOP('',(#1808,#1818,#1825,#1826));
#1808 = ORIENTED_EDGE('',*,*,#1809,.T.);
#1809 = EDGE_CURVE('',#1810,#1812,#1814,.T.);
#1810 = VERTEX_POINT('',#1811);
#1811 = CARTESIAN_POINT('',(-196.5,-18.5,1.38E+03));
#1812 = VERTEX_POINT('',#1813);
#1813 = CARTESIAN_POINT('',(-196.5,-18.5,1.4E+03));
#1814 = LINE('',#1815,#1816);
#1815 = CARTESIAN_POINT('',(-196.5,-18.5,1.38E+03));
#1816 = VECTOR('',#1817,1.);
#1817 = DIRECTION('',(0.,0.,1.));
#1818 = ORIENTED_EDGE('',*,*,#1819,.T.);
#1819 = EDGE_CURVE('',#1812,#1812,#1820,.T.);
#1820 = CIRCLE('',#1821,10.);
#1821 = AXIS2_PLACEMENT_3D('',#1822,#1823,#1824);
#1822 = CARTESIAN_POINT('',(-206.5,-18.5,1.4E+03));
#1823 = DIRECTION('',(0.,0.,1.));
#1824 = DIRECTION('',(1.,0.,0.));
#1825 = ORIENTED_EDGE('',*,*,#1809,.F.);
#1826 = ORIENTED_EDGE('',*,*,#1827,.F.);
#1827 = EDGE_CURVE('',#1810,#1810,#1828,.T.);
#1828 = CIRCLE('',#1829,10.);
#1829 = AXIS2_PLACEMENT_3D('',#1830,#1831,#1832);
#1830 = CARTESIAN_POINT('',(-206.5,-18.5,1.38E+03));
#1831 = DIRECTION('',(0.,0.,1.));
#1832 = DIRECTION('',(1.,0.,0.));
#1833 = CYLINDRICAL_SURFACE('',#1834,10.);
#1834 = AXIS2_PLACEMENT_3D('',#1835,#1836,#1837);
#1835 = CARTESIAN_POINT('',(-206.5,-18.5,1.38E+03));
#1836 = DIRECTION('',(-0.,-0.,-1.));
#1837 = DIRECTION('',(1.,0.,0.));
#1838 = ADVANCED_FACE('',(#1839),#1866,.F.);
#1839 = FACE_BOUND('',#1840,.T.);
#1840 = EDGE_LOOP('',(#1841,#1851,#1858,#1859));
#1841 = ORIENTED_EDGE('',*,*,#1842,.T.);
#1842 = EDGE_CURVE('',#1843,#1845,#1847,.T.);
#1843 = VERTEX_POINT('',#1844);
#1844 = CARTESIAN_POINT('',(-196.5,44.,1.38E+03));
#1845 = VERTEX_POINT('',#1846);
#1846 = CARTESIAN_POINT('',(-196.5,44.,1.4E+03));
#1847 = LINE('',#1848,#1849);
#1848 = CARTESIAN_POINT('',(-196.5,44.,1.38E+03));
#1849 = VECTOR('',#1850,1.);
#1850 = DIRECTION('',(0.,0.,1.));
#1851 = ORIENTED_EDGE('',*,*,#1852,.T.);
#1852 = EDGE_CURVE('',#1845,#1845,#1853,.T.);
#1853 = CIRCLE('',#1854,10.);
#1854 = AXIS2_PLACEMENT_3D('',#1855,#1856,#1857);
#1855 = CARTESIAN_POINT('',(-206.5,44.,1.4E+03));
#1856 = DIRECTION('',(0.,0.,1.));
#1857 = DIRECTION('',(1.,0.,0.));
#1858 = ORIENTED_EDGE('',*,*,#1842,.F.);
#1859 = ORIENTED_EDGE('',*,*,#1860,.F.);
#1860 = EDGE_CURVE('',#1843,#1843,#1861,.T.);
#1861 = CIRCLE('',#1862,10.);
#1862 = AXIS2_PLACEMENT_3D('',#1863,#1864,#1865);
#1863 = CARTESIAN_POINT('',(-206.5,44.,1.38E+03));
#1864 = DIRECTION('',(0.,0.,1.));
#1865 = DIRECTION('',(1.,0.,0.));
#1866 = CYLINDRICAL_SURFACE('',#1867,10.);
#1867 = AXIS2_PLACEMENT_3D('',#1868,#1869,#1870);
#1868 = CARTESIAN_POINT('',(-206.5,44.,1.38E+03));
#1869 = DIRECTION('',(-0.,-0.,-1.));
#1870 = DIRECTION('',(1.,0.,0.));
#1871 = ADVANCED_FACE('',(#1872),#1899,.F.);
#1872 = FACE_BOUND('',#1873,.T.);
#1873 = EDGE_LOOP('',(#1874,#1884,#1891,#1892));
#1874 = ORIENTED_EDGE('',*,*,#1875,.T.);
#1875 = EDGE_CURVE('',#1876,#1878,#1880,.T.);
#1876 = VERTEX_POINT('',#1877);
#1877 = CARTESIAN_POINT('',(-196.5,106.5,1.38E+03));
#1878 = VERTEX_POINT('',#1879);
#1879 = CARTESIAN_POINT('',(-196.5,106.5,1.4E+03));
#1880 = LINE('',#1881,#1882);
#1881 = CARTESIAN_POINT('',(-196.5,106.5,1.38E+03));
#1882 = VECTOR('',#1883,1.);
#1883 = DIRECTION('',(0.,0.,1.));
#1884 = ORIENTED_EDGE('',*,*,#1885,.T.);
#1885 = EDGE_CURVE('',#1878,#1878,#1886,.T.);
#1886 = CIRCLE('',#1887,10.);
#1887 = AXIS2_PLACEMENT_3D('',#1888,#1889,#1890);
#1888 = CARTESIAN_POINT('',(-206.5,106.5,1.4E+03));
#1889 = DIRECTION('',(0.,0.,1.));
#1890 = DIRECTION('',(1.,0.,0.));
#1891 = ORIENTED_EDGE('',*,*,#1875,.F.);
#1892 = ORIENTED_EDGE('',*,*,#1893,.F.);
#1893 = EDGE_CURVE('',#1876,#1876,#1894,.T.);
#1894 = CIRCLE('',#1895,10.);
#1895 = AXIS2_PLACEMENT_3D('',#1896,#1897,#1898);
#1896 = CARTESIAN_POINT('',(-206.5,106.5,1.38E+03));
#1897 = DIRECTION('',(0.,0.,1.));
#1898 = DIRECTION('',(1.,0.,0.));
#1899 = CYLINDRICAL_SURFACE('',#1900,10.);
#1900 = AXIS2_PLACEMENT_3D('',#1901,#1902,#1903);
#1901 = CARTESIAN_POINT('',(-206.5,106.5,1.38E+03));
#1902 = DIRECTION('',(-0.,-0.,-1.));
#1903 = DIRECTION('',(1.,0.,0.));
#1904 = ADVANCED_FACE('',(#1905),#1932,.F.);
#1905 = FACE_BOUND('',#1906,.T.);
#1906 = EDGE_LOOP('',(#1907,#1917,#1924,#1925));
#1907 = ORIENTED_EDGE('',*,*,#1908,.T.);
#1908 = EDGE_CURVE('',#1909,#1911,#1913,.T.);
#1909 = VERTEX_POINT('',#1910);
#1910 = CARTESIAN_POINT('',(216.5,106.5,1.38E+03));
#1911 = VERTEX_POINT('',#1912);
#1912 = CARTESIAN_POINT('',(216.5,106.5,1.4E+03));
#1913 = LINE('',#1914,#1915);
#1914 = CARTESIAN_POINT('',(216.5,106.5,1.38E+03));
#1915 = VECTOR('',#1916,1.);
#1916 = DIRECTION('',(0.,0.,1.));
#1917 = ORIENTED_EDGE('',*,*,#1918,.T.);
#1918 = EDGE_CURVE('',#1911,#1911,#1919,.T.);
#1919 = CIRCLE('',#1920,10.);
#1920 = AXIS2_PLACEMENT_3D('',#1921,#1922,#1923);
#1921 = CARTESIAN_POINT('',(206.5,106.5,1.4E+03));
#1922 = DIRECTION('',(0.,0.,1.));
#1923 = DIRECTION('',(1.,0.,0.));
#1924 = ORIENTED_EDGE('',*,*,#1908,.F.);
#1925 = ORIENTED_EDGE('',*,*,#1926,.F.);
#1926 = EDGE_CURVE('',#1909,#1909,#1927,.T.);
#1927 = CIRCLE('',#1928,10.);
#1928 = AXIS2_PLACEMENT_3D('',#1929,#1930,#1931);
#1929 = CARTESIAN_POINT('',(206.5,106.5,1.38E+03));
#1930 = DIRECTION('',(0.,0.,1.));
#1931 = DIRECTION('',(1.,0.,0.));
#1932 = CYLINDRICAL_SURFACE('',#1933,10.);
#1933 = AXIS2_PLACEMENT_3D('',#1934,#1935,#1936);
#1934 = CARTESIAN_POINT('',(206.5,106.5,1.38E+03));
#1935 = DIRECTION('',(-0.,-0.,-1.));
#1936 = DIRECTION('',(1.,0.,0.));
#1937 = ADVANCED_FACE('',(#1938),#1965,.F.);
#1938 = FACE_BOUND('',#1939,.T.);
#1939 = EDGE_LOOP('',(#1940,#1950,#1957,#1958));
#1940 = ORIENTED_EDGE('',*,*,#1941,.T.);
#1941 = EDGE_CURVE('',#1942,#1944,#1946,.T.);
#1942 = VERTEX_POINT('',#1943);
#1943 = CARTESIAN_POINT('',(216.5,44.,1.38E+03));
#1944 = VERTEX_POINT('',#1945);
#1945 = CARTESIAN_POINT('',(216.5,44.,1.4E+03));
#1946 = LINE('',#1947,#1948);
#1947 = CARTESIAN_POINT('',(216.5,44.,1.38E+03));
#1948 = VECTOR('',#1949,1.);
#1949 = DIRECTION('',(0.,0.,1.));
#1950 = ORIENTED_EDGE('',*,*,#1951,.T.);
#1951 = EDGE_CURVE('',#1944,#1944,#1952,.T.);
#1952 = CIRCLE('',#1953,10.);
#1953 = AXIS2_PLACEMENT_3D('',#1954,#1955,#1956);
#1954 = CARTESIAN_POINT('',(206.5,44.,1.4E+03));
#1955 = DIRECTION('',(0.,0.,1.));
#1956 = DIRECTION('',(1.,0.,0.));
#1957 = ORIENTED_EDGE('',*,*,#1941,.F.);
#1958 = ORIENTED_EDGE('',*,*,#1959,.F.);
#1959 = EDGE_CURVE('',#1942,#1942,#1960,.T.);
#1960 = CIRCLE('',#1961,10.);
#1961 = AXIS2_PLACEMENT_3D('',#1962,#1963,#1964);
#1962 = CARTESIAN_POINT('',(206.5,44.,1.38E+03));
#1963 = DIRECTION('',(0.,0.,1.));
#1964 = DIRECTION('',(1.,0.,0.));
#1965 = CYLINDRICAL_SURFACE('',#1966,10.);
#1966 = AXIS2_PLACEMENT_3D('',#1967,#1968,#1969);
#1967 = CARTESIAN_POINT('',(206.5,44.,1.38E+03));
#1968 = DIRECTION('',(-0.,-0.,-1.));
#1969 = DIRECTION('',(1.,0.,0.));
#1970 = ADVANCED_FACE('',(#1971),#1998,.F.);
#1971 = FACE_BOUND('',#1972,.T.);
#1972 = EDGE_LOOP('',(#1973,#1983,#1990,#1991));
#1973 = ORIENTED_EDGE('',*,*,#1974,.T.);
#1974 = EDGE_CURVE('',#1975,#1977,#1979,.T.);
#1975 = VERTEX_POINT('',#1976);
#1976 = CARTESIAN_POINT('',(216.5,-18.5,1.38E+03));
#1977 = VERTEX_POINT('',#1978);
#1978 = CARTESIAN_POINT('',(216.5,-18.5,1.4E+03));
#1979 = LINE('',#1980,#1981);
#1980 = CARTESIAN_POINT('',(216.5,-18.5,1.38E+03));
#1981 = VECTOR('',#1982,1.);
#1982 = DIRECTION('',(0.,0.,1.));
#1983 = ORIENTED_EDGE('',*,*,#1984,.T.);
#1984 = EDGE_CURVE('',#1977,#1977,#1985,.T.);
#1985 = CIRCLE('',#1986,10.);
#1986 = AXIS2_PLACEMENT_3D('',#1987,#1988,#1989);
#1987 = CARTESIAN_POINT('',(206.5,-18.5,1.4E+03));
#1988 = DIRECTION('',(0.,0.,1.));
#1989 = DIRECTION('',(1.,0.,0.));
#1990 = ORIENTED_EDGE('',*,*,#1974,.F.);
#1991 = ORIENTED_EDGE('',*,*,#1992,.F.);
#1992 = EDGE_CURVE('',#1975,#1975,#1993,.T.);
#1993 = CIRCLE('',#1994,10.);
#1994 = AXIS2_PLACEMENT_3D('',#1995,#1996,#1997);
#1995 = CARTESIAN_POINT('',(206.5,-18.5,1.38E+03));
#1996 = DIRECTION('',(0.,0.,1.));
#1997 = DIRECTION('',(1.,0.,0.));
#1998 = CYLINDRICAL_SURFACE('',#1999,10.);
#1999 = AXIS2_PLACEMENT_3D('',#2000,#2001,#2002);
#2000 = CARTESIAN_POINT('',(206.5,-18.5,1.38E+03));
#2001 = DIRECTION('',(-0.,-0.,-1.));
#2002 = DIRECTION('',(1.,0.,0.));
#2003 = ADVANCED_FACE('',(#2004),#2031,.F.);
#2004 = FACE_BOUND('',#2005,.T.);
#2005 = EDGE_LOOP('',(#2006,#2016,#2023,#2024));
#2006 = ORIENTED_EDGE('',*,*,#2007,.T.);
#2007 = EDGE_CURVE('',#2008,#2010,#2012,.T.);
#2008 = VERTEX_POINT('',#2009);
#2009 = CARTESIAN_POINT('',(-110.,-156.5,1.38E+03));
#2010 = VERTEX_POINT('',#2011);
#2011 = CARTESIAN_POINT('',(-110.,-156.5,1.4E+03));
#2012 = LINE('',#2013,#2014);
#2013 = CARTESIAN_POINT('',(-110.,-156.5,1.38E+03));
#2014 = VECTOR('',#2015,1.);
#2015 = DIRECTION('',(0.,0.,1.));
#2016 = ORIENTED_EDGE('',*,*,#2017,.T.);
#2017 = EDGE_CURVE('',#2010,#2010,#2018,.T.);
#2018 = CIRCLE('',#2019,10.);
#2019 = AXIS2_PLACEMENT_3D('',#2020,#2021,#2022);
#2020 = CARTESIAN_POINT('',(-120.,-156.5,1.4E+03));
#2021 = DIRECTION('',(0.,0.,1.));
#2022 = DIRECTION('',(1.,0.,0.));
#2023 = ORIENTED_EDGE('',*,*,#2007,.F.);
#2024 = ORIENTED_EDGE('',*,*,#2025,.F.);
#2025 = EDGE_CURVE('',#2008,#2008,#2026,.T.);
#2026 = CIRCLE('',#2027,10.);
#2027 = AXIS2_PLACEMENT_3D('',#2028,#2029,#2030);
#2028 = CARTESIAN_POINT('',(-120.,-156.5,1.38E+03));
#2029 = DIRECTION('',(0.,0.,1.));
#2030 = DIRECTION('',(1.,0.,0.));
#2031 = CYLINDRICAL_SURFACE('',#2032,10.);
#2032 = AXIS2_PLACEMENT_3D('',#2033,#2034,#2035);
#2033 = CARTESIAN_POINT('',(-120.,-156.5,1.38E+03));
#2034 = DIRECTION('',(-0.,-0.,-1.));
#2035 = DIRECTION('',(1.,0.,0.));
#2036 = ADVANCED_FACE('',(#2037),#2064,.F.);
#2037 = FACE_BOUND('',#2038,.T.);
#2038 = EDGE_LOOP('',(#2039,#2049,#2056,#2057));
#2039 = ORIENTED_EDGE('',*,*,#2040,.T.);
#2040 = EDGE_CURVE('',#2041,#2043,#2045,.T.);
#2041 = VERTEX_POINT('',#2042);
#2042 = CARTESIAN_POINT('',(-30.,-156.5,1.38E+03));
#2043 = VERTEX_POINT('',#2044);
#2044 = CARTESIAN_POINT('',(-30.,-156.5,1.4E+03));
#2045 = LINE('',#2046,#2047);
#2046 = CARTESIAN_POINT('',(-30.,-156.5,1.38E+03));
#2047 = VECTOR('',#2048,1.);
#2048 = DIRECTION('',(0.,0.,1.));
#2049 = ORIENTED_EDGE('',*,*,#2050,.T.);
#2050 = EDGE_CURVE('',#2043,#2043,#2051,.T.);
#2051 = CIRCLE('',#2052,10.);
#2052 = AXIS2_PLACEMENT_3D('',#2053,#2054,#2055);
#2053 = CARTESIAN_POINT('',(-40.,-156.5,1.4E+03));
#2054 = DIRECTION('',(0.,0.,1.));
#2055 = DIRECTION('',(1.,0.,0.));
#2056 = ORIENTED_EDGE('',*,*,#2040,.F.);
#2057 = ORIENTED_EDGE('',*,*,#2058,.F.);
#2058 = EDGE_CURVE('',#2041,#2041,#2059,.T.);
#2059 = CIRCLE('',#2060,10.);
#2060 = AXIS2_PLACEMENT_3D('',#2061,#2062,#2063);
#2061 = CARTESIAN_POINT('',(-40.,-156.5,1.38E+03));
#2062 = DIRECTION('',(0.,0.,1.));
#2063 = DIRECTION('',(1.,0.,0.));
#2064 = CYLINDRICAL_SURFACE('',#2065,10.);
#2065 = AXIS2_PLACEMENT_3D('',#2066,#2067,#2068);
#2066 = CARTESIAN_POINT('',(-40.,-156.5,1.38E+03));
#2067 = DIRECTION('',(-0.,-0.,-1.));
#2068 = DIRECTION('',(1.,0.,0.));
#2069 = ADVANCED_FACE('',(#2070),#2097,.F.);
#2070 = FACE_BOUND('',#2071,.T.);
#2071 = EDGE_LOOP('',(#2072,#2082,#2089,#2090));
#2072 = ORIENTED_EDGE('',*,*,#2073,.T.);
#2073 = EDGE_CURVE('',#2074,#2076,#2078,.T.);
#2074 = VERTEX_POINT('',#2075);
#2075 = CARTESIAN_POINT('',(50.,-156.5,1.38E+03));
#2076 = VERTEX_POINT('',#2077);
#2077 = CARTESIAN_POINT('',(50.,-156.5,1.4E+03));
#2078 = LINE('',#2079,#2080);
#2079 = CARTESIAN_POINT('',(50.,-156.5,1.38E+03));
#2080 = VECTOR('',#2081,1.);
#2081 = DIRECTION('',(0.,0.,1.));
#2082 = ORIENTED_EDGE('',*,*,#2083,.T.);
#2083 = EDGE_CURVE('',#2076,#2076,#2084,.T.);
#2084 = CIRCLE('',#2085,10.);
#2085 = AXIS2_PLACEMENT_3D('',#2086,#2087,#2088);
#2086 = CARTESIAN_POINT('',(40.,-156.5,1.4E+03));
#2087 = DIRECTION('',(0.,0.,1.));
#2088 = DIRECTION('',(1.,0.,0.));
#2089 = ORIENTED_EDGE('',*,*,#2073,.F.);
#2090 = ORIENTED_EDGE('',*,*,#2091,.F.);
#2091 = EDGE_CURVE('',#2074,#2074,#2092,.T.);
#2092 = CIRCLE('',#2093,10.);
#2093 = AXIS2_PLACEMENT_3D('',#2094,#2095,#2096);
#2094 = CARTESIAN_POINT('',(40.,-156.5,1.38E+03));
#2095 = DIRECTION('',(0.,0.,1.));
#2096 = DIRECTION('',(1.,0.,0.));
#2097 = CYLINDRICAL_SURFACE('',#2098,10.);
#2098 = AXIS2_PLACEMENT_3D('',#2099,#2100,#2101);
#2099 = CARTESIAN_POINT('',(40.,-156.5,1.38E+03));
#2100 = DIRECTION('',(-0.,-0.,-1.));
#2101 = DIRECTION('',(1.,0.,0.));
#2102 = ADVANCED_FACE('',(#2103),#2130,.F.);
#2103 = FACE_BOUND('',#2104,.T.);
#2104 = EDGE_LOOP('',(#2105,#2115,#2122,#2123));
#2105 = ORIENTED_EDGE('',*,*,#2106,.T.);
#2106 = EDGE_CURVE('',#2107,#2109,#2111,.T.);
#2107 = VERTEX_POINT('',#2108);
#2108 = CARTESIAN_POINT('',(130.,-156.5,1.38E+03));
#2109 = VERTEX_POINT('',#2110);
#2110 = CARTESIAN_POINT('',(130.,-156.5,1.4E+03));
#2111 = LINE('',#2112,#2113);
#2112 = CARTESIAN_POINT('',(130.,-156.5,1.38E+03));
#2113 = VECTOR('',#2114,1.);
#2114 = DIRECTION('',(0.,0.,1.));
#2115 = ORIENTED_EDGE('',*,*,#2116,.T.);
#2116 = EDGE_CURVE('',#2109,#2109,#2117,.T.);
#2117 = CIRCLE('',#2118,10.);
#2118 = AXIS2_PLACEMENT_3D('',#2119,#2120,#2121);
#2119 = CARTESIAN_POINT('',(120.,-156.5,1.4E+03));
#2120 = DIRECTION('',(0.,0.,1.));
#2121 = DIRECTION('',(1.,0.,0.));
#2122 = ORIENTED_EDGE('',*,*,#2106,.F.);
#2123 = ORIENTED_EDGE('',*,*,#2124,.F.);
#2124 = EDGE_CURVE('',#2107,#2107,#2125,.T.);
#2125 = CIRCLE('',#2126,10.);
#2126 = AXIS2_PLACEMENT_3D('',#2127,#2128,#2129);
#2127 = CARTESIAN_POINT('',(120.,-156.5,1.38E+03));
#2128 = DIRECTION('',(0.,0.,1.));
#2129 = DIRECTION('',(1.,0.,0.));
#2130 = CYLINDRICAL_SURFACE('',#2131,10.);
#2131 = AXIS2_PLACEMENT_3D('',#2132,#2133,#2134);
#2132 = CARTESIAN_POINT('',(120.,-156.5,1.38E+03));
#2133 = DIRECTION('',(-0.,-0.,-1.));
#2134 = DIRECTION('',(1.,0.,0.));
#2135 = ADVANCED_FACE('',(#2136,#2158,#2161,#2164,#2167,#2170,#2173,
    #2176,#2179,#2182,#2185,#2188),#2191,.F.);
#2136 = FACE_BOUND('',#2137,.F.);
#2137 = EDGE_LOOP('',(#2138,#2139,#2140,#2141,#2142,#2143,#2144,#2145,
    #2146,#2147,#2148,#2149,#2150,#2151,#2152,#2153,#2154,#2155,#2156,
    #2157));
#2138 = ORIENTED_EDGE('',*,*,#1170,.T.);
#2139 = ORIENTED_EDGE('',*,*,#1201,.T.);
#2140 = ORIENTED_EDGE('',*,*,#1232,.T.);
#2141 = ORIENTED_EDGE('',*,*,#1263,.T.);
#2142 = ORIENTED_EDGE('',*,*,#1294,.T.);
#2143 = ORIENTED_EDGE('',*,*,#1326,.T.);
#2144 = ORIENTED_EDGE('',*,*,#1358,.T.);
#2145 = ORIENTED_EDGE('',*,*,#1390,.T.);
#2146 = ORIENTED_EDGE('',*,*,#1422,.T.);
#2147 = ORIENTED_EDGE('',*,*,#1454,.T.);
#2148 = ORIENTED_EDGE('',*,*,#1486,.T.);
#2149 = ORIENTED_EDGE('',*,*,#1518,.T.);
#2150 = ORIENTED_EDGE('',*,*,#1550,.T.);
#2151 = ORIENTED_EDGE('',*,*,#1582,.T.);
#2152 = ORIENTED_EDGE('',*,*,#1614,.T.);
#2153 = ORIENTED_EDGE('',*,*,#1646,.T.);
#2154 = ORIENTED_EDGE('',*,*,#1678,.T.);
#2155 = ORIENTED_EDGE('',*,*,#1709,.T.);
#2156 = ORIENTED_EDGE('',*,*,#1740,.T.);
#2157 = ORIENTED_EDGE('',*,*,#1762,.T.);
#2158 = FACE_BOUND('',#2159,.T.);
#2159 = EDGE_LOOP('',(#2160));
#2160 = ORIENTED_EDGE('',*,*,#1794,.T.);
#2161 = FACE_BOUND('',#2162,.T.);
#2162 = EDGE_LOOP('',(#2163));
#2163 = ORIENTED_EDGE('',*,*,#1827,.T.);
#2164 = FACE_BOUND('',#2165,.T.);
#2165 = EDGE_LOOP('',(#2166));
#2166 = ORIENTED_EDGE('',*,*,#1860,.T.);
#2167 = FACE_BOUND('',#2168,.T.);
#2168 = EDGE_LOOP('',(#2169));
#2169 = ORIENTED_EDGE('',*,*,#1893,.T.);
#2170 = FACE_BOUND('',#2171,.T.);
#2171 = EDGE_LOOP('',(#2172));
#2172 = ORIENTED_EDGE('',*,*,#1926,.T.);
#2173 = FACE_BOUND('',#2174,.T.);
#2174 = EDGE_LOOP('',(#2175));
#2175 = ORIENTED_EDGE('',*,*,#1959,.T.);
#2176 = FACE_BOUND('',#2177,.T.);
#2177 = EDGE_LOOP('',(#2178));
#2178 = ORIENTED_EDGE('',*,*,#1992,.T.);
#2179 = FACE_BOUND('',#2180,.T.);
#2180 = EDGE_LOOP('',(#2181));
#2181 = ORIENTED_EDGE('',*,*,#2025,.T.);
#2182 = FACE_BOUND('',#2183,.T.);
#2183 = EDGE_LOOP('',(#2184));
#2184 = ORIENTED_EDGE('',*,*,#2058,.T.);
#2185 = FACE_BOUND('',#2186,.T.);
#2186 = EDGE_LOOP('',(#2187));
#2187 = ORIENTED_EDGE('',*,*,#2091,.T.);
#2188 = FACE_BOUND('',#2189,.T.);
#2189 = EDGE_LOOP('',(#2190));
#2190 = ORIENTED_EDGE('',*,*,#2124,.T.);
#2191 = PLANE('',#2192);
#2192 = AXIS2_PLACEMENT_3D('',#2193,#2194,#2195);
#2193 = CARTESIAN_POINT('',(5.83E-15,-17.64683005664,1.38E+03));
#2194 = DIRECTION('',(0.,0.,1.));
#2195 = DIRECTION('',(1.,0.,0.));
#2196 = ADVANCED_FACE('',(#2197,#2219,#2222,#2225,#2228,#2231,#2234,
    #2237,#2240,#2243,#2246,#2249),#2252,.T.);
#2197 = FACE_BOUND('',#2198,.T.);
#2198 = EDGE_LOOP('',(#2199,#2200,#2201,#2202,#2203,#2204,#2205,#2206,
    #2207,#2208,#2209,#2210,#2211,#2212,#2213,#2214,#2215,#2216,#2217,
    #2218));
#2199 = ORIENTED_EDGE('',*,*,#1154,.T.);
#2200 = ORIENTED_EDGE('',*,*,#1185,.T.);
#2201 = ORIENTED_EDGE('',*,*,#1216,.T.);
#2202 = ORIENTED_EDGE('',*,*,#1247,.T.);
#2203 = ORIENTED_EDGE('',*,*,#1278,.T.);
#2204 = ORIENTED_EDGE('',*,*,#1309,.T.);
#2205 = ORIENTED_EDGE('',*,*,#1342,.T.);
#2206 = ORIENTED_EDGE('',*,*,#1373,.T.);
#2207 = ORIENTED_EDGE('',*,*,#1406,.T.);
#2208 = ORIENTED_EDGE('',*,*,#1437,.T.);
#2209 = ORIENTED_EDGE('',*,*,#1470,.T.);
#2210 = ORIENTED_EDGE('',*,*,#1501,.T.);
#2211 = ORIENTED_EDGE('',*,*,#1534,.T.);
#2212 = ORIENTED_EDGE('',*,*,#1565,.T.);
#2213 = ORIENTED_EDGE('',*,*,#1598,.T.);
#2214 = ORIENTED_EDGE('',*,*,#1629,.T.);
#2215 = ORIENTED_EDGE('',*,*,#1662,.T.);
#2216 = ORIENTED_EDGE('',*,*,#1693,.T.);
#2217 = ORIENTED_EDGE('',*,*,#1724,.T.);
#2218 = ORIENTED_EDGE('',*,*,#1755,.T.);
#2219 = FACE_BOUND('',#2220,.F.);
#2220 = EDGE_LOOP('',(#2221));
#2221 = ORIENTED_EDGE('',*,*,#1786,.T.);
#2222 = FACE_BOUND('',#2223,.F.);
#2223 = EDGE_LOOP('',(#2224));
#2224 = ORIENTED_EDGE('',*,*,#1819,.T.);
#2225 = FACE_BOUND('',#2226,.F.);
#2226 = EDGE_LOOP('',(#2227));
#2227 = ORIENTED_EDGE('',*,*,#1852,.T.);
#2228 = FACE_BOUND('',#2229,.F.);
#2229 = EDGE_LOOP('',(#2230));
#2230 = ORIENTED_EDGE('',*,*,#1885,.T.);
#2231 = FACE_BOUND('',#2232,.F.);
#2232 = EDGE_LOOP('',(#2233));
#2233 = ORIENTED_EDGE('',*,*,#1918,.T.);
#2234 = FACE_BOUND('',#2235,.F.);
#2235 = EDGE_LOOP('',(#2236));
#2236 = ORIENTED_EDGE('',*,*,#1951,.T.);
#2237 = FACE_BOUND('',#2238,.F.);
#2238 = EDGE_LOOP('',(#2239));
#2239 = ORIENTED_EDGE('',*,*,#1984,.T.);
#2240 = FACE_BOUND('',#2241,.F.);
#2241 = EDGE_LOOP('',(#2242));
#2242 = ORIENTED_EDGE('',*,*,#2017,.T.);
#2243 = FACE_BOUND('',#2244,.F.);
#2244 = EDGE_LOOP('',(#2245));
#2245 = ORIENTED_EDGE('',*,*,#2050,.T.);
#2246 = FACE_BOUND('',#2247,.F.);
#2247 = EDGE_LOOP('',(#2248));
#2248 = ORIENTED_EDGE('',*,*,#2083,.T.);
#2249 = FACE_BOUND('',#2250,.F.);
#2250 = EDGE_LOOP('',(#2251));
#2251 = ORIENTED_EDGE('',*,*,#2116,.T.);
#2252 = PLANE('',#2253);
#2253 = AXIS2_PLACEMENT_3D('',#2254,#2255,#2256);
#2254 = CARTESIAN_POINT('',(5.83E-15,-17.64683005664,1.4E+03));
#2255 = DIRECTION('',(0.,0.,1.));
#2256 = DIRECTION('',(1.,0.,0.));
#2257 = ( GEOMETRIC_REPRESENTATION_CONTEXT(3) 
GLOBAL_UNCERTAINTY_ASSIGNED_CONTEXT((#2261)) 
GLOBAL_UNIT_ASSIGNED_CONTEXT((#2258,#2259,#2260)) REPRESENTATION_CONTEXT
('Context #1','3D Context with UNIT and UNCERTAINTY') );
#2258 = ( LENGTH_UNIT() NAMED_UNIT(*) SI_UNIT(.MILLI.,.METRE.) );
#2259 = ( NAMED_UNIT(*) PLANE_ANGLE_UNIT() SI_UNIT($,.RADIAN.) );
#2260 = ( NAMED_UNIT(*) SI_UNIT($,.STERADIAN.) SOLID_ANGLE_UNIT() );
#2261 = UNCERTAINTY_MEASURE_WITH_UNIT(LENGTH_MEASURE(1.E-07),#2258,
  'distance_accuracy_value','confusion accuracy');
#2262 = CONTEXT_DEPENDENT_SHAPE_REPRESENTATION(#2263,#2265);
#2263 = ( REPRESENTATION_RELATIONSHIP('','',#1137,#78) 
REPRESENTATION_RELATIONSHIP_WITH_TRANSFORMATION(#2264) 
SHAPE_REPRESENTATION_RELATIONSHIP() );
#2264 = ITEM_DEFINED_TRANSFORMATION('','',#11,#87);
#2265 = PRODUCT_DEFINITION_SHAPE('Placement','Placement of an item',
  #2266);
#2266 = NEXT_ASSEMBLY_USAGE_OCCURRENCE('3','flange','',#73,#1132,$);
#2267 = CC_DESIGN_SECURITY_CLASSIFICATION(#2268,(#2266));
#2268 = SECURITY_CLASSIFICATION('','',#55);
#2269 = CC_DESIGN_PERSON_AND_ORGANIZATION_ASSIGNMENT(#44,#53,(#2268));
#2270 = CC_DESIGN_DATE_AND_TIME_ASSIGNMENT(#58,#64,(#2268));
#2271 = CC_DESIGN_APPROVAL(#66,(#2268));
#2272 = PRODUCT_RELATED_PRODUCT_CATEGORY('detail',$,(#1134));
#2273 = PRODUCT_CATEGORY_RELATIONSHIP('','',#2274,#2272);
#2274 = PRODUCT_CATEGORY('part',$);
#2275 = CC_DESIGN_PERSON_AND_ORGANIZATION_ASSIGNMENT(#44,#47,(#1133,
    #1132));
#2276 = CC_DESIGN_PERSON_AND_ORGANIZATION_ASSIGNMENT(#44,#49,(#1134));
#2277 = CC_DESIGN_PERSON_AND_ORGANIZATION_ASSIGNMENT(#44,#51,(#1133));
#2278 = CC_DESIGN_PERSON_AND_ORGANIZATION_ASSIGNMENT(#44,#53,(#2279));
#2279 = SECURITY_CLASSIFICATION('','',#55);
#2280 = CC_DESIGN_SECURITY_CLASSIFICATION(#2279,(#1133));
#2281 = CC_DESIGN_DATE_AND_TIME_ASSIGNMENT(#58,#62,(#1132));
#2282 = CC_DESIGN_DATE_AND_TIME_ASSIGNMENT(#58,#64,(#2279));
#2283 = CC_DESIGN_APPROVAL(#66,(#1133,#1132,#2279));
#2284 = SHAPE_DEFINITION_REPRESENTATION(#2285,#2291);
#2285 = PRODUCT_DEFINITION_SHAPE('','',#2286);
#2286 = PRODUCT_DEFINITION('design','',#2287,#2290);
#2287 = PRODUCT_DEFINITION_FORMATION_WITH_SPECIFIED_SOURCE('','',#2288,
  .NOT_KNOWN.);
#2288 = PRODUCT('caixa_parafusos','caixa_parafusos','',(#2289));
#2289 = MECHANICAL_CONTEXT('',#2,'mechanical');
#2290 = DESIGN_CONTEXT('',#2,'design');
#2291 = ADVANCED_BREP_SHAPE_REPRESENTATION('',(#11,#2292),#2640);
#2292 = MANIFOLD_SOLID_BREP('',#2293);
#2293 = CLOSED_SHELL('',(#2294,#2334,#2381,#2405,#2445,#2476,#2500,#2531
    ,#2555,#2579,#2603,#2624));
#2294 = ADVANCED_FACE('',(#2295),#2329,.F.);
#2295 = FACE_BOUND('',#2296,.F.);
#2296 = EDGE_LOOP('',(#2297,#2307,#2315,#2323));
#2297 = ORIENTED_EDGE('',*,*,#2298,.F.);
#2298 = EDGE_CURVE('',#2299,#2301,#2303,.T.);
#2299 = VERTEX_POINT('',#2300);
#2300 = CARTESIAN_POINT('',(-165.48,-175.,1.29E+03));
#2301 = VERTEX_POINT('',#2302);
#2302 = CARTESIAN_POINT('',(-165.48,-102.3,1.29E+03));
#2303 = LINE('',#2304,#2305);
#2304 = CARTESIAN_POINT('',(-165.48,-175.,1.29E+03));
#2305 = VECTOR('',#2306,1.);
#2306 = DIRECTION('',(0.,1.,0.));
#2307 = ORIENTED_EDGE('',*,*,#2308,.T.);
#2308 = EDGE_CURVE('',#2299,#2309,#2311,.T.);
#2309 = VERTEX_POINT('',#2310);
#2310 = CARTESIAN_POINT('',(165.48,-175.,1.29E+03));
#2311 = LINE('',#2312,#2313);
#2312 = CARTESIAN_POINT('',(-165.48,-175.,1.29E+03));
#2313 = VECTOR('',#2314,1.);
#2314 = DIRECTION('',(1.,0.,0.));
#2315 = ORIENTED_EDGE('',*,*,#2316,.F.);
#2316 = EDGE_CURVE('',#2317,#2309,#2319,.T.);
#2317 = VERTEX_POINT('',#2318);
#2318 = CARTESIAN_POINT('',(165.48,-102.3,1.29E+03));
#2319 = LINE('',#2320,#2321);
#2320 = CARTESIAN_POINT('',(165.48,-88.09549800055,1.29E+03));
#2321 = VECTOR('',#2322,1.);
#2322 = DIRECTION('',(0.,-1.,0.));
#2323 = ORIENTED_EDGE('',*,*,#2324,.F.);
#2324 = EDGE_CURVE('',#2301,#2317,#2325,.T.);
#2325 = LINE('',#2326,#2327);
#2326 = CARTESIAN_POINT('',(-165.48,-102.3,1.29E+03));
#2327 = VECTOR('',#2328,1.);
#2328 = DIRECTION('',(1.,0.,0.));
#2329 = PLANE('',#2330);
#2330 = AXIS2_PLACEMENT_3D('',#2331,#2332,#2333);
#2331 = CARTESIAN_POINT('',(-165.48,-175.,1.29E+03));
#2332 = DIRECTION('',(0.,0.,1.));
#2333 = DIRECTION('',(0.,1.,0.));
#2334 = ADVANCED_FACE('',(#2335),#2376,.F.);
#2335 = FACE_BOUND('',#2336,.F.);
#2336 = EDGE_LOOP('',(#2337,#2338,#2346,#2354,#2362,#2370));
#2337 = ORIENTED_EDGE('',*,*,#2298,.T.);
#2338 = ORIENTED_EDGE('',*,*,#2339,.T.);
#2339 = EDGE_CURVE('',#2301,#2340,#2342,.T.);
#2340 = VERTEX_POINT('',#2341);
#2341 = CARTESIAN_POINT('',(-165.48,-102.3,1.38E+03));
#2342 = LINE('',#2343,#2344);
#2343 = CARTESIAN_POINT('',(-165.48,-102.3,1.29E+03));
#2344 = VECTOR('',#2345,1.);
#2345 = DIRECTION('',(0.,0.,1.));
#2346 = ORIENTED_EDGE('',*,*,#2347,.T.);
#2347 = EDGE_CURVE('',#2340,#2348,#2350,.T.);
#2348 = VERTEX_POINT('',#2349);
#2349 = CARTESIAN_POINT('',(-165.48,-115.,1.38E+03));
#2350 = LINE('',#2351,#2352);
#2351 = CARTESIAN_POINT('',(-165.48,-102.3,1.38E+03));
#2352 = VECTOR('',#2353,1.);
#2353 = DIRECTION('',(0.,-1.,0.));
#2354 = ORIENTED_EDGE('',*,*,#2355,.T.);
#2355 = EDGE_CURVE('',#2348,#2356,#2358,.T.);
#2356 = VERTEX_POINT('',#2357);
#2357 = CARTESIAN_POINT('',(-165.48,-115.,1.3027E+03));
#2358 = LINE('',#2359,#2360);
#2359 = CARTESIAN_POINT('',(-165.48,-115.,1.38E+03));
#2360 = VECTOR('',#2361,1.);
#2361 = DIRECTION('',(0.,0.,-1.));
#2362 = ORIENTED_EDGE('',*,*,#2363,.T.);
#2363 = EDGE_CURVE('',#2356,#2364,#2366,.T.);
#2364 = VERTEX_POINT('',#2365);
#2365 = CARTESIAN_POINT('',(-165.48,-175.,1.3027E+03));
#2366 = LINE('',#2367,#2368);
#2367 = CARTESIAN_POINT('',(-165.48,-115.,1.3027E+03));
#2368 = VECTOR('',#2369,1.);
#2369 = DIRECTION('',(0.,-1.,0.));
#2370 = ORIENTED_EDGE('',*,*,#2371,.T.);
#2371 = EDGE_CURVE('',#2364,#2299,#2372,.T.);
#2372 = LINE('',#2373,#2374);
#2373 = CARTESIAN_POINT('',(-165.48,-175.,1.3027E+03));
#2374 = VECTOR('',#2375,1.);
#2375 = DIRECTION('',(0.,1.79E-14,-1.));
#2376 = PLANE('',#2377);
#2377 = AXIS2_PLACEMENT_3D('',#2378,#2379,#2380);
#2378 = CARTESIAN_POINT('',(-165.48,-124.3967732022,1.320746773202E+03)
  );
#2379 = DIRECTION('',(1.,0.,0.));
#2380 = DIRECTION('',(0.,0.,1.));
#2381 = ADVANCED_FACE('',(#2382),#2400,.F.);
#2382 = FACE_BOUND('',#2383,.F.);
#2383 = EDGE_LOOP('',(#2384,#2385,#2386,#2394));
#2384 = ORIENTED_EDGE('',*,*,#2339,.F.);
#2385 = ORIENTED_EDGE('',*,*,#2324,.T.);
#2386 = ORIENTED_EDGE('',*,*,#2387,.F.);
#2387 = EDGE_CURVE('',#2388,#2317,#2390,.T.);
#2388 = VERTEX_POINT('',#2389);
#2389 = CARTESIAN_POINT('',(165.48,-102.3,1.38E+03));
#2390 = LINE('',#2391,#2392);
#2391 = CARTESIAN_POINT('',(165.48,-102.3,991.78450199944));
#2392 = VECTOR('',#2393,1.);
#2393 = DIRECTION('',(0.,0.,-1.));
#2394 = ORIENTED_EDGE('',*,*,#2395,.F.);
#2395 = EDGE_CURVE('',#2340,#2388,#2396,.T.);
#2396 = LINE('',#2397,#2398);
#2397 = CARTESIAN_POINT('',(-165.48,-102.3,1.38E+03));
#2398 = VECTOR('',#2399,1.);
#2399 = DIRECTION('',(1.,0.,0.));
#2400 = PLANE('',#2401);
#2401 = AXIS2_PLACEMENT_3D('',#2402,#2403,#2404);
#2402 = CARTESIAN_POINT('',(-165.48,-102.3,1.29E+03));
#2403 = DIRECTION('',(0.,-1.,0.));
#2404 = DIRECTION('',(0.,0.,1.));
#2405 = ADVANCED_FACE('',(#2406),#2440,.F.);
#2406 = FACE_BOUND('',#2407,.F.);
#2407 = EDGE_LOOP('',(#2408,#2409,#2410,#2418,#2426,#2434));
#2408 = ORIENTED_EDGE('',*,*,#2387,.T.);
#2409 = ORIENTED_EDGE('',*,*,#2316,.T.);
#2410 = ORIENTED_EDGE('',*,*,#2411,.T.);
#2411 = EDGE_CURVE('',#2309,#2412,#2414,.T.);
#2412 = VERTEX_POINT('',#2413);
#2413 = CARTESIAN_POINT('',(165.48,-175.,1.3027E+03));
#2414 = LINE('',#2415,#2416);
#2415 = CARTESIAN_POINT('',(165.48,-174.9999999999,998.13450199944));
#2416 = VECTOR('',#2417,1.);
#2417 = DIRECTION('',(0.,-1.79E-14,1.));
#2418 = ORIENTED_EDGE('',*,*,#2419,.T.);
#2419 = EDGE_CURVE('',#2412,#2420,#2422,.T.);
#2420 = VERTEX_POINT('',#2421);
#2421 = CARTESIAN_POINT('',(165.48,-115.,1.3027E+03));
#2422 = LINE('',#2423,#2424);
#2423 = CARTESIAN_POINT('',(165.48,-58.09549800055,1.3027E+03));
#2424 = VECTOR('',#2425,1.);
#2425 = DIRECTION('',(0.,1.,0.));
#2426 = ORIENTED_EDGE('',*,*,#2427,.T.);
#2427 = EDGE_CURVE('',#2420,#2428,#2430,.T.);
#2428 = VERTEX_POINT('',#2429);
#2429 = CARTESIAN_POINT('',(165.48,-115.,1.38E+03));
#2430 = LINE('',#2431,#2432);
#2431 = CARTESIAN_POINT('',(165.48,-115.,1.036784501999E+03));
#2432 = VECTOR('',#2433,1.);
#2433 = DIRECTION('',(0.,0.,1.));
#2434 = ORIENTED_EDGE('',*,*,#2435,.T.);
#2435 = EDGE_CURVE('',#2428,#2388,#2436,.T.);
#2436 = LINE('',#2437,#2438);
#2437 = CARTESIAN_POINT('',(165.48,-51.74549800055,1.38E+03));
#2438 = VECTOR('',#2439,1.);
#2439 = DIRECTION('',(0.,1.,0.));
#2440 = PLANE('',#2441);
#2441 = AXIS2_PLACEMENT_3D('',#2442,#2443,#2444);
#2442 = CARTESIAN_POINT('',(165.48,-1.190996001116,693.56900399888));
#2443 = DIRECTION('',(-1.,-0.,-0.));
#2444 = DIRECTION('',(0.,0.,-1.));
#2445 = ADVANCED_FACE('',(#2446),#2471,.F.);
#2446 = FACE_BOUND('',#2447,.F.);
#2447 = EDGE_LOOP('',(#2448,#2449,#2457,#2465));
#2448 = ORIENTED_EDGE('',*,*,#2355,.F.);
#2449 = ORIENTED_EDGE('',*,*,#2450,.T.);
#2450 = EDGE_CURVE('',#2348,#2451,#2453,.T.);
#2451 = VERTEX_POINT('',#2452);
#2452 = CARTESIAN_POINT('',(-6.35,-115.,1.38E+03));
#2453 = LINE('',#2454,#2455);
#2454 = CARTESIAN_POINT('',(-165.48,-115.,1.38E+03));
#2455 = VECTOR('',#2456,1.);
#2456 = DIRECTION('',(1.,0.,0.));
#2457 = ORIENTED_EDGE('',*,*,#2458,.F.);
#2458 = EDGE_CURVE('',#2459,#2451,#2461,.T.);
#2459 = VERTEX_POINT('',#2460);
#2460 = CARTESIAN_POINT('',(-6.35,-115.,1.3027E+03));
#2461 = LINE('',#2462,#2463);
#2462 = CARTESIAN_POINT('',(-6.35,-115.,1.3027E+03));
#2463 = VECTOR('',#2464,1.);
#2464 = DIRECTION('',(0.,0.,1.));
#2465 = ORIENTED_EDGE('',*,*,#2466,.F.);
#2466 = EDGE_CURVE('',#2356,#2459,#2467,.T.);
#2467 = LINE('',#2468,#2469);
#2468 = CARTESIAN_POINT('',(-165.48,-115.,1.3027E+03));
#2469 = VECTOR('',#2470,1.);
#2470 = DIRECTION('',(1.,0.,0.));
#2471 = PLANE('',#2472);
#2472 = AXIS2_PLACEMENT_3D('',#2473,#2474,#2475);
#2473 = CARTESIAN_POINT('',(-165.48,-115.,1.38E+03));
#2474 = DIRECTION('',(0.,1.,0.));
#2475 = DIRECTION('',(0.,0.,-1.));
#2476 = ADVANCED_FACE('',(#2477),#2495,.F.);
#2477 = FACE_BOUND('',#2478,.F.);
#2478 = EDGE_LOOP('',(#2479,#2480,#2481,#2489));
#2479 = ORIENTED_EDGE('',*,*,#2363,.F.);
#2480 = ORIENTED_EDGE('',*,*,#2466,.T.);
#2481 = ORIENTED_EDGE('',*,*,#2482,.T.);
#2482 = EDGE_CURVE('',#2459,#2483,#2485,.T.);
#2483 = VERTEX_POINT('',#2484);
#2484 = CARTESIAN_POINT('',(-6.35,-175.,1.3027E+03));
#2485 = LINE('',#2486,#2487);
#2486 = CARTESIAN_POINT('',(-6.35,-115.,1.3027E+03));
#2487 = VECTOR('',#2488,1.);
#2488 = DIRECTION('',(0.,-1.,0.));
#2489 = ORIENTED_EDGE('',*,*,#2490,.F.);
#2490 = EDGE_CURVE('',#2364,#2483,#2491,.T.);
#2491 = LINE('',#2492,#2493);
#2492 = CARTESIAN_POINT('',(-165.48,-175.,1.3027E+03));
#2493 = VECTOR('',#2494,1.);
#2494 = DIRECTION('',(1.,0.,0.));
#2495 = PLANE('',#2496);
#2496 = AXIS2_PLACEMENT_3D('',#2497,#2498,#2499);
#2497 = CARTESIAN_POINT('',(-165.48,-115.,1.3027E+03));
#2498 = DIRECTION('',(0.,0.,-1.));
#2499 = DIRECTION('',(0.,-1.,0.));
#2500 = ADVANCED_FACE('',(#2501),#2526,.F.);
#2501 = FACE_BOUND('',#2502,.F.);
#2502 = EDGE_LOOP('',(#2503,#2513,#2519,#2520));
#2503 = ORIENTED_EDGE('',*,*,#2504,.T.);
#2504 = EDGE_CURVE('',#2505,#2507,#2509,.T.);
#2505 = VERTEX_POINT('',#2506);
#2506 = CARTESIAN_POINT('',(6.35,-115.,1.3027E+03));
#2507 = VERTEX_POINT('',#2508);
#2508 = CARTESIAN_POINT('',(6.35,-115.,1.38E+03));
#2509 = LINE('',#2510,#2511);
#2510 = CARTESIAN_POINT('',(6.35,-115.,1.3027E+03));
#2511 = VECTOR('',#2512,1.);
#2512 = DIRECTION('',(0.,0.,1.));
#2513 = ORIENTED_EDGE('',*,*,#2514,.T.);
#2514 = EDGE_CURVE('',#2507,#2428,#2515,.T.);
#2515 = LINE('',#2516,#2517);
#2516 = CARTESIAN_POINT('',(-165.48,-115.,1.38E+03));
#2517 = VECTOR('',#2518,1.);
#2518 = DIRECTION('',(1.,0.,0.));
#2519 = ORIENTED_EDGE('',*,*,#2427,.F.);
#2520 = ORIENTED_EDGE('',*,*,#2521,.F.);
#2521 = EDGE_CURVE('',#2505,#2420,#2522,.T.);
#2522 = LINE('',#2523,#2524);
#2523 = CARTESIAN_POINT('',(-165.48,-115.,1.3027E+03));
#2524 = VECTOR('',#2525,1.);
#2525 = DIRECTION('',(1.,0.,0.));
#2526 = PLANE('',#2527);
#2527 = AXIS2_PLACEMENT_3D('',#2528,#2529,#2530);
#2528 = CARTESIAN_POINT('',(-165.48,-115.,1.38E+03));
#2529 = DIRECTION('',(0.,1.,0.));
#2530 = DIRECTION('',(0.,0.,-1.));
#2531 = ADVANCED_FACE('',(#2532),#2550,.F.);
#2532 = FACE_BOUND('',#2533,.F.);
#2533 = EDGE_LOOP('',(#2534,#2542,#2543,#2544));
#2534 = ORIENTED_EDGE('',*,*,#2535,.T.);
#2535 = EDGE_CURVE('',#2536,#2505,#2538,.T.);
#2536 = VERTEX_POINT('',#2537);
#2537 = CARTESIAN_POINT('',(6.35,-175.,1.3027E+03));
#2538 = LINE('',#2539,#2540);
#2539 = CARTESIAN_POINT('',(6.35,-175.,1.3027E+03));
#2540 = VECTOR('',#2541,1.);
#2541 = DIRECTION('',(0.,1.,0.));
#2542 = ORIENTED_EDGE('',*,*,#2521,.T.);
#2543 = ORIENTED_EDGE('',*,*,#2419,.F.);
#2544 = ORIENTED_EDGE('',*,*,#2545,.F.);
#2545 = EDGE_CURVE('',#2536,#2412,#2546,.T.);
#2546 = LINE('',#2547,#2548);
#2547 = CARTESIAN_POINT('',(-165.48,-175.,1.3027E+03));
#2548 = VECTOR('',#2549,1.);
#2549 = DIRECTION('',(1.,0.,0.));
#2550 = PLANE('',#2551);
#2551 = AXIS2_PLACEMENT_3D('',#2552,#2553,#2554);
#2552 = CARTESIAN_POINT('',(-165.48,-115.,1.3027E+03));
#2553 = DIRECTION('',(0.,0.,-1.));
#2554 = DIRECTION('',(0.,-1.,0.));
#2555 = ADVANCED_FACE('',(#2556),#2574,.F.);
#2556 = FACE_BOUND('',#2557,.F.);
#2557 = EDGE_LOOP('',(#2558,#2559,#2560,#2568));
#2558 = ORIENTED_EDGE('',*,*,#2482,.F.);
#2559 = ORIENTED_EDGE('',*,*,#2458,.T.);
#2560 = ORIENTED_EDGE('',*,*,#2561,.F.);
#2561 = EDGE_CURVE('',#2562,#2451,#2564,.T.);
#2562 = VERTEX_POINT('',#2563);
#2563 = CARTESIAN_POINT('',(-6.35,-175.,1.38E+03));
#2564 = LINE('',#2565,#2566);
#2565 = CARTESIAN_POINT('',(-6.35,-108.65,1.38E+03));
#2566 = VECTOR('',#2567,1.);
#2567 = DIRECTION('',(0.,1.,0.));
#2568 = ORIENTED_EDGE('',*,*,#2569,.F.);
#2569 = EDGE_CURVE('',#2483,#2562,#2570,.T.);
#2570 = LINE('',#2571,#2572);
#2571 = CARTESIAN_POINT('',(-6.35,-175.,1.3027E+03));
#2572 = VECTOR('',#2573,1.);
#2573 = DIRECTION('',(0.,0.,1.));
#2574 = PLANE('',#2575);
#2575 = AXIS2_PLACEMENT_3D('',#2576,#2577,#2578);
#2576 = CARTESIAN_POINT('',(-6.35,-115.,1.3027E+03));
#2577 = DIRECTION('',(1.,0.,0.));
#2578 = DIRECTION('',(0.,-1.,0.));
#2579 = ADVANCED_FACE('',(#2580),#2598,.F.);
#2580 = FACE_BOUND('',#2581,.F.);
#2581 = EDGE_LOOP('',(#2582,#2583,#2591,#2597));
#2582 = ORIENTED_EDGE('',*,*,#2535,.F.);
#2583 = ORIENTED_EDGE('',*,*,#2584,.T.);
#2584 = EDGE_CURVE('',#2536,#2585,#2587,.T.);
#2585 = VERTEX_POINT('',#2586);
#2586 = CARTESIAN_POINT('',(6.35,-175.,1.38E+03));
#2587 = LINE('',#2588,#2589);
#2588 = CARTESIAN_POINT('',(6.35,-175.,1.3027E+03));
#2589 = VECTOR('',#2590,1.);
#2590 = DIRECTION('',(0.,0.,1.));
#2591 = ORIENTED_EDGE('',*,*,#2592,.F.);
#2592 = EDGE_CURVE('',#2507,#2585,#2593,.T.);
#2593 = LINE('',#2594,#2595);
#2594 = CARTESIAN_POINT('',(6.35,-138.65,1.38E+03));
#2595 = VECTOR('',#2596,1.);
#2596 = DIRECTION('',(-0.,-1.,-0.));
#2597 = ORIENTED_EDGE('',*,*,#2504,.F.);
#2598 = PLANE('',#2599);
#2599 = AXIS2_PLACEMENT_3D('',#2600,#2601,#2602);
#2600 = CARTESIAN_POINT('',(6.35,-175.,1.3027E+03));
#2601 = DIRECTION('',(-1.,0.,0.));
#2602 = DIRECTION('',(0.,1.,0.));
#2603 = ADVANCED_FACE('',(#2604),#2619,.T.);
#2604 = FACE_BOUND('',#2605,.T.);
#2605 = EDGE_LOOP('',(#2606,#2607,#2608,#2609,#2610,#2611,#2617,#2618));
#2606 = ORIENTED_EDGE('',*,*,#2371,.T.);
#2607 = ORIENTED_EDGE('',*,*,#2308,.T.);
#2608 = ORIENTED_EDGE('',*,*,#2411,.T.);
#2609 = ORIENTED_EDGE('',*,*,#2545,.F.);
#2610 = ORIENTED_EDGE('',*,*,#2584,.T.);
#2611 = ORIENTED_EDGE('',*,*,#2612,.T.);
#2612 = EDGE_CURVE('',#2585,#2562,#2613,.T.);
#2613 = LINE('',#2614,#2615);
#2614 = CARTESIAN_POINT('',(-85.915,-175.,1.38E+03));
#2615 = VECTOR('',#2616,1.);
#2616 = DIRECTION('',(-1.,0.,0.));
#2617 = ORIENTED_EDGE('',*,*,#2569,.F.);
#2618 = ORIENTED_EDGE('',*,*,#2490,.F.);
#2619 = PLANE('',#2620);
#2620 = AXIS2_PLACEMENT_3D('',#2621,#2622,#2623);
#2621 = CARTESIAN_POINT('',(-1.35E-15,-175.,1.305779292569E+03));
#2622 = DIRECTION('',(-0.,-1.,-2.11E-15));
#2623 = DIRECTION('',(0.,2.11E-15,-1.));
#2624 = ADVANCED_FACE('',(#2625),#2635,.T.);
#2625 = FACE_BOUND('',#2626,.T.);
#2626 = EDGE_LOOP('',(#2627,#2628,#2629,#2630,#2631,#2632,#2633,#2634));
#2627 = ORIENTED_EDGE('',*,*,#2347,.T.);
#2628 = ORIENTED_EDGE('',*,*,#2450,.T.);
#2629 = ORIENTED_EDGE('',*,*,#2561,.F.);
#2630 = ORIENTED_EDGE('',*,*,#2612,.F.);
#2631 = ORIENTED_EDGE('',*,*,#2592,.F.);
#2632 = ORIENTED_EDGE('',*,*,#2514,.T.);
#2633 = ORIENTED_EDGE('',*,*,#2435,.T.);
#2634 = ORIENTED_EDGE('',*,*,#2395,.F.);
#2635 = PLANE('',#2636);
#2636 = AXIS2_PLACEMENT_3D('',#2637,#2638,#2639);
#2637 = CARTESIAN_POINT('',(0.,-114.9969256304,1.38E+03));
#2638 = DIRECTION('',(0.,0.,1.));
#2639 = DIRECTION('',(1.,0.,-0.));
#2640 = ( GEOMETRIC_REPRESENTATION_CONTEXT(3) 
GLOBAL_UNCERTAINTY_ASSIGNED_CONTEXT((#2644)) 
GLOBAL_UNIT_ASSIGNED_CONTEXT((#2641,#2642,#2643)) REPRESENTATION_CONTEXT
('Context #1','3D Context with UNIT and UNCERTAINTY') );
#2641 = ( LENGTH_UNIT() NAMED_UNIT(*) SI_UNIT(.MILLI.,.METRE.) );
#2642 = ( NAMED_UNIT(*) PLANE_ANGLE_UNIT() SI_UNIT($,.RADIAN.) );
#2643 = ( NAMED_UNIT(*) SI_UNIT($,.STERADIAN.) SOLID_ANGLE_UNIT() );
#2644 = UNCERTAINTY_MEASURE_WITH_UNIT(LENGTH_MEASURE(2.E-07),#2641,
  'distance_accuracy_value','confusion accuracy');
#2645 = CONTEXT_DEPENDENT_SHAPE_REPRESENTATION(#2646,#2648);
#2646 = ( REPRESENTATION_RELATIONSHIP('','',#2291,#78) 
REPRESENTATION_RELATIONSHIP_WITH_TRANSFORMATION(#2647) 
SHAPE_REPRESENTATION_RELATIONSHIP() );
#2647 = ITEM_DEFINED_TRANSFORMATION('','',#11,#91);
#2648 = PRODUCT_DEFINITION_SHAPE('Placement','Placement of an item',
  #2649);
#2649 = NEXT_ASSEMBLY_USAGE_OCCURRENCE('4','caixa_parafusos','',#73,
  #2286,$);
#2650 = CC_DESIGN_SECURITY_CLASSIFICATION(#2651,(#2649));
#2651 = SECURITY_CLASSIFICATION('','',#55);
#2652 = CC_DESIGN_PERSON_AND_ORGANIZATION_ASSIGNMENT(#44,#53,(#2651));
#2653 = CC_DESIGN_DATE_AND_TIME_ASSIGNMENT(#58,#64,(#2651));
#2654 = CC_DESIGN_APPROVAL(#66,(#2651));
#2655 = PRODUCT_RELATED_PRODUCT_CATEGORY('detail',$,(#2288));
#2656 = PRODUCT_CATEGORY_RELATIONSHIP('','',#2657,#2655);
#2657 = PRODUCT_CATEGORY('part',$);
#2658 = CC_DESIGN_PERSON_AND_ORGANIZATION_ASSIGNMENT(#44,#47,(#2287,
    #2286));
#2659 = CC_DESIGN_PERSON_AND_ORGANIZATION_ASSIGNMENT(#44,#49,(#2288));
#2660 = CC_DESIGN_PERSON_AND_ORGANIZATION_ASSIGNMENT(#44,#51,(#2287));
#2661 = CC_DESIGN_PERSON_AND_ORGANIZATION_ASSIGNMENT(#44,#53,(#2662));
#2662 = SECURITY_CLASSIFICATION('','',#55);
#2663 = CC_DESIGN_SECURITY_CLASSIFICATION(#2662,(#2287));
#2664 = CC_DESIGN_DATE_AND_TIME_ASSIGNMENT(#58,#62,(#2286));
#2665 = CC_DESIGN_DATE_AND_TIME_ASSIGNMENT(#58,#64,(#2662));
#2666 = CC_DESIGN_APPROVAL(#66,(#2287,#2286,#2662));
#2667 = SHAPE_DEFINITION_REPRESENTATION(#2668,#2674);
#2668 = PRODUCT_DEFINITION_SHAPE('','',#2669);
#2669 = PRODUCT_DEFINITION('design','',#2670,#2673);
#2670 = PRODUCT_DEFINITION_FORMATION_WITH_SPECIFIED_SOURCE('','',#2671,
  .NOT_KNOWN.);
#2671 = PRODUCT('reforco_lateral','reforco_lateral','',(#2672));
#2672 = MECHANICAL_CONTEXT('',#2,'mechanical');
#2673 = DESIGN_CONTEXT('',#2,'design');
#2674 = SHAPE_REPRESENTATION('',(#11),#2675);
#2675 = ( GEOMETRIC_REPRESENTATION_CONTEXT(3) 
GLOBAL_UNCERTAINTY_ASSIGNED_CONTEXT((#2679)) 
GLOBAL_UNIT_ASSIGNED_CONTEXT((#2676,#2677,#2678)) REPRESENTATION_CONTEXT
('Context #1','3D Context with UNIT and UNCERTAINTY') );
#2676 = ( LENGTH_UNIT() NAMED_UNIT(*) SI_UNIT(.MILLI.,.METRE.) );
#2677 = ( NAMED_UNIT(*) PLANE_ANGLE_UNIT() SI_UNIT($,.RADIAN.) );
#2678 = ( NAMED_UNIT(*) SI_UNIT($,.STERADIAN.) SOLID_ANGLE_UNIT() );
#2679 = UNCERTAINTY_MEASURE_WITH_UNIT(LENGTH_MEASURE(1.E-07),#2676,
  'distance_accuracy_value','confusion accuracy');
#2680 = CONTEXT_DEPENDENT_SHAPE_REPRESENTATION(#2681,#2683);
#2681 = ( REPRESENTATION_RELATIONSHIP('','',#2674,#78) 
REPRESENTATION_RELATIONSHIP_WITH_TRANSFORMATION(#2682) 
SHAPE_REPRESENTATION_RELATIONSHIP() );
#2682 = ITEM_DEFINED_TRANSFORMATION('','',#11,#95);
#2683 = PRODUCT_DEFINITION_SHAPE('Placement','Placement of an item',
  #2684);
#2684 = NEXT_ASSEMBLY_USAGE_OCCURRENCE('5','reforco_lateral','',#73,
  #2669,$);
#2685 = CC_DESIGN_SECURITY_CLASSIFICATION(#2686,(#2684));
#2686 = SECURITY_CLASSIFICATION('','',#55);
#2687 = CC_DESIGN_PERSON_AND_ORGANIZATION_ASSIGNMENT(#44,#53,(#2686));
#2688 = CC_DESIGN_DATE_AND_TIME_ASSIGNMENT(#58,#64,(#2686));
#2689 = CC_DESIGN_APPROVAL(#66,(#2686));
#2690 = PRODUCT_RELATED_PRODUCT_CATEGORY('detail',$,(#2671));
#2691 = PRODUCT_CATEGORY_RELATIONSHIP('','',#2692,#2690);
#2692 = PRODUCT_CATEGORY('part',$);
#2693 = CC_DESIGN_PERSON_AND_ORGANIZATION_ASSIGNMENT(#44,#47,(#2670,
    #2669));
#2694 = CC_DESIGN_PERSON_AND_ORGANIZATION_ASSIGNMENT(#44,#49,(#2671));
#2695 = CC_DESIGN_PERSON_AND_ORGANIZATION_ASSIGNMENT(#44,#51,(#2670));
#2696 = CC_DESIGN_PERSON_AND_ORGANIZATION_ASSIGNMENT(#44,#53,(#2697));
#2697 = SECURITY_CLASSIFICATION('','',#55);
#2698 = CC_DESIGN_SECURITY_CLASSIFICATION(#2697,(#2670));
#2699 = CC_DESIGN_DATE_AND_TIME_ASSIGNMENT(#58,#62,(#2669));
#2700 = CC_DESIGN_DATE_AND_TIME_ASSIGNMENT(#58,#64,(#2697));
#2701 = CC_DESIGN_APPROVAL(#66,(#2670,#2669,#2697));
#2702 = SHAPE_REPRESENTATION_RELATIONSHIP('','',#2703,#2674);
#2703 = ADVANCED_BREP_SHAPE_REPRESENTATION('',(#11,#2704),#2854);
#2704 = MANIFOLD_SOLID_BREP('',#2705);
#2705 = CLOSED_SHELL('',(#2706,#2746,#2777,#2801,#2825,#2842));
#2706 = ADVANCED_FACE('',(#2707),#2741,.T.);
#2707 = FACE_BOUND('',#2708,.T.);
#2708 = EDGE_LOOP('',(#2709,#2719,#2727,#2735));
#2709 = ORIENTED_EDGE('',*,*,#2710,.F.);
#2710 = EDGE_CURVE('',#2711,#2713,#2715,.T.);
#2711 = VERTEX_POINT('',#2712);
#2712 = CARTESIAN_POINT('',(-175.,175.,1.38E+03));
#2713 = VERTEX_POINT('',#2714);
#2714 = CARTESIAN_POINT('',(-184.52,175.,1.38E+03));
#2715 = LINE('',#2716,#2717);
#2716 = CARTESIAN_POINT('',(-175.,175.,1.38E+03));
#2717 = VECTOR('',#2718,1.);
#2718 = DIRECTION('',(-1.,0.,0.));
#2719 = ORIENTED_EDGE('',*,*,#2720,.T.);
#2720 = EDGE_CURVE('',#2711,#2721,#2723,.T.);
#2721 = VERTEX_POINT('',#2722);
#2722 = CARTESIAN_POINT('',(-175.,175.,0.));
#2723 = LINE('',#2724,#2725);
#2724 = CARTESIAN_POINT('',(-175.,175.,1.38E+03));
#2725 = VECTOR('',#2726,1.);
#2726 = DIRECTION('',(-0.,-0.,-1.));
#2727 = ORIENTED_EDGE('',*,*,#2728,.F.);
#2728 = EDGE_CURVE('',#2729,#2721,#2731,.T.);
#2729 = VERTEX_POINT('',#2730);
#2730 = CARTESIAN_POINT('',(-184.52,175.,0.));
#2731 = LINE('',#2732,#2733);
#2732 = CARTESIAN_POINT('',(-87.5,175.,0.));
#2733 = VECTOR('',#2734,1.);
#2734 = DIRECTION('',(1.,0.,0.));
#2735 = ORIENTED_EDGE('',*,*,#2736,.F.);
#2736 = EDGE_CURVE('',#2713,#2729,#2737,.T.);
#2737 = LINE('',#2738,#2739);
#2738 = CARTESIAN_POINT('',(-184.52,175.,1.38E+03));
#2739 = VECTOR('',#2740,1.);
#2740 = DIRECTION('',(-0.,-0.,-1.));
#2741 = PLANE('',#2742);
#2742 = AXIS2_PLACEMENT_3D('',#2743,#2744,#2745);
#2743 = CARTESIAN_POINT('',(-175.,175.,1.38E+03));
#2744 = DIRECTION('',(0.,1.,0.));
#2745 = DIRECTION('',(-1.,0.,0.));
#2746 = ADVANCED_FACE('',(#2747),#2772,.T.);
#2747 = FACE_BOUND('',#2748,.T.);
#2748 = EDGE_LOOP('',(#2749,#2750,#2758,#2766));
#2749 = ORIENTED_EDGE('',*,*,#2710,.T.);
#2750 = ORIENTED_EDGE('',*,*,#2751,.T.);
#2751 = EDGE_CURVE('',#2713,#2752,#2754,.T.);
#2752 = VERTEX_POINT('',#2753);
#2753 = CARTESIAN_POINT('',(-184.52,90.,1.38E+03));
#2754 = LINE('',#2755,#2756);
#2755 = CARTESIAN_POINT('',(-184.52,175.,1.38E+03));
#2756 = VECTOR('',#2757,1.);
#2757 = DIRECTION('',(0.,-1.,0.));
#2758 = ORIENTED_EDGE('',*,*,#2759,.T.);
#2759 = EDGE_CURVE('',#2752,#2760,#2762,.T.);
#2760 = VERTEX_POINT('',#2761);
#2761 = CARTESIAN_POINT('',(-175.,90.,1.38E+03));
#2762 = LINE('',#2763,#2764);
#2763 = CARTESIAN_POINT('',(-184.52,90.,1.38E+03));
#2764 = VECTOR('',#2765,1.);
#2765 = DIRECTION('',(1.,0.,0.));
#2766 = ORIENTED_EDGE('',*,*,#2767,.T.);
#2767 = EDGE_CURVE('',#2760,#2711,#2768,.T.);
#2768 = LINE('',#2769,#2770);
#2769 = CARTESIAN_POINT('',(-175.,90.,1.38E+03));
#2770 = VECTOR('',#2771,1.);
#2771 = DIRECTION('',(0.,1.,0.));
#2772 = PLANE('',#2773);
#2773 = AXIS2_PLACEMENT_3D('',#2774,#2775,#2776);
#2774 = CARTESIAN_POINT('',(-6.92E-15,132.5,1.38E+03));
#2775 = DIRECTION('',(0.,0.,1.));
#2776 = DIRECTION('',(1.,0.,0.));
#2777 = ADVANCED_FACE('',(#2778),#2796,.T.);
#2778 = FACE_BOUND('',#2779,.T.);
#2779 = EDGE_LOOP('',(#2780,#2781,#2782,#2790));
#2780 = ORIENTED_EDGE('',*,*,#2751,.F.);
#2781 = ORIENTED_EDGE('',*,*,#2736,.T.);
#2782 = ORIENTED_EDGE('',*,*,#2783,.F.);
#2783 = EDGE_CURVE('',#2784,#2729,#2786,.T.);
#2784 = VERTEX_POINT('',#2785);
#2785 = CARTESIAN_POINT('',(-184.52,90.,0.));
#2786 = LINE('',#2787,#2788);
#2787 = CARTESIAN_POINT('',(-184.52,87.218434472059,0.));
#2788 = VECTOR('',#2789,1.);
#2789 = DIRECTION('',(0.,1.,0.));
#2790 = ORIENTED_EDGE('',*,*,#2791,.F.);
#2791 = EDGE_CURVE('',#2752,#2784,#2792,.T.);
#2792 = LINE('',#2793,#2794);
#2793 = CARTESIAN_POINT('',(-184.52,90.,1.38E+03));
#2794 = VECTOR('',#2795,1.);
#2795 = DIRECTION('',(-0.,-0.,-1.));
#2796 = PLANE('',#2797);
#2797 = AXIS2_PLACEMENT_3D('',#2798,#2799,#2800);
#2798 = CARTESIAN_POINT('',(-184.52,175.,1.38E+03));
#2799 = DIRECTION('',(-1.,0.,0.));
#2800 = DIRECTION('',(0.,-1.,0.));
#2801 = ADVANCED_FACE('',(#2802),#2820,.F.);
#2802 = FACE_BOUND('',#2803,.F.);
#2803 = EDGE_LOOP('',(#2804,#2805,#2806,#2814));
#2804 = ORIENTED_EDGE('',*,*,#2728,.F.);
#2805 = ORIENTED_EDGE('',*,*,#2783,.F.);
#2806 = ORIENTED_EDGE('',*,*,#2807,.F.);
#2807 = EDGE_CURVE('',#2808,#2784,#2810,.T.);
#2808 = VERTEX_POINT('',#2809);
#2809 = CARTESIAN_POINT('',(-175.,90.,0.));
#2810 = LINE('',#2811,#2812);
#2811 = CARTESIAN_POINT('',(-92.26,90.,0.));
#2812 = VECTOR('',#2813,1.);
#2813 = DIRECTION('',(-1.,0.,0.));
#2814 = ORIENTED_EDGE('',*,*,#2815,.F.);
#2815 = EDGE_CURVE('',#2721,#2808,#2816,.T.);
#2816 = LINE('',#2817,#2818);
#2817 = CARTESIAN_POINT('',(-175.,44.718434472059,0.));
#2818 = VECTOR('',#2819,1.);
#2819 = DIRECTION('',(0.,-1.,0.));
#2820 = PLANE('',#2821);
#2821 = AXIS2_PLACEMENT_3D('',#2822,#2823,#2824);
#2822 = CARTESIAN_POINT('',(2.E-15,-0.563131055882,0.));
#2823 = DIRECTION('',(0.,0.,1.));
#2824 = DIRECTION('',(1.,0.,-0.));
#2825 = ADVANCED_FACE('',(#2826),#2837,.T.);
#2826 = FACE_BOUND('',#2827,.T.);
#2827 = EDGE_LOOP('',(#2828,#2829,#2835,#2836));
#2828 = ORIENTED_EDGE('',*,*,#2767,.F.);
#2829 = ORIENTED_EDGE('',*,*,#2830,.T.);
#2830 = EDGE_CURVE('',#2760,#2808,#2831,.T.);
#2831 = LINE('',#2832,#2833);
#2832 = CARTESIAN_POINT('',(-175.,90.,1.38E+03));
#2833 = VECTOR('',#2834,1.);
#2834 = DIRECTION('',(-0.,-0.,-1.));
#2835 = ORIENTED_EDGE('',*,*,#2815,.F.);
#2836 = ORIENTED_EDGE('',*,*,#2720,.F.);
#2837 = PLANE('',#2838);
#2838 = AXIS2_PLACEMENT_3D('',#2839,#2840,#2841);
#2839 = CARTESIAN_POINT('',(-175.,90.,1.38E+03));
#2840 = DIRECTION('',(1.,0.,0.));
#2841 = DIRECTION('',(-0.,1.,0.));
#2842 = ADVANCED_FACE('',(#2843),#2849,.T.);
#2843 = FACE_BOUND('',#2844,.T.);
#2844 = EDGE_LOOP('',(#2845,#2846,#2847,#2848));
#2845 = ORIENTED_EDGE('',*,*,#2759,.F.);
#2846 = ORIENTED_EDGE('',*,*,#2791,.T.);
#2847 = ORIENTED_EDGE('',*,*,#2807,.F.);
#2848 = ORIENTED_EDGE('',*,*,#2830,.F.);
#2849 = PLANE('',#2850);
#2850 = AXIS2_PLACEMENT_3D('',#2851,#2852,#2853);
#2851 = CARTESIAN_POINT('',(-184.52,90.,1.38E+03));
#2852 = DIRECTION('',(0.,-1.,0.));
#2853 = DIRECTION('',(1.,0.,0.));
#2854 = ( GEOMETRIC_REPRESENTATION_CONTEXT(3) 
GLOBAL_UNCERTAINTY_ASSIGNED_CONTEXT((#2858)) 
GLOBAL_UNIT_ASSIGNED_CONTEXT((#2855,#2856,#2857)) REPRESENTATION_CONTEXT
('Context #1','3D Context with UNIT and UNCERTAINTY') );
#2855 = ( LENGTH_UNIT() NAMED_UNIT(*) SI_UNIT(.MILLI.,.METRE.) );
#2856 = ( NAMED_UNIT(*) PLANE_ANGLE_UNIT() SI_UNIT($,.RADIAN.) );
#2857 = ( NAMED_UNIT(*) SI_UNIT($,.STERADIAN.) SOLID_ANGLE_UNIT() );
#2858 = UNCERTAINTY_MEASURE_WITH_UNIT(LENGTH_MEASURE(1.E-07),#2855,
  'distance_accuracy_value','confusion accuracy');
#2859 = SHAPE_REPRESENTATION_RELATIONSHIP('','',#2860,#2674);
#2860 = ADVANCED_BREP_SHAPE_REPRESENTATION('',(#11,#2861),#3011);
#2861 = MANIFOLD_SOLID_BREP('',#2862);
#2862 = CLOSED_SHELL('',(#2863,#2903,#2934,#2958,#2982,#2999));
#2863 = ADVANCED_FACE('',(#2864),#2898,.T.);
#2864 = FACE_BOUND('',#2865,.T.);
#2865 = EDGE_LOOP('',(#2866,#2876,#2884,#2892));
#2866 = ORIENTED_EDGE('',*,*,#2867,.F.);
#2867 = EDGE_CURVE('',#2868,#2870,#2872,.T.);
#2868 = VERTEX_POINT('',#2869);
#2869 = CARTESIAN_POINT('',(175.,175.,1.38E+03));
#2870 = VERTEX_POINT('',#2871);
#2871 = CARTESIAN_POINT('',(175.,90.,1.38E+03));
#2872 = LINE('',#2873,#2874);
#2873 = CARTESIAN_POINT('',(175.,175.,1.38E+03));
#2874 = VECTOR('',#2875,1.);
#2875 = DIRECTION('',(0.,-1.,0.));
#2876 = ORIENTED_EDGE('',*,*,#2877,.T.);
#2877 = EDGE_CURVE('',#2868,#2878,#2880,.T.);
#2878 = VERTEX_POINT('',#2879);
#2879 = CARTESIAN_POINT('',(175.,175.,0.));
#2880 = LINE('',#2881,#2882);
#2881 = CARTESIAN_POINT('',(175.,175.,1.38E+03));
#2882 = VECTOR('',#2883,1.);
#2883 = DIRECTION('',(-0.,-0.,-1.));
#2884 = ORIENTED_EDGE('',*,*,#2885,.F.);
#2885 = EDGE_CURVE('',#2886,#2878,#2888,.T.);
#2886 = VERTEX_POINT('',#2887);
#2887 = CARTESIAN_POINT('',(175.,90.,0.));
#2888 = LINE('',#2889,#2890);
#2889 = CARTESIAN_POINT('',(175.,87.218434472059,0.));
#2890 = VECTOR('',#2891,1.);
#2891 = DIRECTION('',(0.,1.,0.));
#2892 = ORIENTED_EDGE('',*,*,#2893,.F.);
#2893 = EDGE_CURVE('',#2870,#2886,#2894,.T.);
#2894 = LINE('',#2895,#2896);
#2895 = CARTESIAN_POINT('',(175.,90.,1.38E+03));
#2896 = VECTOR('',#2897,1.);
#2897 = DIRECTION('',(-0.,-0.,-1.));
#2898 = PLANE('',#2899);
#2899 = AXIS2_PLACEMENT_3D('',#2900,#2901,#2902);
#2900 = CARTESIAN_POINT('',(175.,175.,1.38E+03));
#2901 = DIRECTION('',(-1.,0.,0.));
#2902 = DIRECTION('',(0.,-1.,0.));
#2903 = ADVANCED_FACE('',(#2904),#2929,.T.);
#2904 = FACE_BOUND('',#2905,.T.);
#2905 = EDGE_LOOP('',(#2906,#2907,#2915,#2923));
#2906 = ORIENTED_EDGE('',*,*,#2867,.T.);
#2907 = ORIENTED_EDGE('',*,*,#2908,.T.);
#2908 = EDGE_CURVE('',#2870,#2909,#2911,.T.);
#2909 = VERTEX_POINT('',#2910);
#2910 = CARTESIAN_POINT('',(184.52,90.,1.38E+03));
#2911 = LINE('',#2912,#2913);
#2912 = CARTESIAN_POINT('',(175.,90.,1.38E+03));
#2913 = VECTOR('',#2914,1.);
#2914 = DIRECTION('',(1.,0.,0.));
#2915 = ORIENTED_EDGE('',*,*,#2916,.T.);
#2916 = EDGE_CURVE('',#2909,#2917,#2919,.T.);
#2917 = VERTEX_POINT('',#2918);
#2918 = CARTESIAN_POINT('',(184.52,175.,1.38E+03));
#2919 = LINE('',#2920,#2921);
#2920 = CARTESIAN_POINT('',(184.52,90.,1.38E+03));
#2921 = VECTOR('',#2922,1.);
#2922 = DIRECTION('',(0.,1.,0.));
#2923 = ORIENTED_EDGE('',*,*,#2924,.T.);
#2924 = EDGE_CURVE('',#2917,#2868,#2925,.T.);
#2925 = LINE('',#2926,#2927);
#2926 = CARTESIAN_POINT('',(184.52,175.,1.38E+03));
#2927 = VECTOR('',#2928,1.);
#2928 = DIRECTION('',(-1.,0.,0.));
#2929 = PLANE('',#2930);
#2930 = AXIS2_PLACEMENT_3D('',#2931,#2932,#2933);
#2931 = CARTESIAN_POINT('',(-6.92E-15,132.5,1.38E+03));
#2932 = DIRECTION('',(0.,0.,1.));
#2933 = DIRECTION('',(1.,0.,0.));
#2934 = ADVANCED_FACE('',(#2935),#2953,.T.);
#2935 = FACE_BOUND('',#2936,.T.);
#2936 = EDGE_LOOP('',(#2937,#2938,#2939,#2947));
#2937 = ORIENTED_EDGE('',*,*,#2908,.F.);
#2938 = ORIENTED_EDGE('',*,*,#2893,.T.);
#2939 = ORIENTED_EDGE('',*,*,#2940,.F.);
#2940 = EDGE_CURVE('',#2941,#2886,#2943,.T.);
#2941 = VERTEX_POINT('',#2942);
#2942 = CARTESIAN_POINT('',(184.52,90.,0.));
#2943 = LINE('',#2944,#2945);
#2944 = CARTESIAN_POINT('',(87.5,90.,0.));
#2945 = VECTOR('',#2946,1.);
#2946 = DIRECTION('',(-1.,0.,0.));
#2947 = ORIENTED_EDGE('',*,*,#2948,.F.);
#2948 = EDGE_CURVE('',#2909,#2941,#2949,.T.);
#2949 = LINE('',#2950,#2951);
#2950 = CARTESIAN_POINT('',(184.52,90.,1.38E+03));
#2951 = VECTOR('',#2952,1.);
#2952 = DIRECTION('',(-0.,-0.,-1.));
#2953 = PLANE('',#2954);
#2954 = AXIS2_PLACEMENT_3D('',#2955,#2956,#2957);
#2955 = CARTESIAN_POINT('',(175.,90.,1.38E+03));
#2956 = DIRECTION('',(0.,-1.,0.));
#2957 = DIRECTION('',(1.,0.,0.));
#2958 = ADVANCED_FACE('',(#2959),#2977,.F.);
#2959 = FACE_BOUND('',#2960,.F.);
#2960 = EDGE_LOOP('',(#2961,#2962,#2963,#2971));
#2961 = ORIENTED_EDGE('',*,*,#2885,.F.);
#2962 = ORIENTED_EDGE('',*,*,#2940,.F.);
#2963 = ORIENTED_EDGE('',*,*,#2964,.F.);
#2964 = EDGE_CURVE('',#2965,#2941,#2967,.T.);
#2965 = VERTEX_POINT('',#2966);
#2966 = CARTESIAN_POINT('',(184.52,175.,0.));
#2967 = LINE('',#2968,#2969);
#2968 = CARTESIAN_POINT('',(184.52,44.718434472059,0.));
#2969 = VECTOR('',#2970,1.);
#2970 = DIRECTION('',(0.,-1.,0.));
#2971 = ORIENTED_EDGE('',*,*,#2972,.F.);
#2972 = EDGE_CURVE('',#2878,#2965,#2973,.T.);
#2973 = LINE('',#2974,#2975);
#2974 = CARTESIAN_POINT('',(92.26,175.,0.));
#2975 = VECTOR('',#2976,1.);
#2976 = DIRECTION('',(1.,0.,0.));
#2977 = PLANE('',#2978);
#2978 = AXIS2_PLACEMENT_3D('',#2979,#2980,#2981);
#2979 = CARTESIAN_POINT('',(2.E-15,-0.563131055882,0.));
#2980 = DIRECTION('',(0.,0.,1.));
#2981 = DIRECTION('',(1.,0.,-0.));
#2982 = ADVANCED_FACE('',(#2983),#2994,.T.);
#2983 = FACE_BOUND('',#2984,.T.);
#2984 = EDGE_LOOP('',(#2985,#2986,#2992,#2993));
#2985 = ORIENTED_EDGE('',*,*,#2924,.F.);
#2986 = ORIENTED_EDGE('',*,*,#2987,.T.);
#2987 = EDGE_CURVE('',#2917,#2965,#2988,.T.);
#2988 = LINE('',#2989,#2990);
#2989 = CARTESIAN_POINT('',(184.52,175.,1.38E+03));
#2990 = VECTOR('',#2991,1.);
#2991 = DIRECTION('',(-0.,-0.,-1.));
#2992 = ORIENTED_EDGE('',*,*,#2972,.F.);
#2993 = ORIENTED_EDGE('',*,*,#2877,.F.);
#2994 = PLANE('',#2995);
#2995 = AXIS2_PLACEMENT_3D('',#2996,#2997,#2998);
#2996 = CARTESIAN_POINT('',(184.52,175.,1.38E+03));
#2997 = DIRECTION('',(0.,1.,0.));
#2998 = DIRECTION('',(-1.,0.,0.));
#2999 = ADVANCED_FACE('',(#3000),#3006,.T.);
#3000 = FACE_BOUND('',#3001,.T.);
#3001 = EDGE_LOOP('',(#3002,#3003,#3004,#3005));
#3002 = ORIENTED_EDGE('',*,*,#2916,.F.);
#3003 = ORIENTED_EDGE('',*,*,#2948,.T.);
#3004 = ORIENTED_EDGE('',*,*,#2964,.F.);
#3005 = ORIENTED_EDGE('',*,*,#2987,.F.);
#3006 = PLANE('',#3007);
#3007 = AXIS2_PLACEMENT_3D('',#3008,#3009,#3010);
#3008 = CARTESIAN_POINT('',(184.52,90.,1.38E+03));
#3009 = DIRECTION('',(1.,0.,0.));
#3010 = DIRECTION('',(-0.,1.,0.));
#3011 = ( GEOMETRIC_REPRESENTATION_CONTEXT(3) 
GLOBAL_UNCERTAINTY_ASSIGNED_CONTEXT((#3015)) 
GLOBAL_UNIT_ASSIGNED_CONTEXT((#3012,#3013,#3014)) REPRESENTATION_CONTEXT
('Context #1','3D Context with UNIT and UNCERTAINTY') );
#3012 = ( LENGTH_UNIT() NAMED_UNIT(*) SI_UNIT(.MILLI.,.METRE.) );
#3013 = ( NAMED_UNIT(*) PLANE_ANGLE_UNIT() SI_UNIT($,.RADIAN.) );
#3014 = ( NAMED_UNIT(*) SI_UNIT($,.STERADIAN.) SOLID_ANGLE_UNIT() );
#3015 = UNCERTAINTY_MEASURE_WITH_UNIT(LENGTH_MEASURE(1.E-07),#3012,
  'distance_accuracy_value','confusion accuracy');
#3016 = SHAPE_DEFINITION_REPRESENTATION(#3017,#3023);
#3017 = PRODUCT_DEFINITION_SHAPE('','',#3018);
#3018 = PRODUCT_DEFINITION('design','',#3019,#3022);
#3019 = PRODUCT_DEFINITION_FORMATION_WITH_SPECIFIED_SOURCE('','',#3020,
  .NOT_KNOWN.);
#3020 = PRODUCT('torre_principal','torre_principal','',(#3021));
#3021 = MECHANICAL_CONTEXT('',#2,'mechanical');
#3022 = DESIGN_CONTEXT('',#2,'design');
#3023 = SHAPE_REPRESENTATION('',(#11,#3024,#3028,#3032,#3036,#3040,#3044
    ,#3048),#3052);
#3024 = AXIS2_PLACEMENT_3D('',#3025,#3026,#3027);
#3025 = CARTESIAN_POINT('',(0.,0.,0.));
#3026 = DIRECTION('',(0.,0.,1.));
#3027 = DIRECTION('',(1.,0.,0.));
#3028 = AXIS2_PLACEMENT_3D('',#3029,#3030,#3031);
#3029 = CARTESIAN_POINT('',(0.,0.,0.));
#3030 = DIRECTION('',(0.,0.,1.));
#3031 = DIRECTION('',(1.,0.,0.));
#3032 = AXIS2_PLACEMENT_3D('',#3033,#3034,#3035);
#3033 = CARTESIAN_POINT('',(0.,0.,0.));
#3034 = DIRECTION('',(0.,0.,1.));
#3035 = DIRECTION('',(1.,0.,0.));
#3036 = AXIS2_PLACEMENT_3D('',#3037,#3038,#3039);
#3037 = CARTESIAN_POINT('',(0.,0.,0.));
#3038 = DIRECTION('',(0.,0.,1.));
#3039 = DIRECTION('',(1.,0.,0.));
#3040 = AXIS2_PLACEMENT_3D('',#3041,#3042,#3043);
#3041 = CARTESIAN_POINT('',(0.,0.,0.));
#3042 = DIRECTION('',(0.,0.,1.));
#3043 = DIRECTION('',(1.,0.,0.));
#3044 = AXIS2_PLACEMENT_3D('',#3045,#3046,#3047);
#3045 = CARTESIAN_POINT('',(0.,0.,0.));
#3046 = DIRECTION('',(0.,0.,1.));
#3047 = DIRECTION('',(1.,0.,0.));
#3048 = AXIS2_PLACEMENT_3D('',#3049,#3050,#3051);
#3049 = CARTESIAN_POINT('',(0.,0.,0.));
#3050 = DIRECTION('',(0.,0.,1.));
#3051 = DIRECTION('',(1.,0.,0.));
#3052 = ( GEOMETRIC_REPRESENTATION_CONTEXT(3) 
GLOBAL_UNCERTAINTY_ASSIGNED_CONTEXT((#3056)) 
GLOBAL_UNIT_ASSIGNED_CONTEXT((#3053,#3054,#3055)) REPRESENTATION_CONTEXT
('Context #1','3D Context with UNIT and UNCERTAINTY') );
#3053 = ( LENGTH_UNIT() NAMED_UNIT(*) SI_UNIT(.MILLI.,.METRE.) );
#3054 = ( NAMED_UNIT(*) PLANE_ANGLE_UNIT() SI_UNIT($,.RADIAN.) );
#3055 = ( NAMED_UNIT(*) SI_UNIT($,.STERADIAN.) SOLID_ANGLE_UNIT() );
#3056 = UNCERTAINTY_MEASURE_WITH_UNIT(LENGTH_MEASURE(1.E-03),#3053,
  'distance_accuracy_value','confusion accuracy');
#3057 = CONTEXT_DEPENDENT_SHAPE_REPRESENTATION(#3058,#3060);
#3058 = ( REPRESENTATION_RELATIONSHIP('','',#3023,#10) 
REPRESENTATION_RELATIONSHIP_WITH_TRANSFORMATION(#3059) 
SHAPE_REPRESENTATION_RELATIONSHIP() );
#3059 = ITEM_DEFINED_TRANSFORMATION('','',#11,#19);
#3060 = PRODUCT_DEFINITION_SHAPE('Placement','Placement of an item',
  #3061);
#3061 = NEXT_ASSEMBLY_USAGE_OCCURRENCE('14','torre_principal','',#5,
  #3018,$);
#3062 = CC_DESIGN_SECURITY_CLASSIFICATION(#3063,(#3061));
#3063 = SECURITY_CLASSIFICATION('','',#55);
#3064 = CC_DESIGN_PERSON_AND_ORGANIZATION_ASSIGNMENT(#44,#53,(#3063));
#3065 = CC_DESIGN_DATE_AND_TIME_ASSIGNMENT(#58,#64,(#3063));
#3066 = CC_DESIGN_APPROVAL(#66,(#3063));
#3067 = PRODUCT_RELATED_PRODUCT_CATEGORY('detail',$,(#3020));
#3068 = PRODUCT_CATEGORY_RELATIONSHIP('','',#3069,#3067);
#3069 = PRODUCT_CATEGORY('part',$);
#3070 = CC_DESIGN_PERSON_AND_ORGANIZATION_ASSIGNMENT(#44,#47,(#3019,
    #3018));
#3071 = CC_DESIGN_PERSON_AND_ORGANIZATION_ASSIGNMENT(#44,#49,(#3020));
#3072 = CC_DESIGN_PERSON_AND_ORGANIZATION_ASSIGNMENT(#44,#51,(#3019));
#3073 = CC_DESIGN_PERSON_AND_ORGANIZATION_ASSIGNMENT(#44,#53,(#3074));
#3074 = SECURITY_CLASSIFICATION('','',#55);
#3075 = CC_DESIGN_SECURITY_CLASSIFICATION(#3074,(#3019));
#3076 = CC_DESIGN_DATE_AND_TIME_ASSIGNMENT(#58,#62,(#3018));
#3077 = CC_DESIGN_DATE_AND_TIME_ASSIGNMENT(#58,#64,(#3074));
#3078 = CC_DESIGN_APPROVAL(#66,(#3019,#3018,#3074));
#3079 = SHAPE_DEFINITION_REPRESENTATION(#3080,#3086);
#3080 = PRODUCT_DEFINITION_SHAPE('','',#3081);
#3081 = PRODUCT_DEFINITION('design','',#3082,#3085);
#3082 = PRODUCT_DEFINITION_FORMATION_WITH_SPECIFIED_SOURCE('','',#3083,
  .NOT_KNOWN.);
#3083 = PRODUCT('corpo','corpo','',(#3084));
#3084 = MECHANICAL_CONTEXT('',#2,'mechanical');
#3085 = DESIGN_CONTEXT('',#2,'design');
#3086 = ADVANCED_BREP_SHAPE_REPRESENTATION('',(#11,#3087),#3485);
#3087 = MANIFOLD_SOLID_BREP('',#3088);
#3088 = CLOSED_SHELL('',(#3089,#3129,#3224,#3255,#3295,#3335,#3366,#3397
    ,#3409,#3431,#3452,#3473));
#3089 = ADVANCED_FACE('',(#3090),#3124,.F.);
#3090 = FACE_BOUND('',#3091,.F.);
#3091 = EDGE_LOOP('',(#3092,#3102,#3110,#3118));
#3092 = ORIENTED_EDGE('',*,*,#3093,.T.);
#3093 = EDGE_CURVE('',#3094,#3096,#3098,.T.);
#3094 = VERTEX_POINT('',#3095);
#3095 = CARTESIAN_POINT('',(175.,-175.,0.));
#3096 = VERTEX_POINT('',#3097);
#3097 = CARTESIAN_POINT('',(175.,-175.,1.16E+04));
#3098 = LINE('',#3099,#3100);
#3099 = CARTESIAN_POINT('',(175.,-175.,0.));
#3100 = VECTOR('',#3101,1.);
#3101 = DIRECTION('',(0.,0.,1.));
#3102 = ORIENTED_EDGE('',*,*,#3103,.T.);
#3103 = EDGE_CURVE('',#3096,#3104,#3106,.T.);
#3104 = VERTEX_POINT('',#3105);
#3105 = CARTESIAN_POINT('',(175.,175.,1.16E+04));
#3106 = LINE('',#3107,#3108);
#3107 = CARTESIAN_POINT('',(175.,-175.,1.16E+04));
#3108 = VECTOR('',#3109,1.);
#3109 = DIRECTION('',(0.,1.,0.));
#3110 = ORIENTED_EDGE('',*,*,#3111,.F.);
#3111 = EDGE_CURVE('',#3112,#3104,#3114,.T.);
#3112 = VERTEX_POINT('',#3113);
#3113 = CARTESIAN_POINT('',(175.,175.,0.));
#3114 = LINE('',#3115,#3116);
#3115 = CARTESIAN_POINT('',(175.,175.,0.));
#3116 = VECTOR('',#3117,1.);
#3117 = DIRECTION('',(0.,0.,1.));
#3118 = ORIENTED_EDGE('',*,*,#3119,.F.);
#3119 = EDGE_CURVE('',#3094,#3112,#3120,.T.);
#3120 = LINE('',#3121,#3122);
#3121 = CARTESIAN_POINT('',(175.,-175.,0.));
#3122 = VECTOR('',#3123,1.);
#3123 = DIRECTION('',(0.,1.,0.));
#3124 = PLANE('',#3125);
#3125 = AXIS2_PLACEMENT_3D('',#3126,#3127,#3128);
#3126 = CARTESIAN_POINT('',(175.,-175.,0.));
#3127 = DIRECTION('',(-1.,0.,0.));
#3128 = DIRECTION('',(0.,1.,0.));
#3129 = ADVANCED_FACE('',(#3130),#3219,.F.);
#3130 = FACE_BOUND('',#3131,.F.);
#3131 = EDGE_LOOP('',(#3132,#3142,#3150,#3158,#3166,#3174,#3182,#3188,
    #3189,#3197,#3205,#3213));
#3132 = ORIENTED_EDGE('',*,*,#3133,.F.);
#3133 = EDGE_CURVE('',#3134,#3136,#3138,.T.);
#3134 = VERTEX_POINT('',#3135);
#3135 = CARTESIAN_POINT('',(-175.,-175.,0.));
#3136 = VERTEX_POINT('',#3137);
#3137 = CARTESIAN_POINT('',(-165.48,-175.,3.8E-14));
#3138 = LINE('',#3139,#3140);
#3139 = CARTESIAN_POINT('',(-175.,-175.,0.));
#3140 = VECTOR('',#3141,1.);
#3141 = DIRECTION('',(1.,0.,0.));
#3142 = ORIENTED_EDGE('',*,*,#3143,.T.);
#3143 = EDGE_CURVE('',#3134,#3144,#3146,.T.);
#3144 = VERTEX_POINT('',#3145);
#3145 = CARTESIAN_POINT('',(-175.,-175.,1.16E+04));
#3146 = LINE('',#3147,#3148);
#3147 = CARTESIAN_POINT('',(-175.,-175.,0.));
#3148 = VECTOR('',#3149,1.);
#3149 = DIRECTION('',(0.,0.,1.));
#3150 = ORIENTED_EDGE('',*,*,#3151,.T.);
#3151 = EDGE_CURVE('',#3144,#3152,#3154,.T.);
#3152 = VERTEX_POINT('',#3153);
#3153 = CARTESIAN_POINT('',(-165.48,-175.,1.16E+04));
#3154 = LINE('',#3155,#3156);
#3155 = CARTESIAN_POINT('',(-175.,-175.,1.16E+04));
#3156 = VECTOR('',#3157,1.);
#3157 = DIRECTION('',(1.,0.,0.));
#3158 = ORIENTED_EDGE('',*,*,#3159,.T.);
#3159 = EDGE_CURVE('',#3152,#3160,#3162,.T.);
#3160 = VERTEX_POINT('',#3161);
#3161 = CARTESIAN_POINT('',(-165.48,-175.,1.151E+04));
#3162 = LINE('',#3163,#3164);
#3163 = CARTESIAN_POINT('',(-165.48,-175.,5.8E+03));
#3164 = VECTOR('',#3165,1.);
#3165 = DIRECTION('',(0.,0.,-1.));
#3166 = ORIENTED_EDGE('',*,*,#3167,.T.);
#3167 = EDGE_CURVE('',#3160,#3168,#3170,.T.);
#3168 = VERTEX_POINT('',#3169);
#3169 = CARTESIAN_POINT('',(165.48,-175.,1.151E+04));
#3170 = LINE('',#3171,#3172);
#3171 = CARTESIAN_POINT('',(-170.24,-175.,1.151E+04));
#3172 = VECTOR('',#3173,1.);
#3173 = DIRECTION('',(1.,0.,0.));
#3174 = ORIENTED_EDGE('',*,*,#3175,.T.);
#3175 = EDGE_CURVE('',#3168,#3176,#3178,.T.);
#3176 = VERTEX_POINT('',#3177);
#3177 = CARTESIAN_POINT('',(165.48,-175.,1.16E+04));
#3178 = LINE('',#3179,#3180);
#3179 = CARTESIAN_POINT('',(165.48,-175.,5.755E+03));
#3180 = VECTOR('',#3181,1.);
#3181 = DIRECTION('',(0.,0.,1.));
#3182 = ORIENTED_EDGE('',*,*,#3183,.T.);
#3183 = EDGE_CURVE('',#3176,#3096,#3184,.T.);
#3184 = LINE('',#3185,#3186);
#3185 = CARTESIAN_POINT('',(-175.,-175.,1.16E+04));
#3186 = VECTOR('',#3187,1.);
#3187 = DIRECTION('',(1.,0.,0.));
#3188 = ORIENTED_EDGE('',*,*,#3093,.F.);
#3189 = ORIENTED_EDGE('',*,*,#3190,.F.);
#3190 = EDGE_CURVE('',#3191,#3094,#3193,.T.);
#3191 = VERTEX_POINT('',#3192);
#3192 = CARTESIAN_POINT('',(165.48,-175.,3.8E-14));
#3193 = LINE('',#3194,#3195);
#3194 = CARTESIAN_POINT('',(-175.,-175.,0.));
#3195 = VECTOR('',#3196,1.);
#3196 = DIRECTION('',(1.,0.,0.));
#3197 = ORIENTED_EDGE('',*,*,#3198,.T.);
#3198 = EDGE_CURVE('',#3191,#3199,#3201,.T.);
#3199 = VERTEX_POINT('',#3200);
#3200 = CARTESIAN_POINT('',(165.48,-175.,90.));
#3201 = LINE('',#3202,#3203);
#3202 = CARTESIAN_POINT('',(165.48,-175.,0.));
#3203 = VECTOR('',#3204,1.);
#3204 = DIRECTION('',(0.,0.,1.));
#3205 = ORIENTED_EDGE('',*,*,#3206,.T.);
#3206 = EDGE_CURVE('',#3199,#3207,#3209,.T.);
#3207 = VERTEX_POINT('',#3208);
#3208 = CARTESIAN_POINT('',(-165.48,-175.,90.));
#3209 = LINE('',#3210,#3211);
#3210 = CARTESIAN_POINT('',(-4.76,-175.,90.));
#3211 = VECTOR('',#3212,1.);
#3212 = DIRECTION('',(-1.,0.,0.));
#3213 = ORIENTED_EDGE('',*,*,#3214,.T.);
#3214 = EDGE_CURVE('',#3207,#3136,#3215,.T.);
#3215 = LINE('',#3216,#3217);
#3216 = CARTESIAN_POINT('',(-165.48,-175.,45.));
#3217 = VECTOR('',#3218,1.);
#3218 = DIRECTION('',(0.,0.,-1.));
#3219 = PLANE('',#3220);
#3220 = AXIS2_PLACEMENT_3D('',#3221,#3222,#3223);
#3221 = CARTESIAN_POINT('',(-175.,-175.,0.));
#3222 = DIRECTION('',(0.,1.,0.));
#3223 = DIRECTION('',(1.,0.,0.));
#3224 = ADVANCED_FACE('',(#3225),#3250,.F.);
#3225 = FACE_BOUND('',#3226,.F.);
#3226 = EDGE_LOOP('',(#3227,#3228,#3236,#3244));
#3227 = ORIENTED_EDGE('',*,*,#3111,.T.);
#3228 = ORIENTED_EDGE('',*,*,#3229,.T.);
#3229 = EDGE_CURVE('',#3104,#3230,#3232,.T.);
#3230 = VERTEX_POINT('',#3231);
#3231 = CARTESIAN_POINT('',(-175.,175.,1.16E+04));
#3232 = LINE('',#3233,#3234);
#3233 = CARTESIAN_POINT('',(175.,175.,1.16E+04));
#3234 = VECTOR('',#3235,1.);
#3235 = DIRECTION('',(-1.,0.,0.));
#3236 = ORIENTED_EDGE('',*,*,#3237,.F.);
#3237 = EDGE_CURVE('',#3238,#3230,#3240,.T.);
#3238 = VERTEX_POINT('',#3239);
#3239 = CARTESIAN_POINT('',(-175.,175.,0.));
#3240 = LINE('',#3241,#3242);
#3241 = CARTESIAN_POINT('',(-175.,175.,0.));
#3242 = VECTOR('',#3243,1.);
#3243 = DIRECTION('',(0.,0.,1.));
#3244 = ORIENTED_EDGE('',*,*,#3245,.F.);
#3245 = EDGE_CURVE('',#3112,#3238,#3246,.T.);
#3246 = LINE('',#3247,#3248);
#3247 = CARTESIAN_POINT('',(175.,175.,0.));
#3248 = VECTOR('',#3249,1.);
#3249 = DIRECTION('',(-1.,0.,0.));
#3250 = PLANE('',#3251);
#3251 = AXIS2_PLACEMENT_3D('',#3252,#3253,#3254);
#3252 = CARTESIAN_POINT('',(175.,175.,0.));
#3253 = DIRECTION('',(0.,-1.,0.));
#3254 = DIRECTION('',(-1.,0.,0.));
#3255 = ADVANCED_FACE('',(#3256),#3290,.F.);
#3256 = FACE_BOUND('',#3257,.F.);
#3257 = EDGE_LOOP('',(#3258,#3259,#3260,#3261,#3267,#3268,#3276,#3284));
#3258 = ORIENTED_EDGE('',*,*,#3190,.T.);
#3259 = ORIENTED_EDGE('',*,*,#3119,.T.);
#3260 = ORIENTED_EDGE('',*,*,#3245,.T.);
#3261 = ORIENTED_EDGE('',*,*,#3262,.T.);
#3262 = EDGE_CURVE('',#3238,#3134,#3263,.T.);
#3263 = LINE('',#3264,#3265);
#3264 = CARTESIAN_POINT('',(-175.,175.,0.));
#3265 = VECTOR('',#3266,1.);
#3266 = DIRECTION('',(0.,-1.,0.));
#3267 = ORIENTED_EDGE('',*,*,#3133,.T.);
#3268 = ORIENTED_EDGE('',*,*,#3269,.F.);
#3269 = EDGE_CURVE('',#3270,#3136,#3272,.T.);
#3270 = VERTEX_POINT('',#3271);
#3271 = CARTESIAN_POINT('',(-165.48,165.48,0.));
#3272 = LINE('',#3273,#3274);
#3273 = CARTESIAN_POINT('',(-165.48,165.48,0.));
#3274 = VECTOR('',#3275,1.);
#3275 = DIRECTION('',(0.,-1.,0.));
#3276 = ORIENTED_EDGE('',*,*,#3277,.F.);
#3277 = EDGE_CURVE('',#3278,#3270,#3280,.T.);
#3278 = VERTEX_POINT('',#3279);
#3279 = CARTESIAN_POINT('',(165.48,165.48,0.));
#3280 = LINE('',#3281,#3282);
#3281 = CARTESIAN_POINT('',(165.48,165.48,0.));
#3282 = VECTOR('',#3283,1.);
#3283 = DIRECTION('',(-1.,0.,0.));
#3284 = ORIENTED_EDGE('',*,*,#3285,.T.);
#3285 = EDGE_CURVE('',#3278,#3191,#3286,.T.);
#3286 = LINE('',#3287,#3288);
#3287 = CARTESIAN_POINT('',(165.48,165.48,0.));
#3288 = VECTOR('',#3289,1.);
#3289 = DIRECTION('',(0.,-1.,2.2E-16));
#3290 = PLANE('',#3291);
#3291 = AXIS2_PLACEMENT_3D('',#3292,#3293,#3294);
#3292 = CARTESIAN_POINT('',(2.67E-15,2.67E-15,0.));
#3293 = DIRECTION('',(0.,0.,1.));
#3294 = DIRECTION('',(1.,0.,0.));
#3295 = ADVANCED_FACE('',(#3296),#3330,.T.);
#3296 = FACE_BOUND('',#3297,.T.);
#3297 = EDGE_LOOP('',(#3298,#3299,#3300,#3301,#3307,#3308,#3316,#3324));
#3298 = ORIENTED_EDGE('',*,*,#3183,.T.);
#3299 = ORIENTED_EDGE('',*,*,#3103,.T.);
#3300 = ORIENTED_EDGE('',*,*,#3229,.T.);
#3301 = ORIENTED_EDGE('',*,*,#3302,.T.);
#3302 = EDGE_CURVE('',#3230,#3144,#3303,.T.);
#3303 = LINE('',#3304,#3305);
#3304 = CARTESIAN_POINT('',(-175.,175.,1.16E+04));
#3305 = VECTOR('',#3306,1.);
#3306 = DIRECTION('',(0.,-1.,0.));
#3307 = ORIENTED_EDGE('',*,*,#3151,.T.);
#3308 = ORIENTED_EDGE('',*,*,#3309,.F.);
#3309 = EDGE_CURVE('',#3310,#3152,#3312,.T.);
#3310 = VERTEX_POINT('',#3311);
#3311 = CARTESIAN_POINT('',(-165.48,165.48,1.16E+04));
#3312 = LINE('',#3313,#3314);
#3313 = CARTESIAN_POINT('',(-165.48,165.48,1.16E+04));
#3314 = VECTOR('',#3315,1.);
#3315 = DIRECTION('',(0.,-1.,2.2E-16));
#3316 = ORIENTED_EDGE('',*,*,#3317,.F.);
#3317 = EDGE_CURVE('',#3318,#3310,#3320,.T.);
#3318 = VERTEX_POINT('',#3319);
#3319 = CARTESIAN_POINT('',(165.48,165.48,1.16E+04));
#3320 = LINE('',#3321,#3322);
#3321 = CARTESIAN_POINT('',(165.48,165.48,1.16E+04));
#3322 = VECTOR('',#3323,1.);
#3323 = DIRECTION('',(-1.,0.,0.));
#3324 = ORIENTED_EDGE('',*,*,#3325,.F.);
#3325 = EDGE_CURVE('',#3176,#3318,#3326,.T.);
#3326 = LINE('',#3327,#3328);
#3327 = CARTESIAN_POINT('',(165.48,-165.48,1.16E+04));
#3328 = VECTOR('',#3329,1.);
#3329 = DIRECTION('',(0.,1.,0.));
#3330 = PLANE('',#3331);
#3331 = AXIS2_PLACEMENT_3D('',#3332,#3333,#3334);
#3332 = CARTESIAN_POINT('',(2.67E-15,2.67E-15,1.16E+04));
#3333 = DIRECTION('',(0.,0.,1.));
#3334 = DIRECTION('',(1.,0.,0.));
#3335 = ADVANCED_FACE('',(#3336),#3361,.T.);
#3336 = FACE_BOUND('',#3337,.T.);
#3337 = EDGE_LOOP('',(#3338,#3348,#3354,#3355));
#3338 = ORIENTED_EDGE('',*,*,#3339,.T.);
#3339 = EDGE_CURVE('',#3340,#3342,#3344,.T.);
#3340 = VERTEX_POINT('',#3341);
#3341 = CARTESIAN_POINT('',(-165.48,-165.48,90.));
#3342 = VERTEX_POINT('',#3343);
#3343 = CARTESIAN_POINT('',(165.48,-165.48,90.));
#3344 = LINE('',#3345,#3346);
#3345 = CARTESIAN_POINT('',(165.48,-165.48,90.));
#3346 = VECTOR('',#3347,1.);
#3347 = DIRECTION('',(1.,0.,0.));
#3348 = ORIENTED_EDGE('',*,*,#3349,.T.);
#3349 = EDGE_CURVE('',#3342,#3199,#3350,.T.);
#3350 = LINE('',#3351,#3352);
#3351 = CARTESIAN_POINT('',(165.48,165.48,90.));
#3352 = VECTOR('',#3353,1.);
#3353 = DIRECTION('',(0.,-1.,2.2E-16));
#3354 = ORIENTED_EDGE('',*,*,#3206,.T.);
#3355 = ORIENTED_EDGE('',*,*,#3356,.F.);
#3356 = EDGE_CURVE('',#3340,#3207,#3357,.T.);
#3357 = LINE('',#3358,#3359);
#3358 = CARTESIAN_POINT('',(-165.48,165.48,90.));
#3359 = VECTOR('',#3360,1.);
#3360 = DIRECTION('',(0.,-1.,2.2E-16));
#3361 = PLANE('',#3362);
#3362 = AXIS2_PLACEMENT_3D('',#3363,#3364,#3365);
#3363 = CARTESIAN_POINT('',(165.48,165.48,90.));
#3364 = DIRECTION('',(-0.,-2.2E-16,-1.));
#3365 = DIRECTION('',(-1.,0.,0.));
#3366 = ADVANCED_FACE('',(#3367),#3392,.T.);
#3367 = FACE_BOUND('',#3368,.T.);
#3368 = EDGE_LOOP('',(#3369,#3379,#3385,#3386));
#3369 = ORIENTED_EDGE('',*,*,#3370,.T.);
#3370 = EDGE_CURVE('',#3371,#3373,#3375,.T.);
#3371 = VERTEX_POINT('',#3372);
#3372 = CARTESIAN_POINT('',(165.48,-165.48,1.151E+04));
#3373 = VERTEX_POINT('',#3374);
#3374 = CARTESIAN_POINT('',(-165.48,-165.48,1.151E+04));
#3375 = LINE('',#3376,#3377);
#3376 = CARTESIAN_POINT('',(0.,-165.48,1.151E+04));
#3377 = VECTOR('',#3378,1.);
#3378 = DIRECTION('',(-1.,0.,0.));
#3379 = ORIENTED_EDGE('',*,*,#3380,.T.);
#3380 = EDGE_CURVE('',#3373,#3160,#3381,.T.);
#3381 = LINE('',#3382,#3383);
#3382 = CARTESIAN_POINT('',(-165.48,165.48,1.151E+04));
#3383 = VECTOR('',#3384,1.);
#3384 = DIRECTION('',(0.,-1.,2.2E-16));
#3385 = ORIENTED_EDGE('',*,*,#3167,.T.);
#3386 = ORIENTED_EDGE('',*,*,#3387,.F.);
#3387 = EDGE_CURVE('',#3371,#3168,#3388,.T.);
#3388 = LINE('',#3389,#3390);
#3389 = CARTESIAN_POINT('',(165.48,165.48,1.151E+04));
#3390 = VECTOR('',#3391,1.);
#3391 = DIRECTION('',(0.,-1.,2.2E-16));
#3392 = PLANE('',#3393);
#3393 = AXIS2_PLACEMENT_3D('',#3394,#3395,#3396);
#3394 = CARTESIAN_POINT('',(-165.48,165.48,1.151E+04));
#3395 = DIRECTION('',(0.,2.2E-16,1.));
#3396 = DIRECTION('',(1.,0.,-0.));
#3397 = ADVANCED_FACE('',(#3398),#3404,.F.);
#3398 = FACE_BOUND('',#3399,.F.);
#3399 = EDGE_LOOP('',(#3400,#3401,#3402,#3403));
#3400 = ORIENTED_EDGE('',*,*,#3237,.T.);
#3401 = ORIENTED_EDGE('',*,*,#3302,.T.);
#3402 = ORIENTED_EDGE('',*,*,#3143,.F.);
#3403 = ORIENTED_EDGE('',*,*,#3262,.F.);
#3404 = PLANE('',#3405);
#3405 = AXIS2_PLACEMENT_3D('',#3406,#3407,#3408);
#3406 = CARTESIAN_POINT('',(-175.,175.,0.));
#3407 = DIRECTION('',(1.,0.,0.));
#3408 = DIRECTION('',(0.,-1.,0.));
#3409 = ADVANCED_FACE('',(#3410),#3426,.F.);
#3410 = FACE_BOUND('',#3411,.F.);
#3411 = EDGE_LOOP('',(#3412,#3413,#3419,#3420));
#3412 = ORIENTED_EDGE('',*,*,#3339,.T.);
#3413 = ORIENTED_EDGE('',*,*,#3414,.T.);
#3414 = EDGE_CURVE('',#3342,#3371,#3415,.T.);
#3415 = LINE('',#3416,#3417);
#3416 = CARTESIAN_POINT('',(165.48,-165.48,0.));
#3417 = VECTOR('',#3418,1.);
#3418 = DIRECTION('',(0.,0.,1.));
#3419 = ORIENTED_EDGE('',*,*,#3370,.T.);
#3420 = ORIENTED_EDGE('',*,*,#3421,.F.);
#3421 = EDGE_CURVE('',#3340,#3373,#3422,.T.);
#3422 = LINE('',#3423,#3424);
#3423 = CARTESIAN_POINT('',(-165.48,-165.48,0.));
#3424 = VECTOR('',#3425,1.);
#3425 = DIRECTION('',(0.,0.,1.));
#3426 = PLANE('',#3427);
#3427 = AXIS2_PLACEMENT_3D('',#3428,#3429,#3430);
#3428 = CARTESIAN_POINT('',(165.48,-165.48,0.));
#3429 = DIRECTION('',(0.,-1.,0.));
#3430 = DIRECTION('',(-1.,0.,0.));
#3431 = ADVANCED_FACE('',(#3432),#3447,.T.);
#3432 = FACE_BOUND('',#3433,.T.);
#3433 = EDGE_LOOP('',(#3434,#3435,#3441,#3442,#3443,#3444,#3445,#3446));
#3434 = ORIENTED_EDGE('',*,*,#3269,.F.);
#3435 = ORIENTED_EDGE('',*,*,#3436,.T.);
#3436 = EDGE_CURVE('',#3270,#3310,#3437,.T.);
#3437 = LINE('',#3438,#3439);
#3438 = CARTESIAN_POINT('',(-165.48,165.48,0.));
#3439 = VECTOR('',#3440,1.);
#3440 = DIRECTION('',(0.,0.,1.));
#3441 = ORIENTED_EDGE('',*,*,#3309,.T.);
#3442 = ORIENTED_EDGE('',*,*,#3159,.T.);
#3443 = ORIENTED_EDGE('',*,*,#3380,.F.);
#3444 = ORIENTED_EDGE('',*,*,#3421,.F.);
#3445 = ORIENTED_EDGE('',*,*,#3356,.T.);
#3446 = ORIENTED_EDGE('',*,*,#3214,.T.);
#3447 = PLANE('',#3448);
#3448 = AXIS2_PLACEMENT_3D('',#3449,#3450,#3451);
#3449 = CARTESIAN_POINT('',(-165.48,-0.342943062761,5.8E+03));
#3450 = DIRECTION('',(1.,0.,0.));
#3451 = DIRECTION('',(0.,0.,1.));
#3452 = ADVANCED_FACE('',(#3453),#3468,.T.);
#3453 = FACE_BOUND('',#3454,.T.);
#3454 = EDGE_LOOP('',(#3455,#3456,#3457,#3458,#3459,#3460,#3466,#3467));
#3455 = ORIENTED_EDGE('',*,*,#3349,.F.);
#3456 = ORIENTED_EDGE('',*,*,#3414,.T.);
#3457 = ORIENTED_EDGE('',*,*,#3387,.T.);
#3458 = ORIENTED_EDGE('',*,*,#3175,.T.);
#3459 = ORIENTED_EDGE('',*,*,#3325,.T.);
#3460 = ORIENTED_EDGE('',*,*,#3461,.F.);
#3461 = EDGE_CURVE('',#3278,#3318,#3462,.T.);
#3462 = LINE('',#3463,#3464);
#3463 = CARTESIAN_POINT('',(165.48,165.48,0.));
#3464 = VECTOR('',#3465,1.);
#3465 = DIRECTION('',(0.,0.,1.));
#3466 = ORIENTED_EDGE('',*,*,#3285,.T.);
#3467 = ORIENTED_EDGE('',*,*,#3198,.T.);
#3468 = PLANE('',#3469);
#3469 = AXIS2_PLACEMENT_3D('',#3470,#3471,#3472);
#3470 = CARTESIAN_POINT('',(165.48,-0.342943062761,5.8E+03));
#3471 = DIRECTION('',(-1.,-0.,-0.));
#3472 = DIRECTION('',(0.,0.,-1.));
#3473 = ADVANCED_FACE('',(#3474),#3480,.T.);
#3474 = FACE_BOUND('',#3475,.T.);
#3475 = EDGE_LOOP('',(#3476,#3477,#3478,#3479));
#3476 = ORIENTED_EDGE('',*,*,#3277,.F.);
#3477 = ORIENTED_EDGE('',*,*,#3461,.T.);
#3478 = ORIENTED_EDGE('',*,*,#3317,.T.);
#3479 = ORIENTED_EDGE('',*,*,#3436,.F.);
#3480 = PLANE('',#3481);
#3481 = AXIS2_PLACEMENT_3D('',#3482,#3483,#3484);
#3482 = CARTESIAN_POINT('',(-1.91E-15,165.48,5.8E+03));
#3483 = DIRECTION('',(-0.,-1.,-0.));
#3484 = DIRECTION('',(0.,0.,-1.));
#3485 = ( GEOMETRIC_REPRESENTATION_CONTEXT(3) 
GLOBAL_UNCERTAINTY_ASSIGNED_CONTEXT((#3489)) 
GLOBAL_UNIT_ASSIGNED_CONTEXT((#3486,#3487,#3488)) REPRESENTATION_CONTEXT
('Context #1','3D Context with UNIT and UNCERTAINTY') );
#3486 = ( LENGTH_UNIT() NAMED_UNIT(*) SI_UNIT(.MILLI.,.METRE.) );
#3487 = ( NAMED_UNIT(*) PLANE_ANGLE_UNIT() SI_UNIT($,.RADIAN.) );
#3488 = ( NAMED_UNIT(*) SI_UNIT($,.STERADIAN.) SOLID_ANGLE_UNIT() );
#3489 = UNCERTAINTY_MEASURE_WITH_UNIT(LENGTH_MEASURE(1.E-02),#3486,
  'distance_accuracy_value','confusion accuracy');
#3490 = CONTEXT_DEPENDENT_SHAPE_REPRESENTATION(#3491,#3493);
#3491 = ( REPRESENTATION_RELATIONSHIP('','',#3086,#3023) 
REPRESENTATION_RELATIONSHIP_WITH_TRANSFORMATION(#3492) 
SHAPE_REPRESENTATION_RELATIONSHIP() );
#3492 = ITEM_DEFINED_TRANSFORMATION('','',#11,#3024);
#3493 = PRODUCT_DEFINITION_SHAPE('Placement','Placement of an item',
  #3494);
#3494 = NEXT_ASSEMBLY_USAGE_OCCURRENCE('7','corpo','',#3018,#3081,$);
#3495 = CC_DESIGN_SECURITY_CLASSIFICATION(#3496,(#3494));
#3496 = SECURITY_CLASSIFICATION('','',#55);
#3497 = CC_DESIGN_PERSON_AND_ORGANIZATION_ASSIGNMENT(#44,#53,(#3496));
#3498 = CC_DESIGN_DATE_AND_TIME_ASSIGNMENT(#58,#64,(#3496));
#3499 = CC_DESIGN_APPROVAL(#66,(#3496));
#3500 = PRODUCT_RELATED_PRODUCT_CATEGORY('detail',$,(#3083));
#3501 = PRODUCT_CATEGORY_RELATIONSHIP('','',#3502,#3500);
#3502 = PRODUCT_CATEGORY('part',$);
#3503 = CC_DESIGN_PERSON_AND_ORGANIZATION_ASSIGNMENT(#44,#47,(#3082,
    #3081));
#3504 = CC_DESIGN_PERSON_AND_ORGANIZATION_ASSIGNMENT(#44,#49,(#3083));
#3505 = CC_DESIGN_PERSON_AND_ORGANIZATION_ASSIGNMENT(#44,#51,(#3082));
#3506 = CC_DESIGN_PERSON_AND_ORGANIZATION_ASSIGNMENT(#44,#53,(#3507));
#3507 = SECURITY_CLASSIFICATION('','',#55);
#3508 = CC_DESIGN_SECURITY_CLASSIFICATION(#3507,(#3082));
#3509 = CC_DESIGN_DATE_AND_TIME_ASSIGNMENT(#58,#62,(#3081));
#3510 = CC_DESIGN_DATE_AND_TIME_ASSIGNMENT(#58,#64,(#3507));
#3511 = CC_DESIGN_APPROVAL(#66,(#3082,#3081,#3507));
#3512 = SHAPE_DEFINITION_REPRESENTATION(#3513,#3519);
#3513 = PRODUCT_DEFINITION_SHAPE('','',#3514);
#3514 = PRODUCT_DEFINITION('design','',#3515,#3518);
#3515 = PRODUCT_DEFINITION_FORMATION_WITH_SPECIFIED_SOURCE('','',#3516,
  .NOT_KNOWN.);
#3516 = PRODUCT('flange_inferior','flange_inferior','',(#3517));
#3517 = MECHANICAL_CONTEXT('',#2,'mechanical');
#3518 = DESIGN_CONTEXT('',#2,'design');
#3519 = ADVANCED_BREP_SHAPE_REPRESENTATION('',(#11,#3520),#4639);
#3520 = MANIFOLD_SOLID_BREP('',#3521);
#3521 = CLOSED_SHELL('',(#3522,#3562,#3593,#3624,#3655,#3686,#3719,#3750
    ,#3783,#3814,#3847,#3878,#3911,#3942,#3975,#4006,#4039,#4070,#4101,
    #4132,#4154,#4187,#4220,#4253,#4286,#4319,#4352,#4385,#4418,#4451,
    #4484,#4517,#4578));
#3522 = ADVANCED_FACE('',(#3523),#3557,.T.);
#3523 = FACE_BOUND('',#3524,.T.);
#3524 = EDGE_LOOP('',(#3525,#3535,#3543,#3551));
#3525 = ORIENTED_EDGE('',*,*,#3526,.T.);
#3526 = EDGE_CURVE('',#3527,#3529,#3531,.T.);
#3527 = VERTEX_POINT('',#3528);
#3528 = CARTESIAN_POINT('',(-235.,-175.,0.));
#3529 = VERTEX_POINT('',#3530);
#3530 = CARTESIAN_POINT('',(-235.,-175.,-20.));
#3531 = LINE('',#3532,#3533);
#3532 = CARTESIAN_POINT('',(-235.,-175.,0.));
#3533 = VECTOR('',#3534,1.);
#3534 = DIRECTION('',(-0.,-0.,-1.));
#3535 = ORIENTED_EDGE('',*,*,#3536,.T.);
#3536 = EDGE_CURVE('',#3529,#3537,#3539,.T.);
#3537 = VERTEX_POINT('',#3538);
#3538 = CARTESIAN_POINT('',(235.,-175.,-20.));
#3539 = LINE('',#3540,#3541);
#3540 = CARTESIAN_POINT('',(-235.,-175.,-20.));
#3541 = VECTOR('',#3542,1.);
#3542 = DIRECTION('',(1.,0.,0.));
#3543 = ORIENTED_EDGE('',*,*,#3544,.F.);
#3544 = EDGE_CURVE('',#3545,#3537,#3547,.T.);
#3545 = VERTEX_POINT('',#3546);
#3546 = CARTESIAN_POINT('',(235.,-175.,0.));
#3547 = LINE('',#3548,#3549);
#3548 = CARTESIAN_POINT('',(235.,-175.,0.));
#3549 = VECTOR('',#3550,1.);
#3550 = DIRECTION('',(-0.,-0.,-1.));
#3551 = ORIENTED_EDGE('',*,*,#3552,.F.);
#3552 = EDGE_CURVE('',#3527,#3545,#3553,.T.);
#3553 = LINE('',#3554,#3555);
#3554 = CARTESIAN_POINT('',(-235.,-175.,0.));
#3555 = VECTOR('',#3556,1.);
#3556 = DIRECTION('',(1.,0.,0.));
#3557 = PLANE('',#3558);
#3558 = AXIS2_PLACEMENT_3D('',#3559,#3560,#3561);
#3559 = CARTESIAN_POINT('',(-235.,-175.,0.));
#3560 = DIRECTION('',(0.,-1.,0.));
#3561 = DIRECTION('',(1.,0.,0.));
#3562 = ADVANCED_FACE('',(#3563),#3588,.T.);
#3563 = FACE_BOUND('',#3564,.T.);
#3564 = EDGE_LOOP('',(#3565,#3566,#3574,#3582));
#3565 = ORIENTED_EDGE('',*,*,#3544,.T.);
#3566 = ORIENTED_EDGE('',*,*,#3567,.T.);
#3567 = EDGE_CURVE('',#3537,#3568,#3570,.T.);
#3568 = VERTEX_POINT('',#3569);
#3569 = CARTESIAN_POINT('',(235.,-115.,-20.));
#3570 = LINE('',#3571,#3572);
#3571 = CARTESIAN_POINT('',(235.,-175.,-20.));
#3572 = VECTOR('',#3573,1.);
#3573 = DIRECTION('',(0.,1.,0.));
#3574 = ORIENTED_EDGE('',*,*,#3575,.F.);
#3575 = EDGE_CURVE('',#3576,#3568,#3578,.T.);
#3576 = VERTEX_POINT('',#3577);
#3577 = CARTESIAN_POINT('',(235.,-115.,0.));
#3578 = LINE('',#3579,#3580);
#3579 = CARTESIAN_POINT('',(235.,-115.,0.));
#3580 = VECTOR('',#3581,1.);
#3581 = DIRECTION('',(-0.,-0.,-1.));
#3582 = ORIENTED_EDGE('',*,*,#3583,.F.);
#3583 = EDGE_CURVE('',#3545,#3576,#3584,.T.);
#3584 = LINE('',#3585,#3586);
#3585 = CARTESIAN_POINT('',(235.,-175.,0.));
#3586 = VECTOR('',#3587,1.);
#3587 = DIRECTION('',(0.,1.,0.));
#3588 = PLANE('',#3589);
#3589 = AXIS2_PLACEMENT_3D('',#3590,#3591,#3592);
#3590 = CARTESIAN_POINT('',(235.,-175.,0.));
#3591 = DIRECTION('',(1.,0.,0.));
#3592 = DIRECTION('',(-0.,1.,0.));
#3593 = ADVANCED_FACE('',(#3594),#3619,.T.);
#3594 = FACE_BOUND('',#3595,.T.);
#3595 = EDGE_LOOP('',(#3596,#3597,#3605,#3613));
#3596 = ORIENTED_EDGE('',*,*,#3575,.T.);
#3597 = ORIENTED_EDGE('',*,*,#3598,.T.);
#3598 = EDGE_CURVE('',#3568,#3599,#3601,.T.);
#3599 = VERTEX_POINT('',#3600);
#3600 = CARTESIAN_POINT('',(175.,-115.,-20.));
#3601 = LINE('',#3602,#3603);
#3602 = CARTESIAN_POINT('',(235.,-115.,-20.));
#3603 = VECTOR('',#3604,1.);
#3604 = DIRECTION('',(-1.,0.,0.));
#3605 = ORIENTED_EDGE('',*,*,#3606,.F.);
#3606 = EDGE_CURVE('',#3607,#3599,#3609,.T.);
#3607 = VERTEX_POINT('',#3608);
#3608 = CARTESIAN_POINT('',(175.,-115.,0.));
#3609 = LINE('',#3610,#3611);
#3610 = CARTESIAN_POINT('',(175.,-115.,0.));
#3611 = VECTOR('',#3612,1.);
#3612 = DIRECTION('',(-0.,-0.,-1.));
#3613 = ORIENTED_EDGE('',*,*,#3614,.F.);
#3614 = EDGE_CURVE('',#3576,#3607,#3615,.T.);
#3615 = LINE('',#3616,#3617);
#3616 = CARTESIAN_POINT('',(235.,-115.,0.));
#3617 = VECTOR('',#3618,1.);
#3618 = DIRECTION('',(-1.,0.,0.));
#3619 = PLANE('',#3620);
#3620 = AXIS2_PLACEMENT_3D('',#3621,#3622,#3623);
#3621 = CARTESIAN_POINT('',(235.,-115.,0.));
#3622 = DIRECTION('',(0.,1.,0.));
#3623 = DIRECTION('',(-1.,0.,0.));
#3624 = ADVANCED_FACE('',(#3625),#3650,.T.);
#3625 = FACE_BOUND('',#3626,.T.);
#3626 = EDGE_LOOP('',(#3627,#3628,#3636,#3644));
#3627 = ORIENTED_EDGE('',*,*,#3606,.T.);
#3628 = ORIENTED_EDGE('',*,*,#3629,.T.);
#3629 = EDGE_CURVE('',#3599,#3630,#3632,.T.);
#3630 = VERTEX_POINT('',#3631);
#3631 = CARTESIAN_POINT('',(175.,-37.,-20.));
#3632 = LINE('',#3633,#3634);
#3633 = CARTESIAN_POINT('',(175.,-115.,-20.));
#3634 = VECTOR('',#3635,1.);
#3635 = DIRECTION('',(0.,1.,0.));
#3636 = ORIENTED_EDGE('',*,*,#3637,.F.);
#3637 = EDGE_CURVE('',#3638,#3630,#3640,.T.);
#3638 = VERTEX_POINT('',#3639);
#3639 = CARTESIAN_POINT('',(175.,-37.,0.));
#3640 = LINE('',#3641,#3642);
#3641 = CARTESIAN_POINT('',(175.,-37.,0.));
#3642 = VECTOR('',#3643,1.);
#3643 = DIRECTION('',(-0.,-0.,-1.));
#3644 = ORIENTED_EDGE('',*,*,#3645,.F.);
#3645 = EDGE_CURVE('',#3607,#3638,#3646,.T.);
#3646 = LINE('',#3647,#3648);
#3647 = CARTESIAN_POINT('',(175.,-115.,0.));
#3648 = VECTOR('',#3649,1.);
#3649 = DIRECTION('',(0.,1.,0.));
#3650 = PLANE('',#3651);
#3651 = AXIS2_PLACEMENT_3D('',#3652,#3653,#3654);
#3652 = CARTESIAN_POINT('',(175.,-115.,0.));
#3653 = DIRECTION('',(1.,0.,0.));
#3654 = DIRECTION('',(-0.,1.,0.));
#3655 = ADVANCED_FACE('',(#3656),#3681,.T.);
#3656 = FACE_BOUND('',#3657,.T.);
#3657 = EDGE_LOOP('',(#3658,#3659,#3667,#3675));
#3658 = ORIENTED_EDGE('',*,*,#3637,.T.);
#3659 = ORIENTED_EDGE('',*,*,#3660,.T.);
#3660 = EDGE_CURVE('',#3630,#3661,#3663,.T.);
#3661 = VERTEX_POINT('',#3662);
#3662 = CARTESIAN_POINT('',(206.5,-37.,-20.));
#3663 = LINE('',#3664,#3665);
#3664 = CARTESIAN_POINT('',(175.,-37.,-20.));
#3665 = VECTOR('',#3666,1.);
#3666 = DIRECTION('',(1.,0.,0.));
#3667 = ORIENTED_EDGE('',*,*,#3668,.F.);
#3668 = EDGE_CURVE('',#3669,#3661,#3671,.T.);
#3669 = VERTEX_POINT('',#3670);
#3670 = CARTESIAN_POINT('',(206.5,-37.,0.));
#3671 = LINE('',#3672,#3673);
#3672 = CARTESIAN_POINT('',(206.5,-37.,0.));
#3673 = VECTOR('',#3674,1.);
#3674 = DIRECTION('',(-0.,-0.,-1.));
#3675 = ORIENTED_EDGE('',*,*,#3676,.F.);
#3676 = EDGE_CURVE('',#3638,#3669,#3677,.T.);
#3677 = LINE('',#3678,#3679);
#3678 = CARTESIAN_POINT('',(175.,-37.,0.));
#3679 = VECTOR('',#3680,1.);
#3680 = DIRECTION('',(1.,0.,0.));
#3681 = PLANE('',#3682);
#3682 = AXIS2_PLACEMENT_3D('',#3683,#3684,#3685);
#3683 = CARTESIAN_POINT('',(175.,-37.,0.));
#3684 = DIRECTION('',(0.,-1.,0.));
#3685 = DIRECTION('',(1.,0.,0.));
#3686 = ADVANCED_FACE('',(#3687),#3714,.T.);
#3687 = FACE_BOUND('',#3688,.T.);
#3688 = EDGE_LOOP('',(#3689,#3690,#3699,#3707));
#3689 = ORIENTED_EDGE('',*,*,#3668,.T.);
#3690 = ORIENTED_EDGE('',*,*,#3691,.T.);
#3691 = EDGE_CURVE('',#3661,#3692,#3694,.T.);
#3692 = VERTEX_POINT('',#3693);
#3693 = CARTESIAN_POINT('',(225.,-18.5,-20.));
#3694 = CIRCLE('',#3695,18.5);
#3695 = AXIS2_PLACEMENT_3D('',#3696,#3697,#3698);
#3696 = CARTESIAN_POINT('',(206.5,-18.5,-20.));
#3697 = DIRECTION('',(0.,0.,1.));
#3698 = DIRECTION('',(1.,0.,0.));
#3699 = ORIENTED_EDGE('',*,*,#3700,.F.);
#3700 = EDGE_CURVE('',#3701,#3692,#3703,.T.);
#3701 = VERTEX_POINT('',#3702);
#3702 = CARTESIAN_POINT('',(225.,-18.5,0.));
#3703 = LINE('',#3704,#3705);
#3704 = CARTESIAN_POINT('',(225.,-18.5,0.));
#3705 = VECTOR('',#3706,1.);
#3706 = DIRECTION('',(-0.,-0.,-1.));
#3707 = ORIENTED_EDGE('',*,*,#3708,.F.);
#3708 = EDGE_CURVE('',#3669,#3701,#3709,.T.);
#3709 = CIRCLE('',#3710,18.5);
#3710 = AXIS2_PLACEMENT_3D('',#3711,#3712,#3713);
#3711 = CARTESIAN_POINT('',(206.5,-18.5,0.));
#3712 = DIRECTION('',(0.,0.,1.));
#3713 = DIRECTION('',(1.,0.,0.));
#3714 = CYLINDRICAL_SURFACE('',#3715,18.5);
#3715 = AXIS2_PLACEMENT_3D('',#3716,#3717,#3718);
#3716 = CARTESIAN_POINT('',(206.5,-18.5,0.));
#3717 = DIRECTION('',(0.,0.,1.));
#3718 = DIRECTION('',(1.,0.,-0.));
#3719 = ADVANCED_FACE('',(#3720),#3745,.T.);
#3720 = FACE_BOUND('',#3721,.T.);
#3721 = EDGE_LOOP('',(#3722,#3723,#3731,#3739));
#3722 = ORIENTED_EDGE('',*,*,#3700,.T.);
#3723 = ORIENTED_EDGE('',*,*,#3724,.T.);
#3724 = EDGE_CURVE('',#3692,#3725,#3727,.T.);
#3725 = VERTEX_POINT('',#3726);
#3726 = CARTESIAN_POINT('',(225.,119.24739222217,-20.));
#3727 = LINE('',#3728,#3729);
#3728 = CARTESIAN_POINT('',(225.,-18.5,-20.));
#3729 = VECTOR('',#3730,1.);
#3730 = DIRECTION('',(0.,1.,0.));
#3731 = ORIENTED_EDGE('',*,*,#3732,.F.);
#3732 = EDGE_CURVE('',#3733,#3725,#3735,.T.);
#3733 = VERTEX_POINT('',#3734);
#3734 = CARTESIAN_POINT('',(225.,119.24739222217,0.));
#3735 = LINE('',#3736,#3737);
#3736 = CARTESIAN_POINT('',(225.,119.24739222217,0.));
#3737 = VECTOR('',#3738,1.);
#3738 = DIRECTION('',(-0.,-0.,-1.));
#3739 = ORIENTED_EDGE('',*,*,#3740,.F.);
#3740 = EDGE_CURVE('',#3701,#3733,#3741,.T.);
#3741 = LINE('',#3742,#3743);
#3742 = CARTESIAN_POINT('',(225.,-18.5,0.));
#3743 = VECTOR('',#3744,1.);
#3744 = DIRECTION('',(0.,1.,0.));
#3745 = PLANE('',#3746);
#3746 = AXIS2_PLACEMENT_3D('',#3747,#3748,#3749);
#3747 = CARTESIAN_POINT('',(225.,-18.5,0.));
#3748 = DIRECTION('',(1.,0.,0.));
#3749 = DIRECTION('',(-0.,1.,0.));
#3750 = ADVANCED_FACE('',(#3751),#3778,.T.);
#3751 = FACE_BOUND('',#3752,.T.);
#3752 = EDGE_LOOP('',(#3753,#3754,#3763,#3771));
#3753 = ORIENTED_EDGE('',*,*,#3732,.T.);
#3754 = ORIENTED_EDGE('',*,*,#3755,.T.);
#3755 = EDGE_CURVE('',#3725,#3756,#3758,.T.);
#3756 = VERTEX_POINT('',#3757);
#3757 = CARTESIAN_POINT('',(220.32088886238,132.1031444159,-20.));
#3758 = CIRCLE('',#3759,20.);
#3759 = AXIS2_PLACEMENT_3D('',#3760,#3761,#3762);
#3760 = CARTESIAN_POINT('',(205.,119.24739222217,-20.));
#3761 = DIRECTION('',(0.,0.,1.));
#3762 = DIRECTION('',(1.,0.,0.));
#3763 = ORIENTED_EDGE('',*,*,#3764,.F.);
#3764 = EDGE_CURVE('',#3765,#3756,#3767,.T.);
#3765 = VERTEX_POINT('',#3766);
#3766 = CARTESIAN_POINT('',(220.32088886238,132.1031444159,0.));
#3767 = LINE('',#3768,#3769);
#3768 = CARTESIAN_POINT('',(220.32088886238,132.1031444159,0.));
#3769 = VECTOR('',#3770,1.);
#3770 = DIRECTION('',(-0.,-0.,-1.));
#3771 = ORIENTED_EDGE('',*,*,#3772,.F.);
#3772 = EDGE_CURVE('',#3733,#3765,#3773,.T.);
#3773 = CIRCLE('',#3774,20.);
#3774 = AXIS2_PLACEMENT_3D('',#3775,#3776,#3777);
#3775 = CARTESIAN_POINT('',(205.,119.24739222217,0.));
#3776 = DIRECTION('',(0.,0.,1.));
#3777 = DIRECTION('',(1.,0.,0.));
#3778 = CYLINDRICAL_SURFACE('',#3779,20.);
#3779 = AXIS2_PLACEMENT_3D('',#3780,#3781,#3782);
#3780 = CARTESIAN_POINT('',(205.,119.24739222217,0.));
#3781 = DIRECTION('',(0.,0.,1.));
#3782 = DIRECTION('',(1.,0.,-0.));
#3783 = ADVANCED_FACE('',(#3784),#3809,.T.);
#3784 = FACE_BOUND('',#3785,.T.);
#3785 = EDGE_LOOP('',(#3786,#3787,#3795,#3803));
#3786 = ORIENTED_EDGE('',*,*,#3764,.T.);
#3787 = ORIENTED_EDGE('',*,*,#3788,.T.);
#3788 = EDGE_CURVE('',#3756,#3789,#3791,.T.);
#3789 = VERTEX_POINT('',#3790);
#3790 = CARTESIAN_POINT('',(190.32088886238,167.85575219373,-20.));
#3791 = LINE('',#3792,#3793);
#3792 = CARTESIAN_POINT('',(220.32088886238,132.1031444159,-20.));
#3793 = VECTOR('',#3794,1.);
#3794 = DIRECTION('',(-0.642787609687,0.766044443119,0.));
#3795 = ORIENTED_EDGE('',*,*,#3796,.F.);
#3796 = EDGE_CURVE('',#3797,#3789,#3799,.T.);
#3797 = VERTEX_POINT('',#3798);
#3798 = CARTESIAN_POINT('',(190.32088886238,167.85575219373,0.));
#3799 = LINE('',#3800,#3801);
#3800 = CARTESIAN_POINT('',(190.32088886238,167.85575219373,0.));
#3801 = VECTOR('',#3802,1.);
#3802 = DIRECTION('',(-0.,-0.,-1.));
#3803 = ORIENTED_EDGE('',*,*,#3804,.F.);
#3804 = EDGE_CURVE('',#3765,#3797,#3805,.T.);
#3805 = LINE('',#3806,#3807);
#3806 = CARTESIAN_POINT('',(220.32088886238,132.1031444159,0.));
#3807 = VECTOR('',#3808,1.);
#3808 = DIRECTION('',(-0.642787609687,0.766044443119,0.));
#3809 = PLANE('',#3810);
#3810 = AXIS2_PLACEMENT_3D('',#3811,#3812,#3813);
#3811 = CARTESIAN_POINT('',(220.32088886238,132.1031444159,0.));
#3812 = DIRECTION('',(0.766044443119,0.642787609687,0.));
#3813 = DIRECTION('',(-0.642787609687,0.766044443119,0.));
#3814 = ADVANCED_FACE('',(#3815),#3842,.T.);
#3815 = FACE_BOUND('',#3816,.T.);
#3816 = EDGE_LOOP('',(#3817,#3818,#3827,#3835));
#3817 = ORIENTED_EDGE('',*,*,#3796,.T.);
#3818 = ORIENTED_EDGE('',*,*,#3819,.T.);
#3819 = EDGE_CURVE('',#3789,#3820,#3822,.T.);
#3820 = VERTEX_POINT('',#3821);
#3821 = CARTESIAN_POINT('',(175.,175.,-20.));
#3822 = CIRCLE('',#3823,20.);
#3823 = AXIS2_PLACEMENT_3D('',#3824,#3825,#3826);
#3824 = CARTESIAN_POINT('',(175.,155.,-20.));
#3825 = DIRECTION('',(0.,0.,1.));
#3826 = DIRECTION('',(1.,0.,0.));
#3827 = ORIENTED_EDGE('',*,*,#3828,.F.);
#3828 = EDGE_CURVE('',#3829,#3820,#3831,.T.);
#3829 = VERTEX_POINT('',#3830);
#3830 = CARTESIAN_POINT('',(175.,175.,0.));
#3831 = LINE('',#3832,#3833);
#3832 = CARTESIAN_POINT('',(175.,175.,0.));
#3833 = VECTOR('',#3834,1.);
#3834 = DIRECTION('',(-0.,-0.,-1.));
#3835 = ORIENTED_EDGE('',*,*,#3836,.F.);
#3836 = EDGE_CURVE('',#3797,#3829,#3837,.T.);
#3837 = CIRCLE('',#3838,20.);
#3838 = AXIS2_PLACEMENT_3D('',#3839,#3840,#3841);
#3839 = CARTESIAN_POINT('',(175.,155.,0.));
#3840 = DIRECTION('',(0.,0.,1.));
#3841 = DIRECTION('',(1.,0.,0.));
#3842 = CYLINDRICAL_SURFACE('',#3843,20.);
#3843 = AXIS2_PLACEMENT_3D('',#3844,#3845,#3846);
#3844 = CARTESIAN_POINT('',(175.,155.,0.));
#3845 = DIRECTION('',(0.,0.,1.));
#3846 = DIRECTION('',(1.,0.,-0.));
#3847 = ADVANCED_FACE('',(#3848),#3873,.T.);
#3848 = FACE_BOUND('',#3849,.T.);
#3849 = EDGE_LOOP('',(#3850,#3851,#3859,#3867));
#3850 = ORIENTED_EDGE('',*,*,#3828,.T.);
#3851 = ORIENTED_EDGE('',*,*,#3852,.T.);
#3852 = EDGE_CURVE('',#3820,#3853,#3855,.T.);
#3853 = VERTEX_POINT('',#3854);
#3854 = CARTESIAN_POINT('',(-175.,175.,-20.));
#3855 = LINE('',#3856,#3857);
#3856 = CARTESIAN_POINT('',(175.,175.,-20.));
#3857 = VECTOR('',#3858,1.);
#3858 = DIRECTION('',(-1.,0.,0.));
#3859 = ORIENTED_EDGE('',*,*,#3860,.F.);
#3860 = EDGE_CURVE('',#3861,#3853,#3863,.T.);
#3861 = VERTEX_POINT('',#3862);
#3862 = CARTESIAN_POINT('',(-175.,175.,0.));
#3863 = LINE('',#3864,#3865);
#3864 = CARTESIAN_POINT('',(-175.,175.,0.));
#3865 = VECTOR('',#3866,1.);
#3866 = DIRECTION('',(-0.,-0.,-1.));
#3867 = ORIENTED_EDGE('',*,*,#3868,.F.);
#3868 = EDGE_CURVE('',#3829,#3861,#3869,.T.);
#3869 = LINE('',#3870,#3871);
#3870 = CARTESIAN_POINT('',(175.,175.,0.));
#3871 = VECTOR('',#3872,1.);
#3872 = DIRECTION('',(-1.,0.,0.));
#3873 = PLANE('',#3874);
#3874 = AXIS2_PLACEMENT_3D('',#3875,#3876,#3877);
#3875 = CARTESIAN_POINT('',(175.,175.,0.));
#3876 = DIRECTION('',(0.,1.,0.));
#3877 = DIRECTION('',(-1.,0.,0.));
#3878 = ADVANCED_FACE('',(#3879),#3906,.T.);
#3879 = FACE_BOUND('',#3880,.T.);
#3880 = EDGE_LOOP('',(#3881,#3882,#3891,#3899));
#3881 = ORIENTED_EDGE('',*,*,#3860,.T.);
#3882 = ORIENTED_EDGE('',*,*,#3883,.T.);
#3883 = EDGE_CURVE('',#3853,#3884,#3886,.T.);
#3884 = VERTEX_POINT('',#3885);
#3885 = CARTESIAN_POINT('',(-190.3208888623,167.85575219373,-20.));
#3886 = CIRCLE('',#3887,20.);
#3887 = AXIS2_PLACEMENT_3D('',#3888,#3889,#3890);
#3888 = CARTESIAN_POINT('',(-175.,155.,-20.));
#3889 = DIRECTION('',(0.,0.,1.));
#3890 = DIRECTION('',(1.,0.,0.));
#3891 = ORIENTED_EDGE('',*,*,#3892,.F.);
#3892 = EDGE_CURVE('',#3893,#3884,#3895,.T.);
#3893 = VERTEX_POINT('',#3894);
#3894 = CARTESIAN_POINT('',(-190.3208888623,167.85575219373,0.));
#3895 = LINE('',#3896,#3897);
#3896 = CARTESIAN_POINT('',(-190.3208888623,167.85575219373,0.));
#3897 = VECTOR('',#3898,1.);
#3898 = DIRECTION('',(-0.,-0.,-1.));
#3899 = ORIENTED_EDGE('',*,*,#3900,.F.);
#3900 = EDGE_CURVE('',#3861,#3893,#3901,.T.);
#3901 = CIRCLE('',#3902,20.);
#3902 = AXIS2_PLACEMENT_3D('',#3903,#3904,#3905);
#3903 = CARTESIAN_POINT('',(-175.,155.,0.));
#3904 = DIRECTION('',(0.,0.,1.));
#3905 = DIRECTION('',(1.,0.,0.));
#3906 = CYLINDRICAL_SURFACE('',#3907,20.);
#3907 = AXIS2_PLACEMENT_3D('',#3908,#3909,#3910);
#3908 = CARTESIAN_POINT('',(-175.,155.,0.));
#3909 = DIRECTION('',(0.,0.,1.));
#3910 = DIRECTION('',(1.,0.,-0.));
#3911 = ADVANCED_FACE('',(#3912),#3937,.T.);
#3912 = FACE_BOUND('',#3913,.T.);
#3913 = EDGE_LOOP('',(#3914,#3915,#3923,#3931));
#3914 = ORIENTED_EDGE('',*,*,#3892,.T.);
#3915 = ORIENTED_EDGE('',*,*,#3916,.T.);
#3916 = EDGE_CURVE('',#3884,#3917,#3919,.T.);
#3917 = VERTEX_POINT('',#3918);
#3918 = CARTESIAN_POINT('',(-220.3208888623,132.1031444159,-20.));
#3919 = LINE('',#3920,#3921);
#3920 = CARTESIAN_POINT('',(-190.3208888623,167.85575219373,-20.));
#3921 = VECTOR('',#3922,1.);
#3922 = DIRECTION('',(-0.642787609687,-0.766044443119,0.));
#3923 = ORIENTED_EDGE('',*,*,#3924,.F.);
#3924 = EDGE_CURVE('',#3925,#3917,#3927,.T.);
#3925 = VERTEX_POINT('',#3926);
#3926 = CARTESIAN_POINT('',(-220.3208888623,132.1031444159,0.));
#3927 = LINE('',#3928,#3929);
#3928 = CARTESIAN_POINT('',(-220.3208888623,132.1031444159,0.));
#3929 = VECTOR('',#3930,1.);
#3930 = DIRECTION('',(-0.,-0.,-1.));
#3931 = ORIENTED_EDGE('',*,*,#3932,.F.);
#3932 = EDGE_CURVE('',#3893,#3925,#3933,.T.);
#3933 = LINE('',#3934,#3935);
#3934 = CARTESIAN_POINT('',(-190.3208888623,167.85575219373,0.));
#3935 = VECTOR('',#3936,1.);
#3936 = DIRECTION('',(-0.642787609687,-0.766044443119,0.));
#3937 = PLANE('',#3938);
#3938 = AXIS2_PLACEMENT_3D('',#3939,#3940,#3941);
#3939 = CARTESIAN_POINT('',(-190.3208888623,167.85575219373,0.));
#3940 = DIRECTION('',(-0.766044443119,0.642787609687,0.));
#3941 = DIRECTION('',(-0.642787609687,-0.766044443119,0.));
#3942 = ADVANCED_FACE('',(#3943),#3970,.T.);
#3943 = FACE_BOUND('',#3944,.T.);
#3944 = EDGE_LOOP('',(#3945,#3946,#3955,#3963));
#3945 = ORIENTED_EDGE('',*,*,#3924,.T.);
#3946 = ORIENTED_EDGE('',*,*,#3947,.T.);
#3947 = EDGE_CURVE('',#3917,#3948,#3950,.T.);
#3948 = VERTEX_POINT('',#3949);
#3949 = CARTESIAN_POINT('',(-225.,119.24739222217,-20.));
#3950 = CIRCLE('',#3951,20.);
#3951 = AXIS2_PLACEMENT_3D('',#3952,#3953,#3954);
#3952 = CARTESIAN_POINT('',(-205.,119.24739222217,-20.));
#3953 = DIRECTION('',(0.,0.,1.));
#3954 = DIRECTION('',(1.,0.,0.));
#3955 = ORIENTED_EDGE('',*,*,#3956,.F.);
#3956 = EDGE_CURVE('',#3957,#3948,#3959,.T.);
#3957 = VERTEX_POINT('',#3958);
#3958 = CARTESIAN_POINT('',(-225.,119.24739222217,0.));
#3959 = LINE('',#3960,#3961);
#3960 = CARTESIAN_POINT('',(-225.,119.24739222217,0.));
#3961 = VECTOR('',#3962,1.);
#3962 = DIRECTION('',(-0.,-0.,-1.));
#3963 = ORIENTED_EDGE('',*,*,#3964,.F.);
#3964 = EDGE_CURVE('',#3925,#3957,#3965,.T.);
#3965 = CIRCLE('',#3966,20.);
#3966 = AXIS2_PLACEMENT_3D('',#3967,#3968,#3969);
#3967 = CARTESIAN_POINT('',(-205.,119.24739222217,0.));
#3968 = DIRECTION('',(0.,0.,1.));
#3969 = DIRECTION('',(1.,0.,0.));
#3970 = CYLINDRICAL_SURFACE('',#3971,20.);
#3971 = AXIS2_PLACEMENT_3D('',#3972,#3973,#3974);
#3972 = CARTESIAN_POINT('',(-205.,119.24739222217,0.));
#3973 = DIRECTION('',(0.,0.,1.));
#3974 = DIRECTION('',(1.,0.,-0.));
#3975 = ADVANCED_FACE('',(#3976),#4001,.T.);
#3976 = FACE_BOUND('',#3977,.T.);
#3977 = EDGE_LOOP('',(#3978,#3979,#3987,#3995));
#3978 = ORIENTED_EDGE('',*,*,#3956,.T.);
#3979 = ORIENTED_EDGE('',*,*,#3980,.T.);
#3980 = EDGE_CURVE('',#3948,#3981,#3983,.T.);
#3981 = VERTEX_POINT('',#3982);
#3982 = CARTESIAN_POINT('',(-225.,-18.5,-20.));
#3983 = LINE('',#3984,#3985);
#3984 = CARTESIAN_POINT('',(-225.,119.24739222217,-20.));
#3985 = VECTOR('',#3986,1.);
#3986 = DIRECTION('',(0.,-1.,0.));
#3987 = ORIENTED_EDGE('',*,*,#3988,.F.);
#3988 = EDGE_CURVE('',#3989,#3981,#3991,.T.);
#3989 = VERTEX_POINT('',#3990);
#3990 = CARTESIAN_POINT('',(-225.,-18.5,0.));
#3991 = LINE('',#3992,#3993);
#3992 = CARTESIAN_POINT('',(-225.,-18.5,0.));
#3993 = VECTOR('',#3994,1.);
#3994 = DIRECTION('',(-0.,-0.,-1.));
#3995 = ORIENTED_EDGE('',*,*,#3996,.F.);
#3996 = EDGE_CURVE('',#3957,#3989,#3997,.T.);
#3997 = LINE('',#3998,#3999);
#3998 = CARTESIAN_POINT('',(-225.,119.24739222217,0.));
#3999 = VECTOR('',#4000,1.);
#4000 = DIRECTION('',(0.,-1.,0.));
#4001 = PLANE('',#4002);
#4002 = AXIS2_PLACEMENT_3D('',#4003,#4004,#4005);
#4003 = CARTESIAN_POINT('',(-225.,119.24739222217,0.));
#4004 = DIRECTION('',(-1.,0.,0.));
#4005 = DIRECTION('',(0.,-1.,0.));
#4006 = ADVANCED_FACE('',(#4007),#4034,.T.);
#4007 = FACE_BOUND('',#4008,.T.);
#4008 = EDGE_LOOP('',(#4009,#4010,#4019,#4027));
#4009 = ORIENTED_EDGE('',*,*,#3988,.T.);
#4010 = ORIENTED_EDGE('',*,*,#4011,.T.);
#4011 = EDGE_CURVE('',#3981,#4012,#4014,.T.);
#4012 = VERTEX_POINT('',#4013);
#4013 = CARTESIAN_POINT('',(-206.5,-37.,-20.));
#4014 = CIRCLE('',#4015,18.5);
#4015 = AXIS2_PLACEMENT_3D('',#4016,#4017,#4018);
#4016 = CARTESIAN_POINT('',(-206.5,-18.5,-20.));
#4017 = DIRECTION('',(0.,0.,1.));
#4018 = DIRECTION('',(1.,0.,0.));
#4019 = ORIENTED_EDGE('',*,*,#4020,.F.);
#4020 = EDGE_CURVE('',#4021,#4012,#4023,.T.);
#4021 = VERTEX_POINT('',#4022);
#4022 = CARTESIAN_POINT('',(-206.5,-37.,0.));
#4023 = LINE('',#4024,#4025);
#4024 = CARTESIAN_POINT('',(-206.5,-37.,0.));
#4025 = VECTOR('',#4026,1.);
#4026 = DIRECTION('',(-0.,-0.,-1.));
#4027 = ORIENTED_EDGE('',*,*,#4028,.F.);
#4028 = EDGE_CURVE('',#3989,#4021,#4029,.T.);
#4029 = CIRCLE('',#4030,18.5);
#4030 = AXIS2_PLACEMENT_3D('',#4031,#4032,#4033);
#4031 = CARTESIAN_POINT('',(-206.5,-18.5,0.));
#4032 = DIRECTION('',(0.,0.,1.));
#4033 = DIRECTION('',(1.,0.,0.));
#4034 = CYLINDRICAL_SURFACE('',#4035,18.5);
#4035 = AXIS2_PLACEMENT_3D('',#4036,#4037,#4038);
#4036 = CARTESIAN_POINT('',(-206.5,-18.5,0.));
#4037 = DIRECTION('',(0.,0.,1.));
#4038 = DIRECTION('',(1.,0.,-0.));
#4039 = ADVANCED_FACE('',(#4040),#4065,.T.);
#4040 = FACE_BOUND('',#4041,.T.);
#4041 = EDGE_LOOP('',(#4042,#4043,#4051,#4059));
#4042 = ORIENTED_EDGE('',*,*,#4020,.T.);
#4043 = ORIENTED_EDGE('',*,*,#4044,.T.);
#4044 = EDGE_CURVE('',#4012,#4045,#4047,.T.);
#4045 = VERTEX_POINT('',#4046);
#4046 = CARTESIAN_POINT('',(-175.,-37.,-20.));
#4047 = LINE('',#4048,#4049);
#4048 = CARTESIAN_POINT('',(-206.5,-37.,-20.));
#4049 = VECTOR('',#4050,1.);
#4050 = DIRECTION('',(1.,0.,0.));
#4051 = ORIENTED_EDGE('',*,*,#4052,.F.);
#4052 = EDGE_CURVE('',#4053,#4045,#4055,.T.);
#4053 = VERTEX_POINT('',#4054);
#4054 = CARTESIAN_POINT('',(-175.,-37.,0.));
#4055 = LINE('',#4056,#4057);
#4056 = CARTESIAN_POINT('',(-175.,-37.,0.));
#4057 = VECTOR('',#4058,1.);
#4058 = DIRECTION('',(-0.,-0.,-1.));
#4059 = ORIENTED_EDGE('',*,*,#4060,.F.);
#4060 = EDGE_CURVE('',#4021,#4053,#4061,.T.);
#4061 = LINE('',#4062,#4063);
#4062 = CARTESIAN_POINT('',(-206.5,-37.,0.));
#4063 = VECTOR('',#4064,1.);
#4064 = DIRECTION('',(1.,0.,0.));
#4065 = PLANE('',#4066);
#4066 = AXIS2_PLACEMENT_3D('',#4067,#4068,#4069);
#4067 = CARTESIAN_POINT('',(-206.5,-37.,0.));
#4068 = DIRECTION('',(0.,-1.,0.));
#4069 = DIRECTION('',(1.,0.,0.));
#4070 = ADVANCED_FACE('',(#4071),#4096,.T.);
#4071 = FACE_BOUND('',#4072,.T.);
#4072 = EDGE_LOOP('',(#4073,#4074,#4082,#4090));
#4073 = ORIENTED_EDGE('',*,*,#4052,.T.);
#4074 = ORIENTED_EDGE('',*,*,#4075,.T.);
#4075 = EDGE_CURVE('',#4045,#4076,#4078,.T.);
#4076 = VERTEX_POINT('',#4077);
#4077 = CARTESIAN_POINT('',(-175.,-115.,-20.));
#4078 = LINE('',#4079,#4080);
#4079 = CARTESIAN_POINT('',(-175.,-37.,-20.));
#4080 = VECTOR('',#4081,1.);
#4081 = DIRECTION('',(0.,-1.,0.));
#4082 = ORIENTED_EDGE('',*,*,#4083,.F.);
#4083 = EDGE_CURVE('',#4084,#4076,#4086,.T.);
#4084 = VERTEX_POINT('',#4085);
#4085 = CARTESIAN_POINT('',(-175.,-115.,0.));
#4086 = LINE('',#4087,#4088);
#4087 = CARTESIAN_POINT('',(-175.,-115.,0.));
#4088 = VECTOR('',#4089,1.);
#4089 = DIRECTION('',(-0.,-0.,-1.));
#4090 = ORIENTED_EDGE('',*,*,#4091,.F.);
#4091 = EDGE_CURVE('',#4053,#4084,#4092,.T.);
#4092 = LINE('',#4093,#4094);
#4093 = CARTESIAN_POINT('',(-175.,-37.,0.));
#4094 = VECTOR('',#4095,1.);
#4095 = DIRECTION('',(0.,-1.,0.));
#4096 = PLANE('',#4097);
#4097 = AXIS2_PLACEMENT_3D('',#4098,#4099,#4100);
#4098 = CARTESIAN_POINT('',(-175.,-37.,0.));
#4099 = DIRECTION('',(-1.,0.,0.));
#4100 = DIRECTION('',(0.,-1.,0.));
#4101 = ADVANCED_FACE('',(#4102),#4127,.T.);
#4102 = FACE_BOUND('',#4103,.T.);
#4103 = EDGE_LOOP('',(#4104,#4105,#4113,#4121));
#4104 = ORIENTED_EDGE('',*,*,#4083,.T.);
#4105 = ORIENTED_EDGE('',*,*,#4106,.T.);
#4106 = EDGE_CURVE('',#4076,#4107,#4109,.T.);
#4107 = VERTEX_POINT('',#4108);
#4108 = CARTESIAN_POINT('',(-235.,-115.,-20.));
#4109 = LINE('',#4110,#4111);
#4110 = CARTESIAN_POINT('',(-175.,-115.,-20.));
#4111 = VECTOR('',#4112,1.);
#4112 = DIRECTION('',(-1.,0.,0.));
#4113 = ORIENTED_EDGE('',*,*,#4114,.F.);
#4114 = EDGE_CURVE('',#4115,#4107,#4117,.T.);
#4115 = VERTEX_POINT('',#4116);
#4116 = CARTESIAN_POINT('',(-235.,-115.,0.));
#4117 = LINE('',#4118,#4119);
#4118 = CARTESIAN_POINT('',(-235.,-115.,0.));
#4119 = VECTOR('',#4120,1.);
#4120 = DIRECTION('',(-0.,-0.,-1.));
#4121 = ORIENTED_EDGE('',*,*,#4122,.F.);
#4122 = EDGE_CURVE('',#4084,#4115,#4123,.T.);
#4123 = LINE('',#4124,#4125);
#4124 = CARTESIAN_POINT('',(-175.,-115.,0.));
#4125 = VECTOR('',#4126,1.);
#4126 = DIRECTION('',(-1.,0.,0.));
#4127 = PLANE('',#4128);
#4128 = AXIS2_PLACEMENT_3D('',#4129,#4130,#4131);
#4129 = CARTESIAN_POINT('',(-175.,-115.,0.));
#4130 = DIRECTION('',(0.,1.,0.));
#4131 = DIRECTION('',(-1.,0.,0.));
#4132 = ADVANCED_FACE('',(#4133),#4149,.T.);
#4133 = FACE_BOUND('',#4134,.T.);
#4134 = EDGE_LOOP('',(#4135,#4136,#4142,#4143));
#4135 = ORIENTED_EDGE('',*,*,#4114,.T.);
#4136 = ORIENTED_EDGE('',*,*,#4137,.T.);
#4137 = EDGE_CURVE('',#4107,#3529,#4138,.T.);
#4138 = LINE('',#4139,#4140);
#4139 = CARTESIAN_POINT('',(-235.,-115.,-20.));
#4140 = VECTOR('',#4141,1.);
#4141 = DIRECTION('',(0.,-1.,0.));
#4142 = ORIENTED_EDGE('',*,*,#3526,.F.);
#4143 = ORIENTED_EDGE('',*,*,#4144,.F.);
#4144 = EDGE_CURVE('',#4115,#3527,#4145,.T.);
#4145 = LINE('',#4146,#4147);
#4146 = CARTESIAN_POINT('',(-235.,-115.,0.));
#4147 = VECTOR('',#4148,1.);
#4148 = DIRECTION('',(0.,-1.,0.));
#4149 = PLANE('',#4150);
#4150 = AXIS2_PLACEMENT_3D('',#4151,#4152,#4153);
#4151 = CARTESIAN_POINT('',(-235.,-115.,0.));
#4152 = DIRECTION('',(-1.,0.,0.));
#4153 = DIRECTION('',(0.,-1.,0.));
#4154 = ADVANCED_FACE('',(#4155),#4182,.F.);
#4155 = FACE_BOUND('',#4156,.F.);
#4156 = EDGE_LOOP('',(#4157,#4167,#4174,#4175));
#4157 = ORIENTED_EDGE('',*,*,#4158,.T.);
#4158 = EDGE_CURVE('',#4159,#4161,#4163,.T.);
#4159 = VERTEX_POINT('',#4160);
#4160 = CARTESIAN_POINT('',(100.,0.,0.));
#4161 = VERTEX_POINT('',#4162);
#4162 = CARTESIAN_POINT('',(100.,0.,-20.));
#4163 = LINE('',#4164,#4165);
#4164 = CARTESIAN_POINT('',(100.,0.,0.));
#4165 = VECTOR('',#4166,1.);
#4166 = DIRECTION('',(-0.,-0.,-1.));
#4167 = ORIENTED_EDGE('',*,*,#4168,.T.);
#4168 = EDGE_CURVE('',#4161,#4161,#4169,.T.);
#4169 = CIRCLE('',#4170,100.);
#4170 = AXIS2_PLACEMENT_3D('',#4171,#4172,#4173);
#4171 = CARTESIAN_POINT('',(0.,0.,-20.));
#4172 = DIRECTION('',(0.,0.,1.));
#4173 = DIRECTION('',(1.,0.,0.));
#4174 = ORIENTED_EDGE('',*,*,#4158,.F.);
#4175 = ORIENTED_EDGE('',*,*,#4176,.F.);
#4176 = EDGE_CURVE('',#4159,#4159,#4177,.T.);
#4177 = CIRCLE('',#4178,100.);
#4178 = AXIS2_PLACEMENT_3D('',#4179,#4180,#4181);
#4179 = CARTESIAN_POINT('',(0.,0.,0.));
#4180 = DIRECTION('',(0.,0.,1.));
#4181 = DIRECTION('',(1.,0.,0.));
#4182 = CYLINDRICAL_SURFACE('',#4183,100.);
#4183 = AXIS2_PLACEMENT_3D('',#4184,#4185,#4186);
#4184 = CARTESIAN_POINT('',(0.,0.,0.));
#4185 = DIRECTION('',(0.,0.,1.));
#4186 = DIRECTION('',(1.,0.,-0.));
#4187 = ADVANCED_FACE('',(#4188),#4215,.F.);
#4188 = FACE_BOUND('',#4189,.F.);
#4189 = EDGE_LOOP('',(#4190,#4200,#4207,#4208));
#4190 = ORIENTED_EDGE('',*,*,#4191,.T.);
#4191 = EDGE_CURVE('',#4192,#4194,#4196,.T.);
#4192 = VERTEX_POINT('',#4193);
#4193 = CARTESIAN_POINT('',(-110.,-156.5,0.));
#4194 = VERTEX_POINT('',#4195);
#4195 = CARTESIAN_POINT('',(-110.,-156.5,-20.));
#4196 = LINE('',#4197,#4198);
#4197 = CARTESIAN_POINT('',(-110.,-156.5,0.));
#4198 = VECTOR('',#4199,1.);
#4199 = DIRECTION('',(-0.,-0.,-1.));
#4200 = ORIENTED_EDGE('',*,*,#4201,.T.);
#4201 = EDGE_CURVE('',#4194,#4194,#4202,.T.);
#4202 = CIRCLE('',#4203,10.);
#4203 = AXIS2_PLACEMENT_3D('',#4204,#4205,#4206);
#4204 = CARTESIAN_POINT('',(-120.,-156.5,-20.));
#4205 = DIRECTION('',(0.,0.,1.));
#4206 = DIRECTION('',(1.,0.,0.));
#4207 = ORIENTED_EDGE('',*,*,#4191,.F.);
#4208 = ORIENTED_EDGE('',*,*,#4209,.F.);
#4209 = EDGE_CURVE('',#4192,#4192,#4210,.T.);
#4210 = CIRCLE('',#4211,10.);
#4211 = AXIS2_PLACEMENT_3D('',#4212,#4213,#4214);
#4212 = CARTESIAN_POINT('',(-120.,-156.5,0.));
#4213 = DIRECTION('',(0.,0.,1.));
#4214 = DIRECTION('',(1.,0.,0.));
#4215 = CYLINDRICAL_SURFACE('',#4216,10.);
#4216 = AXIS2_PLACEMENT_3D('',#4217,#4218,#4219);
#4217 = CARTESIAN_POINT('',(-120.,-156.5,0.));
#4218 = DIRECTION('',(0.,0.,1.));
#4219 = DIRECTION('',(1.,0.,-0.));
#4220 = ADVANCED_FACE('',(#4221),#4248,.F.);
#4221 = FACE_BOUND('',#4222,.F.);
#4222 = EDGE_LOOP('',(#4223,#4233,#4240,#4241));
#4223 = ORIENTED_EDGE('',*,*,#4224,.T.);
#4224 = EDGE_CURVE('',#4225,#4227,#4229,.T.);
#4225 = VERTEX_POINT('',#4226);
#4226 = CARTESIAN_POINT('',(-30.,-156.5,0.));
#4227 = VERTEX_POINT('',#4228);
#4228 = CARTESIAN_POINT('',(-30.,-156.5,-20.));
#4229 = LINE('',#4230,#4231);
#4230 = CARTESIAN_POINT('',(-30.,-156.5,0.));
#4231 = VECTOR('',#4232,1.);
#4232 = DIRECTION('',(-0.,-0.,-1.));
#4233 = ORIENTED_EDGE('',*,*,#4234,.T.);
#4234 = EDGE_CURVE('',#4227,#4227,#4235,.T.);
#4235 = CIRCLE('',#4236,10.);
#4236 = AXIS2_PLACEMENT_3D('',#4237,#4238,#4239);
#4237 = CARTESIAN_POINT('',(-40.,-156.5,-20.));
#4238 = DIRECTION('',(0.,0.,1.));
#4239 = DIRECTION('',(1.,0.,0.));
#4240 = ORIENTED_EDGE('',*,*,#4224,.F.);
#4241 = ORIENTED_EDGE('',*,*,#4242,.F.);
#4242 = EDGE_CURVE('',#4225,#4225,#4243,.T.);
#4243 = CIRCLE('',#4244,10.);
#4244 = AXIS2_PLACEMENT_3D('',#4245,#4246,#4247);
#4245 = CARTESIAN_POINT('',(-40.,-156.5,0.));
#4246 = DIRECTION('',(0.,0.,1.));
#4247 = DIRECTION('',(1.,0.,0.));
#4248 = CYLINDRICAL_SURFACE('',#4249,10.);
#4249 = AXIS2_PLACEMENT_3D('',#4250,#4251,#4252);
#4250 = CARTESIAN_POINT('',(-40.,-156.5,0.));
#4251 = DIRECTION('',(0.,0.,1.));
#4252 = DIRECTION('',(1.,0.,-0.));
#4253 = ADVANCED_FACE('',(#4254),#4281,.F.);
#4254 = FACE_BOUND('',#4255,.F.);
#4255 = EDGE_LOOP('',(#4256,#4266,#4273,#4274));
#4256 = ORIENTED_EDGE('',*,*,#4257,.T.);
#4257 = EDGE_CURVE('',#4258,#4260,#4262,.T.);
#4258 = VERTEX_POINT('',#4259);
#4259 = CARTESIAN_POINT('',(50.,-156.5,0.));
#4260 = VERTEX_POINT('',#4261);
#4261 = CARTESIAN_POINT('',(50.,-156.5,-20.));
#4262 = LINE('',#4263,#4264);
#4263 = CARTESIAN_POINT('',(50.,-156.5,0.));
#4264 = VECTOR('',#4265,1.);
#4265 = DIRECTION('',(-0.,-0.,-1.));
#4266 = ORIENTED_EDGE('',*,*,#4267,.T.);
#4267 = EDGE_CURVE('',#4260,#4260,#4268,.T.);
#4268 = CIRCLE('',#4269,10.);
#4269 = AXIS2_PLACEMENT_3D('',#4270,#4271,#4272);
#4270 = CARTESIAN_POINT('',(40.,-156.5,-20.));
#4271 = DIRECTION('',(0.,0.,1.));
#4272 = DIRECTION('',(1.,0.,0.));
#4273 = ORIENTED_EDGE('',*,*,#4257,.F.);
#4274 = ORIENTED_EDGE('',*,*,#4275,.F.);
#4275 = EDGE_CURVE('',#4258,#4258,#4276,.T.);
#4276 = CIRCLE('',#4277,10.);
#4277 = AXIS2_PLACEMENT_3D('',#4278,#4279,#4280);
#4278 = CARTESIAN_POINT('',(40.,-156.5,0.));
#4279 = DIRECTION('',(0.,0.,1.));
#4280 = DIRECTION('',(1.,0.,0.));
#4281 = CYLINDRICAL_SURFACE('',#4282,10.);
#4282 = AXIS2_PLACEMENT_3D('',#4283,#4284,#4285);
#4283 = CARTESIAN_POINT('',(40.,-156.5,0.));
#4284 = DIRECTION('',(0.,0.,1.));
#4285 = DIRECTION('',(1.,0.,-0.));
#4286 = ADVANCED_FACE('',(#4287),#4314,.F.);
#4287 = FACE_BOUND('',#4288,.F.);
#4288 = EDGE_LOOP('',(#4289,#4299,#4306,#4307));
#4289 = ORIENTED_EDGE('',*,*,#4290,.T.);
#4290 = EDGE_CURVE('',#4291,#4293,#4295,.T.);
#4291 = VERTEX_POINT('',#4292);
#4292 = CARTESIAN_POINT('',(130.,-156.5,0.));
#4293 = VERTEX_POINT('',#4294);
#4294 = CARTESIAN_POINT('',(130.,-156.5,-20.));
#4295 = LINE('',#4296,#4297);
#4296 = CARTESIAN_POINT('',(130.,-156.5,0.));
#4297 = VECTOR('',#4298,1.);
#4298 = DIRECTION('',(-0.,-0.,-1.));
#4299 = ORIENTED_EDGE('',*,*,#4300,.T.);
#4300 = EDGE_CURVE('',#4293,#4293,#4301,.T.);
#4301 = CIRCLE('',#4302,10.);
#4302 = AXIS2_PLACEMENT_3D('',#4303,#4304,#4305);
#4303 = CARTESIAN_POINT('',(120.,-156.5,-20.));
#4304 = DIRECTION('',(0.,0.,1.));
#4305 = DIRECTION('',(1.,0.,0.));
#4306 = ORIENTED_EDGE('',*,*,#4290,.F.);
#4307 = ORIENTED_EDGE('',*,*,#4308,.F.);
#4308 = EDGE_CURVE('',#4291,#4291,#4309,.T.);
#4309 = CIRCLE('',#4310,10.);
#4310 = AXIS2_PLACEMENT_3D('',#4311,#4312,#4313);
#4311 = CARTESIAN_POINT('',(120.,-156.5,0.));
#4312 = DIRECTION('',(0.,0.,1.));
#4313 = DIRECTION('',(1.,0.,0.));
#4314 = CYLINDRICAL_SURFACE('',#4315,10.);
#4315 = AXIS2_PLACEMENT_3D('',#4316,#4317,#4318);
#4316 = CARTESIAN_POINT('',(120.,-156.5,0.));
#4317 = DIRECTION('',(0.,0.,1.));
#4318 = DIRECTION('',(1.,0.,-0.));
#4319 = ADVANCED_FACE('',(#4320),#4347,.F.);
#4320 = FACE_BOUND('',#4321,.F.);
#4321 = EDGE_LOOP('',(#4322,#4332,#4339,#4340));
#4322 = ORIENTED_EDGE('',*,*,#4323,.T.);
#4323 = EDGE_CURVE('',#4324,#4326,#4328,.T.);
#4324 = VERTEX_POINT('',#4325);
#4325 = CARTESIAN_POINT('',(216.5,-18.5,0.));
#4326 = VERTEX_POINT('',#4327);
#4327 = CARTESIAN_POINT('',(216.5,-18.5,-20.));
#4328 = LINE('',#4329,#4330);
#4329 = CARTESIAN_POINT('',(216.5,-18.5,0.));
#4330 = VECTOR('',#4331,1.);
#4331 = DIRECTION('',(-0.,-0.,-1.));
#4332 = ORIENTED_EDGE('',*,*,#4333,.T.);
#4333 = EDGE_CURVE('',#4326,#4326,#4334,.T.);
#4334 = CIRCLE('',#4335,10.);
#4335 = AXIS2_PLACEMENT_3D('',#4336,#4337,#4338);
#4336 = CARTESIAN_POINT('',(206.5,-18.5,-20.));
#4337 = DIRECTION('',(0.,0.,1.));
#4338 = DIRECTION('',(1.,0.,0.));
#4339 = ORIENTED_EDGE('',*,*,#4323,.F.);
#4340 = ORIENTED_EDGE('',*,*,#4341,.F.);
#4341 = EDGE_CURVE('',#4324,#4324,#4342,.T.);
#4342 = CIRCLE('',#4343,10.);
#4343 = AXIS2_PLACEMENT_3D('',#4344,#4345,#4346);
#4344 = CARTESIAN_POINT('',(206.5,-18.5,0.));
#4345 = DIRECTION('',(0.,0.,1.));
#4346 = DIRECTION('',(1.,0.,0.));
#4347 = CYLINDRICAL_SURFACE('',#4348,10.);
#4348 = AXIS2_PLACEMENT_3D('',#4349,#4350,#4351);
#4349 = CARTESIAN_POINT('',(206.5,-18.5,0.));
#4350 = DIRECTION('',(0.,0.,1.));
#4351 = DIRECTION('',(1.,0.,-0.));
#4352 = ADVANCED_FACE('',(#4353),#4380,.F.);
#4353 = FACE_BOUND('',#4354,.F.);
#4354 = EDGE_LOOP('',(#4355,#4365,#4372,#4373));
#4355 = ORIENTED_EDGE('',*,*,#4356,.T.);
#4356 = EDGE_CURVE('',#4357,#4359,#4361,.T.);
#4357 = VERTEX_POINT('',#4358);
#4358 = CARTESIAN_POINT('',(216.5,44.,0.));
#4359 = VERTEX_POINT('',#4360);
#4360 = CARTESIAN_POINT('',(216.5,44.,-20.));
#4361 = LINE('',#4362,#4363);
#4362 = CARTESIAN_POINT('',(216.5,44.,0.));
#4363 = VECTOR('',#4364,1.);
#4364 = DIRECTION('',(-0.,-0.,-1.));
#4365 = ORIENTED_EDGE('',*,*,#4366,.T.);
#4366 = EDGE_CURVE('',#4359,#4359,#4367,.T.);
#4367 = CIRCLE('',#4368,10.);
#4368 = AXIS2_PLACEMENT_3D('',#4369,#4370,#4371);
#4369 = CARTESIAN_POINT('',(206.5,44.,-20.));
#4370 = DIRECTION('',(0.,0.,1.));
#4371 = DIRECTION('',(1.,0.,0.));
#4372 = ORIENTED_EDGE('',*,*,#4356,.F.);
#4373 = ORIENTED_EDGE('',*,*,#4374,.F.);
#4374 = EDGE_CURVE('',#4357,#4357,#4375,.T.);
#4375 = CIRCLE('',#4376,10.);
#4376 = AXIS2_PLACEMENT_3D('',#4377,#4378,#4379);
#4377 = CARTESIAN_POINT('',(206.5,44.,0.));
#4378 = DIRECTION('',(0.,0.,1.));
#4379 = DIRECTION('',(1.,0.,0.));
#4380 = CYLINDRICAL_SURFACE('',#4381,10.);
#4381 = AXIS2_PLACEMENT_3D('',#4382,#4383,#4384);
#4382 = CARTESIAN_POINT('',(206.5,44.,0.));
#4383 = DIRECTION('',(0.,0.,1.));
#4384 = DIRECTION('',(1.,0.,-0.));
#4385 = ADVANCED_FACE('',(#4386),#4413,.F.);
#4386 = FACE_BOUND('',#4387,.F.);
#4387 = EDGE_LOOP('',(#4388,#4398,#4405,#4406));
#4388 = ORIENTED_EDGE('',*,*,#4389,.T.);
#4389 = EDGE_CURVE('',#4390,#4392,#4394,.T.);
#4390 = VERTEX_POINT('',#4391);
#4391 = CARTESIAN_POINT('',(216.5,106.5,0.));
#4392 = VERTEX_POINT('',#4393);
#4393 = CARTESIAN_POINT('',(216.5,106.5,-20.));
#4394 = LINE('',#4395,#4396);
#4395 = CARTESIAN_POINT('',(216.5,106.5,0.));
#4396 = VECTOR('',#4397,1.);
#4397 = DIRECTION('',(-0.,-0.,-1.));
#4398 = ORIENTED_EDGE('',*,*,#4399,.T.);
#4399 = EDGE_CURVE('',#4392,#4392,#4400,.T.);
#4400 = CIRCLE('',#4401,10.);
#4401 = AXIS2_PLACEMENT_3D('',#4402,#4403,#4404);
#4402 = CARTESIAN_POINT('',(206.5,106.5,-20.));
#4403 = DIRECTION('',(0.,0.,1.));
#4404 = DIRECTION('',(1.,0.,0.));
#4405 = ORIENTED_EDGE('',*,*,#4389,.F.);
#4406 = ORIENTED_EDGE('',*,*,#4407,.F.);
#4407 = EDGE_CURVE('',#4390,#4390,#4408,.T.);
#4408 = CIRCLE('',#4409,10.);
#4409 = AXIS2_PLACEMENT_3D('',#4410,#4411,#4412);
#4410 = CARTESIAN_POINT('',(206.5,106.5,0.));
#4411 = DIRECTION('',(0.,0.,1.));
#4412 = DIRECTION('',(1.,0.,0.));
#4413 = CYLINDRICAL_SURFACE('',#4414,10.);
#4414 = AXIS2_PLACEMENT_3D('',#4415,#4416,#4417);
#4415 = CARTESIAN_POINT('',(206.5,106.5,0.));
#4416 = DIRECTION('',(0.,0.,1.));
#4417 = DIRECTION('',(1.,0.,-0.));
#4418 = ADVANCED_FACE('',(#4419),#4446,.F.);
#4419 = FACE_BOUND('',#4420,.F.);
#4420 = EDGE_LOOP('',(#4421,#4431,#4438,#4439));
#4421 = ORIENTED_EDGE('',*,*,#4422,.T.);
#4422 = EDGE_CURVE('',#4423,#4425,#4427,.T.);
#4423 = VERTEX_POINT('',#4424);
#4424 = CARTESIAN_POINT('',(-196.5,106.5,0.));
#4425 = VERTEX_POINT('',#4426);
#4426 = CARTESIAN_POINT('',(-196.5,106.5,-20.));
#4427 = LINE('',#4428,#4429);
#4428 = CARTESIAN_POINT('',(-196.5,106.5,0.));
#4429 = VECTOR('',#4430,1.);
#4430 = DIRECTION('',(-0.,-0.,-1.));
#4431 = ORIENTED_EDGE('',*,*,#4432,.T.);
#4432 = EDGE_CURVE('',#4425,#4425,#4433,.T.);
#4433 = CIRCLE('',#4434,10.);
#4434 = AXIS2_PLACEMENT_3D('',#4435,#4436,#4437);
#4435 = CARTESIAN_POINT('',(-206.5,106.5,-20.));
#4436 = DIRECTION('',(0.,0.,1.));
#4437 = DIRECTION('',(1.,0.,0.));
#4438 = ORIENTED_EDGE('',*,*,#4422,.F.);
#4439 = ORIENTED_EDGE('',*,*,#4440,.F.);
#4440 = EDGE_CURVE('',#4423,#4423,#4441,.T.);
#4441 = CIRCLE('',#4442,10.);
#4442 = AXIS2_PLACEMENT_3D('',#4443,#4444,#4445);
#4443 = CARTESIAN_POINT('',(-206.5,106.5,0.));
#4444 = DIRECTION('',(0.,0.,1.));
#4445 = DIRECTION('',(1.,0.,0.));
#4446 = CYLINDRICAL_SURFACE('',#4447,10.);
#4447 = AXIS2_PLACEMENT_3D('',#4448,#4449,#4450);
#4448 = CARTESIAN_POINT('',(-206.5,106.5,0.));
#4449 = DIRECTION('',(0.,0.,1.));
#4450 = DIRECTION('',(1.,0.,-0.));
#4451 = ADVANCED_FACE('',(#4452),#4479,.F.);
#4452 = FACE_BOUND('',#4453,.F.);
#4453 = EDGE_LOOP('',(#4454,#4464,#4471,#4472));
#4454 = ORIENTED_EDGE('',*,*,#4455,.T.);
#4455 = EDGE_CURVE('',#4456,#4458,#4460,.T.);
#4456 = VERTEX_POINT('',#4457);
#4457 = CARTESIAN_POINT('',(-196.5,44.,0.));
#4458 = VERTEX_POINT('',#4459);
#4459 = CARTESIAN_POINT('',(-196.5,44.,-20.));
#4460 = LINE('',#4461,#4462);
#4461 = CARTESIAN_POINT('',(-196.5,44.,0.));
#4462 = VECTOR('',#4463,1.);
#4463 = DIRECTION('',(-0.,-0.,-1.));
#4464 = ORIENTED_EDGE('',*,*,#4465,.T.);
#4465 = EDGE_CURVE('',#4458,#4458,#4466,.T.);
#4466 = CIRCLE('',#4467,10.);
#4467 = AXIS2_PLACEMENT_3D('',#4468,#4469,#4470);
#4468 = CARTESIAN_POINT('',(-206.5,44.,-20.));
#4469 = DIRECTION('',(0.,0.,1.));
#4470 = DIRECTION('',(1.,0.,0.));
#4471 = ORIENTED_EDGE('',*,*,#4455,.F.);
#4472 = ORIENTED_EDGE('',*,*,#4473,.F.);
#4473 = EDGE_CURVE('',#4456,#4456,#4474,.T.);
#4474 = CIRCLE('',#4475,10.);
#4475 = AXIS2_PLACEMENT_3D('',#4476,#4477,#4478);
#4476 = CARTESIAN_POINT('',(-206.5,44.,0.));
#4477 = DIRECTION('',(0.,0.,1.));
#4478 = DIRECTION('',(1.,0.,0.));
#4479 = CYLINDRICAL_SURFACE('',#4480,10.);
#4480 = AXIS2_PLACEMENT_3D('',#4481,#4482,#4483);
#4481 = CARTESIAN_POINT('',(-206.5,44.,0.));
#4482 = DIRECTION('',(0.,0.,1.));
#4483 = DIRECTION('',(1.,0.,-0.));
#4484 = ADVANCED_FACE('',(#4485),#4512,.F.);
#4485 = FACE_BOUND('',#4486,.F.);
#4486 = EDGE_LOOP('',(#4487,#4497,#4504,#4505));
#4487 = ORIENTED_EDGE('',*,*,#4488,.T.);
#4488 = EDGE_CURVE('',#4489,#4491,#4493,.T.);
#4489 = VERTEX_POINT('',#4490);
#4490 = CARTESIAN_POINT('',(-196.5,-18.5,0.));
#4491 = VERTEX_POINT('',#4492);
#4492 = CARTESIAN_POINT('',(-196.5,-18.5,-20.));
#4493 = LINE('',#4494,#4495);
#4494 = CARTESIAN_POINT('',(-196.5,-18.5,0.));
#4495 = VECTOR('',#4496,1.);
#4496 = DIRECTION('',(-0.,-0.,-1.));
#4497 = ORIENTED_EDGE('',*,*,#4498,.T.);
#4498 = EDGE_CURVE('',#4491,#4491,#4499,.T.);
#4499 = CIRCLE('',#4500,10.);
#4500 = AXIS2_PLACEMENT_3D('',#4501,#4502,#4503);
#4501 = CARTESIAN_POINT('',(-206.5,-18.5,-20.));
#4502 = DIRECTION('',(0.,0.,1.));
#4503 = DIRECTION('',(1.,0.,0.));
#4504 = ORIENTED_EDGE('',*,*,#4488,.F.);
#4505 = ORIENTED_EDGE('',*,*,#4506,.F.);
#4506 = EDGE_CURVE('',#4489,#4489,#4507,.T.);
#4507 = CIRCLE('',#4508,10.);
#4508 = AXIS2_PLACEMENT_3D('',#4509,#4510,#4511);
#4509 = CARTESIAN_POINT('',(-206.5,-18.5,0.));
#4510 = DIRECTION('',(0.,0.,1.));
#4511 = DIRECTION('',(1.,0.,0.));
#4512 = CYLINDRICAL_SURFACE('',#4513,10.);
#4513 = AXIS2_PLACEMENT_3D('',#4514,#4515,#4516);
#4514 = CARTESIAN_POINT('',(-206.5,-18.5,0.));
#4515 = DIRECTION('',(0.,0.,1.));
#4516 = DIRECTION('',(1.,0.,-0.));
#4517 = ADVANCED_FACE('',(#4518,#4540,#4543,#4546,#4549,#4552,#4555,
    #4558,#4561,#4564,#4567,#4570),#4573,.T.);
#4518 = FACE_BOUND('',#4519,.T.);
#4519 = EDGE_LOOP('',(#4520,#4521,#4522,#4523,#4524,#4525,#4526,#4527,
    #4528,#4529,#4530,#4531,#4532,#4533,#4534,#4535,#4536,#4537,#4538,
    #4539));
#4520 = ORIENTED_EDGE('',*,*,#3552,.T.);
#4521 = ORIENTED_EDGE('',*,*,#3583,.T.);
#4522 = ORIENTED_EDGE('',*,*,#3614,.T.);
#4523 = ORIENTED_EDGE('',*,*,#3645,.T.);
#4524 = ORIENTED_EDGE('',*,*,#3676,.T.);
#4525 = ORIENTED_EDGE('',*,*,#3708,.T.);
#4526 = ORIENTED_EDGE('',*,*,#3740,.T.);
#4527 = ORIENTED_EDGE('',*,*,#3772,.T.);
#4528 = ORIENTED_EDGE('',*,*,#3804,.T.);
#4529 = ORIENTED_EDGE('',*,*,#3836,.T.);
#4530 = ORIENTED_EDGE('',*,*,#3868,.T.);
#4531 = ORIENTED_EDGE('',*,*,#3900,.T.);
#4532 = ORIENTED_EDGE('',*,*,#3932,.T.);
#4533 = ORIENTED_EDGE('',*,*,#3964,.T.);
#4534 = ORIENTED_EDGE('',*,*,#3996,.T.);
#4535 = ORIENTED_EDGE('',*,*,#4028,.T.);
#4536 = ORIENTED_EDGE('',*,*,#4060,.T.);
#4537 = ORIENTED_EDGE('',*,*,#4091,.T.);
#4538 = ORIENTED_EDGE('',*,*,#4122,.T.);
#4539 = ORIENTED_EDGE('',*,*,#4144,.T.);
#4540 = FACE_BOUND('',#4541,.F.);
#4541 = EDGE_LOOP('',(#4542));
#4542 = ORIENTED_EDGE('',*,*,#4176,.T.);
#4543 = FACE_BOUND('',#4544,.F.);
#4544 = EDGE_LOOP('',(#4545));
#4545 = ORIENTED_EDGE('',*,*,#4209,.T.);
#4546 = FACE_BOUND('',#4547,.F.);
#4547 = EDGE_LOOP('',(#4548));
#4548 = ORIENTED_EDGE('',*,*,#4242,.T.);
#4549 = FACE_BOUND('',#4550,.F.);
#4550 = EDGE_LOOP('',(#4551));
#4551 = ORIENTED_EDGE('',*,*,#4275,.T.);
#4552 = FACE_BOUND('',#4553,.F.);
#4553 = EDGE_LOOP('',(#4554));
#4554 = ORIENTED_EDGE('',*,*,#4308,.T.);
#4555 = FACE_BOUND('',#4556,.F.);
#4556 = EDGE_LOOP('',(#4557));
#4557 = ORIENTED_EDGE('',*,*,#4341,.T.);
#4558 = FACE_BOUND('',#4559,.F.);
#4559 = EDGE_LOOP('',(#4560));
#4560 = ORIENTED_EDGE('',*,*,#4374,.T.);
#4561 = FACE_BOUND('',#4562,.F.);
#4562 = EDGE_LOOP('',(#4563));
#4563 = ORIENTED_EDGE('',*,*,#4407,.T.);
#4564 = FACE_BOUND('',#4565,.F.);
#4565 = EDGE_LOOP('',(#4566));
#4566 = ORIENTED_EDGE('',*,*,#4440,.T.);
#4567 = FACE_BOUND('',#4568,.F.);
#4568 = EDGE_LOOP('',(#4569));
#4569 = ORIENTED_EDGE('',*,*,#4473,.T.);
#4570 = FACE_BOUND('',#4571,.F.);
#4571 = EDGE_LOOP('',(#4572));
#4572 = ORIENTED_EDGE('',*,*,#4506,.T.);
#4573 = PLANE('',#4574);
#4574 = AXIS2_PLACEMENT_3D('',#4575,#4576,#4577);
#4575 = CARTESIAN_POINT('',(-8.E-17,-17.64683005664,0.));
#4576 = DIRECTION('',(0.,0.,1.));
#4577 = DIRECTION('',(1.,0.,0.));
#4578 = ADVANCED_FACE('',(#4579,#4601,#4604,#4607,#4610,#4613,#4616,
    #4619,#4622,#4625,#4628,#4631),#4634,.F.);
#4579 = FACE_BOUND('',#4580,.F.);
#4580 = EDGE_LOOP('',(#4581,#4582,#4583,#4584,#4585,#4586,#4587,#4588,
    #4589,#4590,#4591,#4592,#4593,#4594,#4595,#4596,#4597,#4598,#4599,
    #4600));
#4581 = ORIENTED_EDGE('',*,*,#3536,.T.);
#4582 = ORIENTED_EDGE('',*,*,#3567,.T.);
#4583 = ORIENTED_EDGE('',*,*,#3598,.T.);
#4584 = ORIENTED_EDGE('',*,*,#3629,.T.);
#4585 = ORIENTED_EDGE('',*,*,#3660,.T.);
#4586 = ORIENTED_EDGE('',*,*,#3691,.T.);
#4587 = ORIENTED_EDGE('',*,*,#3724,.T.);
#4588 = ORIENTED_EDGE('',*,*,#3755,.T.);
#4589 = ORIENTED_EDGE('',*,*,#3788,.T.);
#4590 = ORIENTED_EDGE('',*,*,#3819,.T.);
#4591 = ORIENTED_EDGE('',*,*,#3852,.T.);
#4592 = ORIENTED_EDGE('',*,*,#3883,.T.);
#4593 = ORIENTED_EDGE('',*,*,#3916,.T.);
#4594 = ORIENTED_EDGE('',*,*,#3947,.T.);
#4595 = ORIENTED_EDGE('',*,*,#3980,.T.);
#4596 = ORIENTED_EDGE('',*,*,#4011,.T.);
#4597 = ORIENTED_EDGE('',*,*,#4044,.T.);
#4598 = ORIENTED_EDGE('',*,*,#4075,.T.);
#4599 = ORIENTED_EDGE('',*,*,#4106,.T.);
#4600 = ORIENTED_EDGE('',*,*,#4137,.T.);
#4601 = FACE_BOUND('',#4602,.T.);
#4602 = EDGE_LOOP('',(#4603));
#4603 = ORIENTED_EDGE('',*,*,#4168,.T.);
#4604 = FACE_BOUND('',#4605,.T.);
#4605 = EDGE_LOOP('',(#4606));
#4606 = ORIENTED_EDGE('',*,*,#4201,.T.);
#4607 = FACE_BOUND('',#4608,.T.);
#4608 = EDGE_LOOP('',(#4609));
#4609 = ORIENTED_EDGE('',*,*,#4234,.T.);
#4610 = FACE_BOUND('',#4611,.T.);
#4611 = EDGE_LOOP('',(#4612));
#4612 = ORIENTED_EDGE('',*,*,#4267,.T.);
#4613 = FACE_BOUND('',#4614,.T.);
#4614 = EDGE_LOOP('',(#4615));
#4615 = ORIENTED_EDGE('',*,*,#4300,.T.);
#4616 = FACE_BOUND('',#4617,.T.);
#4617 = EDGE_LOOP('',(#4618));
#4618 = ORIENTED_EDGE('',*,*,#4333,.T.);
#4619 = FACE_BOUND('',#4620,.T.);
#4620 = EDGE_LOOP('',(#4621));
#4621 = ORIENTED_EDGE('',*,*,#4366,.T.);
#4622 = FACE_BOUND('',#4623,.T.);
#4623 = EDGE_LOOP('',(#4624));
#4624 = ORIENTED_EDGE('',*,*,#4399,.T.);
#4625 = FACE_BOUND('',#4626,.T.);
#4626 = EDGE_LOOP('',(#4627));
#4627 = ORIENTED_EDGE('',*,*,#4432,.T.);
#4628 = FACE_BOUND('',#4629,.T.);
#4629 = EDGE_LOOP('',(#4630));
#4630 = ORIENTED_EDGE('',*,*,#4465,.T.);
#4631 = FACE_BOUND('',#4632,.T.);
#4632 = EDGE_LOOP('',(#4633));
#4633 = ORIENTED_EDGE('',*,*,#4498,.T.);
#4634 = PLANE('',#4635);
#4635 = AXIS2_PLACEMENT_3D('',#4636,#4637,#4638);
#4636 = CARTESIAN_POINT('',(-8.E-17,-17.64683005664,-20.));
#4637 = DIRECTION('',(0.,0.,1.));
#4638 = DIRECTION('',(1.,0.,0.));
#4639 = ( GEOMETRIC_REPRESENTATION_CONTEXT(3) 
GLOBAL_UNCERTAINTY_ASSIGNED_CONTEXT((#4643)) 
GLOBAL_UNIT_ASSIGNED_CONTEXT((#4640,#4641,#4642)) REPRESENTATION_CONTEXT
('Context #1','3D Context with UNIT and UNCERTAINTY') );
#4640 = ( LENGTH_UNIT() NAMED_UNIT(*) SI_UNIT(.MILLI.,.METRE.) );
#4641 = ( NAMED_UNIT(*) PLANE_ANGLE_UNIT() SI_UNIT($,.RADIAN.) );
#4642 = ( NAMED_UNIT(*) SI_UNIT($,.STERADIAN.) SOLID_ANGLE_UNIT() );
#4643 = UNCERTAINTY_MEASURE_WITH_UNIT(LENGTH_MEASURE(1.E-07),#4640,
  'distance_accuracy_value','confusion accuracy');
#4644 = CONTEXT_DEPENDENT_SHAPE_REPRESENTATION(#4645,#4647);
#4645 = ( REPRESENTATION_RELATIONSHIP('','',#3519,#3023) 
REPRESENTATION_RELATIONSHIP_WITH_TRANSFORMATION(#4646) 
SHAPE_REPRESENTATION_RELATIONSHIP() );
#4646 = ITEM_DEFINED_TRANSFORMATION('','',#11,#3028);
#4647 = PRODUCT_DEFINITION_SHAPE('Placement','Placement of an item',
  #4648);
#4648 = NEXT_ASSEMBLY_USAGE_OCCURRENCE('8','flange_inferior','',#3018,
  #3514,$);
#4649 = CC_DESIGN_SECURITY_CLASSIFICATION(#4650,(#4648));
#4650 = SECURITY_CLASSIFICATION('','',#55);
#4651 = CC_DESIGN_PERSON_AND_ORGANIZATION_ASSIGNMENT(#44,#53,(#4650));
#4652 = CC_DESIGN_DATE_AND_TIME_ASSIGNMENT(#58,#64,(#4650));
#4653 = CC_DESIGN_APPROVAL(#66,(#4650));
#4654 = PRODUCT_RELATED_PRODUCT_CATEGORY('detail',$,(#3516));
#4655 = PRODUCT_CATEGORY_RELATIONSHIP('','',#4656,#4654);
#4656 = PRODUCT_CATEGORY('part',$);
#4657 = CC_DESIGN_PERSON_AND_ORGANIZATION_ASSIGNMENT(#44,#47,(#3515,
    #3514));
#4658 = CC_DESIGN_PERSON_AND_ORGANIZATION_ASSIGNMENT(#44,#49,(#3516));
#4659 = CC_DESIGN_PERSON_AND_ORGANIZATION_ASSIGNMENT(#44,#51,(#3515));
#4660 = CC_DESIGN_PERSON_AND_ORGANIZATION_ASSIGNMENT(#44,#53,(#4661));
#4661 = SECURITY_CLASSIFICATION('','',#55);
#4662 = CC_DESIGN_SECURITY_CLASSIFICATION(#4661,(#3515));
#4663 = CC_DESIGN_DATE_AND_TIME_ASSIGNMENT(#58,#62,(#3514));
#4664 = CC_DESIGN_DATE_AND_TIME_ASSIGNMENT(#58,#64,(#4661));
#4665 = CC_DESIGN_APPROVAL(#66,(#3515,#3514,#4661));
#4666 = SHAPE_DEFINITION_REPRESENTATION(#4667,#4673);
#4667 = PRODUCT_DEFINITION_SHAPE('','',#4668);
#4668 = PRODUCT_DEFINITION('design','',#4669,#4672);
#4669 = PRODUCT_DEFINITION_FORMATION_WITH_SPECIFIED_SOURCE('','',#4670,
  .NOT_KNOWN.);
#4670 = PRODUCT('flange_superior','flange_superior','',(#4671));
#4671 = MECHANICAL_CONTEXT('',#2,'mechanical');
#4672 = DESIGN_CONTEXT('',#2,'design');
#4673 = ADVANCED_BREP_SHAPE_REPRESENTATION('',(#11,#4674),#5949);
#4674 = MANIFOLD_SOLID_BREP('',#4675);
#4675 = CLOSED_SHELL('',(#4676,#4716,#4747,#4778,#4809,#4840,#4873,#4904
    ,#4937,#4968,#5001,#5032,#5065,#5096,#5129,#5160,#5193,#5224,#5255,
    #5286,#5308,#5341,#5374,#5407,#5440,#5473,#5506,#5539,#5572,#5605,
    #5638,#5671,#5704,#5737,#5770,#5803,#5876));
#4676 = ADVANCED_FACE('',(#4677),#4711,.F.);
#4677 = FACE_BOUND('',#4678,.F.);
#4678 = EDGE_LOOP('',(#4679,#4689,#4697,#4705));
#4679 = ORIENTED_EDGE('',*,*,#4680,.T.);
#4680 = EDGE_CURVE('',#4681,#4683,#4685,.T.);
#4681 = VERTEX_POINT('',#4682);
#4682 = CARTESIAN_POINT('',(-235.,-175.,1.16E+04));
#4683 = VERTEX_POINT('',#4684);
#4684 = CARTESIAN_POINT('',(-235.,-175.,1.162E+04));
#4685 = LINE('',#4686,#4687);
#4686 = CARTESIAN_POINT('',(-235.,-175.,1.16E+04));
#4687 = VECTOR('',#4688,1.);
#4688 = DIRECTION('',(0.,0.,1.));
#4689 = ORIENTED_EDGE('',*,*,#4690,.T.);
#4690 = EDGE_CURVE('',#4683,#4691,#4693,.T.);
#4691 = VERTEX_POINT('',#4692);
#4692 = CARTESIAN_POINT('',(235.,-175.,1.162E+04));
#4693 = LINE('',#4694,#4695);
#4694 = CARTESIAN_POINT('',(-235.,-175.,1.162E+04));
#4695 = VECTOR('',#4696,1.);
#4696 = DIRECTION('',(1.,0.,0.));
#4697 = ORIENTED_EDGE('',*,*,#4698,.F.);
#4698 = EDGE_CURVE('',#4699,#4691,#4701,.T.);
#4699 = VERTEX_POINT('',#4700);
#4700 = CARTESIAN_POINT('',(235.,-175.,1.16E+04));
#4701 = LINE('',#4702,#4703);
#4702 = CARTESIAN_POINT('',(235.,-175.,1.16E+04));
#4703 = VECTOR('',#4704,1.);
#4704 = DIRECTION('',(0.,0.,1.));
#4705 = ORIENTED_EDGE('',*,*,#4706,.F.);
#4706 = EDGE_CURVE('',#4681,#4699,#4707,.T.);
#4707 = LINE('',#4708,#4709);
#4708 = CARTESIAN_POINT('',(-235.,-175.,1.16E+04));
#4709 = VECTOR('',#4710,1.);
#4710 = DIRECTION('',(1.,0.,0.));
#4711 = PLANE('',#4712);
#4712 = AXIS2_PLACEMENT_3D('',#4713,#4714,#4715);
#4713 = CARTESIAN_POINT('',(-235.,-175.,1.16E+04));
#4714 = DIRECTION('',(0.,1.,0.));
#4715 = DIRECTION('',(1.,0.,0.));
#4716 = ADVANCED_FACE('',(#4717),#4742,.F.);
#4717 = FACE_BOUND('',#4718,.F.);
#4718 = EDGE_LOOP('',(#4719,#4720,#4728,#4736));
#4719 = ORIENTED_EDGE('',*,*,#4698,.T.);
#4720 = ORIENTED_EDGE('',*,*,#4721,.T.);
#4721 = EDGE_CURVE('',#4691,#4722,#4724,.T.);
#4722 = VERTEX_POINT('',#4723);
#4723 = CARTESIAN_POINT('',(235.,-115.,1.162E+04));
#4724 = LINE('',#4725,#4726);
#4725 = CARTESIAN_POINT('',(235.,-175.,1.162E+04));
#4726 = VECTOR('',#4727,1.);
#4727 = DIRECTION('',(0.,1.,0.));
#4728 = ORIENTED_EDGE('',*,*,#4729,.F.);
#4729 = EDGE_CURVE('',#4730,#4722,#4732,.T.);
#4730 = VERTEX_POINT('',#4731);
#4731 = CARTESIAN_POINT('',(235.,-115.,1.16E+04));
#4732 = LINE('',#4733,#4734);
#4733 = CARTESIAN_POINT('',(235.,-115.,1.16E+04));
#4734 = VECTOR('',#4735,1.);
#4735 = DIRECTION('',(0.,0.,1.));
#4736 = ORIENTED_EDGE('',*,*,#4737,.F.);
#4737 = EDGE_CURVE('',#4699,#4730,#4738,.T.);
#4738 = LINE('',#4739,#4740);
#4739 = CARTESIAN_POINT('',(235.,-175.,1.16E+04));
#4740 = VECTOR('',#4741,1.);
#4741 = DIRECTION('',(0.,1.,0.));
#4742 = PLANE('',#4743);
#4743 = AXIS2_PLACEMENT_3D('',#4744,#4745,#4746);
#4744 = CARTESIAN_POINT('',(235.,-175.,1.16E+04));
#4745 = DIRECTION('',(-1.,0.,0.));
#4746 = DIRECTION('',(0.,1.,0.));
#4747 = ADVANCED_FACE('',(#4748),#4773,.F.);
#4748 = FACE_BOUND('',#4749,.F.);
#4749 = EDGE_LOOP('',(#4750,#4751,#4759,#4767));
#4750 = ORIENTED_EDGE('',*,*,#4729,.T.);
#4751 = ORIENTED_EDGE('',*,*,#4752,.T.);
#4752 = EDGE_CURVE('',#4722,#4753,#4755,.T.);
#4753 = VERTEX_POINT('',#4754);
#4754 = CARTESIAN_POINT('',(175.,-115.,1.162E+04));
#4755 = LINE('',#4756,#4757);
#4756 = CARTESIAN_POINT('',(235.,-115.,1.162E+04));
#4757 = VECTOR('',#4758,1.);
#4758 = DIRECTION('',(-1.,0.,0.));
#4759 = ORIENTED_EDGE('',*,*,#4760,.F.);
#4760 = EDGE_CURVE('',#4761,#4753,#4763,.T.);
#4761 = VERTEX_POINT('',#4762);
#4762 = CARTESIAN_POINT('',(175.,-115.,1.16E+04));
#4763 = LINE('',#4764,#4765);
#4764 = CARTESIAN_POINT('',(175.,-115.,1.16E+04));
#4765 = VECTOR('',#4766,1.);
#4766 = DIRECTION('',(0.,0.,1.));
#4767 = ORIENTED_EDGE('',*,*,#4768,.F.);
#4768 = EDGE_CURVE('',#4730,#4761,#4769,.T.);
#4769 = LINE('',#4770,#4771);
#4770 = CARTESIAN_POINT('',(235.,-115.,1.16E+04));
#4771 = VECTOR('',#4772,1.);
#4772 = DIRECTION('',(-1.,0.,0.));
#4773 = PLANE('',#4774);
#4774 = AXIS2_PLACEMENT_3D('',#4775,#4776,#4777);
#4775 = CARTESIAN_POINT('',(235.,-115.,1.16E+04));
#4776 = DIRECTION('',(0.,-1.,0.));
#4777 = DIRECTION('',(-1.,0.,0.));
#4778 = ADVANCED_FACE('',(#4779),#4804,.F.);
#4779 = FACE_BOUND('',#4780,.F.);
#4780 = EDGE_LOOP('',(#4781,#4782,#4790,#4798));
#4781 = ORIENTED_EDGE('',*,*,#4760,.T.);
#4782 = ORIENTED_EDGE('',*,*,#4783,.T.);
#4783 = EDGE_CURVE('',#4753,#4784,#4786,.T.);
#4784 = VERTEX_POINT('',#4785);
#4785 = CARTESIAN_POINT('',(175.,-37.,1.162E+04));
#4786 = LINE('',#4787,#4788);
#4787 = CARTESIAN_POINT('',(175.,-115.,1.162E+04));
#4788 = VECTOR('',#4789,1.);
#4789 = DIRECTION('',(0.,1.,0.));
#4790 = ORIENTED_EDGE('',*,*,#4791,.F.);
#4791 = EDGE_CURVE('',#4792,#4784,#4794,.T.);
#4792 = VERTEX_POINT('',#4793);
#4793 = CARTESIAN_POINT('',(175.,-37.,1.16E+04));
#4794 = LINE('',#4795,#4796);
#4795 = CARTESIAN_POINT('',(175.,-37.,1.16E+04));
#4796 = VECTOR('',#4797,1.);
#4797 = DIRECTION('',(0.,0.,1.));
#4798 = ORIENTED_EDGE('',*,*,#4799,.F.);
#4799 = EDGE_CURVE('',#4761,#4792,#4800,.T.);
#4800 = LINE('',#4801,#4802);
#4801 = CARTESIAN_POINT('',(175.,-115.,1.16E+04));
#4802 = VECTOR('',#4803,1.);
#4803 = DIRECTION('',(0.,1.,0.));
#4804 = PLANE('',#4805);
#4805 = AXIS2_PLACEMENT_3D('',#4806,#4807,#4808);
#4806 = CARTESIAN_POINT('',(175.,-115.,1.16E+04));
#4807 = DIRECTION('',(-1.,0.,0.));
#4808 = DIRECTION('',(0.,1.,0.));
#4809 = ADVANCED_FACE('',(#4810),#4835,.F.);
#4810 = FACE_BOUND('',#4811,.F.);
#4811 = EDGE_LOOP('',(#4812,#4813,#4821,#4829));
#4812 = ORIENTED_EDGE('',*,*,#4791,.T.);
#4813 = ORIENTED_EDGE('',*,*,#4814,.T.);
#4814 = EDGE_CURVE('',#4784,#4815,#4817,.T.);
#4815 = VERTEX_POINT('',#4816);
#4816 = CARTESIAN_POINT('',(206.5,-37.,1.162E+04));
#4817 = LINE('',#4818,#4819);
#4818 = CARTESIAN_POINT('',(175.,-37.,1.162E+04));
#4819 = VECTOR('',#4820,1.);
#4820 = DIRECTION('',(1.,0.,0.));
#4821 = ORIENTED_EDGE('',*,*,#4822,.F.);
#4822 = EDGE_CURVE('',#4823,#4815,#4825,.T.);
#4823 = VERTEX_POINT('',#4824);
#4824 = CARTESIAN_POINT('',(206.5,-37.,1.16E+04));
#4825 = LINE('',#4826,#4827);
#4826 = CARTESIAN_POINT('',(206.5,-37.,1.16E+04));
#4827 = VECTOR('',#4828,1.);
#4828 = DIRECTION('',(0.,0.,1.));
#4829 = ORIENTED_EDGE('',*,*,#4830,.F.);
#4830 = EDGE_CURVE('',#4792,#4823,#4831,.T.);
#4831 = LINE('',#4832,#4833);
#4832 = CARTESIAN_POINT('',(175.,-37.,1.16E+04));
#4833 = VECTOR('',#4834,1.);
#4834 = DIRECTION('',(1.,0.,0.));
#4835 = PLANE('',#4836);
#4836 = AXIS2_PLACEMENT_3D('',#4837,#4838,#4839);
#4837 = CARTESIAN_POINT('',(175.,-37.,1.16E+04));
#4838 = DIRECTION('',(0.,1.,0.));
#4839 = DIRECTION('',(1.,0.,0.));
#4840 = ADVANCED_FACE('',(#4841),#4868,.T.);
#4841 = FACE_BOUND('',#4842,.F.);
#4842 = EDGE_LOOP('',(#4843,#4844,#4853,#4861));
#4843 = ORIENTED_EDGE('',*,*,#4822,.T.);
#4844 = ORIENTED_EDGE('',*,*,#4845,.T.);
#4845 = EDGE_CURVE('',#4815,#4846,#4848,.T.);
#4846 = VERTEX_POINT('',#4847);
#4847 = CARTESIAN_POINT('',(225.,-18.5,1.162E+04));
#4848 = CIRCLE('',#4849,18.5);
#4849 = AXIS2_PLACEMENT_3D('',#4850,#4851,#4852);
#4850 = CARTESIAN_POINT('',(206.5,-18.5,1.162E+04));
#4851 = DIRECTION('',(0.,0.,1.));
#4852 = DIRECTION('',(1.,0.,0.));
#4853 = ORIENTED_EDGE('',*,*,#4854,.F.);
#4854 = EDGE_CURVE('',#4855,#4846,#4857,.T.);
#4855 = VERTEX_POINT('',#4856);
#4856 = CARTESIAN_POINT('',(225.,-18.5,1.16E+04));
#4857 = LINE('',#4858,#4859);
#4858 = CARTESIAN_POINT('',(225.,-18.5,1.16E+04));
#4859 = VECTOR('',#4860,1.);
#4860 = DIRECTION('',(0.,0.,1.));
#4861 = ORIENTED_EDGE('',*,*,#4862,.F.);
#4862 = EDGE_CURVE('',#4823,#4855,#4863,.T.);
#4863 = CIRCLE('',#4864,18.5);
#4864 = AXIS2_PLACEMENT_3D('',#4865,#4866,#4867);
#4865 = CARTESIAN_POINT('',(206.5,-18.5,1.16E+04));
#4866 = DIRECTION('',(0.,0.,1.));
#4867 = DIRECTION('',(1.,0.,0.));
#4868 = CYLINDRICAL_SURFACE('',#4869,18.5);
#4869 = AXIS2_PLACEMENT_3D('',#4870,#4871,#4872);
#4870 = CARTESIAN_POINT('',(206.5,-18.5,1.16E+04));
#4871 = DIRECTION('',(-0.,-0.,-1.));
#4872 = DIRECTION('',(1.,0.,0.));
#4873 = ADVANCED_FACE('',(#4874),#4899,.F.);
#4874 = FACE_BOUND('',#4875,.F.);
#4875 = EDGE_LOOP('',(#4876,#4877,#4885,#4893));
#4876 = ORIENTED_EDGE('',*,*,#4854,.T.);
#4877 = ORIENTED_EDGE('',*,*,#4878,.T.);
#4878 = EDGE_CURVE('',#4846,#4879,#4881,.T.);
#4879 = VERTEX_POINT('',#4880);
#4880 = CARTESIAN_POINT('',(225.,118.39745962155,1.162E+04));
#4881 = LINE('',#4882,#4883);
#4882 = CARTESIAN_POINT('',(225.,-18.5,1.162E+04));
#4883 = VECTOR('',#4884,1.);
#4884 = DIRECTION('',(0.,1.,0.));
#4885 = ORIENTED_EDGE('',*,*,#4886,.F.);
#4886 = EDGE_CURVE('',#4887,#4879,#4889,.T.);
#4887 = VERTEX_POINT('',#4888);
#4888 = CARTESIAN_POINT('',(225.,118.39745962155,1.16E+04));
#4889 = LINE('',#4890,#4891);
#4890 = CARTESIAN_POINT('',(225.,118.39745962155,1.16E+04));
#4891 = VECTOR('',#4892,1.);
#4892 = DIRECTION('',(0.,0.,1.));
#4893 = ORIENTED_EDGE('',*,*,#4894,.F.);
#4894 = EDGE_CURVE('',#4855,#4887,#4895,.T.);
#4895 = LINE('',#4896,#4897);
#4896 = CARTESIAN_POINT('',(225.,-18.5,1.16E+04));
#4897 = VECTOR('',#4898,1.);
#4898 = DIRECTION('',(0.,1.,0.));
#4899 = PLANE('',#4900);
#4900 = AXIS2_PLACEMENT_3D('',#4901,#4902,#4903);
#4901 = CARTESIAN_POINT('',(225.,-18.5,1.16E+04));
#4902 = DIRECTION('',(-1.,0.,0.));
#4903 = DIRECTION('',(0.,1.,0.));
#4904 = ADVANCED_FACE('',(#4905),#4932,.T.);
#4905 = FACE_BOUND('',#4906,.F.);
#4906 = EDGE_LOOP('',(#4907,#4908,#4917,#4925));
#4907 = ORIENTED_EDGE('',*,*,#4886,.T.);
#4908 = ORIENTED_EDGE('',*,*,#4909,.T.);
#4909 = EDGE_CURVE('',#4879,#4910,#4912,.T.);
#4910 = VERTEX_POINT('',#4911);
#4911 = CARTESIAN_POINT('',(222.32050807568,128.39745962155,1.162E+04));
#4912 = CIRCLE('',#4913,20.);
#4913 = AXIS2_PLACEMENT_3D('',#4914,#4915,#4916);
#4914 = CARTESIAN_POINT('',(205.,118.39745962155,1.162E+04));
#4915 = DIRECTION('',(0.,0.,1.));
#4916 = DIRECTION('',(1.,0.,0.));
#4917 = ORIENTED_EDGE('',*,*,#4918,.F.);
#4918 = EDGE_CURVE('',#4919,#4910,#4921,.T.);
#4919 = VERTEX_POINT('',#4920);
#4920 = CARTESIAN_POINT('',(222.32050807568,128.39745962155,1.16E+04));
#4921 = LINE('',#4922,#4923);
#4922 = CARTESIAN_POINT('',(222.32050807568,128.39745962155,1.16E+04));
#4923 = VECTOR('',#4924,1.);
#4924 = DIRECTION('',(0.,0.,1.));
#4925 = ORIENTED_EDGE('',*,*,#4926,.F.);
#4926 = EDGE_CURVE('',#4887,#4919,#4927,.T.);
#4927 = CIRCLE('',#4928,20.);
#4928 = AXIS2_PLACEMENT_3D('',#4929,#4930,#4931);
#4929 = CARTESIAN_POINT('',(205.,118.39745962155,1.16E+04));
#4930 = DIRECTION('',(0.,0.,1.));
#4931 = DIRECTION('',(1.,0.,0.));
#4932 = CYLINDRICAL_SURFACE('',#4933,20.);
#4933 = AXIS2_PLACEMENT_3D('',#4934,#4935,#4936);
#4934 = CARTESIAN_POINT('',(205.,118.39745962155,1.16E+04));
#4935 = DIRECTION('',(-0.,-0.,-1.));
#4936 = DIRECTION('',(1.,0.,0.));
#4937 = ADVANCED_FACE('',(#4938),#4963,.F.);
#4938 = FACE_BOUND('',#4939,.F.);
#4939 = EDGE_LOOP('',(#4940,#4941,#4949,#4957));
#4940 = ORIENTED_EDGE('',*,*,#4918,.T.);
#4941 = ORIENTED_EDGE('',*,*,#4942,.T.);
#4942 = EDGE_CURVE('',#4910,#4943,#4945,.T.);
#4943 = VERTEX_POINT('',#4944);
#4944 = CARTESIAN_POINT('',(172.32050807568,215.,1.162E+04));
#4945 = LINE('',#4946,#4947);
#4946 = CARTESIAN_POINT('',(222.32050807568,128.39745962155,1.162E+04));
#4947 = VECTOR('',#4948,1.);
#4948 = DIRECTION('',(-0.5,0.866025403784,0.));
#4949 = ORIENTED_EDGE('',*,*,#4950,.F.);
#4950 = EDGE_CURVE('',#4951,#4943,#4953,.T.);
#4951 = VERTEX_POINT('',#4952);
#4952 = CARTESIAN_POINT('',(172.32050807568,215.,1.16E+04));
#4953 = LINE('',#4954,#4955);
#4954 = CARTESIAN_POINT('',(172.32050807568,215.,1.16E+04));
#4955 = VECTOR('',#4956,1.);
#4956 = DIRECTION('',(0.,0.,1.));
#4957 = ORIENTED_EDGE('',*,*,#4958,.F.);
#4958 = EDGE_CURVE('',#4919,#4951,#4959,.T.);
#4959 = LINE('',#4960,#4961);
#4960 = CARTESIAN_POINT('',(222.32050807568,128.39745962155,1.16E+04));
#4961 = VECTOR('',#4962,1.);
#4962 = DIRECTION('',(-0.5,0.866025403784,0.));
#4963 = PLANE('',#4964);
#4964 = AXIS2_PLACEMENT_3D('',#4965,#4966,#4967);
#4965 = CARTESIAN_POINT('',(222.32050807568,128.39745962155,1.16E+04));
#4966 = DIRECTION('',(-0.866025403784,-0.5,0.));
#4967 = DIRECTION('',(-0.5,0.866025403784,0.));
#4968 = ADVANCED_FACE('',(#4969),#4996,.T.);
#4969 = FACE_BOUND('',#4970,.F.);
#4970 = EDGE_LOOP('',(#4971,#4972,#4981,#4989));
#4971 = ORIENTED_EDGE('',*,*,#4950,.T.);
#4972 = ORIENTED_EDGE('',*,*,#4973,.T.);
#4973 = EDGE_CURVE('',#4943,#4974,#4976,.T.);
#4974 = VERTEX_POINT('',#4975);
#4975 = CARTESIAN_POINT('',(155.,225.,1.162E+04));
#4976 = CIRCLE('',#4977,20.);
#4977 = AXIS2_PLACEMENT_3D('',#4978,#4979,#4980);
#4978 = CARTESIAN_POINT('',(155.,205.,1.162E+04));
#4979 = DIRECTION('',(0.,0.,1.));
#4980 = DIRECTION('',(1.,0.,0.));
#4981 = ORIENTED_EDGE('',*,*,#4982,.F.);
#4982 = EDGE_CURVE('',#4983,#4974,#4985,.T.);
#4983 = VERTEX_POINT('',#4984);
#4984 = CARTESIAN_POINT('',(155.,225.,1.16E+04));
#4985 = LINE('',#4986,#4987);
#4986 = CARTESIAN_POINT('',(155.,225.,1.16E+04));
#4987 = VECTOR('',#4988,1.);
#4988 = DIRECTION('',(0.,0.,1.));
#4989 = ORIENTED_EDGE('',*,*,#4990,.F.);
#4990 = EDGE_CURVE('',#4951,#4983,#4991,.T.);
#4991 = CIRCLE('',#4992,20.);
#4992 = AXIS2_PLACEMENT_3D('',#4993,#4994,#4995);
#4993 = CARTESIAN_POINT('',(155.,205.,1.16E+04));
#4994 = DIRECTION('',(0.,0.,1.));
#4995 = DIRECTION('',(1.,0.,0.));
#4996 = CYLINDRICAL_SURFACE('',#4997,20.);
#4997 = AXIS2_PLACEMENT_3D('',#4998,#4999,#5000);
#4998 = CARTESIAN_POINT('',(155.,205.,1.16E+04));
#4999 = DIRECTION('',(-0.,-0.,-1.));
#5000 = DIRECTION('',(1.,0.,0.));
#5001 = ADVANCED_FACE('',(#5002),#5027,.F.);
#5002 = FACE_BOUND('',#5003,.F.);
#5003 = EDGE_LOOP('',(#5004,#5005,#5013,#5021));
#5004 = ORIENTED_EDGE('',*,*,#4982,.T.);
#5005 = ORIENTED_EDGE('',*,*,#5006,.T.);
#5006 = EDGE_CURVE('',#4974,#5007,#5009,.T.);
#5007 = VERTEX_POINT('',#5008);
#5008 = CARTESIAN_POINT('',(-155.,225.,1.162E+04));
#5009 = LINE('',#5010,#5011);
#5010 = CARTESIAN_POINT('',(155.,225.,1.162E+04));
#5011 = VECTOR('',#5012,1.);
#5012 = DIRECTION('',(-1.,0.,0.));
#5013 = ORIENTED_EDGE('',*,*,#5014,.F.);
#5014 = EDGE_CURVE('',#5015,#5007,#5017,.T.);
#5015 = VERTEX_POINT('',#5016);
#5016 = CARTESIAN_POINT('',(-155.,225.,1.16E+04));
#5017 = LINE('',#5018,#5019);
#5018 = CARTESIAN_POINT('',(-155.,225.,1.16E+04));
#5019 = VECTOR('',#5020,1.);
#5020 = DIRECTION('',(0.,0.,1.));
#5021 = ORIENTED_EDGE('',*,*,#5022,.F.);
#5022 = EDGE_CURVE('',#4983,#5015,#5023,.T.);
#5023 = LINE('',#5024,#5025);
#5024 = CARTESIAN_POINT('',(155.,225.,1.16E+04));
#5025 = VECTOR('',#5026,1.);
#5026 = DIRECTION('',(-1.,0.,0.));
#5027 = PLANE('',#5028);
#5028 = AXIS2_PLACEMENT_3D('',#5029,#5030,#5031);
#5029 = CARTESIAN_POINT('',(155.,225.,1.16E+04));
#5030 = DIRECTION('',(0.,-1.,0.));
#5031 = DIRECTION('',(-1.,0.,0.));
#5032 = ADVANCED_FACE('',(#5033),#5060,.T.);
#5033 = FACE_BOUND('',#5034,.F.);
#5034 = EDGE_LOOP('',(#5035,#5036,#5045,#5053));
#5035 = ORIENTED_EDGE('',*,*,#5014,.T.);
#5036 = ORIENTED_EDGE('',*,*,#5037,.T.);
#5037 = EDGE_CURVE('',#5007,#5038,#5040,.T.);
#5038 = VERTEX_POINT('',#5039);
#5039 = CARTESIAN_POINT('',(-172.3205080756,215.,1.162E+04));
#5040 = CIRCLE('',#5041,20.);
#5041 = AXIS2_PLACEMENT_3D('',#5042,#5043,#5044);
#5042 = CARTESIAN_POINT('',(-155.,205.,1.162E+04));
#5043 = DIRECTION('',(0.,0.,1.));
#5044 = DIRECTION('',(1.,0.,0.));
#5045 = ORIENTED_EDGE('',*,*,#5046,.F.);
#5046 = EDGE_CURVE('',#5047,#5038,#5049,.T.);
#5047 = VERTEX_POINT('',#5048);
#5048 = CARTESIAN_POINT('',(-172.3205080756,215.,1.16E+04));
#5049 = LINE('',#5050,#5051);
#5050 = CARTESIAN_POINT('',(-172.3205080756,215.,1.16E+04));
#5051 = VECTOR('',#5052,1.);
#5052 = DIRECTION('',(0.,0.,1.));
#5053 = ORIENTED_EDGE('',*,*,#5054,.F.);
#5054 = EDGE_CURVE('',#5015,#5047,#5055,.T.);
#5055 = CIRCLE('',#5056,20.);
#5056 = AXIS2_PLACEMENT_3D('',#5057,#5058,#5059);
#5057 = CARTESIAN_POINT('',(-155.,205.,1.16E+04));
#5058 = DIRECTION('',(0.,0.,1.));
#5059 = DIRECTION('',(1.,0.,0.));
#5060 = CYLINDRICAL_SURFACE('',#5061,20.);
#5061 = AXIS2_PLACEMENT_3D('',#5062,#5063,#5064);
#5062 = CARTESIAN_POINT('',(-155.,205.,1.16E+04));
#5063 = DIRECTION('',(-0.,-0.,-1.));
#5064 = DIRECTION('',(1.,0.,0.));
#5065 = ADVANCED_FACE('',(#5066),#5091,.F.);
#5066 = FACE_BOUND('',#5067,.F.);
#5067 = EDGE_LOOP('',(#5068,#5069,#5077,#5085));
#5068 = ORIENTED_EDGE('',*,*,#5046,.T.);
#5069 = ORIENTED_EDGE('',*,*,#5070,.T.);
#5070 = EDGE_CURVE('',#5038,#5071,#5073,.T.);
#5071 = VERTEX_POINT('',#5072);
#5072 = CARTESIAN_POINT('',(-222.3205080756,128.39745962155,1.162E+04));
#5073 = LINE('',#5074,#5075);
#5074 = CARTESIAN_POINT('',(-172.3205080756,215.,1.162E+04));
#5075 = VECTOR('',#5076,1.);
#5076 = DIRECTION('',(-0.5,-0.866025403784,0.));
#5077 = ORIENTED_EDGE('',*,*,#5078,.F.);
#5078 = EDGE_CURVE('',#5079,#5071,#5081,.T.);
#5079 = VERTEX_POINT('',#5080);
#5080 = CARTESIAN_POINT('',(-222.3205080756,128.39745962155,1.16E+04));
#5081 = LINE('',#5082,#5083);
#5082 = CARTESIAN_POINT('',(-222.3205080756,128.39745962155,1.16E+04));
#5083 = VECTOR('',#5084,1.);
#5084 = DIRECTION('',(0.,0.,1.));
#5085 = ORIENTED_EDGE('',*,*,#5086,.F.);
#5086 = EDGE_CURVE('',#5047,#5079,#5087,.T.);
#5087 = LINE('',#5088,#5089);
#5088 = CARTESIAN_POINT('',(-172.3205080756,215.,1.16E+04));
#5089 = VECTOR('',#5090,1.);
#5090 = DIRECTION('',(-0.5,-0.866025403784,0.));
#5091 = PLANE('',#5092);
#5092 = AXIS2_PLACEMENT_3D('',#5093,#5094,#5095);
#5093 = CARTESIAN_POINT('',(-172.3205080756,215.,1.16E+04));
#5094 = DIRECTION('',(0.866025403784,-0.5,0.));
#5095 = DIRECTION('',(-0.5,-0.866025403784,0.));
#5096 = ADVANCED_FACE('',(#5097),#5124,.T.);
#5097 = FACE_BOUND('',#5098,.F.);
#5098 = EDGE_LOOP('',(#5099,#5100,#5109,#5117));
#5099 = ORIENTED_EDGE('',*,*,#5078,.T.);
#5100 = ORIENTED_EDGE('',*,*,#5101,.T.);
#5101 = EDGE_CURVE('',#5071,#5102,#5104,.T.);
#5102 = VERTEX_POINT('',#5103);
#5103 = CARTESIAN_POINT('',(-225.,118.39745962155,1.162E+04));
#5104 = CIRCLE('',#5105,20.);
#5105 = AXIS2_PLACEMENT_3D('',#5106,#5107,#5108);
#5106 = CARTESIAN_POINT('',(-205.,118.39745962155,1.162E+04));
#5107 = DIRECTION('',(0.,0.,1.));
#5108 = DIRECTION('',(1.,0.,0.));
#5109 = ORIENTED_EDGE('',*,*,#5110,.F.);
#5110 = EDGE_CURVE('',#5111,#5102,#5113,.T.);
#5111 = VERTEX_POINT('',#5112);
#5112 = CARTESIAN_POINT('',(-225.,118.39745962155,1.16E+04));
#5113 = LINE('',#5114,#5115);
#5114 = CARTESIAN_POINT('',(-225.,118.39745962155,1.16E+04));
#5115 = VECTOR('',#5116,1.);
#5116 = DIRECTION('',(0.,0.,1.));
#5117 = ORIENTED_EDGE('',*,*,#5118,.F.);
#5118 = EDGE_CURVE('',#5079,#5111,#5119,.T.);
#5119 = CIRCLE('',#5120,20.);
#5120 = AXIS2_PLACEMENT_3D('',#5121,#5122,#5123);
#5121 = CARTESIAN_POINT('',(-205.,118.39745962155,1.16E+04));
#5122 = DIRECTION('',(0.,0.,1.));
#5123 = DIRECTION('',(1.,0.,0.));
#5124 = CYLINDRICAL_SURFACE('',#5125,20.);
#5125 = AXIS2_PLACEMENT_3D('',#5126,#5127,#5128);
#5126 = CARTESIAN_POINT('',(-205.,118.39745962155,1.16E+04));
#5127 = DIRECTION('',(-0.,-0.,-1.));
#5128 = DIRECTION('',(1.,0.,0.));
#5129 = ADVANCED_FACE('',(#5130),#5155,.F.);
#5130 = FACE_BOUND('',#5131,.F.);
#5131 = EDGE_LOOP('',(#5132,#5133,#5141,#5149));
#5132 = ORIENTED_EDGE('',*,*,#5110,.T.);
#5133 = ORIENTED_EDGE('',*,*,#5134,.T.);
#5134 = EDGE_CURVE('',#5102,#5135,#5137,.T.);
#5135 = VERTEX_POINT('',#5136);
#5136 = CARTESIAN_POINT('',(-225.,-18.5,1.162E+04));
#5137 = LINE('',#5138,#5139);
#5138 = CARTESIAN_POINT('',(-225.,118.39745962155,1.162E+04));
#5139 = VECTOR('',#5140,1.);
#5140 = DIRECTION('',(0.,-1.,0.));
#5141 = ORIENTED_EDGE('',*,*,#5142,.F.);
#5142 = EDGE_CURVE('',#5143,#5135,#5145,.T.);
#5143 = VERTEX_POINT('',#5144);
#5144 = CARTESIAN_POINT('',(-225.,-18.5,1.16E+04));
#5145 = LINE('',#5146,#5147);
#5146 = CARTESIAN_POINT('',(-225.,-18.5,1.16E+04));
#5147 = VECTOR('',#5148,1.);
#5148 = DIRECTION('',(0.,0.,1.));
#5149 = ORIENTED_EDGE('',*,*,#5150,.F.);
#5150 = EDGE_CURVE('',#5111,#5143,#5151,.T.);
#5151 = LINE('',#5152,#5153);
#5152 = CARTESIAN_POINT('',(-225.,118.39745962155,1.16E+04));
#5153 = VECTOR('',#5154,1.);
#5154 = DIRECTION('',(0.,-1.,0.));
#5155 = PLANE('',#5156);
#5156 = AXIS2_PLACEMENT_3D('',#5157,#5158,#5159);
#5157 = CARTESIAN_POINT('',(-225.,118.39745962155,1.16E+04));
#5158 = DIRECTION('',(1.,0.,0.));
#5159 = DIRECTION('',(0.,-1.,0.));
#5160 = ADVANCED_FACE('',(#5161),#5188,.T.);
#5161 = FACE_BOUND('',#5162,.F.);
#5162 = EDGE_LOOP('',(#5163,#5164,#5173,#5181));
#5163 = ORIENTED_EDGE('',*,*,#5142,.T.);
#5164 = ORIENTED_EDGE('',*,*,#5165,.T.);
#5165 = EDGE_CURVE('',#5135,#5166,#5168,.T.);
#5166 = VERTEX_POINT('',#5167);
#5167 = CARTESIAN_POINT('',(-206.5,-37.,1.162E+04));
#5168 = CIRCLE('',#5169,18.5);
#5169 = AXIS2_PLACEMENT_3D('',#5170,#5171,#5172);
#5170 = CARTESIAN_POINT('',(-206.5,-18.5,1.162E+04));
#5171 = DIRECTION('',(0.,0.,1.));
#5172 = DIRECTION('',(1.,0.,0.));
#5173 = ORIENTED_EDGE('',*,*,#5174,.F.);
#5174 = EDGE_CURVE('',#5175,#5166,#5177,.T.);
#5175 = VERTEX_POINT('',#5176);
#5176 = CARTESIAN_POINT('',(-206.5,-37.,1.16E+04));
#5177 = LINE('',#5178,#5179);
#5178 = CARTESIAN_POINT('',(-206.5,-37.,1.16E+04));
#5179 = VECTOR('',#5180,1.);
#5180 = DIRECTION('',(0.,0.,1.));
#5181 = ORIENTED_EDGE('',*,*,#5182,.F.);
#5182 = EDGE_CURVE('',#5143,#5175,#5183,.T.);
#5183 = CIRCLE('',#5184,18.5);
#5184 = AXIS2_PLACEMENT_3D('',#5185,#5186,#5187);
#5185 = CARTESIAN_POINT('',(-206.5,-18.5,1.16E+04));
#5186 = DIRECTION('',(0.,0.,1.));
#5187 = DIRECTION('',(1.,0.,0.));
#5188 = CYLINDRICAL_SURFACE('',#5189,18.5);
#5189 = AXIS2_PLACEMENT_3D('',#5190,#5191,#5192);
#5190 = CARTESIAN_POINT('',(-206.5,-18.5,1.16E+04));
#5191 = DIRECTION('',(-0.,-0.,-1.));
#5192 = DIRECTION('',(1.,0.,0.));
#5193 = ADVANCED_FACE('',(#5194),#5219,.F.);
#5194 = FACE_BOUND('',#5195,.F.);
#5195 = EDGE_LOOP('',(#5196,#5197,#5205,#5213));
#5196 = ORIENTED_EDGE('',*,*,#5174,.T.);
#5197 = ORIENTED_EDGE('',*,*,#5198,.T.);
#5198 = EDGE_CURVE('',#5166,#5199,#5201,.T.);
#5199 = VERTEX_POINT('',#5200);
#5200 = CARTESIAN_POINT('',(-175.,-37.,1.162E+04));
#5201 = LINE('',#5202,#5203);
#5202 = CARTESIAN_POINT('',(-206.5,-37.,1.162E+04));
#5203 = VECTOR('',#5204,1.);
#5204 = DIRECTION('',(1.,0.,0.));
#5205 = ORIENTED_EDGE('',*,*,#5206,.F.);
#5206 = EDGE_CURVE('',#5207,#5199,#5209,.T.);
#5207 = VERTEX_POINT('',#5208);
#5208 = CARTESIAN_POINT('',(-175.,-37.,1.16E+04));
#5209 = LINE('',#5210,#5211);
#5210 = CARTESIAN_POINT('',(-175.,-37.,1.16E+04));
#5211 = VECTOR('',#5212,1.);
#5212 = DIRECTION('',(0.,0.,1.));
#5213 = ORIENTED_EDGE('',*,*,#5214,.F.);
#5214 = EDGE_CURVE('',#5175,#5207,#5215,.T.);
#5215 = LINE('',#5216,#5217);
#5216 = CARTESIAN_POINT('',(-206.5,-37.,1.16E+04));
#5217 = VECTOR('',#5218,1.);
#5218 = DIRECTION('',(1.,0.,0.));
#5219 = PLANE('',#5220);
#5220 = AXIS2_PLACEMENT_3D('',#5221,#5222,#5223);
#5221 = CARTESIAN_POINT('',(-206.5,-37.,1.16E+04));
#5222 = DIRECTION('',(0.,1.,0.));
#5223 = DIRECTION('',(1.,0.,0.));
#5224 = ADVANCED_FACE('',(#5225),#5250,.F.);
#5225 = FACE_BOUND('',#5226,.F.);
#5226 = EDGE_LOOP('',(#5227,#5228,#5236,#5244));
#5227 = ORIENTED_EDGE('',*,*,#5206,.T.);
#5228 = ORIENTED_EDGE('',*,*,#5229,.T.);
#5229 = EDGE_CURVE('',#5199,#5230,#5232,.T.);
#5230 = VERTEX_POINT('',#5231);
#5231 = CARTESIAN_POINT('',(-175.,-115.,1.162E+04));
#5232 = LINE('',#5233,#5234);
#5233 = CARTESIAN_POINT('',(-175.,-37.,1.162E+04));
#5234 = VECTOR('',#5235,1.);
#5235 = DIRECTION('',(0.,-1.,0.));
#5236 = ORIENTED_EDGE('',*,*,#5237,.F.);
#5237 = EDGE_CURVE('',#5238,#5230,#5240,.T.);
#5238 = VERTEX_POINT('',#5239);
#5239 = CARTESIAN_POINT('',(-175.,-115.,1.16E+04));
#5240 = LINE('',#5241,#5242);
#5241 = CARTESIAN_POINT('',(-175.,-115.,1.16E+04));
#5242 = VECTOR('',#5243,1.);
#5243 = DIRECTION('',(0.,0.,1.));
#5244 = ORIENTED_EDGE('',*,*,#5245,.F.);
#5245 = EDGE_CURVE('',#5207,#5238,#5246,.T.);
#5246 = LINE('',#5247,#5248);
#5247 = CARTESIAN_POINT('',(-175.,-37.,1.16E+04));
#5248 = VECTOR('',#5249,1.);
#5249 = DIRECTION('',(0.,-1.,0.));
#5250 = PLANE('',#5251);
#5251 = AXIS2_PLACEMENT_3D('',#5252,#5253,#5254);
#5252 = CARTESIAN_POINT('',(-175.,-37.,1.16E+04));
#5253 = DIRECTION('',(1.,0.,0.));
#5254 = DIRECTION('',(0.,-1.,0.));
#5255 = ADVANCED_FACE('',(#5256),#5281,.F.);
#5256 = FACE_BOUND('',#5257,.F.);
#5257 = EDGE_LOOP('',(#5258,#5259,#5267,#5275));
#5258 = ORIENTED_EDGE('',*,*,#5237,.T.);
#5259 = ORIENTED_EDGE('',*,*,#5260,.T.);
#5260 = EDGE_CURVE('',#5230,#5261,#5263,.T.);
#5261 = VERTEX_POINT('',#5262);
#5262 = CARTESIAN_POINT('',(-235.,-115.,1.162E+04));
#5263 = LINE('',#5264,#5265);
#5264 = CARTESIAN_POINT('',(-175.,-115.,1.162E+04));
#5265 = VECTOR('',#5266,1.);
#5266 = DIRECTION('',(-1.,0.,0.));
#5267 = ORIENTED_EDGE('',*,*,#5268,.F.);
#5268 = EDGE_CURVE('',#5269,#5261,#5271,.T.);
#5269 = VERTEX_POINT('',#5270);
#5270 = CARTESIAN_POINT('',(-235.,-115.,1.16E+04));
#5271 = LINE('',#5272,#5273);
#5272 = CARTESIAN_POINT('',(-235.,-115.,1.16E+04));
#5273 = VECTOR('',#5274,1.);
#5274 = DIRECTION('',(0.,0.,1.));
#5275 = ORIENTED_EDGE('',*,*,#5276,.F.);
#5276 = EDGE_CURVE('',#5238,#5269,#5277,.T.);
#5277 = LINE('',#5278,#5279);
#5278 = CARTESIAN_POINT('',(-175.,-115.,1.16E+04));
#5279 = VECTOR('',#5280,1.);
#5280 = DIRECTION('',(-1.,0.,0.));
#5281 = PLANE('',#5282);
#5282 = AXIS2_PLACEMENT_3D('',#5283,#5284,#5285);
#5283 = CARTESIAN_POINT('',(-175.,-115.,1.16E+04));
#5284 = DIRECTION('',(0.,-1.,0.));
#5285 = DIRECTION('',(-1.,0.,0.));
#5286 = ADVANCED_FACE('',(#5287),#5303,.F.);
#5287 = FACE_BOUND('',#5288,.F.);
#5288 = EDGE_LOOP('',(#5289,#5290,#5296,#5297));
#5289 = ORIENTED_EDGE('',*,*,#5268,.T.);
#5290 = ORIENTED_EDGE('',*,*,#5291,.T.);
#5291 = EDGE_CURVE('',#5261,#4683,#5292,.T.);
#5292 = LINE('',#5293,#5294);
#5293 = CARTESIAN_POINT('',(-235.,-115.,1.162E+04));
#5294 = VECTOR('',#5295,1.);
#5295 = DIRECTION('',(0.,-1.,0.));
#5296 = ORIENTED_EDGE('',*,*,#4680,.F.);
#5297 = ORIENTED_EDGE('',*,*,#5298,.F.);
#5298 = EDGE_CURVE('',#5269,#4681,#5299,.T.);
#5299 = LINE('',#5300,#5301);
#5300 = CARTESIAN_POINT('',(-235.,-115.,1.16E+04));
#5301 = VECTOR('',#5302,1.);
#5302 = DIRECTION('',(0.,-1.,0.));
#5303 = PLANE('',#5304);
#5304 = AXIS2_PLACEMENT_3D('',#5305,#5306,#5307);
#5305 = CARTESIAN_POINT('',(-235.,-115.,1.16E+04));
#5306 = DIRECTION('',(1.,0.,0.));
#5307 = DIRECTION('',(0.,-1.,0.));
#5308 = ADVANCED_FACE('',(#5309),#5336,.F.);
#5309 = FACE_BOUND('',#5310,.T.);
#5310 = EDGE_LOOP('',(#5311,#5321,#5328,#5329));
#5311 = ORIENTED_EDGE('',*,*,#5312,.T.);
#5312 = EDGE_CURVE('',#5313,#5315,#5317,.T.);
#5313 = VERTEX_POINT('',#5314);
#5314 = CARTESIAN_POINT('',(100.,0.,1.16E+04));
#5315 = VERTEX_POINT('',#5316);
#5316 = CARTESIAN_POINT('',(100.,0.,1.162E+04));
#5317 = LINE('',#5318,#5319);
#5318 = CARTESIAN_POINT('',(100.,0.,1.16E+04));
#5319 = VECTOR('',#5320,1.);
#5320 = DIRECTION('',(0.,0.,1.));
#5321 = ORIENTED_EDGE('',*,*,#5322,.T.);
#5322 = EDGE_CURVE('',#5315,#5315,#5323,.T.);
#5323 = CIRCLE('',#5324,100.);
#5324 = AXIS2_PLACEMENT_3D('',#5325,#5326,#5327);
#5325 = CARTESIAN_POINT('',(0.,0.,1.162E+04));
#5326 = DIRECTION('',(0.,0.,1.));
#5327 = DIRECTION('',(1.,0.,0.));
#5328 = ORIENTED_EDGE('',*,*,#5312,.F.);
#5329 = ORIENTED_EDGE('',*,*,#5330,.F.);
#5330 = EDGE_CURVE('',#5313,#5313,#5331,.T.);
#5331 = CIRCLE('',#5332,100.);
#5332 = AXIS2_PLACEMENT_3D('',#5333,#5334,#5335);
#5333 = CARTESIAN_POINT('',(0.,0.,1.16E+04));
#5334 = DIRECTION('',(0.,0.,1.));
#5335 = DIRECTION('',(1.,0.,0.));
#5336 = CYLINDRICAL_SURFACE('',#5337,100.);
#5337 = AXIS2_PLACEMENT_3D('',#5338,#5339,#5340);
#5338 = CARTESIAN_POINT('',(0.,0.,1.16E+04));
#5339 = DIRECTION('',(-0.,-0.,-1.));
#5340 = DIRECTION('',(1.,0.,0.));
#5341 = ADVANCED_FACE('',(#5342),#5369,.F.);
#5342 = FACE_BOUND('',#5343,.T.);
#5343 = EDGE_LOOP('',(#5344,#5354,#5361,#5362));
#5344 = ORIENTED_EDGE('',*,*,#5345,.T.);
#5345 = EDGE_CURVE('',#5346,#5348,#5350,.T.);
#5346 = VERTEX_POINT('',#5347);
#5347 = CARTESIAN_POINT('',(-110.,-156.5,1.16E+04));
#5348 = VERTEX_POINT('',#5349);
#5349 = CARTESIAN_POINT('',(-110.,-156.5,1.162E+04));
#5350 = LINE('',#5351,#5352);
#5351 = CARTESIAN_POINT('',(-110.,-156.5,1.16E+04));
#5352 = VECTOR('',#5353,1.);
#5353 = DIRECTION('',(0.,0.,1.));
#5354 = ORIENTED_EDGE('',*,*,#5355,.T.);
#5355 = EDGE_CURVE('',#5348,#5348,#5356,.T.);
#5356 = CIRCLE('',#5357,10.);
#5357 = AXIS2_PLACEMENT_3D('',#5358,#5359,#5360);
#5358 = CARTESIAN_POINT('',(-120.,-156.5,1.162E+04));
#5359 = DIRECTION('',(0.,0.,1.));
#5360 = DIRECTION('',(1.,0.,0.));
#5361 = ORIENTED_EDGE('',*,*,#5345,.F.);
#5362 = ORIENTED_EDGE('',*,*,#5363,.F.);
#5363 = EDGE_CURVE('',#5346,#5346,#5364,.T.);
#5364 = CIRCLE('',#5365,10.);
#5365 = AXIS2_PLACEMENT_3D('',#5366,#5367,#5368);
#5366 = CARTESIAN_POINT('',(-120.,-156.5,1.16E+04));
#5367 = DIRECTION('',(0.,0.,1.));
#5368 = DIRECTION('',(1.,0.,0.));
#5369 = CYLINDRICAL_SURFACE('',#5370,10.);
#5370 = AXIS2_PLACEMENT_3D('',#5371,#5372,#5373);
#5371 = CARTESIAN_POINT('',(-120.,-156.5,1.16E+04));
#5372 = DIRECTION('',(-0.,-0.,-1.));
#5373 = DIRECTION('',(1.,0.,0.));
#5374 = ADVANCED_FACE('',(#5375),#5402,.F.);
#5375 = FACE_BOUND('',#5376,.T.);
#5376 = EDGE_LOOP('',(#5377,#5387,#5394,#5395));
#5377 = ORIENTED_EDGE('',*,*,#5378,.T.);
#5378 = EDGE_CURVE('',#5379,#5381,#5383,.T.);
#5379 = VERTEX_POINT('',#5380);
#5380 = CARTESIAN_POINT('',(-30.,-156.5,1.16E+04));
#5381 = VERTEX_POINT('',#5382);
#5382 = CARTESIAN_POINT('',(-30.,-156.5,1.162E+04));
#5383 = LINE('',#5384,#5385);
#5384 = CARTESIAN_POINT('',(-30.,-156.5,1.16E+04));
#5385 = VECTOR('',#5386,1.);
#5386 = DIRECTION('',(0.,0.,1.));
#5387 = ORIENTED_EDGE('',*,*,#5388,.T.);
#5388 = EDGE_CURVE('',#5381,#5381,#5389,.T.);
#5389 = CIRCLE('',#5390,10.);
#5390 = AXIS2_PLACEMENT_3D('',#5391,#5392,#5393);
#5391 = CARTESIAN_POINT('',(-40.,-156.5,1.162E+04));
#5392 = DIRECTION('',(0.,0.,1.));
#5393 = DIRECTION('',(1.,0.,0.));
#5394 = ORIENTED_EDGE('',*,*,#5378,.F.);
#5395 = ORIENTED_EDGE('',*,*,#5396,.F.);
#5396 = EDGE_CURVE('',#5379,#5379,#5397,.T.);
#5397 = CIRCLE('',#5398,10.);
#5398 = AXIS2_PLACEMENT_3D('',#5399,#5400,#5401);
#5399 = CARTESIAN_POINT('',(-40.,-156.5,1.16E+04));
#5400 = DIRECTION('',(0.,0.,1.));
#5401 = DIRECTION('',(1.,0.,0.));
#5402 = CYLINDRICAL_SURFACE('',#5403,10.);
#5403 = AXIS2_PLACEMENT_3D('',#5404,#5405,#5406);
#5404 = CARTESIAN_POINT('',(-40.,-156.5,1.16E+04));
#5405 = DIRECTION('',(-0.,-0.,-1.));
#5406 = DIRECTION('',(1.,0.,0.));
#5407 = ADVANCED_FACE('',(#5408),#5435,.F.);
#5408 = FACE_BOUND('',#5409,.T.);
#5409 = EDGE_LOOP('',(#5410,#5420,#5427,#5428));
#5410 = ORIENTED_EDGE('',*,*,#5411,.T.);
#5411 = EDGE_CURVE('',#5412,#5414,#5416,.T.);
#5412 = VERTEX_POINT('',#5413);
#5413 = CARTESIAN_POINT('',(50.,-156.5,1.16E+04));
#5414 = VERTEX_POINT('',#5415);
#5415 = CARTESIAN_POINT('',(50.,-156.5,1.162E+04));
#5416 = LINE('',#5417,#5418);
#5417 = CARTESIAN_POINT('',(50.,-156.5,1.16E+04));
#5418 = VECTOR('',#5419,1.);
#5419 = DIRECTION('',(0.,0.,1.));
#5420 = ORIENTED_EDGE('',*,*,#5421,.T.);
#5421 = EDGE_CURVE('',#5414,#5414,#5422,.T.);
#5422 = CIRCLE('',#5423,10.);
#5423 = AXIS2_PLACEMENT_3D('',#5424,#5425,#5426);
#5424 = CARTESIAN_POINT('',(40.,-156.5,1.162E+04));
#5425 = DIRECTION('',(0.,0.,1.));
#5426 = DIRECTION('',(1.,0.,0.));
#5427 = ORIENTED_EDGE('',*,*,#5411,.F.);
#5428 = ORIENTED_EDGE('',*,*,#5429,.F.);
#5429 = EDGE_CURVE('',#5412,#5412,#5430,.T.);
#5430 = CIRCLE('',#5431,10.);
#5431 = AXIS2_PLACEMENT_3D('',#5432,#5433,#5434);
#5432 = CARTESIAN_POINT('',(40.,-156.5,1.16E+04));
#5433 = DIRECTION('',(0.,0.,1.));
#5434 = DIRECTION('',(1.,0.,0.));
#5435 = CYLINDRICAL_SURFACE('',#5436,10.);
#5436 = AXIS2_PLACEMENT_3D('',#5437,#5438,#5439);
#5437 = CARTESIAN_POINT('',(40.,-156.5,1.16E+04));
#5438 = DIRECTION('',(-0.,-0.,-1.));
#5439 = DIRECTION('',(1.,0.,0.));
#5440 = ADVANCED_FACE('',(#5441),#5468,.F.);
#5441 = FACE_BOUND('',#5442,.T.);
#5442 = EDGE_LOOP('',(#5443,#5453,#5460,#5461));
#5443 = ORIENTED_EDGE('',*,*,#5444,.T.);
#5444 = EDGE_CURVE('',#5445,#5447,#5449,.T.);
#5445 = VERTEX_POINT('',#5446);
#5446 = CARTESIAN_POINT('',(130.,-156.5,1.16E+04));
#5447 = VERTEX_POINT('',#5448);
#5448 = CARTESIAN_POINT('',(130.,-156.5,1.162E+04));
#5449 = LINE('',#5450,#5451);
#5450 = CARTESIAN_POINT('',(130.,-156.5,1.16E+04));
#5451 = VECTOR('',#5452,1.);
#5452 = DIRECTION('',(0.,0.,1.));
#5453 = ORIENTED_EDGE('',*,*,#5454,.T.);
#5454 = EDGE_CURVE('',#5447,#5447,#5455,.T.);
#5455 = CIRCLE('',#5456,10.);
#5456 = AXIS2_PLACEMENT_3D('',#5457,#5458,#5459);
#5457 = CARTESIAN_POINT('',(120.,-156.5,1.162E+04));
#5458 = DIRECTION('',(0.,0.,1.));
#5459 = DIRECTION('',(1.,0.,0.));
#5460 = ORIENTED_EDGE('',*,*,#5444,.F.);
#5461 = ORIENTED_EDGE('',*,*,#5462,.F.);
#5462 = EDGE_CURVE('',#5445,#5445,#5463,.T.);
#5463 = CIRCLE('',#5464,10.);
#5464 = AXIS2_PLACEMENT_3D('',#5465,#5466,#5467);
#5465 = CARTESIAN_POINT('',(120.,-156.5,1.16E+04));
#5466 = DIRECTION('',(0.,0.,1.));
#5467 = DIRECTION('',(1.,0.,0.));
#5468 = CYLINDRICAL_SURFACE('',#5469,10.);
#5469 = AXIS2_PLACEMENT_3D('',#5470,#5471,#5472);
#5470 = CARTESIAN_POINT('',(120.,-156.5,1.16E+04));
#5471 = DIRECTION('',(-0.,-0.,-1.));
#5472 = DIRECTION('',(1.,0.,0.));
#5473 = ADVANCED_FACE('',(#5474),#5501,.F.);
#5474 = FACE_BOUND('',#5475,.T.);
#5475 = EDGE_LOOP('',(#5476,#5486,#5493,#5494));
#5476 = ORIENTED_EDGE('',*,*,#5477,.T.);
#5477 = EDGE_CURVE('',#5478,#5480,#5482,.T.);
#5478 = VERTEX_POINT('',#5479);
#5479 = CARTESIAN_POINT('',(216.5,-18.5,1.16E+04));
#5480 = VERTEX_POINT('',#5481);
#5481 = CARTESIAN_POINT('',(216.5,-18.5,1.162E+04));
#5482 = LINE('',#5483,#5484);
#5483 = CARTESIAN_POINT('',(216.5,-18.5,1.16E+04));
#5484 = VECTOR('',#5485,1.);
#5485 = DIRECTION('',(0.,0.,1.));
#5486 = ORIENTED_EDGE('',*,*,#5487,.T.);
#5487 = EDGE_CURVE('',#5480,#5480,#5488,.T.);
#5488 = CIRCLE('',#5489,10.);
#5489 = AXIS2_PLACEMENT_3D('',#5490,#5491,#5492);
#5490 = CARTESIAN_POINT('',(206.5,-18.5,1.162E+04));
#5491 = DIRECTION('',(0.,0.,1.));
#5492 = DIRECTION('',(1.,0.,0.));
#5493 = ORIENTED_EDGE('',*,*,#5477,.F.);
#5494 = ORIENTED_EDGE('',*,*,#5495,.F.);
#5495 = EDGE_CURVE('',#5478,#5478,#5496,.T.);
#5496 = CIRCLE('',#5497,10.);
#5497 = AXIS2_PLACEMENT_3D('',#5498,#5499,#5500);
#5498 = CARTESIAN_POINT('',(206.5,-18.5,1.16E+04));
#5499 = DIRECTION('',(0.,0.,1.));
#5500 = DIRECTION('',(1.,0.,0.));
#5501 = CYLINDRICAL_SURFACE('',#5502,10.);
#5502 = AXIS2_PLACEMENT_3D('',#5503,#5504,#5505);
#5503 = CARTESIAN_POINT('',(206.5,-18.5,1.16E+04));
#5504 = DIRECTION('',(-0.,-0.,-1.));
#5505 = DIRECTION('',(1.,0.,0.));
#5506 = ADVANCED_FACE('',(#5507),#5534,.F.);
#5507 = FACE_BOUND('',#5508,.T.);
#5508 = EDGE_LOOP('',(#5509,#5519,#5526,#5527));
#5509 = ORIENTED_EDGE('',*,*,#5510,.T.);
#5510 = EDGE_CURVE('',#5511,#5513,#5515,.T.);
#5511 = VERTEX_POINT('',#5512);
#5512 = CARTESIAN_POINT('',(216.5,44.,1.16E+04));
#5513 = VERTEX_POINT('',#5514);
#5514 = CARTESIAN_POINT('',(216.5,44.,1.162E+04));
#5515 = LINE('',#5516,#5517);
#5516 = CARTESIAN_POINT('',(216.5,44.,1.16E+04));
#5517 = VECTOR('',#5518,1.);
#5518 = DIRECTION('',(0.,0.,1.));
#5519 = ORIENTED_EDGE('',*,*,#5520,.T.);
#5520 = EDGE_CURVE('',#5513,#5513,#5521,.T.);
#5521 = CIRCLE('',#5522,10.);
#5522 = AXIS2_PLACEMENT_3D('',#5523,#5524,#5525);
#5523 = CARTESIAN_POINT('',(206.5,44.,1.162E+04));
#5524 = DIRECTION('',(0.,0.,1.));
#5525 = DIRECTION('',(1.,0.,0.));
#5526 = ORIENTED_EDGE('',*,*,#5510,.F.);
#5527 = ORIENTED_EDGE('',*,*,#5528,.F.);
#5528 = EDGE_CURVE('',#5511,#5511,#5529,.T.);
#5529 = CIRCLE('',#5530,10.);
#5530 = AXIS2_PLACEMENT_3D('',#5531,#5532,#5533);
#5531 = CARTESIAN_POINT('',(206.5,44.,1.16E+04));
#5532 = DIRECTION('',(0.,0.,1.));
#5533 = DIRECTION('',(1.,0.,0.));
#5534 = CYLINDRICAL_SURFACE('',#5535,10.);
#5535 = AXIS2_PLACEMENT_3D('',#5536,#5537,#5538);
#5536 = CARTESIAN_POINT('',(206.5,44.,1.16E+04));
#5537 = DIRECTION('',(-0.,-0.,-1.));
#5538 = DIRECTION('',(1.,0.,0.));
#5539 = ADVANCED_FACE('',(#5540),#5567,.F.);
#5540 = FACE_BOUND('',#5541,.T.);
#5541 = EDGE_LOOP('',(#5542,#5552,#5559,#5560));
#5542 = ORIENTED_EDGE('',*,*,#5543,.T.);
#5543 = EDGE_CURVE('',#5544,#5546,#5548,.T.);
#5544 = VERTEX_POINT('',#5545);
#5545 = CARTESIAN_POINT('',(216.5,106.5,1.16E+04));
#5546 = VERTEX_POINT('',#5547);
#5547 = CARTESIAN_POINT('',(216.5,106.5,1.162E+04));
#5548 = LINE('',#5549,#5550);
#5549 = CARTESIAN_POINT('',(216.5,106.5,1.16E+04));
#5550 = VECTOR('',#5551,1.);
#5551 = DIRECTION('',(0.,0.,1.));
#5552 = ORIENTED_EDGE('',*,*,#5553,.T.);
#5553 = EDGE_CURVE('',#5546,#5546,#5554,.T.);
#5554 = CIRCLE('',#5555,10.);
#5555 = AXIS2_PLACEMENT_3D('',#5556,#5557,#5558);
#5556 = CARTESIAN_POINT('',(206.5,106.5,1.162E+04));
#5557 = DIRECTION('',(0.,0.,1.));
#5558 = DIRECTION('',(1.,0.,0.));
#5559 = ORIENTED_EDGE('',*,*,#5543,.F.);
#5560 = ORIENTED_EDGE('',*,*,#5561,.F.);
#5561 = EDGE_CURVE('',#5544,#5544,#5562,.T.);
#5562 = CIRCLE('',#5563,10.);
#5563 = AXIS2_PLACEMENT_3D('',#5564,#5565,#5566);
#5564 = CARTESIAN_POINT('',(206.5,106.5,1.16E+04));
#5565 = DIRECTION('',(0.,0.,1.));
#5566 = DIRECTION('',(1.,0.,0.));
#5567 = CYLINDRICAL_SURFACE('',#5568,10.);
#5568 = AXIS2_PLACEMENT_3D('',#5569,#5570,#5571);
#5569 = CARTESIAN_POINT('',(206.5,106.5,1.16E+04));
#5570 = DIRECTION('',(-0.,-0.,-1.));
#5571 = DIRECTION('',(1.,0.,0.));
#5572 = ADVANCED_FACE('',(#5573),#5600,.F.);
#5573 = FACE_BOUND('',#5574,.T.);
#5574 = EDGE_LOOP('',(#5575,#5585,#5592,#5593));
#5575 = ORIENTED_EDGE('',*,*,#5576,.T.);
#5576 = EDGE_CURVE('',#5577,#5579,#5581,.T.);
#5577 = VERTEX_POINT('',#5578);
#5578 = CARTESIAN_POINT('',(130.,206.5,1.16E+04));
#5579 = VERTEX_POINT('',#5580);
#5580 = CARTESIAN_POINT('',(130.,206.5,1.162E+04));
#5581 = LINE('',#5582,#5583);
#5582 = CARTESIAN_POINT('',(130.,206.5,1.16E+04));
#5583 = VECTOR('',#5584,1.);
#5584 = DIRECTION('',(0.,0.,1.));
#5585 = ORIENTED_EDGE('',*,*,#5586,.T.);
#5586 = EDGE_CURVE('',#5579,#5579,#5587,.T.);
#5587 = CIRCLE('',#5588,10.);
#5588 = AXIS2_PLACEMENT_3D('',#5589,#5590,#5591);
#5589 = CARTESIAN_POINT('',(120.,206.5,1.162E+04));
#5590 = DIRECTION('',(0.,0.,1.));
#5591 = DIRECTION('',(1.,0.,0.));
#5592 = ORIENTED_EDGE('',*,*,#5576,.F.);
#5593 = ORIENTED_EDGE('',*,*,#5594,.F.);
#5594 = EDGE_CURVE('',#5577,#5577,#5595,.T.);
#5595 = CIRCLE('',#5596,10.);
#5596 = AXIS2_PLACEMENT_3D('',#5597,#5598,#5599);
#5597 = CARTESIAN_POINT('',(120.,206.5,1.16E+04));
#5598 = DIRECTION('',(0.,0.,1.));
#5599 = DIRECTION('',(1.,0.,0.));
#5600 = CYLINDRICAL_SURFACE('',#5601,10.);
#5601 = AXIS2_PLACEMENT_3D('',#5602,#5603,#5604);
#5602 = CARTESIAN_POINT('',(120.,206.5,1.16E+04));
#5603 = DIRECTION('',(-0.,-0.,-1.));
#5604 = DIRECTION('',(1.,0.,0.));
#5605 = ADVANCED_FACE('',(#5606),#5633,.F.);
#5606 = FACE_BOUND('',#5607,.T.);
#5607 = EDGE_LOOP('',(#5608,#5618,#5625,#5626));
#5608 = ORIENTED_EDGE('',*,*,#5609,.T.);
#5609 = EDGE_CURVE('',#5610,#5612,#5614,.T.);
#5610 = VERTEX_POINT('',#5611);
#5611 = CARTESIAN_POINT('',(50.,206.5,1.16E+04));
#5612 = VERTEX_POINT('',#5613);
#5613 = CARTESIAN_POINT('',(50.,206.5,1.162E+04));
#5614 = LINE('',#5615,#5616);
#5615 = CARTESIAN_POINT('',(50.,206.5,1.16E+04));
#5616 = VECTOR('',#5617,1.);
#5617 = DIRECTION('',(0.,0.,1.));
#5618 = ORIENTED_EDGE('',*,*,#5619,.T.);
#5619 = EDGE_CURVE('',#5612,#5612,#5620,.T.);
#5620 = CIRCLE('',#5621,10.);
#5621 = AXIS2_PLACEMENT_3D('',#5622,#5623,#5624);
#5622 = CARTESIAN_POINT('',(40.,206.5,1.162E+04));
#5623 = DIRECTION('',(0.,0.,1.));
#5624 = DIRECTION('',(1.,0.,0.));
#5625 = ORIENTED_EDGE('',*,*,#5609,.F.);
#5626 = ORIENTED_EDGE('',*,*,#5627,.F.);
#5627 = EDGE_CURVE('',#5610,#5610,#5628,.T.);
#5628 = CIRCLE('',#5629,10.);
#5629 = AXIS2_PLACEMENT_3D('',#5630,#5631,#5632);
#5630 = CARTESIAN_POINT('',(40.,206.5,1.16E+04));
#5631 = DIRECTION('',(0.,0.,1.));
#5632 = DIRECTION('',(1.,0.,0.));
#5633 = CYLINDRICAL_SURFACE('',#5634,10.);
#5634 = AXIS2_PLACEMENT_3D('',#5635,#5636,#5637);
#5635 = CARTESIAN_POINT('',(40.,206.5,1.16E+04));
#5636 = DIRECTION('',(-0.,-0.,-1.));
#5637 = DIRECTION('',(1.,0.,0.));
#5638 = ADVANCED_FACE('',(#5639),#5666,.F.);
#5639 = FACE_BOUND('',#5640,.T.);
#5640 = EDGE_LOOP('',(#5641,#5651,#5658,#5659));
#5641 = ORIENTED_EDGE('',*,*,#5642,.T.);
#5642 = EDGE_CURVE('',#5643,#5645,#5647,.T.);
#5643 = VERTEX_POINT('',#5644);
#5644 = CARTESIAN_POINT('',(-30.,206.5,1.16E+04));
#5645 = VERTEX_POINT('',#5646);
#5646 = CARTESIAN_POINT('',(-30.,206.5,1.162E+04));
#5647 = LINE('',#5648,#5649);
#5648 = CARTESIAN_POINT('',(-30.,206.5,1.16E+04));
#5649 = VECTOR('',#5650,1.);
#5650 = DIRECTION('',(0.,0.,1.));
#5651 = ORIENTED_EDGE('',*,*,#5652,.T.);
#5652 = EDGE_CURVE('',#5645,#5645,#5653,.T.);
#5653 = CIRCLE('',#5654,10.);
#5654 = AXIS2_PLACEMENT_3D('',#5655,#5656,#5657);
#5655 = CARTESIAN_POINT('',(-40.,206.5,1.162E+04));
#5656 = DIRECTION('',(0.,0.,1.));
#5657 = DIRECTION('',(1.,0.,0.));
#5658 = ORIENTED_EDGE('',*,*,#5642,.F.);
#5659 = ORIENTED_EDGE('',*,*,#5660,.F.);
#5660 = EDGE_CURVE('',#5643,#5643,#5661,.T.);
#5661 = CIRCLE('',#5662,10.);
#5662 = AXIS2_PLACEMENT_3D('',#5663,#5664,#5665);
#5663 = CARTESIAN_POINT('',(-40.,206.5,1.16E+04));
#5664 = DIRECTION('',(0.,0.,1.));
#5665 = DIRECTION('',(1.,0.,0.));
#5666 = CYLINDRICAL_SURFACE('',#5667,10.);
#5667 = AXIS2_PLACEMENT_3D('',#5668,#5669,#5670);
#5668 = CARTESIAN_POINT('',(-40.,206.5,1.16E+04));
#5669 = DIRECTION('',(-0.,-0.,-1.));
#5670 = DIRECTION('',(1.,0.,0.));
#5671 = ADVANCED_FACE('',(#5672),#5699,.F.);
#5672 = FACE_BOUND('',#5673,.T.);
#5673 = EDGE_LOOP('',(#5674,#5684,#5691,#5692));
#5674 = ORIENTED_EDGE('',*,*,#5675,.T.);
#5675 = EDGE_CURVE('',#5676,#5678,#5680,.T.);
#5676 = VERTEX_POINT('',#5677);
#5677 = CARTESIAN_POINT('',(-110.,206.5,1.16E+04));
#5678 = VERTEX_POINT('',#5679);
#5679 = CARTESIAN_POINT('',(-110.,206.5,1.162E+04));
#5680 = LINE('',#5681,#5682);
#5681 = CARTESIAN_POINT('',(-110.,206.5,1.16E+04));
#5682 = VECTOR('',#5683,1.);
#5683 = DIRECTION('',(0.,0.,1.));
#5684 = ORIENTED_EDGE('',*,*,#5685,.T.);
#5685 = EDGE_CURVE('',#5678,#5678,#5686,.T.);
#5686 = CIRCLE('',#5687,10.);
#5687 = AXIS2_PLACEMENT_3D('',#5688,#5689,#5690);
#5688 = CARTESIAN_POINT('',(-120.,206.5,1.162E+04));
#5689 = DIRECTION('',(0.,0.,1.));
#5690 = DIRECTION('',(1.,0.,0.));
#5691 = ORIENTED_EDGE('',*,*,#5675,.F.);
#5692 = ORIENTED_EDGE('',*,*,#5693,.F.);
#5693 = EDGE_CURVE('',#5676,#5676,#5694,.T.);
#5694 = CIRCLE('',#5695,10.);
#5695 = AXIS2_PLACEMENT_3D('',#5696,#5697,#5698);
#5696 = CARTESIAN_POINT('',(-120.,206.5,1.16E+04));
#5697 = DIRECTION('',(0.,0.,1.));
#5698 = DIRECTION('',(1.,0.,0.));
#5699 = CYLINDRICAL_SURFACE('',#5700,10.);
#5700 = AXIS2_PLACEMENT_3D('',#5701,#5702,#5703);
#5701 = CARTESIAN_POINT('',(-120.,206.5,1.16E+04));
#5702 = DIRECTION('',(-0.,-0.,-1.));
#5703 = DIRECTION('',(1.,0.,0.));
#5704 = ADVANCED_FACE('',(#5705),#5732,.F.);
#5705 = FACE_BOUND('',#5706,.T.);
#5706 = EDGE_LOOP('',(#5707,#5717,#5724,#5725));
#5707 = ORIENTED_EDGE('',*,*,#5708,.T.);
#5708 = EDGE_CURVE('',#5709,#5711,#5713,.T.);
#5709 = VERTEX_POINT('',#5710);
#5710 = CARTESIAN_POINT('',(-196.5,106.5,1.16E+04));
#5711 = VERTEX_POINT('',#5712);
#5712 = CARTESIAN_POINT('',(-196.5,106.5,1.162E+04));
#5713 = LINE('',#5714,#5715);
#5714 = CARTESIAN_POINT('',(-196.5,106.5,1.16E+04));
#5715 = VECTOR('',#5716,1.);
#5716 = DIRECTION('',(0.,0.,1.));
#5717 = ORIENTED_EDGE('',*,*,#5718,.T.);
#5718 = EDGE_CURVE('',#5711,#5711,#5719,.T.);
#5719 = CIRCLE('',#5720,10.);
#5720 = AXIS2_PLACEMENT_3D('',#5721,#5722,#5723);
#5721 = CARTESIAN_POINT('',(-206.5,106.5,1.162E+04));
#5722 = DIRECTION('',(0.,0.,1.));
#5723 = DIRECTION('',(1.,0.,0.));
#5724 = ORIENTED_EDGE('',*,*,#5708,.F.);
#5725 = ORIENTED_EDGE('',*,*,#5726,.F.);
#5726 = EDGE_CURVE('',#5709,#5709,#5727,.T.);
#5727 = CIRCLE('',#5728,10.);
#5728 = AXIS2_PLACEMENT_3D('',#5729,#5730,#5731);
#5729 = CARTESIAN_POINT('',(-206.5,106.5,1.16E+04));
#5730 = DIRECTION('',(0.,0.,1.));
#5731 = DIRECTION('',(1.,0.,0.));
#5732 = CYLINDRICAL_SURFACE('',#5733,10.);
#5733 = AXIS2_PLACEMENT_3D('',#5734,#5735,#5736);
#5734 = CARTESIAN_POINT('',(-206.5,106.5,1.16E+04));
#5735 = DIRECTION('',(-0.,-0.,-1.));
#5736 = DIRECTION('',(1.,0.,0.));
#5737 = ADVANCED_FACE('',(#5738),#5765,.F.);
#5738 = FACE_BOUND('',#5739,.T.);
#5739 = EDGE_LOOP('',(#5740,#5750,#5757,#5758));
#5740 = ORIENTED_EDGE('',*,*,#5741,.T.);
#5741 = EDGE_CURVE('',#5742,#5744,#5746,.T.);
#5742 = VERTEX_POINT('',#5743);
#5743 = CARTESIAN_POINT('',(-196.5,44.,1.16E+04));
#5744 = VERTEX_POINT('',#5745);
#5745 = CARTESIAN_POINT('',(-196.5,44.,1.162E+04));
#5746 = LINE('',#5747,#5748);
#5747 = CARTESIAN_POINT('',(-196.5,44.,1.16E+04));
#5748 = VECTOR('',#5749,1.);
#5749 = DIRECTION('',(0.,0.,1.));
#5750 = ORIENTED_EDGE('',*,*,#5751,.T.);
#5751 = EDGE_CURVE('',#5744,#5744,#5752,.T.);
#5752 = CIRCLE('',#5753,10.);
#5753 = AXIS2_PLACEMENT_3D('',#5754,#5755,#5756);
#5754 = CARTESIAN_POINT('',(-206.5,44.,1.162E+04));
#5755 = DIRECTION('',(0.,0.,1.));
#5756 = DIRECTION('',(1.,0.,0.));
#5757 = ORIENTED_EDGE('',*,*,#5741,.F.);
#5758 = ORIENTED_EDGE('',*,*,#5759,.F.);
#5759 = EDGE_CURVE('',#5742,#5742,#5760,.T.);
#5760 = CIRCLE('',#5761,10.);
#5761 = AXIS2_PLACEMENT_3D('',#5762,#5763,#5764);
#5762 = CARTESIAN_POINT('',(-206.5,44.,1.16E+04));
#5763 = DIRECTION('',(0.,0.,1.));
#5764 = DIRECTION('',(1.,0.,0.));
#5765 = CYLINDRICAL_SURFACE('',#5766,10.);
#5766 = AXIS2_PLACEMENT_3D('',#5767,#5768,#5769);
#5767 = CARTESIAN_POINT('',(-206.5,44.,1.16E+04));
#5768 = DIRECTION('',(-0.,-0.,-1.));
#5769 = DIRECTION('',(1.,0.,0.));
#5770 = ADVANCED_FACE('',(#5771),#5798,.F.);
#5771 = FACE_BOUND('',#5772,.T.);
#5772 = EDGE_LOOP('',(#5773,#5783,#5790,#5791));
#5773 = ORIENTED_EDGE('',*,*,#5774,.T.);
#5774 = EDGE_CURVE('',#5775,#5777,#5779,.T.);
#5775 = VERTEX_POINT('',#5776);
#5776 = CARTESIAN_POINT('',(-196.5,-18.5,1.16E+04));
#5777 = VERTEX_POINT('',#5778);
#5778 = CARTESIAN_POINT('',(-196.5,-18.5,1.162E+04));
#5779 = LINE('',#5780,#5781);
#5780 = CARTESIAN_POINT('',(-196.5,-18.5,1.16E+04));
#5781 = VECTOR('',#5782,1.);
#5782 = DIRECTION('',(0.,0.,1.));
#5783 = ORIENTED_EDGE('',*,*,#5784,.T.);
#5784 = EDGE_CURVE('',#5777,#5777,#5785,.T.);
#5785 = CIRCLE('',#5786,10.);
#5786 = AXIS2_PLACEMENT_3D('',#5787,#5788,#5789);
#5787 = CARTESIAN_POINT('',(-206.5,-18.5,1.162E+04));
#5788 = DIRECTION('',(0.,0.,1.));
#5789 = DIRECTION('',(1.,0.,0.));
#5790 = ORIENTED_EDGE('',*,*,#5774,.F.);
#5791 = ORIENTED_EDGE('',*,*,#5792,.F.);
#5792 = EDGE_CURVE('',#5775,#5775,#5793,.T.);
#5793 = CIRCLE('',#5794,10.);
#5794 = AXIS2_PLACEMENT_3D('',#5795,#5796,#5797);
#5795 = CARTESIAN_POINT('',(-206.5,-18.5,1.16E+04));
#5796 = DIRECTION('',(0.,0.,1.));
#5797 = DIRECTION('',(1.,0.,0.));
#5798 = CYLINDRICAL_SURFACE('',#5799,10.);
#5799 = AXIS2_PLACEMENT_3D('',#5800,#5801,#5802);
#5800 = CARTESIAN_POINT('',(-206.5,-18.5,1.16E+04));
#5801 = DIRECTION('',(-0.,-0.,-1.));
#5802 = DIRECTION('',(1.,0.,0.));
#5803 = ADVANCED_FACE('',(#5804,#5826,#5829,#5832,#5835,#5838,#5841,
    #5844,#5847,#5850,#5853,#5856,#5859,#5862,#5865,#5868),#5871,.F.);
#5804 = FACE_BOUND('',#5805,.F.);
#5805 = EDGE_LOOP('',(#5806,#5807,#5808,#5809,#5810,#5811,#5812,#5813,
    #5814,#5815,#5816,#5817,#5818,#5819,#5820,#5821,#5822,#5823,#5824,
    #5825));
#5806 = ORIENTED_EDGE('',*,*,#4706,.T.);
#5807 = ORIENTED_EDGE('',*,*,#4737,.T.);
#5808 = ORIENTED_EDGE('',*,*,#4768,.T.);
#5809 = ORIENTED_EDGE('',*,*,#4799,.T.);
#5810 = ORIENTED_EDGE('',*,*,#4830,.T.);
#5811 = ORIENTED_EDGE('',*,*,#4862,.T.);
#5812 = ORIENTED_EDGE('',*,*,#4894,.T.);
#5813 = ORIENTED_EDGE('',*,*,#4926,.T.);
#5814 = ORIENTED_EDGE('',*,*,#4958,.T.);
#5815 = ORIENTED_EDGE('',*,*,#4990,.T.);
#5816 = ORIENTED_EDGE('',*,*,#5022,.T.);
#5817 = ORIENTED_EDGE('',*,*,#5054,.T.);
#5818 = ORIENTED_EDGE('',*,*,#5086,.T.);
#5819 = ORIENTED_EDGE('',*,*,#5118,.T.);
#5820 = ORIENTED_EDGE('',*,*,#5150,.T.);
#5821 = ORIENTED_EDGE('',*,*,#5182,.T.);
#5822 = ORIENTED_EDGE('',*,*,#5214,.T.);
#5823 = ORIENTED_EDGE('',*,*,#5245,.T.);
#5824 = ORIENTED_EDGE('',*,*,#5276,.T.);
#5825 = ORIENTED_EDGE('',*,*,#5298,.T.);
#5826 = FACE_BOUND('',#5827,.T.);
#5827 = EDGE_LOOP('',(#5828));
#5828 = ORIENTED_EDGE('',*,*,#5330,.T.);
#5829 = FACE_BOUND('',#5830,.T.);
#5830 = EDGE_LOOP('',(#5831));
#5831 = ORIENTED_EDGE('',*,*,#5363,.T.);
#5832 = FACE_BOUND('',#5833,.T.);
#5833 = EDGE_LOOP('',(#5834));
#5834 = ORIENTED_EDGE('',*,*,#5396,.T.);
#5835 = FACE_BOUND('',#5836,.T.);
#5836 = EDGE_LOOP('',(#5837));
#5837 = ORIENTED_EDGE('',*,*,#5429,.T.);
#5838 = FACE_BOUND('',#5839,.T.);
#5839 = EDGE_LOOP('',(#5840));
#5840 = ORIENTED_EDGE('',*,*,#5462,.T.);
#5841 = FACE_BOUND('',#5842,.T.);
#5842 = EDGE_LOOP('',(#5843));
#5843 = ORIENTED_EDGE('',*,*,#5495,.T.);
#5844 = FACE_BOUND('',#5845,.T.);
#5845 = EDGE_LOOP('',(#5846));
#5846 = ORIENTED_EDGE('',*,*,#5528,.T.);
#5847 = FACE_BOUND('',#5848,.T.);
#5848 = EDGE_LOOP('',(#5849));
#5849 = ORIENTED_EDGE('',*,*,#5561,.T.);
#5850 = FACE_BOUND('',#5851,.T.);
#5851 = EDGE_LOOP('',(#5852));
#5852 = ORIENTED_EDGE('',*,*,#5594,.T.);
#5853 = FACE_BOUND('',#5854,.T.);
#5854 = EDGE_LOOP('',(#5855));
#5855 = ORIENTED_EDGE('',*,*,#5627,.T.);
#5856 = FACE_BOUND('',#5857,.T.);
#5857 = EDGE_LOOP('',(#5858));
#5858 = ORIENTED_EDGE('',*,*,#5660,.T.);
#5859 = FACE_BOUND('',#5860,.T.);
#5860 = EDGE_LOOP('',(#5861));
#5861 = ORIENTED_EDGE('',*,*,#5693,.T.);
#5862 = FACE_BOUND('',#5863,.T.);
#5863 = EDGE_LOOP('',(#5864));
#5864 = ORIENTED_EDGE('',*,*,#5726,.T.);
#5865 = FACE_BOUND('',#5866,.T.);
#5866 = EDGE_LOOP('',(#5867));
#5867 = ORIENTED_EDGE('',*,*,#5759,.T.);
#5868 = FACE_BOUND('',#5869,.T.);
#5869 = EDGE_LOOP('',(#5870));
#5870 = ORIENTED_EDGE('',*,*,#5792,.T.);
#5871 = PLANE('',#5872);
#5872 = AXIS2_PLACEMENT_3D('',#5873,#5874,#5875);
#5873 = CARTESIAN_POINT('',(2.495E-14,7.897464583001,1.16E+04));
#5874 = DIRECTION('',(0.,0.,1.));
#5875 = DIRECTION('',(1.,0.,0.));
#5876 = ADVANCED_FACE('',(#5877,#5899,#5902,#5905,#5908,#5911,#5914,
    #5917,#5920,#5923,#5926,#5929,#5932,#5935,#5938,#5941),#5944,.T.);
#5877 = FACE_BOUND('',#5878,.T.);
#5878 = EDGE_LOOP('',(#5879,#5880,#5881,#5882,#5883,#5884,#5885,#5886,
    #5887,#5888,#5889,#5890,#5891,#5892,#5893,#5894,#5895,#5896,#5897,
    #5898));
#5879 = ORIENTED_EDGE('',*,*,#4690,.T.);
#5880 = ORIENTED_EDGE('',*,*,#4721,.T.);
#5881 = ORIENTED_EDGE('',*,*,#4752,.T.);
#5882 = ORIENTED_EDGE('',*,*,#4783,.T.);
#5883 = ORIENTED_EDGE('',*,*,#4814,.T.);
#5884 = ORIENTED_EDGE('',*,*,#4845,.T.);
#5885 = ORIENTED_EDGE('',*,*,#4878,.T.);
#5886 = ORIENTED_EDGE('',*,*,#4909,.T.);
#5887 = ORIENTED_EDGE('',*,*,#4942,.T.);
#5888 = ORIENTED_EDGE('',*,*,#4973,.T.);
#5889 = ORIENTED_EDGE('',*,*,#5006,.T.);
#5890 = ORIENTED_EDGE('',*,*,#5037,.T.);
#5891 = ORIENTED_EDGE('',*,*,#5070,.T.);
#5892 = ORIENTED_EDGE('',*,*,#5101,.T.);
#5893 = ORIENTED_EDGE('',*,*,#5134,.T.);
#5894 = ORIENTED_EDGE('',*,*,#5165,.T.);
#5895 = ORIENTED_EDGE('',*,*,#5198,.T.);
#5896 = ORIENTED_EDGE('',*,*,#5229,.T.);
#5897 = ORIENTED_EDGE('',*,*,#5260,.T.);
#5898 = ORIENTED_EDGE('',*,*,#5291,.T.);
#5899 = FACE_BOUND('',#5900,.F.);
#5900 = EDGE_LOOP('',(#5901));
#5901 = ORIENTED_EDGE('',*,*,#5322,.T.);
#5902 = FACE_BOUND('',#5903,.F.);
#5903 = EDGE_LOOP('',(#5904));
#5904 = ORIENTED_EDGE('',*,*,#5355,.T.);
#5905 = FACE_BOUND('',#5906,.F.);
#5906 = EDGE_LOOP('',(#5907));
#5907 = ORIENTED_EDGE('',*,*,#5388,.T.);
#5908 = FACE_BOUND('',#5909,.F.);
#5909 = EDGE_LOOP('',(#5910));
#5910 = ORIENTED_EDGE('',*,*,#5421,.T.);
#5911 = FACE_BOUND('',#5912,.F.);
#5912 = EDGE_LOOP('',(#5913));
#5913 = ORIENTED_EDGE('',*,*,#5454,.T.);
#5914 = FACE_BOUND('',#5915,.F.);
#5915 = EDGE_LOOP('',(#5916));
#5916 = ORIENTED_EDGE('',*,*,#5487,.T.);
#5917 = FACE_BOUND('',#5918,.F.);
#5918 = EDGE_LOOP('',(#5919));
#5919 = ORIENTED_EDGE('',*,*,#5520,.T.);
#5920 = FACE_BOUND('',#5921,.F.);
#5921 = EDGE_LOOP('',(#5922));
#5922 = ORIENTED_EDGE('',*,*,#5553,.T.);
#5923 = FACE_BOUND('',#5924,.F.);
#5924 = EDGE_LOOP('',(#5925));
#5925 = ORIENTED_EDGE('',*,*,#5586,.T.);
#5926 = FACE_BOUND('',#5927,.F.);
#5927 = EDGE_LOOP('',(#5928));
#5928 = ORIENTED_EDGE('',*,*,#5619,.T.);
#5929 = FACE_BOUND('',#5930,.F.);
#5930 = EDGE_LOOP('',(#5931));
#5931 = ORIENTED_EDGE('',*,*,#5652,.T.);
#5932 = FACE_BOUND('',#5933,.F.);
#5933 = EDGE_LOOP('',(#5934));
#5934 = ORIENTED_EDGE('',*,*,#5685,.T.);
#5935 = FACE_BOUND('',#5936,.F.);
#5936 = EDGE_LOOP('',(#5937));
#5937 = ORIENTED_EDGE('',*,*,#5718,.T.);
#5938 = FACE_BOUND('',#5939,.F.);
#5939 = EDGE_LOOP('',(#5940));
#5940 = ORIENTED_EDGE('',*,*,#5751,.T.);
#5941 = FACE_BOUND('',#5942,.F.);
#5942 = EDGE_LOOP('',(#5943));
#5943 = ORIENTED_EDGE('',*,*,#5784,.T.);
#5944 = PLANE('',#5945);
#5945 = AXIS2_PLACEMENT_3D('',#5946,#5947,#5948);
#5946 = CARTESIAN_POINT('',(2.495E-14,7.897464583001,1.162E+04));
#5947 = DIRECTION('',(0.,0.,1.));
#5948 = DIRECTION('',(1.,0.,0.));
#5949 = ( GEOMETRIC_REPRESENTATION_CONTEXT(3) 
GLOBAL_UNCERTAINTY_ASSIGNED_CONTEXT((#5953)) 
GLOBAL_UNIT_ASSIGNED_CONTEXT((#5950,#5951,#5952)) REPRESENTATION_CONTEXT
('Context #1','3D Context with UNIT and UNCERTAINTY') );
#5950 = ( LENGTH_UNIT() NAMED_UNIT(*) SI_UNIT(.MILLI.,.METRE.) );
#5951 = ( NAMED_UNIT(*) PLANE_ANGLE_UNIT() SI_UNIT($,.RADIAN.) );
#5952 = ( NAMED_UNIT(*) SI_UNIT($,.STERADIAN.) SOLID_ANGLE_UNIT() );
#5953 = UNCERTAINTY_MEASURE_WITH_UNIT(LENGTH_MEASURE(1.E-07),#5950,
  'distance_accuracy_value','confusion accuracy');
#5954 = CONTEXT_DEPENDENT_SHAPE_REPRESENTATION(#5955,#5957);
#5955 = ( REPRESENTATION_RELATIONSHIP('','',#4673,#3023) 
REPRESENTATION_RELATIONSHIP_WITH_TRANSFORMATION(#5956) 
SHAPE_REPRESENTATION_RELATIONSHIP() );
#5956 = ITEM_DEFINED_TRANSFORMATION('','',#11,#3032);
#5957 = PRODUCT_DEFINITION_SHAPE('Placement','Placement of an item',
  #5958);
#5958 = NEXT_ASSEMBLY_USAGE_OCCURRENCE('9','flange_superior','',#3018,
  #4668,$);
#5959 = CC_DESIGN_SECURITY_CLASSIFICATION(#5960,(#5958));
#5960 = SECURITY_CLASSIFICATION('','',#55);
#5961 = CC_DESIGN_PERSON_AND_ORGANIZATION_ASSIGNMENT(#44,#53,(#5960));
#5962 = CC_DESIGN_DATE_AND_TIME_ASSIGNMENT(#58,#64,(#5960));
#5963 = CC_DESIGN_APPROVAL(#66,(#5960));
#5964 = PRODUCT_RELATED_PRODUCT_CATEGORY('detail',$,(#4670));
#5965 = PRODUCT_CATEGORY_RELATIONSHIP('','',#5966,#5964);
#5966 = PRODUCT_CATEGORY('part',$);
#5967 = CC_DESIGN_PERSON_AND_ORGANIZATION_ASSIGNMENT(#44,#47,(#4669,
    #4668));
#5968 = CC_DESIGN_PERSON_AND_ORGANIZATION_ASSIGNMENT(#44,#49,(#4670));
#5969 = CC_DESIGN_PERSON_AND_ORGANIZATION_ASSIGNMENT(#44,#51,(#4669));
#5970 = CC_DESIGN_PERSON_AND_ORGANIZATION_ASSIGNMENT(#44,#53,(#5971));
#5971 = SECURITY_CLASSIFICATION('','',#55);
#5972 = CC_DESIGN_SECURITY_CLASSIFICATION(#5971,(#4669));
#5973 = CC_DESIGN_DATE_AND_TIME_ASSIGNMENT(#58,#62,(#4668));
#5974 = CC_DESIGN_DATE_AND_TIME_ASSIGNMENT(#58,#64,(#5971));
#5975 = CC_DESIGN_APPROVAL(#66,(#4669,#4668,#5971));
#5976 = SHAPE_DEFINITION_REPRESENTATION(#5977,#5983);
#5977 = PRODUCT_DEFINITION_SHAPE('','',#5978);
#5978 = PRODUCT_DEFINITION('design','',#5979,#5982);
#5979 = PRODUCT_DEFINITION_FORMATION_WITH_SPECIFIED_SOURCE('','',#5980,
  .NOT_KNOWN.);
#5980 = PRODUCT('jotas','jotas','',(#5981));
#5981 = MECHANICAL_CONTEXT('',#2,'mechanical');
#5982 = DESIGN_CONTEXT('',#2,'design');
#5983 = SHAPE_REPRESENTATION('',(#11),#5984);
#5984 = ( GEOMETRIC_REPRESENTATION_CONTEXT(3) 
GLOBAL_UNCERTAINTY_ASSIGNED_CONTEXT((#5988)) 
GLOBAL_UNIT_ASSIGNED_CONTEXT((#5985,#5986,#5987)) REPRESENTATION_CONTEXT
('Context #1','3D Context with UNIT and UNCERTAINTY') );
#5985 = ( LENGTH_UNIT() NAMED_UNIT(*) SI_UNIT(.MILLI.,.METRE.) );
#5986 = ( NAMED_UNIT(*) PLANE_ANGLE_UNIT() SI_UNIT($,.RADIAN.) );
#5987 = ( NAMED_UNIT(*) SI_UNIT($,.STERADIAN.) SOLID_ANGLE_UNIT() );
#5988 = UNCERTAINTY_MEASURE_WITH_UNIT(LENGTH_MEASURE(1.E-07),#5985,
  'distance_accuracy_value','confusion accuracy');
#5989 = CONTEXT_DEPENDENT_SHAPE_REPRESENTATION(#5990,#5992);
#5990 = ( REPRESENTATION_RELATIONSHIP('','',#5983,#3023) 
REPRESENTATION_RELATIONSHIP_WITH_TRANSFORMATION(#5991) 
SHAPE_REPRESENTATION_RELATIONSHIP() );
#5991 = ITEM_DEFINED_TRANSFORMATION('','',#11,#3036);
#5992 = PRODUCT_DEFINITION_SHAPE('Placement','Placement of an item',
  #5993);
#5993 = NEXT_ASSEMBLY_USAGE_OCCURRENCE('10','jotas','',#3018,#5978,$);
#5994 = CC_DESIGN_SECURITY_CLASSIFICATION(#5995,(#5993));
#5995 = SECURITY_CLASSIFICATION('','',#55);
#5996 = CC_DESIGN_PERSON_AND_ORGANIZATION_ASSIGNMENT(#44,#53,(#5995));
#5997 = CC_DESIGN_DATE_AND_TIME_ASSIGNMENT(#58,#64,(#5995));
#5998 = CC_DESIGN_APPROVAL(#66,(#5995));
#5999 = PRODUCT_RELATED_PRODUCT_CATEGORY('detail',$,(#5980));
#6000 = PRODUCT_CATEGORY_RELATIONSHIP('','',#6001,#5999);
#6001 = PRODUCT_CATEGORY('part',$);
#6002 = CC_DESIGN_PERSON_AND_ORGANIZATION_ASSIGNMENT(#44,#47,(#5979,
    #5978));
#6003 = CC_DESIGN_PERSON_AND_ORGANIZATION_ASSIGNMENT(#44,#49,(#5980));
#6004 = CC_DESIGN_PERSON_AND_ORGANIZATION_ASSIGNMENT(#44,#51,(#5979));
#6005 = CC_DESIGN_PERSON_AND_ORGANIZATION_ASSIGNMENT(#44,#53,(#6006));
#6006 = SECURITY_CLASSIFICATION('','',#55);
#6007 = CC_DESIGN_SECURITY_CLASSIFICATION(#6006,(#5979));
#6008 = CC_DESIGN_DATE_AND_TIME_ASSIGNMENT(#58,#62,(#5978));
#6009 = CC_DESIGN_DATE_AND_TIME_ASSIGNMENT(#58,#64,(#6006));
#6010 = CC_DESIGN_APPROVAL(#66,(#5979,#5978,#6006));
#6011 = SHAPE_REPRESENTATION_RELATIONSHIP('','',#6012,#5983);
#6012 = ADVANCED_BREP_SHAPE_REPRESENTATION('',(#11,#6013),#6299);
#6013 = MANIFOLD_SOLID_BREP('',#6014);
#6014 = CLOSED_SHELL('',(#6015,#6055,#6120,#6144,#6202,#6219,#6231,#6253
    ,#6270,#6287));
#6015 = ADVANCED_FACE('',(#6016),#6050,.T.);
#6016 = FACE_BOUND('',#6017,.T.);
#6017 = EDGE_LOOP('',(#6018,#6028,#6036,#6044));
#6018 = ORIENTED_EDGE('',*,*,#6019,.F.);
#6019 = EDGE_CURVE('',#6020,#6022,#6024,.T.);
#6020 = VERTEX_POINT('',#6021);
#6021 = CARTESIAN_POINT('',(-175.,-175.,0.));
#6022 = VERTEX_POINT('',#6023);
#6023 = CARTESIAN_POINT('',(-235.,-175.,0.));
#6024 = LINE('',#6025,#6026);
#6025 = CARTESIAN_POINT('',(-175.,-175.,0.));
#6026 = VECTOR('',#6027,1.);
#6027 = DIRECTION('',(-1.,0.,0.));
#6028 = ORIENTED_EDGE('',*,*,#6029,.T.);
#6029 = EDGE_CURVE('',#6020,#6030,#6032,.T.);
#6030 = VERTEX_POINT('',#6031);
#6031 = CARTESIAN_POINT('',(-175.,-175.,1.16E+04));
#6032 = LINE('',#6033,#6034);
#6033 = CARTESIAN_POINT('',(-175.,-175.,0.));
#6034 = VECTOR('',#6035,1.);
#6035 = DIRECTION('',(0.,0.,1.));
#6036 = ORIENTED_EDGE('',*,*,#6037,.T.);
#6037 = EDGE_CURVE('',#6030,#6038,#6040,.T.);
#6038 = VERTEX_POINT('',#6039);
#6039 = CARTESIAN_POINT('',(-235.,-175.,1.16E+04));
#6040 = LINE('',#6041,#6042);
#6041 = CARTESIAN_POINT('',(-87.5,-175.,1.16E+04));
#6042 = VECTOR('',#6043,1.);
#6043 = DIRECTION('',(-1.,0.,0.));
#6044 = ORIENTED_EDGE('',*,*,#6045,.F.);
#6045 = EDGE_CURVE('',#6022,#6038,#6046,.T.);
#6046 = LINE('',#6047,#6048);
#6047 = CARTESIAN_POINT('',(-235.,-175.,0.));
#6048 = VECTOR('',#6049,1.);
#6049 = DIRECTION('',(0.,0.,1.));
#6050 = PLANE('',#6051);
#6051 = AXIS2_PLACEMENT_3D('',#6052,#6053,#6054);
#6052 = CARTESIAN_POINT('',(-175.,-175.,0.));
#6053 = DIRECTION('',(-0.,-1.,-0.));
#6054 = DIRECTION('',(-1.,0.,0.));
#6055 = ADVANCED_FACE('',(#6056,#6081),#6115,.F.);
#6056 = FACE_BOUND('',#6057,.T.);
#6057 = EDGE_LOOP('',(#6058,#6059,#6067,#6075));
#6058 = ORIENTED_EDGE('',*,*,#6019,.T.);
#6059 = ORIENTED_EDGE('',*,*,#6060,.T.);
#6060 = EDGE_CURVE('',#6022,#6061,#6063,.T.);
#6061 = VERTEX_POINT('',#6062);
#6062 = CARTESIAN_POINT('',(-235.,-115.,0.));
#6063 = LINE('',#6064,#6065);
#6064 = CARTESIAN_POINT('',(-235.,-175.,0.));
#6065 = VECTOR('',#6066,1.);
#6066 = DIRECTION('',(0.,1.,0.));
#6067 = ORIENTED_EDGE('',*,*,#6068,.T.);
#6068 = EDGE_CURVE('',#6061,#6069,#6071,.T.);
#6069 = VERTEX_POINT('',#6070);
#6070 = CARTESIAN_POINT('',(-175.,-115.,0.));
#6071 = LINE('',#6072,#6073);
#6072 = CARTESIAN_POINT('',(-235.,-115.,0.));
#6073 = VECTOR('',#6074,1.);
#6074 = DIRECTION('',(1.,0.,0.));
#6075 = ORIENTED_EDGE('',*,*,#6076,.T.);
#6076 = EDGE_CURVE('',#6069,#6020,#6077,.T.);
#6077 = LINE('',#6078,#6079);
#6078 = CARTESIAN_POINT('',(-175.,-115.,0.));
#6079 = VECTOR('',#6080,1.);
#6080 = DIRECTION('',(0.,-1.,0.));
#6081 = FACE_BOUND('',#6082,.F.);
#6082 = EDGE_LOOP('',(#6083,#6093,#6101,#6109));
#6083 = ORIENTED_EDGE('',*,*,#6084,.T.);
#6084 = EDGE_CURVE('',#6085,#6087,#6089,.T.);
#6085 = VERTEX_POINT('',#6086);
#6086 = CARTESIAN_POINT('',(-184.52,-165.48,0.));
#6087 = VERTEX_POINT('',#6088);
#6088 = CARTESIAN_POINT('',(-225.48,-165.48,0.));
#6089 = LINE('',#6090,#6091);
#6090 = CARTESIAN_POINT('',(-184.52,-165.48,0.));
#6091 = VECTOR('',#6092,1.);
#6092 = DIRECTION('',(-1.,0.,0.));
#6093 = ORIENTED_EDGE('',*,*,#6094,.T.);
#6094 = EDGE_CURVE('',#6087,#6095,#6097,.T.);
#6095 = VERTEX_POINT('',#6096);
#6096 = CARTESIAN_POINT('',(-225.48,-124.52,0.));
#6097 = LINE('',#6098,#6099);
#6098 = CARTESIAN_POINT('',(-225.48,-165.48,0.));
#6099 = VECTOR('',#6100,1.);
#6100 = DIRECTION('',(0.,1.,0.));
#6101 = ORIENTED_EDGE('',*,*,#6102,.T.);
#6102 = EDGE_CURVE('',#6095,#6103,#6105,.T.);
#6103 = VERTEX_POINT('',#6104);
#6104 = CARTESIAN_POINT('',(-184.52,-124.52,0.));
#6105 = LINE('',#6106,#6107);
#6106 = CARTESIAN_POINT('',(-225.48,-124.52,0.));
#6107 = VECTOR('',#6108,1.);
#6108 = DIRECTION('',(1.,0.,0.));
#6109 = ORIENTED_EDGE('',*,*,#6110,.T.);
#6110 = EDGE_CURVE('',#6103,#6085,#6111,.T.);
#6111 = LINE('',#6112,#6113);
#6112 = CARTESIAN_POINT('',(-184.52,-124.52,0.));
#6113 = VECTOR('',#6114,1.);
#6114 = DIRECTION('',(0.,-1.,0.));
#6115 = PLANE('',#6116);
#6116 = AXIS2_PLACEMENT_3D('',#6117,#6118,#6119);
#6117 = CARTESIAN_POINT('',(9.01E-15,-145.,0.));
#6118 = DIRECTION('',(0.,0.,1.));
#6119 = DIRECTION('',(1.,0.,0.));
#6120 = ADVANCED_FACE('',(#6121),#6139,.T.);
#6121 = FACE_BOUND('',#6122,.T.);
#6122 = EDGE_LOOP('',(#6123,#6124,#6125,#6133));
#6123 = ORIENTED_EDGE('',*,*,#6060,.F.);
#6124 = ORIENTED_EDGE('',*,*,#6045,.T.);
#6125 = ORIENTED_EDGE('',*,*,#6126,.T.);
#6126 = EDGE_CURVE('',#6038,#6127,#6129,.T.);
#6127 = VERTEX_POINT('',#6128);
#6128 = CARTESIAN_POINT('',(-235.,-115.,1.16E+04));
#6129 = LINE('',#6130,#6131);
#6130 = CARTESIAN_POINT('',(-235.,-87.5,1.16E+04));
#6131 = VECTOR('',#6132,1.);
#6132 = DIRECTION('',(0.,1.,0.));
#6133 = ORIENTED_EDGE('',*,*,#6134,.F.);
#6134 = EDGE_CURVE('',#6061,#6127,#6135,.T.);
#6135 = LINE('',#6136,#6137);
#6136 = CARTESIAN_POINT('',(-235.,-115.,0.));
#6137 = VECTOR('',#6138,1.);
#6138 = DIRECTION('',(0.,0.,1.));
#6139 = PLANE('',#6140);
#6140 = AXIS2_PLACEMENT_3D('',#6141,#6142,#6143);
#6141 = CARTESIAN_POINT('',(-235.,-175.,0.));
#6142 = DIRECTION('',(-1.,0.,0.));
#6143 = DIRECTION('',(0.,1.,0.));
#6144 = ADVANCED_FACE('',(#6145,#6163),#6197,.T.);
#6145 = FACE_BOUND('',#6146,.T.);
#6146 = EDGE_LOOP('',(#6147,#6148,#6156,#6162));
#6147 = ORIENTED_EDGE('',*,*,#6037,.F.);
#6148 = ORIENTED_EDGE('',*,*,#6149,.F.);
#6149 = EDGE_CURVE('',#6150,#6030,#6152,.T.);
#6150 = VERTEX_POINT('',#6151);
#6151 = CARTESIAN_POINT('',(-175.,-115.,1.16E+04));
#6152 = LINE('',#6153,#6154);
#6153 = CARTESIAN_POINT('',(-175.,-57.5,1.16E+04));
#6154 = VECTOR('',#6155,1.);
#6155 = DIRECTION('',(0.,-1.,0.));
#6156 = ORIENTED_EDGE('',*,*,#6157,.F.);
#6157 = EDGE_CURVE('',#6127,#6150,#6158,.T.);
#6158 = LINE('',#6159,#6160);
#6159 = CARTESIAN_POINT('',(-117.5,-115.,1.16E+04));
#6160 = VECTOR('',#6161,1.);
#6161 = DIRECTION('',(1.,0.,0.));
#6162 = ORIENTED_EDGE('',*,*,#6126,.F.);
#6163 = FACE_BOUND('',#6164,.T.);
#6164 = EDGE_LOOP('',(#6165,#6175,#6183,#6191));
#6165 = ORIENTED_EDGE('',*,*,#6166,.T.);
#6166 = EDGE_CURVE('',#6167,#6169,#6171,.T.);
#6167 = VERTEX_POINT('',#6168);
#6168 = CARTESIAN_POINT('',(-184.52,-124.52,1.16E+04));
#6169 = VERTEX_POINT('',#6170);
#6170 = CARTESIAN_POINT('',(-184.52,-165.48,1.16E+04));
#6171 = LINE('',#6172,#6173);
#6172 = CARTESIAN_POINT('',(-184.52,-62.26,1.16E+04));
#6173 = VECTOR('',#6174,1.);
#6174 = DIRECTION('',(0.,-1.,0.));
#6175 = ORIENTED_EDGE('',*,*,#6176,.T.);
#6176 = EDGE_CURVE('',#6169,#6177,#6179,.T.);
#6177 = VERTEX_POINT('',#6178);
#6178 = CARTESIAN_POINT('',(-225.48,-165.48,1.16E+04));
#6179 = LINE('',#6180,#6181);
#6180 = CARTESIAN_POINT('',(-92.26,-165.48,1.16E+04));
#6181 = VECTOR('',#6182,1.);
#6182 = DIRECTION('',(-1.,0.,0.));
#6183 = ORIENTED_EDGE('',*,*,#6184,.T.);
#6184 = EDGE_CURVE('',#6177,#6185,#6187,.T.);
#6185 = VERTEX_POINT('',#6186);
#6186 = CARTESIAN_POINT('',(-225.48,-124.52,1.16E+04));
#6187 = LINE('',#6188,#6189);
#6188 = CARTESIAN_POINT('',(-225.48,-82.74,1.16E+04));
#6189 = VECTOR('',#6190,1.);
#6190 = DIRECTION('',(0.,1.,0.));
#6191 = ORIENTED_EDGE('',*,*,#6192,.T.);
#6192 = EDGE_CURVE('',#6185,#6167,#6193,.T.);
#6193 = LINE('',#6194,#6195);
#6194 = CARTESIAN_POINT('',(-112.74,-124.52,1.16E+04));
#6195 = VECTOR('',#6196,1.);
#6196 = DIRECTION('',(1.,0.,0.));
#6197 = PLANE('',#6198);
#6198 = AXIS2_PLACEMENT_3D('',#6199,#6200,#6201);
#6199 = CARTESIAN_POINT('',(2.67E-15,2.67E-15,1.16E+04));
#6200 = DIRECTION('',(0.,0.,1.));
#6201 = DIRECTION('',(1.,0.,-0.));
#6202 = ADVANCED_FACE('',(#6203),#6214,.T.);
#6203 = FACE_BOUND('',#6204,.T.);
#6204 = EDGE_LOOP('',(#6205,#6206,#6212,#6213));
#6205 = ORIENTED_EDGE('',*,*,#6076,.F.);
#6206 = ORIENTED_EDGE('',*,*,#6207,.T.);
#6207 = EDGE_CURVE('',#6069,#6150,#6208,.T.);
#6208 = LINE('',#6209,#6210);
#6209 = CARTESIAN_POINT('',(-175.,-115.,0.));
#6210 = VECTOR('',#6211,1.);
#6211 = DIRECTION('',(0.,0.,1.));
#6212 = ORIENTED_EDGE('',*,*,#6149,.T.);
#6213 = ORIENTED_EDGE('',*,*,#6029,.F.);
#6214 = PLANE('',#6215);
#6215 = AXIS2_PLACEMENT_3D('',#6216,#6217,#6218);
#6216 = CARTESIAN_POINT('',(-175.,-115.,0.));
#6217 = DIRECTION('',(1.,0.,0.));
#6218 = DIRECTION('',(0.,-1.,0.));
#6219 = ADVANCED_FACE('',(#6220),#6226,.T.);
#6220 = FACE_BOUND('',#6221,.T.);
#6221 = EDGE_LOOP('',(#6222,#6223,#6224,#6225));
#6222 = ORIENTED_EDGE('',*,*,#6068,.F.);
#6223 = ORIENTED_EDGE('',*,*,#6134,.T.);
#6224 = ORIENTED_EDGE('',*,*,#6157,.T.);
#6225 = ORIENTED_EDGE('',*,*,#6207,.F.);
#6226 = PLANE('',#6227);
#6227 = AXIS2_PLACEMENT_3D('',#6228,#6229,#6230);
#6228 = CARTESIAN_POINT('',(-235.,-115.,0.));
#6229 = DIRECTION('',(0.,1.,0.));
#6230 = DIRECTION('',(1.,0.,0.));
#6231 = ADVANCED_FACE('',(#6232),#6248,.F.);
#6232 = FACE_BOUND('',#6233,.F.);
#6233 = EDGE_LOOP('',(#6234,#6235,#6241,#6242));
#6234 = ORIENTED_EDGE('',*,*,#6084,.F.);
#6235 = ORIENTED_EDGE('',*,*,#6236,.T.);
#6236 = EDGE_CURVE('',#6085,#6169,#6237,.T.);
#6237 = LINE('',#6238,#6239);
#6238 = CARTESIAN_POINT('',(-184.52,-165.48,0.));
#6239 = VECTOR('',#6240,1.);
#6240 = DIRECTION('',(0.,0.,1.));
#6241 = ORIENTED_EDGE('',*,*,#6176,.T.);
#6242 = ORIENTED_EDGE('',*,*,#6243,.F.);
#6243 = EDGE_CURVE('',#6087,#6177,#6244,.T.);
#6244 = LINE('',#6245,#6246);
#6245 = CARTESIAN_POINT('',(-225.48,-165.48,0.));
#6246 = VECTOR('',#6247,1.);
#6247 = DIRECTION('',(0.,0.,1.));
#6248 = PLANE('',#6249);
#6249 = AXIS2_PLACEMENT_3D('',#6250,#6251,#6252);
#6250 = CARTESIAN_POINT('',(-184.52,-165.48,0.));
#6251 = DIRECTION('',(-0.,-1.,-0.));
#6252 = DIRECTION('',(-1.,0.,0.));
#6253 = ADVANCED_FACE('',(#6254),#6265,.F.);
#6254 = FACE_BOUND('',#6255,.F.);
#6255 = EDGE_LOOP('',(#6256,#6257,#6258,#6259));
#6256 = ORIENTED_EDGE('',*,*,#6094,.F.);
#6257 = ORIENTED_EDGE('',*,*,#6243,.T.);
#6258 = ORIENTED_EDGE('',*,*,#6184,.T.);
#6259 = ORIENTED_EDGE('',*,*,#6260,.F.);
#6260 = EDGE_CURVE('',#6095,#6185,#6261,.T.);
#6261 = LINE('',#6262,#6263);
#6262 = CARTESIAN_POINT('',(-225.48,-124.52,0.));
#6263 = VECTOR('',#6264,1.);
#6264 = DIRECTION('',(0.,0.,1.));
#6265 = PLANE('',#6266);
#6266 = AXIS2_PLACEMENT_3D('',#6267,#6268,#6269);
#6267 = CARTESIAN_POINT('',(-225.48,-165.48,0.));
#6268 = DIRECTION('',(-1.,0.,0.));
#6269 = DIRECTION('',(0.,1.,0.));
#6270 = ADVANCED_FACE('',(#6271),#6282,.F.);
#6271 = FACE_BOUND('',#6272,.F.);
#6272 = EDGE_LOOP('',(#6273,#6274,#6275,#6276));
#6273 = ORIENTED_EDGE('',*,*,#6102,.F.);
#6274 = ORIENTED_EDGE('',*,*,#6260,.T.);
#6275 = ORIENTED_EDGE('',*,*,#6192,.T.);
#6276 = ORIENTED_EDGE('',*,*,#6277,.F.);
#6277 = EDGE_CURVE('',#6103,#6167,#6278,.T.);
#6278 = LINE('',#6279,#6280);
#6279 = CARTESIAN_POINT('',(-184.52,-124.52,0.));
#6280 = VECTOR('',#6281,1.);
#6281 = DIRECTION('',(0.,0.,1.));
#6282 = PLANE('',#6283);
#6283 = AXIS2_PLACEMENT_3D('',#6284,#6285,#6286);
#6284 = CARTESIAN_POINT('',(-225.48,-124.52,0.));
#6285 = DIRECTION('',(0.,1.,0.));
#6286 = DIRECTION('',(1.,0.,0.));
#6287 = ADVANCED_FACE('',(#6288),#6294,.F.);
#6288 = FACE_BOUND('',#6289,.F.);
#6289 = EDGE_LOOP('',(#6290,#6291,#6292,#6293));
#6290 = ORIENTED_EDGE('',*,*,#6110,.F.);
#6291 = ORIENTED_EDGE('',*,*,#6277,.T.);
#6292 = ORIENTED_EDGE('',*,*,#6166,.T.);
#6293 = ORIENTED_EDGE('',*,*,#6236,.F.);
#6294 = PLANE('',#6295);
#6295 = AXIS2_PLACEMENT_3D('',#6296,#6297,#6298);
#6296 = CARTESIAN_POINT('',(-184.52,-124.52,0.));
#6297 = DIRECTION('',(1.,0.,0.));
#6298 = DIRECTION('',(0.,-1.,0.));
#6299 = ( GEOMETRIC_REPRESENTATION_CONTEXT(3) 
GLOBAL_UNCERTAINTY_ASSIGNED_CONTEXT((#6303)) 
GLOBAL_UNIT_ASSIGNED_CONTEXT((#6300,#6301,#6302)) REPRESENTATION_CONTEXT
('Context #1','3D Context with UNIT and UNCERTAINTY') );
#6300 = ( LENGTH_UNIT() NAMED_UNIT(*) SI_UNIT(.MILLI.,.METRE.) );
#6301 = ( NAMED_UNIT(*) PLANE_ANGLE_UNIT() SI_UNIT($,.RADIAN.) );
#6302 = ( NAMED_UNIT(*) SI_UNIT($,.STERADIAN.) SOLID_ANGLE_UNIT() );
#6303 = UNCERTAINTY_MEASURE_WITH_UNIT(LENGTH_MEASURE(1.E-07),#6300,
  'distance_accuracy_value','confusion accuracy');
#6304 = SHAPE_REPRESENTATION_RELATIONSHIP('','',#6305,#5983);
#6305 = ADVANCED_BREP_SHAPE_REPRESENTATION('',(#11,#6306),#6592);
#6306 = MANIFOLD_SOLID_BREP('',#6307);
#6307 = CLOSED_SHELL('',(#6308,#6348,#6413,#6437,#6495,#6512,#6524,#6546
    ,#6563,#6580));
#6308 = ADVANCED_FACE('',(#6309),#6343,.T.);
#6309 = FACE_BOUND('',#6310,.T.);
#6310 = EDGE_LOOP('',(#6311,#6321,#6329,#6337));
#6311 = ORIENTED_EDGE('',*,*,#6312,.F.);
#6312 = EDGE_CURVE('',#6313,#6315,#6317,.T.);
#6313 = VERTEX_POINT('',#6314);
#6314 = CARTESIAN_POINT('',(175.,-175.,0.));
#6315 = VERTEX_POINT('',#6316);
#6316 = CARTESIAN_POINT('',(175.,-115.,0.));
#6317 = LINE('',#6318,#6319);
#6318 = CARTESIAN_POINT('',(175.,-175.,0.));
#6319 = VECTOR('',#6320,1.);
#6320 = DIRECTION('',(0.,1.,0.));
#6321 = ORIENTED_EDGE('',*,*,#6322,.T.);
#6322 = EDGE_CURVE('',#6313,#6323,#6325,.T.);
#6323 = VERTEX_POINT('',#6324);
#6324 = CARTESIAN_POINT('',(175.,-175.,1.16E+04));
#6325 = LINE('',#6326,#6327);
#6326 = CARTESIAN_POINT('',(175.,-175.,0.));
#6327 = VECTOR('',#6328,1.);
#6328 = DIRECTION('',(0.,0.,1.));
#6329 = ORIENTED_EDGE('',*,*,#6330,.T.);
#6330 = EDGE_CURVE('',#6323,#6331,#6333,.T.);
#6331 = VERTEX_POINT('',#6332);
#6332 = CARTESIAN_POINT('',(175.,-115.,1.16E+04));
#6333 = LINE('',#6334,#6335);
#6334 = CARTESIAN_POINT('',(175.,-87.5,1.16E+04));
#6335 = VECTOR('',#6336,1.);
#6336 = DIRECTION('',(0.,1.,0.));
#6337 = ORIENTED_EDGE('',*,*,#6338,.F.);
#6338 = EDGE_CURVE('',#6315,#6331,#6339,.T.);
#6339 = LINE('',#6340,#6341);
#6340 = CARTESIAN_POINT('',(175.,-115.,0.));
#6341 = VECTOR('',#6342,1.);
#6342 = DIRECTION('',(0.,0.,1.));
#6343 = PLANE('',#6344);
#6344 = AXIS2_PLACEMENT_3D('',#6345,#6346,#6347);
#6345 = CARTESIAN_POINT('',(175.,-175.,0.));
#6346 = DIRECTION('',(-1.,0.,0.));
#6347 = DIRECTION('',(0.,1.,0.));
#6348 = ADVANCED_FACE('',(#6349,#6374),#6408,.F.);
#6349 = FACE_BOUND('',#6350,.T.);
#6350 = EDGE_LOOP('',(#6351,#6352,#6360,#6368));
#6351 = ORIENTED_EDGE('',*,*,#6312,.T.);
#6352 = ORIENTED_EDGE('',*,*,#6353,.T.);
#6353 = EDGE_CURVE('',#6315,#6354,#6356,.T.);
#6354 = VERTEX_POINT('',#6355);
#6355 = CARTESIAN_POINT('',(235.,-115.,0.));
#6356 = LINE('',#6357,#6358);
#6357 = CARTESIAN_POINT('',(175.,-115.,0.));
#6358 = VECTOR('',#6359,1.);
#6359 = DIRECTION('',(1.,0.,0.));
#6360 = ORIENTED_EDGE('',*,*,#6361,.T.);
#6361 = EDGE_CURVE('',#6354,#6362,#6364,.T.);
#6362 = VERTEX_POINT('',#6363);
#6363 = CARTESIAN_POINT('',(235.,-175.,0.));
#6364 = LINE('',#6365,#6366);
#6365 = CARTESIAN_POINT('',(235.,-115.,0.));
#6366 = VECTOR('',#6367,1.);
#6367 = DIRECTION('',(0.,-1.,0.));
#6368 = ORIENTED_EDGE('',*,*,#6369,.T.);
#6369 = EDGE_CURVE('',#6362,#6313,#6370,.T.);
#6370 = LINE('',#6371,#6372);
#6371 = CARTESIAN_POINT('',(235.,-175.,0.));
#6372 = VECTOR('',#6373,1.);
#6373 = DIRECTION('',(-1.,0.,0.));
#6374 = FACE_BOUND('',#6375,.F.);
#6375 = EDGE_LOOP('',(#6376,#6386,#6394,#6402));
#6376 = ORIENTED_EDGE('',*,*,#6377,.T.);
#6377 = EDGE_CURVE('',#6378,#6380,#6382,.T.);
#6378 = VERTEX_POINT('',#6379);
#6379 = CARTESIAN_POINT('',(184.52,-165.48,0.));
#6380 = VERTEX_POINT('',#6381);
#6381 = CARTESIAN_POINT('',(184.52,-124.52,0.));
#6382 = LINE('',#6383,#6384);
#6383 = CARTESIAN_POINT('',(184.52,-165.48,0.));
#6384 = VECTOR('',#6385,1.);
#6385 = DIRECTION('',(0.,1.,0.));
#6386 = ORIENTED_EDGE('',*,*,#6387,.T.);
#6387 = EDGE_CURVE('',#6380,#6388,#6390,.T.);
#6388 = VERTEX_POINT('',#6389);
#6389 = CARTESIAN_POINT('',(225.48,-124.52,0.));
#6390 = LINE('',#6391,#6392);
#6391 = CARTESIAN_POINT('',(184.52,-124.52,0.));
#6392 = VECTOR('',#6393,1.);
#6393 = DIRECTION('',(1.,0.,0.));
#6394 = ORIENTED_EDGE('',*,*,#6395,.T.);
#6395 = EDGE_CURVE('',#6388,#6396,#6398,.T.);
#6396 = VERTEX_POINT('',#6397);
#6397 = CARTESIAN_POINT('',(225.48,-165.48,0.));
#6398 = LINE('',#6399,#6400);
#6399 = CARTESIAN_POINT('',(225.48,-124.52,0.));
#6400 = VECTOR('',#6401,1.);
#6401 = DIRECTION('',(0.,-1.,0.));
#6402 = ORIENTED_EDGE('',*,*,#6403,.T.);
#6403 = EDGE_CURVE('',#6396,#6378,#6404,.T.);
#6404 = LINE('',#6405,#6406);
#6405 = CARTESIAN_POINT('',(225.48,-165.48,0.));
#6406 = VECTOR('',#6407,1.);
#6407 = DIRECTION('',(-1.,0.,0.));
#6408 = PLANE('',#6409);
#6409 = AXIS2_PLACEMENT_3D('',#6410,#6411,#6412);
#6410 = CARTESIAN_POINT('',(9.01E-15,-145.,0.));
#6411 = DIRECTION('',(0.,0.,1.));
#6412 = DIRECTION('',(1.,0.,0.));
#6413 = ADVANCED_FACE('',(#6414),#6432,.T.);
#6414 = FACE_BOUND('',#6415,.T.);
#6415 = EDGE_LOOP('',(#6416,#6417,#6418,#6426));
#6416 = ORIENTED_EDGE('',*,*,#6353,.F.);
#6417 = ORIENTED_EDGE('',*,*,#6338,.T.);
#6418 = ORIENTED_EDGE('',*,*,#6419,.T.);
#6419 = EDGE_CURVE('',#6331,#6420,#6422,.T.);
#6420 = VERTEX_POINT('',#6421);
#6421 = CARTESIAN_POINT('',(235.,-115.,1.16E+04));
#6422 = LINE('',#6423,#6424);
#6423 = CARTESIAN_POINT('',(87.5,-115.,1.16E+04));
#6424 = VECTOR('',#6425,1.);
#6425 = DIRECTION('',(1.,0.,0.));
#6426 = ORIENTED_EDGE('',*,*,#6427,.F.);
#6427 = EDGE_CURVE('',#6354,#6420,#6428,.T.);
#6428 = LINE('',#6429,#6430);
#6429 = CARTESIAN_POINT('',(235.,-115.,0.));
#6430 = VECTOR('',#6431,1.);
#6431 = DIRECTION('',(0.,0.,1.));
#6432 = PLANE('',#6433);
#6433 = AXIS2_PLACEMENT_3D('',#6434,#6435,#6436);
#6434 = CARTESIAN_POINT('',(175.,-115.,0.));
#6435 = DIRECTION('',(0.,1.,0.));
#6436 = DIRECTION('',(1.,0.,0.));
#6437 = ADVANCED_FACE('',(#6438,#6456),#6490,.T.);
#6438 = FACE_BOUND('',#6439,.T.);
#6439 = EDGE_LOOP('',(#6440,#6441,#6449,#6455));
#6440 = ORIENTED_EDGE('',*,*,#6330,.F.);
#6441 = ORIENTED_EDGE('',*,*,#6442,.F.);
#6442 = EDGE_CURVE('',#6443,#6323,#6445,.T.);
#6443 = VERTEX_POINT('',#6444);
#6444 = CARTESIAN_POINT('',(235.,-175.,1.16E+04));
#6445 = LINE('',#6446,#6447);
#6446 = CARTESIAN_POINT('',(117.5,-175.,1.16E+04));
#6447 = VECTOR('',#6448,1.);
#6448 = DIRECTION('',(-1.,0.,0.));
#6449 = ORIENTED_EDGE('',*,*,#6450,.F.);
#6450 = EDGE_CURVE('',#6420,#6443,#6451,.T.);
#6451 = LINE('',#6452,#6453);
#6452 = CARTESIAN_POINT('',(235.,-57.5,1.16E+04));
#6453 = VECTOR('',#6454,1.);
#6454 = DIRECTION('',(0.,-1.,0.));
#6455 = ORIENTED_EDGE('',*,*,#6419,.F.);
#6456 = FACE_BOUND('',#6457,.T.);
#6457 = EDGE_LOOP('',(#6458,#6468,#6476,#6484));
#6458 = ORIENTED_EDGE('',*,*,#6459,.T.);
#6459 = EDGE_CURVE('',#6460,#6462,#6464,.T.);
#6460 = VERTEX_POINT('',#6461);
#6461 = CARTESIAN_POINT('',(225.48,-165.48,1.16E+04));
#6462 = VERTEX_POINT('',#6463);
#6463 = CARTESIAN_POINT('',(184.52,-165.48,1.16E+04));
#6464 = LINE('',#6465,#6466);
#6465 = CARTESIAN_POINT('',(112.74,-165.48,1.16E+04));
#6466 = VECTOR('',#6467,1.);
#6467 = DIRECTION('',(-1.,0.,0.));
#6468 = ORIENTED_EDGE('',*,*,#6469,.T.);
#6469 = EDGE_CURVE('',#6462,#6470,#6472,.T.);
#6470 = VERTEX_POINT('',#6471);
#6471 = CARTESIAN_POINT('',(184.52,-124.52,1.16E+04));
#6472 = LINE('',#6473,#6474);
#6473 = CARTESIAN_POINT('',(184.52,-82.74,1.16E+04));
#6474 = VECTOR('',#6475,1.);
#6475 = DIRECTION('',(0.,1.,0.));
#6476 = ORIENTED_EDGE('',*,*,#6477,.T.);
#6477 = EDGE_CURVE('',#6470,#6478,#6480,.T.);
#6478 = VERTEX_POINT('',#6479);
#6479 = CARTESIAN_POINT('',(225.48,-124.52,1.16E+04));
#6480 = LINE('',#6481,#6482);
#6481 = CARTESIAN_POINT('',(92.26,-124.52,1.16E+04));
#6482 = VECTOR('',#6483,1.);
#6483 = DIRECTION('',(1.,0.,0.));
#6484 = ORIENTED_EDGE('',*,*,#6485,.T.);
#6485 = EDGE_CURVE('',#6478,#6460,#6486,.T.);
#6486 = LINE('',#6487,#6488);
#6487 = CARTESIAN_POINT('',(225.48,-62.26,1.16E+04));
#6488 = VECTOR('',#6489,1.);
#6489 = DIRECTION('',(0.,-1.,0.));
#6490 = PLANE('',#6491);
#6491 = AXIS2_PLACEMENT_3D('',#6492,#6493,#6494);
#6492 = CARTESIAN_POINT('',(2.67E-15,2.67E-15,1.16E+04));
#6493 = DIRECTION('',(0.,0.,1.));
#6494 = DIRECTION('',(1.,0.,-0.));
#6495 = ADVANCED_FACE('',(#6496),#6507,.T.);
#6496 = FACE_BOUND('',#6497,.T.);
#6497 = EDGE_LOOP('',(#6498,#6499,#6505,#6506));
#6498 = ORIENTED_EDGE('',*,*,#6369,.F.);
#6499 = ORIENTED_EDGE('',*,*,#6500,.T.);
#6500 = EDGE_CURVE('',#6362,#6443,#6501,.T.);
#6501 = LINE('',#6502,#6503);
#6502 = CARTESIAN_POINT('',(235.,-175.,0.));
#6503 = VECTOR('',#6504,1.);
#6504 = DIRECTION('',(0.,0.,1.));
#6505 = ORIENTED_EDGE('',*,*,#6442,.T.);
#6506 = ORIENTED_EDGE('',*,*,#6322,.F.);
#6507 = PLANE('',#6508);
#6508 = AXIS2_PLACEMENT_3D('',#6509,#6510,#6511);
#6509 = CARTESIAN_POINT('',(235.,-175.,0.));
#6510 = DIRECTION('',(-0.,-1.,-0.));
#6511 = DIRECTION('',(-1.,0.,0.));
#6512 = ADVANCED_FACE('',(#6513),#6519,.T.);
#6513 = FACE_BOUND('',#6514,.T.);
#6514 = EDGE_LOOP('',(#6515,#6516,#6517,#6518));
#6515 = ORIENTED_EDGE('',*,*,#6361,.F.);
#6516 = ORIENTED_EDGE('',*,*,#6427,.T.);
#6517 = ORIENTED_EDGE('',*,*,#6450,.T.);
#6518 = ORIENTED_EDGE('',*,*,#6500,.F.);
#6519 = PLANE('',#6520);
#6520 = AXIS2_PLACEMENT_3D('',#6521,#6522,#6523);
#6521 = CARTESIAN_POINT('',(235.,-115.,0.));
#6522 = DIRECTION('',(1.,0.,0.));
#6523 = DIRECTION('',(0.,-1.,0.));
#6524 = ADVANCED_FACE('',(#6525),#6541,.F.);
#6525 = FACE_BOUND('',#6526,.F.);
#6526 = EDGE_LOOP('',(#6527,#6528,#6534,#6535));
#6527 = ORIENTED_EDGE('',*,*,#6377,.F.);
#6528 = ORIENTED_EDGE('',*,*,#6529,.T.);
#6529 = EDGE_CURVE('',#6378,#6462,#6530,.T.);
#6530 = LINE('',#6531,#6532);
#6531 = CARTESIAN_POINT('',(184.52,-165.48,0.));
#6532 = VECTOR('',#6533,1.);
#6533 = DIRECTION('',(0.,0.,1.));
#6534 = ORIENTED_EDGE('',*,*,#6469,.T.);
#6535 = ORIENTED_EDGE('',*,*,#6536,.F.);
#6536 = EDGE_CURVE('',#6380,#6470,#6537,.T.);
#6537 = LINE('',#6538,#6539);
#6538 = CARTESIAN_POINT('',(184.52,-124.52,0.));
#6539 = VECTOR('',#6540,1.);
#6540 = DIRECTION('',(0.,0.,1.));
#6541 = PLANE('',#6542);
#6542 = AXIS2_PLACEMENT_3D('',#6543,#6544,#6545);
#6543 = CARTESIAN_POINT('',(184.52,-165.48,0.));
#6544 = DIRECTION('',(-1.,0.,0.));
#6545 = DIRECTION('',(0.,1.,0.));
#6546 = ADVANCED_FACE('',(#6547),#6558,.F.);
#6547 = FACE_BOUND('',#6548,.F.);
#6548 = EDGE_LOOP('',(#6549,#6550,#6551,#6552));
#6549 = ORIENTED_EDGE('',*,*,#6387,.F.);
#6550 = ORIENTED_EDGE('',*,*,#6536,.T.);
#6551 = ORIENTED_EDGE('',*,*,#6477,.T.);
#6552 = ORIENTED_EDGE('',*,*,#6553,.F.);
#6553 = EDGE_CURVE('',#6388,#6478,#6554,.T.);
#6554 = LINE('',#6555,#6556);
#6555 = CARTESIAN_POINT('',(225.48,-124.52,0.));
#6556 = VECTOR('',#6557,1.);
#6557 = DIRECTION('',(0.,0.,1.));
#6558 = PLANE('',#6559);
#6559 = AXIS2_PLACEMENT_3D('',#6560,#6561,#6562);
#6560 = CARTESIAN_POINT('',(184.52,-124.52,0.));
#6561 = DIRECTION('',(0.,1.,0.));
#6562 = DIRECTION('',(1.,0.,0.));
#6563 = ADVANCED_FACE('',(#6564),#6575,.F.);
#6564 = FACE_BOUND('',#6565,.F.);
#6565 = EDGE_LOOP('',(#6566,#6567,#6568,#6569));
#6566 = ORIENTED_EDGE('',*,*,#6395,.F.);
#6567 = ORIENTED_EDGE('',*,*,#6553,.T.);
#6568 = ORIENTED_EDGE('',*,*,#6485,.T.);
#6569 = ORIENTED_EDGE('',*,*,#6570,.F.);
#6570 = EDGE_CURVE('',#6396,#6460,#6571,.T.);
#6571 = LINE('',#6572,#6573);
#6572 = CARTESIAN_POINT('',(225.48,-165.48,0.));
#6573 = VECTOR('',#6574,1.);
#6574 = DIRECTION('',(0.,0.,1.));
#6575 = PLANE('',#6576);
#6576 = AXIS2_PLACEMENT_3D('',#6577,#6578,#6579);
#6577 = CARTESIAN_POINT('',(225.48,-124.52,0.));
#6578 = DIRECTION('',(1.,0.,0.));
#6579 = DIRECTION('',(0.,-1.,0.));
#6580 = ADVANCED_FACE('',(#6581),#6587,.F.);
#6581 = FACE_BOUND('',#6582,.F.);
#6582 = EDGE_LOOP('',(#6583,#6584,#6585,#6586));
#6583 = ORIENTED_EDGE('',*,*,#6403,.F.);
#6584 = ORIENTED_EDGE('',*,*,#6570,.T.);
#6585 = ORIENTED_EDGE('',*,*,#6459,.T.);
#6586 = ORIENTED_EDGE('',*,*,#6529,.F.);
#6587 = PLANE('',#6588);
#6588 = AXIS2_PLACEMENT_3D('',#6589,#6590,#6591);
#6589 = CARTESIAN_POINT('',(225.48,-165.48,0.));
#6590 = DIRECTION('',(-0.,-1.,-0.));
#6591 = DIRECTION('',(-1.,0.,0.));
#6592 = ( GEOMETRIC_REPRESENTATION_CONTEXT(3) 
GLOBAL_UNCERTAINTY_ASSIGNED_CONTEXT((#6596)) 
GLOBAL_UNIT_ASSIGNED_CONTEXT((#6593,#6594,#6595)) REPRESENTATION_CONTEXT
('Context #1','3D Context with UNIT and UNCERTAINTY') );
#6593 = ( LENGTH_UNIT() NAMED_UNIT(*) SI_UNIT(.MILLI.,.METRE.) );
#6594 = ( NAMED_UNIT(*) PLANE_ANGLE_UNIT() SI_UNIT($,.RADIAN.) );
#6595 = ( NAMED_UNIT(*) SI_UNIT($,.STERADIAN.) SOLID_ANGLE_UNIT() );
#6596 = UNCERTAINTY_MEASURE_WITH_UNIT(LENGTH_MEASURE(1.E-07),#6593,
  'distance_accuracy_value','confusion accuracy');
#6597 = SHAPE_DEFINITION_REPRESENTATION(#6598,#6604);
#6598 = PRODUCT_DEFINITION_SHAPE('','',#6599);
#6599 = PRODUCT_DEFINITION('design','',#6600,#6603);
#6600 = PRODUCT_DEFINITION_FORMATION_WITH_SPECIFIED_SOURCE('','',#6601,
  .NOT_KNOWN.);
#6601 = PRODUCT('reforcos_laterais','reforcos_laterais','',(#6602));
#6602 = MECHANICAL_CONTEXT('',#2,'mechanical');
#6603 = DESIGN_CONTEXT('',#2,'design');
#6604 = SHAPE_REPRESENTATION('',(#11),#6605);
#6605 = ( GEOMETRIC_REPRESENTATION_CONTEXT(3) 
GLOBAL_UNCERTAINTY_ASSIGNED_CONTEXT((#6609)) 
GLOBAL_UNIT_ASSIGNED_CONTEXT((#6606,#6607,#6608)) REPRESENTATION_CONTEXT
('Context #1','3D Context with UNIT and UNCERTAINTY') );
#6606 = ( LENGTH_UNIT() NAMED_UNIT(*) SI_UNIT(.MILLI.,.METRE.) );
#6607 = ( NAMED_UNIT(*) PLANE_ANGLE_UNIT() SI_UNIT($,.RADIAN.) );
#6608 = ( NAMED_UNIT(*) SI_UNIT($,.STERADIAN.) SOLID_ANGLE_UNIT() );
#6609 = UNCERTAINTY_MEASURE_WITH_UNIT(LENGTH_MEASURE(1.E-07),#6606,
  'distance_accuracy_value','confusion accuracy');
#6610 = CONTEXT_DEPENDENT_SHAPE_REPRESENTATION(#6611,#6613);
#6611 = ( REPRESENTATION_RELATIONSHIP('','',#6604,#3023) 
REPRESENTATION_RELATIONSHIP_WITH_TRANSFORMATION(#6612) 
SHAPE_REPRESENTATION_RELATIONSHIP() );
#6612 = ITEM_DEFINED_TRANSFORMATION('','',#11,#3040);
#6613 = PRODUCT_DEFINITION_SHAPE('Placement','Placement of an item',
  #6614);
#6614 = NEXT_ASSEMBLY_USAGE_OCCURRENCE('11','reforcos_laterais','',#3018
  ,#6599,$);
#6615 = CC_DESIGN_SECURITY_CLASSIFICATION(#6616,(#6614));
#6616 = SECURITY_CLASSIFICATION('','',#55);
#6617 = CC_DESIGN_PERSON_AND_ORGANIZATION_ASSIGNMENT(#44,#53,(#6616));
#6618 = CC_DESIGN_DATE_AND_TIME_ASSIGNMENT(#58,#64,(#6616));
#6619 = CC_DESIGN_APPROVAL(#66,(#6616));
#6620 = PRODUCT_RELATED_PRODUCT_CATEGORY('detail',$,(#6601));
#6621 = PRODUCT_CATEGORY_RELATIONSHIP('','',#6622,#6620);
#6622 = PRODUCT_CATEGORY('part',$);
#6623 = CC_DESIGN_PERSON_AND_ORGANIZATION_ASSIGNMENT(#44,#47,(#6600,
    #6599));
#6624 = CC_DESIGN_PERSON_AND_ORGANIZATION_ASSIGNMENT(#44,#49,(#6601));
#6625 = CC_DESIGN_PERSON_AND_ORGANIZATION_ASSIGNMENT(#44,#51,(#6600));
#6626 = CC_DESIGN_PERSON_AND_ORGANIZATION_ASSIGNMENT(#44,#53,(#6627));
#6627 = SECURITY_CLASSIFICATION('','',#55);
#6628 = CC_DESIGN_SECURITY_CLASSIFICATION(#6627,(#6600));
#6629 = CC_DESIGN_DATE_AND_TIME_ASSIGNMENT(#58,#62,(#6599));
#6630 = CC_DESIGN_DATE_AND_TIME_ASSIGNMENT(#58,#64,(#6627));
#6631 = CC_DESIGN_APPROVAL(#66,(#6600,#6599,#6627));
#6632 = SHAPE_REPRESENTATION_RELATIONSHIP('','',#6633,#6604);
#6633 = ADVANCED_BREP_SHAPE_REPRESENTATION('',(#11,#6634),#6784);
#6634 = MANIFOLD_SOLID_BREP('',#6635);
#6635 = CLOSED_SHELL('',(#6636,#6676,#6707,#6731,#6755,#6772));
#6636 = ADVANCED_FACE('',(#6637),#6671,.T.);
#6637 = FACE_BOUND('',#6638,.T.);
#6638 = EDGE_LOOP('',(#6639,#6649,#6657,#6665));
#6639 = ORIENTED_EDGE('',*,*,#6640,.F.);
#6640 = EDGE_CURVE('',#6641,#6643,#6645,.T.);
#6641 = VERTEX_POINT('',#6642);
#6642 = CARTESIAN_POINT('',(-175.,175.,0.));
#6643 = VERTEX_POINT('',#6644);
#6644 = CARTESIAN_POINT('',(-175.,90.,0.));
#6645 = LINE('',#6646,#6647);
#6646 = CARTESIAN_POINT('',(-175.,175.,0.));
#6647 = VECTOR('',#6648,1.);
#6648 = DIRECTION('',(0.,-1.,0.));
#6649 = ORIENTED_EDGE('',*,*,#6650,.T.);
#6650 = EDGE_CURVE('',#6641,#6651,#6653,.T.);
#6651 = VERTEX_POINT('',#6652);
#6652 = CARTESIAN_POINT('',(-175.,175.,1.16E+04));
#6653 = LINE('',#6654,#6655);
#6654 = CARTESIAN_POINT('',(-175.,175.,0.));
#6655 = VECTOR('',#6656,1.);
#6656 = DIRECTION('',(0.,0.,1.));
#6657 = ORIENTED_EDGE('',*,*,#6658,.T.);
#6658 = EDGE_CURVE('',#6651,#6659,#6661,.T.);
#6659 = VERTEX_POINT('',#6660);
#6660 = CARTESIAN_POINT('',(-175.,90.,1.16E+04));
#6661 = LINE('',#6662,#6663);
#6662 = CARTESIAN_POINT('',(-175.,87.5,1.16E+04));
#6663 = VECTOR('',#6664,1.);
#6664 = DIRECTION('',(0.,-1.,0.));
#6665 = ORIENTED_EDGE('',*,*,#6666,.F.);
#6666 = EDGE_CURVE('',#6643,#6659,#6667,.T.);
#6667 = LINE('',#6668,#6669);
#6668 = CARTESIAN_POINT('',(-175.,90.,0.));
#6669 = VECTOR('',#6670,1.);
#6670 = DIRECTION('',(0.,0.,1.));
#6671 = PLANE('',#6672);
#6672 = AXIS2_PLACEMENT_3D('',#6673,#6674,#6675);
#6673 = CARTESIAN_POINT('',(-175.,175.,0.));
#6674 = DIRECTION('',(1.,0.,0.));
#6675 = DIRECTION('',(0.,-1.,0.));
#6676 = ADVANCED_FACE('',(#6677),#6702,.F.);
#6677 = FACE_BOUND('',#6678,.T.);
#6678 = EDGE_LOOP('',(#6679,#6680,#6688,#6696));
#6679 = ORIENTED_EDGE('',*,*,#6640,.T.);
#6680 = ORIENTED_EDGE('',*,*,#6681,.T.);
#6681 = EDGE_CURVE('',#6643,#6682,#6684,.T.);
#6682 = VERTEX_POINT('',#6683);
#6683 = CARTESIAN_POINT('',(-184.52,90.,0.));
#6684 = LINE('',#6685,#6686);
#6685 = CARTESIAN_POINT('',(-175.,90.,0.));
#6686 = VECTOR('',#6687,1.);
#6687 = DIRECTION('',(-1.,0.,0.));
#6688 = ORIENTED_EDGE('',*,*,#6689,.T.);
#6689 = EDGE_CURVE('',#6682,#6690,#6692,.T.);
#6690 = VERTEX_POINT('',#6691);
#6691 = CARTESIAN_POINT('',(-184.52,175.,0.));
#6692 = LINE('',#6693,#6694);
#6693 = CARTESIAN_POINT('',(-184.52,90.,0.));
#6694 = VECTOR('',#6695,1.);
#6695 = DIRECTION('',(0.,1.,0.));
#6696 = ORIENTED_EDGE('',*,*,#6697,.T.);
#6697 = EDGE_CURVE('',#6690,#6641,#6698,.T.);
#6698 = LINE('',#6699,#6700);
#6699 = CARTESIAN_POINT('',(-184.52,175.,0.));
#6700 = VECTOR('',#6701,1.);
#6701 = DIRECTION('',(1.,0.,0.));
#6702 = PLANE('',#6703);
#6703 = AXIS2_PLACEMENT_3D('',#6704,#6705,#6706);
#6704 = CARTESIAN_POINT('',(-9.62E-15,132.5,0.));
#6705 = DIRECTION('',(0.,0.,1.));
#6706 = DIRECTION('',(1.,0.,0.));
#6707 = ADVANCED_FACE('',(#6708),#6726,.T.);
#6708 = FACE_BOUND('',#6709,.T.);
#6709 = EDGE_LOOP('',(#6710,#6711,#6712,#6720));
#6710 = ORIENTED_EDGE('',*,*,#6681,.F.);
#6711 = ORIENTED_EDGE('',*,*,#6666,.T.);
#6712 = ORIENTED_EDGE('',*,*,#6713,.T.);
#6713 = EDGE_CURVE('',#6659,#6714,#6716,.T.);
#6714 = VERTEX_POINT('',#6715);
#6715 = CARTESIAN_POINT('',(-184.52,90.,1.16E+04));
#6716 = LINE('',#6717,#6718);
#6717 = CARTESIAN_POINT('',(-87.5,90.,1.16E+04));
#6718 = VECTOR('',#6719,1.);
#6719 = DIRECTION('',(-1.,0.,0.));
#6720 = ORIENTED_EDGE('',*,*,#6721,.F.);
#6721 = EDGE_CURVE('',#6682,#6714,#6722,.T.);
#6722 = LINE('',#6723,#6724);
#6723 = CARTESIAN_POINT('',(-184.52,90.,0.));
#6724 = VECTOR('',#6725,1.);
#6725 = DIRECTION('',(0.,0.,1.));
#6726 = PLANE('',#6727);
#6727 = AXIS2_PLACEMENT_3D('',#6728,#6729,#6730);
#6728 = CARTESIAN_POINT('',(-175.,90.,0.));
#6729 = DIRECTION('',(-0.,-1.,-0.));
#6730 = DIRECTION('',(-1.,0.,0.));
#6731 = ADVANCED_FACE('',(#6732),#6750,.T.);
#6732 = FACE_BOUND('',#6733,.T.);
#6733 = EDGE_LOOP('',(#6734,#6735,#6743,#6749));
#6734 = ORIENTED_EDGE('',*,*,#6658,.F.);
#6735 = ORIENTED_EDGE('',*,*,#6736,.F.);
#6736 = EDGE_CURVE('',#6737,#6651,#6739,.T.);
#6737 = VERTEX_POINT('',#6738);
#6738 = CARTESIAN_POINT('',(-184.52,175.,1.16E+04));
#6739 = LINE('',#6740,#6741);
#6740 = CARTESIAN_POINT('',(-92.26,175.,1.16E+04));
#6741 = VECTOR('',#6742,1.);
#6742 = DIRECTION('',(1.,0.,0.));
#6743 = ORIENTED_EDGE('',*,*,#6744,.F.);
#6744 = EDGE_CURVE('',#6714,#6737,#6745,.T.);
#6745 = LINE('',#6746,#6747);
#6746 = CARTESIAN_POINT('',(-184.52,45.,1.16E+04));
#6747 = VECTOR('',#6748,1.);
#6748 = DIRECTION('',(0.,1.,0.));
#6749 = ORIENTED_EDGE('',*,*,#6713,.F.);
#6750 = PLANE('',#6751);
#6751 = AXIS2_PLACEMENT_3D('',#6752,#6753,#6754);
#6752 = CARTESIAN_POINT('',(2.67E-15,2.67E-15,1.16E+04));
#6753 = DIRECTION('',(0.,0.,1.));
#6754 = DIRECTION('',(1.,0.,-0.));
#6755 = ADVANCED_FACE('',(#6756),#6767,.T.);
#6756 = FACE_BOUND('',#6757,.T.);
#6757 = EDGE_LOOP('',(#6758,#6759,#6765,#6766));
#6758 = ORIENTED_EDGE('',*,*,#6697,.F.);
#6759 = ORIENTED_EDGE('',*,*,#6760,.T.);
#6760 = EDGE_CURVE('',#6690,#6737,#6761,.T.);
#6761 = LINE('',#6762,#6763);
#6762 = CARTESIAN_POINT('',(-184.52,175.,0.));
#6763 = VECTOR('',#6764,1.);
#6764 = DIRECTION('',(0.,0.,1.));
#6765 = ORIENTED_EDGE('',*,*,#6736,.T.);
#6766 = ORIENTED_EDGE('',*,*,#6650,.F.);
#6767 = PLANE('',#6768);
#6768 = AXIS2_PLACEMENT_3D('',#6769,#6770,#6771);
#6769 = CARTESIAN_POINT('',(-184.52,175.,0.));
#6770 = DIRECTION('',(0.,1.,0.));
#6771 = DIRECTION('',(1.,0.,0.));
#6772 = ADVANCED_FACE('',(#6773),#6779,.T.);
#6773 = FACE_BOUND('',#6774,.T.);
#6774 = EDGE_LOOP('',(#6775,#6776,#6777,#6778));
#6775 = ORIENTED_EDGE('',*,*,#6689,.F.);
#6776 = ORIENTED_EDGE('',*,*,#6721,.T.);
#6777 = ORIENTED_EDGE('',*,*,#6744,.T.);
#6778 = ORIENTED_EDGE('',*,*,#6760,.F.);
#6779 = PLANE('',#6780);
#6780 = AXIS2_PLACEMENT_3D('',#6781,#6782,#6783);
#6781 = CARTESIAN_POINT('',(-184.52,90.,0.));
#6782 = DIRECTION('',(-1.,0.,0.));
#6783 = DIRECTION('',(0.,1.,0.));
#6784 = ( GEOMETRIC_REPRESENTATION_CONTEXT(3) 
GLOBAL_UNCERTAINTY_ASSIGNED_CONTEXT((#6788)) 
GLOBAL_UNIT_ASSIGNED_CONTEXT((#6785,#6786,#6787)) REPRESENTATION_CONTEXT
('Context #1','3D Context with UNIT and UNCERTAINTY') );
#6785 = ( LENGTH_UNIT() NAMED_UNIT(*) SI_UNIT(.MILLI.,.METRE.) );
#6786 = ( NAMED_UNIT(*) PLANE_ANGLE_UNIT() SI_UNIT($,.RADIAN.) );
#6787 = ( NAMED_UNIT(*) SI_UNIT($,.STERADIAN.) SOLID_ANGLE_UNIT() );
#6788 = UNCERTAINTY_MEASURE_WITH_UNIT(LENGTH_MEASURE(1.E-07),#6785,
  'distance_accuracy_value','confusion accuracy');
#6789 = SHAPE_REPRESENTATION_RELATIONSHIP('','',#6790,#6604);
#6790 = ADVANCED_BREP_SHAPE_REPRESENTATION('',(#11,#6791),#6941);
#6791 = MANIFOLD_SOLID_BREP('',#6792);
#6792 = CLOSED_SHELL('',(#6793,#6833,#6864,#6888,#6912,#6929));
#6793 = ADVANCED_FACE('',(#6794),#6828,.T.);
#6794 = FACE_BOUND('',#6795,.T.);
#6795 = EDGE_LOOP('',(#6796,#6806,#6814,#6822));
#6796 = ORIENTED_EDGE('',*,*,#6797,.F.);
#6797 = EDGE_CURVE('',#6798,#6800,#6802,.T.);
#6798 = VERTEX_POINT('',#6799);
#6799 = CARTESIAN_POINT('',(175.,175.,0.));
#6800 = VERTEX_POINT('',#6801);
#6801 = CARTESIAN_POINT('',(184.52,175.,0.));
#6802 = LINE('',#6803,#6804);
#6803 = CARTESIAN_POINT('',(175.,175.,0.));
#6804 = VECTOR('',#6805,1.);
#6805 = DIRECTION('',(1.,0.,0.));
#6806 = ORIENTED_EDGE('',*,*,#6807,.T.);
#6807 = EDGE_CURVE('',#6798,#6808,#6810,.T.);
#6808 = VERTEX_POINT('',#6809);
#6809 = CARTESIAN_POINT('',(175.,175.,1.16E+04));
#6810 = LINE('',#6811,#6812);
#6811 = CARTESIAN_POINT('',(175.,175.,0.));
#6812 = VECTOR('',#6813,1.);
#6813 = DIRECTION('',(0.,0.,1.));
#6814 = ORIENTED_EDGE('',*,*,#6815,.T.);
#6815 = EDGE_CURVE('',#6808,#6816,#6818,.T.);
#6816 = VERTEX_POINT('',#6817);
#6817 = CARTESIAN_POINT('',(184.52,175.,1.16E+04));
#6818 = LINE('',#6819,#6820);
#6819 = CARTESIAN_POINT('',(87.5,175.,1.16E+04));
#6820 = VECTOR('',#6821,1.);
#6821 = DIRECTION('',(1.,0.,0.));
#6822 = ORIENTED_EDGE('',*,*,#6823,.F.);
#6823 = EDGE_CURVE('',#6800,#6816,#6824,.T.);
#6824 = LINE('',#6825,#6826);
#6825 = CARTESIAN_POINT('',(184.52,175.,0.));
#6826 = VECTOR('',#6827,1.);
#6827 = DIRECTION('',(0.,0.,1.));
#6828 = PLANE('',#6829);
#6829 = AXIS2_PLACEMENT_3D('',#6830,#6831,#6832);
#6830 = CARTESIAN_POINT('',(175.,175.,0.));
#6831 = DIRECTION('',(0.,1.,0.));
#6832 = DIRECTION('',(1.,0.,0.));
#6833 = ADVANCED_FACE('',(#6834),#6859,.F.);
#6834 = FACE_BOUND('',#6835,.T.);
#6835 = EDGE_LOOP('',(#6836,#6837,#6845,#6853));
#6836 = ORIENTED_EDGE('',*,*,#6797,.T.);
#6837 = ORIENTED_EDGE('',*,*,#6838,.T.);
#6838 = EDGE_CURVE('',#6800,#6839,#6841,.T.);
#6839 = VERTEX_POINT('',#6840);
#6840 = CARTESIAN_POINT('',(184.52,90.,0.));
#6841 = LINE('',#6842,#6843);
#6842 = CARTESIAN_POINT('',(184.52,175.,0.));
#6843 = VECTOR('',#6844,1.);
#6844 = DIRECTION('',(0.,-1.,0.));
#6845 = ORIENTED_EDGE('',*,*,#6846,.T.);
#6846 = EDGE_CURVE('',#6839,#6847,#6849,.T.);
#6847 = VERTEX_POINT('',#6848);
#6848 = CARTESIAN_POINT('',(175.,90.,0.));
#6849 = LINE('',#6850,#6851);
#6850 = CARTESIAN_POINT('',(184.52,90.,0.));
#6851 = VECTOR('',#6852,1.);
#6852 = DIRECTION('',(-1.,0.,0.));
#6853 = ORIENTED_EDGE('',*,*,#6854,.T.);
#6854 = EDGE_CURVE('',#6847,#6798,#6855,.T.);
#6855 = LINE('',#6856,#6857);
#6856 = CARTESIAN_POINT('',(175.,90.,0.));
#6857 = VECTOR('',#6858,1.);
#6858 = DIRECTION('',(0.,1.,0.));
#6859 = PLANE('',#6860);
#6860 = AXIS2_PLACEMENT_3D('',#6861,#6862,#6863);
#6861 = CARTESIAN_POINT('',(-9.62E-15,132.5,0.));
#6862 = DIRECTION('',(0.,0.,1.));
#6863 = DIRECTION('',(1.,0.,0.));
#6864 = ADVANCED_FACE('',(#6865),#6883,.T.);
#6865 = FACE_BOUND('',#6866,.T.);
#6866 = EDGE_LOOP('',(#6867,#6868,#6869,#6877));
#6867 = ORIENTED_EDGE('',*,*,#6838,.F.);
#6868 = ORIENTED_EDGE('',*,*,#6823,.T.);
#6869 = ORIENTED_EDGE('',*,*,#6870,.T.);
#6870 = EDGE_CURVE('',#6816,#6871,#6873,.T.);
#6871 = VERTEX_POINT('',#6872);
#6872 = CARTESIAN_POINT('',(184.52,90.,1.16E+04));
#6873 = LINE('',#6874,#6875);
#6874 = CARTESIAN_POINT('',(184.52,87.5,1.16E+04));
#6875 = VECTOR('',#6876,1.);
#6876 = DIRECTION('',(0.,-1.,0.));
#6877 = ORIENTED_EDGE('',*,*,#6878,.F.);
#6878 = EDGE_CURVE('',#6839,#6871,#6879,.T.);
#6879 = LINE('',#6880,#6881);
#6880 = CARTESIAN_POINT('',(184.52,90.,0.));
#6881 = VECTOR('',#6882,1.);
#6882 = DIRECTION('',(0.,0.,1.));
#6883 = PLANE('',#6884);
#6884 = AXIS2_PLACEMENT_3D('',#6885,#6886,#6887);
#6885 = CARTESIAN_POINT('',(184.52,175.,0.));
#6886 = DIRECTION('',(1.,0.,0.));
#6887 = DIRECTION('',(0.,-1.,0.));
#6888 = ADVANCED_FACE('',(#6889),#6907,.T.);
#6889 = FACE_BOUND('',#6890,.T.);
#6890 = EDGE_LOOP('',(#6891,#6892,#6900,#6906));
#6891 = ORIENTED_EDGE('',*,*,#6815,.F.);
#6892 = ORIENTED_EDGE('',*,*,#6893,.F.);
#6893 = EDGE_CURVE('',#6894,#6808,#6896,.T.);
#6894 = VERTEX_POINT('',#6895);
#6895 = CARTESIAN_POINT('',(175.,90.,1.16E+04));
#6896 = LINE('',#6897,#6898);
#6897 = CARTESIAN_POINT('',(175.,45.,1.16E+04));
#6898 = VECTOR('',#6899,1.);
#6899 = DIRECTION('',(0.,1.,0.));
#6900 = ORIENTED_EDGE('',*,*,#6901,.F.);
#6901 = EDGE_CURVE('',#6871,#6894,#6902,.T.);
#6902 = LINE('',#6903,#6904);
#6903 = CARTESIAN_POINT('',(92.26,90.,1.16E+04));
#6904 = VECTOR('',#6905,1.);
#6905 = DIRECTION('',(-1.,0.,0.));
#6906 = ORIENTED_EDGE('',*,*,#6870,.F.);
#6907 = PLANE('',#6908);
#6908 = AXIS2_PLACEMENT_3D('',#6909,#6910,#6911);
#6909 = CARTESIAN_POINT('',(2.67E-15,2.67E-15,1.16E+04));
#6910 = DIRECTION('',(0.,0.,1.));
#6911 = DIRECTION('',(1.,0.,-0.));
#6912 = ADVANCED_FACE('',(#6913),#6924,.T.);
#6913 = FACE_BOUND('',#6914,.T.);
#6914 = EDGE_LOOP('',(#6915,#6916,#6922,#6923));
#6915 = ORIENTED_EDGE('',*,*,#6854,.F.);
#6916 = ORIENTED_EDGE('',*,*,#6917,.T.);
#6917 = EDGE_CURVE('',#6847,#6894,#6918,.T.);
#6918 = LINE('',#6919,#6920);
#6919 = CARTESIAN_POINT('',(175.,90.,0.));
#6920 = VECTOR('',#6921,1.);
#6921 = DIRECTION('',(0.,0.,1.));
#6922 = ORIENTED_EDGE('',*,*,#6893,.T.);
#6923 = ORIENTED_EDGE('',*,*,#6807,.F.);
#6924 = PLANE('',#6925);
#6925 = AXIS2_PLACEMENT_3D('',#6926,#6927,#6928);
#6926 = CARTESIAN_POINT('',(175.,90.,0.));
#6927 = DIRECTION('',(-1.,0.,0.));
#6928 = DIRECTION('',(0.,1.,0.));
#6929 = ADVANCED_FACE('',(#6930),#6936,.T.);
#6930 = FACE_BOUND('',#6931,.T.);
#6931 = EDGE_LOOP('',(#6932,#6933,#6934,#6935));
#6932 = ORIENTED_EDGE('',*,*,#6846,.F.);
#6933 = ORIENTED_EDGE('',*,*,#6878,.T.);
#6934 = ORIENTED_EDGE('',*,*,#6901,.T.);
#6935 = ORIENTED_EDGE('',*,*,#6917,.F.);
#6936 = PLANE('',#6937);
#6937 = AXIS2_PLACEMENT_3D('',#6938,#6939,#6940);
#6938 = CARTESIAN_POINT('',(184.52,90.,0.));
#6939 = DIRECTION('',(-0.,-1.,-0.));
#6940 = DIRECTION('',(-1.,0.,0.));
#6941 = ( GEOMETRIC_REPRESENTATION_CONTEXT(3) 
GLOBAL_UNCERTAINTY_ASSIGNED_CONTEXT((#6945)) 
GLOBAL_UNIT_ASSIGNED_CONTEXT((#6942,#6943,#6944)) REPRESENTATION_CONTEXT
('Context #1','3D Context with UNIT and UNCERTAINTY') );
#6942 = ( LENGTH_UNIT() NAMED_UNIT(*) SI_UNIT(.MILLI.,.METRE.) );
#6943 = ( NAMED_UNIT(*) PLANE_ANGLE_UNIT() SI_UNIT($,.RADIAN.) );
#6944 = ( NAMED_UNIT(*) SI_UNIT($,.STERADIAN.) SOLID_ANGLE_UNIT() );
#6945 = UNCERTAINTY_MEASURE_WITH_UNIT(LENGTH_MEASURE(1.E-07),#6942,
  'distance_accuracy_value','confusion accuracy');
#6946 = SHAPE_DEFINITION_REPRESENTATION(#6947,#6953);
#6947 = PRODUCT_DEFINITION_SHAPE('','',#6948);
#6948 = PRODUCT_DEFINITION('design','',#6949,#6952);
#6949 = PRODUCT_DEFINITION_FORMATION_WITH_SPECIFIED_SOURCE('','',#6950,
  .NOT_KNOWN.);
#6950 = PRODUCT('caixa_parafusos_inferior','caixa_parafusos_inferior',''
  ,(#6951));
#6951 = MECHANICAL_CONTEXT('',#2,'mechanical');
#6952 = DESIGN_CONTEXT('',#2,'design');
#6953 = ADVANCED_BREP_SHAPE_REPRESENTATION('',(#11,#6954),#7302);
#6954 = MANIFOLD_SOLID_BREP('',#6955);
#6955 = CLOSED_SHELL('',(#6956,#6996,#7043,#7067,#7107,#7138,#7162,#7193
    ,#7217,#7241,#7265,#7286));
#6956 = ADVANCED_FACE('',(#6957),#6991,.T.);
#6957 = FACE_BOUND('',#6958,.T.);
#6958 = EDGE_LOOP('',(#6959,#6969,#6977,#6985));
#6959 = ORIENTED_EDGE('',*,*,#6960,.F.);
#6960 = EDGE_CURVE('',#6961,#6963,#6965,.T.);
#6961 = VERTEX_POINT('',#6962);
#6962 = CARTESIAN_POINT('',(-165.48,-175.,90.));
#6963 = VERTEX_POINT('',#6964);
#6964 = CARTESIAN_POINT('',(-165.48,-105.48,90.));
#6965 = LINE('',#6966,#6967);
#6966 = CARTESIAN_POINT('',(-165.48,-175.,90.));
#6967 = VECTOR('',#6968,1.);
#6968 = DIRECTION('',(0.,1.,0.));
#6969 = ORIENTED_EDGE('',*,*,#6970,.T.);
#6970 = EDGE_CURVE('',#6961,#6971,#6973,.T.);
#6971 = VERTEX_POINT('',#6972);
#6972 = CARTESIAN_POINT('',(165.48,-175.,90.));
#6973 = LINE('',#6974,#6975);
#6974 = CARTESIAN_POINT('',(-165.48,-175.,90.));
#6975 = VECTOR('',#6976,1.);
#6976 = DIRECTION('',(1.,0.,0.));
#6977 = ORIENTED_EDGE('',*,*,#6978,.F.);
#6978 = EDGE_CURVE('',#6979,#6971,#6981,.T.);
#6979 = VERTEX_POINT('',#6980);
#6980 = CARTESIAN_POINT('',(165.48,-105.48,90.));
#6981 = LINE('',#6982,#6983);
#6982 = CARTESIAN_POINT('',(165.48,-87.67147153138,90.));
#6983 = VECTOR('',#6984,1.);
#6984 = DIRECTION('',(0.,-1.,0.));
#6985 = ORIENTED_EDGE('',*,*,#6986,.F.);
#6986 = EDGE_CURVE('',#6963,#6979,#6987,.T.);
#6987 = LINE('',#6988,#6989);
#6988 = CARTESIAN_POINT('',(-165.48,-105.48,90.));
#6989 = VECTOR('',#6990,1.);
#6990 = DIRECTION('',(1.,0.,0.));
#6991 = PLANE('',#6992);
#6992 = AXIS2_PLACEMENT_3D('',#6993,#6994,#6995);
#6993 = CARTESIAN_POINT('',(-165.48,-175.,90.));
#6994 = DIRECTION('',(0.,0.,1.));
#6995 = DIRECTION('',(0.,1.,0.));
#6996 = ADVANCED_FACE('',(#6997),#7038,.F.);
#6997 = FACE_BOUND('',#6998,.T.);
#6998 = EDGE_LOOP('',(#6999,#7000,#7008,#7016,#7024,#7032));
#6999 = ORIENTED_EDGE('',*,*,#6960,.T.);
#7000 = ORIENTED_EDGE('',*,*,#7001,.T.);
#7001 = EDGE_CURVE('',#6963,#7002,#7004,.T.);
#7002 = VERTEX_POINT('',#7003);
#7003 = CARTESIAN_POINT('',(-165.48,-105.48,0.));
#7004 = LINE('',#7005,#7006);
#7005 = CARTESIAN_POINT('',(-165.48,-105.48,90.));
#7006 = VECTOR('',#7007,1.);
#7007 = DIRECTION('',(0.,0.,-1.));
#7008 = ORIENTED_EDGE('',*,*,#7009,.T.);
#7009 = EDGE_CURVE('',#7002,#7010,#7012,.T.);
#7010 = VERTEX_POINT('',#7011);
#7011 = CARTESIAN_POINT('',(-165.48,-115.,0.));
#7012 = LINE('',#7013,#7014);
#7013 = CARTESIAN_POINT('',(-165.48,-105.48,0.));
#7014 = VECTOR('',#7015,1.);
#7015 = DIRECTION('',(0.,-1.,0.));
#7016 = ORIENTED_EDGE('',*,*,#7017,.T.);
#7017 = EDGE_CURVE('',#7010,#7018,#7020,.T.);
#7018 = VERTEX_POINT('',#7019);
#7019 = CARTESIAN_POINT('',(-165.48,-115.,80.48));
#7020 = LINE('',#7021,#7022);
#7021 = CARTESIAN_POINT('',(-165.48,-115.,0.));
#7022 = VECTOR('',#7023,1.);
#7023 = DIRECTION('',(0.,0.,1.));
#7024 = ORIENTED_EDGE('',*,*,#7025,.T.);
#7025 = EDGE_CURVE('',#7018,#7026,#7028,.T.);
#7026 = VERTEX_POINT('',#7027);
#7027 = CARTESIAN_POINT('',(-165.48,-175.,80.48));
#7028 = LINE('',#7029,#7030);
#7029 = CARTESIAN_POINT('',(-165.48,-115.,80.48));
#7030 = VECTOR('',#7031,1.);
#7031 = DIRECTION('',(0.,-1.,0.));
#7032 = ORIENTED_EDGE('',*,*,#7033,.T.);
#7033 = EDGE_CURVE('',#7026,#6961,#7034,.T.);
#7034 = LINE('',#7035,#7036);
#7035 = CARTESIAN_POINT('',(-165.48,-175.,80.48));
#7036 = VECTOR('',#7037,1.);
#7037 = DIRECTION('',(0.,0.,1.));
#7038 = PLANE('',#7039);
#7039 = AXIS2_PLACEMENT_3D('',#7040,#7041,#7042);
#7040 = CARTESIAN_POINT('',(-165.48,-125.1045937813,60.135406218656));
#7041 = DIRECTION('',(1.,0.,0.));
#7042 = DIRECTION('',(0.,0.,1.));
#7043 = ADVANCED_FACE('',(#7044),#7062,.T.);
#7044 = FACE_BOUND('',#7045,.T.);
#7045 = EDGE_LOOP('',(#7046,#7047,#7048,#7056));
#7046 = ORIENTED_EDGE('',*,*,#7001,.F.);
#7047 = ORIENTED_EDGE('',*,*,#6986,.T.);
#7048 = ORIENTED_EDGE('',*,*,#7049,.F.);
#7049 = EDGE_CURVE('',#7050,#6979,#7052,.T.);
#7050 = VERTEX_POINT('',#7051);
#7051 = CARTESIAN_POINT('',(165.48,-105.48,0.));
#7052 = LINE('',#7053,#7054);
#7053 = CARTESIAN_POINT('',(165.48,-105.48,2.945E+03));
#7054 = VECTOR('',#7055,1.);
#7055 = DIRECTION('',(0.,0.,1.));
#7056 = ORIENTED_EDGE('',*,*,#7057,.F.);
#7057 = EDGE_CURVE('',#7002,#7050,#7058,.T.);
#7058 = LINE('',#7059,#7060);
#7059 = CARTESIAN_POINT('',(-165.48,-105.48,0.));
#7060 = VECTOR('',#7061,1.);
#7061 = DIRECTION('',(1.,0.,0.));
#7062 = PLANE('',#7063);
#7063 = AXIS2_PLACEMENT_3D('',#7064,#7065,#7066);
#7064 = CARTESIAN_POINT('',(-165.48,-105.48,90.));
#7065 = DIRECTION('',(0.,1.,0.));
#7066 = DIRECTION('',(0.,0.,-1.));
#7067 = ADVANCED_FACE('',(#7068),#7102,.F.);
#7068 = FACE_BOUND('',#7069,.F.);
#7069 = EDGE_LOOP('',(#7070,#7071,#7072,#7080,#7088,#7096));
#7070 = ORIENTED_EDGE('',*,*,#6978,.F.);
#7071 = ORIENTED_EDGE('',*,*,#7049,.F.);
#7072 = ORIENTED_EDGE('',*,*,#7073,.F.);
#7073 = EDGE_CURVE('',#7074,#7050,#7076,.T.);
#7074 = VERTEX_POINT('',#7075);
#7075 = CARTESIAN_POINT('',(165.48,-115.,0.));
#7076 = LINE('',#7077,#7078);
#7077 = CARTESIAN_POINT('',(165.48,-52.91147153138,0.));
#7078 = VECTOR('',#7079,1.);
#7079 = DIRECTION('',(0.,1.,0.));
#7080 = ORIENTED_EDGE('',*,*,#7081,.F.);
#7081 = EDGE_CURVE('',#7082,#7074,#7084,.T.);
#7082 = VERTEX_POINT('',#7083);
#7083 = CARTESIAN_POINT('',(165.48,-115.,80.48));
#7084 = LINE('',#7085,#7086);
#7085 = CARTESIAN_POINT('',(165.48,-115.,2.9E+03));
#7086 = VECTOR('',#7087,1.);
#7087 = DIRECTION('',(0.,0.,-1.));
#7088 = ORIENTED_EDGE('',*,*,#7089,.F.);
#7089 = EDGE_CURVE('',#7090,#7082,#7092,.T.);
#7090 = VERTEX_POINT('',#7091);
#7091 = CARTESIAN_POINT('',(165.48,-175.,80.48));
#7092 = LINE('',#7093,#7094);
#7093 = CARTESIAN_POINT('',(165.48,-57.67147153138,80.48));
#7094 = VECTOR('',#7095,1.);
#7095 = DIRECTION('',(0.,1.,0.));
#7096 = ORIENTED_EDGE('',*,*,#7097,.F.);
#7097 = EDGE_CURVE('',#6971,#7090,#7098,.T.);
#7098 = LINE('',#7099,#7100);
#7099 = CARTESIAN_POINT('',(165.48,-175.,2.94024E+03));
#7100 = VECTOR('',#7101,1.);
#7101 = DIRECTION('',(0.,0.,-1.));
#7102 = PLANE('',#7103);
#7103 = AXIS2_PLACEMENT_3D('',#7104,#7105,#7106);
#7104 = CARTESIAN_POINT('',(165.48,-0.342943062761,5.8E+03));
#7105 = DIRECTION('',(-1.,-0.,-0.));
#7106 = DIRECTION('',(0.,0.,-1.));
#7107 = ADVANCED_FACE('',(#7108),#7133,.T.);
#7108 = FACE_BOUND('',#7109,.T.);
#7109 = EDGE_LOOP('',(#7110,#7111,#7119,#7127));
#7110 = ORIENTED_EDGE('',*,*,#7017,.F.);
#7111 = ORIENTED_EDGE('',*,*,#7112,.T.);
#7112 = EDGE_CURVE('',#7010,#7113,#7115,.T.);
#7113 = VERTEX_POINT('',#7114);
#7114 = CARTESIAN_POINT('',(-6.35,-115.,0.));
#7115 = LINE('',#7116,#7117);
#7116 = CARTESIAN_POINT('',(-165.48,-115.,0.));
#7117 = VECTOR('',#7118,1.);
#7118 = DIRECTION('',(1.,0.,0.));
#7119 = ORIENTED_EDGE('',*,*,#7120,.F.);
#7120 = EDGE_CURVE('',#7121,#7113,#7123,.T.);
#7121 = VERTEX_POINT('',#7122);
#7122 = CARTESIAN_POINT('',(-6.35,-115.,80.48));
#7123 = LINE('',#7124,#7125);
#7124 = CARTESIAN_POINT('',(-6.35,-115.,80.48));
#7125 = VECTOR('',#7126,1.);
#7126 = DIRECTION('',(0.,0.,-1.));
#7127 = ORIENTED_EDGE('',*,*,#7128,.F.);
#7128 = EDGE_CURVE('',#7018,#7121,#7129,.T.);
#7129 = LINE('',#7130,#7131);
#7130 = CARTESIAN_POINT('',(-165.48,-115.,80.48));
#7131 = VECTOR('',#7132,1.);
#7132 = DIRECTION('',(1.,0.,0.));
#7133 = PLANE('',#7134);
#7134 = AXIS2_PLACEMENT_3D('',#7135,#7136,#7137);
#7135 = CARTESIAN_POINT('',(-165.48,-115.,0.));
#7136 = DIRECTION('',(0.,-1.,0.));
#7137 = DIRECTION('',(0.,0.,1.));
#7138 = ADVANCED_FACE('',(#7139),#7157,.T.);
#7139 = FACE_BOUND('',#7140,.T.);
#7140 = EDGE_LOOP('',(#7141,#7142,#7143,#7151));
#7141 = ORIENTED_EDGE('',*,*,#7025,.F.);
#7142 = ORIENTED_EDGE('',*,*,#7128,.T.);
#7143 = ORIENTED_EDGE('',*,*,#7144,.F.);
#7144 = EDGE_CURVE('',#7145,#7121,#7147,.T.);
#7145 = VERTEX_POINT('',#7146);
#7146 = CARTESIAN_POINT('',(-6.35,-175.,80.48));
#7147 = LINE('',#7148,#7149);
#7148 = CARTESIAN_POINT('',(-6.35,-175.,80.48));
#7149 = VECTOR('',#7150,1.);
#7150 = DIRECTION('',(0.,1.,0.));
#7151 = ORIENTED_EDGE('',*,*,#7152,.F.);
#7152 = EDGE_CURVE('',#7026,#7145,#7153,.T.);
#7153 = LINE('',#7154,#7155);
#7154 = CARTESIAN_POINT('',(-165.48,-175.,80.48));
#7155 = VECTOR('',#7156,1.);
#7156 = DIRECTION('',(1.,0.,0.));
#7157 = PLANE('',#7158);
#7158 = AXIS2_PLACEMENT_3D('',#7159,#7160,#7161);
#7159 = CARTESIAN_POINT('',(-165.48,-115.,80.48));
#7160 = DIRECTION('',(0.,0.,-1.));
#7161 = DIRECTION('',(0.,-1.,0.));
#7162 = ADVANCED_FACE('',(#7163),#7188,.T.);
#7163 = FACE_BOUND('',#7164,.T.);
#7164 = EDGE_LOOP('',(#7165,#7175,#7181,#7182));
#7165 = ORIENTED_EDGE('',*,*,#7166,.F.);
#7166 = EDGE_CURVE('',#7167,#7169,#7171,.T.);
#7167 = VERTEX_POINT('',#7168);
#7168 = CARTESIAN_POINT('',(6.35,-115.,80.48));
#7169 = VERTEX_POINT('',#7170);
#7170 = CARTESIAN_POINT('',(6.35,-175.,80.48));
#7171 = LINE('',#7172,#7173);
#7172 = CARTESIAN_POINT('',(6.35,-115.,80.48));
#7173 = VECTOR('',#7174,1.);
#7174 = DIRECTION('',(0.,-1.,0.));
#7175 = ORIENTED_EDGE('',*,*,#7176,.T.);
#7176 = EDGE_CURVE('',#7167,#7082,#7177,.T.);
#7177 = LINE('',#7178,#7179);
#7178 = CARTESIAN_POINT('',(-165.48,-115.,80.48));
#7179 = VECTOR('',#7180,1.);
#7180 = DIRECTION('',(1.,0.,0.));
#7181 = ORIENTED_EDGE('',*,*,#7089,.F.);
#7182 = ORIENTED_EDGE('',*,*,#7183,.F.);
#7183 = EDGE_CURVE('',#7169,#7090,#7184,.T.);
#7184 = LINE('',#7185,#7186);
#7185 = CARTESIAN_POINT('',(-165.48,-175.,80.48));
#7186 = VECTOR('',#7187,1.);
#7187 = DIRECTION('',(1.,0.,0.));
#7188 = PLANE('',#7189);
#7189 = AXIS2_PLACEMENT_3D('',#7190,#7191,#7192);
#7190 = CARTESIAN_POINT('',(-165.48,-115.,80.48));
#7191 = DIRECTION('',(0.,0.,-1.));
#7192 = DIRECTION('',(0.,-1.,0.));
#7193 = ADVANCED_FACE('',(#7194),#7212,.T.);
#7194 = FACE_BOUND('',#7195,.T.);
#7195 = EDGE_LOOP('',(#7196,#7204,#7210,#7211));
#7196 = ORIENTED_EDGE('',*,*,#7197,.T.);
#7197 = EDGE_CURVE('',#7167,#7198,#7200,.T.);
#7198 = VERTEX_POINT('',#7199);
#7199 = CARTESIAN_POINT('',(6.35,-115.,0.));
#7200 = LINE('',#7201,#7202);
#7201 = CARTESIAN_POINT('',(6.35,-115.,80.48));
#7202 = VECTOR('',#7203,1.);
#7203 = DIRECTION('',(0.,0.,-1.));
#7204 = ORIENTED_EDGE('',*,*,#7205,.T.);
#7205 = EDGE_CURVE('',#7198,#7074,#7206,.T.);
#7206 = LINE('',#7207,#7208);
#7207 = CARTESIAN_POINT('',(-165.48,-115.,0.));
#7208 = VECTOR('',#7209,1.);
#7209 = DIRECTION('',(1.,0.,0.));
#7210 = ORIENTED_EDGE('',*,*,#7081,.F.);
#7211 = ORIENTED_EDGE('',*,*,#7176,.F.);
#7212 = PLANE('',#7213);
#7213 = AXIS2_PLACEMENT_3D('',#7214,#7215,#7216);
#7214 = CARTESIAN_POINT('',(-165.48,-115.,0.));
#7215 = DIRECTION('',(0.,-1.,0.));
#7216 = DIRECTION('',(0.,0.,1.));
#7217 = ADVANCED_FACE('',(#7218),#7236,.F.);
#7218 = FACE_BOUND('',#7219,.F.);
#7219 = EDGE_LOOP('',(#7220,#7221,#7229,#7235));
#7220 = ORIENTED_EDGE('',*,*,#7144,.F.);
#7221 = ORIENTED_EDGE('',*,*,#7222,.T.);
#7222 = EDGE_CURVE('',#7145,#7223,#7225,.T.);
#7223 = VERTEX_POINT('',#7224);
#7224 = CARTESIAN_POINT('',(-6.35,-175.,0.));
#7225 = LINE('',#7226,#7227);
#7226 = CARTESIAN_POINT('',(-6.35,-175.,80.48));
#7227 = VECTOR('',#7228,1.);
#7228 = DIRECTION('',(0.,0.,-1.));
#7229 = ORIENTED_EDGE('',*,*,#7230,.T.);
#7230 = EDGE_CURVE('',#7223,#7113,#7231,.T.);
#7231 = LINE('',#7232,#7233);
#7232 = CARTESIAN_POINT('',(-6.35,-140.24,0.));
#7233 = VECTOR('',#7234,1.);
#7234 = DIRECTION('',(0.,1.,0.));
#7235 = ORIENTED_EDGE('',*,*,#7120,.F.);
#7236 = PLANE('',#7237);
#7237 = AXIS2_PLACEMENT_3D('',#7238,#7239,#7240);
#7238 = CARTESIAN_POINT('',(-6.35,-175.,80.48));
#7239 = DIRECTION('',(1.,0.,0.));
#7240 = DIRECTION('',(-0.,1.,0.));
#7241 = ADVANCED_FACE('',(#7242),#7260,.F.);
#7242 = FACE_BOUND('',#7243,.F.);
#7243 = EDGE_LOOP('',(#7244,#7245,#7246,#7254));
#7244 = ORIENTED_EDGE('',*,*,#7166,.F.);
#7245 = ORIENTED_EDGE('',*,*,#7197,.T.);
#7246 = ORIENTED_EDGE('',*,*,#7247,.T.);
#7247 = EDGE_CURVE('',#7198,#7248,#7250,.T.);
#7248 = VERTEX_POINT('',#7249);
#7249 = CARTESIAN_POINT('',(6.35,-175.,0.));
#7250 = LINE('',#7251,#7252);
#7251 = CARTESIAN_POINT('',(6.35,-110.24,0.));
#7252 = VECTOR('',#7253,1.);
#7253 = DIRECTION('',(0.,-1.,0.));
#7254 = ORIENTED_EDGE('',*,*,#7255,.F.);
#7255 = EDGE_CURVE('',#7169,#7248,#7256,.T.);
#7256 = LINE('',#7257,#7258);
#7257 = CARTESIAN_POINT('',(6.35,-175.,80.48));
#7258 = VECTOR('',#7259,1.);
#7259 = DIRECTION('',(0.,0.,-1.));
#7260 = PLANE('',#7261);
#7261 = AXIS2_PLACEMENT_3D('',#7262,#7263,#7264);
#7262 = CARTESIAN_POINT('',(6.35,-115.,80.48));
#7263 = DIRECTION('',(-1.,-0.,-0.));
#7264 = DIRECTION('',(0.,-1.,0.));
#7265 = ADVANCED_FACE('',(#7266),#7281,.T.);
#7266 = FACE_BOUND('',#7267,.T.);
#7267 = EDGE_LOOP('',(#7268,#7269,#7270,#7271,#7277,#7278,#7279,#7280));
#7268 = ORIENTED_EDGE('',*,*,#7033,.F.);
#7269 = ORIENTED_EDGE('',*,*,#7152,.T.);
#7270 = ORIENTED_EDGE('',*,*,#7222,.T.);
#7271 = ORIENTED_EDGE('',*,*,#7272,.F.);
#7272 = EDGE_CURVE('',#7248,#7223,#7273,.T.);
#7273 = LINE('',#7274,#7275);
#7274 = CARTESIAN_POINT('',(-79.565,-175.,0.));
#7275 = VECTOR('',#7276,1.);
#7276 = DIRECTION('',(-1.,0.,0.));
#7277 = ORIENTED_EDGE('',*,*,#7255,.F.);
#7278 = ORIENTED_EDGE('',*,*,#7183,.T.);
#7279 = ORIENTED_EDGE('',*,*,#7097,.F.);
#7280 = ORIENTED_EDGE('',*,*,#6970,.F.);
#7281 = PLANE('',#7282);
#7282 = AXIS2_PLACEMENT_3D('',#7283,#7284,#7285);
#7283 = CARTESIAN_POINT('',(-4.32E-15,-175.,75.422801216268));
#7284 = DIRECTION('',(-0.,-1.,-0.));
#7285 = DIRECTION('',(0.,0.,-1.));
#7286 = ADVANCED_FACE('',(#7287),#7297,.T.);
#7287 = FACE_BOUND('',#7288,.T.);
#7288 = EDGE_LOOP('',(#7289,#7290,#7291,#7292,#7293,#7294,#7295,#7296));
#7289 = ORIENTED_EDGE('',*,*,#7009,.F.);
#7290 = ORIENTED_EDGE('',*,*,#7057,.T.);
#7291 = ORIENTED_EDGE('',*,*,#7073,.F.);
#7292 = ORIENTED_EDGE('',*,*,#7205,.F.);
#7293 = ORIENTED_EDGE('',*,*,#7247,.T.);
#7294 = ORIENTED_EDGE('',*,*,#7272,.T.);
#7295 = ORIENTED_EDGE('',*,*,#7230,.T.);
#7296 = ORIENTED_EDGE('',*,*,#7112,.F.);
#7297 = PLANE('',#7298);
#7298 = AXIS2_PLACEMENT_3D('',#7299,#7300,#7301);
#7299 = CARTESIAN_POINT('',(7.8E-16,-116.3991090691,0.));
#7300 = DIRECTION('',(-0.,-0.,-1.));
#7301 = DIRECTION('',(-1.,0.,0.));
#7302 = ( GEOMETRIC_REPRESENTATION_CONTEXT(3) 
GLOBAL_UNCERTAINTY_ASSIGNED_CONTEXT((#7306)) 
GLOBAL_UNIT_ASSIGNED_CONTEXT((#7303,#7304,#7305)) REPRESENTATION_CONTEXT
('Context #1','3D Context with UNIT and UNCERTAINTY') );
#7303 = ( LENGTH_UNIT() NAMED_UNIT(*) SI_UNIT(.MILLI.,.METRE.) );
#7304 = ( NAMED_UNIT(*) PLANE_ANGLE_UNIT() SI_UNIT($,.RADIAN.) );
#7305 = ( NAMED_UNIT(*) SI_UNIT($,.STERADIAN.) SOLID_ANGLE_UNIT() );
#7306 = UNCERTAINTY_MEASURE_WITH_UNIT(LENGTH_MEASURE(2.E-07),#7303,
  'distance_accuracy_value','confusion accuracy');
#7307 = CONTEXT_DEPENDENT_SHAPE_REPRESENTATION(#7308,#7310);
#7308 = ( REPRESENTATION_RELATIONSHIP('','',#6953,#3023) 
REPRESENTATION_RELATIONSHIP_WITH_TRANSFORMATION(#7309) 
SHAPE_REPRESENTATION_RELATIONSHIP() );
#7309 = ITEM_DEFINED_TRANSFORMATION('','',#11,#3044);
#7310 = PRODUCT_DEFINITION_SHAPE('Placement','Placement of an item',
  #7311);
#7311 = NEXT_ASSEMBLY_USAGE_OCCURRENCE('12','caixa_parafusos_inferior',
  '',#3018,#6948,$);
#7312 = CC_DESIGN_SECURITY_CLASSIFICATION(#7313,(#7311));
#7313 = SECURITY_CLASSIFICATION('','',#55);
#7314 = CC_DESIGN_PERSON_AND_ORGANIZATION_ASSIGNMENT(#44,#53,(#7313));
#7315 = CC_DESIGN_DATE_AND_TIME_ASSIGNMENT(#58,#64,(#7313));
#7316 = CC_DESIGN_APPROVAL(#66,(#7313));
#7317 = PRODUCT_RELATED_PRODUCT_CATEGORY('detail',$,(#6950));
#7318 = PRODUCT_CATEGORY_RELATIONSHIP('','',#7319,#7317);
#7319 = PRODUCT_CATEGORY('part',$);
#7320 = CC_DESIGN_PERSON_AND_ORGANIZATION_ASSIGNMENT(#44,#47,(#6949,
    #6948));
#7321 = CC_DESIGN_PERSON_AND_ORGANIZATION_ASSIGNMENT(#44,#49,(#6950));
#7322 = CC_DESIGN_PERSON_AND_ORGANIZATION_ASSIGNMENT(#44,#51,(#6949));
#7323 = CC_DESIGN_PERSON_AND_ORGANIZATION_ASSIGNMENT(#44,#53,(#7324));
#7324 = SECURITY_CLASSIFICATION('','',#55);
#7325 = CC_DESIGN_SECURITY_CLASSIFICATION(#7324,(#6949));
#7326 = CC_DESIGN_DATE_AND_TIME_ASSIGNMENT(#58,#62,(#6948));
#7327 = CC_DESIGN_DATE_AND_TIME_ASSIGNMENT(#58,#64,(#7324));
#7328 = CC_DESIGN_APPROVAL(#66,(#6949,#6948,#7324));
#7329 = SHAPE_DEFINITION_REPRESENTATION(#7330,#7336);
#7330 = PRODUCT_DEFINITION_SHAPE('','',#7331);
#7331 = PRODUCT_DEFINITION('design','',#7332,#7335);
#7332 = PRODUCT_DEFINITION_FORMATION_WITH_SPECIFIED_SOURCE('','',#7333,
  .NOT_KNOWN.);
#7333 = PRODUCT('caixa_parafusos_superior','caixa_parafusos_superior',''
  ,(#7334));
#7334 = MECHANICAL_CONTEXT('',#2,'mechanical');
#7335 = DESIGN_CONTEXT('',#2,'design');
#7336 = ADVANCED_BREP_SHAPE_REPRESENTATION('',(#11,#7337),#7685);
#7337 = MANIFOLD_SOLID_BREP('',#7338);
#7338 = CLOSED_SHELL('',(#7339,#7379,#7426,#7450,#7490,#7521,#7545,#7576
    ,#7600,#7624,#7648,#7669));
#7339 = ADVANCED_FACE('',(#7340),#7374,.F.);
#7340 = FACE_BOUND('',#7341,.F.);
#7341 = EDGE_LOOP('',(#7342,#7352,#7360,#7368));
#7342 = ORIENTED_EDGE('',*,*,#7343,.F.);
#7343 = EDGE_CURVE('',#7344,#7346,#7348,.T.);
#7344 = VERTEX_POINT('',#7345);
#7345 = CARTESIAN_POINT('',(-165.48,-175.,1.151E+04));
#7346 = VERTEX_POINT('',#7347);
#7347 = CARTESIAN_POINT('',(-165.48,-102.2999999999,1.151E+04));
#7348 = LINE('',#7349,#7350);
#7349 = CARTESIAN_POINT('',(-165.48,-175.,1.151E+04));
#7350 = VECTOR('',#7351,1.);
#7351 = DIRECTION('',(0.,1.,0.));
#7352 = ORIENTED_EDGE('',*,*,#7353,.T.);
#7353 = EDGE_CURVE('',#7344,#7354,#7356,.T.);
#7354 = VERTEX_POINT('',#7355);
#7355 = CARTESIAN_POINT('',(165.48,-175.,1.151E+04));
#7356 = LINE('',#7357,#7358);
#7357 = CARTESIAN_POINT('',(-165.48,-175.,1.151E+04));
#7358 = VECTOR('',#7359,1.);
#7359 = DIRECTION('',(1.,0.,0.));
#7360 = ORIENTED_EDGE('',*,*,#7361,.F.);
#7361 = EDGE_CURVE('',#7362,#7354,#7364,.T.);
#7362 = VERTEX_POINT('',#7363);
#7363 = CARTESIAN_POINT('',(165.48,-102.2999999999,1.151E+04));
#7364 = LINE('',#7365,#7366);
#7365 = CARTESIAN_POINT('',(165.48,-87.67147153138,1.151E+04));
#7366 = VECTOR('',#7367,1.);
#7367 = DIRECTION('',(0.,-1.,0.));
#7368 = ORIENTED_EDGE('',*,*,#7369,.F.);
#7369 = EDGE_CURVE('',#7346,#7362,#7370,.T.);
#7370 = LINE('',#7371,#7372);
#7371 = CARTESIAN_POINT('',(-165.48,-102.2999999999,1.151E+04));
#7372 = VECTOR('',#7373,1.);
#7373 = DIRECTION('',(1.,0.,0.));
#7374 = PLANE('',#7375);
#7375 = AXIS2_PLACEMENT_3D('',#7376,#7377,#7378);
#7376 = CARTESIAN_POINT('',(-165.48,-175.,1.151E+04));
#7377 = DIRECTION('',(0.,0.,1.));
#7378 = DIRECTION('',(0.,1.,0.));
#7379 = ADVANCED_FACE('',(#7380),#7421,.F.);
#7380 = FACE_BOUND('',#7381,.F.);
#7381 = EDGE_LOOP('',(#7382,#7383,#7391,#7399,#7407,#7415));
#7382 = ORIENTED_EDGE('',*,*,#7343,.T.);
#7383 = ORIENTED_EDGE('',*,*,#7384,.T.);
#7384 = EDGE_CURVE('',#7346,#7385,#7387,.T.);
#7385 = VERTEX_POINT('',#7386);
#7386 = CARTESIAN_POINT('',(-165.48,-102.2999999999,1.16E+04));
#7387 = LINE('',#7388,#7389);
#7388 = CARTESIAN_POINT('',(-165.48,-102.2999999999,1.151E+04));
#7389 = VECTOR('',#7390,1.);
#7390 = DIRECTION('',(0.,0.,1.));
#7391 = ORIENTED_EDGE('',*,*,#7392,.T.);
#7392 = EDGE_CURVE('',#7385,#7393,#7395,.T.);
#7393 = VERTEX_POINT('',#7394);
#7394 = CARTESIAN_POINT('',(-165.48,-114.9999999999,1.16E+04));
#7395 = LINE('',#7396,#7397);
#7396 = CARTESIAN_POINT('',(-165.48,-102.2999999999,1.16E+04));
#7397 = VECTOR('',#7398,1.);
#7398 = DIRECTION('',(0.,-1.,0.));
#7399 = ORIENTED_EDGE('',*,*,#7400,.T.);
#7400 = EDGE_CURVE('',#7393,#7401,#7403,.T.);
#7401 = VERTEX_POINT('',#7402);
#7402 = CARTESIAN_POINT('',(-165.48,-114.9999999999,1.15227E+04));
#7403 = LINE('',#7404,#7405);
#7404 = CARTESIAN_POINT('',(-165.48,-114.9999999999,1.16E+04));
#7405 = VECTOR('',#7406,1.);
#7406 = DIRECTION('',(0.,0.,-1.));
#7407 = ORIENTED_EDGE('',*,*,#7408,.T.);
#7408 = EDGE_CURVE('',#7401,#7409,#7411,.T.);
#7409 = VERTEX_POINT('',#7410);
#7410 = CARTESIAN_POINT('',(-165.48,-174.9999999999,1.15227E+04));
#7411 = LINE('',#7412,#7413);
#7412 = CARTESIAN_POINT('',(-165.48,-114.9999999999,1.15227E+04));
#7413 = VECTOR('',#7414,1.);
#7414 = DIRECTION('',(0.,-1.,0.));
#7415 = ORIENTED_EDGE('',*,*,#7416,.T.);
#7416 = EDGE_CURVE('',#7409,#7344,#7417,.T.);
#7417 = LINE('',#7418,#7419);
#7418 = CARTESIAN_POINT('',(-165.48,-174.9999999999,1.15227E+04));
#7419 = VECTOR('',#7420,1.);
#7420 = DIRECTION('',(0.,-7.833E-14,-1.));
#7421 = PLANE('',#7422);
#7422 = AXIS2_PLACEMENT_3D('',#7423,#7424,#7425);
#7423 = CARTESIAN_POINT('',(-165.48,-124.3967732022,1.15407467732E+04));
#7424 = DIRECTION('',(1.,0.,0.));
#7425 = DIRECTION('',(0.,0.,1.));
#7426 = ADVANCED_FACE('',(#7427),#7445,.F.);
#7427 = FACE_BOUND('',#7428,.F.);
#7428 = EDGE_LOOP('',(#7429,#7430,#7431,#7439));
#7429 = ORIENTED_EDGE('',*,*,#7384,.F.);
#7430 = ORIENTED_EDGE('',*,*,#7369,.T.);
#7431 = ORIENTED_EDGE('',*,*,#7432,.F.);
#7432 = EDGE_CURVE('',#7433,#7362,#7435,.T.);
#7433 = VERTEX_POINT('',#7434);
#7434 = CARTESIAN_POINT('',(165.48,-102.2999999999,1.16E+04));
#7435 = LINE('',#7436,#7437);
#7436 = CARTESIAN_POINT('',(165.48,-102.2999999999,8.655E+03));
#7437 = VECTOR('',#7438,1.);
#7438 = DIRECTION('',(0.,0.,-1.));
#7439 = ORIENTED_EDGE('',*,*,#7440,.F.);
#7440 = EDGE_CURVE('',#7385,#7433,#7441,.T.);
#7441 = LINE('',#7442,#7443);
#7442 = CARTESIAN_POINT('',(-165.48,-102.2999999999,1.16E+04));
#7443 = VECTOR('',#7444,1.);
#7444 = DIRECTION('',(1.,0.,0.));
#7445 = PLANE('',#7446);
#7446 = AXIS2_PLACEMENT_3D('',#7447,#7448,#7449);
#7447 = CARTESIAN_POINT('',(-165.48,-102.2999999999,1.151E+04));
#7448 = DIRECTION('',(0.,-1.,0.));
#7449 = DIRECTION('',(0.,0.,1.));
#7450 = ADVANCED_FACE('',(#7451),#7485,.F.);
#7451 = FACE_BOUND('',#7452,.F.);
#7452 = EDGE_LOOP('',(#7453,#7454,#7455,#7463,#7471,#7479));
#7453 = ORIENTED_EDGE('',*,*,#7432,.T.);
#7454 = ORIENTED_EDGE('',*,*,#7361,.T.);
#7455 = ORIENTED_EDGE('',*,*,#7456,.T.);
#7456 = EDGE_CURVE('',#7354,#7457,#7459,.T.);
#7457 = VERTEX_POINT('',#7458);
#7458 = CARTESIAN_POINT('',(165.48,-174.9999999999,1.15227E+04));
#7459 = LINE('',#7460,#7461);
#7460 = CARTESIAN_POINT('',(165.48,-175.0000000002,8.66135E+03));
#7461 = VECTOR('',#7462,1.);
#7462 = DIRECTION('',(0.,7.833E-14,1.));
#7463 = ORIENTED_EDGE('',*,*,#7464,.T.);
#7464 = EDGE_CURVE('',#7457,#7465,#7467,.T.);
#7465 = VERTEX_POINT('',#7466);
#7466 = CARTESIAN_POINT('',(165.48,-114.9999999999,1.15227E+04));
#7467 = LINE('',#7468,#7469);
#7468 = CARTESIAN_POINT('',(165.48,-57.67147153138,1.15227E+04));
#7469 = VECTOR('',#7470,1.);
#7470 = DIRECTION('',(0.,1.,0.));
#7471 = ORIENTED_EDGE('',*,*,#7472,.T.);
#7472 = EDGE_CURVE('',#7465,#7473,#7475,.T.);
#7473 = VERTEX_POINT('',#7474);
#7474 = CARTESIAN_POINT('',(165.48,-114.9999999999,1.16E+04));
#7475 = LINE('',#7476,#7477);
#7476 = CARTESIAN_POINT('',(165.48,-114.9999999999,8.7E+03));
#7477 = VECTOR('',#7478,1.);
#7478 = DIRECTION('',(0.,0.,1.));
#7479 = ORIENTED_EDGE('',*,*,#7480,.T.);
#7480 = EDGE_CURVE('',#7473,#7433,#7481,.T.);
#7481 = LINE('',#7482,#7483);
#7482 = CARTESIAN_POINT('',(165.48,-51.32147153138,1.16E+04));
#7483 = VECTOR('',#7484,1.);
#7484 = DIRECTION('',(0.,1.,0.));
#7485 = PLANE('',#7486);
#7486 = AXIS2_PLACEMENT_3D('',#7487,#7488,#7489);
#7487 = CARTESIAN_POINT('',(165.48,-0.342943062761,5.8E+03));
#7488 = DIRECTION('',(-1.,-0.,-0.));
#7489 = DIRECTION('',(0.,0.,-1.));
#7490 = ADVANCED_FACE('',(#7491),#7516,.F.);
#7491 = FACE_BOUND('',#7492,.F.);
#7492 = EDGE_LOOP('',(#7493,#7494,#7502,#7510));
#7493 = ORIENTED_EDGE('',*,*,#7400,.F.);
#7494 = ORIENTED_EDGE('',*,*,#7495,.T.);
#7495 = EDGE_CURVE('',#7393,#7496,#7498,.T.);
#7496 = VERTEX_POINT('',#7497);
#7497 = CARTESIAN_POINT('',(-6.35,-114.9999999999,1.16E+04));
#7498 = LINE('',#7499,#7500);
#7499 = CARTESIAN_POINT('',(-165.48,-114.9999999999,1.16E+04));
#7500 = VECTOR('',#7501,1.);
#7501 = DIRECTION('',(1.,0.,0.));
#7502 = ORIENTED_EDGE('',*,*,#7503,.F.);
#7503 = EDGE_CURVE('',#7504,#7496,#7506,.T.);
#7504 = VERTEX_POINT('',#7505);
#7505 = CARTESIAN_POINT('',(-6.35,-114.9999999999,1.15227E+04));
#7506 = LINE('',#7507,#7508);
#7507 = CARTESIAN_POINT('',(-6.35,-114.9999999999,1.15227E+04));
#7508 = VECTOR('',#7509,1.);
#7509 = DIRECTION('',(0.,0.,1.));
#7510 = ORIENTED_EDGE('',*,*,#7511,.F.);
#7511 = EDGE_CURVE('',#7401,#7504,#7512,.T.);
#7512 = LINE('',#7513,#7514);
#7513 = CARTESIAN_POINT('',(-165.48,-114.9999999999,1.15227E+04));
#7514 = VECTOR('',#7515,1.);
#7515 = DIRECTION('',(1.,0.,0.));
#7516 = PLANE('',#7517);
#7517 = AXIS2_PLACEMENT_3D('',#7518,#7519,#7520);
#7518 = CARTESIAN_POINT('',(-165.48,-114.9999999999,1.16E+04));
#7519 = DIRECTION('',(0.,1.,0.));
#7520 = DIRECTION('',(0.,0.,-1.));
#7521 = ADVANCED_FACE('',(#7522),#7540,.F.);
#7522 = FACE_BOUND('',#7523,.F.);
#7523 = EDGE_LOOP('',(#7524,#7525,#7526,#7534));
#7524 = ORIENTED_EDGE('',*,*,#7408,.F.);
#7525 = ORIENTED_EDGE('',*,*,#7511,.T.);
#7526 = ORIENTED_EDGE('',*,*,#7527,.T.);
#7527 = EDGE_CURVE('',#7504,#7528,#7530,.T.);
#7528 = VERTEX_POINT('',#7529);
#7529 = CARTESIAN_POINT('',(-6.35,-174.9999999999,1.15227E+04));
#7530 = LINE('',#7531,#7532);
#7531 = CARTESIAN_POINT('',(-6.35,-114.9999999999,1.15227E+04));
#7532 = VECTOR('',#7533,1.);
#7533 = DIRECTION('',(0.,-1.,0.));
#7534 = ORIENTED_EDGE('',*,*,#7535,.F.);
#7535 = EDGE_CURVE('',#7409,#7528,#7536,.T.);
#7536 = LINE('',#7537,#7538);
#7537 = CARTESIAN_POINT('',(-165.48,-174.9999999999,1.15227E+04));
#7538 = VECTOR('',#7539,1.);
#7539 = DIRECTION('',(1.,0.,0.));
#7540 = PLANE('',#7541);
#7541 = AXIS2_PLACEMENT_3D('',#7542,#7543,#7544);
#7542 = CARTESIAN_POINT('',(-165.48,-114.9999999999,1.15227E+04));
#7543 = DIRECTION('',(0.,0.,-1.));
#7544 = DIRECTION('',(0.,-1.,0.));
#7545 = ADVANCED_FACE('',(#7546),#7571,.F.);
#7546 = FACE_BOUND('',#7547,.F.);
#7547 = EDGE_LOOP('',(#7548,#7558,#7564,#7565));
#7548 = ORIENTED_EDGE('',*,*,#7549,.T.);
#7549 = EDGE_CURVE('',#7550,#7552,#7554,.T.);
#7550 = VERTEX_POINT('',#7551);
#7551 = CARTESIAN_POINT('',(6.35,-114.9999999999,1.15227E+04));
#7552 = VERTEX_POINT('',#7553);
#7553 = CARTESIAN_POINT('',(6.35,-114.9999999999,1.16E+04));
#7554 = LINE('',#7555,#7556);
#7555 = CARTESIAN_POINT('',(6.35,-114.9999999999,1.15227E+04));
#7556 = VECTOR('',#7557,1.);
#7557 = DIRECTION('',(0.,0.,1.));
#7558 = ORIENTED_EDGE('',*,*,#7559,.T.);
#7559 = EDGE_CURVE('',#7552,#7473,#7560,.T.);
#7560 = LINE('',#7561,#7562);
#7561 = CARTESIAN_POINT('',(-165.48,-114.9999999999,1.16E+04));
#7562 = VECTOR('',#7563,1.);
#7563 = DIRECTION('',(1.,0.,0.));
#7564 = ORIENTED_EDGE('',*,*,#7472,.F.);
#7565 = ORIENTED_EDGE('',*,*,#7566,.F.);
#7566 = EDGE_CURVE('',#7550,#7465,#7567,.T.);
#7567 = LINE('',#7568,#7569);
#7568 = CARTESIAN_POINT('',(-165.48,-114.9999999999,1.15227E+04));
#7569 = VECTOR('',#7570,1.);
#7570 = DIRECTION('',(1.,0.,0.));
#7571 = PLANE('',#7572);
#7572 = AXIS2_PLACEMENT_3D('',#7573,#7574,#7575);
#7573 = CARTESIAN_POINT('',(-165.48,-114.9999999999,1.16E+04));
#7574 = DIRECTION('',(0.,1.,0.));
#7575 = DIRECTION('',(0.,0.,-1.));
#7576 = ADVANCED_FACE('',(#7577),#7595,.F.);
#7577 = FACE_BOUND('',#7578,.F.);
#7578 = EDGE_LOOP('',(#7579,#7587,#7588,#7589));
#7579 = ORIENTED_EDGE('',*,*,#7580,.T.);
#7580 = EDGE_CURVE('',#7581,#7550,#7583,.T.);
#7581 = VERTEX_POINT('',#7582);
#7582 = CARTESIAN_POINT('',(6.35,-174.9999999999,1.15227E+04));
#7583 = LINE('',#7584,#7585);
#7584 = CARTESIAN_POINT('',(6.35,-174.9999999999,1.15227E+04));
#7585 = VECTOR('',#7586,1.);
#7586 = DIRECTION('',(0.,1.,0.));
#7587 = ORIENTED_EDGE('',*,*,#7566,.T.);
#7588 = ORIENTED_EDGE('',*,*,#7464,.F.);
#7589 = ORIENTED_EDGE('',*,*,#7590,.F.);
#7590 = EDGE_CURVE('',#7581,#7457,#7591,.T.);
#7591 = LINE('',#7592,#7593);
#7592 = CARTESIAN_POINT('',(-165.48,-174.9999999999,1.15227E+04));
#7593 = VECTOR('',#7594,1.);
#7594 = DIRECTION('',(1.,0.,0.));
#7595 = PLANE('',#7596);
#7596 = AXIS2_PLACEMENT_3D('',#7597,#7598,#7599);
#7597 = CARTESIAN_POINT('',(-165.48,-114.9999999999,1.15227E+04));
#7598 = DIRECTION('',(0.,0.,-1.));
#7599 = DIRECTION('',(0.,-1.,0.));
#7600 = ADVANCED_FACE('',(#7601),#7619,.F.);
#7601 = FACE_BOUND('',#7602,.F.);
#7602 = EDGE_LOOP('',(#7603,#7604,#7605,#7613));
#7603 = ORIENTED_EDGE('',*,*,#7527,.F.);
#7604 = ORIENTED_EDGE('',*,*,#7503,.T.);
#7605 = ORIENTED_EDGE('',*,*,#7606,.F.);
#7606 = EDGE_CURVE('',#7607,#7496,#7609,.T.);
#7607 = VERTEX_POINT('',#7608);
#7608 = CARTESIAN_POINT('',(-6.35,-174.9999999999,1.16E+04));
#7609 = LINE('',#7610,#7611);
#7610 = CARTESIAN_POINT('',(-6.35,-108.6499999999,1.16E+04));
#7611 = VECTOR('',#7612,1.);
#7612 = DIRECTION('',(0.,1.,0.));
#7613 = ORIENTED_EDGE('',*,*,#7614,.F.);
#7614 = EDGE_CURVE('',#7528,#7607,#7615,.T.);
#7615 = LINE('',#7616,#7617);
#7616 = CARTESIAN_POINT('',(-6.35,-174.9999999999,1.15227E+04));
#7617 = VECTOR('',#7618,1.);
#7618 = DIRECTION('',(0.,0.,1.));
#7619 = PLANE('',#7620);
#7620 = AXIS2_PLACEMENT_3D('',#7621,#7622,#7623);
#7621 = CARTESIAN_POINT('',(-6.35,-114.9999999999,1.15227E+04));
#7622 = DIRECTION('',(1.,0.,0.));
#7623 = DIRECTION('',(0.,-1.,0.));
#7624 = ADVANCED_FACE('',(#7625),#7643,.F.);
#7625 = FACE_BOUND('',#7626,.F.);
#7626 = EDGE_LOOP('',(#7627,#7628,#7636,#7642));
#7627 = ORIENTED_EDGE('',*,*,#7580,.F.);
#7628 = ORIENTED_EDGE('',*,*,#7629,.T.);
#7629 = EDGE_CURVE('',#7581,#7630,#7632,.T.);
#7630 = VERTEX_POINT('',#7631);
#7631 = CARTESIAN_POINT('',(6.35,-174.9999999999,1.16E+04));
#7632 = LINE('',#7633,#7634);
#7633 = CARTESIAN_POINT('',(6.35,-174.9999999999,1.15227E+04));
#7634 = VECTOR('',#7635,1.);
#7635 = DIRECTION('',(0.,0.,1.));
#7636 = ORIENTED_EDGE('',*,*,#7637,.F.);
#7637 = EDGE_CURVE('',#7552,#7630,#7638,.T.);
#7638 = LINE('',#7639,#7640);
#7639 = CARTESIAN_POINT('',(6.35,-138.6499999999,1.16E+04));
#7640 = VECTOR('',#7641,1.);
#7641 = DIRECTION('',(-0.,-1.,-0.));
#7642 = ORIENTED_EDGE('',*,*,#7549,.F.);
#7643 = PLANE('',#7644);
#7644 = AXIS2_PLACEMENT_3D('',#7645,#7646,#7647);
#7645 = CARTESIAN_POINT('',(6.35,-174.9999999999,1.15227E+04));
#7646 = DIRECTION('',(-1.,0.,0.));
#7647 = DIRECTION('',(0.,1.,0.));
#7648 = ADVANCED_FACE('',(#7649),#7664,.T.);
#7649 = FACE_BOUND('',#7650,.T.);
#7650 = EDGE_LOOP('',(#7651,#7652,#7653,#7654,#7655,#7656,#7662,#7663));
#7651 = ORIENTED_EDGE('',*,*,#7416,.T.);
#7652 = ORIENTED_EDGE('',*,*,#7353,.T.);
#7653 = ORIENTED_EDGE('',*,*,#7456,.T.);
#7654 = ORIENTED_EDGE('',*,*,#7590,.F.);
#7655 = ORIENTED_EDGE('',*,*,#7629,.T.);
#7656 = ORIENTED_EDGE('',*,*,#7657,.T.);
#7657 = EDGE_CURVE('',#7630,#7607,#7658,.T.);
#7658 = LINE('',#7659,#7660);
#7659 = CARTESIAN_POINT('',(-85.915,-174.9999999999,1.16E+04));
#7660 = VECTOR('',#7661,1.);
#7661 = DIRECTION('',(-1.,0.,0.));
#7662 = ORIENTED_EDGE('',*,*,#7614,.F.);
#7663 = ORIENTED_EDGE('',*,*,#7535,.F.);
#7664 = PLANE('',#7665);
#7665 = AXIS2_PLACEMENT_3D('',#7666,#7667,#7668);
#7666 = CARTESIAN_POINT('',(-1.42E-15,-174.9999999999,1.152577929257E+04
    ));
#7667 = DIRECTION('',(0.,-1.,9.21E-15));
#7668 = DIRECTION('',(0.,-9.21E-15,-1.));
#7669 = ADVANCED_FACE('',(#7670),#7680,.T.);
#7670 = FACE_BOUND('',#7671,.T.);
#7671 = EDGE_LOOP('',(#7672,#7673,#7674,#7675,#7676,#7677,#7678,#7679));
#7672 = ORIENTED_EDGE('',*,*,#7392,.T.);
#7673 = ORIENTED_EDGE('',*,*,#7495,.T.);
#7674 = ORIENTED_EDGE('',*,*,#7606,.F.);
#7675 = ORIENTED_EDGE('',*,*,#7657,.F.);
#7676 = ORIENTED_EDGE('',*,*,#7637,.F.);
#7677 = ORIENTED_EDGE('',*,*,#7559,.T.);
#7678 = ORIENTED_EDGE('',*,*,#7480,.T.);
#7679 = ORIENTED_EDGE('',*,*,#7440,.F.);
#7680 = PLANE('',#7681);
#7681 = AXIS2_PLACEMENT_3D('',#7682,#7683,#7684);
#7682 = CARTESIAN_POINT('',(0.,-114.9969256304,1.16E+04));
#7683 = DIRECTION('',(0.,0.,1.));
#7684 = DIRECTION('',(1.,0.,-0.));
#7685 = ( GEOMETRIC_REPRESENTATION_CONTEXT(3) 
GLOBAL_UNCERTAINTY_ASSIGNED_CONTEXT((#7689)) 
GLOBAL_UNIT_ASSIGNED_CONTEXT((#7686,#7687,#7688)) REPRESENTATION_CONTEXT
('Context #1','3D Context with UNIT and UNCERTAINTY') );
#7686 = ( LENGTH_UNIT() NAMED_UNIT(*) SI_UNIT(.MILLI.,.METRE.) );
#7687 = ( NAMED_UNIT(*) PLANE_ANGLE_UNIT() SI_UNIT($,.RADIAN.) );
#7688 = ( NAMED_UNIT(*) SI_UNIT($,.STERADIAN.) SOLID_ANGLE_UNIT() );
#7689 = UNCERTAINTY_MEASURE_WITH_UNIT(LENGTH_MEASURE(2.E-07),#7686,
  'distance_accuracy_value','confusion accuracy');
#7690 = CONTEXT_DEPENDENT_SHAPE_REPRESENTATION(#7691,#7693);
#7691 = ( REPRESENTATION_RELATIONSHIP('','',#7336,#3023) 
REPRESENTATION_RELATIONSHIP_WITH_TRANSFORMATION(#7692) 
SHAPE_REPRESENTATION_RELATIONSHIP() );
#7692 = ITEM_DEFINED_TRANSFORMATION('','',#11,#3048);
#7693 = PRODUCT_DEFINITION_SHAPE('Placement','Placement of an item',
  #7694);
#7694 = NEXT_ASSEMBLY_USAGE_OCCURRENCE('13','caixa_parafusos_superior',
  '',#3018,#7331,$);
#7695 = CC_DESIGN_SECURITY_CLASSIFICATION(#7696,(#7694));
#7696 = SECURITY_CLASSIFICATION('','',#55);
#7697 = CC_DESIGN_PERSON_AND_ORGANIZATION_ASSIGNMENT(#44,#53,(#7696));
#7698 = CC_DESIGN_DATE_AND_TIME_ASSIGNMENT(#58,#64,(#7696));
#7699 = CC_DESIGN_APPROVAL(#66,(#7696));
#7700 = PRODUCT_RELATED_PRODUCT_CATEGORY('detail',$,(#7333));
#7701 = PRODUCT_CATEGORY_RELATIONSHIP('','',#7702,#7700);
#7702 = PRODUCT_CATEGORY('part',$);
#7703 = CC_DESIGN_PERSON_AND_ORGANIZATION_ASSIGNMENT(#44,#47,(#7332,
    #7331));
#7704 = CC_DESIGN_PERSON_AND_ORGANIZATION_ASSIGNMENT(#44,#49,(#7333));
#7705 = CC_DESIGN_PERSON_AND_ORGANIZATION_ASSIGNMENT(#44,#51,(#7332));
#7706 = CC_DESIGN_PERSON_AND_ORGANIZATION_ASSIGNMENT(#44,#53,(#7707));
#7707 = SECURITY_CLASSIFICATION('','',#55);
#7708 = CC_DESIGN_SECURITY_CLASSIFICATION(#7707,(#7332));
#7709 = CC_DESIGN_DATE_AND_TIME_ASSIGNMENT(#58,#62,(#7331));
#7710 = CC_DESIGN_DATE_AND_TIME_ASSIGNMENT(#58,#64,(#7707));
#7711 = CC_DESIGN_APPROVAL(#66,(#7332,#7331,#7707));
#7712 = SHAPE_DEFINITION_REPRESENTATION(#7713,#7719);
#7713 = PRODUCT_DEFINITION_SHAPE('','',#7714);
#7714 = PRODUCT_DEFINITION('design','',#7715,#7718);
#7715 = PRODUCT_DEFINITION_FORMATION_WITH_SPECIFIED_SOURCE('','',#7716,
  .NOT_KNOWN.);
#7716 = PRODUCT('torre_meio','torre_meio','',(#7717));
#7717 = MECHANICAL_CONTEXT('',#2,'mechanical');
#7718 = DESIGN_CONTEXT('',#2,'design');
#7719 = SHAPE_REPRESENTATION('',(#11,#7720,#7724,#7728,#7732,#7736,#7740
    ,#7744,#7748),#7752);
#7720 = AXIS2_PLACEMENT_3D('',#7721,#7722,#7723);
#7721 = CARTESIAN_POINT('',(0.,0.,0.));
#7722 = DIRECTION('',(0.,0.,1.));
#7723 = DIRECTION('',(1.,0.,0.));
#7724 = AXIS2_PLACEMENT_3D('',#7725,#7726,#7727);
#7725 = CARTESIAN_POINT('',(0.,0.,0.));
#7726 = DIRECTION('',(0.,0.,1.));
#7727 = DIRECTION('',(1.,0.,0.));
#7728 = AXIS2_PLACEMENT_3D('',#7729,#7730,#7731);
#7729 = CARTESIAN_POINT('',(0.,0.,0.));
#7730 = DIRECTION('',(0.,0.,1.));
#7731 = DIRECTION('',(1.,0.,0.));
#7732 = AXIS2_PLACEMENT_3D('',#7733,#7734,#7735);
#7733 = CARTESIAN_POINT('',(0.,0.,0.));
#7734 = DIRECTION('',(0.,0.,1.));
#7735 = DIRECTION('',(1.,0.,0.));
#7736 = AXIS2_PLACEMENT_3D('',#7737,#7738,#7739);
#7737 = CARTESIAN_POINT('',(0.,0.,0.));
#7738 = DIRECTION('',(0.,0.,1.));
#7739 = DIRECTION('',(1.,0.,0.));
#7740 = AXIS2_PLACEMENT_3D('',#7741,#7742,#7743);
#7741 = CARTESIAN_POINT('',(0.,0.,0.));
#7742 = DIRECTION('',(0.,0.,1.));
#7743 = DIRECTION('',(1.,0.,0.));
#7744 = AXIS2_PLACEMENT_3D('',#7745,#7746,#7747);
#7745 = CARTESIAN_POINT('',(0.,0.,0.));
#7746 = DIRECTION('',(0.,0.,1.));
#7747 = DIRECTION('',(1.,0.,0.));
#7748 = AXIS2_PLACEMENT_3D('',#7749,#7750,#7751);
#7749 = CARTESIAN_POINT('',(0.,0.,0.));
#7750 = DIRECTION('',(0.,0.,1.));
#7751 = DIRECTION('',(1.,0.,0.));
#7752 = ( GEOMETRIC_REPRESENTATION_CONTEXT(3) 
GLOBAL_UNCERTAINTY_ASSIGNED_CONTEXT((#7756)) 
GLOBAL_UNIT_ASSIGNED_CONTEXT((#7753,#7754,#7755)) REPRESENTATION_CONTEXT
('Context #1','3D Context with UNIT and UNCERTAINTY') );
#7753 = ( LENGTH_UNIT() NAMED_UNIT(*) SI_UNIT(.MILLI.,.METRE.) );
#7754 = ( NAMED_UNIT(*) PLANE_ANGLE_UNIT() SI_UNIT($,.RADIAN.) );
#7755 = ( NAMED_UNIT(*) SI_UNIT($,.STERADIAN.) SOLID_ANGLE_UNIT() );
#7756 = UNCERTAINTY_MEASURE_WITH_UNIT(LENGTH_MEASURE(1.E-04),#7753,
  'distance_accuracy_value','confusion accuracy');
#7757 = CONTEXT_DEPENDENT_SHAPE_REPRESENTATION(#7758,#7760);
#7758 = ( REPRESENTATION_RELATIONSHIP('','',#7719,#10) 
REPRESENTATION_RELATIONSHIP_WITH_TRANSFORMATION(#7759) 
SHAPE_REPRESENTATION_RELATIONSHIP() );
#7759 = ITEM_DEFINED_TRANSFORMATION('','',#11,#23);
#7760 = PRODUCT_DEFINITION_SHAPE('Placement','Placement of an item',
  #7761);
#7761 = NEXT_ASSEMBLY_USAGE_OCCURRENCE('23','torre_meio','',#5,#7714,$);
#7762 = CC_DESIGN_SECURITY_CLASSIFICATION(#7763,(#7761));
#7763 = SECURITY_CLASSIFICATION('','',#55);
#7764 = CC_DESIGN_PERSON_AND_ORGANIZATION_ASSIGNMENT(#44,#53,(#7763));
#7765 = CC_DESIGN_DATE_AND_TIME_ASSIGNMENT(#58,#64,(#7763));
#7766 = CC_DESIGN_APPROVAL(#66,(#7763));
#7767 = PRODUCT_RELATED_PRODUCT_CATEGORY('detail',$,(#7716));
#7768 = PRODUCT_CATEGORY_RELATIONSHIP('','',#7769,#7767);
#7769 = PRODUCT_CATEGORY('part',$);
#7770 = CC_DESIGN_PERSON_AND_ORGANIZATION_ASSIGNMENT(#44,#47,(#7715,
    #7714));
#7771 = CC_DESIGN_PERSON_AND_ORGANIZATION_ASSIGNMENT(#44,#49,(#7716));
#7772 = CC_DESIGN_PERSON_AND_ORGANIZATION_ASSIGNMENT(#44,#51,(#7715));
#7773 = CC_DESIGN_PERSON_AND_ORGANIZATION_ASSIGNMENT(#44,#53,(#7774));
#7774 = SECURITY_CLASSIFICATION('','',#55);
#7775 = CC_DESIGN_SECURITY_CLASSIFICATION(#7774,(#7715));
#7776 = CC_DESIGN_DATE_AND_TIME_ASSIGNMENT(#58,#62,(#7714));
#7777 = CC_DESIGN_DATE_AND_TIME_ASSIGNMENT(#58,#64,(#7774));
#7778 = CC_DESIGN_APPROVAL(#66,(#7715,#7714,#7774));
#7779 = SHAPE_DEFINITION_REPRESENTATION(#7780,#7786);
#7780 = PRODUCT_DEFINITION_SHAPE('','',#7781);
#7781 = PRODUCT_DEFINITION('design','',#7782,#7785);
#7782 = PRODUCT_DEFINITION_FORMATION_WITH_SPECIFIED_SOURCE('','',#7783,
  .NOT_KNOWN.);
#7783 = PRODUCT('corpo','corpo','',(#7784));
#7784 = MECHANICAL_CONTEXT('',#2,'mechanical');
#7785 = DESIGN_CONTEXT('',#2,'design');
#7786 = ADVANCED_BREP_SHAPE_REPRESENTATION('',(#11,#7787),#8185);
#7787 = MANIFOLD_SOLID_BREP('',#7788);
#7788 = CLOSED_SHELL('',(#7789,#7861,#7924,#7955,#8009,#8026,#8075,#8097
    ,#8109,#8139,#8156,#8173));
#7789 = ADVANCED_FACE('',(#7790),#7856,.T.);
#7790 = FACE_BOUND('',#7791,.T.);
#7791 = EDGE_LOOP('',(#7792,#7802,#7810,#7818,#7826,#7834,#7842,#7850));
#7792 = ORIENTED_EDGE('',*,*,#7793,.T.);
#7793 = EDGE_CURVE('',#7794,#7796,#7798,.T.);
#7794 = VERTEX_POINT('',#7795);
#7795 = CARTESIAN_POINT('',(165.48,-175.,0.));
#7796 = VERTEX_POINT('',#7797);
#7797 = CARTESIAN_POINT('',(165.48,-175.,90.));
#7798 = LINE('',#7799,#7800);
#7799 = CARTESIAN_POINT('',(165.48,-175.,0.));
#7800 = VECTOR('',#7801,1.);
#7801 = DIRECTION('',(0.,0.,1.));
#7802 = ORIENTED_EDGE('',*,*,#7803,.T.);
#7803 = EDGE_CURVE('',#7796,#7804,#7806,.T.);
#7804 = VERTEX_POINT('',#7805);
#7805 = CARTESIAN_POINT('',(165.48,-165.48,90.));
#7806 = LINE('',#7807,#7808);
#7807 = CARTESIAN_POINT('',(165.48,-175.,90.));
#7808 = VECTOR('',#7809,1.);
#7809 = DIRECTION('',(0.,1.,-2.2E-16));
#7810 = ORIENTED_EDGE('',*,*,#7811,.T.);
#7811 = EDGE_CURVE('',#7804,#7812,#7814,.T.);
#7812 = VERTEX_POINT('',#7813);
#7813 = CARTESIAN_POINT('',(165.48,-165.48,3.91E+03));
#7814 = LINE('',#7815,#7816);
#7815 = CARTESIAN_POINT('',(165.48,-165.48,0.));
#7816 = VECTOR('',#7817,1.);
#7817 = DIRECTION('',(0.,0.,1.));
#7818 = ORIENTED_EDGE('',*,*,#7819,.F.);
#7819 = EDGE_CURVE('',#7820,#7812,#7822,.T.);
#7820 = VERTEX_POINT('',#7821);
#7821 = CARTESIAN_POINT('',(165.47999999999,-174.9999999999,3.91E+03));
#7822 = LINE('',#7823,#7824);
#7823 = CARTESIAN_POINT('',(165.47999999999,-174.9999999999,3.91E+03));
#7824 = VECTOR('',#7825,1.);
#7825 = DIRECTION('',(0.,1.,-2.2E-16));
#7826 = ORIENTED_EDGE('',*,*,#7827,.T.);
#7827 = EDGE_CURVE('',#7820,#7828,#7830,.T.);
#7828 = VERTEX_POINT('',#7829);
#7829 = CARTESIAN_POINT('',(165.47999999999,-174.9999999999,4.E+03));
#7830 = LINE('',#7831,#7832);
#7831 = CARTESIAN_POINT('',(165.47999999999,-175.,3.91E+03));
#7832 = VECTOR('',#7833,1.);
#7833 = DIRECTION('',(0.,0.,1.));
#7834 = ORIENTED_EDGE('',*,*,#7835,.T.);
#7835 = EDGE_CURVE('',#7828,#7836,#7838,.T.);
#7836 = VERTEX_POINT('',#7837);
#7837 = CARTESIAN_POINT('',(165.48,165.48,4.E+03));
#7838 = LINE('',#7839,#7840);
#7839 = CARTESIAN_POINT('',(165.48,-165.48,4.E+03));
#7840 = VECTOR('',#7841,1.);
#7841 = DIRECTION('',(0.,1.,0.));
#7842 = ORIENTED_EDGE('',*,*,#7843,.F.);
#7843 = EDGE_CURVE('',#7844,#7836,#7846,.T.);
#7844 = VERTEX_POINT('',#7845);
#7845 = CARTESIAN_POINT('',(165.48,165.48,-5.E-14));
#7846 = LINE('',#7847,#7848);
#7847 = CARTESIAN_POINT('',(165.48,165.48,0.));
#7848 = VECTOR('',#7849,1.);
#7849 = DIRECTION('',(0.,0.,1.));
#7850 = ORIENTED_EDGE('',*,*,#7851,.F.);
#7851 = EDGE_CURVE('',#7794,#7844,#7852,.T.);
#7852 = LINE('',#7853,#7854);
#7853 = CARTESIAN_POINT('',(165.48,-175.,0.));
#7854 = VECTOR('',#7855,1.);
#7855 = DIRECTION('',(0.,1.,-2.2E-16));
#7856 = PLANE('',#7857);
#7857 = AXIS2_PLACEMENT_3D('',#7858,#7859,#7860);
#7858 = CARTESIAN_POINT('',(165.48,-0.942107954023,2.E+03));
#7859 = DIRECTION('',(-1.,-0.,-0.));
#7860 = DIRECTION('',(0.,0.,-1.));
#7861 = ADVANCED_FACE('',(#7862),#7919,.F.);
#7862 = FACE_BOUND('',#7863,.F.);
#7863 = EDGE_LOOP('',(#7864,#7865,#7873,#7881,#7889,#7897,#7905,#7913));
#7864 = ORIENTED_EDGE('',*,*,#7851,.F.);
#7865 = ORIENTED_EDGE('',*,*,#7866,.T.);
#7866 = EDGE_CURVE('',#7794,#7867,#7869,.T.);
#7867 = VERTEX_POINT('',#7868);
#7868 = CARTESIAN_POINT('',(175.,-175.,0.));
#7869 = LINE('',#7870,#7871);
#7870 = CARTESIAN_POINT('',(2.5,-175.,0.));
#7871 = VECTOR('',#7872,1.);
#7872 = DIRECTION('',(1.,0.,0.));
#7873 = ORIENTED_EDGE('',*,*,#7874,.T.);
#7874 = EDGE_CURVE('',#7867,#7875,#7877,.T.);
#7875 = VERTEX_POINT('',#7876);
#7876 = CARTESIAN_POINT('',(175.,175.,0.));
#7877 = LINE('',#7878,#7879);
#7878 = CARTESIAN_POINT('',(175.,-175.,0.));
#7879 = VECTOR('',#7880,1.);
#7880 = DIRECTION('',(0.,1.,0.));
#7881 = ORIENTED_EDGE('',*,*,#7882,.T.);
#7882 = EDGE_CURVE('',#7875,#7883,#7885,.T.);
#7883 = VERTEX_POINT('',#7884);
#7884 = CARTESIAN_POINT('',(-175.,175.,0.));
#7885 = LINE('',#7886,#7887);
#7886 = CARTESIAN_POINT('',(175.,175.,0.));
#7887 = VECTOR('',#7888,1.);
#7888 = DIRECTION('',(-1.,0.,0.));
#7889 = ORIENTED_EDGE('',*,*,#7890,.T.);
#7890 = EDGE_CURVE('',#7883,#7891,#7893,.T.);
#7891 = VERTEX_POINT('',#7892);
#7892 = CARTESIAN_POINT('',(-175.,-175.,0.));
#7893 = LINE('',#7894,#7895);
#7894 = CARTESIAN_POINT('',(-175.,175.,0.));
#7895 = VECTOR('',#7896,1.);
#7896 = DIRECTION('',(0.,-1.,0.));
#7897 = ORIENTED_EDGE('',*,*,#7898,.T.);
#7898 = EDGE_CURVE('',#7891,#7899,#7901,.T.);
#7899 = VERTEX_POINT('',#7900);
#7900 = CARTESIAN_POINT('',(-165.48,-175.,0.));
#7901 = LINE('',#7902,#7903);
#7902 = CARTESIAN_POINT('',(-175.,-175.,0.));
#7903 = VECTOR('',#7904,1.);
#7904 = DIRECTION('',(1.,0.,0.));
#7905 = ORIENTED_EDGE('',*,*,#7906,.F.);
#7906 = EDGE_CURVE('',#7907,#7899,#7909,.T.);
#7907 = VERTEX_POINT('',#7908);
#7908 = CARTESIAN_POINT('',(-165.48,165.48,-5.E-14));
#7909 = LINE('',#7910,#7911);
#7910 = CARTESIAN_POINT('',(-165.48,165.48,0.));
#7911 = VECTOR('',#7912,1.);
#7912 = DIRECTION('',(0.,-1.,0.));
#7913 = ORIENTED_EDGE('',*,*,#7914,.F.);
#7914 = EDGE_CURVE('',#7844,#7907,#7915,.T.);
#7915 = LINE('',#7916,#7917);
#7916 = CARTESIAN_POINT('',(165.48,165.48,0.));
#7917 = VECTOR('',#7918,1.);
#7918 = DIRECTION('',(-1.,0.,0.));
#7919 = PLANE('',#7920);
#7920 = AXIS2_PLACEMENT_3D('',#7921,#7922,#7923);
#7921 = CARTESIAN_POINT('',(-4.2E-16,-0.563131055882,0.));
#7922 = DIRECTION('',(0.,0.,1.));
#7923 = DIRECTION('',(1.,0.,0.));
#7924 = ADVANCED_FACE('',(#7925),#7950,.F.);
#7925 = FACE_BOUND('',#7926,.F.);
#7926 = EDGE_LOOP('',(#7927,#7935,#7943,#7949));
#7927 = ORIENTED_EDGE('',*,*,#7928,.T.);
#7928 = EDGE_CURVE('',#7867,#7929,#7931,.T.);
#7929 = VERTEX_POINT('',#7930);
#7930 = CARTESIAN_POINT('',(175.,-175.,4.E+03));
#7931 = LINE('',#7932,#7933);
#7932 = CARTESIAN_POINT('',(175.,-175.,0.));
#7933 = VECTOR('',#7934,1.);
#7934 = DIRECTION('',(0.,0.,1.));
#7935 = ORIENTED_EDGE('',*,*,#7936,.T.);
#7936 = EDGE_CURVE('',#7929,#7937,#7939,.T.);
#7937 = VERTEX_POINT('',#7938);
#7938 = CARTESIAN_POINT('',(175.,175.,4.E+03));
#7939 = LINE('',#7940,#7941);
#7940 = CARTESIAN_POINT('',(175.,-175.,4.E+03));
#7941 = VECTOR('',#7942,1.);
#7942 = DIRECTION('',(0.,1.,0.));
#7943 = ORIENTED_EDGE('',*,*,#7944,.F.);
#7944 = EDGE_CURVE('',#7875,#7937,#7945,.T.);
#7945 = LINE('',#7946,#7947);
#7946 = CARTESIAN_POINT('',(175.,175.,0.));
#7947 = VECTOR('',#7948,1.);
#7948 = DIRECTION('',(0.,0.,1.));
#7949 = ORIENTED_EDGE('',*,*,#7874,.F.);
#7950 = PLANE('',#7951);
#7951 = AXIS2_PLACEMENT_3D('',#7952,#7953,#7954);
#7952 = CARTESIAN_POINT('',(175.,-175.,0.));
#7953 = DIRECTION('',(-1.,0.,0.));
#7954 = DIRECTION('',(0.,1.,0.));
#7955 = ADVANCED_FACE('',(#7956),#8004,.T.);
#7956 = FACE_BOUND('',#7957,.T.);
#7957 = EDGE_LOOP('',(#7958,#7959,#7965,#7966,#7974,#7982,#7990,#7998));
#7958 = ORIENTED_EDGE('',*,*,#7835,.F.);
#7959 = ORIENTED_EDGE('',*,*,#7960,.T.);
#7960 = EDGE_CURVE('',#7828,#7929,#7961,.T.);
#7961 = LINE('',#7962,#7963);
#7962 = CARTESIAN_POINT('',(2.5,-175.,4.E+03));
#7963 = VECTOR('',#7964,1.);
#7964 = DIRECTION('',(1.,0.,0.));
#7965 = ORIENTED_EDGE('',*,*,#7936,.T.);
#7966 = ORIENTED_EDGE('',*,*,#7967,.T.);
#7967 = EDGE_CURVE('',#7937,#7968,#7970,.T.);
#7968 = VERTEX_POINT('',#7969);
#7969 = CARTESIAN_POINT('',(-175.,175.,4.E+03));
#7970 = LINE('',#7971,#7972);
#7971 = CARTESIAN_POINT('',(175.,175.,4.E+03));
#7972 = VECTOR('',#7973,1.);
#7973 = DIRECTION('',(-1.,0.,0.));
#7974 = ORIENTED_EDGE('',*,*,#7975,.T.);
#7975 = EDGE_CURVE('',#7968,#7976,#7978,.T.);
#7976 = VERTEX_POINT('',#7977);
#7977 = CARTESIAN_POINT('',(-175.,-175.,4.E+03));
#7978 = LINE('',#7979,#7980);
#7979 = CARTESIAN_POINT('',(-175.,175.,4.E+03));
#7980 = VECTOR('',#7981,1.);
#7981 = DIRECTION('',(0.,-1.,0.));
#7982 = ORIENTED_EDGE('',*,*,#7983,.T.);
#7983 = EDGE_CURVE('',#7976,#7984,#7986,.T.);
#7984 = VERTEX_POINT('',#7985);
#7985 = CARTESIAN_POINT('',(-165.48,-174.9999999999,4.E+03));
#7986 = LINE('',#7987,#7988);
#7987 = CARTESIAN_POINT('',(-175.,-175.,4.E+03));
#7988 = VECTOR('',#7989,1.);
#7989 = DIRECTION('',(1.,0.,0.));
#7990 = ORIENTED_EDGE('',*,*,#7991,.T.);
#7991 = EDGE_CURVE('',#7984,#7992,#7994,.T.);
#7992 = VERTEX_POINT('',#7993);
#7993 = CARTESIAN_POINT('',(-165.48,165.48,4.E+03));
#7994 = LINE('',#7995,#7996);
#7995 = CARTESIAN_POINT('',(-165.48,-174.9999999999,4.E+03));
#7996 = VECTOR('',#7997,1.);
#7997 = DIRECTION('',(0.,1.,-2.2E-16));
#7998 = ORIENTED_EDGE('',*,*,#7999,.F.);
#7999 = EDGE_CURVE('',#7836,#7992,#8000,.T.);
#8000 = LINE('',#8001,#8002);
#8001 = CARTESIAN_POINT('',(165.48,165.48,4.E+03));
#8002 = VECTOR('',#8003,1.);
#8003 = DIRECTION('',(-1.,0.,0.));
#8004 = PLANE('',#8005);
#8005 = AXIS2_PLACEMENT_3D('',#8006,#8007,#8008);
#8006 = CARTESIAN_POINT('',(-4.2E-16,-0.563131055882,4.E+03));
#8007 = DIRECTION('',(0.,0.,1.));
#8008 = DIRECTION('',(1.,0.,0.));
#8009 = ADVANCED_FACE('',(#8010),#8021,.T.);
#8010 = FACE_BOUND('',#8011,.T.);
#8011 = EDGE_LOOP('',(#8012,#8013,#8014,#8015));
#8012 = ORIENTED_EDGE('',*,*,#7914,.F.);
#8013 = ORIENTED_EDGE('',*,*,#7843,.T.);
#8014 = ORIENTED_EDGE('',*,*,#7999,.T.);
#8015 = ORIENTED_EDGE('',*,*,#8016,.F.);
#8016 = EDGE_CURVE('',#7907,#7992,#8017,.T.);
#8017 = LINE('',#8018,#8019);
#8018 = CARTESIAN_POINT('',(-165.48,165.48,0.));
#8019 = VECTOR('',#8020,1.);
#8020 = DIRECTION('',(0.,0.,1.));
#8021 = PLANE('',#8022);
#8022 = AXIS2_PLACEMENT_3D('',#8023,#8024,#8025);
#8023 = CARTESIAN_POINT('',(9.45E-15,165.48,2.E+03));
#8024 = DIRECTION('',(-0.,-1.,-0.));
#8025 = DIRECTION('',(0.,0.,-1.));
#8026 = ADVANCED_FACE('',(#8027),#8070,.T.);
#8027 = FACE_BOUND('',#8028,.T.);
#8028 = EDGE_LOOP('',(#8029,#8030,#8031,#8032,#8040,#8048,#8056,#8064));
#8029 = ORIENTED_EDGE('',*,*,#7906,.F.);
#8030 = ORIENTED_EDGE('',*,*,#8016,.T.);
#8031 = ORIENTED_EDGE('',*,*,#7991,.F.);
#8032 = ORIENTED_EDGE('',*,*,#8033,.T.);
#8033 = EDGE_CURVE('',#7984,#8034,#8036,.T.);
#8034 = VERTEX_POINT('',#8035);
#8035 = CARTESIAN_POINT('',(-165.48,-174.9999999999,3.91E+03));
#8036 = LINE('',#8037,#8038);
#8037 = CARTESIAN_POINT('',(-165.48,-175.,4.E+03));
#8038 = VECTOR('',#8039,1.);
#8039 = DIRECTION('',(0.,0.,-1.));
#8040 = ORIENTED_EDGE('',*,*,#8041,.T.);
#8041 = EDGE_CURVE('',#8034,#8042,#8044,.T.);
#8042 = VERTEX_POINT('',#8043);
#8043 = CARTESIAN_POINT('',(-165.48,-165.48,3.91E+03));
#8044 = LINE('',#8045,#8046);
#8045 = CARTESIAN_POINT('',(-165.48,-174.9999999999,3.91E+03));
#8046 = VECTOR('',#8047,1.);
#8047 = DIRECTION('',(0.,1.,-2.2E-16));
#8048 = ORIENTED_EDGE('',*,*,#8049,.F.);
#8049 = EDGE_CURVE('',#8050,#8042,#8052,.T.);
#8050 = VERTEX_POINT('',#8051);
#8051 = CARTESIAN_POINT('',(-165.48,-165.48,90.));
#8052 = LINE('',#8053,#8054);
#8053 = CARTESIAN_POINT('',(-165.48,-165.48,0.));
#8054 = VECTOR('',#8055,1.);
#8055 = DIRECTION('',(0.,0.,1.));
#8056 = ORIENTED_EDGE('',*,*,#8057,.F.);
#8057 = EDGE_CURVE('',#8058,#8050,#8060,.T.);
#8058 = VERTEX_POINT('',#8059);
#8059 = CARTESIAN_POINT('',(-165.48,-175.,90.));
#8060 = LINE('',#8061,#8062);
#8061 = CARTESIAN_POINT('',(-165.48,-175.,90.));
#8062 = VECTOR('',#8063,1.);
#8063 = DIRECTION('',(0.,1.,-2.2E-16));
#8064 = ORIENTED_EDGE('',*,*,#8065,.T.);
#8065 = EDGE_CURVE('',#8058,#7899,#8066,.T.);
#8066 = LINE('',#8067,#8068);
#8067 = CARTESIAN_POINT('',(-165.48,-175.,90.));
#8068 = VECTOR('',#8069,1.);
#8069 = DIRECTION('',(0.,0.,-1.));
#8070 = PLANE('',#8071);
#8071 = AXIS2_PLACEMENT_3D('',#8072,#8073,#8074);
#8072 = CARTESIAN_POINT('',(-165.48,-0.942107954023,2.E+03));
#8073 = DIRECTION('',(1.,0.,0.));
#8074 = DIRECTION('',(0.,0.,1.));
#8075 = ADVANCED_FACE('',(#8076),#8092,.F.);
#8076 = FACE_BOUND('',#8077,.F.);
#8077 = EDGE_LOOP('',(#8078,#8084,#8085,#8091));
#8078 = ORIENTED_EDGE('',*,*,#8079,.T.);
#8079 = EDGE_CURVE('',#7883,#7968,#8080,.T.);
#8080 = LINE('',#8081,#8082);
#8081 = CARTESIAN_POINT('',(-175.,175.,0.));
#8082 = VECTOR('',#8083,1.);
#8083 = DIRECTION('',(0.,0.,1.));
#8084 = ORIENTED_EDGE('',*,*,#7975,.T.);
#8085 = ORIENTED_EDGE('',*,*,#8086,.F.);
#8086 = EDGE_CURVE('',#7891,#7976,#8087,.T.);
#8087 = LINE('',#8088,#8089);
#8088 = CARTESIAN_POINT('',(-175.,-175.,0.));
#8089 = VECTOR('',#8090,1.);
#8090 = DIRECTION('',(0.,0.,1.));
#8091 = ORIENTED_EDGE('',*,*,#7890,.F.);
#8092 = PLANE('',#8093);
#8093 = AXIS2_PLACEMENT_3D('',#8094,#8095,#8096);
#8094 = CARTESIAN_POINT('',(-175.,175.,0.));
#8095 = DIRECTION('',(1.,0.,0.));
#8096 = DIRECTION('',(0.,-1.,0.));
#8097 = ADVANCED_FACE('',(#8098),#8104,.F.);
#8098 = FACE_BOUND('',#8099,.F.);
#8099 = EDGE_LOOP('',(#8100,#8101,#8102,#8103));
#8100 = ORIENTED_EDGE('',*,*,#7944,.T.);
#8101 = ORIENTED_EDGE('',*,*,#7967,.T.);
#8102 = ORIENTED_EDGE('',*,*,#8079,.F.);
#8103 = ORIENTED_EDGE('',*,*,#7882,.F.);
#8104 = PLANE('',#8105);
#8105 = AXIS2_PLACEMENT_3D('',#8106,#8107,#8108);
#8106 = CARTESIAN_POINT('',(175.,175.,0.));
#8107 = DIRECTION('',(0.,-1.,0.));
#8108 = DIRECTION('',(-1.,0.,0.));
#8109 = ADVANCED_FACE('',(#8110),#8134,.T.);
#8110 = FACE_BOUND('',#8111,.T.);
#8111 = EDGE_LOOP('',(#8112,#8113,#8114,#8115,#8116,#8117,#8123,#8124,
    #8125,#8126,#8127,#8128));
#8112 = ORIENTED_EDGE('',*,*,#7793,.F.);
#8113 = ORIENTED_EDGE('',*,*,#7866,.T.);
#8114 = ORIENTED_EDGE('',*,*,#7928,.T.);
#8115 = ORIENTED_EDGE('',*,*,#7960,.F.);
#8116 = ORIENTED_EDGE('',*,*,#7827,.F.);
#8117 = ORIENTED_EDGE('',*,*,#8118,.F.);
#8118 = EDGE_CURVE('',#8034,#7820,#8119,.T.);
#8119 = LINE('',#8120,#8121);
#8120 = CARTESIAN_POINT('',(-165.48,-175.,3.91E+03));
#8121 = VECTOR('',#8122,1.);
#8122 = DIRECTION('',(1.,0.,0.));
#8123 = ORIENTED_EDGE('',*,*,#8033,.F.);
#8124 = ORIENTED_EDGE('',*,*,#7983,.F.);
#8125 = ORIENTED_EDGE('',*,*,#8086,.F.);
#8126 = ORIENTED_EDGE('',*,*,#7898,.T.);
#8127 = ORIENTED_EDGE('',*,*,#8065,.F.);
#8128 = ORIENTED_EDGE('',*,*,#8129,.F.);
#8129 = EDGE_CURVE('',#7796,#8058,#8130,.T.);
#8130 = LINE('',#8131,#8132);
#8131 = CARTESIAN_POINT('',(165.48,-175.,90.));
#8132 = VECTOR('',#8133,1.);
#8133 = DIRECTION('',(-1.,0.,0.));
#8134 = PLANE('',#8135);
#8135 = AXIS2_PLACEMENT_3D('',#8136,#8137,#8138);
#8136 = CARTESIAN_POINT('',(-1.747E-14,-175.,2.E+03));
#8137 = DIRECTION('',(-0.,-1.,-0.));
#8138 = DIRECTION('',(0.,0.,-1.));
#8139 = ADVANCED_FACE('',(#8140),#8151,.T.);
#8140 = FACE_BOUND('',#8141,.T.);
#8141 = EDGE_LOOP('',(#8142,#8143,#8144,#8150));
#8142 = ORIENTED_EDGE('',*,*,#8129,.T.);
#8143 = ORIENTED_EDGE('',*,*,#8057,.T.);
#8144 = ORIENTED_EDGE('',*,*,#8145,.T.);
#8145 = EDGE_CURVE('',#8050,#7804,#8146,.T.);
#8146 = LINE('',#8147,#8148);
#8147 = CARTESIAN_POINT('',(0.,-165.48,90.));
#8148 = VECTOR('',#8149,1.);
#8149 = DIRECTION('',(1.,0.,0.));
#8150 = ORIENTED_EDGE('',*,*,#7803,.F.);
#8151 = PLANE('',#8152);
#8152 = AXIS2_PLACEMENT_3D('',#8153,#8154,#8155);
#8153 = CARTESIAN_POINT('',(-6.7E-16,-170.24,90.));
#8154 = DIRECTION('',(-0.,-0.,-1.));
#8155 = DIRECTION('',(-1.,0.,0.));
#8156 = ADVANCED_FACE('',(#8157),#8168,.T.);
#8157 = FACE_BOUND('',#8158,.T.);
#8158 = EDGE_LOOP('',(#8159,#8160,#8161,#8167));
#8159 = ORIENTED_EDGE('',*,*,#8118,.T.);
#8160 = ORIENTED_EDGE('',*,*,#7819,.T.);
#8161 = ORIENTED_EDGE('',*,*,#8162,.T.);
#8162 = EDGE_CURVE('',#7812,#8042,#8163,.T.);
#8163 = LINE('',#8164,#8165);
#8164 = CARTESIAN_POINT('',(-81.49,-165.48,3.91E+03));
#8165 = VECTOR('',#8166,1.);
#8166 = DIRECTION('',(-1.,0.,0.));
#8167 = ORIENTED_EDGE('',*,*,#8041,.F.);
#8168 = PLANE('',#8169);
#8169 = AXIS2_PLACEMENT_3D('',#8170,#8171,#8172);
#8170 = CARTESIAN_POINT('',(-2.7998E-13,-170.24,3.91E+03));
#8171 = DIRECTION('',(0.,0.,1.));
#8172 = DIRECTION('',(1.,0.,-0.));
#8173 = ADVANCED_FACE('',(#8174),#8180,.T.);
#8174 = FACE_BOUND('',#8175,.T.);
#8175 = EDGE_LOOP('',(#8176,#8177,#8178,#8179));
#8176 = ORIENTED_EDGE('',*,*,#8145,.F.);
#8177 = ORIENTED_EDGE('',*,*,#8049,.T.);
#8178 = ORIENTED_EDGE('',*,*,#8162,.F.);
#8179 = ORIENTED_EDGE('',*,*,#7811,.F.);
#8180 = PLANE('',#8181);
#8181 = AXIS2_PLACEMENT_3D('',#8182,#8183,#8184);
#8182 = CARTESIAN_POINT('',(-1.402E-14,-165.48,2.E+03));
#8183 = DIRECTION('',(0.,1.,0.));
#8184 = DIRECTION('',(0.,-0.,1.));
#8185 = ( GEOMETRIC_REPRESENTATION_CONTEXT(3) 
GLOBAL_UNCERTAINTY_ASSIGNED_CONTEXT((#8189)) 
GLOBAL_UNIT_ASSIGNED_CONTEXT((#8186,#8187,#8188)) REPRESENTATION_CONTEXT
('Context #1','3D Context with UNIT and UNCERTAINTY') );
#8186 = ( LENGTH_UNIT() NAMED_UNIT(*) SI_UNIT(.MILLI.,.METRE.) );
#8187 = ( NAMED_UNIT(*) PLANE_ANGLE_UNIT() SI_UNIT($,.RADIAN.) );
#8188 = ( NAMED_UNIT(*) SI_UNIT($,.STERADIAN.) SOLID_ANGLE_UNIT() );
#8189 = UNCERTAINTY_MEASURE_WITH_UNIT(LENGTH_MEASURE(1.E-03),#8186,
  'distance_accuracy_value','confusion accuracy');
#8190 = CONTEXT_DEPENDENT_SHAPE_REPRESENTATION(#8191,#8193);
#8191 = ( REPRESENTATION_RELATIONSHIP('','',#7786,#7719) 
REPRESENTATION_RELATIONSHIP_WITH_TRANSFORMATION(#8192) 
SHAPE_REPRESENTATION_RELATIONSHIP() );
#8192 = ITEM_DEFINED_TRANSFORMATION('','',#11,#7720);
#8193 = PRODUCT_DEFINITION_SHAPE('Placement','Placement of an item',
  #8194);
#8194 = NEXT_ASSEMBLY_USAGE_OCCURRENCE('15','corpo','',#7714,#7781,$);
#8195 = CC_DESIGN_SECURITY_CLASSIFICATION(#8196,(#8194));
#8196 = SECURITY_CLASSIFICATION('','',#55);
#8197 = CC_DESIGN_PERSON_AND_ORGANIZATION_ASSIGNMENT(#44,#53,(#8196));
#8198 = CC_DESIGN_DATE_AND_TIME_ASSIGNMENT(#58,#64,(#8196));
#8199 = CC_DESIGN_APPROVAL(#66,(#8196));
#8200 = PRODUCT_RELATED_PRODUCT_CATEGORY('detail',$,(#7783));
#8201 = PRODUCT_CATEGORY_RELATIONSHIP('','',#8202,#8200);
#8202 = PRODUCT_CATEGORY('part',$);
#8203 = CC_DESIGN_PERSON_AND_ORGANIZATION_ASSIGNMENT(#44,#47,(#7782,
    #7781));
#8204 = CC_DESIGN_PERSON_AND_ORGANIZATION_ASSIGNMENT(#44,#49,(#7783));
#8205 = CC_DESIGN_PERSON_AND_ORGANIZATION_ASSIGNMENT(#44,#51,(#7782));
#8206 = CC_DESIGN_PERSON_AND_ORGANIZATION_ASSIGNMENT(#44,#53,(#8207));
#8207 = SECURITY_CLASSIFICATION('','',#55);
#8208 = CC_DESIGN_SECURITY_CLASSIFICATION(#8207,(#7782));
#8209 = CC_DESIGN_DATE_AND_TIME_ASSIGNMENT(#58,#62,(#7781));
#8210 = CC_DESIGN_DATE_AND_TIME_ASSIGNMENT(#58,#64,(#8207));
#8211 = CC_DESIGN_APPROVAL(#66,(#7782,#7781,#8207));
#8212 = SHAPE_DEFINITION_REPRESENTATION(#8213,#8219);
#8213 = PRODUCT_DEFINITION_SHAPE('','',#8214);
#8214 = PRODUCT_DEFINITION('design','',#8215,#8218);
#8215 = PRODUCT_DEFINITION_FORMATION_WITH_SPECIFIED_SOURCE('','',#8216,
  .NOT_KNOWN.);
#8216 = PRODUCT('caixa_parafusos_inferior','caixa_parafusos_inferior',''
  ,(#8217));
#8217 = MECHANICAL_CONTEXT('',#2,'mechanical');
#8218 = DESIGN_CONTEXT('',#2,'design');
#8219 = ADVANCED_BREP_SHAPE_REPRESENTATION('',(#11,#8220),#8568);
#8220 = MANIFOLD_SOLID_BREP('',#8221);
#8221 = CLOSED_SHELL('',(#8222,#8262,#8309,#8333,#8373,#8404,#8428,#8459
    ,#8483,#8507,#8531,#8552));
#8222 = ADVANCED_FACE('',(#8223),#8257,.F.);
#8223 = FACE_BOUND('',#8224,.F.);
#8224 = EDGE_LOOP('',(#8225,#8235,#8243,#8251));
#8225 = ORIENTED_EDGE('',*,*,#8226,.F.);
#8226 = EDGE_CURVE('',#8227,#8229,#8231,.T.);
#8227 = VERTEX_POINT('',#8228);
#8228 = CARTESIAN_POINT('',(165.48,-175.,90.));
#8229 = VERTEX_POINT('',#8230);
#8230 = CARTESIAN_POINT('',(165.48,-102.3,90.));
#8231 = LINE('',#8232,#8233);
#8232 = CARTESIAN_POINT('',(165.48,-175.,90.));
#8233 = VECTOR('',#8234,1.);
#8234 = DIRECTION('',(0.,1.,0.));
#8235 = ORIENTED_EDGE('',*,*,#8236,.T.);
#8236 = EDGE_CURVE('',#8227,#8237,#8239,.T.);
#8237 = VERTEX_POINT('',#8238);
#8238 = CARTESIAN_POINT('',(-165.48,-175.,90.));
#8239 = LINE('',#8240,#8241);
#8240 = CARTESIAN_POINT('',(165.48,-175.,90.));
#8241 = VECTOR('',#8242,1.);
#8242 = DIRECTION('',(-1.,0.,0.));
#8243 = ORIENTED_EDGE('',*,*,#8244,.F.);
#8244 = EDGE_CURVE('',#8245,#8237,#8247,.T.);
#8245 = VERTEX_POINT('',#8246);
#8246 = CARTESIAN_POINT('',(-165.48,-102.3,90.));
#8247 = LINE('',#8248,#8249);
#8248 = CARTESIAN_POINT('',(-165.48,-87.97105397701,90.));
#8249 = VECTOR('',#8250,1.);
#8250 = DIRECTION('',(0.,-1.,0.));
#8251 = ORIENTED_EDGE('',*,*,#8252,.F.);
#8252 = EDGE_CURVE('',#8229,#8245,#8253,.T.);
#8253 = LINE('',#8254,#8255);
#8254 = CARTESIAN_POINT('',(165.48,-102.3,90.));
#8255 = VECTOR('',#8256,1.);
#8256 = DIRECTION('',(-1.,0.,0.));
#8257 = PLANE('',#8258);
#8258 = AXIS2_PLACEMENT_3D('',#8259,#8260,#8261);
#8259 = CARTESIAN_POINT('',(165.48,-175.,90.));
#8260 = DIRECTION('',(0.,0.,-1.));
#8261 = DIRECTION('',(0.,1.,0.));
#8262 = ADVANCED_FACE('',(#8263),#8304,.T.);
#8263 = FACE_BOUND('',#8264,.F.);
#8264 = EDGE_LOOP('',(#8265,#8266,#8274,#8282,#8290,#8298));
#8265 = ORIENTED_EDGE('',*,*,#8226,.T.);
#8266 = ORIENTED_EDGE('',*,*,#8267,.T.);
#8267 = EDGE_CURVE('',#8229,#8268,#8270,.T.);
#8268 = VERTEX_POINT('',#8269);
#8269 = CARTESIAN_POINT('',(165.48,-102.3,-1.4E-14));
#8270 = LINE('',#8271,#8272);
#8271 = CARTESIAN_POINT('',(165.48,-102.3,90.));
#8272 = VECTOR('',#8273,1.);
#8273 = DIRECTION('',(0.,0.,-1.));
#8274 = ORIENTED_EDGE('',*,*,#8275,.T.);
#8275 = EDGE_CURVE('',#8268,#8276,#8278,.T.);
#8276 = VERTEX_POINT('',#8277);
#8277 = CARTESIAN_POINT('',(165.48,-115.,-1.3E-14));
#8278 = LINE('',#8279,#8280);
#8279 = CARTESIAN_POINT('',(165.48,-102.3,-1.421E-14));
#8280 = VECTOR('',#8281,1.);
#8281 = DIRECTION('',(0.,-1.,7.E-17));
#8282 = ORIENTED_EDGE('',*,*,#8283,.T.);
#8283 = EDGE_CURVE('',#8276,#8284,#8286,.T.);
#8284 = VERTEX_POINT('',#8285);
#8285 = CARTESIAN_POINT('',(165.48,-115.,77.3));
#8286 = LINE('',#8287,#8288);
#8287 = CARTESIAN_POINT('',(165.48,-115.,-1.33E-14));
#8288 = VECTOR('',#8289,1.);
#8289 = DIRECTION('',(0.,0.,1.));
#8290 = ORIENTED_EDGE('',*,*,#8291,.T.);
#8291 = EDGE_CURVE('',#8284,#8292,#8294,.T.);
#8292 = VERTEX_POINT('',#8293);
#8293 = CARTESIAN_POINT('',(165.48,-175.,77.3));
#8294 = LINE('',#8295,#8296);
#8295 = CARTESIAN_POINT('',(165.48,-115.,77.3));
#8296 = VECTOR('',#8297,1.);
#8297 = DIRECTION('',(0.,-1.,0.));
#8298 = ORIENTED_EDGE('',*,*,#8299,.T.);
#8299 = EDGE_CURVE('',#8292,#8227,#8300,.T.);
#8300 = LINE('',#8301,#8302);
#8301 = CARTESIAN_POINT('',(165.48,-175.,77.3));
#8302 = VECTOR('',#8303,1.);
#8303 = DIRECTION('',(0.,0.,1.));
#8304 = PLANE('',#8305);
#8305 = AXIS2_PLACEMENT_3D('',#8306,#8307,#8308);
#8306 = CARTESIAN_POINT('',(165.48,-124.3967732022,59.253226797787));
#8307 = DIRECTION('',(1.,0.,0.));
#8308 = DIRECTION('',(0.,0.,1.));
#8309 = ADVANCED_FACE('',(#8310),#8328,.F.);
#8310 = FACE_BOUND('',#8311,.F.);
#8311 = EDGE_LOOP('',(#8312,#8313,#8314,#8322));
#8312 = ORIENTED_EDGE('',*,*,#8267,.F.);
#8313 = ORIENTED_EDGE('',*,*,#8252,.T.);
#8314 = ORIENTED_EDGE('',*,*,#8315,.F.);
#8315 = EDGE_CURVE('',#8316,#8245,#8318,.T.);
#8316 = VERTEX_POINT('',#8317);
#8317 = CARTESIAN_POINT('',(-165.48,-102.3,-1.4E-14));
#8318 = LINE('',#8319,#8320);
#8319 = CARTESIAN_POINT('',(-165.48,-102.3,1.045E+03));
#8320 = VECTOR('',#8321,1.);
#8321 = DIRECTION('',(0.,0.,1.));
#8322 = ORIENTED_EDGE('',*,*,#8323,.F.);
#8323 = EDGE_CURVE('',#8268,#8316,#8324,.T.);
#8324 = LINE('',#8325,#8326);
#8325 = CARTESIAN_POINT('',(165.48,-102.3,-1.421E-14));
#8326 = VECTOR('',#8327,1.);
#8327 = DIRECTION('',(-1.,0.,0.));
#8328 = PLANE('',#8329);
#8329 = AXIS2_PLACEMENT_3D('',#8330,#8331,#8332);
#8330 = CARTESIAN_POINT('',(165.48,-102.3,90.));
#8331 = DIRECTION('',(-0.,-1.,-0.));
#8332 = DIRECTION('',(0.,0.,-1.));
#8333 = ADVANCED_FACE('',(#8334),#8368,.F.);
#8334 = FACE_BOUND('',#8335,.F.);
#8335 = EDGE_LOOP('',(#8336,#8337,#8338,#8346,#8354,#8362));
#8336 = ORIENTED_EDGE('',*,*,#8315,.T.);
#8337 = ORIENTED_EDGE('',*,*,#8244,.T.);
#8338 = ORIENTED_EDGE('',*,*,#8339,.T.);
#8339 = EDGE_CURVE('',#8237,#8340,#8342,.T.);
#8340 = VERTEX_POINT('',#8341);
#8341 = CARTESIAN_POINT('',(-165.48,-175.,77.3));
#8342 = LINE('',#8343,#8344);
#8343 = CARTESIAN_POINT('',(-165.48,-175.,1.03865E+03));
#8344 = VECTOR('',#8345,1.);
#8345 = DIRECTION('',(0.,0.,-1.));
#8346 = ORIENTED_EDGE('',*,*,#8347,.T.);
#8347 = EDGE_CURVE('',#8340,#8348,#8350,.T.);
#8348 = VERTEX_POINT('',#8349);
#8349 = CARTESIAN_POINT('',(-165.48,-115.,77.3));
#8350 = LINE('',#8351,#8352);
#8351 = CARTESIAN_POINT('',(-165.48,-57.97105397701,77.3));
#8352 = VECTOR('',#8353,1.);
#8353 = DIRECTION('',(0.,1.,0.));
#8354 = ORIENTED_EDGE('',*,*,#8355,.T.);
#8355 = EDGE_CURVE('',#8348,#8356,#8358,.T.);
#8356 = VERTEX_POINT('',#8357);
#8357 = CARTESIAN_POINT('',(-165.48,-115.,-1.3E-14));
#8358 = LINE('',#8359,#8360);
#8359 = CARTESIAN_POINT('',(-165.48,-115.,1000.));
#8360 = VECTOR('',#8361,1.);
#8361 = DIRECTION('',(0.,0.,-1.));
#8362 = ORIENTED_EDGE('',*,*,#8363,.T.);
#8363 = EDGE_CURVE('',#8356,#8316,#8364,.T.);
#8364 = LINE('',#8365,#8366);
#8365 = CARTESIAN_POINT('',(-165.48,-51.62105397701,-7.11E-15));
#8366 = VECTOR('',#8367,1.);
#8367 = DIRECTION('',(0.,1.,-7.E-17));
#8368 = PLANE('',#8369);
#8369 = AXIS2_PLACEMENT_3D('',#8370,#8371,#8372);
#8370 = CARTESIAN_POINT('',(-165.48,-0.942107954023,2.E+03));
#8371 = DIRECTION('',(1.,0.,0.));
#8372 = DIRECTION('',(0.,0.,1.));
#8373 = ADVANCED_FACE('',(#8374),#8399,.F.);
#8374 = FACE_BOUND('',#8375,.F.);
#8375 = EDGE_LOOP('',(#8376,#8377,#8385,#8393));
#8376 = ORIENTED_EDGE('',*,*,#8283,.F.);
#8377 = ORIENTED_EDGE('',*,*,#8378,.T.);
#8378 = EDGE_CURVE('',#8276,#8379,#8381,.T.);
#8379 = VERTEX_POINT('',#8380);
#8380 = CARTESIAN_POINT('',(6.35,-115.,-1.4E-14));
#8381 = LINE('',#8382,#8383);
#8382 = CARTESIAN_POINT('',(165.48,-115.,-1.33E-14));
#8383 = VECTOR('',#8384,1.);
#8384 = DIRECTION('',(-1.,0.,0.));
#8385 = ORIENTED_EDGE('',*,*,#8386,.F.);
#8386 = EDGE_CURVE('',#8387,#8379,#8389,.T.);
#8387 = VERTEX_POINT('',#8388);
#8388 = CARTESIAN_POINT('',(6.35,-115.,77.3));
#8389 = LINE('',#8390,#8391);
#8390 = CARTESIAN_POINT('',(6.35,-115.,77.3));
#8391 = VECTOR('',#8392,1.);
#8392 = DIRECTION('',(0.,0.,-1.));
#8393 = ORIENTED_EDGE('',*,*,#8394,.F.);
#8394 = EDGE_CURVE('',#8284,#8387,#8395,.T.);
#8395 = LINE('',#8396,#8397);
#8396 = CARTESIAN_POINT('',(165.48,-115.,77.3));
#8397 = VECTOR('',#8398,1.);
#8398 = DIRECTION('',(-1.,0.,0.));
#8399 = PLANE('',#8400);
#8400 = AXIS2_PLACEMENT_3D('',#8401,#8402,#8403);
#8401 = CARTESIAN_POINT('',(165.48,-115.,-1.33E-14));
#8402 = DIRECTION('',(0.,1.,0.));
#8403 = DIRECTION('',(0.,0.,1.));
#8404 = ADVANCED_FACE('',(#8405),#8423,.F.);
#8405 = FACE_BOUND('',#8406,.F.);
#8406 = EDGE_LOOP('',(#8407,#8408,#8409,#8417));
#8407 = ORIENTED_EDGE('',*,*,#8291,.F.);
#8408 = ORIENTED_EDGE('',*,*,#8394,.T.);
#8409 = ORIENTED_EDGE('',*,*,#8410,.T.);
#8410 = EDGE_CURVE('',#8387,#8411,#8413,.T.);
#8411 = VERTEX_POINT('',#8412);
#8412 = CARTESIAN_POINT('',(6.35,-175.,77.3));
#8413 = LINE('',#8414,#8415);
#8414 = CARTESIAN_POINT('',(6.35,-115.,77.3));
#8415 = VECTOR('',#8416,1.);
#8416 = DIRECTION('',(0.,-1.,0.));
#8417 = ORIENTED_EDGE('',*,*,#8418,.F.);
#8418 = EDGE_CURVE('',#8292,#8411,#8419,.T.);
#8419 = LINE('',#8420,#8421);
#8420 = CARTESIAN_POINT('',(165.48,-175.,77.3));
#8421 = VECTOR('',#8422,1.);
#8422 = DIRECTION('',(-1.,0.,0.));
#8423 = PLANE('',#8424);
#8424 = AXIS2_PLACEMENT_3D('',#8425,#8426,#8427);
#8425 = CARTESIAN_POINT('',(165.48,-115.,77.3));
#8426 = DIRECTION('',(0.,0.,1.));
#8427 = DIRECTION('',(0.,-1.,0.));
#8428 = ADVANCED_FACE('',(#8429),#8454,.F.);
#8429 = FACE_BOUND('',#8430,.F.);
#8430 = EDGE_LOOP('',(#8431,#8441,#8447,#8448));
#8431 = ORIENTED_EDGE('',*,*,#8432,.T.);
#8432 = EDGE_CURVE('',#8433,#8435,#8437,.T.);
#8433 = VERTEX_POINT('',#8434);
#8434 = CARTESIAN_POINT('',(-6.35,-115.,77.3));
#8435 = VERTEX_POINT('',#8436);
#8436 = CARTESIAN_POINT('',(-6.35,-115.,-1.4E-14));
#8437 = LINE('',#8438,#8439);
#8438 = CARTESIAN_POINT('',(-6.35,-115.,77.3));
#8439 = VECTOR('',#8440,1.);
#8440 = DIRECTION('',(0.,0.,-1.));
#8441 = ORIENTED_EDGE('',*,*,#8442,.T.);
#8442 = EDGE_CURVE('',#8435,#8356,#8443,.T.);
#8443 = LINE('',#8444,#8445);
#8444 = CARTESIAN_POINT('',(165.48,-115.,-1.33E-14));
#8445 = VECTOR('',#8446,1.);
#8446 = DIRECTION('',(-1.,0.,0.));
#8447 = ORIENTED_EDGE('',*,*,#8355,.F.);
#8448 = ORIENTED_EDGE('',*,*,#8449,.F.);
#8449 = EDGE_CURVE('',#8433,#8348,#8450,.T.);
#8450 = LINE('',#8451,#8452);
#8451 = CARTESIAN_POINT('',(165.48,-115.,77.3));
#8452 = VECTOR('',#8453,1.);
#8453 = DIRECTION('',(-1.,0.,0.));
#8454 = PLANE('',#8455);
#8455 = AXIS2_PLACEMENT_3D('',#8456,#8457,#8458);
#8456 = CARTESIAN_POINT('',(165.48,-115.,-1.33E-14));
#8457 = DIRECTION('',(0.,1.,0.));
#8458 = DIRECTION('',(0.,0.,1.));
#8459 = ADVANCED_FACE('',(#8460),#8478,.F.);
#8460 = FACE_BOUND('',#8461,.F.);
#8461 = EDGE_LOOP('',(#8462,#8470,#8471,#8472));
#8462 = ORIENTED_EDGE('',*,*,#8463,.T.);
#8463 = EDGE_CURVE('',#8464,#8433,#8466,.T.);
#8464 = VERTEX_POINT('',#8465);
#8465 = CARTESIAN_POINT('',(-6.35,-175.,77.3));
#8466 = LINE('',#8467,#8468);
#8467 = CARTESIAN_POINT('',(-6.35,-175.,77.3));
#8468 = VECTOR('',#8469,1.);
#8469 = DIRECTION('',(0.,1.,0.));
#8470 = ORIENTED_EDGE('',*,*,#8449,.T.);
#8471 = ORIENTED_EDGE('',*,*,#8347,.F.);
#8472 = ORIENTED_EDGE('',*,*,#8473,.F.);
#8473 = EDGE_CURVE('',#8464,#8340,#8474,.T.);
#8474 = LINE('',#8475,#8476);
#8475 = CARTESIAN_POINT('',(165.48,-175.,77.3));
#8476 = VECTOR('',#8477,1.);
#8477 = DIRECTION('',(-1.,0.,0.));
#8478 = PLANE('',#8479);
#8479 = AXIS2_PLACEMENT_3D('',#8480,#8481,#8482);
#8480 = CARTESIAN_POINT('',(165.48,-115.,77.3));
#8481 = DIRECTION('',(0.,0.,1.));
#8482 = DIRECTION('',(0.,-1.,0.));
#8483 = ADVANCED_FACE('',(#8484),#8502,.F.);
#8484 = FACE_BOUND('',#8485,.F.);
#8485 = EDGE_LOOP('',(#8486,#8487,#8488,#8496));
#8486 = ORIENTED_EDGE('',*,*,#8410,.F.);
#8487 = ORIENTED_EDGE('',*,*,#8386,.T.);
#8488 = ORIENTED_EDGE('',*,*,#8489,.F.);
#8489 = EDGE_CURVE('',#8490,#8379,#8492,.T.);
#8490 = VERTEX_POINT('',#8491);
#8491 = CARTESIAN_POINT('',(6.35,-175.,-1.4E-14));
#8492 = LINE('',#8493,#8494);
#8493 = CARTESIAN_POINT('',(6.35,-108.65,-1.421E-14));
#8494 = VECTOR('',#8495,1.);
#8495 = DIRECTION('',(0.,1.,-7.E-17));
#8496 = ORIENTED_EDGE('',*,*,#8497,.F.);
#8497 = EDGE_CURVE('',#8411,#8490,#8498,.T.);
#8498 = LINE('',#8499,#8500);
#8499 = CARTESIAN_POINT('',(6.35,-175.,77.3));
#8500 = VECTOR('',#8501,1.);
#8501 = DIRECTION('',(0.,0.,-1.));
#8502 = PLANE('',#8503);
#8503 = AXIS2_PLACEMENT_3D('',#8504,#8505,#8506);
#8504 = CARTESIAN_POINT('',(6.35,-115.,77.3));
#8505 = DIRECTION('',(-1.,-0.,-0.));
#8506 = DIRECTION('',(0.,-1.,0.));
#8507 = ADVANCED_FACE('',(#8508),#8526,.F.);
#8508 = FACE_BOUND('',#8509,.F.);
#8509 = EDGE_LOOP('',(#8510,#8511,#8519,#8525));
#8510 = ORIENTED_EDGE('',*,*,#8463,.F.);
#8511 = ORIENTED_EDGE('',*,*,#8512,.T.);
#8512 = EDGE_CURVE('',#8464,#8513,#8515,.T.);
#8513 = VERTEX_POINT('',#8514);
#8514 = CARTESIAN_POINT('',(-6.35,-175.,-1.4E-14));
#8515 = LINE('',#8516,#8517);
#8516 = CARTESIAN_POINT('',(-6.35,-175.,77.3));
#8517 = VECTOR('',#8518,1.);
#8518 = DIRECTION('',(0.,0.,-1.));
#8519 = ORIENTED_EDGE('',*,*,#8520,.F.);
#8520 = EDGE_CURVE('',#8435,#8513,#8521,.T.);
#8521 = LINE('',#8522,#8523);
#8522 = CARTESIAN_POINT('',(-6.35,-138.65,-1.421E-14));
#8523 = VECTOR('',#8524,1.);
#8524 = DIRECTION('',(0.,-1.,7.E-17));
#8525 = ORIENTED_EDGE('',*,*,#8432,.F.);
#8526 = PLANE('',#8527);
#8527 = AXIS2_PLACEMENT_3D('',#8528,#8529,#8530);
#8528 = CARTESIAN_POINT('',(-6.35,-175.,77.3));
#8529 = DIRECTION('',(1.,0.,0.));
#8530 = DIRECTION('',(-0.,1.,0.));
#8531 = ADVANCED_FACE('',(#8532),#8547,.T.);
#8532 = FACE_BOUND('',#8533,.T.);
#8533 = EDGE_LOOP('',(#8534,#8535,#8536,#8537,#8538,#8539,#8545,#8546));
#8534 = ORIENTED_EDGE('',*,*,#8299,.T.);
#8535 = ORIENTED_EDGE('',*,*,#8236,.T.);
#8536 = ORIENTED_EDGE('',*,*,#8339,.T.);
#8537 = ORIENTED_EDGE('',*,*,#8473,.F.);
#8538 = ORIENTED_EDGE('',*,*,#8512,.T.);
#8539 = ORIENTED_EDGE('',*,*,#8540,.T.);
#8540 = EDGE_CURVE('',#8513,#8490,#8541,.T.);
#8541 = LINE('',#8542,#8543);
#8542 = CARTESIAN_POINT('',(85.915,-175.,-1.16E-14));
#8543 = VECTOR('',#8544,1.);
#8544 = DIRECTION('',(1.,0.,0.));
#8545 = ORIENTED_EDGE('',*,*,#8497,.F.);
#8546 = ORIENTED_EDGE('',*,*,#8418,.F.);
#8547 = PLANE('',#8548);
#8548 = AXIS2_PLACEMENT_3D('',#8549,#8550,#8551);
#8549 = CARTESIAN_POINT('',(-1.161E-14,-175.,74.220707430635));
#8550 = DIRECTION('',(-0.,-1.,-0.));
#8551 = DIRECTION('',(0.,0.,-1.));
#8552 = ADVANCED_FACE('',(#8553),#8563,.T.);
#8553 = FACE_BOUND('',#8554,.T.);
#8554 = EDGE_LOOP('',(#8555,#8556,#8557,#8558,#8559,#8560,#8561,#8562));
#8555 = ORIENTED_EDGE('',*,*,#8275,.T.);
#8556 = ORIENTED_EDGE('',*,*,#8378,.T.);
#8557 = ORIENTED_EDGE('',*,*,#8489,.F.);
#8558 = ORIENTED_EDGE('',*,*,#8540,.F.);
#8559 = ORIENTED_EDGE('',*,*,#8520,.F.);
#8560 = ORIENTED_EDGE('',*,*,#8442,.T.);
#8561 = ORIENTED_EDGE('',*,*,#8363,.T.);
#8562 = ORIENTED_EDGE('',*,*,#8323,.F.);
#8563 = PLANE('',#8564);
#8564 = AXIS2_PLACEMENT_3D('',#8565,#8566,#8567);
#8565 = CARTESIAN_POINT('',(0.,-114.9969256304,-1.34E-14));
#8566 = DIRECTION('',(-0.,-0.,-1.));
#8567 = DIRECTION('',(-1.,0.,0.));
#8568 = ( GEOMETRIC_REPRESENTATION_CONTEXT(3) 
GLOBAL_UNCERTAINTY_ASSIGNED_CONTEXT((#8572)) 
GLOBAL_UNIT_ASSIGNED_CONTEXT((#8569,#8570,#8571)) REPRESENTATION_CONTEXT
('Context #1','3D Context with UNIT and UNCERTAINTY') );
#8569 = ( LENGTH_UNIT() NAMED_UNIT(*) SI_UNIT(.MILLI.,.METRE.) );
#8570 = ( NAMED_UNIT(*) PLANE_ANGLE_UNIT() SI_UNIT($,.RADIAN.) );
#8571 = ( NAMED_UNIT(*) SI_UNIT($,.STERADIAN.) SOLID_ANGLE_UNIT() );
#8572 = UNCERTAINTY_MEASURE_WITH_UNIT(LENGTH_MEASURE(2.E-07),#8569,
  'distance_accuracy_value','confusion accuracy');
#8573 = CONTEXT_DEPENDENT_SHAPE_REPRESENTATION(#8574,#8576);
#8574 = ( REPRESENTATION_RELATIONSHIP('','',#8219,#7719) 
REPRESENTATION_RELATIONSHIP_WITH_TRANSFORMATION(#8575) 
SHAPE_REPRESENTATION_RELATIONSHIP() );
#8575 = ITEM_DEFINED_TRANSFORMATION('','',#11,#7724);
#8576 = PRODUCT_DEFINITION_SHAPE('Placement','Placement of an item',
  #8577);
#8577 = NEXT_ASSEMBLY_USAGE_OCCURRENCE('16','caixa_parafusos_inferior',
  '',#7714,#8214,$);
#8578 = CC_DESIGN_SECURITY_CLASSIFICATION(#8579,(#8577));
#8579 = SECURITY_CLASSIFICATION('','',#55);
#8580 = CC_DESIGN_PERSON_AND_ORGANIZATION_ASSIGNMENT(#44,#53,(#8579));
#8581 = CC_DESIGN_DATE_AND_TIME_ASSIGNMENT(#58,#64,(#8579));
#8582 = CC_DESIGN_APPROVAL(#66,(#8579));
#8583 = PRODUCT_RELATED_PRODUCT_CATEGORY('detail',$,(#8216));
#8584 = PRODUCT_CATEGORY_RELATIONSHIP('','',#8585,#8583);
#8585 = PRODUCT_CATEGORY('part',$);
#8586 = CC_DESIGN_PERSON_AND_ORGANIZATION_ASSIGNMENT(#44,#47,(#8215,
    #8214));
#8587 = CC_DESIGN_PERSON_AND_ORGANIZATION_ASSIGNMENT(#44,#49,(#8216));
#8588 = CC_DESIGN_PERSON_AND_ORGANIZATION_ASSIGNMENT(#44,#51,(#8215));
#8589 = CC_DESIGN_PERSON_AND_ORGANIZATION_ASSIGNMENT(#44,#53,(#8590));
#8590 = SECURITY_CLASSIFICATION('','',#55);
#8591 = CC_DESIGN_SECURITY_CLASSIFICATION(#8590,(#8215));
#8592 = CC_DESIGN_DATE_AND_TIME_ASSIGNMENT(#58,#62,(#8214));
#8593 = CC_DESIGN_DATE_AND_TIME_ASSIGNMENT(#58,#64,(#8590));
#8594 = CC_DESIGN_APPROVAL(#66,(#8215,#8214,#8590));
#8595 = SHAPE_DEFINITION_REPRESENTATION(#8596,#8602);
#8596 = PRODUCT_DEFINITION_SHAPE('','',#8597);
#8597 = PRODUCT_DEFINITION('design','',#8598,#8601);
#8598 = PRODUCT_DEFINITION_FORMATION_WITH_SPECIFIED_SOURCE('','',#8599,
  .NOT_KNOWN.);
#8599 = PRODUCT('caixa_parafusos_superior','caixa_parafusos_superior',''
  ,(#8600));
#8600 = MECHANICAL_CONTEXT('',#2,'mechanical');
#8601 = DESIGN_CONTEXT('',#2,'design');
#8602 = ADVANCED_BREP_SHAPE_REPRESENTATION('',(#11,#8603),#8951);
#8603 = MANIFOLD_SOLID_BREP('',#8604);
#8604 = CLOSED_SHELL('',(#8605,#8645,#8692,#8716,#8756,#8787,#8811,#8842
    ,#8866,#8890,#8914,#8935));
#8605 = ADVANCED_FACE('',(#8606),#8640,.T.);
#8606 = FACE_BOUND('',#8607,.T.);
#8607 = EDGE_LOOP('',(#8608,#8618,#8626,#8634));
#8608 = ORIENTED_EDGE('',*,*,#8609,.F.);
#8609 = EDGE_CURVE('',#8610,#8612,#8614,.T.);
#8610 = VERTEX_POINT('',#8611);
#8611 = CARTESIAN_POINT('',(165.48,-175.,3.91E+03));
#8612 = VERTEX_POINT('',#8613);
#8613 = CARTESIAN_POINT('',(165.48,-102.3,3.91E+03));
#8614 = LINE('',#8615,#8616);
#8615 = CARTESIAN_POINT('',(165.48,-175.,3.91E+03));
#8616 = VECTOR('',#8617,1.);
#8617 = DIRECTION('',(0.,1.,0.));
#8618 = ORIENTED_EDGE('',*,*,#8619,.T.);
#8619 = EDGE_CURVE('',#8610,#8620,#8622,.T.);
#8620 = VERTEX_POINT('',#8621);
#8621 = CARTESIAN_POINT('',(-165.48,-175.,3.91E+03));
#8622 = LINE('',#8623,#8624);
#8623 = CARTESIAN_POINT('',(165.48,-175.,3.91E+03));
#8624 = VECTOR('',#8625,1.);
#8625 = DIRECTION('',(-1.,0.,0.));
#8626 = ORIENTED_EDGE('',*,*,#8627,.F.);
#8627 = EDGE_CURVE('',#8628,#8620,#8630,.T.);
#8628 = VERTEX_POINT('',#8629);
#8629 = CARTESIAN_POINT('',(-165.48,-102.3,3.91E+03));
#8630 = LINE('',#8631,#8632);
#8631 = CARTESIAN_POINT('',(-165.48,-87.97105397701,3.91E+03));
#8632 = VECTOR('',#8633,1.);
#8633 = DIRECTION('',(0.,-1.,0.));
#8634 = ORIENTED_EDGE('',*,*,#8635,.F.);
#8635 = EDGE_CURVE('',#8612,#8628,#8636,.T.);
#8636 = LINE('',#8637,#8638);
#8637 = CARTESIAN_POINT('',(165.48,-102.3,3.91E+03));
#8638 = VECTOR('',#8639,1.);
#8639 = DIRECTION('',(-1.,0.,0.));
#8640 = PLANE('',#8641);
#8641 = AXIS2_PLACEMENT_3D('',#8642,#8643,#8644);
#8642 = CARTESIAN_POINT('',(165.48,-175.,3.91E+03));
#8643 = DIRECTION('',(0.,0.,-1.));
#8644 = DIRECTION('',(0.,1.,0.));
#8645 = ADVANCED_FACE('',(#8646),#8687,.T.);
#8646 = FACE_BOUND('',#8647,.T.);
#8647 = EDGE_LOOP('',(#8648,#8649,#8657,#8665,#8673,#8681));
#8648 = ORIENTED_EDGE('',*,*,#8609,.T.);
#8649 = ORIENTED_EDGE('',*,*,#8650,.T.);
#8650 = EDGE_CURVE('',#8612,#8651,#8653,.T.);
#8651 = VERTEX_POINT('',#8652);
#8652 = CARTESIAN_POINT('',(165.48,-102.3,4.E+03));
#8653 = LINE('',#8654,#8655);
#8654 = CARTESIAN_POINT('',(165.48,-102.3,3.91E+03));
#8655 = VECTOR('',#8656,1.);
#8656 = DIRECTION('',(0.,0.,1.));
#8657 = ORIENTED_EDGE('',*,*,#8658,.T.);
#8658 = EDGE_CURVE('',#8651,#8659,#8661,.T.);
#8659 = VERTEX_POINT('',#8660);
#8660 = CARTESIAN_POINT('',(165.48,-115.,4.E+03));
#8661 = LINE('',#8662,#8663);
#8662 = CARTESIAN_POINT('',(165.48,-102.3,4.E+03));
#8663 = VECTOR('',#8664,1.);
#8664 = DIRECTION('',(0.,-1.,0.));
#8665 = ORIENTED_EDGE('',*,*,#8666,.T.);
#8666 = EDGE_CURVE('',#8659,#8667,#8669,.T.);
#8667 = VERTEX_POINT('',#8668);
#8668 = CARTESIAN_POINT('',(165.48,-115.,3.9227E+03));
#8669 = LINE('',#8670,#8671);
#8670 = CARTESIAN_POINT('',(165.48,-115.,4.E+03));
#8671 = VECTOR('',#8672,1.);
#8672 = DIRECTION('',(0.,0.,-1.));
#8673 = ORIENTED_EDGE('',*,*,#8674,.T.);
#8674 = EDGE_CURVE('',#8667,#8675,#8677,.T.);
#8675 = VERTEX_POINT('',#8676);
#8676 = CARTESIAN_POINT('',(165.48,-175.,3.9227E+03));
#8677 = LINE('',#8678,#8679);
#8678 = CARTESIAN_POINT('',(165.48,-115.,3.9227E+03));
#8679 = VECTOR('',#8680,1.);
#8680 = DIRECTION('',(0.,-1.,0.));
#8681 = ORIENTED_EDGE('',*,*,#8682,.T.);
#8682 = EDGE_CURVE('',#8675,#8610,#8683,.T.);
#8683 = LINE('',#8684,#8685);
#8684 = CARTESIAN_POINT('',(165.48,-175.,3.9227E+03));
#8685 = VECTOR('',#8686,1.);
#8686 = DIRECTION('',(-0.,3.357E-14,-1.));
#8687 = PLANE('',#8688);
#8688 = AXIS2_PLACEMENT_3D('',#8689,#8690,#8691);
#8689 = CARTESIAN_POINT('',(165.48,-124.3967732022,3.940746773202E+03));
#8690 = DIRECTION('',(1.,0.,0.));
#8691 = DIRECTION('',(0.,0.,1.));
#8692 = ADVANCED_FACE('',(#8693),#8711,.T.);
#8693 = FACE_BOUND('',#8694,.T.);
#8694 = EDGE_LOOP('',(#8695,#8696,#8697,#8705));
#8695 = ORIENTED_EDGE('',*,*,#8650,.F.);
#8696 = ORIENTED_EDGE('',*,*,#8635,.T.);
#8697 = ORIENTED_EDGE('',*,*,#8698,.F.);
#8698 = EDGE_CURVE('',#8699,#8628,#8701,.T.);
#8699 = VERTEX_POINT('',#8700);
#8700 = CARTESIAN_POINT('',(-165.48,-102.3,4.E+03));
#8701 = LINE('',#8702,#8703);
#8702 = CARTESIAN_POINT('',(-165.48,-102.3,2.955E+03));
#8703 = VECTOR('',#8704,1.);
#8704 = DIRECTION('',(0.,0.,-1.));
#8705 = ORIENTED_EDGE('',*,*,#8706,.F.);
#8706 = EDGE_CURVE('',#8651,#8699,#8707,.T.);
#8707 = LINE('',#8708,#8709);
#8708 = CARTESIAN_POINT('',(165.48,-102.3,4.E+03));
#8709 = VECTOR('',#8710,1.);
#8710 = DIRECTION('',(-1.,0.,0.));
#8711 = PLANE('',#8712);
#8712 = AXIS2_PLACEMENT_3D('',#8713,#8714,#8715);
#8713 = CARTESIAN_POINT('',(165.48,-102.3,3.91E+03));
#8714 = DIRECTION('',(0.,1.,0.));
#8715 = DIRECTION('',(0.,0.,1.));
#8716 = ADVANCED_FACE('',(#8717),#8751,.F.);
#8717 = FACE_BOUND('',#8718,.F.);
#8718 = EDGE_LOOP('',(#8719,#8720,#8721,#8729,#8737,#8745));
#8719 = ORIENTED_EDGE('',*,*,#8627,.F.);
#8720 = ORIENTED_EDGE('',*,*,#8698,.F.);
#8721 = ORIENTED_EDGE('',*,*,#8722,.F.);
#8722 = EDGE_CURVE('',#8723,#8699,#8725,.T.);
#8723 = VERTEX_POINT('',#8724);
#8724 = CARTESIAN_POINT('',(-165.48,-115.,4.E+03));
#8725 = LINE('',#8726,#8727);
#8726 = CARTESIAN_POINT('',(-165.48,-51.62105397701,4.E+03));
#8727 = VECTOR('',#8728,1.);
#8728 = DIRECTION('',(0.,1.,0.));
#8729 = ORIENTED_EDGE('',*,*,#8730,.F.);
#8730 = EDGE_CURVE('',#8731,#8723,#8733,.T.);
#8731 = VERTEX_POINT('',#8732);
#8732 = CARTESIAN_POINT('',(-165.48,-115.,3.9227E+03));
#8733 = LINE('',#8734,#8735);
#8734 = CARTESIAN_POINT('',(-165.48,-115.,3.E+03));
#8735 = VECTOR('',#8736,1.);
#8736 = DIRECTION('',(0.,0.,1.));
#8737 = ORIENTED_EDGE('',*,*,#8738,.F.);
#8738 = EDGE_CURVE('',#8739,#8731,#8741,.T.);
#8739 = VERTEX_POINT('',#8740);
#8740 = CARTESIAN_POINT('',(-165.48,-175.,3.9227E+03));
#8741 = LINE('',#8742,#8743);
#8742 = CARTESIAN_POINT('',(-165.48,-57.97105397701,3.9227E+03));
#8743 = VECTOR('',#8744,1.);
#8744 = DIRECTION('',(0.,1.,0.));
#8745 = ORIENTED_EDGE('',*,*,#8746,.F.);
#8746 = EDGE_CURVE('',#8620,#8739,#8747,.T.);
#8747 = LINE('',#8748,#8749);
#8748 = CARTESIAN_POINT('',(-165.48,-174.9999999999,2.96135E+03));
#8749 = VECTOR('',#8750,1.);
#8750 = DIRECTION('',(0.,-3.357E-14,1.));
#8751 = PLANE('',#8752);
#8752 = AXIS2_PLACEMENT_3D('',#8753,#8754,#8755);
#8753 = CARTESIAN_POINT('',(-165.48,-0.942107954023,2.E+03));
#8754 = DIRECTION('',(1.,0.,0.));
#8755 = DIRECTION('',(0.,0.,1.));
#8756 = ADVANCED_FACE('',(#8757),#8782,.T.);
#8757 = FACE_BOUND('',#8758,.T.);
#8758 = EDGE_LOOP('',(#8759,#8760,#8768,#8776));
#8759 = ORIENTED_EDGE('',*,*,#8666,.F.);
#8760 = ORIENTED_EDGE('',*,*,#8761,.T.);
#8761 = EDGE_CURVE('',#8659,#8762,#8764,.T.);
#8762 = VERTEX_POINT('',#8763);
#8763 = CARTESIAN_POINT('',(6.35,-115.,4.E+03));
#8764 = LINE('',#8765,#8766);
#8765 = CARTESIAN_POINT('',(165.48,-115.,4.E+03));
#8766 = VECTOR('',#8767,1.);
#8767 = DIRECTION('',(-1.,0.,0.));
#8768 = ORIENTED_EDGE('',*,*,#8769,.F.);
#8769 = EDGE_CURVE('',#8770,#8762,#8772,.T.);
#8770 = VERTEX_POINT('',#8771);
#8771 = CARTESIAN_POINT('',(6.35,-115.,3.9227E+03));
#8772 = LINE('',#8773,#8774);
#8773 = CARTESIAN_POINT('',(6.35,-115.,3.9227E+03));
#8774 = VECTOR('',#8775,1.);
#8775 = DIRECTION('',(0.,0.,1.));
#8776 = ORIENTED_EDGE('',*,*,#8777,.F.);
#8777 = EDGE_CURVE('',#8667,#8770,#8778,.T.);
#8778 = LINE('',#8779,#8780);
#8779 = CARTESIAN_POINT('',(165.48,-115.,3.9227E+03));
#8780 = VECTOR('',#8781,1.);
#8781 = DIRECTION('',(-1.,0.,0.));
#8782 = PLANE('',#8783);
#8783 = AXIS2_PLACEMENT_3D('',#8784,#8785,#8786);
#8784 = CARTESIAN_POINT('',(165.48,-115.,4.E+03));
#8785 = DIRECTION('',(-0.,-1.,-0.));
#8786 = DIRECTION('',(0.,0.,-1.));
#8787 = ADVANCED_FACE('',(#8788),#8806,.T.);
#8788 = FACE_BOUND('',#8789,.T.);
#8789 = EDGE_LOOP('',(#8790,#8791,#8792,#8800));
#8790 = ORIENTED_EDGE('',*,*,#8674,.F.);
#8791 = ORIENTED_EDGE('',*,*,#8777,.T.);
#8792 = ORIENTED_EDGE('',*,*,#8793,.F.);
#8793 = EDGE_CURVE('',#8794,#8770,#8796,.T.);
#8794 = VERTEX_POINT('',#8795);
#8795 = CARTESIAN_POINT('',(6.35,-175.,3.9227E+03));
#8796 = LINE('',#8797,#8798);
#8797 = CARTESIAN_POINT('',(6.35,-175.,3.9227E+03));
#8798 = VECTOR('',#8799,1.);
#8799 = DIRECTION('',(0.,1.,0.));
#8800 = ORIENTED_EDGE('',*,*,#8801,.F.);
#8801 = EDGE_CURVE('',#8675,#8794,#8802,.T.);
#8802 = LINE('',#8803,#8804);
#8803 = CARTESIAN_POINT('',(165.48,-175.,3.9227E+03));
#8804 = VECTOR('',#8805,1.);
#8805 = DIRECTION('',(-1.,0.,0.));
#8806 = PLANE('',#8807);
#8807 = AXIS2_PLACEMENT_3D('',#8808,#8809,#8810);
#8808 = CARTESIAN_POINT('',(165.48,-115.,3.9227E+03));
#8809 = DIRECTION('',(0.,0.,1.));
#8810 = DIRECTION('',(0.,-1.,0.));
#8811 = ADVANCED_FACE('',(#8812),#8837,.T.);
#8812 = FACE_BOUND('',#8813,.T.);
#8813 = EDGE_LOOP('',(#8814,#8824,#8830,#8831));
#8814 = ORIENTED_EDGE('',*,*,#8815,.F.);
#8815 = EDGE_CURVE('',#8816,#8818,#8820,.T.);
#8816 = VERTEX_POINT('',#8817);
#8817 = CARTESIAN_POINT('',(-6.35,-115.,3.9227E+03));
#8818 = VERTEX_POINT('',#8819);
#8819 = CARTESIAN_POINT('',(-6.35,-175.,3.9227E+03));
#8820 = LINE('',#8821,#8822);
#8821 = CARTESIAN_POINT('',(-6.35,-115.,3.9227E+03));
#8822 = VECTOR('',#8823,1.);
#8823 = DIRECTION('',(0.,-1.,0.));
#8824 = ORIENTED_EDGE('',*,*,#8825,.T.);
#8825 = EDGE_CURVE('',#8816,#8731,#8826,.T.);
#8826 = LINE('',#8827,#8828);
#8827 = CARTESIAN_POINT('',(165.48,-115.,3.9227E+03));
#8828 = VECTOR('',#8829,1.);
#8829 = DIRECTION('',(-1.,0.,0.));
#8830 = ORIENTED_EDGE('',*,*,#8738,.F.);
#8831 = ORIENTED_EDGE('',*,*,#8832,.F.);
#8832 = EDGE_CURVE('',#8818,#8739,#8833,.T.);
#8833 = LINE('',#8834,#8835);
#8834 = CARTESIAN_POINT('',(165.48,-175.,3.9227E+03));
#8835 = VECTOR('',#8836,1.);
#8836 = DIRECTION('',(-1.,0.,0.));
#8837 = PLANE('',#8838);
#8838 = AXIS2_PLACEMENT_3D('',#8839,#8840,#8841);
#8839 = CARTESIAN_POINT('',(165.48,-115.,3.9227E+03));
#8840 = DIRECTION('',(0.,0.,1.));
#8841 = DIRECTION('',(0.,-1.,0.));
#8842 = ADVANCED_FACE('',(#8843),#8861,.T.);
#8843 = FACE_BOUND('',#8844,.T.);
#8844 = EDGE_LOOP('',(#8845,#8853,#8859,#8860));
#8845 = ORIENTED_EDGE('',*,*,#8846,.T.);
#8846 = EDGE_CURVE('',#8816,#8847,#8849,.T.);
#8847 = VERTEX_POINT('',#8848);
#8848 = CARTESIAN_POINT('',(-6.35,-115.,4.E+03));
#8849 = LINE('',#8850,#8851);
#8850 = CARTESIAN_POINT('',(-6.35,-115.,3.9227E+03));
#8851 = VECTOR('',#8852,1.);
#8852 = DIRECTION('',(0.,0.,1.));
#8853 = ORIENTED_EDGE('',*,*,#8854,.T.);
#8854 = EDGE_CURVE('',#8847,#8723,#8855,.T.);
#8855 = LINE('',#8856,#8857);
#8856 = CARTESIAN_POINT('',(165.48,-115.,4.E+03));
#8857 = VECTOR('',#8858,1.);
#8858 = DIRECTION('',(-1.,0.,0.));
#8859 = ORIENTED_EDGE('',*,*,#8730,.F.);
#8860 = ORIENTED_EDGE('',*,*,#8825,.F.);
#8861 = PLANE('',#8862);
#8862 = AXIS2_PLACEMENT_3D('',#8863,#8864,#8865);
#8863 = CARTESIAN_POINT('',(165.48,-115.,4.E+03));
#8864 = DIRECTION('',(-0.,-1.,-0.));
#8865 = DIRECTION('',(0.,0.,-1.));
#8866 = ADVANCED_FACE('',(#8867),#8885,.F.);
#8867 = FACE_BOUND('',#8868,.F.);
#8868 = EDGE_LOOP('',(#8869,#8870,#8878,#8884));
#8869 = ORIENTED_EDGE('',*,*,#8793,.F.);
#8870 = ORIENTED_EDGE('',*,*,#8871,.T.);
#8871 = EDGE_CURVE('',#8794,#8872,#8874,.T.);
#8872 = VERTEX_POINT('',#8873);
#8873 = CARTESIAN_POINT('',(6.35,-175.,4.E+03));
#8874 = LINE('',#8875,#8876);
#8875 = CARTESIAN_POINT('',(6.35,-175.,3.9227E+03));
#8876 = VECTOR('',#8877,1.);
#8877 = DIRECTION('',(0.,0.,1.));
#8878 = ORIENTED_EDGE('',*,*,#8879,.T.);
#8879 = EDGE_CURVE('',#8872,#8762,#8880,.T.);
#8880 = LINE('',#8881,#8882);
#8881 = CARTESIAN_POINT('',(6.35,-138.65,4.E+03));
#8882 = VECTOR('',#8883,1.);
#8883 = DIRECTION('',(0.,1.,0.));
#8884 = ORIENTED_EDGE('',*,*,#8769,.F.);
#8885 = PLANE('',#8886);
#8886 = AXIS2_PLACEMENT_3D('',#8887,#8888,#8889);
#8887 = CARTESIAN_POINT('',(6.35,-175.,3.9227E+03));
#8888 = DIRECTION('',(-1.,0.,0.));
#8889 = DIRECTION('',(0.,1.,0.));
#8890 = ADVANCED_FACE('',(#8891),#8909,.F.);
#8891 = FACE_BOUND('',#8892,.F.);
#8892 = EDGE_LOOP('',(#8893,#8894,#8895,#8903));
#8893 = ORIENTED_EDGE('',*,*,#8815,.F.);
#8894 = ORIENTED_EDGE('',*,*,#8846,.T.);
#8895 = ORIENTED_EDGE('',*,*,#8896,.T.);
#8896 = EDGE_CURVE('',#8847,#8897,#8899,.T.);
#8897 = VERTEX_POINT('',#8898);
#8898 = CARTESIAN_POINT('',(-6.35,-175.,4.E+03));
#8899 = LINE('',#8900,#8901);
#8900 = CARTESIAN_POINT('',(-6.35,-108.65,4.E+03));
#8901 = VECTOR('',#8902,1.);
#8902 = DIRECTION('',(0.,-1.,0.));
#8903 = ORIENTED_EDGE('',*,*,#8904,.F.);
#8904 = EDGE_CURVE('',#8818,#8897,#8905,.T.);
#8905 = LINE('',#8906,#8907);
#8906 = CARTESIAN_POINT('',(-6.35,-175.,3.9227E+03));
#8907 = VECTOR('',#8908,1.);
#8908 = DIRECTION('',(0.,0.,1.));
#8909 = PLANE('',#8910);
#8910 = AXIS2_PLACEMENT_3D('',#8911,#8912,#8913);
#8911 = CARTESIAN_POINT('',(-6.35,-115.,3.9227E+03));
#8912 = DIRECTION('',(1.,0.,0.));
#8913 = DIRECTION('',(0.,-1.,0.));
#8914 = ADVANCED_FACE('',(#8915),#8930,.T.);
#8915 = FACE_BOUND('',#8916,.T.);
#8916 = EDGE_LOOP('',(#8917,#8918,#8919,#8920,#8926,#8927,#8928,#8929));
#8917 = ORIENTED_EDGE('',*,*,#8682,.F.);
#8918 = ORIENTED_EDGE('',*,*,#8801,.T.);
#8919 = ORIENTED_EDGE('',*,*,#8871,.T.);
#8920 = ORIENTED_EDGE('',*,*,#8921,.F.);
#8921 = EDGE_CURVE('',#8897,#8872,#8922,.T.);
#8922 = LINE('',#8923,#8924);
#8923 = CARTESIAN_POINT('',(79.565,-175.,4.E+03));
#8924 = VECTOR('',#8925,1.);
#8925 = DIRECTION('',(1.,0.,0.));
#8926 = ORIENTED_EDGE('',*,*,#8904,.F.);
#8927 = ORIENTED_EDGE('',*,*,#8832,.T.);
#8928 = ORIENTED_EDGE('',*,*,#8746,.F.);
#8929 = ORIENTED_EDGE('',*,*,#8619,.F.);
#8930 = PLANE('',#8931);
#8931 = AXIS2_PLACEMENT_3D('',#8932,#8933,#8934);
#8932 = CARTESIAN_POINT('',(0.,-175.,3.925779292569E+03));
#8933 = DIRECTION('',(-0.,-1.,-3.95E-15));
#8934 = DIRECTION('',(0.,3.95E-15,-1.));
#8935 = ADVANCED_FACE('',(#8936),#8946,.T.);
#8936 = FACE_BOUND('',#8937,.T.);
#8937 = EDGE_LOOP('',(#8938,#8939,#8940,#8941,#8942,#8943,#8944,#8945));
#8938 = ORIENTED_EDGE('',*,*,#8658,.F.);
#8939 = ORIENTED_EDGE('',*,*,#8706,.T.);
#8940 = ORIENTED_EDGE('',*,*,#8722,.F.);
#8941 = ORIENTED_EDGE('',*,*,#8854,.F.);
#8942 = ORIENTED_EDGE('',*,*,#8896,.T.);
#8943 = ORIENTED_EDGE('',*,*,#8921,.T.);
#8944 = ORIENTED_EDGE('',*,*,#8879,.T.);
#8945 = ORIENTED_EDGE('',*,*,#8761,.F.);
#8946 = PLANE('',#8947);
#8947 = AXIS2_PLACEMENT_3D('',#8948,#8949,#8950);
#8948 = CARTESIAN_POINT('',(1.41E-15,-114.9969256304,4.E+03));
#8949 = DIRECTION('',(0.,0.,1.));
#8950 = DIRECTION('',(1.,0.,-0.));
#8951 = ( GEOMETRIC_REPRESENTATION_CONTEXT(3) 
GLOBAL_UNCERTAINTY_ASSIGNED_CONTEXT((#8955)) 
GLOBAL_UNIT_ASSIGNED_CONTEXT((#8952,#8953,#8954)) REPRESENTATION_CONTEXT
('Context #1','3D Context with UNIT and UNCERTAINTY') );
#8952 = ( LENGTH_UNIT() NAMED_UNIT(*) SI_UNIT(.MILLI.,.METRE.) );
#8953 = ( NAMED_UNIT(*) PLANE_ANGLE_UNIT() SI_UNIT($,.RADIAN.) );
#8954 = ( NAMED_UNIT(*) SI_UNIT($,.STERADIAN.) SOLID_ANGLE_UNIT() );
#8955 = UNCERTAINTY_MEASURE_WITH_UNIT(LENGTH_MEASURE(2.E-07),#8952,
  'distance_accuracy_value','confusion accuracy');
#8956 = CONTEXT_DEPENDENT_SHAPE_REPRESENTATION(#8957,#8959);
#8957 = ( REPRESENTATION_RELATIONSHIP('','',#8602,#7719) 
REPRESENTATION_RELATIONSHIP_WITH_TRANSFORMATION(#8958) 
SHAPE_REPRESENTATION_RELATIONSHIP() );
#8958 = ITEM_DEFINED_TRANSFORMATION('','',#11,#7728);
#8959 = PRODUCT_DEFINITION_SHAPE('Placement','Placement of an item',
  #8960);
#8960 = NEXT_ASSEMBLY_USAGE_OCCURRENCE('17','caixa_parafusos_superior',
  '',#7714,#8597,$);
#8961 = CC_DESIGN_SECURITY_CLASSIFICATION(#8962,(#8960));
#8962 = SECURITY_CLASSIFICATION('','',#55);
#8963 = CC_DESIGN_PERSON_AND_ORGANIZATION_ASSIGNMENT(#44,#53,(#8962));
#8964 = CC_DESIGN_DATE_AND_TIME_ASSIGNMENT(#58,#64,(#8962));
#8965 = CC_DESIGN_APPROVAL(#66,(#8962));
#8966 = PRODUCT_RELATED_PRODUCT_CATEGORY('detail',$,(#8599));
#8967 = PRODUCT_CATEGORY_RELATIONSHIP('','',#8968,#8966);
#8968 = PRODUCT_CATEGORY('part',$);
#8969 = CC_DESIGN_PERSON_AND_ORGANIZATION_ASSIGNMENT(#44,#47,(#8598,
    #8597));
#8970 = CC_DESIGN_PERSON_AND_ORGANIZATION_ASSIGNMENT(#44,#49,(#8599));
#8971 = CC_DESIGN_PERSON_AND_ORGANIZATION_ASSIGNMENT(#44,#51,(#8598));
#8972 = CC_DESIGN_PERSON_AND_ORGANIZATION_ASSIGNMENT(#44,#53,(#8973));
#8973 = SECURITY_CLASSIFICATION('','',#55);
#8974 = CC_DESIGN_SECURITY_CLASSIFICATION(#8973,(#8598));
#8975 = CC_DESIGN_DATE_AND_TIME_ASSIGNMENT(#58,#62,(#8597));
#8976 = CC_DESIGN_DATE_AND_TIME_ASSIGNMENT(#58,#64,(#8973));
#8977 = CC_DESIGN_APPROVAL(#66,(#8598,#8597,#8973));
#8978 = SHAPE_DEFINITION_REPRESENTATION(#8979,#8985);
#8979 = PRODUCT_DEFINITION_SHAPE('','',#8980);
#8980 = PRODUCT_DEFINITION('design','',#8981,#8984);
#8981 = PRODUCT_DEFINITION_FORMATION_WITH_SPECIFIED_SOURCE('','',#8982,
  .NOT_KNOWN.);
#8982 = PRODUCT('jotas','jotas','',(#8983));
#8983 = MECHANICAL_CONTEXT('',#2,'mechanical');
#8984 = DESIGN_CONTEXT('',#2,'design');
#8985 = SHAPE_REPRESENTATION('',(#11),#8986);
#8986 = ( GEOMETRIC_REPRESENTATION_CONTEXT(3) 
GLOBAL_UNCERTAINTY_ASSIGNED_CONTEXT((#8990)) 
GLOBAL_UNIT_ASSIGNED_CONTEXT((#8987,#8988,#8989)) REPRESENTATION_CONTEXT
('Context #1','3D Context with UNIT and UNCERTAINTY') );
#8987 = ( LENGTH_UNIT() NAMED_UNIT(*) SI_UNIT(.MILLI.,.METRE.) );
#8988 = ( NAMED_UNIT(*) PLANE_ANGLE_UNIT() SI_UNIT($,.RADIAN.) );
#8989 = ( NAMED_UNIT(*) SI_UNIT($,.STERADIAN.) SOLID_ANGLE_UNIT() );
#8990 = UNCERTAINTY_MEASURE_WITH_UNIT(LENGTH_MEASURE(1.E-07),#8987,
  'distance_accuracy_value','confusion accuracy');
#8991 = CONTEXT_DEPENDENT_SHAPE_REPRESENTATION(#8992,#8994);
#8992 = ( REPRESENTATION_RELATIONSHIP('','',#8985,#7719) 
REPRESENTATION_RELATIONSHIP_WITH_TRANSFORMATION(#8993) 
SHAPE_REPRESENTATION_RELATIONSHIP() );
#8993 = ITEM_DEFINED_TRANSFORMATION('','',#11,#7732);
#8994 = PRODUCT_DEFINITION_SHAPE('Placement','Placement of an item',
  #8995);
#8995 = NEXT_ASSEMBLY_USAGE_OCCURRENCE('18','jotas','',#7714,#8980,$);
#8996 = CC_DESIGN_SECURITY_CLASSIFICATION(#8997,(#8995));
#8997 = SECURITY_CLASSIFICATION('','',#55);
#8998 = CC_DESIGN_PERSON_AND_ORGANIZATION_ASSIGNMENT(#44,#53,(#8997));
#8999 = CC_DESIGN_DATE_AND_TIME_ASSIGNMENT(#58,#64,(#8997));
#9000 = CC_DESIGN_APPROVAL(#66,(#8997));
#9001 = PRODUCT_RELATED_PRODUCT_CATEGORY('detail',$,(#8982));
#9002 = PRODUCT_CATEGORY_RELATIONSHIP('','',#9003,#9001);
#9003 = PRODUCT_CATEGORY('part',$);
#9004 = CC_DESIGN_PERSON_AND_ORGANIZATION_ASSIGNMENT(#44,#47,(#8981,
    #8980));
#9005 = CC_DESIGN_PERSON_AND_ORGANIZATION_ASSIGNMENT(#44,#49,(#8982));
#9006 = CC_DESIGN_PERSON_AND_ORGANIZATION_ASSIGNMENT(#44,#51,(#8981));
#9007 = CC_DESIGN_PERSON_AND_ORGANIZATION_ASSIGNMENT(#44,#53,(#9008));
#9008 = SECURITY_CLASSIFICATION('','',#55);
#9009 = CC_DESIGN_SECURITY_CLASSIFICATION(#9008,(#8981));
#9010 = CC_DESIGN_DATE_AND_TIME_ASSIGNMENT(#58,#62,(#8980));
#9011 = CC_DESIGN_DATE_AND_TIME_ASSIGNMENT(#58,#64,(#9008));
#9012 = CC_DESIGN_APPROVAL(#66,(#8981,#8980,#9008));
#9013 = SHAPE_REPRESENTATION_RELATIONSHIP('','',#9014,#8985);
#9014 = ADVANCED_BREP_SHAPE_REPRESENTATION('',(#11,#9015),#9301);
#9015 = MANIFOLD_SOLID_BREP('',#9016);
#9016 = CLOSED_SHELL('',(#9017,#9057,#9122,#9146,#9204,#9221,#9233,#9255
    ,#9272,#9289));
#9017 = ADVANCED_FACE('',(#9018),#9052,.T.);
#9018 = FACE_BOUND('',#9019,.T.);
#9019 = EDGE_LOOP('',(#9020,#9030,#9038,#9046));
#9020 = ORIENTED_EDGE('',*,*,#9021,.F.);
#9021 = EDGE_CURVE('',#9022,#9024,#9026,.T.);
#9022 = VERTEX_POINT('',#9023);
#9023 = CARTESIAN_POINT('',(-175.,-175.,0.));
#9024 = VERTEX_POINT('',#9025);
#9025 = CARTESIAN_POINT('',(-235.,-175.,0.));
#9026 = LINE('',#9027,#9028);
#9027 = CARTESIAN_POINT('',(-175.,-175.,0.));
#9028 = VECTOR('',#9029,1.);
#9029 = DIRECTION('',(-1.,0.,0.));
#9030 = ORIENTED_EDGE('',*,*,#9031,.T.);
#9031 = EDGE_CURVE('',#9022,#9032,#9034,.T.);
#9032 = VERTEX_POINT('',#9033);
#9033 = CARTESIAN_POINT('',(-175.,-175.,4.E+03));
#9034 = LINE('',#9035,#9036);
#9035 = CARTESIAN_POINT('',(-175.,-175.,0.));
#9036 = VECTOR('',#9037,1.);
#9037 = DIRECTION('',(0.,0.,1.));
#9038 = ORIENTED_EDGE('',*,*,#9039,.T.);
#9039 = EDGE_CURVE('',#9032,#9040,#9042,.T.);
#9040 = VERTEX_POINT('',#9041);
#9041 = CARTESIAN_POINT('',(-235.,-175.,4.E+03));
#9042 = LINE('',#9043,#9044);
#9043 = CARTESIAN_POINT('',(-87.5,-175.,4.E+03));
#9044 = VECTOR('',#9045,1.);
#9045 = DIRECTION('',(-1.,0.,0.));
#9046 = ORIENTED_EDGE('',*,*,#9047,.F.);
#9047 = EDGE_CURVE('',#9024,#9040,#9048,.T.);
#9048 = LINE('',#9049,#9050);
#9049 = CARTESIAN_POINT('',(-235.,-175.,0.));
#9050 = VECTOR('',#9051,1.);
#9051 = DIRECTION('',(0.,0.,1.));
#9052 = PLANE('',#9053);
#9053 = AXIS2_PLACEMENT_3D('',#9054,#9055,#9056);
#9054 = CARTESIAN_POINT('',(-175.,-175.,0.));
#9055 = DIRECTION('',(-0.,-1.,-0.));
#9056 = DIRECTION('',(-1.,0.,0.));
#9057 = ADVANCED_FACE('',(#9058,#9083),#9117,.F.);
#9058 = FACE_BOUND('',#9059,.T.);
#9059 = EDGE_LOOP('',(#9060,#9061,#9069,#9077));
#9060 = ORIENTED_EDGE('',*,*,#9021,.T.);
#9061 = ORIENTED_EDGE('',*,*,#9062,.T.);
#9062 = EDGE_CURVE('',#9024,#9063,#9065,.T.);
#9063 = VERTEX_POINT('',#9064);
#9064 = CARTESIAN_POINT('',(-235.,-115.,0.));
#9065 = LINE('',#9066,#9067);
#9066 = CARTESIAN_POINT('',(-235.,-175.,0.));
#9067 = VECTOR('',#9068,1.);
#9068 = DIRECTION('',(0.,1.,0.));
#9069 = ORIENTED_EDGE('',*,*,#9070,.T.);
#9070 = EDGE_CURVE('',#9063,#9071,#9073,.T.);
#9071 = VERTEX_POINT('',#9072);
#9072 = CARTESIAN_POINT('',(-175.,-115.,0.));
#9073 = LINE('',#9074,#9075);
#9074 = CARTESIAN_POINT('',(-235.,-115.,0.));
#9075 = VECTOR('',#9076,1.);
#9076 = DIRECTION('',(1.,0.,0.));
#9077 = ORIENTED_EDGE('',*,*,#9078,.T.);
#9078 = EDGE_CURVE('',#9071,#9022,#9079,.T.);
#9079 = LINE('',#9080,#9081);
#9080 = CARTESIAN_POINT('',(-175.,-115.,0.));
#9081 = VECTOR('',#9082,1.);
#9082 = DIRECTION('',(0.,-1.,0.));
#9083 = FACE_BOUND('',#9084,.F.);
#9084 = EDGE_LOOP('',(#9085,#9095,#9103,#9111));
#9085 = ORIENTED_EDGE('',*,*,#9086,.T.);
#9086 = EDGE_CURVE('',#9087,#9089,#9091,.T.);
#9087 = VERTEX_POINT('',#9088);
#9088 = CARTESIAN_POINT('',(-184.52,-165.48,0.));
#9089 = VERTEX_POINT('',#9090);
#9090 = CARTESIAN_POINT('',(-225.48,-165.48,0.));
#9091 = LINE('',#9092,#9093);
#9092 = CARTESIAN_POINT('',(-184.52,-165.48,0.));
#9093 = VECTOR('',#9094,1.);
#9094 = DIRECTION('',(-1.,0.,0.));
#9095 = ORIENTED_EDGE('',*,*,#9096,.T.);
#9096 = EDGE_CURVE('',#9089,#9097,#9099,.T.);
#9097 = VERTEX_POINT('',#9098);
#9098 = CARTESIAN_POINT('',(-225.48,-124.52,0.));
#9099 = LINE('',#9100,#9101);
#9100 = CARTESIAN_POINT('',(-225.48,-165.48,0.));
#9101 = VECTOR('',#9102,1.);
#9102 = DIRECTION('',(0.,1.,0.));
#9103 = ORIENTED_EDGE('',*,*,#9104,.T.);
#9104 = EDGE_CURVE('',#9097,#9105,#9107,.T.);
#9105 = VERTEX_POINT('',#9106);
#9106 = CARTESIAN_POINT('',(-184.52,-124.52,0.));
#9107 = LINE('',#9108,#9109);
#9108 = CARTESIAN_POINT('',(-225.48,-124.52,0.));
#9109 = VECTOR('',#9110,1.);
#9110 = DIRECTION('',(1.,0.,0.));
#9111 = ORIENTED_EDGE('',*,*,#9112,.T.);
#9112 = EDGE_CURVE('',#9105,#9087,#9113,.T.);
#9113 = LINE('',#9114,#9115);
#9114 = CARTESIAN_POINT('',(-184.52,-124.52,0.));
#9115 = VECTOR('',#9116,1.);
#9116 = DIRECTION('',(0.,-1.,0.));
#9117 = PLANE('',#9118);
#9118 = AXIS2_PLACEMENT_3D('',#9119,#9120,#9121);
#9119 = CARTESIAN_POINT('',(-3.153E-14,-145.,0.));
#9120 = DIRECTION('',(0.,0.,1.));
#9121 = DIRECTION('',(1.,0.,0.));
#9122 = ADVANCED_FACE('',(#9123),#9141,.T.);
#9123 = FACE_BOUND('',#9124,.T.);
#9124 = EDGE_LOOP('',(#9125,#9126,#9127,#9135));
#9125 = ORIENTED_EDGE('',*,*,#9062,.F.);
#9126 = ORIENTED_EDGE('',*,*,#9047,.T.);
#9127 = ORIENTED_EDGE('',*,*,#9128,.T.);
#9128 = EDGE_CURVE('',#9040,#9129,#9131,.T.);
#9129 = VERTEX_POINT('',#9130);
#9130 = CARTESIAN_POINT('',(-235.,-115.,4.E+03));
#9131 = LINE('',#9132,#9133);
#9132 = CARTESIAN_POINT('',(-235.,-87.78156552794,4.E+03));
#9133 = VECTOR('',#9134,1.);
#9134 = DIRECTION('',(0.,1.,0.));
#9135 = ORIENTED_EDGE('',*,*,#9136,.F.);
#9136 = EDGE_CURVE('',#9063,#9129,#9137,.T.);
#9137 = LINE('',#9138,#9139);
#9138 = CARTESIAN_POINT('',(-235.,-115.,0.));
#9139 = VECTOR('',#9140,1.);
#9140 = DIRECTION('',(0.,0.,1.));
#9141 = PLANE('',#9142);
#9142 = AXIS2_PLACEMENT_3D('',#9143,#9144,#9145);
#9143 = CARTESIAN_POINT('',(-235.,-175.,0.));
#9144 = DIRECTION('',(-1.,0.,0.));
#9145 = DIRECTION('',(0.,1.,0.));
#9146 = ADVANCED_FACE('',(#9147,#9165),#9199,.T.);
#9147 = FACE_BOUND('',#9148,.T.);
#9148 = EDGE_LOOP('',(#9149,#9150,#9158,#9164));
#9149 = ORIENTED_EDGE('',*,*,#9039,.F.);
#9150 = ORIENTED_EDGE('',*,*,#9151,.F.);
#9151 = EDGE_CURVE('',#9152,#9032,#9154,.T.);
#9152 = VERTEX_POINT('',#9153);
#9153 = CARTESIAN_POINT('',(-175.,-115.,4.E+03));
#9154 = LINE('',#9155,#9156);
#9155 = CARTESIAN_POINT('',(-175.,-57.78156552794,4.E+03));
#9156 = VECTOR('',#9157,1.);
#9157 = DIRECTION('',(0.,-1.,0.));
#9158 = ORIENTED_EDGE('',*,*,#9159,.F.);
#9159 = EDGE_CURVE('',#9129,#9152,#9160,.T.);
#9160 = LINE('',#9161,#9162);
#9161 = CARTESIAN_POINT('',(-117.5,-115.,4.E+03));
#9162 = VECTOR('',#9163,1.);
#9163 = DIRECTION('',(1.,0.,0.));
#9164 = ORIENTED_EDGE('',*,*,#9128,.F.);
#9165 = FACE_BOUND('',#9166,.T.);
#9166 = EDGE_LOOP('',(#9167,#9177,#9185,#9193));
#9167 = ORIENTED_EDGE('',*,*,#9168,.T.);
#9168 = EDGE_CURVE('',#9169,#9171,#9173,.T.);
#9169 = VERTEX_POINT('',#9170);
#9170 = CARTESIAN_POINT('',(-184.52,-124.52,4.E+03));
#9171 = VERTEX_POINT('',#9172);
#9172 = CARTESIAN_POINT('',(-184.52,-165.48,4.E+03));
#9173 = LINE('',#9174,#9175);
#9174 = CARTESIAN_POINT('',(-184.52,-62.54156552794,4.E+03));
#9175 = VECTOR('',#9176,1.);
#9176 = DIRECTION('',(0.,-1.,0.));
#9177 = ORIENTED_EDGE('',*,*,#9178,.T.);
#9178 = EDGE_CURVE('',#9171,#9179,#9181,.T.);
#9179 = VERTEX_POINT('',#9180);
#9180 = CARTESIAN_POINT('',(-225.48,-165.48,4.E+03));
#9181 = LINE('',#9182,#9183);
#9182 = CARTESIAN_POINT('',(-92.26,-165.48,4.E+03));
#9183 = VECTOR('',#9184,1.);
#9184 = DIRECTION('',(-1.,0.,0.));
#9185 = ORIENTED_EDGE('',*,*,#9186,.T.);
#9186 = EDGE_CURVE('',#9179,#9187,#9189,.T.);
#9187 = VERTEX_POINT('',#9188);
#9188 = CARTESIAN_POINT('',(-225.48,-124.52,4.E+03));
#9189 = LINE('',#9190,#9191);
#9190 = CARTESIAN_POINT('',(-225.48,-83.02156552794,4.E+03));
#9191 = VECTOR('',#9192,1.);
#9192 = DIRECTION('',(0.,1.,0.));
#9193 = ORIENTED_EDGE('',*,*,#9194,.T.);
#9194 = EDGE_CURVE('',#9187,#9169,#9195,.T.);
#9195 = LINE('',#9196,#9197);
#9196 = CARTESIAN_POINT('',(-112.74,-124.52,4.E+03));
#9197 = VECTOR('',#9198,1.);
#9198 = DIRECTION('',(1.,0.,0.));
#9199 = PLANE('',#9200);
#9200 = AXIS2_PLACEMENT_3D('',#9201,#9202,#9203);
#9201 = CARTESIAN_POINT('',(-4.2E-16,-0.563131055882,4.E+03));
#9202 = DIRECTION('',(0.,0.,1.));
#9203 = DIRECTION('',(1.,0.,-0.));
#9204 = ADVANCED_FACE('',(#9205),#9216,.T.);
#9205 = FACE_BOUND('',#9206,.T.);
#9206 = EDGE_LOOP('',(#9207,#9208,#9214,#9215));
#9207 = ORIENTED_EDGE('',*,*,#9078,.F.);
#9208 = ORIENTED_EDGE('',*,*,#9209,.T.);
#9209 = EDGE_CURVE('',#9071,#9152,#9210,.T.);
#9210 = LINE('',#9211,#9212);
#9211 = CARTESIAN_POINT('',(-175.,-115.,0.));
#9212 = VECTOR('',#9213,1.);
#9213 = DIRECTION('',(0.,0.,1.));
#9214 = ORIENTED_EDGE('',*,*,#9151,.T.);
#9215 = ORIENTED_EDGE('',*,*,#9031,.F.);
#9216 = PLANE('',#9217);
#9217 = AXIS2_PLACEMENT_3D('',#9218,#9219,#9220);
#9218 = CARTESIAN_POINT('',(-175.,-115.,0.));
#9219 = DIRECTION('',(1.,0.,0.));
#9220 = DIRECTION('',(0.,-1.,0.));
#9221 = ADVANCED_FACE('',(#9222),#9228,.T.);
#9222 = FACE_BOUND('',#9223,.T.);
#9223 = EDGE_LOOP('',(#9224,#9225,#9226,#9227));
#9224 = ORIENTED_EDGE('',*,*,#9070,.F.);
#9225 = ORIENTED_EDGE('',*,*,#9136,.T.);
#9226 = ORIENTED_EDGE('',*,*,#9159,.T.);
#9227 = ORIENTED_EDGE('',*,*,#9209,.F.);
#9228 = PLANE('',#9229);
#9229 = AXIS2_PLACEMENT_3D('',#9230,#9231,#9232);
#9230 = CARTESIAN_POINT('',(-235.,-115.,0.));
#9231 = DIRECTION('',(0.,1.,0.));
#9232 = DIRECTION('',(1.,0.,0.));
#9233 = ADVANCED_FACE('',(#9234),#9250,.F.);
#9234 = FACE_BOUND('',#9235,.F.);
#9235 = EDGE_LOOP('',(#9236,#9237,#9243,#9244));
#9236 = ORIENTED_EDGE('',*,*,#9086,.F.);
#9237 = ORIENTED_EDGE('',*,*,#9238,.T.);
#9238 = EDGE_CURVE('',#9087,#9171,#9239,.T.);
#9239 = LINE('',#9240,#9241);
#9240 = CARTESIAN_POINT('',(-184.52,-165.48,0.));
#9241 = VECTOR('',#9242,1.);
#9242 = DIRECTION('',(0.,0.,1.));
#9243 = ORIENTED_EDGE('',*,*,#9178,.T.);
#9244 = ORIENTED_EDGE('',*,*,#9245,.F.);
#9245 = EDGE_CURVE('',#9089,#9179,#9246,.T.);
#9246 = LINE('',#9247,#9248);
#9247 = CARTESIAN_POINT('',(-225.48,-165.48,0.));
#9248 = VECTOR('',#9249,1.);
#9249 = DIRECTION('',(0.,0.,1.));
#9250 = PLANE('',#9251);
#9251 = AXIS2_PLACEMENT_3D('',#9252,#9253,#9254);
#9252 = CARTESIAN_POINT('',(-184.52,-165.48,0.));
#9253 = DIRECTION('',(-0.,-1.,-0.));
#9254 = DIRECTION('',(-1.,0.,0.));
#9255 = ADVANCED_FACE('',(#9256),#9267,.F.);
#9256 = FACE_BOUND('',#9257,.F.);
#9257 = EDGE_LOOP('',(#9258,#9259,#9260,#9261));
#9258 = ORIENTED_EDGE('',*,*,#9096,.F.);
#9259 = ORIENTED_EDGE('',*,*,#9245,.T.);
#9260 = ORIENTED_EDGE('',*,*,#9186,.T.);
#9261 = ORIENTED_EDGE('',*,*,#9262,.F.);
#9262 = EDGE_CURVE('',#9097,#9187,#9263,.T.);
#9263 = LINE('',#9264,#9265);
#9264 = CARTESIAN_POINT('',(-225.48,-124.52,0.));
#9265 = VECTOR('',#9266,1.);
#9266 = DIRECTION('',(0.,0.,1.));
#9267 = PLANE('',#9268);
#9268 = AXIS2_PLACEMENT_3D('',#9269,#9270,#9271);
#9269 = CARTESIAN_POINT('',(-225.48,-165.48,0.));
#9270 = DIRECTION('',(-1.,0.,0.));
#9271 = DIRECTION('',(0.,1.,0.));
#9272 = ADVANCED_FACE('',(#9273),#9284,.F.);
#9273 = FACE_BOUND('',#9274,.F.);
#9274 = EDGE_LOOP('',(#9275,#9276,#9277,#9278));
#9275 = ORIENTED_EDGE('',*,*,#9104,.F.);
#9276 = ORIENTED_EDGE('',*,*,#9262,.T.);
#9277 = ORIENTED_EDGE('',*,*,#9194,.T.);
#9278 = ORIENTED_EDGE('',*,*,#9279,.F.);
#9279 = EDGE_CURVE('',#9105,#9169,#9280,.T.);
#9280 = LINE('',#9281,#9282);
#9281 = CARTESIAN_POINT('',(-184.52,-124.52,0.));
#9282 = VECTOR('',#9283,1.);
#9283 = DIRECTION('',(0.,0.,1.));
#9284 = PLANE('',#9285);
#9285 = AXIS2_PLACEMENT_3D('',#9286,#9287,#9288);
#9286 = CARTESIAN_POINT('',(-225.48,-124.52,0.));
#9287 = DIRECTION('',(0.,1.,0.));
#9288 = DIRECTION('',(1.,0.,0.));
#9289 = ADVANCED_FACE('',(#9290),#9296,.F.);
#9290 = FACE_BOUND('',#9291,.F.);
#9291 = EDGE_LOOP('',(#9292,#9293,#9294,#9295));
#9292 = ORIENTED_EDGE('',*,*,#9112,.F.);
#9293 = ORIENTED_EDGE('',*,*,#9279,.T.);
#9294 = ORIENTED_EDGE('',*,*,#9168,.T.);
#9295 = ORIENTED_EDGE('',*,*,#9238,.F.);
#9296 = PLANE('',#9297);
#9297 = AXIS2_PLACEMENT_3D('',#9298,#9299,#9300);
#9298 = CARTESIAN_POINT('',(-184.52,-124.52,0.));
#9299 = DIRECTION('',(1.,0.,0.));
#9300 = DIRECTION('',(0.,-1.,0.));
#9301 = ( GEOMETRIC_REPRESENTATION_CONTEXT(3) 
GLOBAL_UNCERTAINTY_ASSIGNED_CONTEXT((#9305)) 
GLOBAL_UNIT_ASSIGNED_CONTEXT((#9302,#9303,#9304)) REPRESENTATION_CONTEXT
('Context #1','3D Context with UNIT and UNCERTAINTY') );
#9302 = ( LENGTH_UNIT() NAMED_UNIT(*) SI_UNIT(.MILLI.,.METRE.) );
#9303 = ( NAMED_UNIT(*) PLANE_ANGLE_UNIT() SI_UNIT($,.RADIAN.) );
#9304 = ( NAMED_UNIT(*) SI_UNIT($,.STERADIAN.) SOLID_ANGLE_UNIT() );
#9305 = UNCERTAINTY_MEASURE_WITH_UNIT(LENGTH_MEASURE(1.E-07),#9302,
  'distance_accuracy_value','confusion accuracy');
#9306 = SHAPE_REPRESENTATION_RELATIONSHIP('','',#9307,#8985);
#9307 = ADVANCED_BREP_SHAPE_REPRESENTATION('',(#11,#9308),#9594);
#9308 = MANIFOLD_SOLID_BREP('',#9309);
#9309 = CLOSED_SHELL('',(#9310,#9350,#9415,#9439,#9497,#9514,#9526,#9548
    ,#9565,#9582));
#9310 = ADVANCED_FACE('',(#9311),#9345,.T.);
#9311 = FACE_BOUND('',#9312,.T.);
#9312 = EDGE_LOOP('',(#9313,#9323,#9331,#9339));
#9313 = ORIENTED_EDGE('',*,*,#9314,.F.);
#9314 = EDGE_CURVE('',#9315,#9317,#9319,.T.);
#9315 = VERTEX_POINT('',#9316);
#9316 = CARTESIAN_POINT('',(175.,-175.,0.));
#9317 = VERTEX_POINT('',#9318);
#9318 = CARTESIAN_POINT('',(175.,-115.,0.));
#9319 = LINE('',#9320,#9321);
#9320 = CARTESIAN_POINT('',(175.,-175.,0.));
#9321 = VECTOR('',#9322,1.);
#9322 = DIRECTION('',(0.,1.,0.));
#9323 = ORIENTED_EDGE('',*,*,#9324,.T.);
#9324 = EDGE_CURVE('',#9315,#9325,#9327,.T.);
#9325 = VERTEX_POINT('',#9326);
#9326 = CARTESIAN_POINT('',(175.,-175.,4.E+03));
#9327 = LINE('',#9328,#9329);
#9328 = CARTESIAN_POINT('',(175.,-175.,0.));
#9329 = VECTOR('',#9330,1.);
#9330 = DIRECTION('',(0.,0.,1.));
#9331 = ORIENTED_EDGE('',*,*,#9332,.T.);
#9332 = EDGE_CURVE('',#9325,#9333,#9335,.T.);
#9333 = VERTEX_POINT('',#9334);
#9334 = CARTESIAN_POINT('',(175.,-115.,4.E+03));
#9335 = LINE('',#9336,#9337);
#9336 = CARTESIAN_POINT('',(175.,-87.78156552794,4.E+03));
#9337 = VECTOR('',#9338,1.);
#9338 = DIRECTION('',(0.,1.,0.));
#9339 = ORIENTED_EDGE('',*,*,#9340,.F.);
#9340 = EDGE_CURVE('',#9317,#9333,#9341,.T.);
#9341 = LINE('',#9342,#9343);
#9342 = CARTESIAN_POINT('',(175.,-115.,0.));
#9343 = VECTOR('',#9344,1.);
#9344 = DIRECTION('',(0.,0.,1.));
#9345 = PLANE('',#9346);
#9346 = AXIS2_PLACEMENT_3D('',#9347,#9348,#9349);
#9347 = CARTESIAN_POINT('',(175.,-175.,0.));
#9348 = DIRECTION('',(-1.,0.,0.));
#9349 = DIRECTION('',(0.,1.,0.));
#9350 = ADVANCED_FACE('',(#9351,#9376),#9410,.F.);
#9351 = FACE_BOUND('',#9352,.T.);
#9352 = EDGE_LOOP('',(#9353,#9354,#9362,#9370));
#9353 = ORIENTED_EDGE('',*,*,#9314,.T.);
#9354 = ORIENTED_EDGE('',*,*,#9355,.T.);
#9355 = EDGE_CURVE('',#9317,#9356,#9358,.T.);
#9356 = VERTEX_POINT('',#9357);
#9357 = CARTESIAN_POINT('',(235.,-115.,0.));
#9358 = LINE('',#9359,#9360);
#9359 = CARTESIAN_POINT('',(175.,-115.,0.));
#9360 = VECTOR('',#9361,1.);
#9361 = DIRECTION('',(1.,0.,0.));
#9362 = ORIENTED_EDGE('',*,*,#9363,.T.);
#9363 = EDGE_CURVE('',#9356,#9364,#9366,.T.);
#9364 = VERTEX_POINT('',#9365);
#9365 = CARTESIAN_POINT('',(235.,-175.,0.));
#9366 = LINE('',#9367,#9368);
#9367 = CARTESIAN_POINT('',(235.,-115.,0.));
#9368 = VECTOR('',#9369,1.);
#9369 = DIRECTION('',(0.,-1.,0.));
#9370 = ORIENTED_EDGE('',*,*,#9371,.T.);
#9371 = EDGE_CURVE('',#9364,#9315,#9372,.T.);
#9372 = LINE('',#9373,#9374);
#9373 = CARTESIAN_POINT('',(235.,-175.,0.));
#9374 = VECTOR('',#9375,1.);
#9375 = DIRECTION('',(-1.,0.,0.));
#9376 = FACE_BOUND('',#9377,.F.);
#9377 = EDGE_LOOP('',(#9378,#9388,#9396,#9404));
#9378 = ORIENTED_EDGE('',*,*,#9379,.T.);
#9379 = EDGE_CURVE('',#9380,#9382,#9384,.T.);
#9380 = VERTEX_POINT('',#9381);
#9381 = CARTESIAN_POINT('',(184.52,-165.48,0.));
#9382 = VERTEX_POINT('',#9383);
#9383 = CARTESIAN_POINT('',(184.52,-124.52,0.));
#9384 = LINE('',#9385,#9386);
#9385 = CARTESIAN_POINT('',(184.52,-165.48,0.));
#9386 = VECTOR('',#9387,1.);
#9387 = DIRECTION('',(0.,1.,0.));
#9388 = ORIENTED_EDGE('',*,*,#9389,.T.);
#9389 = EDGE_CURVE('',#9382,#9390,#9392,.T.);
#9390 = VERTEX_POINT('',#9391);
#9391 = CARTESIAN_POINT('',(225.48,-124.52,0.));
#9392 = LINE('',#9393,#9394);
#9393 = CARTESIAN_POINT('',(184.52,-124.52,0.));
#9394 = VECTOR('',#9395,1.);
#9395 = DIRECTION('',(1.,0.,0.));
#9396 = ORIENTED_EDGE('',*,*,#9397,.T.);
#9397 = EDGE_CURVE('',#9390,#9398,#9400,.T.);
#9398 = VERTEX_POINT('',#9399);
#9399 = CARTESIAN_POINT('',(225.48,-165.48,0.));
#9400 = LINE('',#9401,#9402);
#9401 = CARTESIAN_POINT('',(225.48,-124.52,0.));
#9402 = VECTOR('',#9403,1.);
#9403 = DIRECTION('',(0.,-1.,0.));
#9404 = ORIENTED_EDGE('',*,*,#9405,.T.);
#9405 = EDGE_CURVE('',#9398,#9380,#9406,.T.);
#9406 = LINE('',#9407,#9408);
#9407 = CARTESIAN_POINT('',(225.48,-165.48,0.));
#9408 = VECTOR('',#9409,1.);
#9409 = DIRECTION('',(-1.,0.,0.));
#9410 = PLANE('',#9411);
#9411 = AXIS2_PLACEMENT_3D('',#9412,#9413,#9414);
#9412 = CARTESIAN_POINT('',(-3.153E-14,-145.,0.));
#9413 = DIRECTION('',(0.,0.,1.));
#9414 = DIRECTION('',(1.,0.,0.));
#9415 = ADVANCED_FACE('',(#9416),#9434,.T.);
#9416 = FACE_BOUND('',#9417,.T.);
#9417 = EDGE_LOOP('',(#9418,#9419,#9420,#9428));
#9418 = ORIENTED_EDGE('',*,*,#9355,.F.);
#9419 = ORIENTED_EDGE('',*,*,#9340,.T.);
#9420 = ORIENTED_EDGE('',*,*,#9421,.T.);
#9421 = EDGE_CURVE('',#9333,#9422,#9424,.T.);
#9422 = VERTEX_POINT('',#9423);
#9423 = CARTESIAN_POINT('',(235.,-115.,4.E+03));
#9424 = LINE('',#9425,#9426);
#9425 = CARTESIAN_POINT('',(87.5,-115.,4.E+03));
#9426 = VECTOR('',#9427,1.);
#9427 = DIRECTION('',(1.,0.,0.));
#9428 = ORIENTED_EDGE('',*,*,#9429,.F.);
#9429 = EDGE_CURVE('',#9356,#9422,#9430,.T.);
#9430 = LINE('',#9431,#9432);
#9431 = CARTESIAN_POINT('',(235.,-115.,0.));
#9432 = VECTOR('',#9433,1.);
#9433 = DIRECTION('',(0.,0.,1.));
#9434 = PLANE('',#9435);
#9435 = AXIS2_PLACEMENT_3D('',#9436,#9437,#9438);
#9436 = CARTESIAN_POINT('',(175.,-115.,0.));
#9437 = DIRECTION('',(0.,1.,0.));
#9438 = DIRECTION('',(1.,0.,0.));
#9439 = ADVANCED_FACE('',(#9440,#9458),#9492,.T.);
#9440 = FACE_BOUND('',#9441,.T.);
#9441 = EDGE_LOOP('',(#9442,#9443,#9451,#9457));
#9442 = ORIENTED_EDGE('',*,*,#9332,.F.);
#9443 = ORIENTED_EDGE('',*,*,#9444,.F.);
#9444 = EDGE_CURVE('',#9445,#9325,#9447,.T.);
#9445 = VERTEX_POINT('',#9446);
#9446 = CARTESIAN_POINT('',(235.,-175.,4.E+03));
#9447 = LINE('',#9448,#9449);
#9448 = CARTESIAN_POINT('',(117.5,-175.,4.E+03));
#9449 = VECTOR('',#9450,1.);
#9450 = DIRECTION('',(-1.,0.,0.));
#9451 = ORIENTED_EDGE('',*,*,#9452,.F.);
#9452 = EDGE_CURVE('',#9422,#9445,#9453,.T.);
#9453 = LINE('',#9454,#9455);
#9454 = CARTESIAN_POINT('',(235.,-57.78156552794,4.E+03));
#9455 = VECTOR('',#9456,1.);
#9456 = DIRECTION('',(0.,-1.,0.));
#9457 = ORIENTED_EDGE('',*,*,#9421,.F.);
#9458 = FACE_BOUND('',#9459,.T.);
#9459 = EDGE_LOOP('',(#9460,#9470,#9478,#9486));
#9460 = ORIENTED_EDGE('',*,*,#9461,.T.);
#9461 = EDGE_CURVE('',#9462,#9464,#9466,.T.);
#9462 = VERTEX_POINT('',#9463);
#9463 = CARTESIAN_POINT('',(225.48,-165.48,4.E+03));
#9464 = VERTEX_POINT('',#9465);
#9465 = CARTESIAN_POINT('',(184.52,-165.48,4.E+03));
#9466 = LINE('',#9467,#9468);
#9467 = CARTESIAN_POINT('',(112.74,-165.48,4.E+03));
#9468 = VECTOR('',#9469,1.);
#9469 = DIRECTION('',(-1.,0.,0.));
#9470 = ORIENTED_EDGE('',*,*,#9471,.T.);
#9471 = EDGE_CURVE('',#9464,#9472,#9474,.T.);
#9472 = VERTEX_POINT('',#9473);
#9473 = CARTESIAN_POINT('',(184.52,-124.52,4.E+03));
#9474 = LINE('',#9475,#9476);
#9475 = CARTESIAN_POINT('',(184.52,-83.02156552794,4.E+03));
#9476 = VECTOR('',#9477,1.);
#9477 = DIRECTION('',(0.,1.,0.));
#9478 = ORIENTED_EDGE('',*,*,#9479,.T.);
#9479 = EDGE_CURVE('',#9472,#9480,#9482,.T.);
#9480 = VERTEX_POINT('',#9481);
#9481 = CARTESIAN_POINT('',(225.48,-124.52,4.E+03));
#9482 = LINE('',#9483,#9484);
#9483 = CARTESIAN_POINT('',(92.26,-124.52,4.E+03));
#9484 = VECTOR('',#9485,1.);
#9485 = DIRECTION('',(1.,0.,0.));
#9486 = ORIENTED_EDGE('',*,*,#9487,.T.);
#9487 = EDGE_CURVE('',#9480,#9462,#9488,.T.);
#9488 = LINE('',#9489,#9490);
#9489 = CARTESIAN_POINT('',(225.48,-62.54156552794,4.E+03));
#9490 = VECTOR('',#9491,1.);
#9491 = DIRECTION('',(0.,-1.,0.));
#9492 = PLANE('',#9493);
#9493 = AXIS2_PLACEMENT_3D('',#9494,#9495,#9496);
#9494 = CARTESIAN_POINT('',(-4.2E-16,-0.563131055882,4.E+03));
#9495 = DIRECTION('',(0.,0.,1.));
#9496 = DIRECTION('',(1.,0.,-0.));
#9497 = ADVANCED_FACE('',(#9498),#9509,.T.);
#9498 = FACE_BOUND('',#9499,.T.);
#9499 = EDGE_LOOP('',(#9500,#9501,#9507,#9508));
#9500 = ORIENTED_EDGE('',*,*,#9371,.F.);
#9501 = ORIENTED_EDGE('',*,*,#9502,.T.);
#9502 = EDGE_CURVE('',#9364,#9445,#9503,.T.);
#9503 = LINE('',#9504,#9505);
#9504 = CARTESIAN_POINT('',(235.,-175.,0.));
#9505 = VECTOR('',#9506,1.);
#9506 = DIRECTION('',(0.,0.,1.));
#9507 = ORIENTED_EDGE('',*,*,#9444,.T.);
#9508 = ORIENTED_EDGE('',*,*,#9324,.F.);
#9509 = PLANE('',#9510);
#9510 = AXIS2_PLACEMENT_3D('',#9511,#9512,#9513);
#9511 = CARTESIAN_POINT('',(235.,-175.,0.));
#9512 = DIRECTION('',(-0.,-1.,-0.));
#9513 = DIRECTION('',(-1.,0.,0.));
#9514 = ADVANCED_FACE('',(#9515),#9521,.T.);
#9515 = FACE_BOUND('',#9516,.T.);
#9516 = EDGE_LOOP('',(#9517,#9518,#9519,#9520));
#9517 = ORIENTED_EDGE('',*,*,#9363,.F.);
#9518 = ORIENTED_EDGE('',*,*,#9429,.T.);
#9519 = ORIENTED_EDGE('',*,*,#9452,.T.);
#9520 = ORIENTED_EDGE('',*,*,#9502,.F.);
#9521 = PLANE('',#9522);
#9522 = AXIS2_PLACEMENT_3D('',#9523,#9524,#9525);
#9523 = CARTESIAN_POINT('',(235.,-115.,0.));
#9524 = DIRECTION('',(1.,0.,0.));
#9525 = DIRECTION('',(0.,-1.,0.));
#9526 = ADVANCED_FACE('',(#9527),#9543,.F.);
#9527 = FACE_BOUND('',#9528,.F.);
#9528 = EDGE_LOOP('',(#9529,#9530,#9536,#9537));
#9529 = ORIENTED_EDGE('',*,*,#9379,.F.);
#9530 = ORIENTED_EDGE('',*,*,#9531,.T.);
#9531 = EDGE_CURVE('',#9380,#9464,#9532,.T.);
#9532 = LINE('',#9533,#9534);
#9533 = CARTESIAN_POINT('',(184.52,-165.48,0.));
#9534 = VECTOR('',#9535,1.);
#9535 = DIRECTION('',(0.,0.,1.));
#9536 = ORIENTED_EDGE('',*,*,#9471,.T.);
#9537 = ORIENTED_EDGE('',*,*,#9538,.F.);
#9538 = EDGE_CURVE('',#9382,#9472,#9539,.T.);
#9539 = LINE('',#9540,#9541);
#9540 = CARTESIAN_POINT('',(184.52,-124.52,0.));
#9541 = VECTOR('',#9542,1.);
#9542 = DIRECTION('',(0.,0.,1.));
#9543 = PLANE('',#9544);
#9544 = AXIS2_PLACEMENT_3D('',#9545,#9546,#9547);
#9545 = CARTESIAN_POINT('',(184.52,-165.48,0.));
#9546 = DIRECTION('',(-1.,0.,0.));
#9547 = DIRECTION('',(0.,1.,0.));
#9548 = ADVANCED_FACE('',(#9549),#9560,.F.);
#9549 = FACE_BOUND('',#9550,.F.);
#9550 = EDGE_LOOP('',(#9551,#9552,#9553,#9554));
#9551 = ORIENTED_EDGE('',*,*,#9389,.F.);
#9552 = ORIENTED_EDGE('',*,*,#9538,.T.);
#9553 = ORIENTED_EDGE('',*,*,#9479,.T.);
#9554 = ORIENTED_EDGE('',*,*,#9555,.F.);
#9555 = EDGE_CURVE('',#9390,#9480,#9556,.T.);
#9556 = LINE('',#9557,#9558);
#9557 = CARTESIAN_POINT('',(225.48,-124.52,0.));
#9558 = VECTOR('',#9559,1.);
#9559 = DIRECTION('',(0.,0.,1.));
#9560 = PLANE('',#9561);
#9561 = AXIS2_PLACEMENT_3D('',#9562,#9563,#9564);
#9562 = CARTESIAN_POINT('',(184.52,-124.52,0.));
#9563 = DIRECTION('',(0.,1.,0.));
#9564 = DIRECTION('',(1.,0.,0.));
#9565 = ADVANCED_FACE('',(#9566),#9577,.F.);
#9566 = FACE_BOUND('',#9567,.F.);
#9567 = EDGE_LOOP('',(#9568,#9569,#9570,#9571));
#9568 = ORIENTED_EDGE('',*,*,#9397,.F.);
#9569 = ORIENTED_EDGE('',*,*,#9555,.T.);
#9570 = ORIENTED_EDGE('',*,*,#9487,.T.);
#9571 = ORIENTED_EDGE('',*,*,#9572,.F.);
#9572 = EDGE_CURVE('',#9398,#9462,#9573,.T.);
#9573 = LINE('',#9574,#9575);
#9574 = CARTESIAN_POINT('',(225.48,-165.48,0.));
#9575 = VECTOR('',#9576,1.);
#9576 = DIRECTION('',(0.,0.,1.));
#9577 = PLANE('',#9578);
#9578 = AXIS2_PLACEMENT_3D('',#9579,#9580,#9581);
#9579 = CARTESIAN_POINT('',(225.48,-124.52,0.));
#9580 = DIRECTION('',(1.,0.,0.));
#9581 = DIRECTION('',(0.,-1.,0.));
#9582 = ADVANCED_FACE('',(#9583),#9589,.F.);
#9583 = FACE_BOUND('',#9584,.F.);
#9584 = EDGE_LOOP('',(#9585,#9586,#9587,#9588));
#9585 = ORIENTED_EDGE('',*,*,#9405,.F.);
#9586 = ORIENTED_EDGE('',*,*,#9572,.T.);
#9587 = ORIENTED_EDGE('',*,*,#9461,.T.);
#9588 = ORIENTED_EDGE('',*,*,#9531,.F.);
#9589 = PLANE('',#9590);
#9590 = AXIS2_PLACEMENT_3D('',#9591,#9592,#9593);
#9591 = CARTESIAN_POINT('',(225.48,-165.48,0.));
#9592 = DIRECTION('',(-0.,-1.,-0.));
#9593 = DIRECTION('',(-1.,0.,0.));
#9594 = ( GEOMETRIC_REPRESENTATION_CONTEXT(3) 
GLOBAL_UNCERTAINTY_ASSIGNED_CONTEXT((#9598)) 
GLOBAL_UNIT_ASSIGNED_CONTEXT((#9595,#9596,#9597)) REPRESENTATION_CONTEXT
('Context #1','3D Context with UNIT and UNCERTAINTY') );
#9595 = ( LENGTH_UNIT() NAMED_UNIT(*) SI_UNIT(.MILLI.,.METRE.) );
#9596 = ( NAMED_UNIT(*) PLANE_ANGLE_UNIT() SI_UNIT($,.RADIAN.) );
#9597 = ( NAMED_UNIT(*) SI_UNIT($,.STERADIAN.) SOLID_ANGLE_UNIT() );
#9598 = UNCERTAINTY_MEASURE_WITH_UNIT(LENGTH_MEASURE(1.E-07),#9595,
  'distance_accuracy_value','confusion accuracy');
#9599 = SHAPE_DEFINITION_REPRESENTATION(#9600,#9606);
#9600 = PRODUCT_DEFINITION_SHAPE('','',#9601);
#9601 = PRODUCT_DEFINITION('design','',#9602,#9605);
#9602 = PRODUCT_DEFINITION_FORMATION_WITH_SPECIFIED_SOURCE('','',#9603,
  .NOT_KNOWN.);
#9603 = PRODUCT('reforco_lateral','reforco_lateral','',(#9604));
#9604 = MECHANICAL_CONTEXT('',#2,'mechanical');
#9605 = DESIGN_CONTEXT('',#2,'design');
#9606 = SHAPE_REPRESENTATION('',(#11),#9607);
#9607 = ( GEOMETRIC_REPRESENTATION_CONTEXT(3) 
GLOBAL_UNCERTAINTY_ASSIGNED_CONTEXT((#9611)) 
GLOBAL_UNIT_ASSIGNED_CONTEXT((#9608,#9609,#9610)) REPRESENTATION_CONTEXT
('Context #1','3D Context with UNIT and UNCERTAINTY') );
#9608 = ( LENGTH_UNIT() NAMED_UNIT(*) SI_UNIT(.MILLI.,.METRE.) );
#9609 = ( NAMED_UNIT(*) PLANE_ANGLE_UNIT() SI_UNIT($,.RADIAN.) );
#9610 = ( NAMED_UNIT(*) SI_UNIT($,.STERADIAN.) SOLID_ANGLE_UNIT() );
#9611 = UNCERTAINTY_MEASURE_WITH_UNIT(LENGTH_MEASURE(1.E-07),#9608,
  'distance_accuracy_value','confusion accuracy');
#9612 = CONTEXT_DEPENDENT_SHAPE_REPRESENTATION(#9613,#9615);
#9613 = ( REPRESENTATION_RELATIONSHIP('','',#9606,#7719) 
REPRESENTATION_RELATIONSHIP_WITH_TRANSFORMATION(#9614) 
SHAPE_REPRESENTATION_RELATIONSHIP() );
#9614 = ITEM_DEFINED_TRANSFORMATION('','',#11,#7736);
#9615 = PRODUCT_DEFINITION_SHAPE('Placement','Placement of an item',
  #9616);
#9616 = NEXT_ASSEMBLY_USAGE_OCCURRENCE('19','reforco_lateral','',#7714,
  #9601,$);
#9617 = CC_DESIGN_SECURITY_CLASSIFICATION(#9618,(#9616));
#9618 = SECURITY_CLASSIFICATION('','',#55);
#9619 = CC_DESIGN_PERSON_AND_ORGANIZATION_ASSIGNMENT(#44,#53,(#9618));
#9620 = CC_DESIGN_DATE_AND_TIME_ASSIGNMENT(#58,#64,(#9618));
#9621 = CC_DESIGN_APPROVAL(#66,(#9618));
#9622 = PRODUCT_RELATED_PRODUCT_CATEGORY('detail',$,(#9603));
#9623 = PRODUCT_CATEGORY_RELATIONSHIP('','',#9624,#9622);
#9624 = PRODUCT_CATEGORY('part',$);
#9625 = CC_DESIGN_PERSON_AND_ORGANIZATION_ASSIGNMENT(#44,#47,(#9602,
    #9601));
#9626 = CC_DESIGN_PERSON_AND_ORGANIZATION_ASSIGNMENT(#44,#49,(#9603));
#9627 = CC_DESIGN_PERSON_AND_ORGANIZATION_ASSIGNMENT(#44,#51,(#9602));
#9628 = CC_DESIGN_PERSON_AND_ORGANIZATION_ASSIGNMENT(#44,#53,(#9629));
#9629 = SECURITY_CLASSIFICATION('','',#55);
#9630 = CC_DESIGN_SECURITY_CLASSIFICATION(#9629,(#9602));
#9631 = CC_DESIGN_DATE_AND_TIME_ASSIGNMENT(#58,#62,(#9601));
#9632 = CC_DESIGN_DATE_AND_TIME_ASSIGNMENT(#58,#64,(#9629));
#9633 = CC_DESIGN_APPROVAL(#66,(#9602,#9601,#9629));
#9634 = SHAPE_REPRESENTATION_RELATIONSHIP('','',#9635,#9606);
#9635 = ADVANCED_BREP_SHAPE_REPRESENTATION('',(#11,#9636),#9786);
#9636 = MANIFOLD_SOLID_BREP('',#9637);
#9637 = CLOSED_SHELL('',(#9638,#9678,#9709,#9733,#9757,#9774));
#9638 = ADVANCED_FACE('',(#9639),#9673,.T.);
#9639 = FACE_BOUND('',#9640,.T.);
#9640 = EDGE_LOOP('',(#9641,#9651,#9659,#9667));
#9641 = ORIENTED_EDGE('',*,*,#9642,.F.);
#9642 = EDGE_CURVE('',#9643,#9645,#9647,.T.);
#9643 = VERTEX_POINT('',#9644);
#9644 = CARTESIAN_POINT('',(-175.,175.,0.));
#9645 = VERTEX_POINT('',#9646);
#9646 = CARTESIAN_POINT('',(-175.,90.,0.));
#9647 = LINE('',#9648,#9649);
#9648 = CARTESIAN_POINT('',(-175.,175.,0.));
#9649 = VECTOR('',#9650,1.);
#9650 = DIRECTION('',(0.,-1.,0.));
#9651 = ORIENTED_EDGE('',*,*,#9652,.T.);
#9652 = EDGE_CURVE('',#9643,#9653,#9655,.T.);
#9653 = VERTEX_POINT('',#9654);
#9654 = CARTESIAN_POINT('',(-175.,175.,4.E+03));
#9655 = LINE('',#9656,#9657);
#9656 = CARTESIAN_POINT('',(-175.,175.,0.));
#9657 = VECTOR('',#9658,1.);
#9658 = DIRECTION('',(0.,0.,1.));
#9659 = ORIENTED_EDGE('',*,*,#9660,.T.);
#9660 = EDGE_CURVE('',#9653,#9661,#9663,.T.);
#9661 = VERTEX_POINT('',#9662);
#9662 = CARTESIAN_POINT('',(-175.,90.,4.E+03));
#9663 = LINE('',#9664,#9665);
#9664 = CARTESIAN_POINT('',(-175.,87.218434472059,4.E+03));
#9665 = VECTOR('',#9666,1.);
#9666 = DIRECTION('',(0.,-1.,0.));
#9667 = ORIENTED_EDGE('',*,*,#9668,.F.);
#9668 = EDGE_CURVE('',#9645,#9661,#9669,.T.);
#9669 = LINE('',#9670,#9671);
#9670 = CARTESIAN_POINT('',(-175.,90.,0.));
#9671 = VECTOR('',#9672,1.);
#9672 = DIRECTION('',(0.,0.,1.));
#9673 = PLANE('',#9674);
#9674 = AXIS2_PLACEMENT_3D('',#9675,#9676,#9677);
#9675 = CARTESIAN_POINT('',(-175.,175.,0.));
#9676 = DIRECTION('',(1.,0.,0.));
#9677 = DIRECTION('',(0.,-1.,0.));
#9678 = ADVANCED_FACE('',(#9679),#9704,.F.);
#9679 = FACE_BOUND('',#9680,.T.);
#9680 = EDGE_LOOP('',(#9681,#9682,#9690,#9698));
#9681 = ORIENTED_EDGE('',*,*,#9642,.T.);
#9682 = ORIENTED_EDGE('',*,*,#9683,.T.);
#9683 = EDGE_CURVE('',#9645,#9684,#9686,.T.);
#9684 = VERTEX_POINT('',#9685);
#9685 = CARTESIAN_POINT('',(-184.52,90.,0.));
#9686 = LINE('',#9687,#9688);
#9687 = CARTESIAN_POINT('',(-175.,90.,0.));
#9688 = VECTOR('',#9689,1.);
#9689 = DIRECTION('',(-1.,0.,0.));
#9690 = ORIENTED_EDGE('',*,*,#9691,.T.);
#9691 = EDGE_CURVE('',#9684,#9692,#9694,.T.);
#9692 = VERTEX_POINT('',#9693);
#9693 = CARTESIAN_POINT('',(-184.52,175.,0.));
#9694 = LINE('',#9695,#9696);
#9695 = CARTESIAN_POINT('',(-184.52,90.,0.));
#9696 = VECTOR('',#9697,1.);
#9697 = DIRECTION('',(0.,1.,0.));
#9698 = ORIENTED_EDGE('',*,*,#9699,.T.);
#9699 = EDGE_CURVE('',#9692,#9643,#9700,.T.);
#9700 = LINE('',#9701,#9702);
#9701 = CARTESIAN_POINT('',(-184.52,175.,0.));
#9702 = VECTOR('',#9703,1.);
#9703 = DIRECTION('',(1.,0.,0.));
#9704 = PLANE('',#9705);
#9705 = AXIS2_PLACEMENT_3D('',#9706,#9707,#9708);
#9706 = CARTESIAN_POINT('',(-9.62E-15,132.5,0.));
#9707 = DIRECTION('',(0.,0.,1.));
#9708 = DIRECTION('',(1.,0.,0.));
#9709 = ADVANCED_FACE('',(#9710),#9728,.T.);
#9710 = FACE_BOUND('',#9711,.T.);
#9711 = EDGE_LOOP('',(#9712,#9713,#9714,#9722));
#9712 = ORIENTED_EDGE('',*,*,#9683,.F.);
#9713 = ORIENTED_EDGE('',*,*,#9668,.T.);
#9714 = ORIENTED_EDGE('',*,*,#9715,.T.);
#9715 = EDGE_CURVE('',#9661,#9716,#9718,.T.);
#9716 = VERTEX_POINT('',#9717);
#9717 = CARTESIAN_POINT('',(-184.52,90.,4.E+03));
#9718 = LINE('',#9719,#9720);
#9719 = CARTESIAN_POINT('',(-87.5,90.,4.E+03));
#9720 = VECTOR('',#9721,1.);
#9721 = DIRECTION('',(-1.,0.,0.));
#9722 = ORIENTED_EDGE('',*,*,#9723,.F.);
#9723 = EDGE_CURVE('',#9684,#9716,#9724,.T.);
#9724 = LINE('',#9725,#9726);
#9725 = CARTESIAN_POINT('',(-184.52,90.,0.));
#9726 = VECTOR('',#9727,1.);
#9727 = DIRECTION('',(0.,0.,1.));
#9728 = PLANE('',#9729);
#9729 = AXIS2_PLACEMENT_3D('',#9730,#9731,#9732);
#9730 = CARTESIAN_POINT('',(-175.,90.,0.));
#9731 = DIRECTION('',(-0.,-1.,-0.));
#9732 = DIRECTION('',(-1.,0.,0.));
#9733 = ADVANCED_FACE('',(#9734),#9752,.T.);
#9734 = FACE_BOUND('',#9735,.T.);
#9735 = EDGE_LOOP('',(#9736,#9737,#9745,#9751));
#9736 = ORIENTED_EDGE('',*,*,#9660,.F.);
#9737 = ORIENTED_EDGE('',*,*,#9738,.F.);
#9738 = EDGE_CURVE('',#9739,#9653,#9741,.T.);
#9739 = VERTEX_POINT('',#9740);
#9740 = CARTESIAN_POINT('',(-184.52,175.,4.E+03));
#9741 = LINE('',#9742,#9743);
#9742 = CARTESIAN_POINT('',(-92.26,175.,4.E+03));
#9743 = VECTOR('',#9744,1.);
#9744 = DIRECTION('',(1.,0.,0.));
#9745 = ORIENTED_EDGE('',*,*,#9746,.F.);
#9746 = EDGE_CURVE('',#9716,#9739,#9747,.T.);
#9747 = LINE('',#9748,#9749);
#9748 = CARTESIAN_POINT('',(-184.52,44.718434472059,4.E+03));
#9749 = VECTOR('',#9750,1.);
#9750 = DIRECTION('',(0.,1.,0.));
#9751 = ORIENTED_EDGE('',*,*,#9715,.F.);
#9752 = PLANE('',#9753);
#9753 = AXIS2_PLACEMENT_3D('',#9754,#9755,#9756);
#9754 = CARTESIAN_POINT('',(-4.2E-16,-0.563131055882,4.E+03));
#9755 = DIRECTION('',(0.,0.,1.));
#9756 = DIRECTION('',(1.,0.,-0.));
#9757 = ADVANCED_FACE('',(#9758),#9769,.T.);
#9758 = FACE_BOUND('',#9759,.T.);
#9759 = EDGE_LOOP('',(#9760,#9761,#9767,#9768));
#9760 = ORIENTED_EDGE('',*,*,#9699,.F.);
#9761 = ORIENTED_EDGE('',*,*,#9762,.T.);
#9762 = EDGE_CURVE('',#9692,#9739,#9763,.T.);
#9763 = LINE('',#9764,#9765);
#9764 = CARTESIAN_POINT('',(-184.52,175.,0.));
#9765 = VECTOR('',#9766,1.);
#9766 = DIRECTION('',(0.,0.,1.));
#9767 = ORIENTED_EDGE('',*,*,#9738,.T.);
#9768 = ORIENTED_EDGE('',*,*,#9652,.F.);
#9769 = PLANE('',#9770);
#9770 = AXIS2_PLACEMENT_3D('',#9771,#9772,#9773);
#9771 = CARTESIAN_POINT('',(-184.52,175.,0.));
#9772 = DIRECTION('',(0.,1.,0.));
#9773 = DIRECTION('',(1.,0.,0.));
#9774 = ADVANCED_FACE('',(#9775),#9781,.T.);
#9775 = FACE_BOUND('',#9776,.T.);
#9776 = EDGE_LOOP('',(#9777,#9778,#9779,#9780));
#9777 = ORIENTED_EDGE('',*,*,#9691,.F.);
#9778 = ORIENTED_EDGE('',*,*,#9723,.T.);
#9779 = ORIENTED_EDGE('',*,*,#9746,.T.);
#9780 = ORIENTED_EDGE('',*,*,#9762,.F.);
#9781 = PLANE('',#9782);
#9782 = AXIS2_PLACEMENT_3D('',#9783,#9784,#9785);
#9783 = CARTESIAN_POINT('',(-184.52,90.,0.));
#9784 = DIRECTION('',(-1.,0.,0.));
#9785 = DIRECTION('',(0.,1.,0.));
#9786 = ( GEOMETRIC_REPRESENTATION_CONTEXT(3) 
GLOBAL_UNCERTAINTY_ASSIGNED_CONTEXT((#9790)) 
GLOBAL_UNIT_ASSIGNED_CONTEXT((#9787,#9788,#9789)) REPRESENTATION_CONTEXT
('Context #1','3D Context with UNIT and UNCERTAINTY') );
#9787 = ( LENGTH_UNIT() NAMED_UNIT(*) SI_UNIT(.MILLI.,.METRE.) );
#9788 = ( NAMED_UNIT(*) PLANE_ANGLE_UNIT() SI_UNIT($,.RADIAN.) );
#9789 = ( NAMED_UNIT(*) SI_UNIT($,.STERADIAN.) SOLID_ANGLE_UNIT() );
#9790 = UNCERTAINTY_MEASURE_WITH_UNIT(LENGTH_MEASURE(1.E-07),#9787,
  'distance_accuracy_value','confusion accuracy');
#9791 = SHAPE_REPRESENTATION_RELATIONSHIP('','',#9792,#9606);
#9792 = ADVANCED_BREP_SHAPE_REPRESENTATION('',(#11,#9793),#9943);
#9793 = MANIFOLD_SOLID_BREP('',#9794);
#9794 = CLOSED_SHELL('',(#9795,#9835,#9866,#9890,#9914,#9931));
#9795 = ADVANCED_FACE('',(#9796),#9830,.T.);
#9796 = FACE_BOUND('',#9797,.T.);
#9797 = EDGE_LOOP('',(#9798,#9808,#9816,#9824));
#9798 = ORIENTED_EDGE('',*,*,#9799,.F.);
#9799 = EDGE_CURVE('',#9800,#9802,#9804,.T.);
#9800 = VERTEX_POINT('',#9801);
#9801 = CARTESIAN_POINT('',(175.,175.,0.));
#9802 = VERTEX_POINT('',#9803);
#9803 = CARTESIAN_POINT('',(184.52,175.,0.));
#9804 = LINE('',#9805,#9806);
#9805 = CARTESIAN_POINT('',(175.,175.,0.));
#9806 = VECTOR('',#9807,1.);
#9807 = DIRECTION('',(1.,0.,0.));
#9808 = ORIENTED_EDGE('',*,*,#9809,.T.);
#9809 = EDGE_CURVE('',#9800,#9810,#9812,.T.);
#9810 = VERTEX_POINT('',#9811);
#9811 = CARTESIAN_POINT('',(175.,175.,4.E+03));
#9812 = LINE('',#9813,#9814);
#9813 = CARTESIAN_POINT('',(175.,175.,0.));
#9814 = VECTOR('',#9815,1.);
#9815 = DIRECTION('',(0.,0.,1.));
#9816 = ORIENTED_EDGE('',*,*,#9817,.T.);
#9817 = EDGE_CURVE('',#9810,#9818,#9820,.T.);
#9818 = VERTEX_POINT('',#9819);
#9819 = CARTESIAN_POINT('',(184.52,175.,4.E+03));
#9820 = LINE('',#9821,#9822);
#9821 = CARTESIAN_POINT('',(87.5,175.,4.E+03));
#9822 = VECTOR('',#9823,1.);
#9823 = DIRECTION('',(1.,0.,0.));
#9824 = ORIENTED_EDGE('',*,*,#9825,.F.);
#9825 = EDGE_CURVE('',#9802,#9818,#9826,.T.);
#9826 = LINE('',#9827,#9828);
#9827 = CARTESIAN_POINT('',(184.52,175.,0.));
#9828 = VECTOR('',#9829,1.);
#9829 = DIRECTION('',(0.,0.,1.));
#9830 = PLANE('',#9831);
#9831 = AXIS2_PLACEMENT_3D('',#9832,#9833,#9834);
#9832 = CARTESIAN_POINT('',(175.,175.,0.));
#9833 = DIRECTION('',(0.,1.,0.));
#9834 = DIRECTION('',(1.,0.,0.));
#9835 = ADVANCED_FACE('',(#9836),#9861,.F.);
#9836 = FACE_BOUND('',#9837,.T.);
#9837 = EDGE_LOOP('',(#9838,#9839,#9847,#9855));
#9838 = ORIENTED_EDGE('',*,*,#9799,.T.);
#9839 = ORIENTED_EDGE('',*,*,#9840,.T.);
#9840 = EDGE_CURVE('',#9802,#9841,#9843,.T.);
#9841 = VERTEX_POINT('',#9842);
#9842 = CARTESIAN_POINT('',(184.52,90.,0.));
#9843 = LINE('',#9844,#9845);
#9844 = CARTESIAN_POINT('',(184.52,175.,0.));
#9845 = VECTOR('',#9846,1.);
#9846 = DIRECTION('',(0.,-1.,0.));
#9847 = ORIENTED_EDGE('',*,*,#9848,.T.);
#9848 = EDGE_CURVE('',#9841,#9849,#9851,.T.);
#9849 = VERTEX_POINT('',#9850);
#9850 = CARTESIAN_POINT('',(175.,90.,0.));
#9851 = LINE('',#9852,#9853);
#9852 = CARTESIAN_POINT('',(184.52,90.,0.));
#9853 = VECTOR('',#9854,1.);
#9854 = DIRECTION('',(-1.,0.,0.));
#9855 = ORIENTED_EDGE('',*,*,#9856,.T.);
#9856 = EDGE_CURVE('',#9849,#9800,#9857,.T.);
#9857 = LINE('',#9858,#9859);
#9858 = CARTESIAN_POINT('',(175.,90.,0.));
#9859 = VECTOR('',#9860,1.);
#9860 = DIRECTION('',(0.,1.,0.));
#9861 = PLANE('',#9862);
#9862 = AXIS2_PLACEMENT_3D('',#9863,#9864,#9865);
#9863 = CARTESIAN_POINT('',(-9.62E-15,132.5,0.));
#9864 = DIRECTION('',(0.,0.,1.));
#9865 = DIRECTION('',(1.,0.,0.));
#9866 = ADVANCED_FACE('',(#9867),#9885,.T.);
#9867 = FACE_BOUND('',#9868,.T.);
#9868 = EDGE_LOOP('',(#9869,#9870,#9871,#9879));
#9869 = ORIENTED_EDGE('',*,*,#9840,.F.);
#9870 = ORIENTED_EDGE('',*,*,#9825,.T.);
#9871 = ORIENTED_EDGE('',*,*,#9872,.T.);
#9872 = EDGE_CURVE('',#9818,#9873,#9875,.T.);
#9873 = VERTEX_POINT('',#9874);
#9874 = CARTESIAN_POINT('',(184.52,90.,4.E+03));
#9875 = LINE('',#9876,#9877);
#9876 = CARTESIAN_POINT('',(184.52,87.218434472059,4.E+03));
#9877 = VECTOR('',#9878,1.);
#9878 = DIRECTION('',(0.,-1.,0.));
#9879 = ORIENTED_EDGE('',*,*,#9880,.F.);
#9880 = EDGE_CURVE('',#9841,#9873,#9881,.T.);
#9881 = LINE('',#9882,#9883);
#9882 = CARTESIAN_POINT('',(184.52,90.,0.));
#9883 = VECTOR('',#9884,1.);
#9884 = DIRECTION('',(0.,0.,1.));
#9885 = PLANE('',#9886);
#9886 = AXIS2_PLACEMENT_3D('',#9887,#9888,#9889);
#9887 = CARTESIAN_POINT('',(184.52,175.,0.));
#9888 = DIRECTION('',(1.,0.,0.));
#9889 = DIRECTION('',(0.,-1.,0.));
#9890 = ADVANCED_FACE('',(#9891),#9909,.T.);
#9891 = FACE_BOUND('',#9892,.T.);
#9892 = EDGE_LOOP('',(#9893,#9894,#9902,#9908));
#9893 = ORIENTED_EDGE('',*,*,#9817,.F.);
#9894 = ORIENTED_EDGE('',*,*,#9895,.F.);
#9895 = EDGE_CURVE('',#9896,#9810,#9898,.T.);
#9896 = VERTEX_POINT('',#9897);
#9897 = CARTESIAN_POINT('',(175.,90.,4.E+03));
#9898 = LINE('',#9899,#9900);
#9899 = CARTESIAN_POINT('',(175.,44.718434472059,4.E+03));
#9900 = VECTOR('',#9901,1.);
#9901 = DIRECTION('',(0.,1.,0.));
#9902 = ORIENTED_EDGE('',*,*,#9903,.F.);
#9903 = EDGE_CURVE('',#9873,#9896,#9904,.T.);
#9904 = LINE('',#9905,#9906);
#9905 = CARTESIAN_POINT('',(92.26,90.,4.E+03));
#9906 = VECTOR('',#9907,1.);
#9907 = DIRECTION('',(-1.,0.,0.));
#9908 = ORIENTED_EDGE('',*,*,#9872,.F.);
#9909 = PLANE('',#9910);
#9910 = AXIS2_PLACEMENT_3D('',#9911,#9912,#9913);
#9911 = CARTESIAN_POINT('',(-4.2E-16,-0.563131055882,4.E+03));
#9912 = DIRECTION('',(0.,0.,1.));
#9913 = DIRECTION('',(1.,0.,-0.));
#9914 = ADVANCED_FACE('',(#9915),#9926,.T.);
#9915 = FACE_BOUND('',#9916,.T.);
#9916 = EDGE_LOOP('',(#9917,#9918,#9924,#9925));
#9917 = ORIENTED_EDGE('',*,*,#9856,.F.);
#9918 = ORIENTED_EDGE('',*,*,#9919,.T.);
#9919 = EDGE_CURVE('',#9849,#9896,#9920,.T.);
#9920 = LINE('',#9921,#9922);
#9921 = CARTESIAN_POINT('',(175.,90.,0.));
#9922 = VECTOR('',#9923,1.);
#9923 = DIRECTION('',(0.,0.,1.));
#9924 = ORIENTED_EDGE('',*,*,#9895,.T.);
#9925 = ORIENTED_EDGE('',*,*,#9809,.F.);
#9926 = PLANE('',#9927);
#9927 = AXIS2_PLACEMENT_3D('',#9928,#9929,#9930);
#9928 = CARTESIAN_POINT('',(175.,90.,0.));
#9929 = DIRECTION('',(-1.,0.,0.));
#9930 = DIRECTION('',(0.,1.,0.));
#9931 = ADVANCED_FACE('',(#9932),#9938,.T.);
#9932 = FACE_BOUND('',#9933,.T.);
#9933 = EDGE_LOOP('',(#9934,#9935,#9936,#9937));
#9934 = ORIENTED_EDGE('',*,*,#9848,.F.);
#9935 = ORIENTED_EDGE('',*,*,#9880,.T.);
#9936 = ORIENTED_EDGE('',*,*,#9903,.T.);
#9937 = ORIENTED_EDGE('',*,*,#9919,.F.);
#9938 = PLANE('',#9939);
#9939 = AXIS2_PLACEMENT_3D('',#9940,#9941,#9942);
#9940 = CARTESIAN_POINT('',(184.52,90.,0.));
#9941 = DIRECTION('',(-0.,-1.,-0.));
#9942 = DIRECTION('',(-1.,0.,0.));
#9943 = ( GEOMETRIC_REPRESENTATION_CONTEXT(3) 
GLOBAL_UNCERTAINTY_ASSIGNED_CONTEXT((#9947)) 
GLOBAL_UNIT_ASSIGNED_CONTEXT((#9944,#9945,#9946)) REPRESENTATION_CONTEXT
('Context #1','3D Context with UNIT and UNCERTAINTY') );
#9944 = ( LENGTH_UNIT() NAMED_UNIT(*) SI_UNIT(.MILLI.,.METRE.) );
#9945 = ( NAMED_UNIT(*) PLANE_ANGLE_UNIT() SI_UNIT($,.RADIAN.) );
#9946 = ( NAMED_UNIT(*) SI_UNIT($,.STERADIAN.) SOLID_ANGLE_UNIT() );
#9947 = UNCERTAINTY_MEASURE_WITH_UNIT(LENGTH_MEASURE(1.E-07),#9944,
  'distance_accuracy_value','confusion accuracy');
#9948 = SHAPE_DEFINITION_REPRESENTATION(#9949,#9955);
#9949 = PRODUCT_DEFINITION_SHAPE('','',#9950);
#9950 = PRODUCT_DEFINITION('design','',#9951,#9954);
#9951 = PRODUCT_DEFINITION_FORMATION_WITH_SPECIFIED_SOURCE('','',#9952,
  .NOT_KNOWN.);
#9952 = PRODUCT('flange_inferior','flange_inferior','',(#9953));
#9953 = MECHANICAL_CONTEXT('',#2,'mechanical');
#9954 = DESIGN_CONTEXT('',#2,'design');
#9955 = ADVANCED_BREP_SHAPE_REPRESENTATION('',(#11,#9956),#11231);
#9956 = MANIFOLD_SOLID_BREP('',#9957);
#9957 = CLOSED_SHELL('',(#9958,#9998,#10029,#10060,#10091,#10122,#10155,
    #10186,#10219,#10250,#10283,#10314,#10347,#10378,#10411,#10442,
    #10475,#10506,#10537,#10568,#10590,#10623,#10656,#10689,#10722,
    #10755,#10788,#10821,#10854,#10887,#10920,#10953,#10986,#11019,
    #11052,#11085,#11158));
#9958 = ADVANCED_FACE('',(#9959),#9993,.F.);
#9959 = FACE_BOUND('',#9960,.F.);
#9960 = EDGE_LOOP('',(#9961,#9971,#9979,#9987));
#9961 = ORIENTED_EDGE('',*,*,#9962,.T.);
#9962 = EDGE_CURVE('',#9963,#9965,#9967,.T.);
#9963 = VERTEX_POINT('',#9964);
#9964 = CARTESIAN_POINT('',(235.,-175.,0.));
#9965 = VERTEX_POINT('',#9966);
#9966 = CARTESIAN_POINT('',(235.,-175.,-20.));
#9967 = LINE('',#9968,#9969);
#9968 = CARTESIAN_POINT('',(235.,-175.,0.));
#9969 = VECTOR('',#9970,1.);
#9970 = DIRECTION('',(0.,0.,-1.));
#9971 = ORIENTED_EDGE('',*,*,#9972,.T.);
#9972 = EDGE_CURVE('',#9965,#9973,#9975,.T.);
#9973 = VERTEX_POINT('',#9974);
#9974 = CARTESIAN_POINT('',(-235.,-175.,-20.));
#9975 = LINE('',#9976,#9977);
#9976 = CARTESIAN_POINT('',(235.,-175.,-20.));
#9977 = VECTOR('',#9978,1.);
#9978 = DIRECTION('',(-1.,0.,0.));
#9979 = ORIENTED_EDGE('',*,*,#9980,.F.);
#9980 = EDGE_CURVE('',#9981,#9973,#9983,.T.);
#9981 = VERTEX_POINT('',#9982);
#9982 = CARTESIAN_POINT('',(-235.,-175.,0.));
#9983 = LINE('',#9984,#9985);
#9984 = CARTESIAN_POINT('',(-235.,-175.,0.));
#9985 = VECTOR('',#9986,1.);
#9986 = DIRECTION('',(0.,0.,-1.));
#9987 = ORIENTED_EDGE('',*,*,#9988,.F.);
#9988 = EDGE_CURVE('',#9963,#9981,#9989,.T.);
#9989 = LINE('',#9990,#9991);
#9990 = CARTESIAN_POINT('',(235.,-175.,0.));
#9991 = VECTOR('',#9992,1.);
#9992 = DIRECTION('',(-1.,0.,0.));
#9993 = PLANE('',#9994);
#9994 = AXIS2_PLACEMENT_3D('',#9995,#9996,#9997);
#9995 = CARTESIAN_POINT('',(235.,-175.,0.));
#9996 = DIRECTION('',(0.,1.,0.));
#9997 = DIRECTION('',(-1.,0.,0.));
#9998 = ADVANCED_FACE('',(#9999),#10024,.F.);
#9999 = FACE_BOUND('',#10000,.F.);
#10000 = EDGE_LOOP('',(#10001,#10002,#10010,#10018));
#10001 = ORIENTED_EDGE('',*,*,#9980,.T.);
#10002 = ORIENTED_EDGE('',*,*,#10003,.T.);
#10003 = EDGE_CURVE('',#9973,#10004,#10006,.T.);
#10004 = VERTEX_POINT('',#10005);
#10005 = CARTESIAN_POINT('',(-235.,-115.,-20.));
#10006 = LINE('',#10007,#10008);
#10007 = CARTESIAN_POINT('',(-235.,-175.,-20.));
#10008 = VECTOR('',#10009,1.);
#10009 = DIRECTION('',(0.,1.,0.));
#10010 = ORIENTED_EDGE('',*,*,#10011,.F.);
#10011 = EDGE_CURVE('',#10012,#10004,#10014,.T.);
#10012 = VERTEX_POINT('',#10013);
#10013 = CARTESIAN_POINT('',(-235.,-115.,0.));
#10014 = LINE('',#10015,#10016);
#10015 = CARTESIAN_POINT('',(-235.,-115.,0.));
#10016 = VECTOR('',#10017,1.);
#10017 = DIRECTION('',(0.,0.,-1.));
#10018 = ORIENTED_EDGE('',*,*,#10019,.F.);
#10019 = EDGE_CURVE('',#9981,#10012,#10020,.T.);
#10020 = LINE('',#10021,#10022);
#10021 = CARTESIAN_POINT('',(-235.,-175.,0.));
#10022 = VECTOR('',#10023,1.);
#10023 = DIRECTION('',(0.,1.,0.));
#10024 = PLANE('',#10025);
#10025 = AXIS2_PLACEMENT_3D('',#10026,#10027,#10028);
#10026 = CARTESIAN_POINT('',(-235.,-175.,0.));
#10027 = DIRECTION('',(1.,0.,0.));
#10028 = DIRECTION('',(-0.,1.,0.));
#10029 = ADVANCED_FACE('',(#10030),#10055,.F.);
#10030 = FACE_BOUND('',#10031,.F.);
#10031 = EDGE_LOOP('',(#10032,#10033,#10041,#10049));
#10032 = ORIENTED_EDGE('',*,*,#10011,.T.);
#10033 = ORIENTED_EDGE('',*,*,#10034,.T.);
#10034 = EDGE_CURVE('',#10004,#10035,#10037,.T.);
#10035 = VERTEX_POINT('',#10036);
#10036 = CARTESIAN_POINT('',(-175.,-115.,-20.));
#10037 = LINE('',#10038,#10039);
#10038 = CARTESIAN_POINT('',(-235.,-115.,-20.));
#10039 = VECTOR('',#10040,1.);
#10040 = DIRECTION('',(1.,0.,0.));
#10041 = ORIENTED_EDGE('',*,*,#10042,.F.);
#10042 = EDGE_CURVE('',#10043,#10035,#10045,.T.);
#10043 = VERTEX_POINT('',#10044);
#10044 = CARTESIAN_POINT('',(-175.,-115.,0.));
#10045 = LINE('',#10046,#10047);
#10046 = CARTESIAN_POINT('',(-175.,-115.,0.));
#10047 = VECTOR('',#10048,1.);
#10048 = DIRECTION('',(0.,0.,-1.));
#10049 = ORIENTED_EDGE('',*,*,#10050,.F.);
#10050 = EDGE_CURVE('',#10012,#10043,#10051,.T.);
#10051 = LINE('',#10052,#10053);
#10052 = CARTESIAN_POINT('',(-235.,-115.,0.));
#10053 = VECTOR('',#10054,1.);
#10054 = DIRECTION('',(1.,0.,0.));
#10055 = PLANE('',#10056);
#10056 = AXIS2_PLACEMENT_3D('',#10057,#10058,#10059);
#10057 = CARTESIAN_POINT('',(-235.,-115.,0.));
#10058 = DIRECTION('',(0.,-1.,0.));
#10059 = DIRECTION('',(1.,0.,0.));
#10060 = ADVANCED_FACE('',(#10061),#10086,.F.);
#10061 = FACE_BOUND('',#10062,.F.);
#10062 = EDGE_LOOP('',(#10063,#10064,#10072,#10080));
#10063 = ORIENTED_EDGE('',*,*,#10042,.T.);
#10064 = ORIENTED_EDGE('',*,*,#10065,.T.);
#10065 = EDGE_CURVE('',#10035,#10066,#10068,.T.);
#10066 = VERTEX_POINT('',#10067);
#10067 = CARTESIAN_POINT('',(-175.,-37.,-20.));
#10068 = LINE('',#10069,#10070);
#10069 = CARTESIAN_POINT('',(-175.,-115.,-20.));
#10070 = VECTOR('',#10071,1.);
#10071 = DIRECTION('',(0.,1.,0.));
#10072 = ORIENTED_EDGE('',*,*,#10073,.F.);
#10073 = EDGE_CURVE('',#10074,#10066,#10076,.T.);
#10074 = VERTEX_POINT('',#10075);
#10075 = CARTESIAN_POINT('',(-175.,-37.,0.));
#10076 = LINE('',#10077,#10078);
#10077 = CARTESIAN_POINT('',(-175.,-37.,0.));
#10078 = VECTOR('',#10079,1.);
#10079 = DIRECTION('',(0.,0.,-1.));
#10080 = ORIENTED_EDGE('',*,*,#10081,.F.);
#10081 = EDGE_CURVE('',#10043,#10074,#10082,.T.);
#10082 = LINE('',#10083,#10084);
#10083 = CARTESIAN_POINT('',(-175.,-115.,0.));
#10084 = VECTOR('',#10085,1.);
#10085 = DIRECTION('',(0.,1.,0.));
#10086 = PLANE('',#10087);
#10087 = AXIS2_PLACEMENT_3D('',#10088,#10089,#10090);
#10088 = CARTESIAN_POINT('',(-175.,-115.,0.));
#10089 = DIRECTION('',(1.,0.,0.));
#10090 = DIRECTION('',(-0.,1.,0.));
#10091 = ADVANCED_FACE('',(#10092),#10117,.F.);
#10092 = FACE_BOUND('',#10093,.F.);
#10093 = EDGE_LOOP('',(#10094,#10095,#10103,#10111));
#10094 = ORIENTED_EDGE('',*,*,#10073,.T.);
#10095 = ORIENTED_EDGE('',*,*,#10096,.T.);
#10096 = EDGE_CURVE('',#10066,#10097,#10099,.T.);
#10097 = VERTEX_POINT('',#10098);
#10098 = CARTESIAN_POINT('',(-206.5,-37.,-20.));
#10099 = LINE('',#10100,#10101);
#10100 = CARTESIAN_POINT('',(-175.,-37.,-20.));
#10101 = VECTOR('',#10102,1.);
#10102 = DIRECTION('',(-1.,0.,0.));
#10103 = ORIENTED_EDGE('',*,*,#10104,.F.);
#10104 = EDGE_CURVE('',#10105,#10097,#10107,.T.);
#10105 = VERTEX_POINT('',#10106);
#10106 = CARTESIAN_POINT('',(-206.5,-37.,0.));
#10107 = LINE('',#10108,#10109);
#10108 = CARTESIAN_POINT('',(-206.5,-37.,0.));
#10109 = VECTOR('',#10110,1.);
#10110 = DIRECTION('',(0.,0.,-1.));
#10111 = ORIENTED_EDGE('',*,*,#10112,.F.);
#10112 = EDGE_CURVE('',#10074,#10105,#10113,.T.);
#10113 = LINE('',#10114,#10115);
#10114 = CARTESIAN_POINT('',(-175.,-37.,0.));
#10115 = VECTOR('',#10116,1.);
#10116 = DIRECTION('',(-1.,0.,0.));
#10117 = PLANE('',#10118);
#10118 = AXIS2_PLACEMENT_3D('',#10119,#10120,#10121);
#10119 = CARTESIAN_POINT('',(-175.,-37.,0.));
#10120 = DIRECTION('',(0.,1.,0.));
#10121 = DIRECTION('',(-1.,0.,0.));
#10122 = ADVANCED_FACE('',(#10123),#10150,.T.);
#10123 = FACE_BOUND('',#10124,.F.);
#10124 = EDGE_LOOP('',(#10125,#10126,#10135,#10143));
#10125 = ORIENTED_EDGE('',*,*,#10104,.T.);
#10126 = ORIENTED_EDGE('',*,*,#10127,.T.);
#10127 = EDGE_CURVE('',#10097,#10128,#10130,.T.);
#10128 = VERTEX_POINT('',#10129);
#10129 = CARTESIAN_POINT('',(-225.,-18.5,-20.));
#10130 = CIRCLE('',#10131,18.5);
#10131 = AXIS2_PLACEMENT_3D('',#10132,#10133,#10134);
#10132 = CARTESIAN_POINT('',(-206.5,-18.5,-20.));
#10133 = DIRECTION('',(0.,0.,-1.));
#10134 = DIRECTION('',(1.,0.,0.));
#10135 = ORIENTED_EDGE('',*,*,#10136,.F.);
#10136 = EDGE_CURVE('',#10137,#10128,#10139,.T.);
#10137 = VERTEX_POINT('',#10138);
#10138 = CARTESIAN_POINT('',(-225.,-18.5,0.));
#10139 = LINE('',#10140,#10141);
#10140 = CARTESIAN_POINT('',(-225.,-18.5,0.));
#10141 = VECTOR('',#10142,1.);
#10142 = DIRECTION('',(0.,0.,-1.));
#10143 = ORIENTED_EDGE('',*,*,#10144,.F.);
#10144 = EDGE_CURVE('',#10105,#10137,#10145,.T.);
#10145 = CIRCLE('',#10146,18.5);
#10146 = AXIS2_PLACEMENT_3D('',#10147,#10148,#10149);
#10147 = CARTESIAN_POINT('',(-206.5,-18.5,0.));
#10148 = DIRECTION('',(0.,0.,-1.));
#10149 = DIRECTION('',(1.,0.,0.));
#10150 = CYLINDRICAL_SURFACE('',#10151,18.5);
#10151 = AXIS2_PLACEMENT_3D('',#10152,#10153,#10154);
#10152 = CARTESIAN_POINT('',(-206.5,-18.5,0.));
#10153 = DIRECTION('',(0.,0.,1.));
#10154 = DIRECTION('',(1.,0.,-0.));
#10155 = ADVANCED_FACE('',(#10156),#10181,.F.);
#10156 = FACE_BOUND('',#10157,.F.);
#10157 = EDGE_LOOP('',(#10158,#10159,#10167,#10175));
#10158 = ORIENTED_EDGE('',*,*,#10136,.T.);
#10159 = ORIENTED_EDGE('',*,*,#10160,.T.);
#10160 = EDGE_CURVE('',#10128,#10161,#10163,.T.);
#10161 = VERTEX_POINT('',#10162);
#10162 = CARTESIAN_POINT('',(-225.,118.39745962155,-20.));
#10163 = LINE('',#10164,#10165);
#10164 = CARTESIAN_POINT('',(-225.,-18.5,-20.));
#10165 = VECTOR('',#10166,1.);
#10166 = DIRECTION('',(0.,1.,0.));
#10167 = ORIENTED_EDGE('',*,*,#10168,.F.);
#10168 = EDGE_CURVE('',#10169,#10161,#10171,.T.);
#10169 = VERTEX_POINT('',#10170);
#10170 = CARTESIAN_POINT('',(-225.,118.39745962155,0.));
#10171 = LINE('',#10172,#10173);
#10172 = CARTESIAN_POINT('',(-225.,118.39745962155,0.));
#10173 = VECTOR('',#10174,1.);
#10174 = DIRECTION('',(0.,0.,-1.));
#10175 = ORIENTED_EDGE('',*,*,#10176,.F.);
#10176 = EDGE_CURVE('',#10137,#10169,#10177,.T.);
#10177 = LINE('',#10178,#10179);
#10178 = CARTESIAN_POINT('',(-225.,-18.5,0.));
#10179 = VECTOR('',#10180,1.);
#10180 = DIRECTION('',(0.,1.,0.));
#10181 = PLANE('',#10182);
#10182 = AXIS2_PLACEMENT_3D('',#10183,#10184,#10185);
#10183 = CARTESIAN_POINT('',(-225.,-18.5,0.));
#10184 = DIRECTION('',(1.,0.,0.));
#10185 = DIRECTION('',(-0.,1.,0.));
#10186 = ADVANCED_FACE('',(#10187),#10214,.T.);
#10187 = FACE_BOUND('',#10188,.F.);
#10188 = EDGE_LOOP('',(#10189,#10190,#10199,#10207));
#10189 = ORIENTED_EDGE('',*,*,#10168,.T.);
#10190 = ORIENTED_EDGE('',*,*,#10191,.T.);
#10191 = EDGE_CURVE('',#10161,#10192,#10194,.T.);
#10192 = VERTEX_POINT('',#10193);
#10193 = CARTESIAN_POINT('',(-222.3205080756,128.39745962155,-20.));
#10194 = CIRCLE('',#10195,20.);
#10195 = AXIS2_PLACEMENT_3D('',#10196,#10197,#10198);
#10196 = CARTESIAN_POINT('',(-205.,118.39745962155,-20.));
#10197 = DIRECTION('',(0.,0.,-1.));
#10198 = DIRECTION('',(1.,0.,0.));
#10199 = ORIENTED_EDGE('',*,*,#10200,.F.);
#10200 = EDGE_CURVE('',#10201,#10192,#10203,.T.);
#10201 = VERTEX_POINT('',#10202);
#10202 = CARTESIAN_POINT('',(-222.3205080756,128.39745962155,0.));
#10203 = LINE('',#10204,#10205);
#10204 = CARTESIAN_POINT('',(-222.3205080756,128.39745962155,0.));
#10205 = VECTOR('',#10206,1.);
#10206 = DIRECTION('',(0.,0.,-1.));
#10207 = ORIENTED_EDGE('',*,*,#10208,.F.);
#10208 = EDGE_CURVE('',#10169,#10201,#10209,.T.);
#10209 = CIRCLE('',#10210,20.);
#10210 = AXIS2_PLACEMENT_3D('',#10211,#10212,#10213);
#10211 = CARTESIAN_POINT('',(-205.,118.39745962155,0.));
#10212 = DIRECTION('',(0.,0.,-1.));
#10213 = DIRECTION('',(1.,0.,0.));
#10214 = CYLINDRICAL_SURFACE('',#10215,20.);
#10215 = AXIS2_PLACEMENT_3D('',#10216,#10217,#10218);
#10216 = CARTESIAN_POINT('',(-205.,118.39745962155,0.));
#10217 = DIRECTION('',(0.,0.,1.));
#10218 = DIRECTION('',(1.,0.,-0.));
#10219 = ADVANCED_FACE('',(#10220),#10245,.F.);
#10220 = FACE_BOUND('',#10221,.F.);
#10221 = EDGE_LOOP('',(#10222,#10223,#10231,#10239));
#10222 = ORIENTED_EDGE('',*,*,#10200,.T.);
#10223 = ORIENTED_EDGE('',*,*,#10224,.T.);
#10224 = EDGE_CURVE('',#10192,#10225,#10227,.T.);
#10225 = VERTEX_POINT('',#10226);
#10226 = CARTESIAN_POINT('',(-172.3205080756,215.,-20.));
#10227 = LINE('',#10228,#10229);
#10228 = CARTESIAN_POINT('',(-222.3205080756,128.39745962155,-20.));
#10229 = VECTOR('',#10230,1.);
#10230 = DIRECTION('',(0.5,0.866025403784,0.));
#10231 = ORIENTED_EDGE('',*,*,#10232,.F.);
#10232 = EDGE_CURVE('',#10233,#10225,#10235,.T.);
#10233 = VERTEX_POINT('',#10234);
#10234 = CARTESIAN_POINT('',(-172.3205080756,215.,0.));
#10235 = LINE('',#10236,#10237);
#10236 = CARTESIAN_POINT('',(-172.3205080756,215.,0.));
#10237 = VECTOR('',#10238,1.);
#10238 = DIRECTION('',(0.,0.,-1.));
#10239 = ORIENTED_EDGE('',*,*,#10240,.F.);
#10240 = EDGE_CURVE('',#10201,#10233,#10241,.T.);
#10241 = LINE('',#10242,#10243);
#10242 = CARTESIAN_POINT('',(-222.3205080756,128.39745962155,0.));
#10243 = VECTOR('',#10244,1.);
#10244 = DIRECTION('',(0.5,0.866025403784,0.));
#10245 = PLANE('',#10246);
#10246 = AXIS2_PLACEMENT_3D('',#10247,#10248,#10249);
#10247 = CARTESIAN_POINT('',(-222.3205080756,128.39745962155,0.));
#10248 = DIRECTION('',(0.866025403784,-0.5,0.));
#10249 = DIRECTION('',(0.5,0.866025403784,0.));
#10250 = ADVANCED_FACE('',(#10251),#10278,.T.);
#10251 = FACE_BOUND('',#10252,.F.);
#10252 = EDGE_LOOP('',(#10253,#10254,#10263,#10271));
#10253 = ORIENTED_EDGE('',*,*,#10232,.T.);
#10254 = ORIENTED_EDGE('',*,*,#10255,.T.);
#10255 = EDGE_CURVE('',#10225,#10256,#10258,.T.);
#10256 = VERTEX_POINT('',#10257);
#10257 = CARTESIAN_POINT('',(-155.,225.,-20.));
#10258 = CIRCLE('',#10259,20.);
#10259 = AXIS2_PLACEMENT_3D('',#10260,#10261,#10262);
#10260 = CARTESIAN_POINT('',(-155.,205.,-20.));
#10261 = DIRECTION('',(0.,0.,-1.));
#10262 = DIRECTION('',(1.,0.,0.));
#10263 = ORIENTED_EDGE('',*,*,#10264,.F.);
#10264 = EDGE_CURVE('',#10265,#10256,#10267,.T.);
#10265 = VERTEX_POINT('',#10266);
#10266 = CARTESIAN_POINT('',(-155.,225.,0.));
#10267 = LINE('',#10268,#10269);
#10268 = CARTESIAN_POINT('',(-155.,225.,0.));
#10269 = VECTOR('',#10270,1.);
#10270 = DIRECTION('',(0.,0.,-1.));
#10271 = ORIENTED_EDGE('',*,*,#10272,.F.);
#10272 = EDGE_CURVE('',#10233,#10265,#10273,.T.);
#10273 = CIRCLE('',#10274,20.);
#10274 = AXIS2_PLACEMENT_3D('',#10275,#10276,#10277);
#10275 = CARTESIAN_POINT('',(-155.,205.,0.));
#10276 = DIRECTION('',(0.,0.,-1.));
#10277 = DIRECTION('',(1.,0.,0.));
#10278 = CYLINDRICAL_SURFACE('',#10279,20.);
#10279 = AXIS2_PLACEMENT_3D('',#10280,#10281,#10282);
#10280 = CARTESIAN_POINT('',(-155.,205.,0.));
#10281 = DIRECTION('',(0.,0.,1.));
#10282 = DIRECTION('',(1.,0.,-0.));
#10283 = ADVANCED_FACE('',(#10284),#10309,.F.);
#10284 = FACE_BOUND('',#10285,.F.);
#10285 = EDGE_LOOP('',(#10286,#10287,#10295,#10303));
#10286 = ORIENTED_EDGE('',*,*,#10264,.T.);
#10287 = ORIENTED_EDGE('',*,*,#10288,.T.);
#10288 = EDGE_CURVE('',#10256,#10289,#10291,.T.);
#10289 = VERTEX_POINT('',#10290);
#10290 = CARTESIAN_POINT('',(155.,225.,-20.));
#10291 = LINE('',#10292,#10293);
#10292 = CARTESIAN_POINT('',(-155.,225.,-20.));
#10293 = VECTOR('',#10294,1.);
#10294 = DIRECTION('',(1.,9.E-17,0.));
#10295 = ORIENTED_EDGE('',*,*,#10296,.F.);
#10296 = EDGE_CURVE('',#10297,#10289,#10299,.T.);
#10297 = VERTEX_POINT('',#10298);
#10298 = CARTESIAN_POINT('',(155.,225.,0.));
#10299 = LINE('',#10300,#10301);
#10300 = CARTESIAN_POINT('',(155.,225.,0.));
#10301 = VECTOR('',#10302,1.);
#10302 = DIRECTION('',(0.,0.,-1.));
#10303 = ORIENTED_EDGE('',*,*,#10304,.F.);
#10304 = EDGE_CURVE('',#10265,#10297,#10305,.T.);
#10305 = LINE('',#10306,#10307);
#10306 = CARTESIAN_POINT('',(-155.,225.,0.));
#10307 = VECTOR('',#10308,1.);
#10308 = DIRECTION('',(1.,9.E-17,0.));
#10309 = PLANE('',#10310);
#10310 = AXIS2_PLACEMENT_3D('',#10311,#10312,#10313);
#10311 = CARTESIAN_POINT('',(-155.,225.,0.));
#10312 = DIRECTION('',(9.E-17,-1.,0.));
#10313 = DIRECTION('',(1.,9.E-17,0.));
#10314 = ADVANCED_FACE('',(#10315),#10342,.T.);
#10315 = FACE_BOUND('',#10316,.F.);
#10316 = EDGE_LOOP('',(#10317,#10318,#10327,#10335));
#10317 = ORIENTED_EDGE('',*,*,#10296,.T.);
#10318 = ORIENTED_EDGE('',*,*,#10319,.T.);
#10319 = EDGE_CURVE('',#10289,#10320,#10322,.T.);
#10320 = VERTEX_POINT('',#10321);
#10321 = CARTESIAN_POINT('',(172.32050807568,215.,-20.));
#10322 = CIRCLE('',#10323,20.);
#10323 = AXIS2_PLACEMENT_3D('',#10324,#10325,#10326);
#10324 = CARTESIAN_POINT('',(155.,205.,-20.));
#10325 = DIRECTION('',(0.,0.,-1.));
#10326 = DIRECTION('',(1.,0.,0.));
#10327 = ORIENTED_EDGE('',*,*,#10328,.F.);
#10328 = EDGE_CURVE('',#10329,#10320,#10331,.T.);
#10329 = VERTEX_POINT('',#10330);
#10330 = CARTESIAN_POINT('',(172.32050807568,215.,0.));
#10331 = LINE('',#10332,#10333);
#10332 = CARTESIAN_POINT('',(172.32050807568,215.,0.));
#10333 = VECTOR('',#10334,1.);
#10334 = DIRECTION('',(0.,0.,-1.));
#10335 = ORIENTED_EDGE('',*,*,#10336,.F.);
#10336 = EDGE_CURVE('',#10297,#10329,#10337,.T.);
#10337 = CIRCLE('',#10338,20.);
#10338 = AXIS2_PLACEMENT_3D('',#10339,#10340,#10341);
#10339 = CARTESIAN_POINT('',(155.,205.,0.));
#10340 = DIRECTION('',(0.,0.,-1.));
#10341 = DIRECTION('',(1.,0.,0.));
#10342 = CYLINDRICAL_SURFACE('',#10343,20.);
#10343 = AXIS2_PLACEMENT_3D('',#10344,#10345,#10346);
#10344 = CARTESIAN_POINT('',(155.,205.,0.));
#10345 = DIRECTION('',(0.,0.,1.));
#10346 = DIRECTION('',(1.,0.,-0.));
#10347 = ADVANCED_FACE('',(#10348),#10373,.F.);
#10348 = FACE_BOUND('',#10349,.F.);
#10349 = EDGE_LOOP('',(#10350,#10351,#10359,#10367));
#10350 = ORIENTED_EDGE('',*,*,#10328,.T.);
#10351 = ORIENTED_EDGE('',*,*,#10352,.T.);
#10352 = EDGE_CURVE('',#10320,#10353,#10355,.T.);
#10353 = VERTEX_POINT('',#10354);
#10354 = CARTESIAN_POINT('',(222.32050807568,128.39745962155,-20.));
#10355 = LINE('',#10356,#10357);
#10356 = CARTESIAN_POINT('',(172.32050807568,215.,-20.));
#10357 = VECTOR('',#10358,1.);
#10358 = DIRECTION('',(0.5,-0.866025403784,0.));
#10359 = ORIENTED_EDGE('',*,*,#10360,.F.);
#10360 = EDGE_CURVE('',#10361,#10353,#10363,.T.);
#10361 = VERTEX_POINT('',#10362);
#10362 = CARTESIAN_POINT('',(222.32050807568,128.39745962155,0.));
#10363 = LINE('',#10364,#10365);
#10364 = CARTESIAN_POINT('',(222.32050807568,128.39745962155,0.));
#10365 = VECTOR('',#10366,1.);
#10366 = DIRECTION('',(0.,0.,-1.));
#10367 = ORIENTED_EDGE('',*,*,#10368,.F.);
#10368 = EDGE_CURVE('',#10329,#10361,#10369,.T.);
#10369 = LINE('',#10370,#10371);
#10370 = CARTESIAN_POINT('',(172.32050807568,215.,0.));
#10371 = VECTOR('',#10372,1.);
#10372 = DIRECTION('',(0.5,-0.866025403784,0.));
#10373 = PLANE('',#10374);
#10374 = AXIS2_PLACEMENT_3D('',#10375,#10376,#10377);
#10375 = CARTESIAN_POINT('',(172.32050807568,215.,0.));
#10376 = DIRECTION('',(-0.866025403784,-0.5,-0.));
#10377 = DIRECTION('',(0.5,-0.866025403784,0.));
#10378 = ADVANCED_FACE('',(#10379),#10406,.T.);
#10379 = FACE_BOUND('',#10380,.F.);
#10380 = EDGE_LOOP('',(#10381,#10382,#10391,#10399));
#10381 = ORIENTED_EDGE('',*,*,#10360,.T.);
#10382 = ORIENTED_EDGE('',*,*,#10383,.T.);
#10383 = EDGE_CURVE('',#10353,#10384,#10386,.T.);
#10384 = VERTEX_POINT('',#10385);
#10385 = CARTESIAN_POINT('',(225.,118.39745962155,-20.));
#10386 = CIRCLE('',#10387,20.);
#10387 = AXIS2_PLACEMENT_3D('',#10388,#10389,#10390);
#10388 = CARTESIAN_POINT('',(205.,118.39745962155,-20.));
#10389 = DIRECTION('',(0.,0.,-1.));
#10390 = DIRECTION('',(1.,0.,0.));
#10391 = ORIENTED_EDGE('',*,*,#10392,.F.);
#10392 = EDGE_CURVE('',#10393,#10384,#10395,.T.);
#10393 = VERTEX_POINT('',#10394);
#10394 = CARTESIAN_POINT('',(225.,118.39745962155,0.));
#10395 = LINE('',#10396,#10397);
#10396 = CARTESIAN_POINT('',(225.,118.39745962155,0.));
#10397 = VECTOR('',#10398,1.);
#10398 = DIRECTION('',(0.,0.,-1.));
#10399 = ORIENTED_EDGE('',*,*,#10400,.F.);
#10400 = EDGE_CURVE('',#10361,#10393,#10401,.T.);
#10401 = CIRCLE('',#10402,20.);
#10402 = AXIS2_PLACEMENT_3D('',#10403,#10404,#10405);
#10403 = CARTESIAN_POINT('',(205.,118.39745962155,0.));
#10404 = DIRECTION('',(0.,0.,-1.));
#10405 = DIRECTION('',(1.,0.,0.));
#10406 = CYLINDRICAL_SURFACE('',#10407,20.);
#10407 = AXIS2_PLACEMENT_3D('',#10408,#10409,#10410);
#10408 = CARTESIAN_POINT('',(205.,118.39745962155,0.));
#10409 = DIRECTION('',(0.,0.,1.));
#10410 = DIRECTION('',(1.,0.,-0.));
#10411 = ADVANCED_FACE('',(#10412),#10437,.F.);
#10412 = FACE_BOUND('',#10413,.F.);
#10413 = EDGE_LOOP('',(#10414,#10415,#10423,#10431));
#10414 = ORIENTED_EDGE('',*,*,#10392,.T.);
#10415 = ORIENTED_EDGE('',*,*,#10416,.T.);
#10416 = EDGE_CURVE('',#10384,#10417,#10419,.T.);
#10417 = VERTEX_POINT('',#10418);
#10418 = CARTESIAN_POINT('',(225.,-18.5,-20.));
#10419 = LINE('',#10420,#10421);
#10420 = CARTESIAN_POINT('',(225.,118.39745962155,-20.));
#10421 = VECTOR('',#10422,1.);
#10422 = DIRECTION('',(0.,-1.,0.));
#10423 = ORIENTED_EDGE('',*,*,#10424,.F.);
#10424 = EDGE_CURVE('',#10425,#10417,#10427,.T.);
#10425 = VERTEX_POINT('',#10426);
#10426 = CARTESIAN_POINT('',(225.,-18.5,0.));
#10427 = LINE('',#10428,#10429);
#10428 = CARTESIAN_POINT('',(225.,-18.5,0.));
#10429 = VECTOR('',#10430,1.);
#10430 = DIRECTION('',(0.,0.,-1.));
#10431 = ORIENTED_EDGE('',*,*,#10432,.F.);
#10432 = EDGE_CURVE('',#10393,#10425,#10433,.T.);
#10433 = LINE('',#10434,#10435);
#10434 = CARTESIAN_POINT('',(225.,118.39745962155,0.));
#10435 = VECTOR('',#10436,1.);
#10436 = DIRECTION('',(0.,-1.,0.));
#10437 = PLANE('',#10438);
#10438 = AXIS2_PLACEMENT_3D('',#10439,#10440,#10441);
#10439 = CARTESIAN_POINT('',(225.,118.39745962155,0.));
#10440 = DIRECTION('',(-1.,-0.,-0.));
#10441 = DIRECTION('',(0.,-1.,0.));
#10442 = ADVANCED_FACE('',(#10443),#10470,.T.);
#10443 = FACE_BOUND('',#10444,.F.);
#10444 = EDGE_LOOP('',(#10445,#10446,#10455,#10463));
#10445 = ORIENTED_EDGE('',*,*,#10424,.T.);
#10446 = ORIENTED_EDGE('',*,*,#10447,.T.);
#10447 = EDGE_CURVE('',#10417,#10448,#10450,.T.);
#10448 = VERTEX_POINT('',#10449);
#10449 = CARTESIAN_POINT('',(206.5,-37.,-20.));
#10450 = CIRCLE('',#10451,18.5);
#10451 = AXIS2_PLACEMENT_3D('',#10452,#10453,#10454);
#10452 = CARTESIAN_POINT('',(206.5,-18.5,-20.));
#10453 = DIRECTION('',(0.,0.,-1.));
#10454 = DIRECTION('',(1.,0.,0.));
#10455 = ORIENTED_EDGE('',*,*,#10456,.F.);
#10456 = EDGE_CURVE('',#10457,#10448,#10459,.T.);
#10457 = VERTEX_POINT('',#10458);
#10458 = CARTESIAN_POINT('',(206.5,-37.,0.));
#10459 = LINE('',#10460,#10461);
#10460 = CARTESIAN_POINT('',(206.5,-37.,0.));
#10461 = VECTOR('',#10462,1.);
#10462 = DIRECTION('',(0.,0.,-1.));
#10463 = ORIENTED_EDGE('',*,*,#10464,.F.);
#10464 = EDGE_CURVE('',#10425,#10457,#10465,.T.);
#10465 = CIRCLE('',#10466,18.5);
#10466 = AXIS2_PLACEMENT_3D('',#10467,#10468,#10469);
#10467 = CARTESIAN_POINT('',(206.5,-18.5,0.));
#10468 = DIRECTION('',(0.,0.,-1.));
#10469 = DIRECTION('',(1.,0.,0.));
#10470 = CYLINDRICAL_SURFACE('',#10471,18.5);
#10471 = AXIS2_PLACEMENT_3D('',#10472,#10473,#10474);
#10472 = CARTESIAN_POINT('',(206.5,-18.5,0.));
#10473 = DIRECTION('',(0.,0.,1.));
#10474 = DIRECTION('',(1.,0.,-0.));
#10475 = ADVANCED_FACE('',(#10476),#10501,.F.);
#10476 = FACE_BOUND('',#10477,.F.);
#10477 = EDGE_LOOP('',(#10478,#10479,#10487,#10495));
#10478 = ORIENTED_EDGE('',*,*,#10456,.T.);
#10479 = ORIENTED_EDGE('',*,*,#10480,.T.);
#10480 = EDGE_CURVE('',#10448,#10481,#10483,.T.);
#10481 = VERTEX_POINT('',#10482);
#10482 = CARTESIAN_POINT('',(175.,-37.,-20.));
#10483 = LINE('',#10484,#10485);
#10484 = CARTESIAN_POINT('',(206.5,-37.,-20.));
#10485 = VECTOR('',#10486,1.);
#10486 = DIRECTION('',(-1.,0.,0.));
#10487 = ORIENTED_EDGE('',*,*,#10488,.F.);
#10488 = EDGE_CURVE('',#10489,#10481,#10491,.T.);
#10489 = VERTEX_POINT('',#10490);
#10490 = CARTESIAN_POINT('',(175.,-37.,0.));
#10491 = LINE('',#10492,#10493);
#10492 = CARTESIAN_POINT('',(175.,-37.,0.));
#10493 = VECTOR('',#10494,1.);
#10494 = DIRECTION('',(0.,0.,-1.));
#10495 = ORIENTED_EDGE('',*,*,#10496,.F.);
#10496 = EDGE_CURVE('',#10457,#10489,#10497,.T.);
#10497 = LINE('',#10498,#10499);
#10498 = CARTESIAN_POINT('',(206.5,-37.,0.));
#10499 = VECTOR('',#10500,1.);
#10500 = DIRECTION('',(-1.,0.,0.));
#10501 = PLANE('',#10502);
#10502 = AXIS2_PLACEMENT_3D('',#10503,#10504,#10505);
#10503 = CARTESIAN_POINT('',(206.5,-37.,0.));
#10504 = DIRECTION('',(0.,1.,0.));
#10505 = DIRECTION('',(-1.,0.,0.));
#10506 = ADVANCED_FACE('',(#10507),#10532,.F.);
#10507 = FACE_BOUND('',#10508,.F.);
#10508 = EDGE_LOOP('',(#10509,#10510,#10518,#10526));
#10509 = ORIENTED_EDGE('',*,*,#10488,.T.);
#10510 = ORIENTED_EDGE('',*,*,#10511,.T.);
#10511 = EDGE_CURVE('',#10481,#10512,#10514,.T.);
#10512 = VERTEX_POINT('',#10513);
#10513 = CARTESIAN_POINT('',(175.,-115.,-20.));
#10514 = LINE('',#10515,#10516);
#10515 = CARTESIAN_POINT('',(175.,-37.,-20.));
#10516 = VECTOR('',#10517,1.);
#10517 = DIRECTION('',(0.,-1.,0.));
#10518 = ORIENTED_EDGE('',*,*,#10519,.F.);
#10519 = EDGE_CURVE('',#10520,#10512,#10522,.T.);
#10520 = VERTEX_POINT('',#10521);
#10521 = CARTESIAN_POINT('',(175.,-115.,0.));
#10522 = LINE('',#10523,#10524);
#10523 = CARTESIAN_POINT('',(175.,-115.,0.));
#10524 = VECTOR('',#10525,1.);
#10525 = DIRECTION('',(0.,0.,-1.));
#10526 = ORIENTED_EDGE('',*,*,#10527,.F.);
#10527 = EDGE_CURVE('',#10489,#10520,#10528,.T.);
#10528 = LINE('',#10529,#10530);
#10529 = CARTESIAN_POINT('',(175.,-37.,0.));
#10530 = VECTOR('',#10531,1.);
#10531 = DIRECTION('',(0.,-1.,0.));
#10532 = PLANE('',#10533);
#10533 = AXIS2_PLACEMENT_3D('',#10534,#10535,#10536);
#10534 = CARTESIAN_POINT('',(175.,-37.,0.));
#10535 = DIRECTION('',(-1.,-0.,-0.));
#10536 = DIRECTION('',(0.,-1.,0.));
#10537 = ADVANCED_FACE('',(#10538),#10563,.F.);
#10538 = FACE_BOUND('',#10539,.F.);
#10539 = EDGE_LOOP('',(#10540,#10541,#10549,#10557));
#10540 = ORIENTED_EDGE('',*,*,#10519,.T.);
#10541 = ORIENTED_EDGE('',*,*,#10542,.T.);
#10542 = EDGE_CURVE('',#10512,#10543,#10545,.T.);
#10543 = VERTEX_POINT('',#10544);
#10544 = CARTESIAN_POINT('',(235.,-115.,-20.));
#10545 = LINE('',#10546,#10547);
#10546 = CARTESIAN_POINT('',(175.,-115.,-20.));
#10547 = VECTOR('',#10548,1.);
#10548 = DIRECTION('',(1.,0.,0.));
#10549 = ORIENTED_EDGE('',*,*,#10550,.F.);
#10550 = EDGE_CURVE('',#10551,#10543,#10553,.T.);
#10551 = VERTEX_POINT('',#10552);
#10552 = CARTESIAN_POINT('',(235.,-115.,0.));
#10553 = LINE('',#10554,#10555);
#10554 = CARTESIAN_POINT('',(235.,-115.,0.));
#10555 = VECTOR('',#10556,1.);
#10556 = DIRECTION('',(0.,0.,-1.));
#10557 = ORIENTED_EDGE('',*,*,#10558,.F.);
#10558 = EDGE_CURVE('',#10520,#10551,#10559,.T.);
#10559 = LINE('',#10560,#10561);
#10560 = CARTESIAN_POINT('',(175.,-115.,0.));
#10561 = VECTOR('',#10562,1.);
#10562 = DIRECTION('',(1.,0.,0.));
#10563 = PLANE('',#10564);
#10564 = AXIS2_PLACEMENT_3D('',#10565,#10566,#10567);
#10565 = CARTESIAN_POINT('',(175.,-115.,0.));
#10566 = DIRECTION('',(0.,-1.,0.));
#10567 = DIRECTION('',(1.,0.,0.));
#10568 = ADVANCED_FACE('',(#10569),#10585,.F.);
#10569 = FACE_BOUND('',#10570,.F.);
#10570 = EDGE_LOOP('',(#10571,#10572,#10578,#10579));
#10571 = ORIENTED_EDGE('',*,*,#10550,.T.);
#10572 = ORIENTED_EDGE('',*,*,#10573,.T.);
#10573 = EDGE_CURVE('',#10543,#9965,#10574,.T.);
#10574 = LINE('',#10575,#10576);
#10575 = CARTESIAN_POINT('',(235.,-115.,-20.));
#10576 = VECTOR('',#10577,1.);
#10577 = DIRECTION('',(0.,-1.,0.));
#10578 = ORIENTED_EDGE('',*,*,#9962,.F.);
#10579 = ORIENTED_EDGE('',*,*,#10580,.F.);
#10580 = EDGE_CURVE('',#10551,#9963,#10581,.T.);
#10581 = LINE('',#10582,#10583);
#10582 = CARTESIAN_POINT('',(235.,-115.,0.));
#10583 = VECTOR('',#10584,1.);
#10584 = DIRECTION('',(0.,-1.,0.));
#10585 = PLANE('',#10586);
#10586 = AXIS2_PLACEMENT_3D('',#10587,#10588,#10589);
#10587 = CARTESIAN_POINT('',(235.,-115.,0.));
#10588 = DIRECTION('',(-1.,-0.,-0.));
#10589 = DIRECTION('',(0.,-1.,0.));
#10590 = ADVANCED_FACE('',(#10591),#10618,.F.);
#10591 = FACE_BOUND('',#10592,.T.);
#10592 = EDGE_LOOP('',(#10593,#10603,#10610,#10611));
#10593 = ORIENTED_EDGE('',*,*,#10594,.T.);
#10594 = EDGE_CURVE('',#10595,#10597,#10599,.T.);
#10595 = VERTEX_POINT('',#10596);
#10596 = CARTESIAN_POINT('',(100.,6.E-15,0.));
#10597 = VERTEX_POINT('',#10598);
#10598 = CARTESIAN_POINT('',(100.,6.E-15,-20.));
#10599 = LINE('',#10600,#10601);
#10600 = CARTESIAN_POINT('',(100.,5.6E-15,0.));
#10601 = VECTOR('',#10602,1.);
#10602 = DIRECTION('',(0.,0.,-1.));
#10603 = ORIENTED_EDGE('',*,*,#10604,.T.);
#10604 = EDGE_CURVE('',#10597,#10597,#10605,.T.);
#10605 = CIRCLE('',#10606,100.);
#10606 = AXIS2_PLACEMENT_3D('',#10607,#10608,#10609);
#10607 = CARTESIAN_POINT('',(0.,5.6E-15,-20.));
#10608 = DIRECTION('',(0.,0.,-1.));
#10609 = DIRECTION('',(1.,0.,0.));
#10610 = ORIENTED_EDGE('',*,*,#10594,.F.);
#10611 = ORIENTED_EDGE('',*,*,#10612,.F.);
#10612 = EDGE_CURVE('',#10595,#10595,#10613,.T.);
#10613 = CIRCLE('',#10614,100.);
#10614 = AXIS2_PLACEMENT_3D('',#10615,#10616,#10617);
#10615 = CARTESIAN_POINT('',(0.,5.6E-15,0.));
#10616 = DIRECTION('',(0.,0.,-1.));
#10617 = DIRECTION('',(1.,0.,0.));
#10618 = CYLINDRICAL_SURFACE('',#10619,100.);
#10619 = AXIS2_PLACEMENT_3D('',#10620,#10621,#10622);
#10620 = CARTESIAN_POINT('',(0.,5.6E-15,0.));
#10621 = DIRECTION('',(0.,0.,1.));
#10622 = DIRECTION('',(1.,0.,-0.));
#10623 = ADVANCED_FACE('',(#10624),#10651,.F.);
#10624 = FACE_BOUND('',#10625,.T.);
#10625 = EDGE_LOOP('',(#10626,#10636,#10643,#10644));
#10626 = ORIENTED_EDGE('',*,*,#10627,.T.);
#10627 = EDGE_CURVE('',#10628,#10630,#10632,.T.);
#10628 = VERTEX_POINT('',#10629);
#10629 = CARTESIAN_POINT('',(130.,-156.5,0.));
#10630 = VERTEX_POINT('',#10631);
#10631 = CARTESIAN_POINT('',(130.,-156.5,-20.));
#10632 = LINE('',#10633,#10634);
#10633 = CARTESIAN_POINT('',(130.,-156.5,0.));
#10634 = VECTOR('',#10635,1.);
#10635 = DIRECTION('',(0.,0.,-1.));
#10636 = ORIENTED_EDGE('',*,*,#10637,.T.);
#10637 = EDGE_CURVE('',#10630,#10630,#10638,.T.);
#10638 = CIRCLE('',#10639,10.);
#10639 = AXIS2_PLACEMENT_3D('',#10640,#10641,#10642);
#10640 = CARTESIAN_POINT('',(120.,-156.5,-20.));
#10641 = DIRECTION('',(0.,0.,-1.));
#10642 = DIRECTION('',(1.,0.,0.));
#10643 = ORIENTED_EDGE('',*,*,#10627,.F.);
#10644 = ORIENTED_EDGE('',*,*,#10645,.F.);
#10645 = EDGE_CURVE('',#10628,#10628,#10646,.T.);
#10646 = CIRCLE('',#10647,10.);
#10647 = AXIS2_PLACEMENT_3D('',#10648,#10649,#10650);
#10648 = CARTESIAN_POINT('',(120.,-156.5,0.));
#10649 = DIRECTION('',(0.,0.,-1.));
#10650 = DIRECTION('',(1.,0.,0.));
#10651 = CYLINDRICAL_SURFACE('',#10652,10.);
#10652 = AXIS2_PLACEMENT_3D('',#10653,#10654,#10655);
#10653 = CARTESIAN_POINT('',(120.,-156.5,0.));
#10654 = DIRECTION('',(0.,0.,1.));
#10655 = DIRECTION('',(1.,0.,-0.));
#10656 = ADVANCED_FACE('',(#10657),#10684,.F.);
#10657 = FACE_BOUND('',#10658,.T.);
#10658 = EDGE_LOOP('',(#10659,#10669,#10676,#10677));
#10659 = ORIENTED_EDGE('',*,*,#10660,.T.);
#10660 = EDGE_CURVE('',#10661,#10663,#10665,.T.);
#10661 = VERTEX_POINT('',#10662);
#10662 = CARTESIAN_POINT('',(50.,-156.5,0.));
#10663 = VERTEX_POINT('',#10664);
#10664 = CARTESIAN_POINT('',(50.,-156.5,-20.));
#10665 = LINE('',#10666,#10667);
#10666 = CARTESIAN_POINT('',(50.,-156.5,0.));
#10667 = VECTOR('',#10668,1.);
#10668 = DIRECTION('',(0.,0.,-1.));
#10669 = ORIENTED_EDGE('',*,*,#10670,.T.);
#10670 = EDGE_CURVE('',#10663,#10663,#10671,.T.);
#10671 = CIRCLE('',#10672,10.);
#10672 = AXIS2_PLACEMENT_3D('',#10673,#10674,#10675);
#10673 = CARTESIAN_POINT('',(40.,-156.5,-20.));
#10674 = DIRECTION('',(0.,0.,-1.));
#10675 = DIRECTION('',(1.,0.,0.));
#10676 = ORIENTED_EDGE('',*,*,#10660,.F.);
#10677 = ORIENTED_EDGE('',*,*,#10678,.F.);
#10678 = EDGE_CURVE('',#10661,#10661,#10679,.T.);
#10679 = CIRCLE('',#10680,10.);
#10680 = AXIS2_PLACEMENT_3D('',#10681,#10682,#10683);
#10681 = CARTESIAN_POINT('',(40.,-156.5,0.));
#10682 = DIRECTION('',(0.,0.,-1.));
#10683 = DIRECTION('',(1.,0.,0.));
#10684 = CYLINDRICAL_SURFACE('',#10685,10.);
#10685 = AXIS2_PLACEMENT_3D('',#10686,#10687,#10688);
#10686 = CARTESIAN_POINT('',(40.,-156.5,0.));
#10687 = DIRECTION('',(0.,0.,1.));
#10688 = DIRECTION('',(1.,0.,-0.));
#10689 = ADVANCED_FACE('',(#10690),#10717,.F.);
#10690 = FACE_BOUND('',#10691,.T.);
#10691 = EDGE_LOOP('',(#10692,#10702,#10709,#10710));
#10692 = ORIENTED_EDGE('',*,*,#10693,.T.);
#10693 = EDGE_CURVE('',#10694,#10696,#10698,.T.);
#10694 = VERTEX_POINT('',#10695);
#10695 = CARTESIAN_POINT('',(-30.,-156.5,0.));
#10696 = VERTEX_POINT('',#10697);
#10697 = CARTESIAN_POINT('',(-30.,-156.5,-20.));
#10698 = LINE('',#10699,#10700);
#10699 = CARTESIAN_POINT('',(-30.,-156.5,0.));
#10700 = VECTOR('',#10701,1.);
#10701 = DIRECTION('',(0.,0.,-1.));
#10702 = ORIENTED_EDGE('',*,*,#10703,.T.);
#10703 = EDGE_CURVE('',#10696,#10696,#10704,.T.);
#10704 = CIRCLE('',#10705,10.);
#10705 = AXIS2_PLACEMENT_3D('',#10706,#10707,#10708);
#10706 = CARTESIAN_POINT('',(-40.,-156.5,-20.));
#10707 = DIRECTION('',(0.,0.,-1.));
#10708 = DIRECTION('',(1.,0.,0.));
#10709 = ORIENTED_EDGE('',*,*,#10693,.F.);
#10710 = ORIENTED_EDGE('',*,*,#10711,.F.);
#10711 = EDGE_CURVE('',#10694,#10694,#10712,.T.);
#10712 = CIRCLE('',#10713,10.);
#10713 = AXIS2_PLACEMENT_3D('',#10714,#10715,#10716);
#10714 = CARTESIAN_POINT('',(-40.,-156.5,0.));
#10715 = DIRECTION('',(0.,0.,-1.));
#10716 = DIRECTION('',(1.,0.,0.));
#10717 = CYLINDRICAL_SURFACE('',#10718,10.);
#10718 = AXIS2_PLACEMENT_3D('',#10719,#10720,#10721);
#10719 = CARTESIAN_POINT('',(-40.,-156.5,0.));
#10720 = DIRECTION('',(0.,0.,1.));
#10721 = DIRECTION('',(1.,0.,-0.));
#10722 = ADVANCED_FACE('',(#10723),#10750,.F.);
#10723 = FACE_BOUND('',#10724,.T.);
#10724 = EDGE_LOOP('',(#10725,#10735,#10742,#10743));
#10725 = ORIENTED_EDGE('',*,*,#10726,.T.);
#10726 = EDGE_CURVE('',#10727,#10729,#10731,.T.);
#10727 = VERTEX_POINT('',#10728);
#10728 = CARTESIAN_POINT('',(-110.,-156.5,0.));
#10729 = VERTEX_POINT('',#10730);
#10730 = CARTESIAN_POINT('',(-110.,-156.5,-20.));
#10731 = LINE('',#10732,#10733);
#10732 = CARTESIAN_POINT('',(-110.,-156.5,0.));
#10733 = VECTOR('',#10734,1.);
#10734 = DIRECTION('',(0.,0.,-1.));
#10735 = ORIENTED_EDGE('',*,*,#10736,.T.);
#10736 = EDGE_CURVE('',#10729,#10729,#10737,.T.);
#10737 = CIRCLE('',#10738,10.);
#10738 = AXIS2_PLACEMENT_3D('',#10739,#10740,#10741);
#10739 = CARTESIAN_POINT('',(-120.,-156.5,-20.));
#10740 = DIRECTION('',(0.,0.,-1.));
#10741 = DIRECTION('',(1.,0.,0.));
#10742 = ORIENTED_EDGE('',*,*,#10726,.F.);
#10743 = ORIENTED_EDGE('',*,*,#10744,.F.);
#10744 = EDGE_CURVE('',#10727,#10727,#10745,.T.);
#10745 = CIRCLE('',#10746,10.);
#10746 = AXIS2_PLACEMENT_3D('',#10747,#10748,#10749);
#10747 = CARTESIAN_POINT('',(-120.,-156.5,0.));
#10748 = DIRECTION('',(0.,0.,-1.));
#10749 = DIRECTION('',(1.,0.,0.));
#10750 = CYLINDRICAL_SURFACE('',#10751,10.);
#10751 = AXIS2_PLACEMENT_3D('',#10752,#10753,#10754);
#10752 = CARTESIAN_POINT('',(-120.,-156.5,0.));
#10753 = DIRECTION('',(0.,0.,1.));
#10754 = DIRECTION('',(1.,0.,-0.));
#10755 = ADVANCED_FACE('',(#10756),#10783,.F.);
#10756 = FACE_BOUND('',#10757,.T.);
#10757 = EDGE_LOOP('',(#10758,#10768,#10775,#10776));
#10758 = ORIENTED_EDGE('',*,*,#10759,.T.);
#10759 = EDGE_CURVE('',#10760,#10762,#10764,.T.);
#10760 = VERTEX_POINT('',#10761);
#10761 = CARTESIAN_POINT('',(216.5,-18.5,0.));
#10762 = VERTEX_POINT('',#10763);
#10763 = CARTESIAN_POINT('',(216.5,-18.5,-20.));
#10764 = LINE('',#10765,#10766);
#10765 = CARTESIAN_POINT('',(216.5,-18.5,0.));
#10766 = VECTOR('',#10767,1.);
#10767 = DIRECTION('',(0.,0.,-1.));
#10768 = ORIENTED_EDGE('',*,*,#10769,.T.);
#10769 = EDGE_CURVE('',#10762,#10762,#10770,.T.);
#10770 = CIRCLE('',#10771,10.);
#10771 = AXIS2_PLACEMENT_3D('',#10772,#10773,#10774);
#10772 = CARTESIAN_POINT('',(206.5,-18.5,-20.));
#10773 = DIRECTION('',(0.,0.,-1.));
#10774 = DIRECTION('',(1.,0.,0.));
#10775 = ORIENTED_EDGE('',*,*,#10759,.F.);
#10776 = ORIENTED_EDGE('',*,*,#10777,.F.);
#10777 = EDGE_CURVE('',#10760,#10760,#10778,.T.);
#10778 = CIRCLE('',#10779,10.);
#10779 = AXIS2_PLACEMENT_3D('',#10780,#10781,#10782);
#10780 = CARTESIAN_POINT('',(206.5,-18.5,0.));
#10781 = DIRECTION('',(0.,0.,-1.));
#10782 = DIRECTION('',(1.,0.,0.));
#10783 = CYLINDRICAL_SURFACE('',#10784,10.);
#10784 = AXIS2_PLACEMENT_3D('',#10785,#10786,#10787);
#10785 = CARTESIAN_POINT('',(206.5,-18.5,0.));
#10786 = DIRECTION('',(0.,0.,1.));
#10787 = DIRECTION('',(1.,0.,-0.));
#10788 = ADVANCED_FACE('',(#10789),#10816,.F.);
#10789 = FACE_BOUND('',#10790,.T.);
#10790 = EDGE_LOOP('',(#10791,#10801,#10808,#10809));
#10791 = ORIENTED_EDGE('',*,*,#10792,.T.);
#10792 = EDGE_CURVE('',#10793,#10795,#10797,.T.);
#10793 = VERTEX_POINT('',#10794);
#10794 = CARTESIAN_POINT('',(216.5,44.,0.));
#10795 = VERTEX_POINT('',#10796);
#10796 = CARTESIAN_POINT('',(216.5,44.,-20.));
#10797 = LINE('',#10798,#10799);
#10798 = CARTESIAN_POINT('',(216.5,44.,0.));
#10799 = VECTOR('',#10800,1.);
#10800 = DIRECTION('',(0.,0.,-1.));
#10801 = ORIENTED_EDGE('',*,*,#10802,.T.);
#10802 = EDGE_CURVE('',#10795,#10795,#10803,.T.);
#10803 = CIRCLE('',#10804,10.);
#10804 = AXIS2_PLACEMENT_3D('',#10805,#10806,#10807);
#10805 = CARTESIAN_POINT('',(206.5,44.,-20.));
#10806 = DIRECTION('',(0.,0.,-1.));
#10807 = DIRECTION('',(1.,0.,0.));
#10808 = ORIENTED_EDGE('',*,*,#10792,.F.);
#10809 = ORIENTED_EDGE('',*,*,#10810,.F.);
#10810 = EDGE_CURVE('',#10793,#10793,#10811,.T.);
#10811 = CIRCLE('',#10812,10.);
#10812 = AXIS2_PLACEMENT_3D('',#10813,#10814,#10815);
#10813 = CARTESIAN_POINT('',(206.5,44.,0.));
#10814 = DIRECTION('',(0.,0.,-1.));
#10815 = DIRECTION('',(1.,0.,0.));
#10816 = CYLINDRICAL_SURFACE('',#10817,10.);
#10817 = AXIS2_PLACEMENT_3D('',#10818,#10819,#10820);
#10818 = CARTESIAN_POINT('',(206.5,44.,0.));
#10819 = DIRECTION('',(0.,0.,1.));
#10820 = DIRECTION('',(1.,0.,-0.));
#10821 = ADVANCED_FACE('',(#10822),#10849,.F.);
#10822 = FACE_BOUND('',#10823,.T.);
#10823 = EDGE_LOOP('',(#10824,#10834,#10841,#10842));
#10824 = ORIENTED_EDGE('',*,*,#10825,.T.);
#10825 = EDGE_CURVE('',#10826,#10828,#10830,.T.);
#10826 = VERTEX_POINT('',#10827);
#10827 = CARTESIAN_POINT('',(216.5,106.5,0.));
#10828 = VERTEX_POINT('',#10829);
#10829 = CARTESIAN_POINT('',(216.5,106.5,-20.));
#10830 = LINE('',#10831,#10832);
#10831 = CARTESIAN_POINT('',(216.5,106.5,0.));
#10832 = VECTOR('',#10833,1.);
#10833 = DIRECTION('',(0.,0.,-1.));
#10834 = ORIENTED_EDGE('',*,*,#10835,.T.);
#10835 = EDGE_CURVE('',#10828,#10828,#10836,.T.);
#10836 = CIRCLE('',#10837,10.);
#10837 = AXIS2_PLACEMENT_3D('',#10838,#10839,#10840);
#10838 = CARTESIAN_POINT('',(206.5,106.5,-20.));
#10839 = DIRECTION('',(0.,0.,-1.));
#10840 = DIRECTION('',(1.,0.,0.));
#10841 = ORIENTED_EDGE('',*,*,#10825,.F.);
#10842 = ORIENTED_EDGE('',*,*,#10843,.F.);
#10843 = EDGE_CURVE('',#10826,#10826,#10844,.T.);
#10844 = CIRCLE('',#10845,10.);
#10845 = AXIS2_PLACEMENT_3D('',#10846,#10847,#10848);
#10846 = CARTESIAN_POINT('',(206.5,106.5,0.));
#10847 = DIRECTION('',(0.,0.,-1.));
#10848 = DIRECTION('',(1.,0.,0.));
#10849 = CYLINDRICAL_SURFACE('',#10850,10.);
#10850 = AXIS2_PLACEMENT_3D('',#10851,#10852,#10853);
#10851 = CARTESIAN_POINT('',(206.5,106.5,0.));
#10852 = DIRECTION('',(0.,0.,1.));
#10853 = DIRECTION('',(1.,0.,-0.));
#10854 = ADVANCED_FACE('',(#10855),#10882,.F.);
#10855 = FACE_BOUND('',#10856,.T.);
#10856 = EDGE_LOOP('',(#10857,#10867,#10874,#10875));
#10857 = ORIENTED_EDGE('',*,*,#10858,.T.);
#10858 = EDGE_CURVE('',#10859,#10861,#10863,.T.);
#10859 = VERTEX_POINT('',#10860);
#10860 = CARTESIAN_POINT('',(-196.5,106.5,0.));
#10861 = VERTEX_POINT('',#10862);
#10862 = CARTESIAN_POINT('',(-196.5,106.5,-20.));
#10863 = LINE('',#10864,#10865);
#10864 = CARTESIAN_POINT('',(-196.5,106.5,0.));
#10865 = VECTOR('',#10866,1.);
#10866 = DIRECTION('',(0.,0.,-1.));
#10867 = ORIENTED_EDGE('',*,*,#10868,.T.);
#10868 = EDGE_CURVE('',#10861,#10861,#10869,.T.);
#10869 = CIRCLE('',#10870,10.);
#10870 = AXIS2_PLACEMENT_3D('',#10871,#10872,#10873);
#10871 = CARTESIAN_POINT('',(-206.5,106.5,-20.));
#10872 = DIRECTION('',(0.,0.,-1.));
#10873 = DIRECTION('',(1.,0.,0.));
#10874 = ORIENTED_EDGE('',*,*,#10858,.F.);
#10875 = ORIENTED_EDGE('',*,*,#10876,.F.);
#10876 = EDGE_CURVE('',#10859,#10859,#10877,.T.);
#10877 = CIRCLE('',#10878,10.);
#10878 = AXIS2_PLACEMENT_3D('',#10879,#10880,#10881);
#10879 = CARTESIAN_POINT('',(-206.5,106.5,0.));
#10880 = DIRECTION('',(0.,0.,-1.));
#10881 = DIRECTION('',(1.,0.,0.));
#10882 = CYLINDRICAL_SURFACE('',#10883,10.);
#10883 = AXIS2_PLACEMENT_3D('',#10884,#10885,#10886);
#10884 = CARTESIAN_POINT('',(-206.5,106.5,0.));
#10885 = DIRECTION('',(0.,0.,1.));
#10886 = DIRECTION('',(1.,0.,-0.));
#10887 = ADVANCED_FACE('',(#10888),#10915,.F.);
#10888 = FACE_BOUND('',#10889,.T.);
#10889 = EDGE_LOOP('',(#10890,#10900,#10907,#10908));
#10890 = ORIENTED_EDGE('',*,*,#10891,.T.);
#10891 = EDGE_CURVE('',#10892,#10894,#10896,.T.);
#10892 = VERTEX_POINT('',#10893);
#10893 = CARTESIAN_POINT('',(-196.5,44.,0.));
#10894 = VERTEX_POINT('',#10895);
#10895 = CARTESIAN_POINT('',(-196.5,44.,-20.));
#10896 = LINE('',#10897,#10898);
#10897 = CARTESIAN_POINT('',(-196.5,44.,0.));
#10898 = VECTOR('',#10899,1.);
#10899 = DIRECTION('',(0.,0.,-1.));
#10900 = ORIENTED_EDGE('',*,*,#10901,.T.);
#10901 = EDGE_CURVE('',#10894,#10894,#10902,.T.);
#10902 = CIRCLE('',#10903,10.);
#10903 = AXIS2_PLACEMENT_3D('',#10904,#10905,#10906);
#10904 = CARTESIAN_POINT('',(-206.5,44.,-20.));
#10905 = DIRECTION('',(0.,0.,-1.));
#10906 = DIRECTION('',(1.,0.,0.));
#10907 = ORIENTED_EDGE('',*,*,#10891,.F.);
#10908 = ORIENTED_EDGE('',*,*,#10909,.F.);
#10909 = EDGE_CURVE('',#10892,#10892,#10910,.T.);
#10910 = CIRCLE('',#10911,10.);
#10911 = AXIS2_PLACEMENT_3D('',#10912,#10913,#10914);
#10912 = CARTESIAN_POINT('',(-206.5,44.,0.));
#10913 = DIRECTION('',(0.,0.,-1.));
#10914 = DIRECTION('',(1.,0.,0.));
#10915 = CYLINDRICAL_SURFACE('',#10916,10.);
#10916 = AXIS2_PLACEMENT_3D('',#10917,#10918,#10919);
#10917 = CARTESIAN_POINT('',(-206.5,44.,0.));
#10918 = DIRECTION('',(0.,0.,1.));
#10919 = DIRECTION('',(1.,0.,-0.));
#10920 = ADVANCED_FACE('',(#10921),#10948,.F.);
#10921 = FACE_BOUND('',#10922,.T.);
#10922 = EDGE_LOOP('',(#10923,#10933,#10940,#10941));
#10923 = ORIENTED_EDGE('',*,*,#10924,.T.);
#10924 = EDGE_CURVE('',#10925,#10927,#10929,.T.);
#10925 = VERTEX_POINT('',#10926);
#10926 = CARTESIAN_POINT('',(-196.5,-18.5,0.));
#10927 = VERTEX_POINT('',#10928);
#10928 = CARTESIAN_POINT('',(-196.5,-18.5,-20.));
#10929 = LINE('',#10930,#10931);
#10930 = CARTESIAN_POINT('',(-196.5,-18.5,0.));
#10931 = VECTOR('',#10932,1.);
#10932 = DIRECTION('',(0.,0.,-1.));
#10933 = ORIENTED_EDGE('',*,*,#10934,.T.);
#10934 = EDGE_CURVE('',#10927,#10927,#10935,.T.);
#10935 = CIRCLE('',#10936,10.);
#10936 = AXIS2_PLACEMENT_3D('',#10937,#10938,#10939);
#10937 = CARTESIAN_POINT('',(-206.5,-18.5,-20.));
#10938 = DIRECTION('',(0.,0.,-1.));
#10939 = DIRECTION('',(1.,0.,0.));
#10940 = ORIENTED_EDGE('',*,*,#10924,.F.);
#10941 = ORIENTED_EDGE('',*,*,#10942,.F.);
#10942 = EDGE_CURVE('',#10925,#10925,#10943,.T.);
#10943 = CIRCLE('',#10944,10.);
#10944 = AXIS2_PLACEMENT_3D('',#10945,#10946,#10947);
#10945 = CARTESIAN_POINT('',(-206.5,-18.5,0.));
#10946 = DIRECTION('',(0.,0.,-1.));
#10947 = DIRECTION('',(1.,0.,0.));
#10948 = CYLINDRICAL_SURFACE('',#10949,10.);
#10949 = AXIS2_PLACEMENT_3D('',#10950,#10951,#10952);
#10950 = CARTESIAN_POINT('',(-206.5,-18.5,0.));
#10951 = DIRECTION('',(0.,0.,1.));
#10952 = DIRECTION('',(1.,0.,-0.));
#10953 = ADVANCED_FACE('',(#10954),#10981,.F.);
#10954 = FACE_BOUND('',#10955,.T.);
#10955 = EDGE_LOOP('',(#10956,#10966,#10973,#10974));
#10956 = ORIENTED_EDGE('',*,*,#10957,.T.);
#10957 = EDGE_CURVE('',#10958,#10960,#10962,.T.);
#10958 = VERTEX_POINT('',#10959);
#10959 = CARTESIAN_POINT('',(130.,206.5,0.));
#10960 = VERTEX_POINT('',#10961);
#10961 = CARTESIAN_POINT('',(130.,206.5,-20.));
#10962 = LINE('',#10963,#10964);
#10963 = CARTESIAN_POINT('',(130.,206.5,0.));
#10964 = VECTOR('',#10965,1.);
#10965 = DIRECTION('',(0.,0.,-1.));
#10966 = ORIENTED_EDGE('',*,*,#10967,.T.);
#10967 = EDGE_CURVE('',#10960,#10960,#10968,.T.);
#10968 = CIRCLE('',#10969,10.);
#10969 = AXIS2_PLACEMENT_3D('',#10970,#10971,#10972);
#10970 = CARTESIAN_POINT('',(120.,206.5,-20.));
#10971 = DIRECTION('',(0.,0.,-1.));
#10972 = DIRECTION('',(1.,0.,0.));
#10973 = ORIENTED_EDGE('',*,*,#10957,.F.);
#10974 = ORIENTED_EDGE('',*,*,#10975,.F.);
#10975 = EDGE_CURVE('',#10958,#10958,#10976,.T.);
#10976 = CIRCLE('',#10977,10.);
#10977 = AXIS2_PLACEMENT_3D('',#10978,#10979,#10980);
#10978 = CARTESIAN_POINT('',(120.,206.5,0.));
#10979 = DIRECTION('',(0.,0.,-1.));
#10980 = DIRECTION('',(1.,0.,0.));
#10981 = CYLINDRICAL_SURFACE('',#10982,10.);
#10982 = AXIS2_PLACEMENT_3D('',#10983,#10984,#10985);
#10983 = CARTESIAN_POINT('',(120.,206.5,0.));
#10984 = DIRECTION('',(0.,0.,1.));
#10985 = DIRECTION('',(1.,0.,-0.));
#10986 = ADVANCED_FACE('',(#10987),#11014,.F.);
#10987 = FACE_BOUND('',#10988,.T.);
#10988 = EDGE_LOOP('',(#10989,#10999,#11006,#11007));
#10989 = ORIENTED_EDGE('',*,*,#10990,.T.);
#10990 = EDGE_CURVE('',#10991,#10993,#10995,.T.);
#10991 = VERTEX_POINT('',#10992);
#10992 = CARTESIAN_POINT('',(50.,206.5,0.));
#10993 = VERTEX_POINT('',#10994);
#10994 = CARTESIAN_POINT('',(50.,206.5,-20.));
#10995 = LINE('',#10996,#10997);
#10996 = CARTESIAN_POINT('',(50.,206.5,0.));
#10997 = VECTOR('',#10998,1.);
#10998 = DIRECTION('',(0.,0.,-1.));
#10999 = ORIENTED_EDGE('',*,*,#11000,.T.);
#11000 = EDGE_CURVE('',#10993,#10993,#11001,.T.);
#11001 = CIRCLE('',#11002,10.);
#11002 = AXIS2_PLACEMENT_3D('',#11003,#11004,#11005);
#11003 = CARTESIAN_POINT('',(40.,206.5,-20.));
#11004 = DIRECTION('',(0.,0.,-1.));
#11005 = DIRECTION('',(1.,0.,0.));
#11006 = ORIENTED_EDGE('',*,*,#10990,.F.);
#11007 = ORIENTED_EDGE('',*,*,#11008,.F.);
#11008 = EDGE_CURVE('',#10991,#10991,#11009,.T.);
#11009 = CIRCLE('',#11010,10.);
#11010 = AXIS2_PLACEMENT_3D('',#11011,#11012,#11013);
#11011 = CARTESIAN_POINT('',(40.,206.5,0.));
#11012 = DIRECTION('',(0.,0.,-1.));
#11013 = DIRECTION('',(1.,0.,0.));
#11014 = CYLINDRICAL_SURFACE('',#11015,10.);
#11015 = AXIS2_PLACEMENT_3D('',#11016,#11017,#11018);
#11016 = CARTESIAN_POINT('',(40.,206.5,0.));
#11017 = DIRECTION('',(0.,0.,1.));
#11018 = DIRECTION('',(1.,0.,-0.));
#11019 = ADVANCED_FACE('',(#11020),#11047,.F.);
#11020 = FACE_BOUND('',#11021,.T.);
#11021 = EDGE_LOOP('',(#11022,#11032,#11039,#11040));
#11022 = ORIENTED_EDGE('',*,*,#11023,.T.);
#11023 = EDGE_CURVE('',#11024,#11026,#11028,.T.);
#11024 = VERTEX_POINT('',#11025);
#11025 = CARTESIAN_POINT('',(-30.,206.5,0.));
#11026 = VERTEX_POINT('',#11027);
#11027 = CARTESIAN_POINT('',(-30.,206.5,-20.));
#11028 = LINE('',#11029,#11030);
#11029 = CARTESIAN_POINT('',(-30.,206.5,0.));
#11030 = VECTOR('',#11031,1.);
#11031 = DIRECTION('',(0.,0.,-1.));
#11032 = ORIENTED_EDGE('',*,*,#11033,.T.);
#11033 = EDGE_CURVE('',#11026,#11026,#11034,.T.);
#11034 = CIRCLE('',#11035,10.);
#11035 = AXIS2_PLACEMENT_3D('',#11036,#11037,#11038);
#11036 = CARTESIAN_POINT('',(-40.,206.5,-20.));
#11037 = DIRECTION('',(0.,0.,-1.));
#11038 = DIRECTION('',(1.,0.,0.));
#11039 = ORIENTED_EDGE('',*,*,#11023,.F.);
#11040 = ORIENTED_EDGE('',*,*,#11041,.F.);
#11041 = EDGE_CURVE('',#11024,#11024,#11042,.T.);
#11042 = CIRCLE('',#11043,10.);
#11043 = AXIS2_PLACEMENT_3D('',#11044,#11045,#11046);
#11044 = CARTESIAN_POINT('',(-40.,206.5,0.));
#11045 = DIRECTION('',(0.,0.,-1.));
#11046 = DIRECTION('',(1.,0.,0.));
#11047 = CYLINDRICAL_SURFACE('',#11048,10.);
#11048 = AXIS2_PLACEMENT_3D('',#11049,#11050,#11051);
#11049 = CARTESIAN_POINT('',(-40.,206.5,0.));
#11050 = DIRECTION('',(0.,0.,1.));
#11051 = DIRECTION('',(1.,0.,-0.));
#11052 = ADVANCED_FACE('',(#11053),#11080,.F.);
#11053 = FACE_BOUND('',#11054,.T.);
#11054 = EDGE_LOOP('',(#11055,#11065,#11072,#11073));
#11055 = ORIENTED_EDGE('',*,*,#11056,.T.);
#11056 = EDGE_CURVE('',#11057,#11059,#11061,.T.);
#11057 = VERTEX_POINT('',#11058);
#11058 = CARTESIAN_POINT('',(-110.,206.5,0.));
#11059 = VERTEX_POINT('',#11060);
#11060 = CARTESIAN_POINT('',(-110.,206.5,-20.));
#11061 = LINE('',#11062,#11063);
#11062 = CARTESIAN_POINT('',(-110.,206.5,0.));
#11063 = VECTOR('',#11064,1.);
#11064 = DIRECTION('',(0.,0.,-1.));
#11065 = ORIENTED_EDGE('',*,*,#11066,.T.);
#11066 = EDGE_CURVE('',#11059,#11059,#11067,.T.);
#11067 = CIRCLE('',#11068,10.);
#11068 = AXIS2_PLACEMENT_3D('',#11069,#11070,#11071);
#11069 = CARTESIAN_POINT('',(-120.,206.5,-20.));
#11070 = DIRECTION('',(0.,0.,-1.));
#11071 = DIRECTION('',(1.,0.,0.));
#11072 = ORIENTED_EDGE('',*,*,#11056,.F.);
#11073 = ORIENTED_EDGE('',*,*,#11074,.F.);
#11074 = EDGE_CURVE('',#11057,#11057,#11075,.T.);
#11075 = CIRCLE('',#11076,10.);
#11076 = AXIS2_PLACEMENT_3D('',#11077,#11078,#11079);
#11077 = CARTESIAN_POINT('',(-120.,206.5,0.));
#11078 = DIRECTION('',(0.,0.,-1.));
#11079 = DIRECTION('',(1.,0.,0.));
#11080 = CYLINDRICAL_SURFACE('',#11081,10.);
#11081 = AXIS2_PLACEMENT_3D('',#11082,#11083,#11084);
#11082 = CARTESIAN_POINT('',(-120.,206.5,0.));
#11083 = DIRECTION('',(0.,0.,1.));
#11084 = DIRECTION('',(1.,0.,-0.));
#11085 = ADVANCED_FACE('',(#11086,#11108,#11111,#11114,#11117,#11120,
    #11123,#11126,#11129,#11132,#11135,#11138,#11141,#11144,#11147,
    #11150),#11153,.T.);
#11086 = FACE_BOUND('',#11087,.F.);
#11087 = EDGE_LOOP('',(#11088,#11089,#11090,#11091,#11092,#11093,#11094,
    #11095,#11096,#11097,#11098,#11099,#11100,#11101,#11102,#11103,
    #11104,#11105,#11106,#11107));
#11088 = ORIENTED_EDGE('',*,*,#9988,.T.);
#11089 = ORIENTED_EDGE('',*,*,#10019,.T.);
#11090 = ORIENTED_EDGE('',*,*,#10050,.T.);
#11091 = ORIENTED_EDGE('',*,*,#10081,.T.);
#11092 = ORIENTED_EDGE('',*,*,#10112,.T.);
#11093 = ORIENTED_EDGE('',*,*,#10144,.T.);
#11094 = ORIENTED_EDGE('',*,*,#10176,.T.);
#11095 = ORIENTED_EDGE('',*,*,#10208,.T.);
#11096 = ORIENTED_EDGE('',*,*,#10240,.T.);
#11097 = ORIENTED_EDGE('',*,*,#10272,.T.);
#11098 = ORIENTED_EDGE('',*,*,#10304,.T.);
#11099 = ORIENTED_EDGE('',*,*,#10336,.T.);
#11100 = ORIENTED_EDGE('',*,*,#10368,.T.);
#11101 = ORIENTED_EDGE('',*,*,#10400,.T.);
#11102 = ORIENTED_EDGE('',*,*,#10432,.T.);
#11103 = ORIENTED_EDGE('',*,*,#10464,.T.);
#11104 = ORIENTED_EDGE('',*,*,#10496,.T.);
#11105 = ORIENTED_EDGE('',*,*,#10527,.T.);
#11106 = ORIENTED_EDGE('',*,*,#10558,.T.);
#11107 = ORIENTED_EDGE('',*,*,#10580,.T.);
#11108 = FACE_BOUND('',#11109,.T.);
#11109 = EDGE_LOOP('',(#11110));
#11110 = ORIENTED_EDGE('',*,*,#10612,.T.);
#11111 = FACE_BOUND('',#11112,.T.);
#11112 = EDGE_LOOP('',(#11113));
#11113 = ORIENTED_EDGE('',*,*,#10645,.T.);
#11114 = FACE_BOUND('',#11115,.T.);
#11115 = EDGE_LOOP('',(#11116));
#11116 = ORIENTED_EDGE('',*,*,#10678,.T.);
#11117 = FACE_BOUND('',#11118,.T.);
#11118 = EDGE_LOOP('',(#11119));
#11119 = ORIENTED_EDGE('',*,*,#10711,.T.);
#11120 = FACE_BOUND('',#11121,.T.);
#11121 = EDGE_LOOP('',(#11122));
#11122 = ORIENTED_EDGE('',*,*,#10744,.T.);
#11123 = FACE_BOUND('',#11124,.T.);
#11124 = EDGE_LOOP('',(#11125));
#11125 = ORIENTED_EDGE('',*,*,#10777,.T.);
#11126 = FACE_BOUND('',#11127,.T.);
#11127 = EDGE_LOOP('',(#11128));
#11128 = ORIENTED_EDGE('',*,*,#10810,.T.);
#11129 = FACE_BOUND('',#11130,.T.);
#11130 = EDGE_LOOP('',(#11131));
#11131 = ORIENTED_EDGE('',*,*,#10843,.T.);
#11132 = FACE_BOUND('',#11133,.T.);
#11133 = EDGE_LOOP('',(#11134));
#11134 = ORIENTED_EDGE('',*,*,#10876,.T.);
#11135 = FACE_BOUND('',#11136,.T.);
#11136 = EDGE_LOOP('',(#11137));
#11137 = ORIENTED_EDGE('',*,*,#10909,.T.);
#11138 = FACE_BOUND('',#11139,.T.);
#11139 = EDGE_LOOP('',(#11140));
#11140 = ORIENTED_EDGE('',*,*,#10942,.T.);
#11141 = FACE_BOUND('',#11142,.T.);
#11142 = EDGE_LOOP('',(#11143));
#11143 = ORIENTED_EDGE('',*,*,#10975,.T.);
#11144 = FACE_BOUND('',#11145,.T.);
#11145 = EDGE_LOOP('',(#11146));
#11146 = ORIENTED_EDGE('',*,*,#11008,.T.);
#11147 = FACE_BOUND('',#11148,.T.);
#11148 = EDGE_LOOP('',(#11149));
#11149 = ORIENTED_EDGE('',*,*,#11041,.T.);
#11150 = FACE_BOUND('',#11151,.T.);
#11151 = EDGE_LOOP('',(#11152));
#11152 = ORIENTED_EDGE('',*,*,#11074,.T.);
#11153 = PLANE('',#11154);
#11154 = AXIS2_PLACEMENT_3D('',#11155,#11156,#11157);
#11155 = CARTESIAN_POINT('',(-8.86E-15,7.897464583001,0.));
#11156 = DIRECTION('',(0.,0.,1.));
#11157 = DIRECTION('',(1.,0.,0.));
#11158 = ADVANCED_FACE('',(#11159,#11181,#11184,#11187,#11190,#11193,
    #11196,#11199,#11202,#11205,#11208,#11211,#11214,#11217,#11220,
    #11223),#11226,.F.);
#11159 = FACE_BOUND('',#11160,.T.);
#11160 = EDGE_LOOP('',(#11161,#11162,#11163,#11164,#11165,#11166,#11167,
    #11168,#11169,#11170,#11171,#11172,#11173,#11174,#11175,#11176,
    #11177,#11178,#11179,#11180));
#11161 = ORIENTED_EDGE('',*,*,#9972,.T.);
#11162 = ORIENTED_EDGE('',*,*,#10003,.T.);
#11163 = ORIENTED_EDGE('',*,*,#10034,.T.);
#11164 = ORIENTED_EDGE('',*,*,#10065,.T.);
#11165 = ORIENTED_EDGE('',*,*,#10096,.T.);
#11166 = ORIENTED_EDGE('',*,*,#10127,.T.);
#11167 = ORIENTED_EDGE('',*,*,#10160,.T.);
#11168 = ORIENTED_EDGE('',*,*,#10191,.T.);
#11169 = ORIENTED_EDGE('',*,*,#10224,.T.);
#11170 = ORIENTED_EDGE('',*,*,#10255,.T.);
#11171 = ORIENTED_EDGE('',*,*,#10288,.T.);
#11172 = ORIENTED_EDGE('',*,*,#10319,.T.);
#11173 = ORIENTED_EDGE('',*,*,#10352,.T.);
#11174 = ORIENTED_EDGE('',*,*,#10383,.T.);
#11175 = ORIENTED_EDGE('',*,*,#10416,.T.);
#11176 = ORIENTED_EDGE('',*,*,#10447,.T.);
#11177 = ORIENTED_EDGE('',*,*,#10480,.T.);
#11178 = ORIENTED_EDGE('',*,*,#10511,.T.);
#11179 = ORIENTED_EDGE('',*,*,#10542,.T.);
#11180 = ORIENTED_EDGE('',*,*,#10573,.T.);
#11181 = FACE_BOUND('',#11182,.F.);
#11182 = EDGE_LOOP('',(#11183));
#11183 = ORIENTED_EDGE('',*,*,#10604,.T.);
#11184 = FACE_BOUND('',#11185,.F.);
#11185 = EDGE_LOOP('',(#11186));
#11186 = ORIENTED_EDGE('',*,*,#10637,.T.);
#11187 = FACE_BOUND('',#11188,.F.);
#11188 = EDGE_LOOP('',(#11189));
#11189 = ORIENTED_EDGE('',*,*,#10670,.T.);
#11190 = FACE_BOUND('',#11191,.F.);
#11191 = EDGE_LOOP('',(#11192));
#11192 = ORIENTED_EDGE('',*,*,#10703,.T.);
#11193 = FACE_BOUND('',#11194,.F.);
#11194 = EDGE_LOOP('',(#11195));
#11195 = ORIENTED_EDGE('',*,*,#10736,.T.);
#11196 = FACE_BOUND('',#11197,.F.);
#11197 = EDGE_LOOP('',(#11198));
#11198 = ORIENTED_EDGE('',*,*,#10769,.T.);
#11199 = FACE_BOUND('',#11200,.F.);
#11200 = EDGE_LOOP('',(#11201));
#11201 = ORIENTED_EDGE('',*,*,#10802,.T.);
#11202 = FACE_BOUND('',#11203,.F.);
#11203 = EDGE_LOOP('',(#11204));
#11204 = ORIENTED_EDGE('',*,*,#10835,.T.);
#11205 = FACE_BOUND('',#11206,.F.);
#11206 = EDGE_LOOP('',(#11207));
#11207 = ORIENTED_EDGE('',*,*,#10868,.T.);
#11208 = FACE_BOUND('',#11209,.F.);
#11209 = EDGE_LOOP('',(#11210));
#11210 = ORIENTED_EDGE('',*,*,#10901,.T.);
#11211 = FACE_BOUND('',#11212,.F.);
#11212 = EDGE_LOOP('',(#11213));
#11213 = ORIENTED_EDGE('',*,*,#10934,.T.);
#11214 = FACE_BOUND('',#11215,.F.);
#11215 = EDGE_LOOP('',(#11216));
#11216 = ORIENTED_EDGE('',*,*,#10967,.T.);
#11217 = FACE_BOUND('',#11218,.F.);
#11218 = EDGE_LOOP('',(#11219));
#11219 = ORIENTED_EDGE('',*,*,#11000,.T.);
#11220 = FACE_BOUND('',#11221,.F.);
#11221 = EDGE_LOOP('',(#11222));
#11222 = ORIENTED_EDGE('',*,*,#11033,.T.);
#11223 = FACE_BOUND('',#11224,.F.);
#11224 = EDGE_LOOP('',(#11225));
#11225 = ORIENTED_EDGE('',*,*,#11066,.T.);
#11226 = PLANE('',#11227);
#11227 = AXIS2_PLACEMENT_3D('',#11228,#11229,#11230);
#11228 = CARTESIAN_POINT('',(-8.86E-15,7.897464583001,-20.));
#11229 = DIRECTION('',(0.,0.,1.));
#11230 = DIRECTION('',(1.,0.,0.));
#11231 = ( GEOMETRIC_REPRESENTATION_CONTEXT(3) 
GLOBAL_UNCERTAINTY_ASSIGNED_CONTEXT((#11235)) 
GLOBAL_UNIT_ASSIGNED_CONTEXT((#11232,#11233,#11234)) 
REPRESENTATION_CONTEXT('Context #1',
  '3D Context with UNIT and UNCERTAINTY') );
#11232 = ( LENGTH_UNIT() NAMED_UNIT(*) SI_UNIT(.MILLI.,.METRE.) );
#11233 = ( NAMED_UNIT(*) PLANE_ANGLE_UNIT() SI_UNIT($,.RADIAN.) );
#11234 = ( NAMED_UNIT(*) SI_UNIT($,.STERADIAN.) SOLID_ANGLE_UNIT() );
#11235 = UNCERTAINTY_MEASURE_WITH_UNIT(LENGTH_MEASURE(1.E-07),#11232,
  'distance_accuracy_value','confusion accuracy');
#11236 = CONTEXT_DEPENDENT_SHAPE_REPRESENTATION(#11237,#11239);
#11237 = ( REPRESENTATION_RELATIONSHIP('','',#9955,#7719) 
REPRESENTATION_RELATIONSHIP_WITH_TRANSFORMATION(#11238) 
SHAPE_REPRESENTATION_RELATIONSHIP() );
#11238 = ITEM_DEFINED_TRANSFORMATION('','',#11,#7740);
#11239 = PRODUCT_DEFINITION_SHAPE('Placement','Placement of an item',
  #11240);
#11240 = NEXT_ASSEMBLY_USAGE_OCCURRENCE('20','flange_inferior','',#7714,
  #9950,$);
#11241 = CC_DESIGN_SECURITY_CLASSIFICATION(#11242,(#11240));
#11242 = SECURITY_CLASSIFICATION('','',#55);
#11243 = CC_DESIGN_PERSON_AND_ORGANIZATION_ASSIGNMENT(#44,#53,(#11242));
#11244 = CC_DESIGN_DATE_AND_TIME_ASSIGNMENT(#58,#64,(#11242));
#11245 = CC_DESIGN_APPROVAL(#66,(#11242));
#11246 = PRODUCT_RELATED_PRODUCT_CATEGORY('detail',$,(#9952));
#11247 = PRODUCT_CATEGORY_RELATIONSHIP('','',#11248,#11246);
#11248 = PRODUCT_CATEGORY('part',$);
#11249 = CC_DESIGN_PERSON_AND_ORGANIZATION_ASSIGNMENT(#44,#47,(#9951,
    #9950));
#11250 = CC_DESIGN_PERSON_AND_ORGANIZATION_ASSIGNMENT(#44,#49,(#9952));
#11251 = CC_DESIGN_PERSON_AND_ORGANIZATION_ASSIGNMENT(#44,#51,(#9951));
#11252 = CC_DESIGN_PERSON_AND_ORGANIZATION_ASSIGNMENT(#44,#53,(#11253));
#11253 = SECURITY_CLASSIFICATION('','',#55);
#11254 = CC_DESIGN_SECURITY_CLASSIFICATION(#11253,(#9951));
#11255 = CC_DESIGN_DATE_AND_TIME_ASSIGNMENT(#58,#62,(#9950));
#11256 = CC_DESIGN_DATE_AND_TIME_ASSIGNMENT(#58,#64,(#11253));
#11257 = CC_DESIGN_APPROVAL(#66,(#9951,#9950,#11253));
#11258 = SHAPE_DEFINITION_REPRESENTATION(#11259,#11265);
#11259 = PRODUCT_DEFINITION_SHAPE('','',#11260);
#11260 = PRODUCT_DEFINITION('design','',#11261,#11264);
#11261 = PRODUCT_DEFINITION_FORMATION_WITH_SPECIFIED_SOURCE('','',#11262
  ,.NOT_KNOWN.);
#11262 = PRODUCT('flange_superior','flange_superior','',(#11263));
#11263 = MECHANICAL_CONTEXT('',#2,'mechanical');
#11264 = DESIGN_CONTEXT('',#2,'design');
#11265 = ADVANCED_BREP_SHAPE_REPRESENTATION('',(#11,#11266),#12541);
#11266 = MANIFOLD_SOLID_BREP('',#11267);
#11267 = CLOSED_SHELL('',(#11268,#11308,#11339,#11370,#11401,#11432,
    #11465,#11496,#11529,#11560,#11593,#11624,#11657,#11688,#11721,
    #11752,#11785,#11816,#11847,#11878,#11900,#11933,#11966,#11999,
    #12032,#12065,#12098,#12131,#12164,#12197,#12230,#12263,#12296,
    #12329,#12362,#12395,#12468));
#11268 = ADVANCED_FACE('',(#11269),#11303,.T.);
#11269 = FACE_BOUND('',#11270,.T.);
#11270 = EDGE_LOOP('',(#11271,#11281,#11289,#11297));
#11271 = ORIENTED_EDGE('',*,*,#11272,.T.);
#11272 = EDGE_CURVE('',#11273,#11275,#11277,.T.);
#11273 = VERTEX_POINT('',#11274);
#11274 = CARTESIAN_POINT('',(235.,-175.,4.E+03));
#11275 = VERTEX_POINT('',#11276);
#11276 = CARTESIAN_POINT('',(235.,-175.,4.02E+03));
#11277 = LINE('',#11278,#11279);
#11278 = CARTESIAN_POINT('',(235.,-175.,4.E+03));
#11279 = VECTOR('',#11280,1.);
#11280 = DIRECTION('',(0.,0.,1.));
#11281 = ORIENTED_EDGE('',*,*,#11282,.T.);
#11282 = EDGE_CURVE('',#11275,#11283,#11285,.T.);
#11283 = VERTEX_POINT('',#11284);
#11284 = CARTESIAN_POINT('',(-235.,-175.,4.02E+03));
#11285 = LINE('',#11286,#11287);
#11286 = CARTESIAN_POINT('',(235.,-175.,4.02E+03));
#11287 = VECTOR('',#11288,1.);
#11288 = DIRECTION('',(-1.,0.,0.));
#11289 = ORIENTED_EDGE('',*,*,#11290,.F.);
#11290 = EDGE_CURVE('',#11291,#11283,#11293,.T.);
#11291 = VERTEX_POINT('',#11292);
#11292 = CARTESIAN_POINT('',(-235.,-175.,4.E+03));
#11293 = LINE('',#11294,#11295);
#11294 = CARTESIAN_POINT('',(-235.,-175.,4.E+03));
#11295 = VECTOR('',#11296,1.);
#11296 = DIRECTION('',(0.,0.,1.));
#11297 = ORIENTED_EDGE('',*,*,#11298,.F.);
#11298 = EDGE_CURVE('',#11273,#11291,#11299,.T.);
#11299 = LINE('',#11300,#11301);
#11300 = CARTESIAN_POINT('',(235.,-175.,4.E+03));
#11301 = VECTOR('',#11302,1.);
#11302 = DIRECTION('',(-1.,0.,0.));
#11303 = PLANE('',#11304);
#11304 = AXIS2_PLACEMENT_3D('',#11305,#11306,#11307);
#11305 = CARTESIAN_POINT('',(235.,-175.,4.E+03));
#11306 = DIRECTION('',(0.,-1.,0.));
#11307 = DIRECTION('',(-1.,0.,0.));
#11308 = ADVANCED_FACE('',(#11309),#11334,.T.);
#11309 = FACE_BOUND('',#11310,.T.);
#11310 = EDGE_LOOP('',(#11311,#11312,#11320,#11328));
#11311 = ORIENTED_EDGE('',*,*,#11290,.T.);
#11312 = ORIENTED_EDGE('',*,*,#11313,.T.);
#11313 = EDGE_CURVE('',#11283,#11314,#11316,.T.);
#11314 = VERTEX_POINT('',#11315);
#11315 = CARTESIAN_POINT('',(-235.,-115.,4.02E+03));
#11316 = LINE('',#11317,#11318);
#11317 = CARTESIAN_POINT('',(-235.,-175.,4.02E+03));
#11318 = VECTOR('',#11319,1.);
#11319 = DIRECTION('',(0.,1.,0.));
#11320 = ORIENTED_EDGE('',*,*,#11321,.F.);
#11321 = EDGE_CURVE('',#11322,#11314,#11324,.T.);
#11322 = VERTEX_POINT('',#11323);
#11323 = CARTESIAN_POINT('',(-235.,-115.,4.E+03));
#11324 = LINE('',#11325,#11326);
#11325 = CARTESIAN_POINT('',(-235.,-115.,4.E+03));
#11326 = VECTOR('',#11327,1.);
#11327 = DIRECTION('',(0.,0.,1.));
#11328 = ORIENTED_EDGE('',*,*,#11329,.F.);
#11329 = EDGE_CURVE('',#11291,#11322,#11330,.T.);
#11330 = LINE('',#11331,#11332);
#11331 = CARTESIAN_POINT('',(-235.,-175.,4.E+03));
#11332 = VECTOR('',#11333,1.);
#11333 = DIRECTION('',(0.,1.,0.));
#11334 = PLANE('',#11335);
#11335 = AXIS2_PLACEMENT_3D('',#11336,#11337,#11338);
#11336 = CARTESIAN_POINT('',(-235.,-175.,4.E+03));
#11337 = DIRECTION('',(-1.,0.,0.));
#11338 = DIRECTION('',(0.,1.,0.));
#11339 = ADVANCED_FACE('',(#11340),#11365,.T.);
#11340 = FACE_BOUND('',#11341,.T.);
#11341 = EDGE_LOOP('',(#11342,#11343,#11351,#11359));
#11342 = ORIENTED_EDGE('',*,*,#11321,.T.);
#11343 = ORIENTED_EDGE('',*,*,#11344,.T.);
#11344 = EDGE_CURVE('',#11314,#11345,#11347,.T.);
#11345 = VERTEX_POINT('',#11346);
#11346 = CARTESIAN_POINT('',(-175.,-115.,4.02E+03));
#11347 = LINE('',#11348,#11349);
#11348 = CARTESIAN_POINT('',(-235.,-115.,4.02E+03));
#11349 = VECTOR('',#11350,1.);
#11350 = DIRECTION('',(1.,0.,0.));
#11351 = ORIENTED_EDGE('',*,*,#11352,.F.);
#11352 = EDGE_CURVE('',#11353,#11345,#11355,.T.);
#11353 = VERTEX_POINT('',#11354);
#11354 = CARTESIAN_POINT('',(-175.,-115.,4.E+03));
#11355 = LINE('',#11356,#11357);
#11356 = CARTESIAN_POINT('',(-175.,-115.,4.E+03));
#11357 = VECTOR('',#11358,1.);
#11358 = DIRECTION('',(0.,0.,1.));
#11359 = ORIENTED_EDGE('',*,*,#11360,.F.);
#11360 = EDGE_CURVE('',#11322,#11353,#11361,.T.);
#11361 = LINE('',#11362,#11363);
#11362 = CARTESIAN_POINT('',(-235.,-115.,4.E+03));
#11363 = VECTOR('',#11364,1.);
#11364 = DIRECTION('',(1.,0.,0.));
#11365 = PLANE('',#11366);
#11366 = AXIS2_PLACEMENT_3D('',#11367,#11368,#11369);
#11367 = CARTESIAN_POINT('',(-235.,-115.,4.E+03));
#11368 = DIRECTION('',(0.,1.,0.));
#11369 = DIRECTION('',(1.,0.,0.));
#11370 = ADVANCED_FACE('',(#11371),#11396,.T.);
#11371 = FACE_BOUND('',#11372,.T.);
#11372 = EDGE_LOOP('',(#11373,#11374,#11382,#11390));
#11373 = ORIENTED_EDGE('',*,*,#11352,.T.);
#11374 = ORIENTED_EDGE('',*,*,#11375,.T.);
#11375 = EDGE_CURVE('',#11345,#11376,#11378,.T.);
#11376 = VERTEX_POINT('',#11377);
#11377 = CARTESIAN_POINT('',(-175.,-37.,4.02E+03));
#11378 = LINE('',#11379,#11380);
#11379 = CARTESIAN_POINT('',(-175.,-115.,4.02E+03));
#11380 = VECTOR('',#11381,1.);
#11381 = DIRECTION('',(0.,1.,0.));
#11382 = ORIENTED_EDGE('',*,*,#11383,.F.);
#11383 = EDGE_CURVE('',#11384,#11376,#11386,.T.);
#11384 = VERTEX_POINT('',#11385);
#11385 = CARTESIAN_POINT('',(-175.,-37.,4.E+03));
#11386 = LINE('',#11387,#11388);
#11387 = CARTESIAN_POINT('',(-175.,-37.,4.E+03));
#11388 = VECTOR('',#11389,1.);
#11389 = DIRECTION('',(0.,0.,1.));
#11390 = ORIENTED_EDGE('',*,*,#11391,.F.);
#11391 = EDGE_CURVE('',#11353,#11384,#11392,.T.);
#11392 = LINE('',#11393,#11394);
#11393 = CARTESIAN_POINT('',(-175.,-115.,4.E+03));
#11394 = VECTOR('',#11395,1.);
#11395 = DIRECTION('',(0.,1.,0.));
#11396 = PLANE('',#11397);
#11397 = AXIS2_PLACEMENT_3D('',#11398,#11399,#11400);
#11398 = CARTESIAN_POINT('',(-175.,-115.,4.E+03));
#11399 = DIRECTION('',(-1.,0.,0.));
#11400 = DIRECTION('',(0.,1.,0.));
#11401 = ADVANCED_FACE('',(#11402),#11427,.T.);
#11402 = FACE_BOUND('',#11403,.T.);
#11403 = EDGE_LOOP('',(#11404,#11405,#11413,#11421));
#11404 = ORIENTED_EDGE('',*,*,#11383,.T.);
#11405 = ORIENTED_EDGE('',*,*,#11406,.T.);
#11406 = EDGE_CURVE('',#11376,#11407,#11409,.T.);
#11407 = VERTEX_POINT('',#11408);
#11408 = CARTESIAN_POINT('',(-206.5,-37.,4.02E+03));
#11409 = LINE('',#11410,#11411);
#11410 = CARTESIAN_POINT('',(-175.,-37.,4.02E+03));
#11411 = VECTOR('',#11412,1.);
#11412 = DIRECTION('',(-1.,0.,0.));
#11413 = ORIENTED_EDGE('',*,*,#11414,.F.);
#11414 = EDGE_CURVE('',#11415,#11407,#11417,.T.);
#11415 = VERTEX_POINT('',#11416);
#11416 = CARTESIAN_POINT('',(-206.5,-37.,4.E+03));
#11417 = LINE('',#11418,#11419);
#11418 = CARTESIAN_POINT('',(-206.5,-37.,4.E+03));
#11419 = VECTOR('',#11420,1.);
#11420 = DIRECTION('',(0.,0.,1.));
#11421 = ORIENTED_EDGE('',*,*,#11422,.F.);
#11422 = EDGE_CURVE('',#11384,#11415,#11423,.T.);
#11423 = LINE('',#11424,#11425);
#11424 = CARTESIAN_POINT('',(-175.,-37.,4.E+03));
#11425 = VECTOR('',#11426,1.);
#11426 = DIRECTION('',(-1.,0.,0.));
#11427 = PLANE('',#11428);
#11428 = AXIS2_PLACEMENT_3D('',#11429,#11430,#11431);
#11429 = CARTESIAN_POINT('',(-175.,-37.,4.E+03));
#11430 = DIRECTION('',(0.,-1.,0.));
#11431 = DIRECTION('',(-1.,0.,0.));
#11432 = ADVANCED_FACE('',(#11433),#11460,.T.);
#11433 = FACE_BOUND('',#11434,.T.);
#11434 = EDGE_LOOP('',(#11435,#11436,#11445,#11453));
#11435 = ORIENTED_EDGE('',*,*,#11414,.T.);
#11436 = ORIENTED_EDGE('',*,*,#11437,.T.);
#11437 = EDGE_CURVE('',#11407,#11438,#11440,.T.);
#11438 = VERTEX_POINT('',#11439);
#11439 = CARTESIAN_POINT('',(-225.,-18.5,4.02E+03));
#11440 = CIRCLE('',#11441,18.5);
#11441 = AXIS2_PLACEMENT_3D('',#11442,#11443,#11444);
#11442 = CARTESIAN_POINT('',(-206.5,-18.5,4.02E+03));
#11443 = DIRECTION('',(0.,0.,-1.));
#11444 = DIRECTION('',(1.,0.,0.));
#11445 = ORIENTED_EDGE('',*,*,#11446,.F.);
#11446 = EDGE_CURVE('',#11447,#11438,#11449,.T.);
#11447 = VERTEX_POINT('',#11448);
#11448 = CARTESIAN_POINT('',(-225.,-18.5,4.E+03));
#11449 = LINE('',#11450,#11451);
#11450 = CARTESIAN_POINT('',(-225.,-18.5,4.E+03));
#11451 = VECTOR('',#11452,1.);
#11452 = DIRECTION('',(0.,0.,1.));
#11453 = ORIENTED_EDGE('',*,*,#11454,.F.);
#11454 = EDGE_CURVE('',#11415,#11447,#11455,.T.);
#11455 = CIRCLE('',#11456,18.5);
#11456 = AXIS2_PLACEMENT_3D('',#11457,#11458,#11459);
#11457 = CARTESIAN_POINT('',(-206.5,-18.5,4.E+03));
#11458 = DIRECTION('',(0.,0.,-1.));
#11459 = DIRECTION('',(1.,0.,0.));
#11460 = CYLINDRICAL_SURFACE('',#11461,18.5);
#11461 = AXIS2_PLACEMENT_3D('',#11462,#11463,#11464);
#11462 = CARTESIAN_POINT('',(-206.5,-18.5,4.E+03));
#11463 = DIRECTION('',(0.,0.,-1.));
#11464 = DIRECTION('',(1.,0.,0.));
#11465 = ADVANCED_FACE('',(#11466),#11491,.T.);
#11466 = FACE_BOUND('',#11467,.T.);
#11467 = EDGE_LOOP('',(#11468,#11469,#11477,#11485));
#11468 = ORIENTED_EDGE('',*,*,#11446,.T.);
#11469 = ORIENTED_EDGE('',*,*,#11470,.T.);
#11470 = EDGE_CURVE('',#11438,#11471,#11473,.T.);
#11471 = VERTEX_POINT('',#11472);
#11472 = CARTESIAN_POINT('',(-225.,118.39745962155,4.02E+03));
#11473 = LINE('',#11474,#11475);
#11474 = CARTESIAN_POINT('',(-225.,-18.5,4.02E+03));
#11475 = VECTOR('',#11476,1.);
#11476 = DIRECTION('',(0.,1.,0.));
#11477 = ORIENTED_EDGE('',*,*,#11478,.F.);
#11478 = EDGE_CURVE('',#11479,#11471,#11481,.T.);
#11479 = VERTEX_POINT('',#11480);
#11480 = CARTESIAN_POINT('',(-225.,118.39745962155,4.E+03));
#11481 = LINE('',#11482,#11483);
#11482 = CARTESIAN_POINT('',(-225.,118.39745962155,4.E+03));
#11483 = VECTOR('',#11484,1.);
#11484 = DIRECTION('',(0.,0.,1.));
#11485 = ORIENTED_EDGE('',*,*,#11486,.F.);
#11486 = EDGE_CURVE('',#11447,#11479,#11487,.T.);
#11487 = LINE('',#11488,#11489);
#11488 = CARTESIAN_POINT('',(-225.,-18.5,4.E+03));
#11489 = VECTOR('',#11490,1.);
#11490 = DIRECTION('',(0.,1.,0.));
#11491 = PLANE('',#11492);
#11492 = AXIS2_PLACEMENT_3D('',#11493,#11494,#11495);
#11493 = CARTESIAN_POINT('',(-225.,-18.5,4.E+03));
#11494 = DIRECTION('',(-1.,0.,0.));
#11495 = DIRECTION('',(0.,1.,0.));
#11496 = ADVANCED_FACE('',(#11497),#11524,.T.);
#11497 = FACE_BOUND('',#11498,.T.);
#11498 = EDGE_LOOP('',(#11499,#11500,#11509,#11517));
#11499 = ORIENTED_EDGE('',*,*,#11478,.T.);
#11500 = ORIENTED_EDGE('',*,*,#11501,.T.);
#11501 = EDGE_CURVE('',#11471,#11502,#11504,.T.);
#11502 = VERTEX_POINT('',#11503);
#11503 = CARTESIAN_POINT('',(-222.3205080756,128.39745962155,4.02E+03));
#11504 = CIRCLE('',#11505,20.);
#11505 = AXIS2_PLACEMENT_3D('',#11506,#11507,#11508);
#11506 = CARTESIAN_POINT('',(-205.,118.39745962155,4.02E+03));
#11507 = DIRECTION('',(0.,0.,-1.));
#11508 = DIRECTION('',(1.,0.,0.));
#11509 = ORIENTED_EDGE('',*,*,#11510,.F.);
#11510 = EDGE_CURVE('',#11511,#11502,#11513,.T.);
#11511 = VERTEX_POINT('',#11512);
#11512 = CARTESIAN_POINT('',(-222.3205080756,128.39745962155,4.E+03));
#11513 = LINE('',#11514,#11515);
#11514 = CARTESIAN_POINT('',(-222.3205080756,128.39745962155,4.E+03));
#11515 = VECTOR('',#11516,1.);
#11516 = DIRECTION('',(0.,0.,1.));
#11517 = ORIENTED_EDGE('',*,*,#11518,.F.);
#11518 = EDGE_CURVE('',#11479,#11511,#11519,.T.);
#11519 = CIRCLE('',#11520,20.);
#11520 = AXIS2_PLACEMENT_3D('',#11521,#11522,#11523);
#11521 = CARTESIAN_POINT('',(-205.,118.39745962155,4.E+03));
#11522 = DIRECTION('',(0.,0.,-1.));
#11523 = DIRECTION('',(1.,0.,0.));
#11524 = CYLINDRICAL_SURFACE('',#11525,20.);
#11525 = AXIS2_PLACEMENT_3D('',#11526,#11527,#11528);
#11526 = CARTESIAN_POINT('',(-205.,118.39745962155,4.E+03));
#11527 = DIRECTION('',(0.,0.,-1.));
#11528 = DIRECTION('',(1.,0.,0.));
#11529 = ADVANCED_FACE('',(#11530),#11555,.T.);
#11530 = FACE_BOUND('',#11531,.T.);
#11531 = EDGE_LOOP('',(#11532,#11533,#11541,#11549));
#11532 = ORIENTED_EDGE('',*,*,#11510,.T.);
#11533 = ORIENTED_EDGE('',*,*,#11534,.T.);
#11534 = EDGE_CURVE('',#11502,#11535,#11537,.T.);
#11535 = VERTEX_POINT('',#11536);
#11536 = CARTESIAN_POINT('',(-172.3205080756,215.,4.02E+03));
#11537 = LINE('',#11538,#11539);
#11538 = CARTESIAN_POINT('',(-222.3205080756,128.39745962155,4.02E+03));
#11539 = VECTOR('',#11540,1.);
#11540 = DIRECTION('',(0.5,0.866025403784,0.));
#11541 = ORIENTED_EDGE('',*,*,#11542,.F.);
#11542 = EDGE_CURVE('',#11543,#11535,#11545,.T.);
#11543 = VERTEX_POINT('',#11544);
#11544 = CARTESIAN_POINT('',(-172.3205080756,215.,4.E+03));
#11545 = LINE('',#11546,#11547);
#11546 = CARTESIAN_POINT('',(-172.3205080756,215.,4.E+03));
#11547 = VECTOR('',#11548,1.);
#11548 = DIRECTION('',(0.,0.,1.));
#11549 = ORIENTED_EDGE('',*,*,#11550,.F.);
#11550 = EDGE_CURVE('',#11511,#11543,#11551,.T.);
#11551 = LINE('',#11552,#11553);
#11552 = CARTESIAN_POINT('',(-222.3205080756,128.39745962155,4.E+03));
#11553 = VECTOR('',#11554,1.);
#11554 = DIRECTION('',(0.5,0.866025403784,0.));
#11555 = PLANE('',#11556);
#11556 = AXIS2_PLACEMENT_3D('',#11557,#11558,#11559);
#11557 = CARTESIAN_POINT('',(-222.3205080756,128.39745962155,4.E+03));
#11558 = DIRECTION('',(-0.866025403784,0.5,0.));
#11559 = DIRECTION('',(0.5,0.866025403784,0.));
#11560 = ADVANCED_FACE('',(#11561),#11588,.T.);
#11561 = FACE_BOUND('',#11562,.T.);
#11562 = EDGE_LOOP('',(#11563,#11564,#11573,#11581));
#11563 = ORIENTED_EDGE('',*,*,#11542,.T.);
#11564 = ORIENTED_EDGE('',*,*,#11565,.T.);
#11565 = EDGE_CURVE('',#11535,#11566,#11568,.T.);
#11566 = VERTEX_POINT('',#11567);
#11567 = CARTESIAN_POINT('',(-155.,225.,4.02E+03));
#11568 = CIRCLE('',#11569,20.);
#11569 = AXIS2_PLACEMENT_3D('',#11570,#11571,#11572);
#11570 = CARTESIAN_POINT('',(-155.,205.,4.02E+03));
#11571 = DIRECTION('',(0.,0.,-1.));
#11572 = DIRECTION('',(1.,0.,0.));
#11573 = ORIENTED_EDGE('',*,*,#11574,.F.);
#11574 = EDGE_CURVE('',#11575,#11566,#11577,.T.);
#11575 = VERTEX_POINT('',#11576);
#11576 = CARTESIAN_POINT('',(-155.,225.,4.E+03));
#11577 = LINE('',#11578,#11579);
#11578 = CARTESIAN_POINT('',(-155.,225.,4.E+03));
#11579 = VECTOR('',#11580,1.);
#11580 = DIRECTION('',(0.,0.,1.));
#11581 = ORIENTED_EDGE('',*,*,#11582,.F.);
#11582 = EDGE_CURVE('',#11543,#11575,#11583,.T.);
#11583 = CIRCLE('',#11584,20.);
#11584 = AXIS2_PLACEMENT_3D('',#11585,#11586,#11587);
#11585 = CARTESIAN_POINT('',(-155.,205.,4.E+03));
#11586 = DIRECTION('',(0.,0.,-1.));
#11587 = DIRECTION('',(1.,0.,0.));
#11588 = CYLINDRICAL_SURFACE('',#11589,20.);
#11589 = AXIS2_PLACEMENT_3D('',#11590,#11591,#11592);
#11590 = CARTESIAN_POINT('',(-155.,205.,4.E+03));
#11591 = DIRECTION('',(0.,0.,-1.));
#11592 = DIRECTION('',(1.,0.,0.));
#11593 = ADVANCED_FACE('',(#11594),#11619,.T.);
#11594 = FACE_BOUND('',#11595,.T.);
#11595 = EDGE_LOOP('',(#11596,#11597,#11605,#11613));
#11596 = ORIENTED_EDGE('',*,*,#11574,.T.);
#11597 = ORIENTED_EDGE('',*,*,#11598,.T.);
#11598 = EDGE_CURVE('',#11566,#11599,#11601,.T.);
#11599 = VERTEX_POINT('',#11600);
#11600 = CARTESIAN_POINT('',(155.,225.,4.02E+03));
#11601 = LINE('',#11602,#11603);
#11602 = CARTESIAN_POINT('',(-155.,225.,4.02E+03));
#11603 = VECTOR('',#11604,1.);
#11604 = DIRECTION('',(1.,9.E-17,0.));
#11605 = ORIENTED_EDGE('',*,*,#11606,.F.);
#11606 = EDGE_CURVE('',#11607,#11599,#11609,.T.);
#11607 = VERTEX_POINT('',#11608);
#11608 = CARTESIAN_POINT('',(155.,225.,4.E+03));
#11609 = LINE('',#11610,#11611);
#11610 = CARTESIAN_POINT('',(155.,225.,4.E+03));
#11611 = VECTOR('',#11612,1.);
#11612 = DIRECTION('',(0.,0.,1.));
#11613 = ORIENTED_EDGE('',*,*,#11614,.F.);
#11614 = EDGE_CURVE('',#11575,#11607,#11615,.T.);
#11615 = LINE('',#11616,#11617);
#11616 = CARTESIAN_POINT('',(-155.,225.,4.E+03));
#11617 = VECTOR('',#11618,1.);
#11618 = DIRECTION('',(1.,9.E-17,0.));
#11619 = PLANE('',#11620);
#11620 = AXIS2_PLACEMENT_3D('',#11621,#11622,#11623);
#11621 = CARTESIAN_POINT('',(-155.,225.,4.E+03));
#11622 = DIRECTION('',(-9.E-17,1.,0.));
#11623 = DIRECTION('',(1.,9.E-17,0.));
#11624 = ADVANCED_FACE('',(#11625),#11652,.T.);
#11625 = FACE_BOUND('',#11626,.T.);
#11626 = EDGE_LOOP('',(#11627,#11628,#11637,#11645));
#11627 = ORIENTED_EDGE('',*,*,#11606,.T.);
#11628 = ORIENTED_EDGE('',*,*,#11629,.T.);
#11629 = EDGE_CURVE('',#11599,#11630,#11632,.T.);
#11630 = VERTEX_POINT('',#11631);
#11631 = CARTESIAN_POINT('',(172.32050807568,215.,4.02E+03));
#11632 = CIRCLE('',#11633,20.);
#11633 = AXIS2_PLACEMENT_3D('',#11634,#11635,#11636);
#11634 = CARTESIAN_POINT('',(155.,205.,4.02E+03));
#11635 = DIRECTION('',(0.,0.,-1.));
#11636 = DIRECTION('',(1.,0.,0.));
#11637 = ORIENTED_EDGE('',*,*,#11638,.F.);
#11638 = EDGE_CURVE('',#11639,#11630,#11641,.T.);
#11639 = VERTEX_POINT('',#11640);
#11640 = CARTESIAN_POINT('',(172.32050807568,215.,4.E+03));
#11641 = LINE('',#11642,#11643);
#11642 = CARTESIAN_POINT('',(172.32050807568,215.,4.E+03));
#11643 = VECTOR('',#11644,1.);
#11644 = DIRECTION('',(0.,0.,1.));
#11645 = ORIENTED_EDGE('',*,*,#11646,.F.);
#11646 = EDGE_CURVE('',#11607,#11639,#11647,.T.);
#11647 = CIRCLE('',#11648,20.);
#11648 = AXIS2_PLACEMENT_3D('',#11649,#11650,#11651);
#11649 = CARTESIAN_POINT('',(155.,205.,4.E+03));
#11650 = DIRECTION('',(0.,0.,-1.));
#11651 = DIRECTION('',(1.,0.,0.));
#11652 = CYLINDRICAL_SURFACE('',#11653,20.);
#11653 = AXIS2_PLACEMENT_3D('',#11654,#11655,#11656);
#11654 = CARTESIAN_POINT('',(155.,205.,4.E+03));
#11655 = DIRECTION('',(0.,0.,-1.));
#11656 = DIRECTION('',(1.,0.,0.));
#11657 = ADVANCED_FACE('',(#11658),#11683,.T.);
#11658 = FACE_BOUND('',#11659,.T.);
#11659 = EDGE_LOOP('',(#11660,#11661,#11669,#11677));
#11660 = ORIENTED_EDGE('',*,*,#11638,.T.);
#11661 = ORIENTED_EDGE('',*,*,#11662,.T.);
#11662 = EDGE_CURVE('',#11630,#11663,#11665,.T.);
#11663 = VERTEX_POINT('',#11664);
#11664 = CARTESIAN_POINT('',(222.32050807568,128.39745962155,4.02E+03));
#11665 = LINE('',#11666,#11667);
#11666 = CARTESIAN_POINT('',(172.32050807568,215.,4.02E+03));
#11667 = VECTOR('',#11668,1.);
#11668 = DIRECTION('',(0.5,-0.866025403784,0.));
#11669 = ORIENTED_EDGE('',*,*,#11670,.F.);
#11670 = EDGE_CURVE('',#11671,#11663,#11673,.T.);
#11671 = VERTEX_POINT('',#11672);
#11672 = CARTESIAN_POINT('',(222.32050807568,128.39745962155,4.E+03));
#11673 = LINE('',#11674,#11675);
#11674 = CARTESIAN_POINT('',(222.32050807568,128.39745962155,4.E+03));
#11675 = VECTOR('',#11676,1.);
#11676 = DIRECTION('',(0.,0.,1.));
#11677 = ORIENTED_EDGE('',*,*,#11678,.F.);
#11678 = EDGE_CURVE('',#11639,#11671,#11679,.T.);
#11679 = LINE('',#11680,#11681);
#11680 = CARTESIAN_POINT('',(172.32050807568,215.,4.E+03));
#11681 = VECTOR('',#11682,1.);
#11682 = DIRECTION('',(0.5,-0.866025403784,0.));
#11683 = PLANE('',#11684);
#11684 = AXIS2_PLACEMENT_3D('',#11685,#11686,#11687);
#11685 = CARTESIAN_POINT('',(172.32050807568,215.,4.E+03));
#11686 = DIRECTION('',(0.866025403784,0.5,0.));
#11687 = DIRECTION('',(0.5,-0.866025403784,0.));
#11688 = ADVANCED_FACE('',(#11689),#11716,.T.);
#11689 = FACE_BOUND('',#11690,.T.);
#11690 = EDGE_LOOP('',(#11691,#11692,#11701,#11709));
#11691 = ORIENTED_EDGE('',*,*,#11670,.T.);
#11692 = ORIENTED_EDGE('',*,*,#11693,.T.);
#11693 = EDGE_CURVE('',#11663,#11694,#11696,.T.);
#11694 = VERTEX_POINT('',#11695);
#11695 = CARTESIAN_POINT('',(225.,118.39745962155,4.02E+03));
#11696 = CIRCLE('',#11697,20.);
#11697 = AXIS2_PLACEMENT_3D('',#11698,#11699,#11700);
#11698 = CARTESIAN_POINT('',(205.,118.39745962155,4.02E+03));
#11699 = DIRECTION('',(0.,0.,-1.));
#11700 = DIRECTION('',(1.,0.,0.));
#11701 = ORIENTED_EDGE('',*,*,#11702,.F.);
#11702 = EDGE_CURVE('',#11703,#11694,#11705,.T.);
#11703 = VERTEX_POINT('',#11704);
#11704 = CARTESIAN_POINT('',(225.,118.39745962155,4.E+03));
#11705 = LINE('',#11706,#11707);
#11706 = CARTESIAN_POINT('',(225.,118.39745962155,4.E+03));
#11707 = VECTOR('',#11708,1.);
#11708 = DIRECTION('',(0.,0.,1.));
#11709 = ORIENTED_EDGE('',*,*,#11710,.F.);
#11710 = EDGE_CURVE('',#11671,#11703,#11711,.T.);
#11711 = CIRCLE('',#11712,20.);
#11712 = AXIS2_PLACEMENT_3D('',#11713,#11714,#11715);
#11713 = CARTESIAN_POINT('',(205.,118.39745962155,4.E+03));
#11714 = DIRECTION('',(0.,0.,-1.));
#11715 = DIRECTION('',(1.,0.,0.));
#11716 = CYLINDRICAL_SURFACE('',#11717,20.);
#11717 = AXIS2_PLACEMENT_3D('',#11718,#11719,#11720);
#11718 = CARTESIAN_POINT('',(205.,118.39745962155,4.E+03));
#11719 = DIRECTION('',(0.,0.,-1.));
#11720 = DIRECTION('',(1.,0.,0.));
#11721 = ADVANCED_FACE('',(#11722),#11747,.T.);
#11722 = FACE_BOUND('',#11723,.T.);
#11723 = EDGE_LOOP('',(#11724,#11725,#11733,#11741));
#11724 = ORIENTED_EDGE('',*,*,#11702,.T.);
#11725 = ORIENTED_EDGE('',*,*,#11726,.T.);
#11726 = EDGE_CURVE('',#11694,#11727,#11729,.T.);
#11727 = VERTEX_POINT('',#11728);
#11728 = CARTESIAN_POINT('',(225.,-18.5,4.02E+03));
#11729 = LINE('',#11730,#11731);
#11730 = CARTESIAN_POINT('',(225.,118.39745962155,4.02E+03));
#11731 = VECTOR('',#11732,1.);
#11732 = DIRECTION('',(0.,-1.,0.));
#11733 = ORIENTED_EDGE('',*,*,#11734,.F.);
#11734 = EDGE_CURVE('',#11735,#11727,#11737,.T.);
#11735 = VERTEX_POINT('',#11736);
#11736 = CARTESIAN_POINT('',(225.,-18.5,4.E+03));
#11737 = LINE('',#11738,#11739);
#11738 = CARTESIAN_POINT('',(225.,-18.5,4.E+03));
#11739 = VECTOR('',#11740,1.);
#11740 = DIRECTION('',(0.,0.,1.));
#11741 = ORIENTED_EDGE('',*,*,#11742,.F.);
#11742 = EDGE_CURVE('',#11703,#11735,#11743,.T.);
#11743 = LINE('',#11744,#11745);
#11744 = CARTESIAN_POINT('',(225.,118.39745962155,4.E+03));
#11745 = VECTOR('',#11746,1.);
#11746 = DIRECTION('',(0.,-1.,0.));
#11747 = PLANE('',#11748);
#11748 = AXIS2_PLACEMENT_3D('',#11749,#11750,#11751);
#11749 = CARTESIAN_POINT('',(225.,118.39745962155,4.E+03));
#11750 = DIRECTION('',(1.,0.,0.));
#11751 = DIRECTION('',(0.,-1.,0.));
#11752 = ADVANCED_FACE('',(#11753),#11780,.T.);
#11753 = FACE_BOUND('',#11754,.T.);
#11754 = EDGE_LOOP('',(#11755,#11756,#11765,#11773));
#11755 = ORIENTED_EDGE('',*,*,#11734,.T.);
#11756 = ORIENTED_EDGE('',*,*,#11757,.T.);
#11757 = EDGE_CURVE('',#11727,#11758,#11760,.T.);
#11758 = VERTEX_POINT('',#11759);
#11759 = CARTESIAN_POINT('',(206.5,-37.,4.02E+03));
#11760 = CIRCLE('',#11761,18.5);
#11761 = AXIS2_PLACEMENT_3D('',#11762,#11763,#11764);
#11762 = CARTESIAN_POINT('',(206.5,-18.5,4.02E+03));
#11763 = DIRECTION('',(0.,0.,-1.));
#11764 = DIRECTION('',(1.,0.,0.));
#11765 = ORIENTED_EDGE('',*,*,#11766,.F.);
#11766 = EDGE_CURVE('',#11767,#11758,#11769,.T.);
#11767 = VERTEX_POINT('',#11768);
#11768 = CARTESIAN_POINT('',(206.5,-37.,4.E+03));
#11769 = LINE('',#11770,#11771);
#11770 = CARTESIAN_POINT('',(206.5,-37.,4.E+03));
#11771 = VECTOR('',#11772,1.);
#11772 = DIRECTION('',(0.,0.,1.));
#11773 = ORIENTED_EDGE('',*,*,#11774,.F.);
#11774 = EDGE_CURVE('',#11735,#11767,#11775,.T.);
#11775 = CIRCLE('',#11776,18.5);
#11776 = AXIS2_PLACEMENT_3D('',#11777,#11778,#11779);
#11777 = CARTESIAN_POINT('',(206.5,-18.5,4.E+03));
#11778 = DIRECTION('',(0.,0.,-1.));
#11779 = DIRECTION('',(1.,0.,0.));
#11780 = CYLINDRICAL_SURFACE('',#11781,18.5);
#11781 = AXIS2_PLACEMENT_3D('',#11782,#11783,#11784);
#11782 = CARTESIAN_POINT('',(206.5,-18.5,4.E+03));
#11783 = DIRECTION('',(0.,0.,-1.));
#11784 = DIRECTION('',(1.,0.,0.));
#11785 = ADVANCED_FACE('',(#11786),#11811,.T.);
#11786 = FACE_BOUND('',#11787,.T.);
#11787 = EDGE_LOOP('',(#11788,#11789,#11797,#11805));
#11788 = ORIENTED_EDGE('',*,*,#11766,.T.);
#11789 = ORIENTED_EDGE('',*,*,#11790,.T.);
#11790 = EDGE_CURVE('',#11758,#11791,#11793,.T.);
#11791 = VERTEX_POINT('',#11792);
#11792 = CARTESIAN_POINT('',(175.,-37.,4.02E+03));
#11793 = LINE('',#11794,#11795);
#11794 = CARTESIAN_POINT('',(206.5,-37.,4.02E+03));
#11795 = VECTOR('',#11796,1.);
#11796 = DIRECTION('',(-1.,0.,0.));
#11797 = ORIENTED_EDGE('',*,*,#11798,.F.);
#11798 = EDGE_CURVE('',#11799,#11791,#11801,.T.);
#11799 = VERTEX_POINT('',#11800);
#11800 = CARTESIAN_POINT('',(175.,-37.,4.E+03));
#11801 = LINE('',#11802,#11803);
#11802 = CARTESIAN_POINT('',(175.,-37.,4.E+03));
#11803 = VECTOR('',#11804,1.);
#11804 = DIRECTION('',(0.,0.,1.));
#11805 = ORIENTED_EDGE('',*,*,#11806,.F.);
#11806 = EDGE_CURVE('',#11767,#11799,#11807,.T.);
#11807 = LINE('',#11808,#11809);
#11808 = CARTESIAN_POINT('',(206.5,-37.,4.E+03));
#11809 = VECTOR('',#11810,1.);
#11810 = DIRECTION('',(-1.,0.,0.));
#11811 = PLANE('',#11812);
#11812 = AXIS2_PLACEMENT_3D('',#11813,#11814,#11815);
#11813 = CARTESIAN_POINT('',(206.5,-37.,4.E+03));
#11814 = DIRECTION('',(0.,-1.,0.));
#11815 = DIRECTION('',(-1.,0.,0.));
#11816 = ADVANCED_FACE('',(#11817),#11842,.T.);
#11817 = FACE_BOUND('',#11818,.T.);
#11818 = EDGE_LOOP('',(#11819,#11820,#11828,#11836));
#11819 = ORIENTED_EDGE('',*,*,#11798,.T.);
#11820 = ORIENTED_EDGE('',*,*,#11821,.T.);
#11821 = EDGE_CURVE('',#11791,#11822,#11824,.T.);
#11822 = VERTEX_POINT('',#11823);
#11823 = CARTESIAN_POINT('',(175.,-115.,4.02E+03));
#11824 = LINE('',#11825,#11826);
#11825 = CARTESIAN_POINT('',(175.,-37.,4.02E+03));
#11826 = VECTOR('',#11827,1.);
#11827 = DIRECTION('',(0.,-1.,0.));
#11828 = ORIENTED_EDGE('',*,*,#11829,.F.);
#11829 = EDGE_CURVE('',#11830,#11822,#11832,.T.);
#11830 = VERTEX_POINT('',#11831);
#11831 = CARTESIAN_POINT('',(175.,-115.,4.E+03));
#11832 = LINE('',#11833,#11834);
#11833 = CARTESIAN_POINT('',(175.,-115.,4.E+03));
#11834 = VECTOR('',#11835,1.);
#11835 = DIRECTION('',(0.,0.,1.));
#11836 = ORIENTED_EDGE('',*,*,#11837,.F.);
#11837 = EDGE_CURVE('',#11799,#11830,#11838,.T.);
#11838 = LINE('',#11839,#11840);
#11839 = CARTESIAN_POINT('',(175.,-37.,4.E+03));
#11840 = VECTOR('',#11841,1.);
#11841 = DIRECTION('',(0.,-1.,0.));
#11842 = PLANE('',#11843);
#11843 = AXIS2_PLACEMENT_3D('',#11844,#11845,#11846);
#11844 = CARTESIAN_POINT('',(175.,-37.,4.E+03));
#11845 = DIRECTION('',(1.,0.,0.));
#11846 = DIRECTION('',(0.,-1.,0.));
#11847 = ADVANCED_FACE('',(#11848),#11873,.T.);
#11848 = FACE_BOUND('',#11849,.T.);
#11849 = EDGE_LOOP('',(#11850,#11851,#11859,#11867));
#11850 = ORIENTED_EDGE('',*,*,#11829,.T.);
#11851 = ORIENTED_EDGE('',*,*,#11852,.T.);
#11852 = EDGE_CURVE('',#11822,#11853,#11855,.T.);
#11853 = VERTEX_POINT('',#11854);
#11854 = CARTESIAN_POINT('',(235.,-115.,4.02E+03));
#11855 = LINE('',#11856,#11857);
#11856 = CARTESIAN_POINT('',(175.,-115.,4.02E+03));
#11857 = VECTOR('',#11858,1.);
#11858 = DIRECTION('',(1.,0.,0.));
#11859 = ORIENTED_EDGE('',*,*,#11860,.F.);
#11860 = EDGE_CURVE('',#11861,#11853,#11863,.T.);
#11861 = VERTEX_POINT('',#11862);
#11862 = CARTESIAN_POINT('',(235.,-115.,4.E+03));
#11863 = LINE('',#11864,#11865);
#11864 = CARTESIAN_POINT('',(235.,-115.,4.E+03));
#11865 = VECTOR('',#11866,1.);
#11866 = DIRECTION('',(0.,0.,1.));
#11867 = ORIENTED_EDGE('',*,*,#11868,.F.);
#11868 = EDGE_CURVE('',#11830,#11861,#11869,.T.);
#11869 = LINE('',#11870,#11871);
#11870 = CARTESIAN_POINT('',(175.,-115.,4.E+03));
#11871 = VECTOR('',#11872,1.);
#11872 = DIRECTION('',(1.,0.,0.));
#11873 = PLANE('',#11874);
#11874 = AXIS2_PLACEMENT_3D('',#11875,#11876,#11877);
#11875 = CARTESIAN_POINT('',(175.,-115.,4.E+03));
#11876 = DIRECTION('',(0.,1.,0.));
#11877 = DIRECTION('',(1.,0.,0.));
#11878 = ADVANCED_FACE('',(#11879),#11895,.T.);
#11879 = FACE_BOUND('',#11880,.T.);
#11880 = EDGE_LOOP('',(#11881,#11882,#11888,#11889));
#11881 = ORIENTED_EDGE('',*,*,#11860,.T.);
#11882 = ORIENTED_EDGE('',*,*,#11883,.T.);
#11883 = EDGE_CURVE('',#11853,#11275,#11884,.T.);
#11884 = LINE('',#11885,#11886);
#11885 = CARTESIAN_POINT('',(235.,-115.,4.02E+03));
#11886 = VECTOR('',#11887,1.);
#11887 = DIRECTION('',(0.,-1.,0.));
#11888 = ORIENTED_EDGE('',*,*,#11272,.F.);
#11889 = ORIENTED_EDGE('',*,*,#11890,.F.);
#11890 = EDGE_CURVE('',#11861,#11273,#11891,.T.);
#11891 = LINE('',#11892,#11893);
#11892 = CARTESIAN_POINT('',(235.,-115.,4.E+03));
#11893 = VECTOR('',#11894,1.);
#11894 = DIRECTION('',(0.,-1.,0.));
#11895 = PLANE('',#11896);
#11896 = AXIS2_PLACEMENT_3D('',#11897,#11898,#11899);
#11897 = CARTESIAN_POINT('',(235.,-115.,4.E+03));
#11898 = DIRECTION('',(1.,0.,0.));
#11899 = DIRECTION('',(0.,-1.,0.));
#11900 = ADVANCED_FACE('',(#11901),#11928,.F.);
#11901 = FACE_BOUND('',#11902,.T.);
#11902 = EDGE_LOOP('',(#11903,#11913,#11920,#11921));
#11903 = ORIENTED_EDGE('',*,*,#11904,.T.);
#11904 = EDGE_CURVE('',#11905,#11907,#11909,.T.);
#11905 = VERTEX_POINT('',#11906);
#11906 = CARTESIAN_POINT('',(100.,6.E-15,4.E+03));
#11907 = VERTEX_POINT('',#11908);
#11908 = CARTESIAN_POINT('',(100.,6.E-15,4.02E+03));
#11909 = LINE('',#11910,#11911);
#11910 = CARTESIAN_POINT('',(100.,5.6E-15,4.E+03));
#11911 = VECTOR('',#11912,1.);
#11912 = DIRECTION('',(0.,0.,1.));
#11913 = ORIENTED_EDGE('',*,*,#11914,.T.);
#11914 = EDGE_CURVE('',#11907,#11907,#11915,.T.);
#11915 = CIRCLE('',#11916,100.);
#11916 = AXIS2_PLACEMENT_3D('',#11917,#11918,#11919);
#11917 = CARTESIAN_POINT('',(0.,5.6E-15,4.02E+03));
#11918 = DIRECTION('',(0.,0.,1.));
#11919 = DIRECTION('',(1.,0.,0.));
#11920 = ORIENTED_EDGE('',*,*,#11904,.F.);
#11921 = ORIENTED_EDGE('',*,*,#11922,.F.);
#11922 = EDGE_CURVE('',#11905,#11905,#11923,.T.);
#11923 = CIRCLE('',#11924,100.);
#11924 = AXIS2_PLACEMENT_3D('',#11925,#11926,#11927);
#11925 = CARTESIAN_POINT('',(0.,5.6E-15,4.E+03));
#11926 = DIRECTION('',(0.,0.,1.));
#11927 = DIRECTION('',(1.,0.,0.));
#11928 = CYLINDRICAL_SURFACE('',#11929,100.);
#11929 = AXIS2_PLACEMENT_3D('',#11930,#11931,#11932);
#11930 = CARTESIAN_POINT('',(0.,5.6E-15,4.E+03));
#11931 = DIRECTION('',(-0.,-0.,-1.));
#11932 = DIRECTION('',(1.,0.,0.));
#11933 = ADVANCED_FACE('',(#11934),#11961,.F.);
#11934 = FACE_BOUND('',#11935,.T.);
#11935 = EDGE_LOOP('',(#11936,#11946,#11953,#11954));
#11936 = ORIENTED_EDGE('',*,*,#11937,.T.);
#11937 = EDGE_CURVE('',#11938,#11940,#11942,.T.);
#11938 = VERTEX_POINT('',#11939);
#11939 = CARTESIAN_POINT('',(130.,-156.5,4.E+03));
#11940 = VERTEX_POINT('',#11941);
#11941 = CARTESIAN_POINT('',(130.,-156.5,4.02E+03));
#11942 = LINE('',#11943,#11944);
#11943 = CARTESIAN_POINT('',(130.,-156.5,4.E+03));
#11944 = VECTOR('',#11945,1.);
#11945 = DIRECTION('',(0.,0.,1.));
#11946 = ORIENTED_EDGE('',*,*,#11947,.T.);
#11947 = EDGE_CURVE('',#11940,#11940,#11948,.T.);
#11948 = CIRCLE('',#11949,10.);
#11949 = AXIS2_PLACEMENT_3D('',#11950,#11951,#11952);
#11950 = CARTESIAN_POINT('',(120.,-156.5,4.02E+03));
#11951 = DIRECTION('',(0.,0.,1.));
#11952 = DIRECTION('',(1.,0.,0.));
#11953 = ORIENTED_EDGE('',*,*,#11937,.F.);
#11954 = ORIENTED_EDGE('',*,*,#11955,.F.);
#11955 = EDGE_CURVE('',#11938,#11938,#11956,.T.);
#11956 = CIRCLE('',#11957,10.);
#11957 = AXIS2_PLACEMENT_3D('',#11958,#11959,#11960);
#11958 = CARTESIAN_POINT('',(120.,-156.5,4.E+03));
#11959 = DIRECTION('',(0.,0.,1.));
#11960 = DIRECTION('',(1.,0.,0.));
#11961 = CYLINDRICAL_SURFACE('',#11962,10.);
#11962 = AXIS2_PLACEMENT_3D('',#11963,#11964,#11965);
#11963 = CARTESIAN_POINT('',(120.,-156.5,4.E+03));
#11964 = DIRECTION('',(-0.,-0.,-1.));
#11965 = DIRECTION('',(1.,0.,0.));
#11966 = ADVANCED_FACE('',(#11967),#11994,.F.);
#11967 = FACE_BOUND('',#11968,.T.);
#11968 = EDGE_LOOP('',(#11969,#11979,#11986,#11987));
#11969 = ORIENTED_EDGE('',*,*,#11970,.T.);
#11970 = EDGE_CURVE('',#11971,#11973,#11975,.T.);
#11971 = VERTEX_POINT('',#11972);
#11972 = CARTESIAN_POINT('',(50.,-156.5,4.E+03));
#11973 = VERTEX_POINT('',#11974);
#11974 = CARTESIAN_POINT('',(50.,-156.5,4.02E+03));
#11975 = LINE('',#11976,#11977);
#11976 = CARTESIAN_POINT('',(50.,-156.5,4.E+03));
#11977 = VECTOR('',#11978,1.);
#11978 = DIRECTION('',(0.,0.,1.));
#11979 = ORIENTED_EDGE('',*,*,#11980,.T.);
#11980 = EDGE_CURVE('',#11973,#11973,#11981,.T.);
#11981 = CIRCLE('',#11982,10.);
#11982 = AXIS2_PLACEMENT_3D('',#11983,#11984,#11985);
#11983 = CARTESIAN_POINT('',(40.,-156.5,4.02E+03));
#11984 = DIRECTION('',(0.,0.,1.));
#11985 = DIRECTION('',(1.,0.,0.));
#11986 = ORIENTED_EDGE('',*,*,#11970,.F.);
#11987 = ORIENTED_EDGE('',*,*,#11988,.F.);
#11988 = EDGE_CURVE('',#11971,#11971,#11989,.T.);
#11989 = CIRCLE('',#11990,10.);
#11990 = AXIS2_PLACEMENT_3D('',#11991,#11992,#11993);
#11991 = CARTESIAN_POINT('',(40.,-156.5,4.E+03));
#11992 = DIRECTION('',(0.,0.,1.));
#11993 = DIRECTION('',(1.,0.,0.));
#11994 = CYLINDRICAL_SURFACE('',#11995,10.);
#11995 = AXIS2_PLACEMENT_3D('',#11996,#11997,#11998);
#11996 = CARTESIAN_POINT('',(40.,-156.5,4.E+03));
#11997 = DIRECTION('',(-0.,-0.,-1.));
#11998 = DIRECTION('',(1.,0.,0.));
#11999 = ADVANCED_FACE('',(#12000),#12027,.F.);
#12000 = FACE_BOUND('',#12001,.T.);
#12001 = EDGE_LOOP('',(#12002,#12012,#12019,#12020));
#12002 = ORIENTED_EDGE('',*,*,#12003,.T.);
#12003 = EDGE_CURVE('',#12004,#12006,#12008,.T.);
#12004 = VERTEX_POINT('',#12005);
#12005 = CARTESIAN_POINT('',(-30.,-156.5,4.E+03));
#12006 = VERTEX_POINT('',#12007);
#12007 = CARTESIAN_POINT('',(-30.,-156.5,4.02E+03));
#12008 = LINE('',#12009,#12010);
#12009 = CARTESIAN_POINT('',(-30.,-156.5,4.E+03));
#12010 = VECTOR('',#12011,1.);
#12011 = DIRECTION('',(0.,0.,1.));
#12012 = ORIENTED_EDGE('',*,*,#12013,.T.);
#12013 = EDGE_CURVE('',#12006,#12006,#12014,.T.);
#12014 = CIRCLE('',#12015,10.);
#12015 = AXIS2_PLACEMENT_3D('',#12016,#12017,#12018);
#12016 = CARTESIAN_POINT('',(-40.,-156.5,4.02E+03));
#12017 = DIRECTION('',(0.,0.,1.));
#12018 = DIRECTION('',(1.,0.,0.));
#12019 = ORIENTED_EDGE('',*,*,#12003,.F.);
#12020 = ORIENTED_EDGE('',*,*,#12021,.F.);
#12021 = EDGE_CURVE('',#12004,#12004,#12022,.T.);
#12022 = CIRCLE('',#12023,10.);
#12023 = AXIS2_PLACEMENT_3D('',#12024,#12025,#12026);
#12024 = CARTESIAN_POINT('',(-40.,-156.5,4.E+03));
#12025 = DIRECTION('',(0.,0.,1.));
#12026 = DIRECTION('',(1.,0.,0.));
#12027 = CYLINDRICAL_SURFACE('',#12028,10.);
#12028 = AXIS2_PLACEMENT_3D('',#12029,#12030,#12031);
#12029 = CARTESIAN_POINT('',(-40.,-156.5,4.E+03));
#12030 = DIRECTION('',(-0.,-0.,-1.));
#12031 = DIRECTION('',(1.,0.,0.));
#12032 = ADVANCED_FACE('',(#12033),#12060,.F.);
#12033 = FACE_BOUND('',#12034,.T.);
#12034 = EDGE_LOOP('',(#12035,#12045,#12052,#12053));
#12035 = ORIENTED_EDGE('',*,*,#12036,.T.);
#12036 = EDGE_CURVE('',#12037,#12039,#12041,.T.);
#12037 = VERTEX_POINT('',#12038);
#12038 = CARTESIAN_POINT('',(-110.,-156.5,4.E+03));
#12039 = VERTEX_POINT('',#12040);
#12040 = CARTESIAN_POINT('',(-110.,-156.5,4.02E+03));
#12041 = LINE('',#12042,#12043);
#12042 = CARTESIAN_POINT('',(-110.,-156.5,4.E+03));
#12043 = VECTOR('',#12044,1.);
#12044 = DIRECTION('',(0.,0.,1.));
#12045 = ORIENTED_EDGE('',*,*,#12046,.T.);
#12046 = EDGE_CURVE('',#12039,#12039,#12047,.T.);
#12047 = CIRCLE('',#12048,10.);
#12048 = AXIS2_PLACEMENT_3D('',#12049,#12050,#12051);
#12049 = CARTESIAN_POINT('',(-120.,-156.5,4.02E+03));
#12050 = DIRECTION('',(0.,0.,1.));
#12051 = DIRECTION('',(1.,0.,0.));
#12052 = ORIENTED_EDGE('',*,*,#12036,.F.);
#12053 = ORIENTED_EDGE('',*,*,#12054,.F.);
#12054 = EDGE_CURVE('',#12037,#12037,#12055,.T.);
#12055 = CIRCLE('',#12056,10.);
#12056 = AXIS2_PLACEMENT_3D('',#12057,#12058,#12059);
#12057 = CARTESIAN_POINT('',(-120.,-156.5,4.E+03));
#12058 = DIRECTION('',(0.,0.,1.));
#12059 = DIRECTION('',(1.,0.,0.));
#12060 = CYLINDRICAL_SURFACE('',#12061,10.);
#12061 = AXIS2_PLACEMENT_3D('',#12062,#12063,#12064);
#12062 = CARTESIAN_POINT('',(-120.,-156.5,4.E+03));
#12063 = DIRECTION('',(-0.,-0.,-1.));
#12064 = DIRECTION('',(1.,0.,0.));
#12065 = ADVANCED_FACE('',(#12066),#12093,.F.);
#12066 = FACE_BOUND('',#12067,.T.);
#12067 = EDGE_LOOP('',(#12068,#12078,#12085,#12086));
#12068 = ORIENTED_EDGE('',*,*,#12069,.T.);
#12069 = EDGE_CURVE('',#12070,#12072,#12074,.T.);
#12070 = VERTEX_POINT('',#12071);
#12071 = CARTESIAN_POINT('',(216.5,-18.5,4.E+03));
#12072 = VERTEX_POINT('',#12073);
#12073 = CARTESIAN_POINT('',(216.5,-18.5,4.02E+03));
#12074 = LINE('',#12075,#12076);
#12075 = CARTESIAN_POINT('',(216.5,-18.5,4.E+03));
#12076 = VECTOR('',#12077,1.);
#12077 = DIRECTION('',(0.,0.,1.));
#12078 = ORIENTED_EDGE('',*,*,#12079,.T.);
#12079 = EDGE_CURVE('',#12072,#12072,#12080,.T.);
#12080 = CIRCLE('',#12081,10.);
#12081 = AXIS2_PLACEMENT_3D('',#12082,#12083,#12084);
#12082 = CARTESIAN_POINT('',(206.5,-18.5,4.02E+03));
#12083 = DIRECTION('',(0.,0.,1.));
#12084 = DIRECTION('',(1.,0.,0.));
#12085 = ORIENTED_EDGE('',*,*,#12069,.F.);
#12086 = ORIENTED_EDGE('',*,*,#12087,.F.);
#12087 = EDGE_CURVE('',#12070,#12070,#12088,.T.);
#12088 = CIRCLE('',#12089,10.);
#12089 = AXIS2_PLACEMENT_3D('',#12090,#12091,#12092);
#12090 = CARTESIAN_POINT('',(206.5,-18.5,4.E+03));
#12091 = DIRECTION('',(0.,0.,1.));
#12092 = DIRECTION('',(1.,0.,0.));
#12093 = CYLINDRICAL_SURFACE('',#12094,10.);
#12094 = AXIS2_PLACEMENT_3D('',#12095,#12096,#12097);
#12095 = CARTESIAN_POINT('',(206.5,-18.5,4.E+03));
#12096 = DIRECTION('',(-0.,-0.,-1.));
#12097 = DIRECTION('',(1.,0.,0.));
#12098 = ADVANCED_FACE('',(#12099),#12126,.F.);
#12099 = FACE_BOUND('',#12100,.T.);
#12100 = EDGE_LOOP('',(#12101,#12111,#12118,#12119));
#12101 = ORIENTED_EDGE('',*,*,#12102,.T.);
#12102 = EDGE_CURVE('',#12103,#12105,#12107,.T.);
#12103 = VERTEX_POINT('',#12104);
#12104 = CARTESIAN_POINT('',(216.5,44.,4.E+03));
#12105 = VERTEX_POINT('',#12106);
#12106 = CARTESIAN_POINT('',(216.5,44.,4.02E+03));
#12107 = LINE('',#12108,#12109);
#12108 = CARTESIAN_POINT('',(216.5,44.,4.E+03));
#12109 = VECTOR('',#12110,1.);
#12110 = DIRECTION('',(0.,0.,1.));
#12111 = ORIENTED_EDGE('',*,*,#12112,.T.);
#12112 = EDGE_CURVE('',#12105,#12105,#12113,.T.);
#12113 = CIRCLE('',#12114,10.);
#12114 = AXIS2_PLACEMENT_3D('',#12115,#12116,#12117);
#12115 = CARTESIAN_POINT('',(206.5,44.,4.02E+03));
#12116 = DIRECTION('',(0.,0.,1.));
#12117 = DIRECTION('',(1.,0.,0.));
#12118 = ORIENTED_EDGE('',*,*,#12102,.F.);
#12119 = ORIENTED_EDGE('',*,*,#12120,.F.);
#12120 = EDGE_CURVE('',#12103,#12103,#12121,.T.);
#12121 = CIRCLE('',#12122,10.);
#12122 = AXIS2_PLACEMENT_3D('',#12123,#12124,#12125);
#12123 = CARTESIAN_POINT('',(206.5,44.,4.E+03));
#12124 = DIRECTION('',(0.,0.,1.));
#12125 = DIRECTION('',(1.,0.,0.));
#12126 = CYLINDRICAL_SURFACE('',#12127,10.);
#12127 = AXIS2_PLACEMENT_3D('',#12128,#12129,#12130);
#12128 = CARTESIAN_POINT('',(206.5,44.,4.E+03));
#12129 = DIRECTION('',(-0.,-0.,-1.));
#12130 = DIRECTION('',(1.,0.,0.));
#12131 = ADVANCED_FACE('',(#12132),#12159,.F.);
#12132 = FACE_BOUND('',#12133,.T.);
#12133 = EDGE_LOOP('',(#12134,#12144,#12151,#12152));
#12134 = ORIENTED_EDGE('',*,*,#12135,.T.);
#12135 = EDGE_CURVE('',#12136,#12138,#12140,.T.);
#12136 = VERTEX_POINT('',#12137);
#12137 = CARTESIAN_POINT('',(216.5,106.5,4.E+03));
#12138 = VERTEX_POINT('',#12139);
#12139 = CARTESIAN_POINT('',(216.5,106.5,4.02E+03));
#12140 = LINE('',#12141,#12142);
#12141 = CARTESIAN_POINT('',(216.5,106.5,4.E+03));
#12142 = VECTOR('',#12143,1.);
#12143 = DIRECTION('',(0.,0.,1.));
#12144 = ORIENTED_EDGE('',*,*,#12145,.T.);
#12145 = EDGE_CURVE('',#12138,#12138,#12146,.T.);
#12146 = CIRCLE('',#12147,10.);
#12147 = AXIS2_PLACEMENT_3D('',#12148,#12149,#12150);
#12148 = CARTESIAN_POINT('',(206.5,106.5,4.02E+03));
#12149 = DIRECTION('',(0.,0.,1.));
#12150 = DIRECTION('',(1.,0.,0.));
#12151 = ORIENTED_EDGE('',*,*,#12135,.F.);
#12152 = ORIENTED_EDGE('',*,*,#12153,.F.);
#12153 = EDGE_CURVE('',#12136,#12136,#12154,.T.);
#12154 = CIRCLE('',#12155,10.);
#12155 = AXIS2_PLACEMENT_3D('',#12156,#12157,#12158);
#12156 = CARTESIAN_POINT('',(206.5,106.5,4.E+03));
#12157 = DIRECTION('',(0.,0.,1.));
#12158 = DIRECTION('',(1.,0.,0.));
#12159 = CYLINDRICAL_SURFACE('',#12160,10.);
#12160 = AXIS2_PLACEMENT_3D('',#12161,#12162,#12163);
#12161 = CARTESIAN_POINT('',(206.5,106.5,4.E+03));
#12162 = DIRECTION('',(-0.,-0.,-1.));
#12163 = DIRECTION('',(1.,0.,0.));
#12164 = ADVANCED_FACE('',(#12165),#12192,.F.);
#12165 = FACE_BOUND('',#12166,.T.);
#12166 = EDGE_LOOP('',(#12167,#12177,#12184,#12185));
#12167 = ORIENTED_EDGE('',*,*,#12168,.T.);
#12168 = EDGE_CURVE('',#12169,#12171,#12173,.T.);
#12169 = VERTEX_POINT('',#12170);
#12170 = CARTESIAN_POINT('',(-196.5,106.5,4.E+03));
#12171 = VERTEX_POINT('',#12172);
#12172 = CARTESIAN_POINT('',(-196.5,106.5,4.02E+03));
#12173 = LINE('',#12174,#12175);
#12174 = CARTESIAN_POINT('',(-196.5,106.5,4.E+03));
#12175 = VECTOR('',#12176,1.);
#12176 = DIRECTION('',(0.,0.,1.));
#12177 = ORIENTED_EDGE('',*,*,#12178,.T.);
#12178 = EDGE_CURVE('',#12171,#12171,#12179,.T.);
#12179 = CIRCLE('',#12180,10.);
#12180 = AXIS2_PLACEMENT_3D('',#12181,#12182,#12183);
#12181 = CARTESIAN_POINT('',(-206.5,106.5,4.02E+03));
#12182 = DIRECTION('',(0.,0.,1.));
#12183 = DIRECTION('',(1.,0.,0.));
#12184 = ORIENTED_EDGE('',*,*,#12168,.F.);
#12185 = ORIENTED_EDGE('',*,*,#12186,.F.);
#12186 = EDGE_CURVE('',#12169,#12169,#12187,.T.);
#12187 = CIRCLE('',#12188,10.);
#12188 = AXIS2_PLACEMENT_3D('',#12189,#12190,#12191);
#12189 = CARTESIAN_POINT('',(-206.5,106.5,4.E+03));
#12190 = DIRECTION('',(0.,0.,1.));
#12191 = DIRECTION('',(1.,0.,0.));
#12192 = CYLINDRICAL_SURFACE('',#12193,10.);
#12193 = AXIS2_PLACEMENT_3D('',#12194,#12195,#12196);
#12194 = CARTESIAN_POINT('',(-206.5,106.5,4.E+03));
#12195 = DIRECTION('',(-0.,-0.,-1.));
#12196 = DIRECTION('',(1.,0.,0.));
#12197 = ADVANCED_FACE('',(#12198),#12225,.F.);
#12198 = FACE_BOUND('',#12199,.T.);
#12199 = EDGE_LOOP('',(#12200,#12210,#12217,#12218));
#12200 = ORIENTED_EDGE('',*,*,#12201,.T.);
#12201 = EDGE_CURVE('',#12202,#12204,#12206,.T.);
#12202 = VERTEX_POINT('',#12203);
#12203 = CARTESIAN_POINT('',(-196.5,44.,4.E+03));
#12204 = VERTEX_POINT('',#12205);
#12205 = CARTESIAN_POINT('',(-196.5,44.,4.02E+03));
#12206 = LINE('',#12207,#12208);
#12207 = CARTESIAN_POINT('',(-196.5,44.,4.E+03));
#12208 = VECTOR('',#12209,1.);
#12209 = DIRECTION('',(0.,0.,1.));
#12210 = ORIENTED_EDGE('',*,*,#12211,.T.);
#12211 = EDGE_CURVE('',#12204,#12204,#12212,.T.);
#12212 = CIRCLE('',#12213,10.);
#12213 = AXIS2_PLACEMENT_3D('',#12214,#12215,#12216);
#12214 = CARTESIAN_POINT('',(-206.5,44.,4.02E+03));
#12215 = DIRECTION('',(0.,0.,1.));
#12216 = DIRECTION('',(1.,0.,0.));
#12217 = ORIENTED_EDGE('',*,*,#12201,.F.);
#12218 = ORIENTED_EDGE('',*,*,#12219,.F.);
#12219 = EDGE_CURVE('',#12202,#12202,#12220,.T.);
#12220 = CIRCLE('',#12221,10.);
#12221 = AXIS2_PLACEMENT_3D('',#12222,#12223,#12224);
#12222 = CARTESIAN_POINT('',(-206.5,44.,4.E+03));
#12223 = DIRECTION('',(0.,0.,1.));
#12224 = DIRECTION('',(1.,0.,0.));
#12225 = CYLINDRICAL_SURFACE('',#12226,10.);
#12226 = AXIS2_PLACEMENT_3D('',#12227,#12228,#12229);
#12227 = CARTESIAN_POINT('',(-206.5,44.,4.E+03));
#12228 = DIRECTION('',(-0.,-0.,-1.));
#12229 = DIRECTION('',(1.,0.,0.));
#12230 = ADVANCED_FACE('',(#12231),#12258,.F.);
#12231 = FACE_BOUND('',#12232,.T.);
#12232 = EDGE_LOOP('',(#12233,#12243,#12250,#12251));
#12233 = ORIENTED_EDGE('',*,*,#12234,.T.);
#12234 = EDGE_CURVE('',#12235,#12237,#12239,.T.);
#12235 = VERTEX_POINT('',#12236);
#12236 = CARTESIAN_POINT('',(-196.5,-18.5,4.E+03));
#12237 = VERTEX_POINT('',#12238);
#12238 = CARTESIAN_POINT('',(-196.5,-18.5,4.02E+03));
#12239 = LINE('',#12240,#12241);
#12240 = CARTESIAN_POINT('',(-196.5,-18.5,4.E+03));
#12241 = VECTOR('',#12242,1.);
#12242 = DIRECTION('',(0.,0.,1.));
#12243 = ORIENTED_EDGE('',*,*,#12244,.T.);
#12244 = EDGE_CURVE('',#12237,#12237,#12245,.T.);
#12245 = CIRCLE('',#12246,10.);
#12246 = AXIS2_PLACEMENT_3D('',#12247,#12248,#12249);
#12247 = CARTESIAN_POINT('',(-206.5,-18.5,4.02E+03));
#12248 = DIRECTION('',(0.,0.,1.));
#12249 = DIRECTION('',(1.,0.,0.));
#12250 = ORIENTED_EDGE('',*,*,#12234,.F.);
#12251 = ORIENTED_EDGE('',*,*,#12252,.F.);
#12252 = EDGE_CURVE('',#12235,#12235,#12253,.T.);
#12253 = CIRCLE('',#12254,10.);
#12254 = AXIS2_PLACEMENT_3D('',#12255,#12256,#12257);
#12255 = CARTESIAN_POINT('',(-206.5,-18.5,4.E+03));
#12256 = DIRECTION('',(0.,0.,1.));
#12257 = DIRECTION('',(1.,0.,0.));
#12258 = CYLINDRICAL_SURFACE('',#12259,10.);
#12259 = AXIS2_PLACEMENT_3D('',#12260,#12261,#12262);
#12260 = CARTESIAN_POINT('',(-206.5,-18.5,4.E+03));
#12261 = DIRECTION('',(-0.,-0.,-1.));
#12262 = DIRECTION('',(1.,0.,0.));
#12263 = ADVANCED_FACE('',(#12264),#12291,.F.);
#12264 = FACE_BOUND('',#12265,.T.);
#12265 = EDGE_LOOP('',(#12266,#12276,#12283,#12284));
#12266 = ORIENTED_EDGE('',*,*,#12267,.T.);
#12267 = EDGE_CURVE('',#12268,#12270,#12272,.T.);
#12268 = VERTEX_POINT('',#12269);
#12269 = CARTESIAN_POINT('',(130.,206.5,4.E+03));
#12270 = VERTEX_POINT('',#12271);
#12271 = CARTESIAN_POINT('',(130.,206.5,4.02E+03));
#12272 = LINE('',#12273,#12274);
#12273 = CARTESIAN_POINT('',(130.,206.5,4.E+03));
#12274 = VECTOR('',#12275,1.);
#12275 = DIRECTION('',(0.,0.,1.));
#12276 = ORIENTED_EDGE('',*,*,#12277,.T.);
#12277 = EDGE_CURVE('',#12270,#12270,#12278,.T.);
#12278 = CIRCLE('',#12279,10.);
#12279 = AXIS2_PLACEMENT_3D('',#12280,#12281,#12282);
#12280 = CARTESIAN_POINT('',(120.,206.5,4.02E+03));
#12281 = DIRECTION('',(0.,0.,1.));
#12282 = DIRECTION('',(1.,0.,0.));
#12283 = ORIENTED_EDGE('',*,*,#12267,.F.);
#12284 = ORIENTED_EDGE('',*,*,#12285,.F.);
#12285 = EDGE_CURVE('',#12268,#12268,#12286,.T.);
#12286 = CIRCLE('',#12287,10.);
#12287 = AXIS2_PLACEMENT_3D('',#12288,#12289,#12290);
#12288 = CARTESIAN_POINT('',(120.,206.5,4.E+03));
#12289 = DIRECTION('',(0.,0.,1.));
#12290 = DIRECTION('',(1.,0.,0.));
#12291 = CYLINDRICAL_SURFACE('',#12292,10.);
#12292 = AXIS2_PLACEMENT_3D('',#12293,#12294,#12295);
#12293 = CARTESIAN_POINT('',(120.,206.5,4.E+03));
#12294 = DIRECTION('',(-0.,-0.,-1.));
#12295 = DIRECTION('',(1.,0.,0.));
#12296 = ADVANCED_FACE('',(#12297),#12324,.F.);
#12297 = FACE_BOUND('',#12298,.T.);
#12298 = EDGE_LOOP('',(#12299,#12309,#12316,#12317));
#12299 = ORIENTED_EDGE('',*,*,#12300,.T.);
#12300 = EDGE_CURVE('',#12301,#12303,#12305,.T.);
#12301 = VERTEX_POINT('',#12302);
#12302 = CARTESIAN_POINT('',(50.,206.5,4.E+03));
#12303 = VERTEX_POINT('',#12304);
#12304 = CARTESIAN_POINT('',(50.,206.5,4.02E+03));
#12305 = LINE('',#12306,#12307);
#12306 = CARTESIAN_POINT('',(50.,206.5,4.E+03));
#12307 = VECTOR('',#12308,1.);
#12308 = DIRECTION('',(0.,0.,1.));
#12309 = ORIENTED_EDGE('',*,*,#12310,.T.);
#12310 = EDGE_CURVE('',#12303,#12303,#12311,.T.);
#12311 = CIRCLE('',#12312,10.);
#12312 = AXIS2_PLACEMENT_3D('',#12313,#12314,#12315);
#12313 = CARTESIAN_POINT('',(40.,206.5,4.02E+03));
#12314 = DIRECTION('',(0.,0.,1.));
#12315 = DIRECTION('',(1.,0.,0.));
#12316 = ORIENTED_EDGE('',*,*,#12300,.F.);
#12317 = ORIENTED_EDGE('',*,*,#12318,.F.);
#12318 = EDGE_CURVE('',#12301,#12301,#12319,.T.);
#12319 = CIRCLE('',#12320,10.);
#12320 = AXIS2_PLACEMENT_3D('',#12321,#12322,#12323);
#12321 = CARTESIAN_POINT('',(40.,206.5,4.E+03));
#12322 = DIRECTION('',(0.,0.,1.));
#12323 = DIRECTION('',(1.,0.,0.));
#12324 = CYLINDRICAL_SURFACE('',#12325,10.);
#12325 = AXIS2_PLACEMENT_3D('',#12326,#12327,#12328);
#12326 = CARTESIAN_POINT('',(40.,206.5,4.E+03));
#12327 = DIRECTION('',(-0.,-0.,-1.));
#12328 = DIRECTION('',(1.,0.,0.));
#12329 = ADVANCED_FACE('',(#12330),#12357,.F.);
#12330 = FACE_BOUND('',#12331,.T.);
#12331 = EDGE_LOOP('',(#12332,#12342,#12349,#12350));
#12332 = ORIENTED_EDGE('',*,*,#12333,.T.);
#12333 = EDGE_CURVE('',#12334,#12336,#12338,.T.);
#12334 = VERTEX_POINT('',#12335);
#12335 = CARTESIAN_POINT('',(-30.,206.5,4.E+03));
#12336 = VERTEX_POINT('',#12337);
#12337 = CARTESIAN_POINT('',(-30.,206.5,4.02E+03));
#12338 = LINE('',#12339,#12340);
#12339 = CARTESIAN_POINT('',(-30.,206.5,4.E+03));
#12340 = VECTOR('',#12341,1.);
#12341 = DIRECTION('',(0.,0.,1.));
#12342 = ORIENTED_EDGE('',*,*,#12343,.T.);
#12343 = EDGE_CURVE('',#12336,#12336,#12344,.T.);
#12344 = CIRCLE('',#12345,10.);
#12345 = AXIS2_PLACEMENT_3D('',#12346,#12347,#12348);
#12346 = CARTESIAN_POINT('',(-40.,206.5,4.02E+03));
#12347 = DIRECTION('',(0.,0.,1.));
#12348 = DIRECTION('',(1.,0.,0.));
#12349 = ORIENTED_EDGE('',*,*,#12333,.F.);
#12350 = ORIENTED_EDGE('',*,*,#12351,.F.);
#12351 = EDGE_CURVE('',#12334,#12334,#12352,.T.);
#12352 = CIRCLE('',#12353,10.);
#12353 = AXIS2_PLACEMENT_3D('',#12354,#12355,#12356);
#12354 = CARTESIAN_POINT('',(-40.,206.5,4.E+03));
#12355 = DIRECTION('',(0.,0.,1.));
#12356 = DIRECTION('',(1.,0.,0.));
#12357 = CYLINDRICAL_SURFACE('',#12358,10.);
#12358 = AXIS2_PLACEMENT_3D('',#12359,#12360,#12361);
#12359 = CARTESIAN_POINT('',(-40.,206.5,4.E+03));
#12360 = DIRECTION('',(-0.,-0.,-1.));
#12361 = DIRECTION('',(1.,0.,0.));
#12362 = ADVANCED_FACE('',(#12363),#12390,.F.);
#12363 = FACE_BOUND('',#12364,.T.);
#12364 = EDGE_LOOP('',(#12365,#12375,#12382,#12383));
#12365 = ORIENTED_EDGE('',*,*,#12366,.T.);
#12366 = EDGE_CURVE('',#12367,#12369,#12371,.T.);
#12367 = VERTEX_POINT('',#12368);
#12368 = CARTESIAN_POINT('',(-110.,206.5,4.E+03));
#12369 = VERTEX_POINT('',#12370);
#12370 = CARTESIAN_POINT('',(-110.,206.5,4.02E+03));
#12371 = LINE('',#12372,#12373);
#12372 = CARTESIAN_POINT('',(-110.,206.5,4.E+03));
#12373 = VECTOR('',#12374,1.);
#12374 = DIRECTION('',(0.,0.,1.));
#12375 = ORIENTED_EDGE('',*,*,#12376,.T.);
#12376 = EDGE_CURVE('',#12369,#12369,#12377,.T.);
#12377 = CIRCLE('',#12378,10.);
#12378 = AXIS2_PLACEMENT_3D('',#12379,#12380,#12381);
#12379 = CARTESIAN_POINT('',(-120.,206.5,4.02E+03));
#12380 = DIRECTION('',(0.,0.,1.));
#12381 = DIRECTION('',(1.,0.,0.));
#12382 = ORIENTED_EDGE('',*,*,#12366,.F.);
#12383 = ORIENTED_EDGE('',*,*,#12384,.F.);
#12384 = EDGE_CURVE('',#12367,#12367,#12385,.T.);
#12385 = CIRCLE('',#12386,10.);
#12386 = AXIS2_PLACEMENT_3D('',#12387,#12388,#12389);
#12387 = CARTESIAN_POINT('',(-120.,206.5,4.E+03));
#12388 = DIRECTION('',(0.,0.,1.));
#12389 = DIRECTION('',(1.,0.,0.));
#12390 = CYLINDRICAL_SURFACE('',#12391,10.);
#12391 = AXIS2_PLACEMENT_3D('',#12392,#12393,#12394);
#12392 = CARTESIAN_POINT('',(-120.,206.5,4.E+03));
#12393 = DIRECTION('',(-0.,-0.,-1.));
#12394 = DIRECTION('',(1.,0.,0.));
#12395 = ADVANCED_FACE('',(#12396,#12418,#12421,#12424,#12427,#12430,
    #12433,#12436,#12439,#12442,#12445,#12448,#12451,#12454,#12457,
    #12460),#12463,.F.);
#12396 = FACE_BOUND('',#12397,.T.);
#12397 = EDGE_LOOP('',(#12398,#12399,#12400,#12401,#12402,#12403,#12404,
    #12405,#12406,#12407,#12408,#12409,#12410,#12411,#12412,#12413,
    #12414,#12415,#12416,#12417));
#12398 = ORIENTED_EDGE('',*,*,#11298,.T.);
#12399 = ORIENTED_EDGE('',*,*,#11329,.T.);
#12400 = ORIENTED_EDGE('',*,*,#11360,.T.);
#12401 = ORIENTED_EDGE('',*,*,#11391,.T.);
#12402 = ORIENTED_EDGE('',*,*,#11422,.T.);
#12403 = ORIENTED_EDGE('',*,*,#11454,.T.);
#12404 = ORIENTED_EDGE('',*,*,#11486,.T.);
#12405 = ORIENTED_EDGE('',*,*,#11518,.T.);
#12406 = ORIENTED_EDGE('',*,*,#11550,.T.);
#12407 = ORIENTED_EDGE('',*,*,#11582,.T.);
#12408 = ORIENTED_EDGE('',*,*,#11614,.T.);
#12409 = ORIENTED_EDGE('',*,*,#11646,.T.);
#12410 = ORIENTED_EDGE('',*,*,#11678,.T.);
#12411 = ORIENTED_EDGE('',*,*,#11710,.T.);
#12412 = ORIENTED_EDGE('',*,*,#11742,.T.);
#12413 = ORIENTED_EDGE('',*,*,#11774,.T.);
#12414 = ORIENTED_EDGE('',*,*,#11806,.T.);
#12415 = ORIENTED_EDGE('',*,*,#11837,.T.);
#12416 = ORIENTED_EDGE('',*,*,#11868,.T.);
#12417 = ORIENTED_EDGE('',*,*,#11890,.T.);
#12418 = FACE_BOUND('',#12419,.T.);
#12419 = EDGE_LOOP('',(#12420));
#12420 = ORIENTED_EDGE('',*,*,#11922,.T.);
#12421 = FACE_BOUND('',#12422,.T.);
#12422 = EDGE_LOOP('',(#12423));
#12423 = ORIENTED_EDGE('',*,*,#11955,.T.);
#12424 = FACE_BOUND('',#12425,.T.);
#12425 = EDGE_LOOP('',(#12426));
#12426 = ORIENTED_EDGE('',*,*,#11988,.T.);
#12427 = FACE_BOUND('',#12428,.T.);
#12428 = EDGE_LOOP('',(#12429));
#12429 = ORIENTED_EDGE('',*,*,#12021,.T.);
#12430 = FACE_BOUND('',#12431,.T.);
#12431 = EDGE_LOOP('',(#12432));
#12432 = ORIENTED_EDGE('',*,*,#12054,.T.);
#12433 = FACE_BOUND('',#12434,.T.);
#12434 = EDGE_LOOP('',(#12435));
#12435 = ORIENTED_EDGE('',*,*,#12087,.T.);
#12436 = FACE_BOUND('',#12437,.T.);
#12437 = EDGE_LOOP('',(#12438));
#12438 = ORIENTED_EDGE('',*,*,#12120,.T.);
#12439 = FACE_BOUND('',#12440,.T.);
#12440 = EDGE_LOOP('',(#12441));
#12441 = ORIENTED_EDGE('',*,*,#12153,.T.);
#12442 = FACE_BOUND('',#12443,.T.);
#12443 = EDGE_LOOP('',(#12444));
#12444 = ORIENTED_EDGE('',*,*,#12186,.T.);
#12445 = FACE_BOUND('',#12446,.T.);
#12446 = EDGE_LOOP('',(#12447));
#12447 = ORIENTED_EDGE('',*,*,#12219,.T.);
#12448 = FACE_BOUND('',#12449,.T.);
#12449 = EDGE_LOOP('',(#12450));
#12450 = ORIENTED_EDGE('',*,*,#12252,.T.);
#12451 = FACE_BOUND('',#12452,.T.);
#12452 = EDGE_LOOP('',(#12453));
#12453 = ORIENTED_EDGE('',*,*,#12285,.T.);
#12454 = FACE_BOUND('',#12455,.T.);
#12455 = EDGE_LOOP('',(#12456));
#12456 = ORIENTED_EDGE('',*,*,#12318,.T.);
#12457 = FACE_BOUND('',#12458,.T.);
#12458 = EDGE_LOOP('',(#12459));
#12459 = ORIENTED_EDGE('',*,*,#12351,.T.);
#12460 = FACE_BOUND('',#12461,.T.);
#12461 = EDGE_LOOP('',(#12462));
#12462 = ORIENTED_EDGE('',*,*,#12384,.T.);
#12463 = PLANE('',#12464);
#12464 = AXIS2_PLACEMENT_3D('',#12465,#12466,#12467);
#12465 = CARTESIAN_POINT('',(-9.38E-15,7.897464583001,4.E+03));
#12466 = DIRECTION('',(0.,0.,1.));
#12467 = DIRECTION('',(1.,0.,0.));
#12468 = ADVANCED_FACE('',(#12469,#12491,#12494,#12497,#12500,#12503,
    #12506,#12509,#12512,#12515,#12518,#12521,#12524,#12527,#12530,
    #12533),#12536,.T.);
#12469 = FACE_BOUND('',#12470,.F.);
#12470 = EDGE_LOOP('',(#12471,#12472,#12473,#12474,#12475,#12476,#12477,
    #12478,#12479,#12480,#12481,#12482,#12483,#12484,#12485,#12486,
    #12487,#12488,#12489,#12490));
#12471 = ORIENTED_EDGE('',*,*,#11282,.T.);
#12472 = ORIENTED_EDGE('',*,*,#11313,.T.);
#12473 = ORIENTED_EDGE('',*,*,#11344,.T.);
#12474 = ORIENTED_EDGE('',*,*,#11375,.T.);
#12475 = ORIENTED_EDGE('',*,*,#11406,.T.);
#12476 = ORIENTED_EDGE('',*,*,#11437,.T.);
#12477 = ORIENTED_EDGE('',*,*,#11470,.T.);
#12478 = ORIENTED_EDGE('',*,*,#11501,.T.);
#12479 = ORIENTED_EDGE('',*,*,#11534,.T.);
#12480 = ORIENTED_EDGE('',*,*,#11565,.T.);
#12481 = ORIENTED_EDGE('',*,*,#11598,.T.);
#12482 = ORIENTED_EDGE('',*,*,#11629,.T.);
#12483 = ORIENTED_EDGE('',*,*,#11662,.T.);
#12484 = ORIENTED_EDGE('',*,*,#11693,.T.);
#12485 = ORIENTED_EDGE('',*,*,#11726,.T.);
#12486 = ORIENTED_EDGE('',*,*,#11757,.T.);
#12487 = ORIENTED_EDGE('',*,*,#11790,.T.);
#12488 = ORIENTED_EDGE('',*,*,#11821,.T.);
#12489 = ORIENTED_EDGE('',*,*,#11852,.T.);
#12490 = ORIENTED_EDGE('',*,*,#11883,.T.);
#12491 = FACE_BOUND('',#12492,.F.);
#12492 = EDGE_LOOP('',(#12493));
#12493 = ORIENTED_EDGE('',*,*,#11914,.T.);
#12494 = FACE_BOUND('',#12495,.F.);
#12495 = EDGE_LOOP('',(#12496));
#12496 = ORIENTED_EDGE('',*,*,#11947,.T.);
#12497 = FACE_BOUND('',#12498,.F.);
#12498 = EDGE_LOOP('',(#12499));
#12499 = ORIENTED_EDGE('',*,*,#11980,.T.);
#12500 = FACE_BOUND('',#12501,.F.);
#12501 = EDGE_LOOP('',(#12502));
#12502 = ORIENTED_EDGE('',*,*,#12013,.T.);
#12503 = FACE_BOUND('',#12504,.F.);
#12504 = EDGE_LOOP('',(#12505));
#12505 = ORIENTED_EDGE('',*,*,#12046,.T.);
#12506 = FACE_BOUND('',#12507,.F.);
#12507 = EDGE_LOOP('',(#12508));
#12508 = ORIENTED_EDGE('',*,*,#12079,.T.);
#12509 = FACE_BOUND('',#12510,.F.);
#12510 = EDGE_LOOP('',(#12511));
#12511 = ORIENTED_EDGE('',*,*,#12112,.T.);
#12512 = FACE_BOUND('',#12513,.F.);
#12513 = EDGE_LOOP('',(#12514));
#12514 = ORIENTED_EDGE('',*,*,#12145,.T.);
#12515 = FACE_BOUND('',#12516,.F.);
#12516 = EDGE_LOOP('',(#12517));
#12517 = ORIENTED_EDGE('',*,*,#12178,.T.);
#12518 = FACE_BOUND('',#12519,.F.);
#12519 = EDGE_LOOP('',(#12520));
#12520 = ORIENTED_EDGE('',*,*,#12211,.T.);
#12521 = FACE_BOUND('',#12522,.F.);
#12522 = EDGE_LOOP('',(#12523));
#12523 = ORIENTED_EDGE('',*,*,#12244,.T.);
#12524 = FACE_BOUND('',#12525,.F.);
#12525 = EDGE_LOOP('',(#12526));
#12526 = ORIENTED_EDGE('',*,*,#12277,.T.);
#12527 = FACE_BOUND('',#12528,.F.);
#12528 = EDGE_LOOP('',(#12529));
#12529 = ORIENTED_EDGE('',*,*,#12310,.T.);
#12530 = FACE_BOUND('',#12531,.F.);
#12531 = EDGE_LOOP('',(#12532));
#12532 = ORIENTED_EDGE('',*,*,#12343,.T.);
#12533 = FACE_BOUND('',#12534,.F.);
#12534 = EDGE_LOOP('',(#12535));
#12535 = ORIENTED_EDGE('',*,*,#12376,.T.);
#12536 = PLANE('',#12537);
#12537 = AXIS2_PLACEMENT_3D('',#12538,#12539,#12540);
#12538 = CARTESIAN_POINT('',(-9.38E-15,7.897464583001,4.02E+03));
#12539 = DIRECTION('',(0.,0.,1.));
#12540 = DIRECTION('',(1.,0.,0.));
#12541 = ( GEOMETRIC_REPRESENTATION_CONTEXT(3) 
GLOBAL_UNCERTAINTY_ASSIGNED_CONTEXT((#12545)) 
GLOBAL_UNIT_ASSIGNED_CONTEXT((#12542,#12543,#12544)) 
REPRESENTATION_CONTEXT('Context #1',
  '3D Context with UNIT and UNCERTAINTY') );
#12542 = ( LENGTH_UNIT() NAMED_UNIT(*) SI_UNIT(.MILLI.,.METRE.) );
#12543 = ( NAMED_UNIT(*) PLANE_ANGLE_UNIT() SI_UNIT($,.RADIAN.) );
#12544 = ( NAMED_UNIT(*) SI_UNIT($,.STERADIAN.) SOLID_ANGLE_UNIT() );
#12545 = UNCERTAINTY_MEASURE_WITH_UNIT(LENGTH_MEASURE(1.E-07),#12542,
  'distance_accuracy_value','confusion accuracy');
#12546 = CONTEXT_DEPENDENT_SHAPE_REPRESENTATION(#12547,#12549);
#12547 = ( REPRESENTATION_RELATIONSHIP('','',#11265,#7719) 
REPRESENTATION_RELATIONSHIP_WITH_TRANSFORMATION(#12548) 
SHAPE_REPRESENTATION_RELATIONSHIP() );
#12548 = ITEM_DEFINED_TRANSFORMATION('','',#11,#7744);
#12549 = PRODUCT_DEFINITION_SHAPE('Placement','Placement of an item',
  #12550);
#12550 = NEXT_ASSEMBLY_USAGE_OCCURRENCE('21','flange_superior','',#7714,
  #11260,$);
#12551 = CC_DESIGN_SECURITY_CLASSIFICATION(#12552,(#12550));
#12552 = SECURITY_CLASSIFICATION('','',#55);
#12553 = CC_DESIGN_PERSON_AND_ORGANIZATION_ASSIGNMENT(#44,#53,(#12552));
#12554 = CC_DESIGN_DATE_AND_TIME_ASSIGNMENT(#58,#64,(#12552));
#12555 = CC_DESIGN_APPROVAL(#66,(#12552));
#12556 = PRODUCT_RELATED_PRODUCT_CATEGORY('detail',$,(#11262));
#12557 = PRODUCT_CATEGORY_RELATIONSHIP('','',#12558,#12556);
#12558 = PRODUCT_CATEGORY('part',$);
#12559 = CC_DESIGN_PERSON_AND_ORGANIZATION_ASSIGNMENT(#44,#47,(#11261,
    #11260));
#12560 = CC_DESIGN_PERSON_AND_ORGANIZATION_ASSIGNMENT(#44,#49,(#11262));
#12561 = CC_DESIGN_PERSON_AND_ORGANIZATION_ASSIGNMENT(#44,#51,(#11261));
#12562 = CC_DESIGN_PERSON_AND_ORGANIZATION_ASSIGNMENT(#44,#53,(#12563));
#12563 = SECURITY_CLASSIFICATION('','',#55);
#12564 = CC_DESIGN_SECURITY_CLASSIFICATION(#12563,(#11261));
#12565 = CC_DESIGN_DATE_AND_TIME_ASSIGNMENT(#58,#62,(#11260));
#12566 = CC_DESIGN_DATE_AND_TIME_ASSIGNMENT(#58,#64,(#12563));
#12567 = CC_DESIGN_APPROVAL(#66,(#11261,#11260,#12563));
#12568 = SHAPE_DEFINITION_REPRESENTATION(#12569,#12575);
#12569 = PRODUCT_DEFINITION_SHAPE('','',#12570);
#12570 = PRODUCT_DEFINITION('design','',#12571,#12574);
#12571 = PRODUCT_DEFINITION_FORMATION_WITH_SPECIFIED_SOURCE('','',#12572
  ,.NOT_KNOWN.);
#12572 = PRODUCT('reforco_interno','reforco_interno','',(#12573));
#12573 = MECHANICAL_CONTEXT('',#2,'mechanical');
#12574 = DESIGN_CONTEXT('',#2,'design');
#12575 = ADVANCED_BREP_SHAPE_REPRESENTATION('',(#11,#12576),#12765);
#12576 = MANIFOLD_SOLID_BREP('',#12577);
#12577 = CLOSED_SHELL('',(#12578,#12618,#12649,#12684,#12708,#12736,
    #12748));
#12578 = ADVANCED_FACE('',(#12579),#12613,.T.);
#12579 = FACE_BOUND('',#12580,.T.);
#12580 = EDGE_LOOP('',(#12581,#12591,#12599,#12607));
#12581 = ORIENTED_EDGE('',*,*,#12582,.F.);
#12582 = EDGE_CURVE('',#12583,#12585,#12587,.T.);
#12583 = VERTEX_POINT('',#12584);
#12584 = CARTESIAN_POINT('',(-165.48,-165.48,1.99495E+03));
#12585 = VERTEX_POINT('',#12586);
#12586 = CARTESIAN_POINT('',(-165.48,-165.48,2.0048E+03));
#12587 = LINE('',#12588,#12589);
#12588 = CARTESIAN_POINT('',(-165.48,-165.48,1.99495E+03));
#12589 = VECTOR('',#12590,1.);
#12590 = DIRECTION('',(0.,0.,1.));
#12591 = ORIENTED_EDGE('',*,*,#12592,.T.);
#12592 = EDGE_CURVE('',#12583,#12593,#12595,.T.);
#12593 = VERTEX_POINT('',#12594);
#12594 = CARTESIAN_POINT('',(165.48,-165.48,1.99495E+03));
#12595 = LINE('',#12596,#12597);
#12596 = CARTESIAN_POINT('',(-165.48,-165.48,1.99495E+03));
#12597 = VECTOR('',#12598,1.);
#12598 = DIRECTION('',(1.,0.,0.));
#12599 = ORIENTED_EDGE('',*,*,#12600,.F.);
#12600 = EDGE_CURVE('',#12601,#12593,#12603,.T.);
#12601 = VERTEX_POINT('',#12602);
#12602 = CARTESIAN_POINT('',(165.48,-165.48,2.0048E+03));
#12603 = LINE('',#12604,#12605);
#12604 = CARTESIAN_POINT('',(165.48,-165.48,1.997475E+03));
#12605 = VECTOR('',#12606,1.);
#12606 = DIRECTION('',(0.,0.,-1.));
#12607 = ORIENTED_EDGE('',*,*,#12608,.F.);
#12608 = EDGE_CURVE('',#12585,#12601,#12609,.T.);
#12609 = LINE('',#12610,#12611);
#12610 = CARTESIAN_POINT('',(-165.48,-165.48,2.0048E+03));
#12611 = VECTOR('',#12612,1.);
#12612 = DIRECTION('',(1.,0.,0.));
#12613 = PLANE('',#12614);
#12614 = AXIS2_PLACEMENT_3D('',#12615,#12616,#12617);
#12615 = CARTESIAN_POINT('',(-165.48,-165.48,1.99495E+03));
#12616 = DIRECTION('',(0.,-1.,0.));
#12617 = DIRECTION('',(0.,0.,1.));
#12618 = ADVANCED_FACE('',(#12619),#12644,.F.);
#12619 = FACE_BOUND('',#12620,.T.);
#12620 = EDGE_LOOP('',(#12621,#12622,#12630,#12638));
#12621 = ORIENTED_EDGE('',*,*,#12582,.T.);
#12622 = ORIENTED_EDGE('',*,*,#12623,.T.);
#12623 = EDGE_CURVE('',#12585,#12624,#12626,.T.);
#12624 = VERTEX_POINT('',#12625);
#12625 = CARTESIAN_POINT('',(-165.48,165.48,2.0048E+03));
#12626 = LINE('',#12627,#12628);
#12627 = CARTESIAN_POINT('',(-165.48,-165.48,2.0048E+03));
#12628 = VECTOR('',#12629,1.);
#12629 = DIRECTION('',(0.,1.,0.));
#12630 = ORIENTED_EDGE('',*,*,#12631,.T.);
#12631 = EDGE_CURVE('',#12624,#12632,#12634,.T.);
#12632 = VERTEX_POINT('',#12633);
#12633 = CARTESIAN_POINT('',(-165.48,165.48,1.99495E+03));
#12634 = LINE('',#12635,#12636);
#12635 = CARTESIAN_POINT('',(-165.48,165.48,2.0048E+03));
#12636 = VECTOR('',#12637,1.);
#12637 = DIRECTION('',(0.,0.,-1.));
#12638 = ORIENTED_EDGE('',*,*,#12639,.T.);
#12639 = EDGE_CURVE('',#12632,#12583,#12640,.T.);
#12640 = LINE('',#12641,#12642);
#12641 = CARTESIAN_POINT('',(-165.48,165.48,1.99495E+03));
#12642 = VECTOR('',#12643,1.);
#12643 = DIRECTION('',(0.,-1.,0.));
#12644 = PLANE('',#12645);
#12645 = AXIS2_PLACEMENT_3D('',#12646,#12647,#12648);
#12646 = CARTESIAN_POINT('',(-165.48,0.,1.999875E+03));
#12647 = DIRECTION('',(1.,0.,0.));
#12648 = DIRECTION('',(0.,0.,1.));
#12649 = ADVANCED_FACE('',(#12650,#12668),#12679,.T.);
#12650 = FACE_BOUND('',#12651,.T.);
#12651 = EDGE_LOOP('',(#12652,#12653,#12654,#12662));
#12652 = ORIENTED_EDGE('',*,*,#12623,.F.);
#12653 = ORIENTED_EDGE('',*,*,#12608,.T.);
#12654 = ORIENTED_EDGE('',*,*,#12655,.F.);
#12655 = EDGE_CURVE('',#12656,#12601,#12658,.T.);
#12656 = VERTEX_POINT('',#12657);
#12657 = CARTESIAN_POINT('',(165.48,165.48,2.0048E+03));
#12658 = LINE('',#12659,#12660);
#12659 = CARTESIAN_POINT('',(165.48,-83.21105397701,2.0048E+03));
#12660 = VECTOR('',#12661,1.);
#12661 = DIRECTION('',(0.,-1.,0.));
#12662 = ORIENTED_EDGE('',*,*,#12663,.F.);
#12663 = EDGE_CURVE('',#12624,#12656,#12664,.T.);
#12664 = LINE('',#12665,#12666);
#12665 = CARTESIAN_POINT('',(-165.48,165.48,2.0048E+03));
#12666 = VECTOR('',#12667,1.);
#12667 = DIRECTION('',(1.,0.,0.));
#12668 = FACE_BOUND('',#12669,.T.);
#12669 = EDGE_LOOP('',(#12670));
#12670 = ORIENTED_EDGE('',*,*,#12671,.F.);
#12671 = EDGE_CURVE('',#12672,#12672,#12674,.T.);
#12672 = VERTEX_POINT('',#12673);
#12673 = CARTESIAN_POINT('',(100.,0.,2.0048E+03));
#12674 = CIRCLE('',#12675,100.);
#12675 = AXIS2_PLACEMENT_3D('',#12676,#12677,#12678);
#12676 = CARTESIAN_POINT('',(0.,0.,2.0048E+03));
#12677 = DIRECTION('',(0.,0.,1.));
#12678 = DIRECTION('',(1.,0.,0.));
#12679 = PLANE('',#12680);
#12680 = AXIS2_PLACEMENT_3D('',#12681,#12682,#12683);
#12681 = CARTESIAN_POINT('',(-165.48,-165.48,2.0048E+03));
#12682 = DIRECTION('',(0.,0.,1.));
#12683 = DIRECTION('',(0.,1.,0.));
#12684 = ADVANCED_FACE('',(#12685),#12703,.F.);
#12685 = FACE_BOUND('',#12686,.F.);
#12686 = EDGE_LOOP('',(#12687,#12688,#12689,#12697));
#12687 = ORIENTED_EDGE('',*,*,#12600,.F.);
#12688 = ORIENTED_EDGE('',*,*,#12655,.F.);
#12689 = ORIENTED_EDGE('',*,*,#12690,.F.);
#12690 = EDGE_CURVE('',#12691,#12656,#12693,.T.);
#12691 = VERTEX_POINT('',#12692);
#12692 = CARTESIAN_POINT('',(165.48,165.48,1.99495E+03));
#12693 = LINE('',#12694,#12695);
#12694 = CARTESIAN_POINT('',(165.48,165.48,2.0024E+03));
#12695 = VECTOR('',#12696,1.);
#12696 = DIRECTION('',(0.,0.,1.));
#12697 = ORIENTED_EDGE('',*,*,#12698,.F.);
#12698 = EDGE_CURVE('',#12593,#12691,#12699,.T.);
#12699 = LINE('',#12700,#12701);
#12700 = CARTESIAN_POINT('',(165.48,82.268946022989,1.99495E+03));
#12701 = VECTOR('',#12702,1.);
#12702 = DIRECTION('',(0.,1.,0.));
#12703 = PLANE('',#12704);
#12704 = AXIS2_PLACEMENT_3D('',#12705,#12706,#12707);
#12705 = CARTESIAN_POINT('',(165.48,-0.942107954023,2.E+03));
#12706 = DIRECTION('',(-1.,-0.,-0.));
#12707 = DIRECTION('',(0.,0.,-1.));
#12708 = ADVANCED_FACE('',(#12709,#12720),#12731,.T.);
#12709 = FACE_BOUND('',#12710,.T.);
#12710 = EDGE_LOOP('',(#12711,#12712,#12718,#12719));
#12711 = ORIENTED_EDGE('',*,*,#12639,.F.);
#12712 = ORIENTED_EDGE('',*,*,#12713,.T.);
#12713 = EDGE_CURVE('',#12632,#12691,#12714,.T.);
#12714 = LINE('',#12715,#12716);
#12715 = CARTESIAN_POINT('',(-165.48,165.48,1.99495E+03));
#12716 = VECTOR('',#12717,1.);
#12717 = DIRECTION('',(1.,0.,0.));
#12718 = ORIENTED_EDGE('',*,*,#12698,.F.);
#12719 = ORIENTED_EDGE('',*,*,#12592,.F.);
#12720 = FACE_BOUND('',#12721,.T.);
#12721 = EDGE_LOOP('',(#12722));
#12722 = ORIENTED_EDGE('',*,*,#12723,.T.);
#12723 = EDGE_CURVE('',#12724,#12724,#12726,.T.);
#12724 = VERTEX_POINT('',#12725);
#12725 = CARTESIAN_POINT('',(100.,0.,1.99495E+03));
#12726 = CIRCLE('',#12727,100.);
#12727 = AXIS2_PLACEMENT_3D('',#12728,#12729,#12730);
#12728 = CARTESIAN_POINT('',(0.,0.,1.99495E+03));
#12729 = DIRECTION('',(0.,0.,1.));
#12730 = DIRECTION('',(1.,0.,-0.));
#12731 = PLANE('',#12732);
#12732 = AXIS2_PLACEMENT_3D('',#12733,#12734,#12735);
#12733 = CARTESIAN_POINT('',(-165.48,165.48,1.99495E+03));
#12734 = DIRECTION('',(0.,0.,-1.));
#12735 = DIRECTION('',(0.,-1.,0.));
#12736 = ADVANCED_FACE('',(#12737),#12743,.T.);
#12737 = FACE_BOUND('',#12738,.T.);
#12738 = EDGE_LOOP('',(#12739,#12740,#12741,#12742));
#12739 = ORIENTED_EDGE('',*,*,#12631,.F.);
#12740 = ORIENTED_EDGE('',*,*,#12663,.T.);
#12741 = ORIENTED_EDGE('',*,*,#12690,.F.);
#12742 = ORIENTED_EDGE('',*,*,#12713,.F.);
#12743 = PLANE('',#12744);
#12744 = AXIS2_PLACEMENT_3D('',#12745,#12746,#12747);
#12745 = CARTESIAN_POINT('',(-165.48,165.48,2.0048E+03));
#12746 = DIRECTION('',(0.,1.,0.));
#12747 = DIRECTION('',(0.,0.,-1.));
#12748 = ADVANCED_FACE('',(#12749),#12760,.F.);
#12749 = FACE_BOUND('',#12750,.F.);
#12750 = EDGE_LOOP('',(#12751,#12752,#12758,#12759));
#12751 = ORIENTED_EDGE('',*,*,#12671,.F.);
#12752 = ORIENTED_EDGE('',*,*,#12753,.T.);
#12753 = EDGE_CURVE('',#12672,#12724,#12754,.T.);
#12754 = LINE('',#12755,#12756);
#12755 = CARTESIAN_POINT('',(100.,0.,2.0048E+03));
#12756 = VECTOR('',#12757,1.);
#12757 = DIRECTION('',(-0.,-0.,-1.));
#12758 = ORIENTED_EDGE('',*,*,#12723,.T.);
#12759 = ORIENTED_EDGE('',*,*,#12753,.F.);
#12760 = CYLINDRICAL_SURFACE('',#12761,100.);
#12761 = AXIS2_PLACEMENT_3D('',#12762,#12763,#12764);
#12762 = CARTESIAN_POINT('',(0.,0.,2.0048E+03));
#12763 = DIRECTION('',(0.,0.,1.));
#12764 = DIRECTION('',(1.,0.,-0.));
#12765 = ( GEOMETRIC_REPRESENTATION_CONTEXT(3) 
GLOBAL_UNCERTAINTY_ASSIGNED_CONTEXT((#12769)) 
GLOBAL_UNIT_ASSIGNED_CONTEXT((#12766,#12767,#12768)) 
REPRESENTATION_CONTEXT('Context #1',
  '3D Context with UNIT and UNCERTAINTY') );
#12766 = ( LENGTH_UNIT() NAMED_UNIT(*) SI_UNIT(.MILLI.,.METRE.) );
#12767 = ( NAMED_UNIT(*) PLANE_ANGLE_UNIT() SI_UNIT($,.RADIAN.) );
#12768 = ( NAMED_UNIT(*) SI_UNIT($,.STERADIAN.) SOLID_ANGLE_UNIT() );
#12769 = UNCERTAINTY_MEASURE_WITH_UNIT(LENGTH_MEASURE(1.E-07),#12766,
  'distance_accuracy_value','confusion accuracy');
#12770 = CONTEXT_DEPENDENT_SHAPE_REPRESENTATION(#12771,#12773);
#12771 = ( REPRESENTATION_RELATIONSHIP('','',#12575,#7719) 
REPRESENTATION_RELATIONSHIP_WITH_TRANSFORMATION(#12772) 
SHAPE_REPRESENTATION_RELATIONSHIP() );
#12772 = ITEM_DEFINED_TRANSFORMATION('','',#11,#7748);
#12773 = PRODUCT_DEFINITION_SHAPE('Placement','Placement of an item',
  #12774);
#12774 = NEXT_ASSEMBLY_USAGE_OCCURRENCE('22','reforco_interno','',#7714,
  #12570,$);
#12775 = CC_DESIGN_SECURITY_CLASSIFICATION(#12776,(#12774));
#12776 = SECURITY_CLASSIFICATION('','',#55);
#12777 = CC_DESIGN_PERSON_AND_ORGANIZATION_ASSIGNMENT(#44,#53,(#12776));
#12778 = CC_DESIGN_DATE_AND_TIME_ASSIGNMENT(#58,#64,(#12776));
#12779 = CC_DESIGN_APPROVAL(#66,(#12776));
#12780 = PRODUCT_RELATED_PRODUCT_CATEGORY('detail',$,(#12572));
#12781 = PRODUCT_CATEGORY_RELATIONSHIP('','',#12782,#12780);
#12782 = PRODUCT_CATEGORY('part',$);
#12783 = CC_DESIGN_PERSON_AND_ORGANIZATION_ASSIGNMENT(#44,#47,(#12571,
    #12570));
#12784 = CC_DESIGN_PERSON_AND_ORGANIZATION_ASSIGNMENT(#44,#49,(#12572));
#12785 = CC_DESIGN_PERSON_AND_ORGANIZATION_ASSIGNMENT(#44,#51,(#12571));
#12786 = CC_DESIGN_PERSON_AND_ORGANIZATION_ASSIGNMENT(#44,#53,(#12787));
#12787 = SECURITY_CLASSIFICATION('','',#55);
#12788 = CC_DESIGN_SECURITY_CLASSIFICATION(#12787,(#12571));
#12789 = CC_DESIGN_DATE_AND_TIME_ASSIGNMENT(#58,#62,(#12570));
#12790 = CC_DESIGN_DATE_AND_TIME_ASSIGNMENT(#58,#64,(#12787));
#12791 = CC_DESIGN_APPROVAL(#66,(#12571,#12570,#12787));
#12792 = SHAPE_DEFINITION_REPRESENTATION(#12793,#12799);
#12793 = PRODUCT_DEFINITION_SHAPE('','',#12794);
#12794 = PRODUCT_DEFINITION('design','',#12795,#12798);
#12795 = PRODUCT_DEFINITION_FORMATION_WITH_SPECIFIED_SOURCE('','',#12796
  ,.NOT_KNOWN.);
#12796 = PRODUCT('torre_emenda','torre_emenda','',(#12797));
#12797 = MECHANICAL_CONTEXT('',#2,'mechanical');
#12798 = DESIGN_CONTEXT('',#2,'design');
#12799 = SHAPE_REPRESENTATION('',(#11,#12800,#12804,#12808,#12812,#12816
    ,#12820,#12824),#12828);
#12800 = AXIS2_PLACEMENT_3D('',#12801,#12802,#12803);
#12801 = CARTESIAN_POINT('',(0.,0.,0.));
#12802 = DIRECTION('',(0.,0.,1.));
#12803 = DIRECTION('',(1.,0.,0.));
#12804 = AXIS2_PLACEMENT_3D('',#12805,#12806,#12807);
#12805 = CARTESIAN_POINT('',(0.,0.,0.));
#12806 = DIRECTION('',(0.,0.,1.));
#12807 = DIRECTION('',(1.,0.,0.));
#12808 = AXIS2_PLACEMENT_3D('',#12809,#12810,#12811);
#12809 = CARTESIAN_POINT('',(0.,0.,0.));
#12810 = DIRECTION('',(0.,0.,1.));
#12811 = DIRECTION('',(1.,0.,0.));
#12812 = AXIS2_PLACEMENT_3D('',#12813,#12814,#12815);
#12813 = CARTESIAN_POINT('',(0.,0.,0.));
#12814 = DIRECTION('',(0.,0.,1.));
#12815 = DIRECTION('',(1.,0.,0.));
#12816 = AXIS2_PLACEMENT_3D('',#12817,#12818,#12819);
#12817 = CARTESIAN_POINT('',(0.,0.,0.));
#12818 = DIRECTION('',(0.,0.,1.));
#12819 = DIRECTION('',(1.,0.,0.));
#12820 = AXIS2_PLACEMENT_3D('',#12821,#12822,#12823);
#12821 = CARTESIAN_POINT('',(0.,0.,0.));
#12822 = DIRECTION('',(0.,0.,1.));
#12823 = DIRECTION('',(1.,0.,0.));
#12824 = AXIS2_PLACEMENT_3D('',#12825,#12826,#12827);
#12825 = CARTESIAN_POINT('',(0.,0.,0.));
#12826 = DIRECTION('',(0.,0.,1.));
#12827 = DIRECTION('',(1.,0.,0.));
#12828 = ( GEOMETRIC_REPRESENTATION_CONTEXT(3) 
GLOBAL_UNCERTAINTY_ASSIGNED_CONTEXT((#12832)) 
GLOBAL_UNIT_ASSIGNED_CONTEXT((#12829,#12830,#12831)) 
REPRESENTATION_CONTEXT('Context #1',
  '3D Context with UNIT and UNCERTAINTY') );
#12829 = ( LENGTH_UNIT() NAMED_UNIT(*) SI_UNIT(.MILLI.,.METRE.) );
#12830 = ( NAMED_UNIT(*) PLANE_ANGLE_UNIT() SI_UNIT($,.RADIAN.) );
#12831 = ( NAMED_UNIT(*) SI_UNIT($,.STERADIAN.) SOLID_ANGLE_UNIT() );
#12832 = UNCERTAINTY_MEASURE_WITH_UNIT(LENGTH_MEASURE(2.E-05),#12829,
  'distance_accuracy_value','confusion accuracy');
#12833 = CONTEXT_DEPENDENT_SHAPE_REPRESENTATION(#12834,#12836);
#12834 = ( REPRESENTATION_RELATIONSHIP('','',#12799,#10) 
REPRESENTATION_RELATIONSHIP_WITH_TRANSFORMATION(#12835) 
SHAPE_REPRESENTATION_RELATIONSHIP() );
#12835 = ITEM_DEFINED_TRANSFORMATION('','',#11,#27);
#12836 = PRODUCT_DEFINITION_SHAPE('Placement','Placement of an item',
  #12837);
#12837 = NEXT_ASSEMBLY_USAGE_OCCURRENCE('31','torre_emenda','',#5,#12794
  ,$);
#12838 = CC_DESIGN_SECURITY_CLASSIFICATION(#12839,(#12837));
#12839 = SECURITY_CLASSIFICATION('','',#55);
#12840 = CC_DESIGN_PERSON_AND_ORGANIZATION_ASSIGNMENT(#44,#53,(#12839));
#12841 = CC_DESIGN_DATE_AND_TIME_ASSIGNMENT(#58,#64,(#12839));
#12842 = CC_DESIGN_APPROVAL(#66,(#12839));
#12843 = PRODUCT_RELATED_PRODUCT_CATEGORY('detail',$,(#12796));
#12844 = PRODUCT_CATEGORY_RELATIONSHIP('','',#12845,#12843);
#12845 = PRODUCT_CATEGORY('part',$);
#12846 = CC_DESIGN_PERSON_AND_ORGANIZATION_ASSIGNMENT(#44,#47,(#12795,
    #12794));
#12847 = CC_DESIGN_PERSON_AND_ORGANIZATION_ASSIGNMENT(#44,#49,(#12796));
#12848 = CC_DESIGN_PERSON_AND_ORGANIZATION_ASSIGNMENT(#44,#51,(#12795));
#12849 = CC_DESIGN_PERSON_AND_ORGANIZATION_ASSIGNMENT(#44,#53,(#12850));
#12850 = SECURITY_CLASSIFICATION('','',#55);
#12851 = CC_DESIGN_SECURITY_CLASSIFICATION(#12850,(#12795));
#12852 = CC_DESIGN_DATE_AND_TIME_ASSIGNMENT(#58,#62,(#12794));
#12853 = CC_DESIGN_DATE_AND_TIME_ASSIGNMENT(#58,#64,(#12850));
#12854 = CC_DESIGN_APPROVAL(#66,(#12795,#12794,#12850));
#12855 = SHAPE_DEFINITION_REPRESENTATION(#12856,#12862);
#12856 = PRODUCT_DEFINITION_SHAPE('','',#12857);
#12857 = PRODUCT_DEFINITION('design','',#12858,#12861);
#12858 = PRODUCT_DEFINITION_FORMATION_WITH_SPECIFIED_SOURCE('','',#12859
  ,.NOT_KNOWN.);
#12859 = PRODUCT('corpo','corpo','',(#12860));
#12860 = MECHANICAL_CONTEXT('',#2,'mechanical');
#12861 = DESIGN_CONTEXT('',#2,'design');
#12862 = ADVANCED_BREP_SHAPE_REPRESENTATION('',(#11,#12863),#13261);
#12863 = MANIFOLD_SOLID_BREP('',#12864);
#12864 = CLOSED_SHELL('',(#12865,#12937,#13000,#13031,#13085,#13102,
    #13151,#13173,#13185,#13215,#13232,#13249));
#12865 = ADVANCED_FACE('',(#12866),#12932,.T.);
#12866 = FACE_BOUND('',#12867,.T.);
#12867 = EDGE_LOOP('',(#12868,#12878,#12886,#12894,#12902,#12910,#12918,
    #12926));
#12868 = ORIENTED_EDGE('',*,*,#12869,.T.);
#12869 = EDGE_CURVE('',#12870,#12872,#12874,.T.);
#12870 = VERTEX_POINT('',#12871);
#12871 = CARTESIAN_POINT('',(165.48,-175.,0.));
#12872 = VERTEX_POINT('',#12873);
#12873 = CARTESIAN_POINT('',(165.48,-175.,90.));
#12874 = LINE('',#12875,#12876);
#12875 = CARTESIAN_POINT('',(165.48,-175.,0.));
#12876 = VECTOR('',#12877,1.);
#12877 = DIRECTION('',(0.,0.,1.));
#12878 = ORIENTED_EDGE('',*,*,#12879,.T.);
#12879 = EDGE_CURVE('',#12872,#12880,#12882,.T.);
#12880 = VERTEX_POINT('',#12881);
#12881 = CARTESIAN_POINT('',(165.48,-165.48,90.));
#12882 = LINE('',#12883,#12884);
#12883 = CARTESIAN_POINT('',(165.48,-175.,90.));
#12884 = VECTOR('',#12885,1.);
#12885 = DIRECTION('',(0.,1.,-2.2E-16));
#12886 = ORIENTED_EDGE('',*,*,#12887,.T.);
#12887 = EDGE_CURVE('',#12880,#12888,#12890,.T.);
#12888 = VERTEX_POINT('',#12889);
#12889 = CARTESIAN_POINT('',(165.48,-165.48,410.));
#12890 = LINE('',#12891,#12892);
#12891 = CARTESIAN_POINT('',(165.48,-165.48,0.));
#12892 = VECTOR('',#12893,1.);
#12893 = DIRECTION('',(0.,0.,1.));
#12894 = ORIENTED_EDGE('',*,*,#12895,.F.);
#12895 = EDGE_CURVE('',#12896,#12888,#12898,.T.);
#12896 = VERTEX_POINT('',#12897);
#12897 = CARTESIAN_POINT('',(165.48,-175.,410.));
#12898 = LINE('',#12899,#12900);
#12899 = CARTESIAN_POINT('',(165.48,-175.,410.));
#12900 = VECTOR('',#12901,1.);
#12901 = DIRECTION('',(0.,1.,-2.2E-16));
#12902 = ORIENTED_EDGE('',*,*,#12903,.T.);
#12903 = EDGE_CURVE('',#12896,#12904,#12906,.T.);
#12904 = VERTEX_POINT('',#12905);
#12905 = CARTESIAN_POINT('',(165.48,-175.,500.));
#12906 = LINE('',#12907,#12908);
#12907 = CARTESIAN_POINT('',(165.48,-175.,410.));
#12908 = VECTOR('',#12909,1.);
#12909 = DIRECTION('',(0.,0.,1.));
#12910 = ORIENTED_EDGE('',*,*,#12911,.T.);
#12911 = EDGE_CURVE('',#12904,#12912,#12914,.T.);
#12912 = VERTEX_POINT('',#12913);
#12913 = CARTESIAN_POINT('',(165.48,165.48,500.));
#12914 = LINE('',#12915,#12916);
#12915 = CARTESIAN_POINT('',(165.48,-165.48,500.));
#12916 = VECTOR('',#12917,1.);
#12917 = DIRECTION('',(0.,1.,0.));
#12918 = ORIENTED_EDGE('',*,*,#12919,.F.);
#12919 = EDGE_CURVE('',#12920,#12912,#12922,.T.);
#12920 = VERTEX_POINT('',#12921);
#12921 = CARTESIAN_POINT('',(165.48,165.48,-5.E-14));
#12922 = LINE('',#12923,#12924);
#12923 = CARTESIAN_POINT('',(165.48,165.48,0.));
#12924 = VECTOR('',#12925,1.);
#12925 = DIRECTION('',(0.,0.,1.));
#12926 = ORIENTED_EDGE('',*,*,#12927,.F.);
#12927 = EDGE_CURVE('',#12870,#12920,#12928,.T.);
#12928 = LINE('',#12929,#12930);
#12929 = CARTESIAN_POINT('',(165.48,-175.,0.));
#12930 = VECTOR('',#12931,1.);
#12931 = DIRECTION('',(0.,1.,-2.2E-16));
#12932 = PLANE('',#12933);
#12933 = AXIS2_PLACEMENT_3D('',#12934,#12935,#12936);
#12934 = CARTESIAN_POINT('',(165.48,-4.821376,250.));
#12935 = DIRECTION('',(-1.,-0.,-0.));
#12936 = DIRECTION('',(0.,0.,-1.));
#12937 = ADVANCED_FACE('',(#12938),#12995,.F.);
#12938 = FACE_BOUND('',#12939,.F.);
#12939 = EDGE_LOOP('',(#12940,#12941,#12949,#12957,#12965,#12973,#12981,
    #12989));
#12940 = ORIENTED_EDGE('',*,*,#12927,.F.);
#12941 = ORIENTED_EDGE('',*,*,#12942,.T.);
#12942 = EDGE_CURVE('',#12870,#12943,#12945,.T.);
#12943 = VERTEX_POINT('',#12944);
#12944 = CARTESIAN_POINT('',(175.,-175.,0.));
#12945 = LINE('',#12946,#12947);
#12946 = CARTESIAN_POINT('',(2.5,-175.,0.));
#12947 = VECTOR('',#12948,1.);
#12948 = DIRECTION('',(1.,0.,0.));
#12949 = ORIENTED_EDGE('',*,*,#12950,.T.);
#12950 = EDGE_CURVE('',#12943,#12951,#12953,.T.);
#12951 = VERTEX_POINT('',#12952);
#12952 = CARTESIAN_POINT('',(175.,175.,0.));
#12953 = LINE('',#12954,#12955);
#12954 = CARTESIAN_POINT('',(175.,-175.,0.));
#12955 = VECTOR('',#12956,1.);
#12956 = DIRECTION('',(0.,1.,0.));
#12957 = ORIENTED_EDGE('',*,*,#12958,.T.);
#12958 = EDGE_CURVE('',#12951,#12959,#12961,.T.);
#12959 = VERTEX_POINT('',#12960);
#12960 = CARTESIAN_POINT('',(-175.,175.,0.));
#12961 = LINE('',#12962,#12963);
#12962 = CARTESIAN_POINT('',(175.,175.,0.));
#12963 = VECTOR('',#12964,1.);
#12964 = DIRECTION('',(-1.,0.,0.));
#12965 = ORIENTED_EDGE('',*,*,#12966,.T.);
#12966 = EDGE_CURVE('',#12959,#12967,#12969,.T.);
#12967 = VERTEX_POINT('',#12968);
#12968 = CARTESIAN_POINT('',(-175.,-175.,0.));
#12969 = LINE('',#12970,#12971);
#12970 = CARTESIAN_POINT('',(-175.,175.,0.));
#12971 = VECTOR('',#12972,1.);
#12972 = DIRECTION('',(0.,-1.,0.));
#12973 = ORIENTED_EDGE('',*,*,#12974,.T.);
#12974 = EDGE_CURVE('',#12967,#12975,#12977,.T.);
#12975 = VERTEX_POINT('',#12976);
#12976 = CARTESIAN_POINT('',(-165.48,-175.,0.));
#12977 = LINE('',#12978,#12979);
#12978 = CARTESIAN_POINT('',(-175.,-175.,0.));
#12979 = VECTOR('',#12980,1.);
#12980 = DIRECTION('',(1.,0.,0.));
#12981 = ORIENTED_EDGE('',*,*,#12982,.F.);
#12982 = EDGE_CURVE('',#12983,#12975,#12985,.T.);
#12983 = VERTEX_POINT('',#12984);
#12984 = CARTESIAN_POINT('',(-165.48,165.48,-5.E-14));
#12985 = LINE('',#12986,#12987);
#12986 = CARTESIAN_POINT('',(-165.48,165.48,0.));
#12987 = VECTOR('',#12988,1.);
#12988 = DIRECTION('',(0.,-1.,0.));
#12989 = ORIENTED_EDGE('',*,*,#12990,.F.);
#12990 = EDGE_CURVE('',#12920,#12983,#12991,.T.);
#12991 = LINE('',#12992,#12993);
#12992 = CARTESIAN_POINT('',(165.48,165.48,0.));
#12993 = VECTOR('',#12994,1.);
#12994 = DIRECTION('',(-1.,0.,0.));
#12995 = PLANE('',#12996);
#12996 = AXIS2_PLACEMENT_3D('',#12997,#12998,#12999);
#12997 = CARTESIAN_POINT('',(9.4E-16,-0.563131055882,0.));
#12998 = DIRECTION('',(0.,0.,1.));
#12999 = DIRECTION('',(1.,0.,0.));
#13000 = ADVANCED_FACE('',(#13001),#13026,.F.);
#13001 = FACE_BOUND('',#13002,.F.);
#13002 = EDGE_LOOP('',(#13003,#13011,#13019,#13025));
#13003 = ORIENTED_EDGE('',*,*,#13004,.T.);
#13004 = EDGE_CURVE('',#12943,#13005,#13007,.T.);
#13005 = VERTEX_POINT('',#13006);
#13006 = CARTESIAN_POINT('',(175.,-175.,500.));
#13007 = LINE('',#13008,#13009);
#13008 = CARTESIAN_POINT('',(175.,-175.,0.));
#13009 = VECTOR('',#13010,1.);
#13010 = DIRECTION('',(0.,0.,1.));
#13011 = ORIENTED_EDGE('',*,*,#13012,.T.);
#13012 = EDGE_CURVE('',#13005,#13013,#13015,.T.);
#13013 = VERTEX_POINT('',#13014);
#13014 = CARTESIAN_POINT('',(175.,175.,500.));
#13015 = LINE('',#13016,#13017);
#13016 = CARTESIAN_POINT('',(175.,-175.,500.));
#13017 = VECTOR('',#13018,1.);
#13018 = DIRECTION('',(0.,1.,0.));
#13019 = ORIENTED_EDGE('',*,*,#13020,.F.);
#13020 = EDGE_CURVE('',#12951,#13013,#13021,.T.);
#13021 = LINE('',#13022,#13023);
#13022 = CARTESIAN_POINT('',(175.,175.,0.));
#13023 = VECTOR('',#13024,1.);
#13024 = DIRECTION('',(0.,0.,1.));
#13025 = ORIENTED_EDGE('',*,*,#12950,.F.);
#13026 = PLANE('',#13027);
#13027 = AXIS2_PLACEMENT_3D('',#13028,#13029,#13030);
#13028 = CARTESIAN_POINT('',(175.,-175.,0.));
#13029 = DIRECTION('',(-1.,0.,0.));
#13030 = DIRECTION('',(0.,1.,0.));
#13031 = ADVANCED_FACE('',(#13032),#13080,.T.);
#13032 = FACE_BOUND('',#13033,.T.);
#13033 = EDGE_LOOP('',(#13034,#13035,#13041,#13042,#13050,#13058,#13066,
    #13074));
#13034 = ORIENTED_EDGE('',*,*,#12911,.F.);
#13035 = ORIENTED_EDGE('',*,*,#13036,.T.);
#13036 = EDGE_CURVE('',#12904,#13005,#13037,.T.);
#13037 = LINE('',#13038,#13039);
#13038 = CARTESIAN_POINT('',(2.5,-175.,500.));
#13039 = VECTOR('',#13040,1.);
#13040 = DIRECTION('',(1.,0.,0.));
#13041 = ORIENTED_EDGE('',*,*,#13012,.T.);
#13042 = ORIENTED_EDGE('',*,*,#13043,.T.);
#13043 = EDGE_CURVE('',#13013,#13044,#13046,.T.);
#13044 = VERTEX_POINT('',#13045);
#13045 = CARTESIAN_POINT('',(-175.,175.,500.));
#13046 = LINE('',#13047,#13048);
#13047 = CARTESIAN_POINT('',(175.,175.,500.));
#13048 = VECTOR('',#13049,1.);
#13049 = DIRECTION('',(-1.,0.,0.));
#13050 = ORIENTED_EDGE('',*,*,#13051,.T.);
#13051 = EDGE_CURVE('',#13044,#13052,#13054,.T.);
#13052 = VERTEX_POINT('',#13053);
#13053 = CARTESIAN_POINT('',(-175.,-175.,500.));
#13054 = LINE('',#13055,#13056);
#13055 = CARTESIAN_POINT('',(-175.,175.,500.));
#13056 = VECTOR('',#13057,1.);
#13057 = DIRECTION('',(0.,-1.,0.));
#13058 = ORIENTED_EDGE('',*,*,#13059,.T.);
#13059 = EDGE_CURVE('',#13052,#13060,#13062,.T.);
#13060 = VERTEX_POINT('',#13061);
#13061 = CARTESIAN_POINT('',(-165.48,-175.,500.));
#13062 = LINE('',#13063,#13064);
#13063 = CARTESIAN_POINT('',(-175.,-175.,500.));
#13064 = VECTOR('',#13065,1.);
#13065 = DIRECTION('',(1.,0.,0.));
#13066 = ORIENTED_EDGE('',*,*,#13067,.T.);
#13067 = EDGE_CURVE('',#13060,#13068,#13070,.T.);
#13068 = VERTEX_POINT('',#13069);
#13069 = CARTESIAN_POINT('',(-165.48,165.48,500.));
#13070 = LINE('',#13071,#13072);
#13071 = CARTESIAN_POINT('',(-165.48,-175.,500.));
#13072 = VECTOR('',#13073,1.);
#13073 = DIRECTION('',(0.,1.,-2.2E-16));
#13074 = ORIENTED_EDGE('',*,*,#13075,.F.);
#13075 = EDGE_CURVE('',#12912,#13068,#13076,.T.);
#13076 = LINE('',#13077,#13078);
#13077 = CARTESIAN_POINT('',(165.48,165.48,500.));
#13078 = VECTOR('',#13079,1.);
#13079 = DIRECTION('',(-1.,0.,0.));
#13080 = PLANE('',#13081);
#13081 = AXIS2_PLACEMENT_3D('',#13082,#13083,#13084);
#13082 = CARTESIAN_POINT('',(9.4E-16,-0.563131055882,500.));
#13083 = DIRECTION('',(0.,0.,1.));
#13084 = DIRECTION('',(1.,0.,0.));
#13085 = ADVANCED_FACE('',(#13086),#13097,.T.);
#13086 = FACE_BOUND('',#13087,.T.);
#13087 = EDGE_LOOP('',(#13088,#13089,#13090,#13091));
#13088 = ORIENTED_EDGE('',*,*,#12990,.F.);
#13089 = ORIENTED_EDGE('',*,*,#12919,.T.);
#13090 = ORIENTED_EDGE('',*,*,#13075,.T.);
#13091 = ORIENTED_EDGE('',*,*,#13092,.F.);
#13092 = EDGE_CURVE('',#12983,#13068,#13093,.T.);
#13093 = LINE('',#13094,#13095);
#13094 = CARTESIAN_POINT('',(-165.48,165.48,0.));
#13095 = VECTOR('',#13096,1.);
#13096 = DIRECTION('',(0.,0.,1.));
#13097 = PLANE('',#13098);
#13098 = AXIS2_PLACEMENT_3D('',#13099,#13100,#13101);
#13099 = CARTESIAN_POINT('',(-1.09E-15,165.48,250.));
#13100 = DIRECTION('',(-0.,-1.,-0.));
#13101 = DIRECTION('',(0.,0.,-1.));
#13102 = ADVANCED_FACE('',(#13103),#13146,.T.);
#13103 = FACE_BOUND('',#13104,.T.);
#13104 = EDGE_LOOP('',(#13105,#13106,#13107,#13108,#13116,#13124,#13132,
    #13140));
#13105 = ORIENTED_EDGE('',*,*,#12982,.F.);
#13106 = ORIENTED_EDGE('',*,*,#13092,.T.);
#13107 = ORIENTED_EDGE('',*,*,#13067,.F.);
#13108 = ORIENTED_EDGE('',*,*,#13109,.T.);
#13109 = EDGE_CURVE('',#13060,#13110,#13112,.T.);
#13110 = VERTEX_POINT('',#13111);
#13111 = CARTESIAN_POINT('',(-165.48,-175.,410.));
#13112 = LINE('',#13113,#13114);
#13113 = CARTESIAN_POINT('',(-165.48,-175.,500.));
#13114 = VECTOR('',#13115,1.);
#13115 = DIRECTION('',(0.,0.,-1.));
#13116 = ORIENTED_EDGE('',*,*,#13117,.T.);
#13117 = EDGE_CURVE('',#13110,#13118,#13120,.T.);
#13118 = VERTEX_POINT('',#13119);
#13119 = CARTESIAN_POINT('',(-165.48,-165.48,410.));
#13120 = LINE('',#13121,#13122);
#13121 = CARTESIAN_POINT('',(-165.48,-175.,410.));
#13122 = VECTOR('',#13123,1.);
#13123 = DIRECTION('',(0.,1.,-2.2E-16));
#13124 = ORIENTED_EDGE('',*,*,#13125,.F.);
#13125 = EDGE_CURVE('',#13126,#13118,#13128,.T.);
#13126 = VERTEX_POINT('',#13127);
#13127 = CARTESIAN_POINT('',(-165.48,-165.48,90.));
#13128 = LINE('',#13129,#13130);
#13129 = CARTESIAN_POINT('',(-165.48,-165.48,0.));
#13130 = VECTOR('',#13131,1.);
#13131 = DIRECTION('',(0.,0.,1.));
#13132 = ORIENTED_EDGE('',*,*,#13133,.F.);
#13133 = EDGE_CURVE('',#13134,#13126,#13136,.T.);
#13134 = VERTEX_POINT('',#13135);
#13135 = CARTESIAN_POINT('',(-165.48,-175.,90.));
#13136 = LINE('',#13137,#13138);
#13137 = CARTESIAN_POINT('',(-165.48,-175.,90.));
#13138 = VECTOR('',#13139,1.);
#13139 = DIRECTION('',(0.,1.,-2.2E-16));
#13140 = ORIENTED_EDGE('',*,*,#13141,.T.);
#13141 = EDGE_CURVE('',#13134,#12975,#13142,.T.);
#13142 = LINE('',#13143,#13144);
#13143 = CARTESIAN_POINT('',(-165.48,-175.,90.));
#13144 = VECTOR('',#13145,1.);
#13145 = DIRECTION('',(0.,0.,-1.));
#13146 = PLANE('',#13147);
#13147 = AXIS2_PLACEMENT_3D('',#13148,#13149,#13150);
#13148 = CARTESIAN_POINT('',(-165.48,-4.821376,250.));
#13149 = DIRECTION('',(1.,0.,0.));
#13150 = DIRECTION('',(0.,0.,1.));
#13151 = ADVANCED_FACE('',(#13152),#13168,.F.);
#13152 = FACE_BOUND('',#13153,.F.);
#13153 = EDGE_LOOP('',(#13154,#13160,#13161,#13167));
#13154 = ORIENTED_EDGE('',*,*,#13155,.T.);
#13155 = EDGE_CURVE('',#12959,#13044,#13156,.T.);
#13156 = LINE('',#13157,#13158);
#13157 = CARTESIAN_POINT('',(-175.,175.,0.));
#13158 = VECTOR('',#13159,1.);
#13159 = DIRECTION('',(0.,0.,1.));
#13160 = ORIENTED_EDGE('',*,*,#13051,.T.);
#13161 = ORIENTED_EDGE('',*,*,#13162,.F.);
#13162 = EDGE_CURVE('',#12967,#13052,#13163,.T.);
#13163 = LINE('',#13164,#13165);
#13164 = CARTESIAN_POINT('',(-175.,-175.,0.));
#13165 = VECTOR('',#13166,1.);
#13166 = DIRECTION('',(0.,0.,1.));
#13167 = ORIENTED_EDGE('',*,*,#12966,.F.);
#13168 = PLANE('',#13169);
#13169 = AXIS2_PLACEMENT_3D('',#13170,#13171,#13172);
#13170 = CARTESIAN_POINT('',(-175.,175.,0.));
#13171 = DIRECTION('',(1.,0.,0.));
#13172 = DIRECTION('',(0.,-1.,0.));
#13173 = ADVANCED_FACE('',(#13174),#13180,.F.);
#13174 = FACE_BOUND('',#13175,.F.);
#13175 = EDGE_LOOP('',(#13176,#13177,#13178,#13179));
#13176 = ORIENTED_EDGE('',*,*,#13020,.T.);
#13177 = ORIENTED_EDGE('',*,*,#13043,.T.);
#13178 = ORIENTED_EDGE('',*,*,#13155,.F.);
#13179 = ORIENTED_EDGE('',*,*,#12958,.F.);
#13180 = PLANE('',#13181);
#13181 = AXIS2_PLACEMENT_3D('',#13182,#13183,#13184);
#13182 = CARTESIAN_POINT('',(175.,175.,0.));
#13183 = DIRECTION('',(0.,-1.,0.));
#13184 = DIRECTION('',(-1.,0.,0.));
#13185 = ADVANCED_FACE('',(#13186),#13210,.T.);
#13186 = FACE_BOUND('',#13187,.T.);
#13187 = EDGE_LOOP('',(#13188,#13189,#13190,#13191,#13192,#13193,#13199,
    #13200,#13201,#13202,#13203,#13204));
#13188 = ORIENTED_EDGE('',*,*,#12869,.F.);
#13189 = ORIENTED_EDGE('',*,*,#12942,.T.);
#13190 = ORIENTED_EDGE('',*,*,#13004,.T.);
#13191 = ORIENTED_EDGE('',*,*,#13036,.F.);
#13192 = ORIENTED_EDGE('',*,*,#12903,.F.);
#13193 = ORIENTED_EDGE('',*,*,#13194,.F.);
#13194 = EDGE_CURVE('',#13110,#12896,#13195,.T.);
#13195 = LINE('',#13196,#13197);
#13196 = CARTESIAN_POINT('',(-165.48,-175.,410.));
#13197 = VECTOR('',#13198,1.);
#13198 = DIRECTION('',(1.,0.,0.));
#13199 = ORIENTED_EDGE('',*,*,#13109,.F.);
#13200 = ORIENTED_EDGE('',*,*,#13059,.F.);
#13201 = ORIENTED_EDGE('',*,*,#13162,.F.);
#13202 = ORIENTED_EDGE('',*,*,#12974,.T.);
#13203 = ORIENTED_EDGE('',*,*,#13141,.F.);
#13204 = ORIENTED_EDGE('',*,*,#13205,.F.);
#13205 = EDGE_CURVE('',#12872,#13134,#13206,.T.);
#13206 = LINE('',#13207,#13208);
#13207 = CARTESIAN_POINT('',(165.48,-175.,90.));
#13208 = VECTOR('',#13209,1.);
#13209 = DIRECTION('',(-1.,0.,0.));
#13210 = PLANE('',#13211);
#13211 = AXIS2_PLACEMENT_3D('',#13212,#13213,#13214);
#13212 = CARTESIAN_POINT('',(1.766E-14,-175.,250.));
#13213 = DIRECTION('',(-0.,-1.,-0.));
#13214 = DIRECTION('',(0.,0.,-1.));
#13215 = ADVANCED_FACE('',(#13216),#13227,.T.);
#13216 = FACE_BOUND('',#13217,.T.);
#13217 = EDGE_LOOP('',(#13218,#13219,#13220,#13226));
#13218 = ORIENTED_EDGE('',*,*,#13205,.T.);
#13219 = ORIENTED_EDGE('',*,*,#13133,.T.);
#13220 = ORIENTED_EDGE('',*,*,#13221,.T.);
#13221 = EDGE_CURVE('',#13126,#12880,#13222,.T.);
#13222 = LINE('',#13223,#13224);
#13223 = CARTESIAN_POINT('',(1.421E-14,-165.48,90.));
#13224 = VECTOR('',#13225,1.);
#13225 = DIRECTION('',(1.,0.,0.));
#13226 = ORIENTED_EDGE('',*,*,#12879,.F.);
#13227 = PLANE('',#13228);
#13228 = AXIS2_PLACEMENT_3D('',#13229,#13230,#13231);
#13229 = CARTESIAN_POINT('',(-6.68E-15,-170.24,90.));
#13230 = DIRECTION('',(-0.,-0.,-1.));
#13231 = DIRECTION('',(-1.,0.,0.));
#13232 = ADVANCED_FACE('',(#13233),#13244,.T.);
#13233 = FACE_BOUND('',#13234,.T.);
#13234 = EDGE_LOOP('',(#13235,#13236,#13237,#13243));
#13235 = ORIENTED_EDGE('',*,*,#13194,.T.);
#13236 = ORIENTED_EDGE('',*,*,#12895,.T.);
#13237 = ORIENTED_EDGE('',*,*,#13238,.T.);
#13238 = EDGE_CURVE('',#12888,#13118,#13239,.T.);
#13239 = LINE('',#13240,#13241);
#13240 = CARTESIAN_POINT('',(-81.49,-165.48,410.));
#13241 = VECTOR('',#13242,1.);
#13242 = DIRECTION('',(-1.,0.,0.));
#13243 = ORIENTED_EDGE('',*,*,#13117,.F.);
#13244 = PLANE('',#13245);
#13245 = AXIS2_PLACEMENT_3D('',#13246,#13247,#13248);
#13246 = CARTESIAN_POINT('',(5.685E-14,-170.24,410.));
#13247 = DIRECTION('',(0.,0.,1.));
#13248 = DIRECTION('',(1.,0.,-0.));
#13249 = ADVANCED_FACE('',(#13250),#13256,.T.);
#13250 = FACE_BOUND('',#13251,.T.);
#13251 = EDGE_LOOP('',(#13252,#13253,#13254,#13255));
#13252 = ORIENTED_EDGE('',*,*,#13221,.F.);
#13253 = ORIENTED_EDGE('',*,*,#13125,.T.);
#13254 = ORIENTED_EDGE('',*,*,#13238,.F.);
#13255 = ORIENTED_EDGE('',*,*,#12887,.F.);
#13256 = PLANE('',#13257);
#13257 = AXIS2_PLACEMENT_3D('',#13258,#13259,#13260);
#13258 = CARTESIAN_POINT('',(0.,-165.48,250.));
#13259 = DIRECTION('',(0.,1.,0.));
#13260 = DIRECTION('',(0.,-0.,1.));
#13261 = ( GEOMETRIC_REPRESENTATION_CONTEXT(3) 
GLOBAL_UNCERTAINTY_ASSIGNED_CONTEXT((#13265)) 
GLOBAL_UNIT_ASSIGNED_CONTEXT((#13262,#13263,#13264)) 
REPRESENTATION_CONTEXT('Context #1',
  '3D Context with UNIT and UNCERTAINTY') );
#13262 = ( LENGTH_UNIT() NAMED_UNIT(*) SI_UNIT(.MILLI.,.METRE.) );
#13263 = ( NAMED_UNIT(*) PLANE_ANGLE_UNIT() SI_UNIT($,.RADIAN.) );
#13264 = ( NAMED_UNIT(*) SI_UNIT($,.STERADIAN.) SOLID_ANGLE_UNIT() );
#13265 = UNCERTAINTY_MEASURE_WITH_UNIT(LENGTH_MEASURE(2.E-04),#13262,
  'distance_accuracy_value','confusion accuracy');
#13266 = CONTEXT_DEPENDENT_SHAPE_REPRESENTATION(#13267,#13269);
#13267 = ( REPRESENTATION_RELATIONSHIP('','',#12862,#12799) 
REPRESENTATION_RELATIONSHIP_WITH_TRANSFORMATION(#13268) 
SHAPE_REPRESENTATION_RELATIONSHIP() );
#13268 = ITEM_DEFINED_TRANSFORMATION('','',#11,#12800);
#13269 = PRODUCT_DEFINITION_SHAPE('Placement','Placement of an item',
  #13270);
#13270 = NEXT_ASSEMBLY_USAGE_OCCURRENCE('24','corpo','',#12794,#12857,$
  );
#13271 = CC_DESIGN_SECURITY_CLASSIFICATION(#13272,(#13270));
#13272 = SECURITY_CLASSIFICATION('','',#55);
#13273 = CC_DESIGN_PERSON_AND_ORGANIZATION_ASSIGNMENT(#44,#53,(#13272));
#13274 = CC_DESIGN_DATE_AND_TIME_ASSIGNMENT(#58,#64,(#13272));
#13275 = CC_DESIGN_APPROVAL(#66,(#13272));
#13276 = PRODUCT_RELATED_PRODUCT_CATEGORY('detail',$,(#12859));
#13277 = PRODUCT_CATEGORY_RELATIONSHIP('','',#13278,#13276);
#13278 = PRODUCT_CATEGORY('part',$);
#13279 = CC_DESIGN_PERSON_AND_ORGANIZATION_ASSIGNMENT(#44,#47,(#12858,
    #12857));
#13280 = CC_DESIGN_PERSON_AND_ORGANIZATION_ASSIGNMENT(#44,#49,(#12859));
#13281 = CC_DESIGN_PERSON_AND_ORGANIZATION_ASSIGNMENT(#44,#51,(#12858));
#13282 = CC_DESIGN_PERSON_AND_ORGANIZATION_ASSIGNMENT(#44,#53,(#13283));
#13283 = SECURITY_CLASSIFICATION('','',#55);
#13284 = CC_DESIGN_SECURITY_CLASSIFICATION(#13283,(#12858));
#13285 = CC_DESIGN_DATE_AND_TIME_ASSIGNMENT(#58,#62,(#12857));
#13286 = CC_DESIGN_DATE_AND_TIME_ASSIGNMENT(#58,#64,(#13283));
#13287 = CC_DESIGN_APPROVAL(#66,(#12858,#12857,#13283));
#13288 = SHAPE_DEFINITION_REPRESENTATION(#13289,#13295);
#13289 = PRODUCT_DEFINITION_SHAPE('','',#13290);
#13290 = PRODUCT_DEFINITION('design','',#13291,#13294);
#13291 = PRODUCT_DEFINITION_FORMATION_WITH_SPECIFIED_SOURCE('','',#13292
  ,.NOT_KNOWN.);
#13292 = PRODUCT('caixa_parafusos_inferior','caixa_parafusos_inferior',
  '',(#13293));
#13293 = MECHANICAL_CONTEXT('',#2,'mechanical');
#13294 = DESIGN_CONTEXT('',#2,'design');
#13295 = ADVANCED_BREP_SHAPE_REPRESENTATION('',(#11,#13296),#13644);
#13296 = MANIFOLD_SOLID_BREP('',#13297);
#13297 = CLOSED_SHELL('',(#13298,#13338,#13385,#13409,#13449,#13480,
    #13504,#13535,#13559,#13583,#13607,#13628));
#13298 = ADVANCED_FACE('',(#13299),#13333,.T.);
#13299 = FACE_BOUND('',#13300,.T.);
#13300 = EDGE_LOOP('',(#13301,#13311,#13319,#13327));
#13301 = ORIENTED_EDGE('',*,*,#13302,.F.);
#13302 = EDGE_CURVE('',#13303,#13305,#13307,.T.);
#13303 = VERTEX_POINT('',#13304);
#13304 = CARTESIAN_POINT('',(-165.48,-175.,90.));
#13305 = VERTEX_POINT('',#13306);
#13306 = CARTESIAN_POINT('',(-165.48,-102.3,90.));
#13307 = LINE('',#13308,#13309);
#13308 = CARTESIAN_POINT('',(-165.48,-175.,90.));
#13309 = VECTOR('',#13310,1.);
#13310 = DIRECTION('',(0.,1.,0.));
#13311 = ORIENTED_EDGE('',*,*,#13312,.T.);
#13312 = EDGE_CURVE('',#13303,#13313,#13315,.T.);
#13313 = VERTEX_POINT('',#13314);
#13314 = CARTESIAN_POINT('',(165.48,-175.,90.));
#13315 = LINE('',#13316,#13317);
#13316 = CARTESIAN_POINT('',(-165.48,-175.,90.));
#13317 = VECTOR('',#13318,1.);
#13318 = DIRECTION('',(1.,0.,0.));
#13319 = ORIENTED_EDGE('',*,*,#13320,.F.);
#13320 = EDGE_CURVE('',#13321,#13313,#13323,.T.);
#13321 = VERTEX_POINT('',#13322);
#13322 = CARTESIAN_POINT('',(165.48,-102.3,90.));
#13323 = LINE('',#13324,#13325);
#13324 = CARTESIAN_POINT('',(165.48,-89.910688,90.));
#13325 = VECTOR('',#13326,1.);
#13326 = DIRECTION('',(0.,-1.,0.));
#13327 = ORIENTED_EDGE('',*,*,#13328,.F.);
#13328 = EDGE_CURVE('',#13305,#13321,#13329,.T.);
#13329 = LINE('',#13330,#13331);
#13330 = CARTESIAN_POINT('',(-165.48,-102.3,90.));
#13331 = VECTOR('',#13332,1.);
#13332 = DIRECTION('',(1.,0.,0.));
#13333 = PLANE('',#13334);
#13334 = AXIS2_PLACEMENT_3D('',#13335,#13336,#13337);
#13335 = CARTESIAN_POINT('',(-165.48,-175.,90.));
#13336 = DIRECTION('',(0.,0.,1.));
#13337 = DIRECTION('',(0.,1.,0.));
#13338 = ADVANCED_FACE('',(#13339),#13380,.F.);
#13339 = FACE_BOUND('',#13340,.T.);
#13340 = EDGE_LOOP('',(#13341,#13342,#13350,#13358,#13366,#13374));
#13341 = ORIENTED_EDGE('',*,*,#13302,.T.);
#13342 = ORIENTED_EDGE('',*,*,#13343,.T.);
#13343 = EDGE_CURVE('',#13305,#13344,#13346,.T.);
#13344 = VERTEX_POINT('',#13345);
#13345 = CARTESIAN_POINT('',(-165.48,-102.3,0.));
#13346 = LINE('',#13347,#13348);
#13347 = CARTESIAN_POINT('',(-165.48,-102.3,90.));
#13348 = VECTOR('',#13349,1.);
#13349 = DIRECTION('',(0.,0.,-1.));
#13350 = ORIENTED_EDGE('',*,*,#13351,.T.);
#13351 = EDGE_CURVE('',#13344,#13352,#13354,.T.);
#13352 = VERTEX_POINT('',#13353);
#13353 = CARTESIAN_POINT('',(-165.48,-115.,0.));
#13354 = LINE('',#13355,#13356);
#13355 = CARTESIAN_POINT('',(-165.48,-102.3,0.));
#13356 = VECTOR('',#13357,1.);
#13357 = DIRECTION('',(0.,-1.,0.));
#13358 = ORIENTED_EDGE('',*,*,#13359,.T.);
#13359 = EDGE_CURVE('',#13352,#13360,#13362,.T.);
#13360 = VERTEX_POINT('',#13361);
#13361 = CARTESIAN_POINT('',(-165.48,-115.,77.3));
#13362 = LINE('',#13363,#13364);
#13363 = CARTESIAN_POINT('',(-165.48,-115.,0.));
#13364 = VECTOR('',#13365,1.);
#13365 = DIRECTION('',(0.,0.,1.));
#13366 = ORIENTED_EDGE('',*,*,#13367,.T.);
#13367 = EDGE_CURVE('',#13360,#13368,#13370,.T.);
#13368 = VERTEX_POINT('',#13369);
#13369 = CARTESIAN_POINT('',(-165.48,-175.,77.3));
#13370 = LINE('',#13371,#13372);
#13371 = CARTESIAN_POINT('',(-165.48,-115.,77.3));
#13372 = VECTOR('',#13373,1.);
#13373 = DIRECTION('',(0.,-1.,0.));
#13374 = ORIENTED_EDGE('',*,*,#13375,.T.);
#13375 = EDGE_CURVE('',#13368,#13303,#13376,.T.);
#13376 = LINE('',#13377,#13378);
#13377 = CARTESIAN_POINT('',(-165.48,-175.,77.3));
#13378 = VECTOR('',#13379,1.);
#13379 = DIRECTION('',(0.,2.24E-15,1.));
#13380 = PLANE('',#13381);
#13381 = AXIS2_PLACEMENT_3D('',#13382,#13383,#13384);
#13382 = CARTESIAN_POINT('',(-165.48,-124.3967732022,59.253226797787));
#13383 = DIRECTION('',(1.,0.,0.));
#13384 = DIRECTION('',(0.,0.,1.));
#13385 = ADVANCED_FACE('',(#13386),#13404,.T.);
#13386 = FACE_BOUND('',#13387,.T.);
#13387 = EDGE_LOOP('',(#13388,#13389,#13390,#13398));
#13388 = ORIENTED_EDGE('',*,*,#13343,.F.);
#13389 = ORIENTED_EDGE('',*,*,#13328,.T.);
#13390 = ORIENTED_EDGE('',*,*,#13391,.F.);
#13391 = EDGE_CURVE('',#13392,#13321,#13394,.T.);
#13392 = VERTEX_POINT('',#13393);
#13393 = CARTESIAN_POINT('',(165.48,-102.3,0.));
#13394 = LINE('',#13395,#13396);
#13395 = CARTESIAN_POINT('',(165.48,-102.3,170.));
#13396 = VECTOR('',#13397,1.);
#13397 = DIRECTION('',(0.,0.,1.));
#13398 = ORIENTED_EDGE('',*,*,#13399,.F.);
#13399 = EDGE_CURVE('',#13344,#13392,#13400,.T.);
#13400 = LINE('',#13401,#13402);
#13401 = CARTESIAN_POINT('',(-165.48,-102.3,0.));
#13402 = VECTOR('',#13403,1.);
#13403 = DIRECTION('',(1.,0.,0.));
#13404 = PLANE('',#13405);
#13405 = AXIS2_PLACEMENT_3D('',#13406,#13407,#13408);
#13406 = CARTESIAN_POINT('',(-165.48,-102.3,90.));
#13407 = DIRECTION('',(0.,1.,0.));
#13408 = DIRECTION('',(0.,0.,-1.));
#13409 = ADVANCED_FACE('',(#13410),#13444,.F.);
#13410 = FACE_BOUND('',#13411,.F.);
#13411 = EDGE_LOOP('',(#13412,#13413,#13414,#13422,#13430,#13438));
#13412 = ORIENTED_EDGE('',*,*,#13320,.F.);
#13413 = ORIENTED_EDGE('',*,*,#13391,.F.);
#13414 = ORIENTED_EDGE('',*,*,#13415,.F.);
#13415 = EDGE_CURVE('',#13416,#13392,#13418,.T.);
#13416 = VERTEX_POINT('',#13417);
#13417 = CARTESIAN_POINT('',(165.48,-115.,0.));
#13418 = LINE('',#13419,#13420);
#13419 = CARTESIAN_POINT('',(165.48,-53.560688,0.));
#13420 = VECTOR('',#13421,1.);
#13421 = DIRECTION('',(0.,1.,0.));
#13422 = ORIENTED_EDGE('',*,*,#13423,.F.);
#13423 = EDGE_CURVE('',#13424,#13416,#13426,.T.);
#13424 = VERTEX_POINT('',#13425);
#13425 = CARTESIAN_POINT('',(165.48,-115.,77.3));
#13426 = LINE('',#13427,#13428);
#13427 = CARTESIAN_POINT('',(165.48,-115.,125.));
#13428 = VECTOR('',#13429,1.);
#13429 = DIRECTION('',(0.,0.,-1.));
#13430 = ORIENTED_EDGE('',*,*,#13431,.F.);
#13431 = EDGE_CURVE('',#13432,#13424,#13434,.T.);
#13432 = VERTEX_POINT('',#13433);
#13433 = CARTESIAN_POINT('',(165.48,-175.,77.3));
#13434 = LINE('',#13435,#13436);
#13435 = CARTESIAN_POINT('',(165.48,-59.910688,77.3));
#13436 = VECTOR('',#13437,1.);
#13437 = DIRECTION('',(0.,1.,0.));
#13438 = ORIENTED_EDGE('',*,*,#13439,.F.);
#13439 = EDGE_CURVE('',#13313,#13432,#13440,.T.);
#13440 = LINE('',#13441,#13442);
#13441 = CARTESIAN_POINT('',(165.48,-175.,163.65));
#13442 = VECTOR('',#13443,1.);
#13443 = DIRECTION('',(0.,-2.24E-15,-1.));
#13444 = PLANE('',#13445);
#13445 = AXIS2_PLACEMENT_3D('',#13446,#13447,#13448);
#13446 = CARTESIAN_POINT('',(165.48,-4.821376,250.));
#13447 = DIRECTION('',(-1.,-0.,-0.));
#13448 = DIRECTION('',(0.,0.,-1.));
#13449 = ADVANCED_FACE('',(#13450),#13475,.T.);
#13450 = FACE_BOUND('',#13451,.T.);
#13451 = EDGE_LOOP('',(#13452,#13453,#13461,#13469));
#13452 = ORIENTED_EDGE('',*,*,#13359,.F.);
#13453 = ORIENTED_EDGE('',*,*,#13454,.T.);
#13454 = EDGE_CURVE('',#13352,#13455,#13457,.T.);
#13455 = VERTEX_POINT('',#13456);
#13456 = CARTESIAN_POINT('',(-6.35,-115.,0.));
#13457 = LINE('',#13458,#13459);
#13458 = CARTESIAN_POINT('',(-165.48,-115.,0.));
#13459 = VECTOR('',#13460,1.);
#13460 = DIRECTION('',(1.,0.,0.));
#13461 = ORIENTED_EDGE('',*,*,#13462,.F.);
#13462 = EDGE_CURVE('',#13463,#13455,#13465,.T.);
#13463 = VERTEX_POINT('',#13464);
#13464 = CARTESIAN_POINT('',(-6.35,-115.,77.3));
#13465 = LINE('',#13466,#13467);
#13466 = CARTESIAN_POINT('',(-6.35,-115.,77.3));
#13467 = VECTOR('',#13468,1.);
#13468 = DIRECTION('',(0.,0.,-1.));
#13469 = ORIENTED_EDGE('',*,*,#13470,.F.);
#13470 = EDGE_CURVE('',#13360,#13463,#13471,.T.);
#13471 = LINE('',#13472,#13473);
#13472 = CARTESIAN_POINT('',(-165.48,-115.,77.3));
#13473 = VECTOR('',#13474,1.);
#13474 = DIRECTION('',(1.,0.,0.));
#13475 = PLANE('',#13476);
#13476 = AXIS2_PLACEMENT_3D('',#13477,#13478,#13479);
#13477 = CARTESIAN_POINT('',(-165.48,-115.,0.));
#13478 = DIRECTION('',(0.,-1.,0.));
#13479 = DIRECTION('',(0.,0.,1.));
#13480 = ADVANCED_FACE('',(#13481),#13499,.T.);
#13481 = FACE_BOUND('',#13482,.T.);
#13482 = EDGE_LOOP('',(#13483,#13484,#13485,#13493));
#13483 = ORIENTED_EDGE('',*,*,#13367,.F.);
#13484 = ORIENTED_EDGE('',*,*,#13470,.T.);
#13485 = ORIENTED_EDGE('',*,*,#13486,.T.);
#13486 = EDGE_CURVE('',#13463,#13487,#13489,.T.);
#13487 = VERTEX_POINT('',#13488);
#13488 = CARTESIAN_POINT('',(-6.35,-175.,77.3));
#13489 = LINE('',#13490,#13491);
#13490 = CARTESIAN_POINT('',(-6.35,-115.,77.3));
#13491 = VECTOR('',#13492,1.);
#13492 = DIRECTION('',(0.,-1.,2.2E-16));
#13493 = ORIENTED_EDGE('',*,*,#13494,.F.);
#13494 = EDGE_CURVE('',#13368,#13487,#13495,.T.);
#13495 = LINE('',#13496,#13497);
#13496 = CARTESIAN_POINT('',(-165.48,-175.,77.3));
#13497 = VECTOR('',#13498,1.);
#13498 = DIRECTION('',(1.,0.,0.));
#13499 = PLANE('',#13500);
#13500 = AXIS2_PLACEMENT_3D('',#13501,#13502,#13503);
#13501 = CARTESIAN_POINT('',(-165.48,-115.,77.3));
#13502 = DIRECTION('',(0.,0.,-1.));
#13503 = DIRECTION('',(0.,-1.,0.));
#13504 = ADVANCED_FACE('',(#13505),#13530,.T.);
#13505 = FACE_BOUND('',#13506,.T.);
#13506 = EDGE_LOOP('',(#13507,#13517,#13523,#13524));
#13507 = ORIENTED_EDGE('',*,*,#13508,.F.);
#13508 = EDGE_CURVE('',#13509,#13511,#13513,.T.);
#13509 = VERTEX_POINT('',#13510);
#13510 = CARTESIAN_POINT('',(6.35,-115.,77.3));
#13511 = VERTEX_POINT('',#13512);
#13512 = CARTESIAN_POINT('',(6.35,-175.,77.3));
#13513 = LINE('',#13514,#13515);
#13514 = CARTESIAN_POINT('',(6.35,-115.,77.3));
#13515 = VECTOR('',#13516,1.);
#13516 = DIRECTION('',(0.,-1.,2.2E-16));
#13517 = ORIENTED_EDGE('',*,*,#13518,.T.);
#13518 = EDGE_CURVE('',#13509,#13424,#13519,.T.);
#13519 = LINE('',#13520,#13521);
#13520 = CARTESIAN_POINT('',(-165.48,-115.,77.3));
#13521 = VECTOR('',#13522,1.);
#13522 = DIRECTION('',(1.,0.,0.));
#13523 = ORIENTED_EDGE('',*,*,#13431,.F.);
#13524 = ORIENTED_EDGE('',*,*,#13525,.F.);
#13525 = EDGE_CURVE('',#13511,#13432,#13526,.T.);
#13526 = LINE('',#13527,#13528);
#13527 = CARTESIAN_POINT('',(-165.48,-175.,77.3));
#13528 = VECTOR('',#13529,1.);
#13529 = DIRECTION('',(1.,0.,0.));
#13530 = PLANE('',#13531);
#13531 = AXIS2_PLACEMENT_3D('',#13532,#13533,#13534);
#13532 = CARTESIAN_POINT('',(-165.48,-115.,77.3));
#13533 = DIRECTION('',(0.,0.,-1.));
#13534 = DIRECTION('',(0.,-1.,0.));
#13535 = ADVANCED_FACE('',(#13536),#13554,.T.);
#13536 = FACE_BOUND('',#13537,.T.);
#13537 = EDGE_LOOP('',(#13538,#13546,#13552,#13553));
#13538 = ORIENTED_EDGE('',*,*,#13539,.F.);
#13539 = EDGE_CURVE('',#13540,#13509,#13542,.T.);
#13540 = VERTEX_POINT('',#13541);
#13541 = CARTESIAN_POINT('',(6.35,-115.,0.));
#13542 = LINE('',#13543,#13544);
#13543 = CARTESIAN_POINT('',(6.35,-115.,0.));
#13544 = VECTOR('',#13545,1.);
#13545 = DIRECTION('',(0.,0.,1.));
#13546 = ORIENTED_EDGE('',*,*,#13547,.T.);
#13547 = EDGE_CURVE('',#13540,#13416,#13548,.T.);
#13548 = LINE('',#13549,#13550);
#13549 = CARTESIAN_POINT('',(-165.48,-115.,0.));
#13550 = VECTOR('',#13551,1.);
#13551 = DIRECTION('',(1.,0.,0.));
#13552 = ORIENTED_EDGE('',*,*,#13423,.F.);
#13553 = ORIENTED_EDGE('',*,*,#13518,.F.);
#13554 = PLANE('',#13555);
#13555 = AXIS2_PLACEMENT_3D('',#13556,#13557,#13558);
#13556 = CARTESIAN_POINT('',(-165.48,-115.,0.));
#13557 = DIRECTION('',(0.,-1.,0.));
#13558 = DIRECTION('',(0.,0.,1.));
#13559 = ADVANCED_FACE('',(#13560),#13578,.F.);
#13560 = FACE_BOUND('',#13561,.F.);
#13561 = EDGE_LOOP('',(#13562,#13563,#13564,#13572));
#13562 = ORIENTED_EDGE('',*,*,#13462,.F.);
#13563 = ORIENTED_EDGE('',*,*,#13486,.T.);
#13564 = ORIENTED_EDGE('',*,*,#13565,.T.);
#13565 = EDGE_CURVE('',#13487,#13566,#13568,.T.);
#13566 = VERTEX_POINT('',#13567);
#13567 = CARTESIAN_POINT('',(-6.35,-175.,1.3E-14));
#13568 = LINE('',#13569,#13570);
#13569 = CARTESIAN_POINT('',(-6.35,-175.,77.3));
#13570 = VECTOR('',#13571,1.);
#13571 = DIRECTION('',(0.,-2.24E-15,-1.));
#13572 = ORIENTED_EDGE('',*,*,#13573,.F.);
#13573 = EDGE_CURVE('',#13455,#13566,#13574,.T.);
#13574 = LINE('',#13575,#13576);
#13575 = CARTESIAN_POINT('',(-6.35,-115.,0.));
#13576 = VECTOR('',#13577,1.);
#13577 = DIRECTION('',(0.,-1.,2.2E-16));
#13578 = PLANE('',#13579);
#13579 = AXIS2_PLACEMENT_3D('',#13580,#13581,#13582);
#13580 = CARTESIAN_POINT('',(-6.35,-115.,77.3));
#13581 = DIRECTION('',(1.,0.,0.));
#13582 = DIRECTION('',(0.,-2.2E-16,-1.));
#13583 = ADVANCED_FACE('',(#13584),#13602,.F.);
#13584 = FACE_BOUND('',#13585,.F.);
#13585 = EDGE_LOOP('',(#13586,#13587,#13595,#13601));
#13586 = ORIENTED_EDGE('',*,*,#13539,.F.);
#13587 = ORIENTED_EDGE('',*,*,#13588,.T.);
#13588 = EDGE_CURVE('',#13540,#13589,#13591,.T.);
#13589 = VERTEX_POINT('',#13590);
#13590 = CARTESIAN_POINT('',(6.35,-175.,1.3E-14));
#13591 = LINE('',#13592,#13593);
#13592 = CARTESIAN_POINT('',(6.35,-115.,0.));
#13593 = VECTOR('',#13594,1.);
#13594 = DIRECTION('',(0.,-1.,2.2E-16));
#13595 = ORIENTED_EDGE('',*,*,#13596,.T.);
#13596 = EDGE_CURVE('',#13589,#13511,#13597,.T.);
#13597 = LINE('',#13598,#13599);
#13598 = CARTESIAN_POINT('',(6.35,-175.,38.65));
#13599 = VECTOR('',#13600,1.);
#13600 = DIRECTION('',(0.,2.24E-15,1.));
#13601 = ORIENTED_EDGE('',*,*,#13508,.F.);
#13602 = PLANE('',#13603);
#13603 = AXIS2_PLACEMENT_3D('',#13604,#13605,#13606);
#13604 = CARTESIAN_POINT('',(6.35,-115.,0.));
#13605 = DIRECTION('',(-1.,0.,0.));
#13606 = DIRECTION('',(0.,2.2E-16,1.));
#13607 = ADVANCED_FACE('',(#13608),#13623,.T.);
#13608 = FACE_BOUND('',#13609,.T.);
#13609 = EDGE_LOOP('',(#13610,#13611,#13612,#13613,#13619,#13620,#13621,
    #13622));
#13610 = ORIENTED_EDGE('',*,*,#13375,.F.);
#13611 = ORIENTED_EDGE('',*,*,#13494,.T.);
#13612 = ORIENTED_EDGE('',*,*,#13565,.T.);
#13613 = ORIENTED_EDGE('',*,*,#13614,.T.);
#13614 = EDGE_CURVE('',#13566,#13589,#13615,.T.);
#13615 = LINE('',#13616,#13617);
#13616 = CARTESIAN_POINT('',(-85.915,-175.,1.377E-14));
#13617 = VECTOR('',#13618,1.);
#13618 = DIRECTION('',(1.,0.,0.));
#13619 = ORIENTED_EDGE('',*,*,#13596,.T.);
#13620 = ORIENTED_EDGE('',*,*,#13525,.T.);
#13621 = ORIENTED_EDGE('',*,*,#13439,.F.);
#13622 = ORIENTED_EDGE('',*,*,#13312,.F.);
#13623 = PLANE('',#13624);
#13624 = AXIS2_PLACEMENT_3D('',#13625,#13626,#13627);
#13625 = CARTESIAN_POINT('',(2.161E-14,-175.,74.220707430635));
#13626 = DIRECTION('',(0.,-1.,2.21E-15));
#13627 = DIRECTION('',(0.,-2.21E-15,-1.));
#13628 = ADVANCED_FACE('',(#13629),#13639,.T.);
#13629 = FACE_BOUND('',#13630,.T.);
#13630 = EDGE_LOOP('',(#13631,#13632,#13633,#13634,#13635,#13636,#13637,
    #13638));
#13631 = ORIENTED_EDGE('',*,*,#13351,.F.);
#13632 = ORIENTED_EDGE('',*,*,#13399,.T.);
#13633 = ORIENTED_EDGE('',*,*,#13415,.F.);
#13634 = ORIENTED_EDGE('',*,*,#13547,.F.);
#13635 = ORIENTED_EDGE('',*,*,#13588,.T.);
#13636 = ORIENTED_EDGE('',*,*,#13614,.F.);
#13637 = ORIENTED_EDGE('',*,*,#13573,.F.);
#13638 = ORIENTED_EDGE('',*,*,#13454,.F.);
#13639 = PLANE('',#13640);
#13640 = AXIS2_PLACEMENT_3D('',#13641,#13642,#13643);
#13641 = CARTESIAN_POINT('',(2.133E-14,-114.9969256304,1.21E-15));
#13642 = DIRECTION('',(-0.,-0.,-1.));
#13643 = DIRECTION('',(-1.,0.,0.));
#13644 = ( GEOMETRIC_REPRESENTATION_CONTEXT(3) 
GLOBAL_UNCERTAINTY_ASSIGNED_CONTEXT((#13648)) 
GLOBAL_UNIT_ASSIGNED_CONTEXT((#13645,#13646,#13647)) 
REPRESENTATION_CONTEXT('Context #1',
  '3D Context with UNIT and UNCERTAINTY') );
#13645 = ( LENGTH_UNIT() NAMED_UNIT(*) SI_UNIT(.MILLI.,.METRE.) );
#13646 = ( NAMED_UNIT(*) PLANE_ANGLE_UNIT() SI_UNIT($,.RADIAN.) );
#13647 = ( NAMED_UNIT(*) SI_UNIT($,.STERADIAN.) SOLID_ANGLE_UNIT() );
#13648 = UNCERTAINTY_MEASURE_WITH_UNIT(LENGTH_MEASURE(2.E-07),#13645,
  'distance_accuracy_value','confusion accuracy');
#13649 = CONTEXT_DEPENDENT_SHAPE_REPRESENTATION(#13650,#13652);
#13650 = ( REPRESENTATION_RELATIONSHIP('','',#13295,#12799) 
REPRESENTATION_RELATIONSHIP_WITH_TRANSFORMATION(#13651) 
SHAPE_REPRESENTATION_RELATIONSHIP() );
#13651 = ITEM_DEFINED_TRANSFORMATION('','',#11,#12804);
#13652 = PRODUCT_DEFINITION_SHAPE('Placement','Placement of an item',
  #13653);
#13653 = NEXT_ASSEMBLY_USAGE_OCCURRENCE('25','caixa_parafusos_inferior',
  '',#12794,#13290,$);
#13654 = CC_DESIGN_SECURITY_CLASSIFICATION(#13655,(#13653));
#13655 = SECURITY_CLASSIFICATION('','',#55);
#13656 = CC_DESIGN_PERSON_AND_ORGANIZATION_ASSIGNMENT(#44,#53,(#13655));
#13657 = CC_DESIGN_DATE_AND_TIME_ASSIGNMENT(#58,#64,(#13655));
#13658 = CC_DESIGN_APPROVAL(#66,(#13655));
#13659 = PRODUCT_RELATED_PRODUCT_CATEGORY('detail',$,(#13292));
#13660 = PRODUCT_CATEGORY_RELATIONSHIP('','',#13661,#13659);
#13661 = PRODUCT_CATEGORY('part',$);
#13662 = CC_DESIGN_PERSON_AND_ORGANIZATION_ASSIGNMENT(#44,#47,(#13291,
    #13290));
#13663 = CC_DESIGN_PERSON_AND_ORGANIZATION_ASSIGNMENT(#44,#49,(#13292));
#13664 = CC_DESIGN_PERSON_AND_ORGANIZATION_ASSIGNMENT(#44,#51,(#13291));
#13665 = CC_DESIGN_PERSON_AND_ORGANIZATION_ASSIGNMENT(#44,#53,(#13666));
#13666 = SECURITY_CLASSIFICATION('','',#55);
#13667 = CC_DESIGN_SECURITY_CLASSIFICATION(#13666,(#13291));
#13668 = CC_DESIGN_DATE_AND_TIME_ASSIGNMENT(#58,#62,(#13290));
#13669 = CC_DESIGN_DATE_AND_TIME_ASSIGNMENT(#58,#64,(#13666));
#13670 = CC_DESIGN_APPROVAL(#66,(#13291,#13290,#13666));
#13671 = SHAPE_DEFINITION_REPRESENTATION(#13672,#13678);
#13672 = PRODUCT_DEFINITION_SHAPE('','',#13673);
#13673 = PRODUCT_DEFINITION('design','',#13674,#13677);
#13674 = PRODUCT_DEFINITION_FORMATION_WITH_SPECIFIED_SOURCE('','',#13675
  ,.NOT_KNOWN.);
#13675 = PRODUCT('caixa_parafusos_superior','caixa_parafusos_superior',
  '',(#13676));
#13676 = MECHANICAL_CONTEXT('',#2,'mechanical');
#13677 = DESIGN_CONTEXT('',#2,'design');
#13678 = ADVANCED_BREP_SHAPE_REPRESENTATION('',(#11,#13679),#14027);
#13679 = MANIFOLD_SOLID_BREP('',#13680);
#13680 = CLOSED_SHELL('',(#13681,#13721,#13768,#13792,#13832,#13863,
    #13887,#13918,#13942,#13966,#13990,#14011));
#13681 = ADVANCED_FACE('',(#13682),#13716,.F.);
#13682 = FACE_BOUND('',#13683,.F.);
#13683 = EDGE_LOOP('',(#13684,#13694,#13702,#13710));
#13684 = ORIENTED_EDGE('',*,*,#13685,.F.);
#13685 = EDGE_CURVE('',#13686,#13688,#13690,.T.);
#13686 = VERTEX_POINT('',#13687);
#13687 = CARTESIAN_POINT('',(-165.48,-175.,410.));
#13688 = VERTEX_POINT('',#13689);
#13689 = CARTESIAN_POINT('',(-165.48,-102.3,410.));
#13690 = LINE('',#13691,#13692);
#13691 = CARTESIAN_POINT('',(-165.48,-175.,410.));
#13692 = VECTOR('',#13693,1.);
#13693 = DIRECTION('',(0.,1.,0.));
#13694 = ORIENTED_EDGE('',*,*,#13695,.T.);
#13695 = EDGE_CURVE('',#13686,#13696,#13698,.T.);
#13696 = VERTEX_POINT('',#13697);
#13697 = CARTESIAN_POINT('',(165.48,-175.,410.));
#13698 = LINE('',#13699,#13700);
#13699 = CARTESIAN_POINT('',(-165.48,-175.,410.));
#13700 = VECTOR('',#13701,1.);
#13701 = DIRECTION('',(1.,0.,0.));
#13702 = ORIENTED_EDGE('',*,*,#13703,.F.);
#13703 = EDGE_CURVE('',#13704,#13696,#13706,.T.);
#13704 = VERTEX_POINT('',#13705);
#13705 = CARTESIAN_POINT('',(165.48,-102.3,410.));
#13706 = LINE('',#13707,#13708);
#13707 = CARTESIAN_POINT('',(165.48,-89.910688,410.));
#13708 = VECTOR('',#13709,1.);
#13709 = DIRECTION('',(0.,-1.,0.));
#13710 = ORIENTED_EDGE('',*,*,#13711,.F.);
#13711 = EDGE_CURVE('',#13688,#13704,#13712,.T.);
#13712 = LINE('',#13713,#13714);
#13713 = CARTESIAN_POINT('',(-165.48,-102.3,410.));
#13714 = VECTOR('',#13715,1.);
#13715 = DIRECTION('',(1.,0.,0.));
#13716 = PLANE('',#13717);
#13717 = AXIS2_PLACEMENT_3D('',#13718,#13719,#13720);
#13718 = CARTESIAN_POINT('',(-165.48,-175.,410.));
#13719 = DIRECTION('',(0.,0.,1.));
#13720 = DIRECTION('',(0.,1.,0.));
#13721 = ADVANCED_FACE('',(#13722),#13763,.F.);
#13722 = FACE_BOUND('',#13723,.F.);
#13723 = EDGE_LOOP('',(#13724,#13725,#13733,#13741,#13749,#13757));
#13724 = ORIENTED_EDGE('',*,*,#13685,.T.);
#13725 = ORIENTED_EDGE('',*,*,#13726,.T.);
#13726 = EDGE_CURVE('',#13688,#13727,#13729,.T.);
#13727 = VERTEX_POINT('',#13728);
#13728 = CARTESIAN_POINT('',(-165.48,-102.3,500.));
#13729 = LINE('',#13730,#13731);
#13730 = CARTESIAN_POINT('',(-165.48,-102.3,410.));
#13731 = VECTOR('',#13732,1.);
#13732 = DIRECTION('',(0.,0.,1.));
#13733 = ORIENTED_EDGE('',*,*,#13734,.T.);
#13734 = EDGE_CURVE('',#13727,#13735,#13737,.T.);
#13735 = VERTEX_POINT('',#13736);
#13736 = CARTESIAN_POINT('',(-165.48,-115.,500.));
#13737 = LINE('',#13738,#13739);
#13738 = CARTESIAN_POINT('',(-165.48,-102.3,500.));
#13739 = VECTOR('',#13740,1.);
#13740 = DIRECTION('',(0.,-1.,0.));
#13741 = ORIENTED_EDGE('',*,*,#13742,.T.);
#13742 = EDGE_CURVE('',#13735,#13743,#13745,.T.);
#13743 = VERTEX_POINT('',#13744);
#13744 = CARTESIAN_POINT('',(-165.48,-115.,422.7));
#13745 = LINE('',#13746,#13747);
#13746 = CARTESIAN_POINT('',(-165.48,-115.,500.));
#13747 = VECTOR('',#13748,1.);
#13748 = DIRECTION('',(0.,0.,-1.));
#13749 = ORIENTED_EDGE('',*,*,#13750,.T.);
#13750 = EDGE_CURVE('',#13743,#13751,#13753,.T.);
#13751 = VERTEX_POINT('',#13752);
#13752 = CARTESIAN_POINT('',(-165.48,-175.,422.7));
#13753 = LINE('',#13754,#13755);
#13754 = CARTESIAN_POINT('',(-165.48,-115.,422.7));
#13755 = VECTOR('',#13756,1.);
#13756 = DIRECTION('',(0.,-1.,0.));
#13757 = ORIENTED_EDGE('',*,*,#13758,.T.);
#13758 = EDGE_CURVE('',#13751,#13686,#13759,.T.);
#13759 = LINE('',#13760,#13761);
#13760 = CARTESIAN_POINT('',(-165.48,-175.,422.7));
#13761 = VECTOR('',#13762,1.);
#13762 = DIRECTION('',(0.,-1.119E-14,-1.));
#13763 = PLANE('',#13764);
#13764 = AXIS2_PLACEMENT_3D('',#13765,#13766,#13767);
#13765 = CARTESIAN_POINT('',(-165.48,-124.3967732022,440.74677320221));
#13766 = DIRECTION('',(1.,0.,0.));
#13767 = DIRECTION('',(0.,0.,1.));
#13768 = ADVANCED_FACE('',(#13769),#13787,.F.);
#13769 = FACE_BOUND('',#13770,.F.);
#13770 = EDGE_LOOP('',(#13771,#13772,#13773,#13781));
#13771 = ORIENTED_EDGE('',*,*,#13726,.F.);
#13772 = ORIENTED_EDGE('',*,*,#13711,.T.);
#13773 = ORIENTED_EDGE('',*,*,#13774,.F.);
#13774 = EDGE_CURVE('',#13775,#13704,#13777,.T.);
#13775 = VERTEX_POINT('',#13776);
#13776 = CARTESIAN_POINT('',(165.48,-102.3,500.));
#13777 = LINE('',#13778,#13779);
#13778 = CARTESIAN_POINT('',(165.48,-102.3,330.));
#13779 = VECTOR('',#13780,1.);
#13780 = DIRECTION('',(0.,0.,-1.));
#13781 = ORIENTED_EDGE('',*,*,#13782,.F.);
#13782 = EDGE_CURVE('',#13727,#13775,#13783,.T.);
#13783 = LINE('',#13784,#13785);
#13784 = CARTESIAN_POINT('',(-165.48,-102.3,500.));
#13785 = VECTOR('',#13786,1.);
#13786 = DIRECTION('',(1.,0.,0.));
#13787 = PLANE('',#13788);
#13788 = AXIS2_PLACEMENT_3D('',#13789,#13790,#13791);
#13789 = CARTESIAN_POINT('',(-165.48,-102.3,410.));
#13790 = DIRECTION('',(0.,-1.,0.));
#13791 = DIRECTION('',(0.,0.,1.));
#13792 = ADVANCED_FACE('',(#13793),#13827,.F.);
#13793 = FACE_BOUND('',#13794,.F.);
#13794 = EDGE_LOOP('',(#13795,#13796,#13797,#13805,#13813,#13821));
#13795 = ORIENTED_EDGE('',*,*,#13774,.T.);
#13796 = ORIENTED_EDGE('',*,*,#13703,.T.);
#13797 = ORIENTED_EDGE('',*,*,#13798,.T.);
#13798 = EDGE_CURVE('',#13696,#13799,#13801,.T.);
#13799 = VERTEX_POINT('',#13800);
#13800 = CARTESIAN_POINT('',(165.48,-175.,422.7));
#13801 = LINE('',#13802,#13803);
#13802 = CARTESIAN_POINT('',(165.48,-175.,336.35));
#13803 = VECTOR('',#13804,1.);
#13804 = DIRECTION('',(0.,1.119E-14,1.));
#13805 = ORIENTED_EDGE('',*,*,#13806,.T.);
#13806 = EDGE_CURVE('',#13799,#13807,#13809,.T.);
#13807 = VERTEX_POINT('',#13808);
#13808 = CARTESIAN_POINT('',(165.48,-115.,422.7));
#13809 = LINE('',#13810,#13811);
#13810 = CARTESIAN_POINT('',(165.48,-59.910688,422.7));
#13811 = VECTOR('',#13812,1.);
#13812 = DIRECTION('',(0.,1.,0.));
#13813 = ORIENTED_EDGE('',*,*,#13814,.T.);
#13814 = EDGE_CURVE('',#13807,#13815,#13817,.T.);
#13815 = VERTEX_POINT('',#13816);
#13816 = CARTESIAN_POINT('',(165.48,-115.,500.));
#13817 = LINE('',#13818,#13819);
#13818 = CARTESIAN_POINT('',(165.48,-115.,375.));
#13819 = VECTOR('',#13820,1.);
#13820 = DIRECTION('',(0.,0.,1.));
#13821 = ORIENTED_EDGE('',*,*,#13822,.T.);
#13822 = EDGE_CURVE('',#13815,#13775,#13823,.T.);
#13823 = LINE('',#13824,#13825);
#13824 = CARTESIAN_POINT('',(165.48,-53.560688,500.));
#13825 = VECTOR('',#13826,1.);
#13826 = DIRECTION('',(0.,1.,0.));
#13827 = PLANE('',#13828);
#13828 = AXIS2_PLACEMENT_3D('',#13829,#13830,#13831);
#13829 = CARTESIAN_POINT('',(165.48,-4.821376,250.));
#13830 = DIRECTION('',(-1.,-0.,-0.));
#13831 = DIRECTION('',(0.,0.,-1.));
#13832 = ADVANCED_FACE('',(#13833),#13858,.F.);
#13833 = FACE_BOUND('',#13834,.F.);
#13834 = EDGE_LOOP('',(#13835,#13836,#13844,#13852));
#13835 = ORIENTED_EDGE('',*,*,#13742,.F.);
#13836 = ORIENTED_EDGE('',*,*,#13837,.T.);
#13837 = EDGE_CURVE('',#13735,#13838,#13840,.T.);
#13838 = VERTEX_POINT('',#13839);
#13839 = CARTESIAN_POINT('',(-6.35,-115.,500.));
#13840 = LINE('',#13841,#13842);
#13841 = CARTESIAN_POINT('',(-165.48,-115.,500.));
#13842 = VECTOR('',#13843,1.);
#13843 = DIRECTION('',(1.,0.,0.));
#13844 = ORIENTED_EDGE('',*,*,#13845,.F.);
#13845 = EDGE_CURVE('',#13846,#13838,#13848,.T.);
#13846 = VERTEX_POINT('',#13847);
#13847 = CARTESIAN_POINT('',(-6.35,-115.,422.7));
#13848 = LINE('',#13849,#13850);
#13849 = CARTESIAN_POINT('',(-6.35,-115.,422.7));
#13850 = VECTOR('',#13851,1.);
#13851 = DIRECTION('',(0.,0.,1.));
#13852 = ORIENTED_EDGE('',*,*,#13853,.F.);
#13853 = EDGE_CURVE('',#13743,#13846,#13854,.T.);
#13854 = LINE('',#13855,#13856);
#13855 = CARTESIAN_POINT('',(-165.48,-115.,422.7));
#13856 = VECTOR('',#13857,1.);
#13857 = DIRECTION('',(1.,0.,0.));
#13858 = PLANE('',#13859);
#13859 = AXIS2_PLACEMENT_3D('',#13860,#13861,#13862);
#13860 = CARTESIAN_POINT('',(-165.48,-115.,500.));
#13861 = DIRECTION('',(0.,1.,0.));
#13862 = DIRECTION('',(0.,0.,-1.));
#13863 = ADVANCED_FACE('',(#13864),#13882,.F.);
#13864 = FACE_BOUND('',#13865,.F.);
#13865 = EDGE_LOOP('',(#13866,#13867,#13868,#13876));
#13866 = ORIENTED_EDGE('',*,*,#13750,.F.);
#13867 = ORIENTED_EDGE('',*,*,#13853,.T.);
#13868 = ORIENTED_EDGE('',*,*,#13869,.T.);
#13869 = EDGE_CURVE('',#13846,#13870,#13872,.T.);
#13870 = VERTEX_POINT('',#13871);
#13871 = CARTESIAN_POINT('',(-6.35,-175.,422.7));
#13872 = LINE('',#13873,#13874);
#13873 = CARTESIAN_POINT('',(-6.35,-115.,422.7));
#13874 = VECTOR('',#13875,1.);
#13875 = DIRECTION('',(0.,-1.,0.));
#13876 = ORIENTED_EDGE('',*,*,#13877,.F.);
#13877 = EDGE_CURVE('',#13751,#13870,#13878,.T.);
#13878 = LINE('',#13879,#13880);
#13879 = CARTESIAN_POINT('',(-165.48,-175.,422.7));
#13880 = VECTOR('',#13881,1.);
#13881 = DIRECTION('',(1.,0.,0.));
#13882 = PLANE('',#13883);
#13883 = AXIS2_PLACEMENT_3D('',#13884,#13885,#13886);
#13884 = CARTESIAN_POINT('',(-165.48,-115.,422.7));
#13885 = DIRECTION('',(0.,0.,-1.));
#13886 = DIRECTION('',(0.,-1.,0.));
#13887 = ADVANCED_FACE('',(#13888),#13913,.F.);
#13888 = FACE_BOUND('',#13889,.F.);
#13889 = EDGE_LOOP('',(#13890,#13900,#13906,#13907));
#13890 = ORIENTED_EDGE('',*,*,#13891,.T.);
#13891 = EDGE_CURVE('',#13892,#13894,#13896,.T.);
#13892 = VERTEX_POINT('',#13893);
#13893 = CARTESIAN_POINT('',(6.35,-115.,422.7));
#13894 = VERTEX_POINT('',#13895);
#13895 = CARTESIAN_POINT('',(6.35,-115.,500.));
#13896 = LINE('',#13897,#13898);
#13897 = CARTESIAN_POINT('',(6.35,-115.,422.7));
#13898 = VECTOR('',#13899,1.);
#13899 = DIRECTION('',(0.,0.,1.));
#13900 = ORIENTED_EDGE('',*,*,#13901,.T.);
#13901 = EDGE_CURVE('',#13894,#13815,#13902,.T.);
#13902 = LINE('',#13903,#13904);
#13903 = CARTESIAN_POINT('',(-165.48,-115.,500.));
#13904 = VECTOR('',#13905,1.);
#13905 = DIRECTION('',(1.,0.,0.));
#13906 = ORIENTED_EDGE('',*,*,#13814,.F.);
#13907 = ORIENTED_EDGE('',*,*,#13908,.F.);
#13908 = EDGE_CURVE('',#13892,#13807,#13909,.T.);
#13909 = LINE('',#13910,#13911);
#13910 = CARTESIAN_POINT('',(-165.48,-115.,422.7));
#13911 = VECTOR('',#13912,1.);
#13912 = DIRECTION('',(1.,0.,0.));
#13913 = PLANE('',#13914);
#13914 = AXIS2_PLACEMENT_3D('',#13915,#13916,#13917);
#13915 = CARTESIAN_POINT('',(-165.48,-115.,500.));
#13916 = DIRECTION('',(0.,1.,0.));
#13917 = DIRECTION('',(0.,0.,-1.));
#13918 = ADVANCED_FACE('',(#13919),#13937,.F.);
#13919 = FACE_BOUND('',#13920,.F.);
#13920 = EDGE_LOOP('',(#13921,#13929,#13930,#13931));
#13921 = ORIENTED_EDGE('',*,*,#13922,.T.);
#13922 = EDGE_CURVE('',#13923,#13892,#13925,.T.);
#13923 = VERTEX_POINT('',#13924);
#13924 = CARTESIAN_POINT('',(6.35,-175.,422.7));
#13925 = LINE('',#13926,#13927);
#13926 = CARTESIAN_POINT('',(6.35,-175.,422.7));
#13927 = VECTOR('',#13928,1.);
#13928 = DIRECTION('',(0.,1.,0.));
#13929 = ORIENTED_EDGE('',*,*,#13908,.T.);
#13930 = ORIENTED_EDGE('',*,*,#13806,.F.);
#13931 = ORIENTED_EDGE('',*,*,#13932,.F.);
#13932 = EDGE_CURVE('',#13923,#13799,#13933,.T.);
#13933 = LINE('',#13934,#13935);
#13934 = CARTESIAN_POINT('',(-165.48,-175.,422.7));
#13935 = VECTOR('',#13936,1.);
#13936 = DIRECTION('',(1.,0.,0.));
#13937 = PLANE('',#13938);
#13938 = AXIS2_PLACEMENT_3D('',#13939,#13940,#13941);
#13939 = CARTESIAN_POINT('',(-165.48,-115.,422.7));
#13940 = DIRECTION('',(0.,0.,-1.));
#13941 = DIRECTION('',(0.,-1.,0.));
#13942 = ADVANCED_FACE('',(#13943),#13961,.F.);
#13943 = FACE_BOUND('',#13944,.F.);
#13944 = EDGE_LOOP('',(#13945,#13946,#13947,#13955));
#13945 = ORIENTED_EDGE('',*,*,#13869,.F.);
#13946 = ORIENTED_EDGE('',*,*,#13845,.T.);
#13947 = ORIENTED_EDGE('',*,*,#13948,.F.);
#13948 = EDGE_CURVE('',#13949,#13838,#13951,.T.);
#13949 = VERTEX_POINT('',#13950);
#13950 = CARTESIAN_POINT('',(-6.35,-175.,500.));
#13951 = LINE('',#13952,#13953);
#13952 = CARTESIAN_POINT('',(-6.35,-108.65,500.));
#13953 = VECTOR('',#13954,1.);
#13954 = DIRECTION('',(0.,1.,0.));
#13955 = ORIENTED_EDGE('',*,*,#13956,.F.);
#13956 = EDGE_CURVE('',#13870,#13949,#13957,.T.);
#13957 = LINE('',#13958,#13959);
#13958 = CARTESIAN_POINT('',(-6.35,-175.,422.7));
#13959 = VECTOR('',#13960,1.);
#13960 = DIRECTION('',(0.,0.,1.));
#13961 = PLANE('',#13962);
#13962 = AXIS2_PLACEMENT_3D('',#13963,#13964,#13965);
#13963 = CARTESIAN_POINT('',(-6.35,-115.,422.7));
#13964 = DIRECTION('',(1.,0.,0.));
#13965 = DIRECTION('',(0.,-1.,0.));
#13966 = ADVANCED_FACE('',(#13967),#13985,.F.);
#13967 = FACE_BOUND('',#13968,.F.);
#13968 = EDGE_LOOP('',(#13969,#13970,#13978,#13984));
#13969 = ORIENTED_EDGE('',*,*,#13922,.F.);
#13970 = ORIENTED_EDGE('',*,*,#13971,.T.);
#13971 = EDGE_CURVE('',#13923,#13972,#13974,.T.);
#13972 = VERTEX_POINT('',#13973);
#13973 = CARTESIAN_POINT('',(6.35,-175.,500.));
#13974 = LINE('',#13975,#13976);
#13975 = CARTESIAN_POINT('',(6.35,-175.,422.7));
#13976 = VECTOR('',#13977,1.);
#13977 = DIRECTION('',(0.,0.,1.));
#13978 = ORIENTED_EDGE('',*,*,#13979,.F.);
#13979 = EDGE_CURVE('',#13894,#13972,#13980,.T.);
#13980 = LINE('',#13981,#13982);
#13981 = CARTESIAN_POINT('',(6.35,-138.65,500.));
#13982 = VECTOR('',#13983,1.);
#13983 = DIRECTION('',(-0.,-1.,-0.));
#13984 = ORIENTED_EDGE('',*,*,#13891,.F.);
#13985 = PLANE('',#13986);
#13986 = AXIS2_PLACEMENT_3D('',#13987,#13988,#13989);
#13987 = CARTESIAN_POINT('',(6.35,-175.,422.7));
#13988 = DIRECTION('',(-1.,0.,0.));
#13989 = DIRECTION('',(0.,1.,0.));
#13990 = ADVANCED_FACE('',(#13991),#14006,.T.);
#13991 = FACE_BOUND('',#13992,.T.);
#13992 = EDGE_LOOP('',(#13993,#13994,#13995,#13996,#13997,#13998,#14004,
    #14005));
#13993 = ORIENTED_EDGE('',*,*,#13758,.T.);
#13994 = ORIENTED_EDGE('',*,*,#13695,.T.);
#13995 = ORIENTED_EDGE('',*,*,#13798,.T.);
#13996 = ORIENTED_EDGE('',*,*,#13932,.F.);
#13997 = ORIENTED_EDGE('',*,*,#13971,.T.);
#13998 = ORIENTED_EDGE('',*,*,#13999,.T.);
#13999 = EDGE_CURVE('',#13972,#13949,#14000,.T.);
#14000 = LINE('',#14001,#14002);
#14001 = CARTESIAN_POINT('',(-85.915,-175.,500.));
#14002 = VECTOR('',#14003,1.);
#14003 = DIRECTION('',(-1.,0.,0.));
#14004 = ORIENTED_EDGE('',*,*,#13956,.F.);
#14005 = ORIENTED_EDGE('',*,*,#13877,.F.);
#14006 = PLANE('',#14007);
#14007 = AXIS2_PLACEMENT_3D('',#14008,#14009,#14010);
#14008 = CARTESIAN_POINT('',(2.262E-14,-175.,425.77929256936));
#14009 = DIRECTION('',(0.,-1.,1.63E-15));
#14010 = DIRECTION('',(0.,-1.63E-15,-1.));
#14011 = ADVANCED_FACE('',(#14012),#14022,.T.);
#14012 = FACE_BOUND('',#14013,.T.);
#14013 = EDGE_LOOP('',(#14014,#14015,#14016,#14017,#14018,#14019,#14020,
    #14021));
#14014 = ORIENTED_EDGE('',*,*,#13734,.T.);
#14015 = ORIENTED_EDGE('',*,*,#13837,.T.);
#14016 = ORIENTED_EDGE('',*,*,#13948,.F.);
#14017 = ORIENTED_EDGE('',*,*,#13999,.F.);
#14018 = ORIENTED_EDGE('',*,*,#13979,.F.);
#14019 = ORIENTED_EDGE('',*,*,#13901,.T.);
#14020 = ORIENTED_EDGE('',*,*,#13822,.T.);
#14021 = ORIENTED_EDGE('',*,*,#13782,.F.);
#14022 = PLANE('',#14023);
#14023 = AXIS2_PLACEMENT_3D('',#14024,#14025,#14026);
#14024 = CARTESIAN_POINT('',(2.253E-14,-114.9969256304,500.));
#14025 = DIRECTION('',(0.,0.,1.));
#14026 = DIRECTION('',(1.,0.,-0.));
#14027 = ( GEOMETRIC_REPRESENTATION_CONTEXT(3) 
GLOBAL_UNCERTAINTY_ASSIGNED_CONTEXT((#14031)) 
GLOBAL_UNIT_ASSIGNED_CONTEXT((#14028,#14029,#14030)) 
REPRESENTATION_CONTEXT('Context #1',
  '3D Context with UNIT and UNCERTAINTY') );
#14028 = ( LENGTH_UNIT() NAMED_UNIT(*) SI_UNIT(.MILLI.,.METRE.) );
#14029 = ( NAMED_UNIT(*) PLANE_ANGLE_UNIT() SI_UNIT($,.RADIAN.) );
#14030 = ( NAMED_UNIT(*) SI_UNIT($,.STERADIAN.) SOLID_ANGLE_UNIT() );
#14031 = UNCERTAINTY_MEASURE_WITH_UNIT(LENGTH_MEASURE(2.E-07),#14028,
  'distance_accuracy_value','confusion accuracy');
#14032 = CONTEXT_DEPENDENT_SHAPE_REPRESENTATION(#14033,#14035);
#14033 = ( REPRESENTATION_RELATIONSHIP('','',#13678,#12799) 
REPRESENTATION_RELATIONSHIP_WITH_TRANSFORMATION(#14034) 
SHAPE_REPRESENTATION_RELATIONSHIP() );
#14034 = ITEM_DEFINED_TRANSFORMATION('','',#11,#12808);
#14035 = PRODUCT_DEFINITION_SHAPE('Placement','Placement of an item',
  #14036);
#14036 = NEXT_ASSEMBLY_USAGE_OCCURRENCE('26','caixa_parafusos_superior',
  '',#12794,#13673,$);
#14037 = CC_DESIGN_SECURITY_CLASSIFICATION(#14038,(#14036));
#14038 = SECURITY_CLASSIFICATION('','',#55);
#14039 = CC_DESIGN_PERSON_AND_ORGANIZATION_ASSIGNMENT(#44,#53,(#14038));
#14040 = CC_DESIGN_DATE_AND_TIME_ASSIGNMENT(#58,#64,(#14038));
#14041 = CC_DESIGN_APPROVAL(#66,(#14038));
#14042 = PRODUCT_RELATED_PRODUCT_CATEGORY('detail',$,(#13675));
#14043 = PRODUCT_CATEGORY_RELATIONSHIP('','',#14044,#14042);
#14044 = PRODUCT_CATEGORY('part',$);
#14045 = CC_DESIGN_PERSON_AND_ORGANIZATION_ASSIGNMENT(#44,#47,(#13674,
    #13673));
#14046 = CC_DESIGN_PERSON_AND_ORGANIZATION_ASSIGNMENT(#44,#49,(#13675));
#14047 = CC_DESIGN_PERSON_AND_ORGANIZATION_ASSIGNMENT(#44,#51,(#13674));
#14048 = CC_DESIGN_PERSON_AND_ORGANIZATION_ASSIGNMENT(#44,#53,(#14049));
#14049 = SECURITY_CLASSIFICATION('','',#55);
#14050 = CC_DESIGN_SECURITY_CLASSIFICATION(#14049,(#13674));
#14051 = CC_DESIGN_DATE_AND_TIME_ASSIGNMENT(#58,#62,(#13673));
#14052 = CC_DESIGN_DATE_AND_TIME_ASSIGNMENT(#58,#64,(#14049));
#14053 = CC_DESIGN_APPROVAL(#66,(#13674,#13673,#14049));
#14054 = SHAPE_DEFINITION_REPRESENTATION(#14055,#14061);
#14055 = PRODUCT_DEFINITION_SHAPE('','',#14056);
#14056 = PRODUCT_DEFINITION('design','',#14057,#14060);
#14057 = PRODUCT_DEFINITION_FORMATION_WITH_SPECIFIED_SOURCE('','',#14058
  ,.NOT_KNOWN.);
#14058 = PRODUCT('jotas','jotas','',(#14059));
#14059 = MECHANICAL_CONTEXT('',#2,'mechanical');
#14060 = DESIGN_CONTEXT('',#2,'design');
#14061 = SHAPE_REPRESENTATION('',(#11),#14062);
#14062 = ( GEOMETRIC_REPRESENTATION_CONTEXT(3) 
GLOBAL_UNCERTAINTY_ASSIGNED_CONTEXT((#14066)) 
GLOBAL_UNIT_ASSIGNED_CONTEXT((#14063,#14064,#14065)) 
REPRESENTATION_CONTEXT('Context #1',
  '3D Context with UNIT and UNCERTAINTY') );
#14063 = ( LENGTH_UNIT() NAMED_UNIT(*) SI_UNIT(.MILLI.,.METRE.) );
#14064 = ( NAMED_UNIT(*) PLANE_ANGLE_UNIT() SI_UNIT($,.RADIAN.) );
#14065 = ( NAMED_UNIT(*) SI_UNIT($,.STERADIAN.) SOLID_ANGLE_UNIT() );
#14066 = UNCERTAINTY_MEASURE_WITH_UNIT(LENGTH_MEASURE(1.E-07),#14063,
  'distance_accuracy_value','confusion accuracy');
#14067 = CONTEXT_DEPENDENT_SHAPE_REPRESENTATION(#14068,#14070);
#14068 = ( REPRESENTATION_RELATIONSHIP('','',#14061,#12799) 
REPRESENTATION_RELATIONSHIP_WITH_TRANSFORMATION(#14069) 
SHAPE_REPRESENTATION_RELATIONSHIP() );
#14069 = ITEM_DEFINED_TRANSFORMATION('','',#11,#12812);
#14070 = PRODUCT_DEFINITION_SHAPE('Placement','Placement of an item',
  #14071);
#14071 = NEXT_ASSEMBLY_USAGE_OCCURRENCE('27','jotas','',#12794,#14056,$
  );
#14072 = CC_DESIGN_SECURITY_CLASSIFICATION(#14073,(#14071));
#14073 = SECURITY_CLASSIFICATION('','',#55);
#14074 = CC_DESIGN_PERSON_AND_ORGANIZATION_ASSIGNMENT(#44,#53,(#14073));
#14075 = CC_DESIGN_DATE_AND_TIME_ASSIGNMENT(#58,#64,(#14073));
#14076 = CC_DESIGN_APPROVAL(#66,(#14073));
#14077 = PRODUCT_RELATED_PRODUCT_CATEGORY('detail',$,(#14058));
#14078 = PRODUCT_CATEGORY_RELATIONSHIP('','',#14079,#14077);
#14079 = PRODUCT_CATEGORY('part',$);
#14080 = CC_DESIGN_PERSON_AND_ORGANIZATION_ASSIGNMENT(#44,#47,(#14057,
    #14056));
#14081 = CC_DESIGN_PERSON_AND_ORGANIZATION_ASSIGNMENT(#44,#49,(#14058));
#14082 = CC_DESIGN_PERSON_AND_ORGANIZATION_ASSIGNMENT(#44,#51,(#14057));
#14083 = CC_DESIGN_PERSON_AND_ORGANIZATION_ASSIGNMENT(#44,#53,(#14084));
#14084 = SECURITY_CLASSIFICATION('','',#55);
#14085 = CC_DESIGN_SECURITY_CLASSIFICATION(#14084,(#14057));
#14086 = CC_DESIGN_DATE_AND_TIME_ASSIGNMENT(#58,#62,(#14056));
#14087 = CC_DESIGN_DATE_AND_TIME_ASSIGNMENT(#58,#64,(#14084));
#14088 = CC_DESIGN_APPROVAL(#66,(#14057,#14056,#14084));
#14089 = SHAPE_REPRESENTATION_RELATIONSHIP('','',#14090,#14061);
#14090 = ADVANCED_BREP_SHAPE_REPRESENTATION('',(#11,#14091),#14377);
#14091 = MANIFOLD_SOLID_BREP('',#14092);
#14092 = CLOSED_SHELL('',(#14093,#14133,#14198,#14222,#14280,#14297,
    #14309,#14331,#14348,#14365));
#14093 = ADVANCED_FACE('',(#14094),#14128,.T.);
#14094 = FACE_BOUND('',#14095,.T.);
#14095 = EDGE_LOOP('',(#14096,#14106,#14114,#14122));
#14096 = ORIENTED_EDGE('',*,*,#14097,.F.);
#14097 = EDGE_CURVE('',#14098,#14100,#14102,.T.);
#14098 = VERTEX_POINT('',#14099);
#14099 = CARTESIAN_POINT('',(-175.,-175.,0.));
#14100 = VERTEX_POINT('',#14101);
#14101 = CARTESIAN_POINT('',(-235.,-175.,0.));
#14102 = LINE('',#14103,#14104);
#14103 = CARTESIAN_POINT('',(-175.,-175.,0.));
#14104 = VECTOR('',#14105,1.);
#14105 = DIRECTION('',(-1.,0.,0.));
#14106 = ORIENTED_EDGE('',*,*,#14107,.T.);
#14107 = EDGE_CURVE('',#14098,#14108,#14110,.T.);
#14108 = VERTEX_POINT('',#14109);
#14109 = CARTESIAN_POINT('',(-175.,-175.,500.));
#14110 = LINE('',#14111,#14112);
#14111 = CARTESIAN_POINT('',(-175.,-175.,0.));
#14112 = VECTOR('',#14113,1.);
#14113 = DIRECTION('',(0.,0.,1.));
#14114 = ORIENTED_EDGE('',*,*,#14115,.T.);
#14115 = EDGE_CURVE('',#14108,#14116,#14118,.T.);
#14116 = VERTEX_POINT('',#14117);
#14117 = CARTESIAN_POINT('',(-235.,-175.,500.));
#14118 = LINE('',#14119,#14120);
#14119 = CARTESIAN_POINT('',(-87.5,-175.,500.));
#14120 = VECTOR('',#14121,1.);
#14121 = DIRECTION('',(-1.,0.,0.));
#14122 = ORIENTED_EDGE('',*,*,#14123,.F.);
#14123 = EDGE_CURVE('',#14100,#14116,#14124,.T.);
#14124 = LINE('',#14125,#14126);
#14125 = CARTESIAN_POINT('',(-235.,-175.,0.));
#14126 = VECTOR('',#14127,1.);
#14127 = DIRECTION('',(0.,0.,1.));
#14128 = PLANE('',#14129);
#14129 = AXIS2_PLACEMENT_3D('',#14130,#14131,#14132);
#14130 = CARTESIAN_POINT('',(-175.,-175.,0.));
#14131 = DIRECTION('',(-0.,-1.,-0.));
#14132 = DIRECTION('',(-1.,0.,0.));
#14133 = ADVANCED_FACE('',(#14134,#14159),#14193,.F.);
#14134 = FACE_BOUND('',#14135,.T.);
#14135 = EDGE_LOOP('',(#14136,#14137,#14145,#14153));
#14136 = ORIENTED_EDGE('',*,*,#14097,.T.);
#14137 = ORIENTED_EDGE('',*,*,#14138,.T.);
#14138 = EDGE_CURVE('',#14100,#14139,#14141,.T.);
#14139 = VERTEX_POINT('',#14140);
#14140 = CARTESIAN_POINT('',(-235.,-115.,0.));
#14141 = LINE('',#14142,#14143);
#14142 = CARTESIAN_POINT('',(-235.,-175.,0.));
#14143 = VECTOR('',#14144,1.);
#14144 = DIRECTION('',(0.,1.,0.));
#14145 = ORIENTED_EDGE('',*,*,#14146,.T.);
#14146 = EDGE_CURVE('',#14139,#14147,#14149,.T.);
#14147 = VERTEX_POINT('',#14148);
#14148 = CARTESIAN_POINT('',(-175.,-115.,0.));
#14149 = LINE('',#14150,#14151);
#14150 = CARTESIAN_POINT('',(-235.,-115.,0.));
#14151 = VECTOR('',#14152,1.);
#14152 = DIRECTION('',(1.,0.,0.));
#14153 = ORIENTED_EDGE('',*,*,#14154,.T.);
#14154 = EDGE_CURVE('',#14147,#14098,#14155,.T.);
#14155 = LINE('',#14156,#14157);
#14156 = CARTESIAN_POINT('',(-175.,-115.,0.));
#14157 = VECTOR('',#14158,1.);
#14158 = DIRECTION('',(0.,-1.,0.));
#14159 = FACE_BOUND('',#14160,.F.);
#14160 = EDGE_LOOP('',(#14161,#14171,#14179,#14187));
#14161 = ORIENTED_EDGE('',*,*,#14162,.T.);
#14162 = EDGE_CURVE('',#14163,#14165,#14167,.T.);
#14163 = VERTEX_POINT('',#14164);
#14164 = CARTESIAN_POINT('',(-184.52,-165.48,0.));
#14165 = VERTEX_POINT('',#14166);
#14166 = CARTESIAN_POINT('',(-225.48,-165.48,0.));
#14167 = LINE('',#14168,#14169);
#14168 = CARTESIAN_POINT('',(-184.52,-165.48,0.));
#14169 = VECTOR('',#14170,1.);
#14170 = DIRECTION('',(-1.,0.,0.));
#14171 = ORIENTED_EDGE('',*,*,#14172,.T.);
#14172 = EDGE_CURVE('',#14165,#14173,#14175,.T.);
#14173 = VERTEX_POINT('',#14174);
#14174 = CARTESIAN_POINT('',(-225.48,-124.52,0.));
#14175 = LINE('',#14176,#14177);
#14176 = CARTESIAN_POINT('',(-225.48,-165.48,0.));
#14177 = VECTOR('',#14178,1.);
#14178 = DIRECTION('',(0.,1.,0.));
#14179 = ORIENTED_EDGE('',*,*,#14180,.T.);
#14180 = EDGE_CURVE('',#14173,#14181,#14183,.T.);
#14181 = VERTEX_POINT('',#14182);
#14182 = CARTESIAN_POINT('',(-184.52,-124.52,0.));
#14183 = LINE('',#14184,#14185);
#14184 = CARTESIAN_POINT('',(-225.48,-124.52,0.));
#14185 = VECTOR('',#14186,1.);
#14186 = DIRECTION('',(1.,0.,0.));
#14187 = ORIENTED_EDGE('',*,*,#14188,.T.);
#14188 = EDGE_CURVE('',#14181,#14163,#14189,.T.);
#14189 = LINE('',#14190,#14191);
#14190 = CARTESIAN_POINT('',(-184.52,-124.52,0.));
#14191 = VECTOR('',#14192,1.);
#14192 = DIRECTION('',(0.,-1.,0.));
#14193 = PLANE('',#14194);
#14194 = AXIS2_PLACEMENT_3D('',#14195,#14196,#14197);
#14195 = CARTESIAN_POINT('',(-8.164E-14,-145.,0.));
#14196 = DIRECTION('',(0.,0.,1.));
#14197 = DIRECTION('',(1.,0.,0.));
#14198 = ADVANCED_FACE('',(#14199),#14217,.T.);
#14199 = FACE_BOUND('',#14200,.T.);
#14200 = EDGE_LOOP('',(#14201,#14202,#14203,#14211));
#14201 = ORIENTED_EDGE('',*,*,#14138,.F.);
#14202 = ORIENTED_EDGE('',*,*,#14123,.T.);
#14203 = ORIENTED_EDGE('',*,*,#14204,.T.);
#14204 = EDGE_CURVE('',#14116,#14205,#14207,.T.);
#14205 = VERTEX_POINT('',#14206);
#14206 = CARTESIAN_POINT('',(-235.,-115.,500.));
#14207 = LINE('',#14208,#14209);
#14208 = CARTESIAN_POINT('',(-235.,-87.78156552794,500.));
#14209 = VECTOR('',#14210,1.);
#14210 = DIRECTION('',(0.,1.,0.));
#14211 = ORIENTED_EDGE('',*,*,#14212,.F.);
#14212 = EDGE_CURVE('',#14139,#14205,#14213,.T.);
#14213 = LINE('',#14214,#14215);
#14214 = CARTESIAN_POINT('',(-235.,-115.,0.));
#14215 = VECTOR('',#14216,1.);
#14216 = DIRECTION('',(0.,0.,1.));
#14217 = PLANE('',#14218);
#14218 = AXIS2_PLACEMENT_3D('',#14219,#14220,#14221);
#14219 = CARTESIAN_POINT('',(-235.,-175.,0.));
#14220 = DIRECTION('',(-1.,0.,0.));
#14221 = DIRECTION('',(0.,1.,0.));
#14222 = ADVANCED_FACE('',(#14223,#14241),#14275,.T.);
#14223 = FACE_BOUND('',#14224,.T.);
#14224 = EDGE_LOOP('',(#14225,#14226,#14234,#14240));
#14225 = ORIENTED_EDGE('',*,*,#14115,.F.);
#14226 = ORIENTED_EDGE('',*,*,#14227,.F.);
#14227 = EDGE_CURVE('',#14228,#14108,#14230,.T.);
#14228 = VERTEX_POINT('',#14229);
#14229 = CARTESIAN_POINT('',(-175.,-115.,500.));
#14230 = LINE('',#14231,#14232);
#14231 = CARTESIAN_POINT('',(-175.,-57.78156552794,500.));
#14232 = VECTOR('',#14233,1.);
#14233 = DIRECTION('',(0.,-1.,0.));
#14234 = ORIENTED_EDGE('',*,*,#14235,.F.);
#14235 = EDGE_CURVE('',#14205,#14228,#14236,.T.);
#14236 = LINE('',#14237,#14238);
#14237 = CARTESIAN_POINT('',(-117.5,-115.,500.));
#14238 = VECTOR('',#14239,1.);
#14239 = DIRECTION('',(1.,0.,0.));
#14240 = ORIENTED_EDGE('',*,*,#14204,.F.);
#14241 = FACE_BOUND('',#14242,.T.);
#14242 = EDGE_LOOP('',(#14243,#14253,#14261,#14269));
#14243 = ORIENTED_EDGE('',*,*,#14244,.T.);
#14244 = EDGE_CURVE('',#14245,#14247,#14249,.T.);
#14245 = VERTEX_POINT('',#14246);
#14246 = CARTESIAN_POINT('',(-184.52,-124.52,500.));
#14247 = VERTEX_POINT('',#14248);
#14248 = CARTESIAN_POINT('',(-184.52,-165.48,500.));
#14249 = LINE('',#14250,#14251);
#14250 = CARTESIAN_POINT('',(-184.52,-62.54156552794,500.));
#14251 = VECTOR('',#14252,1.);
#14252 = DIRECTION('',(0.,-1.,0.));
#14253 = ORIENTED_EDGE('',*,*,#14254,.T.);
#14254 = EDGE_CURVE('',#14247,#14255,#14257,.T.);
#14255 = VERTEX_POINT('',#14256);
#14256 = CARTESIAN_POINT('',(-225.48,-165.48,500.));
#14257 = LINE('',#14258,#14259);
#14258 = CARTESIAN_POINT('',(-92.26,-165.48,500.));
#14259 = VECTOR('',#14260,1.);
#14260 = DIRECTION('',(-1.,0.,0.));
#14261 = ORIENTED_EDGE('',*,*,#14262,.T.);
#14262 = EDGE_CURVE('',#14255,#14263,#14265,.T.);
#14263 = VERTEX_POINT('',#14264);
#14264 = CARTESIAN_POINT('',(-225.48,-124.52,500.));
#14265 = LINE('',#14266,#14267);
#14266 = CARTESIAN_POINT('',(-225.48,-83.02156552794,500.));
#14267 = VECTOR('',#14268,1.);
#14268 = DIRECTION('',(0.,1.,0.));
#14269 = ORIENTED_EDGE('',*,*,#14270,.T.);
#14270 = EDGE_CURVE('',#14263,#14245,#14271,.T.);
#14271 = LINE('',#14272,#14273);
#14272 = CARTESIAN_POINT('',(-112.74,-124.52,500.));
#14273 = VECTOR('',#14274,1.);
#14274 = DIRECTION('',(1.,0.,0.));
#14275 = PLANE('',#14276);
#14276 = AXIS2_PLACEMENT_3D('',#14277,#14278,#14279);
#14277 = CARTESIAN_POINT('',(9.4E-16,-0.563131055882,500.));
#14278 = DIRECTION('',(0.,0.,1.));
#14279 = DIRECTION('',(1.,0.,-0.));
#14280 = ADVANCED_FACE('',(#14281),#14292,.T.);
#14281 = FACE_BOUND('',#14282,.T.);
#14282 = EDGE_LOOP('',(#14283,#14284,#14290,#14291));
#14283 = ORIENTED_EDGE('',*,*,#14154,.F.);
#14284 = ORIENTED_EDGE('',*,*,#14285,.T.);
#14285 = EDGE_CURVE('',#14147,#14228,#14286,.T.);
#14286 = LINE('',#14287,#14288);
#14287 = CARTESIAN_POINT('',(-175.,-115.,0.));
#14288 = VECTOR('',#14289,1.);
#14289 = DIRECTION('',(0.,0.,1.));
#14290 = ORIENTED_EDGE('',*,*,#14227,.T.);
#14291 = ORIENTED_EDGE('',*,*,#14107,.F.);
#14292 = PLANE('',#14293);
#14293 = AXIS2_PLACEMENT_3D('',#14294,#14295,#14296);
#14294 = CARTESIAN_POINT('',(-175.,-115.,0.));
#14295 = DIRECTION('',(1.,0.,0.));
#14296 = DIRECTION('',(0.,-1.,0.));
#14297 = ADVANCED_FACE('',(#14298),#14304,.T.);
#14298 = FACE_BOUND('',#14299,.T.);
#14299 = EDGE_LOOP('',(#14300,#14301,#14302,#14303));
#14300 = ORIENTED_EDGE('',*,*,#14146,.F.);
#14301 = ORIENTED_EDGE('',*,*,#14212,.T.);
#14302 = ORIENTED_EDGE('',*,*,#14235,.T.);
#14303 = ORIENTED_EDGE('',*,*,#14285,.F.);
#14304 = PLANE('',#14305);
#14305 = AXIS2_PLACEMENT_3D('',#14306,#14307,#14308);
#14306 = CARTESIAN_POINT('',(-235.,-115.,0.));
#14307 = DIRECTION('',(0.,1.,0.));
#14308 = DIRECTION('',(1.,0.,0.));
#14309 = ADVANCED_FACE('',(#14310),#14326,.F.);
#14310 = FACE_BOUND('',#14311,.F.);
#14311 = EDGE_LOOP('',(#14312,#14313,#14319,#14320));
#14312 = ORIENTED_EDGE('',*,*,#14162,.F.);
#14313 = ORIENTED_EDGE('',*,*,#14314,.T.);
#14314 = EDGE_CURVE('',#14163,#14247,#14315,.T.);
#14315 = LINE('',#14316,#14317);
#14316 = CARTESIAN_POINT('',(-184.52,-165.48,0.));
#14317 = VECTOR('',#14318,1.);
#14318 = DIRECTION('',(0.,0.,1.));
#14319 = ORIENTED_EDGE('',*,*,#14254,.T.);
#14320 = ORIENTED_EDGE('',*,*,#14321,.F.);
#14321 = EDGE_CURVE('',#14165,#14255,#14322,.T.);
#14322 = LINE('',#14323,#14324);
#14323 = CARTESIAN_POINT('',(-225.48,-165.48,0.));
#14324 = VECTOR('',#14325,1.);
#14325 = DIRECTION('',(0.,0.,1.));
#14326 = PLANE('',#14327);
#14327 = AXIS2_PLACEMENT_3D('',#14328,#14329,#14330);
#14328 = CARTESIAN_POINT('',(-184.52,-165.48,0.));
#14329 = DIRECTION('',(-0.,-1.,-0.));
#14330 = DIRECTION('',(-1.,0.,0.));
#14331 = ADVANCED_FACE('',(#14332),#14343,.F.);
#14332 = FACE_BOUND('',#14333,.F.);
#14333 = EDGE_LOOP('',(#14334,#14335,#14336,#14337));
#14334 = ORIENTED_EDGE('',*,*,#14172,.F.);
#14335 = ORIENTED_EDGE('',*,*,#14321,.T.);
#14336 = ORIENTED_EDGE('',*,*,#14262,.T.);
#14337 = ORIENTED_EDGE('',*,*,#14338,.F.);
#14338 = EDGE_CURVE('',#14173,#14263,#14339,.T.);
#14339 = LINE('',#14340,#14341);
#14340 = CARTESIAN_POINT('',(-225.48,-124.52,0.));
#14341 = VECTOR('',#14342,1.);
#14342 = DIRECTION('',(0.,0.,1.));
#14343 = PLANE('',#14344);
#14344 = AXIS2_PLACEMENT_3D('',#14345,#14346,#14347);
#14345 = CARTESIAN_POINT('',(-225.48,-165.48,0.));
#14346 = DIRECTION('',(-1.,0.,0.));
#14347 = DIRECTION('',(0.,1.,0.));
#14348 = ADVANCED_FACE('',(#14349),#14360,.F.);
#14349 = FACE_BOUND('',#14350,.F.);
#14350 = EDGE_LOOP('',(#14351,#14352,#14353,#14354));
#14351 = ORIENTED_EDGE('',*,*,#14180,.F.);
#14352 = ORIENTED_EDGE('',*,*,#14338,.T.);
#14353 = ORIENTED_EDGE('',*,*,#14270,.T.);
#14354 = ORIENTED_EDGE('',*,*,#14355,.F.);
#14355 = EDGE_CURVE('',#14181,#14245,#14356,.T.);
#14356 = LINE('',#14357,#14358);
#14357 = CARTESIAN_POINT('',(-184.52,-124.52,0.));
#14358 = VECTOR('',#14359,1.);
#14359 = DIRECTION('',(0.,0.,1.));
#14360 = PLANE('',#14361);
#14361 = AXIS2_PLACEMENT_3D('',#14362,#14363,#14364);
#14362 = CARTESIAN_POINT('',(-225.48,-124.52,0.));
#14363 = DIRECTION('',(0.,1.,0.));
#14364 = DIRECTION('',(1.,0.,0.));
#14365 = ADVANCED_FACE('',(#14366),#14372,.F.);
#14366 = FACE_BOUND('',#14367,.F.);
#14367 = EDGE_LOOP('',(#14368,#14369,#14370,#14371));
#14368 = ORIENTED_EDGE('',*,*,#14188,.F.);
#14369 = ORIENTED_EDGE('',*,*,#14355,.T.);
#14370 = ORIENTED_EDGE('',*,*,#14244,.T.);
#14371 = ORIENTED_EDGE('',*,*,#14314,.F.);
#14372 = PLANE('',#14373);
#14373 = AXIS2_PLACEMENT_3D('',#14374,#14375,#14376);
#14374 = CARTESIAN_POINT('',(-184.52,-124.52,0.));
#14375 = DIRECTION('',(1.,0.,0.));
#14376 = DIRECTION('',(0.,-1.,0.));
#14377 = ( GEOMETRIC_REPRESENTATION_CONTEXT(3) 
GLOBAL_UNCERTAINTY_ASSIGNED_CONTEXT((#14381)) 
GLOBAL_UNIT_ASSIGNED_CONTEXT((#14378,#14379,#14380)) 
REPRESENTATION_CONTEXT('Context #1',
  '3D Context with UNIT and UNCERTAINTY') );
#14378 = ( LENGTH_UNIT() NAMED_UNIT(*) SI_UNIT(.MILLI.,.METRE.) );
#14379 = ( NAMED_UNIT(*) PLANE_ANGLE_UNIT() SI_UNIT($,.RADIAN.) );
#14380 = ( NAMED_UNIT(*) SI_UNIT($,.STERADIAN.) SOLID_ANGLE_UNIT() );
#14381 = UNCERTAINTY_MEASURE_WITH_UNIT(LENGTH_MEASURE(1.E-07),#14378,
  'distance_accuracy_value','confusion accuracy');
#14382 = SHAPE_REPRESENTATION_RELATIONSHIP('','',#14383,#14061);
#14383 = ADVANCED_BREP_SHAPE_REPRESENTATION('',(#11,#14384),#14670);
#14384 = MANIFOLD_SOLID_BREP('',#14385);
#14385 = CLOSED_SHELL('',(#14386,#14426,#14491,#14515,#14573,#14590,
    #14602,#14624,#14641,#14658));
#14386 = ADVANCED_FACE('',(#14387),#14421,.T.);
#14387 = FACE_BOUND('',#14388,.T.);
#14388 = EDGE_LOOP('',(#14389,#14399,#14407,#14415));
#14389 = ORIENTED_EDGE('',*,*,#14390,.F.);
#14390 = EDGE_CURVE('',#14391,#14393,#14395,.T.);
#14391 = VERTEX_POINT('',#14392);
#14392 = CARTESIAN_POINT('',(175.,-175.,0.));
#14393 = VERTEX_POINT('',#14394);
#14394 = CARTESIAN_POINT('',(175.,-115.,0.));
#14395 = LINE('',#14396,#14397);
#14396 = CARTESIAN_POINT('',(175.,-175.,0.));
#14397 = VECTOR('',#14398,1.);
#14398 = DIRECTION('',(0.,1.,0.));
#14399 = ORIENTED_EDGE('',*,*,#14400,.T.);
#14400 = EDGE_CURVE('',#14391,#14401,#14403,.T.);
#14401 = VERTEX_POINT('',#14402);
#14402 = CARTESIAN_POINT('',(175.,-175.,500.));
#14403 = LINE('',#14404,#14405);
#14404 = CARTESIAN_POINT('',(175.,-175.,0.));
#14405 = VECTOR('',#14406,1.);
#14406 = DIRECTION('',(0.,0.,1.));
#14407 = ORIENTED_EDGE('',*,*,#14408,.T.);
#14408 = EDGE_CURVE('',#14401,#14409,#14411,.T.);
#14409 = VERTEX_POINT('',#14410);
#14410 = CARTESIAN_POINT('',(175.,-115.,500.));
#14411 = LINE('',#14412,#14413);
#14412 = CARTESIAN_POINT('',(175.,-87.78156552794,500.));
#14413 = VECTOR('',#14414,1.);
#14414 = DIRECTION('',(0.,1.,0.));
#14415 = ORIENTED_EDGE('',*,*,#14416,.F.);
#14416 = EDGE_CURVE('',#14393,#14409,#14417,.T.);
#14417 = LINE('',#14418,#14419);
#14418 = CARTESIAN_POINT('',(175.,-115.,0.));
#14419 = VECTOR('',#14420,1.);
#14420 = DIRECTION('',(0.,0.,1.));
#14421 = PLANE('',#14422);
#14422 = AXIS2_PLACEMENT_3D('',#14423,#14424,#14425);
#14423 = CARTESIAN_POINT('',(175.,-175.,0.));
#14424 = DIRECTION('',(-1.,0.,0.));
#14425 = DIRECTION('',(0.,1.,0.));
#14426 = ADVANCED_FACE('',(#14427,#14452),#14486,.F.);
#14427 = FACE_BOUND('',#14428,.T.);
#14428 = EDGE_LOOP('',(#14429,#14430,#14438,#14446));
#14429 = ORIENTED_EDGE('',*,*,#14390,.T.);
#14430 = ORIENTED_EDGE('',*,*,#14431,.T.);
#14431 = EDGE_CURVE('',#14393,#14432,#14434,.T.);
#14432 = VERTEX_POINT('',#14433);
#14433 = CARTESIAN_POINT('',(235.,-115.,0.));
#14434 = LINE('',#14435,#14436);
#14435 = CARTESIAN_POINT('',(175.,-115.,0.));
#14436 = VECTOR('',#14437,1.);
#14437 = DIRECTION('',(1.,0.,0.));
#14438 = ORIENTED_EDGE('',*,*,#14439,.T.);
#14439 = EDGE_CURVE('',#14432,#14440,#14442,.T.);
#14440 = VERTEX_POINT('',#14441);
#14441 = CARTESIAN_POINT('',(235.,-175.,0.));
#14442 = LINE('',#14443,#14444);
#14443 = CARTESIAN_POINT('',(235.,-115.,0.));
#14444 = VECTOR('',#14445,1.);
#14445 = DIRECTION('',(0.,-1.,0.));
#14446 = ORIENTED_EDGE('',*,*,#14447,.T.);
#14447 = EDGE_CURVE('',#14440,#14391,#14448,.T.);
#14448 = LINE('',#14449,#14450);
#14449 = CARTESIAN_POINT('',(235.,-175.,0.));
#14450 = VECTOR('',#14451,1.);
#14451 = DIRECTION('',(-1.,0.,0.));
#14452 = FACE_BOUND('',#14453,.F.);
#14453 = EDGE_LOOP('',(#14454,#14464,#14472,#14480));
#14454 = ORIENTED_EDGE('',*,*,#14455,.T.);
#14455 = EDGE_CURVE('',#14456,#14458,#14460,.T.);
#14456 = VERTEX_POINT('',#14457);
#14457 = CARTESIAN_POINT('',(184.52,-165.48,0.));
#14458 = VERTEX_POINT('',#14459);
#14459 = CARTESIAN_POINT('',(184.52,-124.52,0.));
#14460 = LINE('',#14461,#14462);
#14461 = CARTESIAN_POINT('',(184.52,-165.48,0.));
#14462 = VECTOR('',#14463,1.);
#14463 = DIRECTION('',(0.,1.,0.));
#14464 = ORIENTED_EDGE('',*,*,#14465,.T.);
#14465 = EDGE_CURVE('',#14458,#14466,#14468,.T.);
#14466 = VERTEX_POINT('',#14467);
#14467 = CARTESIAN_POINT('',(225.48,-124.52,0.));
#14468 = LINE('',#14469,#14470);
#14469 = CARTESIAN_POINT('',(184.52,-124.52,0.));
#14470 = VECTOR('',#14471,1.);
#14471 = DIRECTION('',(1.,0.,0.));
#14472 = ORIENTED_EDGE('',*,*,#14473,.T.);
#14473 = EDGE_CURVE('',#14466,#14474,#14476,.T.);
#14474 = VERTEX_POINT('',#14475);
#14475 = CARTESIAN_POINT('',(225.48,-165.48,0.));
#14476 = LINE('',#14477,#14478);
#14477 = CARTESIAN_POINT('',(225.48,-124.52,0.));
#14478 = VECTOR('',#14479,1.);
#14479 = DIRECTION('',(0.,-1.,0.));
#14480 = ORIENTED_EDGE('',*,*,#14481,.T.);
#14481 = EDGE_CURVE('',#14474,#14456,#14482,.T.);
#14482 = LINE('',#14483,#14484);
#14483 = CARTESIAN_POINT('',(225.48,-165.48,0.));
#14484 = VECTOR('',#14485,1.);
#14485 = DIRECTION('',(-1.,0.,0.));
#14486 = PLANE('',#14487);
#14487 = AXIS2_PLACEMENT_3D('',#14488,#14489,#14490);
#14488 = CARTESIAN_POINT('',(-8.164E-14,-145.,0.));
#14489 = DIRECTION('',(0.,0.,1.));
#14490 = DIRECTION('',(1.,0.,0.));
#14491 = ADVANCED_FACE('',(#14492),#14510,.T.);
#14492 = FACE_BOUND('',#14493,.T.);
#14493 = EDGE_LOOP('',(#14494,#14495,#14496,#14504));
#14494 = ORIENTED_EDGE('',*,*,#14431,.F.);
#14495 = ORIENTED_EDGE('',*,*,#14416,.T.);
#14496 = ORIENTED_EDGE('',*,*,#14497,.T.);
#14497 = EDGE_CURVE('',#14409,#14498,#14500,.T.);
#14498 = VERTEX_POINT('',#14499);
#14499 = CARTESIAN_POINT('',(235.,-115.,500.));
#14500 = LINE('',#14501,#14502);
#14501 = CARTESIAN_POINT('',(87.5,-115.,500.));
#14502 = VECTOR('',#14503,1.);
#14503 = DIRECTION('',(1.,0.,0.));
#14504 = ORIENTED_EDGE('',*,*,#14505,.F.);
#14505 = EDGE_CURVE('',#14432,#14498,#14506,.T.);
#14506 = LINE('',#14507,#14508);
#14507 = CARTESIAN_POINT('',(235.,-115.,0.));
#14508 = VECTOR('',#14509,1.);
#14509 = DIRECTION('',(0.,0.,1.));
#14510 = PLANE('',#14511);
#14511 = AXIS2_PLACEMENT_3D('',#14512,#14513,#14514);
#14512 = CARTESIAN_POINT('',(175.,-115.,0.));
#14513 = DIRECTION('',(0.,1.,0.));
#14514 = DIRECTION('',(1.,0.,0.));
#14515 = ADVANCED_FACE('',(#14516,#14534),#14568,.T.);
#14516 = FACE_BOUND('',#14517,.T.);
#14517 = EDGE_LOOP('',(#14518,#14519,#14527,#14533));
#14518 = ORIENTED_EDGE('',*,*,#14408,.F.);
#14519 = ORIENTED_EDGE('',*,*,#14520,.F.);
#14520 = EDGE_CURVE('',#14521,#14401,#14523,.T.);
#14521 = VERTEX_POINT('',#14522);
#14522 = CARTESIAN_POINT('',(235.,-175.,500.));
#14523 = LINE('',#14524,#14525);
#14524 = CARTESIAN_POINT('',(117.5,-175.,500.));
#14525 = VECTOR('',#14526,1.);
#14526 = DIRECTION('',(-1.,0.,0.));
#14527 = ORIENTED_EDGE('',*,*,#14528,.F.);
#14528 = EDGE_CURVE('',#14498,#14521,#14529,.T.);
#14529 = LINE('',#14530,#14531);
#14530 = CARTESIAN_POINT('',(235.,-57.78156552794,500.));
#14531 = VECTOR('',#14532,1.);
#14532 = DIRECTION('',(0.,-1.,0.));
#14533 = ORIENTED_EDGE('',*,*,#14497,.F.);
#14534 = FACE_BOUND('',#14535,.T.);
#14535 = EDGE_LOOP('',(#14536,#14546,#14554,#14562));
#14536 = ORIENTED_EDGE('',*,*,#14537,.T.);
#14537 = EDGE_CURVE('',#14538,#14540,#14542,.T.);
#14538 = VERTEX_POINT('',#14539);
#14539 = CARTESIAN_POINT('',(225.48,-165.48,500.));
#14540 = VERTEX_POINT('',#14541);
#14541 = CARTESIAN_POINT('',(184.52,-165.48,500.));
#14542 = LINE('',#14543,#14544);
#14543 = CARTESIAN_POINT('',(112.74,-165.48,500.));
#14544 = VECTOR('',#14545,1.);
#14545 = DIRECTION('',(-1.,0.,0.));
#14546 = ORIENTED_EDGE('',*,*,#14547,.T.);
#14547 = EDGE_CURVE('',#14540,#14548,#14550,.T.);
#14548 = VERTEX_POINT('',#14549);
#14549 = CARTESIAN_POINT('',(184.52,-124.52,500.));
#14550 = LINE('',#14551,#14552);
#14551 = CARTESIAN_POINT('',(184.52,-83.02156552794,500.));
#14552 = VECTOR('',#14553,1.);
#14553 = DIRECTION('',(0.,1.,0.));
#14554 = ORIENTED_EDGE('',*,*,#14555,.T.);
#14555 = EDGE_CURVE('',#14548,#14556,#14558,.T.);
#14556 = VERTEX_POINT('',#14557);
#14557 = CARTESIAN_POINT('',(225.48,-124.52,500.));
#14558 = LINE('',#14559,#14560);
#14559 = CARTESIAN_POINT('',(92.26,-124.52,500.));
#14560 = VECTOR('',#14561,1.);
#14561 = DIRECTION('',(1.,0.,0.));
#14562 = ORIENTED_EDGE('',*,*,#14563,.T.);
#14563 = EDGE_CURVE('',#14556,#14538,#14564,.T.);
#14564 = LINE('',#14565,#14566);
#14565 = CARTESIAN_POINT('',(225.48,-62.54156552794,500.));
#14566 = VECTOR('',#14567,1.);
#14567 = DIRECTION('',(0.,-1.,0.));
#14568 = PLANE('',#14569);
#14569 = AXIS2_PLACEMENT_3D('',#14570,#14571,#14572);
#14570 = CARTESIAN_POINT('',(9.4E-16,-0.563131055882,500.));
#14571 = DIRECTION('',(0.,0.,1.));
#14572 = DIRECTION('',(1.,0.,-0.));
#14573 = ADVANCED_FACE('',(#14574),#14585,.T.);
#14574 = FACE_BOUND('',#14575,.T.);
#14575 = EDGE_LOOP('',(#14576,#14577,#14583,#14584));
#14576 = ORIENTED_EDGE('',*,*,#14447,.F.);
#14577 = ORIENTED_EDGE('',*,*,#14578,.T.);
#14578 = EDGE_CURVE('',#14440,#14521,#14579,.T.);
#14579 = LINE('',#14580,#14581);
#14580 = CARTESIAN_POINT('',(235.,-175.,0.));
#14581 = VECTOR('',#14582,1.);
#14582 = DIRECTION('',(0.,0.,1.));
#14583 = ORIENTED_EDGE('',*,*,#14520,.T.);
#14584 = ORIENTED_EDGE('',*,*,#14400,.F.);
#14585 = PLANE('',#14586);
#14586 = AXIS2_PLACEMENT_3D('',#14587,#14588,#14589);
#14587 = CARTESIAN_POINT('',(235.,-175.,0.));
#14588 = DIRECTION('',(-0.,-1.,-0.));
#14589 = DIRECTION('',(-1.,0.,0.));
#14590 = ADVANCED_FACE('',(#14591),#14597,.T.);
#14591 = FACE_BOUND('',#14592,.T.);
#14592 = EDGE_LOOP('',(#14593,#14594,#14595,#14596));
#14593 = ORIENTED_EDGE('',*,*,#14439,.F.);
#14594 = ORIENTED_EDGE('',*,*,#14505,.T.);
#14595 = ORIENTED_EDGE('',*,*,#14528,.T.);
#14596 = ORIENTED_EDGE('',*,*,#14578,.F.);
#14597 = PLANE('',#14598);
#14598 = AXIS2_PLACEMENT_3D('',#14599,#14600,#14601);
#14599 = CARTESIAN_POINT('',(235.,-115.,0.));
#14600 = DIRECTION('',(1.,0.,0.));
#14601 = DIRECTION('',(0.,-1.,0.));
#14602 = ADVANCED_FACE('',(#14603),#14619,.F.);
#14603 = FACE_BOUND('',#14604,.F.);
#14604 = EDGE_LOOP('',(#14605,#14606,#14612,#14613));
#14605 = ORIENTED_EDGE('',*,*,#14455,.F.);
#14606 = ORIENTED_EDGE('',*,*,#14607,.T.);
#14607 = EDGE_CURVE('',#14456,#14540,#14608,.T.);
#14608 = LINE('',#14609,#14610);
#14609 = CARTESIAN_POINT('',(184.52,-165.48,0.));
#14610 = VECTOR('',#14611,1.);
#14611 = DIRECTION('',(0.,0.,1.));
#14612 = ORIENTED_EDGE('',*,*,#14547,.T.);
#14613 = ORIENTED_EDGE('',*,*,#14614,.F.);
#14614 = EDGE_CURVE('',#14458,#14548,#14615,.T.);
#14615 = LINE('',#14616,#14617);
#14616 = CARTESIAN_POINT('',(184.52,-124.52,0.));
#14617 = VECTOR('',#14618,1.);
#14618 = DIRECTION('',(0.,0.,1.));
#14619 = PLANE('',#14620);
#14620 = AXIS2_PLACEMENT_3D('',#14621,#14622,#14623);
#14621 = CARTESIAN_POINT('',(184.52,-165.48,0.));
#14622 = DIRECTION('',(-1.,0.,0.));
#14623 = DIRECTION('',(0.,1.,0.));
#14624 = ADVANCED_FACE('',(#14625),#14636,.F.);
#14625 = FACE_BOUND('',#14626,.F.);
#14626 = EDGE_LOOP('',(#14627,#14628,#14629,#14630));
#14627 = ORIENTED_EDGE('',*,*,#14465,.F.);
#14628 = ORIENTED_EDGE('',*,*,#14614,.T.);
#14629 = ORIENTED_EDGE('',*,*,#14555,.T.);
#14630 = ORIENTED_EDGE('',*,*,#14631,.F.);
#14631 = EDGE_CURVE('',#14466,#14556,#14632,.T.);
#14632 = LINE('',#14633,#14634);
#14633 = CARTESIAN_POINT('',(225.48,-124.52,0.));
#14634 = VECTOR('',#14635,1.);
#14635 = DIRECTION('',(0.,0.,1.));
#14636 = PLANE('',#14637);
#14637 = AXIS2_PLACEMENT_3D('',#14638,#14639,#14640);
#14638 = CARTESIAN_POINT('',(184.52,-124.52,0.));
#14639 = DIRECTION('',(0.,1.,0.));
#14640 = DIRECTION('',(1.,0.,0.));
#14641 = ADVANCED_FACE('',(#14642),#14653,.F.);
#14642 = FACE_BOUND('',#14643,.F.);
#14643 = EDGE_LOOP('',(#14644,#14645,#14646,#14647));
#14644 = ORIENTED_EDGE('',*,*,#14473,.F.);
#14645 = ORIENTED_EDGE('',*,*,#14631,.T.);
#14646 = ORIENTED_EDGE('',*,*,#14563,.T.);
#14647 = ORIENTED_EDGE('',*,*,#14648,.F.);
#14648 = EDGE_CURVE('',#14474,#14538,#14649,.T.);
#14649 = LINE('',#14650,#14651);
#14650 = CARTESIAN_POINT('',(225.48,-165.48,0.));
#14651 = VECTOR('',#14652,1.);
#14652 = DIRECTION('',(0.,0.,1.));
#14653 = PLANE('',#14654);
#14654 = AXIS2_PLACEMENT_3D('',#14655,#14656,#14657);
#14655 = CARTESIAN_POINT('',(225.48,-124.52,0.));
#14656 = DIRECTION('',(1.,0.,0.));
#14657 = DIRECTION('',(0.,-1.,0.));
#14658 = ADVANCED_FACE('',(#14659),#14665,.F.);
#14659 = FACE_BOUND('',#14660,.F.);
#14660 = EDGE_LOOP('',(#14661,#14662,#14663,#14664));
#14661 = ORIENTED_EDGE('',*,*,#14481,.F.);
#14662 = ORIENTED_EDGE('',*,*,#14648,.T.);
#14663 = ORIENTED_EDGE('',*,*,#14537,.T.);
#14664 = ORIENTED_EDGE('',*,*,#14607,.F.);
#14665 = PLANE('',#14666);
#14666 = AXIS2_PLACEMENT_3D('',#14667,#14668,#14669);
#14667 = CARTESIAN_POINT('',(225.48,-165.48,0.));
#14668 = DIRECTION('',(-0.,-1.,-0.));
#14669 = DIRECTION('',(-1.,0.,0.));
#14670 = ( GEOMETRIC_REPRESENTATION_CONTEXT(3) 
GLOBAL_UNCERTAINTY_ASSIGNED_CONTEXT((#14674)) 
GLOBAL_UNIT_ASSIGNED_CONTEXT((#14671,#14672,#14673)) 
REPRESENTATION_CONTEXT('Context #1',
  '3D Context with UNIT and UNCERTAINTY') );
#14671 = ( LENGTH_UNIT() NAMED_UNIT(*) SI_UNIT(.MILLI.,.METRE.) );
#14672 = ( NAMED_UNIT(*) PLANE_ANGLE_UNIT() SI_UNIT($,.RADIAN.) );
#14673 = ( NAMED_UNIT(*) SI_UNIT($,.STERADIAN.) SOLID_ANGLE_UNIT() );
#14674 = UNCERTAINTY_MEASURE_WITH_UNIT(LENGTH_MEASURE(1.E-07),#14671,
  'distance_accuracy_value','confusion accuracy');
#14675 = SHAPE_DEFINITION_REPRESENTATION(#14676,#14682);
#14676 = PRODUCT_DEFINITION_SHAPE('','',#14677);
#14677 = PRODUCT_DEFINITION('design','',#14678,#14681);
#14678 = PRODUCT_DEFINITION_FORMATION_WITH_SPECIFIED_SOURCE('','',#14679
  ,.NOT_KNOWN.);
#14679 = PRODUCT('reforco_lateral','reforco_lateral','',(#14680));
#14680 = MECHANICAL_CONTEXT('',#2,'mechanical');
#14681 = DESIGN_CONTEXT('',#2,'design');
#14682 = SHAPE_REPRESENTATION('',(#11),#14683);
#14683 = ( GEOMETRIC_REPRESENTATION_CONTEXT(3) 
GLOBAL_UNCERTAINTY_ASSIGNED_CONTEXT((#14687)) 
GLOBAL_UNIT_ASSIGNED_CONTEXT((#14684,#14685,#14686)) 
REPRESENTATION_CONTEXT('Context #1',
  '3D Context with UNIT and UNCERTAINTY') );
#14684 = ( LENGTH_UNIT() NAMED_UNIT(*) SI_UNIT(.MILLI.,.METRE.) );
#14685 = ( NAMED_UNIT(*) PLANE_ANGLE_UNIT() SI_UNIT($,.RADIAN.) );
#14686 = ( NAMED_UNIT(*) SI_UNIT($,.STERADIAN.) SOLID_ANGLE_UNIT() );
#14687 = UNCERTAINTY_MEASURE_WITH_UNIT(LENGTH_MEASURE(1.E-07),#14684,
  'distance_accuracy_value','confusion accuracy');
#14688 = CONTEXT_DEPENDENT_SHAPE_REPRESENTATION(#14689,#14691);
#14689 = ( REPRESENTATION_RELATIONSHIP('','',#14682,#12799) 
REPRESENTATION_RELATIONSHIP_WITH_TRANSFORMATION(#14690) 
SHAPE_REPRESENTATION_RELATIONSHIP() );
#14690 = ITEM_DEFINED_TRANSFORMATION('','',#11,#12816);
#14691 = PRODUCT_DEFINITION_SHAPE('Placement','Placement of an item',
  #14692);
#14692 = NEXT_ASSEMBLY_USAGE_OCCURRENCE('28','reforco_lateral','',#12794
  ,#14677,$);
#14693 = CC_DESIGN_SECURITY_CLASSIFICATION(#14694,(#14692));
#14694 = SECURITY_CLASSIFICATION('','',#55);
#14695 = CC_DESIGN_PERSON_AND_ORGANIZATION_ASSIGNMENT(#44,#53,(#14694));
#14696 = CC_DESIGN_DATE_AND_TIME_ASSIGNMENT(#58,#64,(#14694));
#14697 = CC_DESIGN_APPROVAL(#66,(#14694));
#14698 = PRODUCT_RELATED_PRODUCT_CATEGORY('detail',$,(#14679));
#14699 = PRODUCT_CATEGORY_RELATIONSHIP('','',#14700,#14698);
#14700 = PRODUCT_CATEGORY('part',$);
#14701 = CC_DESIGN_PERSON_AND_ORGANIZATION_ASSIGNMENT(#44,#47,(#14678,
    #14677));
#14702 = CC_DESIGN_PERSON_AND_ORGANIZATION_ASSIGNMENT(#44,#49,(#14679));
#14703 = CC_DESIGN_PERSON_AND_ORGANIZATION_ASSIGNMENT(#44,#51,(#14678));
#14704 = CC_DESIGN_PERSON_AND_ORGANIZATION_ASSIGNMENT(#44,#53,(#14705));
#14705 = SECURITY_CLASSIFICATION('','',#55);
#14706 = CC_DESIGN_SECURITY_CLASSIFICATION(#14705,(#14678));
#14707 = CC_DESIGN_DATE_AND_TIME_ASSIGNMENT(#58,#62,(#14677));
#14708 = CC_DESIGN_DATE_AND_TIME_ASSIGNMENT(#58,#64,(#14705));
#14709 = CC_DESIGN_APPROVAL(#66,(#14678,#14677,#14705));
#14710 = SHAPE_REPRESENTATION_RELATIONSHIP('','',#14711,#14682);
#14711 = ADVANCED_BREP_SHAPE_REPRESENTATION('',(#11,#14712),#14862);
#14712 = MANIFOLD_SOLID_BREP('',#14713);
#14713 = CLOSED_SHELL('',(#14714,#14754,#14785,#14809,#14833,#14850));
#14714 = ADVANCED_FACE('',(#14715),#14749,.T.);
#14715 = FACE_BOUND('',#14716,.T.);
#14716 = EDGE_LOOP('',(#14717,#14727,#14735,#14743));
#14717 = ORIENTED_EDGE('',*,*,#14718,.F.);
#14718 = EDGE_CURVE('',#14719,#14721,#14723,.T.);
#14719 = VERTEX_POINT('',#14720);
#14720 = CARTESIAN_POINT('',(-175.,175.,0.));
#14721 = VERTEX_POINT('',#14722);
#14722 = CARTESIAN_POINT('',(-175.,90.,0.));
#14723 = LINE('',#14724,#14725);
#14724 = CARTESIAN_POINT('',(-175.,175.,0.));
#14725 = VECTOR('',#14726,1.);
#14726 = DIRECTION('',(0.,-1.,0.));
#14727 = ORIENTED_EDGE('',*,*,#14728,.T.);
#14728 = EDGE_CURVE('',#14719,#14729,#14731,.T.);
#14729 = VERTEX_POINT('',#14730);
#14730 = CARTESIAN_POINT('',(-175.,175.,500.));
#14731 = LINE('',#14732,#14733);
#14732 = CARTESIAN_POINT('',(-175.,175.,0.));
#14733 = VECTOR('',#14734,1.);
#14734 = DIRECTION('',(0.,0.,1.));
#14735 = ORIENTED_EDGE('',*,*,#14736,.T.);
#14736 = EDGE_CURVE('',#14729,#14737,#14739,.T.);
#14737 = VERTEX_POINT('',#14738);
#14738 = CARTESIAN_POINT('',(-175.,90.,500.));
#14739 = LINE('',#14740,#14741);
#14740 = CARTESIAN_POINT('',(-175.,87.218434472059,500.));
#14741 = VECTOR('',#14742,1.);
#14742 = DIRECTION('',(0.,-1.,0.));
#14743 = ORIENTED_EDGE('',*,*,#14744,.F.);
#14744 = EDGE_CURVE('',#14721,#14737,#14745,.T.);
#14745 = LINE('',#14746,#14747);
#14746 = CARTESIAN_POINT('',(-175.,90.,0.));
#14747 = VECTOR('',#14748,1.);
#14748 = DIRECTION('',(0.,0.,1.));
#14749 = PLANE('',#14750);
#14750 = AXIS2_PLACEMENT_3D('',#14751,#14752,#14753);
#14751 = CARTESIAN_POINT('',(-175.,175.,0.));
#14752 = DIRECTION('',(1.,0.,0.));
#14753 = DIRECTION('',(0.,-1.,0.));
#14754 = ADVANCED_FACE('',(#14755),#14780,.F.);
#14755 = FACE_BOUND('',#14756,.T.);
#14756 = EDGE_LOOP('',(#14757,#14758,#14766,#14774));
#14757 = ORIENTED_EDGE('',*,*,#14718,.T.);
#14758 = ORIENTED_EDGE('',*,*,#14759,.T.);
#14759 = EDGE_CURVE('',#14721,#14760,#14762,.T.);
#14760 = VERTEX_POINT('',#14761);
#14761 = CARTESIAN_POINT('',(-184.52,90.,0.));
#14762 = LINE('',#14763,#14764);
#14763 = CARTESIAN_POINT('',(-175.,90.,0.));
#14764 = VECTOR('',#14765,1.);
#14765 = DIRECTION('',(-1.,0.,0.));
#14766 = ORIENTED_EDGE('',*,*,#14767,.T.);
#14767 = EDGE_CURVE('',#14760,#14768,#14770,.T.);
#14768 = VERTEX_POINT('',#14769);
#14769 = CARTESIAN_POINT('',(-184.52,175.,0.));
#14770 = LINE('',#14771,#14772);
#14771 = CARTESIAN_POINT('',(-184.52,90.,0.));
#14772 = VECTOR('',#14773,1.);
#14773 = DIRECTION('',(0.,1.,0.));
#14774 = ORIENTED_EDGE('',*,*,#14775,.T.);
#14775 = EDGE_CURVE('',#14768,#14719,#14776,.T.);
#14776 = LINE('',#14777,#14778);
#14777 = CARTESIAN_POINT('',(-184.52,175.,0.));
#14778 = VECTOR('',#14779,1.);
#14779 = DIRECTION('',(1.,0.,0.));
#14780 = PLANE('',#14781);
#14781 = AXIS2_PLACEMENT_3D('',#14782,#14783,#14784);
#14782 = CARTESIAN_POINT('',(-9.62E-15,132.5,0.));
#14783 = DIRECTION('',(0.,0.,1.));
#14784 = DIRECTION('',(1.,0.,0.));
#14785 = ADVANCED_FACE('',(#14786),#14804,.T.);
#14786 = FACE_BOUND('',#14787,.T.);
#14787 = EDGE_LOOP('',(#14788,#14789,#14790,#14798));
#14788 = ORIENTED_EDGE('',*,*,#14759,.F.);
#14789 = ORIENTED_EDGE('',*,*,#14744,.T.);
#14790 = ORIENTED_EDGE('',*,*,#14791,.T.);
#14791 = EDGE_CURVE('',#14737,#14792,#14794,.T.);
#14792 = VERTEX_POINT('',#14793);
#14793 = CARTESIAN_POINT('',(-184.52,90.,500.));
#14794 = LINE('',#14795,#14796);
#14795 = CARTESIAN_POINT('',(-87.5,90.,500.));
#14796 = VECTOR('',#14797,1.);
#14797 = DIRECTION('',(-1.,0.,0.));
#14798 = ORIENTED_EDGE('',*,*,#14799,.F.);
#14799 = EDGE_CURVE('',#14760,#14792,#14800,.T.);
#14800 = LINE('',#14801,#14802);
#14801 = CARTESIAN_POINT('',(-184.52,90.,0.));
#14802 = VECTOR('',#14803,1.);
#14803 = DIRECTION('',(0.,0.,1.));
#14804 = PLANE('',#14805);
#14805 = AXIS2_PLACEMENT_3D('',#14806,#14807,#14808);
#14806 = CARTESIAN_POINT('',(-175.,90.,0.));
#14807 = DIRECTION('',(-0.,-1.,-0.));
#14808 = DIRECTION('',(-1.,0.,0.));
#14809 = ADVANCED_FACE('',(#14810),#14828,.T.);
#14810 = FACE_BOUND('',#14811,.T.);
#14811 = EDGE_LOOP('',(#14812,#14813,#14821,#14827));
#14812 = ORIENTED_EDGE('',*,*,#14736,.F.);
#14813 = ORIENTED_EDGE('',*,*,#14814,.F.);
#14814 = EDGE_CURVE('',#14815,#14729,#14817,.T.);
#14815 = VERTEX_POINT('',#14816);
#14816 = CARTESIAN_POINT('',(-184.52,175.,500.));
#14817 = LINE('',#14818,#14819);
#14818 = CARTESIAN_POINT('',(-92.26,175.,500.));
#14819 = VECTOR('',#14820,1.);
#14820 = DIRECTION('',(1.,0.,0.));
#14821 = ORIENTED_EDGE('',*,*,#14822,.F.);
#14822 = EDGE_CURVE('',#14792,#14815,#14823,.T.);
#14823 = LINE('',#14824,#14825);
#14824 = CARTESIAN_POINT('',(-184.52,44.718434472059,500.));
#14825 = VECTOR('',#14826,1.);
#14826 = DIRECTION('',(0.,1.,0.));
#14827 = ORIENTED_EDGE('',*,*,#14791,.F.);
#14828 = PLANE('',#14829);
#14829 = AXIS2_PLACEMENT_3D('',#14830,#14831,#14832);
#14830 = CARTESIAN_POINT('',(9.4E-16,-0.563131055882,500.));
#14831 = DIRECTION('',(0.,0.,1.));
#14832 = DIRECTION('',(1.,0.,-0.));
#14833 = ADVANCED_FACE('',(#14834),#14845,.T.);
#14834 = FACE_BOUND('',#14835,.T.);
#14835 = EDGE_LOOP('',(#14836,#14837,#14843,#14844));
#14836 = ORIENTED_EDGE('',*,*,#14775,.F.);
#14837 = ORIENTED_EDGE('',*,*,#14838,.T.);
#14838 = EDGE_CURVE('',#14768,#14815,#14839,.T.);
#14839 = LINE('',#14840,#14841);
#14840 = CARTESIAN_POINT('',(-184.52,175.,0.));
#14841 = VECTOR('',#14842,1.);
#14842 = DIRECTION('',(0.,0.,1.));
#14843 = ORIENTED_EDGE('',*,*,#14814,.T.);
#14844 = ORIENTED_EDGE('',*,*,#14728,.F.);
#14845 = PLANE('',#14846);
#14846 = AXIS2_PLACEMENT_3D('',#14847,#14848,#14849);
#14847 = CARTESIAN_POINT('',(-184.52,175.,0.));
#14848 = DIRECTION('',(0.,1.,0.));
#14849 = DIRECTION('',(1.,0.,0.));
#14850 = ADVANCED_FACE('',(#14851),#14857,.T.);
#14851 = FACE_BOUND('',#14852,.T.);
#14852 = EDGE_LOOP('',(#14853,#14854,#14855,#14856));
#14853 = ORIENTED_EDGE('',*,*,#14767,.F.);
#14854 = ORIENTED_EDGE('',*,*,#14799,.T.);
#14855 = ORIENTED_EDGE('',*,*,#14822,.T.);
#14856 = ORIENTED_EDGE('',*,*,#14838,.F.);
#14857 = PLANE('',#14858);
#14858 = AXIS2_PLACEMENT_3D('',#14859,#14860,#14861);
#14859 = CARTESIAN_POINT('',(-184.52,90.,0.));
#14860 = DIRECTION('',(-1.,0.,0.));
#14861 = DIRECTION('',(0.,1.,0.));
#14862 = ( GEOMETRIC_REPRESENTATION_CONTEXT(3) 
GLOBAL_UNCERTAINTY_ASSIGNED_CONTEXT((#14866)) 
GLOBAL_UNIT_ASSIGNED_CONTEXT((#14863,#14864,#14865)) 
REPRESENTATION_CONTEXT('Context #1',
  '3D Context with UNIT and UNCERTAINTY') );
#14863 = ( LENGTH_UNIT() NAMED_UNIT(*) SI_UNIT(.MILLI.,.METRE.) );
#14864 = ( NAMED_UNIT(*) PLANE_ANGLE_UNIT() SI_UNIT($,.RADIAN.) );
#14865 = ( NAMED_UNIT(*) SI_UNIT($,.STERADIAN.) SOLID_ANGLE_UNIT() );
#14866 = UNCERTAINTY_MEASURE_WITH_UNIT(LENGTH_MEASURE(1.E-07),#14863,
  'distance_accuracy_value','confusion accuracy');
#14867 = SHAPE_REPRESENTATION_RELATIONSHIP('','',#14868,#14682);
#14868 = ADVANCED_BREP_SHAPE_REPRESENTATION('',(#11,#14869),#15019);
#14869 = MANIFOLD_SOLID_BREP('',#14870);
#14870 = CLOSED_SHELL('',(#14871,#14911,#14942,#14966,#14990,#15007));
#14871 = ADVANCED_FACE('',(#14872),#14906,.T.);
#14872 = FACE_BOUND('',#14873,.T.);
#14873 = EDGE_LOOP('',(#14874,#14884,#14892,#14900));
#14874 = ORIENTED_EDGE('',*,*,#14875,.F.);
#14875 = EDGE_CURVE('',#14876,#14878,#14880,.T.);
#14876 = VERTEX_POINT('',#14877);
#14877 = CARTESIAN_POINT('',(175.,175.,0.));
#14878 = VERTEX_POINT('',#14879);
#14879 = CARTESIAN_POINT('',(184.52,175.,0.));
#14880 = LINE('',#14881,#14882);
#14881 = CARTESIAN_POINT('',(175.,175.,0.));
#14882 = VECTOR('',#14883,1.);
#14883 = DIRECTION('',(1.,0.,0.));
#14884 = ORIENTED_EDGE('',*,*,#14885,.T.);
#14885 = EDGE_CURVE('',#14876,#14886,#14888,.T.);
#14886 = VERTEX_POINT('',#14887);
#14887 = CARTESIAN_POINT('',(175.,175.,500.));
#14888 = LINE('',#14889,#14890);
#14889 = CARTESIAN_POINT('',(175.,175.,0.));
#14890 = VECTOR('',#14891,1.);
#14891 = DIRECTION('',(0.,0.,1.));
#14892 = ORIENTED_EDGE('',*,*,#14893,.T.);
#14893 = EDGE_CURVE('',#14886,#14894,#14896,.T.);
#14894 = VERTEX_POINT('',#14895);
#14895 = CARTESIAN_POINT('',(184.52,175.,500.));
#14896 = LINE('',#14897,#14898);
#14897 = CARTESIAN_POINT('',(87.5,175.,500.));
#14898 = VECTOR('',#14899,1.);
#14899 = DIRECTION('',(1.,0.,0.));
#14900 = ORIENTED_EDGE('',*,*,#14901,.F.);
#14901 = EDGE_CURVE('',#14878,#14894,#14902,.T.);
#14902 = LINE('',#14903,#14904);
#14903 = CARTESIAN_POINT('',(184.52,175.,0.));
#14904 = VECTOR('',#14905,1.);
#14905 = DIRECTION('',(0.,0.,1.));
#14906 = PLANE('',#14907);
#14907 = AXIS2_PLACEMENT_3D('',#14908,#14909,#14910);
#14908 = CARTESIAN_POINT('',(175.,175.,0.));
#14909 = DIRECTION('',(0.,1.,0.));
#14910 = DIRECTION('',(1.,0.,0.));
#14911 = ADVANCED_FACE('',(#14912),#14937,.F.);
#14912 = FACE_BOUND('',#14913,.T.);
#14913 = EDGE_LOOP('',(#14914,#14915,#14923,#14931));
#14914 = ORIENTED_EDGE('',*,*,#14875,.T.);
#14915 = ORIENTED_EDGE('',*,*,#14916,.T.);
#14916 = EDGE_CURVE('',#14878,#14917,#14919,.T.);
#14917 = VERTEX_POINT('',#14918);
#14918 = CARTESIAN_POINT('',(184.52,90.,0.));
#14919 = LINE('',#14920,#14921);
#14920 = CARTESIAN_POINT('',(184.52,175.,0.));
#14921 = VECTOR('',#14922,1.);
#14922 = DIRECTION('',(0.,-1.,0.));
#14923 = ORIENTED_EDGE('',*,*,#14924,.T.);
#14924 = EDGE_CURVE('',#14917,#14925,#14927,.T.);
#14925 = VERTEX_POINT('',#14926);
#14926 = CARTESIAN_POINT('',(175.,90.,0.));
#14927 = LINE('',#14928,#14929);
#14928 = CARTESIAN_POINT('',(184.52,90.,0.));
#14929 = VECTOR('',#14930,1.);
#14930 = DIRECTION('',(-1.,0.,0.));
#14931 = ORIENTED_EDGE('',*,*,#14932,.T.);
#14932 = EDGE_CURVE('',#14925,#14876,#14933,.T.);
#14933 = LINE('',#14934,#14935);
#14934 = CARTESIAN_POINT('',(175.,90.,0.));
#14935 = VECTOR('',#14936,1.);
#14936 = DIRECTION('',(0.,1.,0.));
#14937 = PLANE('',#14938);
#14938 = AXIS2_PLACEMENT_3D('',#14939,#14940,#14941);
#14939 = CARTESIAN_POINT('',(-9.62E-15,132.5,0.));
#14940 = DIRECTION('',(0.,0.,1.));
#14941 = DIRECTION('',(1.,0.,0.));
#14942 = ADVANCED_FACE('',(#14943),#14961,.T.);
#14943 = FACE_BOUND('',#14944,.T.);
#14944 = EDGE_LOOP('',(#14945,#14946,#14947,#14955));
#14945 = ORIENTED_EDGE('',*,*,#14916,.F.);
#14946 = ORIENTED_EDGE('',*,*,#14901,.T.);
#14947 = ORIENTED_EDGE('',*,*,#14948,.T.);
#14948 = EDGE_CURVE('',#14894,#14949,#14951,.T.);
#14949 = VERTEX_POINT('',#14950);
#14950 = CARTESIAN_POINT('',(184.52,90.,500.));
#14951 = LINE('',#14952,#14953);
#14952 = CARTESIAN_POINT('',(184.52,87.218434472059,500.));
#14953 = VECTOR('',#14954,1.);
#14954 = DIRECTION('',(0.,-1.,0.));
#14955 = ORIENTED_EDGE('',*,*,#14956,.F.);
#14956 = EDGE_CURVE('',#14917,#14949,#14957,.T.);
#14957 = LINE('',#14958,#14959);
#14958 = CARTESIAN_POINT('',(184.52,90.,0.));
#14959 = VECTOR('',#14960,1.);
#14960 = DIRECTION('',(0.,0.,1.));
#14961 = PLANE('',#14962);
#14962 = AXIS2_PLACEMENT_3D('',#14963,#14964,#14965);
#14963 = CARTESIAN_POINT('',(184.52,175.,0.));
#14964 = DIRECTION('',(1.,0.,0.));
#14965 = DIRECTION('',(0.,-1.,0.));
#14966 = ADVANCED_FACE('',(#14967),#14985,.T.);
#14967 = FACE_BOUND('',#14968,.T.);
#14968 = EDGE_LOOP('',(#14969,#14970,#14978,#14984));
#14969 = ORIENTED_EDGE('',*,*,#14893,.F.);
#14970 = ORIENTED_EDGE('',*,*,#14971,.F.);
#14971 = EDGE_CURVE('',#14972,#14886,#14974,.T.);
#14972 = VERTEX_POINT('',#14973);
#14973 = CARTESIAN_POINT('',(175.,90.,500.));
#14974 = LINE('',#14975,#14976);
#14975 = CARTESIAN_POINT('',(175.,44.718434472059,500.));
#14976 = VECTOR('',#14977,1.);
#14977 = DIRECTION('',(0.,1.,0.));
#14978 = ORIENTED_EDGE('',*,*,#14979,.F.);
#14979 = EDGE_CURVE('',#14949,#14972,#14980,.T.);
#14980 = LINE('',#14981,#14982);
#14981 = CARTESIAN_POINT('',(92.26,90.,500.));
#14982 = VECTOR('',#14983,1.);
#14983 = DIRECTION('',(-1.,0.,0.));
#14984 = ORIENTED_EDGE('',*,*,#14948,.F.);
#14985 = PLANE('',#14986);
#14986 = AXIS2_PLACEMENT_3D('',#14987,#14988,#14989);
#14987 = CARTESIAN_POINT('',(9.4E-16,-0.563131055882,500.));
#14988 = DIRECTION('',(0.,0.,1.));
#14989 = DIRECTION('',(1.,0.,-0.));
#14990 = ADVANCED_FACE('',(#14991),#15002,.T.);
#14991 = FACE_BOUND('',#14992,.T.);
#14992 = EDGE_LOOP('',(#14993,#14994,#15000,#15001));
#14993 = ORIENTED_EDGE('',*,*,#14932,.F.);
#14994 = ORIENTED_EDGE('',*,*,#14995,.T.);
#14995 = EDGE_CURVE('',#14925,#14972,#14996,.T.);
#14996 = LINE('',#14997,#14998);
#14997 = CARTESIAN_POINT('',(175.,90.,0.));
#14998 = VECTOR('',#14999,1.);
#14999 = DIRECTION('',(0.,0.,1.));
#15000 = ORIENTED_EDGE('',*,*,#14971,.T.);
#15001 = ORIENTED_EDGE('',*,*,#14885,.F.);
#15002 = PLANE('',#15003);
#15003 = AXIS2_PLACEMENT_3D('',#15004,#15005,#15006);
#15004 = CARTESIAN_POINT('',(175.,90.,0.));
#15005 = DIRECTION('',(-1.,0.,0.));
#15006 = DIRECTION('',(0.,1.,0.));
#15007 = ADVANCED_FACE('',(#15008),#15014,.T.);
#15008 = FACE_BOUND('',#15009,.T.);
#15009 = EDGE_LOOP('',(#15010,#15011,#15012,#15013));
#15010 = ORIENTED_EDGE('',*,*,#14924,.F.);
#15011 = ORIENTED_EDGE('',*,*,#14956,.T.);
#15012 = ORIENTED_EDGE('',*,*,#14979,.T.);
#15013 = ORIENTED_EDGE('',*,*,#14995,.F.);
#15014 = PLANE('',#15015);
#15015 = AXIS2_PLACEMENT_3D('',#15016,#15017,#15018);
#15016 = CARTESIAN_POINT('',(184.52,90.,0.));
#15017 = DIRECTION('',(-0.,-1.,-0.));
#15018 = DIRECTION('',(-1.,0.,0.));
#15019 = ( GEOMETRIC_REPRESENTATION_CONTEXT(3) 
GLOBAL_UNCERTAINTY_ASSIGNED_CONTEXT((#15023)) 
GLOBAL_UNIT_ASSIGNED_CONTEXT((#15020,#15021,#15022)) 
REPRESENTATION_CONTEXT('Context #1',
  '3D Context with UNIT and UNCERTAINTY') );
#15020 = ( LENGTH_UNIT() NAMED_UNIT(*) SI_UNIT(.MILLI.,.METRE.) );
#15021 = ( NAMED_UNIT(*) PLANE_ANGLE_UNIT() SI_UNIT($,.RADIAN.) );
#15022 = ( NAMED_UNIT(*) SI_UNIT($,.STERADIAN.) SOLID_ANGLE_UNIT() );
#15023 = UNCERTAINTY_MEASURE_WITH_UNIT(LENGTH_MEASURE(1.E-07),#15020,
  'distance_accuracy_value','confusion accuracy');
#15024 = SHAPE_DEFINITION_REPRESENTATION(#15025,#15031);
#15025 = PRODUCT_DEFINITION_SHAPE('','',#15026);
#15026 = PRODUCT_DEFINITION('design','',#15027,#15030);
#15027 = PRODUCT_DEFINITION_FORMATION_WITH_SPECIFIED_SOURCE('','',#15028
  ,.NOT_KNOWN.);
#15028 = PRODUCT('flange_inferior','flange_inferior','',(#15029));
#15029 = MECHANICAL_CONTEXT('',#2,'mechanical');
#15030 = DESIGN_CONTEXT('',#2,'design');
#15031 = ADVANCED_BREP_SHAPE_REPRESENTATION('',(#11,#15032),#16307);
#15032 = MANIFOLD_SOLID_BREP('',#15033);
#15033 = CLOSED_SHELL('',(#15034,#15074,#15105,#15136,#15167,#15198,
    #15231,#15262,#15295,#15326,#15359,#15390,#15423,#15454,#15487,
    #15518,#15551,#15582,#15613,#15644,#15666,#15699,#15732,#15765,
    #15798,#15831,#15864,#15897,#15930,#15963,#15996,#16029,#16062,
    #16095,#16128,#16161,#16234));
#15034 = ADVANCED_FACE('',(#15035),#15069,.F.);
#15035 = FACE_BOUND('',#15036,.F.);
#15036 = EDGE_LOOP('',(#15037,#15047,#15055,#15063));
#15037 = ORIENTED_EDGE('',*,*,#15038,.T.);
#15038 = EDGE_CURVE('',#15039,#15041,#15043,.T.);
#15039 = VERTEX_POINT('',#15040);
#15040 = CARTESIAN_POINT('',(235.,-175.,0.));
#15041 = VERTEX_POINT('',#15042);
#15042 = CARTESIAN_POINT('',(235.,-175.,-20.));
#15043 = LINE('',#15044,#15045);
#15044 = CARTESIAN_POINT('',(235.,-175.,0.));
#15045 = VECTOR('',#15046,1.);
#15046 = DIRECTION('',(0.,0.,-1.));
#15047 = ORIENTED_EDGE('',*,*,#15048,.T.);
#15048 = EDGE_CURVE('',#15041,#15049,#15051,.T.);
#15049 = VERTEX_POINT('',#15050);
#15050 = CARTESIAN_POINT('',(-235.,-175.,-20.));
#15051 = LINE('',#15052,#15053);
#15052 = CARTESIAN_POINT('',(235.,-175.,-20.));
#15053 = VECTOR('',#15054,1.);
#15054 = DIRECTION('',(-1.,0.,0.));
#15055 = ORIENTED_EDGE('',*,*,#15056,.F.);
#15056 = EDGE_CURVE('',#15057,#15049,#15059,.T.);
#15057 = VERTEX_POINT('',#15058);
#15058 = CARTESIAN_POINT('',(-235.,-175.,0.));
#15059 = LINE('',#15060,#15061);
#15060 = CARTESIAN_POINT('',(-235.,-175.,0.));
#15061 = VECTOR('',#15062,1.);
#15062 = DIRECTION('',(0.,0.,-1.));
#15063 = ORIENTED_EDGE('',*,*,#15064,.F.);
#15064 = EDGE_CURVE('',#15039,#15057,#15065,.T.);
#15065 = LINE('',#15066,#15067);
#15066 = CARTESIAN_POINT('',(235.,-175.,0.));
#15067 = VECTOR('',#15068,1.);
#15068 = DIRECTION('',(-1.,0.,0.));
#15069 = PLANE('',#15070);
#15070 = AXIS2_PLACEMENT_3D('',#15071,#15072,#15073);
#15071 = CARTESIAN_POINT('',(235.,-175.,0.));
#15072 = DIRECTION('',(0.,1.,0.));
#15073 = DIRECTION('',(-1.,0.,0.));
#15074 = ADVANCED_FACE('',(#15075),#15100,.F.);
#15075 = FACE_BOUND('',#15076,.F.);
#15076 = EDGE_LOOP('',(#15077,#15078,#15086,#15094));
#15077 = ORIENTED_EDGE('',*,*,#15056,.T.);
#15078 = ORIENTED_EDGE('',*,*,#15079,.T.);
#15079 = EDGE_CURVE('',#15049,#15080,#15082,.T.);
#15080 = VERTEX_POINT('',#15081);
#15081 = CARTESIAN_POINT('',(-235.,-115.,-20.));
#15082 = LINE('',#15083,#15084);
#15083 = CARTESIAN_POINT('',(-235.,-175.,-20.));
#15084 = VECTOR('',#15085,1.);
#15085 = DIRECTION('',(0.,1.,0.));
#15086 = ORIENTED_EDGE('',*,*,#15087,.F.);
#15087 = EDGE_CURVE('',#15088,#15080,#15090,.T.);
#15088 = VERTEX_POINT('',#15089);
#15089 = CARTESIAN_POINT('',(-235.,-115.,0.));
#15090 = LINE('',#15091,#15092);
#15091 = CARTESIAN_POINT('',(-235.,-115.,0.));
#15092 = VECTOR('',#15093,1.);
#15093 = DIRECTION('',(0.,0.,-1.));
#15094 = ORIENTED_EDGE('',*,*,#15095,.F.);
#15095 = EDGE_CURVE('',#15057,#15088,#15096,.T.);
#15096 = LINE('',#15097,#15098);
#15097 = CARTESIAN_POINT('',(-235.,-175.,0.));
#15098 = VECTOR('',#15099,1.);
#15099 = DIRECTION('',(0.,1.,0.));
#15100 = PLANE('',#15101);
#15101 = AXIS2_PLACEMENT_3D('',#15102,#15103,#15104);
#15102 = CARTESIAN_POINT('',(-235.,-175.,0.));
#15103 = DIRECTION('',(1.,0.,0.));
#15104 = DIRECTION('',(-0.,1.,0.));
#15105 = ADVANCED_FACE('',(#15106),#15131,.F.);
#15106 = FACE_BOUND('',#15107,.F.);
#15107 = EDGE_LOOP('',(#15108,#15109,#15117,#15125));
#15108 = ORIENTED_EDGE('',*,*,#15087,.T.);
#15109 = ORIENTED_EDGE('',*,*,#15110,.T.);
#15110 = EDGE_CURVE('',#15080,#15111,#15113,.T.);
#15111 = VERTEX_POINT('',#15112);
#15112 = CARTESIAN_POINT('',(-175.,-115.,-20.));
#15113 = LINE('',#15114,#15115);
#15114 = CARTESIAN_POINT('',(-235.,-115.,-20.));
#15115 = VECTOR('',#15116,1.);
#15116 = DIRECTION('',(1.,0.,0.));
#15117 = ORIENTED_EDGE('',*,*,#15118,.F.);
#15118 = EDGE_CURVE('',#15119,#15111,#15121,.T.);
#15119 = VERTEX_POINT('',#15120);
#15120 = CARTESIAN_POINT('',(-175.,-115.,0.));
#15121 = LINE('',#15122,#15123);
#15122 = CARTESIAN_POINT('',(-175.,-115.,0.));
#15123 = VECTOR('',#15124,1.);
#15124 = DIRECTION('',(0.,0.,-1.));
#15125 = ORIENTED_EDGE('',*,*,#15126,.F.);
#15126 = EDGE_CURVE('',#15088,#15119,#15127,.T.);
#15127 = LINE('',#15128,#15129);
#15128 = CARTESIAN_POINT('',(-235.,-115.,0.));
#15129 = VECTOR('',#15130,1.);
#15130 = DIRECTION('',(1.,0.,0.));
#15131 = PLANE('',#15132);
#15132 = AXIS2_PLACEMENT_3D('',#15133,#15134,#15135);
#15133 = CARTESIAN_POINT('',(-235.,-115.,0.));
#15134 = DIRECTION('',(0.,-1.,0.));
#15135 = DIRECTION('',(1.,0.,0.));
#15136 = ADVANCED_FACE('',(#15137),#15162,.F.);
#15137 = FACE_BOUND('',#15138,.F.);
#15138 = EDGE_LOOP('',(#15139,#15140,#15148,#15156));
#15139 = ORIENTED_EDGE('',*,*,#15118,.T.);
#15140 = ORIENTED_EDGE('',*,*,#15141,.T.);
#15141 = EDGE_CURVE('',#15111,#15142,#15144,.T.);
#15142 = VERTEX_POINT('',#15143);
#15143 = CARTESIAN_POINT('',(-175.,-37.,-20.));
#15144 = LINE('',#15145,#15146);
#15145 = CARTESIAN_POINT('',(-175.,-115.,-20.));
#15146 = VECTOR('',#15147,1.);
#15147 = DIRECTION('',(0.,1.,0.));
#15148 = ORIENTED_EDGE('',*,*,#15149,.F.);
#15149 = EDGE_CURVE('',#15150,#15142,#15152,.T.);
#15150 = VERTEX_POINT('',#15151);
#15151 = CARTESIAN_POINT('',(-175.,-37.,0.));
#15152 = LINE('',#15153,#15154);
#15153 = CARTESIAN_POINT('',(-175.,-37.,0.));
#15154 = VECTOR('',#15155,1.);
#15155 = DIRECTION('',(0.,0.,-1.));
#15156 = ORIENTED_EDGE('',*,*,#15157,.F.);
#15157 = EDGE_CURVE('',#15119,#15150,#15158,.T.);
#15158 = LINE('',#15159,#15160);
#15159 = CARTESIAN_POINT('',(-175.,-115.,0.));
#15160 = VECTOR('',#15161,1.);
#15161 = DIRECTION('',(0.,1.,0.));
#15162 = PLANE('',#15163);
#15163 = AXIS2_PLACEMENT_3D('',#15164,#15165,#15166);
#15164 = CARTESIAN_POINT('',(-175.,-115.,0.));
#15165 = DIRECTION('',(1.,0.,0.));
#15166 = DIRECTION('',(-0.,1.,0.));
#15167 = ADVANCED_FACE('',(#15168),#15193,.F.);
#15168 = FACE_BOUND('',#15169,.F.);
#15169 = EDGE_LOOP('',(#15170,#15171,#15179,#15187));
#15170 = ORIENTED_EDGE('',*,*,#15149,.T.);
#15171 = ORIENTED_EDGE('',*,*,#15172,.T.);
#15172 = EDGE_CURVE('',#15142,#15173,#15175,.T.);
#15173 = VERTEX_POINT('',#15174);
#15174 = CARTESIAN_POINT('',(-206.5,-37.,-20.));
#15175 = LINE('',#15176,#15177);
#15176 = CARTESIAN_POINT('',(-175.,-37.,-20.));
#15177 = VECTOR('',#15178,1.);
#15178 = DIRECTION('',(-1.,0.,0.));
#15179 = ORIENTED_EDGE('',*,*,#15180,.F.);
#15180 = EDGE_CURVE('',#15181,#15173,#15183,.T.);
#15181 = VERTEX_POINT('',#15182);
#15182 = CARTESIAN_POINT('',(-206.5,-37.,0.));
#15183 = LINE('',#15184,#15185);
#15184 = CARTESIAN_POINT('',(-206.5,-37.,0.));
#15185 = VECTOR('',#15186,1.);
#15186 = DIRECTION('',(0.,0.,-1.));
#15187 = ORIENTED_EDGE('',*,*,#15188,.F.);
#15188 = EDGE_CURVE('',#15150,#15181,#15189,.T.);
#15189 = LINE('',#15190,#15191);
#15190 = CARTESIAN_POINT('',(-175.,-37.,0.));
#15191 = VECTOR('',#15192,1.);
#15192 = DIRECTION('',(-1.,0.,0.));
#15193 = PLANE('',#15194);
#15194 = AXIS2_PLACEMENT_3D('',#15195,#15196,#15197);
#15195 = CARTESIAN_POINT('',(-175.,-37.,0.));
#15196 = DIRECTION('',(0.,1.,0.));
#15197 = DIRECTION('',(-1.,0.,0.));
#15198 = ADVANCED_FACE('',(#15199),#15226,.T.);
#15199 = FACE_BOUND('',#15200,.F.);
#15200 = EDGE_LOOP('',(#15201,#15202,#15211,#15219));
#15201 = ORIENTED_EDGE('',*,*,#15180,.T.);
#15202 = ORIENTED_EDGE('',*,*,#15203,.T.);
#15203 = EDGE_CURVE('',#15173,#15204,#15206,.T.);
#15204 = VERTEX_POINT('',#15205);
#15205 = CARTESIAN_POINT('',(-225.,-18.5,-20.));
#15206 = CIRCLE('',#15207,18.5);
#15207 = AXIS2_PLACEMENT_3D('',#15208,#15209,#15210);
#15208 = CARTESIAN_POINT('',(-206.5,-18.5,-20.));
#15209 = DIRECTION('',(0.,0.,-1.));
#15210 = DIRECTION('',(1.,0.,0.));
#15211 = ORIENTED_EDGE('',*,*,#15212,.F.);
#15212 = EDGE_CURVE('',#15213,#15204,#15215,.T.);
#15213 = VERTEX_POINT('',#15214);
#15214 = CARTESIAN_POINT('',(-225.,-18.5,0.));
#15215 = LINE('',#15216,#15217);
#15216 = CARTESIAN_POINT('',(-225.,-18.5,0.));
#15217 = VECTOR('',#15218,1.);
#15218 = DIRECTION('',(0.,0.,-1.));
#15219 = ORIENTED_EDGE('',*,*,#15220,.F.);
#15220 = EDGE_CURVE('',#15181,#15213,#15221,.T.);
#15221 = CIRCLE('',#15222,18.5);
#15222 = AXIS2_PLACEMENT_3D('',#15223,#15224,#15225);
#15223 = CARTESIAN_POINT('',(-206.5,-18.5,0.));
#15224 = DIRECTION('',(0.,0.,-1.));
#15225 = DIRECTION('',(1.,0.,0.));
#15226 = CYLINDRICAL_SURFACE('',#15227,18.5);
#15227 = AXIS2_PLACEMENT_3D('',#15228,#15229,#15230);
#15228 = CARTESIAN_POINT('',(-206.5,-18.5,0.));
#15229 = DIRECTION('',(0.,0.,1.));
#15230 = DIRECTION('',(1.,0.,-0.));
#15231 = ADVANCED_FACE('',(#15232),#15257,.F.);
#15232 = FACE_BOUND('',#15233,.F.);
#15233 = EDGE_LOOP('',(#15234,#15235,#15243,#15251));
#15234 = ORIENTED_EDGE('',*,*,#15212,.T.);
#15235 = ORIENTED_EDGE('',*,*,#15236,.T.);
#15236 = EDGE_CURVE('',#15204,#15237,#15239,.T.);
#15237 = VERTEX_POINT('',#15238);
#15238 = CARTESIAN_POINT('',(-225.,118.39745962155,-20.));
#15239 = LINE('',#15240,#15241);
#15240 = CARTESIAN_POINT('',(-225.,-18.5,-20.));
#15241 = VECTOR('',#15242,1.);
#15242 = DIRECTION('',(0.,1.,0.));
#15243 = ORIENTED_EDGE('',*,*,#15244,.F.);
#15244 = EDGE_CURVE('',#15245,#15237,#15247,.T.);
#15245 = VERTEX_POINT('',#15246);
#15246 = CARTESIAN_POINT('',(-225.,118.39745962155,0.));
#15247 = LINE('',#15248,#15249);
#15248 = CARTESIAN_POINT('',(-225.,118.39745962155,0.));
#15249 = VECTOR('',#15250,1.);
#15250 = DIRECTION('',(0.,0.,-1.));
#15251 = ORIENTED_EDGE('',*,*,#15252,.F.);
#15252 = EDGE_CURVE('',#15213,#15245,#15253,.T.);
#15253 = LINE('',#15254,#15255);
#15254 = CARTESIAN_POINT('',(-225.,-18.5,0.));
#15255 = VECTOR('',#15256,1.);
#15256 = DIRECTION('',(0.,1.,0.));
#15257 = PLANE('',#15258);
#15258 = AXIS2_PLACEMENT_3D('',#15259,#15260,#15261);
#15259 = CARTESIAN_POINT('',(-225.,-18.5,0.));
#15260 = DIRECTION('',(1.,0.,0.));
#15261 = DIRECTION('',(-0.,1.,0.));
#15262 = ADVANCED_FACE('',(#15263),#15290,.T.);
#15263 = FACE_BOUND('',#15264,.F.);
#15264 = EDGE_LOOP('',(#15265,#15266,#15275,#15283));
#15265 = ORIENTED_EDGE('',*,*,#15244,.T.);
#15266 = ORIENTED_EDGE('',*,*,#15267,.T.);
#15267 = EDGE_CURVE('',#15237,#15268,#15270,.T.);
#15268 = VERTEX_POINT('',#15269);
#15269 = CARTESIAN_POINT('',(-222.3205080756,128.39745962155,-20.));
#15270 = CIRCLE('',#15271,20.);
#15271 = AXIS2_PLACEMENT_3D('',#15272,#15273,#15274);
#15272 = CARTESIAN_POINT('',(-205.,118.39745962155,-20.));
#15273 = DIRECTION('',(0.,0.,-1.));
#15274 = DIRECTION('',(1.,0.,0.));
#15275 = ORIENTED_EDGE('',*,*,#15276,.F.);
#15276 = EDGE_CURVE('',#15277,#15268,#15279,.T.);
#15277 = VERTEX_POINT('',#15278);
#15278 = CARTESIAN_POINT('',(-222.3205080756,128.39745962155,0.));
#15279 = LINE('',#15280,#15281);
#15280 = CARTESIAN_POINT('',(-222.3205080756,128.39745962155,0.));
#15281 = VECTOR('',#15282,1.);
#15282 = DIRECTION('',(0.,0.,-1.));
#15283 = ORIENTED_EDGE('',*,*,#15284,.F.);
#15284 = EDGE_CURVE('',#15245,#15277,#15285,.T.);
#15285 = CIRCLE('',#15286,20.);
#15286 = AXIS2_PLACEMENT_3D('',#15287,#15288,#15289);
#15287 = CARTESIAN_POINT('',(-205.,118.39745962155,0.));
#15288 = DIRECTION('',(0.,0.,-1.));
#15289 = DIRECTION('',(1.,0.,0.));
#15290 = CYLINDRICAL_SURFACE('',#15291,20.);
#15291 = AXIS2_PLACEMENT_3D('',#15292,#15293,#15294);
#15292 = CARTESIAN_POINT('',(-205.,118.39745962155,0.));
#15293 = DIRECTION('',(0.,0.,1.));
#15294 = DIRECTION('',(1.,0.,-0.));
#15295 = ADVANCED_FACE('',(#15296),#15321,.F.);
#15296 = FACE_BOUND('',#15297,.F.);
#15297 = EDGE_LOOP('',(#15298,#15299,#15307,#15315));
#15298 = ORIENTED_EDGE('',*,*,#15276,.T.);
#15299 = ORIENTED_EDGE('',*,*,#15300,.T.);
#15300 = EDGE_CURVE('',#15268,#15301,#15303,.T.);
#15301 = VERTEX_POINT('',#15302);
#15302 = CARTESIAN_POINT('',(-172.3205080756,215.,-20.));
#15303 = LINE('',#15304,#15305);
#15304 = CARTESIAN_POINT('',(-222.3205080756,128.39745962155,-20.));
#15305 = VECTOR('',#15306,1.);
#15306 = DIRECTION('',(0.5,0.866025403784,0.));
#15307 = ORIENTED_EDGE('',*,*,#15308,.F.);
#15308 = EDGE_CURVE('',#15309,#15301,#15311,.T.);
#15309 = VERTEX_POINT('',#15310);
#15310 = CARTESIAN_POINT('',(-172.3205080756,215.,0.));
#15311 = LINE('',#15312,#15313);
#15312 = CARTESIAN_POINT('',(-172.3205080756,215.,0.));
#15313 = VECTOR('',#15314,1.);
#15314 = DIRECTION('',(0.,0.,-1.));
#15315 = ORIENTED_EDGE('',*,*,#15316,.F.);
#15316 = EDGE_CURVE('',#15277,#15309,#15317,.T.);
#15317 = LINE('',#15318,#15319);
#15318 = CARTESIAN_POINT('',(-222.3205080756,128.39745962155,0.));
#15319 = VECTOR('',#15320,1.);
#15320 = DIRECTION('',(0.5,0.866025403784,0.));
#15321 = PLANE('',#15322);
#15322 = AXIS2_PLACEMENT_3D('',#15323,#15324,#15325);
#15323 = CARTESIAN_POINT('',(-222.3205080756,128.39745962155,0.));
#15324 = DIRECTION('',(0.866025403784,-0.5,0.));
#15325 = DIRECTION('',(0.5,0.866025403784,0.));
#15326 = ADVANCED_FACE('',(#15327),#15354,.T.);
#15327 = FACE_BOUND('',#15328,.F.);
#15328 = EDGE_LOOP('',(#15329,#15330,#15339,#15347));
#15329 = ORIENTED_EDGE('',*,*,#15308,.T.);
#15330 = ORIENTED_EDGE('',*,*,#15331,.T.);
#15331 = EDGE_CURVE('',#15301,#15332,#15334,.T.);
#15332 = VERTEX_POINT('',#15333);
#15333 = CARTESIAN_POINT('',(-155.,225.,-20.));
#15334 = CIRCLE('',#15335,20.);
#15335 = AXIS2_PLACEMENT_3D('',#15336,#15337,#15338);
#15336 = CARTESIAN_POINT('',(-155.,205.,-20.));
#15337 = DIRECTION('',(0.,0.,-1.));
#15338 = DIRECTION('',(1.,0.,0.));
#15339 = ORIENTED_EDGE('',*,*,#15340,.F.);
#15340 = EDGE_CURVE('',#15341,#15332,#15343,.T.);
#15341 = VERTEX_POINT('',#15342);
#15342 = CARTESIAN_POINT('',(-155.,225.,0.));
#15343 = LINE('',#15344,#15345);
#15344 = CARTESIAN_POINT('',(-155.,225.,0.));
#15345 = VECTOR('',#15346,1.);
#15346 = DIRECTION('',(0.,0.,-1.));
#15347 = ORIENTED_EDGE('',*,*,#15348,.F.);
#15348 = EDGE_CURVE('',#15309,#15341,#15349,.T.);
#15349 = CIRCLE('',#15350,20.);
#15350 = AXIS2_PLACEMENT_3D('',#15351,#15352,#15353);
#15351 = CARTESIAN_POINT('',(-155.,205.,0.));
#15352 = DIRECTION('',(0.,0.,-1.));
#15353 = DIRECTION('',(1.,0.,0.));
#15354 = CYLINDRICAL_SURFACE('',#15355,20.);
#15355 = AXIS2_PLACEMENT_3D('',#15356,#15357,#15358);
#15356 = CARTESIAN_POINT('',(-155.,205.,0.));
#15357 = DIRECTION('',(0.,0.,1.));
#15358 = DIRECTION('',(1.,0.,-0.));
#15359 = ADVANCED_FACE('',(#15360),#15385,.F.);
#15360 = FACE_BOUND('',#15361,.F.);
#15361 = EDGE_LOOP('',(#15362,#15363,#15371,#15379));
#15362 = ORIENTED_EDGE('',*,*,#15340,.T.);
#15363 = ORIENTED_EDGE('',*,*,#15364,.T.);
#15364 = EDGE_CURVE('',#15332,#15365,#15367,.T.);
#15365 = VERTEX_POINT('',#15366);
#15366 = CARTESIAN_POINT('',(155.,225.,-20.));
#15367 = LINE('',#15368,#15369);
#15368 = CARTESIAN_POINT('',(-155.,225.,-20.));
#15369 = VECTOR('',#15370,1.);
#15370 = DIRECTION('',(1.,-9.E-17,0.));
#15371 = ORIENTED_EDGE('',*,*,#15372,.F.);
#15372 = EDGE_CURVE('',#15373,#15365,#15375,.T.);
#15373 = VERTEX_POINT('',#15374);
#15374 = CARTESIAN_POINT('',(155.,225.,0.));
#15375 = LINE('',#15376,#15377);
#15376 = CARTESIAN_POINT('',(155.,225.,0.));
#15377 = VECTOR('',#15378,1.);
#15378 = DIRECTION('',(0.,0.,-1.));
#15379 = ORIENTED_EDGE('',*,*,#15380,.F.);
#15380 = EDGE_CURVE('',#15341,#15373,#15381,.T.);
#15381 = LINE('',#15382,#15383);
#15382 = CARTESIAN_POINT('',(-155.,225.,0.));
#15383 = VECTOR('',#15384,1.);
#15384 = DIRECTION('',(1.,-9.E-17,0.));
#15385 = PLANE('',#15386);
#15386 = AXIS2_PLACEMENT_3D('',#15387,#15388,#15389);
#15387 = CARTESIAN_POINT('',(-155.,225.,0.));
#15388 = DIRECTION('',(-9.E-17,-1.,-0.));
#15389 = DIRECTION('',(1.,-9.E-17,0.));
#15390 = ADVANCED_FACE('',(#15391),#15418,.T.);
#15391 = FACE_BOUND('',#15392,.F.);
#15392 = EDGE_LOOP('',(#15393,#15394,#15403,#15411));
#15393 = ORIENTED_EDGE('',*,*,#15372,.T.);
#15394 = ORIENTED_EDGE('',*,*,#15395,.T.);
#15395 = EDGE_CURVE('',#15365,#15396,#15398,.T.);
#15396 = VERTEX_POINT('',#15397);
#15397 = CARTESIAN_POINT('',(172.32050807568,215.,-20.));
#15398 = CIRCLE('',#15399,20.);
#15399 = AXIS2_PLACEMENT_3D('',#15400,#15401,#15402);
#15400 = CARTESIAN_POINT('',(155.,205.,-20.));
#15401 = DIRECTION('',(0.,0.,-1.));
#15402 = DIRECTION('',(1.,0.,0.));
#15403 = ORIENTED_EDGE('',*,*,#15404,.F.);
#15404 = EDGE_CURVE('',#15405,#15396,#15407,.T.);
#15405 = VERTEX_POINT('',#15406);
#15406 = CARTESIAN_POINT('',(172.32050807568,215.,0.));
#15407 = LINE('',#15408,#15409);
#15408 = CARTESIAN_POINT('',(172.32050807568,215.,0.));
#15409 = VECTOR('',#15410,1.);
#15410 = DIRECTION('',(0.,0.,-1.));
#15411 = ORIENTED_EDGE('',*,*,#15412,.F.);
#15412 = EDGE_CURVE('',#15373,#15405,#15413,.T.);
#15413 = CIRCLE('',#15414,20.);
#15414 = AXIS2_PLACEMENT_3D('',#15415,#15416,#15417);
#15415 = CARTESIAN_POINT('',(155.,205.,0.));
#15416 = DIRECTION('',(0.,0.,-1.));
#15417 = DIRECTION('',(1.,0.,0.));
#15418 = CYLINDRICAL_SURFACE('',#15419,20.);
#15419 = AXIS2_PLACEMENT_3D('',#15420,#15421,#15422);
#15420 = CARTESIAN_POINT('',(155.,205.,0.));
#15421 = DIRECTION('',(0.,0.,1.));
#15422 = DIRECTION('',(1.,0.,-0.));
#15423 = ADVANCED_FACE('',(#15424),#15449,.F.);
#15424 = FACE_BOUND('',#15425,.F.);
#15425 = EDGE_LOOP('',(#15426,#15427,#15435,#15443));
#15426 = ORIENTED_EDGE('',*,*,#15404,.T.);
#15427 = ORIENTED_EDGE('',*,*,#15428,.T.);
#15428 = EDGE_CURVE('',#15396,#15429,#15431,.T.);
#15429 = VERTEX_POINT('',#15430);
#15430 = CARTESIAN_POINT('',(222.32050807568,128.39745962155,-20.));
#15431 = LINE('',#15432,#15433);
#15432 = CARTESIAN_POINT('',(172.32050807568,215.,-20.));
#15433 = VECTOR('',#15434,1.);
#15434 = DIRECTION('',(0.5,-0.866025403784,0.));
#15435 = ORIENTED_EDGE('',*,*,#15436,.F.);
#15436 = EDGE_CURVE('',#15437,#15429,#15439,.T.);
#15437 = VERTEX_POINT('',#15438);
#15438 = CARTESIAN_POINT('',(222.32050807568,128.39745962155,0.));
#15439 = LINE('',#15440,#15441);
#15440 = CARTESIAN_POINT('',(222.32050807568,128.39745962155,0.));
#15441 = VECTOR('',#15442,1.);
#15442 = DIRECTION('',(0.,0.,-1.));
#15443 = ORIENTED_EDGE('',*,*,#15444,.F.);
#15444 = EDGE_CURVE('',#15405,#15437,#15445,.T.);
#15445 = LINE('',#15446,#15447);
#15446 = CARTESIAN_POINT('',(172.32050807568,215.,0.));
#15447 = VECTOR('',#15448,1.);
#15448 = DIRECTION('',(0.5,-0.866025403784,0.));
#15449 = PLANE('',#15450);
#15450 = AXIS2_PLACEMENT_3D('',#15451,#15452,#15453);
#15451 = CARTESIAN_POINT('',(172.32050807568,215.,0.));
#15452 = DIRECTION('',(-0.866025403784,-0.5,-0.));
#15453 = DIRECTION('',(0.5,-0.866025403784,0.));
#15454 = ADVANCED_FACE('',(#15455),#15482,.T.);
#15455 = FACE_BOUND('',#15456,.F.);
#15456 = EDGE_LOOP('',(#15457,#15458,#15467,#15475));
#15457 = ORIENTED_EDGE('',*,*,#15436,.T.);
#15458 = ORIENTED_EDGE('',*,*,#15459,.T.);
#15459 = EDGE_CURVE('',#15429,#15460,#15462,.T.);
#15460 = VERTEX_POINT('',#15461);
#15461 = CARTESIAN_POINT('',(225.,118.39745962155,-20.));
#15462 = CIRCLE('',#15463,20.);
#15463 = AXIS2_PLACEMENT_3D('',#15464,#15465,#15466);
#15464 = CARTESIAN_POINT('',(205.,118.39745962155,-20.));
#15465 = DIRECTION('',(0.,0.,-1.));
#15466 = DIRECTION('',(1.,0.,0.));
#15467 = ORIENTED_EDGE('',*,*,#15468,.F.);
#15468 = EDGE_CURVE('',#15469,#15460,#15471,.T.);
#15469 = VERTEX_POINT('',#15470);
#15470 = CARTESIAN_POINT('',(225.,118.39745962155,0.));
#15471 = LINE('',#15472,#15473);
#15472 = CARTESIAN_POINT('',(225.,118.39745962155,0.));
#15473 = VECTOR('',#15474,1.);
#15474 = DIRECTION('',(0.,0.,-1.));
#15475 = ORIENTED_EDGE('',*,*,#15476,.F.);
#15476 = EDGE_CURVE('',#15437,#15469,#15477,.T.);
#15477 = CIRCLE('',#15478,20.);
#15478 = AXIS2_PLACEMENT_3D('',#15479,#15480,#15481);
#15479 = CARTESIAN_POINT('',(205.,118.39745962155,0.));
#15480 = DIRECTION('',(0.,0.,-1.));
#15481 = DIRECTION('',(1.,0.,0.));
#15482 = CYLINDRICAL_SURFACE('',#15483,20.);
#15483 = AXIS2_PLACEMENT_3D('',#15484,#15485,#15486);
#15484 = CARTESIAN_POINT('',(205.,118.39745962155,0.));
#15485 = DIRECTION('',(0.,0.,1.));
#15486 = DIRECTION('',(1.,0.,-0.));
#15487 = ADVANCED_FACE('',(#15488),#15513,.F.);
#15488 = FACE_BOUND('',#15489,.F.);
#15489 = EDGE_LOOP('',(#15490,#15491,#15499,#15507));
#15490 = ORIENTED_EDGE('',*,*,#15468,.T.);
#15491 = ORIENTED_EDGE('',*,*,#15492,.T.);
#15492 = EDGE_CURVE('',#15460,#15493,#15495,.T.);
#15493 = VERTEX_POINT('',#15494);
#15494 = CARTESIAN_POINT('',(225.,-18.5,-20.));
#15495 = LINE('',#15496,#15497);
#15496 = CARTESIAN_POINT('',(225.,118.39745962155,-20.));
#15497 = VECTOR('',#15498,1.);
#15498 = DIRECTION('',(0.,-1.,0.));
#15499 = ORIENTED_EDGE('',*,*,#15500,.F.);
#15500 = EDGE_CURVE('',#15501,#15493,#15503,.T.);
#15501 = VERTEX_POINT('',#15502);
#15502 = CARTESIAN_POINT('',(225.,-18.5,0.));
#15503 = LINE('',#15504,#15505);
#15504 = CARTESIAN_POINT('',(225.,-18.5,0.));
#15505 = VECTOR('',#15506,1.);
#15506 = DIRECTION('',(0.,0.,-1.));
#15507 = ORIENTED_EDGE('',*,*,#15508,.F.);
#15508 = EDGE_CURVE('',#15469,#15501,#15509,.T.);
#15509 = LINE('',#15510,#15511);
#15510 = CARTESIAN_POINT('',(225.,118.39745962155,0.));
#15511 = VECTOR('',#15512,1.);
#15512 = DIRECTION('',(0.,-1.,0.));
#15513 = PLANE('',#15514);
#15514 = AXIS2_PLACEMENT_3D('',#15515,#15516,#15517);
#15515 = CARTESIAN_POINT('',(225.,118.39745962155,0.));
#15516 = DIRECTION('',(-1.,-0.,-0.));
#15517 = DIRECTION('',(0.,-1.,0.));
#15518 = ADVANCED_FACE('',(#15519),#15546,.T.);
#15519 = FACE_BOUND('',#15520,.F.);
#15520 = EDGE_LOOP('',(#15521,#15522,#15531,#15539));
#15521 = ORIENTED_EDGE('',*,*,#15500,.T.);
#15522 = ORIENTED_EDGE('',*,*,#15523,.T.);
#15523 = EDGE_CURVE('',#15493,#15524,#15526,.T.);
#15524 = VERTEX_POINT('',#15525);
#15525 = CARTESIAN_POINT('',(206.5,-37.,-20.));
#15526 = CIRCLE('',#15527,18.5);
#15527 = AXIS2_PLACEMENT_3D('',#15528,#15529,#15530);
#15528 = CARTESIAN_POINT('',(206.5,-18.5,-20.));
#15529 = DIRECTION('',(0.,0.,-1.));
#15530 = DIRECTION('',(1.,0.,0.));
#15531 = ORIENTED_EDGE('',*,*,#15532,.F.);
#15532 = EDGE_CURVE('',#15533,#15524,#15535,.T.);
#15533 = VERTEX_POINT('',#15534);
#15534 = CARTESIAN_POINT('',(206.5,-37.,0.));
#15535 = LINE('',#15536,#15537);
#15536 = CARTESIAN_POINT('',(206.5,-37.,0.));
#15537 = VECTOR('',#15538,1.);
#15538 = DIRECTION('',(0.,0.,-1.));
#15539 = ORIENTED_EDGE('',*,*,#15540,.F.);
#15540 = EDGE_CURVE('',#15501,#15533,#15541,.T.);
#15541 = CIRCLE('',#15542,18.5);
#15542 = AXIS2_PLACEMENT_3D('',#15543,#15544,#15545);
#15543 = CARTESIAN_POINT('',(206.5,-18.5,0.));
#15544 = DIRECTION('',(0.,0.,-1.));
#15545 = DIRECTION('',(1.,0.,0.));
#15546 = CYLINDRICAL_SURFACE('',#15547,18.5);
#15547 = AXIS2_PLACEMENT_3D('',#15548,#15549,#15550);
#15548 = CARTESIAN_POINT('',(206.5,-18.5,0.));
#15549 = DIRECTION('',(0.,0.,1.));
#15550 = DIRECTION('',(1.,0.,-0.));
#15551 = ADVANCED_FACE('',(#15552),#15577,.F.);
#15552 = FACE_BOUND('',#15553,.F.);
#15553 = EDGE_LOOP('',(#15554,#15555,#15563,#15571));
#15554 = ORIENTED_EDGE('',*,*,#15532,.T.);
#15555 = ORIENTED_EDGE('',*,*,#15556,.T.);
#15556 = EDGE_CURVE('',#15524,#15557,#15559,.T.);
#15557 = VERTEX_POINT('',#15558);
#15558 = CARTESIAN_POINT('',(175.,-37.,-20.));
#15559 = LINE('',#15560,#15561);
#15560 = CARTESIAN_POINT('',(206.5,-37.,-20.));
#15561 = VECTOR('',#15562,1.);
#15562 = DIRECTION('',(-1.,0.,0.));
#15563 = ORIENTED_EDGE('',*,*,#15564,.F.);
#15564 = EDGE_CURVE('',#15565,#15557,#15567,.T.);
#15565 = VERTEX_POINT('',#15566);
#15566 = CARTESIAN_POINT('',(175.,-37.,0.));
#15567 = LINE('',#15568,#15569);
#15568 = CARTESIAN_POINT('',(175.,-37.,0.));
#15569 = VECTOR('',#15570,1.);
#15570 = DIRECTION('',(0.,0.,-1.));
#15571 = ORIENTED_EDGE('',*,*,#15572,.F.);
#15572 = EDGE_CURVE('',#15533,#15565,#15573,.T.);
#15573 = LINE('',#15574,#15575);
#15574 = CARTESIAN_POINT('',(206.5,-37.,0.));
#15575 = VECTOR('',#15576,1.);
#15576 = DIRECTION('',(-1.,0.,0.));
#15577 = PLANE('',#15578);
#15578 = AXIS2_PLACEMENT_3D('',#15579,#15580,#15581);
#15579 = CARTESIAN_POINT('',(206.5,-37.,0.));
#15580 = DIRECTION('',(0.,1.,0.));
#15581 = DIRECTION('',(-1.,0.,0.));
#15582 = ADVANCED_FACE('',(#15583),#15608,.F.);
#15583 = FACE_BOUND('',#15584,.F.);
#15584 = EDGE_LOOP('',(#15585,#15586,#15594,#15602));
#15585 = ORIENTED_EDGE('',*,*,#15564,.T.);
#15586 = ORIENTED_EDGE('',*,*,#15587,.T.);
#15587 = EDGE_CURVE('',#15557,#15588,#15590,.T.);
#15588 = VERTEX_POINT('',#15589);
#15589 = CARTESIAN_POINT('',(175.,-115.,-20.));
#15590 = LINE('',#15591,#15592);
#15591 = CARTESIAN_POINT('',(175.,-37.,-20.));
#15592 = VECTOR('',#15593,1.);
#15593 = DIRECTION('',(0.,-1.,0.));
#15594 = ORIENTED_EDGE('',*,*,#15595,.F.);
#15595 = EDGE_CURVE('',#15596,#15588,#15598,.T.);
#15596 = VERTEX_POINT('',#15597);
#15597 = CARTESIAN_POINT('',(175.,-115.,0.));
#15598 = LINE('',#15599,#15600);
#15599 = CARTESIAN_POINT('',(175.,-115.,0.));
#15600 = VECTOR('',#15601,1.);
#15601 = DIRECTION('',(0.,0.,-1.));
#15602 = ORIENTED_EDGE('',*,*,#15603,.F.);
#15603 = EDGE_CURVE('',#15565,#15596,#15604,.T.);
#15604 = LINE('',#15605,#15606);
#15605 = CARTESIAN_POINT('',(175.,-37.,0.));
#15606 = VECTOR('',#15607,1.);
#15607 = DIRECTION('',(0.,-1.,0.));
#15608 = PLANE('',#15609);
#15609 = AXIS2_PLACEMENT_3D('',#15610,#15611,#15612);
#15610 = CARTESIAN_POINT('',(175.,-37.,0.));
#15611 = DIRECTION('',(-1.,-0.,-0.));
#15612 = DIRECTION('',(0.,-1.,0.));
#15613 = ADVANCED_FACE('',(#15614),#15639,.F.);
#15614 = FACE_BOUND('',#15615,.F.);
#15615 = EDGE_LOOP('',(#15616,#15617,#15625,#15633));
#15616 = ORIENTED_EDGE('',*,*,#15595,.T.);
#15617 = ORIENTED_EDGE('',*,*,#15618,.T.);
#15618 = EDGE_CURVE('',#15588,#15619,#15621,.T.);
#15619 = VERTEX_POINT('',#15620);
#15620 = CARTESIAN_POINT('',(235.,-115.,-20.));
#15621 = LINE('',#15622,#15623);
#15622 = CARTESIAN_POINT('',(175.,-115.,-20.));
#15623 = VECTOR('',#15624,1.);
#15624 = DIRECTION('',(1.,0.,0.));
#15625 = ORIENTED_EDGE('',*,*,#15626,.F.);
#15626 = EDGE_CURVE('',#15627,#15619,#15629,.T.);
#15627 = VERTEX_POINT('',#15628);
#15628 = CARTESIAN_POINT('',(235.,-115.,0.));
#15629 = LINE('',#15630,#15631);
#15630 = CARTESIAN_POINT('',(235.,-115.,0.));
#15631 = VECTOR('',#15632,1.);
#15632 = DIRECTION('',(0.,0.,-1.));
#15633 = ORIENTED_EDGE('',*,*,#15634,.F.);
#15634 = EDGE_CURVE('',#15596,#15627,#15635,.T.);
#15635 = LINE('',#15636,#15637);
#15636 = CARTESIAN_POINT('',(175.,-115.,0.));
#15637 = VECTOR('',#15638,1.);
#15638 = DIRECTION('',(1.,0.,0.));
#15639 = PLANE('',#15640);
#15640 = AXIS2_PLACEMENT_3D('',#15641,#15642,#15643);
#15641 = CARTESIAN_POINT('',(175.,-115.,0.));
#15642 = DIRECTION('',(0.,-1.,0.));
#15643 = DIRECTION('',(1.,0.,0.));
#15644 = ADVANCED_FACE('',(#15645),#15661,.F.);
#15645 = FACE_BOUND('',#15646,.F.);
#15646 = EDGE_LOOP('',(#15647,#15648,#15654,#15655));
#15647 = ORIENTED_EDGE('',*,*,#15626,.T.);
#15648 = ORIENTED_EDGE('',*,*,#15649,.T.);
#15649 = EDGE_CURVE('',#15619,#15041,#15650,.T.);
#15650 = LINE('',#15651,#15652);
#15651 = CARTESIAN_POINT('',(235.,-115.,-20.));
#15652 = VECTOR('',#15653,1.);
#15653 = DIRECTION('',(0.,-1.,0.));
#15654 = ORIENTED_EDGE('',*,*,#15038,.F.);
#15655 = ORIENTED_EDGE('',*,*,#15656,.F.);
#15656 = EDGE_CURVE('',#15627,#15039,#15657,.T.);
#15657 = LINE('',#15658,#15659);
#15658 = CARTESIAN_POINT('',(235.,-115.,0.));
#15659 = VECTOR('',#15660,1.);
#15660 = DIRECTION('',(0.,-1.,0.));
#15661 = PLANE('',#15662);
#15662 = AXIS2_PLACEMENT_3D('',#15663,#15664,#15665);
#15663 = CARTESIAN_POINT('',(235.,-115.,0.));
#15664 = DIRECTION('',(-1.,-0.,-0.));
#15665 = DIRECTION('',(0.,-1.,0.));
#15666 = ADVANCED_FACE('',(#15667),#15694,.F.);
#15667 = FACE_BOUND('',#15668,.T.);
#15668 = EDGE_LOOP('',(#15669,#15679,#15686,#15687));
#15669 = ORIENTED_EDGE('',*,*,#15670,.T.);
#15670 = EDGE_CURVE('',#15671,#15673,#15675,.T.);
#15671 = VERTEX_POINT('',#15672);
#15672 = CARTESIAN_POINT('',(100.,0.,0.));
#15673 = VERTEX_POINT('',#15674);
#15674 = CARTESIAN_POINT('',(100.,0.,-20.));
#15675 = LINE('',#15676,#15677);
#15676 = CARTESIAN_POINT('',(100.,0.,0.));
#15677 = VECTOR('',#15678,1.);
#15678 = DIRECTION('',(0.,0.,-1.));
#15679 = ORIENTED_EDGE('',*,*,#15680,.T.);
#15680 = EDGE_CURVE('',#15673,#15673,#15681,.T.);
#15681 = CIRCLE('',#15682,100.);
#15682 = AXIS2_PLACEMENT_3D('',#15683,#15684,#15685);
#15683 = CARTESIAN_POINT('',(0.,0.,-20.));
#15684 = DIRECTION('',(0.,0.,-1.));
#15685 = DIRECTION('',(1.,0.,0.));
#15686 = ORIENTED_EDGE('',*,*,#15670,.F.);
#15687 = ORIENTED_EDGE('',*,*,#15688,.F.);
#15688 = EDGE_CURVE('',#15671,#15671,#15689,.T.);
#15689 = CIRCLE('',#15690,100.);
#15690 = AXIS2_PLACEMENT_3D('',#15691,#15692,#15693);
#15691 = CARTESIAN_POINT('',(0.,0.,0.));
#15692 = DIRECTION('',(0.,0.,-1.));
#15693 = DIRECTION('',(1.,0.,0.));
#15694 = CYLINDRICAL_SURFACE('',#15695,100.);
#15695 = AXIS2_PLACEMENT_3D('',#15696,#15697,#15698);
#15696 = CARTESIAN_POINT('',(0.,0.,0.));
#15697 = DIRECTION('',(0.,0.,1.));
#15698 = DIRECTION('',(1.,0.,-0.));
#15699 = ADVANCED_FACE('',(#15700),#15727,.F.);
#15700 = FACE_BOUND('',#15701,.T.);
#15701 = EDGE_LOOP('',(#15702,#15712,#15719,#15720));
#15702 = ORIENTED_EDGE('',*,*,#15703,.T.);
#15703 = EDGE_CURVE('',#15704,#15706,#15708,.T.);
#15704 = VERTEX_POINT('',#15705);
#15705 = CARTESIAN_POINT('',(130.,-156.5,0.));
#15706 = VERTEX_POINT('',#15707);
#15707 = CARTESIAN_POINT('',(130.,-156.5,-20.));
#15708 = LINE('',#15709,#15710);
#15709 = CARTESIAN_POINT('',(130.,-156.5,0.));
#15710 = VECTOR('',#15711,1.);
#15711 = DIRECTION('',(0.,0.,-1.));
#15712 = ORIENTED_EDGE('',*,*,#15713,.T.);
#15713 = EDGE_CURVE('',#15706,#15706,#15714,.T.);
#15714 = CIRCLE('',#15715,10.);
#15715 = AXIS2_PLACEMENT_3D('',#15716,#15717,#15718);
#15716 = CARTESIAN_POINT('',(120.,-156.5,-20.));
#15717 = DIRECTION('',(0.,0.,-1.));
#15718 = DIRECTION('',(1.,0.,0.));
#15719 = ORIENTED_EDGE('',*,*,#15703,.F.);
#15720 = ORIENTED_EDGE('',*,*,#15721,.F.);
#15721 = EDGE_CURVE('',#15704,#15704,#15722,.T.);
#15722 = CIRCLE('',#15723,10.);
#15723 = AXIS2_PLACEMENT_3D('',#15724,#15725,#15726);
#15724 = CARTESIAN_POINT('',(120.,-156.5,0.));
#15725 = DIRECTION('',(0.,0.,-1.));
#15726 = DIRECTION('',(1.,0.,0.));
#15727 = CYLINDRICAL_SURFACE('',#15728,10.);
#15728 = AXIS2_PLACEMENT_3D('',#15729,#15730,#15731);
#15729 = CARTESIAN_POINT('',(120.,-156.5,0.));
#15730 = DIRECTION('',(0.,0.,1.));
#15731 = DIRECTION('',(1.,0.,-0.));
#15732 = ADVANCED_FACE('',(#15733),#15760,.F.);
#15733 = FACE_BOUND('',#15734,.T.);
#15734 = EDGE_LOOP('',(#15735,#15745,#15752,#15753));
#15735 = ORIENTED_EDGE('',*,*,#15736,.T.);
#15736 = EDGE_CURVE('',#15737,#15739,#15741,.T.);
#15737 = VERTEX_POINT('',#15738);
#15738 = CARTESIAN_POINT('',(50.,-156.5,0.));
#15739 = VERTEX_POINT('',#15740);
#15740 = CARTESIAN_POINT('',(50.,-156.5,-20.));
#15741 = LINE('',#15742,#15743);
#15742 = CARTESIAN_POINT('',(50.,-156.5,0.));
#15743 = VECTOR('',#15744,1.);
#15744 = DIRECTION('',(0.,0.,-1.));
#15745 = ORIENTED_EDGE('',*,*,#15746,.T.);
#15746 = EDGE_CURVE('',#15739,#15739,#15747,.T.);
#15747 = CIRCLE('',#15748,10.);
#15748 = AXIS2_PLACEMENT_3D('',#15749,#15750,#15751);
#15749 = CARTESIAN_POINT('',(40.,-156.5,-20.));
#15750 = DIRECTION('',(0.,0.,-1.));
#15751 = DIRECTION('',(1.,0.,0.));
#15752 = ORIENTED_EDGE('',*,*,#15736,.F.);
#15753 = ORIENTED_EDGE('',*,*,#15754,.F.);
#15754 = EDGE_CURVE('',#15737,#15737,#15755,.T.);
#15755 = CIRCLE('',#15756,10.);
#15756 = AXIS2_PLACEMENT_3D('',#15757,#15758,#15759);
#15757 = CARTESIAN_POINT('',(40.,-156.5,0.));
#15758 = DIRECTION('',(0.,0.,-1.));
#15759 = DIRECTION('',(1.,0.,0.));
#15760 = CYLINDRICAL_SURFACE('',#15761,10.);
#15761 = AXIS2_PLACEMENT_3D('',#15762,#15763,#15764);
#15762 = CARTESIAN_POINT('',(40.,-156.5,0.));
#15763 = DIRECTION('',(0.,0.,1.));
#15764 = DIRECTION('',(1.,0.,-0.));
#15765 = ADVANCED_FACE('',(#15766),#15793,.F.);
#15766 = FACE_BOUND('',#15767,.T.);
#15767 = EDGE_LOOP('',(#15768,#15778,#15785,#15786));
#15768 = ORIENTED_EDGE('',*,*,#15769,.T.);
#15769 = EDGE_CURVE('',#15770,#15772,#15774,.T.);
#15770 = VERTEX_POINT('',#15771);
#15771 = CARTESIAN_POINT('',(-30.,-156.5,0.));
#15772 = VERTEX_POINT('',#15773);
#15773 = CARTESIAN_POINT('',(-30.,-156.5,-20.));
#15774 = LINE('',#15775,#15776);
#15775 = CARTESIAN_POINT('',(-30.,-156.5,0.));
#15776 = VECTOR('',#15777,1.);
#15777 = DIRECTION('',(0.,0.,-1.));
#15778 = ORIENTED_EDGE('',*,*,#15779,.T.);
#15779 = EDGE_CURVE('',#15772,#15772,#15780,.T.);
#15780 = CIRCLE('',#15781,10.);
#15781 = AXIS2_PLACEMENT_3D('',#15782,#15783,#15784);
#15782 = CARTESIAN_POINT('',(-40.,-156.5,-20.));
#15783 = DIRECTION('',(0.,0.,-1.));
#15784 = DIRECTION('',(1.,0.,0.));
#15785 = ORIENTED_EDGE('',*,*,#15769,.F.);
#15786 = ORIENTED_EDGE('',*,*,#15787,.F.);
#15787 = EDGE_CURVE('',#15770,#15770,#15788,.T.);
#15788 = CIRCLE('',#15789,10.);
#15789 = AXIS2_PLACEMENT_3D('',#15790,#15791,#15792);
#15790 = CARTESIAN_POINT('',(-40.,-156.5,0.));
#15791 = DIRECTION('',(0.,0.,-1.));
#15792 = DIRECTION('',(1.,0.,0.));
#15793 = CYLINDRICAL_SURFACE('',#15794,10.);
#15794 = AXIS2_PLACEMENT_3D('',#15795,#15796,#15797);
#15795 = CARTESIAN_POINT('',(-40.,-156.5,0.));
#15796 = DIRECTION('',(0.,0.,1.));
#15797 = DIRECTION('',(1.,0.,-0.));
#15798 = ADVANCED_FACE('',(#15799),#15826,.F.);
#15799 = FACE_BOUND('',#15800,.T.);
#15800 = EDGE_LOOP('',(#15801,#15811,#15818,#15819));
#15801 = ORIENTED_EDGE('',*,*,#15802,.T.);
#15802 = EDGE_CURVE('',#15803,#15805,#15807,.T.);
#15803 = VERTEX_POINT('',#15804);
#15804 = CARTESIAN_POINT('',(-110.,-156.5,0.));
#15805 = VERTEX_POINT('',#15806);
#15806 = CARTESIAN_POINT('',(-110.,-156.5,-20.));
#15807 = LINE('',#15808,#15809);
#15808 = CARTESIAN_POINT('',(-110.,-156.5,0.));
#15809 = VECTOR('',#15810,1.);
#15810 = DIRECTION('',(0.,0.,-1.));
#15811 = ORIENTED_EDGE('',*,*,#15812,.T.);
#15812 = EDGE_CURVE('',#15805,#15805,#15813,.T.);
#15813 = CIRCLE('',#15814,10.);
#15814 = AXIS2_PLACEMENT_3D('',#15815,#15816,#15817);
#15815 = CARTESIAN_POINT('',(-120.,-156.5,-20.));
#15816 = DIRECTION('',(0.,0.,-1.));
#15817 = DIRECTION('',(1.,0.,0.));
#15818 = ORIENTED_EDGE('',*,*,#15802,.F.);
#15819 = ORIENTED_EDGE('',*,*,#15820,.F.);
#15820 = EDGE_CURVE('',#15803,#15803,#15821,.T.);
#15821 = CIRCLE('',#15822,10.);
#15822 = AXIS2_PLACEMENT_3D('',#15823,#15824,#15825);
#15823 = CARTESIAN_POINT('',(-120.,-156.5,0.));
#15824 = DIRECTION('',(0.,0.,-1.));
#15825 = DIRECTION('',(1.,0.,0.));
#15826 = CYLINDRICAL_SURFACE('',#15827,10.);
#15827 = AXIS2_PLACEMENT_3D('',#15828,#15829,#15830);
#15828 = CARTESIAN_POINT('',(-120.,-156.5,0.));
#15829 = DIRECTION('',(0.,0.,1.));
#15830 = DIRECTION('',(1.,0.,-0.));
#15831 = ADVANCED_FACE('',(#15832),#15859,.F.);
#15832 = FACE_BOUND('',#15833,.T.);
#15833 = EDGE_LOOP('',(#15834,#15844,#15851,#15852));
#15834 = ORIENTED_EDGE('',*,*,#15835,.T.);
#15835 = EDGE_CURVE('',#15836,#15838,#15840,.T.);
#15836 = VERTEX_POINT('',#15837);
#15837 = CARTESIAN_POINT('',(216.5,-18.5,0.));
#15838 = VERTEX_POINT('',#15839);
#15839 = CARTESIAN_POINT('',(216.5,-18.5,-20.));
#15840 = LINE('',#15841,#15842);
#15841 = CARTESIAN_POINT('',(216.5,-18.5,0.));
#15842 = VECTOR('',#15843,1.);
#15843 = DIRECTION('',(0.,0.,-1.));
#15844 = ORIENTED_EDGE('',*,*,#15845,.T.);
#15845 = EDGE_CURVE('',#15838,#15838,#15846,.T.);
#15846 = CIRCLE('',#15847,10.);
#15847 = AXIS2_PLACEMENT_3D('',#15848,#15849,#15850);
#15848 = CARTESIAN_POINT('',(206.5,-18.5,-20.));
#15849 = DIRECTION('',(0.,0.,-1.));
#15850 = DIRECTION('',(1.,0.,0.));
#15851 = ORIENTED_EDGE('',*,*,#15835,.F.);
#15852 = ORIENTED_EDGE('',*,*,#15853,.F.);
#15853 = EDGE_CURVE('',#15836,#15836,#15854,.T.);
#15854 = CIRCLE('',#15855,10.);
#15855 = AXIS2_PLACEMENT_3D('',#15856,#15857,#15858);
#15856 = CARTESIAN_POINT('',(206.5,-18.5,0.));
#15857 = DIRECTION('',(0.,0.,-1.));
#15858 = DIRECTION('',(1.,0.,0.));
#15859 = CYLINDRICAL_SURFACE('',#15860,10.);
#15860 = AXIS2_PLACEMENT_3D('',#15861,#15862,#15863);
#15861 = CARTESIAN_POINT('',(206.5,-18.5,0.));
#15862 = DIRECTION('',(0.,0.,1.));
#15863 = DIRECTION('',(1.,0.,-0.));
#15864 = ADVANCED_FACE('',(#15865),#15892,.F.);
#15865 = FACE_BOUND('',#15866,.T.);
#15866 = EDGE_LOOP('',(#15867,#15877,#15884,#15885));
#15867 = ORIENTED_EDGE('',*,*,#15868,.T.);
#15868 = EDGE_CURVE('',#15869,#15871,#15873,.T.);
#15869 = VERTEX_POINT('',#15870);
#15870 = CARTESIAN_POINT('',(216.5,44.,0.));
#15871 = VERTEX_POINT('',#15872);
#15872 = CARTESIAN_POINT('',(216.5,44.,-20.));
#15873 = LINE('',#15874,#15875);
#15874 = CARTESIAN_POINT('',(216.5,44.,0.));
#15875 = VECTOR('',#15876,1.);
#15876 = DIRECTION('',(0.,0.,-1.));
#15877 = ORIENTED_EDGE('',*,*,#15878,.T.);
#15878 = EDGE_CURVE('',#15871,#15871,#15879,.T.);
#15879 = CIRCLE('',#15880,10.);
#15880 = AXIS2_PLACEMENT_3D('',#15881,#15882,#15883);
#15881 = CARTESIAN_POINT('',(206.5,44.,-20.));
#15882 = DIRECTION('',(0.,0.,-1.));
#15883 = DIRECTION('',(1.,0.,0.));
#15884 = ORIENTED_EDGE('',*,*,#15868,.F.);
#15885 = ORIENTED_EDGE('',*,*,#15886,.F.);
#15886 = EDGE_CURVE('',#15869,#15869,#15887,.T.);
#15887 = CIRCLE('',#15888,10.);
#15888 = AXIS2_PLACEMENT_3D('',#15889,#15890,#15891);
#15889 = CARTESIAN_POINT('',(206.5,44.,0.));
#15890 = DIRECTION('',(0.,0.,-1.));
#15891 = DIRECTION('',(1.,0.,0.));
#15892 = CYLINDRICAL_SURFACE('',#15893,10.);
#15893 = AXIS2_PLACEMENT_3D('',#15894,#15895,#15896);
#15894 = CARTESIAN_POINT('',(206.5,44.,0.));
#15895 = DIRECTION('',(0.,0.,1.));
#15896 = DIRECTION('',(1.,0.,-0.));
#15897 = ADVANCED_FACE('',(#15898),#15925,.F.);
#15898 = FACE_BOUND('',#15899,.T.);
#15899 = EDGE_LOOP('',(#15900,#15910,#15917,#15918));
#15900 = ORIENTED_EDGE('',*,*,#15901,.T.);
#15901 = EDGE_CURVE('',#15902,#15904,#15906,.T.);
#15902 = VERTEX_POINT('',#15903);
#15903 = CARTESIAN_POINT('',(216.5,106.5,0.));
#15904 = VERTEX_POINT('',#15905);
#15905 = CARTESIAN_POINT('',(216.5,106.5,-20.));
#15906 = LINE('',#15907,#15908);
#15907 = CARTESIAN_POINT('',(216.5,106.5,0.));
#15908 = VECTOR('',#15909,1.);
#15909 = DIRECTION('',(0.,0.,-1.));
#15910 = ORIENTED_EDGE('',*,*,#15911,.T.);
#15911 = EDGE_CURVE('',#15904,#15904,#15912,.T.);
#15912 = CIRCLE('',#15913,10.);
#15913 = AXIS2_PLACEMENT_3D('',#15914,#15915,#15916);
#15914 = CARTESIAN_POINT('',(206.5,106.5,-20.));
#15915 = DIRECTION('',(0.,0.,-1.));
#15916 = DIRECTION('',(1.,0.,0.));
#15917 = ORIENTED_EDGE('',*,*,#15901,.F.);
#15918 = ORIENTED_EDGE('',*,*,#15919,.F.);
#15919 = EDGE_CURVE('',#15902,#15902,#15920,.T.);
#15920 = CIRCLE('',#15921,10.);
#15921 = AXIS2_PLACEMENT_3D('',#15922,#15923,#15924);
#15922 = CARTESIAN_POINT('',(206.5,106.5,0.));
#15923 = DIRECTION('',(0.,0.,-1.));
#15924 = DIRECTION('',(1.,0.,0.));
#15925 = CYLINDRICAL_SURFACE('',#15926,10.);
#15926 = AXIS2_PLACEMENT_3D('',#15927,#15928,#15929);
#15927 = CARTESIAN_POINT('',(206.5,106.5,0.));
#15928 = DIRECTION('',(0.,0.,1.));
#15929 = DIRECTION('',(1.,0.,-0.));
#15930 = ADVANCED_FACE('',(#15931),#15958,.F.);
#15931 = FACE_BOUND('',#15932,.T.);
#15932 = EDGE_LOOP('',(#15933,#15943,#15950,#15951));
#15933 = ORIENTED_EDGE('',*,*,#15934,.T.);
#15934 = EDGE_CURVE('',#15935,#15937,#15939,.T.);
#15935 = VERTEX_POINT('',#15936);
#15936 = CARTESIAN_POINT('',(130.,206.5,0.));
#15937 = VERTEX_POINT('',#15938);
#15938 = CARTESIAN_POINT('',(130.,206.5,-20.));
#15939 = LINE('',#15940,#15941);
#15940 = CARTESIAN_POINT('',(130.,206.5,0.));
#15941 = VECTOR('',#15942,1.);
#15942 = DIRECTION('',(0.,0.,-1.));
#15943 = ORIENTED_EDGE('',*,*,#15944,.T.);
#15944 = EDGE_CURVE('',#15937,#15937,#15945,.T.);
#15945 = CIRCLE('',#15946,10.);
#15946 = AXIS2_PLACEMENT_3D('',#15947,#15948,#15949);
#15947 = CARTESIAN_POINT('',(120.,206.5,-20.));
#15948 = DIRECTION('',(0.,0.,-1.));
#15949 = DIRECTION('',(1.,0.,0.));
#15950 = ORIENTED_EDGE('',*,*,#15934,.F.);
#15951 = ORIENTED_EDGE('',*,*,#15952,.F.);
#15952 = EDGE_CURVE('',#15935,#15935,#15953,.T.);
#15953 = CIRCLE('',#15954,10.);
#15954 = AXIS2_PLACEMENT_3D('',#15955,#15956,#15957);
#15955 = CARTESIAN_POINT('',(120.,206.5,0.));
#15956 = DIRECTION('',(0.,0.,-1.));
#15957 = DIRECTION('',(1.,0.,0.));
#15958 = CYLINDRICAL_SURFACE('',#15959,10.);
#15959 = AXIS2_PLACEMENT_3D('',#15960,#15961,#15962);
#15960 = CARTESIAN_POINT('',(120.,206.5,0.));
#15961 = DIRECTION('',(0.,0.,1.));
#15962 = DIRECTION('',(1.,0.,-0.));
#15963 = ADVANCED_FACE('',(#15964),#15991,.F.);
#15964 = FACE_BOUND('',#15965,.T.);
#15965 = EDGE_LOOP('',(#15966,#15976,#15983,#15984));
#15966 = ORIENTED_EDGE('',*,*,#15967,.T.);
#15967 = EDGE_CURVE('',#15968,#15970,#15972,.T.);
#15968 = VERTEX_POINT('',#15969);
#15969 = CARTESIAN_POINT('',(50.,206.5,0.));
#15970 = VERTEX_POINT('',#15971);
#15971 = CARTESIAN_POINT('',(50.,206.5,-20.));
#15972 = LINE('',#15973,#15974);
#15973 = CARTESIAN_POINT('',(50.,206.5,0.));
#15974 = VECTOR('',#15975,1.);
#15975 = DIRECTION('',(0.,0.,-1.));
#15976 = ORIENTED_EDGE('',*,*,#15977,.T.);
#15977 = EDGE_CURVE('',#15970,#15970,#15978,.T.);
#15978 = CIRCLE('',#15979,10.);
#15979 = AXIS2_PLACEMENT_3D('',#15980,#15981,#15982);
#15980 = CARTESIAN_POINT('',(40.,206.5,-20.));
#15981 = DIRECTION('',(0.,0.,-1.));
#15982 = DIRECTION('',(1.,0.,0.));
#15983 = ORIENTED_EDGE('',*,*,#15967,.F.);
#15984 = ORIENTED_EDGE('',*,*,#15985,.F.);
#15985 = EDGE_CURVE('',#15968,#15968,#15986,.T.);
#15986 = CIRCLE('',#15987,10.);
#15987 = AXIS2_PLACEMENT_3D('',#15988,#15989,#15990);
#15988 = CARTESIAN_POINT('',(40.,206.5,0.));
#15989 = DIRECTION('',(0.,0.,-1.));
#15990 = DIRECTION('',(1.,0.,0.));
#15991 = CYLINDRICAL_SURFACE('',#15992,10.);
#15992 = AXIS2_PLACEMENT_3D('',#15993,#15994,#15995);
#15993 = CARTESIAN_POINT('',(40.,206.5,0.));
#15994 = DIRECTION('',(0.,0.,1.));
#15995 = DIRECTION('',(1.,0.,-0.));
#15996 = ADVANCED_FACE('',(#15997),#16024,.F.);
#15997 = FACE_BOUND('',#15998,.T.);
#15998 = EDGE_LOOP('',(#15999,#16009,#16016,#16017));
#15999 = ORIENTED_EDGE('',*,*,#16000,.T.);
#16000 = EDGE_CURVE('',#16001,#16003,#16005,.T.);
#16001 = VERTEX_POINT('',#16002);
#16002 = CARTESIAN_POINT('',(-30.,206.5,0.));
#16003 = VERTEX_POINT('',#16004);
#16004 = CARTESIAN_POINT('',(-30.,206.5,-20.));
#16005 = LINE('',#16006,#16007);
#16006 = CARTESIAN_POINT('',(-30.,206.5,0.));
#16007 = VECTOR('',#16008,1.);
#16008 = DIRECTION('',(0.,0.,-1.));
#16009 = ORIENTED_EDGE('',*,*,#16010,.T.);
#16010 = EDGE_CURVE('',#16003,#16003,#16011,.T.);
#16011 = CIRCLE('',#16012,10.);
#16012 = AXIS2_PLACEMENT_3D('',#16013,#16014,#16015);
#16013 = CARTESIAN_POINT('',(-40.,206.5,-20.));
#16014 = DIRECTION('',(0.,0.,-1.));
#16015 = DIRECTION('',(1.,0.,0.));
#16016 = ORIENTED_EDGE('',*,*,#16000,.F.);
#16017 = ORIENTED_EDGE('',*,*,#16018,.F.);
#16018 = EDGE_CURVE('',#16001,#16001,#16019,.T.);
#16019 = CIRCLE('',#16020,10.);
#16020 = AXIS2_PLACEMENT_3D('',#16021,#16022,#16023);
#16021 = CARTESIAN_POINT('',(-40.,206.5,0.));
#16022 = DIRECTION('',(0.,0.,-1.));
#16023 = DIRECTION('',(1.,0.,0.));
#16024 = CYLINDRICAL_SURFACE('',#16025,10.);
#16025 = AXIS2_PLACEMENT_3D('',#16026,#16027,#16028);
#16026 = CARTESIAN_POINT('',(-40.,206.5,0.));
#16027 = DIRECTION('',(0.,0.,1.));
#16028 = DIRECTION('',(1.,0.,-0.));
#16029 = ADVANCED_FACE('',(#16030),#16057,.F.);
#16030 = FACE_BOUND('',#16031,.T.);
#16031 = EDGE_LOOP('',(#16032,#16042,#16049,#16050));
#16032 = ORIENTED_EDGE('',*,*,#16033,.T.);
#16033 = EDGE_CURVE('',#16034,#16036,#16038,.T.);
#16034 = VERTEX_POINT('',#16035);
#16035 = CARTESIAN_POINT('',(-110.,206.5,0.));
#16036 = VERTEX_POINT('',#16037);
#16037 = CARTESIAN_POINT('',(-110.,206.5,-20.));
#16038 = LINE('',#16039,#16040);
#16039 = CARTESIAN_POINT('',(-110.,206.5,0.));
#16040 = VECTOR('',#16041,1.);
#16041 = DIRECTION('',(0.,0.,-1.));
#16042 = ORIENTED_EDGE('',*,*,#16043,.T.);
#16043 = EDGE_CURVE('',#16036,#16036,#16044,.T.);
#16044 = CIRCLE('',#16045,10.);
#16045 = AXIS2_PLACEMENT_3D('',#16046,#16047,#16048);
#16046 = CARTESIAN_POINT('',(-120.,206.5,-20.));
#16047 = DIRECTION('',(0.,0.,-1.));
#16048 = DIRECTION('',(1.,0.,0.));
#16049 = ORIENTED_EDGE('',*,*,#16033,.F.);
#16050 = ORIENTED_EDGE('',*,*,#16051,.F.);
#16051 = EDGE_CURVE('',#16034,#16034,#16052,.T.);
#16052 = CIRCLE('',#16053,10.);
#16053 = AXIS2_PLACEMENT_3D('',#16054,#16055,#16056);
#16054 = CARTESIAN_POINT('',(-120.,206.5,0.));
#16055 = DIRECTION('',(0.,0.,-1.));
#16056 = DIRECTION('',(1.,0.,0.));
#16057 = CYLINDRICAL_SURFACE('',#16058,10.);
#16058 = AXIS2_PLACEMENT_3D('',#16059,#16060,#16061);
#16059 = CARTESIAN_POINT('',(-120.,206.5,0.));
#16060 = DIRECTION('',(0.,0.,1.));
#16061 = DIRECTION('',(1.,0.,-0.));
#16062 = ADVANCED_FACE('',(#16063),#16090,.F.);
#16063 = FACE_BOUND('',#16064,.T.);
#16064 = EDGE_LOOP('',(#16065,#16075,#16082,#16083));
#16065 = ORIENTED_EDGE('',*,*,#16066,.T.);
#16066 = EDGE_CURVE('',#16067,#16069,#16071,.T.);
#16067 = VERTEX_POINT('',#16068);
#16068 = CARTESIAN_POINT('',(-196.5,106.5,0.));
#16069 = VERTEX_POINT('',#16070);
#16070 = CARTESIAN_POINT('',(-196.5,106.5,-20.));
#16071 = LINE('',#16072,#16073);
#16072 = CARTESIAN_POINT('',(-196.5,106.5,0.));
#16073 = VECTOR('',#16074,1.);
#16074 = DIRECTION('',(0.,0.,-1.));
#16075 = ORIENTED_EDGE('',*,*,#16076,.T.);
#16076 = EDGE_CURVE('',#16069,#16069,#16077,.T.);
#16077 = CIRCLE('',#16078,10.);
#16078 = AXIS2_PLACEMENT_3D('',#16079,#16080,#16081);
#16079 = CARTESIAN_POINT('',(-206.5,106.5,-20.));
#16080 = DIRECTION('',(0.,0.,-1.));
#16081 = DIRECTION('',(1.,0.,0.));
#16082 = ORIENTED_EDGE('',*,*,#16066,.F.);
#16083 = ORIENTED_EDGE('',*,*,#16084,.F.);
#16084 = EDGE_CURVE('',#16067,#16067,#16085,.T.);
#16085 = CIRCLE('',#16086,10.);
#16086 = AXIS2_PLACEMENT_3D('',#16087,#16088,#16089);
#16087 = CARTESIAN_POINT('',(-206.5,106.5,0.));
#16088 = DIRECTION('',(0.,0.,-1.));
#16089 = DIRECTION('',(1.,0.,0.));
#16090 = CYLINDRICAL_SURFACE('',#16091,10.);
#16091 = AXIS2_PLACEMENT_3D('',#16092,#16093,#16094);
#16092 = CARTESIAN_POINT('',(-206.5,106.5,0.));
#16093 = DIRECTION('',(0.,0.,1.));
#16094 = DIRECTION('',(1.,0.,-0.));
#16095 = ADVANCED_FACE('',(#16096),#16123,.F.);
#16096 = FACE_BOUND('',#16097,.T.);
#16097 = EDGE_LOOP('',(#16098,#16108,#16115,#16116));
#16098 = ORIENTED_EDGE('',*,*,#16099,.T.);
#16099 = EDGE_CURVE('',#16100,#16102,#16104,.T.);
#16100 = VERTEX_POINT('',#16101);
#16101 = CARTESIAN_POINT('',(-196.5,44.,0.));
#16102 = VERTEX_POINT('',#16103);
#16103 = CARTESIAN_POINT('',(-196.5,44.,-20.));
#16104 = LINE('',#16105,#16106);
#16105 = CARTESIAN_POINT('',(-196.5,44.,0.));
#16106 = VECTOR('',#16107,1.);
#16107 = DIRECTION('',(0.,0.,-1.));
#16108 = ORIENTED_EDGE('',*,*,#16109,.T.);
#16109 = EDGE_CURVE('',#16102,#16102,#16110,.T.);
#16110 = CIRCLE('',#16111,10.);
#16111 = AXIS2_PLACEMENT_3D('',#16112,#16113,#16114);
#16112 = CARTESIAN_POINT('',(-206.5,44.,-20.));
#16113 = DIRECTION('',(0.,0.,-1.));
#16114 = DIRECTION('',(1.,0.,0.));
#16115 = ORIENTED_EDGE('',*,*,#16099,.F.);
#16116 = ORIENTED_EDGE('',*,*,#16117,.F.);
#16117 = EDGE_CURVE('',#16100,#16100,#16118,.T.);
#16118 = CIRCLE('',#16119,10.);
#16119 = AXIS2_PLACEMENT_3D('',#16120,#16121,#16122);
#16120 = CARTESIAN_POINT('',(-206.5,44.,0.));
#16121 = DIRECTION('',(0.,0.,-1.));
#16122 = DIRECTION('',(1.,0.,0.));
#16123 = CYLINDRICAL_SURFACE('',#16124,10.);
#16124 = AXIS2_PLACEMENT_3D('',#16125,#16126,#16127);
#16125 = CARTESIAN_POINT('',(-206.5,44.,0.));
#16126 = DIRECTION('',(0.,0.,1.));
#16127 = DIRECTION('',(1.,0.,-0.));
#16128 = ADVANCED_FACE('',(#16129),#16156,.F.);
#16129 = FACE_BOUND('',#16130,.T.);
#16130 = EDGE_LOOP('',(#16131,#16141,#16148,#16149));
#16131 = ORIENTED_EDGE('',*,*,#16132,.T.);
#16132 = EDGE_CURVE('',#16133,#16135,#16137,.T.);
#16133 = VERTEX_POINT('',#16134);
#16134 = CARTESIAN_POINT('',(-196.5,-18.5,0.));
#16135 = VERTEX_POINT('',#16136);
#16136 = CARTESIAN_POINT('',(-196.5,-18.5,-20.));
#16137 = LINE('',#16138,#16139);
#16138 = CARTESIAN_POINT('',(-196.5,-18.5,0.));
#16139 = VECTOR('',#16140,1.);
#16140 = DIRECTION('',(0.,0.,-1.));
#16141 = ORIENTED_EDGE('',*,*,#16142,.T.);
#16142 = EDGE_CURVE('',#16135,#16135,#16143,.T.);
#16143 = CIRCLE('',#16144,10.);
#16144 = AXIS2_PLACEMENT_3D('',#16145,#16146,#16147);
#16145 = CARTESIAN_POINT('',(-206.5,-18.5,-20.));
#16146 = DIRECTION('',(0.,0.,-1.));
#16147 = DIRECTION('',(1.,0.,0.));
#16148 = ORIENTED_EDGE('',*,*,#16132,.F.);
#16149 = ORIENTED_EDGE('',*,*,#16150,.F.);
#16150 = EDGE_CURVE('',#16133,#16133,#16151,.T.);
#16151 = CIRCLE('',#16152,10.);
#16152 = AXIS2_PLACEMENT_3D('',#16153,#16154,#16155);
#16153 = CARTESIAN_POINT('',(-206.5,-18.5,0.));
#16154 = DIRECTION('',(0.,0.,-1.));
#16155 = DIRECTION('',(1.,0.,0.));
#16156 = CYLINDRICAL_SURFACE('',#16157,10.);
#16157 = AXIS2_PLACEMENT_3D('',#16158,#16159,#16160);
#16158 = CARTESIAN_POINT('',(-206.5,-18.5,0.));
#16159 = DIRECTION('',(0.,0.,1.));
#16160 = DIRECTION('',(1.,0.,-0.));
#16161 = ADVANCED_FACE('',(#16162,#16184,#16187,#16190,#16193,#16196,
    #16199,#16202,#16205,#16208,#16211,#16214,#16217,#16220,#16223,
    #16226),#16229,.T.);
#16162 = FACE_BOUND('',#16163,.F.);
#16163 = EDGE_LOOP('',(#16164,#16165,#16166,#16167,#16168,#16169,#16170,
    #16171,#16172,#16173,#16174,#16175,#16176,#16177,#16178,#16179,
    #16180,#16181,#16182,#16183));
#16164 = ORIENTED_EDGE('',*,*,#15064,.T.);
#16165 = ORIENTED_EDGE('',*,*,#15095,.T.);
#16166 = ORIENTED_EDGE('',*,*,#15126,.T.);
#16167 = ORIENTED_EDGE('',*,*,#15157,.T.);
#16168 = ORIENTED_EDGE('',*,*,#15188,.T.);
#16169 = ORIENTED_EDGE('',*,*,#15220,.T.);
#16170 = ORIENTED_EDGE('',*,*,#15252,.T.);
#16171 = ORIENTED_EDGE('',*,*,#15284,.T.);
#16172 = ORIENTED_EDGE('',*,*,#15316,.T.);
#16173 = ORIENTED_EDGE('',*,*,#15348,.T.);
#16174 = ORIENTED_EDGE('',*,*,#15380,.T.);
#16175 = ORIENTED_EDGE('',*,*,#15412,.T.);
#16176 = ORIENTED_EDGE('',*,*,#15444,.T.);
#16177 = ORIENTED_EDGE('',*,*,#15476,.T.);
#16178 = ORIENTED_EDGE('',*,*,#15508,.T.);
#16179 = ORIENTED_EDGE('',*,*,#15540,.T.);
#16180 = ORIENTED_EDGE('',*,*,#15572,.T.);
#16181 = ORIENTED_EDGE('',*,*,#15603,.T.);
#16182 = ORIENTED_EDGE('',*,*,#15634,.T.);
#16183 = ORIENTED_EDGE('',*,*,#15656,.T.);
#16184 = FACE_BOUND('',#16185,.T.);
#16185 = EDGE_LOOP('',(#16186));
#16186 = ORIENTED_EDGE('',*,*,#15688,.T.);
#16187 = FACE_BOUND('',#16188,.T.);
#16188 = EDGE_LOOP('',(#16189));
#16189 = ORIENTED_EDGE('',*,*,#15721,.T.);
#16190 = FACE_BOUND('',#16191,.T.);
#16191 = EDGE_LOOP('',(#16192));
#16192 = ORIENTED_EDGE('',*,*,#15754,.T.);
#16193 = FACE_BOUND('',#16194,.T.);
#16194 = EDGE_LOOP('',(#16195));
#16195 = ORIENTED_EDGE('',*,*,#15787,.T.);
#16196 = FACE_BOUND('',#16197,.T.);
#16197 = EDGE_LOOP('',(#16198));
#16198 = ORIENTED_EDGE('',*,*,#15820,.T.);
#16199 = FACE_BOUND('',#16200,.T.);
#16200 = EDGE_LOOP('',(#16201));
#16201 = ORIENTED_EDGE('',*,*,#15853,.T.);
#16202 = FACE_BOUND('',#16203,.T.);
#16203 = EDGE_LOOP('',(#16204));
#16204 = ORIENTED_EDGE('',*,*,#15886,.T.);
#16205 = FACE_BOUND('',#16206,.T.);
#16206 = EDGE_LOOP('',(#16207));
#16207 = ORIENTED_EDGE('',*,*,#15919,.T.);
#16208 = FACE_BOUND('',#16209,.T.);
#16209 = EDGE_LOOP('',(#16210));
#16210 = ORIENTED_EDGE('',*,*,#15952,.T.);
#16211 = FACE_BOUND('',#16212,.T.);
#16212 = EDGE_LOOP('',(#16213));
#16213 = ORIENTED_EDGE('',*,*,#15985,.T.);
#16214 = FACE_BOUND('',#16215,.T.);
#16215 = EDGE_LOOP('',(#16216));
#16216 = ORIENTED_EDGE('',*,*,#16018,.T.);
#16217 = FACE_BOUND('',#16218,.T.);
#16218 = EDGE_LOOP('',(#16219));
#16219 = ORIENTED_EDGE('',*,*,#16051,.T.);
#16220 = FACE_BOUND('',#16221,.T.);
#16221 = EDGE_LOOP('',(#16222));
#16222 = ORIENTED_EDGE('',*,*,#16084,.T.);
#16223 = FACE_BOUND('',#16224,.T.);
#16224 = EDGE_LOOP('',(#16225));
#16225 = ORIENTED_EDGE('',*,*,#16117,.T.);
#16226 = FACE_BOUND('',#16227,.T.);
#16227 = EDGE_LOOP('',(#16228));
#16228 = ORIENTED_EDGE('',*,*,#16150,.T.);
#16229 = PLANE('',#16230);
#16230 = AXIS2_PLACEMENT_3D('',#16231,#16232,#16233);
#16231 = CARTESIAN_POINT('',(-7.9E-15,7.897464583001,0.));
#16232 = DIRECTION('',(0.,0.,1.));
#16233 = DIRECTION('',(1.,0.,0.));
#16234 = ADVANCED_FACE('',(#16235,#16257,#16260,#16263,#16266,#16269,
    #16272,#16275,#16278,#16281,#16284,#16287,#16290,#16293,#16296,
    #16299),#16302,.F.);
#16235 = FACE_BOUND('',#16236,.T.);
#16236 = EDGE_LOOP('',(#16237,#16238,#16239,#16240,#16241,#16242,#16243,
    #16244,#16245,#16246,#16247,#16248,#16249,#16250,#16251,#16252,
    #16253,#16254,#16255,#16256));
#16237 = ORIENTED_EDGE('',*,*,#15048,.T.);
#16238 = ORIENTED_EDGE('',*,*,#15079,.T.);
#16239 = ORIENTED_EDGE('',*,*,#15110,.T.);
#16240 = ORIENTED_EDGE('',*,*,#15141,.T.);
#16241 = ORIENTED_EDGE('',*,*,#15172,.T.);
#16242 = ORIENTED_EDGE('',*,*,#15203,.T.);
#16243 = ORIENTED_EDGE('',*,*,#15236,.T.);
#16244 = ORIENTED_EDGE('',*,*,#15267,.T.);
#16245 = ORIENTED_EDGE('',*,*,#15300,.T.);
#16246 = ORIENTED_EDGE('',*,*,#15331,.T.);
#16247 = ORIENTED_EDGE('',*,*,#15364,.T.);
#16248 = ORIENTED_EDGE('',*,*,#15395,.T.);
#16249 = ORIENTED_EDGE('',*,*,#15428,.T.);
#16250 = ORIENTED_EDGE('',*,*,#15459,.T.);
#16251 = ORIENTED_EDGE('',*,*,#15492,.T.);
#16252 = ORIENTED_EDGE('',*,*,#15523,.T.);
#16253 = ORIENTED_EDGE('',*,*,#15556,.T.);
#16254 = ORIENTED_EDGE('',*,*,#15587,.T.);
#16255 = ORIENTED_EDGE('',*,*,#15618,.T.);
#16256 = ORIENTED_EDGE('',*,*,#15649,.T.);
#16257 = FACE_BOUND('',#16258,.F.);
#16258 = EDGE_LOOP('',(#16259));
#16259 = ORIENTED_EDGE('',*,*,#15680,.T.);
#16260 = FACE_BOUND('',#16261,.F.);
#16261 = EDGE_LOOP('',(#16262));
#16262 = ORIENTED_EDGE('',*,*,#15713,.T.);
#16263 = FACE_BOUND('',#16264,.F.);
#16264 = EDGE_LOOP('',(#16265));
#16265 = ORIENTED_EDGE('',*,*,#15746,.T.);
#16266 = FACE_BOUND('',#16267,.F.);
#16267 = EDGE_LOOP('',(#16268));
#16268 = ORIENTED_EDGE('',*,*,#15779,.T.);
#16269 = FACE_BOUND('',#16270,.F.);
#16270 = EDGE_LOOP('',(#16271));
#16271 = ORIENTED_EDGE('',*,*,#15812,.T.);
#16272 = FACE_BOUND('',#16273,.F.);
#16273 = EDGE_LOOP('',(#16274));
#16274 = ORIENTED_EDGE('',*,*,#15845,.T.);
#16275 = FACE_BOUND('',#16276,.F.);
#16276 = EDGE_LOOP('',(#16277));
#16277 = ORIENTED_EDGE('',*,*,#15878,.T.);
#16278 = FACE_BOUND('',#16279,.F.);
#16279 = EDGE_LOOP('',(#16280));
#16280 = ORIENTED_EDGE('',*,*,#15911,.T.);
#16281 = FACE_BOUND('',#16282,.F.);
#16282 = EDGE_LOOP('',(#16283));
#16283 = ORIENTED_EDGE('',*,*,#15944,.T.);
#16284 = FACE_BOUND('',#16285,.F.);
#16285 = EDGE_LOOP('',(#16286));
#16286 = ORIENTED_EDGE('',*,*,#15977,.T.);
#16287 = FACE_BOUND('',#16288,.F.);
#16288 = EDGE_LOOP('',(#16289));
#16289 = ORIENTED_EDGE('',*,*,#16010,.T.);
#16290 = FACE_BOUND('',#16291,.F.);
#16291 = EDGE_LOOP('',(#16292));
#16292 = ORIENTED_EDGE('',*,*,#16043,.T.);
#16293 = FACE_BOUND('',#16294,.F.);
#16294 = EDGE_LOOP('',(#16295));
#16295 = ORIENTED_EDGE('',*,*,#16076,.T.);
#16296 = FACE_BOUND('',#16297,.F.);
#16297 = EDGE_LOOP('',(#16298));
#16298 = ORIENTED_EDGE('',*,*,#16109,.T.);
#16299 = FACE_BOUND('',#16300,.F.);
#16300 = EDGE_LOOP('',(#16301));
#16301 = ORIENTED_EDGE('',*,*,#16142,.T.);
#16302 = PLANE('',#16303);
#16303 = AXIS2_PLACEMENT_3D('',#16304,#16305,#16306);
#16304 = CARTESIAN_POINT('',(-7.9E-15,7.897464583001,-20.));
#16305 = DIRECTION('',(0.,0.,1.));
#16306 = DIRECTION('',(1.,0.,0.));
#16307 = ( GEOMETRIC_REPRESENTATION_CONTEXT(3) 
GLOBAL_UNCERTAINTY_ASSIGNED_CONTEXT((#16311)) 
GLOBAL_UNIT_ASSIGNED_CONTEXT((#16308,#16309,#16310)) 
REPRESENTATION_CONTEXT('Context #1',
  '3D Context with UNIT and UNCERTAINTY') );
#16308 = ( LENGTH_UNIT() NAMED_UNIT(*) SI_UNIT(.MILLI.,.METRE.) );
#16309 = ( NAMED_UNIT(*) PLANE_ANGLE_UNIT() SI_UNIT($,.RADIAN.) );
#16310 = ( NAMED_UNIT(*) SI_UNIT($,.STERADIAN.) SOLID_ANGLE_UNIT() );
#16311 = UNCERTAINTY_MEASURE_WITH_UNIT(LENGTH_MEASURE(1.E-07),#16308,
  'distance_accuracy_value','confusion accuracy');
#16312 = CONTEXT_DEPENDENT_SHAPE_REPRESENTATION(#16313,#16315);
#16313 = ( REPRESENTATION_RELATIONSHIP('','',#15031,#12799) 
REPRESENTATION_RELATIONSHIP_WITH_TRANSFORMATION(#16314) 
SHAPE_REPRESENTATION_RELATIONSHIP() );
#16314 = ITEM_DEFINED_TRANSFORMATION('','',#11,#12820);
#16315 = PRODUCT_DEFINITION_SHAPE('Placement','Placement of an item',
  #16316);
#16316 = NEXT_ASSEMBLY_USAGE_OCCURRENCE('29','flange_inferior','',#12794
  ,#15026,$);
#16317 = CC_DESIGN_SECURITY_CLASSIFICATION(#16318,(#16316));
#16318 = SECURITY_CLASSIFICATION('','',#55);
#16319 = CC_DESIGN_PERSON_AND_ORGANIZATION_ASSIGNMENT(#44,#53,(#16318));
#16320 = CC_DESIGN_DATE_AND_TIME_ASSIGNMENT(#58,#64,(#16318));
#16321 = CC_DESIGN_APPROVAL(#66,(#16318));
#16322 = PRODUCT_RELATED_PRODUCT_CATEGORY('detail',$,(#15028));
#16323 = PRODUCT_CATEGORY_RELATIONSHIP('','',#16324,#16322);
#16324 = PRODUCT_CATEGORY('part',$);
#16325 = CC_DESIGN_PERSON_AND_ORGANIZATION_ASSIGNMENT(#44,#47,(#15027,
    #15026));
#16326 = CC_DESIGN_PERSON_AND_ORGANIZATION_ASSIGNMENT(#44,#49,(#15028));
#16327 = CC_DESIGN_PERSON_AND_ORGANIZATION_ASSIGNMENT(#44,#51,(#15027));
#16328 = CC_DESIGN_PERSON_AND_ORGANIZATION_ASSIGNMENT(#44,#53,(#16329));
#16329 = SECURITY_CLASSIFICATION('','',#55);
#16330 = CC_DESIGN_SECURITY_CLASSIFICATION(#16329,(#15027));
#16331 = CC_DESIGN_DATE_AND_TIME_ASSIGNMENT(#58,#62,(#15026));
#16332 = CC_DESIGN_DATE_AND_TIME_ASSIGNMENT(#58,#64,(#16329));
#16333 = CC_DESIGN_APPROVAL(#66,(#15027,#15026,#16329));
#16334 = SHAPE_DEFINITION_REPRESENTATION(#16335,#16341);
#16335 = PRODUCT_DEFINITION_SHAPE('','',#16336);
#16336 = PRODUCT_DEFINITION('design','',#16337,#16340);
#16337 = PRODUCT_DEFINITION_FORMATION_WITH_SPECIFIED_SOURCE('','',#16338
  ,.NOT_KNOWN.);
#16338 = PRODUCT('flange_superior','flange_superior','',(#16339));
#16339 = MECHANICAL_CONTEXT('',#2,'mechanical');
#16340 = DESIGN_CONTEXT('',#2,'design');
#16341 = ADVANCED_BREP_SHAPE_REPRESENTATION('',(#11,#16342),#17331);
#16342 = MANIFOLD_SOLID_BREP('',#16343);
#16343 = CLOSED_SHELL('',(#16344,#16384,#16417,#16448,#16481,#16512,
    #16545,#16576,#16609,#16640,#16671,#16702,#16733,#16764,#16795,
    #16817,#16850,#16883,#16916,#16949,#16982,#17015,#17048,#17081,
    #17114,#17147,#17180,#17213,#17272));
#16344 = ADVANCED_FACE('',(#16345),#16379,.F.);
#16345 = FACE_BOUND('',#16346,.F.);
#16346 = EDGE_LOOP('',(#16347,#16357,#16365,#16373));
#16347 = ORIENTED_EDGE('',*,*,#16348,.T.);
#16348 = EDGE_CURVE('',#16349,#16351,#16353,.T.);
#16349 = VERTEX_POINT('',#16350);
#16350 = CARTESIAN_POINT('',(175.,-115.,500.));
#16351 = VERTEX_POINT('',#16352);
#16352 = CARTESIAN_POINT('',(175.,-115.,520.));
#16353 = LINE('',#16354,#16355);
#16354 = CARTESIAN_POINT('',(175.,-115.,500.));
#16355 = VECTOR('',#16356,1.);
#16356 = DIRECTION('',(0.,0.,1.));
#16357 = ORIENTED_EDGE('',*,*,#16358,.T.);
#16358 = EDGE_CURVE('',#16351,#16359,#16361,.T.);
#16359 = VERTEX_POINT('',#16360);
#16360 = CARTESIAN_POINT('',(175.,204.99999870273,520.));
#16361 = LINE('',#16362,#16363);
#16362 = CARTESIAN_POINT('',(175.,-115.,520.));
#16363 = VECTOR('',#16364,1.);
#16364 = DIRECTION('',(0.,1.,0.));
#16365 = ORIENTED_EDGE('',*,*,#16366,.F.);
#16366 = EDGE_CURVE('',#16367,#16359,#16369,.T.);
#16367 = VERTEX_POINT('',#16368);
#16368 = CARTESIAN_POINT('',(175.,204.99999870273,500.));
#16369 = LINE('',#16370,#16371);
#16370 = CARTESIAN_POINT('',(175.,204.99999870273,500.));
#16371 = VECTOR('',#16372,1.);
#16372 = DIRECTION('',(0.,0.,1.));
#16373 = ORIENTED_EDGE('',*,*,#16374,.F.);
#16374 = EDGE_CURVE('',#16349,#16367,#16375,.T.);
#16375 = LINE('',#16376,#16377);
#16376 = CARTESIAN_POINT('',(175.,-115.,500.));
#16377 = VECTOR('',#16378,1.);
#16378 = DIRECTION('',(0.,1.,0.));
#16379 = PLANE('',#16380);
#16380 = AXIS2_PLACEMENT_3D('',#16381,#16382,#16383);
#16381 = CARTESIAN_POINT('',(175.,-115.,500.));
#16382 = DIRECTION('',(-1.,0.,0.));
#16383 = DIRECTION('',(0.,1.,0.));
#16384 = ADVANCED_FACE('',(#16385),#16412,.T.);
#16385 = FACE_BOUND('',#16386,.F.);
#16386 = EDGE_LOOP('',(#16387,#16388,#16397,#16405));
#16387 = ORIENTED_EDGE('',*,*,#16366,.T.);
#16388 = ORIENTED_EDGE('',*,*,#16389,.T.);
#16389 = EDGE_CURVE('',#16359,#16390,#16392,.T.);
#16390 = VERTEX_POINT('',#16391);
#16391 = CARTESIAN_POINT('',(155.,225.,520.));
#16392 = CIRCLE('',#16393,20.);
#16393 = AXIS2_PLACEMENT_3D('',#16394,#16395,#16396);
#16394 = CARTESIAN_POINT('',(155.,205.,520.));
#16395 = DIRECTION('',(0.,0.,1.));
#16396 = DIRECTION('',(1.,0.,0.));
#16397 = ORIENTED_EDGE('',*,*,#16398,.F.);
#16398 = EDGE_CURVE('',#16399,#16390,#16401,.T.);
#16399 = VERTEX_POINT('',#16400);
#16400 = CARTESIAN_POINT('',(155.,225.,500.));
#16401 = LINE('',#16402,#16403);
#16402 = CARTESIAN_POINT('',(155.,225.,500.));
#16403 = VECTOR('',#16404,1.);
#16404 = DIRECTION('',(0.,0.,1.));
#16405 = ORIENTED_EDGE('',*,*,#16406,.F.);
#16406 = EDGE_CURVE('',#16367,#16399,#16407,.T.);
#16407 = CIRCLE('',#16408,20.);
#16408 = AXIS2_PLACEMENT_3D('',#16409,#16410,#16411);
#16409 = CARTESIAN_POINT('',(155.,205.,500.));
#16410 = DIRECTION('',(0.,0.,1.));
#16411 = DIRECTION('',(1.,0.,0.));
#16412 = CYLINDRICAL_SURFACE('',#16413,20.);
#16413 = AXIS2_PLACEMENT_3D('',#16414,#16415,#16416);
#16414 = CARTESIAN_POINT('',(155.,205.,500.));
#16415 = DIRECTION('',(-0.,-0.,-1.));
#16416 = DIRECTION('',(1.,0.,0.));
#16417 = ADVANCED_FACE('',(#16418),#16443,.T.);
#16418 = FACE_BOUND('',#16419,.T.);
#16419 = EDGE_LOOP('',(#16420,#16430,#16436,#16437));
#16420 = ORIENTED_EDGE('',*,*,#16421,.T.);
#16421 = EDGE_CURVE('',#16422,#16424,#16426,.T.);
#16422 = VERTEX_POINT('',#16423);
#16423 = CARTESIAN_POINT('',(-155.,225.,500.));
#16424 = VERTEX_POINT('',#16425);
#16425 = CARTESIAN_POINT('',(-155.,225.,520.));
#16426 = LINE('',#16427,#16428);
#16427 = CARTESIAN_POINT('',(-155.,225.,500.));
#16428 = VECTOR('',#16429,1.);
#16429 = DIRECTION('',(0.,0.,1.));
#16430 = ORIENTED_EDGE('',*,*,#16431,.T.);
#16431 = EDGE_CURVE('',#16424,#16390,#16432,.T.);
#16432 = LINE('',#16433,#16434);
#16433 = CARTESIAN_POINT('',(-155.,225.,520.));
#16434 = VECTOR('',#16435,1.);
#16435 = DIRECTION('',(1.,-9.E-17,0.));
#16436 = ORIENTED_EDGE('',*,*,#16398,.F.);
#16437 = ORIENTED_EDGE('',*,*,#16438,.F.);
#16438 = EDGE_CURVE('',#16422,#16399,#16439,.T.);
#16439 = LINE('',#16440,#16441);
#16440 = CARTESIAN_POINT('',(-155.,225.,500.));
#16441 = VECTOR('',#16442,1.);
#16442 = DIRECTION('',(1.,-9.E-17,0.));
#16443 = PLANE('',#16444);
#16444 = AXIS2_PLACEMENT_3D('',#16445,#16446,#16447);
#16445 = CARTESIAN_POINT('',(-155.,225.,500.));
#16446 = DIRECTION('',(9.E-17,1.,0.));
#16447 = DIRECTION('',(1.,-9.E-17,0.));
#16448 = ADVANCED_FACE('',(#16449),#16476,.T.);
#16449 = FACE_BOUND('',#16450,.T.);
#16450 = EDGE_LOOP('',(#16451,#16461,#16468,#16469));
#16451 = ORIENTED_EDGE('',*,*,#16452,.T.);
#16452 = EDGE_CURVE('',#16453,#16455,#16457,.T.);
#16453 = VERTEX_POINT('',#16454);
#16454 = CARTESIAN_POINT('',(-172.3205080756,215.,500.));
#16455 = VERTEX_POINT('',#16456);
#16456 = CARTESIAN_POINT('',(-172.3205080756,215.,520.));
#16457 = LINE('',#16458,#16459);
#16458 = CARTESIAN_POINT('',(-172.3205080756,215.,500.));
#16459 = VECTOR('',#16460,1.);
#16460 = DIRECTION('',(0.,0.,1.));
#16461 = ORIENTED_EDGE('',*,*,#16462,.T.);
#16462 = EDGE_CURVE('',#16455,#16424,#16463,.T.);
#16463 = CIRCLE('',#16464,20.);
#16464 = AXIS2_PLACEMENT_3D('',#16465,#16466,#16467);
#16465 = CARTESIAN_POINT('',(-155.,205.,520.));
#16466 = DIRECTION('',(0.,0.,-1.));
#16467 = DIRECTION('',(1.,0.,0.));
#16468 = ORIENTED_EDGE('',*,*,#16421,.F.);
#16469 = ORIENTED_EDGE('',*,*,#16470,.F.);
#16470 = EDGE_CURVE('',#16453,#16422,#16471,.T.);
#16471 = CIRCLE('',#16472,20.);
#16472 = AXIS2_PLACEMENT_3D('',#16473,#16474,#16475);
#16473 = CARTESIAN_POINT('',(-155.,205.,500.));
#16474 = DIRECTION('',(0.,0.,-1.));
#16475 = DIRECTION('',(1.,0.,0.));
#16476 = CYLINDRICAL_SURFACE('',#16477,20.);
#16477 = AXIS2_PLACEMENT_3D('',#16478,#16479,#16480);
#16478 = CARTESIAN_POINT('',(-155.,205.,500.));
#16479 = DIRECTION('',(0.,0.,-1.));
#16480 = DIRECTION('',(1.,0.,0.));
#16481 = ADVANCED_FACE('',(#16482),#16507,.T.);
#16482 = FACE_BOUND('',#16483,.T.);
#16483 = EDGE_LOOP('',(#16484,#16494,#16500,#16501));
#16484 = ORIENTED_EDGE('',*,*,#16485,.T.);
#16485 = EDGE_CURVE('',#16486,#16488,#16490,.T.);
#16486 = VERTEX_POINT('',#16487);
#16487 = CARTESIAN_POINT('',(-222.3205080756,128.39745962155,500.));
#16488 = VERTEX_POINT('',#16489);
#16489 = CARTESIAN_POINT('',(-222.3205080756,128.39745962155,520.));
#16490 = LINE('',#16491,#16492);
#16491 = CARTESIAN_POINT('',(-222.3205080756,128.39745962155,500.));
#16492 = VECTOR('',#16493,1.);
#16493 = DIRECTION('',(0.,0.,1.));
#16494 = ORIENTED_EDGE('',*,*,#16495,.T.);
#16495 = EDGE_CURVE('',#16488,#16455,#16496,.T.);
#16496 = LINE('',#16497,#16498);
#16497 = CARTESIAN_POINT('',(-222.3205080756,128.39745962155,520.));
#16498 = VECTOR('',#16499,1.);
#16499 = DIRECTION('',(0.5,0.866025403784,0.));
#16500 = ORIENTED_EDGE('',*,*,#16452,.F.);
#16501 = ORIENTED_EDGE('',*,*,#16502,.F.);
#16502 = EDGE_CURVE('',#16486,#16453,#16503,.T.);
#16503 = LINE('',#16504,#16505);
#16504 = CARTESIAN_POINT('',(-222.3205080756,128.39745962155,500.));
#16505 = VECTOR('',#16506,1.);
#16506 = DIRECTION('',(0.5,0.866025403784,0.));
#16507 = PLANE('',#16508);
#16508 = AXIS2_PLACEMENT_3D('',#16509,#16510,#16511);
#16509 = CARTESIAN_POINT('',(-222.3205080756,128.39745962155,500.));
#16510 = DIRECTION('',(-0.866025403784,0.5,0.));
#16511 = DIRECTION('',(0.5,0.866025403784,0.));
#16512 = ADVANCED_FACE('',(#16513),#16540,.T.);
#16513 = FACE_BOUND('',#16514,.T.);
#16514 = EDGE_LOOP('',(#16515,#16525,#16532,#16533));
#16515 = ORIENTED_EDGE('',*,*,#16516,.T.);
#16516 = EDGE_CURVE('',#16517,#16519,#16521,.T.);
#16517 = VERTEX_POINT('',#16518);
#16518 = CARTESIAN_POINT('',(-225.,118.39745962155,500.));
#16519 = VERTEX_POINT('',#16520);
#16520 = CARTESIAN_POINT('',(-225.,118.39745962155,520.));
#16521 = LINE('',#16522,#16523);
#16522 = CARTESIAN_POINT('',(-225.,118.39745962155,500.));
#16523 = VECTOR('',#16524,1.);
#16524 = DIRECTION('',(0.,0.,1.));
#16525 = ORIENTED_EDGE('',*,*,#16526,.T.);
#16526 = EDGE_CURVE('',#16519,#16488,#16527,.T.);
#16527 = CIRCLE('',#16528,20.);
#16528 = AXIS2_PLACEMENT_3D('',#16529,#16530,#16531);
#16529 = CARTESIAN_POINT('',(-205.,118.39745962155,520.));
#16530 = DIRECTION('',(0.,0.,-1.));
#16531 = DIRECTION('',(1.,0.,0.));
#16532 = ORIENTED_EDGE('',*,*,#16485,.F.);
#16533 = ORIENTED_EDGE('',*,*,#16534,.F.);
#16534 = EDGE_CURVE('',#16517,#16486,#16535,.T.);
#16535 = CIRCLE('',#16536,20.);
#16536 = AXIS2_PLACEMENT_3D('',#16537,#16538,#16539);
#16537 = CARTESIAN_POINT('',(-205.,118.39745962155,500.));
#16538 = DIRECTION('',(0.,0.,-1.));
#16539 = DIRECTION('',(1.,0.,0.));
#16540 = CYLINDRICAL_SURFACE('',#16541,20.);
#16541 = AXIS2_PLACEMENT_3D('',#16542,#16543,#16544);
#16542 = CARTESIAN_POINT('',(-205.,118.39745962155,500.));
#16543 = DIRECTION('',(0.,0.,-1.));
#16544 = DIRECTION('',(1.,0.,0.));
#16545 = ADVANCED_FACE('',(#16546),#16571,.T.);
#16546 = FACE_BOUND('',#16547,.T.);
#16547 = EDGE_LOOP('',(#16548,#16558,#16564,#16565));
#16548 = ORIENTED_EDGE('',*,*,#16549,.T.);
#16549 = EDGE_CURVE('',#16550,#16552,#16554,.T.);
#16550 = VERTEX_POINT('',#16551);
#16551 = CARTESIAN_POINT('',(-225.,-18.5,500.));
#16552 = VERTEX_POINT('',#16553);
#16553 = CARTESIAN_POINT('',(-225.,-18.5,520.));
#16554 = LINE('',#16555,#16556);
#16555 = CARTESIAN_POINT('',(-225.,-18.5,500.));
#16556 = VECTOR('',#16557,1.);
#16557 = DIRECTION('',(0.,0.,1.));
#16558 = ORIENTED_EDGE('',*,*,#16559,.T.);
#16559 = EDGE_CURVE('',#16552,#16519,#16560,.T.);
#16560 = LINE('',#16561,#16562);
#16561 = CARTESIAN_POINT('',(-225.,-18.5,520.));
#16562 = VECTOR('',#16563,1.);
#16563 = DIRECTION('',(0.,1.,0.));
#16564 = ORIENTED_EDGE('',*,*,#16516,.F.);
#16565 = ORIENTED_EDGE('',*,*,#16566,.F.);
#16566 = EDGE_CURVE('',#16550,#16517,#16567,.T.);
#16567 = LINE('',#16568,#16569);
#16568 = CARTESIAN_POINT('',(-225.,-18.5,500.));
#16569 = VECTOR('',#16570,1.);
#16570 = DIRECTION('',(0.,1.,0.));
#16571 = PLANE('',#16572);
#16572 = AXIS2_PLACEMENT_3D('',#16573,#16574,#16575);
#16573 = CARTESIAN_POINT('',(-225.,-18.5,500.));
#16574 = DIRECTION('',(-1.,0.,0.));
#16575 = DIRECTION('',(0.,1.,0.));
#16576 = ADVANCED_FACE('',(#16577),#16604,.T.);
#16577 = FACE_BOUND('',#16578,.T.);
#16578 = EDGE_LOOP('',(#16579,#16589,#16596,#16597));
#16579 = ORIENTED_EDGE('',*,*,#16580,.T.);
#16580 = EDGE_CURVE('',#16581,#16583,#16585,.T.);
#16581 = VERTEX_POINT('',#16582);
#16582 = CARTESIAN_POINT('',(-206.5,-37.,500.));
#16583 = VERTEX_POINT('',#16584);
#16584 = CARTESIAN_POINT('',(-206.5,-37.,520.));
#16585 = LINE('',#16586,#16587);
#16586 = CARTESIAN_POINT('',(-206.5,-37.,500.));
#16587 = VECTOR('',#16588,1.);
#16588 = DIRECTION('',(0.,0.,1.));
#16589 = ORIENTED_EDGE('',*,*,#16590,.T.);
#16590 = EDGE_CURVE('',#16583,#16552,#16591,.T.);
#16591 = CIRCLE('',#16592,18.5);
#16592 = AXIS2_PLACEMENT_3D('',#16593,#16594,#16595);
#16593 = CARTESIAN_POINT('',(-206.5,-18.5,520.));
#16594 = DIRECTION('',(0.,0.,-1.));
#16595 = DIRECTION('',(1.,0.,0.));
#16596 = ORIENTED_EDGE('',*,*,#16549,.F.);
#16597 = ORIENTED_EDGE('',*,*,#16598,.F.);
#16598 = EDGE_CURVE('',#16581,#16550,#16599,.T.);
#16599 = CIRCLE('',#16600,18.5);
#16600 = AXIS2_PLACEMENT_3D('',#16601,#16602,#16603);
#16601 = CARTESIAN_POINT('',(-206.5,-18.5,500.));
#16602 = DIRECTION('',(0.,0.,-1.));
#16603 = DIRECTION('',(1.,0.,0.));
#16604 = CYLINDRICAL_SURFACE('',#16605,18.5);
#16605 = AXIS2_PLACEMENT_3D('',#16606,#16607,#16608);
#16606 = CARTESIAN_POINT('',(-206.5,-18.5,500.));
#16607 = DIRECTION('',(0.,0.,-1.));
#16608 = DIRECTION('',(1.,0.,0.));
#16609 = ADVANCED_FACE('',(#16610),#16635,.T.);
#16610 = FACE_BOUND('',#16611,.T.);
#16611 = EDGE_LOOP('',(#16612,#16622,#16628,#16629));
#16612 = ORIENTED_EDGE('',*,*,#16613,.T.);
#16613 = EDGE_CURVE('',#16614,#16616,#16618,.T.);
#16614 = VERTEX_POINT('',#16615);
#16615 = CARTESIAN_POINT('',(-175.,-37.,500.));
#16616 = VERTEX_POINT('',#16617);
#16617 = CARTESIAN_POINT('',(-175.,-37.,520.));
#16618 = LINE('',#16619,#16620);
#16619 = CARTESIAN_POINT('',(-175.,-37.,500.));
#16620 = VECTOR('',#16621,1.);
#16621 = DIRECTION('',(0.,0.,1.));
#16622 = ORIENTED_EDGE('',*,*,#16623,.T.);
#16623 = EDGE_CURVE('',#16616,#16583,#16624,.T.);
#16624 = LINE('',#16625,#16626);
#16625 = CARTESIAN_POINT('',(-175.,-37.,520.));
#16626 = VECTOR('',#16627,1.);
#16627 = DIRECTION('',(-1.,0.,0.));
#16628 = ORIENTED_EDGE('',*,*,#16580,.F.);
#16629 = ORIENTED_EDGE('',*,*,#16630,.F.);
#16630 = EDGE_CURVE('',#16614,#16581,#16631,.T.);
#16631 = LINE('',#16632,#16633);
#16632 = CARTESIAN_POINT('',(-175.,-37.,500.));
#16633 = VECTOR('',#16634,1.);
#16634 = DIRECTION('',(-1.,0.,0.));
#16635 = PLANE('',#16636);
#16636 = AXIS2_PLACEMENT_3D('',#16637,#16638,#16639);
#16637 = CARTESIAN_POINT('',(-175.,-37.,500.));
#16638 = DIRECTION('',(0.,-1.,0.));
#16639 = DIRECTION('',(-1.,0.,0.));
#16640 = ADVANCED_FACE('',(#16641),#16666,.T.);
#16641 = FACE_BOUND('',#16642,.T.);
#16642 = EDGE_LOOP('',(#16643,#16653,#16659,#16660));
#16643 = ORIENTED_EDGE('',*,*,#16644,.T.);
#16644 = EDGE_CURVE('',#16645,#16647,#16649,.T.);
#16645 = VERTEX_POINT('',#16646);
#16646 = CARTESIAN_POINT('',(-175.,-115.,500.));
#16647 = VERTEX_POINT('',#16648);
#16648 = CARTESIAN_POINT('',(-175.,-115.,520.));
#16649 = LINE('',#16650,#16651);
#16650 = CARTESIAN_POINT('',(-175.,-115.,500.));
#16651 = VECTOR('',#16652,1.);
#16652 = DIRECTION('',(0.,0.,1.));
#16653 = ORIENTED_EDGE('',*,*,#16654,.T.);
#16654 = EDGE_CURVE('',#16647,#16616,#16655,.T.);
#16655 = LINE('',#16656,#16657);
#16656 = CARTESIAN_POINT('',(-175.,-115.,520.));
#16657 = VECTOR('',#16658,1.);
#16658 = DIRECTION('',(0.,1.,0.));
#16659 = ORIENTED_EDGE('',*,*,#16613,.F.);
#16660 = ORIENTED_EDGE('',*,*,#16661,.F.);
#16661 = EDGE_CURVE('',#16645,#16614,#16662,.T.);
#16662 = LINE('',#16663,#16664);
#16663 = CARTESIAN_POINT('',(-175.,-115.,500.));
#16664 = VECTOR('',#16665,1.);
#16665 = DIRECTION('',(0.,1.,0.));
#16666 = PLANE('',#16667);
#16667 = AXIS2_PLACEMENT_3D('',#16668,#16669,#16670);
#16668 = CARTESIAN_POINT('',(-175.,-115.,500.));
#16669 = DIRECTION('',(-1.,0.,0.));
#16670 = DIRECTION('',(0.,1.,0.));
#16671 = ADVANCED_FACE('',(#16672),#16697,.T.);
#16672 = FACE_BOUND('',#16673,.T.);
#16673 = EDGE_LOOP('',(#16674,#16684,#16690,#16691));
#16674 = ORIENTED_EDGE('',*,*,#16675,.T.);
#16675 = EDGE_CURVE('',#16676,#16678,#16680,.T.);
#16676 = VERTEX_POINT('',#16677);
#16677 = CARTESIAN_POINT('',(-235.,-115.,500.));
#16678 = VERTEX_POINT('',#16679);
#16679 = CARTESIAN_POINT('',(-235.,-115.,520.));
#16680 = LINE('',#16681,#16682);
#16681 = CARTESIAN_POINT('',(-235.,-115.,500.));
#16682 = VECTOR('',#16683,1.);
#16683 = DIRECTION('',(0.,0.,1.));
#16684 = ORIENTED_EDGE('',*,*,#16685,.T.);
#16685 = EDGE_CURVE('',#16678,#16647,#16686,.T.);
#16686 = LINE('',#16687,#16688);
#16687 = CARTESIAN_POINT('',(-235.,-115.,520.));
#16688 = VECTOR('',#16689,1.);
#16689 = DIRECTION('',(1.,0.,0.));
#16690 = ORIENTED_EDGE('',*,*,#16644,.F.);
#16691 = ORIENTED_EDGE('',*,*,#16692,.F.);
#16692 = EDGE_CURVE('',#16676,#16645,#16693,.T.);
#16693 = LINE('',#16694,#16695);
#16694 = CARTESIAN_POINT('',(-235.,-115.,500.));
#16695 = VECTOR('',#16696,1.);
#16696 = DIRECTION('',(1.,0.,0.));
#16697 = PLANE('',#16698);
#16698 = AXIS2_PLACEMENT_3D('',#16699,#16700,#16701);
#16699 = CARTESIAN_POINT('',(-235.,-115.,500.));
#16700 = DIRECTION('',(0.,1.,0.));
#16701 = DIRECTION('',(1.,0.,0.));
#16702 = ADVANCED_FACE('',(#16703),#16728,.T.);
#16703 = FACE_BOUND('',#16704,.T.);
#16704 = EDGE_LOOP('',(#16705,#16715,#16721,#16722));
#16705 = ORIENTED_EDGE('',*,*,#16706,.T.);
#16706 = EDGE_CURVE('',#16707,#16709,#16711,.T.);
#16707 = VERTEX_POINT('',#16708);
#16708 = CARTESIAN_POINT('',(-235.,-175.,500.));
#16709 = VERTEX_POINT('',#16710);
#16710 = CARTESIAN_POINT('',(-235.,-175.,520.));
#16711 = LINE('',#16712,#16713);
#16712 = CARTESIAN_POINT('',(-235.,-175.,500.));
#16713 = VECTOR('',#16714,1.);
#16714 = DIRECTION('',(0.,0.,1.));
#16715 = ORIENTED_EDGE('',*,*,#16716,.T.);
#16716 = EDGE_CURVE('',#16709,#16678,#16717,.T.);
#16717 = LINE('',#16718,#16719);
#16718 = CARTESIAN_POINT('',(-235.,-175.,520.));
#16719 = VECTOR('',#16720,1.);
#16720 = DIRECTION('',(0.,1.,0.));
#16721 = ORIENTED_EDGE('',*,*,#16675,.F.);
#16722 = ORIENTED_EDGE('',*,*,#16723,.F.);
#16723 = EDGE_CURVE('',#16707,#16676,#16724,.T.);
#16724 = LINE('',#16725,#16726);
#16725 = CARTESIAN_POINT('',(-235.,-175.,500.));
#16726 = VECTOR('',#16727,1.);
#16727 = DIRECTION('',(0.,1.,0.));
#16728 = PLANE('',#16729);
#16729 = AXIS2_PLACEMENT_3D('',#16730,#16731,#16732);
#16730 = CARTESIAN_POINT('',(-235.,-175.,500.));
#16731 = DIRECTION('',(-1.,0.,0.));
#16732 = DIRECTION('',(0.,1.,0.));
#16733 = ADVANCED_FACE('',(#16734),#16759,.T.);
#16734 = FACE_BOUND('',#16735,.T.);
#16735 = EDGE_LOOP('',(#16736,#16746,#16752,#16753));
#16736 = ORIENTED_EDGE('',*,*,#16737,.T.);
#16737 = EDGE_CURVE('',#16738,#16740,#16742,.T.);
#16738 = VERTEX_POINT('',#16739);
#16739 = CARTESIAN_POINT('',(235.,-175.,500.));
#16740 = VERTEX_POINT('',#16741);
#16741 = CARTESIAN_POINT('',(235.,-175.,520.));
#16742 = LINE('',#16743,#16744);
#16743 = CARTESIAN_POINT('',(235.,-175.,500.));
#16744 = VECTOR('',#16745,1.);
#16745 = DIRECTION('',(0.,0.,1.));
#16746 = ORIENTED_EDGE('',*,*,#16747,.T.);
#16747 = EDGE_CURVE('',#16740,#16709,#16748,.T.);
#16748 = LINE('',#16749,#16750);
#16749 = CARTESIAN_POINT('',(235.,-175.,520.));
#16750 = VECTOR('',#16751,1.);
#16751 = DIRECTION('',(-1.,0.,0.));
#16752 = ORIENTED_EDGE('',*,*,#16706,.F.);
#16753 = ORIENTED_EDGE('',*,*,#16754,.F.);
#16754 = EDGE_CURVE('',#16738,#16707,#16755,.T.);
#16755 = LINE('',#16756,#16757);
#16756 = CARTESIAN_POINT('',(235.,-175.,500.));
#16757 = VECTOR('',#16758,1.);
#16758 = DIRECTION('',(-1.,0.,0.));
#16759 = PLANE('',#16760);
#16760 = AXIS2_PLACEMENT_3D('',#16761,#16762,#16763);
#16761 = CARTESIAN_POINT('',(235.,-175.,500.));
#16762 = DIRECTION('',(0.,-1.,0.));
#16763 = DIRECTION('',(-1.,0.,0.));
#16764 = ADVANCED_FACE('',(#16765),#16790,.T.);
#16765 = FACE_BOUND('',#16766,.T.);
#16766 = EDGE_LOOP('',(#16767,#16777,#16783,#16784));
#16767 = ORIENTED_EDGE('',*,*,#16768,.T.);
#16768 = EDGE_CURVE('',#16769,#16771,#16773,.T.);
#16769 = VERTEX_POINT('',#16770);
#16770 = CARTESIAN_POINT('',(235.,-115.,500.));
#16771 = VERTEX_POINT('',#16772);
#16772 = CARTESIAN_POINT('',(235.,-115.,520.));
#16773 = LINE('',#16774,#16775);
#16774 = CARTESIAN_POINT('',(235.,-115.,500.));
#16775 = VECTOR('',#16776,1.);
#16776 = DIRECTION('',(0.,0.,1.));
#16777 = ORIENTED_EDGE('',*,*,#16778,.T.);
#16778 = EDGE_CURVE('',#16771,#16740,#16779,.T.);
#16779 = LINE('',#16780,#16781);
#16780 = CARTESIAN_POINT('',(235.,-115.,520.));
#16781 = VECTOR('',#16782,1.);
#16782 = DIRECTION('',(0.,-1.,0.));
#16783 = ORIENTED_EDGE('',*,*,#16737,.F.);
#16784 = ORIENTED_EDGE('',*,*,#16785,.F.);
#16785 = EDGE_CURVE('',#16769,#16738,#16786,.T.);
#16786 = LINE('',#16787,#16788);
#16787 = CARTESIAN_POINT('',(235.,-115.,500.));
#16788 = VECTOR('',#16789,1.);
#16789 = DIRECTION('',(0.,-1.,0.));
#16790 = PLANE('',#16791);
#16791 = AXIS2_PLACEMENT_3D('',#16792,#16793,#16794);
#16792 = CARTESIAN_POINT('',(235.,-115.,500.));
#16793 = DIRECTION('',(1.,0.,0.));
#16794 = DIRECTION('',(0.,-1.,0.));
#16795 = ADVANCED_FACE('',(#16796),#16812,.T.);
#16796 = FACE_BOUND('',#16797,.T.);
#16797 = EDGE_LOOP('',(#16798,#16799,#16805,#16806));
#16798 = ORIENTED_EDGE('',*,*,#16348,.T.);
#16799 = ORIENTED_EDGE('',*,*,#16800,.T.);
#16800 = EDGE_CURVE('',#16351,#16771,#16801,.T.);
#16801 = LINE('',#16802,#16803);
#16802 = CARTESIAN_POINT('',(175.,-115.,520.));
#16803 = VECTOR('',#16804,1.);
#16804 = DIRECTION('',(1.,0.,0.));
#16805 = ORIENTED_EDGE('',*,*,#16768,.F.);
#16806 = ORIENTED_EDGE('',*,*,#16807,.F.);
#16807 = EDGE_CURVE('',#16349,#16769,#16808,.T.);
#16808 = LINE('',#16809,#16810);
#16809 = CARTESIAN_POINT('',(175.,-115.,500.));
#16810 = VECTOR('',#16811,1.);
#16811 = DIRECTION('',(1.,0.,0.));
#16812 = PLANE('',#16813);
#16813 = AXIS2_PLACEMENT_3D('',#16814,#16815,#16816);
#16814 = CARTESIAN_POINT('',(175.,-115.,500.));
#16815 = DIRECTION('',(0.,1.,0.));
#16816 = DIRECTION('',(1.,0.,0.));
#16817 = ADVANCED_FACE('',(#16818),#16845,.F.);
#16818 = FACE_BOUND('',#16819,.T.);
#16819 = EDGE_LOOP('',(#16820,#16830,#16837,#16838));
#16820 = ORIENTED_EDGE('',*,*,#16821,.T.);
#16821 = EDGE_CURVE('',#16822,#16824,#16826,.T.);
#16822 = VERTEX_POINT('',#16823);
#16823 = CARTESIAN_POINT('',(100.,0.,500.));
#16824 = VERTEX_POINT('',#16825);
#16825 = CARTESIAN_POINT('',(100.,0.,520.));
#16826 = LINE('',#16827,#16828);
#16827 = CARTESIAN_POINT('',(100.,0.,500.));
#16828 = VECTOR('',#16829,1.);
#16829 = DIRECTION('',(0.,0.,1.));
#16830 = ORIENTED_EDGE('',*,*,#16831,.T.);
#16831 = EDGE_CURVE('',#16824,#16824,#16832,.T.);
#16832 = CIRCLE('',#16833,100.);
#16833 = AXIS2_PLACEMENT_3D('',#16834,#16835,#16836);
#16834 = CARTESIAN_POINT('',(0.,0.,520.));
#16835 = DIRECTION('',(0.,0.,1.));
#16836 = DIRECTION('',(1.,0.,0.));
#16837 = ORIENTED_EDGE('',*,*,#16821,.F.);
#16838 = ORIENTED_EDGE('',*,*,#16839,.F.);
#16839 = EDGE_CURVE('',#16822,#16822,#16840,.T.);
#16840 = CIRCLE('',#16841,100.);
#16841 = AXIS2_PLACEMENT_3D('',#16842,#16843,#16844);
#16842 = CARTESIAN_POINT('',(0.,0.,500.));
#16843 = DIRECTION('',(0.,0.,1.));
#16844 = DIRECTION('',(1.,0.,0.));
#16845 = CYLINDRICAL_SURFACE('',#16846,100.);
#16846 = AXIS2_PLACEMENT_3D('',#16847,#16848,#16849);
#16847 = CARTESIAN_POINT('',(0.,0.,500.));
#16848 = DIRECTION('',(-0.,-0.,-1.));
#16849 = DIRECTION('',(1.,0.,0.));
#16850 = ADVANCED_FACE('',(#16851),#16878,.F.);
#16851 = FACE_BOUND('',#16852,.T.);
#16852 = EDGE_LOOP('',(#16853,#16863,#16870,#16871));
#16853 = ORIENTED_EDGE('',*,*,#16854,.T.);
#16854 = EDGE_CURVE('',#16855,#16857,#16859,.T.);
#16855 = VERTEX_POINT('',#16856);
#16856 = CARTESIAN_POINT('',(130.,-156.5,500.));
#16857 = VERTEX_POINT('',#16858);
#16858 = CARTESIAN_POINT('',(130.,-156.5,520.));
#16859 = LINE('',#16860,#16861);
#16860 = CARTESIAN_POINT('',(130.,-156.5,500.));
#16861 = VECTOR('',#16862,1.);
#16862 = DIRECTION('',(0.,0.,1.));
#16863 = ORIENTED_EDGE('',*,*,#16864,.T.);
#16864 = EDGE_CURVE('',#16857,#16857,#16865,.T.);
#16865 = CIRCLE('',#16866,10.);
#16866 = AXIS2_PLACEMENT_3D('',#16867,#16868,#16869);
#16867 = CARTESIAN_POINT('',(120.,-156.5,520.));
#16868 = DIRECTION('',(0.,0.,1.));
#16869 = DIRECTION('',(1.,0.,0.));
#16870 = ORIENTED_EDGE('',*,*,#16854,.F.);
#16871 = ORIENTED_EDGE('',*,*,#16872,.F.);
#16872 = EDGE_CURVE('',#16855,#16855,#16873,.T.);
#16873 = CIRCLE('',#16874,10.);
#16874 = AXIS2_PLACEMENT_3D('',#16875,#16876,#16877);
#16875 = CARTESIAN_POINT('',(120.,-156.5,500.));
#16876 = DIRECTION('',(0.,0.,1.));
#16877 = DIRECTION('',(1.,0.,0.));
#16878 = CYLINDRICAL_SURFACE('',#16879,10.);
#16879 = AXIS2_PLACEMENT_3D('',#16880,#16881,#16882);
#16880 = CARTESIAN_POINT('',(120.,-156.5,500.));
#16881 = DIRECTION('',(-0.,-0.,-1.));
#16882 = DIRECTION('',(1.,0.,0.));
#16883 = ADVANCED_FACE('',(#16884),#16911,.F.);
#16884 = FACE_BOUND('',#16885,.T.);
#16885 = EDGE_LOOP('',(#16886,#16896,#16903,#16904));
#16886 = ORIENTED_EDGE('',*,*,#16887,.T.);
#16887 = EDGE_CURVE('',#16888,#16890,#16892,.T.);
#16888 = VERTEX_POINT('',#16889);
#16889 = CARTESIAN_POINT('',(50.,-156.5,500.));
#16890 = VERTEX_POINT('',#16891);
#16891 = CARTESIAN_POINT('',(50.,-156.5,520.));
#16892 = LINE('',#16893,#16894);
#16893 = CARTESIAN_POINT('',(50.,-156.5,500.));
#16894 = VECTOR('',#16895,1.);
#16895 = DIRECTION('',(0.,0.,1.));
#16896 = ORIENTED_EDGE('',*,*,#16897,.T.);
#16897 = EDGE_CURVE('',#16890,#16890,#16898,.T.);
#16898 = CIRCLE('',#16899,10.);
#16899 = AXIS2_PLACEMENT_3D('',#16900,#16901,#16902);
#16900 = CARTESIAN_POINT('',(40.,-156.5,520.));
#16901 = DIRECTION('',(0.,0.,1.));
#16902 = DIRECTION('',(1.,0.,0.));
#16903 = ORIENTED_EDGE('',*,*,#16887,.F.);
#16904 = ORIENTED_EDGE('',*,*,#16905,.F.);
#16905 = EDGE_CURVE('',#16888,#16888,#16906,.T.);
#16906 = CIRCLE('',#16907,10.);
#16907 = AXIS2_PLACEMENT_3D('',#16908,#16909,#16910);
#16908 = CARTESIAN_POINT('',(40.,-156.5,500.));
#16909 = DIRECTION('',(0.,0.,1.));
#16910 = DIRECTION('',(1.,0.,0.));
#16911 = CYLINDRICAL_SURFACE('',#16912,10.);
#16912 = AXIS2_PLACEMENT_3D('',#16913,#16914,#16915);
#16913 = CARTESIAN_POINT('',(40.,-156.5,500.));
#16914 = DIRECTION('',(-0.,-0.,-1.));
#16915 = DIRECTION('',(1.,0.,0.));
#16916 = ADVANCED_FACE('',(#16917),#16944,.F.);
#16917 = FACE_BOUND('',#16918,.T.);
#16918 = EDGE_LOOP('',(#16919,#16929,#16936,#16937));
#16919 = ORIENTED_EDGE('',*,*,#16920,.T.);
#16920 = EDGE_CURVE('',#16921,#16923,#16925,.T.);
#16921 = VERTEX_POINT('',#16922);
#16922 = CARTESIAN_POINT('',(-30.,-156.5,500.));
#16923 = VERTEX_POINT('',#16924);
#16924 = CARTESIAN_POINT('',(-30.,-156.5,520.));
#16925 = LINE('',#16926,#16927);
#16926 = CARTESIAN_POINT('',(-30.,-156.5,500.));
#16927 = VECTOR('',#16928,1.);
#16928 = DIRECTION('',(0.,0.,1.));
#16929 = ORIENTED_EDGE('',*,*,#16930,.T.);
#16930 = EDGE_CURVE('',#16923,#16923,#16931,.T.);
#16931 = CIRCLE('',#16932,10.);
#16932 = AXIS2_PLACEMENT_3D('',#16933,#16934,#16935);
#16933 = CARTESIAN_POINT('',(-40.,-156.5,520.));
#16934 = DIRECTION('',(0.,0.,1.));
#16935 = DIRECTION('',(1.,0.,0.));
#16936 = ORIENTED_EDGE('',*,*,#16920,.F.);
#16937 = ORIENTED_EDGE('',*,*,#16938,.F.);
#16938 = EDGE_CURVE('',#16921,#16921,#16939,.T.);
#16939 = CIRCLE('',#16940,10.);
#16940 = AXIS2_PLACEMENT_3D('',#16941,#16942,#16943);
#16941 = CARTESIAN_POINT('',(-40.,-156.5,500.));
#16942 = DIRECTION('',(0.,0.,1.));
#16943 = DIRECTION('',(1.,0.,0.));
#16944 = CYLINDRICAL_SURFACE('',#16945,10.);
#16945 = AXIS2_PLACEMENT_3D('',#16946,#16947,#16948);
#16946 = CARTESIAN_POINT('',(-40.,-156.5,500.));
#16947 = DIRECTION('',(-0.,-0.,-1.));
#16948 = DIRECTION('',(1.,0.,0.));
#16949 = ADVANCED_FACE('',(#16950),#16977,.F.);
#16950 = FACE_BOUND('',#16951,.T.);
#16951 = EDGE_LOOP('',(#16952,#16962,#16969,#16970));
#16952 = ORIENTED_EDGE('',*,*,#16953,.T.);
#16953 = EDGE_CURVE('',#16954,#16956,#16958,.T.);
#16954 = VERTEX_POINT('',#16955);
#16955 = CARTESIAN_POINT('',(-110.,-156.5,500.));
#16956 = VERTEX_POINT('',#16957);
#16957 = CARTESIAN_POINT('',(-110.,-156.5,520.));
#16958 = LINE('',#16959,#16960);
#16959 = CARTESIAN_POINT('',(-110.,-156.5,500.));
#16960 = VECTOR('',#16961,1.);
#16961 = DIRECTION('',(0.,0.,1.));
#16962 = ORIENTED_EDGE('',*,*,#16963,.T.);
#16963 = EDGE_CURVE('',#16956,#16956,#16964,.T.);
#16964 = CIRCLE('',#16965,10.);
#16965 = AXIS2_PLACEMENT_3D('',#16966,#16967,#16968);
#16966 = CARTESIAN_POINT('',(-120.,-156.5,520.));
#16967 = DIRECTION('',(0.,0.,1.));
#16968 = DIRECTION('',(1.,0.,0.));
#16969 = ORIENTED_EDGE('',*,*,#16953,.F.);
#16970 = ORIENTED_EDGE('',*,*,#16971,.F.);
#16971 = EDGE_CURVE('',#16954,#16954,#16972,.T.);
#16972 = CIRCLE('',#16973,10.);
#16973 = AXIS2_PLACEMENT_3D('',#16974,#16975,#16976);
#16974 = CARTESIAN_POINT('',(-120.,-156.5,500.));
#16975 = DIRECTION('',(0.,0.,1.));
#16976 = DIRECTION('',(1.,0.,0.));
#16977 = CYLINDRICAL_SURFACE('',#16978,10.);
#16978 = AXIS2_PLACEMENT_3D('',#16979,#16980,#16981);
#16979 = CARTESIAN_POINT('',(-120.,-156.5,500.));
#16980 = DIRECTION('',(-0.,-0.,-1.));
#16981 = DIRECTION('',(1.,0.,0.));
#16982 = ADVANCED_FACE('',(#16983),#17010,.F.);
#16983 = FACE_BOUND('',#16984,.T.);
#16984 = EDGE_LOOP('',(#16985,#16995,#17002,#17003));
#16985 = ORIENTED_EDGE('',*,*,#16986,.T.);
#16986 = EDGE_CURVE('',#16987,#16989,#16991,.T.);
#16987 = VERTEX_POINT('',#16988);
#16988 = CARTESIAN_POINT('',(130.,206.5,500.));
#16989 = VERTEX_POINT('',#16990);
#16990 = CARTESIAN_POINT('',(130.,206.5,520.));
#16991 = LINE('',#16992,#16993);
#16992 = CARTESIAN_POINT('',(130.,206.5,500.));
#16993 = VECTOR('',#16994,1.);
#16994 = DIRECTION('',(0.,0.,1.));
#16995 = ORIENTED_EDGE('',*,*,#16996,.T.);
#16996 = EDGE_CURVE('',#16989,#16989,#16997,.T.);
#16997 = CIRCLE('',#16998,10.);
#16998 = AXIS2_PLACEMENT_3D('',#16999,#17000,#17001);
#16999 = CARTESIAN_POINT('',(120.,206.5,520.));
#17000 = DIRECTION('',(0.,0.,1.));
#17001 = DIRECTION('',(1.,0.,0.));
#17002 = ORIENTED_EDGE('',*,*,#16986,.F.);
#17003 = ORIENTED_EDGE('',*,*,#17004,.F.);
#17004 = EDGE_CURVE('',#16987,#16987,#17005,.T.);
#17005 = CIRCLE('',#17006,10.);
#17006 = AXIS2_PLACEMENT_3D('',#17007,#17008,#17009);
#17007 = CARTESIAN_POINT('',(120.,206.5,500.));
#17008 = DIRECTION('',(0.,0.,1.));
#17009 = DIRECTION('',(1.,0.,0.));
#17010 = CYLINDRICAL_SURFACE('',#17011,10.);
#17011 = AXIS2_PLACEMENT_3D('',#17012,#17013,#17014);
#17012 = CARTESIAN_POINT('',(120.,206.5,500.));
#17013 = DIRECTION('',(-0.,-0.,-1.));
#17014 = DIRECTION('',(1.,0.,0.));
#17015 = ADVANCED_FACE('',(#17016),#17043,.F.);
#17016 = FACE_BOUND('',#17017,.T.);
#17017 = EDGE_LOOP('',(#17018,#17028,#17035,#17036));
#17018 = ORIENTED_EDGE('',*,*,#17019,.T.);
#17019 = EDGE_CURVE('',#17020,#17022,#17024,.T.);
#17020 = VERTEX_POINT('',#17021);
#17021 = CARTESIAN_POINT('',(50.,206.5,500.));
#17022 = VERTEX_POINT('',#17023);
#17023 = CARTESIAN_POINT('',(50.,206.5,520.));
#17024 = LINE('',#17025,#17026);
#17025 = CARTESIAN_POINT('',(50.,206.5,500.));
#17026 = VECTOR('',#17027,1.);
#17027 = DIRECTION('',(0.,0.,1.));
#17028 = ORIENTED_EDGE('',*,*,#17029,.T.);
#17029 = EDGE_CURVE('',#17022,#17022,#17030,.T.);
#17030 = CIRCLE('',#17031,10.);
#17031 = AXIS2_PLACEMENT_3D('',#17032,#17033,#17034);
#17032 = CARTESIAN_POINT('',(40.,206.5,520.));
#17033 = DIRECTION('',(0.,0.,1.));
#17034 = DIRECTION('',(1.,0.,0.));
#17035 = ORIENTED_EDGE('',*,*,#17019,.F.);
#17036 = ORIENTED_EDGE('',*,*,#17037,.F.);
#17037 = EDGE_CURVE('',#17020,#17020,#17038,.T.);
#17038 = CIRCLE('',#17039,10.);
#17039 = AXIS2_PLACEMENT_3D('',#17040,#17041,#17042);
#17040 = CARTESIAN_POINT('',(40.,206.5,500.));
#17041 = DIRECTION('',(0.,0.,1.));
#17042 = DIRECTION('',(1.,0.,0.));
#17043 = CYLINDRICAL_SURFACE('',#17044,10.);
#17044 = AXIS2_PLACEMENT_3D('',#17045,#17046,#17047);
#17045 = CARTESIAN_POINT('',(40.,206.5,500.));
#17046 = DIRECTION('',(-0.,-0.,-1.));
#17047 = DIRECTION('',(1.,0.,0.));
#17048 = ADVANCED_FACE('',(#17049),#17076,.F.);
#17049 = FACE_BOUND('',#17050,.T.);
#17050 = EDGE_LOOP('',(#17051,#17061,#17068,#17069));
#17051 = ORIENTED_EDGE('',*,*,#17052,.T.);
#17052 = EDGE_CURVE('',#17053,#17055,#17057,.T.);
#17053 = VERTEX_POINT('',#17054);
#17054 = CARTESIAN_POINT('',(-30.,206.5,500.));
#17055 = VERTEX_POINT('',#17056);
#17056 = CARTESIAN_POINT('',(-30.,206.5,520.));
#17057 = LINE('',#17058,#17059);
#17058 = CARTESIAN_POINT('',(-30.,206.5,500.));
#17059 = VECTOR('',#17060,1.);
#17060 = DIRECTION('',(0.,0.,1.));
#17061 = ORIENTED_EDGE('',*,*,#17062,.T.);
#17062 = EDGE_CURVE('',#17055,#17055,#17063,.T.);
#17063 = CIRCLE('',#17064,10.);
#17064 = AXIS2_PLACEMENT_3D('',#17065,#17066,#17067);
#17065 = CARTESIAN_POINT('',(-40.,206.5,520.));
#17066 = DIRECTION('',(0.,0.,1.));
#17067 = DIRECTION('',(1.,0.,0.));
#17068 = ORIENTED_EDGE('',*,*,#17052,.F.);
#17069 = ORIENTED_EDGE('',*,*,#17070,.F.);
#17070 = EDGE_CURVE('',#17053,#17053,#17071,.T.);
#17071 = CIRCLE('',#17072,10.);
#17072 = AXIS2_PLACEMENT_3D('',#17073,#17074,#17075);
#17073 = CARTESIAN_POINT('',(-40.,206.5,500.));
#17074 = DIRECTION('',(0.,0.,1.));
#17075 = DIRECTION('',(1.,0.,0.));
#17076 = CYLINDRICAL_SURFACE('',#17077,10.);
#17077 = AXIS2_PLACEMENT_3D('',#17078,#17079,#17080);
#17078 = CARTESIAN_POINT('',(-40.,206.5,500.));
#17079 = DIRECTION('',(-0.,-0.,-1.));
#17080 = DIRECTION('',(1.,0.,0.));
#17081 = ADVANCED_FACE('',(#17082),#17109,.F.);
#17082 = FACE_BOUND('',#17083,.T.);
#17083 = EDGE_LOOP('',(#17084,#17094,#17101,#17102));
#17084 = ORIENTED_EDGE('',*,*,#17085,.T.);
#17085 = EDGE_CURVE('',#17086,#17088,#17090,.T.);
#17086 = VERTEX_POINT('',#17087);
#17087 = CARTESIAN_POINT('',(-110.,206.5,500.));
#17088 = VERTEX_POINT('',#17089);
#17089 = CARTESIAN_POINT('',(-110.,206.5,520.));
#17090 = LINE('',#17091,#17092);
#17091 = CARTESIAN_POINT('',(-110.,206.5,500.));
#17092 = VECTOR('',#17093,1.);
#17093 = DIRECTION('',(0.,0.,1.));
#17094 = ORIENTED_EDGE('',*,*,#17095,.T.);
#17095 = EDGE_CURVE('',#17088,#17088,#17096,.T.);
#17096 = CIRCLE('',#17097,10.);
#17097 = AXIS2_PLACEMENT_3D('',#17098,#17099,#17100);
#17098 = CARTESIAN_POINT('',(-120.,206.5,520.));
#17099 = DIRECTION('',(0.,0.,1.));
#17100 = DIRECTION('',(1.,0.,0.));
#17101 = ORIENTED_EDGE('',*,*,#17085,.F.);
#17102 = ORIENTED_EDGE('',*,*,#17103,.F.);
#17103 = EDGE_CURVE('',#17086,#17086,#17104,.T.);
#17104 = CIRCLE('',#17105,10.);
#17105 = AXIS2_PLACEMENT_3D('',#17106,#17107,#17108);
#17106 = CARTESIAN_POINT('',(-120.,206.5,500.));
#17107 = DIRECTION('',(0.,0.,1.));
#17108 = DIRECTION('',(1.,0.,0.));
#17109 = CYLINDRICAL_SURFACE('',#17110,10.);
#17110 = AXIS2_PLACEMENT_3D('',#17111,#17112,#17113);
#17111 = CARTESIAN_POINT('',(-120.,206.5,500.));
#17112 = DIRECTION('',(-0.,-0.,-1.));
#17113 = DIRECTION('',(1.,0.,0.));
#17114 = ADVANCED_FACE('',(#17115),#17142,.F.);
#17115 = FACE_BOUND('',#17116,.T.);
#17116 = EDGE_LOOP('',(#17117,#17127,#17134,#17135));
#17117 = ORIENTED_EDGE('',*,*,#17118,.T.);
#17118 = EDGE_CURVE('',#17119,#17121,#17123,.T.);
#17119 = VERTEX_POINT('',#17120);
#17120 = CARTESIAN_POINT('',(-196.5,106.5,500.));
#17121 = VERTEX_POINT('',#17122);
#17122 = CARTESIAN_POINT('',(-196.5,106.5,520.));
#17123 = LINE('',#17124,#17125);
#17124 = CARTESIAN_POINT('',(-196.5,106.5,500.));
#17125 = VECTOR('',#17126,1.);
#17126 = DIRECTION('',(0.,0.,1.));
#17127 = ORIENTED_EDGE('',*,*,#17128,.T.);
#17128 = EDGE_CURVE('',#17121,#17121,#17129,.T.);
#17129 = CIRCLE('',#17130,10.);
#17130 = AXIS2_PLACEMENT_3D('',#17131,#17132,#17133);
#17131 = CARTESIAN_POINT('',(-206.5,106.5,520.));
#17132 = DIRECTION('',(0.,0.,1.));
#17133 = DIRECTION('',(1.,0.,0.));
#17134 = ORIENTED_EDGE('',*,*,#17118,.F.);
#17135 = ORIENTED_EDGE('',*,*,#17136,.F.);
#17136 = EDGE_CURVE('',#17119,#17119,#17137,.T.);
#17137 = CIRCLE('',#17138,10.);
#17138 = AXIS2_PLACEMENT_3D('',#17139,#17140,#17141);
#17139 = CARTESIAN_POINT('',(-206.5,106.5,500.));
#17140 = DIRECTION('',(0.,0.,1.));
#17141 = DIRECTION('',(1.,0.,0.));
#17142 = CYLINDRICAL_SURFACE('',#17143,10.);
#17143 = AXIS2_PLACEMENT_3D('',#17144,#17145,#17146);
#17144 = CARTESIAN_POINT('',(-206.5,106.5,500.));
#17145 = DIRECTION('',(-0.,-0.,-1.));
#17146 = DIRECTION('',(1.,0.,0.));
#17147 = ADVANCED_FACE('',(#17148),#17175,.F.);
#17148 = FACE_BOUND('',#17149,.T.);
#17149 = EDGE_LOOP('',(#17150,#17160,#17167,#17168));
#17150 = ORIENTED_EDGE('',*,*,#17151,.T.);
#17151 = EDGE_CURVE('',#17152,#17154,#17156,.T.);
#17152 = VERTEX_POINT('',#17153);
#17153 = CARTESIAN_POINT('',(-196.5,44.,500.));
#17154 = VERTEX_POINT('',#17155);
#17155 = CARTESIAN_POINT('',(-196.5,44.,520.));
#17156 = LINE('',#17157,#17158);
#17157 = CARTESIAN_POINT('',(-196.5,44.,500.));
#17158 = VECTOR('',#17159,1.);
#17159 = DIRECTION('',(0.,0.,1.));
#17160 = ORIENTED_EDGE('',*,*,#17161,.T.);
#17161 = EDGE_CURVE('',#17154,#17154,#17162,.T.);
#17162 = CIRCLE('',#17163,10.);
#17163 = AXIS2_PLACEMENT_3D('',#17164,#17165,#17166);
#17164 = CARTESIAN_POINT('',(-206.5,44.,520.));
#17165 = DIRECTION('',(0.,0.,1.));
#17166 = DIRECTION('',(1.,0.,0.));
#17167 = ORIENTED_EDGE('',*,*,#17151,.F.);
#17168 = ORIENTED_EDGE('',*,*,#17169,.F.);
#17169 = EDGE_CURVE('',#17152,#17152,#17170,.T.);
#17170 = CIRCLE('',#17171,10.);
#17171 = AXIS2_PLACEMENT_3D('',#17172,#17173,#17174);
#17172 = CARTESIAN_POINT('',(-206.5,44.,500.));
#17173 = DIRECTION('',(0.,0.,1.));
#17174 = DIRECTION('',(1.,0.,0.));
#17175 = CYLINDRICAL_SURFACE('',#17176,10.);
#17176 = AXIS2_PLACEMENT_3D('',#17177,#17178,#17179);
#17177 = CARTESIAN_POINT('',(-206.5,44.,500.));
#17178 = DIRECTION('',(-0.,-0.,-1.));
#17179 = DIRECTION('',(1.,0.,0.));
#17180 = ADVANCED_FACE('',(#17181),#17208,.F.);
#17181 = FACE_BOUND('',#17182,.T.);
#17182 = EDGE_LOOP('',(#17183,#17193,#17200,#17201));
#17183 = ORIENTED_EDGE('',*,*,#17184,.T.);
#17184 = EDGE_CURVE('',#17185,#17187,#17189,.T.);
#17185 = VERTEX_POINT('',#17186);
#17186 = CARTESIAN_POINT('',(-196.5,-18.5,500.));
#17187 = VERTEX_POINT('',#17188);
#17188 = CARTESIAN_POINT('',(-196.5,-18.5,520.));
#17189 = LINE('',#17190,#17191);
#17190 = CARTESIAN_POINT('',(-196.5,-18.5,500.));
#17191 = VECTOR('',#17192,1.);
#17192 = DIRECTION('',(0.,0.,1.));
#17193 = ORIENTED_EDGE('',*,*,#17194,.T.);
#17194 = EDGE_CURVE('',#17187,#17187,#17195,.T.);
#17195 = CIRCLE('',#17196,10.);
#17196 = AXIS2_PLACEMENT_3D('',#17197,#17198,#17199);
#17197 = CARTESIAN_POINT('',(-206.5,-18.5,520.));
#17198 = DIRECTION('',(0.,0.,1.));
#17199 = DIRECTION('',(1.,0.,0.));
#17200 = ORIENTED_EDGE('',*,*,#17184,.F.);
#17201 = ORIENTED_EDGE('',*,*,#17202,.F.);
#17202 = EDGE_CURVE('',#17185,#17185,#17203,.T.);
#17203 = CIRCLE('',#17204,10.);
#17204 = AXIS2_PLACEMENT_3D('',#17205,#17206,#17207);
#17205 = CARTESIAN_POINT('',(-206.5,-18.5,500.));
#17206 = DIRECTION('',(0.,0.,1.));
#17207 = DIRECTION('',(1.,0.,0.));
#17208 = CYLINDRICAL_SURFACE('',#17209,10.);
#17209 = AXIS2_PLACEMENT_3D('',#17210,#17211,#17212);
#17210 = CARTESIAN_POINT('',(-206.5,-18.5,500.));
#17211 = DIRECTION('',(-0.,-0.,-1.));
#17212 = DIRECTION('',(1.,0.,0.));
#17213 = ADVANCED_FACE('',(#17214,#17231,#17234,#17237,#17240,#17243,
    #17246,#17249,#17252,#17255,#17258,#17261,#17264),#17267,.F.);
#17214 = FACE_BOUND('',#17215,.F.);
#17215 = EDGE_LOOP('',(#17216,#17217,#17218,#17219,#17220,#17221,#17222,
    #17223,#17224,#17225,#17226,#17227,#17228,#17229,#17230));
#17216 = ORIENTED_EDGE('',*,*,#16374,.T.);
#17217 = ORIENTED_EDGE('',*,*,#16406,.T.);
#17218 = ORIENTED_EDGE('',*,*,#16438,.F.);
#17219 = ORIENTED_EDGE('',*,*,#16470,.F.);
#17220 = ORIENTED_EDGE('',*,*,#16502,.F.);
#17221 = ORIENTED_EDGE('',*,*,#16534,.F.);
#17222 = ORIENTED_EDGE('',*,*,#16566,.F.);
#17223 = ORIENTED_EDGE('',*,*,#16598,.F.);
#17224 = ORIENTED_EDGE('',*,*,#16630,.F.);
#17225 = ORIENTED_EDGE('',*,*,#16661,.F.);
#17226 = ORIENTED_EDGE('',*,*,#16692,.F.);
#17227 = ORIENTED_EDGE('',*,*,#16723,.F.);
#17228 = ORIENTED_EDGE('',*,*,#16754,.F.);
#17229 = ORIENTED_EDGE('',*,*,#16785,.F.);
#17230 = ORIENTED_EDGE('',*,*,#16807,.F.);
#17231 = FACE_BOUND('',#17232,.T.);
#17232 = EDGE_LOOP('',(#17233));
#17233 = ORIENTED_EDGE('',*,*,#16839,.T.);
#17234 = FACE_BOUND('',#17235,.T.);
#17235 = EDGE_LOOP('',(#17236));
#17236 = ORIENTED_EDGE('',*,*,#16872,.T.);
#17237 = FACE_BOUND('',#17238,.T.);
#17238 = EDGE_LOOP('',(#17239));
#17239 = ORIENTED_EDGE('',*,*,#16905,.T.);
#17240 = FACE_BOUND('',#17241,.T.);
#17241 = EDGE_LOOP('',(#17242));
#17242 = ORIENTED_EDGE('',*,*,#16938,.T.);
#17243 = FACE_BOUND('',#17244,.T.);
#17244 = EDGE_LOOP('',(#17245));
#17245 = ORIENTED_EDGE('',*,*,#16971,.T.);
#17246 = FACE_BOUND('',#17247,.T.);
#17247 = EDGE_LOOP('',(#17248));
#17248 = ORIENTED_EDGE('',*,*,#17004,.T.);
#17249 = FACE_BOUND('',#17250,.T.);
#17250 = EDGE_LOOP('',(#17251));
#17251 = ORIENTED_EDGE('',*,*,#17037,.T.);
#17252 = FACE_BOUND('',#17253,.T.);
#17253 = EDGE_LOOP('',(#17254));
#17254 = ORIENTED_EDGE('',*,*,#17070,.T.);
#17255 = FACE_BOUND('',#17256,.T.);
#17256 = EDGE_LOOP('',(#17257));
#17257 = ORIENTED_EDGE('',*,*,#17103,.T.);
#17258 = FACE_BOUND('',#17259,.T.);
#17259 = EDGE_LOOP('',(#17260));
#17260 = ORIENTED_EDGE('',*,*,#17136,.T.);
#17261 = FACE_BOUND('',#17262,.T.);
#17262 = EDGE_LOOP('',(#17263));
#17263 = ORIENTED_EDGE('',*,*,#17169,.T.);
#17264 = FACE_BOUND('',#17265,.T.);
#17265 = EDGE_LOOP('',(#17266));
#17266 = ORIENTED_EDGE('',*,*,#17202,.T.);
#17267 = PLANE('',#17268);
#17268 = AXIS2_PLACEMENT_3D('',#17269,#17270,#17271);
#17269 = CARTESIAN_POINT('',(-18.55058352044,5.808002156786,500.));
#17270 = DIRECTION('',(0.,0.,1.));
#17271 = DIRECTION('',(1.,0.,0.));
#17272 = ADVANCED_FACE('',(#17273,#17290,#17293,#17296,#17299,#17302,
    #17305,#17308,#17311,#17314,#17317,#17320,#17323),#17326,.T.);
#17273 = FACE_BOUND('',#17274,.T.);
#17274 = EDGE_LOOP('',(#17275,#17276,#17277,#17278,#17279,#17280,#17281,
    #17282,#17283,#17284,#17285,#17286,#17287,#17288,#17289));
#17275 = ORIENTED_EDGE('',*,*,#16358,.T.);
#17276 = ORIENTED_EDGE('',*,*,#16389,.T.);
#17277 = ORIENTED_EDGE('',*,*,#16431,.F.);
#17278 = ORIENTED_EDGE('',*,*,#16462,.F.);
#17279 = ORIENTED_EDGE('',*,*,#16495,.F.);
#17280 = ORIENTED_EDGE('',*,*,#16526,.F.);
#17281 = ORIENTED_EDGE('',*,*,#16559,.F.);
#17282 = ORIENTED_EDGE('',*,*,#16590,.F.);
#17283 = ORIENTED_EDGE('',*,*,#16623,.F.);
#17284 = ORIENTED_EDGE('',*,*,#16654,.F.);
#17285 = ORIENTED_EDGE('',*,*,#16685,.F.);
#17286 = ORIENTED_EDGE('',*,*,#16716,.F.);
#17287 = ORIENTED_EDGE('',*,*,#16747,.F.);
#17288 = ORIENTED_EDGE('',*,*,#16778,.F.);
#17289 = ORIENTED_EDGE('',*,*,#16800,.F.);
#17290 = FACE_BOUND('',#17291,.F.);
#17291 = EDGE_LOOP('',(#17292));
#17292 = ORIENTED_EDGE('',*,*,#16831,.T.);
#17293 = FACE_BOUND('',#17294,.F.);
#17294 = EDGE_LOOP('',(#17295));
#17295 = ORIENTED_EDGE('',*,*,#16864,.T.);
#17296 = FACE_BOUND('',#17297,.F.);
#17297 = EDGE_LOOP('',(#17298));
#17298 = ORIENTED_EDGE('',*,*,#16897,.T.);
#17299 = FACE_BOUND('',#17300,.F.);
#17300 = EDGE_LOOP('',(#17301));
#17301 = ORIENTED_EDGE('',*,*,#16930,.T.);
#17302 = FACE_BOUND('',#17303,.F.);
#17303 = EDGE_LOOP('',(#17304));
#17304 = ORIENTED_EDGE('',*,*,#16963,.T.);
#17305 = FACE_BOUND('',#17306,.F.);
#17306 = EDGE_LOOP('',(#17307));
#17307 = ORIENTED_EDGE('',*,*,#16996,.T.);
#17308 = FACE_BOUND('',#17309,.F.);
#17309 = EDGE_LOOP('',(#17310));
#17310 = ORIENTED_EDGE('',*,*,#17029,.T.);
#17311 = FACE_BOUND('',#17312,.F.);
#17312 = EDGE_LOOP('',(#17313));
#17313 = ORIENTED_EDGE('',*,*,#17062,.T.);
#17314 = FACE_BOUND('',#17315,.F.);
#17315 = EDGE_LOOP('',(#17316));
#17316 = ORIENTED_EDGE('',*,*,#17095,.T.);
#17317 = FACE_BOUND('',#17318,.F.);
#17318 = EDGE_LOOP('',(#17319));
#17319 = ORIENTED_EDGE('',*,*,#17128,.T.);
#17320 = FACE_BOUND('',#17321,.F.);
#17321 = EDGE_LOOP('',(#17322));
#17322 = ORIENTED_EDGE('',*,*,#17161,.T.);
#17323 = FACE_BOUND('',#17324,.F.);
#17324 = EDGE_LOOP('',(#17325));
#17325 = ORIENTED_EDGE('',*,*,#17194,.T.);
#17326 = PLANE('',#17327);
#17327 = AXIS2_PLACEMENT_3D('',#17328,#17329,#17330);
#17328 = CARTESIAN_POINT('',(-18.55058352044,5.808002156786,520.));
#17329 = DIRECTION('',(0.,0.,1.));
#17330 = DIRECTION('',(1.,0.,0.));
#17331 = ( GEOMETRIC_REPRESENTATION_CONTEXT(3) 
GLOBAL_UNCERTAINTY_ASSIGNED_CONTEXT((#17335)) 
GLOBAL_UNIT_ASSIGNED_CONTEXT((#17332,#17333,#17334)) 
REPRESENTATION_CONTEXT('Context #1',
  '3D Context with UNIT and UNCERTAINTY') );
#17332 = ( LENGTH_UNIT() NAMED_UNIT(*) SI_UNIT(.MILLI.,.METRE.) );
#17333 = ( NAMED_UNIT(*) PLANE_ANGLE_UNIT() SI_UNIT($,.RADIAN.) );
#17334 = ( NAMED_UNIT(*) SI_UNIT($,.STERADIAN.) SOLID_ANGLE_UNIT() );
#17335 = UNCERTAINTY_MEASURE_WITH_UNIT(LENGTH_MEASURE(1.E-07),#17332,
  'distance_accuracy_value','confusion accuracy');
#17336 = CONTEXT_DEPENDENT_SHAPE_REPRESENTATION(#17337,#17339);
#17337 = ( REPRESENTATION_RELATIONSHIP('','',#16341,#12799) 
REPRESENTATION_RELATIONSHIP_WITH_TRANSFORMATION(#17338) 
SHAPE_REPRESENTATION_RELATIONSHIP() );
#17338 = ITEM_DEFINED_TRANSFORMATION('','',#11,#12824);
#17339 = PRODUCT_DEFINITION_SHAPE('Placement','Placement of an item',
  #17340);
#17340 = NEXT_ASSEMBLY_USAGE_OCCURRENCE('30','flange_superior','',#12794
  ,#16336,$);
#17341 = CC_DESIGN_SECURITY_CLASSIFICATION(#17342,(#17340));
#17342 = SECURITY_CLASSIFICATION('','',#55);
#17343 = CC_DESIGN_PERSON_AND_ORGANIZATION_ASSIGNMENT(#44,#53,(#17342));
#17344 = CC_DESIGN_DATE_AND_TIME_ASSIGNMENT(#58,#64,(#17342));
#17345 = CC_DESIGN_APPROVAL(#66,(#17342));
#17346 = PRODUCT_RELATED_PRODUCT_CATEGORY('detail',$,(#16338));
#17347 = PRODUCT_CATEGORY_RELATIONSHIP('','',#17348,#17346);
#17348 = PRODUCT_CATEGORY('part',$);
#17349 = CC_DESIGN_PERSON_AND_ORGANIZATION_ASSIGNMENT(#44,#47,(#16337,
    #16336));
#17350 = CC_DESIGN_PERSON_AND_ORGANIZATION_ASSIGNMENT(#44,#49,(#16338));
#17351 = CC_DESIGN_PERSON_AND_ORGANIZATION_ASSIGNMENT(#44,#51,(#16337));
#17352 = CC_DESIGN_PERSON_AND_ORGANIZATION_ASSIGNMENT(#44,#53,(#17353));
#17353 = SECURITY_CLASSIFICATION('','',#55);
#17354 = CC_DESIGN_SECURITY_CLASSIFICATION(#17353,(#16337));
#17355 = CC_DESIGN_DATE_AND_TIME_ASSIGNMENT(#58,#62,(#16336));
#17356 = CC_DESIGN_DATE_AND_TIME_ASSIGNMENT(#58,#64,(#17353));
#17357 = CC_DESIGN_APPROVAL(#66,(#16337,#16336,#17353));
#17358 = SHAPE_DEFINITION_REPRESENTATION(#17359,#17365);
#17359 = PRODUCT_DEFINITION_SHAPE('','',#17360);
#17360 = PRODUCT_DEFINITION('design','',#17361,#17364);
#17361 = PRODUCT_DEFINITION_FORMATION_WITH_SPECIFIED_SOURCE('','',#17362
  ,.NOT_KNOWN.);
#17362 = PRODUCT('torre_topo','torre_topo','',(#17363));
#17363 = MECHANICAL_CONTEXT('',#2,'mechanical');
#17364 = DESIGN_CONTEXT('',#2,'design');
#17365 = SHAPE_REPRESENTATION('',(#11,#17366,#17370),#17374);
#17366 = AXIS2_PLACEMENT_3D('',#17367,#17368,#17369);
#17367 = CARTESIAN_POINT('',(0.,0.,0.));
#17368 = DIRECTION('',(0.,0.,1.));
#17369 = DIRECTION('',(1.,0.,0.));
#17370 = AXIS2_PLACEMENT_3D('',#17371,#17372,#17373);
#17371 = CARTESIAN_POINT('',(0.,0.,0.));
#17372 = DIRECTION('',(0.,0.,1.));
#17373 = DIRECTION('',(1.,0.,0.));
#17374 = ( GEOMETRIC_REPRESENTATION_CONTEXT(3) 
GLOBAL_UNCERTAINTY_ASSIGNED_CONTEXT((#17378)) 
GLOBAL_UNIT_ASSIGNED_CONTEXT((#17375,#17376,#17377)) 
REPRESENTATION_CONTEXT('Context #1',
  '3D Context with UNIT and UNCERTAINTY') );
#17375 = ( LENGTH_UNIT() NAMED_UNIT(*) SI_UNIT(.MILLI.,.METRE.) );
#17376 = ( NAMED_UNIT(*) PLANE_ANGLE_UNIT() SI_UNIT($,.RADIAN.) );
#17377 = ( NAMED_UNIT(*) SI_UNIT($,.STERADIAN.) SOLID_ANGLE_UNIT() );
#17378 = UNCERTAINTY_MEASURE_WITH_UNIT(LENGTH_MEASURE(1.E-04),#17375,
  'distance_accuracy_value','confusion accuracy');
#17379 = CONTEXT_DEPENDENT_SHAPE_REPRESENTATION(#17380,#17382);
#17380 = ( REPRESENTATION_RELATIONSHIP('','',#17365,#10) 
REPRESENTATION_RELATIONSHIP_WITH_TRANSFORMATION(#17381) 
SHAPE_REPRESENTATION_RELATIONSHIP() );
#17381 = ITEM_DEFINED_TRANSFORMATION('','',#11,#31);
#17382 = PRODUCT_DEFINITION_SHAPE('Placement','Placement of an item',
  #17383);
#17383 = NEXT_ASSEMBLY_USAGE_OCCURRENCE('44','torre_topo','',#5,#17360,$
  );
#17384 = CC_DESIGN_SECURITY_CLASSIFICATION(#17385,(#17383));
#17385 = SECURITY_CLASSIFICATION('','',#55);
#17386 = CC_DESIGN_PERSON_AND_ORGANIZATION_ASSIGNMENT(#44,#53,(#17385));
#17387 = CC_DESIGN_DATE_AND_TIME_ASSIGNMENT(#58,#64,(#17385));
#17388 = CC_DESIGN_APPROVAL(#66,(#17385));
#17389 = PRODUCT_RELATED_PRODUCT_CATEGORY('detail',$,(#17362));
#17390 = PRODUCT_CATEGORY_RELATIONSHIP('','',#17391,#17389);
#17391 = PRODUCT_CATEGORY('part',$);
#17392 = CC_DESIGN_PERSON_AND_ORGANIZATION_ASSIGNMENT(#44,#47,(#17361,
    #17360));
#17393 = CC_DESIGN_PERSON_AND_ORGANIZATION_ASSIGNMENT(#44,#49,(#17362));
#17394 = CC_DESIGN_PERSON_AND_ORGANIZATION_ASSIGNMENT(#44,#51,(#17361));
#17395 = CC_DESIGN_PERSON_AND_ORGANIZATION_ASSIGNMENT(#44,#53,(#17396));
#17396 = SECURITY_CLASSIFICATION('','',#55);
#17397 = CC_DESIGN_SECURITY_CLASSIFICATION(#17396,(#17361));
#17398 = CC_DESIGN_DATE_AND_TIME_ASSIGNMENT(#58,#62,(#17360));
#17399 = CC_DESIGN_DATE_AND_TIME_ASSIGNMENT(#58,#64,(#17396));
#17400 = CC_DESIGN_APPROVAL(#66,(#17361,#17360,#17396));
#17401 = SHAPE_DEFINITION_REPRESENTATION(#17402,#17408);
#17402 = PRODUCT_DEFINITION_SHAPE('','',#17403);
#17403 = PRODUCT_DEFINITION('design','',#17404,#17407);
#17404 = PRODUCT_DEFINITION_FORMATION_WITH_SPECIFIED_SOURCE('','',#17405
  ,.NOT_KNOWN.);
#17405 = PRODUCT('torre_topo_corpo','torre_topo_corpo','',(#17406));
#17406 = MECHANICAL_CONTEXT('',#2,'mechanical');
#17407 = DESIGN_CONTEXT('',#2,'design');
#17408 = SHAPE_REPRESENTATION('',(#11,#17409,#17413,#17417,#17421,#17425
    ),#17429);
#17409 = AXIS2_PLACEMENT_3D('',#17410,#17411,#17412);
#17410 = CARTESIAN_POINT('',(0.,0.,0.));
#17411 = DIRECTION('',(0.,0.,1.));
#17412 = DIRECTION('',(1.,0.,0.));
#17413 = AXIS2_PLACEMENT_3D('',#17414,#17415,#17416);
#17414 = CARTESIAN_POINT('',(0.,0.,0.));
#17415 = DIRECTION('',(0.,0.,1.));
#17416 = DIRECTION('',(1.,0.,0.));
#17417 = AXIS2_PLACEMENT_3D('',#17418,#17419,#17420);
#17418 = CARTESIAN_POINT('',(0.,0.,0.));
#17419 = DIRECTION('',(0.,0.,1.));
#17420 = DIRECTION('',(1.,0.,0.));
#17421 = AXIS2_PLACEMENT_3D('',#17422,#17423,#17424);
#17422 = CARTESIAN_POINT('',(0.,0.,0.));
#17423 = DIRECTION('',(0.,0.,1.));
#17424 = DIRECTION('',(1.,0.,0.));
#17425 = AXIS2_PLACEMENT_3D('',#17426,#17427,#17428);
#17426 = CARTESIAN_POINT('',(0.,0.,0.));
#17427 = DIRECTION('',(0.,0.,1.));
#17428 = DIRECTION('',(1.,0.,0.));
#17429 = ( GEOMETRIC_REPRESENTATION_CONTEXT(3) 
GLOBAL_UNCERTAINTY_ASSIGNED_CONTEXT((#17433)) 
GLOBAL_UNIT_ASSIGNED_CONTEXT((#17430,#17431,#17432)) 
REPRESENTATION_CONTEXT('Context #1',
  '3D Context with UNIT and UNCERTAINTY') );
#17430 = ( LENGTH_UNIT() NAMED_UNIT(*) SI_UNIT(.MILLI.,.METRE.) );
#17431 = ( NAMED_UNIT(*) PLANE_ANGLE_UNIT() SI_UNIT($,.RADIAN.) );
#17432 = ( NAMED_UNIT(*) SI_UNIT($,.STERADIAN.) SOLID_ANGLE_UNIT() );
#17433 = UNCERTAINTY_MEASURE_WITH_UNIT(LENGTH_MEASURE(1.E-04),#17430,
  'distance_accuracy_value','confusion accuracy');
#17434 = CONTEXT_DEPENDENT_SHAPE_REPRESENTATION(#17435,#17437);
#17435 = ( REPRESENTATION_RELATIONSHIP('','',#17408,#17365) 
REPRESENTATION_RELATIONSHIP_WITH_TRANSFORMATION(#17436) 
SHAPE_REPRESENTATION_RELATIONSHIP() );
#17436 = ITEM_DEFINED_TRANSFORMATION('','',#11,#17366);
#17437 = PRODUCT_DEFINITION_SHAPE('Placement','Placement of an item',
  #17438);
#17438 = NEXT_ASSEMBLY_USAGE_OCCURRENCE('37','torre_topo_corpo','',
  #17360,#17403,$);
#17439 = CC_DESIGN_SECURITY_CLASSIFICATION(#17440,(#17438));
#17440 = SECURITY_CLASSIFICATION('','',#55);
#17441 = CC_DESIGN_PERSON_AND_ORGANIZATION_ASSIGNMENT(#44,#53,(#17440));
#17442 = CC_DESIGN_DATE_AND_TIME_ASSIGNMENT(#58,#64,(#17440));
#17443 = CC_DESIGN_APPROVAL(#66,(#17440));
#17444 = PRODUCT_RELATED_PRODUCT_CATEGORY('detail',$,(#17405));
#17445 = PRODUCT_CATEGORY_RELATIONSHIP('','',#17446,#17444);
#17446 = PRODUCT_CATEGORY('part',$);
#17447 = CC_DESIGN_PERSON_AND_ORGANIZATION_ASSIGNMENT(#44,#47,(#17404,
    #17403));
#17448 = CC_DESIGN_PERSON_AND_ORGANIZATION_ASSIGNMENT(#44,#49,(#17405));
#17449 = CC_DESIGN_PERSON_AND_ORGANIZATION_ASSIGNMENT(#44,#51,(#17404));
#17450 = CC_DESIGN_PERSON_AND_ORGANIZATION_ASSIGNMENT(#44,#53,(#17451));
#17451 = SECURITY_CLASSIFICATION('','',#55);
#17452 = CC_DESIGN_SECURITY_CLASSIFICATION(#17451,(#17404));
#17453 = CC_DESIGN_DATE_AND_TIME_ASSIGNMENT(#58,#62,(#17403));
#17454 = CC_DESIGN_DATE_AND_TIME_ASSIGNMENT(#58,#64,(#17451));
#17455 = CC_DESIGN_APPROVAL(#66,(#17404,#17403,#17451));
#17456 = SHAPE_DEFINITION_REPRESENTATION(#17457,#17463);
#17457 = PRODUCT_DEFINITION_SHAPE('','',#17458);
#17458 = PRODUCT_DEFINITION('design','',#17459,#17462);
#17459 = PRODUCT_DEFINITION_FORMATION_WITH_SPECIFIED_SOURCE('','',#17460
  ,.NOT_KNOWN.);
#17460 = PRODUCT('corpo','corpo','',(#17461));
#17461 = MECHANICAL_CONTEXT('',#2,'mechanical');
#17462 = DESIGN_CONTEXT('',#2,'design');
#17463 = ADVANCED_BREP_SHAPE_REPRESENTATION('',(#11,#17464),#17806);
#17464 = MANIFOLD_SOLID_BREP('',#17465);
#17465 = CLOSED_SHELL('',(#17466,#17522,#17585,#17616,#17640,#17680,
    #17711,#17728,#17754,#17771,#17794));
#17466 = ADVANCED_FACE('',(#17467),#17517,.T.);
#17467 = FACE_BOUND('',#17468,.T.);
#17468 = EDGE_LOOP('',(#17469,#17479,#17487,#17495,#17503,#17511));
#17469 = ORIENTED_EDGE('',*,*,#17470,.F.);
#17470 = EDGE_CURVE('',#17471,#17473,#17475,.T.);
#17471 = VERTEX_POINT('',#17472);
#17472 = CARTESIAN_POINT('',(165.48,-175.,90.));
#17473 = VERTEX_POINT('',#17474);
#17474 = CARTESIAN_POINT('',(165.48,-175.,0.));
#17475 = LINE('',#17476,#17477);
#17476 = CARTESIAN_POINT('',(165.48,-175.,90.));
#17477 = VECTOR('',#17478,1.);
#17478 = DIRECTION('',(0.,0.,-1.));
#17479 = ORIENTED_EDGE('',*,*,#17480,.T.);
#17480 = EDGE_CURVE('',#17471,#17481,#17483,.T.);
#17481 = VERTEX_POINT('',#17482);
#17482 = CARTESIAN_POINT('',(165.48,-165.48,90.));
#17483 = LINE('',#17484,#17485);
#17484 = CARTESIAN_POINT('',(165.48,-175.,90.));
#17485 = VECTOR('',#17486,1.);
#17486 = DIRECTION('',(0.,1.,-2.2E-16));
#17487 = ORIENTED_EDGE('',*,*,#17488,.T.);
#17488 = EDGE_CURVE('',#17481,#17489,#17491,.T.);
#17489 = VERTEX_POINT('',#17490);
#17490 = CARTESIAN_POINT('',(165.48,-165.48,1.7E+03));
#17491 = LINE('',#17492,#17493);
#17492 = CARTESIAN_POINT('',(165.48,-165.48,0.));
#17493 = VECTOR('',#17494,1.);
#17494 = DIRECTION('',(0.,0.,1.));
#17495 = ORIENTED_EDGE('',*,*,#17496,.T.);
#17496 = EDGE_CURVE('',#17489,#17497,#17499,.T.);
#17497 = VERTEX_POINT('',#17498);
#17498 = CARTESIAN_POINT('',(165.48,165.48,1.7E+03));
#17499 = LINE('',#17500,#17501);
#17500 = CARTESIAN_POINT('',(165.48,-165.48,1.7E+03));
#17501 = VECTOR('',#17502,1.);
#17502 = DIRECTION('',(0.,1.,0.));
#17503 = ORIENTED_EDGE('',*,*,#17504,.F.);
#17504 = EDGE_CURVE('',#17505,#17497,#17507,.T.);
#17505 = VERTEX_POINT('',#17506);
#17506 = CARTESIAN_POINT('',(165.48,165.48,-5.E-14));
#17507 = LINE('',#17508,#17509);
#17508 = CARTESIAN_POINT('',(165.48,165.48,0.));
#17509 = VECTOR('',#17510,1.);
#17510 = DIRECTION('',(0.,0.,1.));
#17511 = ORIENTED_EDGE('',*,*,#17512,.F.);
#17512 = EDGE_CURVE('',#17473,#17505,#17513,.T.);
#17513 = LINE('',#17514,#17515);
#17514 = CARTESIAN_POINT('',(165.48,-175.,0.));
#17515 = VECTOR('',#17516,1.);
#17516 = DIRECTION('',(0.,1.,-2.2E-16));
#17517 = PLANE('',#17518);
#17518 = AXIS2_PLACEMENT_3D('',#17519,#17520,#17521);
#17519 = CARTESIAN_POINT('',(165.48,-1.004217046969,846.24421704696));
#17520 = DIRECTION('',(-1.,-0.,-0.));
#17521 = DIRECTION('',(0.,0.,-1.));
#17522 = ADVANCED_FACE('',(#17523),#17580,.F.);
#17523 = FACE_BOUND('',#17524,.F.);
#17524 = EDGE_LOOP('',(#17525,#17526,#17534,#17542,#17550,#17558,#17566,
    #17574));
#17525 = ORIENTED_EDGE('',*,*,#17512,.F.);
#17526 = ORIENTED_EDGE('',*,*,#17527,.T.);
#17527 = EDGE_CURVE('',#17473,#17528,#17530,.T.);
#17528 = VERTEX_POINT('',#17529);
#17529 = CARTESIAN_POINT('',(175.,-175.,0.));
#17530 = LINE('',#17531,#17532);
#17531 = CARTESIAN_POINT('',(2.5,-175.,0.));
#17532 = VECTOR('',#17533,1.);
#17533 = DIRECTION('',(1.,0.,0.));
#17534 = ORIENTED_EDGE('',*,*,#17535,.T.);
#17535 = EDGE_CURVE('',#17528,#17536,#17538,.T.);
#17536 = VERTEX_POINT('',#17537);
#17537 = CARTESIAN_POINT('',(175.,175.,0.));
#17538 = LINE('',#17539,#17540);
#17539 = CARTESIAN_POINT('',(175.,-175.,0.));
#17540 = VECTOR('',#17541,1.);
#17541 = DIRECTION('',(0.,1.,0.));
#17542 = ORIENTED_EDGE('',*,*,#17543,.T.);
#17543 = EDGE_CURVE('',#17536,#17544,#17546,.T.);
#17544 = VERTEX_POINT('',#17545);
#17545 = CARTESIAN_POINT('',(-175.,175.,0.));
#17546 = LINE('',#17547,#17548);
#17547 = CARTESIAN_POINT('',(175.,175.,0.));
#17548 = VECTOR('',#17549,1.);
#17549 = DIRECTION('',(-1.,0.,0.));
#17550 = ORIENTED_EDGE('',*,*,#17551,.T.);
#17551 = EDGE_CURVE('',#17544,#17552,#17554,.T.);
#17552 = VERTEX_POINT('',#17553);
#17553 = CARTESIAN_POINT('',(-175.,-175.,0.));
#17554 = LINE('',#17555,#17556);
#17555 = CARTESIAN_POINT('',(-175.,175.,0.));
#17556 = VECTOR('',#17557,1.);
#17557 = DIRECTION('',(0.,-1.,0.));
#17558 = ORIENTED_EDGE('',*,*,#17559,.T.);
#17559 = EDGE_CURVE('',#17552,#17560,#17562,.T.);
#17560 = VERTEX_POINT('',#17561);
#17561 = CARTESIAN_POINT('',(-165.48,-175.,0.));
#17562 = LINE('',#17563,#17564);
#17563 = CARTESIAN_POINT('',(-175.,-175.,0.));
#17564 = VECTOR('',#17565,1.);
#17565 = DIRECTION('',(1.,0.,0.));
#17566 = ORIENTED_EDGE('',*,*,#17567,.F.);
#17567 = EDGE_CURVE('',#17568,#17560,#17570,.T.);
#17568 = VERTEX_POINT('',#17569);
#17569 = CARTESIAN_POINT('',(-165.48,165.48,-5.E-14));
#17570 = LINE('',#17571,#17572);
#17571 = CARTESIAN_POINT('',(-165.48,165.48,0.));
#17572 = VECTOR('',#17573,1.);
#17573 = DIRECTION('',(0.,-1.,0.));
#17574 = ORIENTED_EDGE('',*,*,#17575,.F.);
#17575 = EDGE_CURVE('',#17505,#17568,#17576,.T.);
#17576 = LINE('',#17577,#17578);
#17577 = CARTESIAN_POINT('',(165.48,165.48,0.));
#17578 = VECTOR('',#17579,1.);
#17579 = DIRECTION('',(-1.,0.,0.));
#17580 = PLANE('',#17581);
#17581 = AXIS2_PLACEMENT_3D('',#17582,#17583,#17584);
#17582 = CARTESIAN_POINT('',(-4.2E-16,-0.563131055882,0.));
#17583 = DIRECTION('',(0.,0.,1.));
#17584 = DIRECTION('',(1.,0.,0.));
#17585 = ADVANCED_FACE('',(#17586),#17611,.F.);
#17586 = FACE_BOUND('',#17587,.F.);
#17587 = EDGE_LOOP('',(#17588,#17596,#17604,#17610));
#17588 = ORIENTED_EDGE('',*,*,#17589,.T.);
#17589 = EDGE_CURVE('',#17528,#17590,#17592,.T.);
#17590 = VERTEX_POINT('',#17591);
#17591 = CARTESIAN_POINT('',(175.,-175.,1.7E+03));
#17592 = LINE('',#17593,#17594);
#17593 = CARTESIAN_POINT('',(175.,-175.,0.));
#17594 = VECTOR('',#17595,1.);
#17595 = DIRECTION('',(0.,0.,1.));
#17596 = ORIENTED_EDGE('',*,*,#17597,.T.);
#17597 = EDGE_CURVE('',#17590,#17598,#17600,.T.);
#17598 = VERTEX_POINT('',#17599);
#17599 = CARTESIAN_POINT('',(175.,175.,1.7E+03));
#17600 = LINE('',#17601,#17602);
#17601 = CARTESIAN_POINT('',(175.,-175.,1.7E+03));
#17602 = VECTOR('',#17603,1.);
#17603 = DIRECTION('',(0.,1.,0.));
#17604 = ORIENTED_EDGE('',*,*,#17605,.F.);
#17605 = EDGE_CURVE('',#17536,#17598,#17606,.T.);
#17606 = LINE('',#17607,#17608);
#17607 = CARTESIAN_POINT('',(175.,175.,0.));
#17608 = VECTOR('',#17609,1.);
#17609 = DIRECTION('',(0.,0.,1.));
#17610 = ORIENTED_EDGE('',*,*,#17535,.F.);
#17611 = PLANE('',#17612);
#17612 = AXIS2_PLACEMENT_3D('',#17613,#17614,#17615);
#17613 = CARTESIAN_POINT('',(175.,-175.,0.));
#17614 = DIRECTION('',(-1.,0.,0.));
#17615 = DIRECTION('',(0.,1.,0.));
#17616 = ADVANCED_FACE('',(#17617),#17635,.T.);
#17617 = FACE_BOUND('',#17618,.T.);
#17618 = EDGE_LOOP('',(#17619,#17620,#17621,#17629));
#17619 = ORIENTED_EDGE('',*,*,#17575,.F.);
#17620 = ORIENTED_EDGE('',*,*,#17504,.T.);
#17621 = ORIENTED_EDGE('',*,*,#17622,.T.);
#17622 = EDGE_CURVE('',#17497,#17623,#17625,.T.);
#17623 = VERTEX_POINT('',#17624);
#17624 = CARTESIAN_POINT('',(-165.48,165.48,1.7E+03));
#17625 = LINE('',#17626,#17627);
#17626 = CARTESIAN_POINT('',(165.48,165.48,1.7E+03));
#17627 = VECTOR('',#17628,1.);
#17628 = DIRECTION('',(-1.,0.,0.));
#17629 = ORIENTED_EDGE('',*,*,#17630,.F.);
#17630 = EDGE_CURVE('',#17568,#17623,#17631,.T.);
#17631 = LINE('',#17632,#17633);
#17632 = CARTESIAN_POINT('',(-165.48,165.48,0.));
#17633 = VECTOR('',#17634,1.);
#17634 = DIRECTION('',(0.,0.,1.));
#17635 = PLANE('',#17636);
#17636 = AXIS2_PLACEMENT_3D('',#17637,#17638,#17639);
#17637 = CARTESIAN_POINT('',(5.82E-15,165.48,850.));
#17638 = DIRECTION('',(-0.,-1.,-0.));
#17639 = DIRECTION('',(0.,0.,-1.));
#17640 = ADVANCED_FACE('',(#17641),#17675,.T.);
#17641 = FACE_BOUND('',#17642,.T.);
#17642 = EDGE_LOOP('',(#17643,#17644,#17645,#17653,#17661,#17669));
#17643 = ORIENTED_EDGE('',*,*,#17567,.F.);
#17644 = ORIENTED_EDGE('',*,*,#17630,.T.);
#17645 = ORIENTED_EDGE('',*,*,#17646,.T.);
#17646 = EDGE_CURVE('',#17623,#17647,#17649,.T.);
#17647 = VERTEX_POINT('',#17648);
#17648 = CARTESIAN_POINT('',(-165.48,-165.48,1.7E+03));
#17649 = LINE('',#17650,#17651);
#17650 = CARTESIAN_POINT('',(-165.48,165.48,1.7E+03));
#17651 = VECTOR('',#17652,1.);
#17652 = DIRECTION('',(0.,-1.,0.));
#17653 = ORIENTED_EDGE('',*,*,#17654,.F.);
#17654 = EDGE_CURVE('',#17655,#17647,#17657,.T.);
#17655 = VERTEX_POINT('',#17656);
#17656 = CARTESIAN_POINT('',(-165.48,-165.48,90.));
#17657 = LINE('',#17658,#17659);
#17658 = CARTESIAN_POINT('',(-165.48,-165.48,0.));
#17659 = VECTOR('',#17660,1.);
#17660 = DIRECTION('',(0.,0.,1.));
#17661 = ORIENTED_EDGE('',*,*,#17662,.F.);
#17662 = EDGE_CURVE('',#17663,#17655,#17665,.T.);
#17663 = VERTEX_POINT('',#17664);
#17664 = CARTESIAN_POINT('',(-165.48,-175.,90.));
#17665 = LINE('',#17666,#17667);
#17666 = CARTESIAN_POINT('',(-165.48,-175.,90.));
#17667 = VECTOR('',#17668,1.);
#17668 = DIRECTION('',(0.,1.,-2.2E-16));
#17669 = ORIENTED_EDGE('',*,*,#17670,.F.);
#17670 = EDGE_CURVE('',#17560,#17663,#17671,.T.);
#17671 = LINE('',#17672,#17673);
#17672 = CARTESIAN_POINT('',(-165.48,-175.,0.));
#17673 = VECTOR('',#17674,1.);
#17674 = DIRECTION('',(0.,0.,1.));
#17675 = PLANE('',#17676);
#17676 = AXIS2_PLACEMENT_3D('',#17677,#17678,#17679);
#17677 = CARTESIAN_POINT('',(-165.48,-1.004217046969,846.24421704696));
#17678 = DIRECTION('',(1.,0.,0.));
#17679 = DIRECTION('',(0.,0.,1.));
#17680 = ADVANCED_FACE('',(#17681),#17706,.F.);
#17681 = FACE_BOUND('',#17682,.F.);
#17682 = EDGE_LOOP('',(#17683,#17691,#17699,#17705));
#17683 = ORIENTED_EDGE('',*,*,#17684,.T.);
#17684 = EDGE_CURVE('',#17544,#17685,#17687,.T.);
#17685 = VERTEX_POINT('',#17686);
#17686 = CARTESIAN_POINT('',(-175.,175.,1.7E+03));
#17687 = LINE('',#17688,#17689);
#17688 = CARTESIAN_POINT('',(-175.,175.,0.));
#17689 = VECTOR('',#17690,1.);
#17690 = DIRECTION('',(0.,0.,1.));
#17691 = ORIENTED_EDGE('',*,*,#17692,.T.);
#17692 = EDGE_CURVE('',#17685,#17693,#17695,.T.);
#17693 = VERTEX_POINT('',#17694);
#17694 = CARTESIAN_POINT('',(-175.,-175.,1.7E+03));
#17695 = LINE('',#17696,#17697);
#17696 = CARTESIAN_POINT('',(-175.,175.,1.7E+03));
#17697 = VECTOR('',#17698,1.);
#17698 = DIRECTION('',(0.,-1.,0.));
#17699 = ORIENTED_EDGE('',*,*,#17700,.F.);
#17700 = EDGE_CURVE('',#17552,#17693,#17701,.T.);
#17701 = LINE('',#17702,#17703);
#17702 = CARTESIAN_POINT('',(-175.,-175.,0.));
#17703 = VECTOR('',#17704,1.);
#17704 = DIRECTION('',(0.,0.,1.));
#17705 = ORIENTED_EDGE('',*,*,#17551,.F.);
#17706 = PLANE('',#17707);
#17707 = AXIS2_PLACEMENT_3D('',#17708,#17709,#17710);
#17708 = CARTESIAN_POINT('',(-175.,175.,0.));
#17709 = DIRECTION('',(1.,0.,0.));
#17710 = DIRECTION('',(0.,-1.,0.));
#17711 = ADVANCED_FACE('',(#17712),#17723,.F.);
#17712 = FACE_BOUND('',#17713,.F.);
#17713 = EDGE_LOOP('',(#17714,#17715,#17721,#17722));
#17714 = ORIENTED_EDGE('',*,*,#17605,.T.);
#17715 = ORIENTED_EDGE('',*,*,#17716,.T.);
#17716 = EDGE_CURVE('',#17598,#17685,#17717,.T.);
#17717 = LINE('',#17718,#17719);
#17718 = CARTESIAN_POINT('',(175.,175.,1.7E+03));
#17719 = VECTOR('',#17720,1.);
#17720 = DIRECTION('',(-1.,0.,0.));
#17721 = ORIENTED_EDGE('',*,*,#17684,.F.);
#17722 = ORIENTED_EDGE('',*,*,#17543,.F.);
#17723 = PLANE('',#17724);
#17724 = AXIS2_PLACEMENT_3D('',#17725,#17726,#17727);
#17725 = CARTESIAN_POINT('',(175.,175.,0.));
#17726 = DIRECTION('',(0.,-1.,0.));
#17727 = DIRECTION('',(-1.,0.,0.));
#17728 = ADVANCED_FACE('',(#17729),#17749,.T.);
#17729 = FACE_BOUND('',#17730,.T.);
#17730 = EDGE_LOOP('',(#17731,#17732,#17733,#17734,#17740,#17741,#17742,
    #17743));
#17731 = ORIENTED_EDGE('',*,*,#17470,.T.);
#17732 = ORIENTED_EDGE('',*,*,#17527,.T.);
#17733 = ORIENTED_EDGE('',*,*,#17589,.T.);
#17734 = ORIENTED_EDGE('',*,*,#17735,.F.);
#17735 = EDGE_CURVE('',#17693,#17590,#17736,.T.);
#17736 = LINE('',#17737,#17738);
#17737 = CARTESIAN_POINT('',(2.5,-175.,1.7E+03));
#17738 = VECTOR('',#17739,1.);
#17739 = DIRECTION('',(1.,0.,0.));
#17740 = ORIENTED_EDGE('',*,*,#17700,.F.);
#17741 = ORIENTED_EDGE('',*,*,#17559,.T.);
#17742 = ORIENTED_EDGE('',*,*,#17670,.T.);
#17743 = ORIENTED_EDGE('',*,*,#17744,.T.);
#17744 = EDGE_CURVE('',#17663,#17471,#17745,.T.);
#17745 = LINE('',#17746,#17747);
#17746 = CARTESIAN_POINT('',(-165.48,-175.,90.));
#17747 = VECTOR('',#17748,1.);
#17748 = DIRECTION('',(1.,0.,0.));
#17749 = PLANE('',#17750);
#17750 = AXIS2_PLACEMENT_3D('',#17751,#17752,#17753);
#17751 = CARTESIAN_POINT('',(1.78E-15,-175.,823.10429906542));
#17752 = DIRECTION('',(-0.,-1.,-0.));
#17753 = DIRECTION('',(0.,0.,-1.));
#17754 = ADVANCED_FACE('',(#17755),#17766,.T.);
#17755 = FACE_BOUND('',#17756,.T.);
#17756 = EDGE_LOOP('',(#17757,#17758,#17759,#17765));
#17757 = ORIENTED_EDGE('',*,*,#17744,.F.);
#17758 = ORIENTED_EDGE('',*,*,#17662,.T.);
#17759 = ORIENTED_EDGE('',*,*,#17760,.F.);
#17760 = EDGE_CURVE('',#17481,#17655,#17761,.T.);
#17761 = LINE('',#17762,#17763);
#17762 = CARTESIAN_POINT('',(-165.48,-165.48,90.));
#17763 = VECTOR('',#17764,1.);
#17764 = DIRECTION('',(-1.,0.,0.));
#17765 = ORIENTED_EDGE('',*,*,#17480,.F.);
#17766 = PLANE('',#17767);
#17767 = AXIS2_PLACEMENT_3D('',#17768,#17769,#17770);
#17768 = CARTESIAN_POINT('',(-1.E-15,-170.24,90.));
#17769 = DIRECTION('',(-0.,-0.,-1.));
#17770 = DIRECTION('',(-1.,0.,0.));
#17771 = ADVANCED_FACE('',(#17772,#17778),#17789,.T.);
#17772 = FACE_BOUND('',#17773,.T.);
#17773 = EDGE_LOOP('',(#17774,#17775,#17776,#17777));
#17774 = ORIENTED_EDGE('',*,*,#17735,.T.);
#17775 = ORIENTED_EDGE('',*,*,#17597,.T.);
#17776 = ORIENTED_EDGE('',*,*,#17716,.T.);
#17777 = ORIENTED_EDGE('',*,*,#17692,.T.);
#17778 = FACE_BOUND('',#17779,.T.);
#17779 = EDGE_LOOP('',(#17780,#17781,#17782,#17783));
#17780 = ORIENTED_EDGE('',*,*,#17646,.F.);
#17781 = ORIENTED_EDGE('',*,*,#17622,.F.);
#17782 = ORIENTED_EDGE('',*,*,#17496,.F.);
#17783 = ORIENTED_EDGE('',*,*,#17784,.F.);
#17784 = EDGE_CURVE('',#17647,#17489,#17785,.T.);
#17785 = LINE('',#17786,#17787);
#17786 = CARTESIAN_POINT('',(2.5,-165.48,1.7E+03));
#17787 = VECTOR('',#17788,1.);
#17788 = DIRECTION('',(1.,0.,0.));
#17789 = PLANE('',#17790);
#17790 = AXIS2_PLACEMENT_3D('',#17791,#17792,#17793);
#17791 = CARTESIAN_POINT('',(0.,0.,1.7E+03));
#17792 = DIRECTION('',(0.,0.,1.));
#17793 = DIRECTION('',(1.,0.,-0.));
#17794 = ADVANCED_FACE('',(#17795),#17801,.T.);
#17795 = FACE_BOUND('',#17796,.T.);
#17796 = EDGE_LOOP('',(#17797,#17798,#17799,#17800));
#17797 = ORIENTED_EDGE('',*,*,#17760,.T.);
#17798 = ORIENTED_EDGE('',*,*,#17654,.T.);
#17799 = ORIENTED_EDGE('',*,*,#17784,.T.);
#17800 = ORIENTED_EDGE('',*,*,#17488,.F.);
#17801 = PLANE('',#17802);
#17802 = AXIS2_PLACEMENT_3D('',#17803,#17804,#17805);
#17803 = CARTESIAN_POINT('',(0.,-165.48,895.));
#17804 = DIRECTION('',(0.,1.,0.));
#17805 = DIRECTION('',(0.,-0.,1.));
#17806 = ( GEOMETRIC_REPRESENTATION_CONTEXT(3) 
GLOBAL_UNCERTAINTY_ASSIGNED_CONTEXT((#17810)) 
GLOBAL_UNIT_ASSIGNED_CONTEXT((#17807,#17808,#17809)) 
REPRESENTATION_CONTEXT('Context #1',
  '3D Context with UNIT and UNCERTAINTY') );
#17807 = ( LENGTH_UNIT() NAMED_UNIT(*) SI_UNIT(.MILLI.,.METRE.) );
#17808 = ( NAMED_UNIT(*) PLANE_ANGLE_UNIT() SI_UNIT($,.RADIAN.) );
#17809 = ( NAMED_UNIT(*) SI_UNIT($,.STERADIAN.) SOLID_ANGLE_UNIT() );
#17810 = UNCERTAINTY_MEASURE_WITH_UNIT(LENGTH_MEASURE(5.E-04),#17807,
  'distance_accuracy_value','confusion accuracy');
#17811 = CONTEXT_DEPENDENT_SHAPE_REPRESENTATION(#17812,#17814);
#17812 = ( REPRESENTATION_RELATIONSHIP('','',#17463,#17408) 
REPRESENTATION_RELATIONSHIP_WITH_TRANSFORMATION(#17813) 
SHAPE_REPRESENTATION_RELATIONSHIP() );
#17813 = ITEM_DEFINED_TRANSFORMATION('','',#11,#17409);
#17814 = PRODUCT_DEFINITION_SHAPE('Placement','Placement of an item',
  #17815);
#17815 = NEXT_ASSEMBLY_USAGE_OCCURRENCE('32','corpo','',#17403,#17458,$
  );
#17816 = CC_DESIGN_SECURITY_CLASSIFICATION(#17817,(#17815));
#17817 = SECURITY_CLASSIFICATION('','',#55);
#17818 = CC_DESIGN_PERSON_AND_ORGANIZATION_ASSIGNMENT(#44,#53,(#17817));
#17819 = CC_DESIGN_DATE_AND_TIME_ASSIGNMENT(#58,#64,(#17817));
#17820 = CC_DESIGN_APPROVAL(#66,(#17817));
#17821 = PRODUCT_RELATED_PRODUCT_CATEGORY('detail',$,(#17460));
#17822 = PRODUCT_CATEGORY_RELATIONSHIP('','',#17823,#17821);
#17823 = PRODUCT_CATEGORY('part',$);
#17824 = CC_DESIGN_PERSON_AND_ORGANIZATION_ASSIGNMENT(#44,#47,(#17459,
    #17458));
#17825 = CC_DESIGN_PERSON_AND_ORGANIZATION_ASSIGNMENT(#44,#49,(#17460));
#17826 = CC_DESIGN_PERSON_AND_ORGANIZATION_ASSIGNMENT(#44,#51,(#17459));
#17827 = CC_DESIGN_PERSON_AND_ORGANIZATION_ASSIGNMENT(#44,#53,(#17828));
#17828 = SECURITY_CLASSIFICATION('','',#55);
#17829 = CC_DESIGN_SECURITY_CLASSIFICATION(#17828,(#17459));
#17830 = CC_DESIGN_DATE_AND_TIME_ASSIGNMENT(#58,#62,(#17458));
#17831 = CC_DESIGN_DATE_AND_TIME_ASSIGNMENT(#58,#64,(#17828));
#17832 = CC_DESIGN_APPROVAL(#66,(#17459,#17458,#17828));
#17833 = SHAPE_DEFINITION_REPRESENTATION(#17834,#17840);
#17834 = PRODUCT_DEFINITION_SHAPE('','',#17835);
#17835 = PRODUCT_DEFINITION('design','',#17836,#17839);
#17836 = PRODUCT_DEFINITION_FORMATION_WITH_SPECIFIED_SOURCE('','',#17837
  ,.NOT_KNOWN.);
#17837 = PRODUCT('caixa_parafusos','caixa_parafusos','',(#17838));
#17838 = MECHANICAL_CONTEXT('',#2,'mechanical');
#17839 = DESIGN_CONTEXT('',#2,'design');
#17840 = ADVANCED_BREP_SHAPE_REPRESENTATION('',(#11,#17841),#18189);
#17841 = MANIFOLD_SOLID_BREP('',#17842);
#17842 = CLOSED_SHELL('',(#17843,#17883,#17930,#17954,#17994,#18025,
    #18049,#18080,#18104,#18128,#18152,#18173));
#17843 = ADVANCED_FACE('',(#17844),#17878,.T.);
#17844 = FACE_BOUND('',#17845,.T.);
#17845 = EDGE_LOOP('',(#17846,#17856,#17864,#17872));
#17846 = ORIENTED_EDGE('',*,*,#17847,.F.);
#17847 = EDGE_CURVE('',#17848,#17850,#17852,.T.);
#17848 = VERTEX_POINT('',#17849);
#17849 = CARTESIAN_POINT('',(-165.48,-175.,90.));
#17850 = VERTEX_POINT('',#17851);
#17851 = CARTESIAN_POINT('',(-165.48,-102.3,90.));
#17852 = LINE('',#17853,#17854);
#17853 = CARTESIAN_POINT('',(-165.48,-175.,90.));
#17854 = VECTOR('',#17855,1.);
#17855 = DIRECTION('',(0.,1.,0.));
#17856 = ORIENTED_EDGE('',*,*,#17857,.T.);
#17857 = EDGE_CURVE('',#17848,#17858,#17860,.T.);
#17858 = VERTEX_POINT('',#17859);
#17859 = CARTESIAN_POINT('',(165.48,-175.,90.));
#17860 = LINE('',#17861,#17862);
#17861 = CARTESIAN_POINT('',(-165.48,-175.,90.));
#17862 = VECTOR('',#17863,1.);
#17863 = DIRECTION('',(1.,0.,0.));
#17864 = ORIENTED_EDGE('',*,*,#17865,.F.);
#17865 = EDGE_CURVE('',#17866,#17858,#17868,.T.);
#17866 = VERTEX_POINT('',#17867);
#17867 = CARTESIAN_POINT('',(165.48,-102.3,90.));
#17868 = LINE('',#17869,#17870);
#17869 = CARTESIAN_POINT('',(165.48,-88.00210852348,90.));
#17870 = VECTOR('',#17871,1.);
#17871 = DIRECTION('',(0.,-1.,0.));
#17872 = ORIENTED_EDGE('',*,*,#17873,.F.);
#17873 = EDGE_CURVE('',#17850,#17866,#17874,.T.);
#17874 = LINE('',#17875,#17876);
#17875 = CARTESIAN_POINT('',(-165.48,-102.3,90.));
#17876 = VECTOR('',#17877,1.);
#17877 = DIRECTION('',(1.,0.,0.));
#17878 = PLANE('',#17879);
#17879 = AXIS2_PLACEMENT_3D('',#17880,#17881,#17882);
#17880 = CARTESIAN_POINT('',(-165.48,-175.,90.));
#17881 = DIRECTION('',(0.,0.,1.));
#17882 = DIRECTION('',(0.,1.,0.));
#17883 = ADVANCED_FACE('',(#17884),#17925,.F.);
#17884 = FACE_BOUND('',#17885,.T.);
#17885 = EDGE_LOOP('',(#17886,#17887,#17895,#17903,#17911,#17919));
#17886 = ORIENTED_EDGE('',*,*,#17847,.T.);
#17887 = ORIENTED_EDGE('',*,*,#17888,.T.);
#17888 = EDGE_CURVE('',#17850,#17889,#17891,.T.);
#17889 = VERTEX_POINT('',#17890);
#17890 = CARTESIAN_POINT('',(-165.48,-102.3,0.));
#17891 = LINE('',#17892,#17893);
#17892 = CARTESIAN_POINT('',(-165.48,-102.3,90.));
#17893 = VECTOR('',#17894,1.);
#17894 = DIRECTION('',(0.,0.,-1.));
#17895 = ORIENTED_EDGE('',*,*,#17896,.T.);
#17896 = EDGE_CURVE('',#17889,#17897,#17899,.T.);
#17897 = VERTEX_POINT('',#17898);
#17898 = CARTESIAN_POINT('',(-165.48,-115.,0.));
#17899 = LINE('',#17900,#17901);
#17900 = CARTESIAN_POINT('',(-165.48,-102.3,0.));
#17901 = VECTOR('',#17902,1.);
#17902 = DIRECTION('',(0.,-1.,0.));
#17903 = ORIENTED_EDGE('',*,*,#17904,.T.);
#17904 = EDGE_CURVE('',#17897,#17905,#17907,.T.);
#17905 = VERTEX_POINT('',#17906);
#17906 = CARTESIAN_POINT('',(-165.48,-115.,77.3));
#17907 = LINE('',#17908,#17909);
#17908 = CARTESIAN_POINT('',(-165.48,-115.,0.));
#17909 = VECTOR('',#17910,1.);
#17910 = DIRECTION('',(0.,0.,1.));
#17911 = ORIENTED_EDGE('',*,*,#17912,.T.);
#17912 = EDGE_CURVE('',#17905,#17913,#17915,.T.);
#17913 = VERTEX_POINT('',#17914);
#17914 = CARTESIAN_POINT('',(-165.48,-175.,77.3));
#17915 = LINE('',#17916,#17917);
#17916 = CARTESIAN_POINT('',(-165.48,-115.,77.3));
#17917 = VECTOR('',#17918,1.);
#17918 = DIRECTION('',(0.,-1.,0.));
#17919 = ORIENTED_EDGE('',*,*,#17920,.T.);
#17920 = EDGE_CURVE('',#17913,#17848,#17921,.T.);
#17921 = LINE('',#17922,#17923);
#17922 = CARTESIAN_POINT('',(-165.48,-175.,77.3));
#17923 = VECTOR('',#17924,1.);
#17924 = DIRECTION('',(0.,-2.24E-15,1.));
#17925 = PLANE('',#17926);
#17926 = AXIS2_PLACEMENT_3D('',#17927,#17928,#17929);
#17927 = CARTESIAN_POINT('',(-165.48,-124.3967732022,59.253226797787));
#17928 = DIRECTION('',(1.,0.,0.));
#17929 = DIRECTION('',(0.,0.,1.));
#17930 = ADVANCED_FACE('',(#17931),#17949,.T.);
#17931 = FACE_BOUND('',#17932,.T.);
#17932 = EDGE_LOOP('',(#17933,#17934,#17935,#17943));
#17933 = ORIENTED_EDGE('',*,*,#17888,.F.);
#17934 = ORIENTED_EDGE('',*,*,#17873,.T.);
#17935 = ORIENTED_EDGE('',*,*,#17936,.F.);
#17936 = EDGE_CURVE('',#17937,#17866,#17939,.T.);
#17937 = VERTEX_POINT('',#17938);
#17938 = CARTESIAN_POINT('',(165.48,-102.3,0.));
#17939 = LINE('',#17940,#17941);
#17940 = CARTESIAN_POINT('',(165.48,-102.3,468.12210852348));
#17941 = VECTOR('',#17942,1.);
#17942 = DIRECTION('',(0.,0.,1.));
#17943 = ORIENTED_EDGE('',*,*,#17944,.F.);
#17944 = EDGE_CURVE('',#17889,#17937,#17945,.T.);
#17945 = LINE('',#17946,#17947);
#17946 = CARTESIAN_POINT('',(-165.48,-102.3,0.));
#17947 = VECTOR('',#17948,1.);
#17948 = DIRECTION('',(1.,0.,0.));
#17949 = PLANE('',#17950);
#17950 = AXIS2_PLACEMENT_3D('',#17951,#17952,#17953);
#17951 = CARTESIAN_POINT('',(-165.48,-102.3,90.));
#17952 = DIRECTION('',(0.,1.,0.));
#17953 = DIRECTION('',(0.,0.,-1.));
#17954 = ADVANCED_FACE('',(#17955),#17989,.F.);
#17955 = FACE_BOUND('',#17956,.F.);
#17956 = EDGE_LOOP('',(#17957,#17958,#17959,#17967,#17975,#17983));
#17957 = ORIENTED_EDGE('',*,*,#17865,.F.);
#17958 = ORIENTED_EDGE('',*,*,#17936,.F.);
#17959 = ORIENTED_EDGE('',*,*,#17960,.F.);
#17960 = EDGE_CURVE('',#17961,#17937,#17963,.T.);
#17961 = VERTEX_POINT('',#17962);
#17962 = CARTESIAN_POINT('',(165.48,-115.,0.));
#17963 = LINE('',#17964,#17965);
#17964 = CARTESIAN_POINT('',(165.48,-51.65210852348,0.));
#17965 = VECTOR('',#17966,1.);
#17966 = DIRECTION('',(0.,1.,0.));
#17967 = ORIENTED_EDGE('',*,*,#17968,.F.);
#17968 = EDGE_CURVE('',#17969,#17961,#17971,.T.);
#17969 = VERTEX_POINT('',#17970);
#17970 = CARTESIAN_POINT('',(165.48,-115.,77.3));
#17971 = LINE('',#17972,#17973);
#17972 = CARTESIAN_POINT('',(165.48,-115.,423.12210852348));
#17973 = VECTOR('',#17974,1.);
#17974 = DIRECTION('',(0.,0.,-1.));
#17975 = ORIENTED_EDGE('',*,*,#17976,.F.);
#17976 = EDGE_CURVE('',#17977,#17969,#17979,.T.);
#17977 = VERTEX_POINT('',#17978);
#17978 = CARTESIAN_POINT('',(165.48,-175.,77.3));
#17979 = LINE('',#17980,#17981);
#17980 = CARTESIAN_POINT('',(165.48,-58.00210852348,77.3));
#17981 = VECTOR('',#17982,1.);
#17982 = DIRECTION('',(0.,1.,0.));
#17983 = ORIENTED_EDGE('',*,*,#17984,.F.);
#17984 = EDGE_CURVE('',#17858,#17977,#17985,.T.);
#17985 = LINE('',#17986,#17987);
#17986 = CARTESIAN_POINT('',(165.48,-175.,461.77210852348));
#17987 = VECTOR('',#17988,1.);
#17988 = DIRECTION('',(0.,2.24E-15,-1.));
#17989 = PLANE('',#17990);
#17990 = AXIS2_PLACEMENT_3D('',#17991,#17992,#17993);
#17991 = CARTESIAN_POINT('',(165.48,-1.004217046969,846.24421704696));
#17992 = DIRECTION('',(-1.,-0.,-0.));
#17993 = DIRECTION('',(0.,0.,-1.));
#17994 = ADVANCED_FACE('',(#17995),#18020,.T.);
#17995 = FACE_BOUND('',#17996,.T.);
#17996 = EDGE_LOOP('',(#17997,#17998,#18006,#18014));
#17997 = ORIENTED_EDGE('',*,*,#17904,.F.);
#17998 = ORIENTED_EDGE('',*,*,#17999,.T.);
#17999 = EDGE_CURVE('',#17897,#18000,#18002,.T.);
#18000 = VERTEX_POINT('',#18001);
#18001 = CARTESIAN_POINT('',(-6.35,-115.,0.));
#18002 = LINE('',#18003,#18004);
#18003 = CARTESIAN_POINT('',(-165.48,-115.,0.));
#18004 = VECTOR('',#18005,1.);
#18005 = DIRECTION('',(1.,0.,0.));
#18006 = ORIENTED_EDGE('',*,*,#18007,.F.);
#18007 = EDGE_CURVE('',#18008,#18000,#18010,.T.);
#18008 = VERTEX_POINT('',#18009);
#18009 = CARTESIAN_POINT('',(-6.35,-115.,77.3));
#18010 = LINE('',#18011,#18012);
#18011 = CARTESIAN_POINT('',(-6.35,-115.,77.3));
#18012 = VECTOR('',#18013,1.);
#18013 = DIRECTION('',(0.,0.,-1.));
#18014 = ORIENTED_EDGE('',*,*,#18015,.F.);
#18015 = EDGE_CURVE('',#17905,#18008,#18016,.T.);
#18016 = LINE('',#18017,#18018);
#18017 = CARTESIAN_POINT('',(-165.48,-115.,77.3));
#18018 = VECTOR('',#18019,1.);
#18019 = DIRECTION('',(1.,0.,0.));
#18020 = PLANE('',#18021);
#18021 = AXIS2_PLACEMENT_3D('',#18022,#18023,#18024);
#18022 = CARTESIAN_POINT('',(-165.48,-115.,0.));
#18023 = DIRECTION('',(0.,-1.,0.));
#18024 = DIRECTION('',(0.,0.,1.));
#18025 = ADVANCED_FACE('',(#18026),#18044,.T.);
#18026 = FACE_BOUND('',#18027,.T.);
#18027 = EDGE_LOOP('',(#18028,#18029,#18030,#18038));
#18028 = ORIENTED_EDGE('',*,*,#17912,.F.);
#18029 = ORIENTED_EDGE('',*,*,#18015,.T.);
#18030 = ORIENTED_EDGE('',*,*,#18031,.T.);
#18031 = EDGE_CURVE('',#18008,#18032,#18034,.T.);
#18032 = VERTEX_POINT('',#18033);
#18033 = CARTESIAN_POINT('',(-6.35,-175.,77.3));
#18034 = LINE('',#18035,#18036);
#18035 = CARTESIAN_POINT('',(-6.35,-115.,77.3));
#18036 = VECTOR('',#18037,1.);
#18037 = DIRECTION('',(0.,-1.,2.2E-16));
#18038 = ORIENTED_EDGE('',*,*,#18039,.F.);
#18039 = EDGE_CURVE('',#17913,#18032,#18040,.T.);
#18040 = LINE('',#18041,#18042);
#18041 = CARTESIAN_POINT('',(-165.48,-175.,77.3));
#18042 = VECTOR('',#18043,1.);
#18043 = DIRECTION('',(1.,0.,0.));
#18044 = PLANE('',#18045);
#18045 = AXIS2_PLACEMENT_3D('',#18046,#18047,#18048);
#18046 = CARTESIAN_POINT('',(-165.48,-115.,77.3));
#18047 = DIRECTION('',(0.,0.,-1.));
#18048 = DIRECTION('',(0.,-1.,0.));
#18049 = ADVANCED_FACE('',(#18050),#18075,.T.);
#18050 = FACE_BOUND('',#18051,.T.);
#18051 = EDGE_LOOP('',(#18052,#18062,#18068,#18069));
#18052 = ORIENTED_EDGE('',*,*,#18053,.F.);
#18053 = EDGE_CURVE('',#18054,#18056,#18058,.T.);
#18054 = VERTEX_POINT('',#18055);
#18055 = CARTESIAN_POINT('',(6.35,-115.,77.3));
#18056 = VERTEX_POINT('',#18057);
#18057 = CARTESIAN_POINT('',(6.35,-175.,77.3));
#18058 = LINE('',#18059,#18060);
#18059 = CARTESIAN_POINT('',(6.35,-115.,77.3));
#18060 = VECTOR('',#18061,1.);
#18061 = DIRECTION('',(0.,-1.,2.2E-16));
#18062 = ORIENTED_EDGE('',*,*,#18063,.T.);
#18063 = EDGE_CURVE('',#18054,#17969,#18064,.T.);
#18064 = LINE('',#18065,#18066);
#18065 = CARTESIAN_POINT('',(-165.48,-115.,77.3));
#18066 = VECTOR('',#18067,1.);
#18067 = DIRECTION('',(1.,0.,0.));
#18068 = ORIENTED_EDGE('',*,*,#17976,.F.);
#18069 = ORIENTED_EDGE('',*,*,#18070,.F.);
#18070 = EDGE_CURVE('',#18056,#17977,#18071,.T.);
#18071 = LINE('',#18072,#18073);
#18072 = CARTESIAN_POINT('',(-165.48,-175.,77.3));
#18073 = VECTOR('',#18074,1.);
#18074 = DIRECTION('',(1.,0.,0.));
#18075 = PLANE('',#18076);
#18076 = AXIS2_PLACEMENT_3D('',#18077,#18078,#18079);
#18077 = CARTESIAN_POINT('',(-165.48,-115.,77.3));
#18078 = DIRECTION('',(0.,0.,-1.));
#18079 = DIRECTION('',(0.,-1.,0.));
#18080 = ADVANCED_FACE('',(#18081),#18099,.T.);
#18081 = FACE_BOUND('',#18082,.T.);
#18082 = EDGE_LOOP('',(#18083,#18091,#18097,#18098));
#18083 = ORIENTED_EDGE('',*,*,#18084,.F.);
#18084 = EDGE_CURVE('',#18085,#18054,#18087,.T.);
#18085 = VERTEX_POINT('',#18086);
#18086 = CARTESIAN_POINT('',(6.35,-115.,0.));
#18087 = LINE('',#18088,#18089);
#18088 = CARTESIAN_POINT('',(6.35,-115.,0.));
#18089 = VECTOR('',#18090,1.);
#18090 = DIRECTION('',(0.,0.,1.));
#18091 = ORIENTED_EDGE('',*,*,#18092,.T.);
#18092 = EDGE_CURVE('',#18085,#17961,#18093,.T.);
#18093 = LINE('',#18094,#18095);
#18094 = CARTESIAN_POINT('',(-165.48,-115.,0.));
#18095 = VECTOR('',#18096,1.);
#18096 = DIRECTION('',(1.,0.,0.));
#18097 = ORIENTED_EDGE('',*,*,#17968,.F.);
#18098 = ORIENTED_EDGE('',*,*,#18063,.F.);
#18099 = PLANE('',#18100);
#18100 = AXIS2_PLACEMENT_3D('',#18101,#18102,#18103);
#18101 = CARTESIAN_POINT('',(-165.48,-115.,0.));
#18102 = DIRECTION('',(0.,-1.,0.));
#18103 = DIRECTION('',(0.,0.,1.));
#18104 = ADVANCED_FACE('',(#18105),#18123,.F.);
#18105 = FACE_BOUND('',#18106,.F.);
#18106 = EDGE_LOOP('',(#18107,#18108,#18109,#18117));
#18107 = ORIENTED_EDGE('',*,*,#18007,.F.);
#18108 = ORIENTED_EDGE('',*,*,#18031,.T.);
#18109 = ORIENTED_EDGE('',*,*,#18110,.T.);
#18110 = EDGE_CURVE('',#18032,#18111,#18113,.T.);
#18111 = VERTEX_POINT('',#18112);
#18112 = CARTESIAN_POINT('',(-6.35,-175.,1.3E-14));
#18113 = LINE('',#18114,#18115);
#18114 = CARTESIAN_POINT('',(-6.35,-175.,77.3));
#18115 = VECTOR('',#18116,1.);
#18116 = DIRECTION('',(0.,2.24E-15,-1.));
#18117 = ORIENTED_EDGE('',*,*,#18118,.F.);
#18118 = EDGE_CURVE('',#18000,#18111,#18119,.T.);
#18119 = LINE('',#18120,#18121);
#18120 = CARTESIAN_POINT('',(-6.35,-115.,0.));
#18121 = VECTOR('',#18122,1.);
#18122 = DIRECTION('',(0.,-1.,2.2E-16));
#18123 = PLANE('',#18124);
#18124 = AXIS2_PLACEMENT_3D('',#18125,#18126,#18127);
#18125 = CARTESIAN_POINT('',(-6.35,-115.,77.3));
#18126 = DIRECTION('',(1.,0.,0.));
#18127 = DIRECTION('',(0.,-2.2E-16,-1.));
#18128 = ADVANCED_FACE('',(#18129),#18147,.F.);
#18129 = FACE_BOUND('',#18130,.F.);
#18130 = EDGE_LOOP('',(#18131,#18132,#18140,#18146));
#18131 = ORIENTED_EDGE('',*,*,#18084,.F.);
#18132 = ORIENTED_EDGE('',*,*,#18133,.T.);
#18133 = EDGE_CURVE('',#18085,#18134,#18136,.T.);
#18134 = VERTEX_POINT('',#18135);
#18135 = CARTESIAN_POINT('',(6.35,-175.,1.3E-14));
#18136 = LINE('',#18137,#18138);
#18137 = CARTESIAN_POINT('',(6.35,-115.,0.));
#18138 = VECTOR('',#18139,1.);
#18139 = DIRECTION('',(0.,-1.,2.2E-16));
#18140 = ORIENTED_EDGE('',*,*,#18141,.T.);
#18141 = EDGE_CURVE('',#18134,#18056,#18142,.T.);
#18142 = LINE('',#18143,#18144);
#18143 = CARTESIAN_POINT('',(6.35,-175.,38.65));
#18144 = VECTOR('',#18145,1.);
#18145 = DIRECTION('',(0.,-2.24E-15,1.));
#18146 = ORIENTED_EDGE('',*,*,#18053,.F.);
#18147 = PLANE('',#18148);
#18148 = AXIS2_PLACEMENT_3D('',#18149,#18150,#18151);
#18149 = CARTESIAN_POINT('',(6.35,-115.,0.));
#18150 = DIRECTION('',(-1.,0.,0.));
#18151 = DIRECTION('',(0.,2.2E-16,1.));
#18152 = ADVANCED_FACE('',(#18153),#18168,.T.);
#18153 = FACE_BOUND('',#18154,.T.);
#18154 = EDGE_LOOP('',(#18155,#18156,#18157,#18158,#18164,#18165,#18166,
    #18167));
#18155 = ORIENTED_EDGE('',*,*,#17920,.F.);
#18156 = ORIENTED_EDGE('',*,*,#18039,.T.);
#18157 = ORIENTED_EDGE('',*,*,#18110,.T.);
#18158 = ORIENTED_EDGE('',*,*,#18159,.T.);
#18159 = EDGE_CURVE('',#18111,#18134,#18160,.T.);
#18160 = LINE('',#18161,#18162);
#18161 = CARTESIAN_POINT('',(-85.915,-175.,1.377E-14));
#18162 = VECTOR('',#18163,1.);
#18163 = DIRECTION('',(1.,0.,0.));
#18164 = ORIENTED_EDGE('',*,*,#18141,.T.);
#18165 = ORIENTED_EDGE('',*,*,#18070,.T.);
#18166 = ORIENTED_EDGE('',*,*,#17984,.F.);
#18167 = ORIENTED_EDGE('',*,*,#17857,.F.);
#18168 = PLANE('',#18169);
#18169 = AXIS2_PLACEMENT_3D('',#18170,#18171,#18172);
#18170 = CARTESIAN_POINT('',(-4.32E-15,-175.,74.220707430635));
#18171 = DIRECTION('',(-0.,-1.,-2.21E-15));
#18172 = DIRECTION('',(0.,2.21E-15,-1.));
#18173 = ADVANCED_FACE('',(#18174),#18184,.T.);
#18174 = FACE_BOUND('',#18175,.T.);
#18175 = EDGE_LOOP('',(#18176,#18177,#18178,#18179,#18180,#18181,#18182,
    #18183));
#18176 = ORIENTED_EDGE('',*,*,#17896,.F.);
#18177 = ORIENTED_EDGE('',*,*,#17944,.T.);
#18178 = ORIENTED_EDGE('',*,*,#17960,.F.);
#18179 = ORIENTED_EDGE('',*,*,#18092,.F.);
#18180 = ORIENTED_EDGE('',*,*,#18133,.T.);
#18181 = ORIENTED_EDGE('',*,*,#18159,.F.);
#18182 = ORIENTED_EDGE('',*,*,#18118,.F.);
#18183 = ORIENTED_EDGE('',*,*,#17999,.F.);
#18184 = PLANE('',#18185);
#18185 = AXIS2_PLACEMENT_3D('',#18186,#18187,#18188);
#18186 = CARTESIAN_POINT('',(-1.62E-15,-114.9969256304,1.21E-15));
#18187 = DIRECTION('',(-0.,-0.,-1.));
#18188 = DIRECTION('',(-1.,0.,0.));
#18189 = ( GEOMETRIC_REPRESENTATION_CONTEXT(3) 
GLOBAL_UNCERTAINTY_ASSIGNED_CONTEXT((#18193)) 
GLOBAL_UNIT_ASSIGNED_CONTEXT((#18190,#18191,#18192)) 
REPRESENTATION_CONTEXT('Context #1',
  '3D Context with UNIT and UNCERTAINTY') );
#18190 = ( LENGTH_UNIT() NAMED_UNIT(*) SI_UNIT(.MILLI.,.METRE.) );
#18191 = ( NAMED_UNIT(*) PLANE_ANGLE_UNIT() SI_UNIT($,.RADIAN.) );
#18192 = ( NAMED_UNIT(*) SI_UNIT($,.STERADIAN.) SOLID_ANGLE_UNIT() );
#18193 = UNCERTAINTY_MEASURE_WITH_UNIT(LENGTH_MEASURE(2.E-07),#18190,
  'distance_accuracy_value','confusion accuracy');
#18194 = CONTEXT_DEPENDENT_SHAPE_REPRESENTATION(#18195,#18197);
#18195 = ( REPRESENTATION_RELATIONSHIP('','',#17840,#17408) 
REPRESENTATION_RELATIONSHIP_WITH_TRANSFORMATION(#18196) 
SHAPE_REPRESENTATION_RELATIONSHIP() );
#18196 = ITEM_DEFINED_TRANSFORMATION('','',#11,#17413);
#18197 = PRODUCT_DEFINITION_SHAPE('Placement','Placement of an item',
  #18198);
#18198 = NEXT_ASSEMBLY_USAGE_OCCURRENCE('33','caixa_parafusos','',#17403
  ,#17835,$);
#18199 = CC_DESIGN_SECURITY_CLASSIFICATION(#18200,(#18198));
#18200 = SECURITY_CLASSIFICATION('','',#55);
#18201 = CC_DESIGN_PERSON_AND_ORGANIZATION_ASSIGNMENT(#44,#53,(#18200));
#18202 = CC_DESIGN_DATE_AND_TIME_ASSIGNMENT(#58,#64,(#18200));
#18203 = CC_DESIGN_APPROVAL(#66,(#18200));
#18204 = PRODUCT_RELATED_PRODUCT_CATEGORY('detail',$,(#17837));
#18205 = PRODUCT_CATEGORY_RELATIONSHIP('','',#18206,#18204);
#18206 = PRODUCT_CATEGORY('part',$);
#18207 = CC_DESIGN_PERSON_AND_ORGANIZATION_ASSIGNMENT(#44,#47,(#17836,
    #17835));
#18208 = CC_DESIGN_PERSON_AND_ORGANIZATION_ASSIGNMENT(#44,#49,(#17837));
#18209 = CC_DESIGN_PERSON_AND_ORGANIZATION_ASSIGNMENT(#44,#51,(#17836));
#18210 = CC_DESIGN_PERSON_AND_ORGANIZATION_ASSIGNMENT(#44,#53,(#18211));
#18211 = SECURITY_CLASSIFICATION('','',#55);
#18212 = CC_DESIGN_SECURITY_CLASSIFICATION(#18211,(#17836));
#18213 = CC_DESIGN_DATE_AND_TIME_ASSIGNMENT(#58,#62,(#17835));
#18214 = CC_DESIGN_DATE_AND_TIME_ASSIGNMENT(#58,#64,(#18211));
#18215 = CC_DESIGN_APPROVAL(#66,(#17836,#17835,#18211));
#18216 = SHAPE_DEFINITION_REPRESENTATION(#18217,#18223);
#18217 = PRODUCT_DEFINITION_SHAPE('','',#18218);
#18218 = PRODUCT_DEFINITION('design','',#18219,#18222);
#18219 = PRODUCT_DEFINITION_FORMATION_WITH_SPECIFIED_SOURCE('','',#18220
  ,.NOT_KNOWN.);
#18220 = PRODUCT('jotas','jotas','',(#18221));
#18221 = MECHANICAL_CONTEXT('',#2,'mechanical');
#18222 = DESIGN_CONTEXT('',#2,'design');
#18223 = SHAPE_REPRESENTATION('',(#11),#18224);
#18224 = ( GEOMETRIC_REPRESENTATION_CONTEXT(3) 
GLOBAL_UNCERTAINTY_ASSIGNED_CONTEXT((#18228)) 
GLOBAL_UNIT_ASSIGNED_CONTEXT((#18225,#18226,#18227)) 
REPRESENTATION_CONTEXT('Context #1',
  '3D Context with UNIT and UNCERTAINTY') );
#18225 = ( LENGTH_UNIT() NAMED_UNIT(*) SI_UNIT(.MILLI.,.METRE.) );
#18226 = ( NAMED_UNIT(*) PLANE_ANGLE_UNIT() SI_UNIT($,.RADIAN.) );
#18227 = ( NAMED_UNIT(*) SI_UNIT($,.STERADIAN.) SOLID_ANGLE_UNIT() );
#18228 = UNCERTAINTY_MEASURE_WITH_UNIT(LENGTH_MEASURE(1.E-07),#18225,
  'distance_accuracy_value','confusion accuracy');
#18229 = CONTEXT_DEPENDENT_SHAPE_REPRESENTATION(#18230,#18232);
#18230 = ( REPRESENTATION_RELATIONSHIP('','',#18223,#17408) 
REPRESENTATION_RELATIONSHIP_WITH_TRANSFORMATION(#18231) 
SHAPE_REPRESENTATION_RELATIONSHIP() );
#18231 = ITEM_DEFINED_TRANSFORMATION('','',#11,#17417);
#18232 = PRODUCT_DEFINITION_SHAPE('Placement','Placement of an item',
  #18233);
#18233 = NEXT_ASSEMBLY_USAGE_OCCURRENCE('34','jotas','',#17403,#18218,$
  );
#18234 = CC_DESIGN_SECURITY_CLASSIFICATION(#18235,(#18233));
#18235 = SECURITY_CLASSIFICATION('','',#55);
#18236 = CC_DESIGN_PERSON_AND_ORGANIZATION_ASSIGNMENT(#44,#53,(#18235));
#18237 = CC_DESIGN_DATE_AND_TIME_ASSIGNMENT(#58,#64,(#18235));
#18238 = CC_DESIGN_APPROVAL(#66,(#18235));
#18239 = PRODUCT_RELATED_PRODUCT_CATEGORY('detail',$,(#18220));
#18240 = PRODUCT_CATEGORY_RELATIONSHIP('','',#18241,#18239);
#18241 = PRODUCT_CATEGORY('part',$);
#18242 = CC_DESIGN_PERSON_AND_ORGANIZATION_ASSIGNMENT(#44,#47,(#18219,
    #18218));
#18243 = CC_DESIGN_PERSON_AND_ORGANIZATION_ASSIGNMENT(#44,#49,(#18220));
#18244 = CC_DESIGN_PERSON_AND_ORGANIZATION_ASSIGNMENT(#44,#51,(#18219));
#18245 = CC_DESIGN_PERSON_AND_ORGANIZATION_ASSIGNMENT(#44,#53,(#18246));
#18246 = SECURITY_CLASSIFICATION('','',#55);
#18247 = CC_DESIGN_SECURITY_CLASSIFICATION(#18246,(#18219));
#18248 = CC_DESIGN_DATE_AND_TIME_ASSIGNMENT(#58,#62,(#18218));
#18249 = CC_DESIGN_DATE_AND_TIME_ASSIGNMENT(#58,#64,(#18246));
#18250 = CC_DESIGN_APPROVAL(#66,(#18219,#18218,#18246));
#18251 = SHAPE_REPRESENTATION_RELATIONSHIP('','',#18252,#18223);
#18252 = ADVANCED_BREP_SHAPE_REPRESENTATION('',(#11,#18253),#18539);
#18253 = MANIFOLD_SOLID_BREP('',#18254);
#18254 = CLOSED_SHELL('',(#18255,#18295,#18360,#18384,#18442,#18459,
    #18471,#18493,#18510,#18527));
#18255 = ADVANCED_FACE('',(#18256),#18290,.T.);
#18256 = FACE_BOUND('',#18257,.T.);
#18257 = EDGE_LOOP('',(#18258,#18268,#18276,#18284));
#18258 = ORIENTED_EDGE('',*,*,#18259,.F.);
#18259 = EDGE_CURVE('',#18260,#18262,#18264,.T.);
#18260 = VERTEX_POINT('',#18261);
#18261 = CARTESIAN_POINT('',(-175.,-175.,0.));
#18262 = VERTEX_POINT('',#18263);
#18263 = CARTESIAN_POINT('',(-235.,-175.,0.));
#18264 = LINE('',#18265,#18266);
#18265 = CARTESIAN_POINT('',(-175.,-175.,0.));
#18266 = VECTOR('',#18267,1.);
#18267 = DIRECTION('',(-1.,0.,0.));
#18268 = ORIENTED_EDGE('',*,*,#18269,.T.);
#18269 = EDGE_CURVE('',#18260,#18270,#18272,.T.);
#18270 = VERTEX_POINT('',#18271);
#18271 = CARTESIAN_POINT('',(-175.,-175.,1.7E+03));
#18272 = LINE('',#18273,#18274);
#18273 = CARTESIAN_POINT('',(-175.,-175.,0.));
#18274 = VECTOR('',#18275,1.);
#18275 = DIRECTION('',(0.,0.,1.));
#18276 = ORIENTED_EDGE('',*,*,#18277,.T.);
#18277 = EDGE_CURVE('',#18270,#18278,#18280,.T.);
#18278 = VERTEX_POINT('',#18279);
#18279 = CARTESIAN_POINT('',(-235.,-175.,1.7E+03));
#18280 = LINE('',#18281,#18282);
#18281 = CARTESIAN_POINT('',(-87.5,-175.,1.7E+03));
#18282 = VECTOR('',#18283,1.);
#18283 = DIRECTION('',(-1.,0.,0.));
#18284 = ORIENTED_EDGE('',*,*,#18285,.F.);
#18285 = EDGE_CURVE('',#18262,#18278,#18286,.T.);
#18286 = LINE('',#18287,#18288);
#18287 = CARTESIAN_POINT('',(-235.,-175.,0.));
#18288 = VECTOR('',#18289,1.);
#18289 = DIRECTION('',(0.,0.,1.));
#18290 = PLANE('',#18291);
#18291 = AXIS2_PLACEMENT_3D('',#18292,#18293,#18294);
#18292 = CARTESIAN_POINT('',(-175.,-175.,0.));
#18293 = DIRECTION('',(-0.,-1.,-0.));
#18294 = DIRECTION('',(-1.,0.,0.));
#18295 = ADVANCED_FACE('',(#18296,#18321),#18355,.F.);
#18296 = FACE_BOUND('',#18297,.T.);
#18297 = EDGE_LOOP('',(#18298,#18299,#18307,#18315));
#18298 = ORIENTED_EDGE('',*,*,#18259,.T.);
#18299 = ORIENTED_EDGE('',*,*,#18300,.T.);
#18300 = EDGE_CURVE('',#18262,#18301,#18303,.T.);
#18301 = VERTEX_POINT('',#18302);
#18302 = CARTESIAN_POINT('',(-235.,-115.,0.));
#18303 = LINE('',#18304,#18305);
#18304 = CARTESIAN_POINT('',(-235.,-175.,0.));
#18305 = VECTOR('',#18306,1.);
#18306 = DIRECTION('',(0.,1.,0.));
#18307 = ORIENTED_EDGE('',*,*,#18308,.T.);
#18308 = EDGE_CURVE('',#18301,#18309,#18311,.T.);
#18309 = VERTEX_POINT('',#18310);
#18310 = CARTESIAN_POINT('',(-175.,-115.,0.));
#18311 = LINE('',#18312,#18313);
#18312 = CARTESIAN_POINT('',(-235.,-115.,0.));
#18313 = VECTOR('',#18314,1.);
#18314 = DIRECTION('',(1.,0.,0.));
#18315 = ORIENTED_EDGE('',*,*,#18316,.T.);
#18316 = EDGE_CURVE('',#18309,#18260,#18317,.T.);
#18317 = LINE('',#18318,#18319);
#18318 = CARTESIAN_POINT('',(-175.,-115.,0.));
#18319 = VECTOR('',#18320,1.);
#18320 = DIRECTION('',(0.,-1.,0.));
#18321 = FACE_BOUND('',#18322,.F.);
#18322 = EDGE_LOOP('',(#18323,#18333,#18341,#18349));
#18323 = ORIENTED_EDGE('',*,*,#18324,.T.);
#18324 = EDGE_CURVE('',#18325,#18327,#18329,.T.);
#18325 = VERTEX_POINT('',#18326);
#18326 = CARTESIAN_POINT('',(-184.52,-124.52,0.));
#18327 = VERTEX_POINT('',#18328);
#18328 = CARTESIAN_POINT('',(-184.52,-165.48,0.));
#18329 = LINE('',#18330,#18331);
#18330 = CARTESIAN_POINT('',(-184.52,-124.52,0.));
#18331 = VECTOR('',#18332,1.);
#18332 = DIRECTION('',(0.,-1.,0.));
#18333 = ORIENTED_EDGE('',*,*,#18334,.T.);
#18334 = EDGE_CURVE('',#18327,#18335,#18337,.T.);
#18335 = VERTEX_POINT('',#18336);
#18336 = CARTESIAN_POINT('',(-225.48,-165.48,0.));
#18337 = LINE('',#18338,#18339);
#18338 = CARTESIAN_POINT('',(-184.52,-165.48,0.));
#18339 = VECTOR('',#18340,1.);
#18340 = DIRECTION('',(-1.,0.,0.));
#18341 = ORIENTED_EDGE('',*,*,#18342,.T.);
#18342 = EDGE_CURVE('',#18335,#18343,#18345,.T.);
#18343 = VERTEX_POINT('',#18344);
#18344 = CARTESIAN_POINT('',(-225.48,-124.52,0.));
#18345 = LINE('',#18346,#18347);
#18346 = CARTESIAN_POINT('',(-225.48,-165.48,0.));
#18347 = VECTOR('',#18348,1.);
#18348 = DIRECTION('',(0.,1.,0.));
#18349 = ORIENTED_EDGE('',*,*,#18350,.T.);
#18350 = EDGE_CURVE('',#18343,#18325,#18351,.T.);
#18351 = LINE('',#18352,#18353);
#18352 = CARTESIAN_POINT('',(-225.48,-124.52,0.));
#18353 = VECTOR('',#18354,1.);
#18354 = DIRECTION('',(1.,0.,0.));
#18355 = PLANE('',#18356);
#18356 = AXIS2_PLACEMENT_3D('',#18357,#18358,#18359);
#18357 = CARTESIAN_POINT('',(6.756E-14,-145.,0.));
#18358 = DIRECTION('',(0.,0.,1.));
#18359 = DIRECTION('',(1.,0.,0.));
#18360 = ADVANCED_FACE('',(#18361),#18379,.T.);
#18361 = FACE_BOUND('',#18362,.T.);
#18362 = EDGE_LOOP('',(#18363,#18364,#18365,#18373));
#18363 = ORIENTED_EDGE('',*,*,#18300,.F.);
#18364 = ORIENTED_EDGE('',*,*,#18285,.T.);
#18365 = ORIENTED_EDGE('',*,*,#18366,.T.);
#18366 = EDGE_CURVE('',#18278,#18367,#18369,.T.);
#18367 = VERTEX_POINT('',#18368);
#18368 = CARTESIAN_POINT('',(-235.,-115.,1.7E+03));
#18369 = LINE('',#18370,#18371);
#18370 = CARTESIAN_POINT('',(-235.,-87.78156552794,1.7E+03));
#18371 = VECTOR('',#18372,1.);
#18372 = DIRECTION('',(0.,1.,0.));
#18373 = ORIENTED_EDGE('',*,*,#18374,.F.);
#18374 = EDGE_CURVE('',#18301,#18367,#18375,.T.);
#18375 = LINE('',#18376,#18377);
#18376 = CARTESIAN_POINT('',(-235.,-115.,0.));
#18377 = VECTOR('',#18378,1.);
#18378 = DIRECTION('',(0.,0.,1.));
#18379 = PLANE('',#18380);
#18380 = AXIS2_PLACEMENT_3D('',#18381,#18382,#18383);
#18381 = CARTESIAN_POINT('',(-235.,-175.,0.));
#18382 = DIRECTION('',(-1.,0.,0.));
#18383 = DIRECTION('',(0.,1.,0.));
#18384 = ADVANCED_FACE('',(#18385,#18403),#18437,.T.);
#18385 = FACE_BOUND('',#18386,.T.);
#18386 = EDGE_LOOP('',(#18387,#18388,#18396,#18402));
#18387 = ORIENTED_EDGE('',*,*,#18277,.F.);
#18388 = ORIENTED_EDGE('',*,*,#18389,.F.);
#18389 = EDGE_CURVE('',#18390,#18270,#18392,.T.);
#18390 = VERTEX_POINT('',#18391);
#18391 = CARTESIAN_POINT('',(-175.,-115.,1.7E+03));
#18392 = LINE('',#18393,#18394);
#18393 = CARTESIAN_POINT('',(-175.,-57.78156552794,1.7E+03));
#18394 = VECTOR('',#18395,1.);
#18395 = DIRECTION('',(0.,-1.,0.));
#18396 = ORIENTED_EDGE('',*,*,#18397,.F.);
#18397 = EDGE_CURVE('',#18367,#18390,#18398,.T.);
#18398 = LINE('',#18399,#18400);
#18399 = CARTESIAN_POINT('',(-117.5,-115.,1.7E+03));
#18400 = VECTOR('',#18401,1.);
#18401 = DIRECTION('',(1.,0.,0.));
#18402 = ORIENTED_EDGE('',*,*,#18366,.F.);
#18403 = FACE_BOUND('',#18404,.T.);
#18404 = EDGE_LOOP('',(#18405,#18415,#18423,#18431));
#18405 = ORIENTED_EDGE('',*,*,#18406,.T.);
#18406 = EDGE_CURVE('',#18407,#18409,#18411,.T.);
#18407 = VERTEX_POINT('',#18408);
#18408 = CARTESIAN_POINT('',(-225.48,-124.52,1.7E+03));
#18409 = VERTEX_POINT('',#18410);
#18410 = CARTESIAN_POINT('',(-184.52,-124.52,1.7E+03));
#18411 = LINE('',#18412,#18413);
#18412 = CARTESIAN_POINT('',(-112.74,-124.52,1.7E+03));
#18413 = VECTOR('',#18414,1.);
#18414 = DIRECTION('',(1.,0.,0.));
#18415 = ORIENTED_EDGE('',*,*,#18416,.T.);
#18416 = EDGE_CURVE('',#18409,#18417,#18419,.T.);
#18417 = VERTEX_POINT('',#18418);
#18418 = CARTESIAN_POINT('',(-184.52,-165.48,1.7E+03));
#18419 = LINE('',#18420,#18421);
#18420 = CARTESIAN_POINT('',(-184.52,-62.54156552794,1.7E+03));
#18421 = VECTOR('',#18422,1.);
#18422 = DIRECTION('',(0.,-1.,0.));
#18423 = ORIENTED_EDGE('',*,*,#18424,.T.);
#18424 = EDGE_CURVE('',#18417,#18425,#18427,.T.);
#18425 = VERTEX_POINT('',#18426);
#18426 = CARTESIAN_POINT('',(-225.48,-165.48,1.7E+03));
#18427 = LINE('',#18428,#18429);
#18428 = CARTESIAN_POINT('',(-92.26,-165.48,1.7E+03));
#18429 = VECTOR('',#18430,1.);
#18430 = DIRECTION('',(-1.,0.,0.));
#18431 = ORIENTED_EDGE('',*,*,#18432,.T.);
#18432 = EDGE_CURVE('',#18425,#18407,#18433,.T.);
#18433 = LINE('',#18434,#18435);
#18434 = CARTESIAN_POINT('',(-225.48,-83.02156552794,1.7E+03));
#18435 = VECTOR('',#18436,1.);
#18436 = DIRECTION('',(0.,1.,0.));
#18437 = PLANE('',#18438);
#18438 = AXIS2_PLACEMENT_3D('',#18439,#18440,#18441);
#18439 = CARTESIAN_POINT('',(-4.2E-16,-0.563131055882,1.7E+03));
#18440 = DIRECTION('',(0.,0.,1.));
#18441 = DIRECTION('',(1.,0.,-0.));
#18442 = ADVANCED_FACE('',(#18443),#18454,.T.);
#18443 = FACE_BOUND('',#18444,.T.);
#18444 = EDGE_LOOP('',(#18445,#18446,#18452,#18453));
#18445 = ORIENTED_EDGE('',*,*,#18316,.F.);
#18446 = ORIENTED_EDGE('',*,*,#18447,.T.);
#18447 = EDGE_CURVE('',#18309,#18390,#18448,.T.);
#18448 = LINE('',#18449,#18450);
#18449 = CARTESIAN_POINT('',(-175.,-115.,0.));
#18450 = VECTOR('',#18451,1.);
#18451 = DIRECTION('',(0.,0.,1.));
#18452 = ORIENTED_EDGE('',*,*,#18389,.T.);
#18453 = ORIENTED_EDGE('',*,*,#18269,.F.);
#18454 = PLANE('',#18455);
#18455 = AXIS2_PLACEMENT_3D('',#18456,#18457,#18458);
#18456 = CARTESIAN_POINT('',(-175.,-115.,0.));
#18457 = DIRECTION('',(1.,0.,0.));
#18458 = DIRECTION('',(0.,-1.,0.));
#18459 = ADVANCED_FACE('',(#18460),#18466,.T.);
#18460 = FACE_BOUND('',#18461,.T.);
#18461 = EDGE_LOOP('',(#18462,#18463,#18464,#18465));
#18462 = ORIENTED_EDGE('',*,*,#18308,.F.);
#18463 = ORIENTED_EDGE('',*,*,#18374,.T.);
#18464 = ORIENTED_EDGE('',*,*,#18397,.T.);
#18465 = ORIENTED_EDGE('',*,*,#18447,.F.);
#18466 = PLANE('',#18467);
#18467 = AXIS2_PLACEMENT_3D('',#18468,#18469,#18470);
#18468 = CARTESIAN_POINT('',(-235.,-115.,0.));
#18469 = DIRECTION('',(0.,1.,0.));
#18470 = DIRECTION('',(1.,0.,0.));
#18471 = ADVANCED_FACE('',(#18472),#18488,.F.);
#18472 = FACE_BOUND('',#18473,.F.);
#18473 = EDGE_LOOP('',(#18474,#18475,#18481,#18482));
#18474 = ORIENTED_EDGE('',*,*,#18324,.F.);
#18475 = ORIENTED_EDGE('',*,*,#18476,.T.);
#18476 = EDGE_CURVE('',#18325,#18409,#18477,.T.);
#18477 = LINE('',#18478,#18479);
#18478 = CARTESIAN_POINT('',(-184.52,-124.52,0.));
#18479 = VECTOR('',#18480,1.);
#18480 = DIRECTION('',(0.,0.,1.));
#18481 = ORIENTED_EDGE('',*,*,#18416,.T.);
#18482 = ORIENTED_EDGE('',*,*,#18483,.F.);
#18483 = EDGE_CURVE('',#18327,#18417,#18484,.T.);
#18484 = LINE('',#18485,#18486);
#18485 = CARTESIAN_POINT('',(-184.52,-165.48,0.));
#18486 = VECTOR('',#18487,1.);
#18487 = DIRECTION('',(0.,0.,1.));
#18488 = PLANE('',#18489);
#18489 = AXIS2_PLACEMENT_3D('',#18490,#18491,#18492);
#18490 = CARTESIAN_POINT('',(-184.52,-124.52,0.));
#18491 = DIRECTION('',(1.,0.,0.));
#18492 = DIRECTION('',(0.,-1.,0.));
#18493 = ADVANCED_FACE('',(#18494),#18505,.F.);
#18494 = FACE_BOUND('',#18495,.F.);
#18495 = EDGE_LOOP('',(#18496,#18497,#18498,#18499));
#18496 = ORIENTED_EDGE('',*,*,#18334,.F.);
#18497 = ORIENTED_EDGE('',*,*,#18483,.T.);
#18498 = ORIENTED_EDGE('',*,*,#18424,.T.);
#18499 = ORIENTED_EDGE('',*,*,#18500,.F.);
#18500 = EDGE_CURVE('',#18335,#18425,#18501,.T.);
#18501 = LINE('',#18502,#18503);
#18502 = CARTESIAN_POINT('',(-225.48,-165.48,0.));
#18503 = VECTOR('',#18504,1.);
#18504 = DIRECTION('',(0.,0.,1.));
#18505 = PLANE('',#18506);
#18506 = AXIS2_PLACEMENT_3D('',#18507,#18508,#18509);
#18507 = CARTESIAN_POINT('',(-184.52,-165.48,0.));
#18508 = DIRECTION('',(-0.,-1.,-0.));
#18509 = DIRECTION('',(-1.,0.,0.));
#18510 = ADVANCED_FACE('',(#18511),#18522,.F.);
#18511 = FACE_BOUND('',#18512,.F.);
#18512 = EDGE_LOOP('',(#18513,#18514,#18515,#18516));
#18513 = ORIENTED_EDGE('',*,*,#18342,.F.);
#18514 = ORIENTED_EDGE('',*,*,#18500,.T.);
#18515 = ORIENTED_EDGE('',*,*,#18432,.T.);
#18516 = ORIENTED_EDGE('',*,*,#18517,.F.);
#18517 = EDGE_CURVE('',#18343,#18407,#18518,.T.);
#18518 = LINE('',#18519,#18520);
#18519 = CARTESIAN_POINT('',(-225.48,-124.52,0.));
#18520 = VECTOR('',#18521,1.);
#18521 = DIRECTION('',(0.,0.,1.));
#18522 = PLANE('',#18523);
#18523 = AXIS2_PLACEMENT_3D('',#18524,#18525,#18526);
#18524 = CARTESIAN_POINT('',(-225.48,-165.48,0.));
#18525 = DIRECTION('',(-1.,0.,0.));
#18526 = DIRECTION('',(0.,1.,0.));
#18527 = ADVANCED_FACE('',(#18528),#18534,.F.);
#18528 = FACE_BOUND('',#18529,.F.);
#18529 = EDGE_LOOP('',(#18530,#18531,#18532,#18533));
#18530 = ORIENTED_EDGE('',*,*,#18350,.F.);
#18531 = ORIENTED_EDGE('',*,*,#18517,.T.);
#18532 = ORIENTED_EDGE('',*,*,#18406,.T.);
#18533 = ORIENTED_EDGE('',*,*,#18476,.F.);
#18534 = PLANE('',#18535);
#18535 = AXIS2_PLACEMENT_3D('',#18536,#18537,#18538);
#18536 = CARTESIAN_POINT('',(-225.48,-124.52,0.));
#18537 = DIRECTION('',(0.,1.,0.));
#18538 = DIRECTION('',(1.,0.,0.));
#18539 = ( GEOMETRIC_REPRESENTATION_CONTEXT(3) 
GLOBAL_UNCERTAINTY_ASSIGNED_CONTEXT((#18543)) 
GLOBAL_UNIT_ASSIGNED_CONTEXT((#18540,#18541,#18542)) 
REPRESENTATION_CONTEXT('Context #1',
  '3D Context with UNIT and UNCERTAINTY') );
#18540 = ( LENGTH_UNIT() NAMED_UNIT(*) SI_UNIT(.MILLI.,.METRE.) );
#18541 = ( NAMED_UNIT(*) PLANE_ANGLE_UNIT() SI_UNIT($,.RADIAN.) );
#18542 = ( NAMED_UNIT(*) SI_UNIT($,.STERADIAN.) SOLID_ANGLE_UNIT() );
#18543 = UNCERTAINTY_MEASURE_WITH_UNIT(LENGTH_MEASURE(1.E-07),#18540,
  'distance_accuracy_value','confusion accuracy');
#18544 = SHAPE_REPRESENTATION_RELATIONSHIP('','',#18545,#18223);
#18545 = ADVANCED_BREP_SHAPE_REPRESENTATION('',(#11,#18546),#18832);
#18546 = MANIFOLD_SOLID_BREP('',#18547);
#18547 = CLOSED_SHELL('',(#18548,#18588,#18653,#18677,#18735,#18752,
    #18764,#18786,#18803,#18820));
#18548 = ADVANCED_FACE('',(#18549),#18583,.T.);
#18549 = FACE_BOUND('',#18550,.T.);
#18550 = EDGE_LOOP('',(#18551,#18561,#18569,#18577));
#18551 = ORIENTED_EDGE('',*,*,#18552,.F.);
#18552 = EDGE_CURVE('',#18553,#18555,#18557,.T.);
#18553 = VERTEX_POINT('',#18554);
#18554 = CARTESIAN_POINT('',(175.,-175.,0.));
#18555 = VERTEX_POINT('',#18556);
#18556 = CARTESIAN_POINT('',(175.,-115.,0.));
#18557 = LINE('',#18558,#18559);
#18558 = CARTESIAN_POINT('',(175.,-175.,0.));
#18559 = VECTOR('',#18560,1.);
#18560 = DIRECTION('',(0.,1.,0.));
#18561 = ORIENTED_EDGE('',*,*,#18562,.T.);
#18562 = EDGE_CURVE('',#18553,#18563,#18565,.T.);
#18563 = VERTEX_POINT('',#18564);
#18564 = CARTESIAN_POINT('',(175.,-175.,1.7E+03));
#18565 = LINE('',#18566,#18567);
#18566 = CARTESIAN_POINT('',(175.,-175.,0.));
#18567 = VECTOR('',#18568,1.);
#18568 = DIRECTION('',(0.,0.,1.));
#18569 = ORIENTED_EDGE('',*,*,#18570,.T.);
#18570 = EDGE_CURVE('',#18563,#18571,#18573,.T.);
#18571 = VERTEX_POINT('',#18572);
#18572 = CARTESIAN_POINT('',(175.,-115.,1.7E+03));
#18573 = LINE('',#18574,#18575);
#18574 = CARTESIAN_POINT('',(175.,-87.78156552794,1.7E+03));
#18575 = VECTOR('',#18576,1.);
#18576 = DIRECTION('',(0.,1.,0.));
#18577 = ORIENTED_EDGE('',*,*,#18578,.F.);
#18578 = EDGE_CURVE('',#18555,#18571,#18579,.T.);
#18579 = LINE('',#18580,#18581);
#18580 = CARTESIAN_POINT('',(175.,-115.,0.));
#18581 = VECTOR('',#18582,1.);
#18582 = DIRECTION('',(0.,0.,1.));
#18583 = PLANE('',#18584);
#18584 = AXIS2_PLACEMENT_3D('',#18585,#18586,#18587);
#18585 = CARTESIAN_POINT('',(175.,-175.,0.));
#18586 = DIRECTION('',(-1.,0.,0.));
#18587 = DIRECTION('',(0.,1.,0.));
#18588 = ADVANCED_FACE('',(#18589,#18614),#18648,.F.);
#18589 = FACE_BOUND('',#18590,.T.);
#18590 = EDGE_LOOP('',(#18591,#18592,#18600,#18608));
#18591 = ORIENTED_EDGE('',*,*,#18552,.T.);
#18592 = ORIENTED_EDGE('',*,*,#18593,.T.);
#18593 = EDGE_CURVE('',#18555,#18594,#18596,.T.);
#18594 = VERTEX_POINT('',#18595);
#18595 = CARTESIAN_POINT('',(235.,-115.,0.));
#18596 = LINE('',#18597,#18598);
#18597 = CARTESIAN_POINT('',(175.,-115.,0.));
#18598 = VECTOR('',#18599,1.);
#18599 = DIRECTION('',(1.,0.,0.));
#18600 = ORIENTED_EDGE('',*,*,#18601,.T.);
#18601 = EDGE_CURVE('',#18594,#18602,#18604,.T.);
#18602 = VERTEX_POINT('',#18603);
#18603 = CARTESIAN_POINT('',(235.,-175.,0.));
#18604 = LINE('',#18605,#18606);
#18605 = CARTESIAN_POINT('',(235.,-115.,0.));
#18606 = VECTOR('',#18607,1.);
#18607 = DIRECTION('',(0.,-1.,0.));
#18608 = ORIENTED_EDGE('',*,*,#18609,.T.);
#18609 = EDGE_CURVE('',#18602,#18553,#18610,.T.);
#18610 = LINE('',#18611,#18612);
#18611 = CARTESIAN_POINT('',(235.,-175.,0.));
#18612 = VECTOR('',#18613,1.);
#18613 = DIRECTION('',(-1.,0.,0.));
#18614 = FACE_BOUND('',#18615,.F.);
#18615 = EDGE_LOOP('',(#18616,#18626,#18634,#18642));
#18616 = ORIENTED_EDGE('',*,*,#18617,.T.);
#18617 = EDGE_CURVE('',#18618,#18620,#18622,.T.);
#18618 = VERTEX_POINT('',#18619);
#18619 = CARTESIAN_POINT('',(225.48,-165.48,0.));
#18620 = VERTEX_POINT('',#18621);
#18621 = CARTESIAN_POINT('',(184.52,-165.48,0.));
#18622 = LINE('',#18623,#18624);
#18623 = CARTESIAN_POINT('',(225.48,-165.48,0.));
#18624 = VECTOR('',#18625,1.);
#18625 = DIRECTION('',(-1.,0.,0.));
#18626 = ORIENTED_EDGE('',*,*,#18627,.T.);
#18627 = EDGE_CURVE('',#18620,#18628,#18630,.T.);
#18628 = VERTEX_POINT('',#18629);
#18629 = CARTESIAN_POINT('',(184.52,-124.52,0.));
#18630 = LINE('',#18631,#18632);
#18631 = CARTESIAN_POINT('',(184.52,-165.48,0.));
#18632 = VECTOR('',#18633,1.);
#18633 = DIRECTION('',(0.,1.,0.));
#18634 = ORIENTED_EDGE('',*,*,#18635,.T.);
#18635 = EDGE_CURVE('',#18628,#18636,#18638,.T.);
#18636 = VERTEX_POINT('',#18637);
#18637 = CARTESIAN_POINT('',(225.48,-124.52,0.));
#18638 = LINE('',#18639,#18640);
#18639 = CARTESIAN_POINT('',(184.52,-124.52,0.));
#18640 = VECTOR('',#18641,1.);
#18641 = DIRECTION('',(1.,0.,0.));
#18642 = ORIENTED_EDGE('',*,*,#18643,.T.);
#18643 = EDGE_CURVE('',#18636,#18618,#18644,.T.);
#18644 = LINE('',#18645,#18646);
#18645 = CARTESIAN_POINT('',(225.48,-124.52,0.));
#18646 = VECTOR('',#18647,1.);
#18647 = DIRECTION('',(0.,-1.,0.));
#18648 = PLANE('',#18649);
#18649 = AXIS2_PLACEMENT_3D('',#18650,#18651,#18652);
#18650 = CARTESIAN_POINT('',(6.756E-14,-145.,0.));
#18651 = DIRECTION('',(0.,0.,1.));
#18652 = DIRECTION('',(1.,0.,0.));
#18653 = ADVANCED_FACE('',(#18654),#18672,.T.);
#18654 = FACE_BOUND('',#18655,.T.);
#18655 = EDGE_LOOP('',(#18656,#18657,#18658,#18666));
#18656 = ORIENTED_EDGE('',*,*,#18593,.F.);
#18657 = ORIENTED_EDGE('',*,*,#18578,.T.);
#18658 = ORIENTED_EDGE('',*,*,#18659,.T.);
#18659 = EDGE_CURVE('',#18571,#18660,#18662,.T.);
#18660 = VERTEX_POINT('',#18661);
#18661 = CARTESIAN_POINT('',(235.,-115.,1.7E+03));
#18662 = LINE('',#18663,#18664);
#18663 = CARTESIAN_POINT('',(87.5,-115.,1.7E+03));
#18664 = VECTOR('',#18665,1.);
#18665 = DIRECTION('',(1.,0.,0.));
#18666 = ORIENTED_EDGE('',*,*,#18667,.F.);
#18667 = EDGE_CURVE('',#18594,#18660,#18668,.T.);
#18668 = LINE('',#18669,#18670);
#18669 = CARTESIAN_POINT('',(235.,-115.,0.));
#18670 = VECTOR('',#18671,1.);
#18671 = DIRECTION('',(0.,0.,1.));
#18672 = PLANE('',#18673);
#18673 = AXIS2_PLACEMENT_3D('',#18674,#18675,#18676);
#18674 = CARTESIAN_POINT('',(175.,-115.,0.));
#18675 = DIRECTION('',(0.,1.,0.));
#18676 = DIRECTION('',(1.,0.,0.));
#18677 = ADVANCED_FACE('',(#18678,#18696),#18730,.T.);
#18678 = FACE_BOUND('',#18679,.T.);
#18679 = EDGE_LOOP('',(#18680,#18681,#18689,#18695));
#18680 = ORIENTED_EDGE('',*,*,#18570,.F.);
#18681 = ORIENTED_EDGE('',*,*,#18682,.F.);
#18682 = EDGE_CURVE('',#18683,#18563,#18685,.T.);
#18683 = VERTEX_POINT('',#18684);
#18684 = CARTESIAN_POINT('',(235.,-175.,1.7E+03));
#18685 = LINE('',#18686,#18687);
#18686 = CARTESIAN_POINT('',(117.5,-175.,1.7E+03));
#18687 = VECTOR('',#18688,1.);
#18688 = DIRECTION('',(-1.,0.,0.));
#18689 = ORIENTED_EDGE('',*,*,#18690,.F.);
#18690 = EDGE_CURVE('',#18660,#18683,#18691,.T.);
#18691 = LINE('',#18692,#18693);
#18692 = CARTESIAN_POINT('',(235.,-57.78156552794,1.7E+03));
#18693 = VECTOR('',#18694,1.);
#18694 = DIRECTION('',(0.,-1.,0.));
#18695 = ORIENTED_EDGE('',*,*,#18659,.F.);
#18696 = FACE_BOUND('',#18697,.T.);
#18697 = EDGE_LOOP('',(#18698,#18708,#18716,#18724));
#18698 = ORIENTED_EDGE('',*,*,#18699,.T.);
#18699 = EDGE_CURVE('',#18700,#18702,#18704,.T.);
#18700 = VERTEX_POINT('',#18701);
#18701 = CARTESIAN_POINT('',(225.48,-124.52,1.7E+03));
#18702 = VERTEX_POINT('',#18703);
#18703 = CARTESIAN_POINT('',(225.48,-165.48,1.7E+03));
#18704 = LINE('',#18705,#18706);
#18705 = CARTESIAN_POINT('',(225.48,-62.54156552794,1.7E+03));
#18706 = VECTOR('',#18707,1.);
#18707 = DIRECTION('',(0.,-1.,0.));
#18708 = ORIENTED_EDGE('',*,*,#18709,.T.);
#18709 = EDGE_CURVE('',#18702,#18710,#18712,.T.);
#18710 = VERTEX_POINT('',#18711);
#18711 = CARTESIAN_POINT('',(184.52,-165.48,1.7E+03));
#18712 = LINE('',#18713,#18714);
#18713 = CARTESIAN_POINT('',(112.74,-165.48,1.7E+03));
#18714 = VECTOR('',#18715,1.);
#18715 = DIRECTION('',(-1.,0.,0.));
#18716 = ORIENTED_EDGE('',*,*,#18717,.T.);
#18717 = EDGE_CURVE('',#18710,#18718,#18720,.T.);
#18718 = VERTEX_POINT('',#18719);
#18719 = CARTESIAN_POINT('',(184.52,-124.52,1.7E+03));
#18720 = LINE('',#18721,#18722);
#18721 = CARTESIAN_POINT('',(184.52,-83.02156552794,1.7E+03));
#18722 = VECTOR('',#18723,1.);
#18723 = DIRECTION('',(0.,1.,0.));
#18724 = ORIENTED_EDGE('',*,*,#18725,.T.);
#18725 = EDGE_CURVE('',#18718,#18700,#18726,.T.);
#18726 = LINE('',#18727,#18728);
#18727 = CARTESIAN_POINT('',(92.26,-124.52,1.7E+03));
#18728 = VECTOR('',#18729,1.);
#18729 = DIRECTION('',(1.,0.,0.));
#18730 = PLANE('',#18731);
#18731 = AXIS2_PLACEMENT_3D('',#18732,#18733,#18734);
#18732 = CARTESIAN_POINT('',(-4.2E-16,-0.563131055882,1.7E+03));
#18733 = DIRECTION('',(0.,0.,1.));
#18734 = DIRECTION('',(1.,0.,-0.));
#18735 = ADVANCED_FACE('',(#18736),#18747,.T.);
#18736 = FACE_BOUND('',#18737,.T.);
#18737 = EDGE_LOOP('',(#18738,#18739,#18745,#18746));
#18738 = ORIENTED_EDGE('',*,*,#18609,.F.);
#18739 = ORIENTED_EDGE('',*,*,#18740,.T.);
#18740 = EDGE_CURVE('',#18602,#18683,#18741,.T.);
#18741 = LINE('',#18742,#18743);
#18742 = CARTESIAN_POINT('',(235.,-175.,0.));
#18743 = VECTOR('',#18744,1.);
#18744 = DIRECTION('',(0.,0.,1.));
#18745 = ORIENTED_EDGE('',*,*,#18682,.T.);
#18746 = ORIENTED_EDGE('',*,*,#18562,.F.);
#18747 = PLANE('',#18748);
#18748 = AXIS2_PLACEMENT_3D('',#18749,#18750,#18751);
#18749 = CARTESIAN_POINT('',(235.,-175.,0.));
#18750 = DIRECTION('',(-0.,-1.,-0.));
#18751 = DIRECTION('',(-1.,0.,0.));
#18752 = ADVANCED_FACE('',(#18753),#18759,.T.);
#18753 = FACE_BOUND('',#18754,.T.);
#18754 = EDGE_LOOP('',(#18755,#18756,#18757,#18758));
#18755 = ORIENTED_EDGE('',*,*,#18601,.F.);
#18756 = ORIENTED_EDGE('',*,*,#18667,.T.);
#18757 = ORIENTED_EDGE('',*,*,#18690,.T.);
#18758 = ORIENTED_EDGE('',*,*,#18740,.F.);
#18759 = PLANE('',#18760);
#18760 = AXIS2_PLACEMENT_3D('',#18761,#18762,#18763);
#18761 = CARTESIAN_POINT('',(235.,-115.,0.));
#18762 = DIRECTION('',(1.,0.,0.));
#18763 = DIRECTION('',(0.,-1.,0.));
#18764 = ADVANCED_FACE('',(#18765),#18781,.F.);
#18765 = FACE_BOUND('',#18766,.F.);
#18766 = EDGE_LOOP('',(#18767,#18768,#18774,#18775));
#18767 = ORIENTED_EDGE('',*,*,#18617,.F.);
#18768 = ORIENTED_EDGE('',*,*,#18769,.T.);
#18769 = EDGE_CURVE('',#18618,#18702,#18770,.T.);
#18770 = LINE('',#18771,#18772);
#18771 = CARTESIAN_POINT('',(225.48,-165.48,0.));
#18772 = VECTOR('',#18773,1.);
#18773 = DIRECTION('',(0.,0.,1.));
#18774 = ORIENTED_EDGE('',*,*,#18709,.T.);
#18775 = ORIENTED_EDGE('',*,*,#18776,.F.);
#18776 = EDGE_CURVE('',#18620,#18710,#18777,.T.);
#18777 = LINE('',#18778,#18779);
#18778 = CARTESIAN_POINT('',(184.52,-165.48,0.));
#18779 = VECTOR('',#18780,1.);
#18780 = DIRECTION('',(0.,0.,1.));
#18781 = PLANE('',#18782);
#18782 = AXIS2_PLACEMENT_3D('',#18783,#18784,#18785);
#18783 = CARTESIAN_POINT('',(225.48,-165.48,0.));
#18784 = DIRECTION('',(-0.,-1.,-0.));
#18785 = DIRECTION('',(-1.,0.,0.));
#18786 = ADVANCED_FACE('',(#18787),#18798,.F.);
#18787 = FACE_BOUND('',#18788,.F.);
#18788 = EDGE_LOOP('',(#18789,#18790,#18791,#18792));
#18789 = ORIENTED_EDGE('',*,*,#18627,.F.);
#18790 = ORIENTED_EDGE('',*,*,#18776,.T.);
#18791 = ORIENTED_EDGE('',*,*,#18717,.T.);
#18792 = ORIENTED_EDGE('',*,*,#18793,.F.);
#18793 = EDGE_CURVE('',#18628,#18718,#18794,.T.);
#18794 = LINE('',#18795,#18796);
#18795 = CARTESIAN_POINT('',(184.52,-124.52,0.));
#18796 = VECTOR('',#18797,1.);
#18797 = DIRECTION('',(0.,0.,1.));
#18798 = PLANE('',#18799);
#18799 = AXIS2_PLACEMENT_3D('',#18800,#18801,#18802);
#18800 = CARTESIAN_POINT('',(184.52,-165.48,0.));
#18801 = DIRECTION('',(-1.,0.,0.));
#18802 = DIRECTION('',(0.,1.,0.));
#18803 = ADVANCED_FACE('',(#18804),#18815,.F.);
#18804 = FACE_BOUND('',#18805,.F.);
#18805 = EDGE_LOOP('',(#18806,#18807,#18808,#18809));
#18806 = ORIENTED_EDGE('',*,*,#18635,.F.);
#18807 = ORIENTED_EDGE('',*,*,#18793,.T.);
#18808 = ORIENTED_EDGE('',*,*,#18725,.T.);
#18809 = ORIENTED_EDGE('',*,*,#18810,.F.);
#18810 = EDGE_CURVE('',#18636,#18700,#18811,.T.);
#18811 = LINE('',#18812,#18813);
#18812 = CARTESIAN_POINT('',(225.48,-124.52,0.));
#18813 = VECTOR('',#18814,1.);
#18814 = DIRECTION('',(0.,0.,1.));
#18815 = PLANE('',#18816);
#18816 = AXIS2_PLACEMENT_3D('',#18817,#18818,#18819);
#18817 = CARTESIAN_POINT('',(184.52,-124.52,0.));
#18818 = DIRECTION('',(0.,1.,0.));
#18819 = DIRECTION('',(1.,0.,0.));
#18820 = ADVANCED_FACE('',(#18821),#18827,.F.);
#18821 = FACE_BOUND('',#18822,.F.);
#18822 = EDGE_LOOP('',(#18823,#18824,#18825,#18826));
#18823 = ORIENTED_EDGE('',*,*,#18643,.F.);
#18824 = ORIENTED_EDGE('',*,*,#18810,.T.);
#18825 = ORIENTED_EDGE('',*,*,#18699,.T.);
#18826 = ORIENTED_EDGE('',*,*,#18769,.F.);
#18827 = PLANE('',#18828);
#18828 = AXIS2_PLACEMENT_3D('',#18829,#18830,#18831);
#18829 = CARTESIAN_POINT('',(225.48,-124.52,0.));
#18830 = DIRECTION('',(1.,0.,0.));
#18831 = DIRECTION('',(0.,-1.,0.));
#18832 = ( GEOMETRIC_REPRESENTATION_CONTEXT(3) 
GLOBAL_UNCERTAINTY_ASSIGNED_CONTEXT((#18836)) 
GLOBAL_UNIT_ASSIGNED_CONTEXT((#18833,#18834,#18835)) 
REPRESENTATION_CONTEXT('Context #1',
  '3D Context with UNIT and UNCERTAINTY') );
#18833 = ( LENGTH_UNIT() NAMED_UNIT(*) SI_UNIT(.MILLI.,.METRE.) );
#18834 = ( NAMED_UNIT(*) PLANE_ANGLE_UNIT() SI_UNIT($,.RADIAN.) );
#18835 = ( NAMED_UNIT(*) SI_UNIT($,.STERADIAN.) SOLID_ANGLE_UNIT() );
#18836 = UNCERTAINTY_MEASURE_WITH_UNIT(LENGTH_MEASURE(1.E-07),#18833,
  'distance_accuracy_value','confusion accuracy');
#18837 = SHAPE_DEFINITION_REPRESENTATION(#18838,#18844);
#18838 = PRODUCT_DEFINITION_SHAPE('','',#18839);
#18839 = PRODUCT_DEFINITION('design','',#18840,#18843);
#18840 = PRODUCT_DEFINITION_FORMATION_WITH_SPECIFIED_SOURCE('','',#18841
  ,.NOT_KNOWN.);
#18841 = PRODUCT('reforco_lateral','reforco_lateral','',(#18842));
#18842 = MECHANICAL_CONTEXT('',#2,'mechanical');
#18843 = DESIGN_CONTEXT('',#2,'design');
#18844 = SHAPE_REPRESENTATION('',(#11),#18845);
#18845 = ( GEOMETRIC_REPRESENTATION_CONTEXT(3) 
GLOBAL_UNCERTAINTY_ASSIGNED_CONTEXT((#18849)) 
GLOBAL_UNIT_ASSIGNED_CONTEXT((#18846,#18847,#18848)) 
REPRESENTATION_CONTEXT('Context #1',
  '3D Context with UNIT and UNCERTAINTY') );
#18846 = ( LENGTH_UNIT() NAMED_UNIT(*) SI_UNIT(.MILLI.,.METRE.) );
#18847 = ( NAMED_UNIT(*) PLANE_ANGLE_UNIT() SI_UNIT($,.RADIAN.) );
#18848 = ( NAMED_UNIT(*) SI_UNIT($,.STERADIAN.) SOLID_ANGLE_UNIT() );
#18849 = UNCERTAINTY_MEASURE_WITH_UNIT(LENGTH_MEASURE(1.E-07),#18846,
  'distance_accuracy_value','confusion accuracy');
#18850 = CONTEXT_DEPENDENT_SHAPE_REPRESENTATION(#18851,#18853);
#18851 = ( REPRESENTATION_RELATIONSHIP('','',#18844,#17408) 
REPRESENTATION_RELATIONSHIP_WITH_TRANSFORMATION(#18852) 
SHAPE_REPRESENTATION_RELATIONSHIP() );
#18852 = ITEM_DEFINED_TRANSFORMATION('','',#11,#17421);
#18853 = PRODUCT_DEFINITION_SHAPE('Placement','Placement of an item',
  #18854);
#18854 = NEXT_ASSEMBLY_USAGE_OCCURRENCE('35','reforco_lateral','',#17403
  ,#18839,$);
#18855 = CC_DESIGN_SECURITY_CLASSIFICATION(#18856,(#18854));
#18856 = SECURITY_CLASSIFICATION('','',#55);
#18857 = CC_DESIGN_PERSON_AND_ORGANIZATION_ASSIGNMENT(#44,#53,(#18856));
#18858 = CC_DESIGN_DATE_AND_TIME_ASSIGNMENT(#58,#64,(#18856));
#18859 = CC_DESIGN_APPROVAL(#66,(#18856));
#18860 = PRODUCT_RELATED_PRODUCT_CATEGORY('detail',$,(#18841));
#18861 = PRODUCT_CATEGORY_RELATIONSHIP('','',#18862,#18860);
#18862 = PRODUCT_CATEGORY('part',$);
#18863 = CC_DESIGN_PERSON_AND_ORGANIZATION_ASSIGNMENT(#44,#47,(#18840,
    #18839));
#18864 = CC_DESIGN_PERSON_AND_ORGANIZATION_ASSIGNMENT(#44,#49,(#18841));
#18865 = CC_DESIGN_PERSON_AND_ORGANIZATION_ASSIGNMENT(#44,#51,(#18840));
#18866 = CC_DESIGN_PERSON_AND_ORGANIZATION_ASSIGNMENT(#44,#53,(#18867));
#18867 = SECURITY_CLASSIFICATION('','',#55);
#18868 = CC_DESIGN_SECURITY_CLASSIFICATION(#18867,(#18840));
#18869 = CC_DESIGN_DATE_AND_TIME_ASSIGNMENT(#58,#62,(#18839));
#18870 = CC_DESIGN_DATE_AND_TIME_ASSIGNMENT(#58,#64,(#18867));
#18871 = CC_DESIGN_APPROVAL(#66,(#18840,#18839,#18867));
#18872 = SHAPE_REPRESENTATION_RELATIONSHIP('','',#18873,#18844);
#18873 = ADVANCED_BREP_SHAPE_REPRESENTATION('',(#11,#18874),#19024);
#18874 = MANIFOLD_SOLID_BREP('',#18875);
#18875 = CLOSED_SHELL('',(#18876,#18916,#18947,#18971,#18995,#19012));
#18876 = ADVANCED_FACE('',(#18877),#18911,.T.);
#18877 = FACE_BOUND('',#18878,.T.);
#18878 = EDGE_LOOP('',(#18879,#18889,#18897,#18905));
#18879 = ORIENTED_EDGE('',*,*,#18880,.F.);
#18880 = EDGE_CURVE('',#18881,#18883,#18885,.T.);
#18881 = VERTEX_POINT('',#18882);
#18882 = CARTESIAN_POINT('',(175.,175.,0.));
#18883 = VERTEX_POINT('',#18884);
#18884 = CARTESIAN_POINT('',(184.52,175.,0.));
#18885 = LINE('',#18886,#18887);
#18886 = CARTESIAN_POINT('',(175.,175.,0.));
#18887 = VECTOR('',#18888,1.);
#18888 = DIRECTION('',(1.,0.,0.));
#18889 = ORIENTED_EDGE('',*,*,#18890,.T.);
#18890 = EDGE_CURVE('',#18881,#18891,#18893,.T.);
#18891 = VERTEX_POINT('',#18892);
#18892 = CARTESIAN_POINT('',(175.,175.,1.7E+03));
#18893 = LINE('',#18894,#18895);
#18894 = CARTESIAN_POINT('',(175.,175.,0.));
#18895 = VECTOR('',#18896,1.);
#18896 = DIRECTION('',(0.,0.,1.));
#18897 = ORIENTED_EDGE('',*,*,#18898,.T.);
#18898 = EDGE_CURVE('',#18891,#18899,#18901,.T.);
#18899 = VERTEX_POINT('',#18900);
#18900 = CARTESIAN_POINT('',(184.52,175.,1.7E+03));
#18901 = LINE('',#18902,#18903);
#18902 = CARTESIAN_POINT('',(87.5,175.,1.7E+03));
#18903 = VECTOR('',#18904,1.);
#18904 = DIRECTION('',(1.,0.,0.));
#18905 = ORIENTED_EDGE('',*,*,#18906,.F.);
#18906 = EDGE_CURVE('',#18883,#18899,#18907,.T.);
#18907 = LINE('',#18908,#18909);
#18908 = CARTESIAN_POINT('',(184.52,175.,0.));
#18909 = VECTOR('',#18910,1.);
#18910 = DIRECTION('',(0.,0.,1.));
#18911 = PLANE('',#18912);
#18912 = AXIS2_PLACEMENT_3D('',#18913,#18914,#18915);
#18913 = CARTESIAN_POINT('',(175.,175.,0.));
#18914 = DIRECTION('',(0.,1.,0.));
#18915 = DIRECTION('',(1.,0.,0.));
#18916 = ADVANCED_FACE('',(#18917),#18942,.F.);
#18917 = FACE_BOUND('',#18918,.T.);
#18918 = EDGE_LOOP('',(#18919,#18920,#18928,#18936));
#18919 = ORIENTED_EDGE('',*,*,#18880,.T.);
#18920 = ORIENTED_EDGE('',*,*,#18921,.T.);
#18921 = EDGE_CURVE('',#18883,#18922,#18924,.T.);
#18922 = VERTEX_POINT('',#18923);
#18923 = CARTESIAN_POINT('',(184.52,90.,0.));
#18924 = LINE('',#18925,#18926);
#18925 = CARTESIAN_POINT('',(184.52,175.,0.));
#18926 = VECTOR('',#18927,1.);
#18927 = DIRECTION('',(0.,-1.,0.));
#18928 = ORIENTED_EDGE('',*,*,#18929,.T.);
#18929 = EDGE_CURVE('',#18922,#18930,#18932,.T.);
#18930 = VERTEX_POINT('',#18931);
#18931 = CARTESIAN_POINT('',(175.,90.,0.));
#18932 = LINE('',#18933,#18934);
#18933 = CARTESIAN_POINT('',(184.52,90.,0.));
#18934 = VECTOR('',#18935,1.);
#18935 = DIRECTION('',(-1.,0.,0.));
#18936 = ORIENTED_EDGE('',*,*,#18937,.T.);
#18937 = EDGE_CURVE('',#18930,#18881,#18938,.T.);
#18938 = LINE('',#18939,#18940);
#18939 = CARTESIAN_POINT('',(175.,90.,0.));
#18940 = VECTOR('',#18941,1.);
#18941 = DIRECTION('',(0.,1.,0.));
#18942 = PLANE('',#18943);
#18943 = AXIS2_PLACEMENT_3D('',#18944,#18945,#18946);
#18944 = CARTESIAN_POINT('',(6.92E-15,132.5,0.));
#18945 = DIRECTION('',(0.,0.,1.));
#18946 = DIRECTION('',(1.,0.,0.));
#18947 = ADVANCED_FACE('',(#18948),#18966,.T.);
#18948 = FACE_BOUND('',#18949,.T.);
#18949 = EDGE_LOOP('',(#18950,#18951,#18952,#18960));
#18950 = ORIENTED_EDGE('',*,*,#18921,.F.);
#18951 = ORIENTED_EDGE('',*,*,#18906,.T.);
#18952 = ORIENTED_EDGE('',*,*,#18953,.T.);
#18953 = EDGE_CURVE('',#18899,#18954,#18956,.T.);
#18954 = VERTEX_POINT('',#18955);
#18955 = CARTESIAN_POINT('',(184.52,90.,1.7E+03));
#18956 = LINE('',#18957,#18958);
#18957 = CARTESIAN_POINT('',(184.52,87.218434472059,1.7E+03));
#18958 = VECTOR('',#18959,1.);
#18959 = DIRECTION('',(0.,-1.,0.));
#18960 = ORIENTED_EDGE('',*,*,#18961,.F.);
#18961 = EDGE_CURVE('',#18922,#18954,#18962,.T.);
#18962 = LINE('',#18963,#18964);
#18963 = CARTESIAN_POINT('',(184.52,90.,0.));
#18964 = VECTOR('',#18965,1.);
#18965 = DIRECTION('',(0.,0.,1.));
#18966 = PLANE('',#18967);
#18967 = AXIS2_PLACEMENT_3D('',#18968,#18969,#18970);
#18968 = CARTESIAN_POINT('',(184.52,175.,0.));
#18969 = DIRECTION('',(1.,0.,0.));
#18970 = DIRECTION('',(0.,-1.,0.));
#18971 = ADVANCED_FACE('',(#18972),#18990,.T.);
#18972 = FACE_BOUND('',#18973,.T.);
#18973 = EDGE_LOOP('',(#18974,#18975,#18983,#18989));
#18974 = ORIENTED_EDGE('',*,*,#18898,.F.);
#18975 = ORIENTED_EDGE('',*,*,#18976,.F.);
#18976 = EDGE_CURVE('',#18977,#18891,#18979,.T.);
#18977 = VERTEX_POINT('',#18978);
#18978 = CARTESIAN_POINT('',(175.,90.,1.7E+03));
#18979 = LINE('',#18980,#18981);
#18980 = CARTESIAN_POINT('',(175.,44.718434472059,1.7E+03));
#18981 = VECTOR('',#18982,1.);
#18982 = DIRECTION('',(0.,1.,0.));
#18983 = ORIENTED_EDGE('',*,*,#18984,.F.);
#18984 = EDGE_CURVE('',#18954,#18977,#18985,.T.);
#18985 = LINE('',#18986,#18987);
#18986 = CARTESIAN_POINT('',(92.26,90.,1.7E+03));
#18987 = VECTOR('',#18988,1.);
#18988 = DIRECTION('',(-1.,0.,0.));
#18989 = ORIENTED_EDGE('',*,*,#18953,.F.);
#18990 = PLANE('',#18991);
#18991 = AXIS2_PLACEMENT_3D('',#18992,#18993,#18994);
#18992 = CARTESIAN_POINT('',(-4.2E-16,-0.563131055882,1.7E+03));
#18993 = DIRECTION('',(0.,0.,1.));
#18994 = DIRECTION('',(1.,0.,-0.));
#18995 = ADVANCED_FACE('',(#18996),#19007,.T.);
#18996 = FACE_BOUND('',#18997,.T.);
#18997 = EDGE_LOOP('',(#18998,#18999,#19005,#19006));
#18998 = ORIENTED_EDGE('',*,*,#18937,.F.);
#18999 = ORIENTED_EDGE('',*,*,#19000,.T.);
#19000 = EDGE_CURVE('',#18930,#18977,#19001,.T.);
#19001 = LINE('',#19002,#19003);
#19002 = CARTESIAN_POINT('',(175.,90.,0.));
#19003 = VECTOR('',#19004,1.);
#19004 = DIRECTION('',(0.,0.,1.));
#19005 = ORIENTED_EDGE('',*,*,#18976,.T.);
#19006 = ORIENTED_EDGE('',*,*,#18890,.F.);
#19007 = PLANE('',#19008);
#19008 = AXIS2_PLACEMENT_3D('',#19009,#19010,#19011);
#19009 = CARTESIAN_POINT('',(175.,90.,0.));
#19010 = DIRECTION('',(-1.,0.,0.));
#19011 = DIRECTION('',(0.,1.,0.));
#19012 = ADVANCED_FACE('',(#19013),#19019,.T.);
#19013 = FACE_BOUND('',#19014,.T.);
#19014 = EDGE_LOOP('',(#19015,#19016,#19017,#19018));
#19015 = ORIENTED_EDGE('',*,*,#18929,.F.);
#19016 = ORIENTED_EDGE('',*,*,#18961,.T.);
#19017 = ORIENTED_EDGE('',*,*,#18984,.T.);
#19018 = ORIENTED_EDGE('',*,*,#19000,.F.);
#19019 = PLANE('',#19020);
#19020 = AXIS2_PLACEMENT_3D('',#19021,#19022,#19023);
#19021 = CARTESIAN_POINT('',(184.52,90.,0.));
#19022 = DIRECTION('',(-0.,-1.,-0.));
#19023 = DIRECTION('',(-1.,0.,0.));
#19024 = ( GEOMETRIC_REPRESENTATION_CONTEXT(3) 
GLOBAL_UNCERTAINTY_ASSIGNED_CONTEXT((#19028)) 
GLOBAL_UNIT_ASSIGNED_CONTEXT((#19025,#19026,#19027)) 
REPRESENTATION_CONTEXT('Context #1',
  '3D Context with UNIT and UNCERTAINTY') );
#19025 = ( LENGTH_UNIT() NAMED_UNIT(*) SI_UNIT(.MILLI.,.METRE.) );
#19026 = ( NAMED_UNIT(*) PLANE_ANGLE_UNIT() SI_UNIT($,.RADIAN.) );
#19027 = ( NAMED_UNIT(*) SI_UNIT($,.STERADIAN.) SOLID_ANGLE_UNIT() );
#19028 = UNCERTAINTY_MEASURE_WITH_UNIT(LENGTH_MEASURE(1.E-07),#19025,
  'distance_accuracy_value','confusion accuracy');
#19029 = SHAPE_REPRESENTATION_RELATIONSHIP('','',#19030,#18844);
#19030 = ADVANCED_BREP_SHAPE_REPRESENTATION('',(#11,#19031),#19181);
#19031 = MANIFOLD_SOLID_BREP('',#19032);
#19032 = CLOSED_SHELL('',(#19033,#19073,#19104,#19128,#19152,#19169));
#19033 = ADVANCED_FACE('',(#19034),#19068,.T.);
#19034 = FACE_BOUND('',#19035,.T.);
#19035 = EDGE_LOOP('',(#19036,#19046,#19054,#19062));
#19036 = ORIENTED_EDGE('',*,*,#19037,.F.);
#19037 = EDGE_CURVE('',#19038,#19040,#19042,.T.);
#19038 = VERTEX_POINT('',#19039);
#19039 = CARTESIAN_POINT('',(-175.,175.,0.));
#19040 = VERTEX_POINT('',#19041);
#19041 = CARTESIAN_POINT('',(-175.,90.,0.));
#19042 = LINE('',#19043,#19044);
#19043 = CARTESIAN_POINT('',(-175.,175.,0.));
#19044 = VECTOR('',#19045,1.);
#19045 = DIRECTION('',(0.,-1.,0.));
#19046 = ORIENTED_EDGE('',*,*,#19047,.T.);
#19047 = EDGE_CURVE('',#19038,#19048,#19050,.T.);
#19048 = VERTEX_POINT('',#19049);
#19049 = CARTESIAN_POINT('',(-175.,175.,1.7E+03));
#19050 = LINE('',#19051,#19052);
#19051 = CARTESIAN_POINT('',(-175.,175.,0.));
#19052 = VECTOR('',#19053,1.);
#19053 = DIRECTION('',(0.,0.,1.));
#19054 = ORIENTED_EDGE('',*,*,#19055,.T.);
#19055 = EDGE_CURVE('',#19048,#19056,#19058,.T.);
#19056 = VERTEX_POINT('',#19057);
#19057 = CARTESIAN_POINT('',(-175.,90.,1.7E+03));
#19058 = LINE('',#19059,#19060);
#19059 = CARTESIAN_POINT('',(-175.,87.218434472059,1.7E+03));
#19060 = VECTOR('',#19061,1.);
#19061 = DIRECTION('',(0.,-1.,0.));
#19062 = ORIENTED_EDGE('',*,*,#19063,.F.);
#19063 = EDGE_CURVE('',#19040,#19056,#19064,.T.);
#19064 = LINE('',#19065,#19066);
#19065 = CARTESIAN_POINT('',(-175.,90.,0.));
#19066 = VECTOR('',#19067,1.);
#19067 = DIRECTION('',(0.,0.,1.));
#19068 = PLANE('',#19069);
#19069 = AXIS2_PLACEMENT_3D('',#19070,#19071,#19072);
#19070 = CARTESIAN_POINT('',(-175.,175.,0.));
#19071 = DIRECTION('',(1.,0.,0.));
#19072 = DIRECTION('',(0.,-1.,0.));
#19073 = ADVANCED_FACE('',(#19074),#19099,.F.);
#19074 = FACE_BOUND('',#19075,.T.);
#19075 = EDGE_LOOP('',(#19076,#19077,#19085,#19093));
#19076 = ORIENTED_EDGE('',*,*,#19037,.T.);
#19077 = ORIENTED_EDGE('',*,*,#19078,.T.);
#19078 = EDGE_CURVE('',#19040,#19079,#19081,.T.);
#19079 = VERTEX_POINT('',#19080);
#19080 = CARTESIAN_POINT('',(-184.52,90.,0.));
#19081 = LINE('',#19082,#19083);
#19082 = CARTESIAN_POINT('',(-175.,90.,0.));
#19083 = VECTOR('',#19084,1.);
#19084 = DIRECTION('',(-1.,0.,0.));
#19085 = ORIENTED_EDGE('',*,*,#19086,.T.);
#19086 = EDGE_CURVE('',#19079,#19087,#19089,.T.);
#19087 = VERTEX_POINT('',#19088);
#19088 = CARTESIAN_POINT('',(-184.52,175.,0.));
#19089 = LINE('',#19090,#19091);
#19090 = CARTESIAN_POINT('',(-184.52,90.,0.));
#19091 = VECTOR('',#19092,1.);
#19092 = DIRECTION('',(0.,1.,0.));
#19093 = ORIENTED_EDGE('',*,*,#19094,.T.);
#19094 = EDGE_CURVE('',#19087,#19038,#19095,.T.);
#19095 = LINE('',#19096,#19097);
#19096 = CARTESIAN_POINT('',(-184.52,175.,0.));
#19097 = VECTOR('',#19098,1.);
#19098 = DIRECTION('',(1.,0.,0.));
#19099 = PLANE('',#19100);
#19100 = AXIS2_PLACEMENT_3D('',#19101,#19102,#19103);
#19101 = CARTESIAN_POINT('',(6.92E-15,132.5,0.));
#19102 = DIRECTION('',(0.,0.,1.));
#19103 = DIRECTION('',(1.,0.,0.));
#19104 = ADVANCED_FACE('',(#19105),#19123,.T.);
#19105 = FACE_BOUND('',#19106,.T.);
#19106 = EDGE_LOOP('',(#19107,#19108,#19109,#19117));
#19107 = ORIENTED_EDGE('',*,*,#19078,.F.);
#19108 = ORIENTED_EDGE('',*,*,#19063,.T.);
#19109 = ORIENTED_EDGE('',*,*,#19110,.T.);
#19110 = EDGE_CURVE('',#19056,#19111,#19113,.T.);
#19111 = VERTEX_POINT('',#19112);
#19112 = CARTESIAN_POINT('',(-184.52,90.,1.7E+03));
#19113 = LINE('',#19114,#19115);
#19114 = CARTESIAN_POINT('',(-87.5,90.,1.7E+03));
#19115 = VECTOR('',#19116,1.);
#19116 = DIRECTION('',(-1.,0.,0.));
#19117 = ORIENTED_EDGE('',*,*,#19118,.F.);
#19118 = EDGE_CURVE('',#19079,#19111,#19119,.T.);
#19119 = LINE('',#19120,#19121);
#19120 = CARTESIAN_POINT('',(-184.52,90.,0.));
#19121 = VECTOR('',#19122,1.);
#19122 = DIRECTION('',(0.,0.,1.));
#19123 = PLANE('',#19124);
#19124 = AXIS2_PLACEMENT_3D('',#19125,#19126,#19127);
#19125 = CARTESIAN_POINT('',(-175.,90.,0.));
#19126 = DIRECTION('',(-0.,-1.,-0.));
#19127 = DIRECTION('',(-1.,0.,0.));
#19128 = ADVANCED_FACE('',(#19129),#19147,.T.);
#19129 = FACE_BOUND('',#19130,.T.);
#19130 = EDGE_LOOP('',(#19131,#19132,#19140,#19146));
#19131 = ORIENTED_EDGE('',*,*,#19055,.F.);
#19132 = ORIENTED_EDGE('',*,*,#19133,.F.);
#19133 = EDGE_CURVE('',#19134,#19048,#19136,.T.);
#19134 = VERTEX_POINT('',#19135);
#19135 = CARTESIAN_POINT('',(-184.52,175.,1.7E+03));
#19136 = LINE('',#19137,#19138);
#19137 = CARTESIAN_POINT('',(-92.26,175.,1.7E+03));
#19138 = VECTOR('',#19139,1.);
#19139 = DIRECTION('',(1.,0.,0.));
#19140 = ORIENTED_EDGE('',*,*,#19141,.F.);
#19141 = EDGE_CURVE('',#19111,#19134,#19142,.T.);
#19142 = LINE('',#19143,#19144);
#19143 = CARTESIAN_POINT('',(-184.52,44.718434472059,1.7E+03));
#19144 = VECTOR('',#19145,1.);
#19145 = DIRECTION('',(0.,1.,0.));
#19146 = ORIENTED_EDGE('',*,*,#19110,.F.);
#19147 = PLANE('',#19148);
#19148 = AXIS2_PLACEMENT_3D('',#19149,#19150,#19151);
#19149 = CARTESIAN_POINT('',(-4.2E-16,-0.563131055882,1.7E+03));
#19150 = DIRECTION('',(0.,0.,1.));
#19151 = DIRECTION('',(1.,0.,-0.));
#19152 = ADVANCED_FACE('',(#19153),#19164,.T.);
#19153 = FACE_BOUND('',#19154,.T.);
#19154 = EDGE_LOOP('',(#19155,#19156,#19162,#19163));
#19155 = ORIENTED_EDGE('',*,*,#19094,.F.);
#19156 = ORIENTED_EDGE('',*,*,#19157,.T.);
#19157 = EDGE_CURVE('',#19087,#19134,#19158,.T.);
#19158 = LINE('',#19159,#19160);
#19159 = CARTESIAN_POINT('',(-184.52,175.,0.));
#19160 = VECTOR('',#19161,1.);
#19161 = DIRECTION('',(0.,0.,1.));
#19162 = ORIENTED_EDGE('',*,*,#19133,.T.);
#19163 = ORIENTED_EDGE('',*,*,#19047,.F.);
#19164 = PLANE('',#19165);
#19165 = AXIS2_PLACEMENT_3D('',#19166,#19167,#19168);
#19166 = CARTESIAN_POINT('',(-184.52,175.,0.));
#19167 = DIRECTION('',(0.,1.,0.));
#19168 = DIRECTION('',(1.,0.,0.));
#19169 = ADVANCED_FACE('',(#19170),#19176,.T.);
#19170 = FACE_BOUND('',#19171,.T.);
#19171 = EDGE_LOOP('',(#19172,#19173,#19174,#19175));
#19172 = ORIENTED_EDGE('',*,*,#19086,.F.);
#19173 = ORIENTED_EDGE('',*,*,#19118,.T.);
#19174 = ORIENTED_EDGE('',*,*,#19141,.T.);
#19175 = ORIENTED_EDGE('',*,*,#19157,.F.);
#19176 = PLANE('',#19177);
#19177 = AXIS2_PLACEMENT_3D('',#19178,#19179,#19180);
#19178 = CARTESIAN_POINT('',(-184.52,90.,0.));
#19179 = DIRECTION('',(-1.,0.,0.));
#19180 = DIRECTION('',(0.,1.,0.));
#19181 = ( GEOMETRIC_REPRESENTATION_CONTEXT(3) 
GLOBAL_UNCERTAINTY_ASSIGNED_CONTEXT((#19185)) 
GLOBAL_UNIT_ASSIGNED_CONTEXT((#19182,#19183,#19184)) 
REPRESENTATION_CONTEXT('Context #1',
  '3D Context with UNIT and UNCERTAINTY') );
#19182 = ( LENGTH_UNIT() NAMED_UNIT(*) SI_UNIT(.MILLI.,.METRE.) );
#19183 = ( NAMED_UNIT(*) PLANE_ANGLE_UNIT() SI_UNIT($,.RADIAN.) );
#19184 = ( NAMED_UNIT(*) SI_UNIT($,.STERADIAN.) SOLID_ANGLE_UNIT() );
#19185 = UNCERTAINTY_MEASURE_WITH_UNIT(LENGTH_MEASURE(1.E-07),#19182,
  'distance_accuracy_value','confusion accuracy');
#19186 = SHAPE_DEFINITION_REPRESENTATION(#19187,#19193);
#19187 = PRODUCT_DEFINITION_SHAPE('','',#19188);
#19188 = PRODUCT_DEFINITION('design','',#19189,#19192);
#19189 = PRODUCT_DEFINITION_FORMATION_WITH_SPECIFIED_SOURCE('','',#19190
  ,.NOT_KNOWN.);
#19190 = PRODUCT('flange','flange','',(#19191));
#19191 = MECHANICAL_CONTEXT('',#2,'mechanical');
#19192 = DESIGN_CONTEXT('',#2,'design');
#19193 = ADVANCED_BREP_SHAPE_REPRESENTATION('',(#11,#19194),#20183);
#19194 = MANIFOLD_SOLID_BREP('',#19195);
#19195 = CLOSED_SHELL('',(#19196,#19236,#19267,#19298,#19329,#19360,
    #19393,#19424,#19457,#19488,#19521,#19552,#19585,#19616,#19647,
    #19669,#19702,#19735,#19768,#19801,#19834,#19867,#19900,#19933,
    #19966,#19999,#20032,#20065,#20124));
#19196 = ADVANCED_FACE('',(#19197),#19231,.F.);
#19197 = FACE_BOUND('',#19198,.F.);
#19198 = EDGE_LOOP('',(#19199,#19209,#19217,#19225));
#19199 = ORIENTED_EDGE('',*,*,#19200,.T.);
#19200 = EDGE_CURVE('',#19201,#19203,#19205,.T.);
#19201 = VERTEX_POINT('',#19202);
#19202 = CARTESIAN_POINT('',(235.,-175.,0.));
#19203 = VERTEX_POINT('',#19204);
#19204 = CARTESIAN_POINT('',(235.,-175.,-20.));
#19205 = LINE('',#19206,#19207);
#19206 = CARTESIAN_POINT('',(235.,-175.,0.));
#19207 = VECTOR('',#19208,1.);
#19208 = DIRECTION('',(0.,0.,-1.));
#19209 = ORIENTED_EDGE('',*,*,#19210,.T.);
#19210 = EDGE_CURVE('',#19203,#19211,#19213,.T.);
#19211 = VERTEX_POINT('',#19212);
#19212 = CARTESIAN_POINT('',(-235.,-175.,-20.));
#19213 = LINE('',#19214,#19215);
#19214 = CARTESIAN_POINT('',(235.,-175.,-20.));
#19215 = VECTOR('',#19216,1.);
#19216 = DIRECTION('',(-1.,0.,0.));
#19217 = ORIENTED_EDGE('',*,*,#19218,.F.);
#19218 = EDGE_CURVE('',#19219,#19211,#19221,.T.);
#19219 = VERTEX_POINT('',#19220);
#19220 = CARTESIAN_POINT('',(-235.,-175.,0.));
#19221 = LINE('',#19222,#19223);
#19222 = CARTESIAN_POINT('',(-235.,-175.,0.));
#19223 = VECTOR('',#19224,1.);
#19224 = DIRECTION('',(0.,0.,-1.));
#19225 = ORIENTED_EDGE('',*,*,#19226,.F.);
#19226 = EDGE_CURVE('',#19201,#19219,#19227,.T.);
#19227 = LINE('',#19228,#19229);
#19228 = CARTESIAN_POINT('',(235.,-175.,0.));
#19229 = VECTOR('',#19230,1.);
#19230 = DIRECTION('',(-1.,0.,0.));
#19231 = PLANE('',#19232);
#19232 = AXIS2_PLACEMENT_3D('',#19233,#19234,#19235);
#19233 = CARTESIAN_POINT('',(235.,-175.,0.));
#19234 = DIRECTION('',(0.,1.,0.));
#19235 = DIRECTION('',(-1.,0.,0.));
#19236 = ADVANCED_FACE('',(#19237),#19262,.F.);
#19237 = FACE_BOUND('',#19238,.F.);
#19238 = EDGE_LOOP('',(#19239,#19240,#19248,#19256));
#19239 = ORIENTED_EDGE('',*,*,#19218,.T.);
#19240 = ORIENTED_EDGE('',*,*,#19241,.T.);
#19241 = EDGE_CURVE('',#19211,#19242,#19244,.T.);
#19242 = VERTEX_POINT('',#19243);
#19243 = CARTESIAN_POINT('',(-235.,-115.,-20.));
#19244 = LINE('',#19245,#19246);
#19245 = CARTESIAN_POINT('',(-235.,-175.,-20.));
#19246 = VECTOR('',#19247,1.);
#19247 = DIRECTION('',(0.,1.,0.));
#19248 = ORIENTED_EDGE('',*,*,#19249,.F.);
#19249 = EDGE_CURVE('',#19250,#19242,#19252,.T.);
#19250 = VERTEX_POINT('',#19251);
#19251 = CARTESIAN_POINT('',(-235.,-115.,0.));
#19252 = LINE('',#19253,#19254);
#19253 = CARTESIAN_POINT('',(-235.,-115.,0.));
#19254 = VECTOR('',#19255,1.);
#19255 = DIRECTION('',(0.,0.,-1.));
#19256 = ORIENTED_EDGE('',*,*,#19257,.F.);
#19257 = EDGE_CURVE('',#19219,#19250,#19258,.T.);
#19258 = LINE('',#19259,#19260);
#19259 = CARTESIAN_POINT('',(-235.,-175.,0.));
#19260 = VECTOR('',#19261,1.);
#19261 = DIRECTION('',(0.,1.,0.));
#19262 = PLANE('',#19263);
#19263 = AXIS2_PLACEMENT_3D('',#19264,#19265,#19266);
#19264 = CARTESIAN_POINT('',(-235.,-175.,0.));
#19265 = DIRECTION('',(1.,0.,0.));
#19266 = DIRECTION('',(-0.,1.,0.));
#19267 = ADVANCED_FACE('',(#19268),#19293,.F.);
#19268 = FACE_BOUND('',#19269,.F.);
#19269 = EDGE_LOOP('',(#19270,#19271,#19279,#19287));
#19270 = ORIENTED_EDGE('',*,*,#19249,.T.);
#19271 = ORIENTED_EDGE('',*,*,#19272,.T.);
#19272 = EDGE_CURVE('',#19242,#19273,#19275,.T.);
#19273 = VERTEX_POINT('',#19274);
#19274 = CARTESIAN_POINT('',(-175.,-115.,-20.));
#19275 = LINE('',#19276,#19277);
#19276 = CARTESIAN_POINT('',(-235.,-115.,-20.));
#19277 = VECTOR('',#19278,1.);
#19278 = DIRECTION('',(1.,0.,0.));
#19279 = ORIENTED_EDGE('',*,*,#19280,.F.);
#19280 = EDGE_CURVE('',#19281,#19273,#19283,.T.);
#19281 = VERTEX_POINT('',#19282);
#19282 = CARTESIAN_POINT('',(-175.,-115.,0.));
#19283 = LINE('',#19284,#19285);
#19284 = CARTESIAN_POINT('',(-175.,-115.,0.));
#19285 = VECTOR('',#19286,1.);
#19286 = DIRECTION('',(0.,0.,-1.));
#19287 = ORIENTED_EDGE('',*,*,#19288,.F.);
#19288 = EDGE_CURVE('',#19250,#19281,#19289,.T.);
#19289 = LINE('',#19290,#19291);
#19290 = CARTESIAN_POINT('',(-235.,-115.,0.));
#19291 = VECTOR('',#19292,1.);
#19292 = DIRECTION('',(1.,0.,0.));
#19293 = PLANE('',#19294);
#19294 = AXIS2_PLACEMENT_3D('',#19295,#19296,#19297);
#19295 = CARTESIAN_POINT('',(-235.,-115.,0.));
#19296 = DIRECTION('',(0.,-1.,0.));
#19297 = DIRECTION('',(1.,0.,0.));
#19298 = ADVANCED_FACE('',(#19299),#19324,.F.);
#19299 = FACE_BOUND('',#19300,.F.);
#19300 = EDGE_LOOP('',(#19301,#19302,#19310,#19318));
#19301 = ORIENTED_EDGE('',*,*,#19280,.T.);
#19302 = ORIENTED_EDGE('',*,*,#19303,.T.);
#19303 = EDGE_CURVE('',#19273,#19304,#19306,.T.);
#19304 = VERTEX_POINT('',#19305);
#19305 = CARTESIAN_POINT('',(-175.,-37.,-20.));
#19306 = LINE('',#19307,#19308);
#19307 = CARTESIAN_POINT('',(-175.,-115.,-20.));
#19308 = VECTOR('',#19309,1.);
#19309 = DIRECTION('',(0.,1.,0.));
#19310 = ORIENTED_EDGE('',*,*,#19311,.F.);
#19311 = EDGE_CURVE('',#19312,#19304,#19314,.T.);
#19312 = VERTEX_POINT('',#19313);
#19313 = CARTESIAN_POINT('',(-175.,-37.,0.));
#19314 = LINE('',#19315,#19316);
#19315 = CARTESIAN_POINT('',(-175.,-37.,0.));
#19316 = VECTOR('',#19317,1.);
#19317 = DIRECTION('',(0.,0.,-1.));
#19318 = ORIENTED_EDGE('',*,*,#19319,.F.);
#19319 = EDGE_CURVE('',#19281,#19312,#19320,.T.);
#19320 = LINE('',#19321,#19322);
#19321 = CARTESIAN_POINT('',(-175.,-115.,0.));
#19322 = VECTOR('',#19323,1.);
#19323 = DIRECTION('',(0.,1.,0.));
#19324 = PLANE('',#19325);
#19325 = AXIS2_PLACEMENT_3D('',#19326,#19327,#19328);
#19326 = CARTESIAN_POINT('',(-175.,-115.,0.));
#19327 = DIRECTION('',(1.,0.,0.));
#19328 = DIRECTION('',(-0.,1.,0.));
#19329 = ADVANCED_FACE('',(#19330),#19355,.F.);
#19330 = FACE_BOUND('',#19331,.F.);
#19331 = EDGE_LOOP('',(#19332,#19333,#19341,#19349));
#19332 = ORIENTED_EDGE('',*,*,#19311,.T.);
#19333 = ORIENTED_EDGE('',*,*,#19334,.T.);
#19334 = EDGE_CURVE('',#19304,#19335,#19337,.T.);
#19335 = VERTEX_POINT('',#19336);
#19336 = CARTESIAN_POINT('',(-206.5,-37.,-20.));
#19337 = LINE('',#19338,#19339);
#19338 = CARTESIAN_POINT('',(-175.,-37.,-20.));
#19339 = VECTOR('',#19340,1.);
#19340 = DIRECTION('',(-1.,0.,0.));
#19341 = ORIENTED_EDGE('',*,*,#19342,.F.);
#19342 = EDGE_CURVE('',#19343,#19335,#19345,.T.);
#19343 = VERTEX_POINT('',#19344);
#19344 = CARTESIAN_POINT('',(-206.5,-37.,0.));
#19345 = LINE('',#19346,#19347);
#19346 = CARTESIAN_POINT('',(-206.5,-37.,0.));
#19347 = VECTOR('',#19348,1.);
#19348 = DIRECTION('',(0.,0.,-1.));
#19349 = ORIENTED_EDGE('',*,*,#19350,.F.);
#19350 = EDGE_CURVE('',#19312,#19343,#19351,.T.);
#19351 = LINE('',#19352,#19353);
#19352 = CARTESIAN_POINT('',(-175.,-37.,0.));
#19353 = VECTOR('',#19354,1.);
#19354 = DIRECTION('',(-1.,0.,0.));
#19355 = PLANE('',#19356);
#19356 = AXIS2_PLACEMENT_3D('',#19357,#19358,#19359);
#19357 = CARTESIAN_POINT('',(-175.,-37.,0.));
#19358 = DIRECTION('',(0.,1.,0.));
#19359 = DIRECTION('',(-1.,0.,0.));
#19360 = ADVANCED_FACE('',(#19361),#19388,.T.);
#19361 = FACE_BOUND('',#19362,.F.);
#19362 = EDGE_LOOP('',(#19363,#19364,#19373,#19381));
#19363 = ORIENTED_EDGE('',*,*,#19342,.T.);
#19364 = ORIENTED_EDGE('',*,*,#19365,.T.);
#19365 = EDGE_CURVE('',#19335,#19366,#19368,.T.);
#19366 = VERTEX_POINT('',#19367);
#19367 = CARTESIAN_POINT('',(-225.,-18.5,-20.));
#19368 = CIRCLE('',#19369,18.5);
#19369 = AXIS2_PLACEMENT_3D('',#19370,#19371,#19372);
#19370 = CARTESIAN_POINT('',(-206.5,-18.5,-20.));
#19371 = DIRECTION('',(0.,0.,-1.));
#19372 = DIRECTION('',(1.,0.,0.));
#19373 = ORIENTED_EDGE('',*,*,#19374,.F.);
#19374 = EDGE_CURVE('',#19375,#19366,#19377,.T.);
#19375 = VERTEX_POINT('',#19376);
#19376 = CARTESIAN_POINT('',(-225.,-18.5,0.));
#19377 = LINE('',#19378,#19379);
#19378 = CARTESIAN_POINT('',(-225.,-18.5,0.));
#19379 = VECTOR('',#19380,1.);
#19380 = DIRECTION('',(0.,0.,-1.));
#19381 = ORIENTED_EDGE('',*,*,#19382,.F.);
#19382 = EDGE_CURVE('',#19343,#19375,#19383,.T.);
#19383 = CIRCLE('',#19384,18.5);
#19384 = AXIS2_PLACEMENT_3D('',#19385,#19386,#19387);
#19385 = CARTESIAN_POINT('',(-206.5,-18.5,0.));
#19386 = DIRECTION('',(0.,0.,-1.));
#19387 = DIRECTION('',(1.,0.,0.));
#19388 = CYLINDRICAL_SURFACE('',#19389,18.5);
#19389 = AXIS2_PLACEMENT_3D('',#19390,#19391,#19392);
#19390 = CARTESIAN_POINT('',(-206.5,-18.5,0.));
#19391 = DIRECTION('',(0.,0.,1.));
#19392 = DIRECTION('',(1.,0.,-0.));
#19393 = ADVANCED_FACE('',(#19394),#19419,.F.);
#19394 = FACE_BOUND('',#19395,.F.);
#19395 = EDGE_LOOP('',(#19396,#19397,#19405,#19413));
#19396 = ORIENTED_EDGE('',*,*,#19374,.T.);
#19397 = ORIENTED_EDGE('',*,*,#19398,.T.);
#19398 = EDGE_CURVE('',#19366,#19399,#19401,.T.);
#19399 = VERTEX_POINT('',#19400);
#19400 = CARTESIAN_POINT('',(-225.,118.39745962155,-20.));
#19401 = LINE('',#19402,#19403);
#19402 = CARTESIAN_POINT('',(-225.,-18.5,-20.));
#19403 = VECTOR('',#19404,1.);
#19404 = DIRECTION('',(0.,1.,0.));
#19405 = ORIENTED_EDGE('',*,*,#19406,.F.);
#19406 = EDGE_CURVE('',#19407,#19399,#19409,.T.);
#19407 = VERTEX_POINT('',#19408);
#19408 = CARTESIAN_POINT('',(-225.,118.39745962155,0.));
#19409 = LINE('',#19410,#19411);
#19410 = CARTESIAN_POINT('',(-225.,118.39745962155,0.));
#19411 = VECTOR('',#19412,1.);
#19412 = DIRECTION('',(0.,0.,-1.));
#19413 = ORIENTED_EDGE('',*,*,#19414,.F.);
#19414 = EDGE_CURVE('',#19375,#19407,#19415,.T.);
#19415 = LINE('',#19416,#19417);
#19416 = CARTESIAN_POINT('',(-225.,-18.5,0.));
#19417 = VECTOR('',#19418,1.);
#19418 = DIRECTION('',(0.,1.,0.));
#19419 = PLANE('',#19420);
#19420 = AXIS2_PLACEMENT_3D('',#19421,#19422,#19423);
#19421 = CARTESIAN_POINT('',(-225.,-18.5,0.));
#19422 = DIRECTION('',(1.,0.,0.));
#19423 = DIRECTION('',(-0.,1.,0.));
#19424 = ADVANCED_FACE('',(#19425),#19452,.T.);
#19425 = FACE_BOUND('',#19426,.F.);
#19426 = EDGE_LOOP('',(#19427,#19428,#19437,#19445));
#19427 = ORIENTED_EDGE('',*,*,#19406,.T.);
#19428 = ORIENTED_EDGE('',*,*,#19429,.T.);
#19429 = EDGE_CURVE('',#19399,#19430,#19432,.T.);
#19430 = VERTEX_POINT('',#19431);
#19431 = CARTESIAN_POINT('',(-222.3205080756,128.39745962155,-20.));
#19432 = CIRCLE('',#19433,20.);
#19433 = AXIS2_PLACEMENT_3D('',#19434,#19435,#19436);
#19434 = CARTESIAN_POINT('',(-205.,118.39745962155,-20.));
#19435 = DIRECTION('',(0.,0.,-1.));
#19436 = DIRECTION('',(1.,0.,0.));
#19437 = ORIENTED_EDGE('',*,*,#19438,.F.);
#19438 = EDGE_CURVE('',#19439,#19430,#19441,.T.);
#19439 = VERTEX_POINT('',#19440);
#19440 = CARTESIAN_POINT('',(-222.3205080756,128.39745962155,0.));
#19441 = LINE('',#19442,#19443);
#19442 = CARTESIAN_POINT('',(-222.3205080756,128.39745962155,0.));
#19443 = VECTOR('',#19444,1.);
#19444 = DIRECTION('',(0.,0.,-1.));
#19445 = ORIENTED_EDGE('',*,*,#19446,.F.);
#19446 = EDGE_CURVE('',#19407,#19439,#19447,.T.);
#19447 = CIRCLE('',#19448,20.);
#19448 = AXIS2_PLACEMENT_3D('',#19449,#19450,#19451);
#19449 = CARTESIAN_POINT('',(-205.,118.39745962155,0.));
#19450 = DIRECTION('',(0.,0.,-1.));
#19451 = DIRECTION('',(1.,0.,0.));
#19452 = CYLINDRICAL_SURFACE('',#19453,20.);
#19453 = AXIS2_PLACEMENT_3D('',#19454,#19455,#19456);
#19454 = CARTESIAN_POINT('',(-205.,118.39745962155,0.));
#19455 = DIRECTION('',(0.,0.,1.));
#19456 = DIRECTION('',(1.,0.,-0.));
#19457 = ADVANCED_FACE('',(#19458),#19483,.F.);
#19458 = FACE_BOUND('',#19459,.F.);
#19459 = EDGE_LOOP('',(#19460,#19461,#19469,#19477));
#19460 = ORIENTED_EDGE('',*,*,#19438,.T.);
#19461 = ORIENTED_EDGE('',*,*,#19462,.T.);
#19462 = EDGE_CURVE('',#19430,#19463,#19465,.T.);
#19463 = VERTEX_POINT('',#19464);
#19464 = CARTESIAN_POINT('',(-172.3205080756,215.,-20.));
#19465 = LINE('',#19466,#19467);
#19466 = CARTESIAN_POINT('',(-222.3205080756,128.39745962155,-20.));
#19467 = VECTOR('',#19468,1.);
#19468 = DIRECTION('',(0.5,0.866025403784,0.));
#19469 = ORIENTED_EDGE('',*,*,#19470,.F.);
#19470 = EDGE_CURVE('',#19471,#19463,#19473,.T.);
#19471 = VERTEX_POINT('',#19472);
#19472 = CARTESIAN_POINT('',(-172.3205080756,215.,0.));
#19473 = LINE('',#19474,#19475);
#19474 = CARTESIAN_POINT('',(-172.3205080756,215.,0.));
#19475 = VECTOR('',#19476,1.);
#19476 = DIRECTION('',(0.,0.,-1.));
#19477 = ORIENTED_EDGE('',*,*,#19478,.F.);
#19478 = EDGE_CURVE('',#19439,#19471,#19479,.T.);
#19479 = LINE('',#19480,#19481);
#19480 = CARTESIAN_POINT('',(-222.3205080756,128.39745962155,0.));
#19481 = VECTOR('',#19482,1.);
#19482 = DIRECTION('',(0.5,0.866025403784,0.));
#19483 = PLANE('',#19484);
#19484 = AXIS2_PLACEMENT_3D('',#19485,#19486,#19487);
#19485 = CARTESIAN_POINT('',(-222.3205080756,128.39745962155,0.));
#19486 = DIRECTION('',(0.866025403784,-0.5,0.));
#19487 = DIRECTION('',(0.5,0.866025403784,0.));
#19488 = ADVANCED_FACE('',(#19489),#19516,.T.);
#19489 = FACE_BOUND('',#19490,.F.);
#19490 = EDGE_LOOP('',(#19491,#19492,#19501,#19509));
#19491 = ORIENTED_EDGE('',*,*,#19470,.T.);
#19492 = ORIENTED_EDGE('',*,*,#19493,.T.);
#19493 = EDGE_CURVE('',#19463,#19494,#19496,.T.);
#19494 = VERTEX_POINT('',#19495);
#19495 = CARTESIAN_POINT('',(-155.,225.,-20.));
#19496 = CIRCLE('',#19497,20.);
#19497 = AXIS2_PLACEMENT_3D('',#19498,#19499,#19500);
#19498 = CARTESIAN_POINT('',(-154.9999999999,205.,-20.));
#19499 = DIRECTION('',(0.,0.,-1.));
#19500 = DIRECTION('',(1.,0.,0.));
#19501 = ORIENTED_EDGE('',*,*,#19502,.F.);
#19502 = EDGE_CURVE('',#19503,#19494,#19505,.T.);
#19503 = VERTEX_POINT('',#19504);
#19504 = CARTESIAN_POINT('',(-155.,225.,0.));
#19505 = LINE('',#19506,#19507);
#19506 = CARTESIAN_POINT('',(-155.,225.,0.));
#19507 = VECTOR('',#19508,1.);
#19508 = DIRECTION('',(0.,0.,-1.));
#19509 = ORIENTED_EDGE('',*,*,#19510,.F.);
#19510 = EDGE_CURVE('',#19471,#19503,#19511,.T.);
#19511 = CIRCLE('',#19512,20.);
#19512 = AXIS2_PLACEMENT_3D('',#19513,#19514,#19515);
#19513 = CARTESIAN_POINT('',(-154.9999999999,205.,0.));
#19514 = DIRECTION('',(0.,0.,-1.));
#19515 = DIRECTION('',(1.,0.,0.));
#19516 = CYLINDRICAL_SURFACE('',#19517,20.);
#19517 = AXIS2_PLACEMENT_3D('',#19518,#19519,#19520);
#19518 = CARTESIAN_POINT('',(-154.9999999999,205.,0.));
#19519 = DIRECTION('',(0.,0.,1.));
#19520 = DIRECTION('',(1.,0.,-0.));
#19521 = ADVANCED_FACE('',(#19522),#19547,.F.);
#19522 = FACE_BOUND('',#19523,.F.);
#19523 = EDGE_LOOP('',(#19524,#19525,#19533,#19541));
#19524 = ORIENTED_EDGE('',*,*,#19502,.T.);
#19525 = ORIENTED_EDGE('',*,*,#19526,.T.);
#19526 = EDGE_CURVE('',#19494,#19527,#19529,.T.);
#19527 = VERTEX_POINT('',#19528);
#19528 = CARTESIAN_POINT('',(155.,225.,-20.));
#19529 = LINE('',#19530,#19531);
#19530 = CARTESIAN_POINT('',(-155.,225.,-20.));
#19531 = VECTOR('',#19532,1.);
#19532 = DIRECTION('',(1.,0.,0.));
#19533 = ORIENTED_EDGE('',*,*,#19534,.F.);
#19534 = EDGE_CURVE('',#19535,#19527,#19537,.T.);
#19535 = VERTEX_POINT('',#19536);
#19536 = CARTESIAN_POINT('',(155.,225.,0.));
#19537 = LINE('',#19538,#19539);
#19538 = CARTESIAN_POINT('',(155.,225.,0.));
#19539 = VECTOR('',#19540,1.);
#19540 = DIRECTION('',(0.,0.,-1.));
#19541 = ORIENTED_EDGE('',*,*,#19542,.F.);
#19542 = EDGE_CURVE('',#19503,#19535,#19543,.T.);
#19543 = LINE('',#19544,#19545);
#19544 = CARTESIAN_POINT('',(-155.,225.,0.));
#19545 = VECTOR('',#19546,1.);
#19546 = DIRECTION('',(1.,0.,0.));
#19547 = PLANE('',#19548);
#19548 = AXIS2_PLACEMENT_3D('',#19549,#19550,#19551);
#19549 = CARTESIAN_POINT('',(-155.,225.,0.));
#19550 = DIRECTION('',(0.,-1.,0.));
#19551 = DIRECTION('',(1.,0.,0.));
#19552 = ADVANCED_FACE('',(#19553),#19580,.T.);
#19553 = FACE_BOUND('',#19554,.F.);
#19554 = EDGE_LOOP('',(#19555,#19556,#19565,#19573));
#19555 = ORIENTED_EDGE('',*,*,#19534,.T.);
#19556 = ORIENTED_EDGE('',*,*,#19557,.T.);
#19557 = EDGE_CURVE('',#19527,#19558,#19560,.T.);
#19558 = VERTEX_POINT('',#19559);
#19559 = CARTESIAN_POINT('',(175.,205.,-20.));
#19560 = CIRCLE('',#19561,20.);
#19561 = AXIS2_PLACEMENT_3D('',#19562,#19563,#19564);
#19562 = CARTESIAN_POINT('',(155.,205.,-20.));
#19563 = DIRECTION('',(0.,0.,-1.));
#19564 = DIRECTION('',(1.,0.,0.));
#19565 = ORIENTED_EDGE('',*,*,#19566,.F.);
#19566 = EDGE_CURVE('',#19567,#19558,#19569,.T.);
#19567 = VERTEX_POINT('',#19568);
#19568 = CARTESIAN_POINT('',(175.,205.,0.));
#19569 = LINE('',#19570,#19571);
#19570 = CARTESIAN_POINT('',(175.,205.,0.));
#19571 = VECTOR('',#19572,1.);
#19572 = DIRECTION('',(0.,0.,-1.));
#19573 = ORIENTED_EDGE('',*,*,#19574,.F.);
#19574 = EDGE_CURVE('',#19535,#19567,#19575,.T.);
#19575 = CIRCLE('',#19576,20.);
#19576 = AXIS2_PLACEMENT_3D('',#19577,#19578,#19579);
#19577 = CARTESIAN_POINT('',(155.,205.,0.));
#19578 = DIRECTION('',(0.,0.,-1.));
#19579 = DIRECTION('',(1.,0.,0.));
#19580 = CYLINDRICAL_SURFACE('',#19581,20.);
#19581 = AXIS2_PLACEMENT_3D('',#19582,#19583,#19584);
#19582 = CARTESIAN_POINT('',(155.,205.,0.));
#19583 = DIRECTION('',(0.,0.,1.));
#19584 = DIRECTION('',(1.,0.,-0.));
#19585 = ADVANCED_FACE('',(#19586),#19611,.F.);
#19586 = FACE_BOUND('',#19587,.F.);
#19587 = EDGE_LOOP('',(#19588,#19589,#19597,#19605));
#19588 = ORIENTED_EDGE('',*,*,#19566,.T.);
#19589 = ORIENTED_EDGE('',*,*,#19590,.T.);
#19590 = EDGE_CURVE('',#19558,#19591,#19593,.T.);
#19591 = VERTEX_POINT('',#19592);
#19592 = CARTESIAN_POINT('',(175.,-115.,-20.));
#19593 = LINE('',#19594,#19595);
#19594 = CARTESIAN_POINT('',(175.,205.,-20.));
#19595 = VECTOR('',#19596,1.);
#19596 = DIRECTION('',(0.,-1.,0.));
#19597 = ORIENTED_EDGE('',*,*,#19598,.F.);
#19598 = EDGE_CURVE('',#19599,#19591,#19601,.T.);
#19599 = VERTEX_POINT('',#19600);
#19600 = CARTESIAN_POINT('',(175.,-115.,0.));
#19601 = LINE('',#19602,#19603);
#19602 = CARTESIAN_POINT('',(175.,-115.,0.));
#19603 = VECTOR('',#19604,1.);
#19604 = DIRECTION('',(0.,0.,-1.));
#19605 = ORIENTED_EDGE('',*,*,#19606,.F.);
#19606 = EDGE_CURVE('',#19567,#19599,#19607,.T.);
#19607 = LINE('',#19608,#19609);
#19608 = CARTESIAN_POINT('',(175.,205.,0.));
#19609 = VECTOR('',#19610,1.);
#19610 = DIRECTION('',(0.,-1.,0.));
#19611 = PLANE('',#19612);
#19612 = AXIS2_PLACEMENT_3D('',#19613,#19614,#19615);
#19613 = CARTESIAN_POINT('',(175.,205.,0.));
#19614 = DIRECTION('',(-1.,-0.,-0.));
#19615 = DIRECTION('',(0.,-1.,0.));
#19616 = ADVANCED_FACE('',(#19617),#19642,.F.);
#19617 = FACE_BOUND('',#19618,.F.);
#19618 = EDGE_LOOP('',(#19619,#19620,#19628,#19636));
#19619 = ORIENTED_EDGE('',*,*,#19598,.T.);
#19620 = ORIENTED_EDGE('',*,*,#19621,.T.);
#19621 = EDGE_CURVE('',#19591,#19622,#19624,.T.);
#19622 = VERTEX_POINT('',#19623);
#19623 = CARTESIAN_POINT('',(235.,-115.,-20.));
#19624 = LINE('',#19625,#19626);
#19625 = CARTESIAN_POINT('',(175.,-115.,-20.));
#19626 = VECTOR('',#19627,1.);
#19627 = DIRECTION('',(1.,0.,0.));
#19628 = ORIENTED_EDGE('',*,*,#19629,.F.);
#19629 = EDGE_CURVE('',#19630,#19622,#19632,.T.);
#19630 = VERTEX_POINT('',#19631);
#19631 = CARTESIAN_POINT('',(235.,-115.,0.));
#19632 = LINE('',#19633,#19634);
#19633 = CARTESIAN_POINT('',(235.,-115.,0.));
#19634 = VECTOR('',#19635,1.);
#19635 = DIRECTION('',(0.,0.,-1.));
#19636 = ORIENTED_EDGE('',*,*,#19637,.F.);
#19637 = EDGE_CURVE('',#19599,#19630,#19638,.T.);
#19638 = LINE('',#19639,#19640);
#19639 = CARTESIAN_POINT('',(175.,-115.,0.));
#19640 = VECTOR('',#19641,1.);
#19641 = DIRECTION('',(1.,0.,0.));
#19642 = PLANE('',#19643);
#19643 = AXIS2_PLACEMENT_3D('',#19644,#19645,#19646);
#19644 = CARTESIAN_POINT('',(175.,-115.,0.));
#19645 = DIRECTION('',(0.,-1.,0.));
#19646 = DIRECTION('',(1.,0.,0.));
#19647 = ADVANCED_FACE('',(#19648),#19664,.F.);
#19648 = FACE_BOUND('',#19649,.F.);
#19649 = EDGE_LOOP('',(#19650,#19651,#19657,#19658));
#19650 = ORIENTED_EDGE('',*,*,#19629,.T.);
#19651 = ORIENTED_EDGE('',*,*,#19652,.T.);
#19652 = EDGE_CURVE('',#19622,#19203,#19653,.T.);
#19653 = LINE('',#19654,#19655);
#19654 = CARTESIAN_POINT('',(235.,-115.,-20.));
#19655 = VECTOR('',#19656,1.);
#19656 = DIRECTION('',(0.,-1.,0.));
#19657 = ORIENTED_EDGE('',*,*,#19200,.F.);
#19658 = ORIENTED_EDGE('',*,*,#19659,.F.);
#19659 = EDGE_CURVE('',#19630,#19201,#19660,.T.);
#19660 = LINE('',#19661,#19662);
#19661 = CARTESIAN_POINT('',(235.,-115.,0.));
#19662 = VECTOR('',#19663,1.);
#19663 = DIRECTION('',(0.,-1.,0.));
#19664 = PLANE('',#19665);
#19665 = AXIS2_PLACEMENT_3D('',#19666,#19667,#19668);
#19666 = CARTESIAN_POINT('',(235.,-115.,0.));
#19667 = DIRECTION('',(-1.,-0.,-0.));
#19668 = DIRECTION('',(0.,-1.,0.));
#19669 = ADVANCED_FACE('',(#19670),#19697,.F.);
#19670 = FACE_BOUND('',#19671,.T.);
#19671 = EDGE_LOOP('',(#19672,#19682,#19689,#19690));
#19672 = ORIENTED_EDGE('',*,*,#19673,.T.);
#19673 = EDGE_CURVE('',#19674,#19676,#19678,.T.);
#19674 = VERTEX_POINT('',#19675);
#19675 = CARTESIAN_POINT('',(100.,0.,0.));
#19676 = VERTEX_POINT('',#19677);
#19677 = CARTESIAN_POINT('',(100.,0.,-20.));
#19678 = LINE('',#19679,#19680);
#19679 = CARTESIAN_POINT('',(100.,0.,0.));
#19680 = VECTOR('',#19681,1.);
#19681 = DIRECTION('',(0.,0.,-1.));
#19682 = ORIENTED_EDGE('',*,*,#19683,.T.);
#19683 = EDGE_CURVE('',#19676,#19676,#19684,.T.);
#19684 = CIRCLE('',#19685,100.);
#19685 = AXIS2_PLACEMENT_3D('',#19686,#19687,#19688);
#19686 = CARTESIAN_POINT('',(0.,0.,-20.));
#19687 = DIRECTION('',(0.,0.,-1.));
#19688 = DIRECTION('',(1.,0.,0.));
#19689 = ORIENTED_EDGE('',*,*,#19673,.F.);
#19690 = ORIENTED_EDGE('',*,*,#19691,.F.);
#19691 = EDGE_CURVE('',#19674,#19674,#19692,.T.);
#19692 = CIRCLE('',#19693,100.);
#19693 = AXIS2_PLACEMENT_3D('',#19694,#19695,#19696);
#19694 = CARTESIAN_POINT('',(0.,0.,0.));
#19695 = DIRECTION('',(0.,0.,-1.));
#19696 = DIRECTION('',(1.,0.,0.));
#19697 = CYLINDRICAL_SURFACE('',#19698,100.);
#19698 = AXIS2_PLACEMENT_3D('',#19699,#19700,#19701);
#19699 = CARTESIAN_POINT('',(0.,0.,0.));
#19700 = DIRECTION('',(0.,0.,1.));
#19701 = DIRECTION('',(1.,0.,-0.));
#19702 = ADVANCED_FACE('',(#19703),#19730,.F.);
#19703 = FACE_BOUND('',#19704,.T.);
#19704 = EDGE_LOOP('',(#19705,#19715,#19722,#19723));
#19705 = ORIENTED_EDGE('',*,*,#19706,.T.);
#19706 = EDGE_CURVE('',#19707,#19709,#19711,.T.);
#19707 = VERTEX_POINT('',#19708);
#19708 = CARTESIAN_POINT('',(130.,-156.5,0.));
#19709 = VERTEX_POINT('',#19710);
#19710 = CARTESIAN_POINT('',(130.,-156.5,-20.));
#19711 = LINE('',#19712,#19713);
#19712 = CARTESIAN_POINT('',(130.,-156.5,0.));
#19713 = VECTOR('',#19714,1.);
#19714 = DIRECTION('',(0.,0.,-1.));
#19715 = ORIENTED_EDGE('',*,*,#19716,.T.);
#19716 = EDGE_CURVE('',#19709,#19709,#19717,.T.);
#19717 = CIRCLE('',#19718,10.);
#19718 = AXIS2_PLACEMENT_3D('',#19719,#19720,#19721);
#19719 = CARTESIAN_POINT('',(120.,-156.5,-20.));
#19720 = DIRECTION('',(0.,0.,-1.));
#19721 = DIRECTION('',(1.,0.,0.));
#19722 = ORIENTED_EDGE('',*,*,#19706,.F.);
#19723 = ORIENTED_EDGE('',*,*,#19724,.F.);
#19724 = EDGE_CURVE('',#19707,#19707,#19725,.T.);
#19725 = CIRCLE('',#19726,10.);
#19726 = AXIS2_PLACEMENT_3D('',#19727,#19728,#19729);
#19727 = CARTESIAN_POINT('',(120.,-156.5,0.));
#19728 = DIRECTION('',(0.,0.,-1.));
#19729 = DIRECTION('',(1.,0.,0.));
#19730 = CYLINDRICAL_SURFACE('',#19731,10.);
#19731 = AXIS2_PLACEMENT_3D('',#19732,#19733,#19734);
#19732 = CARTESIAN_POINT('',(120.,-156.5,0.));
#19733 = DIRECTION('',(0.,0.,1.));
#19734 = DIRECTION('',(1.,0.,-0.));
#19735 = ADVANCED_FACE('',(#19736),#19763,.F.);
#19736 = FACE_BOUND('',#19737,.T.);
#19737 = EDGE_LOOP('',(#19738,#19748,#19755,#19756));
#19738 = ORIENTED_EDGE('',*,*,#19739,.T.);
#19739 = EDGE_CURVE('',#19740,#19742,#19744,.T.);
#19740 = VERTEX_POINT('',#19741);
#19741 = CARTESIAN_POINT('',(50.,-156.5,0.));
#19742 = VERTEX_POINT('',#19743);
#19743 = CARTESIAN_POINT('',(50.,-156.5,-20.));
#19744 = LINE('',#19745,#19746);
#19745 = CARTESIAN_POINT('',(50.,-156.5,0.));
#19746 = VECTOR('',#19747,1.);
#19747 = DIRECTION('',(0.,0.,-1.));
#19748 = ORIENTED_EDGE('',*,*,#19749,.T.);
#19749 = EDGE_CURVE('',#19742,#19742,#19750,.T.);
#19750 = CIRCLE('',#19751,10.);
#19751 = AXIS2_PLACEMENT_3D('',#19752,#19753,#19754);
#19752 = CARTESIAN_POINT('',(40.,-156.5,-20.));
#19753 = DIRECTION('',(0.,0.,-1.));
#19754 = DIRECTION('',(1.,0.,0.));
#19755 = ORIENTED_EDGE('',*,*,#19739,.F.);
#19756 = ORIENTED_EDGE('',*,*,#19757,.F.);
#19757 = EDGE_CURVE('',#19740,#19740,#19758,.T.);
#19758 = CIRCLE('',#19759,10.);
#19759 = AXIS2_PLACEMENT_3D('',#19760,#19761,#19762);
#19760 = CARTESIAN_POINT('',(40.,-156.5,0.));
#19761 = DIRECTION('',(0.,0.,-1.));
#19762 = DIRECTION('',(1.,0.,0.));
#19763 = CYLINDRICAL_SURFACE('',#19764,10.);
#19764 = AXIS2_PLACEMENT_3D('',#19765,#19766,#19767);
#19765 = CARTESIAN_POINT('',(40.,-156.5,0.));
#19766 = DIRECTION('',(0.,0.,1.));
#19767 = DIRECTION('',(1.,0.,-0.));
#19768 = ADVANCED_FACE('',(#19769),#19796,.F.);
#19769 = FACE_BOUND('',#19770,.T.);
#19770 = EDGE_LOOP('',(#19771,#19781,#19788,#19789));
#19771 = ORIENTED_EDGE('',*,*,#19772,.T.);
#19772 = EDGE_CURVE('',#19773,#19775,#19777,.T.);
#19773 = VERTEX_POINT('',#19774);
#19774 = CARTESIAN_POINT('',(-30.,-156.5,0.));
#19775 = VERTEX_POINT('',#19776);
#19776 = CARTESIAN_POINT('',(-30.,-156.5,-20.));
#19777 = LINE('',#19778,#19779);
#19778 = CARTESIAN_POINT('',(-30.,-156.5,0.));
#19779 = VECTOR('',#19780,1.);
#19780 = DIRECTION('',(0.,0.,-1.));
#19781 = ORIENTED_EDGE('',*,*,#19782,.T.);
#19782 = EDGE_CURVE('',#19775,#19775,#19783,.T.);
#19783 = CIRCLE('',#19784,10.);
#19784 = AXIS2_PLACEMENT_3D('',#19785,#19786,#19787);
#19785 = CARTESIAN_POINT('',(-40.,-156.5,-20.));
#19786 = DIRECTION('',(0.,0.,-1.));
#19787 = DIRECTION('',(1.,0.,0.));
#19788 = ORIENTED_EDGE('',*,*,#19772,.F.);
#19789 = ORIENTED_EDGE('',*,*,#19790,.F.);
#19790 = EDGE_CURVE('',#19773,#19773,#19791,.T.);
#19791 = CIRCLE('',#19792,10.);
#19792 = AXIS2_PLACEMENT_3D('',#19793,#19794,#19795);
#19793 = CARTESIAN_POINT('',(-40.,-156.5,0.));
#19794 = DIRECTION('',(0.,0.,-1.));
#19795 = DIRECTION('',(1.,0.,0.));
#19796 = CYLINDRICAL_SURFACE('',#19797,10.);
#19797 = AXIS2_PLACEMENT_3D('',#19798,#19799,#19800);
#19798 = CARTESIAN_POINT('',(-40.,-156.5,0.));
#19799 = DIRECTION('',(0.,0.,1.));
#19800 = DIRECTION('',(1.,0.,-0.));
#19801 = ADVANCED_FACE('',(#19802),#19829,.F.);
#19802 = FACE_BOUND('',#19803,.T.);
#19803 = EDGE_LOOP('',(#19804,#19814,#19821,#19822));
#19804 = ORIENTED_EDGE('',*,*,#19805,.T.);
#19805 = EDGE_CURVE('',#19806,#19808,#19810,.T.);
#19806 = VERTEX_POINT('',#19807);
#19807 = CARTESIAN_POINT('',(-110.,-156.5,0.));
#19808 = VERTEX_POINT('',#19809);
#19809 = CARTESIAN_POINT('',(-110.,-156.5,-20.));
#19810 = LINE('',#19811,#19812);
#19811 = CARTESIAN_POINT('',(-110.,-156.5,0.));
#19812 = VECTOR('',#19813,1.);
#19813 = DIRECTION('',(0.,0.,-1.));
#19814 = ORIENTED_EDGE('',*,*,#19815,.T.);
#19815 = EDGE_CURVE('',#19808,#19808,#19816,.T.);
#19816 = CIRCLE('',#19817,10.);
#19817 = AXIS2_PLACEMENT_3D('',#19818,#19819,#19820);
#19818 = CARTESIAN_POINT('',(-120.,-156.5,-20.));
#19819 = DIRECTION('',(0.,0.,-1.));
#19820 = DIRECTION('',(1.,0.,0.));
#19821 = ORIENTED_EDGE('',*,*,#19805,.F.);
#19822 = ORIENTED_EDGE('',*,*,#19823,.F.);
#19823 = EDGE_CURVE('',#19806,#19806,#19824,.T.);
#19824 = CIRCLE('',#19825,10.);
#19825 = AXIS2_PLACEMENT_3D('',#19826,#19827,#19828);
#19826 = CARTESIAN_POINT('',(-120.,-156.5,0.));
#19827 = DIRECTION('',(0.,0.,-1.));
#19828 = DIRECTION('',(1.,0.,0.));
#19829 = CYLINDRICAL_SURFACE('',#19830,10.);
#19830 = AXIS2_PLACEMENT_3D('',#19831,#19832,#19833);
#19831 = CARTESIAN_POINT('',(-120.,-156.5,0.));
#19832 = DIRECTION('',(0.,0.,1.));
#19833 = DIRECTION('',(1.,0.,-0.));
#19834 = ADVANCED_FACE('',(#19835),#19862,.F.);
#19835 = FACE_BOUND('',#19836,.T.);
#19836 = EDGE_LOOP('',(#19837,#19847,#19854,#19855));
#19837 = ORIENTED_EDGE('',*,*,#19838,.T.);
#19838 = EDGE_CURVE('',#19839,#19841,#19843,.T.);
#19839 = VERTEX_POINT('',#19840);
#19840 = CARTESIAN_POINT('',(-196.5,-18.5,0.));
#19841 = VERTEX_POINT('',#19842);
#19842 = CARTESIAN_POINT('',(-196.5,-18.5,-20.));
#19843 = LINE('',#19844,#19845);
#19844 = CARTESIAN_POINT('',(-196.5,-18.5,0.));
#19845 = VECTOR('',#19846,1.);
#19846 = DIRECTION('',(0.,0.,-1.));
#19847 = ORIENTED_EDGE('',*,*,#19848,.T.);
#19848 = EDGE_CURVE('',#19841,#19841,#19849,.T.);
#19849 = CIRCLE('',#19850,10.);
#19850 = AXIS2_PLACEMENT_3D('',#19851,#19852,#19853);
#19851 = CARTESIAN_POINT('',(-206.5,-18.5,-20.));
#19852 = DIRECTION('',(0.,0.,-1.));
#19853 = DIRECTION('',(1.,0.,0.));
#19854 = ORIENTED_EDGE('',*,*,#19838,.F.);
#19855 = ORIENTED_EDGE('',*,*,#19856,.F.);
#19856 = EDGE_CURVE('',#19839,#19839,#19857,.T.);
#19857 = CIRCLE('',#19858,10.);
#19858 = AXIS2_PLACEMENT_3D('',#19859,#19860,#19861);
#19859 = CARTESIAN_POINT('',(-206.5,-18.5,0.));
#19860 = DIRECTION('',(0.,0.,-1.));
#19861 = DIRECTION('',(1.,0.,0.));
#19862 = CYLINDRICAL_SURFACE('',#19863,10.);
#19863 = AXIS2_PLACEMENT_3D('',#19864,#19865,#19866);
#19864 = CARTESIAN_POINT('',(-206.5,-18.5,0.));
#19865 = DIRECTION('',(0.,0.,1.));
#19866 = DIRECTION('',(1.,0.,-0.));
#19867 = ADVANCED_FACE('',(#19868),#19895,.F.);
#19868 = FACE_BOUND('',#19869,.T.);
#19869 = EDGE_LOOP('',(#19870,#19880,#19887,#19888));
#19870 = ORIENTED_EDGE('',*,*,#19871,.T.);
#19871 = EDGE_CURVE('',#19872,#19874,#19876,.T.);
#19872 = VERTEX_POINT('',#19873);
#19873 = CARTESIAN_POINT('',(-196.5,44.,0.));
#19874 = VERTEX_POINT('',#19875);
#19875 = CARTESIAN_POINT('',(-196.5,44.,-20.));
#19876 = LINE('',#19877,#19878);
#19877 = CARTESIAN_POINT('',(-196.5,44.,0.));
#19878 = VECTOR('',#19879,1.);
#19879 = DIRECTION('',(0.,0.,-1.));
#19880 = ORIENTED_EDGE('',*,*,#19881,.T.);
#19881 = EDGE_CURVE('',#19874,#19874,#19882,.T.);
#19882 = CIRCLE('',#19883,10.);
#19883 = AXIS2_PLACEMENT_3D('',#19884,#19885,#19886);
#19884 = CARTESIAN_POINT('',(-206.5,44.,-20.));
#19885 = DIRECTION('',(0.,0.,-1.));
#19886 = DIRECTION('',(1.,0.,0.));
#19887 = ORIENTED_EDGE('',*,*,#19871,.F.);
#19888 = ORIENTED_EDGE('',*,*,#19889,.F.);
#19889 = EDGE_CURVE('',#19872,#19872,#19890,.T.);
#19890 = CIRCLE('',#19891,10.);
#19891 = AXIS2_PLACEMENT_3D('',#19892,#19893,#19894);
#19892 = CARTESIAN_POINT('',(-206.5,44.,0.));
#19893 = DIRECTION('',(0.,0.,-1.));
#19894 = DIRECTION('',(1.,0.,0.));
#19895 = CYLINDRICAL_SURFACE('',#19896,10.);
#19896 = AXIS2_PLACEMENT_3D('',#19897,#19898,#19899);
#19897 = CARTESIAN_POINT('',(-206.5,44.,0.));
#19898 = DIRECTION('',(0.,0.,1.));
#19899 = DIRECTION('',(1.,0.,-0.));
#19900 = ADVANCED_FACE('',(#19901),#19928,.F.);
#19901 = FACE_BOUND('',#19902,.T.);
#19902 = EDGE_LOOP('',(#19903,#19913,#19920,#19921));
#19903 = ORIENTED_EDGE('',*,*,#19904,.T.);
#19904 = EDGE_CURVE('',#19905,#19907,#19909,.T.);
#19905 = VERTEX_POINT('',#19906);
#19906 = CARTESIAN_POINT('',(-196.5,106.5,0.));
#19907 = VERTEX_POINT('',#19908);
#19908 = CARTESIAN_POINT('',(-196.5,106.5,-20.));
#19909 = LINE('',#19910,#19911);
#19910 = CARTESIAN_POINT('',(-196.5,106.5,0.));
#19911 = VECTOR('',#19912,1.);
#19912 = DIRECTION('',(0.,0.,-1.));
#19913 = ORIENTED_EDGE('',*,*,#19914,.T.);
#19914 = EDGE_CURVE('',#19907,#19907,#19915,.T.);
#19915 = CIRCLE('',#19916,10.);
#19916 = AXIS2_PLACEMENT_3D('',#19917,#19918,#19919);
#19917 = CARTESIAN_POINT('',(-206.5,106.5,-20.));
#19918 = DIRECTION('',(0.,0.,-1.));
#19919 = DIRECTION('',(1.,0.,0.));
#19920 = ORIENTED_EDGE('',*,*,#19904,.F.);
#19921 = ORIENTED_EDGE('',*,*,#19922,.F.);
#19922 = EDGE_CURVE('',#19905,#19905,#19923,.T.);
#19923 = CIRCLE('',#19924,10.);
#19924 = AXIS2_PLACEMENT_3D('',#19925,#19926,#19927);
#19925 = CARTESIAN_POINT('',(-206.5,106.5,0.));
#19926 = DIRECTION('',(0.,0.,-1.));
#19927 = DIRECTION('',(1.,0.,0.));
#19928 = CYLINDRICAL_SURFACE('',#19929,10.);
#19929 = AXIS2_PLACEMENT_3D('',#19930,#19931,#19932);
#19930 = CARTESIAN_POINT('',(-206.5,106.5,0.));
#19931 = DIRECTION('',(0.,0.,1.));
#19932 = DIRECTION('',(1.,0.,-0.));
#19933 = ADVANCED_FACE('',(#19934),#19961,.F.);
#19934 = FACE_BOUND('',#19935,.T.);
#19935 = EDGE_LOOP('',(#19936,#19946,#19953,#19954));
#19936 = ORIENTED_EDGE('',*,*,#19937,.T.);
#19937 = EDGE_CURVE('',#19938,#19940,#19942,.T.);
#19938 = VERTEX_POINT('',#19939);
#19939 = CARTESIAN_POINT('',(130.,206.5,0.));
#19940 = VERTEX_POINT('',#19941);
#19941 = CARTESIAN_POINT('',(130.,206.5,-20.));
#19942 = LINE('',#19943,#19944);
#19943 = CARTESIAN_POINT('',(130.,206.5,0.));
#19944 = VECTOR('',#19945,1.);
#19945 = DIRECTION('',(0.,0.,-1.));
#19946 = ORIENTED_EDGE('',*,*,#19947,.T.);
#19947 = EDGE_CURVE('',#19940,#19940,#19948,.T.);
#19948 = CIRCLE('',#19949,10.);
#19949 = AXIS2_PLACEMENT_3D('',#19950,#19951,#19952);
#19950 = CARTESIAN_POINT('',(120.,206.5,-20.));
#19951 = DIRECTION('',(0.,0.,-1.));
#19952 = DIRECTION('',(1.,0.,0.));
#19953 = ORIENTED_EDGE('',*,*,#19937,.F.);
#19954 = ORIENTED_EDGE('',*,*,#19955,.F.);
#19955 = EDGE_CURVE('',#19938,#19938,#19956,.T.);
#19956 = CIRCLE('',#19957,10.);
#19957 = AXIS2_PLACEMENT_3D('',#19958,#19959,#19960);
#19958 = CARTESIAN_POINT('',(120.,206.5,0.));
#19959 = DIRECTION('',(0.,0.,-1.));
#19960 = DIRECTION('',(1.,0.,0.));
#19961 = CYLINDRICAL_SURFACE('',#19962,10.);
#19962 = AXIS2_PLACEMENT_3D('',#19963,#19964,#19965);
#19963 = CARTESIAN_POINT('',(120.,206.5,0.));
#19964 = DIRECTION('',(0.,0.,1.));
#19965 = DIRECTION('',(1.,0.,-0.));
#19966 = ADVANCED_FACE('',(#19967),#19994,.F.);
#19967 = FACE_BOUND('',#19968,.T.);
#19968 = EDGE_LOOP('',(#19969,#19979,#19986,#19987));
#19969 = ORIENTED_EDGE('',*,*,#19970,.T.);
#19970 = EDGE_CURVE('',#19971,#19973,#19975,.T.);
#19971 = VERTEX_POINT('',#19972);
#19972 = CARTESIAN_POINT('',(50.,206.5,0.));
#19973 = VERTEX_POINT('',#19974);
#19974 = CARTESIAN_POINT('',(50.,206.5,-20.));
#19975 = LINE('',#19976,#19977);
#19976 = CARTESIAN_POINT('',(50.,206.5,0.));
#19977 = VECTOR('',#19978,1.);
#19978 = DIRECTION('',(0.,0.,-1.));
#19979 = ORIENTED_EDGE('',*,*,#19980,.T.);
#19980 = EDGE_CURVE('',#19973,#19973,#19981,.T.);
#19981 = CIRCLE('',#19982,10.);
#19982 = AXIS2_PLACEMENT_3D('',#19983,#19984,#19985);
#19983 = CARTESIAN_POINT('',(40.,206.5,-20.));
#19984 = DIRECTION('',(0.,0.,-1.));
#19985 = DIRECTION('',(1.,0.,0.));
#19986 = ORIENTED_EDGE('',*,*,#19970,.F.);
#19987 = ORIENTED_EDGE('',*,*,#19988,.F.);
#19988 = EDGE_CURVE('',#19971,#19971,#19989,.T.);
#19989 = CIRCLE('',#19990,10.);
#19990 = AXIS2_PLACEMENT_3D('',#19991,#19992,#19993);
#19991 = CARTESIAN_POINT('',(40.,206.5,0.));
#19992 = DIRECTION('',(0.,0.,-1.));
#19993 = DIRECTION('',(1.,0.,0.));
#19994 = CYLINDRICAL_SURFACE('',#19995,10.);
#19995 = AXIS2_PLACEMENT_3D('',#19996,#19997,#19998);
#19996 = CARTESIAN_POINT('',(40.,206.5,0.));
#19997 = DIRECTION('',(0.,0.,1.));
#19998 = DIRECTION('',(1.,0.,-0.));
#19999 = ADVANCED_FACE('',(#20000),#20027,.F.);
#20000 = FACE_BOUND('',#20001,.T.);
#20001 = EDGE_LOOP('',(#20002,#20012,#20019,#20020));
#20002 = ORIENTED_EDGE('',*,*,#20003,.T.);
#20003 = EDGE_CURVE('',#20004,#20006,#20008,.T.);
#20004 = VERTEX_POINT('',#20005);
#20005 = CARTESIAN_POINT('',(-30.,206.5,0.));
#20006 = VERTEX_POINT('',#20007);
#20007 = CARTESIAN_POINT('',(-30.,206.5,-20.));
#20008 = LINE('',#20009,#20010);
#20009 = CARTESIAN_POINT('',(-30.,206.5,0.));
#20010 = VECTOR('',#20011,1.);
#20011 = DIRECTION('',(0.,0.,-1.));
#20012 = ORIENTED_EDGE('',*,*,#20013,.T.);
#20013 = EDGE_CURVE('',#20006,#20006,#20014,.T.);
#20014 = CIRCLE('',#20015,10.);
#20015 = AXIS2_PLACEMENT_3D('',#20016,#20017,#20018);
#20016 = CARTESIAN_POINT('',(-40.,206.5,-20.));
#20017 = DIRECTION('',(0.,0.,-1.));
#20018 = DIRECTION('',(1.,0.,0.));
#20019 = ORIENTED_EDGE('',*,*,#20003,.F.);
#20020 = ORIENTED_EDGE('',*,*,#20021,.F.);
#20021 = EDGE_CURVE('',#20004,#20004,#20022,.T.);
#20022 = CIRCLE('',#20023,10.);
#20023 = AXIS2_PLACEMENT_3D('',#20024,#20025,#20026);
#20024 = CARTESIAN_POINT('',(-40.,206.5,0.));
#20025 = DIRECTION('',(0.,0.,-1.));
#20026 = DIRECTION('',(1.,0.,0.));
#20027 = CYLINDRICAL_SURFACE('',#20028,10.);
#20028 = AXIS2_PLACEMENT_3D('',#20029,#20030,#20031);
#20029 = CARTESIAN_POINT('',(-40.,206.5,0.));
#20030 = DIRECTION('',(0.,0.,1.));
#20031 = DIRECTION('',(1.,0.,-0.));
#20032 = ADVANCED_FACE('',(#20033),#20060,.F.);
#20033 = FACE_BOUND('',#20034,.T.);
#20034 = EDGE_LOOP('',(#20035,#20045,#20052,#20053));
#20035 = ORIENTED_EDGE('',*,*,#20036,.T.);
#20036 = EDGE_CURVE('',#20037,#20039,#20041,.T.);
#20037 = VERTEX_POINT('',#20038);
#20038 = CARTESIAN_POINT('',(-110.,206.5,0.));
#20039 = VERTEX_POINT('',#20040);
#20040 = CARTESIAN_POINT('',(-110.,206.5,-20.));
#20041 = LINE('',#20042,#20043);
#20042 = CARTESIAN_POINT('',(-110.,206.5,0.));
#20043 = VECTOR('',#20044,1.);
#20044 = DIRECTION('',(0.,0.,-1.));
#20045 = ORIENTED_EDGE('',*,*,#20046,.T.);
#20046 = EDGE_CURVE('',#20039,#20039,#20047,.T.);
#20047 = CIRCLE('',#20048,10.);
#20048 = AXIS2_PLACEMENT_3D('',#20049,#20050,#20051);
#20049 = CARTESIAN_POINT('',(-120.,206.5,-20.));
#20050 = DIRECTION('',(0.,0.,-1.));
#20051 = DIRECTION('',(1.,0.,0.));
#20052 = ORIENTED_EDGE('',*,*,#20036,.F.);
#20053 = ORIENTED_EDGE('',*,*,#20054,.F.);
#20054 = EDGE_CURVE('',#20037,#20037,#20055,.T.);
#20055 = CIRCLE('',#20056,10.);
#20056 = AXIS2_PLACEMENT_3D('',#20057,#20058,#20059);
#20057 = CARTESIAN_POINT('',(-120.,206.5,0.));
#20058 = DIRECTION('',(0.,0.,-1.));
#20059 = DIRECTION('',(1.,0.,0.));
#20060 = CYLINDRICAL_SURFACE('',#20061,10.);
#20061 = AXIS2_PLACEMENT_3D('',#20062,#20063,#20064);
#20062 = CARTESIAN_POINT('',(-120.,206.5,0.));
#20063 = DIRECTION('',(0.,0.,1.));
#20064 = DIRECTION('',(1.,0.,-0.));
#20065 = ADVANCED_FACE('',(#20066,#20083,#20086,#20089,#20092,#20095,
    #20098,#20101,#20104,#20107,#20110,#20113,#20116),#20119,.T.);
#20066 = FACE_BOUND('',#20067,.F.);
#20067 = EDGE_LOOP('',(#20068,#20069,#20070,#20071,#20072,#20073,#20074,
    #20075,#20076,#20077,#20078,#20079,#20080,#20081,#20082));
#20068 = ORIENTED_EDGE('',*,*,#19226,.T.);
#20069 = ORIENTED_EDGE('',*,*,#19257,.T.);
#20070 = ORIENTED_EDGE('',*,*,#19288,.T.);
#20071 = ORIENTED_EDGE('',*,*,#19319,.T.);
#20072 = ORIENTED_EDGE('',*,*,#19350,.T.);
#20073 = ORIENTED_EDGE('',*,*,#19382,.T.);
#20074 = ORIENTED_EDGE('',*,*,#19414,.T.);
#20075 = ORIENTED_EDGE('',*,*,#19446,.T.);
#20076 = ORIENTED_EDGE('',*,*,#19478,.T.);
#20077 = ORIENTED_EDGE('',*,*,#19510,.T.);
#20078 = ORIENTED_EDGE('',*,*,#19542,.T.);
#20079 = ORIENTED_EDGE('',*,*,#19574,.T.);
#20080 = ORIENTED_EDGE('',*,*,#19606,.T.);
#20081 = ORIENTED_EDGE('',*,*,#19637,.T.);
#20082 = ORIENTED_EDGE('',*,*,#19659,.T.);
#20083 = FACE_BOUND('',#20084,.T.);
#20084 = EDGE_LOOP('',(#20085));
#20085 = ORIENTED_EDGE('',*,*,#19691,.T.);
#20086 = FACE_BOUND('',#20087,.T.);
#20087 = EDGE_LOOP('',(#20088));
#20088 = ORIENTED_EDGE('',*,*,#19724,.T.);
#20089 = FACE_BOUND('',#20090,.T.);
#20090 = EDGE_LOOP('',(#20091));
#20091 = ORIENTED_EDGE('',*,*,#19757,.T.);
#20092 = FACE_BOUND('',#20093,.T.);
#20093 = EDGE_LOOP('',(#20094));
#20094 = ORIENTED_EDGE('',*,*,#19790,.T.);
#20095 = FACE_BOUND('',#20096,.T.);
#20096 = EDGE_LOOP('',(#20097));
#20097 = ORIENTED_EDGE('',*,*,#19823,.T.);
#20098 = FACE_BOUND('',#20099,.T.);
#20099 = EDGE_LOOP('',(#20100));
#20100 = ORIENTED_EDGE('',*,*,#19856,.T.);
#20101 = FACE_BOUND('',#20102,.T.);
#20102 = EDGE_LOOP('',(#20103));
#20103 = ORIENTED_EDGE('',*,*,#19889,.T.);
#20104 = FACE_BOUND('',#20105,.T.);
#20105 = EDGE_LOOP('',(#20106));
#20106 = ORIENTED_EDGE('',*,*,#19922,.T.);
#20107 = FACE_BOUND('',#20108,.T.);
#20108 = EDGE_LOOP('',(#20109));
#20109 = ORIENTED_EDGE('',*,*,#19955,.T.);
#20110 = FACE_BOUND('',#20111,.T.);
#20111 = EDGE_LOOP('',(#20112));
#20112 = ORIENTED_EDGE('',*,*,#19988,.T.);
#20113 = FACE_BOUND('',#20114,.T.);
#20114 = EDGE_LOOP('',(#20115));
#20115 = ORIENTED_EDGE('',*,*,#20021,.T.);
#20116 = FACE_BOUND('',#20117,.T.);
#20117 = EDGE_LOOP('',(#20118));
#20118 = ORIENTED_EDGE('',*,*,#20054,.T.);
#20119 = PLANE('',#20120);
#20120 = AXIS2_PLACEMENT_3D('',#20121,#20122,#20123);
#20121 = CARTESIAN_POINT('',(-18.55058351707,5.808002160246,0.));
#20122 = DIRECTION('',(0.,0.,1.));
#20123 = DIRECTION('',(1.,0.,0.));
#20124 = ADVANCED_FACE('',(#20125,#20142,#20145,#20148,#20151,#20154,
    #20157,#20160,#20163,#20166,#20169,#20172,#20175),#20178,.F.);
#20125 = FACE_BOUND('',#20126,.T.);
#20126 = EDGE_LOOP('',(#20127,#20128,#20129,#20130,#20131,#20132,#20133,
    #20134,#20135,#20136,#20137,#20138,#20139,#20140,#20141));
#20127 = ORIENTED_EDGE('',*,*,#19210,.T.);
#20128 = ORIENTED_EDGE('',*,*,#19241,.T.);
#20129 = ORIENTED_EDGE('',*,*,#19272,.T.);
#20130 = ORIENTED_EDGE('',*,*,#19303,.T.);
#20131 = ORIENTED_EDGE('',*,*,#19334,.T.);
#20132 = ORIENTED_EDGE('',*,*,#19365,.T.);
#20133 = ORIENTED_EDGE('',*,*,#19398,.T.);
#20134 = ORIENTED_EDGE('',*,*,#19429,.T.);
#20135 = ORIENTED_EDGE('',*,*,#19462,.T.);
#20136 = ORIENTED_EDGE('',*,*,#19493,.T.);
#20137 = ORIENTED_EDGE('',*,*,#19526,.T.);
#20138 = ORIENTED_EDGE('',*,*,#19557,.T.);
#20139 = ORIENTED_EDGE('',*,*,#19590,.T.);
#20140 = ORIENTED_EDGE('',*,*,#19621,.T.);
#20141 = ORIENTED_EDGE('',*,*,#19652,.T.);
#20142 = FACE_BOUND('',#20143,.F.);
#20143 = EDGE_LOOP('',(#20144));
#20144 = ORIENTED_EDGE('',*,*,#19683,.T.);
#20145 = FACE_BOUND('',#20146,.F.);
#20146 = EDGE_LOOP('',(#20147));
#20147 = ORIENTED_EDGE('',*,*,#19716,.T.);
#20148 = FACE_BOUND('',#20149,.F.);
#20149 = EDGE_LOOP('',(#20150));
#20150 = ORIENTED_EDGE('',*,*,#19749,.T.);
#20151 = FACE_BOUND('',#20152,.F.);
#20152 = EDGE_LOOP('',(#20153));
#20153 = ORIENTED_EDGE('',*,*,#19782,.T.);
#20154 = FACE_BOUND('',#20155,.F.);
#20155 = EDGE_LOOP('',(#20156));
#20156 = ORIENTED_EDGE('',*,*,#19815,.T.);
#20157 = FACE_BOUND('',#20158,.F.);
#20158 = EDGE_LOOP('',(#20159));
#20159 = ORIENTED_EDGE('',*,*,#19848,.T.);
#20160 = FACE_BOUND('',#20161,.F.);
#20161 = EDGE_LOOP('',(#20162));
#20162 = ORIENTED_EDGE('',*,*,#19881,.T.);
#20163 = FACE_BOUND('',#20164,.F.);
#20164 = EDGE_LOOP('',(#20165));
#20165 = ORIENTED_EDGE('',*,*,#19914,.T.);
#20166 = FACE_BOUND('',#20167,.F.);
#20167 = EDGE_LOOP('',(#20168));
#20168 = ORIENTED_EDGE('',*,*,#19947,.T.);
#20169 = FACE_BOUND('',#20170,.F.);
#20170 = EDGE_LOOP('',(#20171));
#20171 = ORIENTED_EDGE('',*,*,#19980,.T.);
#20172 = FACE_BOUND('',#20173,.F.);
#20173 = EDGE_LOOP('',(#20174));
#20174 = ORIENTED_EDGE('',*,*,#20013,.T.);
#20175 = FACE_BOUND('',#20176,.F.);
#20176 = EDGE_LOOP('',(#20177));
#20177 = ORIENTED_EDGE('',*,*,#20046,.T.);
#20178 = PLANE('',#20179);
#20179 = AXIS2_PLACEMENT_3D('',#20180,#20181,#20182);
#20180 = CARTESIAN_POINT('',(-18.55058351707,5.808002160246,-20.));
#20181 = DIRECTION('',(0.,0.,1.));
#20182 = DIRECTION('',(1.,0.,0.));
#20183 = ( GEOMETRIC_REPRESENTATION_CONTEXT(3) 
GLOBAL_UNCERTAINTY_ASSIGNED_CONTEXT((#20187)) 
GLOBAL_UNIT_ASSIGNED_CONTEXT((#20184,#20185,#20186)) 
REPRESENTATION_CONTEXT('Context #1',
  '3D Context with UNIT and UNCERTAINTY') );
#20184 = ( LENGTH_UNIT() NAMED_UNIT(*) SI_UNIT(.MILLI.,.METRE.) );
#20185 = ( NAMED_UNIT(*) PLANE_ANGLE_UNIT() SI_UNIT($,.RADIAN.) );
#20186 = ( NAMED_UNIT(*) SI_UNIT($,.STERADIAN.) SOLID_ANGLE_UNIT() );
#20187 = UNCERTAINTY_MEASURE_WITH_UNIT(LENGTH_MEASURE(1.E-07),#20184,
  'distance_accuracy_value','confusion accuracy');
#20188 = CONTEXT_DEPENDENT_SHAPE_REPRESENTATION(#20189,#20191);
#20189 = ( REPRESENTATION_RELATIONSHIP('','',#19193,#17408) 
REPRESENTATION_RELATIONSHIP_WITH_TRANSFORMATION(#20190) 
SHAPE_REPRESENTATION_RELATIONSHIP() );
#20190 = ITEM_DEFINED_TRANSFORMATION('','',#11,#17425);
#20191 = PRODUCT_DEFINITION_SHAPE('Placement','Placement of an item',
  #20192);
#20192 = NEXT_ASSEMBLY_USAGE_OCCURRENCE('36','flange','',#17403,#19188,$
  );
#20193 = CC_DESIGN_SECURITY_CLASSIFICATION(#20194,(#20192));
#20194 = SECURITY_CLASSIFICATION('','',#55);
#20195 = CC_DESIGN_PERSON_AND_ORGANIZATION_ASSIGNMENT(#44,#53,(#20194));
#20196 = CC_DESIGN_DATE_AND_TIME_ASSIGNMENT(#58,#64,(#20194));
#20197 = CC_DESIGN_APPROVAL(#66,(#20194));
#20198 = PRODUCT_RELATED_PRODUCT_CATEGORY('detail',$,(#19190));
#20199 = PRODUCT_CATEGORY_RELATIONSHIP('','',#20200,#20198);
#20200 = PRODUCT_CATEGORY('part',$);
#20201 = CC_DESIGN_PERSON_AND_ORGANIZATION_ASSIGNMENT(#44,#47,(#19189,
    #19188));
#20202 = CC_DESIGN_PERSON_AND_ORGANIZATION_ASSIGNMENT(#44,#49,(#19190));
#20203 = CC_DESIGN_PERSON_AND_ORGANIZATION_ASSIGNMENT(#44,#51,(#19189));
#20204 = CC_DESIGN_PERSON_AND_ORGANIZATION_ASSIGNMENT(#44,#53,(#20205));
#20205 = SECURITY_CLASSIFICATION('','',#55);
#20206 = CC_DESIGN_SECURITY_CLASSIFICATION(#20205,(#19189));
#20207 = CC_DESIGN_DATE_AND_TIME_ASSIGNMENT(#58,#62,(#19188));
#20208 = CC_DESIGN_DATE_AND_TIME_ASSIGNMENT(#58,#64,(#20205));
#20209 = CC_DESIGN_APPROVAL(#66,(#19189,#19188,#20205));
#20210 = SHAPE_DEFINITION_REPRESENTATION(#20211,#20217);
#20211 = PRODUCT_DEFINITION_SHAPE('','',#20212);
#20212 = PRODUCT_DEFINITION('design','',#20213,#20216);
#20213 = PRODUCT_DEFINITION_FORMATION_WITH_SPECIFIED_SOURCE('','',#20214
  ,.NOT_KNOWN.);
#20214 = PRODUCT('suporte_cabeca','suporte_cabeca','',(#20215));
#20215 = MECHANICAL_CONTEXT('',#2,'mechanical');
#20216 = DESIGN_CONTEXT('',#2,'design');
#20217 = SHAPE_REPRESENTATION('',(#11,#20218,#20222,#20226,#20230,#20234
    ),#20238);
#20218 = AXIS2_PLACEMENT_3D('',#20219,#20220,#20221);
#20219 = CARTESIAN_POINT('',(0.,0.,0.));
#20220 = DIRECTION('',(0.,0.,1.));
#20221 = DIRECTION('',(1.,0.,0.));
#20222 = AXIS2_PLACEMENT_3D('',#20223,#20224,#20225);
#20223 = CARTESIAN_POINT('',(0.,0.,0.));
#20224 = DIRECTION('',(0.,0.,1.));
#20225 = DIRECTION('',(1.,0.,0.));
#20226 = AXIS2_PLACEMENT_3D('',#20227,#20228,#20229);
#20227 = CARTESIAN_POINT('',(0.,0.,0.));
#20228 = DIRECTION('',(0.,0.,1.));
#20229 = DIRECTION('',(1.,0.,0.));
#20230 = AXIS2_PLACEMENT_3D('',#20231,#20232,#20233);
#20231 = CARTESIAN_POINT('',(0.,0.,0.));
#20232 = DIRECTION('',(0.,0.,1.));
#20233 = DIRECTION('',(1.,0.,0.));
#20234 = AXIS2_PLACEMENT_3D('',#20235,#20236,#20237);
#20235 = CARTESIAN_POINT('',(0.,0.,0.));
#20236 = DIRECTION('',(0.,0.,1.));
#20237 = DIRECTION('',(1.,0.,0.));
#20238 = ( GEOMETRIC_REPRESENTATION_CONTEXT(3) 
GLOBAL_UNCERTAINTY_ASSIGNED_CONTEXT((#20242)) 
GLOBAL_UNIT_ASSIGNED_CONTEXT((#20239,#20240,#20241)) 
REPRESENTATION_CONTEXT('Context #1',
  '3D Context with UNIT and UNCERTAINTY') );
#20239 = ( LENGTH_UNIT() NAMED_UNIT(*) SI_UNIT(.MILLI.,.METRE.) );
#20240 = ( NAMED_UNIT(*) PLANE_ANGLE_UNIT() SI_UNIT($,.RADIAN.) );
#20241 = ( NAMED_UNIT(*) SI_UNIT($,.STERADIAN.) SOLID_ANGLE_UNIT() );
#20242 = UNCERTAINTY_MEASURE_WITH_UNIT(LENGTH_MEASURE(2.E-04),#20239,
  'distance_accuracy_value','confusion accuracy');
#20243 = CONTEXT_DEPENDENT_SHAPE_REPRESENTATION(#20244,#20246);
#20244 = ( REPRESENTATION_RELATIONSHIP('','',#20217,#17365) 
REPRESENTATION_RELATIONSHIP_WITH_TRANSFORMATION(#20245) 
SHAPE_REPRESENTATION_RELATIONSHIP() );
#20245 = ITEM_DEFINED_TRANSFORMATION('','',#11,#17370);
#20246 = PRODUCT_DEFINITION_SHAPE('Placement','Placement of an item',
  #20247);
#20247 = NEXT_ASSEMBLY_USAGE_OCCURRENCE('43','suporte_cabeca','',#17360,
  #20212,$);
#20248 = CC_DESIGN_SECURITY_CLASSIFICATION(#20249,(#20247));
#20249 = SECURITY_CLASSIFICATION('','',#55);
#20250 = CC_DESIGN_PERSON_AND_ORGANIZATION_ASSIGNMENT(#44,#53,(#20249));
#20251 = CC_DESIGN_DATE_AND_TIME_ASSIGNMENT(#58,#64,(#20249));
#20252 = CC_DESIGN_APPROVAL(#66,(#20249));
#20253 = PRODUCT_RELATED_PRODUCT_CATEGORY('detail',$,(#20214));
#20254 = PRODUCT_CATEGORY_RELATIONSHIP('','',#20255,#20253);
#20255 = PRODUCT_CATEGORY('part',$);
#20256 = CC_DESIGN_PERSON_AND_ORGANIZATION_ASSIGNMENT(#44,#47,(#20213,
    #20212));
#20257 = CC_DESIGN_PERSON_AND_ORGANIZATION_ASSIGNMENT(#44,#49,(#20214));
#20258 = CC_DESIGN_PERSON_AND_ORGANIZATION_ASSIGNMENT(#44,#51,(#20213));
#20259 = CC_DESIGN_PERSON_AND_ORGANIZATION_ASSIGNMENT(#44,#53,(#20260));
#20260 = SECURITY_CLASSIFICATION('','',#55);
#20261 = CC_DESIGN_SECURITY_CLASSIFICATION(#20260,(#20213));
#20262 = CC_DESIGN_DATE_AND_TIME_ASSIGNMENT(#58,#62,(#20212));
#20263 = CC_DESIGN_DATE_AND_TIME_ASSIGNMENT(#58,#64,(#20260));
#20264 = CC_DESIGN_APPROVAL(#66,(#20213,#20212,#20260));
#20265 = SHAPE_DEFINITION_REPRESENTATION(#20266,#20272);
#20266 = PRODUCT_DEFINITION_SHAPE('','',#20267);
#20267 = PRODUCT_DEFINITION('design','',#20268,#20271);
#20268 = PRODUCT_DEFINITION_FORMATION_WITH_SPECIFIED_SOURCE('','',#20269
  ,.NOT_KNOWN.);
#20269 = PRODUCT('base','base','',(#20270));
#20270 = MECHANICAL_CONTEXT('',#2,'mechanical');
#20271 = DESIGN_CONTEXT('',#2,'design');
#20272 = ADVANCED_BREP_SHAPE_REPRESENTATION('',(#11,#20273),#20423);
#20273 = MANIFOLD_SOLID_BREP('',#20274);
#20274 = CLOSED_SHELL('',(#20275,#20315,#20346,#20377,#20399,#20411));
#20275 = ADVANCED_FACE('',(#20276),#20310,.F.);
#20276 = FACE_BOUND('',#20277,.F.);
#20277 = EDGE_LOOP('',(#20278,#20288,#20296,#20304));
#20278 = ORIENTED_EDGE('',*,*,#20279,.T.);
#20279 = EDGE_CURVE('',#20280,#20282,#20284,.T.);
#20280 = VERTEX_POINT('',#20281);
#20281 = CARTESIAN_POINT('',(-250.,-222.5,1.7E+03));
#20282 = VERTEX_POINT('',#20283);
#20283 = CARTESIAN_POINT('',(-250.,-222.5,1.71588E+03));
#20284 = LINE('',#20285,#20286);
#20285 = CARTESIAN_POINT('',(-250.,-222.5,1.7E+03));
#20286 = VECTOR('',#20287,1.);
#20287 = DIRECTION('',(0.,0.,1.));
#20288 = ORIENTED_EDGE('',*,*,#20289,.T.);
#20289 = EDGE_CURVE('',#20282,#20290,#20292,.T.);
#20290 = VERTEX_POINT('',#20291);
#20291 = CARTESIAN_POINT('',(250.,-222.5,1.71588E+03));
#20292 = LINE('',#20293,#20294);
#20293 = CARTESIAN_POINT('',(-250.,-222.5,1.71588E+03));
#20294 = VECTOR('',#20295,1.);
#20295 = DIRECTION('',(1.,0.,0.));
#20296 = ORIENTED_EDGE('',*,*,#20297,.F.);
#20297 = EDGE_CURVE('',#20298,#20290,#20300,.T.);
#20298 = VERTEX_POINT('',#20299);
#20299 = CARTESIAN_POINT('',(250.,-222.5,1.7E+03));
#20300 = LINE('',#20301,#20302);
#20301 = CARTESIAN_POINT('',(250.,-222.5,1.7E+03));
#20302 = VECTOR('',#20303,1.);
#20303 = DIRECTION('',(0.,0.,1.));
#20304 = ORIENTED_EDGE('',*,*,#20305,.F.);
#20305 = EDGE_CURVE('',#20280,#20298,#20306,.T.);
#20306 = LINE('',#20307,#20308);
#20307 = CARTESIAN_POINT('',(-250.,-222.5,1.7E+03));
#20308 = VECTOR('',#20309,1.);
#20309 = DIRECTION('',(1.,0.,0.));
#20310 = PLANE('',#20311);
#20311 = AXIS2_PLACEMENT_3D('',#20312,#20313,#20314);
#20312 = CARTESIAN_POINT('',(-250.,-222.5,1.7E+03));
#20313 = DIRECTION('',(0.,1.,0.));
#20314 = DIRECTION('',(1.,0.,0.));
#20315 = ADVANCED_FACE('',(#20316),#20341,.F.);
#20316 = FACE_BOUND('',#20317,.F.);
#20317 = EDGE_LOOP('',(#20318,#20319,#20327,#20335));
#20318 = ORIENTED_EDGE('',*,*,#20297,.T.);
#20319 = ORIENTED_EDGE('',*,*,#20320,.T.);
#20320 = EDGE_CURVE('',#20290,#20321,#20323,.T.);
#20321 = VERTEX_POINT('',#20322);
#20322 = CARTESIAN_POINT('',(250.,222.5,1.71588E+03));
#20323 = LINE('',#20324,#20325);
#20324 = CARTESIAN_POINT('',(250.,-222.5,1.71588E+03));
#20325 = VECTOR('',#20326,1.);
#20326 = DIRECTION('',(0.,1.,0.));
#20327 = ORIENTED_EDGE('',*,*,#20328,.F.);
#20328 = EDGE_CURVE('',#20329,#20321,#20331,.T.);
#20329 = VERTEX_POINT('',#20330);
#20330 = CARTESIAN_POINT('',(250.,222.5,1.7E+03));
#20331 = LINE('',#20332,#20333);
#20332 = CARTESIAN_POINT('',(250.,222.5,1.7E+03));
#20333 = VECTOR('',#20334,1.);
#20334 = DIRECTION('',(0.,0.,1.));
#20335 = ORIENTED_EDGE('',*,*,#20336,.F.);
#20336 = EDGE_CURVE('',#20298,#20329,#20337,.T.);
#20337 = LINE('',#20338,#20339);
#20338 = CARTESIAN_POINT('',(250.,-222.5,1.7E+03));
#20339 = VECTOR('',#20340,1.);
#20340 = DIRECTION('',(0.,1.,0.));
#20341 = PLANE('',#20342);
#20342 = AXIS2_PLACEMENT_3D('',#20343,#20344,#20345);
#20343 = CARTESIAN_POINT('',(250.,-222.5,1.7E+03));
#20344 = DIRECTION('',(-1.,0.,0.));
#20345 = DIRECTION('',(0.,1.,0.));
#20346 = ADVANCED_FACE('',(#20347),#20372,.F.);
#20347 = FACE_BOUND('',#20348,.F.);
#20348 = EDGE_LOOP('',(#20349,#20350,#20358,#20366));
#20349 = ORIENTED_EDGE('',*,*,#20328,.T.);
#20350 = ORIENTED_EDGE('',*,*,#20351,.T.);
#20351 = EDGE_CURVE('',#20321,#20352,#20354,.T.);
#20352 = VERTEX_POINT('',#20353);
#20353 = CARTESIAN_POINT('',(-250.,222.5,1.71588E+03));
#20354 = LINE('',#20355,#20356);
#20355 = CARTESIAN_POINT('',(250.,222.5,1.71588E+03));
#20356 = VECTOR('',#20357,1.);
#20357 = DIRECTION('',(-1.,0.,0.));
#20358 = ORIENTED_EDGE('',*,*,#20359,.F.);
#20359 = EDGE_CURVE('',#20360,#20352,#20362,.T.);
#20360 = VERTEX_POINT('',#20361);
#20361 = CARTESIAN_POINT('',(-250.,222.5,1.7E+03));
#20362 = LINE('',#20363,#20364);
#20363 = CARTESIAN_POINT('',(-250.,222.5,1.7E+03));
#20364 = VECTOR('',#20365,1.);
#20365 = DIRECTION('',(0.,0.,1.));
#20366 = ORIENTED_EDGE('',*,*,#20367,.F.);
#20367 = EDGE_CURVE('',#20329,#20360,#20368,.T.);
#20368 = LINE('',#20369,#20370);
#20369 = CARTESIAN_POINT('',(250.,222.5,1.7E+03));
#20370 = VECTOR('',#20371,1.);
#20371 = DIRECTION('',(-1.,0.,0.));
#20372 = PLANE('',#20373);
#20373 = AXIS2_PLACEMENT_3D('',#20374,#20375,#20376);
#20374 = CARTESIAN_POINT('',(250.,222.5,1.7E+03));
#20375 = DIRECTION('',(0.,-1.,0.));
#20376 = DIRECTION('',(-1.,0.,0.));
#20377 = ADVANCED_FACE('',(#20378),#20394,.F.);
#20378 = FACE_BOUND('',#20379,.F.);
#20379 = EDGE_LOOP('',(#20380,#20381,#20387,#20388));
#20380 = ORIENTED_EDGE('',*,*,#20359,.T.);
#20381 = ORIENTED_EDGE('',*,*,#20382,.T.);
#20382 = EDGE_CURVE('',#20352,#20282,#20383,.T.);
#20383 = LINE('',#20384,#20385);
#20384 = CARTESIAN_POINT('',(-250.,222.5,1.71588E+03));
#20385 = VECTOR('',#20386,1.);
#20386 = DIRECTION('',(0.,-1.,0.));
#20387 = ORIENTED_EDGE('',*,*,#20279,.F.);
#20388 = ORIENTED_EDGE('',*,*,#20389,.F.);
#20389 = EDGE_CURVE('',#20360,#20280,#20390,.T.);
#20390 = LINE('',#20391,#20392);
#20391 = CARTESIAN_POINT('',(-250.,222.5,1.7E+03));
#20392 = VECTOR('',#20393,1.);
#20393 = DIRECTION('',(0.,-1.,0.));
#20394 = PLANE('',#20395);
#20395 = AXIS2_PLACEMENT_3D('',#20396,#20397,#20398);
#20396 = CARTESIAN_POINT('',(-250.,222.5,1.7E+03));
#20397 = DIRECTION('',(1.,0.,0.));
#20398 = DIRECTION('',(0.,-1.,0.));
#20399 = ADVANCED_FACE('',(#20400),#20406,.F.);
#20400 = FACE_BOUND('',#20401,.F.);
#20401 = EDGE_LOOP('',(#20402,#20403,#20404,#20405));
#20402 = ORIENTED_EDGE('',*,*,#20305,.T.);
#20403 = ORIENTED_EDGE('',*,*,#20336,.T.);
#20404 = ORIENTED_EDGE('',*,*,#20367,.T.);
#20405 = ORIENTED_EDGE('',*,*,#20389,.T.);
#20406 = PLANE('',#20407);
#20407 = AXIS2_PLACEMENT_3D('',#20408,#20409,#20410);
#20408 = CARTESIAN_POINT('',(0.,0.,1.7E+03));
#20409 = DIRECTION('',(0.,0.,1.));
#20410 = DIRECTION('',(1.,0.,0.));
#20411 = ADVANCED_FACE('',(#20412),#20418,.T.);
#20412 = FACE_BOUND('',#20413,.T.);
#20413 = EDGE_LOOP('',(#20414,#20415,#20416,#20417));
#20414 = ORIENTED_EDGE('',*,*,#20289,.T.);
#20415 = ORIENTED_EDGE('',*,*,#20320,.T.);
#20416 = ORIENTED_EDGE('',*,*,#20351,.T.);
#20417 = ORIENTED_EDGE('',*,*,#20382,.T.);
#20418 = PLANE('',#20419);
#20419 = AXIS2_PLACEMENT_3D('',#20420,#20421,#20422);
#20420 = CARTESIAN_POINT('',(0.,0.,1.71588E+03));
#20421 = DIRECTION('',(0.,0.,1.));
#20422 = DIRECTION('',(1.,0.,0.));
#20423 = ( GEOMETRIC_REPRESENTATION_CONTEXT(3) 
GLOBAL_UNCERTAINTY_ASSIGNED_CONTEXT((#20427)) 
GLOBAL_UNIT_ASSIGNED_CONTEXT((#20424,#20425,#20426)) 
REPRESENTATION_CONTEXT('Context #1',
  '3D Context with UNIT and UNCERTAINTY') );
#20424 = ( LENGTH_UNIT() NAMED_UNIT(*) SI_UNIT(.MILLI.,.METRE.) );
#20425 = ( NAMED_UNIT(*) PLANE_ANGLE_UNIT() SI_UNIT($,.RADIAN.) );
#20426 = ( NAMED_UNIT(*) SI_UNIT($,.STERADIAN.) SOLID_ANGLE_UNIT() );
#20427 = UNCERTAINTY_MEASURE_WITH_UNIT(LENGTH_MEASURE(1.E-07),#20424,
  'distance_accuracy_value','confusion accuracy');
#20428 = CONTEXT_DEPENDENT_SHAPE_REPRESENTATION(#20429,#20431);
#20429 = ( REPRESENTATION_RELATIONSHIP('','',#20272,#20217) 
REPRESENTATION_RELATIONSHIP_WITH_TRANSFORMATION(#20430) 
SHAPE_REPRESENTATION_RELATIONSHIP() );
#20430 = ITEM_DEFINED_TRANSFORMATION('','',#11,#20218);
#20431 = PRODUCT_DEFINITION_SHAPE('Placement','Placement of an item',
  #20432);
#20432 = NEXT_ASSEMBLY_USAGE_OCCURRENCE('38','base','',#20212,#20267,$);
#20433 = CC_DESIGN_SECURITY_CLASSIFICATION(#20434,(#20432));
#20434 = SECURITY_CLASSIFICATION('','',#55);
#20435 = CC_DESIGN_PERSON_AND_ORGANIZATION_ASSIGNMENT(#44,#53,(#20434));
#20436 = CC_DESIGN_DATE_AND_TIME_ASSIGNMENT(#58,#64,(#20434));
#20437 = CC_DESIGN_APPROVAL(#66,(#20434));
#20438 = PRODUCT_RELATED_PRODUCT_CATEGORY('detail',$,(#20269));
#20439 = PRODUCT_CATEGORY_RELATIONSHIP('','',#20440,#20438);
#20440 = PRODUCT_CATEGORY('part',$);
#20441 = CC_DESIGN_PERSON_AND_ORGANIZATION_ASSIGNMENT(#44,#47,(#20268,
    #20267));
#20442 = CC_DESIGN_PERSON_AND_ORGANIZATION_ASSIGNMENT(#44,#49,(#20269));
#20443 = CC_DESIGN_PERSON_AND_ORGANIZATION_ASSIGNMENT(#44,#51,(#20268));
#20444 = CC_DESIGN_PERSON_AND_ORGANIZATION_ASSIGNMENT(#44,#53,(#20445));
#20445 = SECURITY_CLASSIFICATION('','',#55);
#20446 = CC_DESIGN_SECURITY_CLASSIFICATION(#20445,(#20268));
#20447 = CC_DESIGN_DATE_AND_TIME_ASSIGNMENT(#58,#62,(#20267));
#20448 = CC_DESIGN_DATE_AND_TIME_ASSIGNMENT(#58,#64,(#20445));
#20449 = CC_DESIGN_APPROVAL(#66,(#20268,#20267,#20445));
#20450 = SHAPE_DEFINITION_REPRESENTATION(#20451,#20457);
#20451 = PRODUCT_DEFINITION_SHAPE('','',#20452);
#20452 = PRODUCT_DEFINITION('design','',#20453,#20456);
#20453 = PRODUCT_DEFINITION_FORMATION_WITH_SPECIFIED_SOURCE('','',#20454
  ,.NOT_KNOWN.);
#20454 = PRODUCT('chapas_olhal','chapas_olhal','',(#20455));
#20455 = MECHANICAL_CONTEXT('',#2,'mechanical');
#20456 = DESIGN_CONTEXT('',#2,'design');
#20457 = SHAPE_REPRESENTATION('',(#11),#20458);
#20458 = ( GEOMETRIC_REPRESENTATION_CONTEXT(3) 
GLOBAL_UNCERTAINTY_ASSIGNED_CONTEXT((#20462)) 
GLOBAL_UNIT_ASSIGNED_CONTEXT((#20459,#20460,#20461)) 
REPRESENTATION_CONTEXT('Context #1',
  '3D Context with UNIT and UNCERTAINTY') );
#20459 = ( LENGTH_UNIT() NAMED_UNIT(*) SI_UNIT(.MILLI.,.METRE.) );
#20460 = ( NAMED_UNIT(*) PLANE_ANGLE_UNIT() SI_UNIT($,.RADIAN.) );
#20461 = ( NAMED_UNIT(*) SI_UNIT($,.STERADIAN.) SOLID_ANGLE_UNIT() );
#20462 = UNCERTAINTY_MEASURE_WITH_UNIT(LENGTH_MEASURE(5.E-04),#20459,
  'distance_accuracy_value','confusion accuracy');
#20463 = CONTEXT_DEPENDENT_SHAPE_REPRESENTATION(#20464,#20466);
#20464 = ( REPRESENTATION_RELATIONSHIP('','',#20457,#20217) 
REPRESENTATION_RELATIONSHIP_WITH_TRANSFORMATION(#20465) 
SHAPE_REPRESENTATION_RELATIONSHIP() );
#20465 = ITEM_DEFINED_TRANSFORMATION('','',#11,#20222);
#20466 = PRODUCT_DEFINITION_SHAPE('Placement','Placement of an item',
  #20467);
#20467 = NEXT_ASSEMBLY_USAGE_OCCURRENCE('39','chapas_olhal','',#20212,
  #20452,$);
#20468 = CC_DESIGN_SECURITY_CLASSIFICATION(#20469,(#20467));
#20469 = SECURITY_CLASSIFICATION('','',#55);
#20470 = CC_DESIGN_PERSON_AND_ORGANIZATION_ASSIGNMENT(#44,#53,(#20469));
#20471 = CC_DESIGN_DATE_AND_TIME_ASSIGNMENT(#58,#64,(#20469));
#20472 = CC_DESIGN_APPROVAL(#66,(#20469));
#20473 = PRODUCT_RELATED_PRODUCT_CATEGORY('detail',$,(#20454));
#20474 = PRODUCT_CATEGORY_RELATIONSHIP('','',#20475,#20473);
#20475 = PRODUCT_CATEGORY('part',$);
#20476 = CC_DESIGN_PERSON_AND_ORGANIZATION_ASSIGNMENT(#44,#47,(#20453,
    #20452));
#20477 = CC_DESIGN_PERSON_AND_ORGANIZATION_ASSIGNMENT(#44,#49,(#20454));
#20478 = CC_DESIGN_PERSON_AND_ORGANIZATION_ASSIGNMENT(#44,#51,(#20453));
#20479 = CC_DESIGN_PERSON_AND_ORGANIZATION_ASSIGNMENT(#44,#53,(#20480));
#20480 = SECURITY_CLASSIFICATION('','',#55);
#20481 = CC_DESIGN_SECURITY_CLASSIFICATION(#20480,(#20453));
#20482 = CC_DESIGN_DATE_AND_TIME_ASSIGNMENT(#58,#62,(#20452));
#20483 = CC_DESIGN_DATE_AND_TIME_ASSIGNMENT(#58,#64,(#20480));
#20484 = CC_DESIGN_APPROVAL(#66,(#20453,#20452,#20480));
#20485 = SHAPE_REPRESENTATION_RELATIONSHIP('','',#20486,#20457);
#20486 = ADVANCED_BREP_SHAPE_REPRESENTATION('',(#11,#20487),#20698);
#20487 = MANIFOLD_SOLID_BREP('',#20488);
#20488 = CLOSED_SHELL('',(#20489,#20529,#20560,#20605,#20629,#20667,
    #20684));
#20489 = ADVANCED_FACE('',(#20490),#20524,.F.);
#20490 = FACE_BOUND('',#20491,.F.);
#20491 = EDGE_LOOP('',(#20492,#20502,#20510,#20518));
#20492 = ORIENTED_EDGE('',*,*,#20493,.T.);
#20493 = EDGE_CURVE('',#20494,#20496,#20498,.T.);
#20494 = VERTEX_POINT('',#20495);
#20495 = CARTESIAN_POINT('',(-140.,-222.5,1.71588E+03));
#20496 = VERTEX_POINT('',#20497);
#20497 = CARTESIAN_POINT('',(-124.12,-222.5,1.71588E+03));
#20498 = LINE('',#20499,#20500);
#20499 = CARTESIAN_POINT('',(-140.,-222.5,1.71588E+03));
#20500 = VECTOR('',#20501,1.);
#20501 = DIRECTION('',(1.,0.,0.));
#20502 = ORIENTED_EDGE('',*,*,#20503,.T.);
#20503 = EDGE_CURVE('',#20496,#20504,#20506,.T.);
#20504 = VERTEX_POINT('',#20505);
#20505 = CARTESIAN_POINT('',(-124.12,222.5,1.71588E+03));
#20506 = LINE('',#20507,#20508);
#20507 = CARTESIAN_POINT('',(-124.12,-222.5,1.71588E+03));
#20508 = VECTOR('',#20509,1.);
#20509 = DIRECTION('',(0.,1.,0.));
#20510 = ORIENTED_EDGE('',*,*,#20511,.T.);
#20511 = EDGE_CURVE('',#20504,#20512,#20514,.T.);
#20512 = VERTEX_POINT('',#20513);
#20513 = CARTESIAN_POINT('',(-140.,222.5,1.71588E+03));
#20514 = LINE('',#20515,#20516);
#20515 = CARTESIAN_POINT('',(-124.12,222.5,1.71588E+03));
#20516 = VECTOR('',#20517,1.);
#20517 = DIRECTION('',(-1.,0.,0.));
#20518 = ORIENTED_EDGE('',*,*,#20519,.T.);
#20519 = EDGE_CURVE('',#20512,#20494,#20520,.T.);
#20520 = LINE('',#20521,#20522);
#20521 = CARTESIAN_POINT('',(-140.,222.5,1.71588E+03));
#20522 = VECTOR('',#20523,1.);
#20523 = DIRECTION('',(0.,-1.,0.));
#20524 = PLANE('',#20525);
#20525 = AXIS2_PLACEMENT_3D('',#20526,#20527,#20528);
#20526 = CARTESIAN_POINT('',(0.,0.,1.71588E+03));
#20527 = DIRECTION('',(0.,0.,1.));
#20528 = DIRECTION('',(1.,0.,0.));
#20529 = ADVANCED_FACE('',(#20530),#20555,.T.);
#20530 = FACE_BOUND('',#20531,.T.);
#20531 = EDGE_LOOP('',(#20532,#20540,#20541,#20549));
#20532 = ORIENTED_EDGE('',*,*,#20533,.F.);
#20533 = EDGE_CURVE('',#20494,#20534,#20536,.T.);
#20534 = VERTEX_POINT('',#20535);
#20535 = CARTESIAN_POINT('',(-140.,-87.45064891979,1.95938138146E+03));
#20536 = LINE('',#20537,#20538);
#20537 = CARTESIAN_POINT('',(-140.,-222.5,1.71588E+03));
#20538 = VECTOR('',#20539,1.);
#20539 = DIRECTION('',(0.,0.485013814598,0.874506489198));
#20540 = ORIENTED_EDGE('',*,*,#20493,.T.);
#20541 = ORIENTED_EDGE('',*,*,#20542,.T.);
#20542 = EDGE_CURVE('',#20496,#20543,#20545,.T.);
#20543 = VERTEX_POINT('',#20544);
#20544 = CARTESIAN_POINT('',(-124.12,-87.45064891979,1.95938138146E+03)
  );
#20545 = LINE('',#20546,#20547);
#20546 = CARTESIAN_POINT('',(-124.12,-222.5,1.71588E+03));
#20547 = VECTOR('',#20548,1.);
#20548 = DIRECTION('',(0.,0.485013814598,0.874506489198));
#20549 = ORIENTED_EDGE('',*,*,#20550,.F.);
#20550 = EDGE_CURVE('',#20534,#20543,#20551,.T.);
#20551 = LINE('',#20552,#20553);
#20552 = CARTESIAN_POINT('',(-140.,-87.45064891979,1.95938138146E+03));
#20553 = VECTOR('',#20554,1.);
#20554 = DIRECTION('',(1.,0.,0.));
#20555 = PLANE('',#20556);
#20556 = AXIS2_PLACEMENT_3D('',#20557,#20558,#20559);
#20557 = CARTESIAN_POINT('',(-140.,-222.5,1.71588E+03));
#20558 = DIRECTION('',(0.,-0.874506489198,0.485013814598));
#20559 = DIRECTION('',(0.,0.485013814598,0.874506489198));
#20560 = ADVANCED_FACE('',(#20561,#20589),#20600,.F.);
#20561 = FACE_BOUND('',#20562,.F.);
#20562 = EDGE_LOOP('',(#20563,#20564,#20565,#20574,#20583));
#20563 = ORIENTED_EDGE('',*,*,#20503,.F.);
#20564 = ORIENTED_EDGE('',*,*,#20542,.T.);
#20565 = ORIENTED_EDGE('',*,*,#20566,.T.);
#20566 = EDGE_CURVE('',#20543,#20567,#20569,.T.);
#20567 = VERTEX_POINT('',#20568);
#20568 = CARTESIAN_POINT('',(-124.12,0.,2.01088E+03));
#20569 = CIRCLE('',#20570,100.);
#20570 = AXIS2_PLACEMENT_3D('',#20571,#20572,#20573);
#20571 = CARTESIAN_POINT('',(-124.12,0.,1.91088E+03));
#20572 = DIRECTION('',(-1.,0.,0.));
#20573 = DIRECTION('',(0.,-1.,0.));
#20574 = ORIENTED_EDGE('',*,*,#20575,.T.);
#20575 = EDGE_CURVE('',#20567,#20576,#20578,.T.);
#20576 = VERTEX_POINT('',#20577);
#20577 = CARTESIAN_POINT('',(-124.12,87.450648919799,1.95938138146E+03)
  );
#20578 = CIRCLE('',#20579,100.);
#20579 = AXIS2_PLACEMENT_3D('',#20580,#20581,#20582);
#20580 = CARTESIAN_POINT('',(-124.12,0.,1.91088E+03));
#20581 = DIRECTION('',(-1.,0.,0.));
#20582 = DIRECTION('',(0.,-1.,0.));
#20583 = ORIENTED_EDGE('',*,*,#20584,.F.);
#20584 = EDGE_CURVE('',#20504,#20576,#20585,.T.);
#20585 = LINE('',#20586,#20587);
#20586 = CARTESIAN_POINT('',(-124.12,170.15945592198,1.810252869528E+03)
  );
#20587 = VECTOR('',#20588,1.);
#20588 = DIRECTION('',(0.,-0.485013814598,0.874506489198));
#20589 = FACE_BOUND('',#20590,.F.);
#20590 = EDGE_LOOP('',(#20591));
#20591 = ORIENTED_EDGE('',*,*,#20592,.F.);
#20592 = EDGE_CURVE('',#20593,#20593,#20595,.T.);
#20593 = VERTEX_POINT('',#20594);
#20594 = CARTESIAN_POINT('',(-124.12,-50.,1.91088E+03));
#20595 = CIRCLE('',#20596,50.);
#20596 = AXIS2_PLACEMENT_3D('',#20597,#20598,#20599);
#20597 = CARTESIAN_POINT('',(-124.12,0.,1.91088E+03));
#20598 = DIRECTION('',(-1.,0.,0.));
#20599 = DIRECTION('',(0.,-1.,0.));
#20600 = PLANE('',#20601);
#20601 = AXIS2_PLACEMENT_3D('',#20602,#20603,#20604);
#20602 = CARTESIAN_POINT('',(-124.12,-222.5,1.71588E+03));
#20603 = DIRECTION('',(-1.,0.,0.));
#20604 = DIRECTION('',(0.,1.,0.));
#20605 = ADVANCED_FACE('',(#20606),#20624,.F.);
#20606 = FACE_BOUND('',#20607,.F.);
#20607 = EDGE_LOOP('',(#20608,#20609,#20610,#20618));
#20608 = ORIENTED_EDGE('',*,*,#20511,.F.);
#20609 = ORIENTED_EDGE('',*,*,#20584,.T.);
#20610 = ORIENTED_EDGE('',*,*,#20611,.F.);
#20611 = EDGE_CURVE('',#20612,#20576,#20614,.T.);
#20612 = VERTEX_POINT('',#20613);
#20613 = CARTESIAN_POINT('',(-140.,87.450648919799,1.95938138146E+03));
#20614 = LINE('',#20615,#20616);
#20615 = CARTESIAN_POINT('',(-140.,87.450648919799,1.95938138146E+03));
#20616 = VECTOR('',#20617,1.);
#20617 = DIRECTION('',(1.,0.,0.));
#20618 = ORIENTED_EDGE('',*,*,#20619,.F.);
#20619 = EDGE_CURVE('',#20512,#20612,#20620,.T.);
#20620 = LINE('',#20621,#20622);
#20621 = CARTESIAN_POINT('',(-140.,222.5,1.71588E+03));
#20622 = VECTOR('',#20623,1.);
#20623 = DIRECTION('',(0.,-0.485013814598,0.874506489198));
#20624 = PLANE('',#20625);
#20625 = AXIS2_PLACEMENT_3D('',#20626,#20627,#20628);
#20626 = CARTESIAN_POINT('',(-140.,222.5,1.71588E+03));
#20627 = DIRECTION('',(0.,-0.874506489198,-0.485013814598));
#20628 = DIRECTION('',(0.,-0.485013814598,0.874506489198));
#20629 = ADVANCED_FACE('',(#20630,#20651),#20662,.F.);
#20630 = FACE_BOUND('',#20631,.F.);
#20631 = EDGE_LOOP('',(#20632,#20633,#20634,#20643,#20650));
#20632 = ORIENTED_EDGE('',*,*,#20519,.F.);
#20633 = ORIENTED_EDGE('',*,*,#20619,.T.);
#20634 = ORIENTED_EDGE('',*,*,#20635,.F.);
#20635 = EDGE_CURVE('',#20636,#20612,#20638,.T.);
#20636 = VERTEX_POINT('',#20637);
#20637 = CARTESIAN_POINT('',(-140.,1.465665493E-06,2.01088E+03));
#20638 = CIRCLE('',#20639,100.);
#20639 = AXIS2_PLACEMENT_3D('',#20640,#20641,#20642);
#20640 = CARTESIAN_POINT('',(-140.,0.,1.91088E+03));
#20641 = DIRECTION('',(-1.,0.,0.));
#20642 = DIRECTION('',(0.,-1.,0.));
#20643 = ORIENTED_EDGE('',*,*,#20644,.F.);
#20644 = EDGE_CURVE('',#20534,#20636,#20645,.T.);
#20645 = CIRCLE('',#20646,100.);
#20646 = AXIS2_PLACEMENT_3D('',#20647,#20648,#20649);
#20647 = CARTESIAN_POINT('',(-140.,0.,1.91088E+03));
#20648 = DIRECTION('',(-1.,0.,0.));
#20649 = DIRECTION('',(0.,-1.,0.));
#20650 = ORIENTED_EDGE('',*,*,#20533,.F.);
#20651 = FACE_BOUND('',#20652,.F.);
#20652 = EDGE_LOOP('',(#20653));
#20653 = ORIENTED_EDGE('',*,*,#20654,.T.);
#20654 = EDGE_CURVE('',#20655,#20655,#20657,.T.);
#20655 = VERTEX_POINT('',#20656);
#20656 = CARTESIAN_POINT('',(-140.,-50.,1.91088E+03));
#20657 = CIRCLE('',#20658,50.);
#20658 = AXIS2_PLACEMENT_3D('',#20659,#20660,#20661);
#20659 = CARTESIAN_POINT('',(-140.,0.,1.91088E+03));
#20660 = DIRECTION('',(-1.,0.,0.));
#20661 = DIRECTION('',(0.,-1.,0.));
#20662 = PLANE('',#20663);
#20663 = AXIS2_PLACEMENT_3D('',#20664,#20665,#20666);
#20664 = CARTESIAN_POINT('',(-140.,222.5,1.71588E+03));
#20665 = DIRECTION('',(1.,0.,0.));
#20666 = DIRECTION('',(0.,-1.,0.));
#20667 = ADVANCED_FACE('',(#20668),#20679,.F.);
#20668 = FACE_BOUND('',#20669,.F.);
#20669 = EDGE_LOOP('',(#20670,#20671,#20677,#20678));
#20670 = ORIENTED_EDGE('',*,*,#20654,.F.);
#20671 = ORIENTED_EDGE('',*,*,#20672,.T.);
#20672 = EDGE_CURVE('',#20655,#20593,#20673,.T.);
#20673 = LINE('',#20674,#20675);
#20674 = CARTESIAN_POINT('',(-140.,-50.,1.91088E+03));
#20675 = VECTOR('',#20676,1.);
#20676 = DIRECTION('',(1.,0.,0.));
#20677 = ORIENTED_EDGE('',*,*,#20592,.T.);
#20678 = ORIENTED_EDGE('',*,*,#20672,.F.);
#20679 = CYLINDRICAL_SURFACE('',#20680,50.);
#20680 = AXIS2_PLACEMENT_3D('',#20681,#20682,#20683);
#20681 = CARTESIAN_POINT('',(-140.,0.,1.91088E+03));
#20682 = DIRECTION('',(-1.,0.,0.));
#20683 = DIRECTION('',(0.,-1.,0.));
#20684 = ADVANCED_FACE('',(#20685),#20693,.T.);
#20685 = FACE_BOUND('',#20686,.T.);
#20686 = EDGE_LOOP('',(#20687,#20688,#20689,#20690,#20691,#20692));
#20687 = ORIENTED_EDGE('',*,*,#20575,.T.);
#20688 = ORIENTED_EDGE('',*,*,#20611,.F.);
#20689 = ORIENTED_EDGE('',*,*,#20635,.F.);
#20690 = ORIENTED_EDGE('',*,*,#20644,.F.);
#20691 = ORIENTED_EDGE('',*,*,#20550,.T.);
#20692 = ORIENTED_EDGE('',*,*,#20566,.T.);
#20693 = CYLINDRICAL_SURFACE('',#20694,100.);
#20694 = AXIS2_PLACEMENT_3D('',#20695,#20696,#20697);
#20695 = CARTESIAN_POINT('',(-140.,0.,1.91088E+03));
#20696 = DIRECTION('',(-1.,0.,0.));
#20697 = DIRECTION('',(0.,-1.,0.));
#20698 = ( GEOMETRIC_REPRESENTATION_CONTEXT(3) 
GLOBAL_UNCERTAINTY_ASSIGNED_CONTEXT((#20702)) 
GLOBAL_UNIT_ASSIGNED_CONTEXT((#20699,#20700,#20701)) 
REPRESENTATION_CONTEXT('Context #1',
  '3D Context with UNIT and UNCERTAINTY') );
#20699 = ( LENGTH_UNIT() NAMED_UNIT(*) SI_UNIT(.MILLI.,.METRE.) );
#20700 = ( NAMED_UNIT(*) PLANE_ANGLE_UNIT() SI_UNIT($,.RADIAN.) );
#20701 = ( NAMED_UNIT(*) SI_UNIT($,.STERADIAN.) SOLID_ANGLE_UNIT() );
#20702 = UNCERTAINTY_MEASURE_WITH_UNIT(LENGTH_MEASURE(5.E-04),#20699,
  'distance_accuracy_value','confusion accuracy');
#20703 = SHAPE_REPRESENTATION_RELATIONSHIP('','',#20704,#20457);
#20704 = ADVANCED_BREP_SHAPE_REPRESENTATION('',(#11,#20705),#20916);
#20705 = MANIFOLD_SOLID_BREP('',#20706);
#20706 = CLOSED_SHELL('',(#20707,#20747,#20778,#20823,#20847,#20885,
    #20902));
#20707 = ADVANCED_FACE('',(#20708),#20742,.F.);
#20708 = FACE_BOUND('',#20709,.F.);
#20709 = EDGE_LOOP('',(#20710,#20720,#20728,#20736));
#20710 = ORIENTED_EDGE('',*,*,#20711,.T.);
#20711 = EDGE_CURVE('',#20712,#20714,#20716,.T.);
#20712 = VERTEX_POINT('',#20713);
#20713 = CARTESIAN_POINT('',(-7.94,-222.5,1.71588E+03));
#20714 = VERTEX_POINT('',#20715);
#20715 = CARTESIAN_POINT('',(7.94,-222.5,1.71588E+03));
#20716 = LINE('',#20717,#20718);
#20717 = CARTESIAN_POINT('',(-7.94,-222.5,1.71588E+03));
#20718 = VECTOR('',#20719,1.);
#20719 = DIRECTION('',(1.,0.,0.));
#20720 = ORIENTED_EDGE('',*,*,#20721,.T.);
#20721 = EDGE_CURVE('',#20714,#20722,#20724,.T.);
#20722 = VERTEX_POINT('',#20723);
#20723 = CARTESIAN_POINT('',(7.94,222.5,1.71588E+03));
#20724 = LINE('',#20725,#20726);
#20725 = CARTESIAN_POINT('',(7.94,-222.5,1.71588E+03));
#20726 = VECTOR('',#20727,1.);
#20727 = DIRECTION('',(0.,1.,0.));
#20728 = ORIENTED_EDGE('',*,*,#20729,.T.);
#20729 = EDGE_CURVE('',#20722,#20730,#20732,.T.);
#20730 = VERTEX_POINT('',#20731);
#20731 = CARTESIAN_POINT('',(-7.94,222.5,1.71588E+03));
#20732 = LINE('',#20733,#20734);
#20733 = CARTESIAN_POINT('',(7.94,222.5,1.71588E+03));
#20734 = VECTOR('',#20735,1.);
#20735 = DIRECTION('',(-1.,0.,0.));
#20736 = ORIENTED_EDGE('',*,*,#20737,.T.);
#20737 = EDGE_CURVE('',#20730,#20712,#20738,.T.);
#20738 = LINE('',#20739,#20740);
#20739 = CARTESIAN_POINT('',(-7.94,222.5,1.71588E+03));
#20740 = VECTOR('',#20741,1.);
#20741 = DIRECTION('',(0.,-1.,0.));
#20742 = PLANE('',#20743);
#20743 = AXIS2_PLACEMENT_3D('',#20744,#20745,#20746);
#20744 = CARTESIAN_POINT('',(0.,0.,1.71588E+03));
#20745 = DIRECTION('',(0.,0.,1.));
#20746 = DIRECTION('',(1.,0.,0.));
#20747 = ADVANCED_FACE('',(#20748),#20773,.T.);
#20748 = FACE_BOUND('',#20749,.T.);
#20749 = EDGE_LOOP('',(#20750,#20758,#20759,#20767));
#20750 = ORIENTED_EDGE('',*,*,#20751,.T.);
#20751 = EDGE_CURVE('',#20752,#20712,#20754,.T.);
#20752 = VERTEX_POINT('',#20753);
#20753 = CARTESIAN_POINT('',(-7.94,-87.45064891979,1.95938138146E+03));
#20754 = LINE('',#20755,#20756);
#20755 = CARTESIAN_POINT('',(-7.94,-170.1594559219,1.810252869528E+03));
#20756 = VECTOR('',#20757,1.);
#20757 = DIRECTION('',(0.,-0.485013814598,-0.874506489198));
#20758 = ORIENTED_EDGE('',*,*,#20711,.T.);
#20759 = ORIENTED_EDGE('',*,*,#20760,.T.);
#20760 = EDGE_CURVE('',#20714,#20761,#20763,.T.);
#20761 = VERTEX_POINT('',#20762);
#20762 = CARTESIAN_POINT('',(7.94,-87.45064891979,1.95938138146E+03));
#20763 = LINE('',#20764,#20765);
#20764 = CARTESIAN_POINT('',(7.94,-222.5,1.71588E+03));
#20765 = VECTOR('',#20766,1.);
#20766 = DIRECTION('',(0.,0.485013814598,0.874506489198));
#20767 = ORIENTED_EDGE('',*,*,#20768,.F.);
#20768 = EDGE_CURVE('',#20752,#20761,#20769,.T.);
#20769 = LINE('',#20770,#20771);
#20770 = CARTESIAN_POINT('',(-140.,-87.45064891979,1.95938138146E+03));
#20771 = VECTOR('',#20772,1.);
#20772 = DIRECTION('',(1.,0.,0.));
#20773 = PLANE('',#20774);
#20774 = AXIS2_PLACEMENT_3D('',#20775,#20776,#20777);
#20775 = CARTESIAN_POINT('',(-140.,-222.5,1.71588E+03));
#20776 = DIRECTION('',(0.,-0.874506489198,0.485013814598));
#20777 = DIRECTION('',(0.,0.485013814598,0.874506489198));
#20778 = ADVANCED_FACE('',(#20779,#20807),#20818,.F.);
#20779 = FACE_BOUND('',#20780,.F.);
#20780 = EDGE_LOOP('',(#20781,#20782,#20783,#20792,#20801));
#20781 = ORIENTED_EDGE('',*,*,#20721,.F.);
#20782 = ORIENTED_EDGE('',*,*,#20760,.T.);
#20783 = ORIENTED_EDGE('',*,*,#20784,.T.);
#20784 = EDGE_CURVE('',#20761,#20785,#20787,.T.);
#20785 = VERTEX_POINT('',#20786);
#20786 = CARTESIAN_POINT('',(7.94,0.,2.01088E+03));
#20787 = CIRCLE('',#20788,100.);
#20788 = AXIS2_PLACEMENT_3D('',#20789,#20790,#20791);
#20789 = CARTESIAN_POINT('',(7.94,0.,1.91088E+03));
#20790 = DIRECTION('',(-1.,0.,0.));
#20791 = DIRECTION('',(0.,-1.,0.));
#20792 = ORIENTED_EDGE('',*,*,#20793,.T.);
#20793 = EDGE_CURVE('',#20785,#20794,#20796,.T.);
#20794 = VERTEX_POINT('',#20795);
#20795 = CARTESIAN_POINT('',(7.94,87.450648919799,1.95938138146E+03));
#20796 = CIRCLE('',#20797,100.);
#20797 = AXIS2_PLACEMENT_3D('',#20798,#20799,#20800);
#20798 = CARTESIAN_POINT('',(7.94,0.,1.91088E+03));
#20799 = DIRECTION('',(-1.,0.,0.));
#20800 = DIRECTION('',(0.,-1.,0.));
#20801 = ORIENTED_EDGE('',*,*,#20802,.F.);
#20802 = EDGE_CURVE('',#20722,#20794,#20803,.T.);
#20803 = LINE('',#20804,#20805);
#20804 = CARTESIAN_POINT('',(7.94,170.15945592198,1.810252869528E+03));
#20805 = VECTOR('',#20806,1.);
#20806 = DIRECTION('',(0.,-0.485013814598,0.874506489198));
#20807 = FACE_BOUND('',#20808,.F.);
#20808 = EDGE_LOOP('',(#20809));
#20809 = ORIENTED_EDGE('',*,*,#20810,.F.);
#20810 = EDGE_CURVE('',#20811,#20811,#20813,.T.);
#20811 = VERTEX_POINT('',#20812);
#20812 = CARTESIAN_POINT('',(7.94,-50.,1.91088E+03));
#20813 = CIRCLE('',#20814,50.);
#20814 = AXIS2_PLACEMENT_3D('',#20815,#20816,#20817);
#20815 = CARTESIAN_POINT('',(7.94,0.,1.91088E+03));
#20816 = DIRECTION('',(-1.,0.,0.));
#20817 = DIRECTION('',(0.,-1.,0.));
#20818 = PLANE('',#20819);
#20819 = AXIS2_PLACEMENT_3D('',#20820,#20821,#20822);
#20820 = CARTESIAN_POINT('',(7.94,-222.5,1.71588E+03));
#20821 = DIRECTION('',(-1.,0.,0.));
#20822 = DIRECTION('',(0.,1.,0.));
#20823 = ADVANCED_FACE('',(#20824),#20842,.F.);
#20824 = FACE_BOUND('',#20825,.F.);
#20825 = EDGE_LOOP('',(#20826,#20834,#20835,#20836));
#20826 = ORIENTED_EDGE('',*,*,#20827,.T.);
#20827 = EDGE_CURVE('',#20828,#20730,#20830,.T.);
#20828 = VERTEX_POINT('',#20829);
#20829 = CARTESIAN_POINT('',(-7.94,87.450648919799,1.95938138146E+03));
#20830 = LINE('',#20831,#20832);
#20831 = CARTESIAN_POINT('',(-7.94,222.5,1.71588E+03));
#20832 = VECTOR('',#20833,1.);
#20833 = DIRECTION('',(0.,0.485013814598,-0.874506489198));
#20834 = ORIENTED_EDGE('',*,*,#20729,.F.);
#20835 = ORIENTED_EDGE('',*,*,#20802,.T.);
#20836 = ORIENTED_EDGE('',*,*,#20837,.F.);
#20837 = EDGE_CURVE('',#20828,#20794,#20838,.T.);
#20838 = LINE('',#20839,#20840);
#20839 = CARTESIAN_POINT('',(-140.,87.450648919799,1.95938138146E+03));
#20840 = VECTOR('',#20841,1.);
#20841 = DIRECTION('',(1.,0.,0.));
#20842 = PLANE('',#20843);
#20843 = AXIS2_PLACEMENT_3D('',#20844,#20845,#20846);
#20844 = CARTESIAN_POINT('',(-140.,222.5,1.71588E+03));
#20845 = DIRECTION('',(0.,-0.874506489198,-0.485013814598));
#20846 = DIRECTION('',(0.,-0.485013814598,0.874506489198));
#20847 = ADVANCED_FACE('',(#20848,#20869),#20880,.F.);
#20848 = FACE_BOUND('',#20849,.F.);
#20849 = EDGE_LOOP('',(#20850,#20851,#20852,#20861,#20868));
#20850 = ORIENTED_EDGE('',*,*,#20737,.F.);
#20851 = ORIENTED_EDGE('',*,*,#20827,.F.);
#20852 = ORIENTED_EDGE('',*,*,#20853,.F.);
#20853 = EDGE_CURVE('',#20854,#20828,#20856,.T.);
#20854 = VERTEX_POINT('',#20855);
#20855 = CARTESIAN_POINT('',(-7.94,0.,2.01088E+03));
#20856 = CIRCLE('',#20857,100.);
#20857 = AXIS2_PLACEMENT_3D('',#20858,#20859,#20860);
#20858 = CARTESIAN_POINT('',(-7.94,0.,1.91088E+03));
#20859 = DIRECTION('',(-1.,0.,0.));
#20860 = DIRECTION('',(0.,-1.,0.));
#20861 = ORIENTED_EDGE('',*,*,#20862,.F.);
#20862 = EDGE_CURVE('',#20752,#20854,#20863,.T.);
#20863 = CIRCLE('',#20864,100.);
#20864 = AXIS2_PLACEMENT_3D('',#20865,#20866,#20867);
#20865 = CARTESIAN_POINT('',(-7.94,0.,1.91088E+03));
#20866 = DIRECTION('',(-1.,0.,0.));
#20867 = DIRECTION('',(0.,-1.,0.));
#20868 = ORIENTED_EDGE('',*,*,#20751,.T.);
#20869 = FACE_BOUND('',#20870,.F.);
#20870 = EDGE_LOOP('',(#20871));
#20871 = ORIENTED_EDGE('',*,*,#20872,.T.);
#20872 = EDGE_CURVE('',#20873,#20873,#20875,.T.);
#20873 = VERTEX_POINT('',#20874);
#20874 = CARTESIAN_POINT('',(-7.94,-50.,1.91088E+03));
#20875 = CIRCLE('',#20876,50.);
#20876 = AXIS2_PLACEMENT_3D('',#20877,#20878,#20879);
#20877 = CARTESIAN_POINT('',(-7.94,0.,1.91088E+03));
#20878 = DIRECTION('',(-1.,0.,0.));
#20879 = DIRECTION('',(0.,-1.,0.));
#20880 = PLANE('',#20881);
#20881 = AXIS2_PLACEMENT_3D('',#20882,#20883,#20884);
#20882 = CARTESIAN_POINT('',(-7.94,222.5,1.71588E+03));
#20883 = DIRECTION('',(1.,0.,0.));
#20884 = DIRECTION('',(0.,-1.,0.));
#20885 = ADVANCED_FACE('',(#20886),#20897,.F.);
#20886 = FACE_BOUND('',#20887,.F.);
#20887 = EDGE_LOOP('',(#20888,#20889,#20895,#20896));
#20888 = ORIENTED_EDGE('',*,*,#20872,.F.);
#20889 = ORIENTED_EDGE('',*,*,#20890,.T.);
#20890 = EDGE_CURVE('',#20873,#20811,#20891,.T.);
#20891 = LINE('',#20892,#20893);
#20892 = CARTESIAN_POINT('',(-140.,-50.,1.91088E+03));
#20893 = VECTOR('',#20894,1.);
#20894 = DIRECTION('',(1.,0.,0.));
#20895 = ORIENTED_EDGE('',*,*,#20810,.T.);
#20896 = ORIENTED_EDGE('',*,*,#20890,.F.);
#20897 = CYLINDRICAL_SURFACE('',#20898,50.);
#20898 = AXIS2_PLACEMENT_3D('',#20899,#20900,#20901);
#20899 = CARTESIAN_POINT('',(-140.,0.,1.91088E+03));
#20900 = DIRECTION('',(-1.,0.,0.));
#20901 = DIRECTION('',(0.,-1.,0.));
#20902 = ADVANCED_FACE('',(#20903),#20911,.T.);
#20903 = FACE_BOUND('',#20904,.T.);
#20904 = EDGE_LOOP('',(#20905,#20906,#20907,#20908,#20909,#20910));
#20905 = ORIENTED_EDGE('',*,*,#20793,.T.);
#20906 = ORIENTED_EDGE('',*,*,#20837,.F.);
#20907 = ORIENTED_EDGE('',*,*,#20853,.F.);
#20908 = ORIENTED_EDGE('',*,*,#20862,.F.);
#20909 = ORIENTED_EDGE('',*,*,#20768,.T.);
#20910 = ORIENTED_EDGE('',*,*,#20784,.T.);
#20911 = CYLINDRICAL_SURFACE('',#20912,100.);
#20912 = AXIS2_PLACEMENT_3D('',#20913,#20914,#20915);
#20913 = CARTESIAN_POINT('',(-140.,0.,1.91088E+03));
#20914 = DIRECTION('',(-1.,0.,0.));
#20915 = DIRECTION('',(0.,-1.,0.));
#20916 = ( GEOMETRIC_REPRESENTATION_CONTEXT(3) 
GLOBAL_UNCERTAINTY_ASSIGNED_CONTEXT((#20920)) 
GLOBAL_UNIT_ASSIGNED_CONTEXT((#20917,#20918,#20919)) 
REPRESENTATION_CONTEXT('Context #1',
  '3D Context with UNIT and UNCERTAINTY') );
#20917 = ( LENGTH_UNIT() NAMED_UNIT(*) SI_UNIT(.MILLI.,.METRE.) );
#20918 = ( NAMED_UNIT(*) PLANE_ANGLE_UNIT() SI_UNIT($,.RADIAN.) );
#20919 = ( NAMED_UNIT(*) SI_UNIT($,.STERADIAN.) SOLID_ANGLE_UNIT() );
#20920 = UNCERTAINTY_MEASURE_WITH_UNIT(LENGTH_MEASURE(5.E-04),#20917,
  'distance_accuracy_value','confusion accuracy');
#20921 = SHAPE_REPRESENTATION_RELATIONSHIP('','',#20922,#20457);
#20922 = ADVANCED_BREP_SHAPE_REPRESENTATION('',(#11,#20923),#21134);
#20923 = MANIFOLD_SOLID_BREP('',#20924);
#20924 = CLOSED_SHELL('',(#20925,#20965,#20996,#21041,#21065,#21103,
    #21120));
#20925 = ADVANCED_FACE('',(#20926),#20960,.F.);
#20926 = FACE_BOUND('',#20927,.F.);
#20927 = EDGE_LOOP('',(#20928,#20938,#20946,#20954));
#20928 = ORIENTED_EDGE('',*,*,#20929,.T.);
#20929 = EDGE_CURVE('',#20930,#20932,#20934,.T.);
#20930 = VERTEX_POINT('',#20931);
#20931 = CARTESIAN_POINT('',(124.12,-222.5,1.71588E+03));
#20932 = VERTEX_POINT('',#20933);
#20933 = CARTESIAN_POINT('',(140.,-222.5,1.71588E+03));
#20934 = LINE('',#20935,#20936);
#20935 = CARTESIAN_POINT('',(124.12,-222.5,1.71588E+03));
#20936 = VECTOR('',#20937,1.);
#20937 = DIRECTION('',(1.,0.,0.));
#20938 = ORIENTED_EDGE('',*,*,#20939,.T.);
#20939 = EDGE_CURVE('',#20932,#20940,#20942,.T.);
#20940 = VERTEX_POINT('',#20941);
#20941 = CARTESIAN_POINT('',(140.,222.5,1.71588E+03));
#20942 = LINE('',#20943,#20944);
#20943 = CARTESIAN_POINT('',(140.,-222.5,1.71588E+03));
#20944 = VECTOR('',#20945,1.);
#20945 = DIRECTION('',(0.,1.,0.));
#20946 = ORIENTED_EDGE('',*,*,#20947,.T.);
#20947 = EDGE_CURVE('',#20940,#20948,#20950,.T.);
#20948 = VERTEX_POINT('',#20949);
#20949 = CARTESIAN_POINT('',(124.12,222.5,1.71588E+03));
#20950 = LINE('',#20951,#20952);
#20951 = CARTESIAN_POINT('',(140.,222.5,1.71588E+03));
#20952 = VECTOR('',#20953,1.);
#20953 = DIRECTION('',(-1.,0.,0.));
#20954 = ORIENTED_EDGE('',*,*,#20955,.T.);
#20955 = EDGE_CURVE('',#20948,#20930,#20956,.T.);
#20956 = LINE('',#20957,#20958);
#20957 = CARTESIAN_POINT('',(124.12,222.5,1.71588E+03));
#20958 = VECTOR('',#20959,1.);
#20959 = DIRECTION('',(0.,-1.,0.));
#20960 = PLANE('',#20961);
#20961 = AXIS2_PLACEMENT_3D('',#20962,#20963,#20964);
#20962 = CARTESIAN_POINT('',(0.,0.,1.71588E+03));
#20963 = DIRECTION('',(0.,0.,1.));
#20964 = DIRECTION('',(1.,0.,0.));
#20965 = ADVANCED_FACE('',(#20966),#20991,.T.);
#20966 = FACE_BOUND('',#20967,.T.);
#20967 = EDGE_LOOP('',(#20968,#20976,#20977,#20985));
#20968 = ORIENTED_EDGE('',*,*,#20969,.T.);
#20969 = EDGE_CURVE('',#20970,#20930,#20972,.T.);
#20970 = VERTEX_POINT('',#20971);
#20971 = CARTESIAN_POINT('',(124.12,-87.45064891979,1.95938138146E+03));
#20972 = LINE('',#20973,#20974);
#20973 = CARTESIAN_POINT('',(124.12,-170.1594559219,1.810252869528E+03)
  );
#20974 = VECTOR('',#20975,1.);
#20975 = DIRECTION('',(0.,-0.485013814598,-0.874506489198));
#20976 = ORIENTED_EDGE('',*,*,#20929,.T.);
#20977 = ORIENTED_EDGE('',*,*,#20978,.T.);
#20978 = EDGE_CURVE('',#20932,#20979,#20981,.T.);
#20979 = VERTEX_POINT('',#20980);
#20980 = CARTESIAN_POINT('',(140.,-87.45064891979,1.95938138146E+03));
#20981 = LINE('',#20982,#20983);
#20982 = CARTESIAN_POINT('',(140.,-222.5,1.71588E+03));
#20983 = VECTOR('',#20984,1.);
#20984 = DIRECTION('',(0.,0.485013814598,0.874506489198));
#20985 = ORIENTED_EDGE('',*,*,#20986,.F.);
#20986 = EDGE_CURVE('',#20970,#20979,#20987,.T.);
#20987 = LINE('',#20988,#20989);
#20988 = CARTESIAN_POINT('',(-140.,-87.45064891979,1.95938138146E+03));
#20989 = VECTOR('',#20990,1.);
#20990 = DIRECTION('',(1.,0.,0.));
#20991 = PLANE('',#20992);
#20992 = AXIS2_PLACEMENT_3D('',#20993,#20994,#20995);
#20993 = CARTESIAN_POINT('',(-140.,-222.5,1.71588E+03));
#20994 = DIRECTION('',(0.,-0.874506489198,0.485013814598));
#20995 = DIRECTION('',(0.,0.485013814598,0.874506489198));
#20996 = ADVANCED_FACE('',(#20997,#21025),#21036,.F.);
#20997 = FACE_BOUND('',#20998,.F.);
#20998 = EDGE_LOOP('',(#20999,#21000,#21001,#21010,#21019));
#20999 = ORIENTED_EDGE('',*,*,#20939,.F.);
#21000 = ORIENTED_EDGE('',*,*,#20978,.T.);
#21001 = ORIENTED_EDGE('',*,*,#21002,.T.);
#21002 = EDGE_CURVE('',#20979,#21003,#21005,.T.);
#21003 = VERTEX_POINT('',#21004);
#21004 = CARTESIAN_POINT('',(140.,0.,2.01088E+03));
#21005 = CIRCLE('',#21006,100.);
#21006 = AXIS2_PLACEMENT_3D('',#21007,#21008,#21009);
#21007 = CARTESIAN_POINT('',(140.,0.,1.91088E+03));
#21008 = DIRECTION('',(-1.,0.,0.));
#21009 = DIRECTION('',(0.,-1.,0.));
#21010 = ORIENTED_EDGE('',*,*,#21011,.T.);
#21011 = EDGE_CURVE('',#21003,#21012,#21014,.T.);
#21012 = VERTEX_POINT('',#21013);
#21013 = CARTESIAN_POINT('',(140.,87.450648919799,1.95938138146E+03));
#21014 = CIRCLE('',#21015,100.);
#21015 = AXIS2_PLACEMENT_3D('',#21016,#21017,#21018);
#21016 = CARTESIAN_POINT('',(140.,0.,1.91088E+03));
#21017 = DIRECTION('',(-1.,0.,0.));
#21018 = DIRECTION('',(0.,-1.,0.));
#21019 = ORIENTED_EDGE('',*,*,#21020,.F.);
#21020 = EDGE_CURVE('',#20940,#21012,#21021,.T.);
#21021 = LINE('',#21022,#21023);
#21022 = CARTESIAN_POINT('',(140.,170.15945592198,1.810252869528E+03));
#21023 = VECTOR('',#21024,1.);
#21024 = DIRECTION('',(0.,-0.485013814598,0.874506489198));
#21025 = FACE_BOUND('',#21026,.F.);
#21026 = EDGE_LOOP('',(#21027));
#21027 = ORIENTED_EDGE('',*,*,#21028,.F.);
#21028 = EDGE_CURVE('',#21029,#21029,#21031,.T.);
#21029 = VERTEX_POINT('',#21030);
#21030 = CARTESIAN_POINT('',(140.,-50.,1.91088E+03));
#21031 = CIRCLE('',#21032,50.);
#21032 = AXIS2_PLACEMENT_3D('',#21033,#21034,#21035);
#21033 = CARTESIAN_POINT('',(140.,0.,1.91088E+03));
#21034 = DIRECTION('',(-1.,0.,0.));
#21035 = DIRECTION('',(0.,-1.,0.));
#21036 = PLANE('',#21037);
#21037 = AXIS2_PLACEMENT_3D('',#21038,#21039,#21040);
#21038 = CARTESIAN_POINT('',(140.,-222.5,1.71588E+03));
#21039 = DIRECTION('',(-1.,0.,0.));
#21040 = DIRECTION('',(0.,1.,0.));
#21041 = ADVANCED_FACE('',(#21042),#21060,.F.);
#21042 = FACE_BOUND('',#21043,.F.);
#21043 = EDGE_LOOP('',(#21044,#21052,#21053,#21054));
#21044 = ORIENTED_EDGE('',*,*,#21045,.T.);
#21045 = EDGE_CURVE('',#21046,#20948,#21048,.T.);
#21046 = VERTEX_POINT('',#21047);
#21047 = CARTESIAN_POINT('',(124.12,87.450648919799,1.95938138146E+03));
#21048 = LINE('',#21049,#21050);
#21049 = CARTESIAN_POINT('',(124.12,222.5,1.71588E+03));
#21050 = VECTOR('',#21051,1.);
#21051 = DIRECTION('',(0.,0.485013814598,-0.874506489198));
#21052 = ORIENTED_EDGE('',*,*,#20947,.F.);
#21053 = ORIENTED_EDGE('',*,*,#21020,.T.);
#21054 = ORIENTED_EDGE('',*,*,#21055,.F.);
#21055 = EDGE_CURVE('',#21046,#21012,#21056,.T.);
#21056 = LINE('',#21057,#21058);
#21057 = CARTESIAN_POINT('',(-140.,87.450648919799,1.95938138146E+03));
#21058 = VECTOR('',#21059,1.);
#21059 = DIRECTION('',(1.,0.,0.));
#21060 = PLANE('',#21061);
#21061 = AXIS2_PLACEMENT_3D('',#21062,#21063,#21064);
#21062 = CARTESIAN_POINT('',(-140.,222.5,1.71588E+03));
#21063 = DIRECTION('',(0.,-0.874506489198,-0.485013814598));
#21064 = DIRECTION('',(0.,-0.485013814598,0.874506489198));
#21065 = ADVANCED_FACE('',(#21066,#21087),#21098,.F.);
#21066 = FACE_BOUND('',#21067,.F.);
#21067 = EDGE_LOOP('',(#21068,#21069,#21070,#21079,#21086));
#21068 = ORIENTED_EDGE('',*,*,#20955,.F.);
#21069 = ORIENTED_EDGE('',*,*,#21045,.F.);
#21070 = ORIENTED_EDGE('',*,*,#21071,.F.);
#21071 = EDGE_CURVE('',#21072,#21046,#21074,.T.);
#21072 = VERTEX_POINT('',#21073);
#21073 = CARTESIAN_POINT('',(124.12,0.,2.01088E+03));
#21074 = CIRCLE('',#21075,100.);
#21075 = AXIS2_PLACEMENT_3D('',#21076,#21077,#21078);
#21076 = CARTESIAN_POINT('',(124.12,0.,1.91088E+03));
#21077 = DIRECTION('',(-1.,0.,0.));
#21078 = DIRECTION('',(0.,-1.,0.));
#21079 = ORIENTED_EDGE('',*,*,#21080,.F.);
#21080 = EDGE_CURVE('',#20970,#21072,#21081,.T.);
#21081 = CIRCLE('',#21082,100.);
#21082 = AXIS2_PLACEMENT_3D('',#21083,#21084,#21085);
#21083 = CARTESIAN_POINT('',(124.12,0.,1.91088E+03));
#21084 = DIRECTION('',(-1.,0.,0.));
#21085 = DIRECTION('',(0.,-1.,0.));
#21086 = ORIENTED_EDGE('',*,*,#20969,.T.);
#21087 = FACE_BOUND('',#21088,.F.);
#21088 = EDGE_LOOP('',(#21089));
#21089 = ORIENTED_EDGE('',*,*,#21090,.T.);
#21090 = EDGE_CURVE('',#21091,#21091,#21093,.T.);
#21091 = VERTEX_POINT('',#21092);
#21092 = CARTESIAN_POINT('',(124.12,-50.,1.91088E+03));
#21093 = CIRCLE('',#21094,50.);
#21094 = AXIS2_PLACEMENT_3D('',#21095,#21096,#21097);
#21095 = CARTESIAN_POINT('',(124.12,0.,1.91088E+03));
#21096 = DIRECTION('',(-1.,0.,0.));
#21097 = DIRECTION('',(0.,-1.,0.));
#21098 = PLANE('',#21099);
#21099 = AXIS2_PLACEMENT_3D('',#21100,#21101,#21102);
#21100 = CARTESIAN_POINT('',(124.12,222.5,1.71588E+03));
#21101 = DIRECTION('',(1.,0.,0.));
#21102 = DIRECTION('',(0.,-1.,0.));
#21103 = ADVANCED_FACE('',(#21104),#21115,.F.);
#21104 = FACE_BOUND('',#21105,.F.);
#21105 = EDGE_LOOP('',(#21106,#21107,#21113,#21114));
#21106 = ORIENTED_EDGE('',*,*,#21090,.F.);
#21107 = ORIENTED_EDGE('',*,*,#21108,.T.);
#21108 = EDGE_CURVE('',#21091,#21029,#21109,.T.);
#21109 = LINE('',#21110,#21111);
#21110 = CARTESIAN_POINT('',(-140.,-50.,1.91088E+03));
#21111 = VECTOR('',#21112,1.);
#21112 = DIRECTION('',(1.,0.,0.));
#21113 = ORIENTED_EDGE('',*,*,#21028,.T.);
#21114 = ORIENTED_EDGE('',*,*,#21108,.F.);
#21115 = CYLINDRICAL_SURFACE('',#21116,50.);
#21116 = AXIS2_PLACEMENT_3D('',#21117,#21118,#21119);
#21117 = CARTESIAN_POINT('',(-140.,0.,1.91088E+03));
#21118 = DIRECTION('',(-1.,0.,0.));
#21119 = DIRECTION('',(0.,-1.,0.));
#21120 = ADVANCED_FACE('',(#21121),#21129,.T.);
#21121 = FACE_BOUND('',#21122,.T.);
#21122 = EDGE_LOOP('',(#21123,#21124,#21125,#21126,#21127,#21128));
#21123 = ORIENTED_EDGE('',*,*,#21011,.T.);
#21124 = ORIENTED_EDGE('',*,*,#21055,.F.);
#21125 = ORIENTED_EDGE('',*,*,#21071,.F.);
#21126 = ORIENTED_EDGE('',*,*,#21080,.F.);
#21127 = ORIENTED_EDGE('',*,*,#20986,.T.);
#21128 = ORIENTED_EDGE('',*,*,#21002,.T.);
#21129 = CYLINDRICAL_SURFACE('',#21130,100.);
#21130 = AXIS2_PLACEMENT_3D('',#21131,#21132,#21133);
#21131 = CARTESIAN_POINT('',(-140.,0.,1.91088E+03));
#21132 = DIRECTION('',(-1.,0.,0.));
#21133 = DIRECTION('',(0.,-1.,0.));
#21134 = ( GEOMETRIC_REPRESENTATION_CONTEXT(3) 
GLOBAL_UNCERTAINTY_ASSIGNED_CONTEXT((#21138)) 
GLOBAL_UNIT_ASSIGNED_CONTEXT((#21135,#21136,#21137)) 
REPRESENTATION_CONTEXT('Context #1',
  '3D Context with UNIT and UNCERTAINTY') );
#21135 = ( LENGTH_UNIT() NAMED_UNIT(*) SI_UNIT(.MILLI.,.METRE.) );
#21136 = ( NAMED_UNIT(*) PLANE_ANGLE_UNIT() SI_UNIT($,.RADIAN.) );
#21137 = ( NAMED_UNIT(*) SI_UNIT($,.STERADIAN.) SOLID_ANGLE_UNIT() );
#21138 = UNCERTAINTY_MEASURE_WITH_UNIT(LENGTH_MEASURE(5.E-04),#21135,
  'distance_accuracy_value','confusion accuracy');
#21139 = SHAPE_DEFINITION_REPRESENTATION(#21140,#21146);
#21140 = PRODUCT_DEFINITION_SHAPE('','',#21141);
#21141 = PRODUCT_DEFINITION('design','',#21142,#21145);
#21142 = PRODUCT_DEFINITION_FORMATION_WITH_SPECIFIED_SOURCE('','',#21143
  ,.NOT_KNOWN.);
#21143 = PRODUCT('tubo_olhal','tubo_olhal','',(#21144));
#21144 = MECHANICAL_CONTEXT('',#2,'mechanical');
#21145 = DESIGN_CONTEXT('',#2,'design');
#21146 = ADVANCED_BREP_SHAPE_REPRESENTATION('',(#11,#21147),#21239);
#21147 = MANIFOLD_SOLID_BREP('',#21148);
#21148 = CLOSED_SHELL('',(#21149,#21182,#21202,#21222));
#21149 = ADVANCED_FACE('',(#21150),#21177,.T.);
#21150 = FACE_BOUND('',#21151,.T.);
#21151 = EDGE_LOOP('',(#21152,#21161,#21169,#21176));
#21152 = ORIENTED_EDGE('',*,*,#21153,.F.);
#21153 = EDGE_CURVE('',#21154,#21154,#21156,.T.);
#21154 = VERTEX_POINT('',#21155);
#21155 = CARTESIAN_POINT('',(-140.,-50.,1.91088E+03));
#21156 = CIRCLE('',#21157,50.);
#21157 = AXIS2_PLACEMENT_3D('',#21158,#21159,#21160);
#21158 = CARTESIAN_POINT('',(-140.,0.,1.91088E+03));
#21159 = DIRECTION('',(-1.,0.,0.));
#21160 = DIRECTION('',(0.,-1.,0.));
#21161 = ORIENTED_EDGE('',*,*,#21162,.T.);
#21162 = EDGE_CURVE('',#21154,#21163,#21165,.T.);
#21163 = VERTEX_POINT('',#21164);
#21164 = CARTESIAN_POINT('',(140.,-50.,1.91088E+03));
#21165 = LINE('',#21166,#21167);
#21166 = CARTESIAN_POINT('',(-140.,-50.,1.91088E+03));
#21167 = VECTOR('',#21168,1.);
#21168 = DIRECTION('',(1.,0.,0.));
#21169 = ORIENTED_EDGE('',*,*,#21170,.T.);
#21170 = EDGE_CURVE('',#21163,#21163,#21171,.T.);
#21171 = CIRCLE('',#21172,50.);
#21172 = AXIS2_PLACEMENT_3D('',#21173,#21174,#21175);
#21173 = CARTESIAN_POINT('',(140.,0.,1.91088E+03));
#21174 = DIRECTION('',(-1.,0.,0.));
#21175 = DIRECTION('',(0.,-1.,0.));
#21176 = ORIENTED_EDGE('',*,*,#21162,.F.);
#21177 = CYLINDRICAL_SURFACE('',#21178,50.);
#21178 = AXIS2_PLACEMENT_3D('',#21179,#21180,#21181);
#21179 = CARTESIAN_POINT('',(-140.,0.,1.91088E+03));
#21180 = DIRECTION('',(-1.,0.,0.));
#21181 = DIRECTION('',(0.,-1.,0.));
#21182 = ADVANCED_FACE('',(#21183,#21186),#21197,.F.);
#21183 = FACE_BOUND('',#21184,.T.);
#21184 = EDGE_LOOP('',(#21185));
#21185 = ORIENTED_EDGE('',*,*,#21153,.T.);
#21186 = FACE_BOUND('',#21187,.F.);
#21187 = EDGE_LOOP('',(#21188));
#21188 = ORIENTED_EDGE('',*,*,#21189,.T.);
#21189 = EDGE_CURVE('',#21190,#21190,#21192,.T.);
#21190 = VERTEX_POINT('',#21191);
#21191 = CARTESIAN_POINT('',(-140.,-34.12,1.91088E+03));
#21192 = CIRCLE('',#21193,34.12);
#21193 = AXIS2_PLACEMENT_3D('',#21194,#21195,#21196);
#21194 = CARTESIAN_POINT('',(-140.,0.,1.91088E+03));
#21195 = DIRECTION('',(-1.,0.,0.));
#21196 = DIRECTION('',(0.,-1.,0.));
#21197 = PLANE('',#21198);
#21198 = AXIS2_PLACEMENT_3D('',#21199,#21200,#21201);
#21199 = CARTESIAN_POINT('',(-140.,2.08E-15,1.91088E+03));
#21200 = DIRECTION('',(1.,0.,0.));
#21201 = DIRECTION('',(0.,0.,1.));
#21202 = ADVANCED_FACE('',(#21203,#21206),#21217,.F.);
#21203 = FACE_BOUND('',#21204,.F.);
#21204 = EDGE_LOOP('',(#21205));
#21205 = ORIENTED_EDGE('',*,*,#21170,.T.);
#21206 = FACE_BOUND('',#21207,.F.);
#21207 = EDGE_LOOP('',(#21208));
#21208 = ORIENTED_EDGE('',*,*,#21209,.F.);
#21209 = EDGE_CURVE('',#21210,#21210,#21212,.T.);
#21210 = VERTEX_POINT('',#21211);
#21211 = CARTESIAN_POINT('',(140.,-34.12,1.91088E+03));
#21212 = CIRCLE('',#21213,34.12);
#21213 = AXIS2_PLACEMENT_3D('',#21214,#21215,#21216);
#21214 = CARTESIAN_POINT('',(140.,0.,1.91088E+03));
#21215 = DIRECTION('',(-1.,0.,0.));
#21216 = DIRECTION('',(0.,-1.,0.));
#21217 = PLANE('',#21218);
#21218 = AXIS2_PLACEMENT_3D('',#21219,#21220,#21221);
#21219 = CARTESIAN_POINT('',(140.,-222.5,1.71588E+03));
#21220 = DIRECTION('',(-1.,0.,0.));
#21221 = DIRECTION('',(0.,1.,0.));
#21222 = ADVANCED_FACE('',(#21223),#21234,.F.);
#21223 = FACE_BOUND('',#21224,.F.);
#21224 = EDGE_LOOP('',(#21225,#21226,#21232,#21233));
#21225 = ORIENTED_EDGE('',*,*,#21189,.F.);
#21226 = ORIENTED_EDGE('',*,*,#21227,.T.);
#21227 = EDGE_CURVE('',#21190,#21210,#21228,.T.);
#21228 = LINE('',#21229,#21230);
#21229 = CARTESIAN_POINT('',(-140.,-34.12,1.91088E+03));
#21230 = VECTOR('',#21231,1.);
#21231 = DIRECTION('',(1.,0.,0.));
#21232 = ORIENTED_EDGE('',*,*,#21209,.T.);
#21233 = ORIENTED_EDGE('',*,*,#21227,.F.);
#21234 = CYLINDRICAL_SURFACE('',#21235,34.12);
#21235 = AXIS2_PLACEMENT_3D('',#21236,#21237,#21238);
#21236 = CARTESIAN_POINT('',(-140.,0.,1.91088E+03));
#21237 = DIRECTION('',(-1.,0.,0.));
#21238 = DIRECTION('',(0.,-1.,0.));
#21239 = ( GEOMETRIC_REPRESENTATION_CONTEXT(3) 
GLOBAL_UNCERTAINTY_ASSIGNED_CONTEXT((#21243)) 
GLOBAL_UNIT_ASSIGNED_CONTEXT((#21240,#21241,#21242)) 
REPRESENTATION_CONTEXT('Context #1',
  '3D Context with UNIT and UNCERTAINTY') );
#21240 = ( LENGTH_UNIT() NAMED_UNIT(*) SI_UNIT(.MILLI.,.METRE.) );
#21241 = ( NAMED_UNIT(*) PLANE_ANGLE_UNIT() SI_UNIT($,.RADIAN.) );
#21242 = ( NAMED_UNIT(*) SI_UNIT($,.STERADIAN.) SOLID_ANGLE_UNIT() );
#21243 = UNCERTAINTY_MEASURE_WITH_UNIT(LENGTH_MEASURE(1.E-07),#21240,
  'distance_accuracy_value','confusion accuracy');
#21244 = CONTEXT_DEPENDENT_SHAPE_REPRESENTATION(#21245,#21247);
#21245 = ( REPRESENTATION_RELATIONSHIP('','',#21146,#20217) 
REPRESENTATION_RELATIONSHIP_WITH_TRANSFORMATION(#21246) 
SHAPE_REPRESENTATION_RELATIONSHIP() );
#21246 = ITEM_DEFINED_TRANSFORMATION('','',#11,#20226);
#21247 = PRODUCT_DEFINITION_SHAPE('Placement','Placement of an item',
  #21248);
#21248 = NEXT_ASSEMBLY_USAGE_OCCURRENCE('40','tubo_olhal','',#20212,
  #21141,$);
#21249 = CC_DESIGN_SECURITY_CLASSIFICATION(#21250,(#21248));
#21250 = SECURITY_CLASSIFICATION('','',#55);
#21251 = CC_DESIGN_PERSON_AND_ORGANIZATION_ASSIGNMENT(#44,#53,(#21250));
#21252 = CC_DESIGN_DATE_AND_TIME_ASSIGNMENT(#58,#64,(#21250));
#21253 = CC_DESIGN_APPROVAL(#66,(#21250));
#21254 = PRODUCT_RELATED_PRODUCT_CATEGORY('detail',$,(#21143));
#21255 = PRODUCT_CATEGORY_RELATIONSHIP('','',#21256,#21254);
#21256 = PRODUCT_CATEGORY('part',$);
#21257 = CC_DESIGN_PERSON_AND_ORGANIZATION_ASSIGNMENT(#44,#47,(#21142,
    #21141));
#21258 = CC_DESIGN_PERSON_AND_ORGANIZATION_ASSIGNMENT(#44,#49,(#21143));
#21259 = CC_DESIGN_PERSON_AND_ORGANIZATION_ASSIGNMENT(#44,#51,(#21142));
#21260 = CC_DESIGN_PERSON_AND_ORGANIZATION_ASSIGNMENT(#44,#53,(#21261));
#21261 = SECURITY_CLASSIFICATION('','',#55);
#21262 = CC_DESIGN_SECURITY_CLASSIFICATION(#21261,(#21142));
#21263 = CC_DESIGN_DATE_AND_TIME_ASSIGNMENT(#58,#62,(#21141));
#21264 = CC_DESIGN_DATE_AND_TIME_ASSIGNMENT(#58,#64,(#21261));
#21265 = CC_DESIGN_APPROVAL(#66,(#21142,#21141,#21261));
#21266 = SHAPE_DEFINITION_REPRESENTATION(#21267,#21273);
#21267 = PRODUCT_DEFINITION_SHAPE('','',#21268);
#21268 = PRODUCT_DEFINITION('design','',#21269,#21272);
#21269 = PRODUCT_DEFINITION_FORMATION_WITH_SPECIFIED_SOURCE('','',#21270
  ,.NOT_KNOWN.);
#21270 = PRODUCT('reforço_esquerdo','reforço_esquerdo','',(#21271));
#21271 = MECHANICAL_CONTEXT('',#2,'mechanical');
#21272 = DESIGN_CONTEXT('',#2,'design');
#21273 = SHAPE_REPRESENTATION('',(#11),#21274);
#21274 = ( GEOMETRIC_REPRESENTATION_CONTEXT(3) 
GLOBAL_UNCERTAINTY_ASSIGNED_CONTEXT((#21278)) 
GLOBAL_UNIT_ASSIGNED_CONTEXT((#21275,#21276,#21277)) 
REPRESENTATION_CONTEXT('Context #1',
  '3D Context with UNIT and UNCERTAINTY') );
#21275 = ( LENGTH_UNIT() NAMED_UNIT(*) SI_UNIT(.MILLI.,.METRE.) );
#21276 = ( NAMED_UNIT(*) PLANE_ANGLE_UNIT() SI_UNIT($,.RADIAN.) );
#21277 = ( NAMED_UNIT(*) SI_UNIT($,.STERADIAN.) SOLID_ANGLE_UNIT() );
#21278 = UNCERTAINTY_MEASURE_WITH_UNIT(LENGTH_MEASURE(1.E-07),#21275,
  'distance_accuracy_value','confusion accuracy');
#21279 = CONTEXT_DEPENDENT_SHAPE_REPRESENTATION(#21280,#21282);
#21280 = ( REPRESENTATION_RELATIONSHIP('','',#21273,#20217) 
REPRESENTATION_RELATIONSHIP_WITH_TRANSFORMATION(#21281) 
SHAPE_REPRESENTATION_RELATIONSHIP() );
#21281 = ITEM_DEFINED_TRANSFORMATION('','',#11,#20230);
#21282 = PRODUCT_DEFINITION_SHAPE('Placement','Placement of an item',
  #21283);
#21283 = NEXT_ASSEMBLY_USAGE_OCCURRENCE('41','reforço_esquerdo','',
  #20212,#21268,$);
#21284 = CC_DESIGN_SECURITY_CLASSIFICATION(#21285,(#21283));
#21285 = SECURITY_CLASSIFICATION('','',#55);
#21286 = CC_DESIGN_PERSON_AND_ORGANIZATION_ASSIGNMENT(#44,#53,(#21285));
#21287 = CC_DESIGN_DATE_AND_TIME_ASSIGNMENT(#58,#64,(#21285));
#21288 = CC_DESIGN_APPROVAL(#66,(#21285));
#21289 = PRODUCT_RELATED_PRODUCT_CATEGORY('detail',$,(#21270));
#21290 = PRODUCT_CATEGORY_RELATIONSHIP('','',#21291,#21289);
#21291 = PRODUCT_CATEGORY('part',$);
#21292 = CC_DESIGN_PERSON_AND_ORGANIZATION_ASSIGNMENT(#44,#47,(#21269,
    #21268));
#21293 = CC_DESIGN_PERSON_AND_ORGANIZATION_ASSIGNMENT(#44,#49,(#21270));
#21294 = CC_DESIGN_PERSON_AND_ORGANIZATION_ASSIGNMENT(#44,#51,(#21269));
#21295 = CC_DESIGN_PERSON_AND_ORGANIZATION_ASSIGNMENT(#44,#53,(#21296));
#21296 = SECURITY_CLASSIFICATION('','',#55);
#21297 = CC_DESIGN_SECURITY_CLASSIFICATION(#21296,(#21269));
#21298 = CC_DESIGN_DATE_AND_TIME_ASSIGNMENT(#58,#62,(#21268));
#21299 = CC_DESIGN_DATE_AND_TIME_ASSIGNMENT(#58,#64,(#21296));
#21300 = CC_DESIGN_APPROVAL(#66,(#21269,#21268,#21296));
#21301 = SHAPE_REPRESENTATION_RELATIONSHIP('','',#21302,#21273);
#21302 = ADVANCED_BREP_SHAPE_REPRESENTATION('',(#11,#21303),#21453);
#21303 = MANIFOLD_SOLID_BREP('',#21304);
#21304 = CLOSED_SHELL('',(#21305,#21345,#21376,#21400,#21424,#21441));
#21305 = ADVANCED_FACE('',(#21306),#21340,.F.);
#21306 = FACE_BOUND('',#21307,.F.);
#21307 = EDGE_LOOP('',(#21308,#21318,#21326,#21334));
#21308 = ORIENTED_EDGE('',*,*,#21309,.F.);
#21309 = EDGE_CURVE('',#21310,#21312,#21314,.T.);
#21310 = VERTEX_POINT('',#21311);
#21311 = CARTESIAN_POINT('',(-124.12,-165.3248953923,1.71588E+03));
#21312 = VERTEX_POINT('',#21313);
#21313 = CARTESIAN_POINT('',(-124.12,-43.72532445989,1.93513069073E+03)
  );
#21314 = LINE('',#21315,#21316);
#21315 = CARTESIAN_POINT('',(-124.12,-165.3248953923,1.71588E+03));
#21316 = VECTOR('',#21317,1.);
#21317 = DIRECTION('',(0.,0.485013814598,0.874506489198));
#21318 = ORIENTED_EDGE('',*,*,#21319,.T.);
#21319 = EDGE_CURVE('',#21310,#21320,#21322,.T.);
#21320 = VERTEX_POINT('',#21321);
#21321 = CARTESIAN_POINT('',(-7.94,-165.3248953923,1.71588E+03));
#21322 = LINE('',#21323,#21324);
#21323 = CARTESIAN_POINT('',(-124.12,-165.3248953923,1.71588E+03));
#21324 = VECTOR('',#21325,1.);
#21325 = DIRECTION('',(1.,0.,0.));
#21326 = ORIENTED_EDGE('',*,*,#21327,.T.);
#21327 = EDGE_CURVE('',#21320,#21328,#21330,.T.);
#21328 = VERTEX_POINT('',#21329);
#21329 = CARTESIAN_POINT('',(-7.94,-43.72532445989,1.93513069073E+03));
#21330 = LINE('',#21331,#21332);
#21331 = CARTESIAN_POINT('',(-7.94,-119.7092413881,1.798127524163E+03));
#21332 = VECTOR('',#21333,1.);
#21333 = DIRECTION('',(0.,0.485013814598,0.874506489198));
#21334 = ORIENTED_EDGE('',*,*,#21335,.F.);
#21335 = EDGE_CURVE('',#21312,#21328,#21336,.T.);
#21336 = LINE('',#21337,#21338);
#21337 = CARTESIAN_POINT('',(-124.12,-43.72532445989,1.93513069073E+03)
  );
#21338 = VECTOR('',#21339,1.);
#21339 = DIRECTION('',(1.,0.,0.));
#21340 = PLANE('',#21341);
#21341 = AXIS2_PLACEMENT_3D('',#21342,#21343,#21344);
#21342 = CARTESIAN_POINT('',(-124.12,-165.3248953923,1.71588E+03));
#21343 = DIRECTION('',(0.,-0.874506489198,0.485013814598));
#21344 = DIRECTION('',(0.,0.485013814598,0.874506489198));
#21345 = ADVANCED_FACE('',(#21346),#21371,.F.);
#21346 = FACE_BOUND('',#21347,.F.);
#21347 = EDGE_LOOP('',(#21348,#21349,#21357,#21365));
#21348 = ORIENTED_EDGE('',*,*,#21309,.T.);
#21349 = ORIENTED_EDGE('',*,*,#21350,.F.);
#21350 = EDGE_CURVE('',#21351,#21312,#21353,.T.);
#21351 = VERTEX_POINT('',#21352);
#21352 = CARTESIAN_POINT('',(-124.12,-57.61248750836,1.942832710106E+03)
  );
#21353 = LINE('',#21354,#21355);
#21354 = CARTESIAN_POINT('',(-124.12,-57.61248750836,1.942832710106E+03)
  );
#21355 = VECTOR('',#21356,1.);
#21356 = DIRECTION('',(0.,0.874506489198,-0.485013814598));
#21357 = ORIENTED_EDGE('',*,*,#21358,.F.);
#21358 = EDGE_CURVE('',#21359,#21351,#21361,.T.);
#21359 = VERTEX_POINT('',#21360);
#21360 = CARTESIAN_POINT('',(-124.12,-179.2120584407,1.723582019376E+03)
  );
#21361 = LINE('',#21362,#21363);
#21362 = CARTESIAN_POINT('',(-124.12,-179.2120584407,1.723582019376E+03)
  );
#21363 = VECTOR('',#21364,1.);
#21364 = DIRECTION('',(0.,0.485013814598,0.874506489198));
#21365 = ORIENTED_EDGE('',*,*,#21366,.F.);
#21366 = EDGE_CURVE('',#21310,#21359,#21367,.T.);
#21367 = LINE('',#21368,#21369);
#21368 = CARTESIAN_POINT('',(-124.12,-165.3248953923,1.71588E+03));
#21369 = VECTOR('',#21370,1.);
#21370 = DIRECTION('',(0.,-0.874506489198,0.485013814598));
#21371 = PLANE('',#21372);
#21372 = AXIS2_PLACEMENT_3D('',#21373,#21374,#21375);
#21373 = CARTESIAN_POINT('',(-124.12,-2.56E-15,1.829356355053E+03));
#21374 = DIRECTION('',(1.,0.,0.));
#21375 = DIRECTION('',(0.,0.,1.));
#21376 = ADVANCED_FACE('',(#21377),#21395,.T.);
#21377 = FACE_BOUND('',#21378,.T.);
#21378 = EDGE_LOOP('',(#21379,#21380,#21388,#21394));
#21379 = ORIENTED_EDGE('',*,*,#21350,.F.);
#21380 = ORIENTED_EDGE('',*,*,#21381,.T.);
#21381 = EDGE_CURVE('',#21351,#21382,#21384,.T.);
#21382 = VERTEX_POINT('',#21383);
#21383 = CARTESIAN_POINT('',(-7.94,-57.61248750836,1.942832710106E+03));
#21384 = LINE('',#21385,#21386);
#21385 = CARTESIAN_POINT('',(-124.12,-57.61248750836,1.942832710106E+03)
  );
#21386 = VECTOR('',#21387,1.);
#21387 = DIRECTION('',(1.,0.,0.));
#21388 = ORIENTED_EDGE('',*,*,#21389,.T.);
#21389 = EDGE_CURVE('',#21382,#21328,#21390,.T.);
#21390 = LINE('',#21391,#21392);
#21391 = CARTESIAN_POINT('',(-7.94,97.627887707908,1.856734176255E+03));
#21392 = VECTOR('',#21393,1.);
#21393 = DIRECTION('',(0.,0.874506489198,-0.485013814598));
#21394 = ORIENTED_EDGE('',*,*,#21335,.F.);
#21395 = PLANE('',#21396);
#21396 = AXIS2_PLACEMENT_3D('',#21397,#21398,#21399);
#21397 = CARTESIAN_POINT('',(-124.12,-57.61248750836,1.942832710106E+03)
  );
#21398 = DIRECTION('',(0.,0.485013814598,0.874506489198));
#21399 = DIRECTION('',(0.,0.874506489198,-0.485013814598));
#21400 = ADVANCED_FACE('',(#21401),#21419,.T.);
#21401 = FACE_BOUND('',#21402,.T.);
#21402 = EDGE_LOOP('',(#21403,#21411,#21412,#21413));
#21403 = ORIENTED_EDGE('',*,*,#21404,.F.);
#21404 = EDGE_CURVE('',#21320,#21405,#21407,.T.);
#21405 = VERTEX_POINT('',#21406);
#21406 = CARTESIAN_POINT('',(-7.94,-179.2120584407,1.723582019376E+03));
#21407 = LINE('',#21408,#21409);
#21408 = CARTESIAN_POINT('',(-7.94,-17.02810170026,1.633632475837E+03));
#21409 = VECTOR('',#21410,1.);
#21410 = DIRECTION('',(0.,-0.874506489198,0.485013814598));
#21411 = ORIENTED_EDGE('',*,*,#21327,.T.);
#21412 = ORIENTED_EDGE('',*,*,#21389,.F.);
#21413 = ORIENTED_EDGE('',*,*,#21414,.F.);
#21414 = EDGE_CURVE('',#21405,#21382,#21415,.T.);
#21415 = LINE('',#21416,#21417);
#21416 = CARTESIAN_POINT('',(-7.94,-133.5964044366,1.805829543539E+03));
#21417 = VECTOR('',#21418,1.);
#21418 = DIRECTION('',(0.,0.485013814598,0.874506489198));
#21419 = PLANE('',#21420);
#21420 = AXIS2_PLACEMENT_3D('',#21421,#21422,#21423);
#21421 = CARTESIAN_POINT('',(-7.94,222.5,1.71588E+03));
#21422 = DIRECTION('',(1.,0.,0.));
#21423 = DIRECTION('',(0.,-1.,0.));
#21424 = ADVANCED_FACE('',(#21425),#21436,.T.);
#21425 = FACE_BOUND('',#21426,.T.);
#21426 = EDGE_LOOP('',(#21427,#21428,#21429,#21430));
#21427 = ORIENTED_EDGE('',*,*,#21366,.F.);
#21428 = ORIENTED_EDGE('',*,*,#21319,.T.);
#21429 = ORIENTED_EDGE('',*,*,#21404,.T.);
#21430 = ORIENTED_EDGE('',*,*,#21431,.F.);
#21431 = EDGE_CURVE('',#21359,#21405,#21432,.T.);
#21432 = LINE('',#21433,#21434);
#21433 = CARTESIAN_POINT('',(-124.12,-179.2120584407,1.723582019376E+03)
  );
#21434 = VECTOR('',#21435,1.);
#21435 = DIRECTION('',(1.,0.,0.));
#21436 = PLANE('',#21437);
#21437 = AXIS2_PLACEMENT_3D('',#21438,#21439,#21440);
#21438 = CARTESIAN_POINT('',(-124.12,-165.3248953923,1.71588E+03));
#21439 = DIRECTION('',(0.,-0.485013814598,-0.874506489198));
#21440 = DIRECTION('',(0.,-0.874506489198,0.485013814598));
#21441 = ADVANCED_FACE('',(#21442),#21448,.T.);
#21442 = FACE_BOUND('',#21443,.T.);
#21443 = EDGE_LOOP('',(#21444,#21445,#21446,#21447));
#21444 = ORIENTED_EDGE('',*,*,#21358,.F.);
#21445 = ORIENTED_EDGE('',*,*,#21431,.T.);
#21446 = ORIENTED_EDGE('',*,*,#21414,.T.);
#21447 = ORIENTED_EDGE('',*,*,#21381,.F.);
#21448 = PLANE('',#21449);
#21449 = AXIS2_PLACEMENT_3D('',#21450,#21451,#21452);
#21450 = CARTESIAN_POINT('',(-124.12,-179.2120584407,1.723582019376E+03)
  );
#21451 = DIRECTION('',(0.,-0.874506489198,0.485013814598));
#21452 = DIRECTION('',(0.,0.485013814598,0.874506489198));
#21453 = ( GEOMETRIC_REPRESENTATION_CONTEXT(3) 
GLOBAL_UNCERTAINTY_ASSIGNED_CONTEXT((#21457)) 
GLOBAL_UNIT_ASSIGNED_CONTEXT((#21454,#21455,#21456)) 
REPRESENTATION_CONTEXT('Context #1',
  '3D Context with UNIT and UNCERTAINTY') );
#21454 = ( LENGTH_UNIT() NAMED_UNIT(*) SI_UNIT(.MILLI.,.METRE.) );
#21455 = ( NAMED_UNIT(*) PLANE_ANGLE_UNIT() SI_UNIT($,.RADIAN.) );
#21456 = ( NAMED_UNIT(*) SI_UNIT($,.STERADIAN.) SOLID_ANGLE_UNIT() );
#21457 = UNCERTAINTY_MEASURE_WITH_UNIT(LENGTH_MEASURE(1.E-07),#21454,
  'distance_accuracy_value','confusion accuracy');
#21458 = SHAPE_REPRESENTATION_RELATIONSHIP('','',#21459,#21273);
#21459 = ADVANCED_BREP_SHAPE_REPRESENTATION('',(#11,#21460),#21610);
#21460 = MANIFOLD_SOLID_BREP('',#21461);
#21461 = CLOSED_SHELL('',(#21462,#21502,#21533,#21557,#21581,#21598));
#21462 = ADVANCED_FACE('',(#21463),#21497,.F.);
#21463 = FACE_BOUND('',#21464,.F.);
#21464 = EDGE_LOOP('',(#21465,#21475,#21483,#21491));
#21465 = ORIENTED_EDGE('',*,*,#21466,.F.);
#21466 = EDGE_CURVE('',#21467,#21469,#21471,.T.);
#21467 = VERTEX_POINT('',#21468);
#21468 = CARTESIAN_POINT('',(-124.12,165.3248953923,1.71588E+03));
#21469 = VERTEX_POINT('',#21470);
#21470 = CARTESIAN_POINT('',(-124.12,179.21205844077,1.723582019376E+03)
  );
#21471 = LINE('',#21472,#21473);
#21472 = CARTESIAN_POINT('',(-124.12,165.3248953923,1.71588E+03));
#21473 = VECTOR('',#21474,1.);
#21474 = DIRECTION('',(0.,0.874506489198,0.485013814598));
#21475 = ORIENTED_EDGE('',*,*,#21476,.T.);
#21476 = EDGE_CURVE('',#21467,#21477,#21479,.T.);
#21477 = VERTEX_POINT('',#21478);
#21478 = CARTESIAN_POINT('',(-7.94,165.3248953923,1.71588E+03));
#21479 = LINE('',#21480,#21481);
#21480 = CARTESIAN_POINT('',(-124.12,165.3248953923,1.71588E+03));
#21481 = VECTOR('',#21482,1.);
#21482 = DIRECTION('',(1.,0.,0.));
#21483 = ORIENTED_EDGE('',*,*,#21484,.T.);
#21484 = EDGE_CURVE('',#21477,#21485,#21487,.T.);
#21485 = VERTEX_POINT('',#21486);
#21486 = CARTESIAN_POINT('',(-7.94,179.21205844077,1.723582019376E+03));
#21487 = LINE('',#21488,#21489);
#21488 = CARTESIAN_POINT('',(-7.94,187.18755762225,1.728005345365E+03));
#21489 = VECTOR('',#21490,1.);
#21490 = DIRECTION('',(0.,0.874506489198,0.485013814598));
#21491 = ORIENTED_EDGE('',*,*,#21492,.F.);
#21492 = EDGE_CURVE('',#21469,#21485,#21493,.T.);
#21493 = LINE('',#21494,#21495);
#21494 = CARTESIAN_POINT('',(-124.12,179.21205844077,1.723582019376E+03)
  );
#21495 = VECTOR('',#21496,1.);
#21496 = DIRECTION('',(1.,0.,0.));
#21497 = PLANE('',#21498);
#21498 = AXIS2_PLACEMENT_3D('',#21499,#21500,#21501);
#21499 = CARTESIAN_POINT('',(-124.12,165.3248953923,1.71588E+03));
#21500 = DIRECTION('',(0.,-0.485013814598,0.874506489198));
#21501 = DIRECTION('',(0.,0.874506489198,0.485013814598));
#21502 = ADVANCED_FACE('',(#21503),#21528,.F.);
#21503 = FACE_BOUND('',#21504,.F.);
#21504 = EDGE_LOOP('',(#21505,#21506,#21514,#21522));
#21505 = ORIENTED_EDGE('',*,*,#21466,.T.);
#21506 = ORIENTED_EDGE('',*,*,#21507,.T.);
#21507 = EDGE_CURVE('',#21469,#21508,#21510,.T.);
#21508 = VERTEX_POINT('',#21509);
#21509 = CARTESIAN_POINT('',(-124.12,57.612487508363,1.942832710106E+03)
  );
#21510 = LINE('',#21511,#21512);
#21511 = CARTESIAN_POINT('',(-124.12,179.21205844077,1.723582019376E+03)
  );
#21512 = VECTOR('',#21513,1.);
#21513 = DIRECTION('',(0.,-0.485013814598,0.874506489198));
#21514 = ORIENTED_EDGE('',*,*,#21515,.T.);
#21515 = EDGE_CURVE('',#21508,#21516,#21518,.T.);
#21516 = VERTEX_POINT('',#21517);
#21517 = CARTESIAN_POINT('',(-124.12,43.725324459899,1.93513069073E+03)
  );
#21518 = LINE('',#21519,#21520);
#21519 = CARTESIAN_POINT('',(-124.12,57.612487508363,1.942832710106E+03)
  );
#21520 = VECTOR('',#21521,1.);
#21521 = DIRECTION('',(0.,-0.874506489198,-0.485013814598));
#21522 = ORIENTED_EDGE('',*,*,#21523,.F.);
#21523 = EDGE_CURVE('',#21467,#21516,#21524,.T.);
#21524 = LINE('',#21525,#21526);
#21525 = CARTESIAN_POINT('',(-124.12,165.3248953923,1.71588E+03));
#21526 = VECTOR('',#21527,1.);
#21527 = DIRECTION('',(0.,-0.485013814598,0.874506489198));
#21528 = PLANE('',#21529);
#21529 = AXIS2_PLACEMENT_3D('',#21530,#21531,#21532);
#21530 = CARTESIAN_POINT('',(-124.12,-2.56E-15,1.829356355053E+03));
#21531 = DIRECTION('',(1.,0.,0.));
#21532 = DIRECTION('',(0.,0.,1.));
#21533 = ADVANCED_FACE('',(#21534),#21552,.F.);
#21534 = FACE_BOUND('',#21535,.F.);
#21535 = EDGE_LOOP('',(#21536,#21537,#21538,#21546));
#21536 = ORIENTED_EDGE('',*,*,#21507,.F.);
#21537 = ORIENTED_EDGE('',*,*,#21492,.T.);
#21538 = ORIENTED_EDGE('',*,*,#21539,.T.);
#21539 = EDGE_CURVE('',#21485,#21540,#21542,.T.);
#21540 = VERTEX_POINT('',#21541);
#21541 = CARTESIAN_POINT('',(-7.94,57.612487508363,1.942832710106E+03));
#21542 = LINE('',#21543,#21544);
#21543 = CARTESIAN_POINT('',(-7.94,185.93694851466,1.711456674011E+03));
#21544 = VECTOR('',#21545,1.);
#21545 = DIRECTION('',(0.,-0.485013814598,0.874506489198));
#21546 = ORIENTED_EDGE('',*,*,#21547,.F.);
#21547 = EDGE_CURVE('',#21508,#21540,#21548,.T.);
#21548 = LINE('',#21549,#21550);
#21549 = CARTESIAN_POINT('',(-124.12,57.612487508363,1.942832710106E+03)
  );
#21550 = VECTOR('',#21551,1.);
#21551 = DIRECTION('',(1.,0.,0.));
#21552 = PLANE('',#21553);
#21553 = AXIS2_PLACEMENT_3D('',#21554,#21555,#21556);
#21554 = CARTESIAN_POINT('',(-124.12,179.21205844077,1.723582019376E+03)
  );
#21555 = DIRECTION('',(0.,-0.874506489198,-0.485013814598));
#21556 = DIRECTION('',(0.,-0.485013814598,0.874506489198));
#21557 = ADVANCED_FACE('',(#21558),#21576,.T.);
#21558 = FACE_BOUND('',#21559,.T.);
#21559 = EDGE_LOOP('',(#21560,#21568,#21569,#21570));
#21560 = ORIENTED_EDGE('',*,*,#21561,.F.);
#21561 = EDGE_CURVE('',#21477,#21562,#21564,.T.);
#21562 = VERTEX_POINT('',#21563);
#21563 = CARTESIAN_POINT('',(-7.94,43.725324459899,1.93513069073E+03));
#21564 = LINE('',#21565,#21566);
#21565 = CARTESIAN_POINT('',(-7.94,172.0497854662,1.703754654635E+03));
#21566 = VECTOR('',#21567,1.);
#21567 = DIRECTION('',(0.,-0.485013814598,0.874506489198));
#21568 = ORIENTED_EDGE('',*,*,#21484,.T.);
#21569 = ORIENTED_EDGE('',*,*,#21539,.T.);
#21570 = ORIENTED_EDGE('',*,*,#21571,.T.);
#21571 = EDGE_CURVE('',#21540,#21562,#21572,.T.);
#21572 = LINE('',#21573,#21574);
#21573 = CARTESIAN_POINT('',(-7.94,72.531568214081,1.951107045783E+03));
#21574 = VECTOR('',#21575,1.);
#21575 = DIRECTION('',(0.,-0.874506489198,-0.485013814598));
#21576 = PLANE('',#21577);
#21577 = AXIS2_PLACEMENT_3D('',#21578,#21579,#21580);
#21578 = CARTESIAN_POINT('',(-7.94,222.5,1.71588E+03));
#21579 = DIRECTION('',(1.,0.,0.));
#21580 = DIRECTION('',(0.,-1.,0.));
#21581 = ADVANCED_FACE('',(#21582),#21593,.T.);
#21582 = FACE_BOUND('',#21583,.T.);
#21583 = EDGE_LOOP('',(#21584,#21585,#21586,#21587));
#21584 = ORIENTED_EDGE('',*,*,#21523,.F.);
#21585 = ORIENTED_EDGE('',*,*,#21476,.T.);
#21586 = ORIENTED_EDGE('',*,*,#21561,.T.);
#21587 = ORIENTED_EDGE('',*,*,#21588,.F.);
#21588 = EDGE_CURVE('',#21516,#21562,#21589,.T.);
#21589 = LINE('',#21590,#21591);
#21590 = CARTESIAN_POINT('',(-124.12,43.725324459899,1.93513069073E+03)
  );
#21591 = VECTOR('',#21592,1.);
#21592 = DIRECTION('',(1.,0.,0.));
#21593 = PLANE('',#21594);
#21594 = AXIS2_PLACEMENT_3D('',#21595,#21596,#21597);
#21595 = CARTESIAN_POINT('',(-124.12,165.3248953923,1.71588E+03));
#21596 = DIRECTION('',(0.,-0.874506489198,-0.485013814598));
#21597 = DIRECTION('',(0.,-0.485013814598,0.874506489198));
#21598 = ADVANCED_FACE('',(#21599),#21605,.F.);
#21599 = FACE_BOUND('',#21600,.F.);
#21600 = EDGE_LOOP('',(#21601,#21602,#21603,#21604));
#21601 = ORIENTED_EDGE('',*,*,#21515,.F.);
#21602 = ORIENTED_EDGE('',*,*,#21547,.T.);
#21603 = ORIENTED_EDGE('',*,*,#21571,.T.);
#21604 = ORIENTED_EDGE('',*,*,#21588,.F.);
#21605 = PLANE('',#21606);
#21606 = AXIS2_PLACEMENT_3D('',#21607,#21608,#21609);
#21607 = CARTESIAN_POINT('',(-124.12,57.612487508363,1.942832710106E+03)
  );
#21608 = DIRECTION('',(0.,0.485013814598,-0.874506489198));
#21609 = DIRECTION('',(0.,-0.874506489198,-0.485013814598));
#21610 = ( GEOMETRIC_REPRESENTATION_CONTEXT(3) 
GLOBAL_UNCERTAINTY_ASSIGNED_CONTEXT((#21614)) 
GLOBAL_UNIT_ASSIGNED_CONTEXT((#21611,#21612,#21613)) 
REPRESENTATION_CONTEXT('Context #1',
  '3D Context with UNIT and UNCERTAINTY') );
#21611 = ( LENGTH_UNIT() NAMED_UNIT(*) SI_UNIT(.MILLI.,.METRE.) );
#21612 = ( NAMED_UNIT(*) PLANE_ANGLE_UNIT() SI_UNIT($,.RADIAN.) );
#21613 = ( NAMED_UNIT(*) SI_UNIT($,.STERADIAN.) SOLID_ANGLE_UNIT() );
#21614 = UNCERTAINTY_MEASURE_WITH_UNIT(LENGTH_MEASURE(1.E-07),#21611,
  'distance_accuracy_value','confusion accuracy');
#21615 = SHAPE_DEFINITION_REPRESENTATION(#21616,#21622);
#21616 = PRODUCT_DEFINITION_SHAPE('','',#21617);
#21617 = PRODUCT_DEFINITION('design','',#21618,#21621);
#21618 = PRODUCT_DEFINITION_FORMATION_WITH_SPECIFIED_SOURCE('','',#21619
  ,.NOT_KNOWN.);
#21619 = PRODUCT('reforco_direito','reforco_direito','',(#21620));
#21620 = MECHANICAL_CONTEXT('',#2,'mechanical');
#21621 = DESIGN_CONTEXT('',#2,'design');
#21622 = SHAPE_REPRESENTATION('',(#11),#21623);
#21623 = ( GEOMETRIC_REPRESENTATION_CONTEXT(3) 
GLOBAL_UNCERTAINTY_ASSIGNED_CONTEXT((#21627)) 
GLOBAL_UNIT_ASSIGNED_CONTEXT((#21624,#21625,#21626)) 
REPRESENTATION_CONTEXT('Context #1',
  '3D Context with UNIT and UNCERTAINTY') );
#21624 = ( LENGTH_UNIT() NAMED_UNIT(*) SI_UNIT(.MILLI.,.METRE.) );
#21625 = ( NAMED_UNIT(*) PLANE_ANGLE_UNIT() SI_UNIT($,.RADIAN.) );
#21626 = ( NAMED_UNIT(*) SI_UNIT($,.STERADIAN.) SOLID_ANGLE_UNIT() );
#21627 = UNCERTAINTY_MEASURE_WITH_UNIT(LENGTH_MEASURE(1.E-07),#21624,
  'distance_accuracy_value','confusion accuracy');
#21628 = CONTEXT_DEPENDENT_SHAPE_REPRESENTATION(#21629,#21631);
#21629 = ( REPRESENTATION_RELATIONSHIP('','',#21622,#20217) 
REPRESENTATION_RELATIONSHIP_WITH_TRANSFORMATION(#21630) 
SHAPE_REPRESENTATION_RELATIONSHIP() );
#21630 = ITEM_DEFINED_TRANSFORMATION('','',#11,#20234);
#21631 = PRODUCT_DEFINITION_SHAPE('Placement','Placement of an item',
  #21632);
#21632 = NEXT_ASSEMBLY_USAGE_OCCURRENCE('42','reforco_direito','',#20212
  ,#21617,$);
#21633 = CC_DESIGN_SECURITY_CLASSIFICATION(#21634,(#21632));
#21634 = SECURITY_CLASSIFICATION('','',#55);
#21635 = CC_DESIGN_PERSON_AND_ORGANIZATION_ASSIGNMENT(#44,#53,(#21634));
#21636 = CC_DESIGN_DATE_AND_TIME_ASSIGNMENT(#58,#64,(#21634));
#21637 = CC_DESIGN_APPROVAL(#66,(#21634));
#21638 = PRODUCT_RELATED_PRODUCT_CATEGORY('detail',$,(#21619));
#21639 = PRODUCT_CATEGORY_RELATIONSHIP('','',#21640,#21638);
#21640 = PRODUCT_CATEGORY('part',$);
#21641 = CC_DESIGN_PERSON_AND_ORGANIZATION_ASSIGNMENT(#44,#47,(#21618,
    #21617));
#21642 = CC_DESIGN_PERSON_AND_ORGANIZATION_ASSIGNMENT(#44,#49,(#21619));
#21643 = CC_DESIGN_PERSON_AND_ORGANIZATION_ASSIGNMENT(#44,#51,(#21618));
#21644 = CC_DESIGN_PERSON_AND_ORGANIZATION_ASSIGNMENT(#44,#53,(#21645));
#21645 = SECURITY_CLASSIFICATION('','',#55);
#21646 = CC_DESIGN_SECURITY_CLASSIFICATION(#21645,(#21618));
#21647 = CC_DESIGN_DATE_AND_TIME_ASSIGNMENT(#58,#62,(#21617));
#21648 = CC_DESIGN_DATE_AND_TIME_ASSIGNMENT(#58,#64,(#21645));
#21649 = CC_DESIGN_APPROVAL(#66,(#21618,#21617,#21645));
#21650 = SHAPE_REPRESENTATION_RELATIONSHIP('','',#21651,#21622);
#21651 = ADVANCED_BREP_SHAPE_REPRESENTATION('',(#11,#21652),#21802);
#21652 = MANIFOLD_SOLID_BREP('',#21653);
#21653 = CLOSED_SHELL('',(#21654,#21694,#21725,#21749,#21773,#21790));
#21654 = ADVANCED_FACE('',(#21655),#21689,.T.);
#21655 = FACE_BOUND('',#21656,.T.);
#21656 = EDGE_LOOP('',(#21657,#21667,#21675,#21683));
#21657 = ORIENTED_EDGE('',*,*,#21658,.F.);
#21658 = EDGE_CURVE('',#21659,#21661,#21663,.T.);
#21659 = VERTEX_POINT('',#21660);
#21660 = CARTESIAN_POINT('',(7.94,-165.3248953923,1.71588E+03));
#21661 = VERTEX_POINT('',#21662);
#21662 = CARTESIAN_POINT('',(7.94,-179.2120584407,1.723582019376E+03));
#21663 = LINE('',#21664,#21665);
#21664 = CARTESIAN_POINT('',(7.94,-165.3248953923,1.71588E+03));
#21665 = VECTOR('',#21666,1.);
#21666 = DIRECTION('',(0.,-0.874506489198,0.485013814598));
#21667 = ORIENTED_EDGE('',*,*,#21668,.T.);
#21668 = EDGE_CURVE('',#21659,#21669,#21671,.T.);
#21669 = VERTEX_POINT('',#21670);
#21670 = CARTESIAN_POINT('',(124.12,-165.3248953923,1.71588E+03));
#21671 = LINE('',#21672,#21673);
#21672 = CARTESIAN_POINT('',(7.94,-165.3248953923,1.71588E+03));
#21673 = VECTOR('',#21674,1.);
#21674 = DIRECTION('',(1.,0.,0.));
#21675 = ORIENTED_EDGE('',*,*,#21676,.T.);
#21676 = EDGE_CURVE('',#21669,#21677,#21679,.T.);
#21677 = VERTEX_POINT('',#21678);
#21678 = CARTESIAN_POINT('',(124.12,-179.2120584407,1.723582019376E+03)
  );
#21679 = LINE('',#21680,#21681);
#21680 = CARTESIAN_POINT('',(124.12,-17.02810170026,1.633632475837E+03)
  );
#21681 = VECTOR('',#21682,1.);
#21682 = DIRECTION('',(0.,-0.874506489198,0.485013814598));
#21683 = ORIENTED_EDGE('',*,*,#21684,.F.);
#21684 = EDGE_CURVE('',#21661,#21677,#21685,.T.);
#21685 = LINE('',#21686,#21687);
#21686 = CARTESIAN_POINT('',(7.94,-179.2120584407,1.723582019376E+03));
#21687 = VECTOR('',#21688,1.);
#21688 = DIRECTION('',(1.,0.,0.));
#21689 = PLANE('',#21690);
#21690 = AXIS2_PLACEMENT_3D('',#21691,#21692,#21693);
#21691 = CARTESIAN_POINT('',(7.94,-165.3248953923,1.71588E+03));
#21692 = DIRECTION('',(0.,-0.485013814598,-0.874506489198));
#21693 = DIRECTION('',(0.,-0.874506489198,0.485013814598));
#21694 = ADVANCED_FACE('',(#21695),#21720,.F.);
#21695 = FACE_BOUND('',#21696,.T.);
#21696 = EDGE_LOOP('',(#21697,#21698,#21706,#21714));
#21697 = ORIENTED_EDGE('',*,*,#21658,.T.);
#21698 = ORIENTED_EDGE('',*,*,#21699,.T.);
#21699 = EDGE_CURVE('',#21661,#21700,#21702,.T.);
#21700 = VERTEX_POINT('',#21701);
#21701 = CARTESIAN_POINT('',(7.94,-57.61248750836,1.942832710106E+03));
#21702 = LINE('',#21703,#21704);
#21703 = CARTESIAN_POINT('',(7.94,-179.2120584407,1.723582019376E+03));
#21704 = VECTOR('',#21705,1.);
#21705 = DIRECTION('',(0.,0.485013814598,0.874506489198));
#21706 = ORIENTED_EDGE('',*,*,#21707,.T.);
#21707 = EDGE_CURVE('',#21700,#21708,#21710,.T.);
#21708 = VERTEX_POINT('',#21709);
#21709 = CARTESIAN_POINT('',(7.94,-43.72532445989,1.93513069073E+03));
#21710 = LINE('',#21711,#21712);
#21711 = CARTESIAN_POINT('',(7.94,-57.61248750836,1.942832710106E+03));
#21712 = VECTOR('',#21713,1.);
#21713 = DIRECTION('',(0.,0.874506489198,-0.485013814598));
#21714 = ORIENTED_EDGE('',*,*,#21715,.F.);
#21715 = EDGE_CURVE('',#21659,#21708,#21716,.T.);
#21716 = LINE('',#21717,#21718);
#21717 = CARTESIAN_POINT('',(7.94,-165.3248953923,1.71588E+03));
#21718 = VECTOR('',#21719,1.);
#21719 = DIRECTION('',(0.,0.485013814598,0.874506489198));
#21720 = PLANE('',#21721);
#21721 = AXIS2_PLACEMENT_3D('',#21722,#21723,#21724);
#21722 = CARTESIAN_POINT('',(7.94,-6.4E-15,1.829356355053E+03));
#21723 = DIRECTION('',(1.,0.,0.));
#21724 = DIRECTION('',(0.,0.,1.));
#21725 = ADVANCED_FACE('',(#21726),#21744,.T.);
#21726 = FACE_BOUND('',#21727,.T.);
#21727 = EDGE_LOOP('',(#21728,#21729,#21730,#21738));
#21728 = ORIENTED_EDGE('',*,*,#21699,.F.);
#21729 = ORIENTED_EDGE('',*,*,#21684,.T.);
#21730 = ORIENTED_EDGE('',*,*,#21731,.T.);
#21731 = EDGE_CURVE('',#21677,#21732,#21734,.T.);
#21732 = VERTEX_POINT('',#21733);
#21733 = CARTESIAN_POINT('',(124.12,-57.61248750836,1.942832710106E+03)
  );
#21734 = LINE('',#21735,#21736);
#21735 = CARTESIAN_POINT('',(124.12,-133.5964044366,1.805829543539E+03)
  );
#21736 = VECTOR('',#21737,1.);
#21737 = DIRECTION('',(0.,0.485013814598,0.874506489198));
#21738 = ORIENTED_EDGE('',*,*,#21739,.F.);
#21739 = EDGE_CURVE('',#21700,#21732,#21740,.T.);
#21740 = LINE('',#21741,#21742);
#21741 = CARTESIAN_POINT('',(7.94,-57.61248750836,1.942832710106E+03));
#21742 = VECTOR('',#21743,1.);
#21743 = DIRECTION('',(1.,0.,0.));
#21744 = PLANE('',#21745);
#21745 = AXIS2_PLACEMENT_3D('',#21746,#21747,#21748);
#21746 = CARTESIAN_POINT('',(7.94,-179.2120584407,1.723582019376E+03));
#21747 = DIRECTION('',(0.,-0.874506489198,0.485013814598));
#21748 = DIRECTION('',(0.,0.485013814598,0.874506489198));
#21749 = ADVANCED_FACE('',(#21750),#21768,.T.);
#21750 = FACE_BOUND('',#21751,.T.);
#21751 = EDGE_LOOP('',(#21752,#21753,#21761,#21767));
#21752 = ORIENTED_EDGE('',*,*,#21676,.F.);
#21753 = ORIENTED_EDGE('',*,*,#21754,.T.);
#21754 = EDGE_CURVE('',#21669,#21755,#21757,.T.);
#21755 = VERTEX_POINT('',#21756);
#21756 = CARTESIAN_POINT('',(124.12,-43.72532445989,1.93513069073E+03));
#21757 = LINE('',#21758,#21759);
#21758 = CARTESIAN_POINT('',(124.12,-119.7092413881,1.798127524163E+03)
  );
#21759 = VECTOR('',#21760,1.);
#21760 = DIRECTION('',(0.,0.485013814598,0.874506489198));
#21761 = ORIENTED_EDGE('',*,*,#21762,.F.);
#21762 = EDGE_CURVE('',#21732,#21755,#21763,.T.);
#21763 = LINE('',#21764,#21765);
#21764 = CARTESIAN_POINT('',(124.12,97.627887707907,1.856734176255E+03)
  );
#21765 = VECTOR('',#21766,1.);
#21766 = DIRECTION('',(0.,0.874506489198,-0.485013814598));
#21767 = ORIENTED_EDGE('',*,*,#21731,.F.);
#21768 = PLANE('',#21769);
#21769 = AXIS2_PLACEMENT_3D('',#21770,#21771,#21772);
#21770 = CARTESIAN_POINT('',(124.12,222.5,1.71588E+03));
#21771 = DIRECTION('',(1.,0.,0.));
#21772 = DIRECTION('',(0.,-1.,0.));
#21773 = ADVANCED_FACE('',(#21774),#21785,.F.);
#21774 = FACE_BOUND('',#21775,.F.);
#21775 = EDGE_LOOP('',(#21776,#21777,#21778,#21779));
#21776 = ORIENTED_EDGE('',*,*,#21715,.F.);
#21777 = ORIENTED_EDGE('',*,*,#21668,.T.);
#21778 = ORIENTED_EDGE('',*,*,#21754,.T.);
#21779 = ORIENTED_EDGE('',*,*,#21780,.F.);
#21780 = EDGE_CURVE('',#21708,#21755,#21781,.T.);
#21781 = LINE('',#21782,#21783);
#21782 = CARTESIAN_POINT('',(7.94,-43.72532445989,1.93513069073E+03));
#21783 = VECTOR('',#21784,1.);
#21784 = DIRECTION('',(1.,0.,0.));
#21785 = PLANE('',#21786);
#21786 = AXIS2_PLACEMENT_3D('',#21787,#21788,#21789);
#21787 = CARTESIAN_POINT('',(7.94,-165.3248953923,1.71588E+03));
#21788 = DIRECTION('',(0.,-0.874506489198,0.485013814598));
#21789 = DIRECTION('',(0.,0.485013814598,0.874506489198));
#21790 = ADVANCED_FACE('',(#21791),#21797,.T.);
#21791 = FACE_BOUND('',#21792,.T.);
#21792 = EDGE_LOOP('',(#21793,#21794,#21795,#21796));
#21793 = ORIENTED_EDGE('',*,*,#21707,.F.);
#21794 = ORIENTED_EDGE('',*,*,#21739,.T.);
#21795 = ORIENTED_EDGE('',*,*,#21762,.T.);
#21796 = ORIENTED_EDGE('',*,*,#21780,.F.);
#21797 = PLANE('',#21798);
#21798 = AXIS2_PLACEMENT_3D('',#21799,#21800,#21801);
#21799 = CARTESIAN_POINT('',(7.94,-57.61248750836,1.942832710106E+03));
#21800 = DIRECTION('',(0.,0.485013814598,0.874506489198));
#21801 = DIRECTION('',(0.,0.874506489198,-0.485013814598));
#21802 = ( GEOMETRIC_REPRESENTATION_CONTEXT(3) 
GLOBAL_UNCERTAINTY_ASSIGNED_CONTEXT((#21806)) 
GLOBAL_UNIT_ASSIGNED_CONTEXT((#21803,#21804,#21805)) 
REPRESENTATION_CONTEXT('Context #1',
  '3D Context with UNIT and UNCERTAINTY') );
#21803 = ( LENGTH_UNIT() NAMED_UNIT(*) SI_UNIT(.MILLI.,.METRE.) );
#21804 = ( NAMED_UNIT(*) PLANE_ANGLE_UNIT() SI_UNIT($,.RADIAN.) );
#21805 = ( NAMED_UNIT(*) SI_UNIT($,.STERADIAN.) SOLID_ANGLE_UNIT() );
#21806 = UNCERTAINTY_MEASURE_WITH_UNIT(LENGTH_MEASURE(1.E-07),#21803,
  'distance_accuracy_value','confusion accuracy');
#21807 = SHAPE_REPRESENTATION_RELATIONSHIP('','',#21808,#21622);
#21808 = ADVANCED_BREP_SHAPE_REPRESENTATION('',(#11,#21809),#21959);
#21809 = MANIFOLD_SOLID_BREP('',#21810);
#21810 = CLOSED_SHELL('',(#21811,#21851,#21882,#21906,#21930,#21947));
#21811 = ADVANCED_FACE('',(#21812),#21846,.T.);
#21812 = FACE_BOUND('',#21813,.T.);
#21813 = EDGE_LOOP('',(#21814,#21824,#21832,#21840));
#21814 = ORIENTED_EDGE('',*,*,#21815,.F.);
#21815 = EDGE_CURVE('',#21816,#21818,#21820,.T.);
#21816 = VERTEX_POINT('',#21817);
#21817 = CARTESIAN_POINT('',(7.94,165.3248953923,1.71588E+03));
#21818 = VERTEX_POINT('',#21819);
#21819 = CARTESIAN_POINT('',(7.94,43.725324459899,1.93513069073E+03));
#21820 = LINE('',#21821,#21822);
#21821 = CARTESIAN_POINT('',(7.94,165.3248953923,1.71588E+03));
#21822 = VECTOR('',#21823,1.);
#21823 = DIRECTION('',(0.,-0.485013814598,0.874506489198));
#21824 = ORIENTED_EDGE('',*,*,#21825,.T.);
#21825 = EDGE_CURVE('',#21816,#21826,#21828,.T.);
#21826 = VERTEX_POINT('',#21827);
#21827 = CARTESIAN_POINT('',(124.12,165.3248953923,1.71588E+03));
#21828 = LINE('',#21829,#21830);
#21829 = CARTESIAN_POINT('',(7.94,165.3248953923,1.71588E+03));
#21830 = VECTOR('',#21831,1.);
#21831 = DIRECTION('',(1.,0.,0.));
#21832 = ORIENTED_EDGE('',*,*,#21833,.T.);
#21833 = EDGE_CURVE('',#21826,#21834,#21836,.T.);
#21834 = VERTEX_POINT('',#21835);
#21835 = CARTESIAN_POINT('',(124.12,43.725324459899,1.93513069073E+03));
#21836 = LINE('',#21837,#21838);
#21837 = CARTESIAN_POINT('',(124.12,172.0497854662,1.703754654635E+03));
#21838 = VECTOR('',#21839,1.);
#21839 = DIRECTION('',(0.,-0.485013814598,0.874506489198));
#21840 = ORIENTED_EDGE('',*,*,#21841,.F.);
#21841 = EDGE_CURVE('',#21818,#21834,#21842,.T.);
#21842 = LINE('',#21843,#21844);
#21843 = CARTESIAN_POINT('',(7.94,43.725324459899,1.93513069073E+03));
#21844 = VECTOR('',#21845,1.);
#21845 = DIRECTION('',(1.,0.,0.));
#21846 = PLANE('',#21847);
#21847 = AXIS2_PLACEMENT_3D('',#21848,#21849,#21850);
#21848 = CARTESIAN_POINT('',(7.94,165.3248953923,1.71588E+03));
#21849 = DIRECTION('',(0.,-0.874506489198,-0.485013814598));
#21850 = DIRECTION('',(0.,-0.485013814598,0.874506489198));
#21851 = ADVANCED_FACE('',(#21852),#21877,.F.);
#21852 = FACE_BOUND('',#21853,.T.);
#21853 = EDGE_LOOP('',(#21854,#21855,#21863,#21871));
#21854 = ORIENTED_EDGE('',*,*,#21815,.T.);
#21855 = ORIENTED_EDGE('',*,*,#21856,.F.);
#21856 = EDGE_CURVE('',#21857,#21818,#21859,.T.);
#21857 = VERTEX_POINT('',#21858);
#21858 = CARTESIAN_POINT('',(7.94,57.612487508363,1.942832710106E+03));
#21859 = LINE('',#21860,#21861);
#21860 = CARTESIAN_POINT('',(7.94,57.612487508363,1.942832710106E+03));
#21861 = VECTOR('',#21862,1.);
#21862 = DIRECTION('',(0.,-0.874506489198,-0.485013814598));
#21863 = ORIENTED_EDGE('',*,*,#21864,.F.);
#21864 = EDGE_CURVE('',#21865,#21857,#21867,.T.);
#21865 = VERTEX_POINT('',#21866);
#21866 = CARTESIAN_POINT('',(7.94,179.21205844077,1.723582019376E+03));
#21867 = LINE('',#21868,#21869);
#21868 = CARTESIAN_POINT('',(7.94,179.21205844077,1.723582019376E+03));
#21869 = VECTOR('',#21870,1.);
#21870 = DIRECTION('',(0.,-0.485013814598,0.874506489198));
#21871 = ORIENTED_EDGE('',*,*,#21872,.F.);
#21872 = EDGE_CURVE('',#21816,#21865,#21873,.T.);
#21873 = LINE('',#21874,#21875);
#21874 = CARTESIAN_POINT('',(7.94,165.3248953923,1.71588E+03));
#21875 = VECTOR('',#21876,1.);
#21876 = DIRECTION('',(0.,0.874506489198,0.485013814598));
#21877 = PLANE('',#21878);
#21878 = AXIS2_PLACEMENT_3D('',#21879,#21880,#21881);
#21879 = CARTESIAN_POINT('',(7.94,-6.4E-15,1.829356355053E+03));
#21880 = DIRECTION('',(1.,0.,0.));
#21881 = DIRECTION('',(0.,0.,1.));
#21882 = ADVANCED_FACE('',(#21883),#21901,.F.);
#21883 = FACE_BOUND('',#21884,.F.);
#21884 = EDGE_LOOP('',(#21885,#21886,#21894,#21900));
#21885 = ORIENTED_EDGE('',*,*,#21856,.F.);
#21886 = ORIENTED_EDGE('',*,*,#21887,.T.);
#21887 = EDGE_CURVE('',#21857,#21888,#21890,.T.);
#21888 = VERTEX_POINT('',#21889);
#21889 = CARTESIAN_POINT('',(124.12,57.612487508363,1.942832710106E+03)
  );
#21890 = LINE('',#21891,#21892);
#21891 = CARTESIAN_POINT('',(7.94,57.612487508363,1.942832710106E+03));
#21892 = VECTOR('',#21893,1.);
#21893 = DIRECTION('',(1.,0.,0.));
#21894 = ORIENTED_EDGE('',*,*,#21895,.T.);
#21895 = EDGE_CURVE('',#21888,#21834,#21896,.T.);
#21896 = LINE('',#21897,#21898);
#21897 = CARTESIAN_POINT('',(124.12,72.531568214081,1.951107045783E+03)
  );
#21898 = VECTOR('',#21899,1.);
#21899 = DIRECTION('',(0.,-0.874506489198,-0.485013814598));
#21900 = ORIENTED_EDGE('',*,*,#21841,.F.);
#21901 = PLANE('',#21902);
#21902 = AXIS2_PLACEMENT_3D('',#21903,#21904,#21905);
#21903 = CARTESIAN_POINT('',(7.94,57.612487508363,1.942832710106E+03));
#21904 = DIRECTION('',(0.,0.485013814598,-0.874506489198));
#21905 = DIRECTION('',(0.,-0.874506489198,-0.485013814598));
#21906 = ADVANCED_FACE('',(#21907),#21925,.T.);
#21907 = FACE_BOUND('',#21908,.T.);
#21908 = EDGE_LOOP('',(#21909,#21910,#21918,#21924));
#21909 = ORIENTED_EDGE('',*,*,#21833,.F.);
#21910 = ORIENTED_EDGE('',*,*,#21911,.T.);
#21911 = EDGE_CURVE('',#21826,#21912,#21914,.T.);
#21912 = VERTEX_POINT('',#21913);
#21913 = CARTESIAN_POINT('',(124.12,179.21205844077,1.723582019376E+03)
  );
#21914 = LINE('',#21915,#21916);
#21915 = CARTESIAN_POINT('',(124.12,187.18755762225,1.728005345365E+03)
  );
#21916 = VECTOR('',#21917,1.);
#21917 = DIRECTION('',(0.,0.874506489198,0.485013814598));
#21918 = ORIENTED_EDGE('',*,*,#21919,.T.);
#21919 = EDGE_CURVE('',#21912,#21888,#21920,.T.);
#21920 = LINE('',#21921,#21922);
#21921 = CARTESIAN_POINT('',(124.12,185.93694851466,1.711456674011E+03)
  );
#21922 = VECTOR('',#21923,1.);
#21923 = DIRECTION('',(0.,-0.485013814598,0.874506489198));
#21924 = ORIENTED_EDGE('',*,*,#21895,.T.);
#21925 = PLANE('',#21926);
#21926 = AXIS2_PLACEMENT_3D('',#21927,#21928,#21929);
#21927 = CARTESIAN_POINT('',(124.12,222.5,1.71588E+03));
#21928 = DIRECTION('',(1.,0.,0.));
#21929 = DIRECTION('',(0.,-1.,0.));
#21930 = ADVANCED_FACE('',(#21931),#21942,.F.);
#21931 = FACE_BOUND('',#21932,.F.);
#21932 = EDGE_LOOP('',(#21933,#21934,#21935,#21936));
#21933 = ORIENTED_EDGE('',*,*,#21872,.F.);
#21934 = ORIENTED_EDGE('',*,*,#21825,.T.);
#21935 = ORIENTED_EDGE('',*,*,#21911,.T.);
#21936 = ORIENTED_EDGE('',*,*,#21937,.F.);
#21937 = EDGE_CURVE('',#21865,#21912,#21938,.T.);
#21938 = LINE('',#21939,#21940);
#21939 = CARTESIAN_POINT('',(7.94,179.21205844077,1.723582019376E+03));
#21940 = VECTOR('',#21941,1.);
#21941 = DIRECTION('',(1.,0.,0.));
#21942 = PLANE('',#21943);
#21943 = AXIS2_PLACEMENT_3D('',#21944,#21945,#21946);
#21944 = CARTESIAN_POINT('',(7.94,165.3248953923,1.71588E+03));
#21945 = DIRECTION('',(0.,-0.485013814598,0.874506489198));
#21946 = DIRECTION('',(0.,0.874506489198,0.485013814598));
#21947 = ADVANCED_FACE('',(#21948),#21954,.F.);
#21948 = FACE_BOUND('',#21949,.F.);
#21949 = EDGE_LOOP('',(#21950,#21951,#21952,#21953));
#21950 = ORIENTED_EDGE('',*,*,#21864,.F.);
#21951 = ORIENTED_EDGE('',*,*,#21937,.T.);
#21952 = ORIENTED_EDGE('',*,*,#21919,.T.);
#21953 = ORIENTED_EDGE('',*,*,#21887,.F.);
#21954 = PLANE('',#21955);
#21955 = AXIS2_PLACEMENT_3D('',#21956,#21957,#21958);
#21956 = CARTESIAN_POINT('',(7.94,179.21205844077,1.723582019376E+03));
#21957 = DIRECTION('',(0.,-0.874506489198,-0.485013814598));
#21958 = DIRECTION('',(0.,-0.485013814598,0.874506489198));
#21959 = ( GEOMETRIC_REPRESENTATION_CONTEXT(3) 
GLOBAL_UNCERTAINTY_ASSIGNED_CONTEXT((#21963)) 
GLOBAL_UNIT_ASSIGNED_CONTEXT((#21960,#21961,#21962)) 
REPRESENTATION_CONTEXT('Context #1',
  '3D Context with UNIT and UNCERTAINTY') );
#21960 = ( LENGTH_UNIT() NAMED_UNIT(*) SI_UNIT(.MILLI.,.METRE.) );
#21961 = ( NAMED_UNIT(*) PLANE_ANGLE_UNIT() SI_UNIT($,.RADIAN.) );
#21962 = ( NAMED_UNIT(*) SI_UNIT($,.STERADIAN.) SOLID_ANGLE_UNIT() );
#21963 = UNCERTAINTY_MEASURE_WITH_UNIT(LENGTH_MEASURE(1.E-07),#21960,
  'distance_accuracy_value','confusion accuracy');
#21964 = MECHANICAL_DESIGN_GEOMETRIC_PRESENTATION_REPRESENTATION('',(
    #21965,#21976),#21623);
#21965 = STYLED_ITEM('color',(#21966),#21652);
#21966 = PRESENTATION_STYLE_ASSIGNMENT((#21967,#21973));
#21967 = SURFACE_STYLE_USAGE(.BOTH.,#21968);
#21968 = SURFACE_SIDE_STYLE('',(#21969));
#21969 = SURFACE_STYLE_FILL_AREA(#21970);
#21970 = FILL_AREA_STYLE('',(#21971));
#21971 = FILL_AREA_STYLE_COLOUR('',#21972);
#21972 = COLOUR_RGB('',0.447058818107,0.474509808674,0.501960817233);
#21973 = CURVE_STYLE('',#21974,POSITIVE_LENGTH_MEASURE(0.1),#21975);
#21974 = DRAUGHTING_PRE_DEFINED_CURVE_FONT('continuous');
#21975 = COLOUR_RGB('',9.803921802644E-02,9.803921802644E-02,
  9.803921802644E-02);
#21976 = STYLED_ITEM('color',(#21977),#21809);
#21977 = PRESENTATION_STYLE_ASSIGNMENT((#21978,#21983));
#21978 = SURFACE_STYLE_USAGE(.BOTH.,#21979);
#21979 = SURFACE_SIDE_STYLE('',(#21980));
#21980 = SURFACE_STYLE_FILL_AREA(#21981);
#21981 = FILL_AREA_STYLE('',(#21982));
#21982 = FILL_AREA_STYLE_COLOUR('',#21972);
#21983 = CURVE_STYLE('',#21984,POSITIVE_LENGTH_MEASURE(0.1),#21975);
#21984 = DRAUGHTING_PRE_DEFINED_CURVE_FONT('continuous');
#21985 = MECHANICAL_DESIGN_GEOMETRIC_PRESENTATION_REPRESENTATION('',(
    #21986,#21995),#21274);
#21986 = STYLED_ITEM('color',(#21987),#21303);
#21987 = PRESENTATION_STYLE_ASSIGNMENT((#21988,#21993));
#21988 = SURFACE_STYLE_USAGE(.BOTH.,#21989);
#21989 = SURFACE_SIDE_STYLE('',(#21990));
#21990 = SURFACE_STYLE_FILL_AREA(#21991);
#21991 = FILL_AREA_STYLE('',(#21992));
#21992 = FILL_AREA_STYLE_COLOUR('',#21972);
#21993 = CURVE_STYLE('',#21994,POSITIVE_LENGTH_MEASURE(0.1),#21975);
#21994 = DRAUGHTING_PRE_DEFINED_CURVE_FONT('continuous');
#21995 = STYLED_ITEM('color',(#21996),#21460);
#21996 = PRESENTATION_STYLE_ASSIGNMENT((#21997,#22002));
#21997 = SURFACE_STYLE_USAGE(.BOTH.,#21998);
#21998 = SURFACE_SIDE_STYLE('',(#21999));
#21999 = SURFACE_STYLE_FILL_AREA(#22000);
#22000 = FILL_AREA_STYLE('',(#22001));
#22001 = FILL_AREA_STYLE_COLOUR('',#21972);
#22002 = CURVE_STYLE('',#22003,POSITIVE_LENGTH_MEASURE(0.1),#21975);
#22003 = DRAUGHTING_PRE_DEFINED_CURVE_FONT('continuous');
#22004 = MECHANICAL_DESIGN_GEOMETRIC_PRESENTATION_REPRESENTATION('',(
    #22005),#2257);
#22005 = STYLED_ITEM('color',(#22006),#1138);
#22006 = PRESENTATION_STYLE_ASSIGNMENT((#22007,#22012));
#22007 = SURFACE_STYLE_USAGE(.BOTH.,#22008);
#22008 = SURFACE_SIDE_STYLE('',(#22009));
#22009 = SURFACE_STYLE_FILL_AREA(#22010);
#22010 = FILL_AREA_STYLE('',(#22011));
#22011 = FILL_AREA_STYLE_COLOUR('',#21972);
#22012 = CURVE_STYLE('',#22013,POSITIVE_LENGTH_MEASURE(0.1),#21975);
#22013 = DRAUGHTING_PRE_DEFINED_CURVE_FONT('continuous');
#22014 = MECHANICAL_DESIGN_GEOMETRIC_PRESENTATION_REPRESENTATION('',(
    #22015,#22024),#9607);
#22015 = STYLED_ITEM('color',(#22016),#9636);
#22016 = PRESENTATION_STYLE_ASSIGNMENT((#22017,#22022));
#22017 = SURFACE_STYLE_USAGE(.BOTH.,#22018);
#22018 = SURFACE_SIDE_STYLE('',(#22019));
#22019 = SURFACE_STYLE_FILL_AREA(#22020);
#22020 = FILL_AREA_STYLE('',(#22021));
#22021 = FILL_AREA_STYLE_COLOUR('',#21972);
#22022 = CURVE_STYLE('',#22023,POSITIVE_LENGTH_MEASURE(0.1),#21975);
#22023 = DRAUGHTING_PRE_DEFINED_CURVE_FONT('continuous');
#22024 = STYLED_ITEM('color',(#22025),#9793);
#22025 = PRESENTATION_STYLE_ASSIGNMENT((#22026,#22031));
#22026 = SURFACE_STYLE_USAGE(.BOTH.,#22027);
#22027 = SURFACE_SIDE_STYLE('',(#22028));
#22028 = SURFACE_STYLE_FILL_AREA(#22029);
#22029 = FILL_AREA_STYLE('',(#22030));
#22030 = FILL_AREA_STYLE_COLOUR('',#21972);
#22031 = CURVE_STYLE('',#22032,POSITIVE_LENGTH_MEASURE(0.1),#21975);
#22032 = DRAUGHTING_PRE_DEFINED_CURVE_FONT('continuous');
#22033 = MECHANICAL_DESIGN_GEOMETRIC_PRESENTATION_REPRESENTATION('',(
    #22034),#20423);
#22034 = STYLED_ITEM('color',(#22035),#20273);
#22035 = PRESENTATION_STYLE_ASSIGNMENT((#22036,#22041));
#22036 = SURFACE_STYLE_USAGE(.BOTH.,#22037);
#22037 = SURFACE_SIDE_STYLE('',(#22038));
#22038 = SURFACE_STYLE_FILL_AREA(#22039);
#22039 = FILL_AREA_STYLE('',(#22040));
#22040 = FILL_AREA_STYLE_COLOUR('',#21972);
#22041 = CURVE_STYLE('',#22042,POSITIVE_LENGTH_MEASURE(0.1),#21975);
#22042 = DRAUGHTING_PRE_DEFINED_CURVE_FONT('continuous');
#22043 = MECHANICAL_DESIGN_GEOMETRIC_PRESENTATION_REPRESENTATION('',(
    #22044,#22053),#8986);
#22044 = STYLED_ITEM('color',(#22045),#9015);
#22045 = PRESENTATION_STYLE_ASSIGNMENT((#22046,#22051));
#22046 = SURFACE_STYLE_USAGE(.BOTH.,#22047);
#22047 = SURFACE_SIDE_STYLE('',(#22048));
#22048 = SURFACE_STYLE_FILL_AREA(#22049);
#22049 = FILL_AREA_STYLE('',(#22050));
#22050 = FILL_AREA_STYLE_COLOUR('',#21972);
#22051 = CURVE_STYLE('',#22052,POSITIVE_LENGTH_MEASURE(0.1),#21975);
#22052 = DRAUGHTING_PRE_DEFINED_CURVE_FONT('continuous');
#22053 = STYLED_ITEM('color',(#22054),#9308);
#22054 = PRESENTATION_STYLE_ASSIGNMENT((#22055,#22060));
#22055 = SURFACE_STYLE_USAGE(.BOTH.,#22056);
#22056 = SURFACE_SIDE_STYLE('',(#22057));
#22057 = SURFACE_STYLE_FILL_AREA(#22058);
#22058 = FILL_AREA_STYLE('',(#22059));
#22059 = FILL_AREA_STYLE_COLOUR('',#21972);
#22060 = CURVE_STYLE('',#22061,POSITIVE_LENGTH_MEASURE(0.1),#21975);
#22061 = DRAUGHTING_PRE_DEFINED_CURVE_FONT('continuous');
#22062 = MECHANICAL_DESIGN_GEOMETRIC_PRESENTATION_REPRESENTATION('',(
    #22063),#3485);
#22063 = STYLED_ITEM('color',(#22064),#3087);
#22064 = PRESENTATION_STYLE_ASSIGNMENT((#22065,#22070));
#22065 = SURFACE_STYLE_USAGE(.BOTH.,#22066);
#22066 = SURFACE_SIDE_STYLE('',(#22067));
#22067 = SURFACE_STYLE_FILL_AREA(#22068);
#22068 = FILL_AREA_STYLE('',(#22069));
#22069 = FILL_AREA_STYLE_COLOUR('',#21972);
#22070 = CURVE_STYLE('',#22071,POSITIVE_LENGTH_MEASURE(0.1),#21975);
#22071 = DRAUGHTING_PRE_DEFINED_CURVE_FONT('continuous');
#22072 = MECHANICAL_DESIGN_GEOMETRIC_PRESENTATION_REPRESENTATION('',(
    #22073),#5949);
#22073 = STYLED_ITEM('color',(#22074),#4674);
#22074 = PRESENTATION_STYLE_ASSIGNMENT((#22075,#22080));
#22075 = SURFACE_STYLE_USAGE(.BOTH.,#22076);
#22076 = SURFACE_SIDE_STYLE('',(#22077));
#22077 = SURFACE_STYLE_FILL_AREA(#22078);
#22078 = FILL_AREA_STYLE('',(#22079));
#22079 = FILL_AREA_STYLE_COLOUR('',#21972);
#22080 = CURVE_STYLE('',#22081,POSITIVE_LENGTH_MEASURE(0.1),#21975);
#22081 = DRAUGHTING_PRE_DEFINED_CURVE_FONT('continuous');
#22082 = MECHANICAL_DESIGN_GEOMETRIC_PRESENTATION_REPRESENTATION('',(
    #22083),#17806);
#22083 = STYLED_ITEM('color',(#22084),#17464);
#22084 = PRESENTATION_STYLE_ASSIGNMENT((#22085,#22090));
#22085 = SURFACE_STYLE_USAGE(.BOTH.,#22086);
#22086 = SURFACE_SIDE_STYLE('',(#22087));
#22087 = SURFACE_STYLE_FILL_AREA(#22088);
#22088 = FILL_AREA_STYLE('',(#22089));
#22089 = FILL_AREA_STYLE_COLOUR('',#21972);
#22090 = CURVE_STYLE('',#22091,POSITIVE_LENGTH_MEASURE(0.1),#21975);
#22091 = DRAUGHTING_PRE_DEFINED_CURVE_FONT('continuous');
#22092 = MECHANICAL_DESIGN_GEOMETRIC_PRESENTATION_REPRESENTATION('',(
    #22093,#22102),#2675);
#22093 = STYLED_ITEM('color',(#22094),#2704);
#22094 = PRESENTATION_STYLE_ASSIGNMENT((#22095,#22100));
#22095 = SURFACE_STYLE_USAGE(.BOTH.,#22096);
#22096 = SURFACE_SIDE_STYLE('',(#22097));
#22097 = SURFACE_STYLE_FILL_AREA(#22098);
#22098 = FILL_AREA_STYLE('',(#22099));
#22099 = FILL_AREA_STYLE_COLOUR('',#21972);
#22100 = CURVE_STYLE('',#22101,POSITIVE_LENGTH_MEASURE(0.1),#21975);
#22101 = DRAUGHTING_PRE_DEFINED_CURVE_FONT('continuous');
#22102 = STYLED_ITEM('color',(#22103),#2861);
#22103 = PRESENTATION_STYLE_ASSIGNMENT((#22104,#22109));
#22104 = SURFACE_STYLE_USAGE(.BOTH.,#22105);
#22105 = SURFACE_SIDE_STYLE('',(#22106));
#22106 = SURFACE_STYLE_FILL_AREA(#22107);
#22107 = FILL_AREA_STYLE('',(#22108));
#22108 = FILL_AREA_STYLE_COLOUR('',#21972);
#22109 = CURVE_STYLE('',#22110,POSITIVE_LENGTH_MEASURE(0.1),#21975);
#22110 = DRAUGHTING_PRE_DEFINED_CURVE_FONT('continuous');
#22111 = MECHANICAL_DESIGN_GEOMETRIC_PRESENTATION_REPRESENTATION('',(
    #22112),#18189);
#22112 = STYLED_ITEM('color',(#22113),#17841);
#22113 = PRESENTATION_STYLE_ASSIGNMENT((#22114,#22119));
#22114 = SURFACE_STYLE_USAGE(.BOTH.,#22115);
#22115 = SURFACE_SIDE_STYLE('',(#22116));
#22116 = SURFACE_STYLE_FILL_AREA(#22117);
#22117 = FILL_AREA_STYLE('',(#22118));
#22118 = FILL_AREA_STYLE_COLOUR('',#21972);
#22119 = CURVE_STYLE('',#22120,POSITIVE_LENGTH_MEASURE(0.1),#21975);
#22120 = DRAUGHTING_PRE_DEFINED_CURVE_FONT('continuous');
#22121 = MECHANICAL_DESIGN_GEOMETRIC_PRESENTATION_REPRESENTATION('',(
    #22122),#14027);
#22122 = STYLED_ITEM('color',(#22123),#13679);
#22123 = PRESENTATION_STYLE_ASSIGNMENT((#22124,#22129));
#22124 = SURFACE_STYLE_USAGE(.BOTH.,#22125);
#22125 = SURFACE_SIDE_STYLE('',(#22126));
#22126 = SURFACE_STYLE_FILL_AREA(#22127);
#22127 = FILL_AREA_STYLE('',(#22128));
#22128 = FILL_AREA_STYLE_COLOUR('',#21972);
#22129 = CURVE_STYLE('',#22130,POSITIVE_LENGTH_MEASURE(0.1),#21975);
#22130 = DRAUGHTING_PRE_DEFINED_CURVE_FONT('continuous');
#22131 = MECHANICAL_DESIGN_GEOMETRIC_PRESENTATION_REPRESENTATION('',(
    #22132),#8185);
#22132 = STYLED_ITEM('color',(#22133),#7787);
#22133 = PRESENTATION_STYLE_ASSIGNMENT((#22134,#22139));
#22134 = SURFACE_STYLE_USAGE(.BOTH.,#22135);
#22135 = SURFACE_SIDE_STYLE('',(#22136));
#22136 = SURFACE_STYLE_FILL_AREA(#22137);
#22137 = FILL_AREA_STYLE('',(#22138));
#22138 = FILL_AREA_STYLE_COLOUR('',#21972);
#22139 = CURVE_STYLE('',#22140,POSITIVE_LENGTH_MEASURE(0.1),#21975);
#22140 = DRAUGHTING_PRE_DEFINED_CURVE_FONT('continuous');
#22141 = MECHANICAL_DESIGN_GEOMETRIC_PRESENTATION_REPRESENTATION('',(
    #22142,#22151),#6605);
#22142 = STYLED_ITEM('color',(#22143),#6634);
#22143 = PRESENTATION_STYLE_ASSIGNMENT((#22144,#22149));
#22144 = SURFACE_STYLE_USAGE(.BOTH.,#22145);
#22145 = SURFACE_SIDE_STYLE('',(#22146));
#22146 = SURFACE_STYLE_FILL_AREA(#22147);
#22147 = FILL_AREA_STYLE('',(#22148));
#22148 = FILL_AREA_STYLE_COLOUR('',#21972);
#22149 = CURVE_STYLE('',#22150,POSITIVE_LENGTH_MEASURE(0.1),#21975);
#22150 = DRAUGHTING_PRE_DEFINED_CURVE_FONT('continuous');
#22151 = STYLED_ITEM('color',(#22152),#6791);
#22152 = PRESENTATION_STYLE_ASSIGNMENT((#22153,#22158));
#22153 = SURFACE_STYLE_USAGE(.BOTH.,#22154);
#22154 = SURFACE_SIDE_STYLE('',(#22155));
#22155 = SURFACE_STYLE_FILL_AREA(#22156);
#22156 = FILL_AREA_STYLE('',(#22157));
#22157 = FILL_AREA_STYLE_COLOUR('',#21972);
#22158 = CURVE_STYLE('',#22159,POSITIVE_LENGTH_MEASURE(0.1),#21975);
#22159 = DRAUGHTING_PRE_DEFINED_CURVE_FONT('continuous');
#22160 = MECHANICAL_DESIGN_GEOMETRIC_PRESENTATION_REPRESENTATION('',(
    #22161),#20183);
#22161 = STYLED_ITEM('color',(#22162),#19194);
#22162 = PRESENTATION_STYLE_ASSIGNMENT((#22163,#22168));
#22163 = SURFACE_STYLE_USAGE(.BOTH.,#22164);
#22164 = SURFACE_SIDE_STYLE('',(#22165));
#22165 = SURFACE_STYLE_FILL_AREA(#22166);
#22166 = FILL_AREA_STYLE('',(#22167));
#22167 = FILL_AREA_STYLE_COLOUR('',#21972);
#22168 = CURVE_STYLE('',#22169,POSITIVE_LENGTH_MEASURE(0.1),#21975);
#22169 = DRAUGHTING_PRE_DEFINED_CURVE_FONT('continuous');
#22170 = MECHANICAL_DESIGN_GEOMETRIC_PRESENTATION_REPRESENTATION('',(
    #22171),#482);
#22171 = STYLED_ITEM('color',(#22172),#134);
#22172 = PRESENTATION_STYLE_ASSIGNMENT((#22173,#22178));
#22173 = SURFACE_STYLE_USAGE(.BOTH.,#22174);
#22174 = SURFACE_SIDE_STYLE('',(#22175));
#22175 = SURFACE_STYLE_FILL_AREA(#22176);
#22176 = FILL_AREA_STYLE('',(#22177));
#22177 = FILL_AREA_STYLE_COLOUR('',#21972);
#22178 = CURVE_STYLE('',#22179,POSITIVE_LENGTH_MEASURE(0.1),#21975);
#22179 = DRAUGHTING_PRE_DEFINED_CURVE_FONT('continuous');
#22180 = MECHANICAL_DESIGN_GEOMETRIC_PRESENTATION_REPRESENTATION('',(
    #22181),#8951);
#22181 = STYLED_ITEM('color',(#22182),#8603);
#22182 = PRESENTATION_STYLE_ASSIGNMENT((#22183,#22188));
#22183 = SURFACE_STYLE_USAGE(.BOTH.,#22184);
#22184 = SURFACE_SIDE_STYLE('',(#22185));
#22185 = SURFACE_STYLE_FILL_AREA(#22186);
#22186 = FILL_AREA_STYLE('',(#22187));
#22187 = FILL_AREA_STYLE_COLOUR('',#21972);
#22188 = CURVE_STYLE('',#22189,POSITIVE_LENGTH_MEASURE(0.1),#21975);
#22189 = DRAUGHTING_PRE_DEFINED_CURVE_FONT('continuous');
#22190 = MECHANICAL_DESIGN_GEOMETRIC_PRESENTATION_REPRESENTATION('',(
    #22191),#7685);
#22191 = STYLED_ITEM('color',(#22192),#7337);
#22192 = PRESENTATION_STYLE_ASSIGNMENT((#22193,#22198));
#22193 = SURFACE_STYLE_USAGE(.BOTH.,#22194);
#22194 = SURFACE_SIDE_STYLE('',(#22195));
#22195 = SURFACE_STYLE_FILL_AREA(#22196);
#22196 = FILL_AREA_STYLE('',(#22197));
#22197 = FILL_AREA_STYLE_COLOUR('',#21972);
#22198 = CURVE_STYLE('',#22199,POSITIVE_LENGTH_MEASURE(0.1),#21975);
#22199 = DRAUGHTING_PRE_DEFINED_CURVE_FONT('continuous');
#22200 = MECHANICAL_DESIGN_GEOMETRIC_PRESENTATION_REPRESENTATION('',(
    #22201),#13644);
#22201 = STYLED_ITEM('color',(#22202),#13296);
#22202 = PRESENTATION_STYLE_ASSIGNMENT((#22203,#22208));
#22203 = SURFACE_STYLE_USAGE(.BOTH.,#22204);
#22204 = SURFACE_SIDE_STYLE('',(#22205));
#22205 = SURFACE_STYLE_FILL_AREA(#22206);
#22206 = FILL_AREA_STYLE('',(#22207));
#22207 = FILL_AREA_STYLE_COLOUR('',#21972);
#22208 = CURVE_STYLE('',#22209,POSITIVE_LENGTH_MEASURE(0.1),#21975);
#22209 = DRAUGHTING_PRE_DEFINED_CURVE_FONT('continuous');
#22210 = MECHANICAL_DESIGN_GEOMETRIC_PRESENTATION_REPRESENTATION('',(
    #22211,#22220),#14062);
#22211 = STYLED_ITEM('color',(#22212),#14091);
#22212 = PRESENTATION_STYLE_ASSIGNMENT((#22213,#22218));
#22213 = SURFACE_STYLE_USAGE(.BOTH.,#22214);
#22214 = SURFACE_SIDE_STYLE('',(#22215));
#22215 = SURFACE_STYLE_FILL_AREA(#22216);
#22216 = FILL_AREA_STYLE('',(#22217));
#22217 = FILL_AREA_STYLE_COLOUR('',#21972);
#22218 = CURVE_STYLE('',#22219,POSITIVE_LENGTH_MEASURE(0.1),#21975);
#22219 = DRAUGHTING_PRE_DEFINED_CURVE_FONT('continuous');
#22220 = STYLED_ITEM('color',(#22221),#14384);
#22221 = PRESENTATION_STYLE_ASSIGNMENT((#22222,#22227));
#22222 = SURFACE_STYLE_USAGE(.BOTH.,#22223);
#22223 = SURFACE_SIDE_STYLE('',(#22224));
#22224 = SURFACE_STYLE_FILL_AREA(#22225);
#22225 = FILL_AREA_STYLE('',(#22226));
#22226 = FILL_AREA_STYLE_COLOUR('',#21972);
#22227 = CURVE_STYLE('',#22228,POSITIVE_LENGTH_MEASURE(0.1),#21975);
#22228 = DRAUGHTING_PRE_DEFINED_CURVE_FONT('continuous');
#22229 = MECHANICAL_DESIGN_GEOMETRIC_PRESENTATION_REPRESENTATION('',(
    #22230),#4639);
#22230 = STYLED_ITEM('color',(#22231),#3520);
#22231 = PRESENTATION_STYLE_ASSIGNMENT((#22232,#22237));
#22232 = SURFACE_STYLE_USAGE(.BOTH.,#22233);
#22233 = SURFACE_SIDE_STYLE('',(#22234));
#22234 = SURFACE_STYLE_FILL_AREA(#22235);
#22235 = FILL_AREA_STYLE('',(#22236));
#22236 = FILL_AREA_STYLE_COLOUR('',#21972);
#22237 = CURVE_STYLE('',#22238,POSITIVE_LENGTH_MEASURE(0.1),#21975);
#22238 = DRAUGHTING_PRE_DEFINED_CURVE_FONT('continuous');
#22239 = MECHANICAL_DESIGN_GEOMETRIC_PRESENTATION_REPRESENTATION('',(
    #22240,#22249),#18845);
#22240 = STYLED_ITEM('color',(#22241),#18874);
#22241 = PRESENTATION_STYLE_ASSIGNMENT((#22242,#22247));
#22242 = SURFACE_STYLE_USAGE(.BOTH.,#22243);
#22243 = SURFACE_SIDE_STYLE('',(#22244));
#22244 = SURFACE_STYLE_FILL_AREA(#22245);
#22245 = FILL_AREA_STYLE('',(#22246));
#22246 = FILL_AREA_STYLE_COLOUR('',#21972);
#22247 = CURVE_STYLE('',#22248,POSITIVE_LENGTH_MEASURE(0.1),#21975);
#22248 = DRAUGHTING_PRE_DEFINED_CURVE_FONT('continuous');
#22249 = STYLED_ITEM('color',(#22250),#19031);
#22250 = PRESENTATION_STYLE_ASSIGNMENT((#22251,#22256));
#22251 = SURFACE_STYLE_USAGE(.BOTH.,#22252);
#22252 = SURFACE_SIDE_STYLE('',(#22253));
#22253 = SURFACE_STYLE_FILL_AREA(#22254);
#22254 = FILL_AREA_STYLE('',(#22255));
#22255 = FILL_AREA_STYLE_COLOUR('',#21972);
#22256 = CURVE_STYLE('',#22257,POSITIVE_LENGTH_MEASURE(0.1),#21975);
#22257 = DRAUGHTING_PRE_DEFINED_CURVE_FONT('continuous');
#22258 = MECHANICAL_DESIGN_GEOMETRIC_PRESENTATION_REPRESENTATION('',(
    #22259),#2640);
#22259 = STYLED_ITEM('color',(#22260),#2292);
#22260 = PRESENTATION_STYLE_ASSIGNMENT((#22261,#22266));
#22261 = SURFACE_STYLE_USAGE(.BOTH.,#22262);
#22262 = SURFACE_SIDE_STYLE('',(#22263));
#22263 = SURFACE_STYLE_FILL_AREA(#22264);
#22264 = FILL_AREA_STYLE('',(#22265));
#22265 = FILL_AREA_STYLE_COLOUR('',#21972);
#22266 = CURVE_STYLE('',#22267,POSITIVE_LENGTH_MEASURE(0.1),#21975);
#22267 = DRAUGHTING_PRE_DEFINED_CURVE_FONT('continuous');
#22268 = MECHANICAL_DESIGN_GEOMETRIC_PRESENTATION_REPRESENTATION('',(
    #22269),#11231);
#22269 = STYLED_ITEM('color',(#22270),#9956);
#22270 = PRESENTATION_STYLE_ASSIGNMENT((#22271,#22276));
#22271 = SURFACE_STYLE_USAGE(.BOTH.,#22272);
#22272 = SURFACE_SIDE_STYLE('',(#22273));
#22273 = SURFACE_STYLE_FILL_AREA(#22274);
#22274 = FILL_AREA_STYLE('',(#22275));
#22275 = FILL_AREA_STYLE_COLOUR('',#21972);
#22276 = CURVE_STYLE('',#22277,POSITIVE_LENGTH_MEASURE(0.1),#21975);
#22277 = DRAUGHTING_PRE_DEFINED_CURVE_FONT('continuous');
#22278 = MECHANICAL_DESIGN_GEOMETRIC_PRESENTATION_REPRESENTATION('',(
    #22279),#21239);
#22279 = STYLED_ITEM('color',(#22280),#21147);
#22280 = PRESENTATION_STYLE_ASSIGNMENT((#22281,#22286));
#22281 = SURFACE_STYLE_USAGE(.BOTH.,#22282);
#22282 = SURFACE_SIDE_STYLE('',(#22283));
#22283 = SURFACE_STYLE_FILL_AREA(#22284);
#22284 = FILL_AREA_STYLE('',(#22285));
#22285 = FILL_AREA_STYLE_COLOUR('',#21972);
#22286 = CURVE_STYLE('',#22287,POSITIVE_LENGTH_MEASURE(0.1),#21975);
#22287 = DRAUGHTING_PRE_DEFINED_CURVE_FONT('continuous');
#22288 = MECHANICAL_DESIGN_GEOMETRIC_PRESENTATION_REPRESENTATION('',(
    #22289,#22298),#14683);
#22289 = STYLED_ITEM('color',(#22290),#14712);
#22290 = PRESENTATION_STYLE_ASSIGNMENT((#22291,#22296));
#22291 = SURFACE_STYLE_USAGE(.BOTH.,#22292);
#22292 = SURFACE_SIDE_STYLE('',(#22293));
#22293 = SURFACE_STYLE_FILL_AREA(#22294);
#22294 = FILL_AREA_STYLE('',(#22295));
#22295 = FILL_AREA_STYLE_COLOUR('',#21972);
#22296 = CURVE_STYLE('',#22297,POSITIVE_LENGTH_MEASURE(0.1),#21975);
#22297 = DRAUGHTING_PRE_DEFINED_CURVE_FONT('continuous');
#22298 = STYLED_ITEM('color',(#22299),#14869);
#22299 = PRESENTATION_STYLE_ASSIGNMENT((#22300,#22305));
#22300 = SURFACE_STYLE_USAGE(.BOTH.,#22301);
#22301 = SURFACE_SIDE_STYLE('',(#22302));
#22302 = SURFACE_STYLE_FILL_AREA(#22303);
#22303 = FILL_AREA_STYLE('',(#22304));
#22304 = FILL_AREA_STYLE_COLOUR('',#21972);
#22305 = CURVE_STYLE('',#22306,POSITIVE_LENGTH_MEASURE(0.1),#21975);
#22306 = DRAUGHTING_PRE_DEFINED_CURVE_FONT('continuous');
#22307 = MECHANICAL_DESIGN_GEOMETRIC_PRESENTATION_REPRESENTATION('',(
    #22308),#12541);
#22308 = STYLED_ITEM('color',(#22309),#11266);
#22309 = PRESENTATION_STYLE_ASSIGNMENT((#22310,#22315));
#22310 = SURFACE_STYLE_USAGE(.BOTH.,#22311);
#22311 = SURFACE_SIDE_STYLE('',(#22312));
#22312 = SURFACE_STYLE_FILL_AREA(#22313);
#22313 = FILL_AREA_STYLE('',(#22314));
#22314 = FILL_AREA_STYLE_COLOUR('',#21972);
#22315 = CURVE_STYLE('',#22316,POSITIVE_LENGTH_MEASURE(0.1),#21975);
#22316 = DRAUGHTING_PRE_DEFINED_CURVE_FONT('continuous');
#22317 = MECHANICAL_DESIGN_GEOMETRIC_PRESENTATION_REPRESENTATION('',(
    #22318,#22327),#5984);
#22318 = STYLED_ITEM('color',(#22319),#6013);
#22319 = PRESENTATION_STYLE_ASSIGNMENT((#22320,#22325));
#22320 = SURFACE_STYLE_USAGE(.BOTH.,#22321);
#22321 = SURFACE_SIDE_STYLE('',(#22322));
#22322 = SURFACE_STYLE_FILL_AREA(#22323);
#22323 = FILL_AREA_STYLE('',(#22324));
#22324 = FILL_AREA_STYLE_COLOUR('',#21972);
#22325 = CURVE_STYLE('',#22326,POSITIVE_LENGTH_MEASURE(0.1),#21975);
#22326 = DRAUGHTING_PRE_DEFINED_CURVE_FONT('continuous');
#22327 = STYLED_ITEM('color',(#22328),#6306);
#22328 = PRESENTATION_STYLE_ASSIGNMENT((#22329,#22334));
#22329 = SURFACE_STYLE_USAGE(.BOTH.,#22330);
#22330 = SURFACE_SIDE_STYLE('',(#22331));
#22331 = SURFACE_STYLE_FILL_AREA(#22332);
#22332 = FILL_AREA_STYLE('',(#22333));
#22333 = FILL_AREA_STYLE_COLOUR('',#21972);
#22334 = CURVE_STYLE('',#22335,POSITIVE_LENGTH_MEASURE(0.1),#21975);
#22335 = DRAUGHTING_PRE_DEFINED_CURVE_FONT('continuous');
#22336 = MECHANICAL_DESIGN_GEOMETRIC_PRESENTATION_REPRESENTATION('',(
    #22337),#12765);
#22337 = STYLED_ITEM('color',(#22338),#12576);
#22338 = PRESENTATION_STYLE_ASSIGNMENT((#22339,#22344));
#22339 = SURFACE_STYLE_USAGE(.BOTH.,#22340);
#22340 = SURFACE_SIDE_STYLE('',(#22341));
#22341 = SURFACE_STYLE_FILL_AREA(#22342);
#22342 = FILL_AREA_STYLE('',(#22343));
#22343 = FILL_AREA_STYLE_COLOUR('',#21972);
#22344 = CURVE_STYLE('',#22345,POSITIVE_LENGTH_MEASURE(0.1),#21975);
#22345 = DRAUGHTING_PRE_DEFINED_CURVE_FONT('continuous');
#22346 = MECHANICAL_DESIGN_GEOMETRIC_PRESENTATION_REPRESENTATION('',(
    #22347,#22356),#18224);
#22347 = STYLED_ITEM('color',(#22348),#18253);
#22348 = PRESENTATION_STYLE_ASSIGNMENT((#22349,#22354));
#22349 = SURFACE_STYLE_USAGE(.BOTH.,#22350);
#22350 = SURFACE_SIDE_STYLE('',(#22351));
#22351 = SURFACE_STYLE_FILL_AREA(#22352);
#22352 = FILL_AREA_STYLE('',(#22353));
#22353 = FILL_AREA_STYLE_COLOUR('',#21972);
#22354 = CURVE_STYLE('',#22355,POSITIVE_LENGTH_MEASURE(0.1),#21975);
#22355 = DRAUGHTING_PRE_DEFINED_CURVE_FONT('continuous');
#22356 = STYLED_ITEM('color',(#22357),#18546);
#22357 = PRESENTATION_STYLE_ASSIGNMENT((#22358,#22363));
#22358 = SURFACE_STYLE_USAGE(.BOTH.,#22359);
#22359 = SURFACE_SIDE_STYLE('',(#22360));
#22360 = SURFACE_STYLE_FILL_AREA(#22361);
#22361 = FILL_AREA_STYLE('',(#22362));
#22362 = FILL_AREA_STYLE_COLOUR('',#21972);
#22363 = CURVE_STYLE('',#22364,POSITIVE_LENGTH_MEASURE(0.1),#21975);
#22364 = DRAUGHTING_PRE_DEFINED_CURVE_FONT('continuous');
#22365 = MECHANICAL_DESIGN_GEOMETRIC_PRESENTATION_REPRESENTATION('',(
    #22366,#22375),#517);
#22366 = STYLED_ITEM('color',(#22367),#546);
#22367 = PRESENTATION_STYLE_ASSIGNMENT((#22368,#22373));
#22368 = SURFACE_STYLE_USAGE(.BOTH.,#22369);
#22369 = SURFACE_SIDE_STYLE('',(#22370));
#22370 = SURFACE_STYLE_FILL_AREA(#22371);
#22371 = FILL_AREA_STYLE('',(#22372));
#22372 = FILL_AREA_STYLE_COLOUR('',#21972);
#22373 = CURVE_STYLE('',#22374,POSITIVE_LENGTH_MEASURE(0.1),#21975);
#22374 = DRAUGHTING_PRE_DEFINED_CURVE_FONT('continuous');
#22375 = STYLED_ITEM('color',(#22376),#839);
#22376 = PRESENTATION_STYLE_ASSIGNMENT((#22377,#22382));
#22377 = SURFACE_STYLE_USAGE(.BOTH.,#22378);
#22378 = SURFACE_SIDE_STYLE('',(#22379));
#22379 = SURFACE_STYLE_FILL_AREA(#22380);
#22380 = FILL_AREA_STYLE('',(#22381));
#22381 = FILL_AREA_STYLE_COLOUR('',#21972);
#22382 = CURVE_STYLE('',#22383,POSITIVE_LENGTH_MEASURE(0.1),#21975);
#22383 = DRAUGHTING_PRE_DEFINED_CURVE_FONT('continuous');
#22384 = MECHANICAL_DESIGN_GEOMETRIC_PRESENTATION_REPRESENTATION('',(
    #22385,#22394,#22403),#20458);
#22385 = STYLED_ITEM('color',(#22386),#20487);
#22386 = PRESENTATION_STYLE_ASSIGNMENT((#22387,#22392));
#22387 = SURFACE_STYLE_USAGE(.BOTH.,#22388);
#22388 = SURFACE_SIDE_STYLE('',(#22389));
#22389 = SURFACE_STYLE_FILL_AREA(#22390);
#22390 = FILL_AREA_STYLE('',(#22391));
#22391 = FILL_AREA_STYLE_COLOUR('',#21972);
#22392 = CURVE_STYLE('',#22393,POSITIVE_LENGTH_MEASURE(0.1),#21975);
#22393 = DRAUGHTING_PRE_DEFINED_CURVE_FONT('continuous');
#22394 = STYLED_ITEM('color',(#22395),#20705);
#22395 = PRESENTATION_STYLE_ASSIGNMENT((#22396,#22401));
#22396 = SURFACE_STYLE_USAGE(.BOTH.,#22397);
#22397 = SURFACE_SIDE_STYLE('',(#22398));
#22398 = SURFACE_STYLE_FILL_AREA(#22399);
#22399 = FILL_AREA_STYLE('',(#22400));
#22400 = FILL_AREA_STYLE_COLOUR('',#21972);
#22401 = CURVE_STYLE('',#22402,POSITIVE_LENGTH_MEASURE(0.1),#21975);
#22402 = DRAUGHTING_PRE_DEFINED_CURVE_FONT('continuous');
#22403 = STYLED_ITEM('color',(#22404),#20923);
#22404 = PRESENTATION_STYLE_ASSIGNMENT((#22405,#22410));
#22405 = SURFACE_STYLE_USAGE(.BOTH.,#22406);
#22406 = SURFACE_SIDE_STYLE('',(#22407));
#22407 = SURFACE_STYLE_FILL_AREA(#22408);
#22408 = FILL_AREA_STYLE('',(#22409));
#22409 = FILL_AREA_STYLE_COLOUR('',#21972);
#22410 = CURVE_STYLE('',#22411,POSITIVE_LENGTH_MEASURE(0.1),#21975);
#22411 = DRAUGHTING_PRE_DEFINED_CURVE_FONT('continuous');
#22412 = MECHANICAL_DESIGN_GEOMETRIC_PRESENTATION_REPRESENTATION('',(
    #22413),#17331);
#22413 = STYLED_ITEM('color',(#22414),#16342);
#22414 = PRESENTATION_STYLE_ASSIGNMENT((#22415,#22420));
#22415 = SURFACE_STYLE_USAGE(.BOTH.,#22416);
#22416 = SURFACE_SIDE_STYLE('',(#22417));
#22417 = SURFACE_STYLE_FILL_AREA(#22418);
#22418 = FILL_AREA_STYLE('',(#22419));
#22419 = FILL_AREA_STYLE_COLOUR('',#21972);
#22420 = CURVE_STYLE('',#22421,POSITIVE_LENGTH_MEASURE(0.1),#21975);
#22421 = DRAUGHTING_PRE_DEFINED_CURVE_FONT('continuous');
#22422 = MECHANICAL_DESIGN_GEOMETRIC_PRESENTATION_REPRESENTATION('',(
    #22423),#13261);
#22423 = STYLED_ITEM('color',(#22424),#12863);
#22424 = PRESENTATION_STYLE_ASSIGNMENT((#22425,#22430));
#22425 = SURFACE_STYLE_USAGE(.BOTH.,#22426);
#22426 = SURFACE_SIDE_STYLE('',(#22427));
#22427 = SURFACE_STYLE_FILL_AREA(#22428);
#22428 = FILL_AREA_STYLE('',(#22429));
#22429 = FILL_AREA_STYLE_COLOUR('',#21972);
#22430 = CURVE_STYLE('',#22431,POSITIVE_LENGTH_MEASURE(0.1),#21975);
#22431 = DRAUGHTING_PRE_DEFINED_CURVE_FONT('continuous');
#22432 = MECHANICAL_DESIGN_GEOMETRIC_PRESENTATION_REPRESENTATION('',(
    #22433),#8568);
#22433 = STYLED_ITEM('color',(#22434),#8220);
#22434 = PRESENTATION_STYLE_ASSIGNMENT((#22435,#22440));
#22435 = SURFACE_STYLE_USAGE(.BOTH.,#22436);
#22436 = SURFACE_SIDE_STYLE('',(#22437));
#22437 = SURFACE_STYLE_FILL_AREA(#22438);
#22438 = FILL_AREA_STYLE('',(#22439));
#22439 = FILL_AREA_STYLE_COLOUR('',#21972);
#22440 = CURVE_STYLE('',#22441,POSITIVE_LENGTH_MEASURE(0.1),#21975);
#22441 = DRAUGHTING_PRE_DEFINED_CURVE_FONT('continuous');
#22442 = MECHANICAL_DESIGN_GEOMETRIC_PRESENTATION_REPRESENTATION('',(
    #22443),#7302);
#22443 = STYLED_ITEM('color',(#22444),#6954);
#22444 = PRESENTATION_STYLE_ASSIGNMENT((#22445,#22450));
#22445 = SURFACE_STYLE_USAGE(.BOTH.,#22446);
#22446 = SURFACE_SIDE_STYLE('',(#22447));
#22447 = SURFACE_STYLE_FILL_AREA(#22448);
#22448 = FILL_AREA_STYLE('',(#22449));
#22449 = FILL_AREA_STYLE_COLOUR('',#21972);
#22450 = CURVE_STYLE('',#22451,POSITIVE_LENGTH_MEASURE(0.1),#21975);
#22451 = DRAUGHTING_PRE_DEFINED_CURVE_FONT('continuous');
#22452 = MECHANICAL_DESIGN_GEOMETRIC_PRESENTATION_REPRESENTATION('',(
    #22453),#16307);
#22453 = STYLED_ITEM('color',(#22454),#15032);
#22454 = PRESENTATION_STYLE_ASSIGNMENT((#22455,#22460));
#22455 = SURFACE_STYLE_USAGE(.BOTH.,#22456);
#22456 = SURFACE_SIDE_STYLE('',(#22457));
#22457 = SURFACE_STYLE_FILL_AREA(#22458);
#22458 = FILL_AREA_STYLE('',(#22459));
#22459 = FILL_AREA_STYLE_COLOUR('',#21972);
#22460 = CURVE_STYLE('',#22461,POSITIVE_LENGTH_MEASURE(0.1),#21975);
#22461 = DRAUGHTING_PRE_DEFINED_CURVE_FONT('continuous');
ENDSEC;
END-ISO-10303-21;
