ISO-10303-21;
HEADER;
FILE_DESCRIPTION(('FreeCAD Model'),'2;1');
FILE_NAME('Open CASCADE Shape Model','2026-09-29T13:20:06',(''),(''),
  'Open CASCADE STEP processor 7.9','FreeCAD','Unknown');
FILE_SCHEMA(('CONFIG_CONTROL_DESIGN','SHAPE_APPEARANCE_LAYER_MIM'));
ENDSEC;
DATA;
#1 = APPLICATION_PROTOCOL_DEFINITION('international standard',
  'config_control_design',1994,#2);
#2 = APPLICATION_CONTEXT(
'configuration controlled 3D designs of mechanical parts and assemblies'
  );
#3 = SHAPE_DEFINITION_REPRESENTATION(#4,#10);
#4 = PRODUCT_DEFINITION_SHAPE('','',#5);
#5 = PRODUCT_DEFINITION('design','',#6,#9);
#6 = PRODUCT_DEFINITION_FORMATION_WITH_SPECIFIED_SOURCE('','',#7,
  .NOT_KNOWN.);
#7 = PRODUCT('torre_topo','torre_topo','',(#8));
#8 = MECHANICAL_CONTEXT('',#2,'mechanical');
#9 = DESIGN_CONTEXT('',#2,'design');
#10 = SHAPE_REPRESENTATION('',(#11,#15,#19),#23);
#11 = AXIS2_PLACEMENT_3D('',#12,#13,#14);
#12 = CARTESIAN_POINT('',(0.,0.,0.));
#13 = DIRECTION('',(0.,0.,1.));
#14 = DIRECTION('',(1.,0.,-0.));
#15 = AXIS2_PLACEMENT_3D('',#16,#17,#18);
#16 = CARTESIAN_POINT('',(0.,0.,0.));
#17 = DIRECTION('',(0.,0.,1.));
#18 = DIRECTION('',(1.,0.,0.));
#19 = AXIS2_PLACEMENT_3D('',#20,#21,#22);
#20 = CARTESIAN_POINT('',(0.,0.,0.));
#21 = DIRECTION('',(0.,0.,1.));
#22 = DIRECTION('',(1.,0.,0.));
#23 = ( GEOMETRIC_REPRESENTATION_CONTEXT(3) 
GLOBAL_UNCERTAINTY_ASSIGNED_CONTEXT((#27)) GLOBAL_UNIT_ASSIGNED_CONTEXT(
(#24,#25,#26)) REPRESENTATION_CONTEXT('Context #1',
  '3D Context with UNIT and UNCERTAINTY') );
#24 = ( LENGTH_UNIT() NAMED_UNIT(*) SI_UNIT(.MILLI.,.METRE.) );
#25 = ( NAMED_UNIT(*) PLANE_ANGLE_UNIT() SI_UNIT($,.RADIAN.) );
#26 = ( NAMED_UNIT(*) SI_UNIT($,.STERADIAN.) SOLID_ANGLE_UNIT() );
#27 = UNCERTAINTY_MEASURE_WITH_UNIT(LENGTH_MEASURE(1.E-04),#24,
  'distance_accuracy_value','confusion accuracy');
#28 = PRODUCT_RELATED_PRODUCT_CATEGORY('detail',$,(#7));
#29 = PRODUCT_CATEGORY_RELATIONSHIP('','',#30,#28);
#30 = PRODUCT_CATEGORY('part',$);
#31 = CC_DESIGN_PERSON_AND_ORGANIZATION_ASSIGNMENT(#32,#35,(#6,#5));
#32 = PERSON_AND_ORGANIZATION(#33,#34);
#33 = PERSON('IP127.0.1,tochapado','','tochapado',$,$,$);
#34 = ORGANIZATION('IP127.0.1','Unspecified','');
#35 = PERSON_AND_ORGANIZATION_ROLE('creator');
#36 = CC_DESIGN_PERSON_AND_ORGANIZATION_ASSIGNMENT(#32,#37,(#7));
#37 = PERSON_AND_ORGANIZATION_ROLE('design_owner');
#38 = CC_DESIGN_PERSON_AND_ORGANIZATION_ASSIGNMENT(#32,#39,(#6));
#39 = PERSON_AND_ORGANIZATION_ROLE('design_supplier');
#40 = CC_DESIGN_PERSON_AND_ORGANIZATION_ASSIGNMENT(#32,#41,(#42));
#41 = PERSON_AND_ORGANIZATION_ROLE('classification_officer');
#42 = SECURITY_CLASSIFICATION('','',#43);
#43 = SECURITY_CLASSIFICATION_LEVEL('unclassified');
#44 = CC_DESIGN_SECURITY_CLASSIFICATION(#42,(#6));
#45 = CC_DESIGN_DATE_AND_TIME_ASSIGNMENT(#46,#50,(#5));
#46 = DATE_AND_TIME(#47,#48);
#47 = CALENDAR_DATE(2026,29,9);
#48 = LOCAL_TIME(13,20,$,#49);
#49 = COORDINATED_UNIVERSAL_TIME_OFFSET(3,$,.BEHIND.);
#50 = DATE_TIME_ROLE('creation_date');
#51 = CC_DESIGN_DATE_AND_TIME_ASSIGNMENT(#46,#52,(#42));
#52 = DATE_TIME_ROLE('classification_date');
#53 = CC_DESIGN_APPROVAL(#54,(#6,#5,#42));
#54 = APPROVAL(#55,'');
#55 = APPROVAL_STATUS('not_yet_approved');
#56 = APPROVAL_PERSON_ORGANIZATION(#32,#54,#57);
#57 = APPROVAL_ROLE('approver');
#58 = APPROVAL_DATE_TIME(#46,#54);
#59 = SHAPE_DEFINITION_REPRESENTATION(#60,#66);
#60 = PRODUCT_DEFINITION_SHAPE('','',#61);
#61 = PRODUCT_DEFINITION('design','',#62,#65);
#62 = PRODUCT_DEFINITION_FORMATION_WITH_SPECIFIED_SOURCE('','',#63,
  .NOT_KNOWN.);
#63 = PRODUCT('torre_topo','torre_topo','',(#64));
#64 = MECHANICAL_CONTEXT('',#2,'mechanical');
#65 = DESIGN_CONTEXT('',#2,'design');
#66 = SHAPE_REPRESENTATION('',(#11,#67,#71,#75,#79,#83),#87);
#67 = AXIS2_PLACEMENT_3D('',#68,#69,#70);
#68 = CARTESIAN_POINT('',(0.,0.,0.));
#69 = DIRECTION('',(0.,0.,1.));
#70 = DIRECTION('',(1.,0.,0.));
#71 = AXIS2_PLACEMENT_3D('',#72,#73,#74);
#72 = CARTESIAN_POINT('',(0.,0.,0.));
#73 = DIRECTION('',(0.,0.,1.));
#74 = DIRECTION('',(1.,0.,0.));
#75 = AXIS2_PLACEMENT_3D('',#76,#77,#78);
#76 = CARTESIAN_POINT('',(0.,0.,0.));
#77 = DIRECTION('',(0.,0.,1.));
#78 = DIRECTION('',(1.,0.,0.));
#79 = AXIS2_PLACEMENT_3D('',#80,#81,#82);
#80 = CARTESIAN_POINT('',(0.,0.,0.));
#81 = DIRECTION('',(0.,0.,1.));
#82 = DIRECTION('',(1.,0.,0.));
#83 = AXIS2_PLACEMENT_3D('',#84,#85,#86);
#84 = CARTESIAN_POINT('',(0.,0.,0.));
#85 = DIRECTION('',(0.,0.,1.));
#86 = DIRECTION('',(1.,0.,0.));
#87 = ( GEOMETRIC_REPRESENTATION_CONTEXT(3) 
GLOBAL_UNCERTAINTY_ASSIGNED_CONTEXT((#91)) GLOBAL_UNIT_ASSIGNED_CONTEXT(
(#88,#89,#90)) REPRESENTATION_CONTEXT('Context #1',
  '3D Context with UNIT and UNCERTAINTY') );
#88 = ( LENGTH_UNIT() NAMED_UNIT(*) SI_UNIT(.MILLI.,.METRE.) );
#89 = ( NAMED_UNIT(*) PLANE_ANGLE_UNIT() SI_UNIT($,.RADIAN.) );
#90 = ( NAMED_UNIT(*) SI_UNIT($,.STERADIAN.) SOLID_ANGLE_UNIT() );
#91 = UNCERTAINTY_MEASURE_WITH_UNIT(LENGTH_MEASURE(2.E-05),#88,
  'distance_accuracy_value','confusion accuracy');
#92 = CONTEXT_DEPENDENT_SHAPE_REPRESENTATION(#93,#95);
#93 = ( REPRESENTATION_RELATIONSHIP('','',#66,#10) 
REPRESENTATION_RELATIONSHIP_WITH_TRANSFORMATION(#94) 
SHAPE_REPRESENTATION_RELATIONSHIP() );
#94 = ITEM_DEFINED_TRANSFORMATION('','',#11,#15);
#95 = PRODUCT_DEFINITION_SHAPE('Placement','Placement of an item',#96);
#96 = NEXT_ASSEMBLY_USAGE_OCCURRENCE('6','torre_topo','',#5,#61,$);
#97 = CC_DESIGN_SECURITY_CLASSIFICATION(#98,(#96));
#98 = SECURITY_CLASSIFICATION('','',#43);
#99 = CC_DESIGN_PERSON_AND_ORGANIZATION_ASSIGNMENT(#32,#41,(#98));
#100 = CC_DESIGN_DATE_AND_TIME_ASSIGNMENT(#46,#52,(#98));
#101 = CC_DESIGN_APPROVAL(#54,(#98));
#102 = PRODUCT_RELATED_PRODUCT_CATEGORY('detail',$,(#63));
#103 = PRODUCT_CATEGORY_RELATIONSHIP('','',#104,#102);
#104 = PRODUCT_CATEGORY('part',$);
#105 = CC_DESIGN_PERSON_AND_ORGANIZATION_ASSIGNMENT(#32,#35,(#62,#61));
#106 = CC_DESIGN_PERSON_AND_ORGANIZATION_ASSIGNMENT(#32,#37,(#63));
#107 = CC_DESIGN_PERSON_AND_ORGANIZATION_ASSIGNMENT(#32,#39,(#62));
#108 = CC_DESIGN_PERSON_AND_ORGANIZATION_ASSIGNMENT(#32,#41,(#109));
#109 = SECURITY_CLASSIFICATION('','',#43);
#110 = CC_DESIGN_SECURITY_CLASSIFICATION(#109,(#62));
#111 = CC_DESIGN_DATE_AND_TIME_ASSIGNMENT(#46,#50,(#61));
#112 = CC_DESIGN_DATE_AND_TIME_ASSIGNMENT(#46,#52,(#109));
#113 = CC_DESIGN_APPROVAL(#54,(#62,#61,#109));
#114 = SHAPE_DEFINITION_REPRESENTATION(#115,#121);
#115 = PRODUCT_DEFINITION_SHAPE('','',#116);
#116 = PRODUCT_DEFINITION('design','',#117,#120);
#117 = PRODUCT_DEFINITION_FORMATION_WITH_SPECIFIED_SOURCE('','',#118,
  .NOT_KNOWN.);
#118 = PRODUCT('corpo','corpo','',(#119));
#119 = MECHANICAL_CONTEXT('',#2,'mechanical');
#120 = DESIGN_CONTEXT('',#2,'design');
#121 = ADVANCED_BREP_SHAPE_REPRESENTATION('',(#11,#122),#602);
#122 = MANIFOLD_SOLID_BREP('',#123);
#123 = CLOSED_SHELL('',(#124,#180,#211,#274,#298,#386,#403,#420,#458,
    #475,#487,#511,#535,#552,#571,#588));
#124 = ADVANCED_FACE('',(#125),#175,.F.);
#125 = FACE_BOUND('',#126,.F.);
#126 = EDGE_LOOP('',(#127,#137,#145,#153,#161,#169));
#127 = ORIENTED_EDGE('',*,*,#128,.F.);
#128 = EDGE_CURVE('',#129,#131,#133,.T.);
#129 = VERTEX_POINT('',#130);
#130 = CARTESIAN_POINT('',(2.5,-175.,90.));
#131 = VERTEX_POINT('',#132);
#132 = CARTESIAN_POINT('',(165.48,-175.,90.));
#133 = LINE('',#134,#135);
#134 = CARTESIAN_POINT('',(-165.48,-175.,90.));
#135 = VECTOR('',#136,1.);
#136 = DIRECTION('',(1.,0.,0.));
#137 = ORIENTED_EDGE('',*,*,#138,.T.);
#138 = EDGE_CURVE('',#129,#139,#141,.T.);
#139 = VERTEX_POINT('',#140);
#140 = CARTESIAN_POINT('',(2.5,-175.,1.7E+03));
#141 = LINE('',#142,#143);
#142 = CARTESIAN_POINT('',(2.5,-175.,0.));
#143 = VECTOR('',#144,1.);
#144 = DIRECTION('',(0.,0.,1.));
#145 = ORIENTED_EDGE('',*,*,#146,.T.);
#146 = EDGE_CURVE('',#139,#147,#149,.T.);
#147 = VERTEX_POINT('',#148);
#148 = CARTESIAN_POINT('',(175.,-175.,1.7E+03));
#149 = LINE('',#150,#151);
#150 = CARTESIAN_POINT('',(2.5,-175.,1.7E+03));
#151 = VECTOR('',#152,1.);
#152 = DIRECTION('',(1.,0.,0.));
#153 = ORIENTED_EDGE('',*,*,#154,.F.);
#154 = EDGE_CURVE('',#155,#147,#157,.T.);
#155 = VERTEX_POINT('',#156);
#156 = CARTESIAN_POINT('',(175.,-175.,0.));
#157 = LINE('',#158,#159);
#158 = CARTESIAN_POINT('',(175.,-175.,0.));
#159 = VECTOR('',#160,1.);
#160 = DIRECTION('',(0.,0.,1.));
#161 = ORIENTED_EDGE('',*,*,#162,.F.);
#162 = EDGE_CURVE('',#163,#155,#165,.T.);
#163 = VERTEX_POINT('',#164);
#164 = CARTESIAN_POINT('',(165.48,-175.,0.));
#165 = LINE('',#166,#167);
#166 = CARTESIAN_POINT('',(2.5,-175.,0.));
#167 = VECTOR('',#168,1.);
#168 = DIRECTION('',(1.,0.,0.));
#169 = ORIENTED_EDGE('',*,*,#170,.F.);
#170 = EDGE_CURVE('',#131,#163,#171,.T.);
#171 = LINE('',#172,#173);
#172 = CARTESIAN_POINT('',(165.48,-175.,90.));
#173 = VECTOR('',#174,1.);
#174 = DIRECTION('',(0.,0.,-1.));
#175 = PLANE('',#176);
#176 = AXIS2_PLACEMENT_3D('',#177,#178,#179);
#177 = CARTESIAN_POINT('',(2.5,-175.,0.));
#178 = DIRECTION('',(0.,1.,0.));
#179 = DIRECTION('',(1.,0.,0.));
#180 = ADVANCED_FACE('',(#181),#206,.T.);
#181 = FACE_BOUND('',#182,.T.);
#182 = EDGE_LOOP('',(#183,#184,#192,#200));
#183 = ORIENTED_EDGE('',*,*,#128,.F.);
#184 = ORIENTED_EDGE('',*,*,#185,.F.);
#185 = EDGE_CURVE('',#186,#129,#188,.T.);
#186 = VERTEX_POINT('',#187);
#187 = CARTESIAN_POINT('',(2.5,-165.48,90.));
#188 = LINE('',#189,#190);
#189 = CARTESIAN_POINT('',(2.5,-175.,90.));
#190 = VECTOR('',#191,1.);
#191 = DIRECTION('',(0.,-1.,2.2E-16));
#192 = ORIENTED_EDGE('',*,*,#193,.F.);
#193 = EDGE_CURVE('',#194,#186,#196,.T.);
#194 = VERTEX_POINT('',#195);
#195 = CARTESIAN_POINT('',(165.48,-165.48,90.));
#196 = LINE('',#197,#198);
#197 = CARTESIAN_POINT('',(-81.49,-165.48,90.));
#198 = VECTOR('',#199,1.);
#199 = DIRECTION('',(-1.,0.,0.));
#200 = ORIENTED_EDGE('',*,*,#201,.F.);
#201 = EDGE_CURVE('',#131,#194,#202,.T.);
#202 = LINE('',#203,#204);
#203 = CARTESIAN_POINT('',(165.48,-175.,90.));
#204 = VECTOR('',#205,1.);
#205 = DIRECTION('',(0.,1.,-2.2E-16));
#206 = PLANE('',#207);
#207 = AXIS2_PLACEMENT_3D('',#208,#209,#210);
#208 = CARTESIAN_POINT('',(-165.48,-175.,90.));
#209 = DIRECTION('',(0.,-2.2E-16,-1.));
#210 = DIRECTION('',(1.,0.,0.));
#211 = ADVANCED_FACE('',(#212),#269,.F.);
#212 = FACE_BOUND('',#213,.F.);
#213 = EDGE_LOOP('',(#214,#222,#223,#231,#239,#247,#255,#263));
#214 = ORIENTED_EDGE('',*,*,#215,.F.);
#215 = EDGE_CURVE('',#163,#216,#218,.T.);
#216 = VERTEX_POINT('',#217);
#217 = CARTESIAN_POINT('',(165.48,165.48,-5.E-14));
#218 = LINE('',#219,#220);
#219 = CARTESIAN_POINT('',(165.48,-175.,0.));
#220 = VECTOR('',#221,1.);
#221 = DIRECTION('',(0.,1.,-2.2E-16));
#222 = ORIENTED_EDGE('',*,*,#162,.T.);
#223 = ORIENTED_EDGE('',*,*,#224,.T.);
#224 = EDGE_CURVE('',#155,#225,#227,.T.);
#225 = VERTEX_POINT('',#226);
#226 = CARTESIAN_POINT('',(175.,175.,0.));
#227 = LINE('',#228,#229);
#228 = CARTESIAN_POINT('',(175.,-175.,0.));
#229 = VECTOR('',#230,1.);
#230 = DIRECTION('',(0.,1.,0.));
#231 = ORIENTED_EDGE('',*,*,#232,.T.);
#232 = EDGE_CURVE('',#225,#233,#235,.T.);
#233 = VERTEX_POINT('',#234);
#234 = CARTESIAN_POINT('',(-175.,175.,0.));
#235 = LINE('',#236,#237);
#236 = CARTESIAN_POINT('',(175.,175.,0.));
#237 = VECTOR('',#238,1.);
#238 = DIRECTION('',(-1.,0.,0.));
#239 = ORIENTED_EDGE('',*,*,#240,.T.);
#240 = EDGE_CURVE('',#233,#241,#243,.T.);
#241 = VERTEX_POINT('',#242);
#242 = CARTESIAN_POINT('',(-175.,-175.,0.));
#243 = LINE('',#244,#245);
#244 = CARTESIAN_POINT('',(-175.,175.,0.));
#245 = VECTOR('',#246,1.);
#246 = DIRECTION('',(0.,-1.,0.));
#247 = ORIENTED_EDGE('',*,*,#248,.T.);
#248 = EDGE_CURVE('',#241,#249,#251,.T.);
#249 = VERTEX_POINT('',#250);
#250 = CARTESIAN_POINT('',(-165.48,-175.,0.));
#251 = LINE('',#252,#253);
#252 = CARTESIAN_POINT('',(-175.,-175.,0.));
#253 = VECTOR('',#254,1.);
#254 = DIRECTION('',(1.,0.,0.));
#255 = ORIENTED_EDGE('',*,*,#256,.F.);
#256 = EDGE_CURVE('',#257,#249,#259,.T.);
#257 = VERTEX_POINT('',#258);
#258 = CARTESIAN_POINT('',(-165.48,165.48,-5.E-14));
#259 = LINE('',#260,#261);
#260 = CARTESIAN_POINT('',(-165.48,165.48,0.));
#261 = VECTOR('',#262,1.);
#262 = DIRECTION('',(0.,-1.,0.));
#263 = ORIENTED_EDGE('',*,*,#264,.F.);
#264 = EDGE_CURVE('',#216,#257,#265,.T.);
#265 = LINE('',#266,#267);
#266 = CARTESIAN_POINT('',(165.48,165.48,0.));
#267 = VECTOR('',#268,1.);
#268 = DIRECTION('',(-1.,0.,0.));
#269 = PLANE('',#270);
#270 = AXIS2_PLACEMENT_3D('',#271,#272,#273);
#271 = CARTESIAN_POINT('',(-4.2E-16,-0.563131055882,0.));
#272 = DIRECTION('',(0.,0.,1.));
#273 = DIRECTION('',(1.,0.,0.));
#274 = ADVANCED_FACE('',(#275),#293,.F.);
#275 = FACE_BOUND('',#276,.F.);
#276 = EDGE_LOOP('',(#277,#278,#286,#292));
#277 = ORIENTED_EDGE('',*,*,#154,.T.);
#278 = ORIENTED_EDGE('',*,*,#279,.T.);
#279 = EDGE_CURVE('',#147,#280,#282,.T.);
#280 = VERTEX_POINT('',#281);
#281 = CARTESIAN_POINT('',(175.,175.,1.7E+03));
#282 = LINE('',#283,#284);
#283 = CARTESIAN_POINT('',(175.,-175.,1.7E+03));
#284 = VECTOR('',#285,1.);
#285 = DIRECTION('',(0.,1.,0.));
#286 = ORIENTED_EDGE('',*,*,#287,.F.);
#287 = EDGE_CURVE('',#225,#280,#288,.T.);
#288 = LINE('',#289,#290);
#289 = CARTESIAN_POINT('',(175.,175.,0.));
#290 = VECTOR('',#291,1.);
#291 = DIRECTION('',(0.,0.,1.));
#292 = ORIENTED_EDGE('',*,*,#224,.F.);
#293 = PLANE('',#294);
#294 = AXIS2_PLACEMENT_3D('',#295,#296,#297);
#295 = CARTESIAN_POINT('',(175.,-175.,0.));
#296 = DIRECTION('',(-1.,0.,0.));
#297 = DIRECTION('',(0.,1.,0.));
#298 = ADVANCED_FACE('',(#299),#381,.T.);
#299 = FACE_BOUND('',#300,.T.);
#300 = EDGE_LOOP('',(#301,#302,#303,#311,#319,#327,#335,#343,#351,#359,
    #367,#375));
#301 = ORIENTED_EDGE('',*,*,#146,.T.);
#302 = ORIENTED_EDGE('',*,*,#279,.T.);
#303 = ORIENTED_EDGE('',*,*,#304,.T.);
#304 = EDGE_CURVE('',#280,#305,#307,.T.);
#305 = VERTEX_POINT('',#306);
#306 = CARTESIAN_POINT('',(-175.,175.,1.7E+03));
#307 = LINE('',#308,#309);
#308 = CARTESIAN_POINT('',(175.,175.,1.7E+03));
#309 = VECTOR('',#310,1.);
#310 = DIRECTION('',(-1.,0.,0.));
#311 = ORIENTED_EDGE('',*,*,#312,.T.);
#312 = EDGE_CURVE('',#305,#313,#315,.T.);
#313 = VERTEX_POINT('',#314);
#314 = CARTESIAN_POINT('',(-175.,-175.,1.7E+03));
#315 = LINE('',#316,#317);
#316 = CARTESIAN_POINT('',(-175.,175.,1.7E+03));
#317 = VECTOR('',#318,1.);
#318 = DIRECTION('',(0.,-1.,0.));
#319 = ORIENTED_EDGE('',*,*,#320,.T.);
#320 = EDGE_CURVE('',#313,#321,#323,.T.);
#321 = VERTEX_POINT('',#322);
#322 = CARTESIAN_POINT('',(-2.5,-175.,1.7E+03));
#323 = LINE('',#324,#325);
#324 = CARTESIAN_POINT('',(-175.,-175.,1.7E+03));
#325 = VECTOR('',#326,1.);
#326 = DIRECTION('',(1.,0.,0.));
#327 = ORIENTED_EDGE('',*,*,#328,.T.);
#328 = EDGE_CURVE('',#321,#329,#331,.T.);
#329 = VERTEX_POINT('',#330);
#330 = CARTESIAN_POINT('',(-2.5,-165.48,1.7E+03));
#331 = LINE('',#332,#333);
#332 = CARTESIAN_POINT('',(-2.5,-175.,1.7E+03));
#333 = VECTOR('',#334,1.);
#334 = DIRECTION('',(0.,1.,0.));
#335 = ORIENTED_EDGE('',*,*,#336,.F.);
#336 = EDGE_CURVE('',#337,#329,#339,.T.);
#337 = VERTEX_POINT('',#338);
#338 = CARTESIAN_POINT('',(-165.48,-165.48,1.7E+03));
#339 = LINE('',#340,#341);
#340 = CARTESIAN_POINT('',(-165.48,-165.48,1.7E+03));
#341 = VECTOR('',#342,1.);
#342 = DIRECTION('',(1.,0.,0.));
#343 = ORIENTED_EDGE('',*,*,#344,.F.);
#344 = EDGE_CURVE('',#345,#337,#347,.T.);
#345 = VERTEX_POINT('',#346);
#346 = CARTESIAN_POINT('',(-165.48,165.48,1.7E+03));
#347 = LINE('',#348,#349);
#348 = CARTESIAN_POINT('',(-165.48,165.48,1.7E+03));
#349 = VECTOR('',#350,1.);
#350 = DIRECTION('',(0.,-1.,0.));
#351 = ORIENTED_EDGE('',*,*,#352,.F.);
#352 = EDGE_CURVE('',#353,#345,#355,.T.);
#353 = VERTEX_POINT('',#354);
#354 = CARTESIAN_POINT('',(165.48,165.48,1.7E+03));
#355 = LINE('',#356,#357);
#356 = CARTESIAN_POINT('',(165.48,165.48,1.7E+03));
#357 = VECTOR('',#358,1.);
#358 = DIRECTION('',(-1.,0.,0.));
#359 = ORIENTED_EDGE('',*,*,#360,.F.);
#360 = EDGE_CURVE('',#361,#353,#363,.T.);
#361 = VERTEX_POINT('',#362);
#362 = CARTESIAN_POINT('',(165.48,-165.48,1.7E+03));
#363 = LINE('',#364,#365);
#364 = CARTESIAN_POINT('',(165.48,-165.48,1.7E+03));
#365 = VECTOR('',#366,1.);
#366 = DIRECTION('',(0.,1.,0.));
#367 = ORIENTED_EDGE('',*,*,#368,.F.);
#368 = EDGE_CURVE('',#369,#361,#371,.T.);
#369 = VERTEX_POINT('',#370);
#370 = CARTESIAN_POINT('',(2.5,-165.48,1.7E+03));
#371 = LINE('',#372,#373);
#372 = CARTESIAN_POINT('',(2.5,-165.48,1.7E+03));
#373 = VECTOR('',#374,1.);
#374 = DIRECTION('',(1.,0.,0.));
#375 = ORIENTED_EDGE('',*,*,#376,.F.);
#376 = EDGE_CURVE('',#139,#369,#377,.T.);
#377 = LINE('',#378,#379);
#378 = CARTESIAN_POINT('',(2.5,-175.,1.7E+03));
#379 = VECTOR('',#380,1.);
#380 = DIRECTION('',(0.,1.,0.));
#381 = PLANE('',#382);
#382 = AXIS2_PLACEMENT_3D('',#383,#384,#385);
#383 = CARTESIAN_POINT('',(-4.2E-16,-0.563131055882,1.7E+03));
#384 = DIRECTION('',(0.,0.,1.));
#385 = DIRECTION('',(1.,0.,0.));
#386 = ADVANCED_FACE('',(#387),#398,.T.);
#387 = FACE_BOUND('',#388,.T.);
#388 = EDGE_LOOP('',(#389,#390,#391,#392));
#389 = ORIENTED_EDGE('',*,*,#185,.T.);
#390 = ORIENTED_EDGE('',*,*,#138,.T.);
#391 = ORIENTED_EDGE('',*,*,#376,.T.);
#392 = ORIENTED_EDGE('',*,*,#393,.F.);
#393 = EDGE_CURVE('',#186,#369,#394,.T.);
#394 = LINE('',#395,#396);
#395 = CARTESIAN_POINT('',(2.5,-165.48,0.));
#396 = VECTOR('',#397,1.);
#397 = DIRECTION('',(0.,0.,1.));
#398 = PLANE('',#399);
#399 = AXIS2_PLACEMENT_3D('',#400,#401,#402);
#400 = CARTESIAN_POINT('',(2.5,-175.,0.));
#401 = DIRECTION('',(-1.,0.,0.));
#402 = DIRECTION('',(0.,1.,0.));
#403 = ADVANCED_FACE('',(#404),#415,.T.);
#404 = FACE_BOUND('',#405,.T.);
#405 = EDGE_LOOP('',(#406,#407,#408,#409));
#406 = ORIENTED_EDGE('',*,*,#193,.T.);
#407 = ORIENTED_EDGE('',*,*,#393,.T.);
#408 = ORIENTED_EDGE('',*,*,#368,.T.);
#409 = ORIENTED_EDGE('',*,*,#410,.F.);
#410 = EDGE_CURVE('',#194,#361,#411,.T.);
#411 = LINE('',#412,#413);
#412 = CARTESIAN_POINT('',(165.48,-165.48,0.));
#413 = VECTOR('',#414,1.);
#414 = DIRECTION('',(0.,0.,1.));
#415 = PLANE('',#416);
#416 = AXIS2_PLACEMENT_3D('',#417,#418,#419);
#417 = CARTESIAN_POINT('',(2.5,-165.48,0.));
#418 = DIRECTION('',(0.,1.,0.));
#419 = DIRECTION('',(1.,0.,0.));
#420 = ADVANCED_FACE('',(#421),#453,.F.);
#421 = FACE_BOUND('',#422,.F.);
#422 = EDGE_LOOP('',(#423,#424,#430,#431,#439,#447));
#423 = ORIENTED_EDGE('',*,*,#248,.F.);
#424 = ORIENTED_EDGE('',*,*,#425,.T.);
#425 = EDGE_CURVE('',#241,#313,#426,.T.);
#426 = LINE('',#427,#428);
#427 = CARTESIAN_POINT('',(-175.,-175.,0.));
#428 = VECTOR('',#429,1.);
#429 = DIRECTION('',(0.,0.,1.));
#430 = ORIENTED_EDGE('',*,*,#320,.T.);
#431 = ORIENTED_EDGE('',*,*,#432,.F.);
#432 = EDGE_CURVE('',#433,#321,#435,.T.);
#433 = VERTEX_POINT('',#434);
#434 = CARTESIAN_POINT('',(-2.5,-175.,90.));
#435 = LINE('',#436,#437);
#436 = CARTESIAN_POINT('',(-2.5,-175.,0.));
#437 = VECTOR('',#438,1.);
#438 = DIRECTION('',(0.,0.,1.));
#439 = ORIENTED_EDGE('',*,*,#440,.F.);
#440 = EDGE_CURVE('',#441,#433,#443,.T.);
#441 = VERTEX_POINT('',#442);
#442 = CARTESIAN_POINT('',(-165.48,-175.,90.));
#443 = LINE('',#444,#445);
#444 = CARTESIAN_POINT('',(-165.48,-175.,90.));
#445 = VECTOR('',#446,1.);
#446 = DIRECTION('',(1.,0.,0.));
#447 = ORIENTED_EDGE('',*,*,#448,.F.);
#448 = EDGE_CURVE('',#249,#441,#449,.T.);
#449 = LINE('',#450,#451);
#450 = CARTESIAN_POINT('',(-165.48,-175.,0.));
#451 = VECTOR('',#452,1.);
#452 = DIRECTION('',(0.,0.,1.));
#453 = PLANE('',#454);
#454 = AXIS2_PLACEMENT_3D('',#455,#456,#457);
#455 = CARTESIAN_POINT('',(-175.,-175.,0.));
#456 = DIRECTION('',(0.,1.,0.));
#457 = DIRECTION('',(1.,0.,0.));
#458 = ADVANCED_FACE('',(#459),#470,.F.);
#459 = FACE_BOUND('',#460,.F.);
#460 = EDGE_LOOP('',(#461,#467,#468,#469));
#461 = ORIENTED_EDGE('',*,*,#462,.T.);
#462 = EDGE_CURVE('',#233,#305,#463,.T.);
#463 = LINE('',#464,#465);
#464 = CARTESIAN_POINT('',(-175.,175.,0.));
#465 = VECTOR('',#466,1.);
#466 = DIRECTION('',(0.,0.,1.));
#467 = ORIENTED_EDGE('',*,*,#312,.T.);
#468 = ORIENTED_EDGE('',*,*,#425,.F.);
#469 = ORIENTED_EDGE('',*,*,#240,.F.);
#470 = PLANE('',#471);
#471 = AXIS2_PLACEMENT_3D('',#472,#473,#474);
#472 = CARTESIAN_POINT('',(-175.,175.,0.));
#473 = DIRECTION('',(1.,0.,0.));
#474 = DIRECTION('',(0.,-1.,0.));
#475 = ADVANCED_FACE('',(#476),#482,.F.);
#476 = FACE_BOUND('',#477,.F.);
#477 = EDGE_LOOP('',(#478,#479,#480,#481));
#478 = ORIENTED_EDGE('',*,*,#287,.T.);
#479 = ORIENTED_EDGE('',*,*,#304,.T.);
#480 = ORIENTED_EDGE('',*,*,#462,.F.);
#481 = ORIENTED_EDGE('',*,*,#232,.F.);
#482 = PLANE('',#483);
#483 = AXIS2_PLACEMENT_3D('',#484,#485,#486);
#484 = CARTESIAN_POINT('',(175.,175.,0.));
#485 = DIRECTION('',(0.,-1.,0.));
#486 = DIRECTION('',(-1.,0.,0.));
#487 = ADVANCED_FACE('',(#488),#506,.F.);
#488 = FACE_BOUND('',#489,.F.);
#489 = EDGE_LOOP('',(#490,#498,#499,#500));
#490 = ORIENTED_EDGE('',*,*,#491,.T.);
#491 = EDGE_CURVE('',#492,#433,#494,.T.);
#492 = VERTEX_POINT('',#493);
#493 = CARTESIAN_POINT('',(-2.5,-165.48,90.));
#494 = LINE('',#495,#496);
#495 = CARTESIAN_POINT('',(-2.5,-175.,90.));
#496 = VECTOR('',#497,1.);
#497 = DIRECTION('',(0.,-1.,2.2E-16));
#498 = ORIENTED_EDGE('',*,*,#432,.T.);
#499 = ORIENTED_EDGE('',*,*,#328,.T.);
#500 = ORIENTED_EDGE('',*,*,#501,.F.);
#501 = EDGE_CURVE('',#492,#329,#502,.T.);
#502 = LINE('',#503,#504);
#503 = CARTESIAN_POINT('',(-2.5,-165.48,0.));
#504 = VECTOR('',#505,1.);
#505 = DIRECTION('',(0.,0.,1.));
#506 = PLANE('',#507);
#507 = AXIS2_PLACEMENT_3D('',#508,#509,#510);
#508 = CARTESIAN_POINT('',(-2.5,-175.,0.));
#509 = DIRECTION('',(-1.,0.,0.));
#510 = DIRECTION('',(0.,1.,0.));
#511 = ADVANCED_FACE('',(#512),#530,.T.);
#512 = FACE_BOUND('',#513,.T.);
#513 = EDGE_LOOP('',(#514,#522,#528,#529));
#514 = ORIENTED_EDGE('',*,*,#515,.T.);
#515 = EDGE_CURVE('',#492,#516,#518,.T.);
#516 = VERTEX_POINT('',#517);
#517 = CARTESIAN_POINT('',(-165.48,-165.48,90.));
#518 = LINE('',#519,#520);
#519 = CARTESIAN_POINT('',(-165.48,-165.48,90.));
#520 = VECTOR('',#521,1.);
#521 = DIRECTION('',(-1.,0.,0.));
#522 = ORIENTED_EDGE('',*,*,#523,.T.);
#523 = EDGE_CURVE('',#516,#337,#524,.T.);
#524 = LINE('',#525,#526);
#525 = CARTESIAN_POINT('',(-165.48,-165.48,0.));
#526 = VECTOR('',#527,1.);
#527 = DIRECTION('',(0.,0.,1.));
#528 = ORIENTED_EDGE('',*,*,#336,.T.);
#529 = ORIENTED_EDGE('',*,*,#501,.F.);
#530 = PLANE('',#531);
#531 = AXIS2_PLACEMENT_3D('',#532,#533,#534);
#532 = CARTESIAN_POINT('',(-165.48,-165.48,0.));
#533 = DIRECTION('',(0.,1.,0.));
#534 = DIRECTION('',(1.,0.,0.));
#535 = ADVANCED_FACE('',(#536),#547,.T.);
#536 = FACE_BOUND('',#537,.T.);
#537 = EDGE_LOOP('',(#538,#539,#545,#546));
#538 = ORIENTED_EDGE('',*,*,#440,.F.);
#539 = ORIENTED_EDGE('',*,*,#540,.T.);
#540 = EDGE_CURVE('',#441,#516,#541,.T.);
#541 = LINE('',#542,#543);
#542 = CARTESIAN_POINT('',(-165.48,-175.,90.));
#543 = VECTOR('',#544,1.);
#544 = DIRECTION('',(0.,1.,-2.2E-16));
#545 = ORIENTED_EDGE('',*,*,#515,.F.);
#546 = ORIENTED_EDGE('',*,*,#491,.T.);
#547 = PLANE('',#548);
#548 = AXIS2_PLACEMENT_3D('',#549,#550,#551);
#549 = CARTESIAN_POINT('',(-165.48,-175.,90.));
#550 = DIRECTION('',(0.,-2.2E-16,-1.));
#551 = DIRECTION('',(1.,0.,0.));
#552 = ADVANCED_FACE('',(#553),#566,.T.);
#553 = FACE_BOUND('',#554,.T.);
#554 = EDGE_LOOP('',(#555,#556,#557,#558,#559,#565));
#555 = ORIENTED_EDGE('',*,*,#170,.F.);
#556 = ORIENTED_EDGE('',*,*,#201,.T.);
#557 = ORIENTED_EDGE('',*,*,#410,.T.);
#558 = ORIENTED_EDGE('',*,*,#360,.T.);
#559 = ORIENTED_EDGE('',*,*,#560,.F.);
#560 = EDGE_CURVE('',#216,#353,#561,.T.);
#561 = LINE('',#562,#563);
#562 = CARTESIAN_POINT('',(165.48,165.48,0.));
#563 = VECTOR('',#564,1.);
#564 = DIRECTION('',(0.,0.,1.));
#565 = ORIENTED_EDGE('',*,*,#215,.F.);
#566 = PLANE('',#567);
#567 = AXIS2_PLACEMENT_3D('',#568,#569,#570);
#568 = CARTESIAN_POINT('',(165.48,-1.004217046969,846.24421704696));
#569 = DIRECTION('',(-1.,-0.,-0.));
#570 = DIRECTION('',(0.,0.,-1.));
#571 = ADVANCED_FACE('',(#572),#583,.T.);
#572 = FACE_BOUND('',#573,.T.);
#573 = EDGE_LOOP('',(#574,#575,#576,#577));
#574 = ORIENTED_EDGE('',*,*,#264,.F.);
#575 = ORIENTED_EDGE('',*,*,#560,.T.);
#576 = ORIENTED_EDGE('',*,*,#352,.T.);
#577 = ORIENTED_EDGE('',*,*,#578,.F.);
#578 = EDGE_CURVE('',#257,#345,#579,.T.);
#579 = LINE('',#580,#581);
#580 = CARTESIAN_POINT('',(-165.48,165.48,0.));
#581 = VECTOR('',#582,1.);
#582 = DIRECTION('',(0.,0.,1.));
#583 = PLANE('',#584);
#584 = AXIS2_PLACEMENT_3D('',#585,#586,#587);
#585 = CARTESIAN_POINT('',(5.82E-15,165.48,850.));
#586 = DIRECTION('',(-0.,-1.,-0.));
#587 = DIRECTION('',(0.,0.,-1.));
#588 = ADVANCED_FACE('',(#589),#597,.T.);
#589 = FACE_BOUND('',#590,.T.);
#590 = EDGE_LOOP('',(#591,#592,#593,#594,#595,#596));
#591 = ORIENTED_EDGE('',*,*,#256,.F.);
#592 = ORIENTED_EDGE('',*,*,#578,.T.);
#593 = ORIENTED_EDGE('',*,*,#344,.T.);
#594 = ORIENTED_EDGE('',*,*,#523,.F.);
#595 = ORIENTED_EDGE('',*,*,#540,.F.);
#596 = ORIENTED_EDGE('',*,*,#448,.F.);
#597 = PLANE('',#598);
#598 = AXIS2_PLACEMENT_3D('',#599,#600,#601);
#599 = CARTESIAN_POINT('',(-165.48,-1.004217046969,846.24421704696));
#600 = DIRECTION('',(1.,0.,0.));
#601 = DIRECTION('',(0.,0.,1.));
#602 = ( GEOMETRIC_REPRESENTATION_CONTEXT(3) 
GLOBAL_UNCERTAINTY_ASSIGNED_CONTEXT((#606)) GLOBAL_UNIT_ASSIGNED_CONTEXT
((#603,#604,#605)) REPRESENTATION_CONTEXT('Context #1',
  '3D Context with UNIT and UNCERTAINTY') );
#603 = ( LENGTH_UNIT() NAMED_UNIT(*) SI_UNIT(.MILLI.,.METRE.) );
#604 = ( NAMED_UNIT(*) PLANE_ANGLE_UNIT() SI_UNIT($,.RADIAN.) );
#605 = ( NAMED_UNIT(*) SI_UNIT($,.STERADIAN.) SOLID_ANGLE_UNIT() );
#606 = UNCERTAINTY_MEASURE_WITH_UNIT(LENGTH_MEASURE(2.E-04),#603,
  'distance_accuracy_value','confusion accuracy');
#607 = CONTEXT_DEPENDENT_SHAPE_REPRESENTATION(#608,#610);
#608 = ( REPRESENTATION_RELATIONSHIP('','',#121,#66) 
REPRESENTATION_RELATIONSHIP_WITH_TRANSFORMATION(#609) 
SHAPE_REPRESENTATION_RELATIONSHIP() );
#609 = ITEM_DEFINED_TRANSFORMATION('','',#11,#67);
#610 = PRODUCT_DEFINITION_SHAPE('Placement','Placement of an item',#611
  );
#611 = NEXT_ASSEMBLY_USAGE_OCCURRENCE('1','corpo','',#61,#116,$);
#612 = CC_DESIGN_SECURITY_CLASSIFICATION(#613,(#611));
#613 = SECURITY_CLASSIFICATION('','',#43);
#614 = CC_DESIGN_PERSON_AND_ORGANIZATION_ASSIGNMENT(#32,#41,(#613));
#615 = CC_DESIGN_DATE_AND_TIME_ASSIGNMENT(#46,#52,(#613));
#616 = CC_DESIGN_APPROVAL(#54,(#613));
#617 = PRODUCT_RELATED_PRODUCT_CATEGORY('detail',$,(#118));
#618 = PRODUCT_CATEGORY_RELATIONSHIP('','',#619,#617);
#619 = PRODUCT_CATEGORY('part',$);
#620 = CC_DESIGN_PERSON_AND_ORGANIZATION_ASSIGNMENT(#32,#35,(#117,#116)
  );
#621 = CC_DESIGN_PERSON_AND_ORGANIZATION_ASSIGNMENT(#32,#37,(#118));
#622 = CC_DESIGN_PERSON_AND_ORGANIZATION_ASSIGNMENT(#32,#39,(#117));
#623 = CC_DESIGN_PERSON_AND_ORGANIZATION_ASSIGNMENT(#32,#41,(#624));
#624 = SECURITY_CLASSIFICATION('','',#43);
#625 = CC_DESIGN_SECURITY_CLASSIFICATION(#624,(#117));
#626 = CC_DESIGN_DATE_AND_TIME_ASSIGNMENT(#46,#50,(#116));
#627 = CC_DESIGN_DATE_AND_TIME_ASSIGNMENT(#46,#52,(#624));
#628 = CC_DESIGN_APPROVAL(#54,(#117,#116,#624));
#629 = SHAPE_DEFINITION_REPRESENTATION(#630,#636);
#630 = PRODUCT_DEFINITION_SHAPE('','',#631);
#631 = PRODUCT_DEFINITION('design','',#632,#635);
#632 = PRODUCT_DEFINITION_FORMATION_WITH_SPECIFIED_SOURCE('','',#633,
  .NOT_KNOWN.);
#633 = PRODUCT('caixa_parafusos','caixa_parafusos','',(#634));
#634 = MECHANICAL_CONTEXT('',#2,'mechanical');
#635 = DESIGN_CONTEXT('',#2,'design');
#636 = ADVANCED_BREP_SHAPE_REPRESENTATION('',(#11,#637),#985);
#637 = MANIFOLD_SOLID_BREP('',#638);
#638 = CLOSED_SHELL('',(#639,#679,#726,#750,#790,#821,#845,#876,#900,
    #924,#948,#969));
#639 = ADVANCED_FACE('',(#640),#674,.T.);
#640 = FACE_BOUND('',#641,.T.);
#641 = EDGE_LOOP('',(#642,#652,#660,#668));
#642 = ORIENTED_EDGE('',*,*,#643,.F.);
#643 = EDGE_CURVE('',#644,#646,#648,.T.);
#644 = VERTEX_POINT('',#645);
#645 = CARTESIAN_POINT('',(-165.48,-175.,90.));
#646 = VERTEX_POINT('',#647);
#647 = CARTESIAN_POINT('',(-165.48,-102.3,90.));
#648 = LINE('',#649,#650);
#649 = CARTESIAN_POINT('',(-165.48,-175.,90.));
#650 = VECTOR('',#651,1.);
#651 = DIRECTION('',(0.,1.,0.));
#652 = ORIENTED_EDGE('',*,*,#653,.T.);
#653 = EDGE_CURVE('',#644,#654,#656,.T.);
#654 = VERTEX_POINT('',#655);
#655 = CARTESIAN_POINT('',(165.48,-175.,90.));
#656 = LINE('',#657,#658);
#657 = CARTESIAN_POINT('',(-165.48,-175.,90.));
#658 = VECTOR('',#659,1.);
#659 = DIRECTION('',(1.,0.,0.));
#660 = ORIENTED_EDGE('',*,*,#661,.F.);
#661 = EDGE_CURVE('',#662,#654,#664,.T.);
#662 = VERTEX_POINT('',#663);
#663 = CARTESIAN_POINT('',(165.48,-102.3,90.));
#664 = LINE('',#665,#666);
#665 = CARTESIAN_POINT('',(165.48,-88.00210852348,90.));
#666 = VECTOR('',#667,1.);
#667 = DIRECTION('',(0.,-1.,0.));
#668 = ORIENTED_EDGE('',*,*,#669,.F.);
#669 = EDGE_CURVE('',#646,#662,#670,.T.);
#670 = LINE('',#671,#672);
#671 = CARTESIAN_POINT('',(-165.48,-102.3,90.));
#672 = VECTOR('',#673,1.);
#673 = DIRECTION('',(1.,0.,0.));
#674 = PLANE('',#675);
#675 = AXIS2_PLACEMENT_3D('',#676,#677,#678);
#676 = CARTESIAN_POINT('',(-165.48,-175.,90.));
#677 = DIRECTION('',(0.,0.,1.));
#678 = DIRECTION('',(0.,1.,0.));
#679 = ADVANCED_FACE('',(#680),#721,.F.);
#680 = FACE_BOUND('',#681,.T.);
#681 = EDGE_LOOP('',(#682,#683,#691,#699,#707,#715));
#682 = ORIENTED_EDGE('',*,*,#643,.T.);
#683 = ORIENTED_EDGE('',*,*,#684,.T.);
#684 = EDGE_CURVE('',#646,#685,#687,.T.);
#685 = VERTEX_POINT('',#686);
#686 = CARTESIAN_POINT('',(-165.48,-102.3,0.));
#687 = LINE('',#688,#689);
#688 = CARTESIAN_POINT('',(-165.48,-102.3,90.));
#689 = VECTOR('',#690,1.);
#690 = DIRECTION('',(0.,0.,-1.));
#691 = ORIENTED_EDGE('',*,*,#692,.T.);
#692 = EDGE_CURVE('',#685,#693,#695,.T.);
#693 = VERTEX_POINT('',#694);
#694 = CARTESIAN_POINT('',(-165.48,-115.,0.));
#695 = LINE('',#696,#697);
#696 = CARTESIAN_POINT('',(-165.48,-102.3,0.));
#697 = VECTOR('',#698,1.);
#698 = DIRECTION('',(0.,-1.,0.));
#699 = ORIENTED_EDGE('',*,*,#700,.T.);
#700 = EDGE_CURVE('',#693,#701,#703,.T.);
#701 = VERTEX_POINT('',#702);
#702 = CARTESIAN_POINT('',(-165.48,-115.,77.3));
#703 = LINE('',#704,#705);
#704 = CARTESIAN_POINT('',(-165.48,-115.,0.));
#705 = VECTOR('',#706,1.);
#706 = DIRECTION('',(0.,0.,1.));
#707 = ORIENTED_EDGE('',*,*,#708,.T.);
#708 = EDGE_CURVE('',#701,#709,#711,.T.);
#709 = VERTEX_POINT('',#710);
#710 = CARTESIAN_POINT('',(-165.48,-175.,77.3));
#711 = LINE('',#712,#713);
#712 = CARTESIAN_POINT('',(-165.48,-115.,77.3));
#713 = VECTOR('',#714,1.);
#714 = DIRECTION('',(0.,-1.,0.));
#715 = ORIENTED_EDGE('',*,*,#716,.T.);
#716 = EDGE_CURVE('',#709,#644,#717,.T.);
#717 = LINE('',#718,#719);
#718 = CARTESIAN_POINT('',(-165.48,-175.,77.3));
#719 = VECTOR('',#720,1.);
#720 = DIRECTION('',(0.,-2.24E-15,1.));
#721 = PLANE('',#722);
#722 = AXIS2_PLACEMENT_3D('',#723,#724,#725);
#723 = CARTESIAN_POINT('',(-165.48,-124.3967732022,59.253226797787));
#724 = DIRECTION('',(1.,0.,0.));
#725 = DIRECTION('',(0.,0.,1.));
#726 = ADVANCED_FACE('',(#727),#745,.T.);
#727 = FACE_BOUND('',#728,.T.);
#728 = EDGE_LOOP('',(#729,#730,#731,#739));
#729 = ORIENTED_EDGE('',*,*,#684,.F.);
#730 = ORIENTED_EDGE('',*,*,#669,.T.);
#731 = ORIENTED_EDGE('',*,*,#732,.F.);
#732 = EDGE_CURVE('',#733,#662,#735,.T.);
#733 = VERTEX_POINT('',#734);
#734 = CARTESIAN_POINT('',(165.48,-102.3,0.));
#735 = LINE('',#736,#737);
#736 = CARTESIAN_POINT('',(165.48,-102.3,468.12210852348));
#737 = VECTOR('',#738,1.);
#738 = DIRECTION('',(0.,0.,1.));
#739 = ORIENTED_EDGE('',*,*,#740,.F.);
#740 = EDGE_CURVE('',#685,#733,#741,.T.);
#741 = LINE('',#742,#743);
#742 = CARTESIAN_POINT('',(-165.48,-102.3,0.));
#743 = VECTOR('',#744,1.);
#744 = DIRECTION('',(1.,0.,0.));
#745 = PLANE('',#746);
#746 = AXIS2_PLACEMENT_3D('',#747,#748,#749);
#747 = CARTESIAN_POINT('',(-165.48,-102.3,90.));
#748 = DIRECTION('',(0.,1.,0.));
#749 = DIRECTION('',(0.,0.,-1.));
#750 = ADVANCED_FACE('',(#751),#785,.F.);
#751 = FACE_BOUND('',#752,.F.);
#752 = EDGE_LOOP('',(#753,#754,#755,#763,#771,#779));
#753 = ORIENTED_EDGE('',*,*,#661,.F.);
#754 = ORIENTED_EDGE('',*,*,#732,.F.);
#755 = ORIENTED_EDGE('',*,*,#756,.F.);
#756 = EDGE_CURVE('',#757,#733,#759,.T.);
#757 = VERTEX_POINT('',#758);
#758 = CARTESIAN_POINT('',(165.48,-115.,0.));
#759 = LINE('',#760,#761);
#760 = CARTESIAN_POINT('',(165.48,-51.65210852348,0.));
#761 = VECTOR('',#762,1.);
#762 = DIRECTION('',(0.,1.,0.));
#763 = ORIENTED_EDGE('',*,*,#764,.F.);
#764 = EDGE_CURVE('',#765,#757,#767,.T.);
#765 = VERTEX_POINT('',#766);
#766 = CARTESIAN_POINT('',(165.48,-115.,77.3));
#767 = LINE('',#768,#769);
#768 = CARTESIAN_POINT('',(165.48,-115.,423.12210852348));
#769 = VECTOR('',#770,1.);
#770 = DIRECTION('',(0.,0.,-1.));
#771 = ORIENTED_EDGE('',*,*,#772,.F.);
#772 = EDGE_CURVE('',#773,#765,#775,.T.);
#773 = VERTEX_POINT('',#774);
#774 = CARTESIAN_POINT('',(165.48,-175.,77.3));
#775 = LINE('',#776,#777);
#776 = CARTESIAN_POINT('',(165.48,-58.00210852348,77.3));
#777 = VECTOR('',#778,1.);
#778 = DIRECTION('',(0.,1.,0.));
#779 = ORIENTED_EDGE('',*,*,#780,.F.);
#780 = EDGE_CURVE('',#654,#773,#781,.T.);
#781 = LINE('',#782,#783);
#782 = CARTESIAN_POINT('',(165.48,-175.,461.77210852348));
#783 = VECTOR('',#784,1.);
#784 = DIRECTION('',(0.,2.24E-15,-1.));
#785 = PLANE('',#786);
#786 = AXIS2_PLACEMENT_3D('',#787,#788,#789);
#787 = CARTESIAN_POINT('',(165.48,-1.004217046969,846.24421704696));
#788 = DIRECTION('',(-1.,-0.,-0.));
#789 = DIRECTION('',(0.,0.,-1.));
#790 = ADVANCED_FACE('',(#791),#816,.T.);
#791 = FACE_BOUND('',#792,.T.);
#792 = EDGE_LOOP('',(#793,#794,#802,#810));
#793 = ORIENTED_EDGE('',*,*,#700,.F.);
#794 = ORIENTED_EDGE('',*,*,#795,.T.);
#795 = EDGE_CURVE('',#693,#796,#798,.T.);
#796 = VERTEX_POINT('',#797);
#797 = CARTESIAN_POINT('',(-6.35,-115.,0.));
#798 = LINE('',#799,#800);
#799 = CARTESIAN_POINT('',(-165.48,-115.,0.));
#800 = VECTOR('',#801,1.);
#801 = DIRECTION('',(1.,0.,0.));
#802 = ORIENTED_EDGE('',*,*,#803,.F.);
#803 = EDGE_CURVE('',#804,#796,#806,.T.);
#804 = VERTEX_POINT('',#805);
#805 = CARTESIAN_POINT('',(-6.35,-115.,77.3));
#806 = LINE('',#807,#808);
#807 = CARTESIAN_POINT('',(-6.35,-115.,77.3));
#808 = VECTOR('',#809,1.);
#809 = DIRECTION('',(0.,0.,-1.));
#810 = ORIENTED_EDGE('',*,*,#811,.F.);
#811 = EDGE_CURVE('',#701,#804,#812,.T.);
#812 = LINE('',#813,#814);
#813 = CARTESIAN_POINT('',(-165.48,-115.,77.3));
#814 = VECTOR('',#815,1.);
#815 = DIRECTION('',(1.,0.,0.));
#816 = PLANE('',#817);
#817 = AXIS2_PLACEMENT_3D('',#818,#819,#820);
#818 = CARTESIAN_POINT('',(-165.48,-115.,0.));
#819 = DIRECTION('',(0.,-1.,0.));
#820 = DIRECTION('',(0.,0.,1.));
#821 = ADVANCED_FACE('',(#822),#840,.T.);
#822 = FACE_BOUND('',#823,.T.);
#823 = EDGE_LOOP('',(#824,#825,#826,#834));
#824 = ORIENTED_EDGE('',*,*,#708,.F.);
#825 = ORIENTED_EDGE('',*,*,#811,.T.);
#826 = ORIENTED_EDGE('',*,*,#827,.T.);
#827 = EDGE_CURVE('',#804,#828,#830,.T.);
#828 = VERTEX_POINT('',#829);
#829 = CARTESIAN_POINT('',(-6.35,-175.,77.3));
#830 = LINE('',#831,#832);
#831 = CARTESIAN_POINT('',(-6.35,-115.,77.3));
#832 = VECTOR('',#833,1.);
#833 = DIRECTION('',(0.,-1.,2.2E-16));
#834 = ORIENTED_EDGE('',*,*,#835,.F.);
#835 = EDGE_CURVE('',#709,#828,#836,.T.);
#836 = LINE('',#837,#838);
#837 = CARTESIAN_POINT('',(-165.48,-175.,77.3));
#838 = VECTOR('',#839,1.);
#839 = DIRECTION('',(1.,0.,0.));
#840 = PLANE('',#841);
#841 = AXIS2_PLACEMENT_3D('',#842,#843,#844);
#842 = CARTESIAN_POINT('',(-165.48,-115.,77.3));
#843 = DIRECTION('',(0.,0.,-1.));
#844 = DIRECTION('',(0.,-1.,0.));
#845 = ADVANCED_FACE('',(#846),#871,.T.);
#846 = FACE_BOUND('',#847,.T.);
#847 = EDGE_LOOP('',(#848,#858,#864,#865));
#848 = ORIENTED_EDGE('',*,*,#849,.F.);
#849 = EDGE_CURVE('',#850,#852,#854,.T.);
#850 = VERTEX_POINT('',#851);
#851 = CARTESIAN_POINT('',(6.35,-115.,77.3));
#852 = VERTEX_POINT('',#853);
#853 = CARTESIAN_POINT('',(6.35,-175.,77.3));
#854 = LINE('',#855,#856);
#855 = CARTESIAN_POINT('',(6.35,-115.,77.3));
#856 = VECTOR('',#857,1.);
#857 = DIRECTION('',(0.,-1.,2.2E-16));
#858 = ORIENTED_EDGE('',*,*,#859,.T.);
#859 = EDGE_CURVE('',#850,#765,#860,.T.);
#860 = LINE('',#861,#862);
#861 = CARTESIAN_POINT('',(-165.48,-115.,77.3));
#862 = VECTOR('',#863,1.);
#863 = DIRECTION('',(1.,0.,0.));
#864 = ORIENTED_EDGE('',*,*,#772,.F.);
#865 = ORIENTED_EDGE('',*,*,#866,.F.);
#866 = EDGE_CURVE('',#852,#773,#867,.T.);
#867 = LINE('',#868,#869);
#868 = CARTESIAN_POINT('',(-165.48,-175.,77.3));
#869 = VECTOR('',#870,1.);
#870 = DIRECTION('',(1.,0.,0.));
#871 = PLANE('',#872);
#872 = AXIS2_PLACEMENT_3D('',#873,#874,#875);
#873 = CARTESIAN_POINT('',(-165.48,-115.,77.3));
#874 = DIRECTION('',(0.,0.,-1.));
#875 = DIRECTION('',(0.,-1.,0.));
#876 = ADVANCED_FACE('',(#877),#895,.T.);
#877 = FACE_BOUND('',#878,.T.);
#878 = EDGE_LOOP('',(#879,#887,#893,#894));
#879 = ORIENTED_EDGE('',*,*,#880,.F.);
#880 = EDGE_CURVE('',#881,#850,#883,.T.);
#881 = VERTEX_POINT('',#882);
#882 = CARTESIAN_POINT('',(6.35,-115.,0.));
#883 = LINE('',#884,#885);
#884 = CARTESIAN_POINT('',(6.35,-115.,0.));
#885 = VECTOR('',#886,1.);
#886 = DIRECTION('',(0.,0.,1.));
#887 = ORIENTED_EDGE('',*,*,#888,.T.);
#888 = EDGE_CURVE('',#881,#757,#889,.T.);
#889 = LINE('',#890,#891);
#890 = CARTESIAN_POINT('',(-165.48,-115.,0.));
#891 = VECTOR('',#892,1.);
#892 = DIRECTION('',(1.,0.,0.));
#893 = ORIENTED_EDGE('',*,*,#764,.F.);
#894 = ORIENTED_EDGE('',*,*,#859,.F.);
#895 = PLANE('',#896);
#896 = AXIS2_PLACEMENT_3D('',#897,#898,#899);
#897 = CARTESIAN_POINT('',(-165.48,-115.,0.));
#898 = DIRECTION('',(0.,-1.,0.));
#899 = DIRECTION('',(0.,0.,1.));
#900 = ADVANCED_FACE('',(#901),#919,.F.);
#901 = FACE_BOUND('',#902,.F.);
#902 = EDGE_LOOP('',(#903,#904,#905,#913));
#903 = ORIENTED_EDGE('',*,*,#803,.F.);
#904 = ORIENTED_EDGE('',*,*,#827,.T.);
#905 = ORIENTED_EDGE('',*,*,#906,.T.);
#906 = EDGE_CURVE('',#828,#907,#909,.T.);
#907 = VERTEX_POINT('',#908);
#908 = CARTESIAN_POINT('',(-6.35,-175.,1.3E-14));
#909 = LINE('',#910,#911);
#910 = CARTESIAN_POINT('',(-6.35,-175.,77.3));
#911 = VECTOR('',#912,1.);
#912 = DIRECTION('',(0.,2.24E-15,-1.));
#913 = ORIENTED_EDGE('',*,*,#914,.F.);
#914 = EDGE_CURVE('',#796,#907,#915,.T.);
#915 = LINE('',#916,#917);
#916 = CARTESIAN_POINT('',(-6.35,-115.,0.));
#917 = VECTOR('',#918,1.);
#918 = DIRECTION('',(0.,-1.,2.2E-16));
#919 = PLANE('',#920);
#920 = AXIS2_PLACEMENT_3D('',#921,#922,#923);
#921 = CARTESIAN_POINT('',(-6.35,-115.,77.3));
#922 = DIRECTION('',(1.,0.,0.));
#923 = DIRECTION('',(0.,-2.2E-16,-1.));
#924 = ADVANCED_FACE('',(#925),#943,.F.);
#925 = FACE_BOUND('',#926,.F.);
#926 = EDGE_LOOP('',(#927,#928,#936,#942));
#927 = ORIENTED_EDGE('',*,*,#880,.F.);
#928 = ORIENTED_EDGE('',*,*,#929,.T.);
#929 = EDGE_CURVE('',#881,#930,#932,.T.);
#930 = VERTEX_POINT('',#931);
#931 = CARTESIAN_POINT('',(6.35,-175.,1.3E-14));
#932 = LINE('',#933,#934);
#933 = CARTESIAN_POINT('',(6.35,-115.,0.));
#934 = VECTOR('',#935,1.);
#935 = DIRECTION('',(0.,-1.,2.2E-16));
#936 = ORIENTED_EDGE('',*,*,#937,.T.);
#937 = EDGE_CURVE('',#930,#852,#938,.T.);
#938 = LINE('',#939,#940);
#939 = CARTESIAN_POINT('',(6.35,-175.,38.65));
#940 = VECTOR('',#941,1.);
#941 = DIRECTION('',(0.,-2.24E-15,1.));
#942 = ORIENTED_EDGE('',*,*,#849,.F.);
#943 = PLANE('',#944);
#944 = AXIS2_PLACEMENT_3D('',#945,#946,#947);
#945 = CARTESIAN_POINT('',(6.35,-115.,0.));
#946 = DIRECTION('',(-1.,0.,0.));
#947 = DIRECTION('',(0.,2.2E-16,1.));
#948 = ADVANCED_FACE('',(#949),#964,.T.);
#949 = FACE_BOUND('',#950,.T.);
#950 = EDGE_LOOP('',(#951,#952,#953,#954,#960,#961,#962,#963));
#951 = ORIENTED_EDGE('',*,*,#716,.F.);
#952 = ORIENTED_EDGE('',*,*,#835,.T.);
#953 = ORIENTED_EDGE('',*,*,#906,.T.);
#954 = ORIENTED_EDGE('',*,*,#955,.T.);
#955 = EDGE_CURVE('',#907,#930,#956,.T.);
#956 = LINE('',#957,#958);
#957 = CARTESIAN_POINT('',(-85.915,-175.,1.377E-14));
#958 = VECTOR('',#959,1.);
#959 = DIRECTION('',(1.,0.,0.));
#960 = ORIENTED_EDGE('',*,*,#937,.T.);
#961 = ORIENTED_EDGE('',*,*,#866,.T.);
#962 = ORIENTED_EDGE('',*,*,#780,.F.);
#963 = ORIENTED_EDGE('',*,*,#653,.F.);
#964 = PLANE('',#965);
#965 = AXIS2_PLACEMENT_3D('',#966,#967,#968);
#966 = CARTESIAN_POINT('',(-4.32E-15,-175.,74.220707430635));
#967 = DIRECTION('',(-0.,-1.,-2.21E-15));
#968 = DIRECTION('',(0.,2.21E-15,-1.));
#969 = ADVANCED_FACE('',(#970),#980,.T.);
#970 = FACE_BOUND('',#971,.T.);
#971 = EDGE_LOOP('',(#972,#973,#974,#975,#976,#977,#978,#979));
#972 = ORIENTED_EDGE('',*,*,#692,.F.);
#973 = ORIENTED_EDGE('',*,*,#740,.T.);
#974 = ORIENTED_EDGE('',*,*,#756,.F.);
#975 = ORIENTED_EDGE('',*,*,#888,.F.);
#976 = ORIENTED_EDGE('',*,*,#929,.T.);
#977 = ORIENTED_EDGE('',*,*,#955,.F.);
#978 = ORIENTED_EDGE('',*,*,#914,.F.);
#979 = ORIENTED_EDGE('',*,*,#795,.F.);
#980 = PLANE('',#981);
#981 = AXIS2_PLACEMENT_3D('',#982,#983,#984);
#982 = CARTESIAN_POINT('',(-1.62E-15,-114.9969256304,1.21E-15));
#983 = DIRECTION('',(-0.,-0.,-1.));
#984 = DIRECTION('',(-1.,0.,0.));
#985 = ( GEOMETRIC_REPRESENTATION_CONTEXT(3) 
GLOBAL_UNCERTAINTY_ASSIGNED_CONTEXT((#989)) GLOBAL_UNIT_ASSIGNED_CONTEXT
((#986,#987,#988)) REPRESENTATION_CONTEXT('Context #1',
  '3D Context with UNIT and UNCERTAINTY') );
#986 = ( LENGTH_UNIT() NAMED_UNIT(*) SI_UNIT(.MILLI.,.METRE.) );
#987 = ( NAMED_UNIT(*) PLANE_ANGLE_UNIT() SI_UNIT($,.RADIAN.) );
#988 = ( NAMED_UNIT(*) SI_UNIT($,.STERADIAN.) SOLID_ANGLE_UNIT() );
#989 = UNCERTAINTY_MEASURE_WITH_UNIT(LENGTH_MEASURE(2.E-07),#986,
  'distance_accuracy_value','confusion accuracy');
#990 = CONTEXT_DEPENDENT_SHAPE_REPRESENTATION(#991,#993);
#991 = ( REPRESENTATION_RELATIONSHIP('','',#636,#66) 
REPRESENTATION_RELATIONSHIP_WITH_TRANSFORMATION(#992) 
SHAPE_REPRESENTATION_RELATIONSHIP() );
#992 = ITEM_DEFINED_TRANSFORMATION('','',#11,#71);
#993 = PRODUCT_DEFINITION_SHAPE('Placement','Placement of an item',#994
  );
#994 = NEXT_ASSEMBLY_USAGE_OCCURRENCE('2','caixa_parafusos','',#61,#631,
  $);
#995 = CC_DESIGN_SECURITY_CLASSIFICATION(#996,(#994));
#996 = SECURITY_CLASSIFICATION('','',#43);
#997 = CC_DESIGN_PERSON_AND_ORGANIZATION_ASSIGNMENT(#32,#41,(#996));
#998 = CC_DESIGN_DATE_AND_TIME_ASSIGNMENT(#46,#52,(#996));
#999 = CC_DESIGN_APPROVAL(#54,(#996));
#1000 = PRODUCT_RELATED_PRODUCT_CATEGORY('detail',$,(#633));
#1001 = PRODUCT_CATEGORY_RELATIONSHIP('','',#1002,#1000);
#1002 = PRODUCT_CATEGORY('part',$);
#1003 = CC_DESIGN_PERSON_AND_ORGANIZATION_ASSIGNMENT(#32,#35,(#632,#631)
  );
#1004 = CC_DESIGN_PERSON_AND_ORGANIZATION_ASSIGNMENT(#32,#37,(#633));
#1005 = CC_DESIGN_PERSON_AND_ORGANIZATION_ASSIGNMENT(#32,#39,(#632));
#1006 = CC_DESIGN_PERSON_AND_ORGANIZATION_ASSIGNMENT(#32,#41,(#1007));
#1007 = SECURITY_CLASSIFICATION('','',#43);
#1008 = CC_DESIGN_SECURITY_CLASSIFICATION(#1007,(#632));
#1009 = CC_DESIGN_DATE_AND_TIME_ASSIGNMENT(#46,#50,(#631));
#1010 = CC_DESIGN_DATE_AND_TIME_ASSIGNMENT(#46,#52,(#1007));
#1011 = CC_DESIGN_APPROVAL(#54,(#632,#631,#1007));
#1012 = SHAPE_DEFINITION_REPRESENTATION(#1013,#1019);
#1013 = PRODUCT_DEFINITION_SHAPE('','',#1014);
#1014 = PRODUCT_DEFINITION('design','',#1015,#1018);
#1015 = PRODUCT_DEFINITION_FORMATION_WITH_SPECIFIED_SOURCE('','',#1016,
  .NOT_KNOWN.);
#1016 = PRODUCT('jotas','jotas','',(#1017));
#1017 = MECHANICAL_CONTEXT('',#2,'mechanical');
#1018 = DESIGN_CONTEXT('',#2,'design');
#1019 = SHAPE_REPRESENTATION('',(#11),#1020);
#1020 = ( GEOMETRIC_REPRESENTATION_CONTEXT(3) 
GLOBAL_UNCERTAINTY_ASSIGNED_CONTEXT((#1024)) 
GLOBAL_UNIT_ASSIGNED_CONTEXT((#1021,#1022,#1023)) REPRESENTATION_CONTEXT
('Context #1','3D Context with UNIT and UNCERTAINTY') );
#1021 = ( LENGTH_UNIT() NAMED_UNIT(*) SI_UNIT(.MILLI.,.METRE.) );
#1022 = ( NAMED_UNIT(*) PLANE_ANGLE_UNIT() SI_UNIT($,.RADIAN.) );
#1023 = ( NAMED_UNIT(*) SI_UNIT($,.STERADIAN.) SOLID_ANGLE_UNIT() );
#1024 = UNCERTAINTY_MEASURE_WITH_UNIT(LENGTH_MEASURE(1.E-07),#1021,
  'distance_accuracy_value','confusion accuracy');
#1025 = CONTEXT_DEPENDENT_SHAPE_REPRESENTATION(#1026,#1028);
#1026 = ( REPRESENTATION_RELATIONSHIP('','',#1019,#66) 
REPRESENTATION_RELATIONSHIP_WITH_TRANSFORMATION(#1027) 
SHAPE_REPRESENTATION_RELATIONSHIP() );
#1027 = ITEM_DEFINED_TRANSFORMATION('','',#11,#75);
#1028 = PRODUCT_DEFINITION_SHAPE('Placement','Placement of an item',
  #1029);
#1029 = NEXT_ASSEMBLY_USAGE_OCCURRENCE('3','jotas','',#61,#1014,$);
#1030 = CC_DESIGN_SECURITY_CLASSIFICATION(#1031,(#1029));
#1031 = SECURITY_CLASSIFICATION('','',#43);
#1032 = CC_DESIGN_PERSON_AND_ORGANIZATION_ASSIGNMENT(#32,#41,(#1031));
#1033 = CC_DESIGN_DATE_AND_TIME_ASSIGNMENT(#46,#52,(#1031));
#1034 = CC_DESIGN_APPROVAL(#54,(#1031));
#1035 = PRODUCT_RELATED_PRODUCT_CATEGORY('detail',$,(#1016));
#1036 = PRODUCT_CATEGORY_RELATIONSHIP('','',#1037,#1035);
#1037 = PRODUCT_CATEGORY('part',$);
#1038 = CC_DESIGN_PERSON_AND_ORGANIZATION_ASSIGNMENT(#32,#35,(#1015,
    #1014));
#1039 = CC_DESIGN_PERSON_AND_ORGANIZATION_ASSIGNMENT(#32,#37,(#1016));
#1040 = CC_DESIGN_PERSON_AND_ORGANIZATION_ASSIGNMENT(#32,#39,(#1015));
#1041 = CC_DESIGN_PERSON_AND_ORGANIZATION_ASSIGNMENT(#32,#41,(#1042));
#1042 = SECURITY_CLASSIFICATION('','',#43);
#1043 = CC_DESIGN_SECURITY_CLASSIFICATION(#1042,(#1015));
#1044 = CC_DESIGN_DATE_AND_TIME_ASSIGNMENT(#46,#50,(#1014));
#1045 = CC_DESIGN_DATE_AND_TIME_ASSIGNMENT(#46,#52,(#1042));
#1046 = CC_DESIGN_APPROVAL(#54,(#1015,#1014,#1042));
#1047 = SHAPE_REPRESENTATION_RELATIONSHIP('','',#1048,#1019);
#1048 = ADVANCED_BREP_SHAPE_REPRESENTATION('',(#11,#1049),#1335);
#1049 = MANIFOLD_SOLID_BREP('',#1050);
#1050 = CLOSED_SHELL('',(#1051,#1091,#1156,#1180,#1238,#1255,#1267,#1289
    ,#1306,#1323));
#1051 = ADVANCED_FACE('',(#1052),#1086,.T.);
#1052 = FACE_BOUND('',#1053,.T.);
#1053 = EDGE_LOOP('',(#1054,#1064,#1072,#1080));
#1054 = ORIENTED_EDGE('',*,*,#1055,.F.);
#1055 = EDGE_CURVE('',#1056,#1058,#1060,.T.);
#1056 = VERTEX_POINT('',#1057);
#1057 = CARTESIAN_POINT('',(-175.,-175.,0.));
#1058 = VERTEX_POINT('',#1059);
#1059 = CARTESIAN_POINT('',(-235.,-175.,0.));
#1060 = LINE('',#1061,#1062);
#1061 = CARTESIAN_POINT('',(-175.,-175.,0.));
#1062 = VECTOR('',#1063,1.);
#1063 = DIRECTION('',(-1.,0.,0.));
#1064 = ORIENTED_EDGE('',*,*,#1065,.T.);
#1065 = EDGE_CURVE('',#1056,#1066,#1068,.T.);
#1066 = VERTEX_POINT('',#1067);
#1067 = CARTESIAN_POINT('',(-175.,-175.,1.7E+03));
#1068 = LINE('',#1069,#1070);
#1069 = CARTESIAN_POINT('',(-175.,-175.,0.));
#1070 = VECTOR('',#1071,1.);
#1071 = DIRECTION('',(0.,0.,1.));
#1072 = ORIENTED_EDGE('',*,*,#1073,.T.);
#1073 = EDGE_CURVE('',#1066,#1074,#1076,.T.);
#1074 = VERTEX_POINT('',#1075);
#1075 = CARTESIAN_POINT('',(-235.,-175.,1.7E+03));
#1076 = LINE('',#1077,#1078);
#1077 = CARTESIAN_POINT('',(-87.5,-175.,1.7E+03));
#1078 = VECTOR('',#1079,1.);
#1079 = DIRECTION('',(-1.,0.,0.));
#1080 = ORIENTED_EDGE('',*,*,#1081,.F.);
#1081 = EDGE_CURVE('',#1058,#1074,#1082,.T.);
#1082 = LINE('',#1083,#1084);
#1083 = CARTESIAN_POINT('',(-235.,-175.,0.));
#1084 = VECTOR('',#1085,1.);
#1085 = DIRECTION('',(0.,0.,1.));
#1086 = PLANE('',#1087);
#1087 = AXIS2_PLACEMENT_3D('',#1088,#1089,#1090);
#1088 = CARTESIAN_POINT('',(-175.,-175.,0.));
#1089 = DIRECTION('',(-0.,-1.,-0.));
#1090 = DIRECTION('',(-1.,0.,0.));
#1091 = ADVANCED_FACE('',(#1092,#1117),#1151,.F.);
#1092 = FACE_BOUND('',#1093,.T.);
#1093 = EDGE_LOOP('',(#1094,#1095,#1103,#1111));
#1094 = ORIENTED_EDGE('',*,*,#1055,.T.);
#1095 = ORIENTED_EDGE('',*,*,#1096,.T.);
#1096 = EDGE_CURVE('',#1058,#1097,#1099,.T.);
#1097 = VERTEX_POINT('',#1098);
#1098 = CARTESIAN_POINT('',(-235.,-115.,0.));
#1099 = LINE('',#1100,#1101);
#1100 = CARTESIAN_POINT('',(-235.,-175.,0.));
#1101 = VECTOR('',#1102,1.);
#1102 = DIRECTION('',(0.,1.,0.));
#1103 = ORIENTED_EDGE('',*,*,#1104,.T.);
#1104 = EDGE_CURVE('',#1097,#1105,#1107,.T.);
#1105 = VERTEX_POINT('',#1106);
#1106 = CARTESIAN_POINT('',(-175.,-115.,0.));
#1107 = LINE('',#1108,#1109);
#1108 = CARTESIAN_POINT('',(-235.,-115.,0.));
#1109 = VECTOR('',#1110,1.);
#1110 = DIRECTION('',(1.,0.,0.));
#1111 = ORIENTED_EDGE('',*,*,#1112,.T.);
#1112 = EDGE_CURVE('',#1105,#1056,#1113,.T.);
#1113 = LINE('',#1114,#1115);
#1114 = CARTESIAN_POINT('',(-175.,-115.,0.));
#1115 = VECTOR('',#1116,1.);
#1116 = DIRECTION('',(0.,-1.,0.));
#1117 = FACE_BOUND('',#1118,.F.);
#1118 = EDGE_LOOP('',(#1119,#1129,#1137,#1145));
#1119 = ORIENTED_EDGE('',*,*,#1120,.T.);
#1120 = EDGE_CURVE('',#1121,#1123,#1125,.T.);
#1121 = VERTEX_POINT('',#1122);
#1122 = CARTESIAN_POINT('',(-184.52,-124.52,0.));
#1123 = VERTEX_POINT('',#1124);
#1124 = CARTESIAN_POINT('',(-184.52,-165.48,0.));
#1125 = LINE('',#1126,#1127);
#1126 = CARTESIAN_POINT('',(-184.52,-124.52,0.));
#1127 = VECTOR('',#1128,1.);
#1128 = DIRECTION('',(0.,-1.,0.));
#1129 = ORIENTED_EDGE('',*,*,#1130,.T.);
#1130 = EDGE_CURVE('',#1123,#1131,#1133,.T.);
#1131 = VERTEX_POINT('',#1132);
#1132 = CARTESIAN_POINT('',(-225.48,-165.48,0.));
#1133 = LINE('',#1134,#1135);
#1134 = CARTESIAN_POINT('',(-184.52,-165.48,0.));
#1135 = VECTOR('',#1136,1.);
#1136 = DIRECTION('',(-1.,0.,0.));
#1137 = ORIENTED_EDGE('',*,*,#1138,.T.);
#1138 = EDGE_CURVE('',#1131,#1139,#1141,.T.);
#1139 = VERTEX_POINT('',#1140);
#1140 = CARTESIAN_POINT('',(-225.48,-124.52,0.));
#1141 = LINE('',#1142,#1143);
#1142 = CARTESIAN_POINT('',(-225.48,-165.48,0.));
#1143 = VECTOR('',#1144,1.);
#1144 = DIRECTION('',(0.,1.,0.));
#1145 = ORIENTED_EDGE('',*,*,#1146,.T.);
#1146 = EDGE_CURVE('',#1139,#1121,#1147,.T.);
#1147 = LINE('',#1148,#1149);
#1148 = CARTESIAN_POINT('',(-225.48,-124.52,0.));
#1149 = VECTOR('',#1150,1.);
#1150 = DIRECTION('',(1.,0.,0.));
#1151 = PLANE('',#1152);
#1152 = AXIS2_PLACEMENT_3D('',#1153,#1154,#1155);
#1153 = CARTESIAN_POINT('',(6.756E-14,-145.,0.));
#1154 = DIRECTION('',(0.,0.,1.));
#1155 = DIRECTION('',(1.,0.,0.));
#1156 = ADVANCED_FACE('',(#1157),#1175,.T.);
#1157 = FACE_BOUND('',#1158,.T.);
#1158 = EDGE_LOOP('',(#1159,#1160,#1161,#1169));
#1159 = ORIENTED_EDGE('',*,*,#1096,.F.);
#1160 = ORIENTED_EDGE('',*,*,#1081,.T.);
#1161 = ORIENTED_EDGE('',*,*,#1162,.T.);
#1162 = EDGE_CURVE('',#1074,#1163,#1165,.T.);
#1163 = VERTEX_POINT('',#1164);
#1164 = CARTESIAN_POINT('',(-235.,-115.,1.7E+03));
#1165 = LINE('',#1166,#1167);
#1166 = CARTESIAN_POINT('',(-235.,-87.78156552794,1.7E+03));
#1167 = VECTOR('',#1168,1.);
#1168 = DIRECTION('',(0.,1.,0.));
#1169 = ORIENTED_EDGE('',*,*,#1170,.F.);
#1170 = EDGE_CURVE('',#1097,#1163,#1171,.T.);
#1171 = LINE('',#1172,#1173);
#1172 = CARTESIAN_POINT('',(-235.,-115.,0.));
#1173 = VECTOR('',#1174,1.);
#1174 = DIRECTION('',(0.,0.,1.));
#1175 = PLANE('',#1176);
#1176 = AXIS2_PLACEMENT_3D('',#1177,#1178,#1179);
#1177 = CARTESIAN_POINT('',(-235.,-175.,0.));
#1178 = DIRECTION('',(-1.,0.,0.));
#1179 = DIRECTION('',(0.,1.,0.));
#1180 = ADVANCED_FACE('',(#1181,#1199),#1233,.T.);
#1181 = FACE_BOUND('',#1182,.T.);
#1182 = EDGE_LOOP('',(#1183,#1184,#1192,#1198));
#1183 = ORIENTED_EDGE('',*,*,#1073,.F.);
#1184 = ORIENTED_EDGE('',*,*,#1185,.F.);
#1185 = EDGE_CURVE('',#1186,#1066,#1188,.T.);
#1186 = VERTEX_POINT('',#1187);
#1187 = CARTESIAN_POINT('',(-175.,-115.,1.7E+03));
#1188 = LINE('',#1189,#1190);
#1189 = CARTESIAN_POINT('',(-175.,-57.78156552794,1.7E+03));
#1190 = VECTOR('',#1191,1.);
#1191 = DIRECTION('',(0.,-1.,0.));
#1192 = ORIENTED_EDGE('',*,*,#1193,.F.);
#1193 = EDGE_CURVE('',#1163,#1186,#1194,.T.);
#1194 = LINE('',#1195,#1196);
#1195 = CARTESIAN_POINT('',(-117.5,-115.,1.7E+03));
#1196 = VECTOR('',#1197,1.);
#1197 = DIRECTION('',(1.,0.,0.));
#1198 = ORIENTED_EDGE('',*,*,#1162,.F.);
#1199 = FACE_BOUND('',#1200,.T.);
#1200 = EDGE_LOOP('',(#1201,#1211,#1219,#1227));
#1201 = ORIENTED_EDGE('',*,*,#1202,.T.);
#1202 = EDGE_CURVE('',#1203,#1205,#1207,.T.);
#1203 = VERTEX_POINT('',#1204);
#1204 = CARTESIAN_POINT('',(-225.48,-124.52,1.7E+03));
#1205 = VERTEX_POINT('',#1206);
#1206 = CARTESIAN_POINT('',(-184.52,-124.52,1.7E+03));
#1207 = LINE('',#1208,#1209);
#1208 = CARTESIAN_POINT('',(-112.74,-124.52,1.7E+03));
#1209 = VECTOR('',#1210,1.);
#1210 = DIRECTION('',(1.,0.,0.));
#1211 = ORIENTED_EDGE('',*,*,#1212,.T.);
#1212 = EDGE_CURVE('',#1205,#1213,#1215,.T.);
#1213 = VERTEX_POINT('',#1214);
#1214 = CARTESIAN_POINT('',(-184.52,-165.48,1.7E+03));
#1215 = LINE('',#1216,#1217);
#1216 = CARTESIAN_POINT('',(-184.52,-62.54156552794,1.7E+03));
#1217 = VECTOR('',#1218,1.);
#1218 = DIRECTION('',(0.,-1.,0.));
#1219 = ORIENTED_EDGE('',*,*,#1220,.T.);
#1220 = EDGE_CURVE('',#1213,#1221,#1223,.T.);
#1221 = VERTEX_POINT('',#1222);
#1222 = CARTESIAN_POINT('',(-225.48,-165.48,1.7E+03));
#1223 = LINE('',#1224,#1225);
#1224 = CARTESIAN_POINT('',(-92.26,-165.48,1.7E+03));
#1225 = VECTOR('',#1226,1.);
#1226 = DIRECTION('',(-1.,0.,0.));
#1227 = ORIENTED_EDGE('',*,*,#1228,.T.);
#1228 = EDGE_CURVE('',#1221,#1203,#1229,.T.);
#1229 = LINE('',#1230,#1231);
#1230 = CARTESIAN_POINT('',(-225.48,-83.02156552794,1.7E+03));
#1231 = VECTOR('',#1232,1.);
#1232 = DIRECTION('',(0.,1.,0.));
#1233 = PLANE('',#1234);
#1234 = AXIS2_PLACEMENT_3D('',#1235,#1236,#1237);
#1235 = CARTESIAN_POINT('',(-4.2E-16,-0.563131055882,1.7E+03));
#1236 = DIRECTION('',(0.,0.,1.));
#1237 = DIRECTION('',(1.,0.,-0.));
#1238 = ADVANCED_FACE('',(#1239),#1250,.T.);
#1239 = FACE_BOUND('',#1240,.T.);
#1240 = EDGE_LOOP('',(#1241,#1242,#1248,#1249));
#1241 = ORIENTED_EDGE('',*,*,#1112,.F.);
#1242 = ORIENTED_EDGE('',*,*,#1243,.T.);
#1243 = EDGE_CURVE('',#1105,#1186,#1244,.T.);
#1244 = LINE('',#1245,#1246);
#1245 = CARTESIAN_POINT('',(-175.,-115.,0.));
#1246 = VECTOR('',#1247,1.);
#1247 = DIRECTION('',(0.,0.,1.));
#1248 = ORIENTED_EDGE('',*,*,#1185,.T.);
#1249 = ORIENTED_EDGE('',*,*,#1065,.F.);
#1250 = PLANE('',#1251);
#1251 = AXIS2_PLACEMENT_3D('',#1252,#1253,#1254);
#1252 = CARTESIAN_POINT('',(-175.,-115.,0.));
#1253 = DIRECTION('',(1.,0.,0.));
#1254 = DIRECTION('',(0.,-1.,0.));
#1255 = ADVANCED_FACE('',(#1256),#1262,.T.);
#1256 = FACE_BOUND('',#1257,.T.);
#1257 = EDGE_LOOP('',(#1258,#1259,#1260,#1261));
#1258 = ORIENTED_EDGE('',*,*,#1104,.F.);
#1259 = ORIENTED_EDGE('',*,*,#1170,.T.);
#1260 = ORIENTED_EDGE('',*,*,#1193,.T.);
#1261 = ORIENTED_EDGE('',*,*,#1243,.F.);
#1262 = PLANE('',#1263);
#1263 = AXIS2_PLACEMENT_3D('',#1264,#1265,#1266);
#1264 = CARTESIAN_POINT('',(-235.,-115.,0.));
#1265 = DIRECTION('',(0.,1.,0.));
#1266 = DIRECTION('',(1.,0.,0.));
#1267 = ADVANCED_FACE('',(#1268),#1284,.F.);
#1268 = FACE_BOUND('',#1269,.F.);
#1269 = EDGE_LOOP('',(#1270,#1271,#1277,#1278));
#1270 = ORIENTED_EDGE('',*,*,#1120,.F.);
#1271 = ORIENTED_EDGE('',*,*,#1272,.T.);
#1272 = EDGE_CURVE('',#1121,#1205,#1273,.T.);
#1273 = LINE('',#1274,#1275);
#1274 = CARTESIAN_POINT('',(-184.52,-124.52,0.));
#1275 = VECTOR('',#1276,1.);
#1276 = DIRECTION('',(0.,0.,1.));
#1277 = ORIENTED_EDGE('',*,*,#1212,.T.);
#1278 = ORIENTED_EDGE('',*,*,#1279,.F.);
#1279 = EDGE_CURVE('',#1123,#1213,#1280,.T.);
#1280 = LINE('',#1281,#1282);
#1281 = CARTESIAN_POINT('',(-184.52,-165.48,0.));
#1282 = VECTOR('',#1283,1.);
#1283 = DIRECTION('',(0.,0.,1.));
#1284 = PLANE('',#1285);
#1285 = AXIS2_PLACEMENT_3D('',#1286,#1287,#1288);
#1286 = CARTESIAN_POINT('',(-184.52,-124.52,0.));
#1287 = DIRECTION('',(1.,0.,0.));
#1288 = DIRECTION('',(0.,-1.,0.));
#1289 = ADVANCED_FACE('',(#1290),#1301,.F.);
#1290 = FACE_BOUND('',#1291,.F.);
#1291 = EDGE_LOOP('',(#1292,#1293,#1294,#1295));
#1292 = ORIENTED_EDGE('',*,*,#1130,.F.);
#1293 = ORIENTED_EDGE('',*,*,#1279,.T.);
#1294 = ORIENTED_EDGE('',*,*,#1220,.T.);
#1295 = ORIENTED_EDGE('',*,*,#1296,.F.);
#1296 = EDGE_CURVE('',#1131,#1221,#1297,.T.);
#1297 = LINE('',#1298,#1299);
#1298 = CARTESIAN_POINT('',(-225.48,-165.48,0.));
#1299 = VECTOR('',#1300,1.);
#1300 = DIRECTION('',(0.,0.,1.));
#1301 = PLANE('',#1302);
#1302 = AXIS2_PLACEMENT_3D('',#1303,#1304,#1305);
#1303 = CARTESIAN_POINT('',(-184.52,-165.48,0.));
#1304 = DIRECTION('',(-0.,-1.,-0.));
#1305 = DIRECTION('',(-1.,0.,0.));
#1306 = ADVANCED_FACE('',(#1307),#1318,.F.);
#1307 = FACE_BOUND('',#1308,.F.);
#1308 = EDGE_LOOP('',(#1309,#1310,#1311,#1312));
#1309 = ORIENTED_EDGE('',*,*,#1138,.F.);
#1310 = ORIENTED_EDGE('',*,*,#1296,.T.);
#1311 = ORIENTED_EDGE('',*,*,#1228,.T.);
#1312 = ORIENTED_EDGE('',*,*,#1313,.F.);
#1313 = EDGE_CURVE('',#1139,#1203,#1314,.T.);
#1314 = LINE('',#1315,#1316);
#1315 = CARTESIAN_POINT('',(-225.48,-124.52,0.));
#1316 = VECTOR('',#1317,1.);
#1317 = DIRECTION('',(0.,0.,1.));
#1318 = PLANE('',#1319);
#1319 = AXIS2_PLACEMENT_3D('',#1320,#1321,#1322);
#1320 = CARTESIAN_POINT('',(-225.48,-165.48,0.));
#1321 = DIRECTION('',(-1.,0.,0.));
#1322 = DIRECTION('',(0.,1.,0.));
#1323 = ADVANCED_FACE('',(#1324),#1330,.F.);
#1324 = FACE_BOUND('',#1325,.F.);
#1325 = EDGE_LOOP('',(#1326,#1327,#1328,#1329));
#1326 = ORIENTED_EDGE('',*,*,#1146,.F.);
#1327 = ORIENTED_EDGE('',*,*,#1313,.T.);
#1328 = ORIENTED_EDGE('',*,*,#1202,.T.);
#1329 = ORIENTED_EDGE('',*,*,#1272,.F.);
#1330 = PLANE('',#1331);
#1331 = AXIS2_PLACEMENT_3D('',#1332,#1333,#1334);
#1332 = CARTESIAN_POINT('',(-225.48,-124.52,0.));
#1333 = DIRECTION('',(0.,1.,0.));
#1334 = DIRECTION('',(1.,0.,0.));
#1335 = ( GEOMETRIC_REPRESENTATION_CONTEXT(3) 
GLOBAL_UNCERTAINTY_ASSIGNED_CONTEXT((#1339)) 
GLOBAL_UNIT_ASSIGNED_CONTEXT((#1336,#1337,#1338)) REPRESENTATION_CONTEXT
('Context #1','3D Context with UNIT and UNCERTAINTY') );
#1336 = ( LENGTH_UNIT() NAMED_UNIT(*) SI_UNIT(.MILLI.,.METRE.) );
#1337 = ( NAMED_UNIT(*) PLANE_ANGLE_UNIT() SI_UNIT($,.RADIAN.) );
#1338 = ( NAMED_UNIT(*) SI_UNIT($,.STERADIAN.) SOLID_ANGLE_UNIT() );
#1339 = UNCERTAINTY_MEASURE_WITH_UNIT(LENGTH_MEASURE(1.E-07),#1336,
  'distance_accuracy_value','confusion accuracy');
#1340 = SHAPE_REPRESENTATION_RELATIONSHIP('','',#1341,#1019);
#1341 = ADVANCED_BREP_SHAPE_REPRESENTATION('',(#11,#1342),#1628);
#1342 = MANIFOLD_SOLID_BREP('',#1343);
#1343 = CLOSED_SHELL('',(#1344,#1384,#1449,#1473,#1531,#1548,#1560,#1582
    ,#1599,#1616));
#1344 = ADVANCED_FACE('',(#1345),#1379,.T.);
#1345 = FACE_BOUND('',#1346,.T.);
#1346 = EDGE_LOOP('',(#1347,#1357,#1365,#1373));
#1347 = ORIENTED_EDGE('',*,*,#1348,.F.);
#1348 = EDGE_CURVE('',#1349,#1351,#1353,.T.);
#1349 = VERTEX_POINT('',#1350);
#1350 = CARTESIAN_POINT('',(175.,-175.,0.));
#1351 = VERTEX_POINT('',#1352);
#1352 = CARTESIAN_POINT('',(175.,-115.,0.));
#1353 = LINE('',#1354,#1355);
#1354 = CARTESIAN_POINT('',(175.,-175.,0.));
#1355 = VECTOR('',#1356,1.);
#1356 = DIRECTION('',(0.,1.,0.));
#1357 = ORIENTED_EDGE('',*,*,#1358,.T.);
#1358 = EDGE_CURVE('',#1349,#1359,#1361,.T.);
#1359 = VERTEX_POINT('',#1360);
#1360 = CARTESIAN_POINT('',(175.,-175.,1.7E+03));
#1361 = LINE('',#1362,#1363);
#1362 = CARTESIAN_POINT('',(175.,-175.,0.));
#1363 = VECTOR('',#1364,1.);
#1364 = DIRECTION('',(0.,0.,1.));
#1365 = ORIENTED_EDGE('',*,*,#1366,.T.);
#1366 = EDGE_CURVE('',#1359,#1367,#1369,.T.);
#1367 = VERTEX_POINT('',#1368);
#1368 = CARTESIAN_POINT('',(175.,-115.,1.7E+03));
#1369 = LINE('',#1370,#1371);
#1370 = CARTESIAN_POINT('',(175.,-87.78156552794,1.7E+03));
#1371 = VECTOR('',#1372,1.);
#1372 = DIRECTION('',(0.,1.,0.));
#1373 = ORIENTED_EDGE('',*,*,#1374,.F.);
#1374 = EDGE_CURVE('',#1351,#1367,#1375,.T.);
#1375 = LINE('',#1376,#1377);
#1376 = CARTESIAN_POINT('',(175.,-115.,0.));
#1377 = VECTOR('',#1378,1.);
#1378 = DIRECTION('',(0.,0.,1.));
#1379 = PLANE('',#1380);
#1380 = AXIS2_PLACEMENT_3D('',#1381,#1382,#1383);
#1381 = CARTESIAN_POINT('',(175.,-175.,0.));
#1382 = DIRECTION('',(-1.,0.,0.));
#1383 = DIRECTION('',(0.,1.,0.));
#1384 = ADVANCED_FACE('',(#1385,#1410),#1444,.F.);
#1385 = FACE_BOUND('',#1386,.T.);
#1386 = EDGE_LOOP('',(#1387,#1388,#1396,#1404));
#1387 = ORIENTED_EDGE('',*,*,#1348,.T.);
#1388 = ORIENTED_EDGE('',*,*,#1389,.T.);
#1389 = EDGE_CURVE('',#1351,#1390,#1392,.T.);
#1390 = VERTEX_POINT('',#1391);
#1391 = CARTESIAN_POINT('',(235.,-115.,0.));
#1392 = LINE('',#1393,#1394);
#1393 = CARTESIAN_POINT('',(175.,-115.,0.));
#1394 = VECTOR('',#1395,1.);
#1395 = DIRECTION('',(1.,0.,0.));
#1396 = ORIENTED_EDGE('',*,*,#1397,.T.);
#1397 = EDGE_CURVE('',#1390,#1398,#1400,.T.);
#1398 = VERTEX_POINT('',#1399);
#1399 = CARTESIAN_POINT('',(235.,-175.,0.));
#1400 = LINE('',#1401,#1402);
#1401 = CARTESIAN_POINT('',(235.,-115.,0.));
#1402 = VECTOR('',#1403,1.);
#1403 = DIRECTION('',(0.,-1.,0.));
#1404 = ORIENTED_EDGE('',*,*,#1405,.T.);
#1405 = EDGE_CURVE('',#1398,#1349,#1406,.T.);
#1406 = LINE('',#1407,#1408);
#1407 = CARTESIAN_POINT('',(235.,-175.,0.));
#1408 = VECTOR('',#1409,1.);
#1409 = DIRECTION('',(-1.,0.,0.));
#1410 = FACE_BOUND('',#1411,.F.);
#1411 = EDGE_LOOP('',(#1412,#1422,#1430,#1438));
#1412 = ORIENTED_EDGE('',*,*,#1413,.T.);
#1413 = EDGE_CURVE('',#1414,#1416,#1418,.T.);
#1414 = VERTEX_POINT('',#1415);
#1415 = CARTESIAN_POINT('',(225.48,-165.48,0.));
#1416 = VERTEX_POINT('',#1417);
#1417 = CARTESIAN_POINT('',(184.52,-165.48,0.));
#1418 = LINE('',#1419,#1420);
#1419 = CARTESIAN_POINT('',(225.48,-165.48,0.));
#1420 = VECTOR('',#1421,1.);
#1421 = DIRECTION('',(-1.,0.,0.));
#1422 = ORIENTED_EDGE('',*,*,#1423,.T.);
#1423 = EDGE_CURVE('',#1416,#1424,#1426,.T.);
#1424 = VERTEX_POINT('',#1425);
#1425 = CARTESIAN_POINT('',(184.52,-124.52,0.));
#1426 = LINE('',#1427,#1428);
#1427 = CARTESIAN_POINT('',(184.52,-165.48,0.));
#1428 = VECTOR('',#1429,1.);
#1429 = DIRECTION('',(0.,1.,0.));
#1430 = ORIENTED_EDGE('',*,*,#1431,.T.);
#1431 = EDGE_CURVE('',#1424,#1432,#1434,.T.);
#1432 = VERTEX_POINT('',#1433);
#1433 = CARTESIAN_POINT('',(225.48,-124.52,0.));
#1434 = LINE('',#1435,#1436);
#1435 = CARTESIAN_POINT('',(184.52,-124.52,0.));
#1436 = VECTOR('',#1437,1.);
#1437 = DIRECTION('',(1.,0.,0.));
#1438 = ORIENTED_EDGE('',*,*,#1439,.T.);
#1439 = EDGE_CURVE('',#1432,#1414,#1440,.T.);
#1440 = LINE('',#1441,#1442);
#1441 = CARTESIAN_POINT('',(225.48,-124.52,0.));
#1442 = VECTOR('',#1443,1.);
#1443 = DIRECTION('',(0.,-1.,0.));
#1444 = PLANE('',#1445);
#1445 = AXIS2_PLACEMENT_3D('',#1446,#1447,#1448);
#1446 = CARTESIAN_POINT('',(6.756E-14,-145.,0.));
#1447 = DIRECTION('',(0.,0.,1.));
#1448 = DIRECTION('',(1.,0.,0.));
#1449 = ADVANCED_FACE('',(#1450),#1468,.T.);
#1450 = FACE_BOUND('',#1451,.T.);
#1451 = EDGE_LOOP('',(#1452,#1453,#1454,#1462));
#1452 = ORIENTED_EDGE('',*,*,#1389,.F.);
#1453 = ORIENTED_EDGE('',*,*,#1374,.T.);
#1454 = ORIENTED_EDGE('',*,*,#1455,.T.);
#1455 = EDGE_CURVE('',#1367,#1456,#1458,.T.);
#1456 = VERTEX_POINT('',#1457);
#1457 = CARTESIAN_POINT('',(235.,-115.,1.7E+03));
#1458 = LINE('',#1459,#1460);
#1459 = CARTESIAN_POINT('',(87.5,-115.,1.7E+03));
#1460 = VECTOR('',#1461,1.);
#1461 = DIRECTION('',(1.,0.,0.));
#1462 = ORIENTED_EDGE('',*,*,#1463,.F.);
#1463 = EDGE_CURVE('',#1390,#1456,#1464,.T.);
#1464 = LINE('',#1465,#1466);
#1465 = CARTESIAN_POINT('',(235.,-115.,0.));
#1466 = VECTOR('',#1467,1.);
#1467 = DIRECTION('',(0.,0.,1.));
#1468 = PLANE('',#1469);
#1469 = AXIS2_PLACEMENT_3D('',#1470,#1471,#1472);
#1470 = CARTESIAN_POINT('',(175.,-115.,0.));
#1471 = DIRECTION('',(0.,1.,0.));
#1472 = DIRECTION('',(1.,0.,0.));
#1473 = ADVANCED_FACE('',(#1474,#1492),#1526,.T.);
#1474 = FACE_BOUND('',#1475,.T.);
#1475 = EDGE_LOOP('',(#1476,#1477,#1485,#1491));
#1476 = ORIENTED_EDGE('',*,*,#1366,.F.);
#1477 = ORIENTED_EDGE('',*,*,#1478,.F.);
#1478 = EDGE_CURVE('',#1479,#1359,#1481,.T.);
#1479 = VERTEX_POINT('',#1480);
#1480 = CARTESIAN_POINT('',(235.,-175.,1.7E+03));
#1481 = LINE('',#1482,#1483);
#1482 = CARTESIAN_POINT('',(117.5,-175.,1.7E+03));
#1483 = VECTOR('',#1484,1.);
#1484 = DIRECTION('',(-1.,0.,0.));
#1485 = ORIENTED_EDGE('',*,*,#1486,.F.);
#1486 = EDGE_CURVE('',#1456,#1479,#1487,.T.);
#1487 = LINE('',#1488,#1489);
#1488 = CARTESIAN_POINT('',(235.,-57.78156552794,1.7E+03));
#1489 = VECTOR('',#1490,1.);
#1490 = DIRECTION('',(0.,-1.,0.));
#1491 = ORIENTED_EDGE('',*,*,#1455,.F.);
#1492 = FACE_BOUND('',#1493,.T.);
#1493 = EDGE_LOOP('',(#1494,#1504,#1512,#1520));
#1494 = ORIENTED_EDGE('',*,*,#1495,.T.);
#1495 = EDGE_CURVE('',#1496,#1498,#1500,.T.);
#1496 = VERTEX_POINT('',#1497);
#1497 = CARTESIAN_POINT('',(225.48,-124.52,1.7E+03));
#1498 = VERTEX_POINT('',#1499);
#1499 = CARTESIAN_POINT('',(225.48,-165.48,1.7E+03));
#1500 = LINE('',#1501,#1502);
#1501 = CARTESIAN_POINT('',(225.48,-62.54156552794,1.7E+03));
#1502 = VECTOR('',#1503,1.);
#1503 = DIRECTION('',(0.,-1.,0.));
#1504 = ORIENTED_EDGE('',*,*,#1505,.T.);
#1505 = EDGE_CURVE('',#1498,#1506,#1508,.T.);
#1506 = VERTEX_POINT('',#1507);
#1507 = CARTESIAN_POINT('',(184.52,-165.48,1.7E+03));
#1508 = LINE('',#1509,#1510);
#1509 = CARTESIAN_POINT('',(112.74,-165.48,1.7E+03));
#1510 = VECTOR('',#1511,1.);
#1511 = DIRECTION('',(-1.,0.,0.));
#1512 = ORIENTED_EDGE('',*,*,#1513,.T.);
#1513 = EDGE_CURVE('',#1506,#1514,#1516,.T.);
#1514 = VERTEX_POINT('',#1515);
#1515 = CARTESIAN_POINT('',(184.52,-124.52,1.7E+03));
#1516 = LINE('',#1517,#1518);
#1517 = CARTESIAN_POINT('',(184.52,-83.02156552794,1.7E+03));
#1518 = VECTOR('',#1519,1.);
#1519 = DIRECTION('',(0.,1.,0.));
#1520 = ORIENTED_EDGE('',*,*,#1521,.T.);
#1521 = EDGE_CURVE('',#1514,#1496,#1522,.T.);
#1522 = LINE('',#1523,#1524);
#1523 = CARTESIAN_POINT('',(92.26,-124.52,1.7E+03));
#1524 = VECTOR('',#1525,1.);
#1525 = DIRECTION('',(1.,0.,0.));
#1526 = PLANE('',#1527);
#1527 = AXIS2_PLACEMENT_3D('',#1528,#1529,#1530);
#1528 = CARTESIAN_POINT('',(-4.2E-16,-0.563131055882,1.7E+03));
#1529 = DIRECTION('',(0.,0.,1.));
#1530 = DIRECTION('',(1.,0.,-0.));
#1531 = ADVANCED_FACE('',(#1532),#1543,.T.);
#1532 = FACE_BOUND('',#1533,.T.);
#1533 = EDGE_LOOP('',(#1534,#1535,#1541,#1542));
#1534 = ORIENTED_EDGE('',*,*,#1405,.F.);
#1535 = ORIENTED_EDGE('',*,*,#1536,.T.);
#1536 = EDGE_CURVE('',#1398,#1479,#1537,.T.);
#1537 = LINE('',#1538,#1539);
#1538 = CARTESIAN_POINT('',(235.,-175.,0.));
#1539 = VECTOR('',#1540,1.);
#1540 = DIRECTION('',(0.,0.,1.));
#1541 = ORIENTED_EDGE('',*,*,#1478,.T.);
#1542 = ORIENTED_EDGE('',*,*,#1358,.F.);
#1543 = PLANE('',#1544);
#1544 = AXIS2_PLACEMENT_3D('',#1545,#1546,#1547);
#1545 = CARTESIAN_POINT('',(235.,-175.,0.));
#1546 = DIRECTION('',(-0.,-1.,-0.));
#1547 = DIRECTION('',(-1.,0.,0.));
#1548 = ADVANCED_FACE('',(#1549),#1555,.T.);
#1549 = FACE_BOUND('',#1550,.T.);
#1550 = EDGE_LOOP('',(#1551,#1552,#1553,#1554));
#1551 = ORIENTED_EDGE('',*,*,#1397,.F.);
#1552 = ORIENTED_EDGE('',*,*,#1463,.T.);
#1553 = ORIENTED_EDGE('',*,*,#1486,.T.);
#1554 = ORIENTED_EDGE('',*,*,#1536,.F.);
#1555 = PLANE('',#1556);
#1556 = AXIS2_PLACEMENT_3D('',#1557,#1558,#1559);
#1557 = CARTESIAN_POINT('',(235.,-115.,0.));
#1558 = DIRECTION('',(1.,0.,0.));
#1559 = DIRECTION('',(0.,-1.,0.));
#1560 = ADVANCED_FACE('',(#1561),#1577,.F.);
#1561 = FACE_BOUND('',#1562,.F.);
#1562 = EDGE_LOOP('',(#1563,#1564,#1570,#1571));
#1563 = ORIENTED_EDGE('',*,*,#1413,.F.);
#1564 = ORIENTED_EDGE('',*,*,#1565,.T.);
#1565 = EDGE_CURVE('',#1414,#1498,#1566,.T.);
#1566 = LINE('',#1567,#1568);
#1567 = CARTESIAN_POINT('',(225.48,-165.48,0.));
#1568 = VECTOR('',#1569,1.);
#1569 = DIRECTION('',(0.,0.,1.));
#1570 = ORIENTED_EDGE('',*,*,#1505,.T.);
#1571 = ORIENTED_EDGE('',*,*,#1572,.F.);
#1572 = EDGE_CURVE('',#1416,#1506,#1573,.T.);
#1573 = LINE('',#1574,#1575);
#1574 = CARTESIAN_POINT('',(184.52,-165.48,0.));
#1575 = VECTOR('',#1576,1.);
#1576 = DIRECTION('',(0.,0.,1.));
#1577 = PLANE('',#1578);
#1578 = AXIS2_PLACEMENT_3D('',#1579,#1580,#1581);
#1579 = CARTESIAN_POINT('',(225.48,-165.48,0.));
#1580 = DIRECTION('',(-0.,-1.,-0.));
#1581 = DIRECTION('',(-1.,0.,0.));
#1582 = ADVANCED_FACE('',(#1583),#1594,.F.);
#1583 = FACE_BOUND('',#1584,.F.);
#1584 = EDGE_LOOP('',(#1585,#1586,#1587,#1588));
#1585 = ORIENTED_EDGE('',*,*,#1423,.F.);
#1586 = ORIENTED_EDGE('',*,*,#1572,.T.);
#1587 = ORIENTED_EDGE('',*,*,#1513,.T.);
#1588 = ORIENTED_EDGE('',*,*,#1589,.F.);
#1589 = EDGE_CURVE('',#1424,#1514,#1590,.T.);
#1590 = LINE('',#1591,#1592);
#1591 = CARTESIAN_POINT('',(184.52,-124.52,0.));
#1592 = VECTOR('',#1593,1.);
#1593 = DIRECTION('',(0.,0.,1.));
#1594 = PLANE('',#1595);
#1595 = AXIS2_PLACEMENT_3D('',#1596,#1597,#1598);
#1596 = CARTESIAN_POINT('',(184.52,-165.48,0.));
#1597 = DIRECTION('',(-1.,0.,0.));
#1598 = DIRECTION('',(0.,1.,0.));
#1599 = ADVANCED_FACE('',(#1600),#1611,.F.);
#1600 = FACE_BOUND('',#1601,.F.);
#1601 = EDGE_LOOP('',(#1602,#1603,#1604,#1605));
#1602 = ORIENTED_EDGE('',*,*,#1431,.F.);
#1603 = ORIENTED_EDGE('',*,*,#1589,.T.);
#1604 = ORIENTED_EDGE('',*,*,#1521,.T.);
#1605 = ORIENTED_EDGE('',*,*,#1606,.F.);
#1606 = EDGE_CURVE('',#1432,#1496,#1607,.T.);
#1607 = LINE('',#1608,#1609);
#1608 = CARTESIAN_POINT('',(225.48,-124.52,0.));
#1609 = VECTOR('',#1610,1.);
#1610 = DIRECTION('',(0.,0.,1.));
#1611 = PLANE('',#1612);
#1612 = AXIS2_PLACEMENT_3D('',#1613,#1614,#1615);
#1613 = CARTESIAN_POINT('',(184.52,-124.52,0.));
#1614 = DIRECTION('',(0.,1.,0.));
#1615 = DIRECTION('',(1.,0.,0.));
#1616 = ADVANCED_FACE('',(#1617),#1623,.F.);
#1617 = FACE_BOUND('',#1618,.F.);
#1618 = EDGE_LOOP('',(#1619,#1620,#1621,#1622));
#1619 = ORIENTED_EDGE('',*,*,#1439,.F.);
#1620 = ORIENTED_EDGE('',*,*,#1606,.T.);
#1621 = ORIENTED_EDGE('',*,*,#1495,.T.);
#1622 = ORIENTED_EDGE('',*,*,#1565,.F.);
#1623 = PLANE('',#1624);
#1624 = AXIS2_PLACEMENT_3D('',#1625,#1626,#1627);
#1625 = CARTESIAN_POINT('',(225.48,-124.52,0.));
#1626 = DIRECTION('',(1.,0.,0.));
#1627 = DIRECTION('',(0.,-1.,0.));
#1628 = ( GEOMETRIC_REPRESENTATION_CONTEXT(3) 
GLOBAL_UNCERTAINTY_ASSIGNED_CONTEXT((#1632)) 
GLOBAL_UNIT_ASSIGNED_CONTEXT((#1629,#1630,#1631)) REPRESENTATION_CONTEXT
('Context #1','3D Context with UNIT and UNCERTAINTY') );
#1629 = ( LENGTH_UNIT() NAMED_UNIT(*) SI_UNIT(.MILLI.,.METRE.) );
#1630 = ( NAMED_UNIT(*) PLANE_ANGLE_UNIT() SI_UNIT($,.RADIAN.) );
#1631 = ( NAMED_UNIT(*) SI_UNIT($,.STERADIAN.) SOLID_ANGLE_UNIT() );
#1632 = UNCERTAINTY_MEASURE_WITH_UNIT(LENGTH_MEASURE(1.E-07),#1629,
  'distance_accuracy_value','confusion accuracy');
#1633 = SHAPE_DEFINITION_REPRESENTATION(#1634,#1640);
#1634 = PRODUCT_DEFINITION_SHAPE('','',#1635);
#1635 = PRODUCT_DEFINITION('design','',#1636,#1639);
#1636 = PRODUCT_DEFINITION_FORMATION_WITH_SPECIFIED_SOURCE('','',#1637,
  .NOT_KNOWN.);
#1637 = PRODUCT('reforco_lateral','reforco_lateral','',(#1638));
#1638 = MECHANICAL_CONTEXT('',#2,'mechanical');
#1639 = DESIGN_CONTEXT('',#2,'design');
#1640 = SHAPE_REPRESENTATION('',(#11),#1641);
#1641 = ( GEOMETRIC_REPRESENTATION_CONTEXT(3) 
GLOBAL_UNCERTAINTY_ASSIGNED_CONTEXT((#1645)) 
GLOBAL_UNIT_ASSIGNED_CONTEXT((#1642,#1643,#1644)) REPRESENTATION_CONTEXT
('Context #1','3D Context with UNIT and UNCERTAINTY') );
#1642 = ( LENGTH_UNIT() NAMED_UNIT(*) SI_UNIT(.MILLI.,.METRE.) );
#1643 = ( NAMED_UNIT(*) PLANE_ANGLE_UNIT() SI_UNIT($,.RADIAN.) );
#1644 = ( NAMED_UNIT(*) SI_UNIT($,.STERADIAN.) SOLID_ANGLE_UNIT() );
#1645 = UNCERTAINTY_MEASURE_WITH_UNIT(LENGTH_MEASURE(1.E-07),#1642,
  'distance_accuracy_value','confusion accuracy');
#1646 = CONTEXT_DEPENDENT_SHAPE_REPRESENTATION(#1647,#1649);
#1647 = ( REPRESENTATION_RELATIONSHIP('','',#1640,#66) 
REPRESENTATION_RELATIONSHIP_WITH_TRANSFORMATION(#1648) 
SHAPE_REPRESENTATION_RELATIONSHIP() );
#1648 = ITEM_DEFINED_TRANSFORMATION('','',#11,#79);
#1649 = PRODUCT_DEFINITION_SHAPE('Placement','Placement of an item',
  #1650);
#1650 = NEXT_ASSEMBLY_USAGE_OCCURRENCE('4','reforco_lateral','',#61,
  #1635,$);
#1651 = CC_DESIGN_SECURITY_CLASSIFICATION(#1652,(#1650));
#1652 = SECURITY_CLASSIFICATION('','',#43);
#1653 = CC_DESIGN_PERSON_AND_ORGANIZATION_ASSIGNMENT(#32,#41,(#1652));
#1654 = CC_DESIGN_DATE_AND_TIME_ASSIGNMENT(#46,#52,(#1652));
#1655 = CC_DESIGN_APPROVAL(#54,(#1652));
#1656 = PRODUCT_RELATED_PRODUCT_CATEGORY('detail',$,(#1637));
#1657 = PRODUCT_CATEGORY_RELATIONSHIP('','',#1658,#1656);
#1658 = PRODUCT_CATEGORY('part',$);
#1659 = CC_DESIGN_PERSON_AND_ORGANIZATION_ASSIGNMENT(#32,#35,(#1636,
    #1635));
#1660 = CC_DESIGN_PERSON_AND_ORGANIZATION_ASSIGNMENT(#32,#37,(#1637));
#1661 = CC_DESIGN_PERSON_AND_ORGANIZATION_ASSIGNMENT(#32,#39,(#1636));
#1662 = CC_DESIGN_PERSON_AND_ORGANIZATION_ASSIGNMENT(#32,#41,(#1663));
#1663 = SECURITY_CLASSIFICATION('','',#43);
#1664 = CC_DESIGN_SECURITY_CLASSIFICATION(#1663,(#1636));
#1665 = CC_DESIGN_DATE_AND_TIME_ASSIGNMENT(#46,#50,(#1635));
#1666 = CC_DESIGN_DATE_AND_TIME_ASSIGNMENT(#46,#52,(#1663));
#1667 = CC_DESIGN_APPROVAL(#54,(#1636,#1635,#1663));
#1668 = SHAPE_REPRESENTATION_RELATIONSHIP('','',#1669,#1640);
#1669 = ADVANCED_BREP_SHAPE_REPRESENTATION('',(#11,#1670),#1820);
#1670 = MANIFOLD_SOLID_BREP('',#1671);
#1671 = CLOSED_SHELL('',(#1672,#1712,#1743,#1767,#1791,#1808));
#1672 = ADVANCED_FACE('',(#1673),#1707,.T.);
#1673 = FACE_BOUND('',#1674,.T.);
#1674 = EDGE_LOOP('',(#1675,#1685,#1693,#1701));
#1675 = ORIENTED_EDGE('',*,*,#1676,.F.);
#1676 = EDGE_CURVE('',#1677,#1679,#1681,.T.);
#1677 = VERTEX_POINT('',#1678);
#1678 = CARTESIAN_POINT('',(175.,175.,0.));
#1679 = VERTEX_POINT('',#1680);
#1680 = CARTESIAN_POINT('',(184.52,175.,0.));
#1681 = LINE('',#1682,#1683);
#1682 = CARTESIAN_POINT('',(175.,175.,0.));
#1683 = VECTOR('',#1684,1.);
#1684 = DIRECTION('',(1.,0.,0.));
#1685 = ORIENTED_EDGE('',*,*,#1686,.T.);
#1686 = EDGE_CURVE('',#1677,#1687,#1689,.T.);
#1687 = VERTEX_POINT('',#1688);
#1688 = CARTESIAN_POINT('',(175.,175.,1.7E+03));
#1689 = LINE('',#1690,#1691);
#1690 = CARTESIAN_POINT('',(175.,175.,0.));
#1691 = VECTOR('',#1692,1.);
#1692 = DIRECTION('',(0.,0.,1.));
#1693 = ORIENTED_EDGE('',*,*,#1694,.T.);
#1694 = EDGE_CURVE('',#1687,#1695,#1697,.T.);
#1695 = VERTEX_POINT('',#1696);
#1696 = CARTESIAN_POINT('',(184.52,175.,1.7E+03));
#1697 = LINE('',#1698,#1699);
#1698 = CARTESIAN_POINT('',(87.5,175.,1.7E+03));
#1699 = VECTOR('',#1700,1.);
#1700 = DIRECTION('',(1.,0.,0.));
#1701 = ORIENTED_EDGE('',*,*,#1702,.F.);
#1702 = EDGE_CURVE('',#1679,#1695,#1703,.T.);
#1703 = LINE('',#1704,#1705);
#1704 = CARTESIAN_POINT('',(184.52,175.,0.));
#1705 = VECTOR('',#1706,1.);
#1706 = DIRECTION('',(0.,0.,1.));
#1707 = PLANE('',#1708);
#1708 = AXIS2_PLACEMENT_3D('',#1709,#1710,#1711);
#1709 = CARTESIAN_POINT('',(175.,175.,0.));
#1710 = DIRECTION('',(0.,1.,0.));
#1711 = DIRECTION('',(1.,0.,0.));
#1712 = ADVANCED_FACE('',(#1713),#1738,.F.);
#1713 = FACE_BOUND('',#1714,.T.);
#1714 = EDGE_LOOP('',(#1715,#1716,#1724,#1732));
#1715 = ORIENTED_EDGE('',*,*,#1676,.T.);
#1716 = ORIENTED_EDGE('',*,*,#1717,.T.);
#1717 = EDGE_CURVE('',#1679,#1718,#1720,.T.);
#1718 = VERTEX_POINT('',#1719);
#1719 = CARTESIAN_POINT('',(184.52,90.,0.));
#1720 = LINE('',#1721,#1722);
#1721 = CARTESIAN_POINT('',(184.52,175.,0.));
#1722 = VECTOR('',#1723,1.);
#1723 = DIRECTION('',(0.,-1.,0.));
#1724 = ORIENTED_EDGE('',*,*,#1725,.T.);
#1725 = EDGE_CURVE('',#1718,#1726,#1728,.T.);
#1726 = VERTEX_POINT('',#1727);
#1727 = CARTESIAN_POINT('',(175.,90.,0.));
#1728 = LINE('',#1729,#1730);
#1729 = CARTESIAN_POINT('',(184.52,90.,0.));
#1730 = VECTOR('',#1731,1.);
#1731 = DIRECTION('',(-1.,0.,0.));
#1732 = ORIENTED_EDGE('',*,*,#1733,.T.);
#1733 = EDGE_CURVE('',#1726,#1677,#1734,.T.);
#1734 = LINE('',#1735,#1736);
#1735 = CARTESIAN_POINT('',(175.,90.,0.));
#1736 = VECTOR('',#1737,1.);
#1737 = DIRECTION('',(0.,1.,0.));
#1738 = PLANE('',#1739);
#1739 = AXIS2_PLACEMENT_3D('',#1740,#1741,#1742);
#1740 = CARTESIAN_POINT('',(6.92E-15,132.5,0.));
#1741 = DIRECTION('',(0.,0.,1.));
#1742 = DIRECTION('',(1.,0.,0.));
#1743 = ADVANCED_FACE('',(#1744),#1762,.T.);
#1744 = FACE_BOUND('',#1745,.T.);
#1745 = EDGE_LOOP('',(#1746,#1747,#1748,#1756));
#1746 = ORIENTED_EDGE('',*,*,#1717,.F.);
#1747 = ORIENTED_EDGE('',*,*,#1702,.T.);
#1748 = ORIENTED_EDGE('',*,*,#1749,.T.);
#1749 = EDGE_CURVE('',#1695,#1750,#1752,.T.);
#1750 = VERTEX_POINT('',#1751);
#1751 = CARTESIAN_POINT('',(184.52,90.,1.7E+03));
#1752 = LINE('',#1753,#1754);
#1753 = CARTESIAN_POINT('',(184.52,87.218434472059,1.7E+03));
#1754 = VECTOR('',#1755,1.);
#1755 = DIRECTION('',(0.,-1.,0.));
#1756 = ORIENTED_EDGE('',*,*,#1757,.F.);
#1757 = EDGE_CURVE('',#1718,#1750,#1758,.T.);
#1758 = LINE('',#1759,#1760);
#1759 = CARTESIAN_POINT('',(184.52,90.,0.));
#1760 = VECTOR('',#1761,1.);
#1761 = DIRECTION('',(0.,0.,1.));
#1762 = PLANE('',#1763);
#1763 = AXIS2_PLACEMENT_3D('',#1764,#1765,#1766);
#1764 = CARTESIAN_POINT('',(184.52,175.,0.));
#1765 = DIRECTION('',(1.,0.,0.));
#1766 = DIRECTION('',(0.,-1.,0.));
#1767 = ADVANCED_FACE('',(#1768),#1786,.T.);
#1768 = FACE_BOUND('',#1769,.T.);
#1769 = EDGE_LOOP('',(#1770,#1771,#1779,#1785));
#1770 = ORIENTED_EDGE('',*,*,#1694,.F.);
#1771 = ORIENTED_EDGE('',*,*,#1772,.F.);
#1772 = EDGE_CURVE('',#1773,#1687,#1775,.T.);
#1773 = VERTEX_POINT('',#1774);
#1774 = CARTESIAN_POINT('',(175.,90.,1.7E+03));
#1775 = LINE('',#1776,#1777);
#1776 = CARTESIAN_POINT('',(175.,44.718434472059,1.7E+03));
#1777 = VECTOR('',#1778,1.);
#1778 = DIRECTION('',(0.,1.,0.));
#1779 = ORIENTED_EDGE('',*,*,#1780,.F.);
#1780 = EDGE_CURVE('',#1750,#1773,#1781,.T.);
#1781 = LINE('',#1782,#1783);
#1782 = CARTESIAN_POINT('',(92.26,90.,1.7E+03));
#1783 = VECTOR('',#1784,1.);
#1784 = DIRECTION('',(-1.,0.,0.));
#1785 = ORIENTED_EDGE('',*,*,#1749,.F.);
#1786 = PLANE('',#1787);
#1787 = AXIS2_PLACEMENT_3D('',#1788,#1789,#1790);
#1788 = CARTESIAN_POINT('',(-4.2E-16,-0.563131055882,1.7E+03));
#1789 = DIRECTION('',(0.,0.,1.));
#1790 = DIRECTION('',(1.,0.,-0.));
#1791 = ADVANCED_FACE('',(#1792),#1803,.T.);
#1792 = FACE_BOUND('',#1793,.T.);
#1793 = EDGE_LOOP('',(#1794,#1795,#1801,#1802));
#1794 = ORIENTED_EDGE('',*,*,#1733,.F.);
#1795 = ORIENTED_EDGE('',*,*,#1796,.T.);
#1796 = EDGE_CURVE('',#1726,#1773,#1797,.T.);
#1797 = LINE('',#1798,#1799);
#1798 = CARTESIAN_POINT('',(175.,90.,0.));
#1799 = VECTOR('',#1800,1.);
#1800 = DIRECTION('',(0.,0.,1.));
#1801 = ORIENTED_EDGE('',*,*,#1772,.T.);
#1802 = ORIENTED_EDGE('',*,*,#1686,.F.);
#1803 = PLANE('',#1804);
#1804 = AXIS2_PLACEMENT_3D('',#1805,#1806,#1807);
#1805 = CARTESIAN_POINT('',(175.,90.,0.));
#1806 = DIRECTION('',(-1.,0.,0.));
#1807 = DIRECTION('',(0.,1.,0.));
#1808 = ADVANCED_FACE('',(#1809),#1815,.T.);
#1809 = FACE_BOUND('',#1810,.T.);
#1810 = EDGE_LOOP('',(#1811,#1812,#1813,#1814));
#1811 = ORIENTED_EDGE('',*,*,#1725,.F.);
#1812 = ORIENTED_EDGE('',*,*,#1757,.T.);
#1813 = ORIENTED_EDGE('',*,*,#1780,.T.);
#1814 = ORIENTED_EDGE('',*,*,#1796,.F.);
#1815 = PLANE('',#1816);
#1816 = AXIS2_PLACEMENT_3D('',#1817,#1818,#1819);
#1817 = CARTESIAN_POINT('',(184.52,90.,0.));
#1818 = DIRECTION('',(-0.,-1.,-0.));
#1819 = DIRECTION('',(-1.,0.,0.));
#1820 = ( GEOMETRIC_REPRESENTATION_CONTEXT(3) 
GLOBAL_UNCERTAINTY_ASSIGNED_CONTEXT((#1824)) 
GLOBAL_UNIT_ASSIGNED_CONTEXT((#1821,#1822,#1823)) REPRESENTATION_CONTEXT
('Context #1','3D Context with UNIT and UNCERTAINTY') );
#1821 = ( LENGTH_UNIT() NAMED_UNIT(*) SI_UNIT(.MILLI.,.METRE.) );
#1822 = ( NAMED_UNIT(*) PLANE_ANGLE_UNIT() SI_UNIT($,.RADIAN.) );
#1823 = ( NAMED_UNIT(*) SI_UNIT($,.STERADIAN.) SOLID_ANGLE_UNIT() );
#1824 = UNCERTAINTY_MEASURE_WITH_UNIT(LENGTH_MEASURE(1.E-07),#1821,
  'distance_accuracy_value','confusion accuracy');
#1825 = SHAPE_REPRESENTATION_RELATIONSHIP('','',#1826,#1640);
#1826 = ADVANCED_BREP_SHAPE_REPRESENTATION('',(#11,#1827),#1977);
#1827 = MANIFOLD_SOLID_BREP('',#1828);
#1828 = CLOSED_SHELL('',(#1829,#1869,#1900,#1924,#1948,#1965));
#1829 = ADVANCED_FACE('',(#1830),#1864,.T.);
#1830 = FACE_BOUND('',#1831,.T.);
#1831 = EDGE_LOOP('',(#1832,#1842,#1850,#1858));
#1832 = ORIENTED_EDGE('',*,*,#1833,.F.);
#1833 = EDGE_CURVE('',#1834,#1836,#1838,.T.);
#1834 = VERTEX_POINT('',#1835);
#1835 = CARTESIAN_POINT('',(-175.,175.,0.));
#1836 = VERTEX_POINT('',#1837);
#1837 = CARTESIAN_POINT('',(-175.,90.,0.));
#1838 = LINE('',#1839,#1840);
#1839 = CARTESIAN_POINT('',(-175.,175.,0.));
#1840 = VECTOR('',#1841,1.);
#1841 = DIRECTION('',(0.,-1.,0.));
#1842 = ORIENTED_EDGE('',*,*,#1843,.T.);
#1843 = EDGE_CURVE('',#1834,#1844,#1846,.T.);
#1844 = VERTEX_POINT('',#1845);
#1845 = CARTESIAN_POINT('',(-175.,175.,1.7E+03));
#1846 = LINE('',#1847,#1848);
#1847 = CARTESIAN_POINT('',(-175.,175.,0.));
#1848 = VECTOR('',#1849,1.);
#1849 = DIRECTION('',(0.,0.,1.));
#1850 = ORIENTED_EDGE('',*,*,#1851,.T.);
#1851 = EDGE_CURVE('',#1844,#1852,#1854,.T.);
#1852 = VERTEX_POINT('',#1853);
#1853 = CARTESIAN_POINT('',(-175.,90.,1.7E+03));
#1854 = LINE('',#1855,#1856);
#1855 = CARTESIAN_POINT('',(-175.,87.218434472059,1.7E+03));
#1856 = VECTOR('',#1857,1.);
#1857 = DIRECTION('',(0.,-1.,0.));
#1858 = ORIENTED_EDGE('',*,*,#1859,.F.);
#1859 = EDGE_CURVE('',#1836,#1852,#1860,.T.);
#1860 = LINE('',#1861,#1862);
#1861 = CARTESIAN_POINT('',(-175.,90.,0.));
#1862 = VECTOR('',#1863,1.);
#1863 = DIRECTION('',(0.,0.,1.));
#1864 = PLANE('',#1865);
#1865 = AXIS2_PLACEMENT_3D('',#1866,#1867,#1868);
#1866 = CARTESIAN_POINT('',(-175.,175.,0.));
#1867 = DIRECTION('',(1.,0.,0.));
#1868 = DIRECTION('',(0.,-1.,0.));
#1869 = ADVANCED_FACE('',(#1870),#1895,.F.);
#1870 = FACE_BOUND('',#1871,.T.);
#1871 = EDGE_LOOP('',(#1872,#1873,#1881,#1889));
#1872 = ORIENTED_EDGE('',*,*,#1833,.T.);
#1873 = ORIENTED_EDGE('',*,*,#1874,.T.);
#1874 = EDGE_CURVE('',#1836,#1875,#1877,.T.);
#1875 = VERTEX_POINT('',#1876);
#1876 = CARTESIAN_POINT('',(-184.52,90.,0.));
#1877 = LINE('',#1878,#1879);
#1878 = CARTESIAN_POINT('',(-175.,90.,0.));
#1879 = VECTOR('',#1880,1.);
#1880 = DIRECTION('',(-1.,0.,0.));
#1881 = ORIENTED_EDGE('',*,*,#1882,.T.);
#1882 = EDGE_CURVE('',#1875,#1883,#1885,.T.);
#1883 = VERTEX_POINT('',#1884);
#1884 = CARTESIAN_POINT('',(-184.52,175.,0.));
#1885 = LINE('',#1886,#1887);
#1886 = CARTESIAN_POINT('',(-184.52,90.,0.));
#1887 = VECTOR('',#1888,1.);
#1888 = DIRECTION('',(0.,1.,0.));
#1889 = ORIENTED_EDGE('',*,*,#1890,.T.);
#1890 = EDGE_CURVE('',#1883,#1834,#1891,.T.);
#1891 = LINE('',#1892,#1893);
#1892 = CARTESIAN_POINT('',(-184.52,175.,0.));
#1893 = VECTOR('',#1894,1.);
#1894 = DIRECTION('',(1.,0.,0.));
#1895 = PLANE('',#1896);
#1896 = AXIS2_PLACEMENT_3D('',#1897,#1898,#1899);
#1897 = CARTESIAN_POINT('',(6.92E-15,132.5,0.));
#1898 = DIRECTION('',(0.,0.,1.));
#1899 = DIRECTION('',(1.,0.,0.));
#1900 = ADVANCED_FACE('',(#1901),#1919,.T.);
#1901 = FACE_BOUND('',#1902,.T.);
#1902 = EDGE_LOOP('',(#1903,#1904,#1905,#1913));
#1903 = ORIENTED_EDGE('',*,*,#1874,.F.);
#1904 = ORIENTED_EDGE('',*,*,#1859,.T.);
#1905 = ORIENTED_EDGE('',*,*,#1906,.T.);
#1906 = EDGE_CURVE('',#1852,#1907,#1909,.T.);
#1907 = VERTEX_POINT('',#1908);
#1908 = CARTESIAN_POINT('',(-184.52,90.,1.7E+03));
#1909 = LINE('',#1910,#1911);
#1910 = CARTESIAN_POINT('',(-87.5,90.,1.7E+03));
#1911 = VECTOR('',#1912,1.);
#1912 = DIRECTION('',(-1.,0.,0.));
#1913 = ORIENTED_EDGE('',*,*,#1914,.F.);
#1914 = EDGE_CURVE('',#1875,#1907,#1915,.T.);
#1915 = LINE('',#1916,#1917);
#1916 = CARTESIAN_POINT('',(-184.52,90.,0.));
#1917 = VECTOR('',#1918,1.);
#1918 = DIRECTION('',(0.,0.,1.));
#1919 = PLANE('',#1920);
#1920 = AXIS2_PLACEMENT_3D('',#1921,#1922,#1923);
#1921 = CARTESIAN_POINT('',(-175.,90.,0.));
#1922 = DIRECTION('',(-0.,-1.,-0.));
#1923 = DIRECTION('',(-1.,0.,0.));
#1924 = ADVANCED_FACE('',(#1925),#1943,.T.);
#1925 = FACE_BOUND('',#1926,.T.);
#1926 = EDGE_LOOP('',(#1927,#1928,#1936,#1942));
#1927 = ORIENTED_EDGE('',*,*,#1851,.F.);
#1928 = ORIENTED_EDGE('',*,*,#1929,.F.);
#1929 = EDGE_CURVE('',#1930,#1844,#1932,.T.);
#1930 = VERTEX_POINT('',#1931);
#1931 = CARTESIAN_POINT('',(-184.52,175.,1.7E+03));
#1932 = LINE('',#1933,#1934);
#1933 = CARTESIAN_POINT('',(-92.26,175.,1.7E+03));
#1934 = VECTOR('',#1935,1.);
#1935 = DIRECTION('',(1.,0.,0.));
#1936 = ORIENTED_EDGE('',*,*,#1937,.F.);
#1937 = EDGE_CURVE('',#1907,#1930,#1938,.T.);
#1938 = LINE('',#1939,#1940);
#1939 = CARTESIAN_POINT('',(-184.52,44.718434472059,1.7E+03));
#1940 = VECTOR('',#1941,1.);
#1941 = DIRECTION('',(0.,1.,0.));
#1942 = ORIENTED_EDGE('',*,*,#1906,.F.);
#1943 = PLANE('',#1944);
#1944 = AXIS2_PLACEMENT_3D('',#1945,#1946,#1947);
#1945 = CARTESIAN_POINT('',(-4.2E-16,-0.563131055882,1.7E+03));
#1946 = DIRECTION('',(0.,0.,1.));
#1947 = DIRECTION('',(1.,0.,-0.));
#1948 = ADVANCED_FACE('',(#1949),#1960,.T.);
#1949 = FACE_BOUND('',#1950,.T.);
#1950 = EDGE_LOOP('',(#1951,#1952,#1958,#1959));
#1951 = ORIENTED_EDGE('',*,*,#1890,.F.);
#1952 = ORIENTED_EDGE('',*,*,#1953,.T.);
#1953 = EDGE_CURVE('',#1883,#1930,#1954,.T.);
#1954 = LINE('',#1955,#1956);
#1955 = CARTESIAN_POINT('',(-184.52,175.,0.));
#1956 = VECTOR('',#1957,1.);
#1957 = DIRECTION('',(0.,0.,1.));
#1958 = ORIENTED_EDGE('',*,*,#1929,.T.);
#1959 = ORIENTED_EDGE('',*,*,#1843,.F.);
#1960 = PLANE('',#1961);
#1961 = AXIS2_PLACEMENT_3D('',#1962,#1963,#1964);
#1962 = CARTESIAN_POINT('',(-184.52,175.,0.));
#1963 = DIRECTION('',(0.,1.,0.));
#1964 = DIRECTION('',(1.,0.,0.));
#1965 = ADVANCED_FACE('',(#1966),#1972,.T.);
#1966 = FACE_BOUND('',#1967,.T.);
#1967 = EDGE_LOOP('',(#1968,#1969,#1970,#1971));
#1968 = ORIENTED_EDGE('',*,*,#1882,.F.);
#1969 = ORIENTED_EDGE('',*,*,#1914,.T.);
#1970 = ORIENTED_EDGE('',*,*,#1937,.T.);
#1971 = ORIENTED_EDGE('',*,*,#1953,.F.);
#1972 = PLANE('',#1973);
#1973 = AXIS2_PLACEMENT_3D('',#1974,#1975,#1976);
#1974 = CARTESIAN_POINT('',(-184.52,90.,0.));
#1975 = DIRECTION('',(-1.,0.,0.));
#1976 = DIRECTION('',(0.,1.,0.));
#1977 = ( GEOMETRIC_REPRESENTATION_CONTEXT(3) 
GLOBAL_UNCERTAINTY_ASSIGNED_CONTEXT((#1981)) 
GLOBAL_UNIT_ASSIGNED_CONTEXT((#1978,#1979,#1980)) REPRESENTATION_CONTEXT
('Context #1','3D Context with UNIT and UNCERTAINTY') );
#1978 = ( LENGTH_UNIT() NAMED_UNIT(*) SI_UNIT(.MILLI.,.METRE.) );
#1979 = ( NAMED_UNIT(*) PLANE_ANGLE_UNIT() SI_UNIT($,.RADIAN.) );
#1980 = ( NAMED_UNIT(*) SI_UNIT($,.STERADIAN.) SOLID_ANGLE_UNIT() );
#1981 = UNCERTAINTY_MEASURE_WITH_UNIT(LENGTH_MEASURE(1.E-07),#1978,
  'distance_accuracy_value','confusion accuracy');
#1982 = SHAPE_DEFINITION_REPRESENTATION(#1983,#1989);
#1983 = PRODUCT_DEFINITION_SHAPE('','',#1984);
#1984 = PRODUCT_DEFINITION('design','',#1985,#1988);
#1985 = PRODUCT_DEFINITION_FORMATION_WITH_SPECIFIED_SOURCE('','',#1986,
  .NOT_KNOWN.);
#1986 = PRODUCT('flange','flange','',(#1987));
#1987 = MECHANICAL_CONTEXT('',#2,'mechanical');
#1988 = DESIGN_CONTEXT('',#2,'design');
#1989 = ADVANCED_BREP_SHAPE_REPRESENTATION('',(#11,#1990),#2979);
#1990 = MANIFOLD_SOLID_BREP('',#1991);
#1991 = CLOSED_SHELL('',(#1992,#2032,#2063,#2094,#2125,#2156,#2189,#2220
    ,#2253,#2284,#2317,#2348,#2381,#2412,#2443,#2465,#2498,#2531,#2564,
    #2597,#2630,#2663,#2696,#2729,#2762,#2795,#2828,#2861,#2920));
#1992 = ADVANCED_FACE('',(#1993),#2027,.F.);
#1993 = FACE_BOUND('',#1994,.F.);
#1994 = EDGE_LOOP('',(#1995,#2005,#2013,#2021));
#1995 = ORIENTED_EDGE('',*,*,#1996,.T.);
#1996 = EDGE_CURVE('',#1997,#1999,#2001,.T.);
#1997 = VERTEX_POINT('',#1998);
#1998 = CARTESIAN_POINT('',(235.,-175.,0.));
#1999 = VERTEX_POINT('',#2000);
#2000 = CARTESIAN_POINT('',(235.,-175.,-20.));
#2001 = LINE('',#2002,#2003);
#2002 = CARTESIAN_POINT('',(235.,-175.,0.));
#2003 = VECTOR('',#2004,1.);
#2004 = DIRECTION('',(0.,0.,-1.));
#2005 = ORIENTED_EDGE('',*,*,#2006,.T.);
#2006 = EDGE_CURVE('',#1999,#2007,#2009,.T.);
#2007 = VERTEX_POINT('',#2008);
#2008 = CARTESIAN_POINT('',(-235.,-175.,-20.));
#2009 = LINE('',#2010,#2011);
#2010 = CARTESIAN_POINT('',(235.,-175.,-20.));
#2011 = VECTOR('',#2012,1.);
#2012 = DIRECTION('',(-1.,0.,0.));
#2013 = ORIENTED_EDGE('',*,*,#2014,.F.);
#2014 = EDGE_CURVE('',#2015,#2007,#2017,.T.);
#2015 = VERTEX_POINT('',#2016);
#2016 = CARTESIAN_POINT('',(-235.,-175.,0.));
#2017 = LINE('',#2018,#2019);
#2018 = CARTESIAN_POINT('',(-235.,-175.,0.));
#2019 = VECTOR('',#2020,1.);
#2020 = DIRECTION('',(0.,0.,-1.));
#2021 = ORIENTED_EDGE('',*,*,#2022,.F.);
#2022 = EDGE_CURVE('',#1997,#2015,#2023,.T.);
#2023 = LINE('',#2024,#2025);
#2024 = CARTESIAN_POINT('',(235.,-175.,0.));
#2025 = VECTOR('',#2026,1.);
#2026 = DIRECTION('',(-1.,0.,0.));
#2027 = PLANE('',#2028);
#2028 = AXIS2_PLACEMENT_3D('',#2029,#2030,#2031);
#2029 = CARTESIAN_POINT('',(235.,-175.,0.));
#2030 = DIRECTION('',(0.,1.,0.));
#2031 = DIRECTION('',(-1.,0.,0.));
#2032 = ADVANCED_FACE('',(#2033),#2058,.F.);
#2033 = FACE_BOUND('',#2034,.F.);
#2034 = EDGE_LOOP('',(#2035,#2036,#2044,#2052));
#2035 = ORIENTED_EDGE('',*,*,#2014,.T.);
#2036 = ORIENTED_EDGE('',*,*,#2037,.T.);
#2037 = EDGE_CURVE('',#2007,#2038,#2040,.T.);
#2038 = VERTEX_POINT('',#2039);
#2039 = CARTESIAN_POINT('',(-235.,-115.,-20.));
#2040 = LINE('',#2041,#2042);
#2041 = CARTESIAN_POINT('',(-235.,-175.,-20.));
#2042 = VECTOR('',#2043,1.);
#2043 = DIRECTION('',(0.,1.,0.));
#2044 = ORIENTED_EDGE('',*,*,#2045,.F.);
#2045 = EDGE_CURVE('',#2046,#2038,#2048,.T.);
#2046 = VERTEX_POINT('',#2047);
#2047 = CARTESIAN_POINT('',(-235.,-115.,0.));
#2048 = LINE('',#2049,#2050);
#2049 = CARTESIAN_POINT('',(-235.,-115.,0.));
#2050 = VECTOR('',#2051,1.);
#2051 = DIRECTION('',(0.,0.,-1.));
#2052 = ORIENTED_EDGE('',*,*,#2053,.F.);
#2053 = EDGE_CURVE('',#2015,#2046,#2054,.T.);
#2054 = LINE('',#2055,#2056);
#2055 = CARTESIAN_POINT('',(-235.,-175.,0.));
#2056 = VECTOR('',#2057,1.);
#2057 = DIRECTION('',(0.,1.,0.));
#2058 = PLANE('',#2059);
#2059 = AXIS2_PLACEMENT_3D('',#2060,#2061,#2062);
#2060 = CARTESIAN_POINT('',(-235.,-175.,0.));
#2061 = DIRECTION('',(1.,0.,0.));
#2062 = DIRECTION('',(-0.,1.,0.));
#2063 = ADVANCED_FACE('',(#2064),#2089,.F.);
#2064 = FACE_BOUND('',#2065,.F.);
#2065 = EDGE_LOOP('',(#2066,#2067,#2075,#2083));
#2066 = ORIENTED_EDGE('',*,*,#2045,.T.);
#2067 = ORIENTED_EDGE('',*,*,#2068,.T.);
#2068 = EDGE_CURVE('',#2038,#2069,#2071,.T.);
#2069 = VERTEX_POINT('',#2070);
#2070 = CARTESIAN_POINT('',(-175.,-115.,-20.));
#2071 = LINE('',#2072,#2073);
#2072 = CARTESIAN_POINT('',(-235.,-115.,-20.));
#2073 = VECTOR('',#2074,1.);
#2074 = DIRECTION('',(1.,0.,0.));
#2075 = ORIENTED_EDGE('',*,*,#2076,.F.);
#2076 = EDGE_CURVE('',#2077,#2069,#2079,.T.);
#2077 = VERTEX_POINT('',#2078);
#2078 = CARTESIAN_POINT('',(-175.,-115.,0.));
#2079 = LINE('',#2080,#2081);
#2080 = CARTESIAN_POINT('',(-175.,-115.,0.));
#2081 = VECTOR('',#2082,1.);
#2082 = DIRECTION('',(0.,0.,-1.));
#2083 = ORIENTED_EDGE('',*,*,#2084,.F.);
#2084 = EDGE_CURVE('',#2046,#2077,#2085,.T.);
#2085 = LINE('',#2086,#2087);
#2086 = CARTESIAN_POINT('',(-235.,-115.,0.));
#2087 = VECTOR('',#2088,1.);
#2088 = DIRECTION('',(1.,0.,0.));
#2089 = PLANE('',#2090);
#2090 = AXIS2_PLACEMENT_3D('',#2091,#2092,#2093);
#2091 = CARTESIAN_POINT('',(-235.,-115.,0.));
#2092 = DIRECTION('',(0.,-1.,0.));
#2093 = DIRECTION('',(1.,0.,0.));
#2094 = ADVANCED_FACE('',(#2095),#2120,.F.);
#2095 = FACE_BOUND('',#2096,.F.);
#2096 = EDGE_LOOP('',(#2097,#2098,#2106,#2114));
#2097 = ORIENTED_EDGE('',*,*,#2076,.T.);
#2098 = ORIENTED_EDGE('',*,*,#2099,.T.);
#2099 = EDGE_CURVE('',#2069,#2100,#2102,.T.);
#2100 = VERTEX_POINT('',#2101);
#2101 = CARTESIAN_POINT('',(-175.,-37.,-20.));
#2102 = LINE('',#2103,#2104);
#2103 = CARTESIAN_POINT('',(-175.,-115.,-20.));
#2104 = VECTOR('',#2105,1.);
#2105 = DIRECTION('',(0.,1.,0.));
#2106 = ORIENTED_EDGE('',*,*,#2107,.F.);
#2107 = EDGE_CURVE('',#2108,#2100,#2110,.T.);
#2108 = VERTEX_POINT('',#2109);
#2109 = CARTESIAN_POINT('',(-175.,-37.,0.));
#2110 = LINE('',#2111,#2112);
#2111 = CARTESIAN_POINT('',(-175.,-37.,0.));
#2112 = VECTOR('',#2113,1.);
#2113 = DIRECTION('',(0.,0.,-1.));
#2114 = ORIENTED_EDGE('',*,*,#2115,.F.);
#2115 = EDGE_CURVE('',#2077,#2108,#2116,.T.);
#2116 = LINE('',#2117,#2118);
#2117 = CARTESIAN_POINT('',(-175.,-115.,0.));
#2118 = VECTOR('',#2119,1.);
#2119 = DIRECTION('',(0.,1.,0.));
#2120 = PLANE('',#2121);
#2121 = AXIS2_PLACEMENT_3D('',#2122,#2123,#2124);
#2122 = CARTESIAN_POINT('',(-175.,-115.,0.));
#2123 = DIRECTION('',(1.,0.,0.));
#2124 = DIRECTION('',(-0.,1.,0.));
#2125 = ADVANCED_FACE('',(#2126),#2151,.F.);
#2126 = FACE_BOUND('',#2127,.F.);
#2127 = EDGE_LOOP('',(#2128,#2129,#2137,#2145));
#2128 = ORIENTED_EDGE('',*,*,#2107,.T.);
#2129 = ORIENTED_EDGE('',*,*,#2130,.T.);
#2130 = EDGE_CURVE('',#2100,#2131,#2133,.T.);
#2131 = VERTEX_POINT('',#2132);
#2132 = CARTESIAN_POINT('',(-206.5,-37.,-20.));
#2133 = LINE('',#2134,#2135);
#2134 = CARTESIAN_POINT('',(-175.,-37.,-20.));
#2135 = VECTOR('',#2136,1.);
#2136 = DIRECTION('',(-1.,0.,0.));
#2137 = ORIENTED_EDGE('',*,*,#2138,.F.);
#2138 = EDGE_CURVE('',#2139,#2131,#2141,.T.);
#2139 = VERTEX_POINT('',#2140);
#2140 = CARTESIAN_POINT('',(-206.5,-37.,0.));
#2141 = LINE('',#2142,#2143);
#2142 = CARTESIAN_POINT('',(-206.5,-37.,0.));
#2143 = VECTOR('',#2144,1.);
#2144 = DIRECTION('',(0.,0.,-1.));
#2145 = ORIENTED_EDGE('',*,*,#2146,.F.);
#2146 = EDGE_CURVE('',#2108,#2139,#2147,.T.);
#2147 = LINE('',#2148,#2149);
#2148 = CARTESIAN_POINT('',(-175.,-37.,0.));
#2149 = VECTOR('',#2150,1.);
#2150 = DIRECTION('',(-1.,0.,0.));
#2151 = PLANE('',#2152);
#2152 = AXIS2_PLACEMENT_3D('',#2153,#2154,#2155);
#2153 = CARTESIAN_POINT('',(-175.,-37.,0.));
#2154 = DIRECTION('',(0.,1.,0.));
#2155 = DIRECTION('',(-1.,0.,0.));
#2156 = ADVANCED_FACE('',(#2157),#2184,.T.);
#2157 = FACE_BOUND('',#2158,.F.);
#2158 = EDGE_LOOP('',(#2159,#2160,#2169,#2177));
#2159 = ORIENTED_EDGE('',*,*,#2138,.T.);
#2160 = ORIENTED_EDGE('',*,*,#2161,.T.);
#2161 = EDGE_CURVE('',#2131,#2162,#2164,.T.);
#2162 = VERTEX_POINT('',#2163);
#2163 = CARTESIAN_POINT('',(-225.,-18.5,-20.));
#2164 = CIRCLE('',#2165,18.5);
#2165 = AXIS2_PLACEMENT_3D('',#2166,#2167,#2168);
#2166 = CARTESIAN_POINT('',(-206.5,-18.5,-20.));
#2167 = DIRECTION('',(0.,0.,-1.));
#2168 = DIRECTION('',(1.,0.,0.));
#2169 = ORIENTED_EDGE('',*,*,#2170,.F.);
#2170 = EDGE_CURVE('',#2171,#2162,#2173,.T.);
#2171 = VERTEX_POINT('',#2172);
#2172 = CARTESIAN_POINT('',(-225.,-18.5,0.));
#2173 = LINE('',#2174,#2175);
#2174 = CARTESIAN_POINT('',(-225.,-18.5,0.));
#2175 = VECTOR('',#2176,1.);
#2176 = DIRECTION('',(0.,0.,-1.));
#2177 = ORIENTED_EDGE('',*,*,#2178,.F.);
#2178 = EDGE_CURVE('',#2139,#2171,#2179,.T.);
#2179 = CIRCLE('',#2180,18.5);
#2180 = AXIS2_PLACEMENT_3D('',#2181,#2182,#2183);
#2181 = CARTESIAN_POINT('',(-206.5,-18.5,0.));
#2182 = DIRECTION('',(0.,0.,-1.));
#2183 = DIRECTION('',(1.,0.,0.));
#2184 = CYLINDRICAL_SURFACE('',#2185,18.5);
#2185 = AXIS2_PLACEMENT_3D('',#2186,#2187,#2188);
#2186 = CARTESIAN_POINT('',(-206.5,-18.5,0.));
#2187 = DIRECTION('',(0.,0.,1.));
#2188 = DIRECTION('',(1.,0.,-0.));
#2189 = ADVANCED_FACE('',(#2190),#2215,.F.);
#2190 = FACE_BOUND('',#2191,.F.);
#2191 = EDGE_LOOP('',(#2192,#2193,#2201,#2209));
#2192 = ORIENTED_EDGE('',*,*,#2170,.T.);
#2193 = ORIENTED_EDGE('',*,*,#2194,.T.);
#2194 = EDGE_CURVE('',#2162,#2195,#2197,.T.);
#2195 = VERTEX_POINT('',#2196);
#2196 = CARTESIAN_POINT('',(-225.,133.03847577293,-20.));
#2197 = LINE('',#2198,#2199);
#2198 = CARTESIAN_POINT('',(-225.,-18.5,-20.));
#2199 = VECTOR('',#2200,1.);
#2200 = DIRECTION('',(0.,1.,0.));
#2201 = ORIENTED_EDGE('',*,*,#2202,.F.);
#2202 = EDGE_CURVE('',#2203,#2195,#2205,.T.);
#2203 = VERTEX_POINT('',#2204);
#2204 = CARTESIAN_POINT('',(-225.,133.03847577293,0.));
#2205 = LINE('',#2206,#2207);
#2206 = CARTESIAN_POINT('',(-225.,133.03847577293,0.));
#2207 = VECTOR('',#2208,1.);
#2208 = DIRECTION('',(0.,0.,-1.));
#2209 = ORIENTED_EDGE('',*,*,#2210,.F.);
#2210 = EDGE_CURVE('',#2171,#2203,#2211,.T.);
#2211 = LINE('',#2212,#2213);
#2212 = CARTESIAN_POINT('',(-225.,-18.5,0.));
#2213 = VECTOR('',#2214,1.);
#2214 = DIRECTION('',(0.,1.,0.));
#2215 = PLANE('',#2216);
#2216 = AXIS2_PLACEMENT_3D('',#2217,#2218,#2219);
#2217 = CARTESIAN_POINT('',(-225.,-18.5,0.));
#2218 = DIRECTION('',(1.,0.,0.));
#2219 = DIRECTION('',(-0.,1.,0.));
#2220 = ADVANCED_FACE('',(#2221),#2248,.T.);
#2221 = FACE_BOUND('',#2222,.F.);
#2222 = EDGE_LOOP('',(#2223,#2224,#2233,#2241));
#2223 = ORIENTED_EDGE('',*,*,#2202,.T.);
#2224 = ORIENTED_EDGE('',*,*,#2225,.T.);
#2225 = EDGE_CURVE('',#2195,#2226,#2228,.T.);
#2226 = VERTEX_POINT('',#2227);
#2227 = CARTESIAN_POINT('',(-222.3205080756,143.03847577293,-20.));
#2228 = CIRCLE('',#2229,20.);
#2229 = AXIS2_PLACEMENT_3D('',#2230,#2231,#2232);
#2230 = CARTESIAN_POINT('',(-205.,133.03847577293,-20.));
#2231 = DIRECTION('',(0.,0.,-1.));
#2232 = DIRECTION('',(1.,0.,0.));
#2233 = ORIENTED_EDGE('',*,*,#2234,.F.);
#2234 = EDGE_CURVE('',#2235,#2226,#2237,.T.);
#2235 = VERTEX_POINT('',#2236);
#2236 = CARTESIAN_POINT('',(-222.3205080756,143.03847577293,0.));
#2237 = LINE('',#2238,#2239);
#2238 = CARTESIAN_POINT('',(-222.3205080756,143.03847577293,0.));
#2239 = VECTOR('',#2240,1.);
#2240 = DIRECTION('',(0.,0.,-1.));
#2241 = ORIENTED_EDGE('',*,*,#2242,.F.);
#2242 = EDGE_CURVE('',#2203,#2235,#2243,.T.);
#2243 = CIRCLE('',#2244,20.);
#2244 = AXIS2_PLACEMENT_3D('',#2245,#2246,#2247);
#2245 = CARTESIAN_POINT('',(-205.,133.03847577293,0.));
#2246 = DIRECTION('',(0.,0.,-1.));
#2247 = DIRECTION('',(1.,0.,0.));
#2248 = CYLINDRICAL_SURFACE('',#2249,20.);
#2249 = AXIS2_PLACEMENT_3D('',#2250,#2251,#2252);
#2250 = CARTESIAN_POINT('',(-205.,133.03847577293,0.));
#2251 = DIRECTION('',(0.,0.,1.));
#2252 = DIRECTION('',(1.,0.,-0.));
#2253 = ADVANCED_FACE('',(#2254),#2279,.F.);
#2254 = FACE_BOUND('',#2255,.F.);
#2255 = EDGE_LOOP('',(#2256,#2257,#2265,#2273));
#2256 = ORIENTED_EDGE('',*,*,#2234,.T.);
#2257 = ORIENTED_EDGE('',*,*,#2258,.T.);
#2258 = EDGE_CURVE('',#2226,#2259,#2261,.T.);
#2259 = VERTEX_POINT('',#2260);
#2260 = CARTESIAN_POINT('',(-180.7735026918,215.,-20.));
#2261 = LINE('',#2262,#2263);
#2262 = CARTESIAN_POINT('',(-222.3205080756,143.03847577293,-20.));
#2263 = VECTOR('',#2264,1.);
#2264 = DIRECTION('',(0.5,0.866025403784,0.));
#2265 = ORIENTED_EDGE('',*,*,#2266,.F.);
#2266 = EDGE_CURVE('',#2267,#2259,#2269,.T.);
#2267 = VERTEX_POINT('',#2268);
#2268 = CARTESIAN_POINT('',(-180.7735026918,215.,0.));
#2269 = LINE('',#2270,#2271);
#2270 = CARTESIAN_POINT('',(-180.7735026918,215.,0.));
#2271 = VECTOR('',#2272,1.);
#2272 = DIRECTION('',(0.,0.,-1.));
#2273 = ORIENTED_EDGE('',*,*,#2274,.F.);
#2274 = EDGE_CURVE('',#2235,#2267,#2275,.T.);
#2275 = LINE('',#2276,#2277);
#2276 = CARTESIAN_POINT('',(-222.3205080756,143.03847577293,0.));
#2277 = VECTOR('',#2278,1.);
#2278 = DIRECTION('',(0.5,0.866025403784,0.));
#2279 = PLANE('',#2280);
#2280 = AXIS2_PLACEMENT_3D('',#2281,#2282,#2283);
#2281 = CARTESIAN_POINT('',(-222.3205080756,143.03847577293,0.));
#2282 = DIRECTION('',(0.866025403784,-0.5,0.));
#2283 = DIRECTION('',(0.5,0.866025403784,0.));
#2284 = ADVANCED_FACE('',(#2285),#2312,.T.);
#2285 = FACE_BOUND('',#2286,.F.);
#2286 = EDGE_LOOP('',(#2287,#2288,#2297,#2305));
#2287 = ORIENTED_EDGE('',*,*,#2266,.T.);
#2288 = ORIENTED_EDGE('',*,*,#2289,.T.);
#2289 = EDGE_CURVE('',#2259,#2290,#2292,.T.);
#2290 = VERTEX_POINT('',#2291);
#2291 = CARTESIAN_POINT('',(-163.4529946162,225.,-20.));
#2292 = CIRCLE('',#2293,20.);
#2293 = AXIS2_PLACEMENT_3D('',#2294,#2295,#2296);
#2294 = CARTESIAN_POINT('',(-163.4529946162,205.,-20.));
#2295 = DIRECTION('',(0.,0.,-1.));
#2296 = DIRECTION('',(1.,0.,0.));
#2297 = ORIENTED_EDGE('',*,*,#2298,.F.);
#2298 = EDGE_CURVE('',#2299,#2290,#2301,.T.);
#2299 = VERTEX_POINT('',#2300);
#2300 = CARTESIAN_POINT('',(-163.4529946162,225.,0.));
#2301 = LINE('',#2302,#2303);
#2302 = CARTESIAN_POINT('',(-163.4529946162,225.,0.));
#2303 = VECTOR('',#2304,1.);
#2304 = DIRECTION('',(0.,0.,-1.));
#2305 = ORIENTED_EDGE('',*,*,#2306,.F.);
#2306 = EDGE_CURVE('',#2267,#2299,#2307,.T.);
#2307 = CIRCLE('',#2308,20.);
#2308 = AXIS2_PLACEMENT_3D('',#2309,#2310,#2311);
#2309 = CARTESIAN_POINT('',(-163.4529946162,205.,0.));
#2310 = DIRECTION('',(0.,0.,-1.));
#2311 = DIRECTION('',(1.,0.,0.));
#2312 = CYLINDRICAL_SURFACE('',#2313,20.);
#2313 = AXIS2_PLACEMENT_3D('',#2314,#2315,#2316);
#2314 = CARTESIAN_POINT('',(-163.4529946162,205.,0.));
#2315 = DIRECTION('',(0.,0.,1.));
#2316 = DIRECTION('',(1.,0.,-0.));
#2317 = ADVANCED_FACE('',(#2318),#2343,.F.);
#2318 = FACE_BOUND('',#2319,.F.);
#2319 = EDGE_LOOP('',(#2320,#2321,#2329,#2337));
#2320 = ORIENTED_EDGE('',*,*,#2298,.T.);
#2321 = ORIENTED_EDGE('',*,*,#2322,.T.);
#2322 = EDGE_CURVE('',#2290,#2323,#2325,.T.);
#2323 = VERTEX_POINT('',#2324);
#2324 = CARTESIAN_POINT('',(155.,225.,-20.));
#2325 = LINE('',#2326,#2327);
#2326 = CARTESIAN_POINT('',(-163.4529946162,225.,-20.));
#2327 = VECTOR('',#2328,1.);
#2328 = DIRECTION('',(1.,9.E-17,0.));
#2329 = ORIENTED_EDGE('',*,*,#2330,.F.);
#2330 = EDGE_CURVE('',#2331,#2323,#2333,.T.);
#2331 = VERTEX_POINT('',#2332);
#2332 = CARTESIAN_POINT('',(155.,225.,0.));
#2333 = LINE('',#2334,#2335);
#2334 = CARTESIAN_POINT('',(155.,225.,0.));
#2335 = VECTOR('',#2336,1.);
#2336 = DIRECTION('',(0.,0.,-1.));
#2337 = ORIENTED_EDGE('',*,*,#2338,.F.);
#2338 = EDGE_CURVE('',#2299,#2331,#2339,.T.);
#2339 = LINE('',#2340,#2341);
#2340 = CARTESIAN_POINT('',(-163.4529946162,225.,0.));
#2341 = VECTOR('',#2342,1.);
#2342 = DIRECTION('',(1.,9.E-17,0.));
#2343 = PLANE('',#2344);
#2344 = AXIS2_PLACEMENT_3D('',#2345,#2346,#2347);
#2345 = CARTESIAN_POINT('',(-163.4529946162,225.,0.));
#2346 = DIRECTION('',(9.E-17,-1.,0.));
#2347 = DIRECTION('',(1.,9.E-17,0.));
#2348 = ADVANCED_FACE('',(#2349),#2376,.T.);
#2349 = FACE_BOUND('',#2350,.F.);
#2350 = EDGE_LOOP('',(#2351,#2352,#2361,#2369));
#2351 = ORIENTED_EDGE('',*,*,#2330,.T.);
#2352 = ORIENTED_EDGE('',*,*,#2353,.T.);
#2353 = EDGE_CURVE('',#2323,#2354,#2356,.T.);
#2354 = VERTEX_POINT('',#2355);
#2355 = CARTESIAN_POINT('',(175.,205.,-20.));
#2356 = CIRCLE('',#2357,20.);
#2357 = AXIS2_PLACEMENT_3D('',#2358,#2359,#2360);
#2358 = CARTESIAN_POINT('',(155.,205.,-20.));
#2359 = DIRECTION('',(0.,0.,-1.));
#2360 = DIRECTION('',(1.,0.,0.));
#2361 = ORIENTED_EDGE('',*,*,#2362,.F.);
#2362 = EDGE_CURVE('',#2363,#2354,#2365,.T.);
#2363 = VERTEX_POINT('',#2364);
#2364 = CARTESIAN_POINT('',(175.,205.,0.));
#2365 = LINE('',#2366,#2367);
#2366 = CARTESIAN_POINT('',(175.,205.,0.));
#2367 = VECTOR('',#2368,1.);
#2368 = DIRECTION('',(0.,0.,-1.));
#2369 = ORIENTED_EDGE('',*,*,#2370,.F.);
#2370 = EDGE_CURVE('',#2331,#2363,#2371,.T.);
#2371 = CIRCLE('',#2372,20.);
#2372 = AXIS2_PLACEMENT_3D('',#2373,#2374,#2375);
#2373 = CARTESIAN_POINT('',(155.,205.,0.));
#2374 = DIRECTION('',(0.,0.,-1.));
#2375 = DIRECTION('',(1.,0.,0.));
#2376 = CYLINDRICAL_SURFACE('',#2377,20.);
#2377 = AXIS2_PLACEMENT_3D('',#2378,#2379,#2380);
#2378 = CARTESIAN_POINT('',(155.,205.,0.));
#2379 = DIRECTION('',(0.,0.,1.));
#2380 = DIRECTION('',(1.,0.,-0.));
#2381 = ADVANCED_FACE('',(#2382),#2407,.F.);
#2382 = FACE_BOUND('',#2383,.F.);
#2383 = EDGE_LOOP('',(#2384,#2385,#2393,#2401));
#2384 = ORIENTED_EDGE('',*,*,#2362,.T.);
#2385 = ORIENTED_EDGE('',*,*,#2386,.T.);
#2386 = EDGE_CURVE('',#2354,#2387,#2389,.T.);
#2387 = VERTEX_POINT('',#2388);
#2388 = CARTESIAN_POINT('',(175.,-115.,-20.));
#2389 = LINE('',#2390,#2391);
#2390 = CARTESIAN_POINT('',(175.,205.,-20.));
#2391 = VECTOR('',#2392,1.);
#2392 = DIRECTION('',(0.,-1.,0.));
#2393 = ORIENTED_EDGE('',*,*,#2394,.F.);
#2394 = EDGE_CURVE('',#2395,#2387,#2397,.T.);
#2395 = VERTEX_POINT('',#2396);
#2396 = CARTESIAN_POINT('',(175.,-115.,0.));
#2397 = LINE('',#2398,#2399);
#2398 = CARTESIAN_POINT('',(175.,-115.,0.));
#2399 = VECTOR('',#2400,1.);
#2400 = DIRECTION('',(0.,0.,-1.));
#2401 = ORIENTED_EDGE('',*,*,#2402,.F.);
#2402 = EDGE_CURVE('',#2363,#2395,#2403,.T.);
#2403 = LINE('',#2404,#2405);
#2404 = CARTESIAN_POINT('',(175.,205.,0.));
#2405 = VECTOR('',#2406,1.);
#2406 = DIRECTION('',(0.,-1.,0.));
#2407 = PLANE('',#2408);
#2408 = AXIS2_PLACEMENT_3D('',#2409,#2410,#2411);
#2409 = CARTESIAN_POINT('',(175.,205.,0.));
#2410 = DIRECTION('',(-1.,-0.,-0.));
#2411 = DIRECTION('',(0.,-1.,0.));
#2412 = ADVANCED_FACE('',(#2413),#2438,.F.);
#2413 = FACE_BOUND('',#2414,.F.);
#2414 = EDGE_LOOP('',(#2415,#2416,#2424,#2432));
#2415 = ORIENTED_EDGE('',*,*,#2394,.T.);
#2416 = ORIENTED_EDGE('',*,*,#2417,.T.);
#2417 = EDGE_CURVE('',#2387,#2418,#2420,.T.);
#2418 = VERTEX_POINT('',#2419);
#2419 = CARTESIAN_POINT('',(235.,-115.,-20.));
#2420 = LINE('',#2421,#2422);
#2421 = CARTESIAN_POINT('',(175.,-115.,-20.));
#2422 = VECTOR('',#2423,1.);
#2423 = DIRECTION('',(1.,0.,0.));
#2424 = ORIENTED_EDGE('',*,*,#2425,.F.);
#2425 = EDGE_CURVE('',#2426,#2418,#2428,.T.);
#2426 = VERTEX_POINT('',#2427);
#2427 = CARTESIAN_POINT('',(235.,-115.,0.));
#2428 = LINE('',#2429,#2430);
#2429 = CARTESIAN_POINT('',(235.,-115.,0.));
#2430 = VECTOR('',#2431,1.);
#2431 = DIRECTION('',(0.,0.,-1.));
#2432 = ORIENTED_EDGE('',*,*,#2433,.F.);
#2433 = EDGE_CURVE('',#2395,#2426,#2434,.T.);
#2434 = LINE('',#2435,#2436);
#2435 = CARTESIAN_POINT('',(175.,-115.,0.));
#2436 = VECTOR('',#2437,1.);
#2437 = DIRECTION('',(1.,0.,0.));
#2438 = PLANE('',#2439);
#2439 = AXIS2_PLACEMENT_3D('',#2440,#2441,#2442);
#2440 = CARTESIAN_POINT('',(175.,-115.,0.));
#2441 = DIRECTION('',(0.,-1.,0.));
#2442 = DIRECTION('',(1.,0.,0.));
#2443 = ADVANCED_FACE('',(#2444),#2460,.F.);
#2444 = FACE_BOUND('',#2445,.F.);
#2445 = EDGE_LOOP('',(#2446,#2447,#2453,#2454));
#2446 = ORIENTED_EDGE('',*,*,#2425,.T.);
#2447 = ORIENTED_EDGE('',*,*,#2448,.T.);
#2448 = EDGE_CURVE('',#2418,#1999,#2449,.T.);
#2449 = LINE('',#2450,#2451);
#2450 = CARTESIAN_POINT('',(235.,-115.,-20.));
#2451 = VECTOR('',#2452,1.);
#2452 = DIRECTION('',(0.,-1.,0.));
#2453 = ORIENTED_EDGE('',*,*,#1996,.F.);
#2454 = ORIENTED_EDGE('',*,*,#2455,.F.);
#2455 = EDGE_CURVE('',#2426,#1997,#2456,.T.);
#2456 = LINE('',#2457,#2458);
#2457 = CARTESIAN_POINT('',(235.,-115.,0.));
#2458 = VECTOR('',#2459,1.);
#2459 = DIRECTION('',(0.,-1.,0.));
#2460 = PLANE('',#2461);
#2461 = AXIS2_PLACEMENT_3D('',#2462,#2463,#2464);
#2462 = CARTESIAN_POINT('',(235.,-115.,0.));
#2463 = DIRECTION('',(-1.,-0.,-0.));
#2464 = DIRECTION('',(0.,-1.,0.));
#2465 = ADVANCED_FACE('',(#2466),#2493,.F.);
#2466 = FACE_BOUND('',#2467,.T.);
#2467 = EDGE_LOOP('',(#2468,#2478,#2485,#2486));
#2468 = ORIENTED_EDGE('',*,*,#2469,.T.);
#2469 = EDGE_CURVE('',#2470,#2472,#2474,.T.);
#2470 = VERTEX_POINT('',#2471);
#2471 = CARTESIAN_POINT('',(100.,0.,0.));
#2472 = VERTEX_POINT('',#2473);
#2473 = CARTESIAN_POINT('',(100.,0.,-20.));
#2474 = LINE('',#2475,#2476);
#2475 = CARTESIAN_POINT('',(100.,0.,0.));
#2476 = VECTOR('',#2477,1.);
#2477 = DIRECTION('',(0.,0.,-1.));
#2478 = ORIENTED_EDGE('',*,*,#2479,.T.);
#2479 = EDGE_CURVE('',#2472,#2472,#2480,.T.);
#2480 = CIRCLE('',#2481,100.);
#2481 = AXIS2_PLACEMENT_3D('',#2482,#2483,#2484);
#2482 = CARTESIAN_POINT('',(0.,0.,-20.));
#2483 = DIRECTION('',(0.,0.,-1.));
#2484 = DIRECTION('',(1.,0.,0.));
#2485 = ORIENTED_EDGE('',*,*,#2469,.F.);
#2486 = ORIENTED_EDGE('',*,*,#2487,.F.);
#2487 = EDGE_CURVE('',#2470,#2470,#2488,.T.);
#2488 = CIRCLE('',#2489,100.);
#2489 = AXIS2_PLACEMENT_3D('',#2490,#2491,#2492);
#2490 = CARTESIAN_POINT('',(0.,0.,0.));
#2491 = DIRECTION('',(0.,0.,-1.));
#2492 = DIRECTION('',(1.,0.,0.));
#2493 = CYLINDRICAL_SURFACE('',#2494,100.);
#2494 = AXIS2_PLACEMENT_3D('',#2495,#2496,#2497);
#2495 = CARTESIAN_POINT('',(0.,0.,0.));
#2496 = DIRECTION('',(0.,0.,1.));
#2497 = DIRECTION('',(1.,0.,-0.));
#2498 = ADVANCED_FACE('',(#2499),#2526,.F.);
#2499 = FACE_BOUND('',#2500,.T.);
#2500 = EDGE_LOOP('',(#2501,#2511,#2518,#2519));
#2501 = ORIENTED_EDGE('',*,*,#2502,.T.);
#2502 = EDGE_CURVE('',#2503,#2505,#2507,.T.);
#2503 = VERTEX_POINT('',#2504);
#2504 = CARTESIAN_POINT('',(130.,-156.5,0.));
#2505 = VERTEX_POINT('',#2506);
#2506 = CARTESIAN_POINT('',(130.,-156.5,-20.));
#2507 = LINE('',#2508,#2509);
#2508 = CARTESIAN_POINT('',(130.,-156.5,0.));
#2509 = VECTOR('',#2510,1.);
#2510 = DIRECTION('',(0.,0.,-1.));
#2511 = ORIENTED_EDGE('',*,*,#2512,.T.);
#2512 = EDGE_CURVE('',#2505,#2505,#2513,.T.);
#2513 = CIRCLE('',#2514,10.);
#2514 = AXIS2_PLACEMENT_3D('',#2515,#2516,#2517);
#2515 = CARTESIAN_POINT('',(120.,-156.5,-20.));
#2516 = DIRECTION('',(0.,0.,-1.));
#2517 = DIRECTION('',(1.,0.,0.));
#2518 = ORIENTED_EDGE('',*,*,#2502,.F.);
#2519 = ORIENTED_EDGE('',*,*,#2520,.F.);
#2520 = EDGE_CURVE('',#2503,#2503,#2521,.T.);
#2521 = CIRCLE('',#2522,10.);
#2522 = AXIS2_PLACEMENT_3D('',#2523,#2524,#2525);
#2523 = CARTESIAN_POINT('',(120.,-156.5,0.));
#2524 = DIRECTION('',(0.,0.,-1.));
#2525 = DIRECTION('',(1.,0.,0.));
#2526 = CYLINDRICAL_SURFACE('',#2527,10.);
#2527 = AXIS2_PLACEMENT_3D('',#2528,#2529,#2530);
#2528 = CARTESIAN_POINT('',(120.,-156.5,0.));
#2529 = DIRECTION('',(0.,0.,1.));
#2530 = DIRECTION('',(1.,0.,-0.));
#2531 = ADVANCED_FACE('',(#2532),#2559,.F.);
#2532 = FACE_BOUND('',#2533,.T.);
#2533 = EDGE_LOOP('',(#2534,#2544,#2551,#2552));
#2534 = ORIENTED_EDGE('',*,*,#2535,.T.);
#2535 = EDGE_CURVE('',#2536,#2538,#2540,.T.);
#2536 = VERTEX_POINT('',#2537);
#2537 = CARTESIAN_POINT('',(50.,-156.5,0.));
#2538 = VERTEX_POINT('',#2539);
#2539 = CARTESIAN_POINT('',(50.,-156.5,-20.));
#2540 = LINE('',#2541,#2542);
#2541 = CARTESIAN_POINT('',(50.,-156.5,0.));
#2542 = VECTOR('',#2543,1.);
#2543 = DIRECTION('',(0.,0.,-1.));
#2544 = ORIENTED_EDGE('',*,*,#2545,.T.);
#2545 = EDGE_CURVE('',#2538,#2538,#2546,.T.);
#2546 = CIRCLE('',#2547,10.);
#2547 = AXIS2_PLACEMENT_3D('',#2548,#2549,#2550);
#2548 = CARTESIAN_POINT('',(40.,-156.5,-20.));
#2549 = DIRECTION('',(0.,0.,-1.));
#2550 = DIRECTION('',(1.,0.,0.));
#2551 = ORIENTED_EDGE('',*,*,#2535,.F.);
#2552 = ORIENTED_EDGE('',*,*,#2553,.F.);
#2553 = EDGE_CURVE('',#2536,#2536,#2554,.T.);
#2554 = CIRCLE('',#2555,10.);
#2555 = AXIS2_PLACEMENT_3D('',#2556,#2557,#2558);
#2556 = CARTESIAN_POINT('',(40.,-156.5,0.));
#2557 = DIRECTION('',(0.,0.,-1.));
#2558 = DIRECTION('',(1.,0.,0.));
#2559 = CYLINDRICAL_SURFACE('',#2560,10.);
#2560 = AXIS2_PLACEMENT_3D('',#2561,#2562,#2563);
#2561 = CARTESIAN_POINT('',(40.,-156.5,0.));
#2562 = DIRECTION('',(0.,0.,1.));
#2563 = DIRECTION('',(1.,0.,-0.));
#2564 = ADVANCED_FACE('',(#2565),#2592,.F.);
#2565 = FACE_BOUND('',#2566,.T.);
#2566 = EDGE_LOOP('',(#2567,#2577,#2584,#2585));
#2567 = ORIENTED_EDGE('',*,*,#2568,.T.);
#2568 = EDGE_CURVE('',#2569,#2571,#2573,.T.);
#2569 = VERTEX_POINT('',#2570);
#2570 = CARTESIAN_POINT('',(-30.,-156.5,0.));
#2571 = VERTEX_POINT('',#2572);
#2572 = CARTESIAN_POINT('',(-30.,-156.5,-20.));
#2573 = LINE('',#2574,#2575);
#2574 = CARTESIAN_POINT('',(-30.,-156.5,0.));
#2575 = VECTOR('',#2576,1.);
#2576 = DIRECTION('',(0.,0.,-1.));
#2577 = ORIENTED_EDGE('',*,*,#2578,.T.);
#2578 = EDGE_CURVE('',#2571,#2571,#2579,.T.);
#2579 = CIRCLE('',#2580,10.);
#2580 = AXIS2_PLACEMENT_3D('',#2581,#2582,#2583);
#2581 = CARTESIAN_POINT('',(-40.,-156.5,-20.));
#2582 = DIRECTION('',(0.,0.,-1.));
#2583 = DIRECTION('',(1.,0.,0.));
#2584 = ORIENTED_EDGE('',*,*,#2568,.F.);
#2585 = ORIENTED_EDGE('',*,*,#2586,.F.);
#2586 = EDGE_CURVE('',#2569,#2569,#2587,.T.);
#2587 = CIRCLE('',#2588,10.);
#2588 = AXIS2_PLACEMENT_3D('',#2589,#2590,#2591);
#2589 = CARTESIAN_POINT('',(-40.,-156.5,0.));
#2590 = DIRECTION('',(0.,0.,-1.));
#2591 = DIRECTION('',(1.,0.,0.));
#2592 = CYLINDRICAL_SURFACE('',#2593,10.);
#2593 = AXIS2_PLACEMENT_3D('',#2594,#2595,#2596);
#2594 = CARTESIAN_POINT('',(-40.,-156.5,0.));
#2595 = DIRECTION('',(0.,0.,1.));
#2596 = DIRECTION('',(1.,0.,-0.));
#2597 = ADVANCED_FACE('',(#2598),#2625,.F.);
#2598 = FACE_BOUND('',#2599,.T.);
#2599 = EDGE_LOOP('',(#2600,#2610,#2617,#2618));
#2600 = ORIENTED_EDGE('',*,*,#2601,.T.);
#2601 = EDGE_CURVE('',#2602,#2604,#2606,.T.);
#2602 = VERTEX_POINT('',#2603);
#2603 = CARTESIAN_POINT('',(-110.,-156.5,0.));
#2604 = VERTEX_POINT('',#2605);
#2605 = CARTESIAN_POINT('',(-110.,-156.5,-20.));
#2606 = LINE('',#2607,#2608);
#2607 = CARTESIAN_POINT('',(-110.,-156.5,0.));
#2608 = VECTOR('',#2609,1.);
#2609 = DIRECTION('',(0.,0.,-1.));
#2610 = ORIENTED_EDGE('',*,*,#2611,.T.);
#2611 = EDGE_CURVE('',#2604,#2604,#2612,.T.);
#2612 = CIRCLE('',#2613,10.);
#2613 = AXIS2_PLACEMENT_3D('',#2614,#2615,#2616);
#2614 = CARTESIAN_POINT('',(-120.,-156.5,-20.));
#2615 = DIRECTION('',(0.,0.,-1.));
#2616 = DIRECTION('',(1.,0.,0.));
#2617 = ORIENTED_EDGE('',*,*,#2601,.F.);
#2618 = ORIENTED_EDGE('',*,*,#2619,.F.);
#2619 = EDGE_CURVE('',#2602,#2602,#2620,.T.);
#2620 = CIRCLE('',#2621,10.);
#2621 = AXIS2_PLACEMENT_3D('',#2622,#2623,#2624);
#2622 = CARTESIAN_POINT('',(-120.,-156.5,0.));
#2623 = DIRECTION('',(0.,0.,-1.));
#2624 = DIRECTION('',(1.,0.,0.));
#2625 = CYLINDRICAL_SURFACE('',#2626,10.);
#2626 = AXIS2_PLACEMENT_3D('',#2627,#2628,#2629);
#2627 = CARTESIAN_POINT('',(-120.,-156.5,0.));
#2628 = DIRECTION('',(0.,0.,1.));
#2629 = DIRECTION('',(1.,0.,-0.));
#2630 = ADVANCED_FACE('',(#2631),#2658,.F.);
#2631 = FACE_BOUND('',#2632,.T.);
#2632 = EDGE_LOOP('',(#2633,#2643,#2650,#2651));
#2633 = ORIENTED_EDGE('',*,*,#2634,.T.);
#2634 = EDGE_CURVE('',#2635,#2637,#2639,.T.);
#2635 = VERTEX_POINT('',#2636);
#2636 = CARTESIAN_POINT('',(-196.5,-18.5,0.));
#2637 = VERTEX_POINT('',#2638);
#2638 = CARTESIAN_POINT('',(-196.5,-18.5,-20.));
#2639 = LINE('',#2640,#2641);
#2640 = CARTESIAN_POINT('',(-196.5,-18.5,0.));
#2641 = VECTOR('',#2642,1.);
#2642 = DIRECTION('',(0.,0.,-1.));
#2643 = ORIENTED_EDGE('',*,*,#2644,.T.);
#2644 = EDGE_CURVE('',#2637,#2637,#2645,.T.);
#2645 = CIRCLE('',#2646,10.);
#2646 = AXIS2_PLACEMENT_3D('',#2647,#2648,#2649);
#2647 = CARTESIAN_POINT('',(-206.5,-18.5,-20.));
#2648 = DIRECTION('',(0.,0.,-1.));
#2649 = DIRECTION('',(1.,0.,0.));
#2650 = ORIENTED_EDGE('',*,*,#2634,.F.);
#2651 = ORIENTED_EDGE('',*,*,#2652,.F.);
#2652 = EDGE_CURVE('',#2635,#2635,#2653,.T.);
#2653 = CIRCLE('',#2654,10.);
#2654 = AXIS2_PLACEMENT_3D('',#2655,#2656,#2657);
#2655 = CARTESIAN_POINT('',(-206.5,-18.5,0.));
#2656 = DIRECTION('',(0.,0.,-1.));
#2657 = DIRECTION('',(1.,0.,0.));
#2658 = CYLINDRICAL_SURFACE('',#2659,10.);
#2659 = AXIS2_PLACEMENT_3D('',#2660,#2661,#2662);
#2660 = CARTESIAN_POINT('',(-206.5,-18.5,0.));
#2661 = DIRECTION('',(0.,0.,1.));
#2662 = DIRECTION('',(1.,0.,-0.));
#2663 = ADVANCED_FACE('',(#2664),#2691,.F.);
#2664 = FACE_BOUND('',#2665,.T.);
#2665 = EDGE_LOOP('',(#2666,#2676,#2683,#2684));
#2666 = ORIENTED_EDGE('',*,*,#2667,.T.);
#2667 = EDGE_CURVE('',#2668,#2670,#2672,.T.);
#2668 = VERTEX_POINT('',#2669);
#2669 = CARTESIAN_POINT('',(-196.5,44.,0.));
#2670 = VERTEX_POINT('',#2671);
#2671 = CARTESIAN_POINT('',(-196.5,44.,-20.));
#2672 = LINE('',#2673,#2674);
#2673 = CARTESIAN_POINT('',(-196.5,44.,0.));
#2674 = VECTOR('',#2675,1.);
#2675 = DIRECTION('',(0.,0.,-1.));
#2676 = ORIENTED_EDGE('',*,*,#2677,.T.);
#2677 = EDGE_CURVE('',#2670,#2670,#2678,.T.);
#2678 = CIRCLE('',#2679,10.);
#2679 = AXIS2_PLACEMENT_3D('',#2680,#2681,#2682);
#2680 = CARTESIAN_POINT('',(-206.5,44.,-20.));
#2681 = DIRECTION('',(0.,0.,-1.));
#2682 = DIRECTION('',(1.,0.,0.));
#2683 = ORIENTED_EDGE('',*,*,#2667,.F.);
#2684 = ORIENTED_EDGE('',*,*,#2685,.F.);
#2685 = EDGE_CURVE('',#2668,#2668,#2686,.T.);
#2686 = CIRCLE('',#2687,10.);
#2687 = AXIS2_PLACEMENT_3D('',#2688,#2689,#2690);
#2688 = CARTESIAN_POINT('',(-206.5,44.,0.));
#2689 = DIRECTION('',(0.,0.,-1.));
#2690 = DIRECTION('',(1.,0.,0.));
#2691 = CYLINDRICAL_SURFACE('',#2692,10.);
#2692 = AXIS2_PLACEMENT_3D('',#2693,#2694,#2695);
#2693 = CARTESIAN_POINT('',(-206.5,44.,0.));
#2694 = DIRECTION('',(0.,0.,1.));
#2695 = DIRECTION('',(1.,0.,-0.));
#2696 = ADVANCED_FACE('',(#2697),#2724,.F.);
#2697 = FACE_BOUND('',#2698,.T.);
#2698 = EDGE_LOOP('',(#2699,#2709,#2716,#2717));
#2699 = ORIENTED_EDGE('',*,*,#2700,.T.);
#2700 = EDGE_CURVE('',#2701,#2703,#2705,.T.);
#2701 = VERTEX_POINT('',#2702);
#2702 = CARTESIAN_POINT('',(-196.5,106.5,0.));
#2703 = VERTEX_POINT('',#2704);
#2704 = CARTESIAN_POINT('',(-196.5,106.5,-20.));
#2705 = LINE('',#2706,#2707);
#2706 = CARTESIAN_POINT('',(-196.5,106.5,0.));
#2707 = VECTOR('',#2708,1.);
#2708 = DIRECTION('',(0.,0.,-1.));
#2709 = ORIENTED_EDGE('',*,*,#2710,.T.);
#2710 = EDGE_CURVE('',#2703,#2703,#2711,.T.);
#2711 = CIRCLE('',#2712,10.);
#2712 = AXIS2_PLACEMENT_3D('',#2713,#2714,#2715);
#2713 = CARTESIAN_POINT('',(-206.5,106.5,-20.));
#2714 = DIRECTION('',(0.,0.,-1.));
#2715 = DIRECTION('',(1.,0.,0.));
#2716 = ORIENTED_EDGE('',*,*,#2700,.F.);
#2717 = ORIENTED_EDGE('',*,*,#2718,.F.);
#2718 = EDGE_CURVE('',#2701,#2701,#2719,.T.);
#2719 = CIRCLE('',#2720,10.);
#2720 = AXIS2_PLACEMENT_3D('',#2721,#2722,#2723);
#2721 = CARTESIAN_POINT('',(-206.5,106.5,0.));
#2722 = DIRECTION('',(0.,0.,-1.));
#2723 = DIRECTION('',(1.,0.,0.));
#2724 = CYLINDRICAL_SURFACE('',#2725,10.);
#2725 = AXIS2_PLACEMENT_3D('',#2726,#2727,#2728);
#2726 = CARTESIAN_POINT('',(-206.5,106.5,0.));
#2727 = DIRECTION('',(0.,0.,1.));
#2728 = DIRECTION('',(1.,0.,-0.));
#2729 = ADVANCED_FACE('',(#2730),#2757,.F.);
#2730 = FACE_BOUND('',#2731,.T.);
#2731 = EDGE_LOOP('',(#2732,#2742,#2749,#2750));
#2732 = ORIENTED_EDGE('',*,*,#2733,.T.);
#2733 = EDGE_CURVE('',#2734,#2736,#2738,.T.);
#2734 = VERTEX_POINT('',#2735);
#2735 = CARTESIAN_POINT('',(130.,206.5,0.));
#2736 = VERTEX_POINT('',#2737);
#2737 = CARTESIAN_POINT('',(130.,206.5,-20.));
#2738 = LINE('',#2739,#2740);
#2739 = CARTESIAN_POINT('',(130.,206.5,0.));
#2740 = VECTOR('',#2741,1.);
#2741 = DIRECTION('',(0.,0.,-1.));
#2742 = ORIENTED_EDGE('',*,*,#2743,.T.);
#2743 = EDGE_CURVE('',#2736,#2736,#2744,.T.);
#2744 = CIRCLE('',#2745,10.);
#2745 = AXIS2_PLACEMENT_3D('',#2746,#2747,#2748);
#2746 = CARTESIAN_POINT('',(120.,206.5,-20.));
#2747 = DIRECTION('',(0.,0.,-1.));
#2748 = DIRECTION('',(1.,0.,0.));
#2749 = ORIENTED_EDGE('',*,*,#2733,.F.);
#2750 = ORIENTED_EDGE('',*,*,#2751,.F.);
#2751 = EDGE_CURVE('',#2734,#2734,#2752,.T.);
#2752 = CIRCLE('',#2753,10.);
#2753 = AXIS2_PLACEMENT_3D('',#2754,#2755,#2756);
#2754 = CARTESIAN_POINT('',(120.,206.5,0.));
#2755 = DIRECTION('',(0.,0.,-1.));
#2756 = DIRECTION('',(1.,0.,0.));
#2757 = CYLINDRICAL_SURFACE('',#2758,10.);
#2758 = AXIS2_PLACEMENT_3D('',#2759,#2760,#2761);
#2759 = CARTESIAN_POINT('',(120.,206.5,0.));
#2760 = DIRECTION('',(0.,0.,1.));
#2761 = DIRECTION('',(1.,0.,-0.));
#2762 = ADVANCED_FACE('',(#2763),#2790,.F.);
#2763 = FACE_BOUND('',#2764,.T.);
#2764 = EDGE_LOOP('',(#2765,#2775,#2782,#2783));
#2765 = ORIENTED_EDGE('',*,*,#2766,.T.);
#2766 = EDGE_CURVE('',#2767,#2769,#2771,.T.);
#2767 = VERTEX_POINT('',#2768);
#2768 = CARTESIAN_POINT('',(50.,206.5,0.));
#2769 = VERTEX_POINT('',#2770);
#2770 = CARTESIAN_POINT('',(50.,206.5,-20.));
#2771 = LINE('',#2772,#2773);
#2772 = CARTESIAN_POINT('',(50.,206.5,0.));
#2773 = VECTOR('',#2774,1.);
#2774 = DIRECTION('',(0.,0.,-1.));
#2775 = ORIENTED_EDGE('',*,*,#2776,.T.);
#2776 = EDGE_CURVE('',#2769,#2769,#2777,.T.);
#2777 = CIRCLE('',#2778,10.);
#2778 = AXIS2_PLACEMENT_3D('',#2779,#2780,#2781);
#2779 = CARTESIAN_POINT('',(40.,206.5,-20.));
#2780 = DIRECTION('',(0.,0.,-1.));
#2781 = DIRECTION('',(1.,0.,0.));
#2782 = ORIENTED_EDGE('',*,*,#2766,.F.);
#2783 = ORIENTED_EDGE('',*,*,#2784,.F.);
#2784 = EDGE_CURVE('',#2767,#2767,#2785,.T.);
#2785 = CIRCLE('',#2786,10.);
#2786 = AXIS2_PLACEMENT_3D('',#2787,#2788,#2789);
#2787 = CARTESIAN_POINT('',(40.,206.5,0.));
#2788 = DIRECTION('',(0.,0.,-1.));
#2789 = DIRECTION('',(1.,0.,0.));
#2790 = CYLINDRICAL_SURFACE('',#2791,10.);
#2791 = AXIS2_PLACEMENT_3D('',#2792,#2793,#2794);
#2792 = CARTESIAN_POINT('',(40.,206.5,0.));
#2793 = DIRECTION('',(0.,0.,1.));
#2794 = DIRECTION('',(1.,0.,-0.));
#2795 = ADVANCED_FACE('',(#2796),#2823,.F.);
#2796 = FACE_BOUND('',#2797,.T.);
#2797 = EDGE_LOOP('',(#2798,#2808,#2815,#2816));
#2798 = ORIENTED_EDGE('',*,*,#2799,.T.);
#2799 = EDGE_CURVE('',#2800,#2802,#2804,.T.);
#2800 = VERTEX_POINT('',#2801);
#2801 = CARTESIAN_POINT('',(-30.,206.5,0.));
#2802 = VERTEX_POINT('',#2803);
#2803 = CARTESIAN_POINT('',(-30.,206.5,-20.));
#2804 = LINE('',#2805,#2806);
#2805 = CARTESIAN_POINT('',(-30.,206.5,0.));
#2806 = VECTOR('',#2807,1.);
#2807 = DIRECTION('',(0.,0.,-1.));
#2808 = ORIENTED_EDGE('',*,*,#2809,.T.);
#2809 = EDGE_CURVE('',#2802,#2802,#2810,.T.);
#2810 = CIRCLE('',#2811,10.);
#2811 = AXIS2_PLACEMENT_3D('',#2812,#2813,#2814);
#2812 = CARTESIAN_POINT('',(-40.,206.5,-20.));
#2813 = DIRECTION('',(0.,0.,-1.));
#2814 = DIRECTION('',(1.,0.,0.));
#2815 = ORIENTED_EDGE('',*,*,#2799,.F.);
#2816 = ORIENTED_EDGE('',*,*,#2817,.F.);
#2817 = EDGE_CURVE('',#2800,#2800,#2818,.T.);
#2818 = CIRCLE('',#2819,10.);
#2819 = AXIS2_PLACEMENT_3D('',#2820,#2821,#2822);
#2820 = CARTESIAN_POINT('',(-40.,206.5,0.));
#2821 = DIRECTION('',(0.,0.,-1.));
#2822 = DIRECTION('',(1.,0.,0.));
#2823 = CYLINDRICAL_SURFACE('',#2824,10.);
#2824 = AXIS2_PLACEMENT_3D('',#2825,#2826,#2827);
#2825 = CARTESIAN_POINT('',(-40.,206.5,0.));
#2826 = DIRECTION('',(0.,0.,1.));
#2827 = DIRECTION('',(1.,0.,-0.));
#2828 = ADVANCED_FACE('',(#2829),#2856,.F.);
#2829 = FACE_BOUND('',#2830,.T.);
#2830 = EDGE_LOOP('',(#2831,#2841,#2848,#2849));
#2831 = ORIENTED_EDGE('',*,*,#2832,.T.);
#2832 = EDGE_CURVE('',#2833,#2835,#2837,.T.);
#2833 = VERTEX_POINT('',#2834);
#2834 = CARTESIAN_POINT('',(-110.,206.5,0.));
#2835 = VERTEX_POINT('',#2836);
#2836 = CARTESIAN_POINT('',(-110.,206.5,-20.));
#2837 = LINE('',#2838,#2839);
#2838 = CARTESIAN_POINT('',(-110.,206.5,0.));
#2839 = VECTOR('',#2840,1.);
#2840 = DIRECTION('',(0.,0.,-1.));
#2841 = ORIENTED_EDGE('',*,*,#2842,.T.);
#2842 = EDGE_CURVE('',#2835,#2835,#2843,.T.);
#2843 = CIRCLE('',#2844,10.);
#2844 = AXIS2_PLACEMENT_3D('',#2845,#2846,#2847);
#2845 = CARTESIAN_POINT('',(-120.,206.5,-20.));
#2846 = DIRECTION('',(0.,0.,-1.));
#2847 = DIRECTION('',(1.,0.,0.));
#2848 = ORIENTED_EDGE('',*,*,#2832,.F.);
#2849 = ORIENTED_EDGE('',*,*,#2850,.F.);
#2850 = EDGE_CURVE('',#2833,#2833,#2851,.T.);
#2851 = CIRCLE('',#2852,10.);
#2852 = AXIS2_PLACEMENT_3D('',#2853,#2854,#2855);
#2853 = CARTESIAN_POINT('',(-120.,206.5,0.));
#2854 = DIRECTION('',(0.,0.,-1.));
#2855 = DIRECTION('',(1.,0.,0.));
#2856 = CYLINDRICAL_SURFACE('',#2857,10.);
#2857 = AXIS2_PLACEMENT_3D('',#2858,#2859,#2860);
#2858 = CARTESIAN_POINT('',(-120.,206.5,0.));
#2859 = DIRECTION('',(0.,0.,1.));
#2860 = DIRECTION('',(1.,0.,-0.));
#2861 = ADVANCED_FACE('',(#2862,#2879,#2882,#2885,#2888,#2891,#2894,
    #2897,#2900,#2903,#2906,#2909,#2912),#2915,.T.);
#2862 = FACE_BOUND('',#2863,.F.);
#2863 = EDGE_LOOP('',(#2864,#2865,#2866,#2867,#2868,#2869,#2870,#2871,
    #2872,#2873,#2874,#2875,#2876,#2877,#2878));
#2864 = ORIENTED_EDGE('',*,*,#2022,.T.);
#2865 = ORIENTED_EDGE('',*,*,#2053,.T.);
#2866 = ORIENTED_EDGE('',*,*,#2084,.T.);
#2867 = ORIENTED_EDGE('',*,*,#2115,.T.);
#2868 = ORIENTED_EDGE('',*,*,#2146,.T.);
#2869 = ORIENTED_EDGE('',*,*,#2178,.T.);
#2870 = ORIENTED_EDGE('',*,*,#2210,.T.);
#2871 = ORIENTED_EDGE('',*,*,#2242,.T.);
#2872 = ORIENTED_EDGE('',*,*,#2274,.T.);
#2873 = ORIENTED_EDGE('',*,*,#2306,.T.);
#2874 = ORIENTED_EDGE('',*,*,#2338,.T.);
#2875 = ORIENTED_EDGE('',*,*,#2370,.T.);
#2876 = ORIENTED_EDGE('',*,*,#2402,.T.);
#2877 = ORIENTED_EDGE('',*,*,#2433,.T.);
#2878 = ORIENTED_EDGE('',*,*,#2455,.T.);
#2879 = FACE_BOUND('',#2880,.T.);
#2880 = EDGE_LOOP('',(#2881));
#2881 = ORIENTED_EDGE('',*,*,#2487,.T.);
#2882 = FACE_BOUND('',#2883,.T.);
#2883 = EDGE_LOOP('',(#2884));
#2884 = ORIENTED_EDGE('',*,*,#2520,.T.);
#2885 = FACE_BOUND('',#2886,.T.);
#2886 = EDGE_LOOP('',(#2887));
#2887 = ORIENTED_EDGE('',*,*,#2553,.T.);
#2888 = FACE_BOUND('',#2889,.T.);
#2889 = EDGE_LOOP('',(#2890));
#2890 = ORIENTED_EDGE('',*,*,#2586,.T.);
#2891 = FACE_BOUND('',#2892,.T.);
#2892 = EDGE_LOOP('',(#2893));
#2893 = ORIENTED_EDGE('',*,*,#2619,.T.);
#2894 = FACE_BOUND('',#2895,.T.);
#2895 = EDGE_LOOP('',(#2896));
#2896 = ORIENTED_EDGE('',*,*,#2652,.T.);
#2897 = FACE_BOUND('',#2898,.T.);
#2898 = EDGE_LOOP('',(#2899));
#2899 = ORIENTED_EDGE('',*,*,#2685,.T.);
#2900 = FACE_BOUND('',#2901,.T.);
#2901 = EDGE_LOOP('',(#2902));
#2902 = ORIENTED_EDGE('',*,*,#2718,.T.);
#2903 = FACE_BOUND('',#2904,.T.);
#2904 = EDGE_LOOP('',(#2905));
#2905 = ORIENTED_EDGE('',*,*,#2751,.T.);
#2906 = FACE_BOUND('',#2907,.T.);
#2907 = EDGE_LOOP('',(#2908));
#2908 = ORIENTED_EDGE('',*,*,#2784,.T.);
#2909 = FACE_BOUND('',#2910,.T.);
#2910 = EDGE_LOOP('',(#2911));
#2911 = ORIENTED_EDGE('',*,*,#2817,.T.);
#2912 = FACE_BOUND('',#2913,.T.);
#2913 = EDGE_LOOP('',(#2914));
#2914 = ORIENTED_EDGE('',*,*,#2850,.T.);
#2915 = PLANE('',#2916);
#2916 = AXIS2_PLACEMENT_3D('',#2917,#2918,#2919);
#2917 = CARTESIAN_POINT('',(-19.14776638404,6.352481281396,0.));
#2918 = DIRECTION('',(0.,0.,1.));
#2919 = DIRECTION('',(1.,0.,0.));
#2920 = ADVANCED_FACE('',(#2921,#2938,#2941,#2944,#2947,#2950,#2953,
    #2956,#2959,#2962,#2965,#2968,#2971),#2974,.F.);
#2921 = FACE_BOUND('',#2922,.T.);
#2922 = EDGE_LOOP('',(#2923,#2924,#2925,#2926,#2927,#2928,#2929,#2930,
    #2931,#2932,#2933,#2934,#2935,#2936,#2937));
#2923 = ORIENTED_EDGE('',*,*,#2006,.T.);
#2924 = ORIENTED_EDGE('',*,*,#2037,.T.);
#2925 = ORIENTED_EDGE('',*,*,#2068,.T.);
#2926 = ORIENTED_EDGE('',*,*,#2099,.T.);
#2927 = ORIENTED_EDGE('',*,*,#2130,.T.);
#2928 = ORIENTED_EDGE('',*,*,#2161,.T.);
#2929 = ORIENTED_EDGE('',*,*,#2194,.T.);
#2930 = ORIENTED_EDGE('',*,*,#2225,.T.);
#2931 = ORIENTED_EDGE('',*,*,#2258,.T.);
#2932 = ORIENTED_EDGE('',*,*,#2289,.T.);
#2933 = ORIENTED_EDGE('',*,*,#2322,.T.);
#2934 = ORIENTED_EDGE('',*,*,#2353,.T.);
#2935 = ORIENTED_EDGE('',*,*,#2386,.T.);
#2936 = ORIENTED_EDGE('',*,*,#2417,.T.);
#2937 = ORIENTED_EDGE('',*,*,#2448,.T.);
#2938 = FACE_BOUND('',#2939,.F.);
#2939 = EDGE_LOOP('',(#2940));
#2940 = ORIENTED_EDGE('',*,*,#2479,.T.);
#2941 = FACE_BOUND('',#2942,.F.);
#2942 = EDGE_LOOP('',(#2943));
#2943 = ORIENTED_EDGE('',*,*,#2512,.T.);
#2944 = FACE_BOUND('',#2945,.F.);
#2945 = EDGE_LOOP('',(#2946));
#2946 = ORIENTED_EDGE('',*,*,#2545,.T.);
#2947 = FACE_BOUND('',#2948,.F.);
#2948 = EDGE_LOOP('',(#2949));
#2949 = ORIENTED_EDGE('',*,*,#2578,.T.);
#2950 = FACE_BOUND('',#2951,.F.);
#2951 = EDGE_LOOP('',(#2952));
#2952 = ORIENTED_EDGE('',*,*,#2611,.T.);
#2953 = FACE_BOUND('',#2954,.F.);
#2954 = EDGE_LOOP('',(#2955));
#2955 = ORIENTED_EDGE('',*,*,#2644,.T.);
#2956 = FACE_BOUND('',#2957,.F.);
#2957 = EDGE_LOOP('',(#2958));
#2958 = ORIENTED_EDGE('',*,*,#2677,.T.);
#2959 = FACE_BOUND('',#2960,.F.);
#2960 = EDGE_LOOP('',(#2961));
#2961 = ORIENTED_EDGE('',*,*,#2710,.T.);
#2962 = FACE_BOUND('',#2963,.F.);
#2963 = EDGE_LOOP('',(#2964));
#2964 = ORIENTED_EDGE('',*,*,#2743,.T.);
#2965 = FACE_BOUND('',#2966,.F.);
#2966 = EDGE_LOOP('',(#2967));
#2967 = ORIENTED_EDGE('',*,*,#2776,.T.);
#2968 = FACE_BOUND('',#2969,.F.);
#2969 = EDGE_LOOP('',(#2970));
#2970 = ORIENTED_EDGE('',*,*,#2809,.T.);
#2971 = FACE_BOUND('',#2972,.F.);
#2972 = EDGE_LOOP('',(#2973));
#2973 = ORIENTED_EDGE('',*,*,#2842,.T.);
#2974 = PLANE('',#2975);
#2975 = AXIS2_PLACEMENT_3D('',#2976,#2977,#2978);
#2976 = CARTESIAN_POINT('',(-19.14776638404,6.352481281396,-20.));
#2977 = DIRECTION('',(0.,0.,1.));
#2978 = DIRECTION('',(1.,0.,0.));
#2979 = ( GEOMETRIC_REPRESENTATION_CONTEXT(3) 
GLOBAL_UNCERTAINTY_ASSIGNED_CONTEXT((#2983)) 
GLOBAL_UNIT_ASSIGNED_CONTEXT((#2980,#2981,#2982)) REPRESENTATION_CONTEXT
('Context #1','3D Context with UNIT and UNCERTAINTY') );
#2980 = ( LENGTH_UNIT() NAMED_UNIT(*) SI_UNIT(.MILLI.,.METRE.) );
#2981 = ( NAMED_UNIT(*) PLANE_ANGLE_UNIT() SI_UNIT($,.RADIAN.) );
#2982 = ( NAMED_UNIT(*) SI_UNIT($,.STERADIAN.) SOLID_ANGLE_UNIT() );
#2983 = UNCERTAINTY_MEASURE_WITH_UNIT(LENGTH_MEASURE(1.E-07),#2980,
  'distance_accuracy_value','confusion accuracy');
#2984 = CONTEXT_DEPENDENT_SHAPE_REPRESENTATION(#2985,#2987);
#2985 = ( REPRESENTATION_RELATIONSHIP('','',#1989,#66) 
REPRESENTATION_RELATIONSHIP_WITH_TRANSFORMATION(#2986) 
SHAPE_REPRESENTATION_RELATIONSHIP() );
#2986 = ITEM_DEFINED_TRANSFORMATION('','',#11,#83);
#2987 = PRODUCT_DEFINITION_SHAPE('Placement','Placement of an item',
  #2988);
#2988 = NEXT_ASSEMBLY_USAGE_OCCURRENCE('5','flange','',#61,#1984,$);
#2989 = CC_DESIGN_SECURITY_CLASSIFICATION(#2990,(#2988));
#2990 = SECURITY_CLASSIFICATION('','',#43);
#2991 = CC_DESIGN_PERSON_AND_ORGANIZATION_ASSIGNMENT(#32,#41,(#2990));
#2992 = CC_DESIGN_DATE_AND_TIME_ASSIGNMENT(#46,#52,(#2990));
#2993 = CC_DESIGN_APPROVAL(#54,(#2990));
#2994 = PRODUCT_RELATED_PRODUCT_CATEGORY('detail',$,(#1986));
#2995 = PRODUCT_CATEGORY_RELATIONSHIP('','',#2996,#2994);
#2996 = PRODUCT_CATEGORY('part',$);
#2997 = CC_DESIGN_PERSON_AND_ORGANIZATION_ASSIGNMENT(#32,#35,(#1985,
    #1984));
#2998 = CC_DESIGN_PERSON_AND_ORGANIZATION_ASSIGNMENT(#32,#37,(#1986));
#2999 = CC_DESIGN_PERSON_AND_ORGANIZATION_ASSIGNMENT(#32,#39,(#1985));
#3000 = CC_DESIGN_PERSON_AND_ORGANIZATION_ASSIGNMENT(#32,#41,(#3001));
#3001 = SECURITY_CLASSIFICATION('','',#43);
#3002 = CC_DESIGN_SECURITY_CLASSIFICATION(#3001,(#1985));
#3003 = CC_DESIGN_DATE_AND_TIME_ASSIGNMENT(#46,#50,(#1984));
#3004 = CC_DESIGN_DATE_AND_TIME_ASSIGNMENT(#46,#52,(#3001));
#3005 = CC_DESIGN_APPROVAL(#54,(#1985,#1984,#3001));
#3006 = SHAPE_DEFINITION_REPRESENTATION(#3007,#3013);
#3007 = PRODUCT_DEFINITION_SHAPE('','',#3008);
#3008 = PRODUCT_DEFINITION('design','',#3009,#3012);
#3009 = PRODUCT_DEFINITION_FORMATION_WITH_SPECIFIED_SOURCE('','',#3010,
  .NOT_KNOWN.);
#3010 = PRODUCT('suporte_cabeca','suporte_cabeca','',(#3011));
#3011 = MECHANICAL_CONTEXT('',#2,'mechanical');
#3012 = DESIGN_CONTEXT('',#2,'design');
#3013 = SHAPE_REPRESENTATION('',(#11,#3014,#3018,#3022,#3026,#3030),
  #3034);
#3014 = AXIS2_PLACEMENT_3D('',#3015,#3016,#3017);
#3015 = CARTESIAN_POINT('',(0.,0.,0.));
#3016 = DIRECTION('',(0.,0.,1.));
#3017 = DIRECTION('',(1.,0.,0.));
#3018 = AXIS2_PLACEMENT_3D('',#3019,#3020,#3021);
#3019 = CARTESIAN_POINT('',(0.,0.,0.));
#3020 = DIRECTION('',(0.,0.,1.));
#3021 = DIRECTION('',(1.,0.,0.));
#3022 = AXIS2_PLACEMENT_3D('',#3023,#3024,#3025);
#3023 = CARTESIAN_POINT('',(0.,0.,0.));
#3024 = DIRECTION('',(0.,0.,1.));
#3025 = DIRECTION('',(1.,0.,0.));
#3026 = AXIS2_PLACEMENT_3D('',#3027,#3028,#3029);
#3027 = CARTESIAN_POINT('',(0.,0.,0.));
#3028 = DIRECTION('',(0.,0.,1.));
#3029 = DIRECTION('',(1.,0.,0.));
#3030 = AXIS2_PLACEMENT_3D('',#3031,#3032,#3033);
#3031 = CARTESIAN_POINT('',(0.,0.,0.));
#3032 = DIRECTION('',(0.,0.,1.));
#3033 = DIRECTION('',(1.,0.,0.));
#3034 = ( GEOMETRIC_REPRESENTATION_CONTEXT(3) 
GLOBAL_UNCERTAINTY_ASSIGNED_CONTEXT((#3038)) 
GLOBAL_UNIT_ASSIGNED_CONTEXT((#3035,#3036,#3037)) REPRESENTATION_CONTEXT
('Context #1','3D Context with UNIT and UNCERTAINTY') );
#3035 = ( LENGTH_UNIT() NAMED_UNIT(*) SI_UNIT(.MILLI.,.METRE.) );
#3036 = ( NAMED_UNIT(*) PLANE_ANGLE_UNIT() SI_UNIT($,.RADIAN.) );
#3037 = ( NAMED_UNIT(*) SI_UNIT($,.STERADIAN.) SOLID_ANGLE_UNIT() );
#3038 = UNCERTAINTY_MEASURE_WITH_UNIT(LENGTH_MEASURE(2.E-04),#3035,
  'distance_accuracy_value','confusion accuracy');
#3039 = CONTEXT_DEPENDENT_SHAPE_REPRESENTATION(#3040,#3042);
#3040 = ( REPRESENTATION_RELATIONSHIP('','',#3013,#10) 
REPRESENTATION_RELATIONSHIP_WITH_TRANSFORMATION(#3041) 
SHAPE_REPRESENTATION_RELATIONSHIP() );
#3041 = ITEM_DEFINED_TRANSFORMATION('','',#11,#19);
#3042 = PRODUCT_DEFINITION_SHAPE('Placement','Placement of an item',
  #3043);
#3043 = NEXT_ASSEMBLY_USAGE_OCCURRENCE('12','suporte_cabeca','',#5,#3008
  ,$);
#3044 = CC_DESIGN_SECURITY_CLASSIFICATION(#3045,(#3043));
#3045 = SECURITY_CLASSIFICATION('','',#43);
#3046 = CC_DESIGN_PERSON_AND_ORGANIZATION_ASSIGNMENT(#32,#41,(#3045));
#3047 = CC_DESIGN_DATE_AND_TIME_ASSIGNMENT(#46,#52,(#3045));
#3048 = CC_DESIGN_APPROVAL(#54,(#3045));
#3049 = PRODUCT_RELATED_PRODUCT_CATEGORY('detail',$,(#3010));
#3050 = PRODUCT_CATEGORY_RELATIONSHIP('','',#3051,#3049);
#3051 = PRODUCT_CATEGORY('part',$);
#3052 = CC_DESIGN_PERSON_AND_ORGANIZATION_ASSIGNMENT(#32,#35,(#3009,
    #3008));
#3053 = CC_DESIGN_PERSON_AND_ORGANIZATION_ASSIGNMENT(#32,#37,(#3010));
#3054 = CC_DESIGN_PERSON_AND_ORGANIZATION_ASSIGNMENT(#32,#39,(#3009));
#3055 = CC_DESIGN_PERSON_AND_ORGANIZATION_ASSIGNMENT(#32,#41,(#3056));
#3056 = SECURITY_CLASSIFICATION('','',#43);
#3057 = CC_DESIGN_SECURITY_CLASSIFICATION(#3056,(#3009));
#3058 = CC_DESIGN_DATE_AND_TIME_ASSIGNMENT(#46,#50,(#3008));
#3059 = CC_DESIGN_DATE_AND_TIME_ASSIGNMENT(#46,#52,(#3056));
#3060 = CC_DESIGN_APPROVAL(#54,(#3009,#3008,#3056));
#3061 = SHAPE_DEFINITION_REPRESENTATION(#3062,#3068);
#3062 = PRODUCT_DEFINITION_SHAPE('','',#3063);
#3063 = PRODUCT_DEFINITION('design','',#3064,#3067);
#3064 = PRODUCT_DEFINITION_FORMATION_WITH_SPECIFIED_SOURCE('','',#3065,
  .NOT_KNOWN.);
#3065 = PRODUCT('base','base','',(#3066));
#3066 = MECHANICAL_CONTEXT('',#2,'mechanical');
#3067 = DESIGN_CONTEXT('',#2,'design');
#3068 = ADVANCED_BREP_SHAPE_REPRESENTATION('',(#11,#3069),#3219);
#3069 = MANIFOLD_SOLID_BREP('',#3070);
#3070 = CLOSED_SHELL('',(#3071,#3111,#3142,#3173,#3195,#3207));
#3071 = ADVANCED_FACE('',(#3072),#3106,.F.);
#3072 = FACE_BOUND('',#3073,.F.);
#3073 = EDGE_LOOP('',(#3074,#3084,#3092,#3100));
#3074 = ORIENTED_EDGE('',*,*,#3075,.T.);
#3075 = EDGE_CURVE('',#3076,#3078,#3080,.T.);
#3076 = VERTEX_POINT('',#3077);
#3077 = CARTESIAN_POINT('',(-250.,-222.5,1.7E+03));
#3078 = VERTEX_POINT('',#3079);
#3079 = CARTESIAN_POINT('',(-250.,-222.5,1.715875E+03));
#3080 = LINE('',#3081,#3082);
#3081 = CARTESIAN_POINT('',(-250.,-222.5,1.7E+03));
#3082 = VECTOR('',#3083,1.);
#3083 = DIRECTION('',(0.,0.,1.));
#3084 = ORIENTED_EDGE('',*,*,#3085,.T.);
#3085 = EDGE_CURVE('',#3078,#3086,#3088,.T.);
#3086 = VERTEX_POINT('',#3087);
#3087 = CARTESIAN_POINT('',(250.,-222.5,1.715875E+03));
#3088 = LINE('',#3089,#3090);
#3089 = CARTESIAN_POINT('',(-250.,-222.5,1.715875E+03));
#3090 = VECTOR('',#3091,1.);
#3091 = DIRECTION('',(1.,0.,0.));
#3092 = ORIENTED_EDGE('',*,*,#3093,.F.);
#3093 = EDGE_CURVE('',#3094,#3086,#3096,.T.);
#3094 = VERTEX_POINT('',#3095);
#3095 = CARTESIAN_POINT('',(250.,-222.5,1.7E+03));
#3096 = LINE('',#3097,#3098);
#3097 = CARTESIAN_POINT('',(250.,-222.5,1.7E+03));
#3098 = VECTOR('',#3099,1.);
#3099 = DIRECTION('',(0.,0.,1.));
#3100 = ORIENTED_EDGE('',*,*,#3101,.F.);
#3101 = EDGE_CURVE('',#3076,#3094,#3102,.T.);
#3102 = LINE('',#3103,#3104);
#3103 = CARTESIAN_POINT('',(-250.,-222.5,1.7E+03));
#3104 = VECTOR('',#3105,1.);
#3105 = DIRECTION('',(1.,0.,0.));
#3106 = PLANE('',#3107);
#3107 = AXIS2_PLACEMENT_3D('',#3108,#3109,#3110);
#3108 = CARTESIAN_POINT('',(-250.,-222.5,1.7E+03));
#3109 = DIRECTION('',(0.,1.,0.));
#3110 = DIRECTION('',(1.,0.,0.));
#3111 = ADVANCED_FACE('',(#3112),#3137,.F.);
#3112 = FACE_BOUND('',#3113,.F.);
#3113 = EDGE_LOOP('',(#3114,#3115,#3123,#3131));
#3114 = ORIENTED_EDGE('',*,*,#3093,.T.);
#3115 = ORIENTED_EDGE('',*,*,#3116,.T.);
#3116 = EDGE_CURVE('',#3086,#3117,#3119,.T.);
#3117 = VERTEX_POINT('',#3118);
#3118 = CARTESIAN_POINT('',(250.,222.5,1.715875E+03));
#3119 = LINE('',#3120,#3121);
#3120 = CARTESIAN_POINT('',(250.,-222.5,1.715875E+03));
#3121 = VECTOR('',#3122,1.);
#3122 = DIRECTION('',(0.,1.,0.));
#3123 = ORIENTED_EDGE('',*,*,#3124,.F.);
#3124 = EDGE_CURVE('',#3125,#3117,#3127,.T.);
#3125 = VERTEX_POINT('',#3126);
#3126 = CARTESIAN_POINT('',(250.,222.5,1.7E+03));
#3127 = LINE('',#3128,#3129);
#3128 = CARTESIAN_POINT('',(250.,222.5,1.7E+03));
#3129 = VECTOR('',#3130,1.);
#3130 = DIRECTION('',(0.,0.,1.));
#3131 = ORIENTED_EDGE('',*,*,#3132,.F.);
#3132 = EDGE_CURVE('',#3094,#3125,#3133,.T.);
#3133 = LINE('',#3134,#3135);
#3134 = CARTESIAN_POINT('',(250.,-222.5,1.7E+03));
#3135 = VECTOR('',#3136,1.);
#3136 = DIRECTION('',(0.,1.,0.));
#3137 = PLANE('',#3138);
#3138 = AXIS2_PLACEMENT_3D('',#3139,#3140,#3141);
#3139 = CARTESIAN_POINT('',(250.,-222.5,1.7E+03));
#3140 = DIRECTION('',(-1.,0.,0.));
#3141 = DIRECTION('',(0.,1.,0.));
#3142 = ADVANCED_FACE('',(#3143),#3168,.F.);
#3143 = FACE_BOUND('',#3144,.F.);
#3144 = EDGE_LOOP('',(#3145,#3146,#3154,#3162));
#3145 = ORIENTED_EDGE('',*,*,#3124,.T.);
#3146 = ORIENTED_EDGE('',*,*,#3147,.T.);
#3147 = EDGE_CURVE('',#3117,#3148,#3150,.T.);
#3148 = VERTEX_POINT('',#3149);
#3149 = CARTESIAN_POINT('',(-250.,222.5,1.715875E+03));
#3150 = LINE('',#3151,#3152);
#3151 = CARTESIAN_POINT('',(250.,222.5,1.715875E+03));
#3152 = VECTOR('',#3153,1.);
#3153 = DIRECTION('',(-1.,0.,0.));
#3154 = ORIENTED_EDGE('',*,*,#3155,.F.);
#3155 = EDGE_CURVE('',#3156,#3148,#3158,.T.);
#3156 = VERTEX_POINT('',#3157);
#3157 = CARTESIAN_POINT('',(-250.,222.5,1.7E+03));
#3158 = LINE('',#3159,#3160);
#3159 = CARTESIAN_POINT('',(-250.,222.5,1.7E+03));
#3160 = VECTOR('',#3161,1.);
#3161 = DIRECTION('',(0.,0.,1.));
#3162 = ORIENTED_EDGE('',*,*,#3163,.F.);
#3163 = EDGE_CURVE('',#3125,#3156,#3164,.T.);
#3164 = LINE('',#3165,#3166);
#3165 = CARTESIAN_POINT('',(250.,222.5,1.7E+03));
#3166 = VECTOR('',#3167,1.);
#3167 = DIRECTION('',(-1.,0.,0.));
#3168 = PLANE('',#3169);
#3169 = AXIS2_PLACEMENT_3D('',#3170,#3171,#3172);
#3170 = CARTESIAN_POINT('',(250.,222.5,1.7E+03));
#3171 = DIRECTION('',(0.,-1.,0.));
#3172 = DIRECTION('',(-1.,0.,0.));
#3173 = ADVANCED_FACE('',(#3174),#3190,.F.);
#3174 = FACE_BOUND('',#3175,.F.);
#3175 = EDGE_LOOP('',(#3176,#3177,#3183,#3184));
#3176 = ORIENTED_EDGE('',*,*,#3155,.T.);
#3177 = ORIENTED_EDGE('',*,*,#3178,.T.);
#3178 = EDGE_CURVE('',#3148,#3078,#3179,.T.);
#3179 = LINE('',#3180,#3181);
#3180 = CARTESIAN_POINT('',(-250.,222.5,1.715875E+03));
#3181 = VECTOR('',#3182,1.);
#3182 = DIRECTION('',(0.,-1.,0.));
#3183 = ORIENTED_EDGE('',*,*,#3075,.F.);
#3184 = ORIENTED_EDGE('',*,*,#3185,.F.);
#3185 = EDGE_CURVE('',#3156,#3076,#3186,.T.);
#3186 = LINE('',#3187,#3188);
#3187 = CARTESIAN_POINT('',(-250.,222.5,1.7E+03));
#3188 = VECTOR('',#3189,1.);
#3189 = DIRECTION('',(0.,-1.,0.));
#3190 = PLANE('',#3191);
#3191 = AXIS2_PLACEMENT_3D('',#3192,#3193,#3194);
#3192 = CARTESIAN_POINT('',(-250.,222.5,1.7E+03));
#3193 = DIRECTION('',(1.,0.,0.));
#3194 = DIRECTION('',(0.,-1.,0.));
#3195 = ADVANCED_FACE('',(#3196),#3202,.F.);
#3196 = FACE_BOUND('',#3197,.F.);
#3197 = EDGE_LOOP('',(#3198,#3199,#3200,#3201));
#3198 = ORIENTED_EDGE('',*,*,#3101,.T.);
#3199 = ORIENTED_EDGE('',*,*,#3132,.T.);
#3200 = ORIENTED_EDGE('',*,*,#3163,.T.);
#3201 = ORIENTED_EDGE('',*,*,#3185,.T.);
#3202 = PLANE('',#3203);
#3203 = AXIS2_PLACEMENT_3D('',#3204,#3205,#3206);
#3204 = CARTESIAN_POINT('',(0.,0.,1.7E+03));
#3205 = DIRECTION('',(0.,0.,1.));
#3206 = DIRECTION('',(1.,0.,0.));
#3207 = ADVANCED_FACE('',(#3208),#3214,.T.);
#3208 = FACE_BOUND('',#3209,.T.);
#3209 = EDGE_LOOP('',(#3210,#3211,#3212,#3213));
#3210 = ORIENTED_EDGE('',*,*,#3085,.T.);
#3211 = ORIENTED_EDGE('',*,*,#3116,.T.);
#3212 = ORIENTED_EDGE('',*,*,#3147,.T.);
#3213 = ORIENTED_EDGE('',*,*,#3178,.T.);
#3214 = PLANE('',#3215);
#3215 = AXIS2_PLACEMENT_3D('',#3216,#3217,#3218);
#3216 = CARTESIAN_POINT('',(0.,0.,1.715875E+03));
#3217 = DIRECTION('',(0.,0.,1.));
#3218 = DIRECTION('',(1.,0.,0.));
#3219 = ( GEOMETRIC_REPRESENTATION_CONTEXT(3) 
GLOBAL_UNCERTAINTY_ASSIGNED_CONTEXT((#3223)) 
GLOBAL_UNIT_ASSIGNED_CONTEXT((#3220,#3221,#3222)) REPRESENTATION_CONTEXT
('Context #1','3D Context with UNIT and UNCERTAINTY') );
#3220 = ( LENGTH_UNIT() NAMED_UNIT(*) SI_UNIT(.MILLI.,.METRE.) );
#3221 = ( NAMED_UNIT(*) PLANE_ANGLE_UNIT() SI_UNIT($,.RADIAN.) );
#3222 = ( NAMED_UNIT(*) SI_UNIT($,.STERADIAN.) SOLID_ANGLE_UNIT() );
#3223 = UNCERTAINTY_MEASURE_WITH_UNIT(LENGTH_MEASURE(1.E-07),#3220,
  'distance_accuracy_value','confusion accuracy');
#3224 = CONTEXT_DEPENDENT_SHAPE_REPRESENTATION(#3225,#3227);
#3225 = ( REPRESENTATION_RELATIONSHIP('','',#3068,#3013) 
REPRESENTATION_RELATIONSHIP_WITH_TRANSFORMATION(#3226) 
SHAPE_REPRESENTATION_RELATIONSHIP() );
#3226 = ITEM_DEFINED_TRANSFORMATION('','',#11,#3014);
#3227 = PRODUCT_DEFINITION_SHAPE('Placement','Placement of an item',
  #3228);
#3228 = NEXT_ASSEMBLY_USAGE_OCCURRENCE('7','base','',#3008,#3063,$);
#3229 = CC_DESIGN_SECURITY_CLASSIFICATION(#3230,(#3228));
#3230 = SECURITY_CLASSIFICATION('','',#43);
#3231 = CC_DESIGN_PERSON_AND_ORGANIZATION_ASSIGNMENT(#32,#41,(#3230));
#3232 = CC_DESIGN_DATE_AND_TIME_ASSIGNMENT(#46,#52,(#3230));
#3233 = CC_DESIGN_APPROVAL(#54,(#3230));
#3234 = PRODUCT_RELATED_PRODUCT_CATEGORY('detail',$,(#3065));
#3235 = PRODUCT_CATEGORY_RELATIONSHIP('','',#3236,#3234);
#3236 = PRODUCT_CATEGORY('part',$);
#3237 = CC_DESIGN_PERSON_AND_ORGANIZATION_ASSIGNMENT(#32,#35,(#3064,
    #3063));
#3238 = CC_DESIGN_PERSON_AND_ORGANIZATION_ASSIGNMENT(#32,#37,(#3065));
#3239 = CC_DESIGN_PERSON_AND_ORGANIZATION_ASSIGNMENT(#32,#39,(#3064));
#3240 = CC_DESIGN_PERSON_AND_ORGANIZATION_ASSIGNMENT(#32,#41,(#3241));
#3241 = SECURITY_CLASSIFICATION('','',#43);
#3242 = CC_DESIGN_SECURITY_CLASSIFICATION(#3241,(#3064));
#3243 = CC_DESIGN_DATE_AND_TIME_ASSIGNMENT(#46,#50,(#3063));
#3244 = CC_DESIGN_DATE_AND_TIME_ASSIGNMENT(#46,#52,(#3241));
#3245 = CC_DESIGN_APPROVAL(#54,(#3064,#3063,#3241));
#3246 = SHAPE_DEFINITION_REPRESENTATION(#3247,#3253);
#3247 = PRODUCT_DEFINITION_SHAPE('','',#3248);
#3248 = PRODUCT_DEFINITION('design','',#3249,#3252);
#3249 = PRODUCT_DEFINITION_FORMATION_WITH_SPECIFIED_SOURCE('','',#3250,
  .NOT_KNOWN.);
#3250 = PRODUCT('chapas_olhal','chapas_olhal','',(#3251));
#3251 = MECHANICAL_CONTEXT('',#2,'mechanical');
#3252 = DESIGN_CONTEXT('',#2,'design');
#3253 = SHAPE_REPRESENTATION('',(#11),#3254);
#3254 = ( GEOMETRIC_REPRESENTATION_CONTEXT(3) 
GLOBAL_UNCERTAINTY_ASSIGNED_CONTEXT((#3258)) 
GLOBAL_UNIT_ASSIGNED_CONTEXT((#3255,#3256,#3257)) REPRESENTATION_CONTEXT
('Context #1','3D Context with UNIT and UNCERTAINTY') );
#3255 = ( LENGTH_UNIT() NAMED_UNIT(*) SI_UNIT(.MILLI.,.METRE.) );
#3256 = ( NAMED_UNIT(*) PLANE_ANGLE_UNIT() SI_UNIT($,.RADIAN.) );
#3257 = ( NAMED_UNIT(*) SI_UNIT($,.STERADIAN.) SOLID_ANGLE_UNIT() );
#3258 = UNCERTAINTY_MEASURE_WITH_UNIT(LENGTH_MEASURE(5.E-04),#3255,
  'distance_accuracy_value','confusion accuracy');
#3259 = CONTEXT_DEPENDENT_SHAPE_REPRESENTATION(#3260,#3262);
#3260 = ( REPRESENTATION_RELATIONSHIP('','',#3253,#3013) 
REPRESENTATION_RELATIONSHIP_WITH_TRANSFORMATION(#3261) 
SHAPE_REPRESENTATION_RELATIONSHIP() );
#3261 = ITEM_DEFINED_TRANSFORMATION('','',#11,#3018);
#3262 = PRODUCT_DEFINITION_SHAPE('Placement','Placement of an item',
  #3263);
#3263 = NEXT_ASSEMBLY_USAGE_OCCURRENCE('8','chapas_olhal','',#3008,#3248
  ,$);
#3264 = CC_DESIGN_SECURITY_CLASSIFICATION(#3265,(#3263));
#3265 = SECURITY_CLASSIFICATION('','',#43);
#3266 = CC_DESIGN_PERSON_AND_ORGANIZATION_ASSIGNMENT(#32,#41,(#3265));
#3267 = CC_DESIGN_DATE_AND_TIME_ASSIGNMENT(#46,#52,(#3265));
#3268 = CC_DESIGN_APPROVAL(#54,(#3265));
#3269 = PRODUCT_RELATED_PRODUCT_CATEGORY('detail',$,(#3250));
#3270 = PRODUCT_CATEGORY_RELATIONSHIP('','',#3271,#3269);
#3271 = PRODUCT_CATEGORY('part',$);
#3272 = CC_DESIGN_PERSON_AND_ORGANIZATION_ASSIGNMENT(#32,#35,(#3249,
    #3248));
#3273 = CC_DESIGN_PERSON_AND_ORGANIZATION_ASSIGNMENT(#32,#37,(#3250));
#3274 = CC_DESIGN_PERSON_AND_ORGANIZATION_ASSIGNMENT(#32,#39,(#3249));
#3275 = CC_DESIGN_PERSON_AND_ORGANIZATION_ASSIGNMENT(#32,#41,(#3276));
#3276 = SECURITY_CLASSIFICATION('','',#43);
#3277 = CC_DESIGN_SECURITY_CLASSIFICATION(#3276,(#3249));
#3278 = CC_DESIGN_DATE_AND_TIME_ASSIGNMENT(#46,#50,(#3248));
#3279 = CC_DESIGN_DATE_AND_TIME_ASSIGNMENT(#46,#52,(#3276));
#3280 = CC_DESIGN_APPROVAL(#54,(#3249,#3248,#3276));
#3281 = SHAPE_REPRESENTATION_RELATIONSHIP('','',#3282,#3253);
#3282 = ADVANCED_BREP_SHAPE_REPRESENTATION('',(#11,#3283),#3494);
#3283 = MANIFOLD_SOLID_BREP('',#3284);
#3284 = CLOSED_SHELL('',(#3285,#3325,#3356,#3401,#3425,#3463,#3480));
#3285 = ADVANCED_FACE('',(#3286),#3320,.F.);
#3286 = FACE_BOUND('',#3287,.F.);
#3287 = EDGE_LOOP('',(#3288,#3298,#3306,#3314));
#3288 = ORIENTED_EDGE('',*,*,#3289,.T.);
#3289 = EDGE_CURVE('',#3290,#3292,#3294,.T.);
#3290 = VERTEX_POINT('',#3291);
#3291 = CARTESIAN_POINT('',(-140.,-222.5,1.715875E+03));
#3292 = VERTEX_POINT('',#3293);
#3293 = CARTESIAN_POINT('',(-124.12,-222.5,1.715875E+03));
#3294 = LINE('',#3295,#3296);
#3295 = CARTESIAN_POINT('',(-140.,-222.5,1.715875E+03));
#3296 = VECTOR('',#3297,1.);
#3297 = DIRECTION('',(1.,0.,0.));
#3298 = ORIENTED_EDGE('',*,*,#3299,.T.);
#3299 = EDGE_CURVE('',#3292,#3300,#3302,.T.);
#3300 = VERTEX_POINT('',#3301);
#3301 = CARTESIAN_POINT('',(-124.12,222.5,1.715875E+03));
#3302 = LINE('',#3303,#3304);
#3303 = CARTESIAN_POINT('',(-124.12,-222.5,1.715875E+03));
#3304 = VECTOR('',#3305,1.);
#3305 = DIRECTION('',(0.,1.,0.));
#3306 = ORIENTED_EDGE('',*,*,#3307,.T.);
#3307 = EDGE_CURVE('',#3300,#3308,#3310,.T.);
#3308 = VERTEX_POINT('',#3309);
#3309 = CARTESIAN_POINT('',(-140.,222.5,1.715875E+03));
#3310 = LINE('',#3311,#3312);
#3311 = CARTESIAN_POINT('',(-124.12,222.5,1.715875E+03));
#3312 = VECTOR('',#3313,1.);
#3313 = DIRECTION('',(-1.,0.,0.));
#3314 = ORIENTED_EDGE('',*,*,#3315,.T.);
#3315 = EDGE_CURVE('',#3308,#3290,#3316,.T.);
#3316 = LINE('',#3317,#3318);
#3317 = CARTESIAN_POINT('',(-140.,222.5,1.715875E+03));
#3318 = VECTOR('',#3319,1.);
#3319 = DIRECTION('',(0.,-1.,0.));
#3320 = PLANE('',#3321);
#3321 = AXIS2_PLACEMENT_3D('',#3322,#3323,#3324);
#3322 = CARTESIAN_POINT('',(0.,0.,1.715875E+03));
#3323 = DIRECTION('',(0.,0.,1.));
#3324 = DIRECTION('',(1.,0.,0.));
#3325 = ADVANCED_FACE('',(#3326),#3351,.T.);
#3326 = FACE_BOUND('',#3327,.T.);
#3327 = EDGE_LOOP('',(#3328,#3336,#3337,#3345));
#3328 = ORIENTED_EDGE('',*,*,#3329,.F.);
#3329 = EDGE_CURVE('',#3290,#3330,#3332,.T.);
#3330 = VERTEX_POINT('',#3331);
#3331 = CARTESIAN_POINT('',(-140.,-87.45064891979,1.95937638146E+03));
#3332 = LINE('',#3333,#3334);
#3333 = CARTESIAN_POINT('',(-140.,-222.5,1.715875E+03));
#3334 = VECTOR('',#3335,1.);
#3335 = DIRECTION('',(0.,0.485013814598,0.874506489198));
#3336 = ORIENTED_EDGE('',*,*,#3289,.T.);
#3337 = ORIENTED_EDGE('',*,*,#3338,.T.);
#3338 = EDGE_CURVE('',#3292,#3339,#3341,.T.);
#3339 = VERTEX_POINT('',#3340);
#3340 = CARTESIAN_POINT('',(-124.12,-87.45064891979,1.95937638146E+03));
#3341 = LINE('',#3342,#3343);
#3342 = CARTESIAN_POINT('',(-124.12,-222.5,1.715875E+03));
#3343 = VECTOR('',#3344,1.);
#3344 = DIRECTION('',(0.,0.485013814598,0.874506489198));
#3345 = ORIENTED_EDGE('',*,*,#3346,.F.);
#3346 = EDGE_CURVE('',#3330,#3339,#3347,.T.);
#3347 = LINE('',#3348,#3349);
#3348 = CARTESIAN_POINT('',(-140.,-87.45064891979,1.95937638146E+03));
#3349 = VECTOR('',#3350,1.);
#3350 = DIRECTION('',(1.,0.,0.));
#3351 = PLANE('',#3352);
#3352 = AXIS2_PLACEMENT_3D('',#3353,#3354,#3355);
#3353 = CARTESIAN_POINT('',(-140.,-222.5,1.715875E+03));
#3354 = DIRECTION('',(0.,-0.874506489198,0.485013814598));
#3355 = DIRECTION('',(0.,0.485013814598,0.874506489198));
#3356 = ADVANCED_FACE('',(#3357,#3385),#3396,.F.);
#3357 = FACE_BOUND('',#3358,.F.);
#3358 = EDGE_LOOP('',(#3359,#3360,#3361,#3370,#3379));
#3359 = ORIENTED_EDGE('',*,*,#3299,.F.);
#3360 = ORIENTED_EDGE('',*,*,#3338,.T.);
#3361 = ORIENTED_EDGE('',*,*,#3362,.T.);
#3362 = EDGE_CURVE('',#3339,#3363,#3365,.T.);
#3363 = VERTEX_POINT('',#3364);
#3364 = CARTESIAN_POINT('',(-124.12,0.,2.010875E+03));
#3365 = CIRCLE('',#3366,100.);
#3366 = AXIS2_PLACEMENT_3D('',#3367,#3368,#3369);
#3367 = CARTESIAN_POINT('',(-124.12,0.,1.910875E+03));
#3368 = DIRECTION('',(-1.,0.,0.));
#3369 = DIRECTION('',(0.,-1.,0.));
#3370 = ORIENTED_EDGE('',*,*,#3371,.T.);
#3371 = EDGE_CURVE('',#3363,#3372,#3374,.T.);
#3372 = VERTEX_POINT('',#3373);
#3373 = CARTESIAN_POINT('',(-124.12,87.450648919799,1.95937638146E+03));
#3374 = CIRCLE('',#3375,100.);
#3375 = AXIS2_PLACEMENT_3D('',#3376,#3377,#3378);
#3376 = CARTESIAN_POINT('',(-124.12,0.,1.910875E+03));
#3377 = DIRECTION('',(-1.,0.,0.));
#3378 = DIRECTION('',(0.,-1.,0.));
#3379 = ORIENTED_EDGE('',*,*,#3380,.F.);
#3380 = EDGE_CURVE('',#3300,#3372,#3381,.T.);
#3381 = LINE('',#3382,#3383);
#3382 = CARTESIAN_POINT('',(-124.12,170.15945592198,1.810247869528E+03)
  );
#3383 = VECTOR('',#3384,1.);
#3384 = DIRECTION('',(0.,-0.485013814598,0.874506489198));
#3385 = FACE_BOUND('',#3386,.F.);
#3386 = EDGE_LOOP('',(#3387));
#3387 = ORIENTED_EDGE('',*,*,#3388,.F.);
#3388 = EDGE_CURVE('',#3389,#3389,#3391,.T.);
#3389 = VERTEX_POINT('',#3390);
#3390 = CARTESIAN_POINT('',(-124.12,-50.,1.910875E+03));
#3391 = CIRCLE('',#3392,50.);
#3392 = AXIS2_PLACEMENT_3D('',#3393,#3394,#3395);
#3393 = CARTESIAN_POINT('',(-124.12,0.,1.910875E+03));
#3394 = DIRECTION('',(-1.,0.,0.));
#3395 = DIRECTION('',(0.,-1.,0.));
#3396 = PLANE('',#3397);
#3397 = AXIS2_PLACEMENT_3D('',#3398,#3399,#3400);
#3398 = CARTESIAN_POINT('',(-124.12,-222.5,1.715875E+03));
#3399 = DIRECTION('',(-1.,0.,0.));
#3400 = DIRECTION('',(0.,1.,0.));
#3401 = ADVANCED_FACE('',(#3402),#3420,.F.);
#3402 = FACE_BOUND('',#3403,.F.);
#3403 = EDGE_LOOP('',(#3404,#3405,#3406,#3414));
#3404 = ORIENTED_EDGE('',*,*,#3307,.F.);
#3405 = ORIENTED_EDGE('',*,*,#3380,.T.);
#3406 = ORIENTED_EDGE('',*,*,#3407,.F.);
#3407 = EDGE_CURVE('',#3408,#3372,#3410,.T.);
#3408 = VERTEX_POINT('',#3409);
#3409 = CARTESIAN_POINT('',(-140.,87.450648919799,1.95937638146E+03));
#3410 = LINE('',#3411,#3412);
#3411 = CARTESIAN_POINT('',(-140.,87.450648919799,1.95937638146E+03));
#3412 = VECTOR('',#3413,1.);
#3413 = DIRECTION('',(1.,0.,0.));
#3414 = ORIENTED_EDGE('',*,*,#3415,.F.);
#3415 = EDGE_CURVE('',#3308,#3408,#3416,.T.);
#3416 = LINE('',#3417,#3418);
#3417 = CARTESIAN_POINT('',(-140.,222.5,1.715875E+03));
#3418 = VECTOR('',#3419,1.);
#3419 = DIRECTION('',(0.,-0.485013814598,0.874506489198));
#3420 = PLANE('',#3421);
#3421 = AXIS2_PLACEMENT_3D('',#3422,#3423,#3424);
#3422 = CARTESIAN_POINT('',(-140.,222.5,1.715875E+03));
#3423 = DIRECTION('',(0.,-0.874506489198,-0.485013814598));
#3424 = DIRECTION('',(0.,-0.485013814598,0.874506489198));
#3425 = ADVANCED_FACE('',(#3426,#3447),#3458,.F.);
#3426 = FACE_BOUND('',#3427,.F.);
#3427 = EDGE_LOOP('',(#3428,#3429,#3430,#3439,#3446));
#3428 = ORIENTED_EDGE('',*,*,#3315,.F.);
#3429 = ORIENTED_EDGE('',*,*,#3415,.T.);
#3430 = ORIENTED_EDGE('',*,*,#3431,.F.);
#3431 = EDGE_CURVE('',#3432,#3408,#3434,.T.);
#3432 = VERTEX_POINT('',#3433);
#3433 = CARTESIAN_POINT('',(-140.,-2.171264191E-06,2.010875E+03));
#3434 = CIRCLE('',#3435,100.);
#3435 = AXIS2_PLACEMENT_3D('',#3436,#3437,#3438);
#3436 = CARTESIAN_POINT('',(-140.,0.,1.910875E+03));
#3437 = DIRECTION('',(-1.,0.,0.));
#3438 = DIRECTION('',(0.,-1.,0.));
#3439 = ORIENTED_EDGE('',*,*,#3440,.F.);
#3440 = EDGE_CURVE('',#3330,#3432,#3441,.T.);
#3441 = CIRCLE('',#3442,100.);
#3442 = AXIS2_PLACEMENT_3D('',#3443,#3444,#3445);
#3443 = CARTESIAN_POINT('',(-140.,0.,1.910875E+03));
#3444 = DIRECTION('',(-1.,0.,0.));
#3445 = DIRECTION('',(0.,-1.,0.));
#3446 = ORIENTED_EDGE('',*,*,#3329,.F.);
#3447 = FACE_BOUND('',#3448,.F.);
#3448 = EDGE_LOOP('',(#3449));
#3449 = ORIENTED_EDGE('',*,*,#3450,.T.);
#3450 = EDGE_CURVE('',#3451,#3451,#3453,.T.);
#3451 = VERTEX_POINT('',#3452);
#3452 = CARTESIAN_POINT('',(-140.,-50.,1.910875E+03));
#3453 = CIRCLE('',#3454,50.);
#3454 = AXIS2_PLACEMENT_3D('',#3455,#3456,#3457);
#3455 = CARTESIAN_POINT('',(-140.,0.,1.910875E+03));
#3456 = DIRECTION('',(-1.,0.,0.));
#3457 = DIRECTION('',(0.,-1.,0.));
#3458 = PLANE('',#3459);
#3459 = AXIS2_PLACEMENT_3D('',#3460,#3461,#3462);
#3460 = CARTESIAN_POINT('',(-140.,222.5,1.715875E+03));
#3461 = DIRECTION('',(1.,0.,0.));
#3462 = DIRECTION('',(0.,-1.,0.));
#3463 = ADVANCED_FACE('',(#3464),#3475,.F.);
#3464 = FACE_BOUND('',#3465,.F.);
#3465 = EDGE_LOOP('',(#3466,#3467,#3473,#3474));
#3466 = ORIENTED_EDGE('',*,*,#3450,.F.);
#3467 = ORIENTED_EDGE('',*,*,#3468,.T.);
#3468 = EDGE_CURVE('',#3451,#3389,#3469,.T.);
#3469 = LINE('',#3470,#3471);
#3470 = CARTESIAN_POINT('',(-140.,-50.,1.910875E+03));
#3471 = VECTOR('',#3472,1.);
#3472 = DIRECTION('',(1.,0.,0.));
#3473 = ORIENTED_EDGE('',*,*,#3388,.T.);
#3474 = ORIENTED_EDGE('',*,*,#3468,.F.);
#3475 = CYLINDRICAL_SURFACE('',#3476,50.);
#3476 = AXIS2_PLACEMENT_3D('',#3477,#3478,#3479);
#3477 = CARTESIAN_POINT('',(-140.,0.,1.910875E+03));
#3478 = DIRECTION('',(-1.,0.,0.));
#3479 = DIRECTION('',(0.,-1.,0.));
#3480 = ADVANCED_FACE('',(#3481),#3489,.T.);
#3481 = FACE_BOUND('',#3482,.T.);
#3482 = EDGE_LOOP('',(#3483,#3484,#3485,#3486,#3487,#3488));
#3483 = ORIENTED_EDGE('',*,*,#3371,.T.);
#3484 = ORIENTED_EDGE('',*,*,#3407,.F.);
#3485 = ORIENTED_EDGE('',*,*,#3431,.F.);
#3486 = ORIENTED_EDGE('',*,*,#3440,.F.);
#3487 = ORIENTED_EDGE('',*,*,#3346,.T.);
#3488 = ORIENTED_EDGE('',*,*,#3362,.T.);
#3489 = CYLINDRICAL_SURFACE('',#3490,100.);
#3490 = AXIS2_PLACEMENT_3D('',#3491,#3492,#3493);
#3491 = CARTESIAN_POINT('',(-140.,0.,1.910875E+03));
#3492 = DIRECTION('',(-1.,0.,0.));
#3493 = DIRECTION('',(0.,-1.,0.));
#3494 = ( GEOMETRIC_REPRESENTATION_CONTEXT(3) 
GLOBAL_UNCERTAINTY_ASSIGNED_CONTEXT((#3498)) 
GLOBAL_UNIT_ASSIGNED_CONTEXT((#3495,#3496,#3497)) REPRESENTATION_CONTEXT
('Context #1','3D Context with UNIT and UNCERTAINTY') );
#3495 = ( LENGTH_UNIT() NAMED_UNIT(*) SI_UNIT(.MILLI.,.METRE.) );
#3496 = ( NAMED_UNIT(*) PLANE_ANGLE_UNIT() SI_UNIT($,.RADIAN.) );
#3497 = ( NAMED_UNIT(*) SI_UNIT($,.STERADIAN.) SOLID_ANGLE_UNIT() );
#3498 = UNCERTAINTY_MEASURE_WITH_UNIT(LENGTH_MEASURE(5.E-04),#3495,
  'distance_accuracy_value','confusion accuracy');
#3499 = SHAPE_REPRESENTATION_RELATIONSHIP('','',#3500,#3253);
#3500 = ADVANCED_BREP_SHAPE_REPRESENTATION('',(#11,#3501),#3712);
#3501 = MANIFOLD_SOLID_BREP('',#3502);
#3502 = CLOSED_SHELL('',(#3503,#3543,#3574,#3619,#3643,#3681,#3698));
#3503 = ADVANCED_FACE('',(#3504),#3538,.F.);
#3504 = FACE_BOUND('',#3505,.F.);
#3505 = EDGE_LOOP('',(#3506,#3516,#3524,#3532));
#3506 = ORIENTED_EDGE('',*,*,#3507,.T.);
#3507 = EDGE_CURVE('',#3508,#3510,#3512,.T.);
#3508 = VERTEX_POINT('',#3509);
#3509 = CARTESIAN_POINT('',(-7.94,-222.5,1.715875E+03));
#3510 = VERTEX_POINT('',#3511);
#3511 = CARTESIAN_POINT('',(7.94,-222.5,1.715875E+03));
#3512 = LINE('',#3513,#3514);
#3513 = CARTESIAN_POINT('',(-7.94,-222.5,1.715875E+03));
#3514 = VECTOR('',#3515,1.);
#3515 = DIRECTION('',(1.,0.,0.));
#3516 = ORIENTED_EDGE('',*,*,#3517,.T.);
#3517 = EDGE_CURVE('',#3510,#3518,#3520,.T.);
#3518 = VERTEX_POINT('',#3519);
#3519 = CARTESIAN_POINT('',(7.94,222.5,1.715875E+03));
#3520 = LINE('',#3521,#3522);
#3521 = CARTESIAN_POINT('',(7.94,-222.5,1.715875E+03));
#3522 = VECTOR('',#3523,1.);
#3523 = DIRECTION('',(0.,1.,0.));
#3524 = ORIENTED_EDGE('',*,*,#3525,.T.);
#3525 = EDGE_CURVE('',#3518,#3526,#3528,.T.);
#3526 = VERTEX_POINT('',#3527);
#3527 = CARTESIAN_POINT('',(-7.94,222.5,1.715875E+03));
#3528 = LINE('',#3529,#3530);
#3529 = CARTESIAN_POINT('',(7.94,222.5,1.715875E+03));
#3530 = VECTOR('',#3531,1.);
#3531 = DIRECTION('',(-1.,0.,0.));
#3532 = ORIENTED_EDGE('',*,*,#3533,.T.);
#3533 = EDGE_CURVE('',#3526,#3508,#3534,.T.);
#3534 = LINE('',#3535,#3536);
#3535 = CARTESIAN_POINT('',(-7.94,222.5,1.715875E+03));
#3536 = VECTOR('',#3537,1.);
#3537 = DIRECTION('',(0.,-1.,0.));
#3538 = PLANE('',#3539);
#3539 = AXIS2_PLACEMENT_3D('',#3540,#3541,#3542);
#3540 = CARTESIAN_POINT('',(0.,0.,1.715875E+03));
#3541 = DIRECTION('',(0.,0.,1.));
#3542 = DIRECTION('',(1.,0.,0.));
#3543 = ADVANCED_FACE('',(#3544),#3569,.T.);
#3544 = FACE_BOUND('',#3545,.T.);
#3545 = EDGE_LOOP('',(#3546,#3554,#3555,#3563));
#3546 = ORIENTED_EDGE('',*,*,#3547,.T.);
#3547 = EDGE_CURVE('',#3548,#3508,#3550,.T.);
#3548 = VERTEX_POINT('',#3549);
#3549 = CARTESIAN_POINT('',(-7.94,-87.45064891979,1.95937638146E+03));
#3550 = LINE('',#3551,#3552);
#3551 = CARTESIAN_POINT('',(-7.94,-170.1594559219,1.810247869528E+03));
#3552 = VECTOR('',#3553,1.);
#3553 = DIRECTION('',(0.,-0.485013814598,-0.874506489198));
#3554 = ORIENTED_EDGE('',*,*,#3507,.T.);
#3555 = ORIENTED_EDGE('',*,*,#3556,.T.);
#3556 = EDGE_CURVE('',#3510,#3557,#3559,.T.);
#3557 = VERTEX_POINT('',#3558);
#3558 = CARTESIAN_POINT('',(7.94,-87.45064891979,1.95937638146E+03));
#3559 = LINE('',#3560,#3561);
#3560 = CARTESIAN_POINT('',(7.94,-222.5,1.715875E+03));
#3561 = VECTOR('',#3562,1.);
#3562 = DIRECTION('',(0.,0.485013814598,0.874506489198));
#3563 = ORIENTED_EDGE('',*,*,#3564,.F.);
#3564 = EDGE_CURVE('',#3548,#3557,#3565,.T.);
#3565 = LINE('',#3566,#3567);
#3566 = CARTESIAN_POINT('',(-140.,-87.45064891979,1.95937638146E+03));
#3567 = VECTOR('',#3568,1.);
#3568 = DIRECTION('',(1.,0.,0.));
#3569 = PLANE('',#3570);
#3570 = AXIS2_PLACEMENT_3D('',#3571,#3572,#3573);
#3571 = CARTESIAN_POINT('',(-140.,-222.5,1.715875E+03));
#3572 = DIRECTION('',(0.,-0.874506489198,0.485013814598));
#3573 = DIRECTION('',(0.,0.485013814598,0.874506489198));
#3574 = ADVANCED_FACE('',(#3575,#3603),#3614,.F.);
#3575 = FACE_BOUND('',#3576,.F.);
#3576 = EDGE_LOOP('',(#3577,#3578,#3579,#3588,#3597));
#3577 = ORIENTED_EDGE('',*,*,#3517,.F.);
#3578 = ORIENTED_EDGE('',*,*,#3556,.T.);
#3579 = ORIENTED_EDGE('',*,*,#3580,.T.);
#3580 = EDGE_CURVE('',#3557,#3581,#3583,.T.);
#3581 = VERTEX_POINT('',#3582);
#3582 = CARTESIAN_POINT('',(7.94,0.,2.010875E+03));
#3583 = CIRCLE('',#3584,100.);
#3584 = AXIS2_PLACEMENT_3D('',#3585,#3586,#3587);
#3585 = CARTESIAN_POINT('',(7.94,0.,1.910875E+03));
#3586 = DIRECTION('',(-1.,0.,0.));
#3587 = DIRECTION('',(0.,-1.,0.));
#3588 = ORIENTED_EDGE('',*,*,#3589,.T.);
#3589 = EDGE_CURVE('',#3581,#3590,#3592,.T.);
#3590 = VERTEX_POINT('',#3591);
#3591 = CARTESIAN_POINT('',(7.94,87.450648919799,1.95937638146E+03));
#3592 = CIRCLE('',#3593,100.);
#3593 = AXIS2_PLACEMENT_3D('',#3594,#3595,#3596);
#3594 = CARTESIAN_POINT('',(7.94,0.,1.910875E+03));
#3595 = DIRECTION('',(-1.,0.,0.));
#3596 = DIRECTION('',(0.,-1.,0.));
#3597 = ORIENTED_EDGE('',*,*,#3598,.F.);
#3598 = EDGE_CURVE('',#3518,#3590,#3599,.T.);
#3599 = LINE('',#3600,#3601);
#3600 = CARTESIAN_POINT('',(7.94,170.15945592198,1.810247869528E+03));
#3601 = VECTOR('',#3602,1.);
#3602 = DIRECTION('',(0.,-0.485013814598,0.874506489198));
#3603 = FACE_BOUND('',#3604,.F.);
#3604 = EDGE_LOOP('',(#3605));
#3605 = ORIENTED_EDGE('',*,*,#3606,.F.);
#3606 = EDGE_CURVE('',#3607,#3607,#3609,.T.);
#3607 = VERTEX_POINT('',#3608);
#3608 = CARTESIAN_POINT('',(7.94,-50.,1.910875E+03));
#3609 = CIRCLE('',#3610,50.);
#3610 = AXIS2_PLACEMENT_3D('',#3611,#3612,#3613);
#3611 = CARTESIAN_POINT('',(7.94,0.,1.910875E+03));
#3612 = DIRECTION('',(-1.,0.,0.));
#3613 = DIRECTION('',(0.,-1.,0.));
#3614 = PLANE('',#3615);
#3615 = AXIS2_PLACEMENT_3D('',#3616,#3617,#3618);
#3616 = CARTESIAN_POINT('',(7.94,-222.5,1.715875E+03));
#3617 = DIRECTION('',(-1.,0.,0.));
#3618 = DIRECTION('',(0.,1.,0.));
#3619 = ADVANCED_FACE('',(#3620),#3638,.F.);
#3620 = FACE_BOUND('',#3621,.F.);
#3621 = EDGE_LOOP('',(#3622,#3630,#3631,#3632));
#3622 = ORIENTED_EDGE('',*,*,#3623,.T.);
#3623 = EDGE_CURVE('',#3624,#3526,#3626,.T.);
#3624 = VERTEX_POINT('',#3625);
#3625 = CARTESIAN_POINT('',(-7.94,87.450648919799,1.95937638146E+03));
#3626 = LINE('',#3627,#3628);
#3627 = CARTESIAN_POINT('',(-7.94,222.5,1.715875E+03));
#3628 = VECTOR('',#3629,1.);
#3629 = DIRECTION('',(0.,0.485013814598,-0.874506489198));
#3630 = ORIENTED_EDGE('',*,*,#3525,.F.);
#3631 = ORIENTED_EDGE('',*,*,#3598,.T.);
#3632 = ORIENTED_EDGE('',*,*,#3633,.F.);
#3633 = EDGE_CURVE('',#3624,#3590,#3634,.T.);
#3634 = LINE('',#3635,#3636);
#3635 = CARTESIAN_POINT('',(-140.,87.450648919799,1.95937638146E+03));
#3636 = VECTOR('',#3637,1.);
#3637 = DIRECTION('',(1.,0.,0.));
#3638 = PLANE('',#3639);
#3639 = AXIS2_PLACEMENT_3D('',#3640,#3641,#3642);
#3640 = CARTESIAN_POINT('',(-140.,222.5,1.715875E+03));
#3641 = DIRECTION('',(0.,-0.874506489198,-0.485013814598));
#3642 = DIRECTION('',(0.,-0.485013814598,0.874506489198));
#3643 = ADVANCED_FACE('',(#3644,#3665),#3676,.F.);
#3644 = FACE_BOUND('',#3645,.F.);
#3645 = EDGE_LOOP('',(#3646,#3647,#3648,#3657,#3664));
#3646 = ORIENTED_EDGE('',*,*,#3533,.F.);
#3647 = ORIENTED_EDGE('',*,*,#3623,.F.);
#3648 = ORIENTED_EDGE('',*,*,#3649,.F.);
#3649 = EDGE_CURVE('',#3650,#3624,#3652,.T.);
#3650 = VERTEX_POINT('',#3651);
#3651 = CARTESIAN_POINT('',(-7.94,0.,2.010875E+03));
#3652 = CIRCLE('',#3653,100.);
#3653 = AXIS2_PLACEMENT_3D('',#3654,#3655,#3656);
#3654 = CARTESIAN_POINT('',(-7.94,0.,1.910875E+03));
#3655 = DIRECTION('',(-1.,0.,0.));
#3656 = DIRECTION('',(0.,-1.,0.));
#3657 = ORIENTED_EDGE('',*,*,#3658,.F.);
#3658 = EDGE_CURVE('',#3548,#3650,#3659,.T.);
#3659 = CIRCLE('',#3660,100.);
#3660 = AXIS2_PLACEMENT_3D('',#3661,#3662,#3663);
#3661 = CARTESIAN_POINT('',(-7.94,0.,1.910875E+03));
#3662 = DIRECTION('',(-1.,0.,0.));
#3663 = DIRECTION('',(0.,-1.,0.));
#3664 = ORIENTED_EDGE('',*,*,#3547,.T.);
#3665 = FACE_BOUND('',#3666,.F.);
#3666 = EDGE_LOOP('',(#3667));
#3667 = ORIENTED_EDGE('',*,*,#3668,.T.);
#3668 = EDGE_CURVE('',#3669,#3669,#3671,.T.);
#3669 = VERTEX_POINT('',#3670);
#3670 = CARTESIAN_POINT('',(-7.94,-50.,1.910875E+03));
#3671 = CIRCLE('',#3672,50.);
#3672 = AXIS2_PLACEMENT_3D('',#3673,#3674,#3675);
#3673 = CARTESIAN_POINT('',(-7.94,0.,1.910875E+03));
#3674 = DIRECTION('',(-1.,0.,0.));
#3675 = DIRECTION('',(0.,-1.,0.));
#3676 = PLANE('',#3677);
#3677 = AXIS2_PLACEMENT_3D('',#3678,#3679,#3680);
#3678 = CARTESIAN_POINT('',(-7.94,222.5,1.715875E+03));
#3679 = DIRECTION('',(1.,0.,0.));
#3680 = DIRECTION('',(0.,-1.,0.));
#3681 = ADVANCED_FACE('',(#3682),#3693,.F.);
#3682 = FACE_BOUND('',#3683,.F.);
#3683 = EDGE_LOOP('',(#3684,#3685,#3691,#3692));
#3684 = ORIENTED_EDGE('',*,*,#3668,.F.);
#3685 = ORIENTED_EDGE('',*,*,#3686,.T.);
#3686 = EDGE_CURVE('',#3669,#3607,#3687,.T.);
#3687 = LINE('',#3688,#3689);
#3688 = CARTESIAN_POINT('',(-140.,-50.,1.910875E+03));
#3689 = VECTOR('',#3690,1.);
#3690 = DIRECTION('',(1.,0.,0.));
#3691 = ORIENTED_EDGE('',*,*,#3606,.T.);
#3692 = ORIENTED_EDGE('',*,*,#3686,.F.);
#3693 = CYLINDRICAL_SURFACE('',#3694,50.);
#3694 = AXIS2_PLACEMENT_3D('',#3695,#3696,#3697);
#3695 = CARTESIAN_POINT('',(-140.,0.,1.910875E+03));
#3696 = DIRECTION('',(-1.,0.,0.));
#3697 = DIRECTION('',(0.,-1.,0.));
#3698 = ADVANCED_FACE('',(#3699),#3707,.T.);
#3699 = FACE_BOUND('',#3700,.T.);
#3700 = EDGE_LOOP('',(#3701,#3702,#3703,#3704,#3705,#3706));
#3701 = ORIENTED_EDGE('',*,*,#3589,.T.);
#3702 = ORIENTED_EDGE('',*,*,#3633,.F.);
#3703 = ORIENTED_EDGE('',*,*,#3649,.F.);
#3704 = ORIENTED_EDGE('',*,*,#3658,.F.);
#3705 = ORIENTED_EDGE('',*,*,#3564,.T.);
#3706 = ORIENTED_EDGE('',*,*,#3580,.T.);
#3707 = CYLINDRICAL_SURFACE('',#3708,100.);
#3708 = AXIS2_PLACEMENT_3D('',#3709,#3710,#3711);
#3709 = CARTESIAN_POINT('',(-140.,0.,1.910875E+03));
#3710 = DIRECTION('',(-1.,0.,0.));
#3711 = DIRECTION('',(0.,-1.,0.));
#3712 = ( GEOMETRIC_REPRESENTATION_CONTEXT(3) 
GLOBAL_UNCERTAINTY_ASSIGNED_CONTEXT((#3716)) 
GLOBAL_UNIT_ASSIGNED_CONTEXT((#3713,#3714,#3715)) REPRESENTATION_CONTEXT
('Context #1','3D Context with UNIT and UNCERTAINTY') );
#3713 = ( LENGTH_UNIT() NAMED_UNIT(*) SI_UNIT(.MILLI.,.METRE.) );
#3714 = ( NAMED_UNIT(*) PLANE_ANGLE_UNIT() SI_UNIT($,.RADIAN.) );
#3715 = ( NAMED_UNIT(*) SI_UNIT($,.STERADIAN.) SOLID_ANGLE_UNIT() );
#3716 = UNCERTAINTY_MEASURE_WITH_UNIT(LENGTH_MEASURE(5.E-04),#3713,
  'distance_accuracy_value','confusion accuracy');
#3717 = SHAPE_REPRESENTATION_RELATIONSHIP('','',#3718,#3253);
#3718 = ADVANCED_BREP_SHAPE_REPRESENTATION('',(#11,#3719),#3930);
#3719 = MANIFOLD_SOLID_BREP('',#3720);
#3720 = CLOSED_SHELL('',(#3721,#3761,#3792,#3837,#3861,#3899,#3916));
#3721 = ADVANCED_FACE('',(#3722),#3756,.F.);
#3722 = FACE_BOUND('',#3723,.F.);
#3723 = EDGE_LOOP('',(#3724,#3734,#3742,#3750));
#3724 = ORIENTED_EDGE('',*,*,#3725,.T.);
#3725 = EDGE_CURVE('',#3726,#3728,#3730,.T.);
#3726 = VERTEX_POINT('',#3727);
#3727 = CARTESIAN_POINT('',(124.12,-222.5,1.715875E+03));
#3728 = VERTEX_POINT('',#3729);
#3729 = CARTESIAN_POINT('',(140.,-222.5,1.715875E+03));
#3730 = LINE('',#3731,#3732);
#3731 = CARTESIAN_POINT('',(124.12,-222.5,1.715875E+03));
#3732 = VECTOR('',#3733,1.);
#3733 = DIRECTION('',(1.,0.,0.));
#3734 = ORIENTED_EDGE('',*,*,#3735,.T.);
#3735 = EDGE_CURVE('',#3728,#3736,#3738,.T.);
#3736 = VERTEX_POINT('',#3737);
#3737 = CARTESIAN_POINT('',(140.,222.5,1.715875E+03));
#3738 = LINE('',#3739,#3740);
#3739 = CARTESIAN_POINT('',(140.,-222.5,1.715875E+03));
#3740 = VECTOR('',#3741,1.);
#3741 = DIRECTION('',(0.,1.,0.));
#3742 = ORIENTED_EDGE('',*,*,#3743,.T.);
#3743 = EDGE_CURVE('',#3736,#3744,#3746,.T.);
#3744 = VERTEX_POINT('',#3745);
#3745 = CARTESIAN_POINT('',(124.12,222.5,1.715875E+03));
#3746 = LINE('',#3747,#3748);
#3747 = CARTESIAN_POINT('',(140.,222.5,1.715875E+03));
#3748 = VECTOR('',#3749,1.);
#3749 = DIRECTION('',(-1.,0.,0.));
#3750 = ORIENTED_EDGE('',*,*,#3751,.T.);
#3751 = EDGE_CURVE('',#3744,#3726,#3752,.T.);
#3752 = LINE('',#3753,#3754);
#3753 = CARTESIAN_POINT('',(124.12,222.5,1.715875E+03));
#3754 = VECTOR('',#3755,1.);
#3755 = DIRECTION('',(0.,-1.,0.));
#3756 = PLANE('',#3757);
#3757 = AXIS2_PLACEMENT_3D('',#3758,#3759,#3760);
#3758 = CARTESIAN_POINT('',(0.,0.,1.715875E+03));
#3759 = DIRECTION('',(0.,0.,1.));
#3760 = DIRECTION('',(1.,0.,0.));
#3761 = ADVANCED_FACE('',(#3762),#3787,.T.);
#3762 = FACE_BOUND('',#3763,.T.);
#3763 = EDGE_LOOP('',(#3764,#3772,#3773,#3781));
#3764 = ORIENTED_EDGE('',*,*,#3765,.T.);
#3765 = EDGE_CURVE('',#3766,#3726,#3768,.T.);
#3766 = VERTEX_POINT('',#3767);
#3767 = CARTESIAN_POINT('',(124.12,-87.45064891979,1.95937638146E+03));
#3768 = LINE('',#3769,#3770);
#3769 = CARTESIAN_POINT('',(124.12,-170.1594559219,1.810247869528E+03));
#3770 = VECTOR('',#3771,1.);
#3771 = DIRECTION('',(0.,-0.485013814598,-0.874506489198));
#3772 = ORIENTED_EDGE('',*,*,#3725,.T.);
#3773 = ORIENTED_EDGE('',*,*,#3774,.T.);
#3774 = EDGE_CURVE('',#3728,#3775,#3777,.T.);
#3775 = VERTEX_POINT('',#3776);
#3776 = CARTESIAN_POINT('',(140.,-87.45064891979,1.95937638146E+03));
#3777 = LINE('',#3778,#3779);
#3778 = CARTESIAN_POINT('',(140.,-222.5,1.715875E+03));
#3779 = VECTOR('',#3780,1.);
#3780 = DIRECTION('',(0.,0.485013814598,0.874506489198));
#3781 = ORIENTED_EDGE('',*,*,#3782,.F.);
#3782 = EDGE_CURVE('',#3766,#3775,#3783,.T.);
#3783 = LINE('',#3784,#3785);
#3784 = CARTESIAN_POINT('',(-140.,-87.45064891979,1.95937638146E+03));
#3785 = VECTOR('',#3786,1.);
#3786 = DIRECTION('',(1.,0.,0.));
#3787 = PLANE('',#3788);
#3788 = AXIS2_PLACEMENT_3D('',#3789,#3790,#3791);
#3789 = CARTESIAN_POINT('',(-140.,-222.5,1.715875E+03));
#3790 = DIRECTION('',(0.,-0.874506489198,0.485013814598));
#3791 = DIRECTION('',(0.,0.485013814598,0.874506489198));
#3792 = ADVANCED_FACE('',(#3793,#3821),#3832,.F.);
#3793 = FACE_BOUND('',#3794,.F.);
#3794 = EDGE_LOOP('',(#3795,#3796,#3797,#3806,#3815));
#3795 = ORIENTED_EDGE('',*,*,#3735,.F.);
#3796 = ORIENTED_EDGE('',*,*,#3774,.T.);
#3797 = ORIENTED_EDGE('',*,*,#3798,.T.);
#3798 = EDGE_CURVE('',#3775,#3799,#3801,.T.);
#3799 = VERTEX_POINT('',#3800);
#3800 = CARTESIAN_POINT('',(140.,0.,2.010875E+03));
#3801 = CIRCLE('',#3802,100.);
#3802 = AXIS2_PLACEMENT_3D('',#3803,#3804,#3805);
#3803 = CARTESIAN_POINT('',(140.,0.,1.910875E+03));
#3804 = DIRECTION('',(-1.,0.,0.));
#3805 = DIRECTION('',(0.,-1.,0.));
#3806 = ORIENTED_EDGE('',*,*,#3807,.T.);
#3807 = EDGE_CURVE('',#3799,#3808,#3810,.T.);
#3808 = VERTEX_POINT('',#3809);
#3809 = CARTESIAN_POINT('',(140.,87.450648919799,1.95937638146E+03));
#3810 = CIRCLE('',#3811,100.);
#3811 = AXIS2_PLACEMENT_3D('',#3812,#3813,#3814);
#3812 = CARTESIAN_POINT('',(140.,0.,1.910875E+03));
#3813 = DIRECTION('',(-1.,0.,0.));
#3814 = DIRECTION('',(0.,-1.,0.));
#3815 = ORIENTED_EDGE('',*,*,#3816,.F.);
#3816 = EDGE_CURVE('',#3736,#3808,#3817,.T.);
#3817 = LINE('',#3818,#3819);
#3818 = CARTESIAN_POINT('',(140.,170.15945592198,1.810247869528E+03));
#3819 = VECTOR('',#3820,1.);
#3820 = DIRECTION('',(0.,-0.485013814598,0.874506489198));
#3821 = FACE_BOUND('',#3822,.F.);
#3822 = EDGE_LOOP('',(#3823));
#3823 = ORIENTED_EDGE('',*,*,#3824,.F.);
#3824 = EDGE_CURVE('',#3825,#3825,#3827,.T.);
#3825 = VERTEX_POINT('',#3826);
#3826 = CARTESIAN_POINT('',(140.,-50.,1.910875E+03));
#3827 = CIRCLE('',#3828,50.);
#3828 = AXIS2_PLACEMENT_3D('',#3829,#3830,#3831);
#3829 = CARTESIAN_POINT('',(140.,0.,1.910875E+03));
#3830 = DIRECTION('',(-1.,0.,0.));
#3831 = DIRECTION('',(0.,-1.,0.));
#3832 = PLANE('',#3833);
#3833 = AXIS2_PLACEMENT_3D('',#3834,#3835,#3836);
#3834 = CARTESIAN_POINT('',(140.,-222.5,1.715875E+03));
#3835 = DIRECTION('',(-1.,0.,0.));
#3836 = DIRECTION('',(0.,1.,0.));
#3837 = ADVANCED_FACE('',(#3838),#3856,.F.);
#3838 = FACE_BOUND('',#3839,.F.);
#3839 = EDGE_LOOP('',(#3840,#3848,#3849,#3850));
#3840 = ORIENTED_EDGE('',*,*,#3841,.T.);
#3841 = EDGE_CURVE('',#3842,#3744,#3844,.T.);
#3842 = VERTEX_POINT('',#3843);
#3843 = CARTESIAN_POINT('',(124.12,87.450648919799,1.95937638146E+03));
#3844 = LINE('',#3845,#3846);
#3845 = CARTESIAN_POINT('',(124.12,222.5,1.715875E+03));
#3846 = VECTOR('',#3847,1.);
#3847 = DIRECTION('',(0.,0.485013814598,-0.874506489198));
#3848 = ORIENTED_EDGE('',*,*,#3743,.F.);
#3849 = ORIENTED_EDGE('',*,*,#3816,.T.);
#3850 = ORIENTED_EDGE('',*,*,#3851,.F.);
#3851 = EDGE_CURVE('',#3842,#3808,#3852,.T.);
#3852 = LINE('',#3853,#3854);
#3853 = CARTESIAN_POINT('',(-140.,87.450648919799,1.95937638146E+03));
#3854 = VECTOR('',#3855,1.);
#3855 = DIRECTION('',(1.,0.,0.));
#3856 = PLANE('',#3857);
#3857 = AXIS2_PLACEMENT_3D('',#3858,#3859,#3860);
#3858 = CARTESIAN_POINT('',(-140.,222.5,1.715875E+03));
#3859 = DIRECTION('',(0.,-0.874506489198,-0.485013814598));
#3860 = DIRECTION('',(0.,-0.485013814598,0.874506489198));
#3861 = ADVANCED_FACE('',(#3862,#3883),#3894,.F.);
#3862 = FACE_BOUND('',#3863,.F.);
#3863 = EDGE_LOOP('',(#3864,#3865,#3866,#3875,#3882));
#3864 = ORIENTED_EDGE('',*,*,#3751,.F.);
#3865 = ORIENTED_EDGE('',*,*,#3841,.F.);
#3866 = ORIENTED_EDGE('',*,*,#3867,.F.);
#3867 = EDGE_CURVE('',#3868,#3842,#3870,.T.);
#3868 = VERTEX_POINT('',#3869);
#3869 = CARTESIAN_POINT('',(124.12,0.,2.010875E+03));
#3870 = CIRCLE('',#3871,100.);
#3871 = AXIS2_PLACEMENT_3D('',#3872,#3873,#3874);
#3872 = CARTESIAN_POINT('',(124.12,0.,1.910875E+03));
#3873 = DIRECTION('',(-1.,0.,0.));
#3874 = DIRECTION('',(0.,-1.,0.));
#3875 = ORIENTED_EDGE('',*,*,#3876,.F.);
#3876 = EDGE_CURVE('',#3766,#3868,#3877,.T.);
#3877 = CIRCLE('',#3878,100.);
#3878 = AXIS2_PLACEMENT_3D('',#3879,#3880,#3881);
#3879 = CARTESIAN_POINT('',(124.12,0.,1.910875E+03));
#3880 = DIRECTION('',(-1.,0.,0.));
#3881 = DIRECTION('',(0.,-1.,0.));
#3882 = ORIENTED_EDGE('',*,*,#3765,.T.);
#3883 = FACE_BOUND('',#3884,.F.);
#3884 = EDGE_LOOP('',(#3885));
#3885 = ORIENTED_EDGE('',*,*,#3886,.T.);
#3886 = EDGE_CURVE('',#3887,#3887,#3889,.T.);
#3887 = VERTEX_POINT('',#3888);
#3888 = CARTESIAN_POINT('',(124.12,-50.,1.910875E+03));
#3889 = CIRCLE('',#3890,50.);
#3890 = AXIS2_PLACEMENT_3D('',#3891,#3892,#3893);
#3891 = CARTESIAN_POINT('',(124.12,0.,1.910875E+03));
#3892 = DIRECTION('',(-1.,0.,0.));
#3893 = DIRECTION('',(0.,-1.,0.));
#3894 = PLANE('',#3895);
#3895 = AXIS2_PLACEMENT_3D('',#3896,#3897,#3898);
#3896 = CARTESIAN_POINT('',(124.12,222.5,1.715875E+03));
#3897 = DIRECTION('',(1.,0.,0.));
#3898 = DIRECTION('',(0.,-1.,0.));
#3899 = ADVANCED_FACE('',(#3900),#3911,.F.);
#3900 = FACE_BOUND('',#3901,.F.);
#3901 = EDGE_LOOP('',(#3902,#3903,#3909,#3910));
#3902 = ORIENTED_EDGE('',*,*,#3886,.F.);
#3903 = ORIENTED_EDGE('',*,*,#3904,.T.);
#3904 = EDGE_CURVE('',#3887,#3825,#3905,.T.);
#3905 = LINE('',#3906,#3907);
#3906 = CARTESIAN_POINT('',(-140.,-50.,1.910875E+03));
#3907 = VECTOR('',#3908,1.);
#3908 = DIRECTION('',(1.,0.,0.));
#3909 = ORIENTED_EDGE('',*,*,#3824,.T.);
#3910 = ORIENTED_EDGE('',*,*,#3904,.F.);
#3911 = CYLINDRICAL_SURFACE('',#3912,50.);
#3912 = AXIS2_PLACEMENT_3D('',#3913,#3914,#3915);
#3913 = CARTESIAN_POINT('',(-140.,0.,1.910875E+03));
#3914 = DIRECTION('',(-1.,0.,0.));
#3915 = DIRECTION('',(0.,-1.,0.));
#3916 = ADVANCED_FACE('',(#3917),#3925,.T.);
#3917 = FACE_BOUND('',#3918,.T.);
#3918 = EDGE_LOOP('',(#3919,#3920,#3921,#3922,#3923,#3924));
#3919 = ORIENTED_EDGE('',*,*,#3807,.T.);
#3920 = ORIENTED_EDGE('',*,*,#3851,.F.);
#3921 = ORIENTED_EDGE('',*,*,#3867,.F.);
#3922 = ORIENTED_EDGE('',*,*,#3876,.F.);
#3923 = ORIENTED_EDGE('',*,*,#3782,.T.);
#3924 = ORIENTED_EDGE('',*,*,#3798,.T.);
#3925 = CYLINDRICAL_SURFACE('',#3926,100.);
#3926 = AXIS2_PLACEMENT_3D('',#3927,#3928,#3929);
#3927 = CARTESIAN_POINT('',(-140.,0.,1.910875E+03));
#3928 = DIRECTION('',(-1.,0.,0.));
#3929 = DIRECTION('',(0.,-1.,0.));
#3930 = ( GEOMETRIC_REPRESENTATION_CONTEXT(3) 
GLOBAL_UNCERTAINTY_ASSIGNED_CONTEXT((#3934)) 
GLOBAL_UNIT_ASSIGNED_CONTEXT((#3931,#3932,#3933)) REPRESENTATION_CONTEXT
('Context #1','3D Context with UNIT and UNCERTAINTY') );
#3931 = ( LENGTH_UNIT() NAMED_UNIT(*) SI_UNIT(.MILLI.,.METRE.) );
#3932 = ( NAMED_UNIT(*) PLANE_ANGLE_UNIT() SI_UNIT($,.RADIAN.) );
#3933 = ( NAMED_UNIT(*) SI_UNIT($,.STERADIAN.) SOLID_ANGLE_UNIT() );
#3934 = UNCERTAINTY_MEASURE_WITH_UNIT(LENGTH_MEASURE(5.E-04),#3931,
  'distance_accuracy_value','confusion accuracy');
#3935 = SHAPE_DEFINITION_REPRESENTATION(#3936,#3942);
#3936 = PRODUCT_DEFINITION_SHAPE('','',#3937);
#3937 = PRODUCT_DEFINITION('design','',#3938,#3941);
#3938 = PRODUCT_DEFINITION_FORMATION_WITH_SPECIFIED_SOURCE('','',#3939,
  .NOT_KNOWN.);
#3939 = PRODUCT('tubo_olhal','tubo_olhal','',(#3940));
#3940 = MECHANICAL_CONTEXT('',#2,'mechanical');
#3941 = DESIGN_CONTEXT('',#2,'design');
#3942 = ADVANCED_BREP_SHAPE_REPRESENTATION('',(#11,#3943),#4035);
#3943 = MANIFOLD_SOLID_BREP('',#3944);
#3944 = CLOSED_SHELL('',(#3945,#3978,#3998,#4018));
#3945 = ADVANCED_FACE('',(#3946),#3973,.T.);
#3946 = FACE_BOUND('',#3947,.T.);
#3947 = EDGE_LOOP('',(#3948,#3957,#3965,#3972));
#3948 = ORIENTED_EDGE('',*,*,#3949,.F.);
#3949 = EDGE_CURVE('',#3950,#3950,#3952,.T.);
#3950 = VERTEX_POINT('',#3951);
#3951 = CARTESIAN_POINT('',(-140.,-50.,1.910875E+03));
#3952 = CIRCLE('',#3953,50.);
#3953 = AXIS2_PLACEMENT_3D('',#3954,#3955,#3956);
#3954 = CARTESIAN_POINT('',(-140.,0.,1.910875E+03));
#3955 = DIRECTION('',(-1.,0.,0.));
#3956 = DIRECTION('',(0.,-1.,0.));
#3957 = ORIENTED_EDGE('',*,*,#3958,.T.);
#3958 = EDGE_CURVE('',#3950,#3959,#3961,.T.);
#3959 = VERTEX_POINT('',#3960);
#3960 = CARTESIAN_POINT('',(140.,-50.,1.910875E+03));
#3961 = LINE('',#3962,#3963);
#3962 = CARTESIAN_POINT('',(-140.,-50.,1.910875E+03));
#3963 = VECTOR('',#3964,1.);
#3964 = DIRECTION('',(1.,0.,0.));
#3965 = ORIENTED_EDGE('',*,*,#3966,.T.);
#3966 = EDGE_CURVE('',#3959,#3959,#3967,.T.);
#3967 = CIRCLE('',#3968,50.);
#3968 = AXIS2_PLACEMENT_3D('',#3969,#3970,#3971);
#3969 = CARTESIAN_POINT('',(140.,0.,1.910875E+03));
#3970 = DIRECTION('',(-1.,0.,0.));
#3971 = DIRECTION('',(0.,-1.,0.));
#3972 = ORIENTED_EDGE('',*,*,#3958,.F.);
#3973 = CYLINDRICAL_SURFACE('',#3974,50.);
#3974 = AXIS2_PLACEMENT_3D('',#3975,#3976,#3977);
#3975 = CARTESIAN_POINT('',(-140.,0.,1.910875E+03));
#3976 = DIRECTION('',(-1.,0.,0.));
#3977 = DIRECTION('',(0.,-1.,0.));
#3978 = ADVANCED_FACE('',(#3979,#3982),#3993,.F.);
#3979 = FACE_BOUND('',#3980,.T.);
#3980 = EDGE_LOOP('',(#3981));
#3981 = ORIENTED_EDGE('',*,*,#3949,.T.);
#3982 = FACE_BOUND('',#3983,.F.);
#3983 = EDGE_LOOP('',(#3984));
#3984 = ORIENTED_EDGE('',*,*,#3985,.T.);
#3985 = EDGE_CURVE('',#3986,#3986,#3988,.T.);
#3986 = VERTEX_POINT('',#3987);
#3987 = CARTESIAN_POINT('',(-140.,-34.12,1.910875E+03));
#3988 = CIRCLE('',#3989,34.12);
#3989 = AXIS2_PLACEMENT_3D('',#3990,#3991,#3992);
#3990 = CARTESIAN_POINT('',(-140.,0.,1.910875E+03));
#3991 = DIRECTION('',(-1.,0.,0.));
#3992 = DIRECTION('',(0.,-1.,0.));
#3993 = PLANE('',#3994);
#3994 = AXIS2_PLACEMENT_3D('',#3995,#3996,#3997);
#3995 = CARTESIAN_POINT('',(-140.,2.08E-15,1.910875E+03));
#3996 = DIRECTION('',(1.,0.,0.));
#3997 = DIRECTION('',(0.,0.,1.));
#3998 = ADVANCED_FACE('',(#3999,#4002),#4013,.F.);
#3999 = FACE_BOUND('',#4000,.F.);
#4000 = EDGE_LOOP('',(#4001));
#4001 = ORIENTED_EDGE('',*,*,#3966,.T.);
#4002 = FACE_BOUND('',#4003,.F.);
#4003 = EDGE_LOOP('',(#4004));
#4004 = ORIENTED_EDGE('',*,*,#4005,.F.);
#4005 = EDGE_CURVE('',#4006,#4006,#4008,.T.);
#4006 = VERTEX_POINT('',#4007);
#4007 = CARTESIAN_POINT('',(140.,-34.12,1.910875E+03));
#4008 = CIRCLE('',#4009,34.12);
#4009 = AXIS2_PLACEMENT_3D('',#4010,#4011,#4012);
#4010 = CARTESIAN_POINT('',(140.,0.,1.910875E+03));
#4011 = DIRECTION('',(-1.,0.,0.));
#4012 = DIRECTION('',(0.,-1.,0.));
#4013 = PLANE('',#4014);
#4014 = AXIS2_PLACEMENT_3D('',#4015,#4016,#4017);
#4015 = CARTESIAN_POINT('',(140.,-222.5,1.715875E+03));
#4016 = DIRECTION('',(-1.,0.,0.));
#4017 = DIRECTION('',(0.,1.,0.));
#4018 = ADVANCED_FACE('',(#4019),#4030,.F.);
#4019 = FACE_BOUND('',#4020,.F.);
#4020 = EDGE_LOOP('',(#4021,#4022,#4028,#4029));
#4021 = ORIENTED_EDGE('',*,*,#3985,.F.);
#4022 = ORIENTED_EDGE('',*,*,#4023,.T.);
#4023 = EDGE_CURVE('',#3986,#4006,#4024,.T.);
#4024 = LINE('',#4025,#4026);
#4025 = CARTESIAN_POINT('',(-140.,-34.12,1.910875E+03));
#4026 = VECTOR('',#4027,1.);
#4027 = DIRECTION('',(1.,0.,0.));
#4028 = ORIENTED_EDGE('',*,*,#4005,.T.);
#4029 = ORIENTED_EDGE('',*,*,#4023,.F.);
#4030 = CYLINDRICAL_SURFACE('',#4031,34.12);
#4031 = AXIS2_PLACEMENT_3D('',#4032,#4033,#4034);
#4032 = CARTESIAN_POINT('',(-140.,0.,1.910875E+03));
#4033 = DIRECTION('',(-1.,0.,0.));
#4034 = DIRECTION('',(0.,-1.,0.));
#4035 = ( GEOMETRIC_REPRESENTATION_CONTEXT(3) 
GLOBAL_UNCERTAINTY_ASSIGNED_CONTEXT((#4039)) 
GLOBAL_UNIT_ASSIGNED_CONTEXT((#4036,#4037,#4038)) REPRESENTATION_CONTEXT
('Context #1','3D Context with UNIT and UNCERTAINTY') );
#4036 = ( LENGTH_UNIT() NAMED_UNIT(*) SI_UNIT(.MILLI.,.METRE.) );
#4037 = ( NAMED_UNIT(*) PLANE_ANGLE_UNIT() SI_UNIT($,.RADIAN.) );
#4038 = ( NAMED_UNIT(*) SI_UNIT($,.STERADIAN.) SOLID_ANGLE_UNIT() );
#4039 = UNCERTAINTY_MEASURE_WITH_UNIT(LENGTH_MEASURE(1.E-07),#4036,
  'distance_accuracy_value','confusion accuracy');
#4040 = CONTEXT_DEPENDENT_SHAPE_REPRESENTATION(#4041,#4043);
#4041 = ( REPRESENTATION_RELATIONSHIP('','',#3942,#3013) 
REPRESENTATION_RELATIONSHIP_WITH_TRANSFORMATION(#4042) 
SHAPE_REPRESENTATION_RELATIONSHIP() );
#4042 = ITEM_DEFINED_TRANSFORMATION('','',#11,#3022);
#4043 = PRODUCT_DEFINITION_SHAPE('Placement','Placement of an item',
  #4044);
#4044 = NEXT_ASSEMBLY_USAGE_OCCURRENCE('9','tubo_olhal','',#3008,#3937,$
  );
#4045 = CC_DESIGN_SECURITY_CLASSIFICATION(#4046,(#4044));
#4046 = SECURITY_CLASSIFICATION('','',#43);
#4047 = CC_DESIGN_PERSON_AND_ORGANIZATION_ASSIGNMENT(#32,#41,(#4046));
#4048 = CC_DESIGN_DATE_AND_TIME_ASSIGNMENT(#46,#52,(#4046));
#4049 = CC_DESIGN_APPROVAL(#54,(#4046));
#4050 = PRODUCT_RELATED_PRODUCT_CATEGORY('detail',$,(#3939));
#4051 = PRODUCT_CATEGORY_RELATIONSHIP('','',#4052,#4050);
#4052 = PRODUCT_CATEGORY('part',$);
#4053 = CC_DESIGN_PERSON_AND_ORGANIZATION_ASSIGNMENT(#32,#35,(#3938,
    #3937));
#4054 = CC_DESIGN_PERSON_AND_ORGANIZATION_ASSIGNMENT(#32,#37,(#3939));
#4055 = CC_DESIGN_PERSON_AND_ORGANIZATION_ASSIGNMENT(#32,#39,(#3938));
#4056 = CC_DESIGN_PERSON_AND_ORGANIZATION_ASSIGNMENT(#32,#41,(#4057));
#4057 = SECURITY_CLASSIFICATION('','',#43);
#4058 = CC_DESIGN_SECURITY_CLASSIFICATION(#4057,(#3938));
#4059 = CC_DESIGN_DATE_AND_TIME_ASSIGNMENT(#46,#50,(#3937));
#4060 = CC_DESIGN_DATE_AND_TIME_ASSIGNMENT(#46,#52,(#4057));
#4061 = CC_DESIGN_APPROVAL(#54,(#3938,#3937,#4057));
#4062 = SHAPE_DEFINITION_REPRESENTATION(#4063,#4069);
#4063 = PRODUCT_DEFINITION_SHAPE('','',#4064);
#4064 = PRODUCT_DEFINITION('design','',#4065,#4068);
#4065 = PRODUCT_DEFINITION_FORMATION_WITH_SPECIFIED_SOURCE('','',#4066,
  .NOT_KNOWN.);
#4066 = PRODUCT('reforço_esquerdo','reforço_esquerdo','',(#4067));
#4067 = MECHANICAL_CONTEXT('',#2,'mechanical');
#4068 = DESIGN_CONTEXT('',#2,'design');
#4069 = SHAPE_REPRESENTATION('',(#11),#4070);
#4070 = ( GEOMETRIC_REPRESENTATION_CONTEXT(3) 
GLOBAL_UNCERTAINTY_ASSIGNED_CONTEXT((#4074)) 
GLOBAL_UNIT_ASSIGNED_CONTEXT((#4071,#4072,#4073)) REPRESENTATION_CONTEXT
('Context #1','3D Context with UNIT and UNCERTAINTY') );
#4071 = ( LENGTH_UNIT() NAMED_UNIT(*) SI_UNIT(.MILLI.,.METRE.) );
#4072 = ( NAMED_UNIT(*) PLANE_ANGLE_UNIT() SI_UNIT($,.RADIAN.) );
#4073 = ( NAMED_UNIT(*) SI_UNIT($,.STERADIAN.) SOLID_ANGLE_UNIT() );
#4074 = UNCERTAINTY_MEASURE_WITH_UNIT(LENGTH_MEASURE(1.E-07),#4071,
  'distance_accuracy_value','confusion accuracy');
#4075 = CONTEXT_DEPENDENT_SHAPE_REPRESENTATION(#4076,#4078);
#4076 = ( REPRESENTATION_RELATIONSHIP('','',#4069,#3013) 
REPRESENTATION_RELATIONSHIP_WITH_TRANSFORMATION(#4077) 
SHAPE_REPRESENTATION_RELATIONSHIP() );
#4077 = ITEM_DEFINED_TRANSFORMATION('','',#11,#3026);
#4078 = PRODUCT_DEFINITION_SHAPE('Placement','Placement of an item',
  #4079);
#4079 = NEXT_ASSEMBLY_USAGE_OCCURRENCE('10','reforço_esquerdo','',#3008
  ,#4064,$);
#4080 = CC_DESIGN_SECURITY_CLASSIFICATION(#4081,(#4079));
#4081 = SECURITY_CLASSIFICATION('','',#43);
#4082 = CC_DESIGN_PERSON_AND_ORGANIZATION_ASSIGNMENT(#32,#41,(#4081));
#4083 = CC_DESIGN_DATE_AND_TIME_ASSIGNMENT(#46,#52,(#4081));
#4084 = CC_DESIGN_APPROVAL(#54,(#4081));
#4085 = PRODUCT_RELATED_PRODUCT_CATEGORY('detail',$,(#4066));
#4086 = PRODUCT_CATEGORY_RELATIONSHIP('','',#4087,#4085);
#4087 = PRODUCT_CATEGORY('part',$);
#4088 = CC_DESIGN_PERSON_AND_ORGANIZATION_ASSIGNMENT(#32,#35,(#4065,
    #4064));
#4089 = CC_DESIGN_PERSON_AND_ORGANIZATION_ASSIGNMENT(#32,#37,(#4066));
#4090 = CC_DESIGN_PERSON_AND_ORGANIZATION_ASSIGNMENT(#32,#39,(#4065));
#4091 = CC_DESIGN_PERSON_AND_ORGANIZATION_ASSIGNMENT(#32,#41,(#4092));
#4092 = SECURITY_CLASSIFICATION('','',#43);
#4093 = CC_DESIGN_SECURITY_CLASSIFICATION(#4092,(#4065));
#4094 = CC_DESIGN_DATE_AND_TIME_ASSIGNMENT(#46,#50,(#4064));
#4095 = CC_DESIGN_DATE_AND_TIME_ASSIGNMENT(#46,#52,(#4092));
#4096 = CC_DESIGN_APPROVAL(#54,(#4065,#4064,#4092));
#4097 = SHAPE_REPRESENTATION_RELATIONSHIP('','',#4098,#4069);
#4098 = ADVANCED_BREP_SHAPE_REPRESENTATION('',(#11,#4099),#4249);
#4099 = MANIFOLD_SOLID_BREP('',#4100);
#4100 = CLOSED_SHELL('',(#4101,#4141,#4172,#4196,#4220,#4237));
#4101 = ADVANCED_FACE('',(#4102),#4136,.F.);
#4102 = FACE_BOUND('',#4103,.F.);
#4103 = EDGE_LOOP('',(#4104,#4114,#4122,#4130));
#4104 = ORIENTED_EDGE('',*,*,#4105,.F.);
#4105 = EDGE_CURVE('',#4106,#4108,#4110,.T.);
#4106 = VERTEX_POINT('',#4107);
#4107 = CARTESIAN_POINT('',(-124.12,-165.3248953923,1.715875E+03));
#4108 = VERTEX_POINT('',#4109);
#4109 = CARTESIAN_POINT('',(-124.12,-43.72532445989,1.93512569073E+03));
#4110 = LINE('',#4111,#4112);
#4111 = CARTESIAN_POINT('',(-124.12,-165.3248953923,1.715875E+03));
#4112 = VECTOR('',#4113,1.);
#4113 = DIRECTION('',(0.,0.485013814598,0.874506489198));
#4114 = ORIENTED_EDGE('',*,*,#4115,.T.);
#4115 = EDGE_CURVE('',#4106,#4116,#4118,.T.);
#4116 = VERTEX_POINT('',#4117);
#4117 = CARTESIAN_POINT('',(-7.94,-165.3248953923,1.715875E+03));
#4118 = LINE('',#4119,#4120);
#4119 = CARTESIAN_POINT('',(-124.12,-165.3248953923,1.715875E+03));
#4120 = VECTOR('',#4121,1.);
#4121 = DIRECTION('',(1.,0.,0.));
#4122 = ORIENTED_EDGE('',*,*,#4123,.T.);
#4123 = EDGE_CURVE('',#4116,#4124,#4126,.T.);
#4124 = VERTEX_POINT('',#4125);
#4125 = CARTESIAN_POINT('',(-7.94,-43.72532445989,1.93512569073E+03));
#4126 = LINE('',#4127,#4128);
#4127 = CARTESIAN_POINT('',(-7.94,-119.7092413881,1.798122524163E+03));
#4128 = VECTOR('',#4129,1.);
#4129 = DIRECTION('',(0.,0.485013814598,0.874506489198));
#4130 = ORIENTED_EDGE('',*,*,#4131,.F.);
#4131 = EDGE_CURVE('',#4108,#4124,#4132,.T.);
#4132 = LINE('',#4133,#4134);
#4133 = CARTESIAN_POINT('',(-124.12,-43.72532445989,1.93512569073E+03));
#4134 = VECTOR('',#4135,1.);
#4135 = DIRECTION('',(1.,0.,0.));
#4136 = PLANE('',#4137);
#4137 = AXIS2_PLACEMENT_3D('',#4138,#4139,#4140);
#4138 = CARTESIAN_POINT('',(-124.12,-165.3248953923,1.715875E+03));
#4139 = DIRECTION('',(0.,-0.874506489198,0.485013814598));
#4140 = DIRECTION('',(0.,0.485013814598,0.874506489198));
#4141 = ADVANCED_FACE('',(#4142),#4167,.F.);
#4142 = FACE_BOUND('',#4143,.F.);
#4143 = EDGE_LOOP('',(#4144,#4145,#4153,#4161));
#4144 = ORIENTED_EDGE('',*,*,#4105,.T.);
#4145 = ORIENTED_EDGE('',*,*,#4146,.F.);
#4146 = EDGE_CURVE('',#4147,#4108,#4149,.T.);
#4147 = VERTEX_POINT('',#4148);
#4148 = CARTESIAN_POINT('',(-124.12,-57.61248750836,1.942827710106E+03)
  );
#4149 = LINE('',#4150,#4151);
#4150 = CARTESIAN_POINT('',(-124.12,-57.61248750836,1.942827710106E+03)
  );
#4151 = VECTOR('',#4152,1.);
#4152 = DIRECTION('',(0.,0.874506489198,-0.485013814598));
#4153 = ORIENTED_EDGE('',*,*,#4154,.F.);
#4154 = EDGE_CURVE('',#4155,#4147,#4157,.T.);
#4155 = VERTEX_POINT('',#4156);
#4156 = CARTESIAN_POINT('',(-124.12,-179.2120584407,1.723577019376E+03)
  );
#4157 = LINE('',#4158,#4159);
#4158 = CARTESIAN_POINT('',(-124.12,-179.2120584407,1.723577019376E+03)
  );
#4159 = VECTOR('',#4160,1.);
#4160 = DIRECTION('',(0.,0.485013814598,0.874506489198));
#4161 = ORIENTED_EDGE('',*,*,#4162,.F.);
#4162 = EDGE_CURVE('',#4106,#4155,#4163,.T.);
#4163 = LINE('',#4164,#4165);
#4164 = CARTESIAN_POINT('',(-124.12,-165.3248953923,1.715875E+03));
#4165 = VECTOR('',#4166,1.);
#4166 = DIRECTION('',(0.,-0.874506489198,0.485013814598));
#4167 = PLANE('',#4168);
#4168 = AXIS2_PLACEMENT_3D('',#4169,#4170,#4171);
#4169 = CARTESIAN_POINT('',(-124.12,-1.71E-15,1.829351355053E+03));
#4170 = DIRECTION('',(1.,0.,0.));
#4171 = DIRECTION('',(0.,0.,1.));
#4172 = ADVANCED_FACE('',(#4173),#4191,.T.);
#4173 = FACE_BOUND('',#4174,.T.);
#4174 = EDGE_LOOP('',(#4175,#4176,#4184,#4190));
#4175 = ORIENTED_EDGE('',*,*,#4146,.F.);
#4176 = ORIENTED_EDGE('',*,*,#4177,.T.);
#4177 = EDGE_CURVE('',#4147,#4178,#4180,.T.);
#4178 = VERTEX_POINT('',#4179);
#4179 = CARTESIAN_POINT('',(-7.94,-57.61248750836,1.942827710106E+03));
#4180 = LINE('',#4181,#4182);
#4181 = CARTESIAN_POINT('',(-124.12,-57.61248750836,1.942827710106E+03)
  );
#4182 = VECTOR('',#4183,1.);
#4183 = DIRECTION('',(1.,0.,0.));
#4184 = ORIENTED_EDGE('',*,*,#4185,.T.);
#4185 = EDGE_CURVE('',#4178,#4124,#4186,.T.);
#4186 = LINE('',#4187,#4188);
#4187 = CARTESIAN_POINT('',(-7.94,97.627887707908,1.856729176255E+03));
#4188 = VECTOR('',#4189,1.);
#4189 = DIRECTION('',(0.,0.874506489198,-0.485013814598));
#4190 = ORIENTED_EDGE('',*,*,#4131,.F.);
#4191 = PLANE('',#4192);
#4192 = AXIS2_PLACEMENT_3D('',#4193,#4194,#4195);
#4193 = CARTESIAN_POINT('',(-124.12,-57.61248750836,1.942827710106E+03)
  );
#4194 = DIRECTION('',(0.,0.485013814598,0.874506489198));
#4195 = DIRECTION('',(0.,0.874506489198,-0.485013814598));
#4196 = ADVANCED_FACE('',(#4197),#4215,.T.);
#4197 = FACE_BOUND('',#4198,.T.);
#4198 = EDGE_LOOP('',(#4199,#4207,#4208,#4209));
#4199 = ORIENTED_EDGE('',*,*,#4200,.F.);
#4200 = EDGE_CURVE('',#4116,#4201,#4203,.T.);
#4201 = VERTEX_POINT('',#4202);
#4202 = CARTESIAN_POINT('',(-7.94,-179.2120584407,1.723577019376E+03));
#4203 = LINE('',#4204,#4205);
#4204 = CARTESIAN_POINT('',(-7.94,-17.02810170026,1.633627475837E+03));
#4205 = VECTOR('',#4206,1.);
#4206 = DIRECTION('',(0.,-0.874506489198,0.485013814598));
#4207 = ORIENTED_EDGE('',*,*,#4123,.T.);
#4208 = ORIENTED_EDGE('',*,*,#4185,.F.);
#4209 = ORIENTED_EDGE('',*,*,#4210,.F.);
#4210 = EDGE_CURVE('',#4201,#4178,#4211,.T.);
#4211 = LINE('',#4212,#4213);
#4212 = CARTESIAN_POINT('',(-7.94,-133.5964044366,1.805824543539E+03));
#4213 = VECTOR('',#4214,1.);
#4214 = DIRECTION('',(0.,0.485013814598,0.874506489198));
#4215 = PLANE('',#4216);
#4216 = AXIS2_PLACEMENT_3D('',#4217,#4218,#4219);
#4217 = CARTESIAN_POINT('',(-7.94,222.5,1.715875E+03));
#4218 = DIRECTION('',(1.,0.,0.));
#4219 = DIRECTION('',(0.,-1.,0.));
#4220 = ADVANCED_FACE('',(#4221),#4232,.T.);
#4221 = FACE_BOUND('',#4222,.T.);
#4222 = EDGE_LOOP('',(#4223,#4224,#4225,#4226));
#4223 = ORIENTED_EDGE('',*,*,#4162,.F.);
#4224 = ORIENTED_EDGE('',*,*,#4115,.T.);
#4225 = ORIENTED_EDGE('',*,*,#4200,.T.);
#4226 = ORIENTED_EDGE('',*,*,#4227,.F.);
#4227 = EDGE_CURVE('',#4155,#4201,#4228,.T.);
#4228 = LINE('',#4229,#4230);
#4229 = CARTESIAN_POINT('',(-124.12,-179.2120584407,1.723577019376E+03)
  );
#4230 = VECTOR('',#4231,1.);
#4231 = DIRECTION('',(1.,0.,0.));
#4232 = PLANE('',#4233);
#4233 = AXIS2_PLACEMENT_3D('',#4234,#4235,#4236);
#4234 = CARTESIAN_POINT('',(-124.12,-165.3248953923,1.715875E+03));
#4235 = DIRECTION('',(0.,-0.485013814598,-0.874506489198));
#4236 = DIRECTION('',(0.,-0.874506489198,0.485013814598));
#4237 = ADVANCED_FACE('',(#4238),#4244,.T.);
#4238 = FACE_BOUND('',#4239,.T.);
#4239 = EDGE_LOOP('',(#4240,#4241,#4242,#4243));
#4240 = ORIENTED_EDGE('',*,*,#4154,.F.);
#4241 = ORIENTED_EDGE('',*,*,#4227,.T.);
#4242 = ORIENTED_EDGE('',*,*,#4210,.T.);
#4243 = ORIENTED_EDGE('',*,*,#4177,.F.);
#4244 = PLANE('',#4245);
#4245 = AXIS2_PLACEMENT_3D('',#4246,#4247,#4248);
#4246 = CARTESIAN_POINT('',(-124.12,-179.2120584407,1.723577019376E+03)
  );
#4247 = DIRECTION('',(0.,-0.874506489198,0.485013814598));
#4248 = DIRECTION('',(0.,0.485013814598,0.874506489198));
#4249 = ( GEOMETRIC_REPRESENTATION_CONTEXT(3) 
GLOBAL_UNCERTAINTY_ASSIGNED_CONTEXT((#4253)) 
GLOBAL_UNIT_ASSIGNED_CONTEXT((#4250,#4251,#4252)) REPRESENTATION_CONTEXT
('Context #1','3D Context with UNIT and UNCERTAINTY') );
#4250 = ( LENGTH_UNIT() NAMED_UNIT(*) SI_UNIT(.MILLI.,.METRE.) );
#4251 = ( NAMED_UNIT(*) PLANE_ANGLE_UNIT() SI_UNIT($,.RADIAN.) );
#4252 = ( NAMED_UNIT(*) SI_UNIT($,.STERADIAN.) SOLID_ANGLE_UNIT() );
#4253 = UNCERTAINTY_MEASURE_WITH_UNIT(LENGTH_MEASURE(1.E-07),#4250,
  'distance_accuracy_value','confusion accuracy');
#4254 = SHAPE_REPRESENTATION_RELATIONSHIP('','',#4255,#4069);
#4255 = ADVANCED_BREP_SHAPE_REPRESENTATION('',(#11,#4256),#4406);
#4256 = MANIFOLD_SOLID_BREP('',#4257);
#4257 = CLOSED_SHELL('',(#4258,#4298,#4329,#4353,#4377,#4394));
#4258 = ADVANCED_FACE('',(#4259),#4293,.F.);
#4259 = FACE_BOUND('',#4260,.F.);
#4260 = EDGE_LOOP('',(#4261,#4271,#4279,#4287));
#4261 = ORIENTED_EDGE('',*,*,#4262,.F.);
#4262 = EDGE_CURVE('',#4263,#4265,#4267,.T.);
#4263 = VERTEX_POINT('',#4264);
#4264 = CARTESIAN_POINT('',(-124.12,165.3248953923,1.715875E+03));
#4265 = VERTEX_POINT('',#4266);
#4266 = CARTESIAN_POINT('',(-124.12,179.21205844077,1.723577019376E+03)
  );
#4267 = LINE('',#4268,#4269);
#4268 = CARTESIAN_POINT('',(-124.12,165.3248953923,1.715875E+03));
#4269 = VECTOR('',#4270,1.);
#4270 = DIRECTION('',(0.,0.874506489198,0.485013814598));
#4271 = ORIENTED_EDGE('',*,*,#4272,.T.);
#4272 = EDGE_CURVE('',#4263,#4273,#4275,.T.);
#4273 = VERTEX_POINT('',#4274);
#4274 = CARTESIAN_POINT('',(-7.94,165.3248953923,1.715875E+03));
#4275 = LINE('',#4276,#4277);
#4276 = CARTESIAN_POINT('',(-124.12,165.3248953923,1.715875E+03));
#4277 = VECTOR('',#4278,1.);
#4278 = DIRECTION('',(1.,0.,0.));
#4279 = ORIENTED_EDGE('',*,*,#4280,.T.);
#4280 = EDGE_CURVE('',#4273,#4281,#4283,.T.);
#4281 = VERTEX_POINT('',#4282);
#4282 = CARTESIAN_POINT('',(-7.94,179.21205844077,1.723577019376E+03));
#4283 = LINE('',#4284,#4285);
#4284 = CARTESIAN_POINT('',(-7.94,187.18755762225,1.728000345365E+03));
#4285 = VECTOR('',#4286,1.);
#4286 = DIRECTION('',(0.,0.874506489198,0.485013814598));
#4287 = ORIENTED_EDGE('',*,*,#4288,.F.);
#4288 = EDGE_CURVE('',#4265,#4281,#4289,.T.);
#4289 = LINE('',#4290,#4291);
#4290 = CARTESIAN_POINT('',(-124.12,179.21205844077,1.723577019376E+03)
  );
#4291 = VECTOR('',#4292,1.);
#4292 = DIRECTION('',(1.,0.,0.));
#4293 = PLANE('',#4294);
#4294 = AXIS2_PLACEMENT_3D('',#4295,#4296,#4297);
#4295 = CARTESIAN_POINT('',(-124.12,165.3248953923,1.715875E+03));
#4296 = DIRECTION('',(0.,-0.485013814598,0.874506489198));
#4297 = DIRECTION('',(0.,0.874506489198,0.485013814598));
#4298 = ADVANCED_FACE('',(#4299),#4324,.F.);
#4299 = FACE_BOUND('',#4300,.F.);
#4300 = EDGE_LOOP('',(#4301,#4302,#4310,#4318));
#4301 = ORIENTED_EDGE('',*,*,#4262,.T.);
#4302 = ORIENTED_EDGE('',*,*,#4303,.T.);
#4303 = EDGE_CURVE('',#4265,#4304,#4306,.T.);
#4304 = VERTEX_POINT('',#4305);
#4305 = CARTESIAN_POINT('',(-124.12,57.612487508363,1.942827710106E+03)
  );
#4306 = LINE('',#4307,#4308);
#4307 = CARTESIAN_POINT('',(-124.12,179.21205844077,1.723577019376E+03)
  );
#4308 = VECTOR('',#4309,1.);
#4309 = DIRECTION('',(0.,-0.485013814598,0.874506489198));
#4310 = ORIENTED_EDGE('',*,*,#4311,.T.);
#4311 = EDGE_CURVE('',#4304,#4312,#4314,.T.);
#4312 = VERTEX_POINT('',#4313);
#4313 = CARTESIAN_POINT('',(-124.12,43.725324459899,1.93512569073E+03));
#4314 = LINE('',#4315,#4316);
#4315 = CARTESIAN_POINT('',(-124.12,57.612487508363,1.942827710106E+03)
  );
#4316 = VECTOR('',#4317,1.);
#4317 = DIRECTION('',(0.,-0.874506489198,-0.485013814598));
#4318 = ORIENTED_EDGE('',*,*,#4319,.F.);
#4319 = EDGE_CURVE('',#4263,#4312,#4320,.T.);
#4320 = LINE('',#4321,#4322);
#4321 = CARTESIAN_POINT('',(-124.12,165.3248953923,1.715875E+03));
#4322 = VECTOR('',#4323,1.);
#4323 = DIRECTION('',(0.,-0.485013814598,0.874506489198));
#4324 = PLANE('',#4325);
#4325 = AXIS2_PLACEMENT_3D('',#4326,#4327,#4328);
#4326 = CARTESIAN_POINT('',(-124.12,-1.71E-15,1.829351355053E+03));
#4327 = DIRECTION('',(1.,0.,0.));
#4328 = DIRECTION('',(0.,0.,1.));
#4329 = ADVANCED_FACE('',(#4330),#4348,.F.);
#4330 = FACE_BOUND('',#4331,.F.);
#4331 = EDGE_LOOP('',(#4332,#4333,#4334,#4342));
#4332 = ORIENTED_EDGE('',*,*,#4303,.F.);
#4333 = ORIENTED_EDGE('',*,*,#4288,.T.);
#4334 = ORIENTED_EDGE('',*,*,#4335,.T.);
#4335 = EDGE_CURVE('',#4281,#4336,#4338,.T.);
#4336 = VERTEX_POINT('',#4337);
#4337 = CARTESIAN_POINT('',(-7.94,57.612487508363,1.942827710106E+03));
#4338 = LINE('',#4339,#4340);
#4339 = CARTESIAN_POINT('',(-7.94,185.93694851466,1.711451674011E+03));
#4340 = VECTOR('',#4341,1.);
#4341 = DIRECTION('',(0.,-0.485013814598,0.874506489198));
#4342 = ORIENTED_EDGE('',*,*,#4343,.F.);
#4343 = EDGE_CURVE('',#4304,#4336,#4344,.T.);
#4344 = LINE('',#4345,#4346);
#4345 = CARTESIAN_POINT('',(-124.12,57.612487508363,1.942827710106E+03)
  );
#4346 = VECTOR('',#4347,1.);
#4347 = DIRECTION('',(1.,0.,0.));
#4348 = PLANE('',#4349);
#4349 = AXIS2_PLACEMENT_3D('',#4350,#4351,#4352);
#4350 = CARTESIAN_POINT('',(-124.12,179.21205844077,1.723577019376E+03)
  );
#4351 = DIRECTION('',(0.,-0.874506489198,-0.485013814598));
#4352 = DIRECTION('',(0.,-0.485013814598,0.874506489198));
#4353 = ADVANCED_FACE('',(#4354),#4372,.T.);
#4354 = FACE_BOUND('',#4355,.T.);
#4355 = EDGE_LOOP('',(#4356,#4364,#4365,#4366));
#4356 = ORIENTED_EDGE('',*,*,#4357,.F.);
#4357 = EDGE_CURVE('',#4273,#4358,#4360,.T.);
#4358 = VERTEX_POINT('',#4359);
#4359 = CARTESIAN_POINT('',(-7.94,43.725324459899,1.93512569073E+03));
#4360 = LINE('',#4361,#4362);
#4361 = CARTESIAN_POINT('',(-7.94,172.0497854662,1.703749654635E+03));
#4362 = VECTOR('',#4363,1.);
#4363 = DIRECTION('',(0.,-0.485013814598,0.874506489198));
#4364 = ORIENTED_EDGE('',*,*,#4280,.T.);
#4365 = ORIENTED_EDGE('',*,*,#4335,.T.);
#4366 = ORIENTED_EDGE('',*,*,#4367,.T.);
#4367 = EDGE_CURVE('',#4336,#4358,#4368,.T.);
#4368 = LINE('',#4369,#4370);
#4369 = CARTESIAN_POINT('',(-7.94,72.531568214081,1.951102045783E+03));
#4370 = VECTOR('',#4371,1.);
#4371 = DIRECTION('',(0.,-0.874506489198,-0.485013814598));
#4372 = PLANE('',#4373);
#4373 = AXIS2_PLACEMENT_3D('',#4374,#4375,#4376);
#4374 = CARTESIAN_POINT('',(-7.94,222.5,1.715875E+03));
#4375 = DIRECTION('',(1.,0.,0.));
#4376 = DIRECTION('',(0.,-1.,0.));
#4377 = ADVANCED_FACE('',(#4378),#4389,.T.);
#4378 = FACE_BOUND('',#4379,.T.);
#4379 = EDGE_LOOP('',(#4380,#4381,#4382,#4383));
#4380 = ORIENTED_EDGE('',*,*,#4319,.F.);
#4381 = ORIENTED_EDGE('',*,*,#4272,.T.);
#4382 = ORIENTED_EDGE('',*,*,#4357,.T.);
#4383 = ORIENTED_EDGE('',*,*,#4384,.F.);
#4384 = EDGE_CURVE('',#4312,#4358,#4385,.T.);
#4385 = LINE('',#4386,#4387);
#4386 = CARTESIAN_POINT('',(-124.12,43.725324459899,1.93512569073E+03));
#4387 = VECTOR('',#4388,1.);
#4388 = DIRECTION('',(1.,0.,0.));
#4389 = PLANE('',#4390);
#4390 = AXIS2_PLACEMENT_3D('',#4391,#4392,#4393);
#4391 = CARTESIAN_POINT('',(-124.12,165.3248953923,1.715875E+03));
#4392 = DIRECTION('',(0.,-0.874506489198,-0.485013814598));
#4393 = DIRECTION('',(0.,-0.485013814598,0.874506489198));
#4394 = ADVANCED_FACE('',(#4395),#4401,.F.);
#4395 = FACE_BOUND('',#4396,.F.);
#4396 = EDGE_LOOP('',(#4397,#4398,#4399,#4400));
#4397 = ORIENTED_EDGE('',*,*,#4311,.F.);
#4398 = ORIENTED_EDGE('',*,*,#4343,.T.);
#4399 = ORIENTED_EDGE('',*,*,#4367,.T.);
#4400 = ORIENTED_EDGE('',*,*,#4384,.F.);
#4401 = PLANE('',#4402);
#4402 = AXIS2_PLACEMENT_3D('',#4403,#4404,#4405);
#4403 = CARTESIAN_POINT('',(-124.12,57.612487508363,1.942827710106E+03)
  );
#4404 = DIRECTION('',(0.,0.485013814598,-0.874506489198));
#4405 = DIRECTION('',(0.,-0.874506489198,-0.485013814598));
#4406 = ( GEOMETRIC_REPRESENTATION_CONTEXT(3) 
GLOBAL_UNCERTAINTY_ASSIGNED_CONTEXT((#4410)) 
GLOBAL_UNIT_ASSIGNED_CONTEXT((#4407,#4408,#4409)) REPRESENTATION_CONTEXT
('Context #1','3D Context with UNIT and UNCERTAINTY') );
#4407 = ( LENGTH_UNIT() NAMED_UNIT(*) SI_UNIT(.MILLI.,.METRE.) );
#4408 = ( NAMED_UNIT(*) PLANE_ANGLE_UNIT() SI_UNIT($,.RADIAN.) );
#4409 = ( NAMED_UNIT(*) SI_UNIT($,.STERADIAN.) SOLID_ANGLE_UNIT() );
#4410 = UNCERTAINTY_MEASURE_WITH_UNIT(LENGTH_MEASURE(1.E-07),#4407,
  'distance_accuracy_value','confusion accuracy');
#4411 = SHAPE_DEFINITION_REPRESENTATION(#4412,#4418);
#4412 = PRODUCT_DEFINITION_SHAPE('','',#4413);
#4413 = PRODUCT_DEFINITION('design','',#4414,#4417);
#4414 = PRODUCT_DEFINITION_FORMATION_WITH_SPECIFIED_SOURCE('','',#4415,
  .NOT_KNOWN.);
#4415 = PRODUCT('reforco_direito','reforco_direito','',(#4416));
#4416 = MECHANICAL_CONTEXT('',#2,'mechanical');
#4417 = DESIGN_CONTEXT('',#2,'design');
#4418 = SHAPE_REPRESENTATION('',(#11),#4419);
#4419 = ( GEOMETRIC_REPRESENTATION_CONTEXT(3) 
GLOBAL_UNCERTAINTY_ASSIGNED_CONTEXT((#4423)) 
GLOBAL_UNIT_ASSIGNED_CONTEXT((#4420,#4421,#4422)) REPRESENTATION_CONTEXT
('Context #1','3D Context with UNIT and UNCERTAINTY') );
#4420 = ( LENGTH_UNIT() NAMED_UNIT(*) SI_UNIT(.MILLI.,.METRE.) );
#4421 = ( NAMED_UNIT(*) PLANE_ANGLE_UNIT() SI_UNIT($,.RADIAN.) );
#4422 = ( NAMED_UNIT(*) SI_UNIT($,.STERADIAN.) SOLID_ANGLE_UNIT() );
#4423 = UNCERTAINTY_MEASURE_WITH_UNIT(LENGTH_MEASURE(1.E-07),#4420,
  'distance_accuracy_value','confusion accuracy');
#4424 = CONTEXT_DEPENDENT_SHAPE_REPRESENTATION(#4425,#4427);
#4425 = ( REPRESENTATION_RELATIONSHIP('','',#4418,#3013) 
REPRESENTATION_RELATIONSHIP_WITH_TRANSFORMATION(#4426) 
SHAPE_REPRESENTATION_RELATIONSHIP() );
#4426 = ITEM_DEFINED_TRANSFORMATION('','',#11,#3030);
#4427 = PRODUCT_DEFINITION_SHAPE('Placement','Placement of an item',
  #4428);
#4428 = NEXT_ASSEMBLY_USAGE_OCCURRENCE('11','reforco_direito','',#3008,
  #4413,$);
#4429 = CC_DESIGN_SECURITY_CLASSIFICATION(#4430,(#4428));
#4430 = SECURITY_CLASSIFICATION('','',#43);
#4431 = CC_DESIGN_PERSON_AND_ORGANIZATION_ASSIGNMENT(#32,#41,(#4430));
#4432 = CC_DESIGN_DATE_AND_TIME_ASSIGNMENT(#46,#52,(#4430));
#4433 = CC_DESIGN_APPROVAL(#54,(#4430));
#4434 = PRODUCT_RELATED_PRODUCT_CATEGORY('detail',$,(#4415));
#4435 = PRODUCT_CATEGORY_RELATIONSHIP('','',#4436,#4434);
#4436 = PRODUCT_CATEGORY('part',$);
#4437 = CC_DESIGN_PERSON_AND_ORGANIZATION_ASSIGNMENT(#32,#35,(#4414,
    #4413));
#4438 = CC_DESIGN_PERSON_AND_ORGANIZATION_ASSIGNMENT(#32,#37,(#4415));
#4439 = CC_DESIGN_PERSON_AND_ORGANIZATION_ASSIGNMENT(#32,#39,(#4414));
#4440 = CC_DESIGN_PERSON_AND_ORGANIZATION_ASSIGNMENT(#32,#41,(#4441));
#4441 = SECURITY_CLASSIFICATION('','',#43);
#4442 = CC_DESIGN_SECURITY_CLASSIFICATION(#4441,(#4414));
#4443 = CC_DESIGN_DATE_AND_TIME_ASSIGNMENT(#46,#50,(#4413));
#4444 = CC_DESIGN_DATE_AND_TIME_ASSIGNMENT(#46,#52,(#4441));
#4445 = CC_DESIGN_APPROVAL(#54,(#4414,#4413,#4441));
#4446 = SHAPE_REPRESENTATION_RELATIONSHIP('','',#4447,#4418);
#4447 = ADVANCED_BREP_SHAPE_REPRESENTATION('',(#11,#4448),#4598);
#4448 = MANIFOLD_SOLID_BREP('',#4449);
#4449 = CLOSED_SHELL('',(#4450,#4490,#4521,#4545,#4569,#4586));
#4450 = ADVANCED_FACE('',(#4451),#4485,.T.);
#4451 = FACE_BOUND('',#4452,.T.);
#4452 = EDGE_LOOP('',(#4453,#4463,#4471,#4479));
#4453 = ORIENTED_EDGE('',*,*,#4454,.F.);
#4454 = EDGE_CURVE('',#4455,#4457,#4459,.T.);
#4455 = VERTEX_POINT('',#4456);
#4456 = CARTESIAN_POINT('',(7.94,-165.3248953923,1.715875E+03));
#4457 = VERTEX_POINT('',#4458);
#4458 = CARTESIAN_POINT('',(7.94,-179.2120584407,1.723577019376E+03));
#4459 = LINE('',#4460,#4461);
#4460 = CARTESIAN_POINT('',(7.94,-165.3248953923,1.715875E+03));
#4461 = VECTOR('',#4462,1.);
#4462 = DIRECTION('',(0.,-0.874506489198,0.485013814598));
#4463 = ORIENTED_EDGE('',*,*,#4464,.T.);
#4464 = EDGE_CURVE('',#4455,#4465,#4467,.T.);
#4465 = VERTEX_POINT('',#4466);
#4466 = CARTESIAN_POINT('',(124.12,-165.3248953923,1.715875E+03));
#4467 = LINE('',#4468,#4469);
#4468 = CARTESIAN_POINT('',(7.94,-165.3248953923,1.715875E+03));
#4469 = VECTOR('',#4470,1.);
#4470 = DIRECTION('',(1.,0.,0.));
#4471 = ORIENTED_EDGE('',*,*,#4472,.T.);
#4472 = EDGE_CURVE('',#4465,#4473,#4475,.T.);
#4473 = VERTEX_POINT('',#4474);
#4474 = CARTESIAN_POINT('',(124.12,-179.2120584407,1.723577019376E+03));
#4475 = LINE('',#4476,#4477);
#4476 = CARTESIAN_POINT('',(124.12,-17.02810170026,1.633627475837E+03));
#4477 = VECTOR('',#4478,1.);
#4478 = DIRECTION('',(0.,-0.874506489198,0.485013814598));
#4479 = ORIENTED_EDGE('',*,*,#4480,.F.);
#4480 = EDGE_CURVE('',#4457,#4473,#4481,.T.);
#4481 = LINE('',#4482,#4483);
#4482 = CARTESIAN_POINT('',(7.94,-179.2120584407,1.723577019376E+03));
#4483 = VECTOR('',#4484,1.);
#4484 = DIRECTION('',(1.,0.,0.));
#4485 = PLANE('',#4486);
#4486 = AXIS2_PLACEMENT_3D('',#4487,#4488,#4489);
#4487 = CARTESIAN_POINT('',(7.94,-165.3248953923,1.715875E+03));
#4488 = DIRECTION('',(0.,-0.485013814598,-0.874506489198));
#4489 = DIRECTION('',(0.,-0.874506489198,0.485013814598));
#4490 = ADVANCED_FACE('',(#4491),#4516,.F.);
#4491 = FACE_BOUND('',#4492,.T.);
#4492 = EDGE_LOOP('',(#4493,#4494,#4502,#4510));
#4493 = ORIENTED_EDGE('',*,*,#4454,.T.);
#4494 = ORIENTED_EDGE('',*,*,#4495,.T.);
#4495 = EDGE_CURVE('',#4457,#4496,#4498,.T.);
#4496 = VERTEX_POINT('',#4497);
#4497 = CARTESIAN_POINT('',(7.94,-57.61248750836,1.942827710106E+03));
#4498 = LINE('',#4499,#4500);
#4499 = CARTESIAN_POINT('',(7.94,-179.2120584407,1.723577019376E+03));
#4500 = VECTOR('',#4501,1.);
#4501 = DIRECTION('',(0.,0.485013814598,0.874506489198));
#4502 = ORIENTED_EDGE('',*,*,#4503,.T.);
#4503 = EDGE_CURVE('',#4496,#4504,#4506,.T.);
#4504 = VERTEX_POINT('',#4505);
#4505 = CARTESIAN_POINT('',(7.94,-43.72532445989,1.93512569073E+03));
#4506 = LINE('',#4507,#4508);
#4507 = CARTESIAN_POINT('',(7.94,-57.61248750836,1.942827710106E+03));
#4508 = VECTOR('',#4509,1.);
#4509 = DIRECTION('',(0.,0.874506489198,-0.485013814598));
#4510 = ORIENTED_EDGE('',*,*,#4511,.F.);
#4511 = EDGE_CURVE('',#4455,#4504,#4512,.T.);
#4512 = LINE('',#4513,#4514);
#4513 = CARTESIAN_POINT('',(7.94,-165.3248953923,1.715875E+03));
#4514 = VECTOR('',#4515,1.);
#4515 = DIRECTION('',(0.,0.485013814598,0.874506489198));
#4516 = PLANE('',#4517);
#4517 = AXIS2_PLACEMENT_3D('',#4518,#4519,#4520);
#4518 = CARTESIAN_POINT('',(7.94,-1.92E-15,1.829351355053E+03));
#4519 = DIRECTION('',(1.,0.,0.));
#4520 = DIRECTION('',(0.,0.,1.));
#4521 = ADVANCED_FACE('',(#4522),#4540,.T.);
#4522 = FACE_BOUND('',#4523,.T.);
#4523 = EDGE_LOOP('',(#4524,#4525,#4526,#4534));
#4524 = ORIENTED_EDGE('',*,*,#4495,.F.);
#4525 = ORIENTED_EDGE('',*,*,#4480,.T.);
#4526 = ORIENTED_EDGE('',*,*,#4527,.T.);
#4527 = EDGE_CURVE('',#4473,#4528,#4530,.T.);
#4528 = VERTEX_POINT('',#4529);
#4529 = CARTESIAN_POINT('',(124.12,-57.61248750836,1.942827710106E+03));
#4530 = LINE('',#4531,#4532);
#4531 = CARTESIAN_POINT('',(124.12,-133.5964044366,1.805824543539E+03));
#4532 = VECTOR('',#4533,1.);
#4533 = DIRECTION('',(0.,0.485013814598,0.874506489198));
#4534 = ORIENTED_EDGE('',*,*,#4535,.F.);
#4535 = EDGE_CURVE('',#4496,#4528,#4536,.T.);
#4536 = LINE('',#4537,#4538);
#4537 = CARTESIAN_POINT('',(7.94,-57.61248750836,1.942827710106E+03));
#4538 = VECTOR('',#4539,1.);
#4539 = DIRECTION('',(1.,0.,0.));
#4540 = PLANE('',#4541);
#4541 = AXIS2_PLACEMENT_3D('',#4542,#4543,#4544);
#4542 = CARTESIAN_POINT('',(7.94,-179.2120584407,1.723577019376E+03));
#4543 = DIRECTION('',(0.,-0.874506489198,0.485013814598));
#4544 = DIRECTION('',(0.,0.485013814598,0.874506489198));
#4545 = ADVANCED_FACE('',(#4546),#4564,.T.);
#4546 = FACE_BOUND('',#4547,.T.);
#4547 = EDGE_LOOP('',(#4548,#4549,#4557,#4563));
#4548 = ORIENTED_EDGE('',*,*,#4472,.F.);
#4549 = ORIENTED_EDGE('',*,*,#4550,.T.);
#4550 = EDGE_CURVE('',#4465,#4551,#4553,.T.);
#4551 = VERTEX_POINT('',#4552);
#4552 = CARTESIAN_POINT('',(124.12,-43.72532445989,1.93512569073E+03));
#4553 = LINE('',#4554,#4555);
#4554 = CARTESIAN_POINT('',(124.12,-119.7092413881,1.798122524163E+03));
#4555 = VECTOR('',#4556,1.);
#4556 = DIRECTION('',(0.,0.485013814598,0.874506489198));
#4557 = ORIENTED_EDGE('',*,*,#4558,.F.);
#4558 = EDGE_CURVE('',#4528,#4551,#4559,.T.);
#4559 = LINE('',#4560,#4561);
#4560 = CARTESIAN_POINT('',(124.12,97.627887707907,1.856729176255E+03));
#4561 = VECTOR('',#4562,1.);
#4562 = DIRECTION('',(0.,0.874506489198,-0.485013814598));
#4563 = ORIENTED_EDGE('',*,*,#4527,.F.);
#4564 = PLANE('',#4565);
#4565 = AXIS2_PLACEMENT_3D('',#4566,#4567,#4568);
#4566 = CARTESIAN_POINT('',(124.12,222.5,1.715875E+03));
#4567 = DIRECTION('',(1.,0.,0.));
#4568 = DIRECTION('',(0.,-1.,0.));
#4569 = ADVANCED_FACE('',(#4570),#4581,.F.);
#4570 = FACE_BOUND('',#4571,.F.);
#4571 = EDGE_LOOP('',(#4572,#4573,#4574,#4575));
#4572 = ORIENTED_EDGE('',*,*,#4511,.F.);
#4573 = ORIENTED_EDGE('',*,*,#4464,.T.);
#4574 = ORIENTED_EDGE('',*,*,#4550,.T.);
#4575 = ORIENTED_EDGE('',*,*,#4576,.F.);
#4576 = EDGE_CURVE('',#4504,#4551,#4577,.T.);
#4577 = LINE('',#4578,#4579);
#4578 = CARTESIAN_POINT('',(7.94,-43.72532445989,1.93512569073E+03));
#4579 = VECTOR('',#4580,1.);
#4580 = DIRECTION('',(1.,0.,0.));
#4581 = PLANE('',#4582);
#4582 = AXIS2_PLACEMENT_3D('',#4583,#4584,#4585);
#4583 = CARTESIAN_POINT('',(7.94,-165.3248953923,1.715875E+03));
#4584 = DIRECTION('',(0.,-0.874506489198,0.485013814598));
#4585 = DIRECTION('',(0.,0.485013814598,0.874506489198));
#4586 = ADVANCED_FACE('',(#4587),#4593,.T.);
#4587 = FACE_BOUND('',#4588,.T.);
#4588 = EDGE_LOOP('',(#4589,#4590,#4591,#4592));
#4589 = ORIENTED_EDGE('',*,*,#4503,.F.);
#4590 = ORIENTED_EDGE('',*,*,#4535,.T.);
#4591 = ORIENTED_EDGE('',*,*,#4558,.T.);
#4592 = ORIENTED_EDGE('',*,*,#4576,.F.);
#4593 = PLANE('',#4594);
#4594 = AXIS2_PLACEMENT_3D('',#4595,#4596,#4597);
#4595 = CARTESIAN_POINT('',(7.94,-57.61248750836,1.942827710106E+03));
#4596 = DIRECTION('',(0.,0.485013814598,0.874506489198));
#4597 = DIRECTION('',(0.,0.874506489198,-0.485013814598));
#4598 = ( GEOMETRIC_REPRESENTATION_CONTEXT(3) 
GLOBAL_UNCERTAINTY_ASSIGNED_CONTEXT((#4602)) 
GLOBAL_UNIT_ASSIGNED_CONTEXT((#4599,#4600,#4601)) REPRESENTATION_CONTEXT
('Context #1','3D Context with UNIT and UNCERTAINTY') );
#4599 = ( LENGTH_UNIT() NAMED_UNIT(*) SI_UNIT(.MILLI.,.METRE.) );
#4600 = ( NAMED_UNIT(*) PLANE_ANGLE_UNIT() SI_UNIT($,.RADIAN.) );
#4601 = ( NAMED_UNIT(*) SI_UNIT($,.STERADIAN.) SOLID_ANGLE_UNIT() );
#4602 = UNCERTAINTY_MEASURE_WITH_UNIT(LENGTH_MEASURE(1.E-07),#4599,
  'distance_accuracy_value','confusion accuracy');
#4603 = SHAPE_REPRESENTATION_RELATIONSHIP('','',#4604,#4418);
#4604 = ADVANCED_BREP_SHAPE_REPRESENTATION('',(#11,#4605),#4755);
#4605 = MANIFOLD_SOLID_BREP('',#4606);
#4606 = CLOSED_SHELL('',(#4607,#4647,#4678,#4702,#4726,#4743));
#4607 = ADVANCED_FACE('',(#4608),#4642,.T.);
#4608 = FACE_BOUND('',#4609,.T.);
#4609 = EDGE_LOOP('',(#4610,#4620,#4628,#4636));
#4610 = ORIENTED_EDGE('',*,*,#4611,.F.);
#4611 = EDGE_CURVE('',#4612,#4614,#4616,.T.);
#4612 = VERTEX_POINT('',#4613);
#4613 = CARTESIAN_POINT('',(7.94,165.3248953923,1.715875E+03));
#4614 = VERTEX_POINT('',#4615);
#4615 = CARTESIAN_POINT('',(7.94,43.725324459899,1.93512569073E+03));
#4616 = LINE('',#4617,#4618);
#4617 = CARTESIAN_POINT('',(7.94,165.3248953923,1.715875E+03));
#4618 = VECTOR('',#4619,1.);
#4619 = DIRECTION('',(0.,-0.485013814598,0.874506489198));
#4620 = ORIENTED_EDGE('',*,*,#4621,.T.);
#4621 = EDGE_CURVE('',#4612,#4622,#4624,.T.);
#4622 = VERTEX_POINT('',#4623);
#4623 = CARTESIAN_POINT('',(124.12,165.3248953923,1.715875E+03));
#4624 = LINE('',#4625,#4626);
#4625 = CARTESIAN_POINT('',(7.94,165.3248953923,1.715875E+03));
#4626 = VECTOR('',#4627,1.);
#4627 = DIRECTION('',(1.,0.,0.));
#4628 = ORIENTED_EDGE('',*,*,#4629,.T.);
#4629 = EDGE_CURVE('',#4622,#4630,#4632,.T.);
#4630 = VERTEX_POINT('',#4631);
#4631 = CARTESIAN_POINT('',(124.12,43.725324459899,1.93512569073E+03));
#4632 = LINE('',#4633,#4634);
#4633 = CARTESIAN_POINT('',(124.12,172.0497854662,1.703749654635E+03));
#4634 = VECTOR('',#4635,1.);
#4635 = DIRECTION('',(0.,-0.485013814598,0.874506489198));
#4636 = ORIENTED_EDGE('',*,*,#4637,.F.);
#4637 = EDGE_CURVE('',#4614,#4630,#4638,.T.);
#4638 = LINE('',#4639,#4640);
#4639 = CARTESIAN_POINT('',(7.94,43.725324459899,1.93512569073E+03));
#4640 = VECTOR('',#4641,1.);
#4641 = DIRECTION('',(1.,0.,0.));
#4642 = PLANE('',#4643);
#4643 = AXIS2_PLACEMENT_3D('',#4644,#4645,#4646);
#4644 = CARTESIAN_POINT('',(7.94,165.3248953923,1.715875E+03));
#4645 = DIRECTION('',(0.,-0.874506489198,-0.485013814598));
#4646 = DIRECTION('',(0.,-0.485013814598,0.874506489198));
#4647 = ADVANCED_FACE('',(#4648),#4673,.F.);
#4648 = FACE_BOUND('',#4649,.T.);
#4649 = EDGE_LOOP('',(#4650,#4651,#4659,#4667));
#4650 = ORIENTED_EDGE('',*,*,#4611,.T.);
#4651 = ORIENTED_EDGE('',*,*,#4652,.F.);
#4652 = EDGE_CURVE('',#4653,#4614,#4655,.T.);
#4653 = VERTEX_POINT('',#4654);
#4654 = CARTESIAN_POINT('',(7.94,57.612487508363,1.942827710106E+03));
#4655 = LINE('',#4656,#4657);
#4656 = CARTESIAN_POINT('',(7.94,57.612487508363,1.942827710106E+03));
#4657 = VECTOR('',#4658,1.);
#4658 = DIRECTION('',(0.,-0.874506489198,-0.485013814598));
#4659 = ORIENTED_EDGE('',*,*,#4660,.F.);
#4660 = EDGE_CURVE('',#4661,#4653,#4663,.T.);
#4661 = VERTEX_POINT('',#4662);
#4662 = CARTESIAN_POINT('',(7.94,179.21205844077,1.723577019376E+03));
#4663 = LINE('',#4664,#4665);
#4664 = CARTESIAN_POINT('',(7.94,179.21205844077,1.723577019376E+03));
#4665 = VECTOR('',#4666,1.);
#4666 = DIRECTION('',(0.,-0.485013814598,0.874506489198));
#4667 = ORIENTED_EDGE('',*,*,#4668,.F.);
#4668 = EDGE_CURVE('',#4612,#4661,#4669,.T.);
#4669 = LINE('',#4670,#4671);
#4670 = CARTESIAN_POINT('',(7.94,165.3248953923,1.715875E+03));
#4671 = VECTOR('',#4672,1.);
#4672 = DIRECTION('',(0.,0.874506489198,0.485013814598));
#4673 = PLANE('',#4674);
#4674 = AXIS2_PLACEMENT_3D('',#4675,#4676,#4677);
#4675 = CARTESIAN_POINT('',(7.94,-1.92E-15,1.829351355053E+03));
#4676 = DIRECTION('',(1.,0.,0.));
#4677 = DIRECTION('',(0.,0.,1.));
#4678 = ADVANCED_FACE('',(#4679),#4697,.F.);
#4679 = FACE_BOUND('',#4680,.F.);
#4680 = EDGE_LOOP('',(#4681,#4682,#4690,#4696));
#4681 = ORIENTED_EDGE('',*,*,#4652,.F.);
#4682 = ORIENTED_EDGE('',*,*,#4683,.T.);
#4683 = EDGE_CURVE('',#4653,#4684,#4686,.T.);
#4684 = VERTEX_POINT('',#4685);
#4685 = CARTESIAN_POINT('',(124.12,57.612487508363,1.942827710106E+03));
#4686 = LINE('',#4687,#4688);
#4687 = CARTESIAN_POINT('',(7.94,57.612487508363,1.942827710106E+03));
#4688 = VECTOR('',#4689,1.);
#4689 = DIRECTION('',(1.,0.,0.));
#4690 = ORIENTED_EDGE('',*,*,#4691,.T.);
#4691 = EDGE_CURVE('',#4684,#4630,#4692,.T.);
#4692 = LINE('',#4693,#4694);
#4693 = CARTESIAN_POINT('',(124.12,72.531568214081,1.951102045783E+03));
#4694 = VECTOR('',#4695,1.);
#4695 = DIRECTION('',(0.,-0.874506489198,-0.485013814598));
#4696 = ORIENTED_EDGE('',*,*,#4637,.F.);
#4697 = PLANE('',#4698);
#4698 = AXIS2_PLACEMENT_3D('',#4699,#4700,#4701);
#4699 = CARTESIAN_POINT('',(7.94,57.612487508363,1.942827710106E+03));
#4700 = DIRECTION('',(0.,0.485013814598,-0.874506489198));
#4701 = DIRECTION('',(0.,-0.874506489198,-0.485013814598));
#4702 = ADVANCED_FACE('',(#4703),#4721,.T.);
#4703 = FACE_BOUND('',#4704,.T.);
#4704 = EDGE_LOOP('',(#4705,#4706,#4714,#4720));
#4705 = ORIENTED_EDGE('',*,*,#4629,.F.);
#4706 = ORIENTED_EDGE('',*,*,#4707,.T.);
#4707 = EDGE_CURVE('',#4622,#4708,#4710,.T.);
#4708 = VERTEX_POINT('',#4709);
#4709 = CARTESIAN_POINT('',(124.12,179.21205844077,1.723577019376E+03));
#4710 = LINE('',#4711,#4712);
#4711 = CARTESIAN_POINT('',(124.12,187.18755762225,1.728000345365E+03));
#4712 = VECTOR('',#4713,1.);
#4713 = DIRECTION('',(0.,0.874506489198,0.485013814598));
#4714 = ORIENTED_EDGE('',*,*,#4715,.T.);
#4715 = EDGE_CURVE('',#4708,#4684,#4716,.T.);
#4716 = LINE('',#4717,#4718);
#4717 = CARTESIAN_POINT('',(124.12,185.93694851466,1.711451674011E+03));
#4718 = VECTOR('',#4719,1.);
#4719 = DIRECTION('',(0.,-0.485013814598,0.874506489198));
#4720 = ORIENTED_EDGE('',*,*,#4691,.T.);
#4721 = PLANE('',#4722);
#4722 = AXIS2_PLACEMENT_3D('',#4723,#4724,#4725);
#4723 = CARTESIAN_POINT('',(124.12,222.5,1.715875E+03));
#4724 = DIRECTION('',(1.,0.,0.));
#4725 = DIRECTION('',(0.,-1.,0.));
#4726 = ADVANCED_FACE('',(#4727),#4738,.F.);
#4727 = FACE_BOUND('',#4728,.F.);
#4728 = EDGE_LOOP('',(#4729,#4730,#4731,#4732));
#4729 = ORIENTED_EDGE('',*,*,#4668,.F.);
#4730 = ORIENTED_EDGE('',*,*,#4621,.T.);
#4731 = ORIENTED_EDGE('',*,*,#4707,.T.);
#4732 = ORIENTED_EDGE('',*,*,#4733,.F.);
#4733 = EDGE_CURVE('',#4661,#4708,#4734,.T.);
#4734 = LINE('',#4735,#4736);
#4735 = CARTESIAN_POINT('',(7.94,179.21205844077,1.723577019376E+03));
#4736 = VECTOR('',#4737,1.);
#4737 = DIRECTION('',(1.,0.,0.));
#4738 = PLANE('',#4739);
#4739 = AXIS2_PLACEMENT_3D('',#4740,#4741,#4742);
#4740 = CARTESIAN_POINT('',(7.94,165.3248953923,1.715875E+03));
#4741 = DIRECTION('',(0.,-0.485013814598,0.874506489198));
#4742 = DIRECTION('',(0.,0.874506489198,0.485013814598));
#4743 = ADVANCED_FACE('',(#4744),#4750,.F.);
#4744 = FACE_BOUND('',#4745,.F.);
#4745 = EDGE_LOOP('',(#4746,#4747,#4748,#4749));
#4746 = ORIENTED_EDGE('',*,*,#4660,.F.);
#4747 = ORIENTED_EDGE('',*,*,#4733,.T.);
#4748 = ORIENTED_EDGE('',*,*,#4715,.T.);
#4749 = ORIENTED_EDGE('',*,*,#4683,.F.);
#4750 = PLANE('',#4751);
#4751 = AXIS2_PLACEMENT_3D('',#4752,#4753,#4754);
#4752 = CARTESIAN_POINT('',(7.94,179.21205844077,1.723577019376E+03));
#4753 = DIRECTION('',(0.,-0.874506489198,-0.485013814598));
#4754 = DIRECTION('',(0.,-0.485013814598,0.874506489198));
#4755 = ( GEOMETRIC_REPRESENTATION_CONTEXT(3) 
GLOBAL_UNCERTAINTY_ASSIGNED_CONTEXT((#4759)) 
GLOBAL_UNIT_ASSIGNED_CONTEXT((#4756,#4757,#4758)) REPRESENTATION_CONTEXT
('Context #1','3D Context with UNIT and UNCERTAINTY') );
#4756 = ( LENGTH_UNIT() NAMED_UNIT(*) SI_UNIT(.MILLI.,.METRE.) );
#4757 = ( NAMED_UNIT(*) PLANE_ANGLE_UNIT() SI_UNIT($,.RADIAN.) );
#4758 = ( NAMED_UNIT(*) SI_UNIT($,.STERADIAN.) SOLID_ANGLE_UNIT() );
#4759 = UNCERTAINTY_MEASURE_WITH_UNIT(LENGTH_MEASURE(1.E-07),#4756,
  'distance_accuracy_value','confusion accuracy');
#4760 = MECHANICAL_DESIGN_GEOMETRIC_PRESENTATION_REPRESENTATION('',(
    #4761,#4772),#1020);
#4761 = STYLED_ITEM('color',(#4762),#1049);
#4762 = PRESENTATION_STYLE_ASSIGNMENT((#4763,#4769));
#4763 = SURFACE_STYLE_USAGE(.BOTH.,#4764);
#4764 = SURFACE_SIDE_STYLE('',(#4765));
#4765 = SURFACE_STYLE_FILL_AREA(#4766);
#4766 = FILL_AREA_STYLE('',(#4767));
#4767 = FILL_AREA_STYLE_COLOUR('',#4768);
#4768 = COLOUR_RGB('',0.447058818107,0.474509808674,0.501960817233);
#4769 = CURVE_STYLE('',#4770,POSITIVE_LENGTH_MEASURE(0.1),#4771);
#4770 = DRAUGHTING_PRE_DEFINED_CURVE_FONT('continuous');
#4771 = COLOUR_RGB('',9.803921802644E-02,9.803921802644E-02,
  9.803921802644E-02);
#4772 = STYLED_ITEM('color',(#4773),#1342);
#4773 = PRESENTATION_STYLE_ASSIGNMENT((#4774,#4779));
#4774 = SURFACE_STYLE_USAGE(.BOTH.,#4775);
#4775 = SURFACE_SIDE_STYLE('',(#4776));
#4776 = SURFACE_STYLE_FILL_AREA(#4777);
#4777 = FILL_AREA_STYLE('',(#4778));
#4778 = FILL_AREA_STYLE_COLOUR('',#4768);
#4779 = CURVE_STYLE('',#4780,POSITIVE_LENGTH_MEASURE(0.1),#4771);
#4780 = DRAUGHTING_PRE_DEFINED_CURVE_FONT('continuous');
#4781 = MECHANICAL_DESIGN_GEOMETRIC_PRESENTATION_REPRESENTATION('',(
    #4782,#4791),#4419);
#4782 = STYLED_ITEM('color',(#4783),#4448);
#4783 = PRESENTATION_STYLE_ASSIGNMENT((#4784,#4789));
#4784 = SURFACE_STYLE_USAGE(.BOTH.,#4785);
#4785 = SURFACE_SIDE_STYLE('',(#4786));
#4786 = SURFACE_STYLE_FILL_AREA(#4787);
#4787 = FILL_AREA_STYLE('',(#4788));
#4788 = FILL_AREA_STYLE_COLOUR('',#4768);
#4789 = CURVE_STYLE('',#4790,POSITIVE_LENGTH_MEASURE(0.1),#4771);
#4790 = DRAUGHTING_PRE_DEFINED_CURVE_FONT('continuous');
#4791 = STYLED_ITEM('color',(#4792),#4605);
#4792 = PRESENTATION_STYLE_ASSIGNMENT((#4793,#4798));
#4793 = SURFACE_STYLE_USAGE(.BOTH.,#4794);
#4794 = SURFACE_SIDE_STYLE('',(#4795));
#4795 = SURFACE_STYLE_FILL_AREA(#4796);
#4796 = FILL_AREA_STYLE('',(#4797));
#4797 = FILL_AREA_STYLE_COLOUR('',#4768);
#4798 = CURVE_STYLE('',#4799,POSITIVE_LENGTH_MEASURE(0.1),#4771);
#4799 = DRAUGHTING_PRE_DEFINED_CURVE_FONT('continuous');
#4800 = MECHANICAL_DESIGN_GEOMETRIC_PRESENTATION_REPRESENTATION('',(
    #4801,#4810,#4819),#3254);
#4801 = STYLED_ITEM('color',(#4802),#3283);
#4802 = PRESENTATION_STYLE_ASSIGNMENT((#4803,#4808));
#4803 = SURFACE_STYLE_USAGE(.BOTH.,#4804);
#4804 = SURFACE_SIDE_STYLE('',(#4805));
#4805 = SURFACE_STYLE_FILL_AREA(#4806);
#4806 = FILL_AREA_STYLE('',(#4807));
#4807 = FILL_AREA_STYLE_COLOUR('',#4768);
#4808 = CURVE_STYLE('',#4809,POSITIVE_LENGTH_MEASURE(0.1),#4771);
#4809 = DRAUGHTING_PRE_DEFINED_CURVE_FONT('continuous');
#4810 = STYLED_ITEM('color',(#4811),#3501);
#4811 = PRESENTATION_STYLE_ASSIGNMENT((#4812,#4817));
#4812 = SURFACE_STYLE_USAGE(.BOTH.,#4813);
#4813 = SURFACE_SIDE_STYLE('',(#4814));
#4814 = SURFACE_STYLE_FILL_AREA(#4815);
#4815 = FILL_AREA_STYLE('',(#4816));
#4816 = FILL_AREA_STYLE_COLOUR('',#4768);
#4817 = CURVE_STYLE('',#4818,POSITIVE_LENGTH_MEASURE(0.1),#4771);
#4818 = DRAUGHTING_PRE_DEFINED_CURVE_FONT('continuous');
#4819 = STYLED_ITEM('color',(#4820),#3719);
#4820 = PRESENTATION_STYLE_ASSIGNMENT((#4821,#4826));
#4821 = SURFACE_STYLE_USAGE(.BOTH.,#4822);
#4822 = SURFACE_SIDE_STYLE('',(#4823));
#4823 = SURFACE_STYLE_FILL_AREA(#4824);
#4824 = FILL_AREA_STYLE('',(#4825));
#4825 = FILL_AREA_STYLE_COLOUR('',#4768);
#4826 = CURVE_STYLE('',#4827,POSITIVE_LENGTH_MEASURE(0.1),#4771);
#4827 = DRAUGHTING_PRE_DEFINED_CURVE_FONT('continuous');
#4828 = MECHANICAL_DESIGN_GEOMETRIC_PRESENTATION_REPRESENTATION('',(
    #4829,#4838),#1641);
#4829 = STYLED_ITEM('color',(#4830),#1670);
#4830 = PRESENTATION_STYLE_ASSIGNMENT((#4831,#4836));
#4831 = SURFACE_STYLE_USAGE(.BOTH.,#4832);
#4832 = SURFACE_SIDE_STYLE('',(#4833));
#4833 = SURFACE_STYLE_FILL_AREA(#4834);
#4834 = FILL_AREA_STYLE('',(#4835));
#4835 = FILL_AREA_STYLE_COLOUR('',#4768);
#4836 = CURVE_STYLE('',#4837,POSITIVE_LENGTH_MEASURE(0.1),#4771);
#4837 = DRAUGHTING_PRE_DEFINED_CURVE_FONT('continuous');
#4838 = STYLED_ITEM('color',(#4839),#1827);
#4839 = PRESENTATION_STYLE_ASSIGNMENT((#4840,#4845));
#4840 = SURFACE_STYLE_USAGE(.BOTH.,#4841);
#4841 = SURFACE_SIDE_STYLE('',(#4842));
#4842 = SURFACE_STYLE_FILL_AREA(#4843);
#4843 = FILL_AREA_STYLE('',(#4844));
#4844 = FILL_AREA_STYLE_COLOUR('',#4768);
#4845 = CURVE_STYLE('',#4846,POSITIVE_LENGTH_MEASURE(0.1),#4771);
#4846 = DRAUGHTING_PRE_DEFINED_CURVE_FONT('continuous');
#4847 = MECHANICAL_DESIGN_GEOMETRIC_PRESENTATION_REPRESENTATION('',(
    #4848),#2979);
#4848 = STYLED_ITEM('color',(#4849),#1990);
#4849 = PRESENTATION_STYLE_ASSIGNMENT((#4850,#4855));
#4850 = SURFACE_STYLE_USAGE(.BOTH.,#4851);
#4851 = SURFACE_SIDE_STYLE('',(#4852));
#4852 = SURFACE_STYLE_FILL_AREA(#4853);
#4853 = FILL_AREA_STYLE('',(#4854));
#4854 = FILL_AREA_STYLE_COLOUR('',#4768);
#4855 = CURVE_STYLE('',#4856,POSITIVE_LENGTH_MEASURE(0.1),#4771);
#4856 = DRAUGHTING_PRE_DEFINED_CURVE_FONT('continuous');
#4857 = MECHANICAL_DESIGN_GEOMETRIC_PRESENTATION_REPRESENTATION('',(
    #4858),#985);
#4858 = STYLED_ITEM('color',(#4859),#637);
#4859 = PRESENTATION_STYLE_ASSIGNMENT((#4860,#4865));
#4860 = SURFACE_STYLE_USAGE(.BOTH.,#4861);
#4861 = SURFACE_SIDE_STYLE('',(#4862));
#4862 = SURFACE_STYLE_FILL_AREA(#4863);
#4863 = FILL_AREA_STYLE('',(#4864));
#4864 = FILL_AREA_STYLE_COLOUR('',#4768);
#4865 = CURVE_STYLE('',#4866,POSITIVE_LENGTH_MEASURE(0.1),#4771);
#4866 = DRAUGHTING_PRE_DEFINED_CURVE_FONT('continuous');
#4867 = MECHANICAL_DESIGN_GEOMETRIC_PRESENTATION_REPRESENTATION('',(
    #4868),#602);
#4868 = STYLED_ITEM('color',(#4869),#122);
#4869 = PRESENTATION_STYLE_ASSIGNMENT((#4870,#4875));
#4870 = SURFACE_STYLE_USAGE(.BOTH.,#4871);
#4871 = SURFACE_SIDE_STYLE('',(#4872));
#4872 = SURFACE_STYLE_FILL_AREA(#4873);
#4873 = FILL_AREA_STYLE('',(#4874));
#4874 = FILL_AREA_STYLE_COLOUR('',#4768);
#4875 = CURVE_STYLE('',#4876,POSITIVE_LENGTH_MEASURE(0.1),#4771);
#4876 = DRAUGHTING_PRE_DEFINED_CURVE_FONT('continuous');
#4877 = MECHANICAL_DESIGN_GEOMETRIC_PRESENTATION_REPRESENTATION('',(
    #4878),#3219);
#4878 = STYLED_ITEM('color',(#4879),#3069);
#4879 = PRESENTATION_STYLE_ASSIGNMENT((#4880,#4885));
#4880 = SURFACE_STYLE_USAGE(.BOTH.,#4881);
#4881 = SURFACE_SIDE_STYLE('',(#4882));
#4882 = SURFACE_STYLE_FILL_AREA(#4883);
#4883 = FILL_AREA_STYLE('',(#4884));
#4884 = FILL_AREA_STYLE_COLOUR('',#4768);
#4885 = CURVE_STYLE('',#4886,POSITIVE_LENGTH_MEASURE(0.1),#4771);
#4886 = DRAUGHTING_PRE_DEFINED_CURVE_FONT('continuous');
#4887 = MECHANICAL_DESIGN_GEOMETRIC_PRESENTATION_REPRESENTATION('',(
    #4888),#4035);
#4888 = STYLED_ITEM('color',(#4889),#3943);
#4889 = PRESENTATION_STYLE_ASSIGNMENT((#4890,#4895));
#4890 = SURFACE_STYLE_USAGE(.BOTH.,#4891);
#4891 = SURFACE_SIDE_STYLE('',(#4892));
#4892 = SURFACE_STYLE_FILL_AREA(#4893);
#4893 = FILL_AREA_STYLE('',(#4894));
#4894 = FILL_AREA_STYLE_COLOUR('',#4768);
#4895 = CURVE_STYLE('',#4896,POSITIVE_LENGTH_MEASURE(0.1),#4771);
#4896 = DRAUGHTING_PRE_DEFINED_CURVE_FONT('continuous');
#4897 = MECHANICAL_DESIGN_GEOMETRIC_PRESENTATION_REPRESENTATION('',(
    #4898,#4907),#4070);
#4898 = STYLED_ITEM('color',(#4899),#4099);
#4899 = PRESENTATION_STYLE_ASSIGNMENT((#4900,#4905));
#4900 = SURFACE_STYLE_USAGE(.BOTH.,#4901);
#4901 = SURFACE_SIDE_STYLE('',(#4902));
#4902 = SURFACE_STYLE_FILL_AREA(#4903);
#4903 = FILL_AREA_STYLE('',(#4904));
#4904 = FILL_AREA_STYLE_COLOUR('',#4768);
#4905 = CURVE_STYLE('',#4906,POSITIVE_LENGTH_MEASURE(0.1),#4771);
#4906 = DRAUGHTING_PRE_DEFINED_CURVE_FONT('continuous');
#4907 = STYLED_ITEM('color',(#4908),#4256);
#4908 = PRESENTATION_STYLE_ASSIGNMENT((#4909,#4914));
#4909 = SURFACE_STYLE_USAGE(.BOTH.,#4910);
#4910 = SURFACE_SIDE_STYLE('',(#4911));
#4911 = SURFACE_STYLE_FILL_AREA(#4912);
#4912 = FILL_AREA_STYLE('',(#4913));
#4913 = FILL_AREA_STYLE_COLOUR('',#4768);
#4914 = CURVE_STYLE('',#4915,POSITIVE_LENGTH_MEASURE(0.1),#4771);
#4915 = DRAUGHTING_PRE_DEFINED_CURVE_FONT('continuous');
ENDSEC;
END-ISO-10303-21;
