ISO-10303-21;
HEADER;
FILE_DESCRIPTION(('FreeCAD Model'),'2;1');
FILE_NAME('Open CASCADE Shape Model','2026-09-29T13:22:50',(''),(''),
  'Open CASCADE STEP processor 7.9','FreeCAD','Unknown');
FILE_SCHEMA(('CONFIG_CONTROL_DESIGN','SHAPE_APPEARANCE_LAYER_MIM'));
ENDSEC;
DATA;
#1 = APPLICATION_PROTOCOL_DEFINITION('international standard',
  'config_control_design',1994,#2);
#2 = APPLICATION_CONTEXT(
'configuration controlled 3D designs of mechanical parts and assemblies'
  );
#3 = SHAPE_DEFINITION_REPRESENTATION(#4,#10);
#4 = PRODUCT_DEFINITION_SHAPE('','',#5);
#5 = PRODUCT_DEFINITION('design','',#6,#9);
#6 = PRODUCT_DEFINITION_FORMATION_WITH_SPECIFIED_SOURCE('','',#7,
  .NOT_KNOWN.);
#7 = PRODUCT('Compound','Compound','',(#8));
#8 = MECHANICAL_CONTEXT('',#2,'mechanical');
#9 = DESIGN_CONTEXT('',#2,'design');
#10 = SHAPE_REPRESENTATION('',(#11),#15);
#11 = AXIS2_PLACEMENT_3D('',#12,#13,#14);
#12 = CARTESIAN_POINT('',(0.,0.,0.));
#13 = DIRECTION('',(0.,0.,1.));
#14 = DIRECTION('',(1.,0.,-0.));
#15 = ( GEOMETRIC_REPRESENTATION_CONTEXT(3) 
GLOBAL_UNCERTAINTY_ASSIGNED_CONTEXT((#19)) GLOBAL_UNIT_ASSIGNED_CONTEXT(
(#16,#17,#18)) REPRESENTATION_CONTEXT('Context #1',
  '3D Context with UNIT and UNCERTAINTY') );
#16 = ( LENGTH_UNIT() NAMED_UNIT(*) SI_UNIT(.MILLI.,.METRE.) );
#17 = ( NAMED_UNIT(*) PLANE_ANGLE_UNIT() SI_UNIT($,.RADIAN.) );
#18 = ( NAMED_UNIT(*) SI_UNIT($,.STERADIAN.) SOLID_ANGLE_UNIT() );
#19 = UNCERTAINTY_MEASURE_WITH_UNIT(LENGTH_MEASURE(1.E-04),#16,
  'distance_accuracy_value','confusion accuracy');
#20 = PRODUCT_RELATED_PRODUCT_CATEGORY('detail',$,(#7));
#21 = PRODUCT_CATEGORY_RELATIONSHIP('','',#22,#20);
#22 = PRODUCT_CATEGORY('part',$);
#23 = CC_DESIGN_PERSON_AND_ORGANIZATION_ASSIGNMENT(#24,#27,(#6,#5));
#24 = PERSON_AND_ORGANIZATION(#25,#26);
#25 = PERSON('IP127.0.1,tochapado','','tochapado',$,$,$);
#26 = ORGANIZATION('IP127.0.1','Unspecified','');
#27 = PERSON_AND_ORGANIZATION_ROLE('creator');
#28 = CC_DESIGN_PERSON_AND_ORGANIZATION_ASSIGNMENT(#24,#29,(#7));
#29 = PERSON_AND_ORGANIZATION_ROLE('design_owner');
#30 = CC_DESIGN_PERSON_AND_ORGANIZATION_ASSIGNMENT(#24,#31,(#6));
#31 = PERSON_AND_ORGANIZATION_ROLE('design_supplier');
#32 = CC_DESIGN_PERSON_AND_ORGANIZATION_ASSIGNMENT(#24,#33,(#34));
#33 = PERSON_AND_ORGANIZATION_ROLE('classification_officer');
#34 = SECURITY_CLASSIFICATION('','',#35);
#35 = SECURITY_CLASSIFICATION_LEVEL('unclassified');
#36 = CC_DESIGN_SECURITY_CLASSIFICATION(#34,(#6));
#37 = CC_DESIGN_DATE_AND_TIME_ASSIGNMENT(#38,#42,(#5));
#38 = DATE_AND_TIME(#39,#40);
#39 = CALENDAR_DATE(2026,29,9);
#40 = LOCAL_TIME(13,20,$,#41);
#41 = COORDINATED_UNIVERSAL_TIME_OFFSET(3,$,.BEHIND.);
#42 = DATE_TIME_ROLE('creation_date');
#43 = CC_DESIGN_DATE_AND_TIME_ASSIGNMENT(#38,#44,(#34));
#44 = DATE_TIME_ROLE('classification_date');
#45 = CC_DESIGN_APPROVAL(#46,(#6,#5,#34));
#46 = APPROVAL(#47,'');
#47 = APPROVAL_STATUS('not_yet_approved');
#48 = APPROVAL_PERSON_ORGANIZATION(#24,#46,#49);
#49 = APPROVAL_ROLE('approver');
#50 = APPROVAL_DATE_TIME(#38,#46);
#51 = SHAPE_REPRESENTATION_RELATIONSHIP('','',#52,#10);
#52 = ADVANCED_BREP_SHAPE_REPRESENTATION('',(#11,#53),#533);
#53 = MANIFOLD_SOLID_BREP('',#54);
#54 = CLOSED_SHELL('',(#55,#111,#142,#205,#229,#317,#334,#351,#389,#406,
    #418,#442,#466,#483,#502,#519));
#55 = ADVANCED_FACE('',(#56),#106,.F.);
#56 = FACE_BOUND('',#57,.F.);
#57 = EDGE_LOOP('',(#58,#68,#76,#84,#92,#100));
#58 = ORIENTED_EDGE('',*,*,#59,.F.);
#59 = EDGE_CURVE('',#60,#62,#64,.T.);
#60 = VERTEX_POINT('',#61);
#61 = CARTESIAN_POINT('',(2.5,-175.,90.));
#62 = VERTEX_POINT('',#63);
#63 = CARTESIAN_POINT('',(165.48,-175.,90.));
#64 = LINE('',#65,#66);
#65 = CARTESIAN_POINT('',(-165.48,-175.,90.));
#66 = VECTOR('',#67,1.);
#67 = DIRECTION('',(1.,0.,0.));
#68 = ORIENTED_EDGE('',*,*,#69,.T.);
#69 = EDGE_CURVE('',#60,#70,#72,.T.);
#70 = VERTEX_POINT('',#71);
#71 = CARTESIAN_POINT('',(2.5,-175.,1.7E+03));
#72 = LINE('',#73,#74);
#73 = CARTESIAN_POINT('',(2.5,-175.,0.));
#74 = VECTOR('',#75,1.);
#75 = DIRECTION('',(0.,0.,1.));
#76 = ORIENTED_EDGE('',*,*,#77,.T.);
#77 = EDGE_CURVE('',#70,#78,#80,.T.);
#78 = VERTEX_POINT('',#79);
#79 = CARTESIAN_POINT('',(175.,-175.,1.7E+03));
#80 = LINE('',#81,#82);
#81 = CARTESIAN_POINT('',(2.5,-175.,1.7E+03));
#82 = VECTOR('',#83,1.);
#83 = DIRECTION('',(1.,0.,0.));
#84 = ORIENTED_EDGE('',*,*,#85,.F.);
#85 = EDGE_CURVE('',#86,#78,#88,.T.);
#86 = VERTEX_POINT('',#87);
#87 = CARTESIAN_POINT('',(175.,-175.,0.));
#88 = LINE('',#89,#90);
#89 = CARTESIAN_POINT('',(175.,-175.,0.));
#90 = VECTOR('',#91,1.);
#91 = DIRECTION('',(0.,0.,1.));
#92 = ORIENTED_EDGE('',*,*,#93,.F.);
#93 = EDGE_CURVE('',#94,#86,#96,.T.);
#94 = VERTEX_POINT('',#95);
#95 = CARTESIAN_POINT('',(165.48,-175.,0.));
#96 = LINE('',#97,#98);
#97 = CARTESIAN_POINT('',(2.5,-175.,0.));
#98 = VECTOR('',#99,1.);
#99 = DIRECTION('',(1.,0.,0.));
#100 = ORIENTED_EDGE('',*,*,#101,.F.);
#101 = EDGE_CURVE('',#62,#94,#102,.T.);
#102 = LINE('',#103,#104);
#103 = CARTESIAN_POINT('',(165.48,-175.,90.));
#104 = VECTOR('',#105,1.);
#105 = DIRECTION('',(0.,0.,-1.));
#106 = PLANE('',#107);
#107 = AXIS2_PLACEMENT_3D('',#108,#109,#110);
#108 = CARTESIAN_POINT('',(2.5,-175.,0.));
#109 = DIRECTION('',(0.,1.,0.));
#110 = DIRECTION('',(1.,0.,0.));
#111 = ADVANCED_FACE('',(#112),#137,.T.);
#112 = FACE_BOUND('',#113,.T.);
#113 = EDGE_LOOP('',(#114,#115,#123,#131));
#114 = ORIENTED_EDGE('',*,*,#59,.F.);
#115 = ORIENTED_EDGE('',*,*,#116,.F.);
#116 = EDGE_CURVE('',#117,#60,#119,.T.);
#117 = VERTEX_POINT('',#118);
#118 = CARTESIAN_POINT('',(2.5,-165.48,90.));
#119 = LINE('',#120,#121);
#120 = CARTESIAN_POINT('',(2.5,-175.,90.));
#121 = VECTOR('',#122,1.);
#122 = DIRECTION('',(0.,-1.,2.2E-16));
#123 = ORIENTED_EDGE('',*,*,#124,.F.);
#124 = EDGE_CURVE('',#125,#117,#127,.T.);
#125 = VERTEX_POINT('',#126);
#126 = CARTESIAN_POINT('',(165.48,-165.48,90.));
#127 = LINE('',#128,#129);
#128 = CARTESIAN_POINT('',(-81.49,-165.48,90.));
#129 = VECTOR('',#130,1.);
#130 = DIRECTION('',(-1.,0.,0.));
#131 = ORIENTED_EDGE('',*,*,#132,.F.);
#132 = EDGE_CURVE('',#62,#125,#133,.T.);
#133 = LINE('',#134,#135);
#134 = CARTESIAN_POINT('',(165.48,-175.,90.));
#135 = VECTOR('',#136,1.);
#136 = DIRECTION('',(0.,1.,-2.2E-16));
#137 = PLANE('',#138);
#138 = AXIS2_PLACEMENT_3D('',#139,#140,#141);
#139 = CARTESIAN_POINT('',(-165.48,-175.,90.));
#140 = DIRECTION('',(0.,-2.2E-16,-1.));
#141 = DIRECTION('',(1.,0.,0.));
#142 = ADVANCED_FACE('',(#143),#200,.F.);
#143 = FACE_BOUND('',#144,.F.);
#144 = EDGE_LOOP('',(#145,#153,#154,#162,#170,#178,#186,#194));
#145 = ORIENTED_EDGE('',*,*,#146,.F.);
#146 = EDGE_CURVE('',#94,#147,#149,.T.);
#147 = VERTEX_POINT('',#148);
#148 = CARTESIAN_POINT('',(165.48,165.48,-5.E-14));
#149 = LINE('',#150,#151);
#150 = CARTESIAN_POINT('',(165.48,-175.,0.));
#151 = VECTOR('',#152,1.);
#152 = DIRECTION('',(0.,1.,-2.2E-16));
#153 = ORIENTED_EDGE('',*,*,#93,.T.);
#154 = ORIENTED_EDGE('',*,*,#155,.T.);
#155 = EDGE_CURVE('',#86,#156,#158,.T.);
#156 = VERTEX_POINT('',#157);
#157 = CARTESIAN_POINT('',(175.,175.,0.));
#158 = LINE('',#159,#160);
#159 = CARTESIAN_POINT('',(175.,-175.,0.));
#160 = VECTOR('',#161,1.);
#161 = DIRECTION('',(0.,1.,0.));
#162 = ORIENTED_EDGE('',*,*,#163,.T.);
#163 = EDGE_CURVE('',#156,#164,#166,.T.);
#164 = VERTEX_POINT('',#165);
#165 = CARTESIAN_POINT('',(-175.,175.,0.));
#166 = LINE('',#167,#168);
#167 = CARTESIAN_POINT('',(175.,175.,0.));
#168 = VECTOR('',#169,1.);
#169 = DIRECTION('',(-1.,0.,0.));
#170 = ORIENTED_EDGE('',*,*,#171,.T.);
#171 = EDGE_CURVE('',#164,#172,#174,.T.);
#172 = VERTEX_POINT('',#173);
#173 = CARTESIAN_POINT('',(-175.,-175.,0.));
#174 = LINE('',#175,#176);
#175 = CARTESIAN_POINT('',(-175.,175.,0.));
#176 = VECTOR('',#177,1.);
#177 = DIRECTION('',(0.,-1.,0.));
#178 = ORIENTED_EDGE('',*,*,#179,.T.);
#179 = EDGE_CURVE('',#172,#180,#182,.T.);
#180 = VERTEX_POINT('',#181);
#181 = CARTESIAN_POINT('',(-165.48,-175.,0.));
#182 = LINE('',#183,#184);
#183 = CARTESIAN_POINT('',(-175.,-175.,0.));
#184 = VECTOR('',#185,1.);
#185 = DIRECTION('',(1.,0.,0.));
#186 = ORIENTED_EDGE('',*,*,#187,.F.);
#187 = EDGE_CURVE('',#188,#180,#190,.T.);
#188 = VERTEX_POINT('',#189);
#189 = CARTESIAN_POINT('',(-165.48,165.48,-5.E-14));
#190 = LINE('',#191,#192);
#191 = CARTESIAN_POINT('',(-165.48,165.48,0.));
#192 = VECTOR('',#193,1.);
#193 = DIRECTION('',(0.,-1.,0.));
#194 = ORIENTED_EDGE('',*,*,#195,.F.);
#195 = EDGE_CURVE('',#147,#188,#196,.T.);
#196 = LINE('',#197,#198);
#197 = CARTESIAN_POINT('',(165.48,165.48,0.));
#198 = VECTOR('',#199,1.);
#199 = DIRECTION('',(-1.,0.,0.));
#200 = PLANE('',#201);
#201 = AXIS2_PLACEMENT_3D('',#202,#203,#204);
#202 = CARTESIAN_POINT('',(-4.2E-16,-0.563131055882,0.));
#203 = DIRECTION('',(0.,0.,1.));
#204 = DIRECTION('',(1.,0.,0.));
#205 = ADVANCED_FACE('',(#206),#224,.F.);
#206 = FACE_BOUND('',#207,.F.);
#207 = EDGE_LOOP('',(#208,#209,#217,#223));
#208 = ORIENTED_EDGE('',*,*,#85,.T.);
#209 = ORIENTED_EDGE('',*,*,#210,.T.);
#210 = EDGE_CURVE('',#78,#211,#213,.T.);
#211 = VERTEX_POINT('',#212);
#212 = CARTESIAN_POINT('',(175.,175.,1.7E+03));
#213 = LINE('',#214,#215);
#214 = CARTESIAN_POINT('',(175.,-175.,1.7E+03));
#215 = VECTOR('',#216,1.);
#216 = DIRECTION('',(0.,1.,0.));
#217 = ORIENTED_EDGE('',*,*,#218,.F.);
#218 = EDGE_CURVE('',#156,#211,#219,.T.);
#219 = LINE('',#220,#221);
#220 = CARTESIAN_POINT('',(175.,175.,0.));
#221 = VECTOR('',#222,1.);
#222 = DIRECTION('',(0.,0.,1.));
#223 = ORIENTED_EDGE('',*,*,#155,.F.);
#224 = PLANE('',#225);
#225 = AXIS2_PLACEMENT_3D('',#226,#227,#228);
#226 = CARTESIAN_POINT('',(175.,-175.,0.));
#227 = DIRECTION('',(-1.,0.,0.));
#228 = DIRECTION('',(0.,1.,0.));
#229 = ADVANCED_FACE('',(#230),#312,.T.);
#230 = FACE_BOUND('',#231,.T.);
#231 = EDGE_LOOP('',(#232,#233,#234,#242,#250,#258,#266,#274,#282,#290,
    #298,#306));
#232 = ORIENTED_EDGE('',*,*,#77,.T.);
#233 = ORIENTED_EDGE('',*,*,#210,.T.);
#234 = ORIENTED_EDGE('',*,*,#235,.T.);
#235 = EDGE_CURVE('',#211,#236,#238,.T.);
#236 = VERTEX_POINT('',#237);
#237 = CARTESIAN_POINT('',(-175.,175.,1.7E+03));
#238 = LINE('',#239,#240);
#239 = CARTESIAN_POINT('',(175.,175.,1.7E+03));
#240 = VECTOR('',#241,1.);
#241 = DIRECTION('',(-1.,0.,0.));
#242 = ORIENTED_EDGE('',*,*,#243,.T.);
#243 = EDGE_CURVE('',#236,#244,#246,.T.);
#244 = VERTEX_POINT('',#245);
#245 = CARTESIAN_POINT('',(-175.,-175.,1.7E+03));
#246 = LINE('',#247,#248);
#247 = CARTESIAN_POINT('',(-175.,175.,1.7E+03));
#248 = VECTOR('',#249,1.);
#249 = DIRECTION('',(0.,-1.,0.));
#250 = ORIENTED_EDGE('',*,*,#251,.T.);
#251 = EDGE_CURVE('',#244,#252,#254,.T.);
#252 = VERTEX_POINT('',#253);
#253 = CARTESIAN_POINT('',(-2.5,-175.,1.7E+03));
#254 = LINE('',#255,#256);
#255 = CARTESIAN_POINT('',(-175.,-175.,1.7E+03));
#256 = VECTOR('',#257,1.);
#257 = DIRECTION('',(1.,0.,0.));
#258 = ORIENTED_EDGE('',*,*,#259,.T.);
#259 = EDGE_CURVE('',#252,#260,#262,.T.);
#260 = VERTEX_POINT('',#261);
#261 = CARTESIAN_POINT('',(-2.5,-165.48,1.7E+03));
#262 = LINE('',#263,#264);
#263 = CARTESIAN_POINT('',(-2.5,-175.,1.7E+03));
#264 = VECTOR('',#265,1.);
#265 = DIRECTION('',(0.,1.,0.));
#266 = ORIENTED_EDGE('',*,*,#267,.F.);
#267 = EDGE_CURVE('',#268,#260,#270,.T.);
#268 = VERTEX_POINT('',#269);
#269 = CARTESIAN_POINT('',(-165.48,-165.48,1.7E+03));
#270 = LINE('',#271,#272);
#271 = CARTESIAN_POINT('',(-165.48,-165.48,1.7E+03));
#272 = VECTOR('',#273,1.);
#273 = DIRECTION('',(1.,0.,0.));
#274 = ORIENTED_EDGE('',*,*,#275,.F.);
#275 = EDGE_CURVE('',#276,#268,#278,.T.);
#276 = VERTEX_POINT('',#277);
#277 = CARTESIAN_POINT('',(-165.48,165.48,1.7E+03));
#278 = LINE('',#279,#280);
#279 = CARTESIAN_POINT('',(-165.48,165.48,1.7E+03));
#280 = VECTOR('',#281,1.);
#281 = DIRECTION('',(0.,-1.,0.));
#282 = ORIENTED_EDGE('',*,*,#283,.F.);
#283 = EDGE_CURVE('',#284,#276,#286,.T.);
#284 = VERTEX_POINT('',#285);
#285 = CARTESIAN_POINT('',(165.48,165.48,1.7E+03));
#286 = LINE('',#287,#288);
#287 = CARTESIAN_POINT('',(165.48,165.48,1.7E+03));
#288 = VECTOR('',#289,1.);
#289 = DIRECTION('',(-1.,0.,0.));
#290 = ORIENTED_EDGE('',*,*,#291,.F.);
#291 = EDGE_CURVE('',#292,#284,#294,.T.);
#292 = VERTEX_POINT('',#293);
#293 = CARTESIAN_POINT('',(165.48,-165.48,1.7E+03));
#294 = LINE('',#295,#296);
#295 = CARTESIAN_POINT('',(165.48,-165.48,1.7E+03));
#296 = VECTOR('',#297,1.);
#297 = DIRECTION('',(0.,1.,0.));
#298 = ORIENTED_EDGE('',*,*,#299,.F.);
#299 = EDGE_CURVE('',#300,#292,#302,.T.);
#300 = VERTEX_POINT('',#301);
#301 = CARTESIAN_POINT('',(2.5,-165.48,1.7E+03));
#302 = LINE('',#303,#304);
#303 = CARTESIAN_POINT('',(2.5,-165.48,1.7E+03));
#304 = VECTOR('',#305,1.);
#305 = DIRECTION('',(1.,0.,0.));
#306 = ORIENTED_EDGE('',*,*,#307,.F.);
#307 = EDGE_CURVE('',#70,#300,#308,.T.);
#308 = LINE('',#309,#310);
#309 = CARTESIAN_POINT('',(2.5,-175.,1.7E+03));
#310 = VECTOR('',#311,1.);
#311 = DIRECTION('',(0.,1.,0.));
#312 = PLANE('',#313);
#313 = AXIS2_PLACEMENT_3D('',#314,#315,#316);
#314 = CARTESIAN_POINT('',(-4.2E-16,-0.563131055882,1.7E+03));
#315 = DIRECTION('',(0.,0.,1.));
#316 = DIRECTION('',(1.,0.,0.));
#317 = ADVANCED_FACE('',(#318),#329,.T.);
#318 = FACE_BOUND('',#319,.T.);
#319 = EDGE_LOOP('',(#320,#321,#322,#323));
#320 = ORIENTED_EDGE('',*,*,#116,.T.);
#321 = ORIENTED_EDGE('',*,*,#69,.T.);
#322 = ORIENTED_EDGE('',*,*,#307,.T.);
#323 = ORIENTED_EDGE('',*,*,#324,.F.);
#324 = EDGE_CURVE('',#117,#300,#325,.T.);
#325 = LINE('',#326,#327);
#326 = CARTESIAN_POINT('',(2.5,-165.48,0.));
#327 = VECTOR('',#328,1.);
#328 = DIRECTION('',(0.,0.,1.));
#329 = PLANE('',#330);
#330 = AXIS2_PLACEMENT_3D('',#331,#332,#333);
#331 = CARTESIAN_POINT('',(2.5,-175.,0.));
#332 = DIRECTION('',(-1.,0.,0.));
#333 = DIRECTION('',(0.,1.,0.));
#334 = ADVANCED_FACE('',(#335),#346,.T.);
#335 = FACE_BOUND('',#336,.T.);
#336 = EDGE_LOOP('',(#337,#338,#339,#340));
#337 = ORIENTED_EDGE('',*,*,#124,.T.);
#338 = ORIENTED_EDGE('',*,*,#324,.T.);
#339 = ORIENTED_EDGE('',*,*,#299,.T.);
#340 = ORIENTED_EDGE('',*,*,#341,.F.);
#341 = EDGE_CURVE('',#125,#292,#342,.T.);
#342 = LINE('',#343,#344);
#343 = CARTESIAN_POINT('',(165.48,-165.48,0.));
#344 = VECTOR('',#345,1.);
#345 = DIRECTION('',(0.,0.,1.));
#346 = PLANE('',#347);
#347 = AXIS2_PLACEMENT_3D('',#348,#349,#350);
#348 = CARTESIAN_POINT('',(2.5,-165.48,0.));
#349 = DIRECTION('',(0.,1.,0.));
#350 = DIRECTION('',(1.,0.,0.));
#351 = ADVANCED_FACE('',(#352),#384,.F.);
#352 = FACE_BOUND('',#353,.F.);
#353 = EDGE_LOOP('',(#354,#355,#361,#362,#370,#378));
#354 = ORIENTED_EDGE('',*,*,#179,.F.);
#355 = ORIENTED_EDGE('',*,*,#356,.T.);
#356 = EDGE_CURVE('',#172,#244,#357,.T.);
#357 = LINE('',#358,#359);
#358 = CARTESIAN_POINT('',(-175.,-175.,0.));
#359 = VECTOR('',#360,1.);
#360 = DIRECTION('',(0.,0.,1.));
#361 = ORIENTED_EDGE('',*,*,#251,.T.);
#362 = ORIENTED_EDGE('',*,*,#363,.F.);
#363 = EDGE_CURVE('',#364,#252,#366,.T.);
#364 = VERTEX_POINT('',#365);
#365 = CARTESIAN_POINT('',(-2.5,-175.,90.));
#366 = LINE('',#367,#368);
#367 = CARTESIAN_POINT('',(-2.5,-175.,0.));
#368 = VECTOR('',#369,1.);
#369 = DIRECTION('',(0.,0.,1.));
#370 = ORIENTED_EDGE('',*,*,#371,.F.);
#371 = EDGE_CURVE('',#372,#364,#374,.T.);
#372 = VERTEX_POINT('',#373);
#373 = CARTESIAN_POINT('',(-165.48,-175.,90.));
#374 = LINE('',#375,#376);
#375 = CARTESIAN_POINT('',(-165.48,-175.,90.));
#376 = VECTOR('',#377,1.);
#377 = DIRECTION('',(1.,0.,0.));
#378 = ORIENTED_EDGE('',*,*,#379,.F.);
#379 = EDGE_CURVE('',#180,#372,#380,.T.);
#380 = LINE('',#381,#382);
#381 = CARTESIAN_POINT('',(-165.48,-175.,0.));
#382 = VECTOR('',#383,1.);
#383 = DIRECTION('',(0.,0.,1.));
#384 = PLANE('',#385);
#385 = AXIS2_PLACEMENT_3D('',#386,#387,#388);
#386 = CARTESIAN_POINT('',(-175.,-175.,0.));
#387 = DIRECTION('',(0.,1.,0.));
#388 = DIRECTION('',(1.,0.,0.));
#389 = ADVANCED_FACE('',(#390),#401,.F.);
#390 = FACE_BOUND('',#391,.F.);
#391 = EDGE_LOOP('',(#392,#398,#399,#400));
#392 = ORIENTED_EDGE('',*,*,#393,.T.);
#393 = EDGE_CURVE('',#164,#236,#394,.T.);
#394 = LINE('',#395,#396);
#395 = CARTESIAN_POINT('',(-175.,175.,0.));
#396 = VECTOR('',#397,1.);
#397 = DIRECTION('',(0.,0.,1.));
#398 = ORIENTED_EDGE('',*,*,#243,.T.);
#399 = ORIENTED_EDGE('',*,*,#356,.F.);
#400 = ORIENTED_EDGE('',*,*,#171,.F.);
#401 = PLANE('',#402);
#402 = AXIS2_PLACEMENT_3D('',#403,#404,#405);
#403 = CARTESIAN_POINT('',(-175.,175.,0.));
#404 = DIRECTION('',(1.,0.,0.));
#405 = DIRECTION('',(0.,-1.,0.));
#406 = ADVANCED_FACE('',(#407),#413,.F.);
#407 = FACE_BOUND('',#408,.F.);
#408 = EDGE_LOOP('',(#409,#410,#411,#412));
#409 = ORIENTED_EDGE('',*,*,#218,.T.);
#410 = ORIENTED_EDGE('',*,*,#235,.T.);
#411 = ORIENTED_EDGE('',*,*,#393,.F.);
#412 = ORIENTED_EDGE('',*,*,#163,.F.);
#413 = PLANE('',#414);
#414 = AXIS2_PLACEMENT_3D('',#415,#416,#417);
#415 = CARTESIAN_POINT('',(175.,175.,0.));
#416 = DIRECTION('',(0.,-1.,0.));
#417 = DIRECTION('',(-1.,0.,0.));
#418 = ADVANCED_FACE('',(#419),#437,.F.);
#419 = FACE_BOUND('',#420,.F.);
#420 = EDGE_LOOP('',(#421,#429,#430,#431));
#421 = ORIENTED_EDGE('',*,*,#422,.T.);
#422 = EDGE_CURVE('',#423,#364,#425,.T.);
#423 = VERTEX_POINT('',#424);
#424 = CARTESIAN_POINT('',(-2.5,-165.48,90.));
#425 = LINE('',#426,#427);
#426 = CARTESIAN_POINT('',(-2.5,-175.,90.));
#427 = VECTOR('',#428,1.);
#428 = DIRECTION('',(0.,-1.,2.2E-16));
#429 = ORIENTED_EDGE('',*,*,#363,.T.);
#430 = ORIENTED_EDGE('',*,*,#259,.T.);
#431 = ORIENTED_EDGE('',*,*,#432,.F.);
#432 = EDGE_CURVE('',#423,#260,#433,.T.);
#433 = LINE('',#434,#435);
#434 = CARTESIAN_POINT('',(-2.5,-165.48,0.));
#435 = VECTOR('',#436,1.);
#436 = DIRECTION('',(0.,0.,1.));
#437 = PLANE('',#438);
#438 = AXIS2_PLACEMENT_3D('',#439,#440,#441);
#439 = CARTESIAN_POINT('',(-2.5,-175.,0.));
#440 = DIRECTION('',(-1.,0.,0.));
#441 = DIRECTION('',(0.,1.,0.));
#442 = ADVANCED_FACE('',(#443),#461,.T.);
#443 = FACE_BOUND('',#444,.T.);
#444 = EDGE_LOOP('',(#445,#453,#459,#460));
#445 = ORIENTED_EDGE('',*,*,#446,.T.);
#446 = EDGE_CURVE('',#423,#447,#449,.T.);
#447 = VERTEX_POINT('',#448);
#448 = CARTESIAN_POINT('',(-165.48,-165.48,90.));
#449 = LINE('',#450,#451);
#450 = CARTESIAN_POINT('',(-165.48,-165.48,90.));
#451 = VECTOR('',#452,1.);
#452 = DIRECTION('',(-1.,0.,0.));
#453 = ORIENTED_EDGE('',*,*,#454,.T.);
#454 = EDGE_CURVE('',#447,#268,#455,.T.);
#455 = LINE('',#456,#457);
#456 = CARTESIAN_POINT('',(-165.48,-165.48,0.));
#457 = VECTOR('',#458,1.);
#458 = DIRECTION('',(0.,0.,1.));
#459 = ORIENTED_EDGE('',*,*,#267,.T.);
#460 = ORIENTED_EDGE('',*,*,#432,.F.);
#461 = PLANE('',#462);
#462 = AXIS2_PLACEMENT_3D('',#463,#464,#465);
#463 = CARTESIAN_POINT('',(-165.48,-165.48,0.));
#464 = DIRECTION('',(0.,1.,0.));
#465 = DIRECTION('',(1.,0.,0.));
#466 = ADVANCED_FACE('',(#467),#478,.T.);
#467 = FACE_BOUND('',#468,.T.);
#468 = EDGE_LOOP('',(#469,#470,#476,#477));
#469 = ORIENTED_EDGE('',*,*,#371,.F.);
#470 = ORIENTED_EDGE('',*,*,#471,.T.);
#471 = EDGE_CURVE('',#372,#447,#472,.T.);
#472 = LINE('',#473,#474);
#473 = CARTESIAN_POINT('',(-165.48,-175.,90.));
#474 = VECTOR('',#475,1.);
#475 = DIRECTION('',(0.,1.,-2.2E-16));
#476 = ORIENTED_EDGE('',*,*,#446,.F.);
#477 = ORIENTED_EDGE('',*,*,#422,.T.);
#478 = PLANE('',#479);
#479 = AXIS2_PLACEMENT_3D('',#480,#481,#482);
#480 = CARTESIAN_POINT('',(-165.48,-175.,90.));
#481 = DIRECTION('',(0.,-2.2E-16,-1.));
#482 = DIRECTION('',(1.,0.,0.));
#483 = ADVANCED_FACE('',(#484),#497,.T.);
#484 = FACE_BOUND('',#485,.T.);
#485 = EDGE_LOOP('',(#486,#487,#488,#489,#490,#496));
#486 = ORIENTED_EDGE('',*,*,#101,.F.);
#487 = ORIENTED_EDGE('',*,*,#132,.T.);
#488 = ORIENTED_EDGE('',*,*,#341,.T.);
#489 = ORIENTED_EDGE('',*,*,#291,.T.);
#490 = ORIENTED_EDGE('',*,*,#491,.F.);
#491 = EDGE_CURVE('',#147,#284,#492,.T.);
#492 = LINE('',#493,#494);
#493 = CARTESIAN_POINT('',(165.48,165.48,0.));
#494 = VECTOR('',#495,1.);
#495 = DIRECTION('',(0.,0.,1.));
#496 = ORIENTED_EDGE('',*,*,#146,.F.);
#497 = PLANE('',#498);
#498 = AXIS2_PLACEMENT_3D('',#499,#500,#501);
#499 = CARTESIAN_POINT('',(165.48,-1.004217046969,846.24421704696));
#500 = DIRECTION('',(-1.,-0.,-0.));
#501 = DIRECTION('',(0.,0.,-1.));
#502 = ADVANCED_FACE('',(#503),#514,.T.);
#503 = FACE_BOUND('',#504,.T.);
#504 = EDGE_LOOP('',(#505,#506,#507,#508));
#505 = ORIENTED_EDGE('',*,*,#195,.F.);
#506 = ORIENTED_EDGE('',*,*,#491,.T.);
#507 = ORIENTED_EDGE('',*,*,#283,.T.);
#508 = ORIENTED_EDGE('',*,*,#509,.F.);
#509 = EDGE_CURVE('',#188,#276,#510,.T.);
#510 = LINE('',#511,#512);
#511 = CARTESIAN_POINT('',(-165.48,165.48,0.));
#512 = VECTOR('',#513,1.);
#513 = DIRECTION('',(0.,0.,1.));
#514 = PLANE('',#515);
#515 = AXIS2_PLACEMENT_3D('',#516,#517,#518);
#516 = CARTESIAN_POINT('',(5.82E-15,165.48,850.));
#517 = DIRECTION('',(-0.,-1.,-0.));
#518 = DIRECTION('',(0.,0.,-1.));
#519 = ADVANCED_FACE('',(#520),#528,.T.);
#520 = FACE_BOUND('',#521,.T.);
#521 = EDGE_LOOP('',(#522,#523,#524,#525,#526,#527));
#522 = ORIENTED_EDGE('',*,*,#187,.F.);
#523 = ORIENTED_EDGE('',*,*,#509,.T.);
#524 = ORIENTED_EDGE('',*,*,#275,.T.);
#525 = ORIENTED_EDGE('',*,*,#454,.F.);
#526 = ORIENTED_EDGE('',*,*,#471,.F.);
#527 = ORIENTED_EDGE('',*,*,#379,.F.);
#528 = PLANE('',#529);
#529 = AXIS2_PLACEMENT_3D('',#530,#531,#532);
#530 = CARTESIAN_POINT('',(-165.48,-1.004217046969,846.24421704696));
#531 = DIRECTION('',(1.,0.,0.));
#532 = DIRECTION('',(0.,0.,1.));
#533 = ( GEOMETRIC_REPRESENTATION_CONTEXT(3) 
GLOBAL_UNCERTAINTY_ASSIGNED_CONTEXT((#537)) GLOBAL_UNIT_ASSIGNED_CONTEXT
((#534,#535,#536)) REPRESENTATION_CONTEXT('Context #1',
  '3D Context with UNIT and UNCERTAINTY') );
#534 = ( LENGTH_UNIT() NAMED_UNIT(*) SI_UNIT(.MILLI.,.METRE.) );
#535 = ( NAMED_UNIT(*) PLANE_ANGLE_UNIT() SI_UNIT($,.RADIAN.) );
#536 = ( NAMED_UNIT(*) SI_UNIT($,.STERADIAN.) SOLID_ANGLE_UNIT() );
#537 = UNCERTAINTY_MEASURE_WITH_UNIT(LENGTH_MEASURE(1.E-04),#534,
  'distance_accuracy_value','confusion accuracy');
#538 = SHAPE_REPRESENTATION_RELATIONSHIP('','',#539,#10);
#539 = ADVANCED_BREP_SHAPE_REPRESENTATION('',(#11,#540),#888);
#540 = MANIFOLD_SOLID_BREP('',#541);
#541 = CLOSED_SHELL('',(#542,#582,#629,#653,#693,#724,#748,#779,#803,
    #827,#851,#872));
#542 = ADVANCED_FACE('',(#543),#577,.T.);
#543 = FACE_BOUND('',#544,.T.);
#544 = EDGE_LOOP('',(#545,#555,#563,#571));
#545 = ORIENTED_EDGE('',*,*,#546,.F.);
#546 = EDGE_CURVE('',#547,#549,#551,.T.);
#547 = VERTEX_POINT('',#548);
#548 = CARTESIAN_POINT('',(-165.48,-175.,90.));
#549 = VERTEX_POINT('',#550);
#550 = CARTESIAN_POINT('',(-165.48,-102.3,90.));
#551 = LINE('',#552,#553);
#552 = CARTESIAN_POINT('',(-165.48,-175.,90.));
#553 = VECTOR('',#554,1.);
#554 = DIRECTION('',(0.,1.,0.));
#555 = ORIENTED_EDGE('',*,*,#556,.T.);
#556 = EDGE_CURVE('',#547,#557,#559,.T.);
#557 = VERTEX_POINT('',#558);
#558 = CARTESIAN_POINT('',(165.48,-175.,90.));
#559 = LINE('',#560,#561);
#560 = CARTESIAN_POINT('',(-165.48,-175.,90.));
#561 = VECTOR('',#562,1.);
#562 = DIRECTION('',(1.,0.,0.));
#563 = ORIENTED_EDGE('',*,*,#564,.F.);
#564 = EDGE_CURVE('',#565,#557,#567,.T.);
#565 = VERTEX_POINT('',#566);
#566 = CARTESIAN_POINT('',(165.48,-102.3,90.));
#567 = LINE('',#568,#569);
#568 = CARTESIAN_POINT('',(165.48,-88.00210852348,90.));
#569 = VECTOR('',#570,1.);
#570 = DIRECTION('',(0.,-1.,0.));
#571 = ORIENTED_EDGE('',*,*,#572,.F.);
#572 = EDGE_CURVE('',#549,#565,#573,.T.);
#573 = LINE('',#574,#575);
#574 = CARTESIAN_POINT('',(-165.48,-102.3,90.));
#575 = VECTOR('',#576,1.);
#576 = DIRECTION('',(1.,0.,0.));
#577 = PLANE('',#578);
#578 = AXIS2_PLACEMENT_3D('',#579,#580,#581);
#579 = CARTESIAN_POINT('',(-165.48,-175.,90.));
#580 = DIRECTION('',(0.,0.,1.));
#581 = DIRECTION('',(0.,1.,0.));
#582 = ADVANCED_FACE('',(#583),#624,.F.);
#583 = FACE_BOUND('',#584,.T.);
#584 = EDGE_LOOP('',(#585,#586,#594,#602,#610,#618));
#585 = ORIENTED_EDGE('',*,*,#546,.T.);
#586 = ORIENTED_EDGE('',*,*,#587,.T.);
#587 = EDGE_CURVE('',#549,#588,#590,.T.);
#588 = VERTEX_POINT('',#589);
#589 = CARTESIAN_POINT('',(-165.48,-102.3,0.));
#590 = LINE('',#591,#592);
#591 = CARTESIAN_POINT('',(-165.48,-102.3,90.));
#592 = VECTOR('',#593,1.);
#593 = DIRECTION('',(0.,0.,-1.));
#594 = ORIENTED_EDGE('',*,*,#595,.T.);
#595 = EDGE_CURVE('',#588,#596,#598,.T.);
#596 = VERTEX_POINT('',#597);
#597 = CARTESIAN_POINT('',(-165.48,-115.,0.));
#598 = LINE('',#599,#600);
#599 = CARTESIAN_POINT('',(-165.48,-102.3,0.));
#600 = VECTOR('',#601,1.);
#601 = DIRECTION('',(0.,-1.,0.));
#602 = ORIENTED_EDGE('',*,*,#603,.T.);
#603 = EDGE_CURVE('',#596,#604,#606,.T.);
#604 = VERTEX_POINT('',#605);
#605 = CARTESIAN_POINT('',(-165.48,-115.,77.3));
#606 = LINE('',#607,#608);
#607 = CARTESIAN_POINT('',(-165.48,-115.,0.));
#608 = VECTOR('',#609,1.);
#609 = DIRECTION('',(0.,0.,1.));
#610 = ORIENTED_EDGE('',*,*,#611,.T.);
#611 = EDGE_CURVE('',#604,#612,#614,.T.);
#612 = VERTEX_POINT('',#613);
#613 = CARTESIAN_POINT('',(-165.48,-175.,77.3));
#614 = LINE('',#615,#616);
#615 = CARTESIAN_POINT('',(-165.48,-115.,77.3));
#616 = VECTOR('',#617,1.);
#617 = DIRECTION('',(0.,-1.,0.));
#618 = ORIENTED_EDGE('',*,*,#619,.T.);
#619 = EDGE_CURVE('',#612,#547,#620,.T.);
#620 = LINE('',#621,#622);
#621 = CARTESIAN_POINT('',(-165.48,-175.,77.3));
#622 = VECTOR('',#623,1.);
#623 = DIRECTION('',(0.,-2.24E-15,1.));
#624 = PLANE('',#625);
#625 = AXIS2_PLACEMENT_3D('',#626,#627,#628);
#626 = CARTESIAN_POINT('',(-165.48,-124.3967732022,59.253226797787));
#627 = DIRECTION('',(1.,0.,0.));
#628 = DIRECTION('',(0.,0.,1.));
#629 = ADVANCED_FACE('',(#630),#648,.T.);
#630 = FACE_BOUND('',#631,.T.);
#631 = EDGE_LOOP('',(#632,#633,#634,#642));
#632 = ORIENTED_EDGE('',*,*,#587,.F.);
#633 = ORIENTED_EDGE('',*,*,#572,.T.);
#634 = ORIENTED_EDGE('',*,*,#635,.F.);
#635 = EDGE_CURVE('',#636,#565,#638,.T.);
#636 = VERTEX_POINT('',#637);
#637 = CARTESIAN_POINT('',(165.48,-102.3,0.));
#638 = LINE('',#639,#640);
#639 = CARTESIAN_POINT('',(165.48,-102.3,468.12210852348));
#640 = VECTOR('',#641,1.);
#641 = DIRECTION('',(0.,0.,1.));
#642 = ORIENTED_EDGE('',*,*,#643,.F.);
#643 = EDGE_CURVE('',#588,#636,#644,.T.);
#644 = LINE('',#645,#646);
#645 = CARTESIAN_POINT('',(-165.48,-102.3,0.));
#646 = VECTOR('',#647,1.);
#647 = DIRECTION('',(1.,0.,0.));
#648 = PLANE('',#649);
#649 = AXIS2_PLACEMENT_3D('',#650,#651,#652);
#650 = CARTESIAN_POINT('',(-165.48,-102.3,90.));
#651 = DIRECTION('',(0.,1.,0.));
#652 = DIRECTION('',(0.,0.,-1.));
#653 = ADVANCED_FACE('',(#654),#688,.F.);
#654 = FACE_BOUND('',#655,.F.);
#655 = EDGE_LOOP('',(#656,#657,#658,#666,#674,#682));
#656 = ORIENTED_EDGE('',*,*,#564,.F.);
#657 = ORIENTED_EDGE('',*,*,#635,.F.);
#658 = ORIENTED_EDGE('',*,*,#659,.F.);
#659 = EDGE_CURVE('',#660,#636,#662,.T.);
#660 = VERTEX_POINT('',#661);
#661 = CARTESIAN_POINT('',(165.48,-115.,0.));
#662 = LINE('',#663,#664);
#663 = CARTESIAN_POINT('',(165.48,-51.65210852348,0.));
#664 = VECTOR('',#665,1.);
#665 = DIRECTION('',(0.,1.,0.));
#666 = ORIENTED_EDGE('',*,*,#667,.F.);
#667 = EDGE_CURVE('',#668,#660,#670,.T.);
#668 = VERTEX_POINT('',#669);
#669 = CARTESIAN_POINT('',(165.48,-115.,77.3));
#670 = LINE('',#671,#672);
#671 = CARTESIAN_POINT('',(165.48,-115.,423.12210852348));
#672 = VECTOR('',#673,1.);
#673 = DIRECTION('',(0.,0.,-1.));
#674 = ORIENTED_EDGE('',*,*,#675,.F.);
#675 = EDGE_CURVE('',#676,#668,#678,.T.);
#676 = VERTEX_POINT('',#677);
#677 = CARTESIAN_POINT('',(165.48,-175.,77.3));
#678 = LINE('',#679,#680);
#679 = CARTESIAN_POINT('',(165.48,-58.00210852348,77.3));
#680 = VECTOR('',#681,1.);
#681 = DIRECTION('',(0.,1.,0.));
#682 = ORIENTED_EDGE('',*,*,#683,.F.);
#683 = EDGE_CURVE('',#557,#676,#684,.T.);
#684 = LINE('',#685,#686);
#685 = CARTESIAN_POINT('',(165.48,-175.,461.77210852348));
#686 = VECTOR('',#687,1.);
#687 = DIRECTION('',(0.,2.24E-15,-1.));
#688 = PLANE('',#689);
#689 = AXIS2_PLACEMENT_3D('',#690,#691,#692);
#690 = CARTESIAN_POINT('',(165.48,-1.004217046969,846.24421704696));
#691 = DIRECTION('',(-1.,-0.,-0.));
#692 = DIRECTION('',(0.,0.,-1.));
#693 = ADVANCED_FACE('',(#694),#719,.T.);
#694 = FACE_BOUND('',#695,.T.);
#695 = EDGE_LOOP('',(#696,#697,#705,#713));
#696 = ORIENTED_EDGE('',*,*,#603,.F.);
#697 = ORIENTED_EDGE('',*,*,#698,.T.);
#698 = EDGE_CURVE('',#596,#699,#701,.T.);
#699 = VERTEX_POINT('',#700);
#700 = CARTESIAN_POINT('',(-6.35,-115.,0.));
#701 = LINE('',#702,#703);
#702 = CARTESIAN_POINT('',(-165.48,-115.,0.));
#703 = VECTOR('',#704,1.);
#704 = DIRECTION('',(1.,0.,0.));
#705 = ORIENTED_EDGE('',*,*,#706,.F.);
#706 = EDGE_CURVE('',#707,#699,#709,.T.);
#707 = VERTEX_POINT('',#708);
#708 = CARTESIAN_POINT('',(-6.35,-115.,77.3));
#709 = LINE('',#710,#711);
#710 = CARTESIAN_POINT('',(-6.35,-115.,77.3));
#711 = VECTOR('',#712,1.);
#712 = DIRECTION('',(0.,0.,-1.));
#713 = ORIENTED_EDGE('',*,*,#714,.F.);
#714 = EDGE_CURVE('',#604,#707,#715,.T.);
#715 = LINE('',#716,#717);
#716 = CARTESIAN_POINT('',(-165.48,-115.,77.3));
#717 = VECTOR('',#718,1.);
#718 = DIRECTION('',(1.,0.,0.));
#719 = PLANE('',#720);
#720 = AXIS2_PLACEMENT_3D('',#721,#722,#723);
#721 = CARTESIAN_POINT('',(-165.48,-115.,0.));
#722 = DIRECTION('',(0.,-1.,0.));
#723 = DIRECTION('',(0.,0.,1.));
#724 = ADVANCED_FACE('',(#725),#743,.T.);
#725 = FACE_BOUND('',#726,.T.);
#726 = EDGE_LOOP('',(#727,#728,#729,#737));
#727 = ORIENTED_EDGE('',*,*,#611,.F.);
#728 = ORIENTED_EDGE('',*,*,#714,.T.);
#729 = ORIENTED_EDGE('',*,*,#730,.T.);
#730 = EDGE_CURVE('',#707,#731,#733,.T.);
#731 = VERTEX_POINT('',#732);
#732 = CARTESIAN_POINT('',(-6.35,-175.,77.3));
#733 = LINE('',#734,#735);
#734 = CARTESIAN_POINT('',(-6.35,-115.,77.3));
#735 = VECTOR('',#736,1.);
#736 = DIRECTION('',(0.,-1.,2.2E-16));
#737 = ORIENTED_EDGE('',*,*,#738,.F.);
#738 = EDGE_CURVE('',#612,#731,#739,.T.);
#739 = LINE('',#740,#741);
#740 = CARTESIAN_POINT('',(-165.48,-175.,77.3));
#741 = VECTOR('',#742,1.);
#742 = DIRECTION('',(1.,0.,0.));
#743 = PLANE('',#744);
#744 = AXIS2_PLACEMENT_3D('',#745,#746,#747);
#745 = CARTESIAN_POINT('',(-165.48,-115.,77.3));
#746 = DIRECTION('',(0.,0.,-1.));
#747 = DIRECTION('',(0.,-1.,0.));
#748 = ADVANCED_FACE('',(#749),#774,.T.);
#749 = FACE_BOUND('',#750,.T.);
#750 = EDGE_LOOP('',(#751,#761,#767,#768));
#751 = ORIENTED_EDGE('',*,*,#752,.F.);
#752 = EDGE_CURVE('',#753,#755,#757,.T.);
#753 = VERTEX_POINT('',#754);
#754 = CARTESIAN_POINT('',(6.35,-115.,77.3));
#755 = VERTEX_POINT('',#756);
#756 = CARTESIAN_POINT('',(6.35,-175.,77.3));
#757 = LINE('',#758,#759);
#758 = CARTESIAN_POINT('',(6.35,-115.,77.3));
#759 = VECTOR('',#760,1.);
#760 = DIRECTION('',(0.,-1.,2.2E-16));
#761 = ORIENTED_EDGE('',*,*,#762,.T.);
#762 = EDGE_CURVE('',#753,#668,#763,.T.);
#763 = LINE('',#764,#765);
#764 = CARTESIAN_POINT('',(-165.48,-115.,77.3));
#765 = VECTOR('',#766,1.);
#766 = DIRECTION('',(1.,0.,0.));
#767 = ORIENTED_EDGE('',*,*,#675,.F.);
#768 = ORIENTED_EDGE('',*,*,#769,.F.);
#769 = EDGE_CURVE('',#755,#676,#770,.T.);
#770 = LINE('',#771,#772);
#771 = CARTESIAN_POINT('',(-165.48,-175.,77.3));
#772 = VECTOR('',#773,1.);
#773 = DIRECTION('',(1.,0.,0.));
#774 = PLANE('',#775);
#775 = AXIS2_PLACEMENT_3D('',#776,#777,#778);
#776 = CARTESIAN_POINT('',(-165.48,-115.,77.3));
#777 = DIRECTION('',(0.,0.,-1.));
#778 = DIRECTION('',(0.,-1.,0.));
#779 = ADVANCED_FACE('',(#780),#798,.T.);
#780 = FACE_BOUND('',#781,.T.);
#781 = EDGE_LOOP('',(#782,#790,#796,#797));
#782 = ORIENTED_EDGE('',*,*,#783,.F.);
#783 = EDGE_CURVE('',#784,#753,#786,.T.);
#784 = VERTEX_POINT('',#785);
#785 = CARTESIAN_POINT('',(6.35,-115.,0.));
#786 = LINE('',#787,#788);
#787 = CARTESIAN_POINT('',(6.35,-115.,0.));
#788 = VECTOR('',#789,1.);
#789 = DIRECTION('',(0.,0.,1.));
#790 = ORIENTED_EDGE('',*,*,#791,.T.);
#791 = EDGE_CURVE('',#784,#660,#792,.T.);
#792 = LINE('',#793,#794);
#793 = CARTESIAN_POINT('',(-165.48,-115.,0.));
#794 = VECTOR('',#795,1.);
#795 = DIRECTION('',(1.,0.,0.));
#796 = ORIENTED_EDGE('',*,*,#667,.F.);
#797 = ORIENTED_EDGE('',*,*,#762,.F.);
#798 = PLANE('',#799);
#799 = AXIS2_PLACEMENT_3D('',#800,#801,#802);
#800 = CARTESIAN_POINT('',(-165.48,-115.,0.));
#801 = DIRECTION('',(0.,-1.,0.));
#802 = DIRECTION('',(0.,0.,1.));
#803 = ADVANCED_FACE('',(#804),#822,.F.);
#804 = FACE_BOUND('',#805,.F.);
#805 = EDGE_LOOP('',(#806,#807,#808,#816));
#806 = ORIENTED_EDGE('',*,*,#706,.F.);
#807 = ORIENTED_EDGE('',*,*,#730,.T.);
#808 = ORIENTED_EDGE('',*,*,#809,.T.);
#809 = EDGE_CURVE('',#731,#810,#812,.T.);
#810 = VERTEX_POINT('',#811);
#811 = CARTESIAN_POINT('',(-6.35,-175.,1.3E-14));
#812 = LINE('',#813,#814);
#813 = CARTESIAN_POINT('',(-6.35,-175.,77.3));
#814 = VECTOR('',#815,1.);
#815 = DIRECTION('',(0.,2.24E-15,-1.));
#816 = ORIENTED_EDGE('',*,*,#817,.F.);
#817 = EDGE_CURVE('',#699,#810,#818,.T.);
#818 = LINE('',#819,#820);
#819 = CARTESIAN_POINT('',(-6.35,-115.,0.));
#820 = VECTOR('',#821,1.);
#821 = DIRECTION('',(0.,-1.,2.2E-16));
#822 = PLANE('',#823);
#823 = AXIS2_PLACEMENT_3D('',#824,#825,#826);
#824 = CARTESIAN_POINT('',(-6.35,-115.,77.3));
#825 = DIRECTION('',(1.,0.,0.));
#826 = DIRECTION('',(0.,-2.2E-16,-1.));
#827 = ADVANCED_FACE('',(#828),#846,.F.);
#828 = FACE_BOUND('',#829,.F.);
#829 = EDGE_LOOP('',(#830,#831,#839,#845));
#830 = ORIENTED_EDGE('',*,*,#783,.F.);
#831 = ORIENTED_EDGE('',*,*,#832,.T.);
#832 = EDGE_CURVE('',#784,#833,#835,.T.);
#833 = VERTEX_POINT('',#834);
#834 = CARTESIAN_POINT('',(6.35,-175.,1.3E-14));
#835 = LINE('',#836,#837);
#836 = CARTESIAN_POINT('',(6.35,-115.,0.));
#837 = VECTOR('',#838,1.);
#838 = DIRECTION('',(0.,-1.,2.2E-16));
#839 = ORIENTED_EDGE('',*,*,#840,.T.);
#840 = EDGE_CURVE('',#833,#755,#841,.T.);
#841 = LINE('',#842,#843);
#842 = CARTESIAN_POINT('',(6.35,-175.,38.65));
#843 = VECTOR('',#844,1.);
#844 = DIRECTION('',(0.,-2.24E-15,1.));
#845 = ORIENTED_EDGE('',*,*,#752,.F.);
#846 = PLANE('',#847);
#847 = AXIS2_PLACEMENT_3D('',#848,#849,#850);
#848 = CARTESIAN_POINT('',(6.35,-115.,0.));
#849 = DIRECTION('',(-1.,0.,0.));
#850 = DIRECTION('',(0.,2.2E-16,1.));
#851 = ADVANCED_FACE('',(#852),#867,.T.);
#852 = FACE_BOUND('',#853,.T.);
#853 = EDGE_LOOP('',(#854,#855,#856,#857,#863,#864,#865,#866));
#854 = ORIENTED_EDGE('',*,*,#619,.F.);
#855 = ORIENTED_EDGE('',*,*,#738,.T.);
#856 = ORIENTED_EDGE('',*,*,#809,.T.);
#857 = ORIENTED_EDGE('',*,*,#858,.T.);
#858 = EDGE_CURVE('',#810,#833,#859,.T.);
#859 = LINE('',#860,#861);
#860 = CARTESIAN_POINT('',(-85.915,-175.,1.377E-14));
#861 = VECTOR('',#862,1.);
#862 = DIRECTION('',(1.,0.,0.));
#863 = ORIENTED_EDGE('',*,*,#840,.T.);
#864 = ORIENTED_EDGE('',*,*,#769,.T.);
#865 = ORIENTED_EDGE('',*,*,#683,.F.);
#866 = ORIENTED_EDGE('',*,*,#556,.F.);
#867 = PLANE('',#868);
#868 = AXIS2_PLACEMENT_3D('',#869,#870,#871);
#869 = CARTESIAN_POINT('',(-4.32E-15,-175.,74.220707430635));
#870 = DIRECTION('',(-0.,-1.,-2.21E-15));
#871 = DIRECTION('',(0.,2.21E-15,-1.));
#872 = ADVANCED_FACE('',(#873),#883,.T.);
#873 = FACE_BOUND('',#874,.T.);
#874 = EDGE_LOOP('',(#875,#876,#877,#878,#879,#880,#881,#882));
#875 = ORIENTED_EDGE('',*,*,#595,.F.);
#876 = ORIENTED_EDGE('',*,*,#643,.T.);
#877 = ORIENTED_EDGE('',*,*,#659,.F.);
#878 = ORIENTED_EDGE('',*,*,#791,.F.);
#879 = ORIENTED_EDGE('',*,*,#832,.T.);
#880 = ORIENTED_EDGE('',*,*,#858,.F.);
#881 = ORIENTED_EDGE('',*,*,#817,.F.);
#882 = ORIENTED_EDGE('',*,*,#698,.F.);
#883 = PLANE('',#884);
#884 = AXIS2_PLACEMENT_3D('',#885,#886,#887);
#885 = CARTESIAN_POINT('',(-1.62E-15,-114.9969256304,1.21E-15));
#886 = DIRECTION('',(-0.,-0.,-1.));
#887 = DIRECTION('',(-1.,0.,0.));
#888 = ( GEOMETRIC_REPRESENTATION_CONTEXT(3) 
GLOBAL_UNCERTAINTY_ASSIGNED_CONTEXT((#892)) GLOBAL_UNIT_ASSIGNED_CONTEXT
((#889,#890,#891)) REPRESENTATION_CONTEXT('Context #1',
  '3D Context with UNIT and UNCERTAINTY') );
#889 = ( LENGTH_UNIT() NAMED_UNIT(*) SI_UNIT(.MILLI.,.METRE.) );
#890 = ( NAMED_UNIT(*) PLANE_ANGLE_UNIT() SI_UNIT($,.RADIAN.) );
#891 = ( NAMED_UNIT(*) SI_UNIT($,.STERADIAN.) SOLID_ANGLE_UNIT() );
#892 = UNCERTAINTY_MEASURE_WITH_UNIT(LENGTH_MEASURE(1.E-04),#889,
  'distance_accuracy_value','confusion accuracy');
#893 = SHAPE_REPRESENTATION_RELATIONSHIP('','',#894,#10);
#894 = ADVANCED_BREP_SHAPE_REPRESENTATION('',(#11,#895),#1181);
#895 = MANIFOLD_SOLID_BREP('',#896);
#896 = CLOSED_SHELL('',(#897,#937,#1002,#1026,#1084,#1101,#1113,#1135,
    #1152,#1169));
#897 = ADVANCED_FACE('',(#898),#932,.T.);
#898 = FACE_BOUND('',#899,.T.);
#899 = EDGE_LOOP('',(#900,#910,#918,#926));
#900 = ORIENTED_EDGE('',*,*,#901,.F.);
#901 = EDGE_CURVE('',#902,#904,#906,.T.);
#902 = VERTEX_POINT('',#903);
#903 = CARTESIAN_POINT('',(-175.,-175.,0.));
#904 = VERTEX_POINT('',#905);
#905 = CARTESIAN_POINT('',(-235.,-175.,0.));
#906 = LINE('',#907,#908);
#907 = CARTESIAN_POINT('',(-175.,-175.,0.));
#908 = VECTOR('',#909,1.);
#909 = DIRECTION('',(-1.,0.,0.));
#910 = ORIENTED_EDGE('',*,*,#911,.T.);
#911 = EDGE_CURVE('',#902,#912,#914,.T.);
#912 = VERTEX_POINT('',#913);
#913 = CARTESIAN_POINT('',(-175.,-175.,1.7E+03));
#914 = LINE('',#915,#916);
#915 = CARTESIAN_POINT('',(-175.,-175.,0.));
#916 = VECTOR('',#917,1.);
#917 = DIRECTION('',(0.,0.,1.));
#918 = ORIENTED_EDGE('',*,*,#919,.T.);
#919 = EDGE_CURVE('',#912,#920,#922,.T.);
#920 = VERTEX_POINT('',#921);
#921 = CARTESIAN_POINT('',(-235.,-175.,1.7E+03));
#922 = LINE('',#923,#924);
#923 = CARTESIAN_POINT('',(-87.5,-175.,1.7E+03));
#924 = VECTOR('',#925,1.);
#925 = DIRECTION('',(-1.,0.,0.));
#926 = ORIENTED_EDGE('',*,*,#927,.F.);
#927 = EDGE_CURVE('',#904,#920,#928,.T.);
#928 = LINE('',#929,#930);
#929 = CARTESIAN_POINT('',(-235.,-175.,0.));
#930 = VECTOR('',#931,1.);
#931 = DIRECTION('',(0.,0.,1.));
#932 = PLANE('',#933);
#933 = AXIS2_PLACEMENT_3D('',#934,#935,#936);
#934 = CARTESIAN_POINT('',(-175.,-175.,0.));
#935 = DIRECTION('',(-0.,-1.,-0.));
#936 = DIRECTION('',(-1.,0.,0.));
#937 = ADVANCED_FACE('',(#938,#963),#997,.F.);
#938 = FACE_BOUND('',#939,.T.);
#939 = EDGE_LOOP('',(#940,#941,#949,#957));
#940 = ORIENTED_EDGE('',*,*,#901,.T.);
#941 = ORIENTED_EDGE('',*,*,#942,.T.);
#942 = EDGE_CURVE('',#904,#943,#945,.T.);
#943 = VERTEX_POINT('',#944);
#944 = CARTESIAN_POINT('',(-235.,-115.,0.));
#945 = LINE('',#946,#947);
#946 = CARTESIAN_POINT('',(-235.,-175.,0.));
#947 = VECTOR('',#948,1.);
#948 = DIRECTION('',(0.,1.,0.));
#949 = ORIENTED_EDGE('',*,*,#950,.T.);
#950 = EDGE_CURVE('',#943,#951,#953,.T.);
#951 = VERTEX_POINT('',#952);
#952 = CARTESIAN_POINT('',(-175.,-115.,0.));
#953 = LINE('',#954,#955);
#954 = CARTESIAN_POINT('',(-235.,-115.,0.));
#955 = VECTOR('',#956,1.);
#956 = DIRECTION('',(1.,0.,0.));
#957 = ORIENTED_EDGE('',*,*,#958,.T.);
#958 = EDGE_CURVE('',#951,#902,#959,.T.);
#959 = LINE('',#960,#961);
#960 = CARTESIAN_POINT('',(-175.,-115.,0.));
#961 = VECTOR('',#962,1.);
#962 = DIRECTION('',(0.,-1.,0.));
#963 = FACE_BOUND('',#964,.F.);
#964 = EDGE_LOOP('',(#965,#975,#983,#991));
#965 = ORIENTED_EDGE('',*,*,#966,.T.);
#966 = EDGE_CURVE('',#967,#969,#971,.T.);
#967 = VERTEX_POINT('',#968);
#968 = CARTESIAN_POINT('',(-184.52,-124.52,0.));
#969 = VERTEX_POINT('',#970);
#970 = CARTESIAN_POINT('',(-184.52,-165.48,0.));
#971 = LINE('',#972,#973);
#972 = CARTESIAN_POINT('',(-184.52,-124.52,0.));
#973 = VECTOR('',#974,1.);
#974 = DIRECTION('',(0.,-1.,0.));
#975 = ORIENTED_EDGE('',*,*,#976,.T.);
#976 = EDGE_CURVE('',#969,#977,#979,.T.);
#977 = VERTEX_POINT('',#978);
#978 = CARTESIAN_POINT('',(-225.48,-165.48,0.));
#979 = LINE('',#980,#981);
#980 = CARTESIAN_POINT('',(-184.52,-165.48,0.));
#981 = VECTOR('',#982,1.);
#982 = DIRECTION('',(-1.,0.,0.));
#983 = ORIENTED_EDGE('',*,*,#984,.T.);
#984 = EDGE_CURVE('',#977,#985,#987,.T.);
#985 = VERTEX_POINT('',#986);
#986 = CARTESIAN_POINT('',(-225.48,-124.52,0.));
#987 = LINE('',#988,#989);
#988 = CARTESIAN_POINT('',(-225.48,-165.48,0.));
#989 = VECTOR('',#990,1.);
#990 = DIRECTION('',(0.,1.,0.));
#991 = ORIENTED_EDGE('',*,*,#992,.T.);
#992 = EDGE_CURVE('',#985,#967,#993,.T.);
#993 = LINE('',#994,#995);
#994 = CARTESIAN_POINT('',(-225.48,-124.52,0.));
#995 = VECTOR('',#996,1.);
#996 = DIRECTION('',(1.,0.,0.));
#997 = PLANE('',#998);
#998 = AXIS2_PLACEMENT_3D('',#999,#1000,#1001);
#999 = CARTESIAN_POINT('',(6.756E-14,-145.,0.));
#1000 = DIRECTION('',(0.,0.,1.));
#1001 = DIRECTION('',(1.,0.,0.));
#1002 = ADVANCED_FACE('',(#1003),#1021,.T.);
#1003 = FACE_BOUND('',#1004,.T.);
#1004 = EDGE_LOOP('',(#1005,#1006,#1007,#1015));
#1005 = ORIENTED_EDGE('',*,*,#942,.F.);
#1006 = ORIENTED_EDGE('',*,*,#927,.T.);
#1007 = ORIENTED_EDGE('',*,*,#1008,.T.);
#1008 = EDGE_CURVE('',#920,#1009,#1011,.T.);
#1009 = VERTEX_POINT('',#1010);
#1010 = CARTESIAN_POINT('',(-235.,-115.,1.7E+03));
#1011 = LINE('',#1012,#1013);
#1012 = CARTESIAN_POINT('',(-235.,-87.78156552794,1.7E+03));
#1013 = VECTOR('',#1014,1.);
#1014 = DIRECTION('',(0.,1.,0.));
#1015 = ORIENTED_EDGE('',*,*,#1016,.F.);
#1016 = EDGE_CURVE('',#943,#1009,#1017,.T.);
#1017 = LINE('',#1018,#1019);
#1018 = CARTESIAN_POINT('',(-235.,-115.,0.));
#1019 = VECTOR('',#1020,1.);
#1020 = DIRECTION('',(0.,0.,1.));
#1021 = PLANE('',#1022);
#1022 = AXIS2_PLACEMENT_3D('',#1023,#1024,#1025);
#1023 = CARTESIAN_POINT('',(-235.,-175.,0.));
#1024 = DIRECTION('',(-1.,0.,0.));
#1025 = DIRECTION('',(0.,1.,0.));
#1026 = ADVANCED_FACE('',(#1027,#1045),#1079,.T.);
#1027 = FACE_BOUND('',#1028,.T.);
#1028 = EDGE_LOOP('',(#1029,#1030,#1038,#1044));
#1029 = ORIENTED_EDGE('',*,*,#919,.F.);
#1030 = ORIENTED_EDGE('',*,*,#1031,.F.);
#1031 = EDGE_CURVE('',#1032,#912,#1034,.T.);
#1032 = VERTEX_POINT('',#1033);
#1033 = CARTESIAN_POINT('',(-175.,-115.,1.7E+03));
#1034 = LINE('',#1035,#1036);
#1035 = CARTESIAN_POINT('',(-175.,-57.78156552794,1.7E+03));
#1036 = VECTOR('',#1037,1.);
#1037 = DIRECTION('',(0.,-1.,0.));
#1038 = ORIENTED_EDGE('',*,*,#1039,.F.);
#1039 = EDGE_CURVE('',#1009,#1032,#1040,.T.);
#1040 = LINE('',#1041,#1042);
#1041 = CARTESIAN_POINT('',(-117.5,-115.,1.7E+03));
#1042 = VECTOR('',#1043,1.);
#1043 = DIRECTION('',(1.,0.,0.));
#1044 = ORIENTED_EDGE('',*,*,#1008,.F.);
#1045 = FACE_BOUND('',#1046,.T.);
#1046 = EDGE_LOOP('',(#1047,#1057,#1065,#1073));
#1047 = ORIENTED_EDGE('',*,*,#1048,.T.);
#1048 = EDGE_CURVE('',#1049,#1051,#1053,.T.);
#1049 = VERTEX_POINT('',#1050);
#1050 = CARTESIAN_POINT('',(-225.48,-124.52,1.7E+03));
#1051 = VERTEX_POINT('',#1052);
#1052 = CARTESIAN_POINT('',(-184.52,-124.52,1.7E+03));
#1053 = LINE('',#1054,#1055);
#1054 = CARTESIAN_POINT('',(-112.74,-124.52,1.7E+03));
#1055 = VECTOR('',#1056,1.);
#1056 = DIRECTION('',(1.,0.,0.));
#1057 = ORIENTED_EDGE('',*,*,#1058,.T.);
#1058 = EDGE_CURVE('',#1051,#1059,#1061,.T.);
#1059 = VERTEX_POINT('',#1060);
#1060 = CARTESIAN_POINT('',(-184.52,-165.48,1.7E+03));
#1061 = LINE('',#1062,#1063);
#1062 = CARTESIAN_POINT('',(-184.52,-62.54156552794,1.7E+03));
#1063 = VECTOR('',#1064,1.);
#1064 = DIRECTION('',(0.,-1.,0.));
#1065 = ORIENTED_EDGE('',*,*,#1066,.T.);
#1066 = EDGE_CURVE('',#1059,#1067,#1069,.T.);
#1067 = VERTEX_POINT('',#1068);
#1068 = CARTESIAN_POINT('',(-225.48,-165.48,1.7E+03));
#1069 = LINE('',#1070,#1071);
#1070 = CARTESIAN_POINT('',(-92.26,-165.48,1.7E+03));
#1071 = VECTOR('',#1072,1.);
#1072 = DIRECTION('',(-1.,0.,0.));
#1073 = ORIENTED_EDGE('',*,*,#1074,.T.);
#1074 = EDGE_CURVE('',#1067,#1049,#1075,.T.);
#1075 = LINE('',#1076,#1077);
#1076 = CARTESIAN_POINT('',(-225.48,-83.02156552794,1.7E+03));
#1077 = VECTOR('',#1078,1.);
#1078 = DIRECTION('',(0.,1.,0.));
#1079 = PLANE('',#1080);
#1080 = AXIS2_PLACEMENT_3D('',#1081,#1082,#1083);
#1081 = CARTESIAN_POINT('',(-4.2E-16,-0.563131055882,1.7E+03));
#1082 = DIRECTION('',(0.,0.,1.));
#1083 = DIRECTION('',(1.,0.,0.));
#1084 = ADVANCED_FACE('',(#1085),#1096,.T.);
#1085 = FACE_BOUND('',#1086,.T.);
#1086 = EDGE_LOOP('',(#1087,#1088,#1094,#1095));
#1087 = ORIENTED_EDGE('',*,*,#958,.F.);
#1088 = ORIENTED_EDGE('',*,*,#1089,.T.);
#1089 = EDGE_CURVE('',#951,#1032,#1090,.T.);
#1090 = LINE('',#1091,#1092);
#1091 = CARTESIAN_POINT('',(-175.,-115.,0.));
#1092 = VECTOR('',#1093,1.);
#1093 = DIRECTION('',(0.,0.,1.));
#1094 = ORIENTED_EDGE('',*,*,#1031,.T.);
#1095 = ORIENTED_EDGE('',*,*,#911,.F.);
#1096 = PLANE('',#1097);
#1097 = AXIS2_PLACEMENT_3D('',#1098,#1099,#1100);
#1098 = CARTESIAN_POINT('',(-175.,-115.,0.));
#1099 = DIRECTION('',(1.,0.,0.));
#1100 = DIRECTION('',(0.,-1.,0.));
#1101 = ADVANCED_FACE('',(#1102),#1108,.T.);
#1102 = FACE_BOUND('',#1103,.T.);
#1103 = EDGE_LOOP('',(#1104,#1105,#1106,#1107));
#1104 = ORIENTED_EDGE('',*,*,#950,.F.);
#1105 = ORIENTED_EDGE('',*,*,#1016,.T.);
#1106 = ORIENTED_EDGE('',*,*,#1039,.T.);
#1107 = ORIENTED_EDGE('',*,*,#1089,.F.);
#1108 = PLANE('',#1109);
#1109 = AXIS2_PLACEMENT_3D('',#1110,#1111,#1112);
#1110 = CARTESIAN_POINT('',(-235.,-115.,0.));
#1111 = DIRECTION('',(0.,1.,0.));
#1112 = DIRECTION('',(1.,0.,0.));
#1113 = ADVANCED_FACE('',(#1114),#1130,.F.);
#1114 = FACE_BOUND('',#1115,.F.);
#1115 = EDGE_LOOP('',(#1116,#1117,#1123,#1124));
#1116 = ORIENTED_EDGE('',*,*,#966,.F.);
#1117 = ORIENTED_EDGE('',*,*,#1118,.T.);
#1118 = EDGE_CURVE('',#967,#1051,#1119,.T.);
#1119 = LINE('',#1120,#1121);
#1120 = CARTESIAN_POINT('',(-184.52,-124.52,0.));
#1121 = VECTOR('',#1122,1.);
#1122 = DIRECTION('',(0.,0.,1.));
#1123 = ORIENTED_EDGE('',*,*,#1058,.T.);
#1124 = ORIENTED_EDGE('',*,*,#1125,.F.);
#1125 = EDGE_CURVE('',#969,#1059,#1126,.T.);
#1126 = LINE('',#1127,#1128);
#1127 = CARTESIAN_POINT('',(-184.52,-165.48,0.));
#1128 = VECTOR('',#1129,1.);
#1129 = DIRECTION('',(0.,0.,1.));
#1130 = PLANE('',#1131);
#1131 = AXIS2_PLACEMENT_3D('',#1132,#1133,#1134);
#1132 = CARTESIAN_POINT('',(-184.52,-124.52,0.));
#1133 = DIRECTION('',(1.,0.,0.));
#1134 = DIRECTION('',(0.,-1.,0.));
#1135 = ADVANCED_FACE('',(#1136),#1147,.F.);
#1136 = FACE_BOUND('',#1137,.F.);
#1137 = EDGE_LOOP('',(#1138,#1139,#1140,#1141));
#1138 = ORIENTED_EDGE('',*,*,#976,.F.);
#1139 = ORIENTED_EDGE('',*,*,#1125,.T.);
#1140 = ORIENTED_EDGE('',*,*,#1066,.T.);
#1141 = ORIENTED_EDGE('',*,*,#1142,.F.);
#1142 = EDGE_CURVE('',#977,#1067,#1143,.T.);
#1143 = LINE('',#1144,#1145);
#1144 = CARTESIAN_POINT('',(-225.48,-165.48,0.));
#1145 = VECTOR('',#1146,1.);
#1146 = DIRECTION('',(0.,0.,1.));
#1147 = PLANE('',#1148);
#1148 = AXIS2_PLACEMENT_3D('',#1149,#1150,#1151);
#1149 = CARTESIAN_POINT('',(-184.52,-165.48,0.));
#1150 = DIRECTION('',(-0.,-1.,-0.));
#1151 = DIRECTION('',(-1.,0.,0.));
#1152 = ADVANCED_FACE('',(#1153),#1164,.F.);
#1153 = FACE_BOUND('',#1154,.F.);
#1154 = EDGE_LOOP('',(#1155,#1156,#1157,#1158));
#1155 = ORIENTED_EDGE('',*,*,#984,.F.);
#1156 = ORIENTED_EDGE('',*,*,#1142,.T.);
#1157 = ORIENTED_EDGE('',*,*,#1074,.T.);
#1158 = ORIENTED_EDGE('',*,*,#1159,.F.);
#1159 = EDGE_CURVE('',#985,#1049,#1160,.T.);
#1160 = LINE('',#1161,#1162);
#1161 = CARTESIAN_POINT('',(-225.48,-124.52,0.));
#1162 = VECTOR('',#1163,1.);
#1163 = DIRECTION('',(0.,0.,1.));
#1164 = PLANE('',#1165);
#1165 = AXIS2_PLACEMENT_3D('',#1166,#1167,#1168);
#1166 = CARTESIAN_POINT('',(-225.48,-165.48,0.));
#1167 = DIRECTION('',(-1.,0.,0.));
#1168 = DIRECTION('',(0.,1.,0.));
#1169 = ADVANCED_FACE('',(#1170),#1176,.F.);
#1170 = FACE_BOUND('',#1171,.F.);
#1171 = EDGE_LOOP('',(#1172,#1173,#1174,#1175));
#1172 = ORIENTED_EDGE('',*,*,#992,.F.);
#1173 = ORIENTED_EDGE('',*,*,#1159,.T.);
#1174 = ORIENTED_EDGE('',*,*,#1048,.T.);
#1175 = ORIENTED_EDGE('',*,*,#1118,.F.);
#1176 = PLANE('',#1177);
#1177 = AXIS2_PLACEMENT_3D('',#1178,#1179,#1180);
#1178 = CARTESIAN_POINT('',(-225.48,-124.52,0.));
#1179 = DIRECTION('',(0.,1.,0.));
#1180 = DIRECTION('',(1.,0.,0.));
#1181 = ( GEOMETRIC_REPRESENTATION_CONTEXT(3) 
GLOBAL_UNCERTAINTY_ASSIGNED_CONTEXT((#1185)) 
GLOBAL_UNIT_ASSIGNED_CONTEXT((#1182,#1183,#1184)) REPRESENTATION_CONTEXT
('Context #1','3D Context with UNIT and UNCERTAINTY') );
#1182 = ( LENGTH_UNIT() NAMED_UNIT(*) SI_UNIT(.MILLI.,.METRE.) );
#1183 = ( NAMED_UNIT(*) PLANE_ANGLE_UNIT() SI_UNIT($,.RADIAN.) );
#1184 = ( NAMED_UNIT(*) SI_UNIT($,.STERADIAN.) SOLID_ANGLE_UNIT() );
#1185 = UNCERTAINTY_MEASURE_WITH_UNIT(LENGTH_MEASURE(1.E-04),#1182,
  'distance_accuracy_value','confusion accuracy');
#1186 = SHAPE_REPRESENTATION_RELATIONSHIP('','',#1187,#10);
#1187 = ADVANCED_BREP_SHAPE_REPRESENTATION('',(#11,#1188),#1474);
#1188 = MANIFOLD_SOLID_BREP('',#1189);
#1189 = CLOSED_SHELL('',(#1190,#1230,#1295,#1319,#1377,#1394,#1406,#1428
    ,#1445,#1462));
#1190 = ADVANCED_FACE('',(#1191),#1225,.T.);
#1191 = FACE_BOUND('',#1192,.T.);
#1192 = EDGE_LOOP('',(#1193,#1203,#1211,#1219));
#1193 = ORIENTED_EDGE('',*,*,#1194,.F.);
#1194 = EDGE_CURVE('',#1195,#1197,#1199,.T.);
#1195 = VERTEX_POINT('',#1196);
#1196 = CARTESIAN_POINT('',(175.,-175.,0.));
#1197 = VERTEX_POINT('',#1198);
#1198 = CARTESIAN_POINT('',(175.,-115.,0.));
#1199 = LINE('',#1200,#1201);
#1200 = CARTESIAN_POINT('',(175.,-175.,0.));
#1201 = VECTOR('',#1202,1.);
#1202 = DIRECTION('',(0.,1.,0.));
#1203 = ORIENTED_EDGE('',*,*,#1204,.T.);
#1204 = EDGE_CURVE('',#1195,#1205,#1207,.T.);
#1205 = VERTEX_POINT('',#1206);
#1206 = CARTESIAN_POINT('',(175.,-175.,1.7E+03));
#1207 = LINE('',#1208,#1209);
#1208 = CARTESIAN_POINT('',(175.,-175.,0.));
#1209 = VECTOR('',#1210,1.);
#1210 = DIRECTION('',(0.,0.,1.));
#1211 = ORIENTED_EDGE('',*,*,#1212,.T.);
#1212 = EDGE_CURVE('',#1205,#1213,#1215,.T.);
#1213 = VERTEX_POINT('',#1214);
#1214 = CARTESIAN_POINT('',(175.,-115.,1.7E+03));
#1215 = LINE('',#1216,#1217);
#1216 = CARTESIAN_POINT('',(175.,-87.78156552794,1.7E+03));
#1217 = VECTOR('',#1218,1.);
#1218 = DIRECTION('',(0.,1.,0.));
#1219 = ORIENTED_EDGE('',*,*,#1220,.F.);
#1220 = EDGE_CURVE('',#1197,#1213,#1221,.T.);
#1221 = LINE('',#1222,#1223);
#1222 = CARTESIAN_POINT('',(175.,-115.,0.));
#1223 = VECTOR('',#1224,1.);
#1224 = DIRECTION('',(0.,0.,1.));
#1225 = PLANE('',#1226);
#1226 = AXIS2_PLACEMENT_3D('',#1227,#1228,#1229);
#1227 = CARTESIAN_POINT('',(175.,-175.,0.));
#1228 = DIRECTION('',(-1.,0.,0.));
#1229 = DIRECTION('',(0.,1.,0.));
#1230 = ADVANCED_FACE('',(#1231,#1256),#1290,.F.);
#1231 = FACE_BOUND('',#1232,.T.);
#1232 = EDGE_LOOP('',(#1233,#1234,#1242,#1250));
#1233 = ORIENTED_EDGE('',*,*,#1194,.T.);
#1234 = ORIENTED_EDGE('',*,*,#1235,.T.);
#1235 = EDGE_CURVE('',#1197,#1236,#1238,.T.);
#1236 = VERTEX_POINT('',#1237);
#1237 = CARTESIAN_POINT('',(235.,-115.,0.));
#1238 = LINE('',#1239,#1240);
#1239 = CARTESIAN_POINT('',(175.,-115.,0.));
#1240 = VECTOR('',#1241,1.);
#1241 = DIRECTION('',(1.,0.,0.));
#1242 = ORIENTED_EDGE('',*,*,#1243,.T.);
#1243 = EDGE_CURVE('',#1236,#1244,#1246,.T.);
#1244 = VERTEX_POINT('',#1245);
#1245 = CARTESIAN_POINT('',(235.,-175.,0.));
#1246 = LINE('',#1247,#1248);
#1247 = CARTESIAN_POINT('',(235.,-115.,0.));
#1248 = VECTOR('',#1249,1.);
#1249 = DIRECTION('',(0.,-1.,0.));
#1250 = ORIENTED_EDGE('',*,*,#1251,.T.);
#1251 = EDGE_CURVE('',#1244,#1195,#1252,.T.);
#1252 = LINE('',#1253,#1254);
#1253 = CARTESIAN_POINT('',(235.,-175.,0.));
#1254 = VECTOR('',#1255,1.);
#1255 = DIRECTION('',(-1.,0.,0.));
#1256 = FACE_BOUND('',#1257,.F.);
#1257 = EDGE_LOOP('',(#1258,#1268,#1276,#1284));
#1258 = ORIENTED_EDGE('',*,*,#1259,.T.);
#1259 = EDGE_CURVE('',#1260,#1262,#1264,.T.);
#1260 = VERTEX_POINT('',#1261);
#1261 = CARTESIAN_POINT('',(225.48,-165.48,0.));
#1262 = VERTEX_POINT('',#1263);
#1263 = CARTESIAN_POINT('',(184.52,-165.48,0.));
#1264 = LINE('',#1265,#1266);
#1265 = CARTESIAN_POINT('',(225.48,-165.48,0.));
#1266 = VECTOR('',#1267,1.);
#1267 = DIRECTION('',(-1.,0.,0.));
#1268 = ORIENTED_EDGE('',*,*,#1269,.T.);
#1269 = EDGE_CURVE('',#1262,#1270,#1272,.T.);
#1270 = VERTEX_POINT('',#1271);
#1271 = CARTESIAN_POINT('',(184.52,-124.52,0.));
#1272 = LINE('',#1273,#1274);
#1273 = CARTESIAN_POINT('',(184.52,-165.48,0.));
#1274 = VECTOR('',#1275,1.);
#1275 = DIRECTION('',(0.,1.,0.));
#1276 = ORIENTED_EDGE('',*,*,#1277,.T.);
#1277 = EDGE_CURVE('',#1270,#1278,#1280,.T.);
#1278 = VERTEX_POINT('',#1279);
#1279 = CARTESIAN_POINT('',(225.48,-124.52,0.));
#1280 = LINE('',#1281,#1282);
#1281 = CARTESIAN_POINT('',(184.52,-124.52,0.));
#1282 = VECTOR('',#1283,1.);
#1283 = DIRECTION('',(1.,0.,0.));
#1284 = ORIENTED_EDGE('',*,*,#1285,.T.);
#1285 = EDGE_CURVE('',#1278,#1260,#1286,.T.);
#1286 = LINE('',#1287,#1288);
#1287 = CARTESIAN_POINT('',(225.48,-124.52,0.));
#1288 = VECTOR('',#1289,1.);
#1289 = DIRECTION('',(0.,-1.,0.));
#1290 = PLANE('',#1291);
#1291 = AXIS2_PLACEMENT_3D('',#1292,#1293,#1294);
#1292 = CARTESIAN_POINT('',(6.756E-14,-145.,0.));
#1293 = DIRECTION('',(0.,0.,1.));
#1294 = DIRECTION('',(1.,0.,0.));
#1295 = ADVANCED_FACE('',(#1296),#1314,.T.);
#1296 = FACE_BOUND('',#1297,.T.);
#1297 = EDGE_LOOP('',(#1298,#1299,#1300,#1308));
#1298 = ORIENTED_EDGE('',*,*,#1235,.F.);
#1299 = ORIENTED_EDGE('',*,*,#1220,.T.);
#1300 = ORIENTED_EDGE('',*,*,#1301,.T.);
#1301 = EDGE_CURVE('',#1213,#1302,#1304,.T.);
#1302 = VERTEX_POINT('',#1303);
#1303 = CARTESIAN_POINT('',(235.,-115.,1.7E+03));
#1304 = LINE('',#1305,#1306);
#1305 = CARTESIAN_POINT('',(87.5,-115.,1.7E+03));
#1306 = VECTOR('',#1307,1.);
#1307 = DIRECTION('',(1.,0.,0.));
#1308 = ORIENTED_EDGE('',*,*,#1309,.F.);
#1309 = EDGE_CURVE('',#1236,#1302,#1310,.T.);
#1310 = LINE('',#1311,#1312);
#1311 = CARTESIAN_POINT('',(235.,-115.,0.));
#1312 = VECTOR('',#1313,1.);
#1313 = DIRECTION('',(0.,0.,1.));
#1314 = PLANE('',#1315);
#1315 = AXIS2_PLACEMENT_3D('',#1316,#1317,#1318);
#1316 = CARTESIAN_POINT('',(175.,-115.,0.));
#1317 = DIRECTION('',(0.,1.,0.));
#1318 = DIRECTION('',(1.,0.,0.));
#1319 = ADVANCED_FACE('',(#1320,#1338),#1372,.T.);
#1320 = FACE_BOUND('',#1321,.T.);
#1321 = EDGE_LOOP('',(#1322,#1323,#1331,#1337));
#1322 = ORIENTED_EDGE('',*,*,#1212,.F.);
#1323 = ORIENTED_EDGE('',*,*,#1324,.F.);
#1324 = EDGE_CURVE('',#1325,#1205,#1327,.T.);
#1325 = VERTEX_POINT('',#1326);
#1326 = CARTESIAN_POINT('',(235.,-175.,1.7E+03));
#1327 = LINE('',#1328,#1329);
#1328 = CARTESIAN_POINT('',(117.5,-175.,1.7E+03));
#1329 = VECTOR('',#1330,1.);
#1330 = DIRECTION('',(-1.,0.,0.));
#1331 = ORIENTED_EDGE('',*,*,#1332,.F.);
#1332 = EDGE_CURVE('',#1302,#1325,#1333,.T.);
#1333 = LINE('',#1334,#1335);
#1334 = CARTESIAN_POINT('',(235.,-57.78156552794,1.7E+03));
#1335 = VECTOR('',#1336,1.);
#1336 = DIRECTION('',(0.,-1.,0.));
#1337 = ORIENTED_EDGE('',*,*,#1301,.F.);
#1338 = FACE_BOUND('',#1339,.T.);
#1339 = EDGE_LOOP('',(#1340,#1350,#1358,#1366));
#1340 = ORIENTED_EDGE('',*,*,#1341,.T.);
#1341 = EDGE_CURVE('',#1342,#1344,#1346,.T.);
#1342 = VERTEX_POINT('',#1343);
#1343 = CARTESIAN_POINT('',(225.48,-124.52,1.7E+03));
#1344 = VERTEX_POINT('',#1345);
#1345 = CARTESIAN_POINT('',(225.48,-165.48,1.7E+03));
#1346 = LINE('',#1347,#1348);
#1347 = CARTESIAN_POINT('',(225.48,-62.54156552794,1.7E+03));
#1348 = VECTOR('',#1349,1.);
#1349 = DIRECTION('',(0.,-1.,0.));
#1350 = ORIENTED_EDGE('',*,*,#1351,.T.);
#1351 = EDGE_CURVE('',#1344,#1352,#1354,.T.);
#1352 = VERTEX_POINT('',#1353);
#1353 = CARTESIAN_POINT('',(184.52,-165.48,1.7E+03));
#1354 = LINE('',#1355,#1356);
#1355 = CARTESIAN_POINT('',(112.74,-165.48,1.7E+03));
#1356 = VECTOR('',#1357,1.);
#1357 = DIRECTION('',(-1.,0.,0.));
#1358 = ORIENTED_EDGE('',*,*,#1359,.T.);
#1359 = EDGE_CURVE('',#1352,#1360,#1362,.T.);
#1360 = VERTEX_POINT('',#1361);
#1361 = CARTESIAN_POINT('',(184.52,-124.52,1.7E+03));
#1362 = LINE('',#1363,#1364);
#1363 = CARTESIAN_POINT('',(184.52,-83.02156552794,1.7E+03));
#1364 = VECTOR('',#1365,1.);
#1365 = DIRECTION('',(0.,1.,0.));
#1366 = ORIENTED_EDGE('',*,*,#1367,.T.);
#1367 = EDGE_CURVE('',#1360,#1342,#1368,.T.);
#1368 = LINE('',#1369,#1370);
#1369 = CARTESIAN_POINT('',(92.26,-124.52,1.7E+03));
#1370 = VECTOR('',#1371,1.);
#1371 = DIRECTION('',(1.,0.,0.));
#1372 = PLANE('',#1373);
#1373 = AXIS2_PLACEMENT_3D('',#1374,#1375,#1376);
#1374 = CARTESIAN_POINT('',(-4.2E-16,-0.563131055882,1.7E+03));
#1375 = DIRECTION('',(0.,0.,1.));
#1376 = DIRECTION('',(1.,0.,0.));
#1377 = ADVANCED_FACE('',(#1378),#1389,.T.);
#1378 = FACE_BOUND('',#1379,.T.);
#1379 = EDGE_LOOP('',(#1380,#1381,#1387,#1388));
#1380 = ORIENTED_EDGE('',*,*,#1251,.F.);
#1381 = ORIENTED_EDGE('',*,*,#1382,.T.);
#1382 = EDGE_CURVE('',#1244,#1325,#1383,.T.);
#1383 = LINE('',#1384,#1385);
#1384 = CARTESIAN_POINT('',(235.,-175.,0.));
#1385 = VECTOR('',#1386,1.);
#1386 = DIRECTION('',(0.,0.,1.));
#1387 = ORIENTED_EDGE('',*,*,#1324,.T.);
#1388 = ORIENTED_EDGE('',*,*,#1204,.F.);
#1389 = PLANE('',#1390);
#1390 = AXIS2_PLACEMENT_3D('',#1391,#1392,#1393);
#1391 = CARTESIAN_POINT('',(235.,-175.,0.));
#1392 = DIRECTION('',(-0.,-1.,-0.));
#1393 = DIRECTION('',(-1.,0.,0.));
#1394 = ADVANCED_FACE('',(#1395),#1401,.T.);
#1395 = FACE_BOUND('',#1396,.T.);
#1396 = EDGE_LOOP('',(#1397,#1398,#1399,#1400));
#1397 = ORIENTED_EDGE('',*,*,#1243,.F.);
#1398 = ORIENTED_EDGE('',*,*,#1309,.T.);
#1399 = ORIENTED_EDGE('',*,*,#1332,.T.);
#1400 = ORIENTED_EDGE('',*,*,#1382,.F.);
#1401 = PLANE('',#1402);
#1402 = AXIS2_PLACEMENT_3D('',#1403,#1404,#1405);
#1403 = CARTESIAN_POINT('',(235.,-115.,0.));
#1404 = DIRECTION('',(1.,0.,0.));
#1405 = DIRECTION('',(0.,-1.,0.));
#1406 = ADVANCED_FACE('',(#1407),#1423,.F.);
#1407 = FACE_BOUND('',#1408,.F.);
#1408 = EDGE_LOOP('',(#1409,#1410,#1416,#1417));
#1409 = ORIENTED_EDGE('',*,*,#1259,.F.);
#1410 = ORIENTED_EDGE('',*,*,#1411,.T.);
#1411 = EDGE_CURVE('',#1260,#1344,#1412,.T.);
#1412 = LINE('',#1413,#1414);
#1413 = CARTESIAN_POINT('',(225.48,-165.48,0.));
#1414 = VECTOR('',#1415,1.);
#1415 = DIRECTION('',(0.,0.,1.));
#1416 = ORIENTED_EDGE('',*,*,#1351,.T.);
#1417 = ORIENTED_EDGE('',*,*,#1418,.F.);
#1418 = EDGE_CURVE('',#1262,#1352,#1419,.T.);
#1419 = LINE('',#1420,#1421);
#1420 = CARTESIAN_POINT('',(184.52,-165.48,0.));
#1421 = VECTOR('',#1422,1.);
#1422 = DIRECTION('',(0.,0.,1.));
#1423 = PLANE('',#1424);
#1424 = AXIS2_PLACEMENT_3D('',#1425,#1426,#1427);
#1425 = CARTESIAN_POINT('',(225.48,-165.48,0.));
#1426 = DIRECTION('',(-0.,-1.,-0.));
#1427 = DIRECTION('',(-1.,0.,0.));
#1428 = ADVANCED_FACE('',(#1429),#1440,.F.);
#1429 = FACE_BOUND('',#1430,.F.);
#1430 = EDGE_LOOP('',(#1431,#1432,#1433,#1434));
#1431 = ORIENTED_EDGE('',*,*,#1269,.F.);
#1432 = ORIENTED_EDGE('',*,*,#1418,.T.);
#1433 = ORIENTED_EDGE('',*,*,#1359,.T.);
#1434 = ORIENTED_EDGE('',*,*,#1435,.F.);
#1435 = EDGE_CURVE('',#1270,#1360,#1436,.T.);
#1436 = LINE('',#1437,#1438);
#1437 = CARTESIAN_POINT('',(184.52,-124.52,0.));
#1438 = VECTOR('',#1439,1.);
#1439 = DIRECTION('',(0.,0.,1.));
#1440 = PLANE('',#1441);
#1441 = AXIS2_PLACEMENT_3D('',#1442,#1443,#1444);
#1442 = CARTESIAN_POINT('',(184.52,-165.48,0.));
#1443 = DIRECTION('',(-1.,0.,0.));
#1444 = DIRECTION('',(0.,1.,0.));
#1445 = ADVANCED_FACE('',(#1446),#1457,.F.);
#1446 = FACE_BOUND('',#1447,.F.);
#1447 = EDGE_LOOP('',(#1448,#1449,#1450,#1451));
#1448 = ORIENTED_EDGE('',*,*,#1277,.F.);
#1449 = ORIENTED_EDGE('',*,*,#1435,.T.);
#1450 = ORIENTED_EDGE('',*,*,#1367,.T.);
#1451 = ORIENTED_EDGE('',*,*,#1452,.F.);
#1452 = EDGE_CURVE('',#1278,#1342,#1453,.T.);
#1453 = LINE('',#1454,#1455);
#1454 = CARTESIAN_POINT('',(225.48,-124.52,0.));
#1455 = VECTOR('',#1456,1.);
#1456 = DIRECTION('',(0.,0.,1.));
#1457 = PLANE('',#1458);
#1458 = AXIS2_PLACEMENT_3D('',#1459,#1460,#1461);
#1459 = CARTESIAN_POINT('',(184.52,-124.52,0.));
#1460 = DIRECTION('',(0.,1.,0.));
#1461 = DIRECTION('',(1.,0.,0.));
#1462 = ADVANCED_FACE('',(#1463),#1469,.F.);
#1463 = FACE_BOUND('',#1464,.F.);
#1464 = EDGE_LOOP('',(#1465,#1466,#1467,#1468));
#1465 = ORIENTED_EDGE('',*,*,#1285,.F.);
#1466 = ORIENTED_EDGE('',*,*,#1452,.T.);
#1467 = ORIENTED_EDGE('',*,*,#1341,.T.);
#1468 = ORIENTED_EDGE('',*,*,#1411,.F.);
#1469 = PLANE('',#1470);
#1470 = AXIS2_PLACEMENT_3D('',#1471,#1472,#1473);
#1471 = CARTESIAN_POINT('',(225.48,-124.52,0.));
#1472 = DIRECTION('',(1.,0.,0.));
#1473 = DIRECTION('',(0.,-1.,0.));
#1474 = ( GEOMETRIC_REPRESENTATION_CONTEXT(3) 
GLOBAL_UNCERTAINTY_ASSIGNED_CONTEXT((#1478)) 
GLOBAL_UNIT_ASSIGNED_CONTEXT((#1475,#1476,#1477)) REPRESENTATION_CONTEXT
('Context #1','3D Context with UNIT and UNCERTAINTY') );
#1475 = ( LENGTH_UNIT() NAMED_UNIT(*) SI_UNIT(.MILLI.,.METRE.) );
#1476 = ( NAMED_UNIT(*) PLANE_ANGLE_UNIT() SI_UNIT($,.RADIAN.) );
#1477 = ( NAMED_UNIT(*) SI_UNIT($,.STERADIAN.) SOLID_ANGLE_UNIT() );
#1478 = UNCERTAINTY_MEASURE_WITH_UNIT(LENGTH_MEASURE(1.E-04),#1475,
  'distance_accuracy_value','confusion accuracy');
#1479 = SHAPE_REPRESENTATION_RELATIONSHIP('','',#1480,#10);
#1480 = ADVANCED_BREP_SHAPE_REPRESENTATION('',(#11,#1481),#1631);
#1481 = MANIFOLD_SOLID_BREP('',#1482);
#1482 = CLOSED_SHELL('',(#1483,#1523,#1554,#1578,#1602,#1619));
#1483 = ADVANCED_FACE('',(#1484),#1518,.T.);
#1484 = FACE_BOUND('',#1485,.T.);
#1485 = EDGE_LOOP('',(#1486,#1496,#1504,#1512));
#1486 = ORIENTED_EDGE('',*,*,#1487,.F.);
#1487 = EDGE_CURVE('',#1488,#1490,#1492,.T.);
#1488 = VERTEX_POINT('',#1489);
#1489 = CARTESIAN_POINT('',(175.,175.,0.));
#1490 = VERTEX_POINT('',#1491);
#1491 = CARTESIAN_POINT('',(184.52,175.,0.));
#1492 = LINE('',#1493,#1494);
#1493 = CARTESIAN_POINT('',(175.,175.,0.));
#1494 = VECTOR('',#1495,1.);
#1495 = DIRECTION('',(1.,0.,0.));
#1496 = ORIENTED_EDGE('',*,*,#1497,.T.);
#1497 = EDGE_CURVE('',#1488,#1498,#1500,.T.);
#1498 = VERTEX_POINT('',#1499);
#1499 = CARTESIAN_POINT('',(175.,175.,1.7E+03));
#1500 = LINE('',#1501,#1502);
#1501 = CARTESIAN_POINT('',(175.,175.,0.));
#1502 = VECTOR('',#1503,1.);
#1503 = DIRECTION('',(0.,0.,1.));
#1504 = ORIENTED_EDGE('',*,*,#1505,.T.);
#1505 = EDGE_CURVE('',#1498,#1506,#1508,.T.);
#1506 = VERTEX_POINT('',#1507);
#1507 = CARTESIAN_POINT('',(184.52,175.,1.7E+03));
#1508 = LINE('',#1509,#1510);
#1509 = CARTESIAN_POINT('',(87.5,175.,1.7E+03));
#1510 = VECTOR('',#1511,1.);
#1511 = DIRECTION('',(1.,0.,0.));
#1512 = ORIENTED_EDGE('',*,*,#1513,.F.);
#1513 = EDGE_CURVE('',#1490,#1506,#1514,.T.);
#1514 = LINE('',#1515,#1516);
#1515 = CARTESIAN_POINT('',(184.52,175.,0.));
#1516 = VECTOR('',#1517,1.);
#1517 = DIRECTION('',(0.,0.,1.));
#1518 = PLANE('',#1519);
#1519 = AXIS2_PLACEMENT_3D('',#1520,#1521,#1522);
#1520 = CARTESIAN_POINT('',(175.,175.,0.));
#1521 = DIRECTION('',(0.,1.,0.));
#1522 = DIRECTION('',(1.,0.,0.));
#1523 = ADVANCED_FACE('',(#1524),#1549,.F.);
#1524 = FACE_BOUND('',#1525,.T.);
#1525 = EDGE_LOOP('',(#1526,#1527,#1535,#1543));
#1526 = ORIENTED_EDGE('',*,*,#1487,.T.);
#1527 = ORIENTED_EDGE('',*,*,#1528,.T.);
#1528 = EDGE_CURVE('',#1490,#1529,#1531,.T.);
#1529 = VERTEX_POINT('',#1530);
#1530 = CARTESIAN_POINT('',(184.52,90.,0.));
#1531 = LINE('',#1532,#1533);
#1532 = CARTESIAN_POINT('',(184.52,175.,0.));
#1533 = VECTOR('',#1534,1.);
#1534 = DIRECTION('',(0.,-1.,0.));
#1535 = ORIENTED_EDGE('',*,*,#1536,.T.);
#1536 = EDGE_CURVE('',#1529,#1537,#1539,.T.);
#1537 = VERTEX_POINT('',#1538);
#1538 = CARTESIAN_POINT('',(175.,90.,0.));
#1539 = LINE('',#1540,#1541);
#1540 = CARTESIAN_POINT('',(184.52,90.,0.));
#1541 = VECTOR('',#1542,1.);
#1542 = DIRECTION('',(-1.,0.,0.));
#1543 = ORIENTED_EDGE('',*,*,#1544,.T.);
#1544 = EDGE_CURVE('',#1537,#1488,#1545,.T.);
#1545 = LINE('',#1546,#1547);
#1546 = CARTESIAN_POINT('',(175.,90.,0.));
#1547 = VECTOR('',#1548,1.);
#1548 = DIRECTION('',(0.,1.,0.));
#1549 = PLANE('',#1550);
#1550 = AXIS2_PLACEMENT_3D('',#1551,#1552,#1553);
#1551 = CARTESIAN_POINT('',(6.92E-15,132.5,0.));
#1552 = DIRECTION('',(0.,0.,1.));
#1553 = DIRECTION('',(1.,0.,0.));
#1554 = ADVANCED_FACE('',(#1555),#1573,.T.);
#1555 = FACE_BOUND('',#1556,.T.);
#1556 = EDGE_LOOP('',(#1557,#1558,#1559,#1567));
#1557 = ORIENTED_EDGE('',*,*,#1528,.F.);
#1558 = ORIENTED_EDGE('',*,*,#1513,.T.);
#1559 = ORIENTED_EDGE('',*,*,#1560,.T.);
#1560 = EDGE_CURVE('',#1506,#1561,#1563,.T.);
#1561 = VERTEX_POINT('',#1562);
#1562 = CARTESIAN_POINT('',(184.52,90.,1.7E+03));
#1563 = LINE('',#1564,#1565);
#1564 = CARTESIAN_POINT('',(184.52,87.218434472059,1.7E+03));
#1565 = VECTOR('',#1566,1.);
#1566 = DIRECTION('',(0.,-1.,0.));
#1567 = ORIENTED_EDGE('',*,*,#1568,.F.);
#1568 = EDGE_CURVE('',#1529,#1561,#1569,.T.);
#1569 = LINE('',#1570,#1571);
#1570 = CARTESIAN_POINT('',(184.52,90.,0.));
#1571 = VECTOR('',#1572,1.);
#1572 = DIRECTION('',(0.,0.,1.));
#1573 = PLANE('',#1574);
#1574 = AXIS2_PLACEMENT_3D('',#1575,#1576,#1577);
#1575 = CARTESIAN_POINT('',(184.52,175.,0.));
#1576 = DIRECTION('',(1.,0.,0.));
#1577 = DIRECTION('',(0.,-1.,0.));
#1578 = ADVANCED_FACE('',(#1579),#1597,.T.);
#1579 = FACE_BOUND('',#1580,.T.);
#1580 = EDGE_LOOP('',(#1581,#1582,#1590,#1596));
#1581 = ORIENTED_EDGE('',*,*,#1505,.F.);
#1582 = ORIENTED_EDGE('',*,*,#1583,.F.);
#1583 = EDGE_CURVE('',#1584,#1498,#1586,.T.);
#1584 = VERTEX_POINT('',#1585);
#1585 = CARTESIAN_POINT('',(175.,90.,1.7E+03));
#1586 = LINE('',#1587,#1588);
#1587 = CARTESIAN_POINT('',(175.,44.718434472059,1.7E+03));
#1588 = VECTOR('',#1589,1.);
#1589 = DIRECTION('',(0.,1.,0.));
#1590 = ORIENTED_EDGE('',*,*,#1591,.F.);
#1591 = EDGE_CURVE('',#1561,#1584,#1592,.T.);
#1592 = LINE('',#1593,#1594);
#1593 = CARTESIAN_POINT('',(92.26,90.,1.7E+03));
#1594 = VECTOR('',#1595,1.);
#1595 = DIRECTION('',(-1.,0.,0.));
#1596 = ORIENTED_EDGE('',*,*,#1560,.F.);
#1597 = PLANE('',#1598);
#1598 = AXIS2_PLACEMENT_3D('',#1599,#1600,#1601);
#1599 = CARTESIAN_POINT('',(-4.2E-16,-0.563131055882,1.7E+03));
#1600 = DIRECTION('',(0.,0.,1.));
#1601 = DIRECTION('',(1.,0.,0.));
#1602 = ADVANCED_FACE('',(#1603),#1614,.T.);
#1603 = FACE_BOUND('',#1604,.T.);
#1604 = EDGE_LOOP('',(#1605,#1606,#1612,#1613));
#1605 = ORIENTED_EDGE('',*,*,#1544,.F.);
#1606 = ORIENTED_EDGE('',*,*,#1607,.T.);
#1607 = EDGE_CURVE('',#1537,#1584,#1608,.T.);
#1608 = LINE('',#1609,#1610);
#1609 = CARTESIAN_POINT('',(175.,90.,0.));
#1610 = VECTOR('',#1611,1.);
#1611 = DIRECTION('',(0.,0.,1.));
#1612 = ORIENTED_EDGE('',*,*,#1583,.T.);
#1613 = ORIENTED_EDGE('',*,*,#1497,.F.);
#1614 = PLANE('',#1615);
#1615 = AXIS2_PLACEMENT_3D('',#1616,#1617,#1618);
#1616 = CARTESIAN_POINT('',(175.,90.,0.));
#1617 = DIRECTION('',(-1.,0.,0.));
#1618 = DIRECTION('',(0.,1.,0.));
#1619 = ADVANCED_FACE('',(#1620),#1626,.T.);
#1620 = FACE_BOUND('',#1621,.T.);
#1621 = EDGE_LOOP('',(#1622,#1623,#1624,#1625));
#1622 = ORIENTED_EDGE('',*,*,#1536,.F.);
#1623 = ORIENTED_EDGE('',*,*,#1568,.T.);
#1624 = ORIENTED_EDGE('',*,*,#1591,.T.);
#1625 = ORIENTED_EDGE('',*,*,#1607,.F.);
#1626 = PLANE('',#1627);
#1627 = AXIS2_PLACEMENT_3D('',#1628,#1629,#1630);
#1628 = CARTESIAN_POINT('',(184.52,90.,0.));
#1629 = DIRECTION('',(-0.,-1.,-0.));
#1630 = DIRECTION('',(-1.,0.,0.));
#1631 = ( GEOMETRIC_REPRESENTATION_CONTEXT(3) 
GLOBAL_UNCERTAINTY_ASSIGNED_CONTEXT((#1635)) 
GLOBAL_UNIT_ASSIGNED_CONTEXT((#1632,#1633,#1634)) REPRESENTATION_CONTEXT
('Context #1','3D Context with UNIT and UNCERTAINTY') );
#1632 = ( LENGTH_UNIT() NAMED_UNIT(*) SI_UNIT(.MILLI.,.METRE.) );
#1633 = ( NAMED_UNIT(*) PLANE_ANGLE_UNIT() SI_UNIT($,.RADIAN.) );
#1634 = ( NAMED_UNIT(*) SI_UNIT($,.STERADIAN.) SOLID_ANGLE_UNIT() );
#1635 = UNCERTAINTY_MEASURE_WITH_UNIT(LENGTH_MEASURE(1.E-04),#1632,
  'distance_accuracy_value','confusion accuracy');
#1636 = SHAPE_REPRESENTATION_RELATIONSHIP('','',#1637,#10);
#1637 = ADVANCED_BREP_SHAPE_REPRESENTATION('',(#11,#1638),#1788);
#1638 = MANIFOLD_SOLID_BREP('',#1639);
#1639 = CLOSED_SHELL('',(#1640,#1680,#1711,#1735,#1759,#1776));
#1640 = ADVANCED_FACE('',(#1641),#1675,.T.);
#1641 = FACE_BOUND('',#1642,.T.);
#1642 = EDGE_LOOP('',(#1643,#1653,#1661,#1669));
#1643 = ORIENTED_EDGE('',*,*,#1644,.F.);
#1644 = EDGE_CURVE('',#1645,#1647,#1649,.T.);
#1645 = VERTEX_POINT('',#1646);
#1646 = CARTESIAN_POINT('',(-175.,175.,0.));
#1647 = VERTEX_POINT('',#1648);
#1648 = CARTESIAN_POINT('',(-175.,90.,0.));
#1649 = LINE('',#1650,#1651);
#1650 = CARTESIAN_POINT('',(-175.,175.,0.));
#1651 = VECTOR('',#1652,1.);
#1652 = DIRECTION('',(0.,-1.,0.));
#1653 = ORIENTED_EDGE('',*,*,#1654,.T.);
#1654 = EDGE_CURVE('',#1645,#1655,#1657,.T.);
#1655 = VERTEX_POINT('',#1656);
#1656 = CARTESIAN_POINT('',(-175.,175.,1.7E+03));
#1657 = LINE('',#1658,#1659);
#1658 = CARTESIAN_POINT('',(-175.,175.,0.));
#1659 = VECTOR('',#1660,1.);
#1660 = DIRECTION('',(0.,0.,1.));
#1661 = ORIENTED_EDGE('',*,*,#1662,.T.);
#1662 = EDGE_CURVE('',#1655,#1663,#1665,.T.);
#1663 = VERTEX_POINT('',#1664);
#1664 = CARTESIAN_POINT('',(-175.,90.,1.7E+03));
#1665 = LINE('',#1666,#1667);
#1666 = CARTESIAN_POINT('',(-175.,87.218434472059,1.7E+03));
#1667 = VECTOR('',#1668,1.);
#1668 = DIRECTION('',(0.,-1.,0.));
#1669 = ORIENTED_EDGE('',*,*,#1670,.F.);
#1670 = EDGE_CURVE('',#1647,#1663,#1671,.T.);
#1671 = LINE('',#1672,#1673);
#1672 = CARTESIAN_POINT('',(-175.,90.,0.));
#1673 = VECTOR('',#1674,1.);
#1674 = DIRECTION('',(0.,0.,1.));
#1675 = PLANE('',#1676);
#1676 = AXIS2_PLACEMENT_3D('',#1677,#1678,#1679);
#1677 = CARTESIAN_POINT('',(-175.,175.,0.));
#1678 = DIRECTION('',(1.,0.,0.));
#1679 = DIRECTION('',(0.,-1.,0.));
#1680 = ADVANCED_FACE('',(#1681),#1706,.F.);
#1681 = FACE_BOUND('',#1682,.T.);
#1682 = EDGE_LOOP('',(#1683,#1684,#1692,#1700));
#1683 = ORIENTED_EDGE('',*,*,#1644,.T.);
#1684 = ORIENTED_EDGE('',*,*,#1685,.T.);
#1685 = EDGE_CURVE('',#1647,#1686,#1688,.T.);
#1686 = VERTEX_POINT('',#1687);
#1687 = CARTESIAN_POINT('',(-184.52,90.,0.));
#1688 = LINE('',#1689,#1690);
#1689 = CARTESIAN_POINT('',(-175.,90.,0.));
#1690 = VECTOR('',#1691,1.);
#1691 = DIRECTION('',(-1.,0.,0.));
#1692 = ORIENTED_EDGE('',*,*,#1693,.T.);
#1693 = EDGE_CURVE('',#1686,#1694,#1696,.T.);
#1694 = VERTEX_POINT('',#1695);
#1695 = CARTESIAN_POINT('',(-184.52,175.,0.));
#1696 = LINE('',#1697,#1698);
#1697 = CARTESIAN_POINT('',(-184.52,90.,0.));
#1698 = VECTOR('',#1699,1.);
#1699 = DIRECTION('',(0.,1.,0.));
#1700 = ORIENTED_EDGE('',*,*,#1701,.T.);
#1701 = EDGE_CURVE('',#1694,#1645,#1702,.T.);
#1702 = LINE('',#1703,#1704);
#1703 = CARTESIAN_POINT('',(-184.52,175.,0.));
#1704 = VECTOR('',#1705,1.);
#1705 = DIRECTION('',(1.,0.,0.));
#1706 = PLANE('',#1707);
#1707 = AXIS2_PLACEMENT_3D('',#1708,#1709,#1710);
#1708 = CARTESIAN_POINT('',(6.92E-15,132.5,0.));
#1709 = DIRECTION('',(0.,0.,1.));
#1710 = DIRECTION('',(1.,0.,0.));
#1711 = ADVANCED_FACE('',(#1712),#1730,.T.);
#1712 = FACE_BOUND('',#1713,.T.);
#1713 = EDGE_LOOP('',(#1714,#1715,#1716,#1724));
#1714 = ORIENTED_EDGE('',*,*,#1685,.F.);
#1715 = ORIENTED_EDGE('',*,*,#1670,.T.);
#1716 = ORIENTED_EDGE('',*,*,#1717,.T.);
#1717 = EDGE_CURVE('',#1663,#1718,#1720,.T.);
#1718 = VERTEX_POINT('',#1719);
#1719 = CARTESIAN_POINT('',(-184.52,90.,1.7E+03));
#1720 = LINE('',#1721,#1722);
#1721 = CARTESIAN_POINT('',(-87.5,90.,1.7E+03));
#1722 = VECTOR('',#1723,1.);
#1723 = DIRECTION('',(-1.,0.,0.));
#1724 = ORIENTED_EDGE('',*,*,#1725,.F.);
#1725 = EDGE_CURVE('',#1686,#1718,#1726,.T.);
#1726 = LINE('',#1727,#1728);
#1727 = CARTESIAN_POINT('',(-184.52,90.,0.));
#1728 = VECTOR('',#1729,1.);
#1729 = DIRECTION('',(0.,0.,1.));
#1730 = PLANE('',#1731);
#1731 = AXIS2_PLACEMENT_3D('',#1732,#1733,#1734);
#1732 = CARTESIAN_POINT('',(-175.,90.,0.));
#1733 = DIRECTION('',(-0.,-1.,-0.));
#1734 = DIRECTION('',(-1.,0.,0.));
#1735 = ADVANCED_FACE('',(#1736),#1754,.T.);
#1736 = FACE_BOUND('',#1737,.T.);
#1737 = EDGE_LOOP('',(#1738,#1739,#1747,#1753));
#1738 = ORIENTED_EDGE('',*,*,#1662,.F.);
#1739 = ORIENTED_EDGE('',*,*,#1740,.F.);
#1740 = EDGE_CURVE('',#1741,#1655,#1743,.T.);
#1741 = VERTEX_POINT('',#1742);
#1742 = CARTESIAN_POINT('',(-184.52,175.,1.7E+03));
#1743 = LINE('',#1744,#1745);
#1744 = CARTESIAN_POINT('',(-92.26,175.,1.7E+03));
#1745 = VECTOR('',#1746,1.);
#1746 = DIRECTION('',(1.,0.,0.));
#1747 = ORIENTED_EDGE('',*,*,#1748,.F.);
#1748 = EDGE_CURVE('',#1718,#1741,#1749,.T.);
#1749 = LINE('',#1750,#1751);
#1750 = CARTESIAN_POINT('',(-184.52,44.718434472059,1.7E+03));
#1751 = VECTOR('',#1752,1.);
#1752 = DIRECTION('',(0.,1.,0.));
#1753 = ORIENTED_EDGE('',*,*,#1717,.F.);
#1754 = PLANE('',#1755);
#1755 = AXIS2_PLACEMENT_3D('',#1756,#1757,#1758);
#1756 = CARTESIAN_POINT('',(-4.2E-16,-0.563131055882,1.7E+03));
#1757 = DIRECTION('',(0.,0.,1.));
#1758 = DIRECTION('',(1.,0.,0.));
#1759 = ADVANCED_FACE('',(#1760),#1771,.T.);
#1760 = FACE_BOUND('',#1761,.T.);
#1761 = EDGE_LOOP('',(#1762,#1763,#1769,#1770));
#1762 = ORIENTED_EDGE('',*,*,#1701,.F.);
#1763 = ORIENTED_EDGE('',*,*,#1764,.T.);
#1764 = EDGE_CURVE('',#1694,#1741,#1765,.T.);
#1765 = LINE('',#1766,#1767);
#1766 = CARTESIAN_POINT('',(-184.52,175.,0.));
#1767 = VECTOR('',#1768,1.);
#1768 = DIRECTION('',(0.,0.,1.));
#1769 = ORIENTED_EDGE('',*,*,#1740,.T.);
#1770 = ORIENTED_EDGE('',*,*,#1654,.F.);
#1771 = PLANE('',#1772);
#1772 = AXIS2_PLACEMENT_3D('',#1773,#1774,#1775);
#1773 = CARTESIAN_POINT('',(-184.52,175.,0.));
#1774 = DIRECTION('',(0.,1.,0.));
#1775 = DIRECTION('',(1.,0.,0.));
#1776 = ADVANCED_FACE('',(#1777),#1783,.T.);
#1777 = FACE_BOUND('',#1778,.T.);
#1778 = EDGE_LOOP('',(#1779,#1780,#1781,#1782));
#1779 = ORIENTED_EDGE('',*,*,#1693,.F.);
#1780 = ORIENTED_EDGE('',*,*,#1725,.T.);
#1781 = ORIENTED_EDGE('',*,*,#1748,.T.);
#1782 = ORIENTED_EDGE('',*,*,#1764,.F.);
#1783 = PLANE('',#1784);
#1784 = AXIS2_PLACEMENT_3D('',#1785,#1786,#1787);
#1785 = CARTESIAN_POINT('',(-184.52,90.,0.));
#1786 = DIRECTION('',(-1.,0.,0.));
#1787 = DIRECTION('',(0.,1.,0.));
#1788 = ( GEOMETRIC_REPRESENTATION_CONTEXT(3) 
GLOBAL_UNCERTAINTY_ASSIGNED_CONTEXT((#1792)) 
GLOBAL_UNIT_ASSIGNED_CONTEXT((#1789,#1790,#1791)) REPRESENTATION_CONTEXT
('Context #1','3D Context with UNIT and UNCERTAINTY') );
#1789 = ( LENGTH_UNIT() NAMED_UNIT(*) SI_UNIT(.MILLI.,.METRE.) );
#1790 = ( NAMED_UNIT(*) PLANE_ANGLE_UNIT() SI_UNIT($,.RADIAN.) );
#1791 = ( NAMED_UNIT(*) SI_UNIT($,.STERADIAN.) SOLID_ANGLE_UNIT() );
#1792 = UNCERTAINTY_MEASURE_WITH_UNIT(LENGTH_MEASURE(1.E-04),#1789,
  'distance_accuracy_value','confusion accuracy');
#1793 = SHAPE_REPRESENTATION_RELATIONSHIP('','',#1794,#10);
#1794 = ADVANCED_BREP_SHAPE_REPRESENTATION('',(#11,#1795),#2784);
#1795 = MANIFOLD_SOLID_BREP('',#1796);
#1796 = CLOSED_SHELL('',(#1797,#1837,#1868,#1899,#1930,#1961,#1994,#2025
    ,#2058,#2089,#2122,#2153,#2186,#2217,#2248,#2270,#2303,#2336,#2369,
    #2402,#2435,#2468,#2501,#2534,#2567,#2600,#2633,#2666,#2725));
#1797 = ADVANCED_FACE('',(#1798),#1832,.F.);
#1798 = FACE_BOUND('',#1799,.F.);
#1799 = EDGE_LOOP('',(#1800,#1810,#1818,#1826));
#1800 = ORIENTED_EDGE('',*,*,#1801,.T.);
#1801 = EDGE_CURVE('',#1802,#1804,#1806,.T.);
#1802 = VERTEX_POINT('',#1803);
#1803 = CARTESIAN_POINT('',(235.,-175.,0.));
#1804 = VERTEX_POINT('',#1805);
#1805 = CARTESIAN_POINT('',(235.,-175.,-20.));
#1806 = LINE('',#1807,#1808);
#1807 = CARTESIAN_POINT('',(235.,-175.,0.));
#1808 = VECTOR('',#1809,1.);
#1809 = DIRECTION('',(0.,0.,-1.));
#1810 = ORIENTED_EDGE('',*,*,#1811,.T.);
#1811 = EDGE_CURVE('',#1804,#1812,#1814,.T.);
#1812 = VERTEX_POINT('',#1813);
#1813 = CARTESIAN_POINT('',(-235.,-175.,-20.));
#1814 = LINE('',#1815,#1816);
#1815 = CARTESIAN_POINT('',(235.,-175.,-20.));
#1816 = VECTOR('',#1817,1.);
#1817 = DIRECTION('',(-1.,0.,0.));
#1818 = ORIENTED_EDGE('',*,*,#1819,.F.);
#1819 = EDGE_CURVE('',#1820,#1812,#1822,.T.);
#1820 = VERTEX_POINT('',#1821);
#1821 = CARTESIAN_POINT('',(-235.,-175.,0.));
#1822 = LINE('',#1823,#1824);
#1823 = CARTESIAN_POINT('',(-235.,-175.,0.));
#1824 = VECTOR('',#1825,1.);
#1825 = DIRECTION('',(0.,0.,-1.));
#1826 = ORIENTED_EDGE('',*,*,#1827,.F.);
#1827 = EDGE_CURVE('',#1802,#1820,#1828,.T.);
#1828 = LINE('',#1829,#1830);
#1829 = CARTESIAN_POINT('',(235.,-175.,0.));
#1830 = VECTOR('',#1831,1.);
#1831 = DIRECTION('',(-1.,0.,0.));
#1832 = PLANE('',#1833);
#1833 = AXIS2_PLACEMENT_3D('',#1834,#1835,#1836);
#1834 = CARTESIAN_POINT('',(235.,-175.,0.));
#1835 = DIRECTION('',(0.,1.,0.));
#1836 = DIRECTION('',(-1.,0.,0.));
#1837 = ADVANCED_FACE('',(#1838),#1863,.F.);
#1838 = FACE_BOUND('',#1839,.F.);
#1839 = EDGE_LOOP('',(#1840,#1841,#1849,#1857));
#1840 = ORIENTED_EDGE('',*,*,#1819,.T.);
#1841 = ORIENTED_EDGE('',*,*,#1842,.T.);
#1842 = EDGE_CURVE('',#1812,#1843,#1845,.T.);
#1843 = VERTEX_POINT('',#1844);
#1844 = CARTESIAN_POINT('',(-235.,-115.,-20.));
#1845 = LINE('',#1846,#1847);
#1846 = CARTESIAN_POINT('',(-235.,-175.,-20.));
#1847 = VECTOR('',#1848,1.);
#1848 = DIRECTION('',(0.,1.,0.));
#1849 = ORIENTED_EDGE('',*,*,#1850,.F.);
#1850 = EDGE_CURVE('',#1851,#1843,#1853,.T.);
#1851 = VERTEX_POINT('',#1852);
#1852 = CARTESIAN_POINT('',(-235.,-115.,0.));
#1853 = LINE('',#1854,#1855);
#1854 = CARTESIAN_POINT('',(-235.,-115.,0.));
#1855 = VECTOR('',#1856,1.);
#1856 = DIRECTION('',(0.,0.,-1.));
#1857 = ORIENTED_EDGE('',*,*,#1858,.F.);
#1858 = EDGE_CURVE('',#1820,#1851,#1859,.T.);
#1859 = LINE('',#1860,#1861);
#1860 = CARTESIAN_POINT('',(-235.,-175.,0.));
#1861 = VECTOR('',#1862,1.);
#1862 = DIRECTION('',(0.,1.,0.));
#1863 = PLANE('',#1864);
#1864 = AXIS2_PLACEMENT_3D('',#1865,#1866,#1867);
#1865 = CARTESIAN_POINT('',(-235.,-175.,0.));
#1866 = DIRECTION('',(1.,0.,0.));
#1867 = DIRECTION('',(0.,1.,0.));
#1868 = ADVANCED_FACE('',(#1869),#1894,.F.);
#1869 = FACE_BOUND('',#1870,.F.);
#1870 = EDGE_LOOP('',(#1871,#1872,#1880,#1888));
#1871 = ORIENTED_EDGE('',*,*,#1850,.T.);
#1872 = ORIENTED_EDGE('',*,*,#1873,.T.);
#1873 = EDGE_CURVE('',#1843,#1874,#1876,.T.);
#1874 = VERTEX_POINT('',#1875);
#1875 = CARTESIAN_POINT('',(-175.,-115.,-20.));
#1876 = LINE('',#1877,#1878);
#1877 = CARTESIAN_POINT('',(-235.,-115.,-20.));
#1878 = VECTOR('',#1879,1.);
#1879 = DIRECTION('',(1.,0.,0.));
#1880 = ORIENTED_EDGE('',*,*,#1881,.F.);
#1881 = EDGE_CURVE('',#1882,#1874,#1884,.T.);
#1882 = VERTEX_POINT('',#1883);
#1883 = CARTESIAN_POINT('',(-175.,-115.,0.));
#1884 = LINE('',#1885,#1886);
#1885 = CARTESIAN_POINT('',(-175.,-115.,0.));
#1886 = VECTOR('',#1887,1.);
#1887 = DIRECTION('',(0.,0.,-1.));
#1888 = ORIENTED_EDGE('',*,*,#1889,.F.);
#1889 = EDGE_CURVE('',#1851,#1882,#1890,.T.);
#1890 = LINE('',#1891,#1892);
#1891 = CARTESIAN_POINT('',(-235.,-115.,0.));
#1892 = VECTOR('',#1893,1.);
#1893 = DIRECTION('',(1.,0.,0.));
#1894 = PLANE('',#1895);
#1895 = AXIS2_PLACEMENT_3D('',#1896,#1897,#1898);
#1896 = CARTESIAN_POINT('',(-235.,-115.,0.));
#1897 = DIRECTION('',(0.,-1.,0.));
#1898 = DIRECTION('',(1.,0.,0.));
#1899 = ADVANCED_FACE('',(#1900),#1925,.F.);
#1900 = FACE_BOUND('',#1901,.F.);
#1901 = EDGE_LOOP('',(#1902,#1903,#1911,#1919));
#1902 = ORIENTED_EDGE('',*,*,#1881,.T.);
#1903 = ORIENTED_EDGE('',*,*,#1904,.T.);
#1904 = EDGE_CURVE('',#1874,#1905,#1907,.T.);
#1905 = VERTEX_POINT('',#1906);
#1906 = CARTESIAN_POINT('',(-175.,-37.,-20.));
#1907 = LINE('',#1908,#1909);
#1908 = CARTESIAN_POINT('',(-175.,-115.,-20.));
#1909 = VECTOR('',#1910,1.);
#1910 = DIRECTION('',(0.,1.,0.));
#1911 = ORIENTED_EDGE('',*,*,#1912,.F.);
#1912 = EDGE_CURVE('',#1913,#1905,#1915,.T.);
#1913 = VERTEX_POINT('',#1914);
#1914 = CARTESIAN_POINT('',(-175.,-37.,0.));
#1915 = LINE('',#1916,#1917);
#1916 = CARTESIAN_POINT('',(-175.,-37.,0.));
#1917 = VECTOR('',#1918,1.);
#1918 = DIRECTION('',(0.,0.,-1.));
#1919 = ORIENTED_EDGE('',*,*,#1920,.F.);
#1920 = EDGE_CURVE('',#1882,#1913,#1921,.T.);
#1921 = LINE('',#1922,#1923);
#1922 = CARTESIAN_POINT('',(-175.,-115.,0.));
#1923 = VECTOR('',#1924,1.);
#1924 = DIRECTION('',(0.,1.,0.));
#1925 = PLANE('',#1926);
#1926 = AXIS2_PLACEMENT_3D('',#1927,#1928,#1929);
#1927 = CARTESIAN_POINT('',(-175.,-115.,0.));
#1928 = DIRECTION('',(1.,0.,0.));
#1929 = DIRECTION('',(0.,1.,0.));
#1930 = ADVANCED_FACE('',(#1931),#1956,.F.);
#1931 = FACE_BOUND('',#1932,.F.);
#1932 = EDGE_LOOP('',(#1933,#1934,#1942,#1950));
#1933 = ORIENTED_EDGE('',*,*,#1912,.T.);
#1934 = ORIENTED_EDGE('',*,*,#1935,.T.);
#1935 = EDGE_CURVE('',#1905,#1936,#1938,.T.);
#1936 = VERTEX_POINT('',#1937);
#1937 = CARTESIAN_POINT('',(-206.5,-37.,-20.));
#1938 = LINE('',#1939,#1940);
#1939 = CARTESIAN_POINT('',(-175.,-37.,-20.));
#1940 = VECTOR('',#1941,1.);
#1941 = DIRECTION('',(-1.,0.,0.));
#1942 = ORIENTED_EDGE('',*,*,#1943,.F.);
#1943 = EDGE_CURVE('',#1944,#1936,#1946,.T.);
#1944 = VERTEX_POINT('',#1945);
#1945 = CARTESIAN_POINT('',(-206.5,-37.,0.));
#1946 = LINE('',#1947,#1948);
#1947 = CARTESIAN_POINT('',(-206.5,-37.,0.));
#1948 = VECTOR('',#1949,1.);
#1949 = DIRECTION('',(0.,0.,-1.));
#1950 = ORIENTED_EDGE('',*,*,#1951,.F.);
#1951 = EDGE_CURVE('',#1913,#1944,#1952,.T.);
#1952 = LINE('',#1953,#1954);
#1953 = CARTESIAN_POINT('',(-175.,-37.,0.));
#1954 = VECTOR('',#1955,1.);
#1955 = DIRECTION('',(-1.,0.,0.));
#1956 = PLANE('',#1957);
#1957 = AXIS2_PLACEMENT_3D('',#1958,#1959,#1960);
#1958 = CARTESIAN_POINT('',(-175.,-37.,0.));
#1959 = DIRECTION('',(0.,1.,0.));
#1960 = DIRECTION('',(-1.,0.,0.));
#1961 = ADVANCED_FACE('',(#1962),#1989,.T.);
#1962 = FACE_BOUND('',#1963,.F.);
#1963 = EDGE_LOOP('',(#1964,#1965,#1974,#1982));
#1964 = ORIENTED_EDGE('',*,*,#1943,.T.);
#1965 = ORIENTED_EDGE('',*,*,#1966,.T.);
#1966 = EDGE_CURVE('',#1936,#1967,#1969,.T.);
#1967 = VERTEX_POINT('',#1968);
#1968 = CARTESIAN_POINT('',(-225.,-18.5,-20.));
#1969 = CIRCLE('',#1970,18.5);
#1970 = AXIS2_PLACEMENT_3D('',#1971,#1972,#1973);
#1971 = CARTESIAN_POINT('',(-206.5,-18.5,-20.));
#1972 = DIRECTION('',(0.,0.,-1.));
#1973 = DIRECTION('',(1.,0.,0.));
#1974 = ORIENTED_EDGE('',*,*,#1975,.F.);
#1975 = EDGE_CURVE('',#1976,#1967,#1978,.T.);
#1976 = VERTEX_POINT('',#1977);
#1977 = CARTESIAN_POINT('',(-225.,-18.5,0.));
#1978 = LINE('',#1979,#1980);
#1979 = CARTESIAN_POINT('',(-225.,-18.5,0.));
#1980 = VECTOR('',#1981,1.);
#1981 = DIRECTION('',(0.,0.,-1.));
#1982 = ORIENTED_EDGE('',*,*,#1983,.F.);
#1983 = EDGE_CURVE('',#1944,#1976,#1984,.T.);
#1984 = CIRCLE('',#1985,18.5);
#1985 = AXIS2_PLACEMENT_3D('',#1986,#1987,#1988);
#1986 = CARTESIAN_POINT('',(-206.5,-18.5,0.));
#1987 = DIRECTION('',(0.,0.,-1.));
#1988 = DIRECTION('',(1.,0.,0.));
#1989 = CYLINDRICAL_SURFACE('',#1990,18.5);
#1990 = AXIS2_PLACEMENT_3D('',#1991,#1992,#1993);
#1991 = CARTESIAN_POINT('',(-206.5,-18.5,0.));
#1992 = DIRECTION('',(0.,0.,1.));
#1993 = DIRECTION('',(1.,0.,0.));
#1994 = ADVANCED_FACE('',(#1995),#2020,.F.);
#1995 = FACE_BOUND('',#1996,.F.);
#1996 = EDGE_LOOP('',(#1997,#1998,#2006,#2014));
#1997 = ORIENTED_EDGE('',*,*,#1975,.T.);
#1998 = ORIENTED_EDGE('',*,*,#1999,.T.);
#1999 = EDGE_CURVE('',#1967,#2000,#2002,.T.);
#2000 = VERTEX_POINT('',#2001);
#2001 = CARTESIAN_POINT('',(-225.,133.03847577293,-20.));
#2002 = LINE('',#2003,#2004);
#2003 = CARTESIAN_POINT('',(-225.,-18.5,-20.));
#2004 = VECTOR('',#2005,1.);
#2005 = DIRECTION('',(0.,1.,0.));
#2006 = ORIENTED_EDGE('',*,*,#2007,.F.);
#2007 = EDGE_CURVE('',#2008,#2000,#2010,.T.);
#2008 = VERTEX_POINT('',#2009);
#2009 = CARTESIAN_POINT('',(-225.,133.03847577293,0.));
#2010 = LINE('',#2011,#2012);
#2011 = CARTESIAN_POINT('',(-225.,133.03847577293,0.));
#2012 = VECTOR('',#2013,1.);
#2013 = DIRECTION('',(0.,0.,-1.));
#2014 = ORIENTED_EDGE('',*,*,#2015,.F.);
#2015 = EDGE_CURVE('',#1976,#2008,#2016,.T.);
#2016 = LINE('',#2017,#2018);
#2017 = CARTESIAN_POINT('',(-225.,-18.5,0.));
#2018 = VECTOR('',#2019,1.);
#2019 = DIRECTION('',(0.,1.,0.));
#2020 = PLANE('',#2021);
#2021 = AXIS2_PLACEMENT_3D('',#2022,#2023,#2024);
#2022 = CARTESIAN_POINT('',(-225.,-18.5,0.));
#2023 = DIRECTION('',(1.,0.,0.));
#2024 = DIRECTION('',(0.,1.,0.));
#2025 = ADVANCED_FACE('',(#2026),#2053,.T.);
#2026 = FACE_BOUND('',#2027,.F.);
#2027 = EDGE_LOOP('',(#2028,#2029,#2038,#2046));
#2028 = ORIENTED_EDGE('',*,*,#2007,.T.);
#2029 = ORIENTED_EDGE('',*,*,#2030,.T.);
#2030 = EDGE_CURVE('',#2000,#2031,#2033,.T.);
#2031 = VERTEX_POINT('',#2032);
#2032 = CARTESIAN_POINT('',(-222.3205080756,143.03847577293,-20.));
#2033 = CIRCLE('',#2034,20.);
#2034 = AXIS2_PLACEMENT_3D('',#2035,#2036,#2037);
#2035 = CARTESIAN_POINT('',(-205.,133.03847577293,-20.));
#2036 = DIRECTION('',(0.,0.,-1.));
#2037 = DIRECTION('',(1.,0.,0.));
#2038 = ORIENTED_EDGE('',*,*,#2039,.F.);
#2039 = EDGE_CURVE('',#2040,#2031,#2042,.T.);
#2040 = VERTEX_POINT('',#2041);
#2041 = CARTESIAN_POINT('',(-222.3205080756,143.03847577293,0.));
#2042 = LINE('',#2043,#2044);
#2043 = CARTESIAN_POINT('',(-222.3205080756,143.03847577293,0.));
#2044 = VECTOR('',#2045,1.);
#2045 = DIRECTION('',(0.,0.,-1.));
#2046 = ORIENTED_EDGE('',*,*,#2047,.F.);
#2047 = EDGE_CURVE('',#2008,#2040,#2048,.T.);
#2048 = CIRCLE('',#2049,20.);
#2049 = AXIS2_PLACEMENT_3D('',#2050,#2051,#2052);
#2050 = CARTESIAN_POINT('',(-205.,133.03847577293,0.));
#2051 = DIRECTION('',(0.,0.,-1.));
#2052 = DIRECTION('',(1.,0.,0.));
#2053 = CYLINDRICAL_SURFACE('',#2054,20.);
#2054 = AXIS2_PLACEMENT_3D('',#2055,#2056,#2057);
#2055 = CARTESIAN_POINT('',(-205.,133.03847577293,0.));
#2056 = DIRECTION('',(0.,0.,1.));
#2057 = DIRECTION('',(1.,0.,0.));
#2058 = ADVANCED_FACE('',(#2059),#2084,.F.);
#2059 = FACE_BOUND('',#2060,.F.);
#2060 = EDGE_LOOP('',(#2061,#2062,#2070,#2078));
#2061 = ORIENTED_EDGE('',*,*,#2039,.T.);
#2062 = ORIENTED_EDGE('',*,*,#2063,.T.);
#2063 = EDGE_CURVE('',#2031,#2064,#2066,.T.);
#2064 = VERTEX_POINT('',#2065);
#2065 = CARTESIAN_POINT('',(-180.7735026918,215.,-20.));
#2066 = LINE('',#2067,#2068);
#2067 = CARTESIAN_POINT('',(-222.3205080756,143.03847577293,-20.));
#2068 = VECTOR('',#2069,1.);
#2069 = DIRECTION('',(0.5,0.866025403784,0.));
#2070 = ORIENTED_EDGE('',*,*,#2071,.F.);
#2071 = EDGE_CURVE('',#2072,#2064,#2074,.T.);
#2072 = VERTEX_POINT('',#2073);
#2073 = CARTESIAN_POINT('',(-180.7735026918,215.,0.));
#2074 = LINE('',#2075,#2076);
#2075 = CARTESIAN_POINT('',(-180.7735026918,215.,0.));
#2076 = VECTOR('',#2077,1.);
#2077 = DIRECTION('',(0.,0.,-1.));
#2078 = ORIENTED_EDGE('',*,*,#2079,.F.);
#2079 = EDGE_CURVE('',#2040,#2072,#2080,.T.);
#2080 = LINE('',#2081,#2082);
#2081 = CARTESIAN_POINT('',(-222.3205080756,143.03847577293,0.));
#2082 = VECTOR('',#2083,1.);
#2083 = DIRECTION('',(0.5,0.866025403784,0.));
#2084 = PLANE('',#2085);
#2085 = AXIS2_PLACEMENT_3D('',#2086,#2087,#2088);
#2086 = CARTESIAN_POINT('',(-222.3205080756,143.03847577293,0.));
#2087 = DIRECTION('',(0.866025403784,-0.5,0.));
#2088 = DIRECTION('',(0.5,0.866025403784,0.));
#2089 = ADVANCED_FACE('',(#2090),#2117,.T.);
#2090 = FACE_BOUND('',#2091,.F.);
#2091 = EDGE_LOOP('',(#2092,#2093,#2102,#2110));
#2092 = ORIENTED_EDGE('',*,*,#2071,.T.);
#2093 = ORIENTED_EDGE('',*,*,#2094,.T.);
#2094 = EDGE_CURVE('',#2064,#2095,#2097,.T.);
#2095 = VERTEX_POINT('',#2096);
#2096 = CARTESIAN_POINT('',(-163.4529946162,225.,-20.));
#2097 = CIRCLE('',#2098,20.);
#2098 = AXIS2_PLACEMENT_3D('',#2099,#2100,#2101);
#2099 = CARTESIAN_POINT('',(-163.4529946162,205.,-20.));
#2100 = DIRECTION('',(0.,0.,-1.));
#2101 = DIRECTION('',(1.,0.,0.));
#2102 = ORIENTED_EDGE('',*,*,#2103,.F.);
#2103 = EDGE_CURVE('',#2104,#2095,#2106,.T.);
#2104 = VERTEX_POINT('',#2105);
#2105 = CARTESIAN_POINT('',(-163.4529946162,225.,0.));
#2106 = LINE('',#2107,#2108);
#2107 = CARTESIAN_POINT('',(-163.4529946162,225.,0.));
#2108 = VECTOR('',#2109,1.);
#2109 = DIRECTION('',(0.,0.,-1.));
#2110 = ORIENTED_EDGE('',*,*,#2111,.F.);
#2111 = EDGE_CURVE('',#2072,#2104,#2112,.T.);
#2112 = CIRCLE('',#2113,20.);
#2113 = AXIS2_PLACEMENT_3D('',#2114,#2115,#2116);
#2114 = CARTESIAN_POINT('',(-163.4529946162,205.,0.));
#2115 = DIRECTION('',(0.,0.,-1.));
#2116 = DIRECTION('',(1.,0.,0.));
#2117 = CYLINDRICAL_SURFACE('',#2118,20.);
#2118 = AXIS2_PLACEMENT_3D('',#2119,#2120,#2121);
#2119 = CARTESIAN_POINT('',(-163.4529946162,205.,0.));
#2120 = DIRECTION('',(0.,0.,1.));
#2121 = DIRECTION('',(1.,0.,0.));
#2122 = ADVANCED_FACE('',(#2123),#2148,.F.);
#2123 = FACE_BOUND('',#2124,.F.);
#2124 = EDGE_LOOP('',(#2125,#2126,#2134,#2142));
#2125 = ORIENTED_EDGE('',*,*,#2103,.T.);
#2126 = ORIENTED_EDGE('',*,*,#2127,.T.);
#2127 = EDGE_CURVE('',#2095,#2128,#2130,.T.);
#2128 = VERTEX_POINT('',#2129);
#2129 = CARTESIAN_POINT('',(155.,225.,-20.));
#2130 = LINE('',#2131,#2132);
#2131 = CARTESIAN_POINT('',(-163.4529946162,225.,-20.));
#2132 = VECTOR('',#2133,1.);
#2133 = DIRECTION('',(1.,9.E-17,0.));
#2134 = ORIENTED_EDGE('',*,*,#2135,.F.);
#2135 = EDGE_CURVE('',#2136,#2128,#2138,.T.);
#2136 = VERTEX_POINT('',#2137);
#2137 = CARTESIAN_POINT('',(155.,225.,0.));
#2138 = LINE('',#2139,#2140);
#2139 = CARTESIAN_POINT('',(155.,225.,0.));
#2140 = VECTOR('',#2141,1.);
#2141 = DIRECTION('',(0.,0.,-1.));
#2142 = ORIENTED_EDGE('',*,*,#2143,.F.);
#2143 = EDGE_CURVE('',#2104,#2136,#2144,.T.);
#2144 = LINE('',#2145,#2146);
#2145 = CARTESIAN_POINT('',(-163.4529946162,225.,0.));
#2146 = VECTOR('',#2147,1.);
#2147 = DIRECTION('',(1.,9.E-17,0.));
#2148 = PLANE('',#2149);
#2149 = AXIS2_PLACEMENT_3D('',#2150,#2151,#2152);
#2150 = CARTESIAN_POINT('',(-163.4529946162,225.,0.));
#2151 = DIRECTION('',(9.E-17,-1.,0.));
#2152 = DIRECTION('',(1.,9.E-17,0.));
#2153 = ADVANCED_FACE('',(#2154),#2181,.T.);
#2154 = FACE_BOUND('',#2155,.F.);
#2155 = EDGE_LOOP('',(#2156,#2157,#2166,#2174));
#2156 = ORIENTED_EDGE('',*,*,#2135,.T.);
#2157 = ORIENTED_EDGE('',*,*,#2158,.T.);
#2158 = EDGE_CURVE('',#2128,#2159,#2161,.T.);
#2159 = VERTEX_POINT('',#2160);
#2160 = CARTESIAN_POINT('',(175.,205.,-20.));
#2161 = CIRCLE('',#2162,20.);
#2162 = AXIS2_PLACEMENT_3D('',#2163,#2164,#2165);
#2163 = CARTESIAN_POINT('',(155.,205.,-20.));
#2164 = DIRECTION('',(0.,0.,-1.));
#2165 = DIRECTION('',(1.,0.,0.));
#2166 = ORIENTED_EDGE('',*,*,#2167,.F.);
#2167 = EDGE_CURVE('',#2168,#2159,#2170,.T.);
#2168 = VERTEX_POINT('',#2169);
#2169 = CARTESIAN_POINT('',(175.,205.,0.));
#2170 = LINE('',#2171,#2172);
#2171 = CARTESIAN_POINT('',(175.,205.,0.));
#2172 = VECTOR('',#2173,1.);
#2173 = DIRECTION('',(0.,0.,-1.));
#2174 = ORIENTED_EDGE('',*,*,#2175,.F.);
#2175 = EDGE_CURVE('',#2136,#2168,#2176,.T.);
#2176 = CIRCLE('',#2177,20.);
#2177 = AXIS2_PLACEMENT_3D('',#2178,#2179,#2180);
#2178 = CARTESIAN_POINT('',(155.,205.,0.));
#2179 = DIRECTION('',(0.,0.,-1.));
#2180 = DIRECTION('',(1.,0.,0.));
#2181 = CYLINDRICAL_SURFACE('',#2182,20.);
#2182 = AXIS2_PLACEMENT_3D('',#2183,#2184,#2185);
#2183 = CARTESIAN_POINT('',(155.,205.,0.));
#2184 = DIRECTION('',(0.,0.,1.));
#2185 = DIRECTION('',(1.,0.,0.));
#2186 = ADVANCED_FACE('',(#2187),#2212,.F.);
#2187 = FACE_BOUND('',#2188,.F.);
#2188 = EDGE_LOOP('',(#2189,#2190,#2198,#2206));
#2189 = ORIENTED_EDGE('',*,*,#2167,.T.);
#2190 = ORIENTED_EDGE('',*,*,#2191,.T.);
#2191 = EDGE_CURVE('',#2159,#2192,#2194,.T.);
#2192 = VERTEX_POINT('',#2193);
#2193 = CARTESIAN_POINT('',(175.,-115.,-20.));
#2194 = LINE('',#2195,#2196);
#2195 = CARTESIAN_POINT('',(175.,205.,-20.));
#2196 = VECTOR('',#2197,1.);
#2197 = DIRECTION('',(0.,-1.,0.));
#2198 = ORIENTED_EDGE('',*,*,#2199,.F.);
#2199 = EDGE_CURVE('',#2200,#2192,#2202,.T.);
#2200 = VERTEX_POINT('',#2201);
#2201 = CARTESIAN_POINT('',(175.,-115.,0.));
#2202 = LINE('',#2203,#2204);
#2203 = CARTESIAN_POINT('',(175.,-115.,0.));
#2204 = VECTOR('',#2205,1.);
#2205 = DIRECTION('',(0.,0.,-1.));
#2206 = ORIENTED_EDGE('',*,*,#2207,.F.);
#2207 = EDGE_CURVE('',#2168,#2200,#2208,.T.);
#2208 = LINE('',#2209,#2210);
#2209 = CARTESIAN_POINT('',(175.,205.,0.));
#2210 = VECTOR('',#2211,1.);
#2211 = DIRECTION('',(0.,-1.,0.));
#2212 = PLANE('',#2213);
#2213 = AXIS2_PLACEMENT_3D('',#2214,#2215,#2216);
#2214 = CARTESIAN_POINT('',(175.,205.,0.));
#2215 = DIRECTION('',(-1.,-0.,-0.));
#2216 = DIRECTION('',(0.,-1.,0.));
#2217 = ADVANCED_FACE('',(#2218),#2243,.F.);
#2218 = FACE_BOUND('',#2219,.F.);
#2219 = EDGE_LOOP('',(#2220,#2221,#2229,#2237));
#2220 = ORIENTED_EDGE('',*,*,#2199,.T.);
#2221 = ORIENTED_EDGE('',*,*,#2222,.T.);
#2222 = EDGE_CURVE('',#2192,#2223,#2225,.T.);
#2223 = VERTEX_POINT('',#2224);
#2224 = CARTESIAN_POINT('',(235.,-115.,-20.));
#2225 = LINE('',#2226,#2227);
#2226 = CARTESIAN_POINT('',(175.,-115.,-20.));
#2227 = VECTOR('',#2228,1.);
#2228 = DIRECTION('',(1.,0.,0.));
#2229 = ORIENTED_EDGE('',*,*,#2230,.F.);
#2230 = EDGE_CURVE('',#2231,#2223,#2233,.T.);
#2231 = VERTEX_POINT('',#2232);
#2232 = CARTESIAN_POINT('',(235.,-115.,0.));
#2233 = LINE('',#2234,#2235);
#2234 = CARTESIAN_POINT('',(235.,-115.,0.));
#2235 = VECTOR('',#2236,1.);
#2236 = DIRECTION('',(0.,0.,-1.));
#2237 = ORIENTED_EDGE('',*,*,#2238,.F.);
#2238 = EDGE_CURVE('',#2200,#2231,#2239,.T.);
#2239 = LINE('',#2240,#2241);
#2240 = CARTESIAN_POINT('',(175.,-115.,0.));
#2241 = VECTOR('',#2242,1.);
#2242 = DIRECTION('',(1.,0.,0.));
#2243 = PLANE('',#2244);
#2244 = AXIS2_PLACEMENT_3D('',#2245,#2246,#2247);
#2245 = CARTESIAN_POINT('',(175.,-115.,0.));
#2246 = DIRECTION('',(0.,-1.,0.));
#2247 = DIRECTION('',(1.,0.,0.));
#2248 = ADVANCED_FACE('',(#2249),#2265,.F.);
#2249 = FACE_BOUND('',#2250,.F.);
#2250 = EDGE_LOOP('',(#2251,#2252,#2258,#2259));
#2251 = ORIENTED_EDGE('',*,*,#2230,.T.);
#2252 = ORIENTED_EDGE('',*,*,#2253,.T.);
#2253 = EDGE_CURVE('',#2223,#1804,#2254,.T.);
#2254 = LINE('',#2255,#2256);
#2255 = CARTESIAN_POINT('',(235.,-115.,-20.));
#2256 = VECTOR('',#2257,1.);
#2257 = DIRECTION('',(0.,-1.,0.));
#2258 = ORIENTED_EDGE('',*,*,#1801,.F.);
#2259 = ORIENTED_EDGE('',*,*,#2260,.F.);
#2260 = EDGE_CURVE('',#2231,#1802,#2261,.T.);
#2261 = LINE('',#2262,#2263);
#2262 = CARTESIAN_POINT('',(235.,-115.,0.));
#2263 = VECTOR('',#2264,1.);
#2264 = DIRECTION('',(0.,-1.,0.));
#2265 = PLANE('',#2266);
#2266 = AXIS2_PLACEMENT_3D('',#2267,#2268,#2269);
#2267 = CARTESIAN_POINT('',(235.,-115.,0.));
#2268 = DIRECTION('',(-1.,-0.,-0.));
#2269 = DIRECTION('',(0.,-1.,0.));
#2270 = ADVANCED_FACE('',(#2271),#2298,.F.);
#2271 = FACE_BOUND('',#2272,.T.);
#2272 = EDGE_LOOP('',(#2273,#2283,#2290,#2291));
#2273 = ORIENTED_EDGE('',*,*,#2274,.T.);
#2274 = EDGE_CURVE('',#2275,#2277,#2279,.T.);
#2275 = VERTEX_POINT('',#2276);
#2276 = CARTESIAN_POINT('',(100.,0.,0.));
#2277 = VERTEX_POINT('',#2278);
#2278 = CARTESIAN_POINT('',(100.,0.,-20.));
#2279 = LINE('',#2280,#2281);
#2280 = CARTESIAN_POINT('',(100.,0.,0.));
#2281 = VECTOR('',#2282,1.);
#2282 = DIRECTION('',(0.,0.,-1.));
#2283 = ORIENTED_EDGE('',*,*,#2284,.T.);
#2284 = EDGE_CURVE('',#2277,#2277,#2285,.T.);
#2285 = CIRCLE('',#2286,100.);
#2286 = AXIS2_PLACEMENT_3D('',#2287,#2288,#2289);
#2287 = CARTESIAN_POINT('',(0.,0.,-20.));
#2288 = DIRECTION('',(0.,0.,-1.));
#2289 = DIRECTION('',(1.,0.,0.));
#2290 = ORIENTED_EDGE('',*,*,#2274,.F.);
#2291 = ORIENTED_EDGE('',*,*,#2292,.F.);
#2292 = EDGE_CURVE('',#2275,#2275,#2293,.T.);
#2293 = CIRCLE('',#2294,100.);
#2294 = AXIS2_PLACEMENT_3D('',#2295,#2296,#2297);
#2295 = CARTESIAN_POINT('',(0.,0.,0.));
#2296 = DIRECTION('',(0.,0.,-1.));
#2297 = DIRECTION('',(1.,0.,0.));
#2298 = CYLINDRICAL_SURFACE('',#2299,100.);
#2299 = AXIS2_PLACEMENT_3D('',#2300,#2301,#2302);
#2300 = CARTESIAN_POINT('',(0.,0.,0.));
#2301 = DIRECTION('',(0.,0.,1.));
#2302 = DIRECTION('',(1.,0.,0.));
#2303 = ADVANCED_FACE('',(#2304),#2331,.F.);
#2304 = FACE_BOUND('',#2305,.T.);
#2305 = EDGE_LOOP('',(#2306,#2316,#2323,#2324));
#2306 = ORIENTED_EDGE('',*,*,#2307,.T.);
#2307 = EDGE_CURVE('',#2308,#2310,#2312,.T.);
#2308 = VERTEX_POINT('',#2309);
#2309 = CARTESIAN_POINT('',(130.,-156.5,0.));
#2310 = VERTEX_POINT('',#2311);
#2311 = CARTESIAN_POINT('',(130.,-156.5,-20.));
#2312 = LINE('',#2313,#2314);
#2313 = CARTESIAN_POINT('',(130.,-156.5,0.));
#2314 = VECTOR('',#2315,1.);
#2315 = DIRECTION('',(0.,0.,-1.));
#2316 = ORIENTED_EDGE('',*,*,#2317,.T.);
#2317 = EDGE_CURVE('',#2310,#2310,#2318,.T.);
#2318 = CIRCLE('',#2319,10.);
#2319 = AXIS2_PLACEMENT_3D('',#2320,#2321,#2322);
#2320 = CARTESIAN_POINT('',(120.,-156.5,-20.));
#2321 = DIRECTION('',(0.,0.,-1.));
#2322 = DIRECTION('',(1.,0.,0.));
#2323 = ORIENTED_EDGE('',*,*,#2307,.F.);
#2324 = ORIENTED_EDGE('',*,*,#2325,.F.);
#2325 = EDGE_CURVE('',#2308,#2308,#2326,.T.);
#2326 = CIRCLE('',#2327,10.);
#2327 = AXIS2_PLACEMENT_3D('',#2328,#2329,#2330);
#2328 = CARTESIAN_POINT('',(120.,-156.5,0.));
#2329 = DIRECTION('',(0.,0.,-1.));
#2330 = DIRECTION('',(1.,0.,0.));
#2331 = CYLINDRICAL_SURFACE('',#2332,10.);
#2332 = AXIS2_PLACEMENT_3D('',#2333,#2334,#2335);
#2333 = CARTESIAN_POINT('',(120.,-156.5,0.));
#2334 = DIRECTION('',(0.,0.,1.));
#2335 = DIRECTION('',(1.,0.,0.));
#2336 = ADVANCED_FACE('',(#2337),#2364,.F.);
#2337 = FACE_BOUND('',#2338,.T.);
#2338 = EDGE_LOOP('',(#2339,#2349,#2356,#2357));
#2339 = ORIENTED_EDGE('',*,*,#2340,.T.);
#2340 = EDGE_CURVE('',#2341,#2343,#2345,.T.);
#2341 = VERTEX_POINT('',#2342);
#2342 = CARTESIAN_POINT('',(50.,-156.5,0.));
#2343 = VERTEX_POINT('',#2344);
#2344 = CARTESIAN_POINT('',(50.,-156.5,-20.));
#2345 = LINE('',#2346,#2347);
#2346 = CARTESIAN_POINT('',(50.,-156.5,0.));
#2347 = VECTOR('',#2348,1.);
#2348 = DIRECTION('',(0.,0.,-1.));
#2349 = ORIENTED_EDGE('',*,*,#2350,.T.);
#2350 = EDGE_CURVE('',#2343,#2343,#2351,.T.);
#2351 = CIRCLE('',#2352,10.);
#2352 = AXIS2_PLACEMENT_3D('',#2353,#2354,#2355);
#2353 = CARTESIAN_POINT('',(40.,-156.5,-20.));
#2354 = DIRECTION('',(0.,0.,-1.));
#2355 = DIRECTION('',(1.,0.,0.));
#2356 = ORIENTED_EDGE('',*,*,#2340,.F.);
#2357 = ORIENTED_EDGE('',*,*,#2358,.F.);
#2358 = EDGE_CURVE('',#2341,#2341,#2359,.T.);
#2359 = CIRCLE('',#2360,10.);
#2360 = AXIS2_PLACEMENT_3D('',#2361,#2362,#2363);
#2361 = CARTESIAN_POINT('',(40.,-156.5,0.));
#2362 = DIRECTION('',(0.,0.,-1.));
#2363 = DIRECTION('',(1.,0.,0.));
#2364 = CYLINDRICAL_SURFACE('',#2365,10.);
#2365 = AXIS2_PLACEMENT_3D('',#2366,#2367,#2368);
#2366 = CARTESIAN_POINT('',(40.,-156.5,0.));
#2367 = DIRECTION('',(0.,0.,1.));
#2368 = DIRECTION('',(1.,0.,0.));
#2369 = ADVANCED_FACE('',(#2370),#2397,.F.);
#2370 = FACE_BOUND('',#2371,.T.);
#2371 = EDGE_LOOP('',(#2372,#2382,#2389,#2390));
#2372 = ORIENTED_EDGE('',*,*,#2373,.T.);
#2373 = EDGE_CURVE('',#2374,#2376,#2378,.T.);
#2374 = VERTEX_POINT('',#2375);
#2375 = CARTESIAN_POINT('',(-30.,-156.5,0.));
#2376 = VERTEX_POINT('',#2377);
#2377 = CARTESIAN_POINT('',(-30.,-156.5,-20.));
#2378 = LINE('',#2379,#2380);
#2379 = CARTESIAN_POINT('',(-30.,-156.5,0.));
#2380 = VECTOR('',#2381,1.);
#2381 = DIRECTION('',(0.,0.,-1.));
#2382 = ORIENTED_EDGE('',*,*,#2383,.T.);
#2383 = EDGE_CURVE('',#2376,#2376,#2384,.T.);
#2384 = CIRCLE('',#2385,10.);
#2385 = AXIS2_PLACEMENT_3D('',#2386,#2387,#2388);
#2386 = CARTESIAN_POINT('',(-40.,-156.5,-20.));
#2387 = DIRECTION('',(0.,0.,-1.));
#2388 = DIRECTION('',(1.,0.,0.));
#2389 = ORIENTED_EDGE('',*,*,#2373,.F.);
#2390 = ORIENTED_EDGE('',*,*,#2391,.F.);
#2391 = EDGE_CURVE('',#2374,#2374,#2392,.T.);
#2392 = CIRCLE('',#2393,10.);
#2393 = AXIS2_PLACEMENT_3D('',#2394,#2395,#2396);
#2394 = CARTESIAN_POINT('',(-40.,-156.5,0.));
#2395 = DIRECTION('',(0.,0.,-1.));
#2396 = DIRECTION('',(1.,0.,0.));
#2397 = CYLINDRICAL_SURFACE('',#2398,10.);
#2398 = AXIS2_PLACEMENT_3D('',#2399,#2400,#2401);
#2399 = CARTESIAN_POINT('',(-40.,-156.5,0.));
#2400 = DIRECTION('',(0.,0.,1.));
#2401 = DIRECTION('',(1.,0.,0.));
#2402 = ADVANCED_FACE('',(#2403),#2430,.F.);
#2403 = FACE_BOUND('',#2404,.T.);
#2404 = EDGE_LOOP('',(#2405,#2415,#2422,#2423));
#2405 = ORIENTED_EDGE('',*,*,#2406,.T.);
#2406 = EDGE_CURVE('',#2407,#2409,#2411,.T.);
#2407 = VERTEX_POINT('',#2408);
#2408 = CARTESIAN_POINT('',(-110.,-156.5,0.));
#2409 = VERTEX_POINT('',#2410);
#2410 = CARTESIAN_POINT('',(-110.,-156.5,-20.));
#2411 = LINE('',#2412,#2413);
#2412 = CARTESIAN_POINT('',(-110.,-156.5,0.));
#2413 = VECTOR('',#2414,1.);
#2414 = DIRECTION('',(0.,0.,-1.));
#2415 = ORIENTED_EDGE('',*,*,#2416,.T.);
#2416 = EDGE_CURVE('',#2409,#2409,#2417,.T.);
#2417 = CIRCLE('',#2418,10.);
#2418 = AXIS2_PLACEMENT_3D('',#2419,#2420,#2421);
#2419 = CARTESIAN_POINT('',(-120.,-156.5,-20.));
#2420 = DIRECTION('',(0.,0.,-1.));
#2421 = DIRECTION('',(1.,0.,0.));
#2422 = ORIENTED_EDGE('',*,*,#2406,.F.);
#2423 = ORIENTED_EDGE('',*,*,#2424,.F.);
#2424 = EDGE_CURVE('',#2407,#2407,#2425,.T.);
#2425 = CIRCLE('',#2426,10.);
#2426 = AXIS2_PLACEMENT_3D('',#2427,#2428,#2429);
#2427 = CARTESIAN_POINT('',(-120.,-156.5,0.));
#2428 = DIRECTION('',(0.,0.,-1.));
#2429 = DIRECTION('',(1.,0.,0.));
#2430 = CYLINDRICAL_SURFACE('',#2431,10.);
#2431 = AXIS2_PLACEMENT_3D('',#2432,#2433,#2434);
#2432 = CARTESIAN_POINT('',(-120.,-156.5,0.));
#2433 = DIRECTION('',(0.,0.,1.));
#2434 = DIRECTION('',(1.,0.,0.));
#2435 = ADVANCED_FACE('',(#2436),#2463,.F.);
#2436 = FACE_BOUND('',#2437,.T.);
#2437 = EDGE_LOOP('',(#2438,#2448,#2455,#2456));
#2438 = ORIENTED_EDGE('',*,*,#2439,.T.);
#2439 = EDGE_CURVE('',#2440,#2442,#2444,.T.);
#2440 = VERTEX_POINT('',#2441);
#2441 = CARTESIAN_POINT('',(-196.5,-18.5,0.));
#2442 = VERTEX_POINT('',#2443);
#2443 = CARTESIAN_POINT('',(-196.5,-18.5,-20.));
#2444 = LINE('',#2445,#2446);
#2445 = CARTESIAN_POINT('',(-196.5,-18.5,0.));
#2446 = VECTOR('',#2447,1.);
#2447 = DIRECTION('',(0.,0.,-1.));
#2448 = ORIENTED_EDGE('',*,*,#2449,.T.);
#2449 = EDGE_CURVE('',#2442,#2442,#2450,.T.);
#2450 = CIRCLE('',#2451,10.);
#2451 = AXIS2_PLACEMENT_3D('',#2452,#2453,#2454);
#2452 = CARTESIAN_POINT('',(-206.5,-18.5,-20.));
#2453 = DIRECTION('',(0.,0.,-1.));
#2454 = DIRECTION('',(1.,0.,0.));
#2455 = ORIENTED_EDGE('',*,*,#2439,.F.);
#2456 = ORIENTED_EDGE('',*,*,#2457,.F.);
#2457 = EDGE_CURVE('',#2440,#2440,#2458,.T.);
#2458 = CIRCLE('',#2459,10.);
#2459 = AXIS2_PLACEMENT_3D('',#2460,#2461,#2462);
#2460 = CARTESIAN_POINT('',(-206.5,-18.5,0.));
#2461 = DIRECTION('',(0.,0.,-1.));
#2462 = DIRECTION('',(1.,0.,0.));
#2463 = CYLINDRICAL_SURFACE('',#2464,10.);
#2464 = AXIS2_PLACEMENT_3D('',#2465,#2466,#2467);
#2465 = CARTESIAN_POINT('',(-206.5,-18.5,0.));
#2466 = DIRECTION('',(0.,0.,1.));
#2467 = DIRECTION('',(1.,0.,0.));
#2468 = ADVANCED_FACE('',(#2469),#2496,.F.);
#2469 = FACE_BOUND('',#2470,.T.);
#2470 = EDGE_LOOP('',(#2471,#2481,#2488,#2489));
#2471 = ORIENTED_EDGE('',*,*,#2472,.T.);
#2472 = EDGE_CURVE('',#2473,#2475,#2477,.T.);
#2473 = VERTEX_POINT('',#2474);
#2474 = CARTESIAN_POINT('',(-196.5,44.,0.));
#2475 = VERTEX_POINT('',#2476);
#2476 = CARTESIAN_POINT('',(-196.5,44.,-20.));
#2477 = LINE('',#2478,#2479);
#2478 = CARTESIAN_POINT('',(-196.5,44.,0.));
#2479 = VECTOR('',#2480,1.);
#2480 = DIRECTION('',(0.,0.,-1.));
#2481 = ORIENTED_EDGE('',*,*,#2482,.T.);
#2482 = EDGE_CURVE('',#2475,#2475,#2483,.T.);
#2483 = CIRCLE('',#2484,10.);
#2484 = AXIS2_PLACEMENT_3D('',#2485,#2486,#2487);
#2485 = CARTESIAN_POINT('',(-206.5,44.,-20.));
#2486 = DIRECTION('',(0.,0.,-1.));
#2487 = DIRECTION('',(1.,0.,0.));
#2488 = ORIENTED_EDGE('',*,*,#2472,.F.);
#2489 = ORIENTED_EDGE('',*,*,#2490,.F.);
#2490 = EDGE_CURVE('',#2473,#2473,#2491,.T.);
#2491 = CIRCLE('',#2492,10.);
#2492 = AXIS2_PLACEMENT_3D('',#2493,#2494,#2495);
#2493 = CARTESIAN_POINT('',(-206.5,44.,0.));
#2494 = DIRECTION('',(0.,0.,-1.));
#2495 = DIRECTION('',(1.,0.,0.));
#2496 = CYLINDRICAL_SURFACE('',#2497,10.);
#2497 = AXIS2_PLACEMENT_3D('',#2498,#2499,#2500);
#2498 = CARTESIAN_POINT('',(-206.5,44.,0.));
#2499 = DIRECTION('',(0.,0.,1.));
#2500 = DIRECTION('',(1.,0.,0.));
#2501 = ADVANCED_FACE('',(#2502),#2529,.F.);
#2502 = FACE_BOUND('',#2503,.T.);
#2503 = EDGE_LOOP('',(#2504,#2514,#2521,#2522));
#2504 = ORIENTED_EDGE('',*,*,#2505,.T.);
#2505 = EDGE_CURVE('',#2506,#2508,#2510,.T.);
#2506 = VERTEX_POINT('',#2507);
#2507 = CARTESIAN_POINT('',(-196.5,106.5,0.));
#2508 = VERTEX_POINT('',#2509);
#2509 = CARTESIAN_POINT('',(-196.5,106.5,-20.));
#2510 = LINE('',#2511,#2512);
#2511 = CARTESIAN_POINT('',(-196.5,106.5,0.));
#2512 = VECTOR('',#2513,1.);
#2513 = DIRECTION('',(0.,0.,-1.));
#2514 = ORIENTED_EDGE('',*,*,#2515,.T.);
#2515 = EDGE_CURVE('',#2508,#2508,#2516,.T.);
#2516 = CIRCLE('',#2517,10.);
#2517 = AXIS2_PLACEMENT_3D('',#2518,#2519,#2520);
#2518 = CARTESIAN_POINT('',(-206.5,106.5,-20.));
#2519 = DIRECTION('',(0.,0.,-1.));
#2520 = DIRECTION('',(1.,0.,0.));
#2521 = ORIENTED_EDGE('',*,*,#2505,.F.);
#2522 = ORIENTED_EDGE('',*,*,#2523,.F.);
#2523 = EDGE_CURVE('',#2506,#2506,#2524,.T.);
#2524 = CIRCLE('',#2525,10.);
#2525 = AXIS2_PLACEMENT_3D('',#2526,#2527,#2528);
#2526 = CARTESIAN_POINT('',(-206.5,106.5,0.));
#2527 = DIRECTION('',(0.,0.,-1.));
#2528 = DIRECTION('',(1.,0.,0.));
#2529 = CYLINDRICAL_SURFACE('',#2530,10.);
#2530 = AXIS2_PLACEMENT_3D('',#2531,#2532,#2533);
#2531 = CARTESIAN_POINT('',(-206.5,106.5,0.));
#2532 = DIRECTION('',(0.,0.,1.));
#2533 = DIRECTION('',(1.,0.,0.));
#2534 = ADVANCED_FACE('',(#2535),#2562,.F.);
#2535 = FACE_BOUND('',#2536,.T.);
#2536 = EDGE_LOOP('',(#2537,#2547,#2554,#2555));
#2537 = ORIENTED_EDGE('',*,*,#2538,.T.);
#2538 = EDGE_CURVE('',#2539,#2541,#2543,.T.);
#2539 = VERTEX_POINT('',#2540);
#2540 = CARTESIAN_POINT('',(130.,206.5,0.));
#2541 = VERTEX_POINT('',#2542);
#2542 = CARTESIAN_POINT('',(130.,206.5,-20.));
#2543 = LINE('',#2544,#2545);
#2544 = CARTESIAN_POINT('',(130.,206.5,0.));
#2545 = VECTOR('',#2546,1.);
#2546 = DIRECTION('',(0.,0.,-1.));
#2547 = ORIENTED_EDGE('',*,*,#2548,.T.);
#2548 = EDGE_CURVE('',#2541,#2541,#2549,.T.);
#2549 = CIRCLE('',#2550,10.);
#2550 = AXIS2_PLACEMENT_3D('',#2551,#2552,#2553);
#2551 = CARTESIAN_POINT('',(120.,206.5,-20.));
#2552 = DIRECTION('',(0.,0.,-1.));
#2553 = DIRECTION('',(1.,0.,0.));
#2554 = ORIENTED_EDGE('',*,*,#2538,.F.);
#2555 = ORIENTED_EDGE('',*,*,#2556,.F.);
#2556 = EDGE_CURVE('',#2539,#2539,#2557,.T.);
#2557 = CIRCLE('',#2558,10.);
#2558 = AXIS2_PLACEMENT_3D('',#2559,#2560,#2561);
#2559 = CARTESIAN_POINT('',(120.,206.5,0.));
#2560 = DIRECTION('',(0.,0.,-1.));
#2561 = DIRECTION('',(1.,0.,0.));
#2562 = CYLINDRICAL_SURFACE('',#2563,10.);
#2563 = AXIS2_PLACEMENT_3D('',#2564,#2565,#2566);
#2564 = CARTESIAN_POINT('',(120.,206.5,0.));
#2565 = DIRECTION('',(0.,0.,1.));
#2566 = DIRECTION('',(1.,0.,0.));
#2567 = ADVANCED_FACE('',(#2568),#2595,.F.);
#2568 = FACE_BOUND('',#2569,.T.);
#2569 = EDGE_LOOP('',(#2570,#2580,#2587,#2588));
#2570 = ORIENTED_EDGE('',*,*,#2571,.T.);
#2571 = EDGE_CURVE('',#2572,#2574,#2576,.T.);
#2572 = VERTEX_POINT('',#2573);
#2573 = CARTESIAN_POINT('',(50.,206.5,0.));
#2574 = VERTEX_POINT('',#2575);
#2575 = CARTESIAN_POINT('',(50.,206.5,-20.));
#2576 = LINE('',#2577,#2578);
#2577 = CARTESIAN_POINT('',(50.,206.5,0.));
#2578 = VECTOR('',#2579,1.);
#2579 = DIRECTION('',(0.,0.,-1.));
#2580 = ORIENTED_EDGE('',*,*,#2581,.T.);
#2581 = EDGE_CURVE('',#2574,#2574,#2582,.T.);
#2582 = CIRCLE('',#2583,10.);
#2583 = AXIS2_PLACEMENT_3D('',#2584,#2585,#2586);
#2584 = CARTESIAN_POINT('',(40.,206.5,-20.));
#2585 = DIRECTION('',(0.,0.,-1.));
#2586 = DIRECTION('',(1.,0.,0.));
#2587 = ORIENTED_EDGE('',*,*,#2571,.F.);
#2588 = ORIENTED_EDGE('',*,*,#2589,.F.);
#2589 = EDGE_CURVE('',#2572,#2572,#2590,.T.);
#2590 = CIRCLE('',#2591,10.);
#2591 = AXIS2_PLACEMENT_3D('',#2592,#2593,#2594);
#2592 = CARTESIAN_POINT('',(40.,206.5,0.));
#2593 = DIRECTION('',(0.,0.,-1.));
#2594 = DIRECTION('',(1.,0.,0.));
#2595 = CYLINDRICAL_SURFACE('',#2596,10.);
#2596 = AXIS2_PLACEMENT_3D('',#2597,#2598,#2599);
#2597 = CARTESIAN_POINT('',(40.,206.5,0.));
#2598 = DIRECTION('',(0.,0.,1.));
#2599 = DIRECTION('',(1.,0.,0.));
#2600 = ADVANCED_FACE('',(#2601),#2628,.F.);
#2601 = FACE_BOUND('',#2602,.T.);
#2602 = EDGE_LOOP('',(#2603,#2613,#2620,#2621));
#2603 = ORIENTED_EDGE('',*,*,#2604,.T.);
#2604 = EDGE_CURVE('',#2605,#2607,#2609,.T.);
#2605 = VERTEX_POINT('',#2606);
#2606 = CARTESIAN_POINT('',(-30.,206.5,0.));
#2607 = VERTEX_POINT('',#2608);
#2608 = CARTESIAN_POINT('',(-30.,206.5,-20.));
#2609 = LINE('',#2610,#2611);
#2610 = CARTESIAN_POINT('',(-30.,206.5,0.));
#2611 = VECTOR('',#2612,1.);
#2612 = DIRECTION('',(0.,0.,-1.));
#2613 = ORIENTED_EDGE('',*,*,#2614,.T.);
#2614 = EDGE_CURVE('',#2607,#2607,#2615,.T.);
#2615 = CIRCLE('',#2616,10.);
#2616 = AXIS2_PLACEMENT_3D('',#2617,#2618,#2619);
#2617 = CARTESIAN_POINT('',(-40.,206.5,-20.));
#2618 = DIRECTION('',(0.,0.,-1.));
#2619 = DIRECTION('',(1.,0.,0.));
#2620 = ORIENTED_EDGE('',*,*,#2604,.F.);
#2621 = ORIENTED_EDGE('',*,*,#2622,.F.);
#2622 = EDGE_CURVE('',#2605,#2605,#2623,.T.);
#2623 = CIRCLE('',#2624,10.);
#2624 = AXIS2_PLACEMENT_3D('',#2625,#2626,#2627);
#2625 = CARTESIAN_POINT('',(-40.,206.5,0.));
#2626 = DIRECTION('',(0.,0.,-1.));
#2627 = DIRECTION('',(1.,0.,0.));
#2628 = CYLINDRICAL_SURFACE('',#2629,10.);
#2629 = AXIS2_PLACEMENT_3D('',#2630,#2631,#2632);
#2630 = CARTESIAN_POINT('',(-40.,206.5,0.));
#2631 = DIRECTION('',(0.,0.,1.));
#2632 = DIRECTION('',(1.,0.,0.));
#2633 = ADVANCED_FACE('',(#2634),#2661,.F.);
#2634 = FACE_BOUND('',#2635,.T.);
#2635 = EDGE_LOOP('',(#2636,#2646,#2653,#2654));
#2636 = ORIENTED_EDGE('',*,*,#2637,.T.);
#2637 = EDGE_CURVE('',#2638,#2640,#2642,.T.);
#2638 = VERTEX_POINT('',#2639);
#2639 = CARTESIAN_POINT('',(-110.,206.5,0.));
#2640 = VERTEX_POINT('',#2641);
#2641 = CARTESIAN_POINT('',(-110.,206.5,-20.));
#2642 = LINE('',#2643,#2644);
#2643 = CARTESIAN_POINT('',(-110.,206.5,0.));
#2644 = VECTOR('',#2645,1.);
#2645 = DIRECTION('',(0.,0.,-1.));
#2646 = ORIENTED_EDGE('',*,*,#2647,.T.);
#2647 = EDGE_CURVE('',#2640,#2640,#2648,.T.);
#2648 = CIRCLE('',#2649,10.);
#2649 = AXIS2_PLACEMENT_3D('',#2650,#2651,#2652);
#2650 = CARTESIAN_POINT('',(-120.,206.5,-20.));
#2651 = DIRECTION('',(0.,0.,-1.));
#2652 = DIRECTION('',(1.,0.,0.));
#2653 = ORIENTED_EDGE('',*,*,#2637,.F.);
#2654 = ORIENTED_EDGE('',*,*,#2655,.F.);
#2655 = EDGE_CURVE('',#2638,#2638,#2656,.T.);
#2656 = CIRCLE('',#2657,10.);
#2657 = AXIS2_PLACEMENT_3D('',#2658,#2659,#2660);
#2658 = CARTESIAN_POINT('',(-120.,206.5,0.));
#2659 = DIRECTION('',(0.,0.,-1.));
#2660 = DIRECTION('',(1.,0.,0.));
#2661 = CYLINDRICAL_SURFACE('',#2662,10.);
#2662 = AXIS2_PLACEMENT_3D('',#2663,#2664,#2665);
#2663 = CARTESIAN_POINT('',(-120.,206.5,0.));
#2664 = DIRECTION('',(0.,0.,1.));
#2665 = DIRECTION('',(1.,0.,0.));
#2666 = ADVANCED_FACE('',(#2667,#2684,#2687,#2690,#2693,#2696,#2699,
    #2702,#2705,#2708,#2711,#2714,#2717),#2720,.T.);
#2667 = FACE_BOUND('',#2668,.F.);
#2668 = EDGE_LOOP('',(#2669,#2670,#2671,#2672,#2673,#2674,#2675,#2676,
    #2677,#2678,#2679,#2680,#2681,#2682,#2683));
#2669 = ORIENTED_EDGE('',*,*,#1827,.T.);
#2670 = ORIENTED_EDGE('',*,*,#1858,.T.);
#2671 = ORIENTED_EDGE('',*,*,#1889,.T.);
#2672 = ORIENTED_EDGE('',*,*,#1920,.T.);
#2673 = ORIENTED_EDGE('',*,*,#1951,.T.);
#2674 = ORIENTED_EDGE('',*,*,#1983,.T.);
#2675 = ORIENTED_EDGE('',*,*,#2015,.T.);
#2676 = ORIENTED_EDGE('',*,*,#2047,.T.);
#2677 = ORIENTED_EDGE('',*,*,#2079,.T.);
#2678 = ORIENTED_EDGE('',*,*,#2111,.T.);
#2679 = ORIENTED_EDGE('',*,*,#2143,.T.);
#2680 = ORIENTED_EDGE('',*,*,#2175,.T.);
#2681 = ORIENTED_EDGE('',*,*,#2207,.T.);
#2682 = ORIENTED_EDGE('',*,*,#2238,.T.);
#2683 = ORIENTED_EDGE('',*,*,#2260,.T.);
#2684 = FACE_BOUND('',#2685,.T.);
#2685 = EDGE_LOOP('',(#2686));
#2686 = ORIENTED_EDGE('',*,*,#2292,.T.);
#2687 = FACE_BOUND('',#2688,.T.);
#2688 = EDGE_LOOP('',(#2689));
#2689 = ORIENTED_EDGE('',*,*,#2325,.T.);
#2690 = FACE_BOUND('',#2691,.T.);
#2691 = EDGE_LOOP('',(#2692));
#2692 = ORIENTED_EDGE('',*,*,#2358,.T.);
#2693 = FACE_BOUND('',#2694,.T.);
#2694 = EDGE_LOOP('',(#2695));
#2695 = ORIENTED_EDGE('',*,*,#2391,.T.);
#2696 = FACE_BOUND('',#2697,.T.);
#2697 = EDGE_LOOP('',(#2698));
#2698 = ORIENTED_EDGE('',*,*,#2424,.T.);
#2699 = FACE_BOUND('',#2700,.T.);
#2700 = EDGE_LOOP('',(#2701));
#2701 = ORIENTED_EDGE('',*,*,#2457,.T.);
#2702 = FACE_BOUND('',#2703,.T.);
#2703 = EDGE_LOOP('',(#2704));
#2704 = ORIENTED_EDGE('',*,*,#2490,.T.);
#2705 = FACE_BOUND('',#2706,.T.);
#2706 = EDGE_LOOP('',(#2707));
#2707 = ORIENTED_EDGE('',*,*,#2523,.T.);
#2708 = FACE_BOUND('',#2709,.T.);
#2709 = EDGE_LOOP('',(#2710));
#2710 = ORIENTED_EDGE('',*,*,#2556,.T.);
#2711 = FACE_BOUND('',#2712,.T.);
#2712 = EDGE_LOOP('',(#2713));
#2713 = ORIENTED_EDGE('',*,*,#2589,.T.);
#2714 = FACE_BOUND('',#2715,.T.);
#2715 = EDGE_LOOP('',(#2716));
#2716 = ORIENTED_EDGE('',*,*,#2622,.T.);
#2717 = FACE_BOUND('',#2718,.T.);
#2718 = EDGE_LOOP('',(#2719));
#2719 = ORIENTED_EDGE('',*,*,#2655,.T.);
#2720 = PLANE('',#2721);
#2721 = AXIS2_PLACEMENT_3D('',#2722,#2723,#2724);
#2722 = CARTESIAN_POINT('',(-19.14776638404,6.352481281396,0.));
#2723 = DIRECTION('',(0.,0.,1.));
#2724 = DIRECTION('',(1.,0.,0.));
#2725 = ADVANCED_FACE('',(#2726,#2743,#2746,#2749,#2752,#2755,#2758,
    #2761,#2764,#2767,#2770,#2773,#2776),#2779,.F.);
#2726 = FACE_BOUND('',#2727,.T.);
#2727 = EDGE_LOOP('',(#2728,#2729,#2730,#2731,#2732,#2733,#2734,#2735,
    #2736,#2737,#2738,#2739,#2740,#2741,#2742));
#2728 = ORIENTED_EDGE('',*,*,#1811,.T.);
#2729 = ORIENTED_EDGE('',*,*,#1842,.T.);
#2730 = ORIENTED_EDGE('',*,*,#1873,.T.);
#2731 = ORIENTED_EDGE('',*,*,#1904,.T.);
#2732 = ORIENTED_EDGE('',*,*,#1935,.T.);
#2733 = ORIENTED_EDGE('',*,*,#1966,.T.);
#2734 = ORIENTED_EDGE('',*,*,#1999,.T.);
#2735 = ORIENTED_EDGE('',*,*,#2030,.T.);
#2736 = ORIENTED_EDGE('',*,*,#2063,.T.);
#2737 = ORIENTED_EDGE('',*,*,#2094,.T.);
#2738 = ORIENTED_EDGE('',*,*,#2127,.T.);
#2739 = ORIENTED_EDGE('',*,*,#2158,.T.);
#2740 = ORIENTED_EDGE('',*,*,#2191,.T.);
#2741 = ORIENTED_EDGE('',*,*,#2222,.T.);
#2742 = ORIENTED_EDGE('',*,*,#2253,.T.);
#2743 = FACE_BOUND('',#2744,.F.);
#2744 = EDGE_LOOP('',(#2745));
#2745 = ORIENTED_EDGE('',*,*,#2284,.T.);
#2746 = FACE_BOUND('',#2747,.F.);
#2747 = EDGE_LOOP('',(#2748));
#2748 = ORIENTED_EDGE('',*,*,#2317,.T.);
#2749 = FACE_BOUND('',#2750,.F.);
#2750 = EDGE_LOOP('',(#2751));
#2751 = ORIENTED_EDGE('',*,*,#2350,.T.);
#2752 = FACE_BOUND('',#2753,.F.);
#2753 = EDGE_LOOP('',(#2754));
#2754 = ORIENTED_EDGE('',*,*,#2383,.T.);
#2755 = FACE_BOUND('',#2756,.F.);
#2756 = EDGE_LOOP('',(#2757));
#2757 = ORIENTED_EDGE('',*,*,#2416,.T.);
#2758 = FACE_BOUND('',#2759,.F.);
#2759 = EDGE_LOOP('',(#2760));
#2760 = ORIENTED_EDGE('',*,*,#2449,.T.);
#2761 = FACE_BOUND('',#2762,.F.);
#2762 = EDGE_LOOP('',(#2763));
#2763 = ORIENTED_EDGE('',*,*,#2482,.T.);
#2764 = FACE_BOUND('',#2765,.F.);
#2765 = EDGE_LOOP('',(#2766));
#2766 = ORIENTED_EDGE('',*,*,#2515,.T.);
#2767 = FACE_BOUND('',#2768,.F.);
#2768 = EDGE_LOOP('',(#2769));
#2769 = ORIENTED_EDGE('',*,*,#2548,.T.);
#2770 = FACE_BOUND('',#2771,.F.);
#2771 = EDGE_LOOP('',(#2772));
#2772 = ORIENTED_EDGE('',*,*,#2581,.T.);
#2773 = FACE_BOUND('',#2774,.F.);
#2774 = EDGE_LOOP('',(#2775));
#2775 = ORIENTED_EDGE('',*,*,#2614,.T.);
#2776 = FACE_BOUND('',#2777,.F.);
#2777 = EDGE_LOOP('',(#2778));
#2778 = ORIENTED_EDGE('',*,*,#2647,.T.);
#2779 = PLANE('',#2780);
#2780 = AXIS2_PLACEMENT_3D('',#2781,#2782,#2783);
#2781 = CARTESIAN_POINT('',(-19.14776638404,6.352481281396,-20.));
#2782 = DIRECTION('',(0.,0.,1.));
#2783 = DIRECTION('',(1.,0.,0.));
#2784 = ( GEOMETRIC_REPRESENTATION_CONTEXT(3) 
GLOBAL_UNCERTAINTY_ASSIGNED_CONTEXT((#2788)) 
GLOBAL_UNIT_ASSIGNED_CONTEXT((#2785,#2786,#2787)) REPRESENTATION_CONTEXT
('Context #1','3D Context with UNIT and UNCERTAINTY') );
#2785 = ( LENGTH_UNIT() NAMED_UNIT(*) SI_UNIT(.MILLI.,.METRE.) );
#2786 = ( NAMED_UNIT(*) PLANE_ANGLE_UNIT() SI_UNIT($,.RADIAN.) );
#2787 = ( NAMED_UNIT(*) SI_UNIT($,.STERADIAN.) SOLID_ANGLE_UNIT() );
#2788 = UNCERTAINTY_MEASURE_WITH_UNIT(LENGTH_MEASURE(1.E-04),#2785,
  'distance_accuracy_value','confusion accuracy');
#2789 = SHAPE_REPRESENTATION_RELATIONSHIP('','',#2790,#10);
#2790 = ADVANCED_BREP_SHAPE_REPRESENTATION('',(#11,#2791),#2941);
#2791 = MANIFOLD_SOLID_BREP('',#2792);
#2792 = CLOSED_SHELL('',(#2793,#2833,#2864,#2895,#2917,#2929));
#2793 = ADVANCED_FACE('',(#2794),#2828,.F.);
#2794 = FACE_BOUND('',#2795,.F.);
#2795 = EDGE_LOOP('',(#2796,#2806,#2814,#2822));
#2796 = ORIENTED_EDGE('',*,*,#2797,.T.);
#2797 = EDGE_CURVE('',#2798,#2800,#2802,.T.);
#2798 = VERTEX_POINT('',#2799);
#2799 = CARTESIAN_POINT('',(-250.,-222.5,1.7E+03));
#2800 = VERTEX_POINT('',#2801);
#2801 = CARTESIAN_POINT('',(-250.,-222.5,1.715875E+03));
#2802 = LINE('',#2803,#2804);
#2803 = CARTESIAN_POINT('',(-250.,-222.5,1.7E+03));
#2804 = VECTOR('',#2805,1.);
#2805 = DIRECTION('',(0.,0.,1.));
#2806 = ORIENTED_EDGE('',*,*,#2807,.T.);
#2807 = EDGE_CURVE('',#2800,#2808,#2810,.T.);
#2808 = VERTEX_POINT('',#2809);
#2809 = CARTESIAN_POINT('',(250.,-222.5,1.715875E+03));
#2810 = LINE('',#2811,#2812);
#2811 = CARTESIAN_POINT('',(-250.,-222.5,1.715875E+03));
#2812 = VECTOR('',#2813,1.);
#2813 = DIRECTION('',(1.,0.,0.));
#2814 = ORIENTED_EDGE('',*,*,#2815,.F.);
#2815 = EDGE_CURVE('',#2816,#2808,#2818,.T.);
#2816 = VERTEX_POINT('',#2817);
#2817 = CARTESIAN_POINT('',(250.,-222.5,1.7E+03));
#2818 = LINE('',#2819,#2820);
#2819 = CARTESIAN_POINT('',(250.,-222.5,1.7E+03));
#2820 = VECTOR('',#2821,1.);
#2821 = DIRECTION('',(0.,0.,1.));
#2822 = ORIENTED_EDGE('',*,*,#2823,.F.);
#2823 = EDGE_CURVE('',#2798,#2816,#2824,.T.);
#2824 = LINE('',#2825,#2826);
#2825 = CARTESIAN_POINT('',(-250.,-222.5,1.7E+03));
#2826 = VECTOR('',#2827,1.);
#2827 = DIRECTION('',(1.,0.,0.));
#2828 = PLANE('',#2829);
#2829 = AXIS2_PLACEMENT_3D('',#2830,#2831,#2832);
#2830 = CARTESIAN_POINT('',(-250.,-222.5,1.7E+03));
#2831 = DIRECTION('',(0.,1.,0.));
#2832 = DIRECTION('',(1.,0.,0.));
#2833 = ADVANCED_FACE('',(#2834),#2859,.F.);
#2834 = FACE_BOUND('',#2835,.F.);
#2835 = EDGE_LOOP('',(#2836,#2837,#2845,#2853));
#2836 = ORIENTED_EDGE('',*,*,#2815,.T.);
#2837 = ORIENTED_EDGE('',*,*,#2838,.T.);
#2838 = EDGE_CURVE('',#2808,#2839,#2841,.T.);
#2839 = VERTEX_POINT('',#2840);
#2840 = CARTESIAN_POINT('',(250.,222.5,1.715875E+03));
#2841 = LINE('',#2842,#2843);
#2842 = CARTESIAN_POINT('',(250.,-222.5,1.715875E+03));
#2843 = VECTOR('',#2844,1.);
#2844 = DIRECTION('',(0.,1.,0.));
#2845 = ORIENTED_EDGE('',*,*,#2846,.F.);
#2846 = EDGE_CURVE('',#2847,#2839,#2849,.T.);
#2847 = VERTEX_POINT('',#2848);
#2848 = CARTESIAN_POINT('',(250.,222.5,1.7E+03));
#2849 = LINE('',#2850,#2851);
#2850 = CARTESIAN_POINT('',(250.,222.5,1.7E+03));
#2851 = VECTOR('',#2852,1.);
#2852 = DIRECTION('',(0.,0.,1.));
#2853 = ORIENTED_EDGE('',*,*,#2854,.F.);
#2854 = EDGE_CURVE('',#2816,#2847,#2855,.T.);
#2855 = LINE('',#2856,#2857);
#2856 = CARTESIAN_POINT('',(250.,-222.5,1.7E+03));
#2857 = VECTOR('',#2858,1.);
#2858 = DIRECTION('',(0.,1.,0.));
#2859 = PLANE('',#2860);
#2860 = AXIS2_PLACEMENT_3D('',#2861,#2862,#2863);
#2861 = CARTESIAN_POINT('',(250.,-222.5,1.7E+03));
#2862 = DIRECTION('',(-1.,0.,0.));
#2863 = DIRECTION('',(0.,1.,0.));
#2864 = ADVANCED_FACE('',(#2865),#2890,.F.);
#2865 = FACE_BOUND('',#2866,.F.);
#2866 = EDGE_LOOP('',(#2867,#2868,#2876,#2884));
#2867 = ORIENTED_EDGE('',*,*,#2846,.T.);
#2868 = ORIENTED_EDGE('',*,*,#2869,.T.);
#2869 = EDGE_CURVE('',#2839,#2870,#2872,.T.);
#2870 = VERTEX_POINT('',#2871);
#2871 = CARTESIAN_POINT('',(-250.,222.5,1.715875E+03));
#2872 = LINE('',#2873,#2874);
#2873 = CARTESIAN_POINT('',(250.,222.5,1.715875E+03));
#2874 = VECTOR('',#2875,1.);
#2875 = DIRECTION('',(-1.,0.,0.));
#2876 = ORIENTED_EDGE('',*,*,#2877,.F.);
#2877 = EDGE_CURVE('',#2878,#2870,#2880,.T.);
#2878 = VERTEX_POINT('',#2879);
#2879 = CARTESIAN_POINT('',(-250.,222.5,1.7E+03));
#2880 = LINE('',#2881,#2882);
#2881 = CARTESIAN_POINT('',(-250.,222.5,1.7E+03));
#2882 = VECTOR('',#2883,1.);
#2883 = DIRECTION('',(0.,0.,1.));
#2884 = ORIENTED_EDGE('',*,*,#2885,.F.);
#2885 = EDGE_CURVE('',#2847,#2878,#2886,.T.);
#2886 = LINE('',#2887,#2888);
#2887 = CARTESIAN_POINT('',(250.,222.5,1.7E+03));
#2888 = VECTOR('',#2889,1.);
#2889 = DIRECTION('',(-1.,0.,0.));
#2890 = PLANE('',#2891);
#2891 = AXIS2_PLACEMENT_3D('',#2892,#2893,#2894);
#2892 = CARTESIAN_POINT('',(250.,222.5,1.7E+03));
#2893 = DIRECTION('',(0.,-1.,0.));
#2894 = DIRECTION('',(-1.,0.,0.));
#2895 = ADVANCED_FACE('',(#2896),#2912,.F.);
#2896 = FACE_BOUND('',#2897,.F.);
#2897 = EDGE_LOOP('',(#2898,#2899,#2905,#2906));
#2898 = ORIENTED_EDGE('',*,*,#2877,.T.);
#2899 = ORIENTED_EDGE('',*,*,#2900,.T.);
#2900 = EDGE_CURVE('',#2870,#2800,#2901,.T.);
#2901 = LINE('',#2902,#2903);
#2902 = CARTESIAN_POINT('',(-250.,222.5,1.715875E+03));
#2903 = VECTOR('',#2904,1.);
#2904 = DIRECTION('',(0.,-1.,0.));
#2905 = ORIENTED_EDGE('',*,*,#2797,.F.);
#2906 = ORIENTED_EDGE('',*,*,#2907,.F.);
#2907 = EDGE_CURVE('',#2878,#2798,#2908,.T.);
#2908 = LINE('',#2909,#2910);
#2909 = CARTESIAN_POINT('',(-250.,222.5,1.7E+03));
#2910 = VECTOR('',#2911,1.);
#2911 = DIRECTION('',(0.,-1.,0.));
#2912 = PLANE('',#2913);
#2913 = AXIS2_PLACEMENT_3D('',#2914,#2915,#2916);
#2914 = CARTESIAN_POINT('',(-250.,222.5,1.7E+03));
#2915 = DIRECTION('',(1.,0.,0.));
#2916 = DIRECTION('',(0.,-1.,0.));
#2917 = ADVANCED_FACE('',(#2918),#2924,.F.);
#2918 = FACE_BOUND('',#2919,.F.);
#2919 = EDGE_LOOP('',(#2920,#2921,#2922,#2923));
#2920 = ORIENTED_EDGE('',*,*,#2823,.T.);
#2921 = ORIENTED_EDGE('',*,*,#2854,.T.);
#2922 = ORIENTED_EDGE('',*,*,#2885,.T.);
#2923 = ORIENTED_EDGE('',*,*,#2907,.T.);
#2924 = PLANE('',#2925);
#2925 = AXIS2_PLACEMENT_3D('',#2926,#2927,#2928);
#2926 = CARTESIAN_POINT('',(0.,0.,1.7E+03));
#2927 = DIRECTION('',(0.,0.,1.));
#2928 = DIRECTION('',(1.,0.,0.));
#2929 = ADVANCED_FACE('',(#2930),#2936,.T.);
#2930 = FACE_BOUND('',#2931,.T.);
#2931 = EDGE_LOOP('',(#2932,#2933,#2934,#2935));
#2932 = ORIENTED_EDGE('',*,*,#2807,.T.);
#2933 = ORIENTED_EDGE('',*,*,#2838,.T.);
#2934 = ORIENTED_EDGE('',*,*,#2869,.T.);
#2935 = ORIENTED_EDGE('',*,*,#2900,.T.);
#2936 = PLANE('',#2937);
#2937 = AXIS2_PLACEMENT_3D('',#2938,#2939,#2940);
#2938 = CARTESIAN_POINT('',(0.,0.,1.715875E+03));
#2939 = DIRECTION('',(0.,0.,1.));
#2940 = DIRECTION('',(1.,0.,0.));
#2941 = ( GEOMETRIC_REPRESENTATION_CONTEXT(3) 
GLOBAL_UNCERTAINTY_ASSIGNED_CONTEXT((#2945)) 
GLOBAL_UNIT_ASSIGNED_CONTEXT((#2942,#2943,#2944)) REPRESENTATION_CONTEXT
('Context #1','3D Context with UNIT and UNCERTAINTY') );
#2942 = ( LENGTH_UNIT() NAMED_UNIT(*) SI_UNIT(.MILLI.,.METRE.) );
#2943 = ( NAMED_UNIT(*) PLANE_ANGLE_UNIT() SI_UNIT($,.RADIAN.) );
#2944 = ( NAMED_UNIT(*) SI_UNIT($,.STERADIAN.) SOLID_ANGLE_UNIT() );
#2945 = UNCERTAINTY_MEASURE_WITH_UNIT(LENGTH_MEASURE(1.E-04),#2942,
  'distance_accuracy_value','confusion accuracy');
#2946 = SHAPE_REPRESENTATION_RELATIONSHIP('','',#2947,#10);
#2947 = ADVANCED_BREP_SHAPE_REPRESENTATION('',(#11,#2948),#3159);
#2948 = MANIFOLD_SOLID_BREP('',#2949);
#2949 = CLOSED_SHELL('',(#2950,#2990,#3021,#3066,#3090,#3128,#3145));
#2950 = ADVANCED_FACE('',(#2951),#2985,.F.);
#2951 = FACE_BOUND('',#2952,.F.);
#2952 = EDGE_LOOP('',(#2953,#2963,#2971,#2979));
#2953 = ORIENTED_EDGE('',*,*,#2954,.T.);
#2954 = EDGE_CURVE('',#2955,#2957,#2959,.T.);
#2955 = VERTEX_POINT('',#2956);
#2956 = CARTESIAN_POINT('',(-140.,-222.5,1.715875E+03));
#2957 = VERTEX_POINT('',#2958);
#2958 = CARTESIAN_POINT('',(-124.12,-222.5,1.715875E+03));
#2959 = LINE('',#2960,#2961);
#2960 = CARTESIAN_POINT('',(-140.,-222.5,1.715875E+03));
#2961 = VECTOR('',#2962,1.);
#2962 = DIRECTION('',(1.,0.,0.));
#2963 = ORIENTED_EDGE('',*,*,#2964,.T.);
#2964 = EDGE_CURVE('',#2957,#2965,#2967,.T.);
#2965 = VERTEX_POINT('',#2966);
#2966 = CARTESIAN_POINT('',(-124.12,222.5,1.715875E+03));
#2967 = LINE('',#2968,#2969);
#2968 = CARTESIAN_POINT('',(-124.12,-222.5,1.715875E+03));
#2969 = VECTOR('',#2970,1.);
#2970 = DIRECTION('',(0.,1.,0.));
#2971 = ORIENTED_EDGE('',*,*,#2972,.T.);
#2972 = EDGE_CURVE('',#2965,#2973,#2975,.T.);
#2973 = VERTEX_POINT('',#2974);
#2974 = CARTESIAN_POINT('',(-140.,222.5,1.715875E+03));
#2975 = LINE('',#2976,#2977);
#2976 = CARTESIAN_POINT('',(-124.12,222.5,1.715875E+03));
#2977 = VECTOR('',#2978,1.);
#2978 = DIRECTION('',(-1.,0.,0.));
#2979 = ORIENTED_EDGE('',*,*,#2980,.T.);
#2980 = EDGE_CURVE('',#2973,#2955,#2981,.T.);
#2981 = LINE('',#2982,#2983);
#2982 = CARTESIAN_POINT('',(-140.,222.5,1.715875E+03));
#2983 = VECTOR('',#2984,1.);
#2984 = DIRECTION('',(0.,-1.,0.));
#2985 = PLANE('',#2986);
#2986 = AXIS2_PLACEMENT_3D('',#2987,#2988,#2989);
#2987 = CARTESIAN_POINT('',(0.,0.,1.715875E+03));
#2988 = DIRECTION('',(0.,0.,1.));
#2989 = DIRECTION('',(1.,0.,0.));
#2990 = ADVANCED_FACE('',(#2991),#3016,.T.);
#2991 = FACE_BOUND('',#2992,.T.);
#2992 = EDGE_LOOP('',(#2993,#3001,#3002,#3010));
#2993 = ORIENTED_EDGE('',*,*,#2994,.F.);
#2994 = EDGE_CURVE('',#2955,#2995,#2997,.T.);
#2995 = VERTEX_POINT('',#2996);
#2996 = CARTESIAN_POINT('',(-140.,-87.45064891979,1.95937638146E+03));
#2997 = LINE('',#2998,#2999);
#2998 = CARTESIAN_POINT('',(-140.,-222.5,1.715875E+03));
#2999 = VECTOR('',#3000,1.);
#3000 = DIRECTION('',(0.,0.485013814598,0.874506489198));
#3001 = ORIENTED_EDGE('',*,*,#2954,.T.);
#3002 = ORIENTED_EDGE('',*,*,#3003,.T.);
#3003 = EDGE_CURVE('',#2957,#3004,#3006,.T.);
#3004 = VERTEX_POINT('',#3005);
#3005 = CARTESIAN_POINT('',(-124.12,-87.45064891979,1.95937638146E+03));
#3006 = LINE('',#3007,#3008);
#3007 = CARTESIAN_POINT('',(-124.12,-222.5,1.715875E+03));
#3008 = VECTOR('',#3009,1.);
#3009 = DIRECTION('',(0.,0.485013814598,0.874506489198));
#3010 = ORIENTED_EDGE('',*,*,#3011,.F.);
#3011 = EDGE_CURVE('',#2995,#3004,#3012,.T.);
#3012 = LINE('',#3013,#3014);
#3013 = CARTESIAN_POINT('',(-140.,-87.45064891979,1.95937638146E+03));
#3014 = VECTOR('',#3015,1.);
#3015 = DIRECTION('',(1.,0.,0.));
#3016 = PLANE('',#3017);
#3017 = AXIS2_PLACEMENT_3D('',#3018,#3019,#3020);
#3018 = CARTESIAN_POINT('',(-140.,-222.5,1.715875E+03));
#3019 = DIRECTION('',(0.,-0.874506489198,0.485013814598));
#3020 = DIRECTION('',(0.,0.485013814598,0.874506489198));
#3021 = ADVANCED_FACE('',(#3022,#3050),#3061,.F.);
#3022 = FACE_BOUND('',#3023,.F.);
#3023 = EDGE_LOOP('',(#3024,#3025,#3026,#3035,#3044));
#3024 = ORIENTED_EDGE('',*,*,#2964,.F.);
#3025 = ORIENTED_EDGE('',*,*,#3003,.T.);
#3026 = ORIENTED_EDGE('',*,*,#3027,.T.);
#3027 = EDGE_CURVE('',#3004,#3028,#3030,.T.);
#3028 = VERTEX_POINT('',#3029);
#3029 = CARTESIAN_POINT('',(-124.12,0.,2.010875E+03));
#3030 = CIRCLE('',#3031,100.);
#3031 = AXIS2_PLACEMENT_3D('',#3032,#3033,#3034);
#3032 = CARTESIAN_POINT('',(-124.12,0.,1.910875E+03));
#3033 = DIRECTION('',(-1.,0.,0.));
#3034 = DIRECTION('',(0.,-1.,0.));
#3035 = ORIENTED_EDGE('',*,*,#3036,.T.);
#3036 = EDGE_CURVE('',#3028,#3037,#3039,.T.);
#3037 = VERTEX_POINT('',#3038);
#3038 = CARTESIAN_POINT('',(-124.12,87.450648919799,1.95937638146E+03));
#3039 = CIRCLE('',#3040,100.);
#3040 = AXIS2_PLACEMENT_3D('',#3041,#3042,#3043);
#3041 = CARTESIAN_POINT('',(-124.12,0.,1.910875E+03));
#3042 = DIRECTION('',(-1.,0.,0.));
#3043 = DIRECTION('',(0.,-1.,0.));
#3044 = ORIENTED_EDGE('',*,*,#3045,.F.);
#3045 = EDGE_CURVE('',#2965,#3037,#3046,.T.);
#3046 = LINE('',#3047,#3048);
#3047 = CARTESIAN_POINT('',(-124.12,170.15945592198,1.810247869528E+03)
  );
#3048 = VECTOR('',#3049,1.);
#3049 = DIRECTION('',(0.,-0.485013814598,0.874506489198));
#3050 = FACE_BOUND('',#3051,.F.);
#3051 = EDGE_LOOP('',(#3052));
#3052 = ORIENTED_EDGE('',*,*,#3053,.F.);
#3053 = EDGE_CURVE('',#3054,#3054,#3056,.T.);
#3054 = VERTEX_POINT('',#3055);
#3055 = CARTESIAN_POINT('',(-124.12,-50.,1.910875E+03));
#3056 = CIRCLE('',#3057,50.);
#3057 = AXIS2_PLACEMENT_3D('',#3058,#3059,#3060);
#3058 = CARTESIAN_POINT('',(-124.12,0.,1.910875E+03));
#3059 = DIRECTION('',(-1.,0.,0.));
#3060 = DIRECTION('',(0.,-1.,0.));
#3061 = PLANE('',#3062);
#3062 = AXIS2_PLACEMENT_3D('',#3063,#3064,#3065);
#3063 = CARTESIAN_POINT('',(-124.12,-222.5,1.715875E+03));
#3064 = DIRECTION('',(-1.,0.,0.));
#3065 = DIRECTION('',(0.,1.,0.));
#3066 = ADVANCED_FACE('',(#3067),#3085,.F.);
#3067 = FACE_BOUND('',#3068,.F.);
#3068 = EDGE_LOOP('',(#3069,#3070,#3071,#3079));
#3069 = ORIENTED_EDGE('',*,*,#2972,.F.);
#3070 = ORIENTED_EDGE('',*,*,#3045,.T.);
#3071 = ORIENTED_EDGE('',*,*,#3072,.F.);
#3072 = EDGE_CURVE('',#3073,#3037,#3075,.T.);
#3073 = VERTEX_POINT('',#3074);
#3074 = CARTESIAN_POINT('',(-140.,87.450648919799,1.95937638146E+03));
#3075 = LINE('',#3076,#3077);
#3076 = CARTESIAN_POINT('',(-140.,87.450648919799,1.95937638146E+03));
#3077 = VECTOR('',#3078,1.);
#3078 = DIRECTION('',(1.,0.,0.));
#3079 = ORIENTED_EDGE('',*,*,#3080,.F.);
#3080 = EDGE_CURVE('',#2973,#3073,#3081,.T.);
#3081 = LINE('',#3082,#3083);
#3082 = CARTESIAN_POINT('',(-140.,222.5,1.715875E+03));
#3083 = VECTOR('',#3084,1.);
#3084 = DIRECTION('',(0.,-0.485013814598,0.874506489198));
#3085 = PLANE('',#3086);
#3086 = AXIS2_PLACEMENT_3D('',#3087,#3088,#3089);
#3087 = CARTESIAN_POINT('',(-140.,222.5,1.715875E+03));
#3088 = DIRECTION('',(0.,-0.874506489198,-0.485013814598));
#3089 = DIRECTION('',(0.,-0.485013814598,0.874506489198));
#3090 = ADVANCED_FACE('',(#3091,#3112),#3123,.F.);
#3091 = FACE_BOUND('',#3092,.F.);
#3092 = EDGE_LOOP('',(#3093,#3094,#3095,#3104,#3111));
#3093 = ORIENTED_EDGE('',*,*,#2980,.F.);
#3094 = ORIENTED_EDGE('',*,*,#3080,.T.);
#3095 = ORIENTED_EDGE('',*,*,#3096,.F.);
#3096 = EDGE_CURVE('',#3097,#3073,#3099,.T.);
#3097 = VERTEX_POINT('',#3098);
#3098 = CARTESIAN_POINT('',(-140.,-2.171264191E-06,2.010875E+03));
#3099 = CIRCLE('',#3100,100.);
#3100 = AXIS2_PLACEMENT_3D('',#3101,#3102,#3103);
#3101 = CARTESIAN_POINT('',(-140.,0.,1.910875E+03));
#3102 = DIRECTION('',(-1.,0.,0.));
#3103 = DIRECTION('',(0.,-1.,0.));
#3104 = ORIENTED_EDGE('',*,*,#3105,.F.);
#3105 = EDGE_CURVE('',#2995,#3097,#3106,.T.);
#3106 = CIRCLE('',#3107,100.);
#3107 = AXIS2_PLACEMENT_3D('',#3108,#3109,#3110);
#3108 = CARTESIAN_POINT('',(-140.,0.,1.910875E+03));
#3109 = DIRECTION('',(-1.,0.,0.));
#3110 = DIRECTION('',(0.,-1.,0.));
#3111 = ORIENTED_EDGE('',*,*,#2994,.F.);
#3112 = FACE_BOUND('',#3113,.F.);
#3113 = EDGE_LOOP('',(#3114));
#3114 = ORIENTED_EDGE('',*,*,#3115,.T.);
#3115 = EDGE_CURVE('',#3116,#3116,#3118,.T.);
#3116 = VERTEX_POINT('',#3117);
#3117 = CARTESIAN_POINT('',(-140.,-50.,1.910875E+03));
#3118 = CIRCLE('',#3119,50.);
#3119 = AXIS2_PLACEMENT_3D('',#3120,#3121,#3122);
#3120 = CARTESIAN_POINT('',(-140.,0.,1.910875E+03));
#3121 = DIRECTION('',(-1.,0.,0.));
#3122 = DIRECTION('',(0.,-1.,0.));
#3123 = PLANE('',#3124);
#3124 = AXIS2_PLACEMENT_3D('',#3125,#3126,#3127);
#3125 = CARTESIAN_POINT('',(-140.,222.5,1.715875E+03));
#3126 = DIRECTION('',(1.,0.,0.));
#3127 = DIRECTION('',(0.,-1.,0.));
#3128 = ADVANCED_FACE('',(#3129),#3140,.F.);
#3129 = FACE_BOUND('',#3130,.F.);
#3130 = EDGE_LOOP('',(#3131,#3132,#3138,#3139));
#3131 = ORIENTED_EDGE('',*,*,#3115,.F.);
#3132 = ORIENTED_EDGE('',*,*,#3133,.T.);
#3133 = EDGE_CURVE('',#3116,#3054,#3134,.T.);
#3134 = LINE('',#3135,#3136);
#3135 = CARTESIAN_POINT('',(-140.,-50.,1.910875E+03));
#3136 = VECTOR('',#3137,1.);
#3137 = DIRECTION('',(1.,0.,0.));
#3138 = ORIENTED_EDGE('',*,*,#3053,.T.);
#3139 = ORIENTED_EDGE('',*,*,#3133,.F.);
#3140 = CYLINDRICAL_SURFACE('',#3141,50.);
#3141 = AXIS2_PLACEMENT_3D('',#3142,#3143,#3144);
#3142 = CARTESIAN_POINT('',(-140.,0.,1.910875E+03));
#3143 = DIRECTION('',(-1.,0.,0.));
#3144 = DIRECTION('',(0.,-1.,0.));
#3145 = ADVANCED_FACE('',(#3146),#3154,.T.);
#3146 = FACE_BOUND('',#3147,.T.);
#3147 = EDGE_LOOP('',(#3148,#3149,#3150,#3151,#3152,#3153));
#3148 = ORIENTED_EDGE('',*,*,#3036,.T.);
#3149 = ORIENTED_EDGE('',*,*,#3072,.F.);
#3150 = ORIENTED_EDGE('',*,*,#3096,.F.);
#3151 = ORIENTED_EDGE('',*,*,#3105,.F.);
#3152 = ORIENTED_EDGE('',*,*,#3011,.T.);
#3153 = ORIENTED_EDGE('',*,*,#3027,.T.);
#3154 = CYLINDRICAL_SURFACE('',#3155,100.);
#3155 = AXIS2_PLACEMENT_3D('',#3156,#3157,#3158);
#3156 = CARTESIAN_POINT('',(-140.,0.,1.910875E+03));
#3157 = DIRECTION('',(-1.,0.,0.));
#3158 = DIRECTION('',(0.,-1.,0.));
#3159 = ( GEOMETRIC_REPRESENTATION_CONTEXT(3) 
GLOBAL_UNCERTAINTY_ASSIGNED_CONTEXT((#3163)) 
GLOBAL_UNIT_ASSIGNED_CONTEXT((#3160,#3161,#3162)) REPRESENTATION_CONTEXT
('Context #1','3D Context with UNIT and UNCERTAINTY') );
#3160 = ( LENGTH_UNIT() NAMED_UNIT(*) SI_UNIT(.MILLI.,.METRE.) );
#3161 = ( NAMED_UNIT(*) PLANE_ANGLE_UNIT() SI_UNIT($,.RADIAN.) );
#3162 = ( NAMED_UNIT(*) SI_UNIT($,.STERADIAN.) SOLID_ANGLE_UNIT() );
#3163 = UNCERTAINTY_MEASURE_WITH_UNIT(LENGTH_MEASURE(1.E-04),#3160,
  'distance_accuracy_value','confusion accuracy');
#3164 = SHAPE_REPRESENTATION_RELATIONSHIP('','',#3165,#10);
#3165 = ADVANCED_BREP_SHAPE_REPRESENTATION('',(#11,#3166),#3377);
#3166 = MANIFOLD_SOLID_BREP('',#3167);
#3167 = CLOSED_SHELL('',(#3168,#3208,#3239,#3284,#3308,#3346,#3363));
#3168 = ADVANCED_FACE('',(#3169),#3203,.F.);
#3169 = FACE_BOUND('',#3170,.F.);
#3170 = EDGE_LOOP('',(#3171,#3181,#3189,#3197));
#3171 = ORIENTED_EDGE('',*,*,#3172,.T.);
#3172 = EDGE_CURVE('',#3173,#3175,#3177,.T.);
#3173 = VERTEX_POINT('',#3174);
#3174 = CARTESIAN_POINT('',(-7.94,-222.5,1.715875E+03));
#3175 = VERTEX_POINT('',#3176);
#3176 = CARTESIAN_POINT('',(7.94,-222.5,1.715875E+03));
#3177 = LINE('',#3178,#3179);
#3178 = CARTESIAN_POINT('',(-7.94,-222.5,1.715875E+03));
#3179 = VECTOR('',#3180,1.);
#3180 = DIRECTION('',(1.,0.,0.));
#3181 = ORIENTED_EDGE('',*,*,#3182,.T.);
#3182 = EDGE_CURVE('',#3175,#3183,#3185,.T.);
#3183 = VERTEX_POINT('',#3184);
#3184 = CARTESIAN_POINT('',(7.94,222.5,1.715875E+03));
#3185 = LINE('',#3186,#3187);
#3186 = CARTESIAN_POINT('',(7.94,-222.5,1.715875E+03));
#3187 = VECTOR('',#3188,1.);
#3188 = DIRECTION('',(0.,1.,0.));
#3189 = ORIENTED_EDGE('',*,*,#3190,.T.);
#3190 = EDGE_CURVE('',#3183,#3191,#3193,.T.);
#3191 = VERTEX_POINT('',#3192);
#3192 = CARTESIAN_POINT('',(-7.94,222.5,1.715875E+03));
#3193 = LINE('',#3194,#3195);
#3194 = CARTESIAN_POINT('',(7.94,222.5,1.715875E+03));
#3195 = VECTOR('',#3196,1.);
#3196 = DIRECTION('',(-1.,0.,0.));
#3197 = ORIENTED_EDGE('',*,*,#3198,.T.);
#3198 = EDGE_CURVE('',#3191,#3173,#3199,.T.);
#3199 = LINE('',#3200,#3201);
#3200 = CARTESIAN_POINT('',(-7.94,222.5,1.715875E+03));
#3201 = VECTOR('',#3202,1.);
#3202 = DIRECTION('',(0.,-1.,0.));
#3203 = PLANE('',#3204);
#3204 = AXIS2_PLACEMENT_3D('',#3205,#3206,#3207);
#3205 = CARTESIAN_POINT('',(0.,0.,1.715875E+03));
#3206 = DIRECTION('',(0.,0.,1.));
#3207 = DIRECTION('',(1.,0.,0.));
#3208 = ADVANCED_FACE('',(#3209),#3234,.T.);
#3209 = FACE_BOUND('',#3210,.T.);
#3210 = EDGE_LOOP('',(#3211,#3219,#3220,#3228));
#3211 = ORIENTED_EDGE('',*,*,#3212,.T.);
#3212 = EDGE_CURVE('',#3213,#3173,#3215,.T.);
#3213 = VERTEX_POINT('',#3214);
#3214 = CARTESIAN_POINT('',(-7.94,-87.45064891979,1.95937638146E+03));
#3215 = LINE('',#3216,#3217);
#3216 = CARTESIAN_POINT('',(-7.94,-170.1594559219,1.810247869528E+03));
#3217 = VECTOR('',#3218,1.);
#3218 = DIRECTION('',(0.,-0.485013814598,-0.874506489198));
#3219 = ORIENTED_EDGE('',*,*,#3172,.T.);
#3220 = ORIENTED_EDGE('',*,*,#3221,.T.);
#3221 = EDGE_CURVE('',#3175,#3222,#3224,.T.);
#3222 = VERTEX_POINT('',#3223);
#3223 = CARTESIAN_POINT('',(7.94,-87.45064891979,1.95937638146E+03));
#3224 = LINE('',#3225,#3226);
#3225 = CARTESIAN_POINT('',(7.94,-222.5,1.715875E+03));
#3226 = VECTOR('',#3227,1.);
#3227 = DIRECTION('',(0.,0.485013814598,0.874506489198));
#3228 = ORIENTED_EDGE('',*,*,#3229,.F.);
#3229 = EDGE_CURVE('',#3213,#3222,#3230,.T.);
#3230 = LINE('',#3231,#3232);
#3231 = CARTESIAN_POINT('',(-140.,-87.45064891979,1.95937638146E+03));
#3232 = VECTOR('',#3233,1.);
#3233 = DIRECTION('',(1.,0.,0.));
#3234 = PLANE('',#3235);
#3235 = AXIS2_PLACEMENT_3D('',#3236,#3237,#3238);
#3236 = CARTESIAN_POINT('',(-140.,-222.5,1.715875E+03));
#3237 = DIRECTION('',(0.,-0.874506489198,0.485013814598));
#3238 = DIRECTION('',(0.,0.485013814598,0.874506489198));
#3239 = ADVANCED_FACE('',(#3240,#3268),#3279,.F.);
#3240 = FACE_BOUND('',#3241,.F.);
#3241 = EDGE_LOOP('',(#3242,#3243,#3244,#3253,#3262));
#3242 = ORIENTED_EDGE('',*,*,#3182,.F.);
#3243 = ORIENTED_EDGE('',*,*,#3221,.T.);
#3244 = ORIENTED_EDGE('',*,*,#3245,.T.);
#3245 = EDGE_CURVE('',#3222,#3246,#3248,.T.);
#3246 = VERTEX_POINT('',#3247);
#3247 = CARTESIAN_POINT('',(7.94,0.,2.010875E+03));
#3248 = CIRCLE('',#3249,100.);
#3249 = AXIS2_PLACEMENT_3D('',#3250,#3251,#3252);
#3250 = CARTESIAN_POINT('',(7.94,0.,1.910875E+03));
#3251 = DIRECTION('',(-1.,0.,0.));
#3252 = DIRECTION('',(0.,-1.,0.));
#3253 = ORIENTED_EDGE('',*,*,#3254,.T.);
#3254 = EDGE_CURVE('',#3246,#3255,#3257,.T.);
#3255 = VERTEX_POINT('',#3256);
#3256 = CARTESIAN_POINT('',(7.94,87.450648919799,1.95937638146E+03));
#3257 = CIRCLE('',#3258,100.);
#3258 = AXIS2_PLACEMENT_3D('',#3259,#3260,#3261);
#3259 = CARTESIAN_POINT('',(7.94,0.,1.910875E+03));
#3260 = DIRECTION('',(-1.,0.,0.));
#3261 = DIRECTION('',(0.,-1.,0.));
#3262 = ORIENTED_EDGE('',*,*,#3263,.F.);
#3263 = EDGE_CURVE('',#3183,#3255,#3264,.T.);
#3264 = LINE('',#3265,#3266);
#3265 = CARTESIAN_POINT('',(7.94,170.15945592198,1.810247869528E+03));
#3266 = VECTOR('',#3267,1.);
#3267 = DIRECTION('',(0.,-0.485013814598,0.874506489198));
#3268 = FACE_BOUND('',#3269,.F.);
#3269 = EDGE_LOOP('',(#3270));
#3270 = ORIENTED_EDGE('',*,*,#3271,.F.);
#3271 = EDGE_CURVE('',#3272,#3272,#3274,.T.);
#3272 = VERTEX_POINT('',#3273);
#3273 = CARTESIAN_POINT('',(7.94,-50.,1.910875E+03));
#3274 = CIRCLE('',#3275,50.);
#3275 = AXIS2_PLACEMENT_3D('',#3276,#3277,#3278);
#3276 = CARTESIAN_POINT('',(7.94,0.,1.910875E+03));
#3277 = DIRECTION('',(-1.,0.,0.));
#3278 = DIRECTION('',(0.,-1.,0.));
#3279 = PLANE('',#3280);
#3280 = AXIS2_PLACEMENT_3D('',#3281,#3282,#3283);
#3281 = CARTESIAN_POINT('',(7.94,-222.5,1.715875E+03));
#3282 = DIRECTION('',(-1.,0.,0.));
#3283 = DIRECTION('',(0.,1.,0.));
#3284 = ADVANCED_FACE('',(#3285),#3303,.F.);
#3285 = FACE_BOUND('',#3286,.F.);
#3286 = EDGE_LOOP('',(#3287,#3295,#3296,#3297));
#3287 = ORIENTED_EDGE('',*,*,#3288,.T.);
#3288 = EDGE_CURVE('',#3289,#3191,#3291,.T.);
#3289 = VERTEX_POINT('',#3290);
#3290 = CARTESIAN_POINT('',(-7.94,87.450648919799,1.95937638146E+03));
#3291 = LINE('',#3292,#3293);
#3292 = CARTESIAN_POINT('',(-7.94,222.5,1.715875E+03));
#3293 = VECTOR('',#3294,1.);
#3294 = DIRECTION('',(0.,0.485013814598,-0.874506489198));
#3295 = ORIENTED_EDGE('',*,*,#3190,.F.);
#3296 = ORIENTED_EDGE('',*,*,#3263,.T.);
#3297 = ORIENTED_EDGE('',*,*,#3298,.F.);
#3298 = EDGE_CURVE('',#3289,#3255,#3299,.T.);
#3299 = LINE('',#3300,#3301);
#3300 = CARTESIAN_POINT('',(-140.,87.450648919799,1.95937638146E+03));
#3301 = VECTOR('',#3302,1.);
#3302 = DIRECTION('',(1.,0.,0.));
#3303 = PLANE('',#3304);
#3304 = AXIS2_PLACEMENT_3D('',#3305,#3306,#3307);
#3305 = CARTESIAN_POINT('',(-140.,222.5,1.715875E+03));
#3306 = DIRECTION('',(0.,-0.874506489198,-0.485013814598));
#3307 = DIRECTION('',(0.,-0.485013814598,0.874506489198));
#3308 = ADVANCED_FACE('',(#3309,#3330),#3341,.F.);
#3309 = FACE_BOUND('',#3310,.F.);
#3310 = EDGE_LOOP('',(#3311,#3312,#3313,#3322,#3329));
#3311 = ORIENTED_EDGE('',*,*,#3198,.F.);
#3312 = ORIENTED_EDGE('',*,*,#3288,.F.);
#3313 = ORIENTED_EDGE('',*,*,#3314,.F.);
#3314 = EDGE_CURVE('',#3315,#3289,#3317,.T.);
#3315 = VERTEX_POINT('',#3316);
#3316 = CARTESIAN_POINT('',(-7.94,0.,2.010875E+03));
#3317 = CIRCLE('',#3318,100.);
#3318 = AXIS2_PLACEMENT_3D('',#3319,#3320,#3321);
#3319 = CARTESIAN_POINT('',(-7.94,0.,1.910875E+03));
#3320 = DIRECTION('',(-1.,0.,0.));
#3321 = DIRECTION('',(0.,-1.,0.));
#3322 = ORIENTED_EDGE('',*,*,#3323,.F.);
#3323 = EDGE_CURVE('',#3213,#3315,#3324,.T.);
#3324 = CIRCLE('',#3325,100.);
#3325 = AXIS2_PLACEMENT_3D('',#3326,#3327,#3328);
#3326 = CARTESIAN_POINT('',(-7.94,0.,1.910875E+03));
#3327 = DIRECTION('',(-1.,0.,0.));
#3328 = DIRECTION('',(0.,-1.,0.));
#3329 = ORIENTED_EDGE('',*,*,#3212,.T.);
#3330 = FACE_BOUND('',#3331,.F.);
#3331 = EDGE_LOOP('',(#3332));
#3332 = ORIENTED_EDGE('',*,*,#3333,.T.);
#3333 = EDGE_CURVE('',#3334,#3334,#3336,.T.);
#3334 = VERTEX_POINT('',#3335);
#3335 = CARTESIAN_POINT('',(-7.94,-50.,1.910875E+03));
#3336 = CIRCLE('',#3337,50.);
#3337 = AXIS2_PLACEMENT_3D('',#3338,#3339,#3340);
#3338 = CARTESIAN_POINT('',(-7.94,0.,1.910875E+03));
#3339 = DIRECTION('',(-1.,0.,0.));
#3340 = DIRECTION('',(0.,-1.,0.));
#3341 = PLANE('',#3342);
#3342 = AXIS2_PLACEMENT_3D('',#3343,#3344,#3345);
#3343 = CARTESIAN_POINT('',(-7.94,222.5,1.715875E+03));
#3344 = DIRECTION('',(1.,0.,0.));
#3345 = DIRECTION('',(0.,-1.,0.));
#3346 = ADVANCED_FACE('',(#3347),#3358,.F.);
#3347 = FACE_BOUND('',#3348,.F.);
#3348 = EDGE_LOOP('',(#3349,#3350,#3356,#3357));
#3349 = ORIENTED_EDGE('',*,*,#3333,.F.);
#3350 = ORIENTED_EDGE('',*,*,#3351,.T.);
#3351 = EDGE_CURVE('',#3334,#3272,#3352,.T.);
#3352 = LINE('',#3353,#3354);
#3353 = CARTESIAN_POINT('',(-140.,-50.,1.910875E+03));
#3354 = VECTOR('',#3355,1.);
#3355 = DIRECTION('',(1.,0.,0.));
#3356 = ORIENTED_EDGE('',*,*,#3271,.T.);
#3357 = ORIENTED_EDGE('',*,*,#3351,.F.);
#3358 = CYLINDRICAL_SURFACE('',#3359,50.);
#3359 = AXIS2_PLACEMENT_3D('',#3360,#3361,#3362);
#3360 = CARTESIAN_POINT('',(-140.,0.,1.910875E+03));
#3361 = DIRECTION('',(-1.,0.,0.));
#3362 = DIRECTION('',(0.,-1.,0.));
#3363 = ADVANCED_FACE('',(#3364),#3372,.T.);
#3364 = FACE_BOUND('',#3365,.T.);
#3365 = EDGE_LOOP('',(#3366,#3367,#3368,#3369,#3370,#3371));
#3366 = ORIENTED_EDGE('',*,*,#3254,.T.);
#3367 = ORIENTED_EDGE('',*,*,#3298,.F.);
#3368 = ORIENTED_EDGE('',*,*,#3314,.F.);
#3369 = ORIENTED_EDGE('',*,*,#3323,.F.);
#3370 = ORIENTED_EDGE('',*,*,#3229,.T.);
#3371 = ORIENTED_EDGE('',*,*,#3245,.T.);
#3372 = CYLINDRICAL_SURFACE('',#3373,100.);
#3373 = AXIS2_PLACEMENT_3D('',#3374,#3375,#3376);
#3374 = CARTESIAN_POINT('',(-140.,0.,1.910875E+03));
#3375 = DIRECTION('',(-1.,0.,0.));
#3376 = DIRECTION('',(0.,-1.,0.));
#3377 = ( GEOMETRIC_REPRESENTATION_CONTEXT(3) 
GLOBAL_UNCERTAINTY_ASSIGNED_CONTEXT((#3381)) 
GLOBAL_UNIT_ASSIGNED_CONTEXT((#3378,#3379,#3380)) REPRESENTATION_CONTEXT
('Context #1','3D Context with UNIT and UNCERTAINTY') );
#3378 = ( LENGTH_UNIT() NAMED_UNIT(*) SI_UNIT(.MILLI.,.METRE.) );
#3379 = ( NAMED_UNIT(*) PLANE_ANGLE_UNIT() SI_UNIT($,.RADIAN.) );
#3380 = ( NAMED_UNIT(*) SI_UNIT($,.STERADIAN.) SOLID_ANGLE_UNIT() );
#3381 = UNCERTAINTY_MEASURE_WITH_UNIT(LENGTH_MEASURE(1.E-04),#3378,
  'distance_accuracy_value','confusion accuracy');
#3382 = SHAPE_REPRESENTATION_RELATIONSHIP('','',#3383,#10);
#3383 = ADVANCED_BREP_SHAPE_REPRESENTATION('',(#11,#3384),#3595);
#3384 = MANIFOLD_SOLID_BREP('',#3385);
#3385 = CLOSED_SHELL('',(#3386,#3426,#3457,#3502,#3526,#3564,#3581));
#3386 = ADVANCED_FACE('',(#3387),#3421,.F.);
#3387 = FACE_BOUND('',#3388,.F.);
#3388 = EDGE_LOOP('',(#3389,#3399,#3407,#3415));
#3389 = ORIENTED_EDGE('',*,*,#3390,.T.);
#3390 = EDGE_CURVE('',#3391,#3393,#3395,.T.);
#3391 = VERTEX_POINT('',#3392);
#3392 = CARTESIAN_POINT('',(124.12,-222.5,1.715875E+03));
#3393 = VERTEX_POINT('',#3394);
#3394 = CARTESIAN_POINT('',(140.,-222.5,1.715875E+03));
#3395 = LINE('',#3396,#3397);
#3396 = CARTESIAN_POINT('',(124.12,-222.5,1.715875E+03));
#3397 = VECTOR('',#3398,1.);
#3398 = DIRECTION('',(1.,0.,0.));
#3399 = ORIENTED_EDGE('',*,*,#3400,.T.);
#3400 = EDGE_CURVE('',#3393,#3401,#3403,.T.);
#3401 = VERTEX_POINT('',#3402);
#3402 = CARTESIAN_POINT('',(140.,222.5,1.715875E+03));
#3403 = LINE('',#3404,#3405);
#3404 = CARTESIAN_POINT('',(140.,-222.5,1.715875E+03));
#3405 = VECTOR('',#3406,1.);
#3406 = DIRECTION('',(0.,1.,0.));
#3407 = ORIENTED_EDGE('',*,*,#3408,.T.);
#3408 = EDGE_CURVE('',#3401,#3409,#3411,.T.);
#3409 = VERTEX_POINT('',#3410);
#3410 = CARTESIAN_POINT('',(124.12,222.5,1.715875E+03));
#3411 = LINE('',#3412,#3413);
#3412 = CARTESIAN_POINT('',(140.,222.5,1.715875E+03));
#3413 = VECTOR('',#3414,1.);
#3414 = DIRECTION('',(-1.,0.,0.));
#3415 = ORIENTED_EDGE('',*,*,#3416,.T.);
#3416 = EDGE_CURVE('',#3409,#3391,#3417,.T.);
#3417 = LINE('',#3418,#3419);
#3418 = CARTESIAN_POINT('',(124.12,222.5,1.715875E+03));
#3419 = VECTOR('',#3420,1.);
#3420 = DIRECTION('',(0.,-1.,0.));
#3421 = PLANE('',#3422);
#3422 = AXIS2_PLACEMENT_3D('',#3423,#3424,#3425);
#3423 = CARTESIAN_POINT('',(0.,0.,1.715875E+03));
#3424 = DIRECTION('',(0.,0.,1.));
#3425 = DIRECTION('',(1.,0.,0.));
#3426 = ADVANCED_FACE('',(#3427),#3452,.T.);
#3427 = FACE_BOUND('',#3428,.T.);
#3428 = EDGE_LOOP('',(#3429,#3437,#3438,#3446));
#3429 = ORIENTED_EDGE('',*,*,#3430,.T.);
#3430 = EDGE_CURVE('',#3431,#3391,#3433,.T.);
#3431 = VERTEX_POINT('',#3432);
#3432 = CARTESIAN_POINT('',(124.12,-87.45064891979,1.95937638146E+03));
#3433 = LINE('',#3434,#3435);
#3434 = CARTESIAN_POINT('',(124.12,-170.1594559219,1.810247869528E+03));
#3435 = VECTOR('',#3436,1.);
#3436 = DIRECTION('',(0.,-0.485013814598,-0.874506489198));
#3437 = ORIENTED_EDGE('',*,*,#3390,.T.);
#3438 = ORIENTED_EDGE('',*,*,#3439,.T.);
#3439 = EDGE_CURVE('',#3393,#3440,#3442,.T.);
#3440 = VERTEX_POINT('',#3441);
#3441 = CARTESIAN_POINT('',(140.,-87.45064891979,1.95937638146E+03));
#3442 = LINE('',#3443,#3444);
#3443 = CARTESIAN_POINT('',(140.,-222.5,1.715875E+03));
#3444 = VECTOR('',#3445,1.);
#3445 = DIRECTION('',(0.,0.485013814598,0.874506489198));
#3446 = ORIENTED_EDGE('',*,*,#3447,.F.);
#3447 = EDGE_CURVE('',#3431,#3440,#3448,.T.);
#3448 = LINE('',#3449,#3450);
#3449 = CARTESIAN_POINT('',(-140.,-87.45064891979,1.95937638146E+03));
#3450 = VECTOR('',#3451,1.);
#3451 = DIRECTION('',(1.,0.,0.));
#3452 = PLANE('',#3453);
#3453 = AXIS2_PLACEMENT_3D('',#3454,#3455,#3456);
#3454 = CARTESIAN_POINT('',(-140.,-222.5,1.715875E+03));
#3455 = DIRECTION('',(0.,-0.874506489198,0.485013814598));
#3456 = DIRECTION('',(0.,0.485013814598,0.874506489198));
#3457 = ADVANCED_FACE('',(#3458,#3486),#3497,.F.);
#3458 = FACE_BOUND('',#3459,.F.);
#3459 = EDGE_LOOP('',(#3460,#3461,#3462,#3471,#3480));
#3460 = ORIENTED_EDGE('',*,*,#3400,.F.);
#3461 = ORIENTED_EDGE('',*,*,#3439,.T.);
#3462 = ORIENTED_EDGE('',*,*,#3463,.T.);
#3463 = EDGE_CURVE('',#3440,#3464,#3466,.T.);
#3464 = VERTEX_POINT('',#3465);
#3465 = CARTESIAN_POINT('',(140.,0.,2.010875E+03));
#3466 = CIRCLE('',#3467,100.);
#3467 = AXIS2_PLACEMENT_3D('',#3468,#3469,#3470);
#3468 = CARTESIAN_POINT('',(140.,0.,1.910875E+03));
#3469 = DIRECTION('',(-1.,0.,0.));
#3470 = DIRECTION('',(0.,-1.,0.));
#3471 = ORIENTED_EDGE('',*,*,#3472,.T.);
#3472 = EDGE_CURVE('',#3464,#3473,#3475,.T.);
#3473 = VERTEX_POINT('',#3474);
#3474 = CARTESIAN_POINT('',(140.,87.450648919799,1.95937638146E+03));
#3475 = CIRCLE('',#3476,100.);
#3476 = AXIS2_PLACEMENT_3D('',#3477,#3478,#3479);
#3477 = CARTESIAN_POINT('',(140.,0.,1.910875E+03));
#3478 = DIRECTION('',(-1.,0.,0.));
#3479 = DIRECTION('',(0.,-1.,0.));
#3480 = ORIENTED_EDGE('',*,*,#3481,.F.);
#3481 = EDGE_CURVE('',#3401,#3473,#3482,.T.);
#3482 = LINE('',#3483,#3484);
#3483 = CARTESIAN_POINT('',(140.,170.15945592198,1.810247869528E+03));
#3484 = VECTOR('',#3485,1.);
#3485 = DIRECTION('',(0.,-0.485013814598,0.874506489198));
#3486 = FACE_BOUND('',#3487,.F.);
#3487 = EDGE_LOOP('',(#3488));
#3488 = ORIENTED_EDGE('',*,*,#3489,.F.);
#3489 = EDGE_CURVE('',#3490,#3490,#3492,.T.);
#3490 = VERTEX_POINT('',#3491);
#3491 = CARTESIAN_POINT('',(140.,-50.,1.910875E+03));
#3492 = CIRCLE('',#3493,50.);
#3493 = AXIS2_PLACEMENT_3D('',#3494,#3495,#3496);
#3494 = CARTESIAN_POINT('',(140.,0.,1.910875E+03));
#3495 = DIRECTION('',(-1.,0.,0.));
#3496 = DIRECTION('',(0.,-1.,0.));
#3497 = PLANE('',#3498);
#3498 = AXIS2_PLACEMENT_3D('',#3499,#3500,#3501);
#3499 = CARTESIAN_POINT('',(140.,-222.5,1.715875E+03));
#3500 = DIRECTION('',(-1.,0.,0.));
#3501 = DIRECTION('',(0.,1.,0.));
#3502 = ADVANCED_FACE('',(#3503),#3521,.F.);
#3503 = FACE_BOUND('',#3504,.F.);
#3504 = EDGE_LOOP('',(#3505,#3513,#3514,#3515));
#3505 = ORIENTED_EDGE('',*,*,#3506,.T.);
#3506 = EDGE_CURVE('',#3507,#3409,#3509,.T.);
#3507 = VERTEX_POINT('',#3508);
#3508 = CARTESIAN_POINT('',(124.12,87.450648919799,1.95937638146E+03));
#3509 = LINE('',#3510,#3511);
#3510 = CARTESIAN_POINT('',(124.12,222.5,1.715875E+03));
#3511 = VECTOR('',#3512,1.);
#3512 = DIRECTION('',(0.,0.485013814598,-0.874506489198));
#3513 = ORIENTED_EDGE('',*,*,#3408,.F.);
#3514 = ORIENTED_EDGE('',*,*,#3481,.T.);
#3515 = ORIENTED_EDGE('',*,*,#3516,.F.);
#3516 = EDGE_CURVE('',#3507,#3473,#3517,.T.);
#3517 = LINE('',#3518,#3519);
#3518 = CARTESIAN_POINT('',(-140.,87.450648919799,1.95937638146E+03));
#3519 = VECTOR('',#3520,1.);
#3520 = DIRECTION('',(1.,0.,0.));
#3521 = PLANE('',#3522);
#3522 = AXIS2_PLACEMENT_3D('',#3523,#3524,#3525);
#3523 = CARTESIAN_POINT('',(-140.,222.5,1.715875E+03));
#3524 = DIRECTION('',(0.,-0.874506489198,-0.485013814598));
#3525 = DIRECTION('',(0.,-0.485013814598,0.874506489198));
#3526 = ADVANCED_FACE('',(#3527,#3548),#3559,.F.);
#3527 = FACE_BOUND('',#3528,.F.);
#3528 = EDGE_LOOP('',(#3529,#3530,#3531,#3540,#3547));
#3529 = ORIENTED_EDGE('',*,*,#3416,.F.);
#3530 = ORIENTED_EDGE('',*,*,#3506,.F.);
#3531 = ORIENTED_EDGE('',*,*,#3532,.F.);
#3532 = EDGE_CURVE('',#3533,#3507,#3535,.T.);
#3533 = VERTEX_POINT('',#3534);
#3534 = CARTESIAN_POINT('',(124.12,0.,2.010875E+03));
#3535 = CIRCLE('',#3536,100.);
#3536 = AXIS2_PLACEMENT_3D('',#3537,#3538,#3539);
#3537 = CARTESIAN_POINT('',(124.12,0.,1.910875E+03));
#3538 = DIRECTION('',(-1.,0.,0.));
#3539 = DIRECTION('',(0.,-1.,0.));
#3540 = ORIENTED_EDGE('',*,*,#3541,.F.);
#3541 = EDGE_CURVE('',#3431,#3533,#3542,.T.);
#3542 = CIRCLE('',#3543,100.);
#3543 = AXIS2_PLACEMENT_3D('',#3544,#3545,#3546);
#3544 = CARTESIAN_POINT('',(124.12,0.,1.910875E+03));
#3545 = DIRECTION('',(-1.,0.,0.));
#3546 = DIRECTION('',(0.,-1.,0.));
#3547 = ORIENTED_EDGE('',*,*,#3430,.T.);
#3548 = FACE_BOUND('',#3549,.F.);
#3549 = EDGE_LOOP('',(#3550));
#3550 = ORIENTED_EDGE('',*,*,#3551,.T.);
#3551 = EDGE_CURVE('',#3552,#3552,#3554,.T.);
#3552 = VERTEX_POINT('',#3553);
#3553 = CARTESIAN_POINT('',(124.12,-50.,1.910875E+03));
#3554 = CIRCLE('',#3555,50.);
#3555 = AXIS2_PLACEMENT_3D('',#3556,#3557,#3558);
#3556 = CARTESIAN_POINT('',(124.12,0.,1.910875E+03));
#3557 = DIRECTION('',(-1.,0.,0.));
#3558 = DIRECTION('',(0.,-1.,0.));
#3559 = PLANE('',#3560);
#3560 = AXIS2_PLACEMENT_3D('',#3561,#3562,#3563);
#3561 = CARTESIAN_POINT('',(124.12,222.5,1.715875E+03));
#3562 = DIRECTION('',(1.,0.,0.));
#3563 = DIRECTION('',(0.,-1.,0.));
#3564 = ADVANCED_FACE('',(#3565),#3576,.F.);
#3565 = FACE_BOUND('',#3566,.F.);
#3566 = EDGE_LOOP('',(#3567,#3568,#3574,#3575));
#3567 = ORIENTED_EDGE('',*,*,#3551,.F.);
#3568 = ORIENTED_EDGE('',*,*,#3569,.T.);
#3569 = EDGE_CURVE('',#3552,#3490,#3570,.T.);
#3570 = LINE('',#3571,#3572);
#3571 = CARTESIAN_POINT('',(-140.,-50.,1.910875E+03));
#3572 = VECTOR('',#3573,1.);
#3573 = DIRECTION('',(1.,0.,0.));
#3574 = ORIENTED_EDGE('',*,*,#3489,.T.);
#3575 = ORIENTED_EDGE('',*,*,#3569,.F.);
#3576 = CYLINDRICAL_SURFACE('',#3577,50.);
#3577 = AXIS2_PLACEMENT_3D('',#3578,#3579,#3580);
#3578 = CARTESIAN_POINT('',(-140.,0.,1.910875E+03));
#3579 = DIRECTION('',(-1.,0.,0.));
#3580 = DIRECTION('',(0.,-1.,0.));
#3581 = ADVANCED_FACE('',(#3582),#3590,.T.);
#3582 = FACE_BOUND('',#3583,.T.);
#3583 = EDGE_LOOP('',(#3584,#3585,#3586,#3587,#3588,#3589));
#3584 = ORIENTED_EDGE('',*,*,#3472,.T.);
#3585 = ORIENTED_EDGE('',*,*,#3516,.F.);
#3586 = ORIENTED_EDGE('',*,*,#3532,.F.);
#3587 = ORIENTED_EDGE('',*,*,#3541,.F.);
#3588 = ORIENTED_EDGE('',*,*,#3447,.T.);
#3589 = ORIENTED_EDGE('',*,*,#3463,.T.);
#3590 = CYLINDRICAL_SURFACE('',#3591,100.);
#3591 = AXIS2_PLACEMENT_3D('',#3592,#3593,#3594);
#3592 = CARTESIAN_POINT('',(-140.,0.,1.910875E+03));
#3593 = DIRECTION('',(-1.,0.,0.));
#3594 = DIRECTION('',(0.,-1.,0.));
#3595 = ( GEOMETRIC_REPRESENTATION_CONTEXT(3) 
GLOBAL_UNCERTAINTY_ASSIGNED_CONTEXT((#3599)) 
GLOBAL_UNIT_ASSIGNED_CONTEXT((#3596,#3597,#3598)) REPRESENTATION_CONTEXT
('Context #1','3D Context with UNIT and UNCERTAINTY') );
#3596 = ( LENGTH_UNIT() NAMED_UNIT(*) SI_UNIT(.MILLI.,.METRE.) );
#3597 = ( NAMED_UNIT(*) PLANE_ANGLE_UNIT() SI_UNIT($,.RADIAN.) );
#3598 = ( NAMED_UNIT(*) SI_UNIT($,.STERADIAN.) SOLID_ANGLE_UNIT() );
#3599 = UNCERTAINTY_MEASURE_WITH_UNIT(LENGTH_MEASURE(1.E-04),#3596,
  'distance_accuracy_value','confusion accuracy');
#3600 = SHAPE_REPRESENTATION_RELATIONSHIP('','',#3601,#10);
#3601 = ADVANCED_BREP_SHAPE_REPRESENTATION('',(#11,#3602),#3694);
#3602 = MANIFOLD_SOLID_BREP('',#3603);
#3603 = CLOSED_SHELL('',(#3604,#3637,#3657,#3677));
#3604 = ADVANCED_FACE('',(#3605),#3632,.T.);
#3605 = FACE_BOUND('',#3606,.T.);
#3606 = EDGE_LOOP('',(#3607,#3616,#3624,#3631));
#3607 = ORIENTED_EDGE('',*,*,#3608,.F.);
#3608 = EDGE_CURVE('',#3609,#3609,#3611,.T.);
#3609 = VERTEX_POINT('',#3610);
#3610 = CARTESIAN_POINT('',(-140.,-50.,1.910875E+03));
#3611 = CIRCLE('',#3612,50.);
#3612 = AXIS2_PLACEMENT_3D('',#3613,#3614,#3615);
#3613 = CARTESIAN_POINT('',(-140.,0.,1.910875E+03));
#3614 = DIRECTION('',(-1.,0.,0.));
#3615 = DIRECTION('',(0.,-1.,0.));
#3616 = ORIENTED_EDGE('',*,*,#3617,.T.);
#3617 = EDGE_CURVE('',#3609,#3618,#3620,.T.);
#3618 = VERTEX_POINT('',#3619);
#3619 = CARTESIAN_POINT('',(140.,-50.,1.910875E+03));
#3620 = LINE('',#3621,#3622);
#3621 = CARTESIAN_POINT('',(-140.,-50.,1.910875E+03));
#3622 = VECTOR('',#3623,1.);
#3623 = DIRECTION('',(1.,0.,0.));
#3624 = ORIENTED_EDGE('',*,*,#3625,.T.);
#3625 = EDGE_CURVE('',#3618,#3618,#3626,.T.);
#3626 = CIRCLE('',#3627,50.);
#3627 = AXIS2_PLACEMENT_3D('',#3628,#3629,#3630);
#3628 = CARTESIAN_POINT('',(140.,0.,1.910875E+03));
#3629 = DIRECTION('',(-1.,0.,0.));
#3630 = DIRECTION('',(0.,-1.,0.));
#3631 = ORIENTED_EDGE('',*,*,#3617,.F.);
#3632 = CYLINDRICAL_SURFACE('',#3633,50.);
#3633 = AXIS2_PLACEMENT_3D('',#3634,#3635,#3636);
#3634 = CARTESIAN_POINT('',(-140.,0.,1.910875E+03));
#3635 = DIRECTION('',(-1.,0.,0.));
#3636 = DIRECTION('',(0.,-1.,0.));
#3637 = ADVANCED_FACE('',(#3638,#3641),#3652,.F.);
#3638 = FACE_BOUND('',#3639,.T.);
#3639 = EDGE_LOOP('',(#3640));
#3640 = ORIENTED_EDGE('',*,*,#3608,.T.);
#3641 = FACE_BOUND('',#3642,.F.);
#3642 = EDGE_LOOP('',(#3643));
#3643 = ORIENTED_EDGE('',*,*,#3644,.T.);
#3644 = EDGE_CURVE('',#3645,#3645,#3647,.T.);
#3645 = VERTEX_POINT('',#3646);
#3646 = CARTESIAN_POINT('',(-140.,-34.12,1.910875E+03));
#3647 = CIRCLE('',#3648,34.12);
#3648 = AXIS2_PLACEMENT_3D('',#3649,#3650,#3651);
#3649 = CARTESIAN_POINT('',(-140.,0.,1.910875E+03));
#3650 = DIRECTION('',(-1.,0.,0.));
#3651 = DIRECTION('',(0.,-1.,0.));
#3652 = PLANE('',#3653);
#3653 = AXIS2_PLACEMENT_3D('',#3654,#3655,#3656);
#3654 = CARTESIAN_POINT('',(-140.,2.08E-15,1.910875E+03));
#3655 = DIRECTION('',(1.,0.,0.));
#3656 = DIRECTION('',(0.,0.,1.));
#3657 = ADVANCED_FACE('',(#3658,#3661),#3672,.F.);
#3658 = FACE_BOUND('',#3659,.F.);
#3659 = EDGE_LOOP('',(#3660));
#3660 = ORIENTED_EDGE('',*,*,#3625,.T.);
#3661 = FACE_BOUND('',#3662,.F.);
#3662 = EDGE_LOOP('',(#3663));
#3663 = ORIENTED_EDGE('',*,*,#3664,.F.);
#3664 = EDGE_CURVE('',#3665,#3665,#3667,.T.);
#3665 = VERTEX_POINT('',#3666);
#3666 = CARTESIAN_POINT('',(140.,-34.12,1.910875E+03));
#3667 = CIRCLE('',#3668,34.12);
#3668 = AXIS2_PLACEMENT_3D('',#3669,#3670,#3671);
#3669 = CARTESIAN_POINT('',(140.,0.,1.910875E+03));
#3670 = DIRECTION('',(-1.,0.,0.));
#3671 = DIRECTION('',(0.,-1.,0.));
#3672 = PLANE('',#3673);
#3673 = AXIS2_PLACEMENT_3D('',#3674,#3675,#3676);
#3674 = CARTESIAN_POINT('',(140.,-222.5,1.715875E+03));
#3675 = DIRECTION('',(-1.,0.,0.));
#3676 = DIRECTION('',(0.,1.,0.));
#3677 = ADVANCED_FACE('',(#3678),#3689,.F.);
#3678 = FACE_BOUND('',#3679,.F.);
#3679 = EDGE_LOOP('',(#3680,#3681,#3687,#3688));
#3680 = ORIENTED_EDGE('',*,*,#3644,.F.);
#3681 = ORIENTED_EDGE('',*,*,#3682,.T.);
#3682 = EDGE_CURVE('',#3645,#3665,#3683,.T.);
#3683 = LINE('',#3684,#3685);
#3684 = CARTESIAN_POINT('',(-140.,-34.12,1.910875E+03));
#3685 = VECTOR('',#3686,1.);
#3686 = DIRECTION('',(1.,0.,0.));
#3687 = ORIENTED_EDGE('',*,*,#3664,.T.);
#3688 = ORIENTED_EDGE('',*,*,#3682,.F.);
#3689 = CYLINDRICAL_SURFACE('',#3690,34.12);
#3690 = AXIS2_PLACEMENT_3D('',#3691,#3692,#3693);
#3691 = CARTESIAN_POINT('',(-140.,0.,1.910875E+03));
#3692 = DIRECTION('',(-1.,0.,0.));
#3693 = DIRECTION('',(0.,-1.,0.));
#3694 = ( GEOMETRIC_REPRESENTATION_CONTEXT(3) 
GLOBAL_UNCERTAINTY_ASSIGNED_CONTEXT((#3698)) 
GLOBAL_UNIT_ASSIGNED_CONTEXT((#3695,#3696,#3697)) REPRESENTATION_CONTEXT
('Context #1','3D Context with UNIT and UNCERTAINTY') );
#3695 = ( LENGTH_UNIT() NAMED_UNIT(*) SI_UNIT(.MILLI.,.METRE.) );
#3696 = ( NAMED_UNIT(*) PLANE_ANGLE_UNIT() SI_UNIT($,.RADIAN.) );
#3697 = ( NAMED_UNIT(*) SI_UNIT($,.STERADIAN.) SOLID_ANGLE_UNIT() );
#3698 = UNCERTAINTY_MEASURE_WITH_UNIT(LENGTH_MEASURE(1.E-04),#3695,
  'distance_accuracy_value','confusion accuracy');
#3699 = SHAPE_REPRESENTATION_RELATIONSHIP('','',#3700,#10);
#3700 = ADVANCED_BREP_SHAPE_REPRESENTATION('',(#11,#3701),#3851);
#3701 = MANIFOLD_SOLID_BREP('',#3702);
#3702 = CLOSED_SHELL('',(#3703,#3743,#3774,#3798,#3822,#3839));
#3703 = ADVANCED_FACE('',(#3704),#3738,.F.);
#3704 = FACE_BOUND('',#3705,.F.);
#3705 = EDGE_LOOP('',(#3706,#3716,#3724,#3732));
#3706 = ORIENTED_EDGE('',*,*,#3707,.F.);
#3707 = EDGE_CURVE('',#3708,#3710,#3712,.T.);
#3708 = VERTEX_POINT('',#3709);
#3709 = CARTESIAN_POINT('',(-124.12,-165.3248953923,1.715875E+03));
#3710 = VERTEX_POINT('',#3711);
#3711 = CARTESIAN_POINT('',(-124.12,-43.72532445989,1.93512569073E+03));
#3712 = LINE('',#3713,#3714);
#3713 = CARTESIAN_POINT('',(-124.12,-165.3248953923,1.715875E+03));
#3714 = VECTOR('',#3715,1.);
#3715 = DIRECTION('',(0.,0.485013814598,0.874506489198));
#3716 = ORIENTED_EDGE('',*,*,#3717,.T.);
#3717 = EDGE_CURVE('',#3708,#3718,#3720,.T.);
#3718 = VERTEX_POINT('',#3719);
#3719 = CARTESIAN_POINT('',(-7.94,-165.3248953923,1.715875E+03));
#3720 = LINE('',#3721,#3722);
#3721 = CARTESIAN_POINT('',(-124.12,-165.3248953923,1.715875E+03));
#3722 = VECTOR('',#3723,1.);
#3723 = DIRECTION('',(1.,0.,0.));
#3724 = ORIENTED_EDGE('',*,*,#3725,.T.);
#3725 = EDGE_CURVE('',#3718,#3726,#3728,.T.);
#3726 = VERTEX_POINT('',#3727);
#3727 = CARTESIAN_POINT('',(-7.94,-43.72532445989,1.93512569073E+03));
#3728 = LINE('',#3729,#3730);
#3729 = CARTESIAN_POINT('',(-7.94,-119.7092413881,1.798122524163E+03));
#3730 = VECTOR('',#3731,1.);
#3731 = DIRECTION('',(0.,0.485013814598,0.874506489198));
#3732 = ORIENTED_EDGE('',*,*,#3733,.F.);
#3733 = EDGE_CURVE('',#3710,#3726,#3734,.T.);
#3734 = LINE('',#3735,#3736);
#3735 = CARTESIAN_POINT('',(-124.12,-43.72532445989,1.93512569073E+03));
#3736 = VECTOR('',#3737,1.);
#3737 = DIRECTION('',(1.,0.,0.));
#3738 = PLANE('',#3739);
#3739 = AXIS2_PLACEMENT_3D('',#3740,#3741,#3742);
#3740 = CARTESIAN_POINT('',(-124.12,-165.3248953923,1.715875E+03));
#3741 = DIRECTION('',(0.,-0.874506489198,0.485013814598));
#3742 = DIRECTION('',(0.,0.485013814598,0.874506489198));
#3743 = ADVANCED_FACE('',(#3744),#3769,.F.);
#3744 = FACE_BOUND('',#3745,.F.);
#3745 = EDGE_LOOP('',(#3746,#3747,#3755,#3763));
#3746 = ORIENTED_EDGE('',*,*,#3707,.T.);
#3747 = ORIENTED_EDGE('',*,*,#3748,.F.);
#3748 = EDGE_CURVE('',#3749,#3710,#3751,.T.);
#3749 = VERTEX_POINT('',#3750);
#3750 = CARTESIAN_POINT('',(-124.12,-57.61248750836,1.942827710106E+03)
  );
#3751 = LINE('',#3752,#3753);
#3752 = CARTESIAN_POINT('',(-124.12,-57.61248750836,1.942827710106E+03)
  );
#3753 = VECTOR('',#3754,1.);
#3754 = DIRECTION('',(0.,0.874506489198,-0.485013814598));
#3755 = ORIENTED_EDGE('',*,*,#3756,.F.);
#3756 = EDGE_CURVE('',#3757,#3749,#3759,.T.);
#3757 = VERTEX_POINT('',#3758);
#3758 = CARTESIAN_POINT('',(-124.12,-179.2120584407,1.723577019376E+03)
  );
#3759 = LINE('',#3760,#3761);
#3760 = CARTESIAN_POINT('',(-124.12,-179.2120584407,1.723577019376E+03)
  );
#3761 = VECTOR('',#3762,1.);
#3762 = DIRECTION('',(0.,0.485013814598,0.874506489198));
#3763 = ORIENTED_EDGE('',*,*,#3764,.F.);
#3764 = EDGE_CURVE('',#3708,#3757,#3765,.T.);
#3765 = LINE('',#3766,#3767);
#3766 = CARTESIAN_POINT('',(-124.12,-165.3248953923,1.715875E+03));
#3767 = VECTOR('',#3768,1.);
#3768 = DIRECTION('',(0.,-0.874506489198,0.485013814598));
#3769 = PLANE('',#3770);
#3770 = AXIS2_PLACEMENT_3D('',#3771,#3772,#3773);
#3771 = CARTESIAN_POINT('',(-124.12,-1.71E-15,1.829351355053E+03));
#3772 = DIRECTION('',(1.,0.,0.));
#3773 = DIRECTION('',(0.,0.,1.));
#3774 = ADVANCED_FACE('',(#3775),#3793,.T.);
#3775 = FACE_BOUND('',#3776,.T.);
#3776 = EDGE_LOOP('',(#3777,#3778,#3786,#3792));
#3777 = ORIENTED_EDGE('',*,*,#3748,.F.);
#3778 = ORIENTED_EDGE('',*,*,#3779,.T.);
#3779 = EDGE_CURVE('',#3749,#3780,#3782,.T.);
#3780 = VERTEX_POINT('',#3781);
#3781 = CARTESIAN_POINT('',(-7.94,-57.61248750836,1.942827710106E+03));
#3782 = LINE('',#3783,#3784);
#3783 = CARTESIAN_POINT('',(-124.12,-57.61248750836,1.942827710106E+03)
  );
#3784 = VECTOR('',#3785,1.);
#3785 = DIRECTION('',(1.,0.,0.));
#3786 = ORIENTED_EDGE('',*,*,#3787,.T.);
#3787 = EDGE_CURVE('',#3780,#3726,#3788,.T.);
#3788 = LINE('',#3789,#3790);
#3789 = CARTESIAN_POINT('',(-7.94,97.627887707908,1.856729176255E+03));
#3790 = VECTOR('',#3791,1.);
#3791 = DIRECTION('',(0.,0.874506489198,-0.485013814598));
#3792 = ORIENTED_EDGE('',*,*,#3733,.F.);
#3793 = PLANE('',#3794);
#3794 = AXIS2_PLACEMENT_3D('',#3795,#3796,#3797);
#3795 = CARTESIAN_POINT('',(-124.12,-57.61248750836,1.942827710106E+03)
  );
#3796 = DIRECTION('',(0.,0.485013814598,0.874506489198));
#3797 = DIRECTION('',(0.,0.874506489198,-0.485013814598));
#3798 = ADVANCED_FACE('',(#3799),#3817,.T.);
#3799 = FACE_BOUND('',#3800,.T.);
#3800 = EDGE_LOOP('',(#3801,#3809,#3810,#3811));
#3801 = ORIENTED_EDGE('',*,*,#3802,.F.);
#3802 = EDGE_CURVE('',#3718,#3803,#3805,.T.);
#3803 = VERTEX_POINT('',#3804);
#3804 = CARTESIAN_POINT('',(-7.94,-179.2120584407,1.723577019376E+03));
#3805 = LINE('',#3806,#3807);
#3806 = CARTESIAN_POINT('',(-7.94,-17.02810170026,1.633627475837E+03));
#3807 = VECTOR('',#3808,1.);
#3808 = DIRECTION('',(0.,-0.874506489198,0.485013814598));
#3809 = ORIENTED_EDGE('',*,*,#3725,.T.);
#3810 = ORIENTED_EDGE('',*,*,#3787,.F.);
#3811 = ORIENTED_EDGE('',*,*,#3812,.F.);
#3812 = EDGE_CURVE('',#3803,#3780,#3813,.T.);
#3813 = LINE('',#3814,#3815);
#3814 = CARTESIAN_POINT('',(-7.94,-133.5964044366,1.805824543539E+03));
#3815 = VECTOR('',#3816,1.);
#3816 = DIRECTION('',(0.,0.485013814598,0.874506489198));
#3817 = PLANE('',#3818);
#3818 = AXIS2_PLACEMENT_3D('',#3819,#3820,#3821);
#3819 = CARTESIAN_POINT('',(-7.94,222.5,1.715875E+03));
#3820 = DIRECTION('',(1.,0.,0.));
#3821 = DIRECTION('',(0.,-1.,0.));
#3822 = ADVANCED_FACE('',(#3823),#3834,.T.);
#3823 = FACE_BOUND('',#3824,.T.);
#3824 = EDGE_LOOP('',(#3825,#3826,#3827,#3828));
#3825 = ORIENTED_EDGE('',*,*,#3764,.F.);
#3826 = ORIENTED_EDGE('',*,*,#3717,.T.);
#3827 = ORIENTED_EDGE('',*,*,#3802,.T.);
#3828 = ORIENTED_EDGE('',*,*,#3829,.F.);
#3829 = EDGE_CURVE('',#3757,#3803,#3830,.T.);
#3830 = LINE('',#3831,#3832);
#3831 = CARTESIAN_POINT('',(-124.12,-179.2120584407,1.723577019376E+03)
  );
#3832 = VECTOR('',#3833,1.);
#3833 = DIRECTION('',(1.,0.,0.));
#3834 = PLANE('',#3835);
#3835 = AXIS2_PLACEMENT_3D('',#3836,#3837,#3838);
#3836 = CARTESIAN_POINT('',(-124.12,-165.3248953923,1.715875E+03));
#3837 = DIRECTION('',(0.,-0.485013814598,-0.874506489198));
#3838 = DIRECTION('',(0.,-0.874506489198,0.485013814598));
#3839 = ADVANCED_FACE('',(#3840),#3846,.T.);
#3840 = FACE_BOUND('',#3841,.T.);
#3841 = EDGE_LOOP('',(#3842,#3843,#3844,#3845));
#3842 = ORIENTED_EDGE('',*,*,#3756,.F.);
#3843 = ORIENTED_EDGE('',*,*,#3829,.T.);
#3844 = ORIENTED_EDGE('',*,*,#3812,.T.);
#3845 = ORIENTED_EDGE('',*,*,#3779,.F.);
#3846 = PLANE('',#3847);
#3847 = AXIS2_PLACEMENT_3D('',#3848,#3849,#3850);
#3848 = CARTESIAN_POINT('',(-124.12,-179.2120584407,1.723577019376E+03)
  );
#3849 = DIRECTION('',(0.,-0.874506489198,0.485013814598));
#3850 = DIRECTION('',(0.,0.485013814598,0.874506489198));
#3851 = ( GEOMETRIC_REPRESENTATION_CONTEXT(3) 
GLOBAL_UNCERTAINTY_ASSIGNED_CONTEXT((#3855)) 
GLOBAL_UNIT_ASSIGNED_CONTEXT((#3852,#3853,#3854)) REPRESENTATION_CONTEXT
('Context #1','3D Context with UNIT and UNCERTAINTY') );
#3852 = ( LENGTH_UNIT() NAMED_UNIT(*) SI_UNIT(.MILLI.,.METRE.) );
#3853 = ( NAMED_UNIT(*) PLANE_ANGLE_UNIT() SI_UNIT($,.RADIAN.) );
#3854 = ( NAMED_UNIT(*) SI_UNIT($,.STERADIAN.) SOLID_ANGLE_UNIT() );
#3855 = UNCERTAINTY_MEASURE_WITH_UNIT(LENGTH_MEASURE(1.E-04),#3852,
  'distance_accuracy_value','confusion accuracy');
#3856 = SHAPE_REPRESENTATION_RELATIONSHIP('','',#3857,#10);
#3857 = ADVANCED_BREP_SHAPE_REPRESENTATION('',(#11,#3858),#4008);
#3858 = MANIFOLD_SOLID_BREP('',#3859);
#3859 = CLOSED_SHELL('',(#3860,#3900,#3931,#3955,#3979,#3996));
#3860 = ADVANCED_FACE('',(#3861),#3895,.F.);
#3861 = FACE_BOUND('',#3862,.F.);
#3862 = EDGE_LOOP('',(#3863,#3873,#3881,#3889));
#3863 = ORIENTED_EDGE('',*,*,#3864,.F.);
#3864 = EDGE_CURVE('',#3865,#3867,#3869,.T.);
#3865 = VERTEX_POINT('',#3866);
#3866 = CARTESIAN_POINT('',(-124.12,165.3248953923,1.715875E+03));
#3867 = VERTEX_POINT('',#3868);
#3868 = CARTESIAN_POINT('',(-124.12,179.21205844077,1.723577019376E+03)
  );
#3869 = LINE('',#3870,#3871);
#3870 = CARTESIAN_POINT('',(-124.12,165.3248953923,1.715875E+03));
#3871 = VECTOR('',#3872,1.);
#3872 = DIRECTION('',(0.,0.874506489198,0.485013814598));
#3873 = ORIENTED_EDGE('',*,*,#3874,.T.);
#3874 = EDGE_CURVE('',#3865,#3875,#3877,.T.);
#3875 = VERTEX_POINT('',#3876);
#3876 = CARTESIAN_POINT('',(-7.94,165.3248953923,1.715875E+03));
#3877 = LINE('',#3878,#3879);
#3878 = CARTESIAN_POINT('',(-124.12,165.3248953923,1.715875E+03));
#3879 = VECTOR('',#3880,1.);
#3880 = DIRECTION('',(1.,0.,0.));
#3881 = ORIENTED_EDGE('',*,*,#3882,.T.);
#3882 = EDGE_CURVE('',#3875,#3883,#3885,.T.);
#3883 = VERTEX_POINT('',#3884);
#3884 = CARTESIAN_POINT('',(-7.94,179.21205844077,1.723577019376E+03));
#3885 = LINE('',#3886,#3887);
#3886 = CARTESIAN_POINT('',(-7.94,187.18755762225,1.728000345365E+03));
#3887 = VECTOR('',#3888,1.);
#3888 = DIRECTION('',(0.,0.874506489198,0.485013814598));
#3889 = ORIENTED_EDGE('',*,*,#3890,.F.);
#3890 = EDGE_CURVE('',#3867,#3883,#3891,.T.);
#3891 = LINE('',#3892,#3893);
#3892 = CARTESIAN_POINT('',(-124.12,179.21205844077,1.723577019376E+03)
  );
#3893 = VECTOR('',#3894,1.);
#3894 = DIRECTION('',(1.,0.,0.));
#3895 = PLANE('',#3896);
#3896 = AXIS2_PLACEMENT_3D('',#3897,#3898,#3899);
#3897 = CARTESIAN_POINT('',(-124.12,165.3248953923,1.715875E+03));
#3898 = DIRECTION('',(0.,-0.485013814598,0.874506489198));
#3899 = DIRECTION('',(0.,0.874506489198,0.485013814598));
#3900 = ADVANCED_FACE('',(#3901),#3926,.F.);
#3901 = FACE_BOUND('',#3902,.F.);
#3902 = EDGE_LOOP('',(#3903,#3904,#3912,#3920));
#3903 = ORIENTED_EDGE('',*,*,#3864,.T.);
#3904 = ORIENTED_EDGE('',*,*,#3905,.T.);
#3905 = EDGE_CURVE('',#3867,#3906,#3908,.T.);
#3906 = VERTEX_POINT('',#3907);
#3907 = CARTESIAN_POINT('',(-124.12,57.612487508363,1.942827710106E+03)
  );
#3908 = LINE('',#3909,#3910);
#3909 = CARTESIAN_POINT('',(-124.12,179.21205844077,1.723577019376E+03)
  );
#3910 = VECTOR('',#3911,1.);
#3911 = DIRECTION('',(0.,-0.485013814598,0.874506489198));
#3912 = ORIENTED_EDGE('',*,*,#3913,.T.);
#3913 = EDGE_CURVE('',#3906,#3914,#3916,.T.);
#3914 = VERTEX_POINT('',#3915);
#3915 = CARTESIAN_POINT('',(-124.12,43.725324459899,1.93512569073E+03));
#3916 = LINE('',#3917,#3918);
#3917 = CARTESIAN_POINT('',(-124.12,57.612487508363,1.942827710106E+03)
  );
#3918 = VECTOR('',#3919,1.);
#3919 = DIRECTION('',(0.,-0.874506489198,-0.485013814598));
#3920 = ORIENTED_EDGE('',*,*,#3921,.F.);
#3921 = EDGE_CURVE('',#3865,#3914,#3922,.T.);
#3922 = LINE('',#3923,#3924);
#3923 = CARTESIAN_POINT('',(-124.12,165.3248953923,1.715875E+03));
#3924 = VECTOR('',#3925,1.);
#3925 = DIRECTION('',(0.,-0.485013814598,0.874506489198));
#3926 = PLANE('',#3927);
#3927 = AXIS2_PLACEMENT_3D('',#3928,#3929,#3930);
#3928 = CARTESIAN_POINT('',(-124.12,-1.71E-15,1.829351355053E+03));
#3929 = DIRECTION('',(1.,0.,0.));
#3930 = DIRECTION('',(0.,0.,1.));
#3931 = ADVANCED_FACE('',(#3932),#3950,.F.);
#3932 = FACE_BOUND('',#3933,.F.);
#3933 = EDGE_LOOP('',(#3934,#3935,#3936,#3944));
#3934 = ORIENTED_EDGE('',*,*,#3905,.F.);
#3935 = ORIENTED_EDGE('',*,*,#3890,.T.);
#3936 = ORIENTED_EDGE('',*,*,#3937,.T.);
#3937 = EDGE_CURVE('',#3883,#3938,#3940,.T.);
#3938 = VERTEX_POINT('',#3939);
#3939 = CARTESIAN_POINT('',(-7.94,57.612487508363,1.942827710106E+03));
#3940 = LINE('',#3941,#3942);
#3941 = CARTESIAN_POINT('',(-7.94,185.93694851466,1.711451674011E+03));
#3942 = VECTOR('',#3943,1.);
#3943 = DIRECTION('',(0.,-0.485013814598,0.874506489198));
#3944 = ORIENTED_EDGE('',*,*,#3945,.F.);
#3945 = EDGE_CURVE('',#3906,#3938,#3946,.T.);
#3946 = LINE('',#3947,#3948);
#3947 = CARTESIAN_POINT('',(-124.12,57.612487508363,1.942827710106E+03)
  );
#3948 = VECTOR('',#3949,1.);
#3949 = DIRECTION('',(1.,0.,0.));
#3950 = PLANE('',#3951);
#3951 = AXIS2_PLACEMENT_3D('',#3952,#3953,#3954);
#3952 = CARTESIAN_POINT('',(-124.12,179.21205844077,1.723577019376E+03)
  );
#3953 = DIRECTION('',(0.,-0.874506489198,-0.485013814598));
#3954 = DIRECTION('',(0.,-0.485013814598,0.874506489198));
#3955 = ADVANCED_FACE('',(#3956),#3974,.T.);
#3956 = FACE_BOUND('',#3957,.T.);
#3957 = EDGE_LOOP('',(#3958,#3966,#3967,#3968));
#3958 = ORIENTED_EDGE('',*,*,#3959,.F.);
#3959 = EDGE_CURVE('',#3875,#3960,#3962,.T.);
#3960 = VERTEX_POINT('',#3961);
#3961 = CARTESIAN_POINT('',(-7.94,43.725324459899,1.93512569073E+03));
#3962 = LINE('',#3963,#3964);
#3963 = CARTESIAN_POINT('',(-7.94,172.0497854662,1.703749654635E+03));
#3964 = VECTOR('',#3965,1.);
#3965 = DIRECTION('',(0.,-0.485013814598,0.874506489198));
#3966 = ORIENTED_EDGE('',*,*,#3882,.T.);
#3967 = ORIENTED_EDGE('',*,*,#3937,.T.);
#3968 = ORIENTED_EDGE('',*,*,#3969,.T.);
#3969 = EDGE_CURVE('',#3938,#3960,#3970,.T.);
#3970 = LINE('',#3971,#3972);
#3971 = CARTESIAN_POINT('',(-7.94,72.531568214081,1.951102045783E+03));
#3972 = VECTOR('',#3973,1.);
#3973 = DIRECTION('',(0.,-0.874506489198,-0.485013814598));
#3974 = PLANE('',#3975);
#3975 = AXIS2_PLACEMENT_3D('',#3976,#3977,#3978);
#3976 = CARTESIAN_POINT('',(-7.94,222.5,1.715875E+03));
#3977 = DIRECTION('',(1.,0.,0.));
#3978 = DIRECTION('',(0.,-1.,0.));
#3979 = ADVANCED_FACE('',(#3980),#3991,.T.);
#3980 = FACE_BOUND('',#3981,.T.);
#3981 = EDGE_LOOP('',(#3982,#3983,#3984,#3985));
#3982 = ORIENTED_EDGE('',*,*,#3921,.F.);
#3983 = ORIENTED_EDGE('',*,*,#3874,.T.);
#3984 = ORIENTED_EDGE('',*,*,#3959,.T.);
#3985 = ORIENTED_EDGE('',*,*,#3986,.F.);
#3986 = EDGE_CURVE('',#3914,#3960,#3987,.T.);
#3987 = LINE('',#3988,#3989);
#3988 = CARTESIAN_POINT('',(-124.12,43.725324459899,1.93512569073E+03));
#3989 = VECTOR('',#3990,1.);
#3990 = DIRECTION('',(1.,0.,0.));
#3991 = PLANE('',#3992);
#3992 = AXIS2_PLACEMENT_3D('',#3993,#3994,#3995);
#3993 = CARTESIAN_POINT('',(-124.12,165.3248953923,1.715875E+03));
#3994 = DIRECTION('',(0.,-0.874506489198,-0.485013814598));
#3995 = DIRECTION('',(0.,-0.485013814598,0.874506489198));
#3996 = ADVANCED_FACE('',(#3997),#4003,.F.);
#3997 = FACE_BOUND('',#3998,.F.);
#3998 = EDGE_LOOP('',(#3999,#4000,#4001,#4002));
#3999 = ORIENTED_EDGE('',*,*,#3913,.F.);
#4000 = ORIENTED_EDGE('',*,*,#3945,.T.);
#4001 = ORIENTED_EDGE('',*,*,#3969,.T.);
#4002 = ORIENTED_EDGE('',*,*,#3986,.F.);
#4003 = PLANE('',#4004);
#4004 = AXIS2_PLACEMENT_3D('',#4005,#4006,#4007);
#4005 = CARTESIAN_POINT('',(-124.12,57.612487508363,1.942827710106E+03)
  );
#4006 = DIRECTION('',(0.,0.485013814598,-0.874506489198));
#4007 = DIRECTION('',(0.,-0.874506489198,-0.485013814598));
#4008 = ( GEOMETRIC_REPRESENTATION_CONTEXT(3) 
GLOBAL_UNCERTAINTY_ASSIGNED_CONTEXT((#4012)) 
GLOBAL_UNIT_ASSIGNED_CONTEXT((#4009,#4010,#4011)) REPRESENTATION_CONTEXT
('Context #1','3D Context with UNIT and UNCERTAINTY') );
#4009 = ( LENGTH_UNIT() NAMED_UNIT(*) SI_UNIT(.MILLI.,.METRE.) );
#4010 = ( NAMED_UNIT(*) PLANE_ANGLE_UNIT() SI_UNIT($,.RADIAN.) );
#4011 = ( NAMED_UNIT(*) SI_UNIT($,.STERADIAN.) SOLID_ANGLE_UNIT() );
#4012 = UNCERTAINTY_MEASURE_WITH_UNIT(LENGTH_MEASURE(1.E-04),#4009,
  'distance_accuracy_value','confusion accuracy');
#4013 = SHAPE_REPRESENTATION_RELATIONSHIP('','',#4014,#10);
#4014 = ADVANCED_BREP_SHAPE_REPRESENTATION('',(#11,#4015),#4165);
#4015 = MANIFOLD_SOLID_BREP('',#4016);
#4016 = CLOSED_SHELL('',(#4017,#4057,#4088,#4112,#4136,#4153));
#4017 = ADVANCED_FACE('',(#4018),#4052,.T.);
#4018 = FACE_BOUND('',#4019,.T.);
#4019 = EDGE_LOOP('',(#4020,#4030,#4038,#4046));
#4020 = ORIENTED_EDGE('',*,*,#4021,.F.);
#4021 = EDGE_CURVE('',#4022,#4024,#4026,.T.);
#4022 = VERTEX_POINT('',#4023);
#4023 = CARTESIAN_POINT('',(7.94,-165.3248953923,1.715875E+03));
#4024 = VERTEX_POINT('',#4025);
#4025 = CARTESIAN_POINT('',(7.94,-179.2120584407,1.723577019376E+03));
#4026 = LINE('',#4027,#4028);
#4027 = CARTESIAN_POINT('',(7.94,-165.3248953923,1.715875E+03));
#4028 = VECTOR('',#4029,1.);
#4029 = DIRECTION('',(0.,-0.874506489198,0.485013814598));
#4030 = ORIENTED_EDGE('',*,*,#4031,.T.);
#4031 = EDGE_CURVE('',#4022,#4032,#4034,.T.);
#4032 = VERTEX_POINT('',#4033);
#4033 = CARTESIAN_POINT('',(124.12,-165.3248953923,1.715875E+03));
#4034 = LINE('',#4035,#4036);
#4035 = CARTESIAN_POINT('',(7.94,-165.3248953923,1.715875E+03));
#4036 = VECTOR('',#4037,1.);
#4037 = DIRECTION('',(1.,0.,0.));
#4038 = ORIENTED_EDGE('',*,*,#4039,.T.);
#4039 = EDGE_CURVE('',#4032,#4040,#4042,.T.);
#4040 = VERTEX_POINT('',#4041);
#4041 = CARTESIAN_POINT('',(124.12,-179.2120584407,1.723577019376E+03));
#4042 = LINE('',#4043,#4044);
#4043 = CARTESIAN_POINT('',(124.12,-17.02810170026,1.633627475837E+03));
#4044 = VECTOR('',#4045,1.);
#4045 = DIRECTION('',(0.,-0.874506489198,0.485013814598));
#4046 = ORIENTED_EDGE('',*,*,#4047,.F.);
#4047 = EDGE_CURVE('',#4024,#4040,#4048,.T.);
#4048 = LINE('',#4049,#4050);
#4049 = CARTESIAN_POINT('',(7.94,-179.2120584407,1.723577019376E+03));
#4050 = VECTOR('',#4051,1.);
#4051 = DIRECTION('',(1.,0.,0.));
#4052 = PLANE('',#4053);
#4053 = AXIS2_PLACEMENT_3D('',#4054,#4055,#4056);
#4054 = CARTESIAN_POINT('',(7.94,-165.3248953923,1.715875E+03));
#4055 = DIRECTION('',(0.,-0.485013814598,-0.874506489198));
#4056 = DIRECTION('',(0.,-0.874506489198,0.485013814598));
#4057 = ADVANCED_FACE('',(#4058),#4083,.F.);
#4058 = FACE_BOUND('',#4059,.T.);
#4059 = EDGE_LOOP('',(#4060,#4061,#4069,#4077));
#4060 = ORIENTED_EDGE('',*,*,#4021,.T.);
#4061 = ORIENTED_EDGE('',*,*,#4062,.T.);
#4062 = EDGE_CURVE('',#4024,#4063,#4065,.T.);
#4063 = VERTEX_POINT('',#4064);
#4064 = CARTESIAN_POINT('',(7.94,-57.61248750836,1.942827710106E+03));
#4065 = LINE('',#4066,#4067);
#4066 = CARTESIAN_POINT('',(7.94,-179.2120584407,1.723577019376E+03));
#4067 = VECTOR('',#4068,1.);
#4068 = DIRECTION('',(0.,0.485013814598,0.874506489198));
#4069 = ORIENTED_EDGE('',*,*,#4070,.T.);
#4070 = EDGE_CURVE('',#4063,#4071,#4073,.T.);
#4071 = VERTEX_POINT('',#4072);
#4072 = CARTESIAN_POINT('',(7.94,-43.72532445989,1.93512569073E+03));
#4073 = LINE('',#4074,#4075);
#4074 = CARTESIAN_POINT('',(7.94,-57.61248750836,1.942827710106E+03));
#4075 = VECTOR('',#4076,1.);
#4076 = DIRECTION('',(0.,0.874506489198,-0.485013814598));
#4077 = ORIENTED_EDGE('',*,*,#4078,.F.);
#4078 = EDGE_CURVE('',#4022,#4071,#4079,.T.);
#4079 = LINE('',#4080,#4081);
#4080 = CARTESIAN_POINT('',(7.94,-165.3248953923,1.715875E+03));
#4081 = VECTOR('',#4082,1.);
#4082 = DIRECTION('',(0.,0.485013814598,0.874506489198));
#4083 = PLANE('',#4084);
#4084 = AXIS2_PLACEMENT_3D('',#4085,#4086,#4087);
#4085 = CARTESIAN_POINT('',(7.94,-1.92E-15,1.829351355053E+03));
#4086 = DIRECTION('',(1.,0.,0.));
#4087 = DIRECTION('',(0.,0.,1.));
#4088 = ADVANCED_FACE('',(#4089),#4107,.T.);
#4089 = FACE_BOUND('',#4090,.T.);
#4090 = EDGE_LOOP('',(#4091,#4092,#4093,#4101));
#4091 = ORIENTED_EDGE('',*,*,#4062,.F.);
#4092 = ORIENTED_EDGE('',*,*,#4047,.T.);
#4093 = ORIENTED_EDGE('',*,*,#4094,.T.);
#4094 = EDGE_CURVE('',#4040,#4095,#4097,.T.);
#4095 = VERTEX_POINT('',#4096);
#4096 = CARTESIAN_POINT('',(124.12,-57.61248750836,1.942827710106E+03));
#4097 = LINE('',#4098,#4099);
#4098 = CARTESIAN_POINT('',(124.12,-133.5964044366,1.805824543539E+03));
#4099 = VECTOR('',#4100,1.);
#4100 = DIRECTION('',(0.,0.485013814598,0.874506489198));
#4101 = ORIENTED_EDGE('',*,*,#4102,.F.);
#4102 = EDGE_CURVE('',#4063,#4095,#4103,.T.);
#4103 = LINE('',#4104,#4105);
#4104 = CARTESIAN_POINT('',(7.94,-57.61248750836,1.942827710106E+03));
#4105 = VECTOR('',#4106,1.);
#4106 = DIRECTION('',(1.,0.,0.));
#4107 = PLANE('',#4108);
#4108 = AXIS2_PLACEMENT_3D('',#4109,#4110,#4111);
#4109 = CARTESIAN_POINT('',(7.94,-179.2120584407,1.723577019376E+03));
#4110 = DIRECTION('',(0.,-0.874506489198,0.485013814598));
#4111 = DIRECTION('',(0.,0.485013814598,0.874506489198));
#4112 = ADVANCED_FACE('',(#4113),#4131,.T.);
#4113 = FACE_BOUND('',#4114,.T.);
#4114 = EDGE_LOOP('',(#4115,#4116,#4124,#4130));
#4115 = ORIENTED_EDGE('',*,*,#4039,.F.);
#4116 = ORIENTED_EDGE('',*,*,#4117,.T.);
#4117 = EDGE_CURVE('',#4032,#4118,#4120,.T.);
#4118 = VERTEX_POINT('',#4119);
#4119 = CARTESIAN_POINT('',(124.12,-43.72532445989,1.93512569073E+03));
#4120 = LINE('',#4121,#4122);
#4121 = CARTESIAN_POINT('',(124.12,-119.7092413881,1.798122524163E+03));
#4122 = VECTOR('',#4123,1.);
#4123 = DIRECTION('',(0.,0.485013814598,0.874506489198));
#4124 = ORIENTED_EDGE('',*,*,#4125,.F.);
#4125 = EDGE_CURVE('',#4095,#4118,#4126,.T.);
#4126 = LINE('',#4127,#4128);
#4127 = CARTESIAN_POINT('',(124.12,97.627887707907,1.856729176255E+03));
#4128 = VECTOR('',#4129,1.);
#4129 = DIRECTION('',(0.,0.874506489198,-0.485013814598));
#4130 = ORIENTED_EDGE('',*,*,#4094,.F.);
#4131 = PLANE('',#4132);
#4132 = AXIS2_PLACEMENT_3D('',#4133,#4134,#4135);
#4133 = CARTESIAN_POINT('',(124.12,222.5,1.715875E+03));
#4134 = DIRECTION('',(1.,0.,0.));
#4135 = DIRECTION('',(0.,-1.,0.));
#4136 = ADVANCED_FACE('',(#4137),#4148,.F.);
#4137 = FACE_BOUND('',#4138,.F.);
#4138 = EDGE_LOOP('',(#4139,#4140,#4141,#4142));
#4139 = ORIENTED_EDGE('',*,*,#4078,.F.);
#4140 = ORIENTED_EDGE('',*,*,#4031,.T.);
#4141 = ORIENTED_EDGE('',*,*,#4117,.T.);
#4142 = ORIENTED_EDGE('',*,*,#4143,.F.);
#4143 = EDGE_CURVE('',#4071,#4118,#4144,.T.);
#4144 = LINE('',#4145,#4146);
#4145 = CARTESIAN_POINT('',(7.94,-43.72532445989,1.93512569073E+03));
#4146 = VECTOR('',#4147,1.);
#4147 = DIRECTION('',(1.,0.,0.));
#4148 = PLANE('',#4149);
#4149 = AXIS2_PLACEMENT_3D('',#4150,#4151,#4152);
#4150 = CARTESIAN_POINT('',(7.94,-165.3248953923,1.715875E+03));
#4151 = DIRECTION('',(0.,-0.874506489198,0.485013814598));
#4152 = DIRECTION('',(0.,0.485013814598,0.874506489198));
#4153 = ADVANCED_FACE('',(#4154),#4160,.T.);
#4154 = FACE_BOUND('',#4155,.T.);
#4155 = EDGE_LOOP('',(#4156,#4157,#4158,#4159));
#4156 = ORIENTED_EDGE('',*,*,#4070,.F.);
#4157 = ORIENTED_EDGE('',*,*,#4102,.T.);
#4158 = ORIENTED_EDGE('',*,*,#4125,.T.);
#4159 = ORIENTED_EDGE('',*,*,#4143,.F.);
#4160 = PLANE('',#4161);
#4161 = AXIS2_PLACEMENT_3D('',#4162,#4163,#4164);
#4162 = CARTESIAN_POINT('',(7.94,-57.61248750836,1.942827710106E+03));
#4163 = DIRECTION('',(0.,0.485013814598,0.874506489198));
#4164 = DIRECTION('',(0.,0.874506489198,-0.485013814598));
#4165 = ( GEOMETRIC_REPRESENTATION_CONTEXT(3) 
GLOBAL_UNCERTAINTY_ASSIGNED_CONTEXT((#4169)) 
GLOBAL_UNIT_ASSIGNED_CONTEXT((#4166,#4167,#4168)) REPRESENTATION_CONTEXT
('Context #1','3D Context with UNIT and UNCERTAINTY') );
#4166 = ( LENGTH_UNIT() NAMED_UNIT(*) SI_UNIT(.MILLI.,.METRE.) );
#4167 = ( NAMED_UNIT(*) PLANE_ANGLE_UNIT() SI_UNIT($,.RADIAN.) );
#4168 = ( NAMED_UNIT(*) SI_UNIT($,.STERADIAN.) SOLID_ANGLE_UNIT() );
#4169 = UNCERTAINTY_MEASURE_WITH_UNIT(LENGTH_MEASURE(1.E-04),#4166,
  'distance_accuracy_value','confusion accuracy');
#4170 = SHAPE_REPRESENTATION_RELATIONSHIP('','',#4171,#10);
#4171 = ADVANCED_BREP_SHAPE_REPRESENTATION('',(#11,#4172),#4322);
#4172 = MANIFOLD_SOLID_BREP('',#4173);
#4173 = CLOSED_SHELL('',(#4174,#4214,#4245,#4269,#4293,#4310));
#4174 = ADVANCED_FACE('',(#4175),#4209,.T.);
#4175 = FACE_BOUND('',#4176,.T.);
#4176 = EDGE_LOOP('',(#4177,#4187,#4195,#4203));
#4177 = ORIENTED_EDGE('',*,*,#4178,.F.);
#4178 = EDGE_CURVE('',#4179,#4181,#4183,.T.);
#4179 = VERTEX_POINT('',#4180);
#4180 = CARTESIAN_POINT('',(7.94,165.3248953923,1.715875E+03));
#4181 = VERTEX_POINT('',#4182);
#4182 = CARTESIAN_POINT('',(7.94,43.725324459899,1.93512569073E+03));
#4183 = LINE('',#4184,#4185);
#4184 = CARTESIAN_POINT('',(7.94,165.3248953923,1.715875E+03));
#4185 = VECTOR('',#4186,1.);
#4186 = DIRECTION('',(0.,-0.485013814598,0.874506489198));
#4187 = ORIENTED_EDGE('',*,*,#4188,.T.);
#4188 = EDGE_CURVE('',#4179,#4189,#4191,.T.);
#4189 = VERTEX_POINT('',#4190);
#4190 = CARTESIAN_POINT('',(124.12,165.3248953923,1.715875E+03));
#4191 = LINE('',#4192,#4193);
#4192 = CARTESIAN_POINT('',(7.94,165.3248953923,1.715875E+03));
#4193 = VECTOR('',#4194,1.);
#4194 = DIRECTION('',(1.,0.,0.));
#4195 = ORIENTED_EDGE('',*,*,#4196,.T.);
#4196 = EDGE_CURVE('',#4189,#4197,#4199,.T.);
#4197 = VERTEX_POINT('',#4198);
#4198 = CARTESIAN_POINT('',(124.12,43.725324459899,1.93512569073E+03));
#4199 = LINE('',#4200,#4201);
#4200 = CARTESIAN_POINT('',(124.12,172.0497854662,1.703749654635E+03));
#4201 = VECTOR('',#4202,1.);
#4202 = DIRECTION('',(0.,-0.485013814598,0.874506489198));
#4203 = ORIENTED_EDGE('',*,*,#4204,.F.);
#4204 = EDGE_CURVE('',#4181,#4197,#4205,.T.);
#4205 = LINE('',#4206,#4207);
#4206 = CARTESIAN_POINT('',(7.94,43.725324459899,1.93512569073E+03));
#4207 = VECTOR('',#4208,1.);
#4208 = DIRECTION('',(1.,0.,0.));
#4209 = PLANE('',#4210);
#4210 = AXIS2_PLACEMENT_3D('',#4211,#4212,#4213);
#4211 = CARTESIAN_POINT('',(7.94,165.3248953923,1.715875E+03));
#4212 = DIRECTION('',(0.,-0.874506489198,-0.485013814598));
#4213 = DIRECTION('',(0.,-0.485013814598,0.874506489198));
#4214 = ADVANCED_FACE('',(#4215),#4240,.F.);
#4215 = FACE_BOUND('',#4216,.T.);
#4216 = EDGE_LOOP('',(#4217,#4218,#4226,#4234));
#4217 = ORIENTED_EDGE('',*,*,#4178,.T.);
#4218 = ORIENTED_EDGE('',*,*,#4219,.F.);
#4219 = EDGE_CURVE('',#4220,#4181,#4222,.T.);
#4220 = VERTEX_POINT('',#4221);
#4221 = CARTESIAN_POINT('',(7.94,57.612487508363,1.942827710106E+03));
#4222 = LINE('',#4223,#4224);
#4223 = CARTESIAN_POINT('',(7.94,57.612487508363,1.942827710106E+03));
#4224 = VECTOR('',#4225,1.);
#4225 = DIRECTION('',(0.,-0.874506489198,-0.485013814598));
#4226 = ORIENTED_EDGE('',*,*,#4227,.F.);
#4227 = EDGE_CURVE('',#4228,#4220,#4230,.T.);
#4228 = VERTEX_POINT('',#4229);
#4229 = CARTESIAN_POINT('',(7.94,179.21205844077,1.723577019376E+03));
#4230 = LINE('',#4231,#4232);
#4231 = CARTESIAN_POINT('',(7.94,179.21205844077,1.723577019376E+03));
#4232 = VECTOR('',#4233,1.);
#4233 = DIRECTION('',(0.,-0.485013814598,0.874506489198));
#4234 = ORIENTED_EDGE('',*,*,#4235,.F.);
#4235 = EDGE_CURVE('',#4179,#4228,#4236,.T.);
#4236 = LINE('',#4237,#4238);
#4237 = CARTESIAN_POINT('',(7.94,165.3248953923,1.715875E+03));
#4238 = VECTOR('',#4239,1.);
#4239 = DIRECTION('',(0.,0.874506489198,0.485013814598));
#4240 = PLANE('',#4241);
#4241 = AXIS2_PLACEMENT_3D('',#4242,#4243,#4244);
#4242 = CARTESIAN_POINT('',(7.94,-1.92E-15,1.829351355053E+03));
#4243 = DIRECTION('',(1.,0.,0.));
#4244 = DIRECTION('',(0.,0.,1.));
#4245 = ADVANCED_FACE('',(#4246),#4264,.F.);
#4246 = FACE_BOUND('',#4247,.F.);
#4247 = EDGE_LOOP('',(#4248,#4249,#4257,#4263));
#4248 = ORIENTED_EDGE('',*,*,#4219,.F.);
#4249 = ORIENTED_EDGE('',*,*,#4250,.T.);
#4250 = EDGE_CURVE('',#4220,#4251,#4253,.T.);
#4251 = VERTEX_POINT('',#4252);
#4252 = CARTESIAN_POINT('',(124.12,57.612487508363,1.942827710106E+03));
#4253 = LINE('',#4254,#4255);
#4254 = CARTESIAN_POINT('',(7.94,57.612487508363,1.942827710106E+03));
#4255 = VECTOR('',#4256,1.);
#4256 = DIRECTION('',(1.,0.,0.));
#4257 = ORIENTED_EDGE('',*,*,#4258,.T.);
#4258 = EDGE_CURVE('',#4251,#4197,#4259,.T.);
#4259 = LINE('',#4260,#4261);
#4260 = CARTESIAN_POINT('',(124.12,72.531568214081,1.951102045783E+03));
#4261 = VECTOR('',#4262,1.);
#4262 = DIRECTION('',(0.,-0.874506489198,-0.485013814598));
#4263 = ORIENTED_EDGE('',*,*,#4204,.F.);
#4264 = PLANE('',#4265);
#4265 = AXIS2_PLACEMENT_3D('',#4266,#4267,#4268);
#4266 = CARTESIAN_POINT('',(7.94,57.612487508363,1.942827710106E+03));
#4267 = DIRECTION('',(0.,0.485013814598,-0.874506489198));
#4268 = DIRECTION('',(0.,-0.874506489198,-0.485013814598));
#4269 = ADVANCED_FACE('',(#4270),#4288,.T.);
#4270 = FACE_BOUND('',#4271,.T.);
#4271 = EDGE_LOOP('',(#4272,#4273,#4281,#4287));
#4272 = ORIENTED_EDGE('',*,*,#4196,.F.);
#4273 = ORIENTED_EDGE('',*,*,#4274,.T.);
#4274 = EDGE_CURVE('',#4189,#4275,#4277,.T.);
#4275 = VERTEX_POINT('',#4276);
#4276 = CARTESIAN_POINT('',(124.12,179.21205844077,1.723577019376E+03));
#4277 = LINE('',#4278,#4279);
#4278 = CARTESIAN_POINT('',(124.12,187.18755762225,1.728000345365E+03));
#4279 = VECTOR('',#4280,1.);
#4280 = DIRECTION('',(0.,0.874506489198,0.485013814598));
#4281 = ORIENTED_EDGE('',*,*,#4282,.T.);
#4282 = EDGE_CURVE('',#4275,#4251,#4283,.T.);
#4283 = LINE('',#4284,#4285);
#4284 = CARTESIAN_POINT('',(124.12,185.93694851466,1.711451674011E+03));
#4285 = VECTOR('',#4286,1.);
#4286 = DIRECTION('',(0.,-0.485013814598,0.874506489198));
#4287 = ORIENTED_EDGE('',*,*,#4258,.T.);
#4288 = PLANE('',#4289);
#4289 = AXIS2_PLACEMENT_3D('',#4290,#4291,#4292);
#4290 = CARTESIAN_POINT('',(124.12,222.5,1.715875E+03));
#4291 = DIRECTION('',(1.,0.,0.));
#4292 = DIRECTION('',(0.,-1.,0.));
#4293 = ADVANCED_FACE('',(#4294),#4305,.F.);
#4294 = FACE_BOUND('',#4295,.F.);
#4295 = EDGE_LOOP('',(#4296,#4297,#4298,#4299));
#4296 = ORIENTED_EDGE('',*,*,#4235,.F.);
#4297 = ORIENTED_EDGE('',*,*,#4188,.T.);
#4298 = ORIENTED_EDGE('',*,*,#4274,.T.);
#4299 = ORIENTED_EDGE('',*,*,#4300,.F.);
#4300 = EDGE_CURVE('',#4228,#4275,#4301,.T.);
#4301 = LINE('',#4302,#4303);
#4302 = CARTESIAN_POINT('',(7.94,179.21205844077,1.723577019376E+03));
#4303 = VECTOR('',#4304,1.);
#4304 = DIRECTION('',(1.,0.,0.));
#4305 = PLANE('',#4306);
#4306 = AXIS2_PLACEMENT_3D('',#4307,#4308,#4309);
#4307 = CARTESIAN_POINT('',(7.94,165.3248953923,1.715875E+03));
#4308 = DIRECTION('',(0.,-0.485013814598,0.874506489198));
#4309 = DIRECTION('',(0.,0.874506489198,0.485013814598));
#4310 = ADVANCED_FACE('',(#4311),#4317,.F.);
#4311 = FACE_BOUND('',#4312,.F.);
#4312 = EDGE_LOOP('',(#4313,#4314,#4315,#4316));
#4313 = ORIENTED_EDGE('',*,*,#4227,.F.);
#4314 = ORIENTED_EDGE('',*,*,#4300,.T.);
#4315 = ORIENTED_EDGE('',*,*,#4282,.T.);
#4316 = ORIENTED_EDGE('',*,*,#4250,.F.);
#4317 = PLANE('',#4318);
#4318 = AXIS2_PLACEMENT_3D('',#4319,#4320,#4321);
#4319 = CARTESIAN_POINT('',(7.94,179.21205844077,1.723577019376E+03));
#4320 = DIRECTION('',(0.,-0.874506489198,-0.485013814598));
#4321 = DIRECTION('',(0.,-0.485013814598,0.874506489198));
#4322 = ( GEOMETRIC_REPRESENTATION_CONTEXT(3) 
GLOBAL_UNCERTAINTY_ASSIGNED_CONTEXT((#4326)) 
GLOBAL_UNIT_ASSIGNED_CONTEXT((#4323,#4324,#4325)) REPRESENTATION_CONTEXT
('Context #1','3D Context with UNIT and UNCERTAINTY') );
#4323 = ( LENGTH_UNIT() NAMED_UNIT(*) SI_UNIT(.MILLI.,.METRE.) );
#4324 = ( NAMED_UNIT(*) PLANE_ANGLE_UNIT() SI_UNIT($,.RADIAN.) );
#4325 = ( NAMED_UNIT(*) SI_UNIT($,.STERADIAN.) SOLID_ANGLE_UNIT() );
#4326 = UNCERTAINTY_MEASURE_WITH_UNIT(LENGTH_MEASURE(1.E-04),#4323,
  'distance_accuracy_value','confusion accuracy');
#4327 = MECHANICAL_DESIGN_GEOMETRIC_PRESENTATION_REPRESENTATION('',(
    #4328,#4339,#4348,#4357,#4366,#4375,#4384,#4393,#4402,#4411,#4420,
    #4429,#4438,#4447,#4456,#4465),#15);
#4328 = STYLED_ITEM('color',(#4329),#53);
#4329 = PRESENTATION_STYLE_ASSIGNMENT((#4330,#4336));
#4330 = SURFACE_STYLE_USAGE(.BOTH.,#4331);
#4331 = SURFACE_SIDE_STYLE('',(#4332));
#4332 = SURFACE_STYLE_FILL_AREA(#4333);
#4333 = FILL_AREA_STYLE('',(#4334));
#4334 = FILL_AREA_STYLE_COLOUR('',#4335);
#4335 = COLOUR_RGB('',0.447058818107,0.474509808674,0.501960817233);
#4336 = CURVE_STYLE('',#4337,POSITIVE_LENGTH_MEASURE(0.1),#4338);
#4337 = DRAUGHTING_PRE_DEFINED_CURVE_FONT('continuous');
#4338 = COLOUR_RGB('',9.803921802644E-02,9.803921802644E-02,
  9.803921802644E-02);
#4339 = STYLED_ITEM('color',(#4340),#540);
#4340 = PRESENTATION_STYLE_ASSIGNMENT((#4341,#4346));
#4341 = SURFACE_STYLE_USAGE(.BOTH.,#4342);
#4342 = SURFACE_SIDE_STYLE('',(#4343));
#4343 = SURFACE_STYLE_FILL_AREA(#4344);
#4344 = FILL_AREA_STYLE('',(#4345));
#4345 = FILL_AREA_STYLE_COLOUR('',#4335);
#4346 = CURVE_STYLE('',#4347,POSITIVE_LENGTH_MEASURE(0.1),#4338);
#4347 = DRAUGHTING_PRE_DEFINED_CURVE_FONT('continuous');
#4348 = STYLED_ITEM('color',(#4349),#895);
#4349 = PRESENTATION_STYLE_ASSIGNMENT((#4350,#4355));
#4350 = SURFACE_STYLE_USAGE(.BOTH.,#4351);
#4351 = SURFACE_SIDE_STYLE('',(#4352));
#4352 = SURFACE_STYLE_FILL_AREA(#4353);
#4353 = FILL_AREA_STYLE('',(#4354));
#4354 = FILL_AREA_STYLE_COLOUR('',#4335);
#4355 = CURVE_STYLE('',#4356,POSITIVE_LENGTH_MEASURE(0.1),#4338);
#4356 = DRAUGHTING_PRE_DEFINED_CURVE_FONT('continuous');
#4357 = STYLED_ITEM('color',(#4358),#1188);
#4358 = PRESENTATION_STYLE_ASSIGNMENT((#4359,#4364));
#4359 = SURFACE_STYLE_USAGE(.BOTH.,#4360);
#4360 = SURFACE_SIDE_STYLE('',(#4361));
#4361 = SURFACE_STYLE_FILL_AREA(#4362);
#4362 = FILL_AREA_STYLE('',(#4363));
#4363 = FILL_AREA_STYLE_COLOUR('',#4335);
#4364 = CURVE_STYLE('',#4365,POSITIVE_LENGTH_MEASURE(0.1),#4338);
#4365 = DRAUGHTING_PRE_DEFINED_CURVE_FONT('continuous');
#4366 = STYLED_ITEM('color',(#4367),#1481);
#4367 = PRESENTATION_STYLE_ASSIGNMENT((#4368,#4373));
#4368 = SURFACE_STYLE_USAGE(.BOTH.,#4369);
#4369 = SURFACE_SIDE_STYLE('',(#4370));
#4370 = SURFACE_STYLE_FILL_AREA(#4371);
#4371 = FILL_AREA_STYLE('',(#4372));
#4372 = FILL_AREA_STYLE_COLOUR('',#4335);
#4373 = CURVE_STYLE('',#4374,POSITIVE_LENGTH_MEASURE(0.1),#4338);
#4374 = DRAUGHTING_PRE_DEFINED_CURVE_FONT('continuous');
#4375 = STYLED_ITEM('color',(#4376),#1638);
#4376 = PRESENTATION_STYLE_ASSIGNMENT((#4377,#4382));
#4377 = SURFACE_STYLE_USAGE(.BOTH.,#4378);
#4378 = SURFACE_SIDE_STYLE('',(#4379));
#4379 = SURFACE_STYLE_FILL_AREA(#4380);
#4380 = FILL_AREA_STYLE('',(#4381));
#4381 = FILL_AREA_STYLE_COLOUR('',#4335);
#4382 = CURVE_STYLE('',#4383,POSITIVE_LENGTH_MEASURE(0.1),#4338);
#4383 = DRAUGHTING_PRE_DEFINED_CURVE_FONT('continuous');
#4384 = STYLED_ITEM('color',(#4385),#1795);
#4385 = PRESENTATION_STYLE_ASSIGNMENT((#4386,#4391));
#4386 = SURFACE_STYLE_USAGE(.BOTH.,#4387);
#4387 = SURFACE_SIDE_STYLE('',(#4388));
#4388 = SURFACE_STYLE_FILL_AREA(#4389);
#4389 = FILL_AREA_STYLE('',(#4390));
#4390 = FILL_AREA_STYLE_COLOUR('',#4335);
#4391 = CURVE_STYLE('',#4392,POSITIVE_LENGTH_MEASURE(0.1),#4338);
#4392 = DRAUGHTING_PRE_DEFINED_CURVE_FONT('continuous');
#4393 = STYLED_ITEM('color',(#4394),#2791);
#4394 = PRESENTATION_STYLE_ASSIGNMENT((#4395,#4400));
#4395 = SURFACE_STYLE_USAGE(.BOTH.,#4396);
#4396 = SURFACE_SIDE_STYLE('',(#4397));
#4397 = SURFACE_STYLE_FILL_AREA(#4398);
#4398 = FILL_AREA_STYLE('',(#4399));
#4399 = FILL_AREA_STYLE_COLOUR('',#4335);
#4400 = CURVE_STYLE('',#4401,POSITIVE_LENGTH_MEASURE(0.1),#4338);
#4401 = DRAUGHTING_PRE_DEFINED_CURVE_FONT('continuous');
#4402 = STYLED_ITEM('color',(#4403),#2948);
#4403 = PRESENTATION_STYLE_ASSIGNMENT((#4404,#4409));
#4404 = SURFACE_STYLE_USAGE(.BOTH.,#4405);
#4405 = SURFACE_SIDE_STYLE('',(#4406));
#4406 = SURFACE_STYLE_FILL_AREA(#4407);
#4407 = FILL_AREA_STYLE('',(#4408));
#4408 = FILL_AREA_STYLE_COLOUR('',#4335);
#4409 = CURVE_STYLE('',#4410,POSITIVE_LENGTH_MEASURE(0.1),#4338);
#4410 = DRAUGHTING_PRE_DEFINED_CURVE_FONT('continuous');
#4411 = STYLED_ITEM('color',(#4412),#3166);
#4412 = PRESENTATION_STYLE_ASSIGNMENT((#4413,#4418));
#4413 = SURFACE_STYLE_USAGE(.BOTH.,#4414);
#4414 = SURFACE_SIDE_STYLE('',(#4415));
#4415 = SURFACE_STYLE_FILL_AREA(#4416);
#4416 = FILL_AREA_STYLE('',(#4417));
#4417 = FILL_AREA_STYLE_COLOUR('',#4335);
#4418 = CURVE_STYLE('',#4419,POSITIVE_LENGTH_MEASURE(0.1),#4338);
#4419 = DRAUGHTING_PRE_DEFINED_CURVE_FONT('continuous');
#4420 = STYLED_ITEM('color',(#4421),#3384);
#4421 = PRESENTATION_STYLE_ASSIGNMENT((#4422,#4427));
#4422 = SURFACE_STYLE_USAGE(.BOTH.,#4423);
#4423 = SURFACE_SIDE_STYLE('',(#4424));
#4424 = SURFACE_STYLE_FILL_AREA(#4425);
#4425 = FILL_AREA_STYLE('',(#4426));
#4426 = FILL_AREA_STYLE_COLOUR('',#4335);
#4427 = CURVE_STYLE('',#4428,POSITIVE_LENGTH_MEASURE(0.1),#4338);
#4428 = DRAUGHTING_PRE_DEFINED_CURVE_FONT('continuous');
#4429 = STYLED_ITEM('color',(#4430),#3602);
#4430 = PRESENTATION_STYLE_ASSIGNMENT((#4431,#4436));
#4431 = SURFACE_STYLE_USAGE(.BOTH.,#4432);
#4432 = SURFACE_SIDE_STYLE('',(#4433));
#4433 = SURFACE_STYLE_FILL_AREA(#4434);
#4434 = FILL_AREA_STYLE('',(#4435));
#4435 = FILL_AREA_STYLE_COLOUR('',#4335);
#4436 = CURVE_STYLE('',#4437,POSITIVE_LENGTH_MEASURE(0.1),#4338);
#4437 = DRAUGHTING_PRE_DEFINED_CURVE_FONT('continuous');
#4438 = STYLED_ITEM('color',(#4439),#3701);
#4439 = PRESENTATION_STYLE_ASSIGNMENT((#4440,#4445));
#4440 = SURFACE_STYLE_USAGE(.BOTH.,#4441);
#4441 = SURFACE_SIDE_STYLE('',(#4442));
#4442 = SURFACE_STYLE_FILL_AREA(#4443);
#4443 = FILL_AREA_STYLE('',(#4444));
#4444 = FILL_AREA_STYLE_COLOUR('',#4335);
#4445 = CURVE_STYLE('',#4446,POSITIVE_LENGTH_MEASURE(0.1),#4338);
#4446 = DRAUGHTING_PRE_DEFINED_CURVE_FONT('continuous');
#4447 = STYLED_ITEM('color',(#4448),#3858);
#4448 = PRESENTATION_STYLE_ASSIGNMENT((#4449,#4454));
#4449 = SURFACE_STYLE_USAGE(.BOTH.,#4450);
#4450 = SURFACE_SIDE_STYLE('',(#4451));
#4451 = SURFACE_STYLE_FILL_AREA(#4452);
#4452 = FILL_AREA_STYLE('',(#4453));
#4453 = FILL_AREA_STYLE_COLOUR('',#4335);
#4454 = CURVE_STYLE('',#4455,POSITIVE_LENGTH_MEASURE(0.1),#4338);
#4455 = DRAUGHTING_PRE_DEFINED_CURVE_FONT('continuous');
#4456 = STYLED_ITEM('color',(#4457),#4015);
#4457 = PRESENTATION_STYLE_ASSIGNMENT((#4458,#4463));
#4458 = SURFACE_STYLE_USAGE(.BOTH.,#4459);
#4459 = SURFACE_SIDE_STYLE('',(#4460));
#4460 = SURFACE_STYLE_FILL_AREA(#4461);
#4461 = FILL_AREA_STYLE('',(#4462));
#4462 = FILL_AREA_STYLE_COLOUR('',#4335);
#4463 = CURVE_STYLE('',#4464,POSITIVE_LENGTH_MEASURE(0.1),#4338);
#4464 = DRAUGHTING_PRE_DEFINED_CURVE_FONT('continuous');
#4465 = STYLED_ITEM('color',(#4466),#4172);
#4466 = PRESENTATION_STYLE_ASSIGNMENT((#4467,#4472));
#4467 = SURFACE_STYLE_USAGE(.BOTH.,#4468);
#4468 = SURFACE_SIDE_STYLE('',(#4469));
#4469 = SURFACE_STYLE_FILL_AREA(#4470);
#4470 = FILL_AREA_STYLE('',(#4471));
#4471 = FILL_AREA_STYLE_COLOUR('',#4335);
#4472 = CURVE_STYLE('',#4473,POSITIVE_LENGTH_MEASURE(0.1),#4338);
#4473 = DRAUGHTING_PRE_DEFINED_CURVE_FONT('continuous');
ENDSEC;
END-ISO-10303-21;
