ISO-10303-21;
HEADER;
FILE_DESCRIPTION(('FreeCAD Model'),'2;1');
FILE_NAME('Open CASCADE Shape Model','2026-09-29T16:39:37',(''),(''),
  'Open CASCADE STEP processor 7.9','FreeCAD','Unknown');
FILE_SCHEMA(('CONFIG_CONTROL_DESIGN','SHAPE_APPEARANCE_LAYER_MIM'));
ENDSEC;
DATA;
#1 = APPLICATION_PROTOCOL_DEFINITION('international standard',
  'config_control_design',1994,#2);
#2 = APPLICATION_CONTEXT(
'configuration controlled 3D designs of mechanical parts and assemblies'
  );
#3 = SHAPE_DEFINITION_REPRESENTATION(#4,#10);
#4 = PRODUCT_DEFINITION_SHAPE('','',#5);
#5 = PRODUCT_DEFINITION('design','',#6,#9);
#6 = PRODUCT_DEFINITION_FORMATION_WITH_SPECIFIED_SOURCE('','',#7,
  .NOT_KNOWN.);
#7 = PRODUCT('Assembly','Assembly','',(#8));
#8 = MECHANICAL_CONTEXT('',#2,'mechanical');
#9 = DESIGN_CONTEXT('',#2,'design');
#10 = SHAPE_REPRESENTATION('',(#11,#15,#19,#23),#27);
#11 = AXIS2_PLACEMENT_3D('',#12,#13,#14);
#12 = CARTESIAN_POINT('',(0.,0.,0.));
#13 = DIRECTION('',(0.,0.,1.));
#14 = DIRECTION('',(1.,0.,-0.));
#15 = AXIS2_PLACEMENT_3D('',#16,#17,#18);
#16 = CARTESIAN_POINT('',(0.,0.,0.));
#17 = DIRECTION('',(0.,0.,1.));
#18 = DIRECTION('',(1.,0.,0.));
#19 = AXIS2_PLACEMENT_3D('',#20,#21,#22);
#20 = CARTESIAN_POINT('',(179.19612900811,130.,898.34028266343));
#21 = DIRECTION('',(-4.866883134033E-02,0.984013597548,0.171314286318));
#22 = DIRECTION('',(0.268908372649,0.178093345863,-0.946557471725));
#23 = AXIS2_PLACEMENT_3D('',#24,#25,#26);
#24 = CARTESIAN_POINT('',(-192.6747852427,261.46263546923,
    905.78475594569));
#25 = DIRECTION('',(4.867482824245E-02,0.984009625651,0.171335395413));
#26 = DIRECTION('',(-0.268907287221,0.178115290264,-0.946553651017));
#27 = ( GEOMETRIC_REPRESENTATION_CONTEXT(3) 
GLOBAL_UNCERTAINTY_ASSIGNED_CONTEXT((#31)) GLOBAL_UNIT_ASSIGNED_CONTEXT(
(#28,#29,#30)) REPRESENTATION_CONTEXT('Context #1',
  '3D Context with UNIT and UNCERTAINTY') );
#28 = ( LENGTH_UNIT() NAMED_UNIT(*) SI_UNIT(.MILLI.,.METRE.) );
#29 = ( NAMED_UNIT(*) PLANE_ANGLE_UNIT() SI_UNIT($,.RADIAN.) );
#30 = ( NAMED_UNIT(*) SI_UNIT($,.STERADIAN.) SOLID_ANGLE_UNIT() );
#31 = UNCERTAINTY_MEASURE_WITH_UNIT(LENGTH_MEASURE(1.E-07),#28,
  'distance_accuracy_value','confusion accuracy');
#32 = PRODUCT_RELATED_PRODUCT_CATEGORY('detail',$,(#7));
#33 = PRODUCT_CATEGORY_RELATIONSHIP('','',#34,#32);
#34 = PRODUCT_CATEGORY('part',$);
#35 = CC_DESIGN_PERSON_AND_ORGANIZATION_ASSIGNMENT(#36,#39,(#6,#5));
#36 = PERSON_AND_ORGANIZATION(#37,#38);
#37 = PERSON('IP127.0.1,tochapado','','tochapado',$,$,$);
#38 = ORGANIZATION('IP127.0.1','Unspecified','');
#39 = PERSON_AND_ORGANIZATION_ROLE('creator');
#40 = CC_DESIGN_PERSON_AND_ORGANIZATION_ASSIGNMENT(#36,#41,(#7));
#41 = PERSON_AND_ORGANIZATION_ROLE('design_owner');
#42 = CC_DESIGN_PERSON_AND_ORGANIZATION_ASSIGNMENT(#36,#43,(#6));
#43 = PERSON_AND_ORGANIZATION_ROLE('design_supplier');
#44 = CC_DESIGN_PERSON_AND_ORGANIZATION_ASSIGNMENT(#36,#45,(#46));
#45 = PERSON_AND_ORGANIZATION_ROLE('classification_officer');
#46 = SECURITY_CLASSIFICATION('','',#47);
#47 = SECURITY_CLASSIFICATION_LEVEL('unclassified');
#48 = CC_DESIGN_SECURITY_CLASSIFICATION(#46,(#6));
#49 = CC_DESIGN_DATE_AND_TIME_ASSIGNMENT(#50,#54,(#5));
#50 = DATE_AND_TIME(#51,#52);
#51 = CALENDAR_DATE(2026,29,9);
#52 = LOCAL_TIME(16,39,$,#53);
#53 = COORDINATED_UNIVERSAL_TIME_OFFSET(3,$,.BEHIND.);
#54 = DATE_TIME_ROLE('creation_date');
#55 = CC_DESIGN_DATE_AND_TIME_ASSIGNMENT(#50,#56,(#46));
#56 = DATE_TIME_ROLE('classification_date');
#57 = CC_DESIGN_APPROVAL(#58,(#6,#5,#46));
#58 = APPROVAL(#59,'');
#59 = APPROVAL_STATUS('not_yet_approved');
#60 = APPROVAL_PERSON_ORGANIZATION(#36,#58,#61);
#61 = APPROVAL_ROLE('approver');
#62 = APPROVAL_DATE_TIME(#50,#58);
#63 = SHAPE_DEFINITION_REPRESENTATION(#64,#70);
#64 = PRODUCT_DEFINITION_SHAPE('','',#65);
#65 = PRODUCT_DEFINITION('design','',#66,#69);
#66 = PRODUCT_DEFINITION_FORMATION_WITH_SPECIFIED_SOURCE('','',#67,
  .NOT_KNOWN.);
#67 = PRODUCT('Assembly','Assembly','',(#68));
#68 = MECHANICAL_CONTEXT('',#2,'mechanical');
#69 = DESIGN_CONTEXT('',#2,'design');
#70 = SHAPE_REPRESENTATION('',(#11,#71,#75,#79,#83,#87,#91),#95);
#71 = AXIS2_PLACEMENT_3D('',#72,#73,#74);
#72 = CARTESIAN_POINT('',(0.,0.,0.));
#73 = DIRECTION('',(0.,0.,1.));
#74 = DIRECTION('',(1.,0.,0.));
#75 = AXIS2_PLACEMENT_3D('',#76,#77,#78);
#76 = CARTESIAN_POINT('',(-169.,-215.,220.));
#77 = DIRECTION('',(-1.33226762955E-15,1.,5.551115123126E-17));
#78 = DIRECTION('',(5.551115123126E-16,5.551115123126E-17,-1.));
#79 = AXIS2_PLACEMENT_3D('',#80,#81,#82);
#80 = CARTESIAN_POINT('',(169.,-215.,220.));
#81 = DIRECTION('',(-1.110223024625E-15,1.,-2.465190328816E-31));
#82 = DIRECTION('',(-2.22044604925E-16,0.,1.));
#83 = AXIS2_PLACEMENT_3D('',#84,#85,#86);
#84 = CARTESIAN_POINT('',(35.,5.,530.));
#85 = DIRECTION('',(8.659560562355E-17,-8.659560562355E-17,-1.));
#86 = DIRECTION('',(-6.661338147751E-16,1.,-8.659560562355E-17));
#87 = AXIS2_PLACEMENT_3D('',#88,#89,#90);
#88 = CARTESIAN_POINT('',(-20.,5.,530.));
#89 = DIRECTION('',(-2.274228861132E-16,2.274228861132E-16,-1.));
#90 = DIRECTION('',(-1.33226762955E-15,1.,2.274228861132E-16));
#91 = AXIS2_PLACEMENT_3D('',#92,#93,#94);
#92 = CARTESIAN_POINT('',(-200.,-8.43E-14,340.));
#93 = DIRECTION('',(-4.E-16,1.,2.22044604925E-16));
#94 = DIRECTION('',(1.,4.E-16,-4.E-16));
#95 = ( GEOMETRIC_REPRESENTATION_CONTEXT(3) 
GLOBAL_UNCERTAINTY_ASSIGNED_CONTEXT((#99)) GLOBAL_UNIT_ASSIGNED_CONTEXT(
(#96,#97,#98)) REPRESENTATION_CONTEXT('Context #1',
  '3D Context with UNIT and UNCERTAINTY') );
#96 = ( LENGTH_UNIT() NAMED_UNIT(*) SI_UNIT(.MILLI.,.METRE.) );
#97 = ( NAMED_UNIT(*) PLANE_ANGLE_UNIT() SI_UNIT($,.RADIAN.) );
#98 = ( NAMED_UNIT(*) SI_UNIT($,.STERADIAN.) SOLID_ANGLE_UNIT() );
#99 = UNCERTAINTY_MEASURE_WITH_UNIT(LENGTH_MEASURE(1.E-07),#96,
  'distance_accuracy_value','confusion accuracy');
#100 = CONTEXT_DEPENDENT_SHAPE_REPRESENTATION(#101,#103);
#101 = ( REPRESENTATION_RELATIONSHIP('','',#70,#10) 
REPRESENTATION_RELATIONSHIP_WITH_TRANSFORMATION(#102) 
SHAPE_REPRESENTATION_RELATIONSHIP() );
#102 = ITEM_DEFINED_TRANSFORMATION('','',#11,#15);
#103 = PRODUCT_DEFINITION_SHAPE('Placement','Placement of an item',#104
  );
#104 = NEXT_ASSEMBLY_USAGE_OCCURRENCE('17','Assembly','',#5,#65,$);
#105 = CC_DESIGN_SECURITY_CLASSIFICATION(#106,(#104));
#106 = SECURITY_CLASSIFICATION('','',#47);
#107 = CC_DESIGN_PERSON_AND_ORGANIZATION_ASSIGNMENT(#36,#45,(#106));
#108 = CC_DESIGN_DATE_AND_TIME_ASSIGNMENT(#50,#56,(#106));
#109 = CC_DESIGN_APPROVAL(#58,(#106));
#110 = PRODUCT_RELATED_PRODUCT_CATEGORY('detail',$,(#67));
#111 = PRODUCT_CATEGORY_RELATIONSHIP('','',#112,#110);
#112 = PRODUCT_CATEGORY('part',$);
#113 = CC_DESIGN_PERSON_AND_ORGANIZATION_ASSIGNMENT(#36,#39,(#66,#65));
#114 = CC_DESIGN_PERSON_AND_ORGANIZATION_ASSIGNMENT(#36,#41,(#67));
#115 = CC_DESIGN_PERSON_AND_ORGANIZATION_ASSIGNMENT(#36,#43,(#66));
#116 = CC_DESIGN_PERSON_AND_ORGANIZATION_ASSIGNMENT(#36,#45,(#117));
#117 = SECURITY_CLASSIFICATION('','',#47);
#118 = CC_DESIGN_SECURITY_CLASSIFICATION(#117,(#66));
#119 = CC_DESIGN_DATE_AND_TIME_ASSIGNMENT(#50,#54,(#65));
#120 = CC_DESIGN_DATE_AND_TIME_ASSIGNMENT(#50,#56,(#117));
#121 = CC_DESIGN_APPROVAL(#58,(#66,#65,#117));
#122 = SHAPE_DEFINITION_REPRESENTATION(#123,#129);
#123 = PRODUCT_DEFINITION_SHAPE('','',#124);
#124 = PRODUCT_DEFINITION('design','',#125,#128);
#125 = PRODUCT_DEFINITION_FORMATION_WITH_SPECIFIED_SOURCE('','',#126,
  .NOT_KNOWN.);
#126 = PRODUCT('Body','Body','',(#127));
#127 = MECHANICAL_CONTEXT('',#2,'mechanical');
#128 = DESIGN_CONTEXT('',#2,'design');
#129 = ADVANCED_BREP_SHAPE_REPRESENTATION('',(#11,#130),#280);
#130 = MANIFOLD_SOLID_BREP('',#131);
#131 = CLOSED_SHELL('',(#132,#172,#203,#234,#256,#268));
#132 = ADVANCED_FACE('',(#133),#167,.T.);
#133 = FACE_BOUND('',#134,.T.);
#134 = EDGE_LOOP('',(#135,#145,#153,#161));
#135 = ORIENTED_EDGE('',*,*,#136,.T.);
#136 = EDGE_CURVE('',#137,#139,#141,.T.);
#137 = VERTEX_POINT('',#138);
#138 = CARTESIAN_POINT('',(-450.,0.,0.));
#139 = VERTEX_POINT('',#140);
#140 = CARTESIAN_POINT('',(-450.,-20.,4.E-15));
#141 = LINE('',#142,#143);
#142 = CARTESIAN_POINT('',(-450.,0.,0.));
#143 = VECTOR('',#144,1.);
#144 = DIRECTION('',(0.,-1.,2.2E-16));
#145 = ORIENTED_EDGE('',*,*,#146,.T.);
#146 = EDGE_CURVE('',#139,#147,#149,.T.);
#147 = VERTEX_POINT('',#148);
#148 = CARTESIAN_POINT('',(-325.,-20.,440.));
#149 = LINE('',#150,#151);
#150 = CARTESIAN_POINT('',(-450.,-20.,4.E-15));
#151 = VECTOR('',#152,1.);
#152 = DIRECTION('',(0.273277090194,0.,0.961935357483));
#153 = ORIENTED_EDGE('',*,*,#154,.F.);
#154 = EDGE_CURVE('',#155,#147,#157,.T.);
#155 = VERTEX_POINT('',#156);
#156 = CARTESIAN_POINT('',(-325.,9.8E-14,440.));
#157 = LINE('',#158,#159);
#158 = CARTESIAN_POINT('',(-325.,9.77E-14,440.));
#159 = VECTOR('',#160,1.);
#160 = DIRECTION('',(0.,-1.,2.2E-16));
#161 = ORIENTED_EDGE('',*,*,#162,.F.);
#162 = EDGE_CURVE('',#137,#155,#163,.T.);
#163 = LINE('',#164,#165);
#164 = CARTESIAN_POINT('',(-450.,0.,0.));
#165 = VECTOR('',#166,1.);
#166 = DIRECTION('',(0.273277090194,0.,0.961935357483));
#167 = PLANE('',#168);
#168 = AXIS2_PLACEMENT_3D('',#169,#170,#171);
#169 = CARTESIAN_POINT('',(-450.,0.,0.));
#170 = DIRECTION('',(-0.961935357483,6.E-17,0.273277090194));
#171 = DIRECTION('',(0.273277090194,2.1E-16,0.961935357483));
#172 = ADVANCED_FACE('',(#173),#198,.T.);
#173 = FACE_BOUND('',#174,.T.);
#174 = EDGE_LOOP('',(#175,#176,#184,#192));
#175 = ORIENTED_EDGE('',*,*,#154,.T.);
#176 = ORIENTED_EDGE('',*,*,#177,.T.);
#177 = EDGE_CURVE('',#147,#178,#180,.T.);
#178 = VERTEX_POINT('',#179);
#179 = CARTESIAN_POINT('',(325.,-20.,440.));
#180 = LINE('',#181,#182);
#181 = CARTESIAN_POINT('',(-325.,-20.,440.));
#182 = VECTOR('',#183,1.);
#183 = DIRECTION('',(1.,0.,0.));
#184 = ORIENTED_EDGE('',*,*,#185,.F.);
#185 = EDGE_CURVE('',#186,#178,#188,.T.);
#186 = VERTEX_POINT('',#187);
#187 = CARTESIAN_POINT('',(325.,9.8E-14,440.));
#188 = LINE('',#189,#190);
#189 = CARTESIAN_POINT('',(325.,9.77E-14,440.));
#190 = VECTOR('',#191,1.);
#191 = DIRECTION('',(0.,-1.,2.2E-16));
#192 = ORIENTED_EDGE('',*,*,#193,.F.);
#193 = EDGE_CURVE('',#155,#186,#194,.T.);
#194 = LINE('',#195,#196);
#195 = CARTESIAN_POINT('',(-325.,0.,440.));
#196 = VECTOR('',#197,1.);
#197 = DIRECTION('',(1.,0.,0.));
#198 = PLANE('',#199);
#199 = AXIS2_PLACEMENT_3D('',#200,#201,#202);
#200 = CARTESIAN_POINT('',(-325.,9.77E-14,440.));
#201 = DIRECTION('',(0.,2.2E-16,1.));
#202 = DIRECTION('',(1.,0.,-0.));
#203 = ADVANCED_FACE('',(#204),#229,.T.);
#204 = FACE_BOUND('',#205,.T.);
#205 = EDGE_LOOP('',(#206,#207,#215,#223));
#206 = ORIENTED_EDGE('',*,*,#185,.T.);
#207 = ORIENTED_EDGE('',*,*,#208,.T.);
#208 = EDGE_CURVE('',#178,#209,#211,.T.);
#209 = VERTEX_POINT('',#210);
#210 = CARTESIAN_POINT('',(450.,-20.,4.E-15));
#211 = LINE('',#212,#213);
#212 = CARTESIAN_POINT('',(325.,-20.,440.));
#213 = VECTOR('',#214,1.);
#214 = DIRECTION('',(0.273277090194,0.,-0.961935357483));
#215 = ORIENTED_EDGE('',*,*,#216,.F.);
#216 = EDGE_CURVE('',#217,#209,#219,.T.);
#217 = VERTEX_POINT('',#218);
#218 = CARTESIAN_POINT('',(450.,0.,0.));
#219 = LINE('',#220,#221);
#220 = CARTESIAN_POINT('',(450.,0.,0.));
#221 = VECTOR('',#222,1.);
#222 = DIRECTION('',(0.,-1.,2.2E-16));
#223 = ORIENTED_EDGE('',*,*,#224,.F.);
#224 = EDGE_CURVE('',#186,#217,#225,.T.);
#225 = LINE('',#226,#227);
#226 = CARTESIAN_POINT('',(325.,0.,440.));
#227 = VECTOR('',#228,1.);
#228 = DIRECTION('',(0.273277090194,0.,-0.961935357483));
#229 = PLANE('',#230);
#230 = AXIS2_PLACEMENT_3D('',#231,#232,#233);
#231 = CARTESIAN_POINT('',(325.,9.77E-14,440.));
#232 = DIRECTION('',(0.961935357483,6.E-17,0.273277090194));
#233 = DIRECTION('',(0.273277090194,-2.1E-16,-0.961935357483));
#234 = ADVANCED_FACE('',(#235),#251,.T.);
#235 = FACE_BOUND('',#236,.T.);
#236 = EDGE_LOOP('',(#237,#238,#244,#245));
#237 = ORIENTED_EDGE('',*,*,#216,.T.);
#238 = ORIENTED_EDGE('',*,*,#239,.T.);
#239 = EDGE_CURVE('',#209,#139,#240,.T.);
#240 = LINE('',#241,#242);
#241 = CARTESIAN_POINT('',(450.,-20.,4.E-15));
#242 = VECTOR('',#243,1.);
#243 = DIRECTION('',(-1.,0.,0.));
#244 = ORIENTED_EDGE('',*,*,#136,.F.);
#245 = ORIENTED_EDGE('',*,*,#246,.F.);
#246 = EDGE_CURVE('',#217,#137,#247,.T.);
#247 = LINE('',#248,#249);
#248 = CARTESIAN_POINT('',(450.,0.,0.));
#249 = VECTOR('',#250,1.);
#250 = DIRECTION('',(-1.,0.,0.));
#251 = PLANE('',#252);
#252 = AXIS2_PLACEMENT_3D('',#253,#254,#255);
#253 = CARTESIAN_POINT('',(450.,0.,0.));
#254 = DIRECTION('',(-0.,-2.2E-16,-1.));
#255 = DIRECTION('',(-1.,0.,0.));
#256 = ADVANCED_FACE('',(#257),#263,.T.);
#257 = FACE_BOUND('',#258,.T.);
#258 = EDGE_LOOP('',(#259,#260,#261,#262));
#259 = ORIENTED_EDGE('',*,*,#162,.T.);
#260 = ORIENTED_EDGE('',*,*,#193,.T.);
#261 = ORIENTED_EDGE('',*,*,#224,.T.);
#262 = ORIENTED_EDGE('',*,*,#246,.T.);
#263 = PLANE('',#264);
#264 = AXIS2_PLACEMENT_3D('',#265,#266,#267);
#265 = CARTESIAN_POINT('',(0.,4.39E-14,197.68601896546));
#266 = DIRECTION('',(0.,1.,0.));
#267 = DIRECTION('',(0.,0.,1.));
#268 = ADVANCED_FACE('',(#269),#275,.F.);
#269 = FACE_BOUND('',#270,.F.);
#270 = EDGE_LOOP('',(#271,#272,#273,#274));
#271 = ORIENTED_EDGE('',*,*,#146,.T.);
#272 = ORIENTED_EDGE('',*,*,#177,.T.);
#273 = ORIENTED_EDGE('',*,*,#208,.T.);
#274 = ORIENTED_EDGE('',*,*,#239,.T.);
#275 = PLANE('',#276);
#276 = AXIS2_PLACEMENT_3D('',#277,#278,#279);
#277 = CARTESIAN_POINT('',(0.,-20.,197.68601896546));
#278 = DIRECTION('',(0.,1.,0.));
#279 = DIRECTION('',(0.,0.,1.));
#280 = ( GEOMETRIC_REPRESENTATION_CONTEXT(3) 
GLOBAL_UNCERTAINTY_ASSIGNED_CONTEXT((#284)) GLOBAL_UNIT_ASSIGNED_CONTEXT
((#281,#282,#283)) REPRESENTATION_CONTEXT('Context #1',
  '3D Context with UNIT and UNCERTAINTY') );
#281 = ( LENGTH_UNIT() NAMED_UNIT(*) SI_UNIT(.MILLI.,.METRE.) );
#282 = ( NAMED_UNIT(*) PLANE_ANGLE_UNIT() SI_UNIT($,.RADIAN.) );
#283 = ( NAMED_UNIT(*) SI_UNIT($,.STERADIAN.) SOLID_ANGLE_UNIT() );
#284 = UNCERTAINTY_MEASURE_WITH_UNIT(LENGTH_MEASURE(1.E-07),#281,
  'distance_accuracy_value','confusion accuracy');
#285 = CONTEXT_DEPENDENT_SHAPE_REPRESENTATION(#286,#288);
#286 = ( REPRESENTATION_RELATIONSHIP('','',#129,#70) 
REPRESENTATION_RELATIONSHIP_WITH_TRANSFORMATION(#287) 
SHAPE_REPRESENTATION_RELATIONSHIP() );
#287 = ITEM_DEFINED_TRANSFORMATION('','',#11,#71);
#288 = PRODUCT_DEFINITION_SHAPE('Placement','Placement of an item',#289
  );
#289 = NEXT_ASSEMBLY_USAGE_OCCURRENCE('1','Body','',#65,#124,$);
#290 = CC_DESIGN_SECURITY_CLASSIFICATION(#291,(#289));
#291 = SECURITY_CLASSIFICATION('','',#47);
#292 = CC_DESIGN_PERSON_AND_ORGANIZATION_ASSIGNMENT(#36,#45,(#291));
#293 = CC_DESIGN_DATE_AND_TIME_ASSIGNMENT(#50,#56,(#291));
#294 = CC_DESIGN_APPROVAL(#58,(#291));
#295 = PRODUCT_RELATED_PRODUCT_CATEGORY('detail',$,(#126));
#296 = PRODUCT_CATEGORY_RELATIONSHIP('','',#297,#295);
#297 = PRODUCT_CATEGORY('part',$);
#298 = CC_DESIGN_PERSON_AND_ORGANIZATION_ASSIGNMENT(#36,#39,(#125,#124)
  );
#299 = CC_DESIGN_PERSON_AND_ORGANIZATION_ASSIGNMENT(#36,#41,(#126));
#300 = CC_DESIGN_PERSON_AND_ORGANIZATION_ASSIGNMENT(#36,#43,(#125));
#301 = CC_DESIGN_PERSON_AND_ORGANIZATION_ASSIGNMENT(#36,#45,(#302));
#302 = SECURITY_CLASSIFICATION('','',#47);
#303 = CC_DESIGN_SECURITY_CLASSIFICATION(#302,(#125));
#304 = CC_DESIGN_DATE_AND_TIME_ASSIGNMENT(#50,#54,(#124));
#305 = CC_DESIGN_DATE_AND_TIME_ASSIGNMENT(#50,#56,(#302));
#306 = CC_DESIGN_APPROVAL(#58,(#125,#124,#302));
#307 = SHAPE_DEFINITION_REPRESENTATION(#308,#314);
#308 = PRODUCT_DEFINITION_SHAPE('','',#309);
#309 = PRODUCT_DEFINITION('design','',#310,#313);
#310 = PRODUCT_DEFINITION_FORMATION_WITH_SPECIFIED_SOURCE('','',#311,
  .NOT_KNOWN.);
#311 = PRODUCT('Assembly','Assembly','',(#312));
#312 = MECHANICAL_CONTEXT('',#2,'mechanical');
#313 = DESIGN_CONTEXT('',#2,'design');
#314 = SHAPE_REPRESENTATION('',(#11,#315,#319,#323,#327,#331),#335);
#315 = AXIS2_PLACEMENT_3D('',#316,#317,#318);
#316 = CARTESIAN_POINT('',(0.,0.,0.));
#317 = DIRECTION('',(0.,0.,1.));
#318 = DIRECTION('',(1.,0.,0.));
#319 = AXIS2_PLACEMENT_3D('',#320,#321,#322);
#320 = CARTESIAN_POINT('',(1.49E-14,105.,1.16E-14));
#321 = DIRECTION('',(0.,0.,1.));
#322 = DIRECTION('',(1.,0.,0.));
#323 = AXIS2_PLACEMENT_3D('',#324,#325,#326);
#324 = CARTESIAN_POINT('',(-3.33E-14,120.,-6.66E-14));
#325 = DIRECTION('',(0.,0.,1.));
#326 = DIRECTION('',(1.,0.,0.));
#327 = AXIS2_PLACEMENT_3D('',#328,#329,#330);
#328 = CARTESIAN_POINT('',(65.748562749316,5.59E-14,-2.619615774355));
#329 = DIRECTION('',(0.478092660293,-6.172491156393E-17,0.878309403442)
  );
#330 = DIRECTION('',(3.330669073875E-16,1.,-1.110223024625E-16));
#331 = AXIS2_PLACEMENT_3D('',#332,#333,#334);
#332 = CARTESIAN_POINT('',(-65.74856274931,90.,-2.619615774355));
#333 = DIRECTION('',(-0.478092660293,-3.255597434226E-16,0.878309403442)
  );
#334 = DIRECTION('',(2.22044604925E-16,-1.,-2.498001805407E-16));
#335 = ( GEOMETRIC_REPRESENTATION_CONTEXT(3) 
GLOBAL_UNCERTAINTY_ASSIGNED_CONTEXT((#339)) GLOBAL_UNIT_ASSIGNED_CONTEXT
((#336,#337,#338)) REPRESENTATION_CONTEXT('Context #1',
  '3D Context with UNIT and UNCERTAINTY') );
#336 = ( LENGTH_UNIT() NAMED_UNIT(*) SI_UNIT(.MILLI.,.METRE.) );
#337 = ( NAMED_UNIT(*) PLANE_ANGLE_UNIT() SI_UNIT($,.RADIAN.) );
#338 = ( NAMED_UNIT(*) SI_UNIT($,.STERADIAN.) SOLID_ANGLE_UNIT() );
#339 = UNCERTAINTY_MEASURE_WITH_UNIT(LENGTH_MEASURE(1.E-07),#336,
  'distance_accuracy_value','confusion accuracy');
#340 = CONTEXT_DEPENDENT_SHAPE_REPRESENTATION(#341,#343);
#341 = ( REPRESENTATION_RELATIONSHIP('','',#314,#70) 
REPRESENTATION_RELATIONSHIP_WITH_TRANSFORMATION(#342) 
SHAPE_REPRESENTATION_RELATIONSHIP() );
#342 = ITEM_DEFINED_TRANSFORMATION('','',#11,#75);
#343 = PRODUCT_DEFINITION_SHAPE('Placement','Placement of an item',#344
  );
#344 = NEXT_ASSEMBLY_USAGE_OCCURRENCE('7','Assembly','',#65,#309,$);
#345 = CC_DESIGN_SECURITY_CLASSIFICATION(#346,(#344));
#346 = SECURITY_CLASSIFICATION('','',#47);
#347 = CC_DESIGN_PERSON_AND_ORGANIZATION_ASSIGNMENT(#36,#45,(#346));
#348 = CC_DESIGN_DATE_AND_TIME_ASSIGNMENT(#50,#56,(#346));
#349 = CC_DESIGN_APPROVAL(#58,(#346));
#350 = PRODUCT_RELATED_PRODUCT_CATEGORY('detail',$,(#311));
#351 = PRODUCT_CATEGORY_RELATIONSHIP('','',#352,#350);
#352 = PRODUCT_CATEGORY('part',$);
#353 = CC_DESIGN_PERSON_AND_ORGANIZATION_ASSIGNMENT(#36,#39,(#310,#309)
  );
#354 = CC_DESIGN_PERSON_AND_ORGANIZATION_ASSIGNMENT(#36,#41,(#311));
#355 = CC_DESIGN_PERSON_AND_ORGANIZATION_ASSIGNMENT(#36,#43,(#310));
#356 = CC_DESIGN_PERSON_AND_ORGANIZATION_ASSIGNMENT(#36,#45,(#357));
#357 = SECURITY_CLASSIFICATION('','',#47);
#358 = CC_DESIGN_SECURITY_CLASSIFICATION(#357,(#310));
#359 = CC_DESIGN_DATE_AND_TIME_ASSIGNMENT(#50,#54,(#309));
#360 = CC_DESIGN_DATE_AND_TIME_ASSIGNMENT(#50,#56,(#357));
#361 = CC_DESIGN_APPROVAL(#58,(#310,#309,#357));
#362 = SHAPE_DEFINITION_REPRESENTATION(#363,#369);
#363 = PRODUCT_DEFINITION_SHAPE('','',#364);
#364 = PRODUCT_DEFINITION('design','',#365,#368);
#365 = PRODUCT_DEFINITION_FORMATION_WITH_SPECIFIED_SOURCE('','',#366,
  .NOT_KNOWN.);
#366 = PRODUCT('Body','Body','',(#367));
#367 = MECHANICAL_CONTEXT('',#2,'mechanical');
#368 = DESIGN_CONTEXT('',#2,'design');
#369 = ADVANCED_BREP_SHAPE_REPRESENTATION('',(#11,#370),#561);
#370 = MANIFOLD_SOLID_BREP('',#371);
#371 = CLOSED_SHELL('',(#372,#412,#445,#476,#498,#531,#546));
#372 = ADVANCED_FACE('',(#373),#407,.F.);
#373 = FACE_BOUND('',#374,.F.);
#374 = EDGE_LOOP('',(#375,#385,#393,#401));
#375 = ORIENTED_EDGE('',*,*,#376,.T.);
#376 = EDGE_CURVE('',#377,#379,#381,.T.);
#377 = VERTEX_POINT('',#378);
#378 = CARTESIAN_POINT('',(-220.,4.3E-14,195.));
#379 = VERTEX_POINT('',#380);
#380 = CARTESIAN_POINT('',(-220.,-15.,195.));
#381 = LINE('',#382,#383);
#382 = CARTESIAN_POINT('',(-220.,4.33E-14,195.));
#383 = VECTOR('',#384,1.);
#384 = DIRECTION('',(0.,-1.,2.2E-16));
#385 = ORIENTED_EDGE('',*,*,#386,.T.);
#386 = EDGE_CURVE('',#379,#387,#389,.T.);
#387 = VERTEX_POINT('',#388);
#388 = CARTESIAN_POINT('',(-87.83094034415,-15.,-47.8092660293));
#389 = LINE('',#390,#391);
#390 = CARTESIAN_POINT('',(-220.,-15.,195.));
#391 = VECTOR('',#392,1.);
#392 = DIRECTION('',(0.478092660293,0.,-0.878309403442));
#393 = ORIENTED_EDGE('',*,*,#394,.F.);
#394 = EDGE_CURVE('',#395,#387,#397,.T.);
#395 = VERTEX_POINT('',#396);
#396 = CARTESIAN_POINT('',(-87.83094034415,-1.1E-14,-47.8092660293));
#397 = LINE('',#398,#399);
#398 = CARTESIAN_POINT('',(-87.83094034415,-1.062E-14,-47.8092660293));
#399 = VECTOR('',#400,1.);
#400 = DIRECTION('',(0.,-1.,2.2E-16));
#401 = ORIENTED_EDGE('',*,*,#402,.F.);
#402 = EDGE_CURVE('',#377,#395,#403,.T.);
#403 = LINE('',#404,#405);
#404 = CARTESIAN_POINT('',(-220.,0.,195.));
#405 = VECTOR('',#406,1.);
#406 = DIRECTION('',(0.478092660293,0.,-0.878309403442));
#407 = PLANE('',#408);
#408 = AXIS2_PLACEMENT_3D('',#409,#410,#411);
#409 = CARTESIAN_POINT('',(-220.,4.33E-14,195.));
#410 = DIRECTION('',(0.878309403442,1.1E-16,0.478092660293));
#411 = DIRECTION('',(0.478092660293,-2.E-16,-0.878309403442));
#412 = ADVANCED_FACE('',(#413),#440,.T.);
#413 = FACE_BOUND('',#414,.F.);
#414 = EDGE_LOOP('',(#415,#416,#425,#433));
#415 = ORIENTED_EDGE('',*,*,#394,.T.);
#416 = ORIENTED_EDGE('',*,*,#417,.T.);
#417 = EDGE_CURVE('',#387,#418,#420,.T.);
#418 = VERTEX_POINT('',#419);
#419 = CARTESIAN_POINT('',(87.830940344158,-15.,-47.8092660293));
#420 = CIRCLE('',#421,100.);
#421 = AXIS2_PLACEMENT_3D('',#422,#423,#424);
#422 = CARTESIAN_POINT('',(0.,-15.,3.E-15));
#423 = DIRECTION('',(0.,-1.,0.));
#424 = DIRECTION('',(1.,0.,0.));
#425 = ORIENTED_EDGE('',*,*,#426,.F.);
#426 = EDGE_CURVE('',#427,#418,#429,.T.);
#427 = VERTEX_POINT('',#428);
#428 = CARTESIAN_POINT('',(87.830940344158,-1.1E-14,-47.8092660293));
#429 = LINE('',#430,#431);
#430 = CARTESIAN_POINT('',(87.830940344158,-1.062E-14,-47.8092660293));
#431 = VECTOR('',#432,1.);
#432 = DIRECTION('',(0.,-1.,2.2E-16));
#433 = ORIENTED_EDGE('',*,*,#434,.F.);
#434 = EDGE_CURVE('',#395,#427,#435,.T.);
#435 = CIRCLE('',#436,100.);
#436 = AXIS2_PLACEMENT_3D('',#437,#438,#439);
#437 = CARTESIAN_POINT('',(0.,0.,0.));
#438 = DIRECTION('',(0.,-1.,0.));
#439 = DIRECTION('',(1.,0.,0.));
#440 = CYLINDRICAL_SURFACE('',#441,100.);
#441 = AXIS2_PLACEMENT_3D('',#442,#443,#444);
#442 = CARTESIAN_POINT('',(0.,0.,0.));
#443 = DIRECTION('',(0.,1.,-2.2E-16));
#444 = DIRECTION('',(1.,0.,0.));
#445 = ADVANCED_FACE('',(#446),#471,.T.);
#446 = FACE_BOUND('',#447,.T.);
#447 = EDGE_LOOP('',(#448,#458,#464,#465));
#448 = ORIENTED_EDGE('',*,*,#449,.T.);
#449 = EDGE_CURVE('',#450,#452,#454,.T.);
#450 = VERTEX_POINT('',#451);
#451 = CARTESIAN_POINT('',(220.,4.3E-14,195.));
#452 = VERTEX_POINT('',#453);
#453 = CARTESIAN_POINT('',(220.,-15.,195.));
#454 = LINE('',#455,#456);
#455 = CARTESIAN_POINT('',(220.,4.33E-14,195.));
#456 = VECTOR('',#457,1.);
#457 = DIRECTION('',(0.,-1.,2.2E-16));
#458 = ORIENTED_EDGE('',*,*,#459,.T.);
#459 = EDGE_CURVE('',#452,#418,#460,.T.);
#460 = LINE('',#461,#462);
#461 = CARTESIAN_POINT('',(220.,-15.,195.));
#462 = VECTOR('',#463,1.);
#463 = DIRECTION('',(-0.478092660293,-0.,-0.878309403442));
#464 = ORIENTED_EDGE('',*,*,#426,.F.);
#465 = ORIENTED_EDGE('',*,*,#466,.F.);
#466 = EDGE_CURVE('',#450,#427,#467,.T.);
#467 = LINE('',#468,#469);
#468 = CARTESIAN_POINT('',(220.,0.,195.));
#469 = VECTOR('',#470,1.);
#470 = DIRECTION('',(-0.478092660293,-0.,-0.878309403442));
#471 = PLANE('',#472);
#472 = AXIS2_PLACEMENT_3D('',#473,#474,#475);
#473 = CARTESIAN_POINT('',(220.,4.33E-14,195.));
#474 = DIRECTION('',(0.878309403442,-1.1E-16,-0.478092660293));
#475 = DIRECTION('',(-0.478092660293,-2.E-16,-0.878309403442));
#476 = ADVANCED_FACE('',(#477),#493,.T.);
#477 = FACE_BOUND('',#478,.T.);
#478 = EDGE_LOOP('',(#479,#480,#486,#487));
#479 = ORIENTED_EDGE('',*,*,#376,.T.);
#480 = ORIENTED_EDGE('',*,*,#481,.T.);
#481 = EDGE_CURVE('',#379,#452,#482,.T.);
#482 = LINE('',#483,#484);
#483 = CARTESIAN_POINT('',(-220.,-15.,195.));
#484 = VECTOR('',#485,1.);
#485 = DIRECTION('',(1.,0.,0.));
#486 = ORIENTED_EDGE('',*,*,#449,.F.);
#487 = ORIENTED_EDGE('',*,*,#488,.F.);
#488 = EDGE_CURVE('',#377,#450,#489,.T.);
#489 = LINE('',#490,#491);
#490 = CARTESIAN_POINT('',(-220.,0.,195.));
#491 = VECTOR('',#492,1.);
#492 = DIRECTION('',(1.,0.,0.));
#493 = PLANE('',#494);
#494 = AXIS2_PLACEMENT_3D('',#495,#496,#497);
#495 = CARTESIAN_POINT('',(-220.,4.33E-14,195.));
#496 = DIRECTION('',(0.,2.2E-16,1.));
#497 = DIRECTION('',(1.,0.,-0.));
#498 = ADVANCED_FACE('',(#499),#526,.F.);
#499 = FACE_BOUND('',#500,.T.);
#500 = EDGE_LOOP('',(#501,#511,#518,#519));
#501 = ORIENTED_EDGE('',*,*,#502,.T.);
#502 = EDGE_CURVE('',#503,#505,#507,.T.);
#503 = VERTEX_POINT('',#504);
#504 = CARTESIAN_POINT('',(65.,0.,0.));
#505 = VERTEX_POINT('',#506);
#506 = CARTESIAN_POINT('',(65.,-15.,3.E-15));
#507 = LINE('',#508,#509);
#508 = CARTESIAN_POINT('',(65.,0.,0.));
#509 = VECTOR('',#510,1.);
#510 = DIRECTION('',(0.,-1.,2.2E-16));
#511 = ORIENTED_EDGE('',*,*,#512,.T.);
#512 = EDGE_CURVE('',#505,#505,#513,.T.);
#513 = CIRCLE('',#514,65.);
#514 = AXIS2_PLACEMENT_3D('',#515,#516,#517);
#515 = CARTESIAN_POINT('',(0.,-15.,3.E-15));
#516 = DIRECTION('',(0.,-1.,0.));
#517 = DIRECTION('',(1.,0.,0.));
#518 = ORIENTED_EDGE('',*,*,#502,.F.);
#519 = ORIENTED_EDGE('',*,*,#520,.F.);
#520 = EDGE_CURVE('',#503,#503,#521,.T.);
#521 = CIRCLE('',#522,65.);
#522 = AXIS2_PLACEMENT_3D('',#523,#524,#525);
#523 = CARTESIAN_POINT('',(0.,0.,0.));
#524 = DIRECTION('',(0.,-1.,0.));
#525 = DIRECTION('',(1.,0.,0.));
#526 = CYLINDRICAL_SURFACE('',#527,65.);
#527 = AXIS2_PLACEMENT_3D('',#528,#529,#530);
#528 = CARTESIAN_POINT('',(0.,0.,0.));
#529 = DIRECTION('',(0.,1.,-2.2E-16));
#530 = DIRECTION('',(1.,0.,0.));
#531 = ADVANCED_FACE('',(#532,#538),#541,.T.);
#532 = FACE_BOUND('',#533,.F.);
#533 = EDGE_LOOP('',(#534,#535,#536,#537));
#534 = ORIENTED_EDGE('',*,*,#402,.T.);
#535 = ORIENTED_EDGE('',*,*,#434,.T.);
#536 = ORIENTED_EDGE('',*,*,#466,.F.);
#537 = ORIENTED_EDGE('',*,*,#488,.F.);
#538 = FACE_BOUND('',#539,.T.);
#539 = EDGE_LOOP('',(#540));
#540 = ORIENTED_EDGE('',*,*,#520,.T.);
#541 = PLANE('',#542);
#542 = AXIS2_PLACEMENT_3D('',#543,#544,#545);
#543 = CARTESIAN_POINT('',(0.,1.586E-14,71.424584616731));
#544 = DIRECTION('',(0.,1.,0.));
#545 = DIRECTION('',(0.,0.,1.));
#546 = ADVANCED_FACE('',(#547,#553),#556,.F.);
#547 = FACE_BOUND('',#548,.T.);
#548 = EDGE_LOOP('',(#549,#550,#551,#552));
#549 = ORIENTED_EDGE('',*,*,#386,.T.);
#550 = ORIENTED_EDGE('',*,*,#417,.T.);
#551 = ORIENTED_EDGE('',*,*,#459,.F.);
#552 = ORIENTED_EDGE('',*,*,#481,.F.);
#553 = FACE_BOUND('',#554,.F.);
#554 = EDGE_LOOP('',(#555));
#555 = ORIENTED_EDGE('',*,*,#512,.T.);
#556 = PLANE('',#557);
#557 = AXIS2_PLACEMENT_3D('',#558,#559,#560);
#558 = CARTESIAN_POINT('',(0.,-15.,71.424584616731));
#559 = DIRECTION('',(0.,1.,0.));
#560 = DIRECTION('',(0.,0.,1.));
#561 = ( GEOMETRIC_REPRESENTATION_CONTEXT(3) 
GLOBAL_UNCERTAINTY_ASSIGNED_CONTEXT((#565)) GLOBAL_UNIT_ASSIGNED_CONTEXT
((#562,#563,#564)) REPRESENTATION_CONTEXT('Context #1',
  '3D Context with UNIT and UNCERTAINTY') );
#562 = ( LENGTH_UNIT() NAMED_UNIT(*) SI_UNIT(.MILLI.,.METRE.) );
#563 = ( NAMED_UNIT(*) PLANE_ANGLE_UNIT() SI_UNIT($,.RADIAN.) );
#564 = ( NAMED_UNIT(*) SI_UNIT($,.STERADIAN.) SOLID_ANGLE_UNIT() );
#565 = UNCERTAINTY_MEASURE_WITH_UNIT(LENGTH_MEASURE(1.E-07),#562,
  'distance_accuracy_value','confusion accuracy');
#566 = CONTEXT_DEPENDENT_SHAPE_REPRESENTATION(#567,#569);
#567 = ( REPRESENTATION_RELATIONSHIP('','',#369,#314) 
REPRESENTATION_RELATIONSHIP_WITH_TRANSFORMATION(#568) 
SHAPE_REPRESENTATION_RELATIONSHIP() );
#568 = ITEM_DEFINED_TRANSFORMATION('','',#11,#315);
#569 = PRODUCT_DEFINITION_SHAPE('Placement','Placement of an item',#570
  );
#570 = NEXT_ASSEMBLY_USAGE_OCCURRENCE('2','Body006','',#309,#364,$);
#571 = CC_DESIGN_SECURITY_CLASSIFICATION(#572,(#570));
#572 = SECURITY_CLASSIFICATION('','',#47);
#573 = CC_DESIGN_PERSON_AND_ORGANIZATION_ASSIGNMENT(#36,#45,(#572));
#574 = CC_DESIGN_DATE_AND_TIME_ASSIGNMENT(#50,#56,(#572));
#575 = CC_DESIGN_APPROVAL(#58,(#572));
#576 = PRODUCT_RELATED_PRODUCT_CATEGORY('detail',$,(#366));
#577 = PRODUCT_CATEGORY_RELATIONSHIP('','',#578,#576);
#578 = PRODUCT_CATEGORY('part',$);
#579 = CC_DESIGN_PERSON_AND_ORGANIZATION_ASSIGNMENT(#36,#39,(#365,#364)
  );
#580 = CC_DESIGN_PERSON_AND_ORGANIZATION_ASSIGNMENT(#36,#41,(#366));
#581 = CC_DESIGN_PERSON_AND_ORGANIZATION_ASSIGNMENT(#36,#43,(#365));
#582 = CC_DESIGN_PERSON_AND_ORGANIZATION_ASSIGNMENT(#36,#45,(#583));
#583 = SECURITY_CLASSIFICATION('','',#47);
#584 = CC_DESIGN_SECURITY_CLASSIFICATION(#583,(#365));
#585 = CC_DESIGN_DATE_AND_TIME_ASSIGNMENT(#50,#54,(#364));
#586 = CC_DESIGN_DATE_AND_TIME_ASSIGNMENT(#50,#56,(#583));
#587 = CC_DESIGN_APPROVAL(#58,(#365,#364,#583));
#588 = CONTEXT_DEPENDENT_SHAPE_REPRESENTATION(#589,#591);
#589 = ( REPRESENTATION_RELATIONSHIP('','',#369,#314) 
REPRESENTATION_RELATIONSHIP_WITH_TRANSFORMATION(#590) 
SHAPE_REPRESENTATION_RELATIONSHIP() );
#590 = ITEM_DEFINED_TRANSFORMATION('','',#11,#319);
#591 = PRODUCT_DEFINITION_SHAPE('Placement','Placement of an item',#592
  );
#592 = NEXT_ASSEMBLY_USAGE_OCCURRENCE('3','Body002','',#309,#364,$);
#593 = SHAPE_DEFINITION_REPRESENTATION(#594,#600);
#594 = PRODUCT_DEFINITION_SHAPE('','',#595);
#595 = PRODUCT_DEFINITION('design','',#596,#599);
#596 = PRODUCT_DEFINITION_FORMATION_WITH_SPECIFIED_SOURCE('','',#597,
  .NOT_KNOWN.);
#597 = PRODUCT('Body','Body','',(#598));
#598 = MECHANICAL_CONTEXT('',#2,'mechanical');
#599 = DESIGN_CONTEXT('',#2,'design');
#600 = ADVANCED_BREP_SHAPE_REPRESENTATION('',(#11,#601),#693);
#601 = MANIFOLD_SOLID_BREP('',#602);
#602 = CLOSED_SHELL('',(#603,#636,#669,#681));
#603 = ADVANCED_FACE('',(#604),#631,.T.);
#604 = FACE_BOUND('',#605,.F.);
#605 = EDGE_LOOP('',(#606,#616,#623,#624));
#606 = ORIENTED_EDGE('',*,*,#607,.T.);
#607 = EDGE_CURVE('',#608,#610,#612,.T.);
#608 = VERTEX_POINT('',#609);
#609 = CARTESIAN_POINT('',(65.,0.,0.));
#610 = VERTEX_POINT('',#611);
#611 = CARTESIAN_POINT('',(65.,-150.,3.3E-14));
#612 = LINE('',#613,#614);
#613 = CARTESIAN_POINT('',(65.,0.,0.));
#614 = VECTOR('',#615,1.);
#615 = DIRECTION('',(0.,-1.,2.2E-16));
#616 = ORIENTED_EDGE('',*,*,#617,.T.);
#617 = EDGE_CURVE('',#610,#610,#618,.T.);
#618 = CIRCLE('',#619,65.);
#619 = AXIS2_PLACEMENT_3D('',#620,#621,#622);
#620 = CARTESIAN_POINT('',(0.,-150.,3.3E-14));
#621 = DIRECTION('',(0.,-1.,0.));
#622 = DIRECTION('',(1.,0.,0.));
#623 = ORIENTED_EDGE('',*,*,#607,.F.);
#624 = ORIENTED_EDGE('',*,*,#625,.F.);
#625 = EDGE_CURVE('',#608,#608,#626,.T.);
#626 = CIRCLE('',#627,65.);
#627 = AXIS2_PLACEMENT_3D('',#628,#629,#630);
#628 = CARTESIAN_POINT('',(0.,0.,0.));
#629 = DIRECTION('',(0.,-1.,0.));
#630 = DIRECTION('',(1.,0.,0.));
#631 = CYLINDRICAL_SURFACE('',#632,65.);
#632 = AXIS2_PLACEMENT_3D('',#633,#634,#635);
#633 = CARTESIAN_POINT('',(0.,0.,0.));
#634 = DIRECTION('',(0.,1.,-2.2E-16));
#635 = DIRECTION('',(1.,0.,0.));
#636 = ADVANCED_FACE('',(#637),#664,.F.);
#637 = FACE_BOUND('',#638,.T.);
#638 = EDGE_LOOP('',(#639,#649,#656,#657));
#639 = ORIENTED_EDGE('',*,*,#640,.T.);
#640 = EDGE_CURVE('',#641,#643,#645,.T.);
#641 = VERTEX_POINT('',#642);
#642 = CARTESIAN_POINT('',(50.,0.,0.));
#643 = VERTEX_POINT('',#644);
#644 = CARTESIAN_POINT('',(50.,-150.,3.3E-14));
#645 = LINE('',#646,#647);
#646 = CARTESIAN_POINT('',(50.,0.,0.));
#647 = VECTOR('',#648,1.);
#648 = DIRECTION('',(0.,-1.,2.2E-16));
#649 = ORIENTED_EDGE('',*,*,#650,.T.);
#650 = EDGE_CURVE('',#643,#643,#651,.T.);
#651 = CIRCLE('',#652,50.);
#652 = AXIS2_PLACEMENT_3D('',#653,#654,#655);
#653 = CARTESIAN_POINT('',(0.,-150.,3.3E-14));
#654 = DIRECTION('',(0.,-1.,0.));
#655 = DIRECTION('',(1.,0.,0.));
#656 = ORIENTED_EDGE('',*,*,#640,.F.);
#657 = ORIENTED_EDGE('',*,*,#658,.F.);
#658 = EDGE_CURVE('',#641,#641,#659,.T.);
#659 = CIRCLE('',#660,50.);
#660 = AXIS2_PLACEMENT_3D('',#661,#662,#663);
#661 = CARTESIAN_POINT('',(0.,0.,0.));
#662 = DIRECTION('',(0.,-1.,0.));
#663 = DIRECTION('',(1.,0.,0.));
#664 = CYLINDRICAL_SURFACE('',#665,50.);
#665 = AXIS2_PLACEMENT_3D('',#666,#667,#668);
#666 = CARTESIAN_POINT('',(0.,0.,0.));
#667 = DIRECTION('',(0.,1.,-2.2E-16));
#668 = DIRECTION('',(1.,0.,0.));
#669 = ADVANCED_FACE('',(#670,#673),#676,.T.);
#670 = FACE_BOUND('',#671,.F.);
#671 = EDGE_LOOP('',(#672));
#672 = ORIENTED_EDGE('',*,*,#625,.T.);
#673 = FACE_BOUND('',#674,.T.);
#674 = EDGE_LOOP('',(#675));
#675 = ORIENTED_EDGE('',*,*,#658,.T.);
#676 = PLANE('',#677);
#677 = AXIS2_PLACEMENT_3D('',#678,#679,#680);
#678 = CARTESIAN_POINT('',(-5.33E-15,-0.,-3.02E-15));
#679 = DIRECTION('',(0.,1.,0.));
#680 = DIRECTION('',(0.,0.,1.));
#681 = ADVANCED_FACE('',(#682,#685),#688,.F.);
#682 = FACE_BOUND('',#683,.T.);
#683 = EDGE_LOOP('',(#684));
#684 = ORIENTED_EDGE('',*,*,#617,.T.);
#685 = FACE_BOUND('',#686,.F.);
#686 = EDGE_LOOP('',(#687));
#687 = ORIENTED_EDGE('',*,*,#650,.T.);
#688 = PLANE('',#689);
#689 = AXIS2_PLACEMENT_3D('',#690,#691,#692);
#690 = CARTESIAN_POINT('',(-5.33E-15,-150.,2.998E-14));
#691 = DIRECTION('',(0.,1.,0.));
#692 = DIRECTION('',(0.,0.,1.));
#693 = ( GEOMETRIC_REPRESENTATION_CONTEXT(3) 
GLOBAL_UNCERTAINTY_ASSIGNED_CONTEXT((#697)) GLOBAL_UNIT_ASSIGNED_CONTEXT
((#694,#695,#696)) REPRESENTATION_CONTEXT('Context #1',
  '3D Context with UNIT and UNCERTAINTY') );
#694 = ( LENGTH_UNIT() NAMED_UNIT(*) SI_UNIT(.MILLI.,.METRE.) );
#695 = ( NAMED_UNIT(*) PLANE_ANGLE_UNIT() SI_UNIT($,.RADIAN.) );
#696 = ( NAMED_UNIT(*) SI_UNIT($,.STERADIAN.) SOLID_ANGLE_UNIT() );
#697 = UNCERTAINTY_MEASURE_WITH_UNIT(LENGTH_MEASURE(1.E-07),#694,
  'distance_accuracy_value','confusion accuracy');
#698 = CONTEXT_DEPENDENT_SHAPE_REPRESENTATION(#699,#701);
#699 = ( REPRESENTATION_RELATIONSHIP('','',#600,#314) 
REPRESENTATION_RELATIONSHIP_WITH_TRANSFORMATION(#700) 
SHAPE_REPRESENTATION_RELATIONSHIP() );
#700 = ITEM_DEFINED_TRANSFORMATION('','',#11,#323);
#701 = PRODUCT_DEFINITION_SHAPE('Placement','Placement of an item',#702
  );
#702 = NEXT_ASSEMBLY_USAGE_OCCURRENCE('4','Body003','',#309,#595,$);
#703 = CC_DESIGN_SECURITY_CLASSIFICATION(#704,(#702));
#704 = SECURITY_CLASSIFICATION('','',#47);
#705 = CC_DESIGN_PERSON_AND_ORGANIZATION_ASSIGNMENT(#36,#45,(#704));
#706 = CC_DESIGN_DATE_AND_TIME_ASSIGNMENT(#50,#56,(#704));
#707 = CC_DESIGN_APPROVAL(#58,(#704));
#708 = PRODUCT_RELATED_PRODUCT_CATEGORY('detail',$,(#597));
#709 = PRODUCT_CATEGORY_RELATIONSHIP('','',#710,#708);
#710 = PRODUCT_CATEGORY('part',$);
#711 = CC_DESIGN_PERSON_AND_ORGANIZATION_ASSIGNMENT(#36,#39,(#596,#595)
  );
#712 = CC_DESIGN_PERSON_AND_ORGANIZATION_ASSIGNMENT(#36,#41,(#597));
#713 = CC_DESIGN_PERSON_AND_ORGANIZATION_ASSIGNMENT(#36,#43,(#596));
#714 = CC_DESIGN_PERSON_AND_ORGANIZATION_ASSIGNMENT(#36,#45,(#715));
#715 = SECURITY_CLASSIFICATION('','',#47);
#716 = CC_DESIGN_SECURITY_CLASSIFICATION(#715,(#596));
#717 = CC_DESIGN_DATE_AND_TIME_ASSIGNMENT(#50,#54,(#595));
#718 = CC_DESIGN_DATE_AND_TIME_ASSIGNMENT(#50,#56,(#715));
#719 = CC_DESIGN_APPROVAL(#58,(#596,#595,#715));
#720 = SHAPE_DEFINITION_REPRESENTATION(#721,#727);
#721 = PRODUCT_DEFINITION_SHAPE('','',#722);
#722 = PRODUCT_DEFINITION('design','',#723,#726);
#723 = PRODUCT_DEFINITION_FORMATION_WITH_SPECIFIED_SOURCE('','',#724,
  .NOT_KNOWN.);
#724 = PRODUCT('Body','Body','',(#725));
#725 = MECHANICAL_CONTEXT('',#2,'mechanical');
#726 = DESIGN_CONTEXT('',#2,'design');
#727 = ADVANCED_BREP_SHAPE_REPRESENTATION('',(#11,#728),#878);
#728 = MANIFOLD_SOLID_BREP('',#729);
#729 = CLOSED_SHELL('',(#730,#770,#801,#832,#854,#866));
#730 = ADVANCED_FACE('',(#731),#765,.F.);
#731 = FACE_BOUND('',#732,.F.);
#732 = EDGE_LOOP('',(#733,#743,#751,#759));
#733 = ORIENTED_EDGE('',*,*,#734,.T.);
#734 = EDGE_CURVE('',#735,#737,#739,.T.);
#735 = VERTEX_POINT('',#736);
#736 = CARTESIAN_POINT('',(0.,0.,0.));
#737 = VERTEX_POINT('',#738);
#738 = CARTESIAN_POINT('',(0.,-15.,3.E-15));
#739 = LINE('',#740,#741);
#740 = CARTESIAN_POINT('',(0.,0.,0.));
#741 = VECTOR('',#742,1.);
#742 = DIRECTION('',(0.,-1.,2.2E-16));
#743 = ORIENTED_EDGE('',*,*,#744,.T.);
#744 = EDGE_CURVE('',#737,#745,#747,.T.);
#745 = VERTEX_POINT('',#746);
#746 = CARTESIAN_POINT('',(90.,-15.,3.E-15));
#747 = LINE('',#748,#749);
#748 = CARTESIAN_POINT('',(0.,-15.,3.E-15));
#749 = VECTOR('',#750,1.);
#750 = DIRECTION('',(1.,0.,0.));
#751 = ORIENTED_EDGE('',*,*,#752,.F.);
#752 = EDGE_CURVE('',#753,#745,#755,.T.);
#753 = VERTEX_POINT('',#754);
#754 = CARTESIAN_POINT('',(90.,0.,0.));
#755 = LINE('',#756,#757);
#756 = CARTESIAN_POINT('',(90.,0.,0.));
#757 = VECTOR('',#758,1.);
#758 = DIRECTION('',(0.,-1.,2.2E-16));
#759 = ORIENTED_EDGE('',*,*,#760,.F.);
#760 = EDGE_CURVE('',#735,#753,#761,.T.);
#761 = LINE('',#762,#763);
#762 = CARTESIAN_POINT('',(0.,0.,0.));
#763 = VECTOR('',#764,1.);
#764 = DIRECTION('',(1.,0.,0.));
#765 = PLANE('',#766);
#766 = AXIS2_PLACEMENT_3D('',#767,#768,#769);
#767 = CARTESIAN_POINT('',(0.,0.,0.));
#768 = DIRECTION('',(0.,2.2E-16,1.));
#769 = DIRECTION('',(1.,0.,-0.));
#770 = ADVANCED_FACE('',(#771),#796,.F.);
#771 = FACE_BOUND('',#772,.F.);
#772 = EDGE_LOOP('',(#773,#774,#782,#790));
#773 = ORIENTED_EDGE('',*,*,#752,.T.);
#774 = ORIENTED_EDGE('',*,*,#775,.T.);
#775 = EDGE_CURVE('',#745,#776,#778,.T.);
#776 = VERTEX_POINT('',#777);
#777 = CARTESIAN_POINT('',(90.,-15.,225.));
#778 = LINE('',#779,#780);
#779 = CARTESIAN_POINT('',(90.,-15.,3.E-15));
#780 = VECTOR('',#781,1.);
#781 = DIRECTION('',(0.,0.,1.));
#782 = ORIENTED_EDGE('',*,*,#783,.F.);
#783 = EDGE_CURVE('',#784,#776,#786,.T.);
#784 = VERTEX_POINT('',#785);
#785 = CARTESIAN_POINT('',(90.,5.E-14,225.));
#786 = LINE('',#787,#788);
#787 = CARTESIAN_POINT('',(90.,4.996E-14,225.));
#788 = VECTOR('',#789,1.);
#789 = DIRECTION('',(0.,-1.,2.2E-16));
#790 = ORIENTED_EDGE('',*,*,#791,.F.);
#791 = EDGE_CURVE('',#753,#784,#792,.T.);
#792 = LINE('',#793,#794);
#793 = CARTESIAN_POINT('',(90.,0.,0.));
#794 = VECTOR('',#795,1.);
#795 = DIRECTION('',(0.,0.,1.));
#796 = PLANE('',#797);
#797 = AXIS2_PLACEMENT_3D('',#798,#799,#800);
#798 = CARTESIAN_POINT('',(90.,0.,0.));
#799 = DIRECTION('',(-1.,0.,0.));
#800 = DIRECTION('',(0.,2.2E-16,1.));
#801 = ADVANCED_FACE('',(#802),#827,.F.);
#802 = FACE_BOUND('',#803,.F.);
#803 = EDGE_LOOP('',(#804,#805,#813,#821));
#804 = ORIENTED_EDGE('',*,*,#783,.T.);
#805 = ORIENTED_EDGE('',*,*,#806,.T.);
#806 = EDGE_CURVE('',#776,#807,#809,.T.);
#807 = VERTEX_POINT('',#808);
#808 = CARTESIAN_POINT('',(0.,-15.,225.));
#809 = LINE('',#810,#811);
#810 = CARTESIAN_POINT('',(90.,-15.,225.));
#811 = VECTOR('',#812,1.);
#812 = DIRECTION('',(-1.,0.,0.));
#813 = ORIENTED_EDGE('',*,*,#814,.F.);
#814 = EDGE_CURVE('',#815,#807,#817,.T.);
#815 = VERTEX_POINT('',#816);
#816 = CARTESIAN_POINT('',(0.,5.E-14,225.));
#817 = LINE('',#818,#819);
#818 = CARTESIAN_POINT('',(0.,4.996E-14,225.));
#819 = VECTOR('',#820,1.);
#820 = DIRECTION('',(0.,-1.,2.2E-16));
#821 = ORIENTED_EDGE('',*,*,#822,.F.);
#822 = EDGE_CURVE('',#784,#815,#823,.T.);
#823 = LINE('',#824,#825);
#824 = CARTESIAN_POINT('',(90.,0.,225.));
#825 = VECTOR('',#826,1.);
#826 = DIRECTION('',(-1.,0.,0.));
#827 = PLANE('',#828);
#828 = AXIS2_PLACEMENT_3D('',#829,#830,#831);
#829 = CARTESIAN_POINT('',(90.,4.996E-14,225.));
#830 = DIRECTION('',(-0.,-2.2E-16,-1.));
#831 = DIRECTION('',(-1.,0.,0.));
#832 = ADVANCED_FACE('',(#833),#849,.F.);
#833 = FACE_BOUND('',#834,.F.);
#834 = EDGE_LOOP('',(#835,#836,#842,#843));
#835 = ORIENTED_EDGE('',*,*,#814,.T.);
#836 = ORIENTED_EDGE('',*,*,#837,.T.);
#837 = EDGE_CURVE('',#807,#737,#838,.T.);
#838 = LINE('',#839,#840);
#839 = CARTESIAN_POINT('',(0.,-15.,225.));
#840 = VECTOR('',#841,1.);
#841 = DIRECTION('',(0.,0.,-1.));
#842 = ORIENTED_EDGE('',*,*,#734,.F.);
#843 = ORIENTED_EDGE('',*,*,#844,.F.);
#844 = EDGE_CURVE('',#815,#735,#845,.T.);
#845 = LINE('',#846,#847);
#846 = CARTESIAN_POINT('',(0.,0.,225.));
#847 = VECTOR('',#848,1.);
#848 = DIRECTION('',(0.,0.,-1.));
#849 = PLANE('',#850);
#850 = AXIS2_PLACEMENT_3D('',#851,#852,#853);
#851 = CARTESIAN_POINT('',(0.,4.996E-14,225.));
#852 = DIRECTION('',(1.,0.,0.));
#853 = DIRECTION('',(0.,-2.2E-16,-1.));
#854 = ADVANCED_FACE('',(#855),#861,.T.);
#855 = FACE_BOUND('',#856,.F.);
#856 = EDGE_LOOP('',(#857,#858,#859,#860));
#857 = ORIENTED_EDGE('',*,*,#760,.T.);
#858 = ORIENTED_EDGE('',*,*,#791,.T.);
#859 = ORIENTED_EDGE('',*,*,#822,.T.);
#860 = ORIENTED_EDGE('',*,*,#844,.T.);
#861 = PLANE('',#862);
#862 = AXIS2_PLACEMENT_3D('',#863,#864,#865);
#863 = CARTESIAN_POINT('',(45.,2.498E-14,112.5));
#864 = DIRECTION('',(0.,1.,0.));
#865 = DIRECTION('',(0.,0.,1.));
#866 = ADVANCED_FACE('',(#867),#873,.F.);
#867 = FACE_BOUND('',#868,.T.);
#868 = EDGE_LOOP('',(#869,#870,#871,#872));
#869 = ORIENTED_EDGE('',*,*,#744,.T.);
#870 = ORIENTED_EDGE('',*,*,#775,.T.);
#871 = ORIENTED_EDGE('',*,*,#806,.T.);
#872 = ORIENTED_EDGE('',*,*,#837,.T.);
#873 = PLANE('',#874);
#874 = AXIS2_PLACEMENT_3D('',#875,#876,#877);
#875 = CARTESIAN_POINT('',(45.,-15.,112.5));
#876 = DIRECTION('',(0.,1.,0.));
#877 = DIRECTION('',(0.,0.,1.));
#878 = ( GEOMETRIC_REPRESENTATION_CONTEXT(3) 
GLOBAL_UNCERTAINTY_ASSIGNED_CONTEXT((#882)) GLOBAL_UNIT_ASSIGNED_CONTEXT
((#879,#880,#881)) REPRESENTATION_CONTEXT('Context #1',
  '3D Context with UNIT and UNCERTAINTY') );
#879 = ( LENGTH_UNIT() NAMED_UNIT(*) SI_UNIT(.MILLI.,.METRE.) );
#880 = ( NAMED_UNIT(*) PLANE_ANGLE_UNIT() SI_UNIT($,.RADIAN.) );
#881 = ( NAMED_UNIT(*) SI_UNIT($,.STERADIAN.) SOLID_ANGLE_UNIT() );
#882 = UNCERTAINTY_MEASURE_WITH_UNIT(LENGTH_MEASURE(1.E-07),#879,
  'distance_accuracy_value','confusion accuracy');
#883 = CONTEXT_DEPENDENT_SHAPE_REPRESENTATION(#884,#886);
#884 = ( REPRESENTATION_RELATIONSHIP('','',#727,#314) 
REPRESENTATION_RELATIONSHIP_WITH_TRANSFORMATION(#885) 
SHAPE_REPRESENTATION_RELATIONSHIP() );
#885 = ITEM_DEFINED_TRANSFORMATION('','',#11,#327);
#886 = PRODUCT_DEFINITION_SHAPE('Placement','Placement of an item',#887
  );
#887 = NEXT_ASSEMBLY_USAGE_OCCURRENCE('5','Body004','',#309,#722,$);
#888 = CC_DESIGN_SECURITY_CLASSIFICATION(#889,(#887));
#889 = SECURITY_CLASSIFICATION('','',#47);
#890 = CC_DESIGN_PERSON_AND_ORGANIZATION_ASSIGNMENT(#36,#45,(#889));
#891 = CC_DESIGN_DATE_AND_TIME_ASSIGNMENT(#50,#56,(#889));
#892 = CC_DESIGN_APPROVAL(#58,(#889));
#893 = PRODUCT_RELATED_PRODUCT_CATEGORY('detail',$,(#724));
#894 = PRODUCT_CATEGORY_RELATIONSHIP('','',#895,#893);
#895 = PRODUCT_CATEGORY('part',$);
#896 = CC_DESIGN_PERSON_AND_ORGANIZATION_ASSIGNMENT(#36,#39,(#723,#722)
  );
#897 = CC_DESIGN_PERSON_AND_ORGANIZATION_ASSIGNMENT(#36,#41,(#724));
#898 = CC_DESIGN_PERSON_AND_ORGANIZATION_ASSIGNMENT(#36,#43,(#723));
#899 = CC_DESIGN_PERSON_AND_ORGANIZATION_ASSIGNMENT(#36,#45,(#900));
#900 = SECURITY_CLASSIFICATION('','',#47);
#901 = CC_DESIGN_SECURITY_CLASSIFICATION(#900,(#723));
#902 = CC_DESIGN_DATE_AND_TIME_ASSIGNMENT(#50,#54,(#722));
#903 = CC_DESIGN_DATE_AND_TIME_ASSIGNMENT(#50,#56,(#900));
#904 = CC_DESIGN_APPROVAL(#58,(#723,#722,#900));
#905 = CONTEXT_DEPENDENT_SHAPE_REPRESENTATION(#906,#908);
#906 = ( REPRESENTATION_RELATIONSHIP('','',#727,#314) 
REPRESENTATION_RELATIONSHIP_WITH_TRANSFORMATION(#907) 
SHAPE_REPRESENTATION_RELATIONSHIP() );
#907 = ITEM_DEFINED_TRANSFORMATION('','',#11,#331);
#908 = PRODUCT_DEFINITION_SHAPE('Placement','Placement of an item',#909
  );
#909 = NEXT_ASSEMBLY_USAGE_OCCURRENCE('6','Body005','',#309,#722,$);
#910 = SHAPE_DEFINITION_REPRESENTATION(#911,#917);
#911 = PRODUCT_DEFINITION_SHAPE('','',#912);
#912 = PRODUCT_DEFINITION('design','',#913,#916);
#913 = PRODUCT_DEFINITION_FORMATION_WITH_SPECIFIED_SOURCE('','',#914,
  .NOT_KNOWN.);
#914 = PRODUCT('Assembly','Assembly','',(#915));
#915 = MECHANICAL_CONTEXT('',#2,'mechanical');
#916 = DESIGN_CONTEXT('',#2,'design');
#917 = SHAPE_REPRESENTATION('',(#11,#918,#922,#926,#930,#934),#938);
#918 = AXIS2_PLACEMENT_3D('',#919,#920,#921);
#919 = CARTESIAN_POINT('',(0.,0.,0.));
#920 = DIRECTION('',(0.,0.,1.));
#921 = DIRECTION('',(1.,0.,0.));
#922 = AXIS2_PLACEMENT_3D('',#923,#924,#925);
#923 = CARTESIAN_POINT('',(1.49E-14,105.,1.16E-14));
#924 = DIRECTION('',(0.,0.,1.));
#925 = DIRECTION('',(1.,0.,0.));
#926 = AXIS2_PLACEMENT_3D('',#927,#928,#929);
#927 = CARTESIAN_POINT('',(-3.33E-14,120.,-6.66E-14));
#928 = DIRECTION('',(0.,0.,1.));
#929 = DIRECTION('',(1.,0.,0.));
#930 = AXIS2_PLACEMENT_3D('',#931,#932,#933);
#931 = CARTESIAN_POINT('',(65.748562749316,5.59E-14,-2.619615774355));
#932 = DIRECTION('',(0.478092660293,-6.172491156393E-17,0.878309403442)
  );
#933 = DIRECTION('',(3.330669073875E-16,1.,-1.110223024625E-16));
#934 = AXIS2_PLACEMENT_3D('',#935,#936,#937);
#935 = CARTESIAN_POINT('',(-65.74856274931,90.,-2.619615774355));
#936 = DIRECTION('',(-0.478092660293,-3.255597434226E-16,0.878309403442)
  );
#937 = DIRECTION('',(2.22044604925E-16,-1.,-2.498001805407E-16));
#938 = ( GEOMETRIC_REPRESENTATION_CONTEXT(3) 
GLOBAL_UNCERTAINTY_ASSIGNED_CONTEXT((#942)) GLOBAL_UNIT_ASSIGNED_CONTEXT
((#939,#940,#941)) REPRESENTATION_CONTEXT('Context #1',
  '3D Context with UNIT and UNCERTAINTY') );
#939 = ( LENGTH_UNIT() NAMED_UNIT(*) SI_UNIT(.MILLI.,.METRE.) );
#940 = ( NAMED_UNIT(*) PLANE_ANGLE_UNIT() SI_UNIT($,.RADIAN.) );
#941 = ( NAMED_UNIT(*) SI_UNIT($,.STERADIAN.) SOLID_ANGLE_UNIT() );
#942 = UNCERTAINTY_MEASURE_WITH_UNIT(LENGTH_MEASURE(1.E-07),#939,
  'distance_accuracy_value','confusion accuracy');
#943 = CONTEXT_DEPENDENT_SHAPE_REPRESENTATION(#944,#946);
#944 = ( REPRESENTATION_RELATIONSHIP('','',#917,#70) 
REPRESENTATION_RELATIONSHIP_WITH_TRANSFORMATION(#945) 
SHAPE_REPRESENTATION_RELATIONSHIP() );
#945 = ITEM_DEFINED_TRANSFORMATION('','',#11,#79);
#946 = PRODUCT_DEFINITION_SHAPE('Placement','Placement of an item',#947
  );
#947 = NEXT_ASSEMBLY_USAGE_OCCURRENCE('13','Assembly','',#65,#912,$);
#948 = CC_DESIGN_SECURITY_CLASSIFICATION(#949,(#947));
#949 = SECURITY_CLASSIFICATION('','',#47);
#950 = CC_DESIGN_PERSON_AND_ORGANIZATION_ASSIGNMENT(#36,#45,(#949));
#951 = CC_DESIGN_DATE_AND_TIME_ASSIGNMENT(#50,#56,(#949));
#952 = CC_DESIGN_APPROVAL(#58,(#949));
#953 = PRODUCT_RELATED_PRODUCT_CATEGORY('detail',$,(#914));
#954 = PRODUCT_CATEGORY_RELATIONSHIP('','',#955,#953);
#955 = PRODUCT_CATEGORY('part',$);
#956 = CC_DESIGN_PERSON_AND_ORGANIZATION_ASSIGNMENT(#36,#39,(#913,#912)
  );
#957 = CC_DESIGN_PERSON_AND_ORGANIZATION_ASSIGNMENT(#36,#41,(#914));
#958 = CC_DESIGN_PERSON_AND_ORGANIZATION_ASSIGNMENT(#36,#43,(#913));
#959 = CC_DESIGN_PERSON_AND_ORGANIZATION_ASSIGNMENT(#36,#45,(#960));
#960 = SECURITY_CLASSIFICATION('','',#47);
#961 = CC_DESIGN_SECURITY_CLASSIFICATION(#960,(#913));
#962 = CC_DESIGN_DATE_AND_TIME_ASSIGNMENT(#50,#54,(#912));
#963 = CC_DESIGN_DATE_AND_TIME_ASSIGNMENT(#50,#56,(#960));
#964 = CC_DESIGN_APPROVAL(#58,(#913,#912,#960));
#965 = CONTEXT_DEPENDENT_SHAPE_REPRESENTATION(#966,#968);
#966 = ( REPRESENTATION_RELATIONSHIP('','',#369,#917) 
REPRESENTATION_RELATIONSHIP_WITH_TRANSFORMATION(#967) 
SHAPE_REPRESENTATION_RELATIONSHIP() );
#967 = ITEM_DEFINED_TRANSFORMATION('','',#11,#918);
#968 = PRODUCT_DEFINITION_SHAPE('Placement','Placement of an item',#969
  );
#969 = NEXT_ASSEMBLY_USAGE_OCCURRENCE('8','','',#912,#364,$);
#970 = CONTEXT_DEPENDENT_SHAPE_REPRESENTATION(#971,#973);
#971 = ( REPRESENTATION_RELATIONSHIP('','',#369,#917) 
REPRESENTATION_RELATIONSHIP_WITH_TRANSFORMATION(#972) 
SHAPE_REPRESENTATION_RELATIONSHIP() );
#972 = ITEM_DEFINED_TRANSFORMATION('','',#11,#922);
#973 = PRODUCT_DEFINITION_SHAPE('Placement','Placement of an item',#974
  );
#974 = NEXT_ASSEMBLY_USAGE_OCCURRENCE('9','Body007','',#912,#364,$);
#975 = CONTEXT_DEPENDENT_SHAPE_REPRESENTATION(#976,#978);
#976 = ( REPRESENTATION_RELATIONSHIP('','',#600,#917) 
REPRESENTATION_RELATIONSHIP_WITH_TRANSFORMATION(#977) 
SHAPE_REPRESENTATION_RELATIONSHIP() );
#977 = ITEM_DEFINED_TRANSFORMATION('','',#11,#926);
#978 = PRODUCT_DEFINITION_SHAPE('Placement','Placement of an item',#979
  );
#979 = NEXT_ASSEMBLY_USAGE_OCCURRENCE('10','Body008','',#912,#595,$);
#980 = CONTEXT_DEPENDENT_SHAPE_REPRESENTATION(#981,#983);
#981 = ( REPRESENTATION_RELATIONSHIP('','',#727,#917) 
REPRESENTATION_RELATIONSHIP_WITH_TRANSFORMATION(#982) 
SHAPE_REPRESENTATION_RELATIONSHIP() );
#982 = ITEM_DEFINED_TRANSFORMATION('','',#11,#930);
#983 = PRODUCT_DEFINITION_SHAPE('Placement','Placement of an item',#984
  );
#984 = NEXT_ASSEMBLY_USAGE_OCCURRENCE('11','Body009','',#912,#722,$);
#985 = CONTEXT_DEPENDENT_SHAPE_REPRESENTATION(#986,#988);
#986 = ( REPRESENTATION_RELATIONSHIP('','',#727,#917) 
REPRESENTATION_RELATIONSHIP_WITH_TRANSFORMATION(#987) 
SHAPE_REPRESENTATION_RELATIONSHIP() );
#987 = ITEM_DEFINED_TRANSFORMATION('','',#11,#934);
#988 = PRODUCT_DEFINITION_SHAPE('Placement','Placement of an item',#989
  );
#989 = NEXT_ASSEMBLY_USAGE_OCCURRENCE('12','Body010','',#912,#722,$);
#990 = SHAPE_DEFINITION_REPRESENTATION(#991,#997);
#991 = PRODUCT_DEFINITION_SHAPE('','',#992);
#992 = PRODUCT_DEFINITION('design','',#993,#996);
#993 = PRODUCT_DEFINITION_FORMATION_WITH_SPECIFIED_SOURCE('','',#994,
  .NOT_KNOWN.);
#994 = PRODUCT('Body','Body','',(#995));
#995 = MECHANICAL_CONTEXT('',#2,'mechanical');
#996 = DESIGN_CONTEXT('',#2,'design');
#997 = ADVANCED_BREP_SHAPE_REPRESENTATION('',(#11,#998),#1321);
#998 = MANIFOLD_SOLID_BREP('',#999);
#999 = CLOSED_SHELL('',(#1000,#1040,#1073,#1104,#1135,#1166,#1197,#1228,
    #1250,#1283,#1302));
#1000 = ADVANCED_FACE('',(#1001),#1035,.F.);
#1001 = FACE_BOUND('',#1002,.F.);
#1002 = EDGE_LOOP('',(#1003,#1013,#1021,#1029));
#1003 = ORIENTED_EDGE('',*,*,#1004,.T.);
#1004 = EDGE_CURVE('',#1005,#1007,#1009,.T.);
#1005 = VERTEX_POINT('',#1006);
#1006 = CARTESIAN_POINT('',(-65.,3.9E-14,175.));
#1007 = VERTEX_POINT('',#1008);
#1008 = CARTESIAN_POINT('',(-65.,-15.,175.));
#1009 = LINE('',#1010,#1011);
#1010 = CARTESIAN_POINT('',(-65.,3.886E-14,175.));
#1011 = VECTOR('',#1012,1.);
#1012 = DIRECTION('',(0.,-1.,2.2E-16));
#1013 = ORIENTED_EDGE('',*,*,#1014,.T.);
#1014 = EDGE_CURVE('',#1007,#1015,#1017,.T.);
#1015 = VERTEX_POINT('',#1016);
#1016 = CARTESIAN_POINT('',(-44.71711867703,-15.,-5.037786937183));
#1017 = LINE('',#1018,#1019);
#1018 = CARTESIAN_POINT('',(-65.,-15.,175.));
#1019 = VECTOR('',#1020,1.);
#1020 = DIRECTION('',(0.111950820826,0.,-0.993713748378));
#1021 = ORIENTED_EDGE('',*,*,#1022,.F.);
#1022 = EDGE_CURVE('',#1023,#1015,#1025,.T.);
#1023 = VERTEX_POINT('',#1024);
#1024 = CARTESIAN_POINT('',(-44.71711867703,-1.E-15,-5.037786937183));
#1025 = LINE('',#1026,#1027);
#1026 = CARTESIAN_POINT('',(-44.71711867703,-1.12E-15,-5.037786937183));
#1027 = VECTOR('',#1028,1.);
#1028 = DIRECTION('',(0.,-1.,2.2E-16));
#1029 = ORIENTED_EDGE('',*,*,#1030,.F.);
#1030 = EDGE_CURVE('',#1005,#1023,#1031,.T.);
#1031 = LINE('',#1032,#1033);
#1032 = CARTESIAN_POINT('',(-65.,0.,175.));
#1033 = VECTOR('',#1034,1.);
#1034 = DIRECTION('',(0.111950820826,0.,-0.993713748378));
#1035 = PLANE('',#1036);
#1036 = AXIS2_PLACEMENT_3D('',#1037,#1038,#1039);
#1037 = CARTESIAN_POINT('',(-65.,3.886E-14,175.));
#1038 = DIRECTION('',(0.993713748378,2.E-17,0.111950820826));
#1039 = DIRECTION('',(0.111950820826,-2.2E-16,-0.993713748378));
#1040 = ADVANCED_FACE('',(#1041),#1068,.T.);
#1041 = FACE_BOUND('',#1042,.F.);
#1042 = EDGE_LOOP('',(#1043,#1044,#1053,#1061));
#1043 = ORIENTED_EDGE('',*,*,#1022,.T.);
#1044 = ORIENTED_EDGE('',*,*,#1045,.T.);
#1045 = EDGE_CURVE('',#1015,#1046,#1048,.T.);
#1046 = VERTEX_POINT('',#1047);
#1047 = CARTESIAN_POINT('',(44.71711867703,-15.,-5.037786937183));
#1048 = CIRCLE('',#1049,45.);
#1049 = AXIS2_PLACEMENT_3D('',#1050,#1051,#1052);
#1050 = CARTESIAN_POINT('',(0.,-15.,3.E-15));
#1051 = DIRECTION('',(0.,-1.,0.));
#1052 = DIRECTION('',(1.,0.,0.));
#1053 = ORIENTED_EDGE('',*,*,#1054,.F.);
#1054 = EDGE_CURVE('',#1055,#1046,#1057,.T.);
#1055 = VERTEX_POINT('',#1056);
#1056 = CARTESIAN_POINT('',(44.71711867703,-1.E-15,-5.037786937183));
#1057 = LINE('',#1058,#1059);
#1058 = CARTESIAN_POINT('',(44.71711867703,-1.12E-15,-5.037786937183));
#1059 = VECTOR('',#1060,1.);
#1060 = DIRECTION('',(0.,-1.,2.2E-16));
#1061 = ORIENTED_EDGE('',*,*,#1062,.F.);
#1062 = EDGE_CURVE('',#1023,#1055,#1063,.T.);
#1063 = CIRCLE('',#1064,45.);
#1064 = AXIS2_PLACEMENT_3D('',#1065,#1066,#1067);
#1065 = CARTESIAN_POINT('',(0.,0.,0.));
#1066 = DIRECTION('',(0.,-1.,0.));
#1067 = DIRECTION('',(1.,0.,0.));
#1068 = CYLINDRICAL_SURFACE('',#1069,45.);
#1069 = AXIS2_PLACEMENT_3D('',#1070,#1071,#1072);
#1070 = CARTESIAN_POINT('',(0.,0.,0.));
#1071 = DIRECTION('',(0.,1.,-2.2E-16));
#1072 = DIRECTION('',(1.,0.,0.));
#1073 = ADVANCED_FACE('',(#1074),#1099,.T.);
#1074 = FACE_BOUND('',#1075,.T.);
#1075 = EDGE_LOOP('',(#1076,#1086,#1092,#1093));
#1076 = ORIENTED_EDGE('',*,*,#1077,.T.);
#1077 = EDGE_CURVE('',#1078,#1080,#1082,.T.);
#1078 = VERTEX_POINT('',#1079);
#1079 = CARTESIAN_POINT('',(65.,3.9E-14,175.));
#1080 = VERTEX_POINT('',#1081);
#1081 = CARTESIAN_POINT('',(65.,-15.,175.));
#1082 = LINE('',#1083,#1084);
#1083 = CARTESIAN_POINT('',(65.,3.886E-14,175.));
#1084 = VECTOR('',#1085,1.);
#1085 = DIRECTION('',(0.,-1.,2.2E-16));
#1086 = ORIENTED_EDGE('',*,*,#1087,.T.);
#1087 = EDGE_CURVE('',#1080,#1046,#1088,.T.);
#1088 = LINE('',#1089,#1090);
#1089 = CARTESIAN_POINT('',(65.,-15.,175.));
#1090 = VECTOR('',#1091,1.);
#1091 = DIRECTION('',(-0.111950820826,-0.,-0.993713748378));
#1092 = ORIENTED_EDGE('',*,*,#1054,.F.);
#1093 = ORIENTED_EDGE('',*,*,#1094,.F.);
#1094 = EDGE_CURVE('',#1078,#1055,#1095,.T.);
#1095 = LINE('',#1096,#1097);
#1096 = CARTESIAN_POINT('',(65.,0.,175.));
#1097 = VECTOR('',#1098,1.);
#1098 = DIRECTION('',(-0.111950820826,-0.,-0.993713748378));
#1099 = PLANE('',#1100);
#1100 = AXIS2_PLACEMENT_3D('',#1101,#1102,#1103);
#1101 = CARTESIAN_POINT('',(65.,3.886E-14,175.));
#1102 = DIRECTION('',(0.993713748378,-2.E-17,-0.111950820826));
#1103 = DIRECTION('',(-0.111950820826,-2.2E-16,-0.993713748378));
#1104 = ADVANCED_FACE('',(#1105),#1130,.T.);
#1105 = FACE_BOUND('',#1106,.T.);
#1106 = EDGE_LOOP('',(#1107,#1117,#1123,#1124));
#1107 = ORIENTED_EDGE('',*,*,#1108,.T.);
#1108 = EDGE_CURVE('',#1109,#1111,#1113,.T.);
#1109 = VERTEX_POINT('',#1110);
#1110 = CARTESIAN_POINT('',(-5.,3.9E-14,175.));
#1111 = VERTEX_POINT('',#1112);
#1112 = CARTESIAN_POINT('',(-5.,-15.,175.));
#1113 = LINE('',#1114,#1115);
#1114 = CARTESIAN_POINT('',(-5.,3.886E-14,175.));
#1115 = VECTOR('',#1116,1.);
#1116 = DIRECTION('',(0.,-1.,2.2E-16));
#1117 = ORIENTED_EDGE('',*,*,#1118,.T.);
#1118 = EDGE_CURVE('',#1111,#1080,#1119,.T.);
#1119 = LINE('',#1120,#1121);
#1120 = CARTESIAN_POINT('',(-5.,-15.,175.));
#1121 = VECTOR('',#1122,1.);
#1122 = DIRECTION('',(1.,0.,0.));
#1123 = ORIENTED_EDGE('',*,*,#1077,.F.);
#1124 = ORIENTED_EDGE('',*,*,#1125,.F.);
#1125 = EDGE_CURVE('',#1109,#1078,#1126,.T.);
#1126 = LINE('',#1127,#1128);
#1127 = CARTESIAN_POINT('',(-5.,0.,175.));
#1128 = VECTOR('',#1129,1.);
#1129 = DIRECTION('',(1.,0.,0.));
#1130 = PLANE('',#1131);
#1131 = AXIS2_PLACEMENT_3D('',#1132,#1133,#1134);
#1132 = CARTESIAN_POINT('',(-5.,3.886E-14,175.));
#1133 = DIRECTION('',(0.,2.2E-16,1.));
#1134 = DIRECTION('',(1.,0.,-0.));
#1135 = ADVANCED_FACE('',(#1136),#1161,.T.);
#1136 = FACE_BOUND('',#1137,.T.);
#1137 = EDGE_LOOP('',(#1138,#1148,#1154,#1155));
#1138 = ORIENTED_EDGE('',*,*,#1139,.T.);
#1139 = EDGE_CURVE('',#1140,#1142,#1144,.T.);
#1140 = VERTEX_POINT('',#1141);
#1141 = CARTESIAN_POINT('',(-5.,2.E-14,90.));
#1142 = VERTEX_POINT('',#1143);
#1143 = CARTESIAN_POINT('',(-5.,-15.,90.));
#1144 = LINE('',#1145,#1146);
#1145 = CARTESIAN_POINT('',(-5.,1.998E-14,90.));
#1146 = VECTOR('',#1147,1.);
#1147 = DIRECTION('',(0.,-1.,2.2E-16));
#1148 = ORIENTED_EDGE('',*,*,#1149,.T.);
#1149 = EDGE_CURVE('',#1142,#1111,#1150,.T.);
#1150 = LINE('',#1151,#1152);
#1151 = CARTESIAN_POINT('',(-5.,-15.,90.));
#1152 = VECTOR('',#1153,1.);
#1153 = DIRECTION('',(0.,0.,1.));
#1154 = ORIENTED_EDGE('',*,*,#1108,.F.);
#1155 = ORIENTED_EDGE('',*,*,#1156,.F.);
#1156 = EDGE_CURVE('',#1140,#1109,#1157,.T.);
#1157 = LINE('',#1158,#1159);
#1158 = CARTESIAN_POINT('',(-5.,0.,90.));
#1159 = VECTOR('',#1160,1.);
#1160 = DIRECTION('',(0.,0.,1.));
#1161 = PLANE('',#1162);
#1162 = AXIS2_PLACEMENT_3D('',#1163,#1164,#1165);
#1163 = CARTESIAN_POINT('',(-5.,1.998E-14,90.));
#1164 = DIRECTION('',(-1.,0.,0.));
#1165 = DIRECTION('',(0.,2.2E-16,1.));
#1166 = ADVANCED_FACE('',(#1167),#1192,.T.);
#1167 = FACE_BOUND('',#1168,.T.);
#1168 = EDGE_LOOP('',(#1169,#1179,#1185,#1186));
#1169 = ORIENTED_EDGE('',*,*,#1170,.T.);
#1170 = EDGE_CURVE('',#1171,#1173,#1175,.T.);
#1171 = VERTEX_POINT('',#1172);
#1172 = CARTESIAN_POINT('',(-25.,2.E-14,90.));
#1173 = VERTEX_POINT('',#1174);
#1174 = CARTESIAN_POINT('',(-25.,-15.,90.));
#1175 = LINE('',#1176,#1177);
#1176 = CARTESIAN_POINT('',(-25.,1.998E-14,90.));
#1177 = VECTOR('',#1178,1.);
#1178 = DIRECTION('',(0.,-1.,2.2E-16));
#1179 = ORIENTED_EDGE('',*,*,#1180,.T.);
#1180 = EDGE_CURVE('',#1173,#1142,#1181,.T.);
#1181 = LINE('',#1182,#1183);
#1182 = CARTESIAN_POINT('',(-25.,-15.,90.));
#1183 = VECTOR('',#1184,1.);
#1184 = DIRECTION('',(1.,0.,0.));
#1185 = ORIENTED_EDGE('',*,*,#1139,.F.);
#1186 = ORIENTED_EDGE('',*,*,#1187,.F.);
#1187 = EDGE_CURVE('',#1171,#1140,#1188,.T.);
#1188 = LINE('',#1189,#1190);
#1189 = CARTESIAN_POINT('',(-25.,0.,90.));
#1190 = VECTOR('',#1191,1.);
#1191 = DIRECTION('',(1.,0.,0.));
#1192 = PLANE('',#1193);
#1193 = AXIS2_PLACEMENT_3D('',#1194,#1195,#1196);
#1194 = CARTESIAN_POINT('',(-25.,1.998E-14,90.));
#1195 = DIRECTION('',(0.,2.2E-16,1.));
#1196 = DIRECTION('',(1.,0.,-0.));
#1197 = ADVANCED_FACE('',(#1198),#1223,.T.);
#1198 = FACE_BOUND('',#1199,.T.);
#1199 = EDGE_LOOP('',(#1200,#1210,#1216,#1217));
#1200 = ORIENTED_EDGE('',*,*,#1201,.T.);
#1201 = EDGE_CURVE('',#1202,#1204,#1206,.T.);
#1202 = VERTEX_POINT('',#1203);
#1203 = CARTESIAN_POINT('',(-25.,3.9E-14,175.));
#1204 = VERTEX_POINT('',#1205);
#1205 = CARTESIAN_POINT('',(-25.,-15.,175.));
#1206 = LINE('',#1207,#1208);
#1207 = CARTESIAN_POINT('',(-25.,3.886E-14,175.));
#1208 = VECTOR('',#1209,1.);
#1209 = DIRECTION('',(0.,-1.,2.2E-16));
#1210 = ORIENTED_EDGE('',*,*,#1211,.T.);
#1211 = EDGE_CURVE('',#1204,#1173,#1212,.T.);
#1212 = LINE('',#1213,#1214);
#1213 = CARTESIAN_POINT('',(-25.,-15.,175.));
#1214 = VECTOR('',#1215,1.);
#1215 = DIRECTION('',(0.,0.,-1.));
#1216 = ORIENTED_EDGE('',*,*,#1170,.F.);
#1217 = ORIENTED_EDGE('',*,*,#1218,.F.);
#1218 = EDGE_CURVE('',#1202,#1171,#1219,.T.);
#1219 = LINE('',#1220,#1221);
#1220 = CARTESIAN_POINT('',(-25.,0.,175.));
#1221 = VECTOR('',#1222,1.);
#1222 = DIRECTION('',(0.,0.,-1.));
#1223 = PLANE('',#1224);
#1224 = AXIS2_PLACEMENT_3D('',#1225,#1226,#1227);
#1225 = CARTESIAN_POINT('',(-25.,3.886E-14,175.));
#1226 = DIRECTION('',(1.,0.,0.));
#1227 = DIRECTION('',(0.,-2.2E-16,-1.));
#1228 = ADVANCED_FACE('',(#1229),#1245,.T.);
#1229 = FACE_BOUND('',#1230,.T.);
#1230 = EDGE_LOOP('',(#1231,#1232,#1238,#1239));
#1231 = ORIENTED_EDGE('',*,*,#1004,.T.);
#1232 = ORIENTED_EDGE('',*,*,#1233,.T.);
#1233 = EDGE_CURVE('',#1007,#1204,#1234,.T.);
#1234 = LINE('',#1235,#1236);
#1235 = CARTESIAN_POINT('',(-65.,-15.,175.));
#1236 = VECTOR('',#1237,1.);
#1237 = DIRECTION('',(1.,0.,0.));
#1238 = ORIENTED_EDGE('',*,*,#1201,.F.);
#1239 = ORIENTED_EDGE('',*,*,#1240,.F.);
#1240 = EDGE_CURVE('',#1005,#1202,#1241,.T.);
#1241 = LINE('',#1242,#1243);
#1242 = CARTESIAN_POINT('',(-65.,0.,175.));
#1243 = VECTOR('',#1244,1.);
#1244 = DIRECTION('',(1.,0.,0.));
#1245 = PLANE('',#1246);
#1246 = AXIS2_PLACEMENT_3D('',#1247,#1248,#1249);
#1247 = CARTESIAN_POINT('',(-65.,3.886E-14,175.));
#1248 = DIRECTION('',(0.,2.2E-16,1.));
#1249 = DIRECTION('',(1.,0.,-0.));
#1250 = ADVANCED_FACE('',(#1251),#1278,.F.);
#1251 = FACE_BOUND('',#1252,.T.);
#1252 = EDGE_LOOP('',(#1253,#1263,#1270,#1271));
#1253 = ORIENTED_EDGE('',*,*,#1254,.T.);
#1254 = EDGE_CURVE('',#1255,#1257,#1259,.T.);
#1255 = VERTEX_POINT('',#1256);
#1256 = CARTESIAN_POINT('',(10.,0.,0.));
#1257 = VERTEX_POINT('',#1258);
#1258 = CARTESIAN_POINT('',(10.,-15.,3.E-15));
#1259 = LINE('',#1260,#1261);
#1260 = CARTESIAN_POINT('',(10.,0.,0.));
#1261 = VECTOR('',#1262,1.);
#1262 = DIRECTION('',(0.,-1.,2.2E-16));
#1263 = ORIENTED_EDGE('',*,*,#1264,.T.);
#1264 = EDGE_CURVE('',#1257,#1257,#1265,.T.);
#1265 = CIRCLE('',#1266,10.);
#1266 = AXIS2_PLACEMENT_3D('',#1267,#1268,#1269);
#1267 = CARTESIAN_POINT('',(0.,-15.,3.E-15));
#1268 = DIRECTION('',(0.,-1.,0.));
#1269 = DIRECTION('',(1.,0.,0.));
#1270 = ORIENTED_EDGE('',*,*,#1254,.F.);
#1271 = ORIENTED_EDGE('',*,*,#1272,.F.);
#1272 = EDGE_CURVE('',#1255,#1255,#1273,.T.);
#1273 = CIRCLE('',#1274,10.);
#1274 = AXIS2_PLACEMENT_3D('',#1275,#1276,#1277);
#1275 = CARTESIAN_POINT('',(0.,0.,0.));
#1276 = DIRECTION('',(0.,-1.,0.));
#1277 = DIRECTION('',(1.,0.,0.));
#1278 = CYLINDRICAL_SURFACE('',#1279,10.);
#1279 = AXIS2_PLACEMENT_3D('',#1280,#1281,#1282);
#1280 = CARTESIAN_POINT('',(0.,0.,0.));
#1281 = DIRECTION('',(0.,1.,-2.2E-16));
#1282 = DIRECTION('',(1.,0.,0.));
#1283 = ADVANCED_FACE('',(#1284,#1294),#1297,.T.);
#1284 = FACE_BOUND('',#1285,.F.);
#1285 = EDGE_LOOP('',(#1286,#1287,#1288,#1289,#1290,#1291,#1292,#1293));
#1286 = ORIENTED_EDGE('',*,*,#1030,.T.);
#1287 = ORIENTED_EDGE('',*,*,#1062,.T.);
#1288 = ORIENTED_EDGE('',*,*,#1094,.F.);
#1289 = ORIENTED_EDGE('',*,*,#1125,.F.);
#1290 = ORIENTED_EDGE('',*,*,#1156,.F.);
#1291 = ORIENTED_EDGE('',*,*,#1187,.F.);
#1292 = ORIENTED_EDGE('',*,*,#1218,.F.);
#1293 = ORIENTED_EDGE('',*,*,#1240,.F.);
#1294 = FACE_BOUND('',#1295,.T.);
#1295 = EDGE_LOOP('',(#1296));
#1296 = ORIENTED_EDGE('',*,*,#1272,.T.);
#1297 = PLANE('',#1298);
#1298 = AXIS2_PLACEMENT_3D('',#1299,#1300,#1301);
#1299 = CARTESIAN_POINT('',(-3.033985759268,1.871E-14,84.249673445651));
#1300 = DIRECTION('',(0.,1.,0.));
#1301 = DIRECTION('',(0.,0.,1.));
#1302 = ADVANCED_FACE('',(#1303,#1313),#1316,.F.);
#1303 = FACE_BOUND('',#1304,.T.);
#1304 = EDGE_LOOP('',(#1305,#1306,#1307,#1308,#1309,#1310,#1311,#1312));
#1305 = ORIENTED_EDGE('',*,*,#1014,.T.);
#1306 = ORIENTED_EDGE('',*,*,#1045,.T.);
#1307 = ORIENTED_EDGE('',*,*,#1087,.F.);
#1308 = ORIENTED_EDGE('',*,*,#1118,.F.);
#1309 = ORIENTED_EDGE('',*,*,#1149,.F.);
#1310 = ORIENTED_EDGE('',*,*,#1180,.F.);
#1311 = ORIENTED_EDGE('',*,*,#1211,.F.);
#1312 = ORIENTED_EDGE('',*,*,#1233,.F.);
#1313 = FACE_BOUND('',#1314,.F.);
#1314 = EDGE_LOOP('',(#1315));
#1315 = ORIENTED_EDGE('',*,*,#1264,.T.);
#1316 = PLANE('',#1317);
#1317 = AXIS2_PLACEMENT_3D('',#1318,#1319,#1320);
#1318 = CARTESIAN_POINT('',(-3.033985759268,-15.,84.249673445651));
#1319 = DIRECTION('',(0.,1.,0.));
#1320 = DIRECTION('',(0.,0.,1.));
#1321 = ( GEOMETRIC_REPRESENTATION_CONTEXT(3) 
GLOBAL_UNCERTAINTY_ASSIGNED_CONTEXT((#1325)) 
GLOBAL_UNIT_ASSIGNED_CONTEXT((#1322,#1323,#1324)) REPRESENTATION_CONTEXT
('Context #1','3D Context with UNIT and UNCERTAINTY') );
#1322 = ( LENGTH_UNIT() NAMED_UNIT(*) SI_UNIT(.MILLI.,.METRE.) );
#1323 = ( NAMED_UNIT(*) PLANE_ANGLE_UNIT() SI_UNIT($,.RADIAN.) );
#1324 = ( NAMED_UNIT(*) SI_UNIT($,.STERADIAN.) SOLID_ANGLE_UNIT() );
#1325 = UNCERTAINTY_MEASURE_WITH_UNIT(LENGTH_MEASURE(1.E-07),#1322,
  'distance_accuracy_value','confusion accuracy');
#1326 = CONTEXT_DEPENDENT_SHAPE_REPRESENTATION(#1327,#1329);
#1327 = ( REPRESENTATION_RELATIONSHIP('','',#997,#70) 
REPRESENTATION_RELATIONSHIP_WITH_TRANSFORMATION(#1328) 
SHAPE_REPRESENTATION_RELATIONSHIP() );
#1328 = ITEM_DEFINED_TRANSFORMATION('','',#11,#83);
#1329 = PRODUCT_DEFINITION_SHAPE('Placement','Placement of an item',
  #1330);
#1330 = NEXT_ASSEMBLY_USAGE_OCCURRENCE('14','Body011','',#65,#992,$);
#1331 = CC_DESIGN_SECURITY_CLASSIFICATION(#1332,(#1330));
#1332 = SECURITY_CLASSIFICATION('','',#47);
#1333 = CC_DESIGN_PERSON_AND_ORGANIZATION_ASSIGNMENT(#36,#45,(#1332));
#1334 = CC_DESIGN_DATE_AND_TIME_ASSIGNMENT(#50,#56,(#1332));
#1335 = CC_DESIGN_APPROVAL(#58,(#1332));
#1336 = PRODUCT_RELATED_PRODUCT_CATEGORY('detail',$,(#994));
#1337 = PRODUCT_CATEGORY_RELATIONSHIP('','',#1338,#1336);
#1338 = PRODUCT_CATEGORY('part',$);
#1339 = CC_DESIGN_PERSON_AND_ORGANIZATION_ASSIGNMENT(#36,#39,(#993,#992)
  );
#1340 = CC_DESIGN_PERSON_AND_ORGANIZATION_ASSIGNMENT(#36,#41,(#994));
#1341 = CC_DESIGN_PERSON_AND_ORGANIZATION_ASSIGNMENT(#36,#43,(#993));
#1342 = CC_DESIGN_PERSON_AND_ORGANIZATION_ASSIGNMENT(#36,#45,(#1343));
#1343 = SECURITY_CLASSIFICATION('','',#47);
#1344 = CC_DESIGN_SECURITY_CLASSIFICATION(#1343,(#993));
#1345 = CC_DESIGN_DATE_AND_TIME_ASSIGNMENT(#50,#54,(#992));
#1346 = CC_DESIGN_DATE_AND_TIME_ASSIGNMENT(#50,#56,(#1343));
#1347 = CC_DESIGN_APPROVAL(#58,(#993,#992,#1343));
#1348 = CONTEXT_DEPENDENT_SHAPE_REPRESENTATION(#1349,#1351);
#1349 = ( REPRESENTATION_RELATIONSHIP('','',#997,#70) 
REPRESENTATION_RELATIONSHIP_WITH_TRANSFORMATION(#1350) 
SHAPE_REPRESENTATION_RELATIONSHIP() );
#1350 = ITEM_DEFINED_TRANSFORMATION('','',#11,#87);
#1351 = PRODUCT_DEFINITION_SHAPE('Placement','Placement of an item',
  #1352);
#1352 = NEXT_ASSEMBLY_USAGE_OCCURRENCE('15','Body012','',#65,#992,$);
#1353 = SHAPE_DEFINITION_REPRESENTATION(#1354,#1360);
#1354 = PRODUCT_DEFINITION_SHAPE('','',#1355);
#1355 = PRODUCT_DEFINITION('design','',#1356,#1359);
#1356 = PRODUCT_DEFINITION_FORMATION_WITH_SPECIFIED_SOURCE('','',#1357,
  .NOT_KNOWN.);
#1357 = PRODUCT('Body','Body','',(#1358));
#1358 = MECHANICAL_CONTEXT('',#2,'mechanical');
#1359 = DESIGN_CONTEXT('',#2,'design');
#1360 = ADVANCED_BREP_SHAPE_REPRESENTATION('',(#11,#1361),#1511);
#1361 = MANIFOLD_SOLID_BREP('',#1362);
#1362 = CLOSED_SHELL('',(#1363,#1403,#1434,#1465,#1487,#1499));
#1363 = ADVANCED_FACE('',(#1364),#1398,.F.);
#1364 = FACE_BOUND('',#1365,.F.);
#1365 = EDGE_LOOP('',(#1366,#1376,#1384,#1392));
#1366 = ORIENTED_EDGE('',*,*,#1367,.T.);
#1367 = EDGE_CURVE('',#1368,#1370,#1372,.T.);
#1368 = VERTEX_POINT('',#1369);
#1369 = CARTESIAN_POINT('',(0.,0.,0.));
#1370 = VERTEX_POINT('',#1371);
#1371 = CARTESIAN_POINT('',(0.,-15.,3.E-15));
#1372 = LINE('',#1373,#1374);
#1373 = CARTESIAN_POINT('',(0.,0.,0.));
#1374 = VECTOR('',#1375,1.);
#1375 = DIRECTION('',(0.,-1.,2.2E-16));
#1376 = ORIENTED_EDGE('',*,*,#1377,.T.);
#1377 = EDGE_CURVE('',#1370,#1378,#1380,.T.);
#1378 = VERTEX_POINT('',#1379);
#1379 = CARTESIAN_POINT('',(400.,-15.,3.E-15));
#1380 = LINE('',#1381,#1382);
#1381 = CARTESIAN_POINT('',(0.,-15.,3.E-15));
#1382 = VECTOR('',#1383,1.);
#1383 = DIRECTION('',(1.,0.,0.));
#1384 = ORIENTED_EDGE('',*,*,#1385,.F.);
#1385 = EDGE_CURVE('',#1386,#1378,#1388,.T.);
#1386 = VERTEX_POINT('',#1387);
#1387 = CARTESIAN_POINT('',(400.,0.,0.));
#1388 = LINE('',#1389,#1390);
#1389 = CARTESIAN_POINT('',(400.,0.,0.));
#1390 = VECTOR('',#1391,1.);
#1391 = DIRECTION('',(0.,-1.,2.2E-16));
#1392 = ORIENTED_EDGE('',*,*,#1393,.F.);
#1393 = EDGE_CURVE('',#1368,#1386,#1394,.T.);
#1394 = LINE('',#1395,#1396);
#1395 = CARTESIAN_POINT('',(0.,0.,0.));
#1396 = VECTOR('',#1397,1.);
#1397 = DIRECTION('',(1.,0.,0.));
#1398 = PLANE('',#1399);
#1399 = AXIS2_PLACEMENT_3D('',#1400,#1401,#1402);
#1400 = CARTESIAN_POINT('',(0.,0.,0.));
#1401 = DIRECTION('',(0.,2.2E-16,1.));
#1402 = DIRECTION('',(1.,0.,-0.));
#1403 = ADVANCED_FACE('',(#1404),#1429,.F.);
#1404 = FACE_BOUND('',#1405,.F.);
#1405 = EDGE_LOOP('',(#1406,#1407,#1415,#1423));
#1406 = ORIENTED_EDGE('',*,*,#1385,.T.);
#1407 = ORIENTED_EDGE('',*,*,#1408,.T.);
#1408 = EDGE_CURVE('',#1378,#1409,#1411,.T.);
#1409 = VERTEX_POINT('',#1410);
#1410 = CARTESIAN_POINT('',(400.,-15.,70.));
#1411 = LINE('',#1412,#1413);
#1412 = CARTESIAN_POINT('',(400.,-15.,3.E-15));
#1413 = VECTOR('',#1414,1.);
#1414 = DIRECTION('',(0.,0.,1.));
#1415 = ORIENTED_EDGE('',*,*,#1416,.F.);
#1416 = EDGE_CURVE('',#1417,#1409,#1419,.T.);
#1417 = VERTEX_POINT('',#1418);
#1418 = CARTESIAN_POINT('',(400.,1.6E-14,70.));
#1419 = LINE('',#1420,#1421);
#1420 = CARTESIAN_POINT('',(400.,1.554E-14,70.));
#1421 = VECTOR('',#1422,1.);
#1422 = DIRECTION('',(0.,-1.,2.2E-16));
#1423 = ORIENTED_EDGE('',*,*,#1424,.F.);
#1424 = EDGE_CURVE('',#1386,#1417,#1425,.T.);
#1425 = LINE('',#1426,#1427);
#1426 = CARTESIAN_POINT('',(400.,0.,0.));
#1427 = VECTOR('',#1428,1.);
#1428 = DIRECTION('',(0.,0.,1.));
#1429 = PLANE('',#1430);
#1430 = AXIS2_PLACEMENT_3D('',#1431,#1432,#1433);
#1431 = CARTESIAN_POINT('',(400.,0.,0.));
#1432 = DIRECTION('',(-1.,0.,0.));
#1433 = DIRECTION('',(0.,2.2E-16,1.));
#1434 = ADVANCED_FACE('',(#1435),#1460,.F.);
#1435 = FACE_BOUND('',#1436,.F.);
#1436 = EDGE_LOOP('',(#1437,#1438,#1446,#1454));
#1437 = ORIENTED_EDGE('',*,*,#1416,.T.);
#1438 = ORIENTED_EDGE('',*,*,#1439,.T.);
#1439 = EDGE_CURVE('',#1409,#1440,#1442,.T.);
#1440 = VERTEX_POINT('',#1441);
#1441 = CARTESIAN_POINT('',(0.,-15.,70.));
#1442 = LINE('',#1443,#1444);
#1443 = CARTESIAN_POINT('',(400.,-15.,70.));
#1444 = VECTOR('',#1445,1.);
#1445 = DIRECTION('',(-1.,0.,0.));
#1446 = ORIENTED_EDGE('',*,*,#1447,.F.);
#1447 = EDGE_CURVE('',#1448,#1440,#1450,.T.);
#1448 = VERTEX_POINT('',#1449);
#1449 = CARTESIAN_POINT('',(0.,1.6E-14,70.));
#1450 = LINE('',#1451,#1452);
#1451 = CARTESIAN_POINT('',(0.,1.554E-14,70.));
#1452 = VECTOR('',#1453,1.);
#1453 = DIRECTION('',(0.,-1.,2.2E-16));
#1454 = ORIENTED_EDGE('',*,*,#1455,.F.);
#1455 = EDGE_CURVE('',#1417,#1448,#1456,.T.);
#1456 = LINE('',#1457,#1458);
#1457 = CARTESIAN_POINT('',(400.,0.,70.));
#1458 = VECTOR('',#1459,1.);
#1459 = DIRECTION('',(-1.,0.,0.));
#1460 = PLANE('',#1461);
#1461 = AXIS2_PLACEMENT_3D('',#1462,#1463,#1464);
#1462 = CARTESIAN_POINT('',(400.,1.554E-14,70.));
#1463 = DIRECTION('',(-0.,-2.2E-16,-1.));
#1464 = DIRECTION('',(-1.,0.,0.));
#1465 = ADVANCED_FACE('',(#1466),#1482,.F.);
#1466 = FACE_BOUND('',#1467,.F.);
#1467 = EDGE_LOOP('',(#1468,#1469,#1475,#1476));
#1468 = ORIENTED_EDGE('',*,*,#1447,.T.);
#1469 = ORIENTED_EDGE('',*,*,#1470,.T.);
#1470 = EDGE_CURVE('',#1440,#1370,#1471,.T.);
#1471 = LINE('',#1472,#1473);
#1472 = CARTESIAN_POINT('',(0.,-15.,70.));
#1473 = VECTOR('',#1474,1.);
#1474 = DIRECTION('',(0.,0.,-1.));
#1475 = ORIENTED_EDGE('',*,*,#1367,.F.);
#1476 = ORIENTED_EDGE('',*,*,#1477,.F.);
#1477 = EDGE_CURVE('',#1448,#1368,#1478,.T.);
#1478 = LINE('',#1479,#1480);
#1479 = CARTESIAN_POINT('',(0.,0.,70.));
#1480 = VECTOR('',#1481,1.);
#1481 = DIRECTION('',(0.,0.,-1.));
#1482 = PLANE('',#1483);
#1483 = AXIS2_PLACEMENT_3D('',#1484,#1485,#1486);
#1484 = CARTESIAN_POINT('',(0.,1.554E-14,70.));
#1485 = DIRECTION('',(1.,0.,0.));
#1486 = DIRECTION('',(0.,-2.2E-16,-1.));
#1487 = ADVANCED_FACE('',(#1488),#1494,.T.);
#1488 = FACE_BOUND('',#1489,.F.);
#1489 = EDGE_LOOP('',(#1490,#1491,#1492,#1493));
#1490 = ORIENTED_EDGE('',*,*,#1393,.T.);
#1491 = ORIENTED_EDGE('',*,*,#1424,.T.);
#1492 = ORIENTED_EDGE('',*,*,#1455,.T.);
#1493 = ORIENTED_EDGE('',*,*,#1477,.T.);
#1494 = PLANE('',#1495);
#1495 = AXIS2_PLACEMENT_3D('',#1496,#1497,#1498);
#1496 = CARTESIAN_POINT('',(200.,7.77E-15,35.));
#1497 = DIRECTION('',(0.,1.,0.));
#1498 = DIRECTION('',(0.,0.,1.));
#1499 = ADVANCED_FACE('',(#1500),#1506,.F.);
#1500 = FACE_BOUND('',#1501,.T.);
#1501 = EDGE_LOOP('',(#1502,#1503,#1504,#1505));
#1502 = ORIENTED_EDGE('',*,*,#1377,.T.);
#1503 = ORIENTED_EDGE('',*,*,#1408,.T.);
#1504 = ORIENTED_EDGE('',*,*,#1439,.T.);
#1505 = ORIENTED_EDGE('',*,*,#1470,.T.);
#1506 = PLANE('',#1507);
#1507 = AXIS2_PLACEMENT_3D('',#1508,#1509,#1510);
#1508 = CARTESIAN_POINT('',(200.,-15.,35.));
#1509 = DIRECTION('',(0.,1.,0.));
#1510 = DIRECTION('',(0.,0.,1.));
#1511 = ( GEOMETRIC_REPRESENTATION_CONTEXT(3) 
GLOBAL_UNCERTAINTY_ASSIGNED_CONTEXT((#1515)) 
GLOBAL_UNIT_ASSIGNED_CONTEXT((#1512,#1513,#1514)) REPRESENTATION_CONTEXT
('Context #1','3D Context with UNIT and UNCERTAINTY') );
#1512 = ( LENGTH_UNIT() NAMED_UNIT(*) SI_UNIT(.MILLI.,.METRE.) );
#1513 = ( NAMED_UNIT(*) PLANE_ANGLE_UNIT() SI_UNIT($,.RADIAN.) );
#1514 = ( NAMED_UNIT(*) SI_UNIT($,.STERADIAN.) SOLID_ANGLE_UNIT() );
#1515 = UNCERTAINTY_MEASURE_WITH_UNIT(LENGTH_MEASURE(1.E-07),#1512,
  'distance_accuracy_value','confusion accuracy');
#1516 = CONTEXT_DEPENDENT_SHAPE_REPRESENTATION(#1517,#1519);
#1517 = ( REPRESENTATION_RELATIONSHIP('','',#1360,#70) 
REPRESENTATION_RELATIONSHIP_WITH_TRANSFORMATION(#1518) 
SHAPE_REPRESENTATION_RELATIONSHIP() );
#1518 = ITEM_DEFINED_TRANSFORMATION('','',#11,#91);
#1519 = PRODUCT_DEFINITION_SHAPE('Placement','Placement of an item',
  #1520);
#1520 = NEXT_ASSEMBLY_USAGE_OCCURRENCE('16','Body013','',#65,#1355,$);
#1521 = CC_DESIGN_SECURITY_CLASSIFICATION(#1522,(#1520));
#1522 = SECURITY_CLASSIFICATION('','',#47);
#1523 = CC_DESIGN_PERSON_AND_ORGANIZATION_ASSIGNMENT(#36,#45,(#1522));
#1524 = CC_DESIGN_DATE_AND_TIME_ASSIGNMENT(#50,#56,(#1522));
#1525 = CC_DESIGN_APPROVAL(#58,(#1522));
#1526 = PRODUCT_RELATED_PRODUCT_CATEGORY('detail',$,(#1357));
#1527 = PRODUCT_CATEGORY_RELATIONSHIP('','',#1528,#1526);
#1528 = PRODUCT_CATEGORY('part',$);
#1529 = CC_DESIGN_PERSON_AND_ORGANIZATION_ASSIGNMENT(#36,#39,(#1356,
    #1355));
#1530 = CC_DESIGN_PERSON_AND_ORGANIZATION_ASSIGNMENT(#36,#41,(#1357));
#1531 = CC_DESIGN_PERSON_AND_ORGANIZATION_ASSIGNMENT(#36,#43,(#1356));
#1532 = CC_DESIGN_PERSON_AND_ORGANIZATION_ASSIGNMENT(#36,#45,(#1533));
#1533 = SECURITY_CLASSIFICATION('','',#47);
#1534 = CC_DESIGN_SECURITY_CLASSIFICATION(#1533,(#1356));
#1535 = CC_DESIGN_DATE_AND_TIME_ASSIGNMENT(#50,#54,(#1355));
#1536 = CC_DESIGN_DATE_AND_TIME_ASSIGNMENT(#50,#56,(#1533));
#1537 = CC_DESIGN_APPROVAL(#58,(#1356,#1355,#1533));
#1538 = SHAPE_DEFINITION_REPRESENTATION(#1539,#1545);
#1539 = PRODUCT_DEFINITION_SHAPE('','',#1540);
#1540 = PRODUCT_DEFINITION('design','',#1541,#1544);
#1541 = PRODUCT_DEFINITION_FORMATION_WITH_SPECIFIED_SOURCE('','',#1542,
  .NOT_KNOWN.);
#1542 = PRODUCT('Assembly','Assembly','',(#1543));
#1543 = MECHANICAL_CONTEXT('',#2,'mechanical');
#1544 = DESIGN_CONTEXT('',#2,'design');
#1545 = SHAPE_REPRESENTATION('',(#11,#1546,#1550,#1554),#1558);
#1546 = AXIS2_PLACEMENT_3D('',#1547,#1548,#1549);
#1547 = CARTESIAN_POINT('',(0.,0.,0.));
#1548 = DIRECTION('',(0.,0.,1.));
#1549 = DIRECTION('',(1.,0.,0.));
#1550 = AXIS2_PLACEMENT_3D('',#1551,#1552,#1553);
#1551 = CARTESIAN_POINT('',(0.,85.,-4.25E-14));
#1552 = DIRECTION('',(0.,0.,1.));
#1553 = DIRECTION('',(1.,0.,0.));
#1554 = AXIS2_PLACEMENT_3D('',#1555,#1556,#1557);
#1555 = CARTESIAN_POINT('',(-1.988E-13,100.,-2.58E-14));
#1556 = DIRECTION('',(0.,0.,1.));
#1557 = DIRECTION('',(1.,0.,0.));
#1558 = ( GEOMETRIC_REPRESENTATION_CONTEXT(3) 
GLOBAL_UNCERTAINTY_ASSIGNED_CONTEXT((#1562)) 
GLOBAL_UNIT_ASSIGNED_CONTEXT((#1559,#1560,#1561)) REPRESENTATION_CONTEXT
('Context #1','3D Context with UNIT and UNCERTAINTY') );
#1559 = ( LENGTH_UNIT() NAMED_UNIT(*) SI_UNIT(.MILLI.,.METRE.) );
#1560 = ( NAMED_UNIT(*) PLANE_ANGLE_UNIT() SI_UNIT($,.RADIAN.) );
#1561 = ( NAMED_UNIT(*) SI_UNIT($,.STERADIAN.) SOLID_ANGLE_UNIT() );
#1562 = UNCERTAINTY_MEASURE_WITH_UNIT(LENGTH_MEASURE(1.E-07),#1559,
  'distance_accuracy_value','confusion accuracy');
#1563 = CONTEXT_DEPENDENT_SHAPE_REPRESENTATION(#1564,#1566);
#1564 = ( REPRESENTATION_RELATIONSHIP('','',#1545,#10) 
REPRESENTATION_RELATIONSHIP_WITH_TRANSFORMATION(#1565) 
SHAPE_REPRESENTATION_RELATIONSHIP() );
#1565 = ITEM_DEFINED_TRANSFORMATION('','',#11,#19);
#1566 = PRODUCT_DEFINITION_SHAPE('Placement','Placement of an item',
  #1567);
#1567 = NEXT_ASSEMBLY_USAGE_OCCURRENCE('21','Assembly','',#5,#1540,$);
#1568 = CC_DESIGN_SECURITY_CLASSIFICATION(#1569,(#1567));
#1569 = SECURITY_CLASSIFICATION('','',#47);
#1570 = CC_DESIGN_PERSON_AND_ORGANIZATION_ASSIGNMENT(#36,#45,(#1569));
#1571 = CC_DESIGN_DATE_AND_TIME_ASSIGNMENT(#50,#56,(#1569));
#1572 = CC_DESIGN_APPROVAL(#58,(#1569));
#1573 = PRODUCT_RELATED_PRODUCT_CATEGORY('detail',$,(#1542));
#1574 = PRODUCT_CATEGORY_RELATIONSHIP('','',#1575,#1573);
#1575 = PRODUCT_CATEGORY('part',$);
#1576 = CC_DESIGN_PERSON_AND_ORGANIZATION_ASSIGNMENT(#36,#39,(#1541,
    #1540));
#1577 = CC_DESIGN_PERSON_AND_ORGANIZATION_ASSIGNMENT(#36,#41,(#1542));
#1578 = CC_DESIGN_PERSON_AND_ORGANIZATION_ASSIGNMENT(#36,#43,(#1541));
#1579 = CC_DESIGN_PERSON_AND_ORGANIZATION_ASSIGNMENT(#36,#45,(#1580));
#1580 = SECURITY_CLASSIFICATION('','',#47);
#1581 = CC_DESIGN_SECURITY_CLASSIFICATION(#1580,(#1541));
#1582 = CC_DESIGN_DATE_AND_TIME_ASSIGNMENT(#50,#54,(#1540));
#1583 = CC_DESIGN_DATE_AND_TIME_ASSIGNMENT(#50,#56,(#1580));
#1584 = CC_DESIGN_APPROVAL(#58,(#1541,#1540,#1580));
#1585 = SHAPE_DEFINITION_REPRESENTATION(#1586,#1592);
#1586 = PRODUCT_DEFINITION_SHAPE('','',#1587);
#1587 = PRODUCT_DEFINITION('design','',#1588,#1591);
#1588 = PRODUCT_DEFINITION_FORMATION_WITH_SPECIFIED_SOURCE('','',#1589,
  .NOT_KNOWN.);
#1589 = PRODUCT('Body','Body','',(#1590));
#1590 = MECHANICAL_CONTEXT('',#2,'mechanical');
#1591 = DESIGN_CONTEXT('',#2,'design');
#1592 = ADVANCED_BREP_SHAPE_REPRESENTATION('',(#11,#1593),#2531);
#1593 = MANIFOLD_SOLID_BREP('',#1594);
#1594 = CLOSED_SHELL('',(#1595,#1635,#1668,#1699,#1732,#1763,#1796,#1827
    ,#1860,#1891,#1922,#1953,#1986,#2017,#2050,#2081,#2114,#2145,#2167,
    #2200,#2233,#2266,#2299,#2332,#2365,#2398,#2431,#2481));
#1595 = ADVANCED_FACE('',(#1596),#1630,.F.);
#1596 = FACE_BOUND('',#1597,.F.);
#1597 = EDGE_LOOP('',(#1598,#1608,#1616,#1624));
#1598 = ORIENTED_EDGE('',*,*,#1599,.T.);
#1599 = EDGE_CURVE('',#1600,#1602,#1604,.T.);
#1600 = VERTEX_POINT('',#1601);
#1601 = CARTESIAN_POINT('',(47.442172293232,2.9E-14,130.));
#1602 = VERTEX_POINT('',#1603);
#1603 = CARTESIAN_POINT('',(47.442172293232,-15.,130.));
#1604 = LINE('',#1605,#1606);
#1605 = CARTESIAN_POINT('',(47.442172293232,2.887E-14,130.));
#1606 = VECTOR('',#1607,1.);
#1607 = DIRECTION('',(0.,-1.,2.2E-16));
#1608 = ORIENTED_EDGE('',*,*,#1609,.T.);
#1609 = EDGE_CURVE('',#1602,#1610,#1612,.T.);
#1610 = VERTEX_POINT('',#1611);
#1611 = CARTESIAN_POINT('',(14.41707598676,-15.,201.64556581428));
#1612 = LINE('',#1613,#1614);
#1613 = CARTESIAN_POINT('',(47.442172293232,-15.,130.));
#1614 = VECTOR('',#1615,1.);
#1615 = DIRECTION('',(-0.41861831901,0.,0.908162266883));
#1616 = ORIENTED_EDGE('',*,*,#1617,.F.);
#1617 = EDGE_CURVE('',#1618,#1610,#1620,.T.);
#1618 = VERTEX_POINT('',#1619);
#1619 = CARTESIAN_POINT('',(14.41707598676,4.5E-14,201.64556581428));
#1620 = LINE('',#1621,#1622);
#1621 = CARTESIAN_POINT('',(14.41707598676,4.477E-14,201.64556581428));
#1622 = VECTOR('',#1623,1.);
#1623 = DIRECTION('',(0.,-1.,2.2E-16));
#1624 = ORIENTED_EDGE('',*,*,#1625,.F.);
#1625 = EDGE_CURVE('',#1600,#1618,#1626,.T.);
#1626 = LINE('',#1627,#1628);
#1627 = CARTESIAN_POINT('',(47.442172293232,0.,130.));
#1628 = VECTOR('',#1629,1.);
#1629 = DIRECTION('',(-0.41861831901,0.,0.908162266883));
#1630 = PLANE('',#1631);
#1631 = AXIS2_PLACEMENT_3D('',#1632,#1633,#1634);
#1632 = CARTESIAN_POINT('',(47.442172293232,2.887E-14,130.));
#1633 = DIRECTION('',(-0.908162266883,-9.E-17,-0.41861831901));
#1634 = DIRECTION('',(-0.41861831901,2.E-16,0.908162266883));
#1635 = ADVANCED_FACE('',(#1636),#1663,.T.);
#1636 = FACE_BOUND('',#1637,.F.);
#1637 = EDGE_LOOP('',(#1638,#1639,#1648,#1656));
#1638 = ORIENTED_EDGE('',*,*,#1617,.T.);
#1639 = ORIENTED_EDGE('',*,*,#1640,.T.);
#1640 = EDGE_CURVE('',#1610,#1641,#1643,.T.);
#1641 = VERTEX_POINT('',#1642);
#1642 = CARTESIAN_POINT('',(-14.41707598676,-15.,201.64556581428));
#1643 = CIRCLE('',#1644,15.875);
#1644 = AXIS2_PLACEMENT_3D('',#1645,#1646,#1647);
#1645 = CARTESIAN_POINT('',(0.,-15.,195.));
#1646 = DIRECTION('',(0.,-1.,0.));
#1647 = DIRECTION('',(1.,0.,0.));
#1648 = ORIENTED_EDGE('',*,*,#1649,.F.);
#1649 = EDGE_CURVE('',#1650,#1641,#1652,.T.);
#1650 = VERTEX_POINT('',#1651);
#1651 = CARTESIAN_POINT('',(-14.41707598676,4.5E-14,201.64556581428));
#1652 = LINE('',#1653,#1654);
#1653 = CARTESIAN_POINT('',(-14.41707598676,4.477E-14,201.64556581428));
#1654 = VECTOR('',#1655,1.);
#1655 = DIRECTION('',(0.,-1.,2.2E-16));
#1656 = ORIENTED_EDGE('',*,*,#1657,.F.);
#1657 = EDGE_CURVE('',#1618,#1650,#1658,.T.);
#1658 = CIRCLE('',#1659,15.875);
#1659 = AXIS2_PLACEMENT_3D('',#1660,#1661,#1662);
#1660 = CARTESIAN_POINT('',(0.,0.,195.));
#1661 = DIRECTION('',(0.,-1.,0.));
#1662 = DIRECTION('',(1.,0.,0.));
#1663 = CYLINDRICAL_SURFACE('',#1664,15.875);
#1664 = AXIS2_PLACEMENT_3D('',#1665,#1666,#1667);
#1665 = CARTESIAN_POINT('',(0.,4.33E-14,195.));
#1666 = DIRECTION('',(0.,1.,-2.2E-16));
#1667 = DIRECTION('',(1.,0.,0.));
#1668 = ADVANCED_FACE('',(#1669),#1694,.T.);
#1669 = FACE_BOUND('',#1670,.T.);
#1670 = EDGE_LOOP('',(#1671,#1681,#1687,#1688));
#1671 = ORIENTED_EDGE('',*,*,#1672,.T.);
#1672 = EDGE_CURVE('',#1673,#1675,#1677,.T.);
#1673 = VERTEX_POINT('',#1674);
#1674 = CARTESIAN_POINT('',(-52.55782770676,2.6E-14,118.90195434367));
#1675 = VERTEX_POINT('',#1676);
#1676 = CARTESIAN_POINT('',(-52.55782770676,-15.,118.90195434367));
#1677 = LINE('',#1678,#1679);
#1678 = CARTESIAN_POINT('',(-52.55782770676,2.64E-14,118.90195434367));
#1679 = VECTOR('',#1680,1.);
#1680 = DIRECTION('',(0.,-1.,2.2E-16));
#1681 = ORIENTED_EDGE('',*,*,#1682,.T.);
#1682 = EDGE_CURVE('',#1675,#1641,#1683,.T.);
#1683 = LINE('',#1684,#1685);
#1684 = CARTESIAN_POINT('',(-52.55782770676,-15.,118.90195434367));
#1685 = VECTOR('',#1686,1.);
#1686 = DIRECTION('',(0.41861831901,0.,0.908162266883));
#1687 = ORIENTED_EDGE('',*,*,#1649,.F.);
#1688 = ORIENTED_EDGE('',*,*,#1689,.F.);
#1689 = EDGE_CURVE('',#1673,#1650,#1690,.T.);
#1690 = LINE('',#1691,#1692);
#1691 = CARTESIAN_POINT('',(-52.55782770676,0.,118.90195434367));
#1692 = VECTOR('',#1693,1.);
#1693 = DIRECTION('',(0.41861831901,0.,0.908162266883));
#1694 = PLANE('',#1695);
#1695 = AXIS2_PLACEMENT_3D('',#1696,#1697,#1698);
#1696 = CARTESIAN_POINT('',(-52.55782770676,2.64E-14,118.90195434367));
#1697 = DIRECTION('',(-0.908162266883,9.E-17,0.41861831901));
#1698 = DIRECTION('',(0.41861831901,2.E-16,0.908162266883));
#1699 = ADVANCED_FACE('',(#1700),#1727,.T.);
#1700 = FACE_BOUND('',#1701,.F.);
#1701 = EDGE_LOOP('',(#1702,#1703,#1712,#1720));
#1702 = ORIENTED_EDGE('',*,*,#1672,.T.);
#1703 = ORIENTED_EDGE('',*,*,#1704,.T.);
#1704 = EDGE_CURVE('',#1675,#1705,#1707,.T.);
#1705 = VERTEX_POINT('',#1706);
#1706 = CARTESIAN_POINT('',(-120.,-15.,50.));
#1707 = CIRCLE('',#1708,130.);
#1708 = AXIS2_PLACEMENT_3D('',#1709,#1710,#1711);
#1709 = CARTESIAN_POINT('',(0.,-15.,3.E-15));
#1710 = DIRECTION('',(0.,-1.,0.));
#1711 = DIRECTION('',(1.,0.,0.));
#1712 = ORIENTED_EDGE('',*,*,#1713,.F.);
#1713 = EDGE_CURVE('',#1714,#1705,#1716,.T.);
#1714 = VERTEX_POINT('',#1715);
#1715 = CARTESIAN_POINT('',(-120.,1.1E-14,50.));
#1716 = LINE('',#1717,#1718);
#1717 = CARTESIAN_POINT('',(-120.,1.11E-14,50.));
#1718 = VECTOR('',#1719,1.);
#1719 = DIRECTION('',(0.,-1.,2.2E-16));
#1720 = ORIENTED_EDGE('',*,*,#1721,.F.);
#1721 = EDGE_CURVE('',#1673,#1714,#1722,.T.);
#1722 = CIRCLE('',#1723,130.);
#1723 = AXIS2_PLACEMENT_3D('',#1724,#1725,#1726);
#1724 = CARTESIAN_POINT('',(0.,0.,0.));
#1725 = DIRECTION('',(0.,-1.,0.));
#1726 = DIRECTION('',(1.,0.,0.));
#1727 = CYLINDRICAL_SURFACE('',#1728,130.);
#1728 = AXIS2_PLACEMENT_3D('',#1729,#1730,#1731);
#1729 = CARTESIAN_POINT('',(0.,0.,0.));
#1730 = DIRECTION('',(0.,1.,-2.2E-16));
#1731 = DIRECTION('',(1.,0.,0.));
#1732 = ADVANCED_FACE('',(#1733),#1758,.F.);
#1733 = FACE_BOUND('',#1734,.F.);
#1734 = EDGE_LOOP('',(#1735,#1736,#1744,#1752));
#1735 = ORIENTED_EDGE('',*,*,#1713,.T.);
#1736 = ORIENTED_EDGE('',*,*,#1737,.T.);
#1737 = EDGE_CURVE('',#1705,#1738,#1740,.T.);
#1738 = VERTEX_POINT('',#1739);
#1739 = CARTESIAN_POINT('',(-201.3419246814,-15.,14.553199522244));
#1740 = LINE('',#1741,#1742);
#1741 = CARTESIAN_POINT('',(-120.,-15.,50.));
#1742 = VECTOR('',#1743,1.);
#1743 = DIRECTION('',(-0.916736977779,-0.,-0.399491318519));
#1744 = ORIENTED_EDGE('',*,*,#1745,.F.);
#1745 = EDGE_CURVE('',#1746,#1738,#1748,.T.);
#1746 = VERTEX_POINT('',#1747);
#1747 = CARTESIAN_POINT('',(-201.3419246814,3.E-15,14.553199522244));
#1748 = LINE('',#1749,#1750);
#1749 = CARTESIAN_POINT('',(-201.3419246814,3.23E-15,14.553199522244));
#1750 = VECTOR('',#1751,1.);
#1751 = DIRECTION('',(0.,-1.,2.2E-16));
#1752 = ORIENTED_EDGE('',*,*,#1753,.F.);
#1753 = EDGE_CURVE('',#1714,#1746,#1754,.T.);
#1754 = LINE('',#1755,#1756);
#1755 = CARTESIAN_POINT('',(-120.,0.,50.));
#1756 = VECTOR('',#1757,1.);
#1757 = DIRECTION('',(-0.916736977779,-0.,-0.399491318519));
#1758 = PLANE('',#1759);
#1759 = AXIS2_PLACEMENT_3D('',#1760,#1761,#1762);
#1760 = CARTESIAN_POINT('',(-120.,1.11E-14,50.));
#1761 = DIRECTION('',(0.399491318519,-2.E-16,-0.916736977779));
#1762 = DIRECTION('',(-0.916736977779,-9.E-17,-0.399491318519));
#1763 = ADVANCED_FACE('',(#1764),#1791,.T.);
#1764 = FACE_BOUND('',#1765,.F.);
#1765 = EDGE_LOOP('',(#1766,#1767,#1776,#1784));
#1766 = ORIENTED_EDGE('',*,*,#1745,.T.);
#1767 = ORIENTED_EDGE('',*,*,#1768,.T.);
#1768 = EDGE_CURVE('',#1738,#1769,#1771,.T.);
#1769 = VERTEX_POINT('',#1770);
#1770 = CARTESIAN_POINT('',(-201.3419246814,-15.,-14.55319952224));
#1771 = CIRCLE('',#1772,15.875);
#1772 = AXIS2_PLACEMENT_3D('',#1773,#1774,#1775);
#1773 = CARTESIAN_POINT('',(-195.,-15.,3.E-15));
#1774 = DIRECTION('',(0.,-1.,0.));
#1775 = DIRECTION('',(1.,0.,0.));
#1776 = ORIENTED_EDGE('',*,*,#1777,.F.);
#1777 = EDGE_CURVE('',#1778,#1769,#1780,.T.);
#1778 = VERTEX_POINT('',#1779);
#1779 = CARTESIAN_POINT('',(-201.3419246814,-3.E-15,-14.55319952224));
#1780 = LINE('',#1781,#1782);
#1781 = CARTESIAN_POINT('',(-201.3419246814,-3.23E-15,-14.55319952224));
#1782 = VECTOR('',#1783,1.);
#1783 = DIRECTION('',(0.,-1.,2.2E-16));
#1784 = ORIENTED_EDGE('',*,*,#1785,.F.);
#1785 = EDGE_CURVE('',#1746,#1778,#1786,.T.);
#1786 = CIRCLE('',#1787,15.875);
#1787 = AXIS2_PLACEMENT_3D('',#1788,#1789,#1790);
#1788 = CARTESIAN_POINT('',(-195.,0.,0.));
#1789 = DIRECTION('',(0.,-1.,0.));
#1790 = DIRECTION('',(1.,0.,0.));
#1791 = CYLINDRICAL_SURFACE('',#1792,15.875);
#1792 = AXIS2_PLACEMENT_3D('',#1793,#1794,#1795);
#1793 = CARTESIAN_POINT('',(-195.,0.,0.));
#1794 = DIRECTION('',(0.,1.,-2.2E-16));
#1795 = DIRECTION('',(1.,0.,0.));
#1796 = ADVANCED_FACE('',(#1797),#1822,.T.);
#1797 = FACE_BOUND('',#1798,.T.);
#1798 = EDGE_LOOP('',(#1799,#1809,#1815,#1816));
#1799 = ORIENTED_EDGE('',*,*,#1800,.T.);
#1800 = EDGE_CURVE('',#1801,#1803,#1805,.T.);
#1801 = VERTEX_POINT('',#1802);
#1802 = CARTESIAN_POINT('',(-120.,-1.1E-14,-50.));
#1803 = VERTEX_POINT('',#1804);
#1804 = CARTESIAN_POINT('',(-120.,-15.,-50.));
#1805 = LINE('',#1806,#1807);
#1806 = CARTESIAN_POINT('',(-120.,-1.11E-14,-50.));
#1807 = VECTOR('',#1808,1.);
#1808 = DIRECTION('',(0.,-1.,2.2E-16));
#1809 = ORIENTED_EDGE('',*,*,#1810,.T.);
#1810 = EDGE_CURVE('',#1803,#1769,#1811,.T.);
#1811 = LINE('',#1812,#1813);
#1812 = CARTESIAN_POINT('',(-120.,-15.,-50.));
#1813 = VECTOR('',#1814,1.);
#1814 = DIRECTION('',(-0.916736977779,0.,0.399491318519));
#1815 = ORIENTED_EDGE('',*,*,#1777,.F.);
#1816 = ORIENTED_EDGE('',*,*,#1817,.F.);
#1817 = EDGE_CURVE('',#1801,#1778,#1818,.T.);
#1818 = LINE('',#1819,#1820);
#1819 = CARTESIAN_POINT('',(-120.,0.,-50.));
#1820 = VECTOR('',#1821,1.);
#1821 = DIRECTION('',(-0.916736977779,0.,0.399491318519));
#1822 = PLANE('',#1823);
#1823 = AXIS2_PLACEMENT_3D('',#1824,#1825,#1826);
#1824 = CARTESIAN_POINT('',(-120.,-1.11E-14,-50.));
#1825 = DIRECTION('',(-0.399491318519,-2.E-16,-0.916736977779));
#1826 = DIRECTION('',(-0.916736977779,9.E-17,0.399491318519));
#1827 = ADVANCED_FACE('',(#1828),#1855,.T.);
#1828 = FACE_BOUND('',#1829,.F.);
#1829 = EDGE_LOOP('',(#1830,#1831,#1840,#1848));
#1830 = ORIENTED_EDGE('',*,*,#1800,.T.);
#1831 = ORIENTED_EDGE('',*,*,#1832,.T.);
#1832 = EDGE_CURVE('',#1803,#1833,#1835,.T.);
#1833 = VERTEX_POINT('',#1834);
#1834 = CARTESIAN_POINT('',(-23.15213496218,-15.,-127.9217676812));
#1835 = CIRCLE('',#1836,130.);
#1836 = AXIS2_PLACEMENT_3D('',#1837,#1838,#1839);
#1837 = CARTESIAN_POINT('',(0.,-15.,3.E-15));
#1838 = DIRECTION('',(0.,-1.,0.));
#1839 = DIRECTION('',(1.,0.,0.));
#1840 = ORIENTED_EDGE('',*,*,#1841,.F.);
#1841 = EDGE_CURVE('',#1842,#1833,#1844,.T.);
#1842 = VERTEX_POINT('',#1843);
#1843 = CARTESIAN_POINT('',(-23.15213496218,-2.8E-14,-127.9217676812));
#1844 = LINE('',#1845,#1846);
#1845 = CARTESIAN_POINT('',(-23.15213496218,-2.84E-14,-127.9217676812));
#1846 = VECTOR('',#1847,1.);
#1847 = DIRECTION('',(0.,-1.,2.2E-16));
#1848 = ORIENTED_EDGE('',*,*,#1849,.F.);
#1849 = EDGE_CURVE('',#1801,#1842,#1850,.T.);
#1850 = CIRCLE('',#1851,130.);
#1851 = AXIS2_PLACEMENT_3D('',#1852,#1853,#1854);
#1852 = CARTESIAN_POINT('',(0.,0.,0.));
#1853 = DIRECTION('',(0.,-1.,0.));
#1854 = DIRECTION('',(1.,0.,0.));
#1855 = CYLINDRICAL_SURFACE('',#1856,130.);
#1856 = AXIS2_PLACEMENT_3D('',#1857,#1858,#1859);
#1857 = CARTESIAN_POINT('',(0.,0.,0.));
#1858 = DIRECTION('',(0.,1.,-2.2E-16));
#1859 = DIRECTION('',(1.,0.,0.));
#1860 = ADVANCED_FACE('',(#1861),#1886,.F.);
#1861 = FACE_BOUND('',#1862,.F.);
#1862 = EDGE_LOOP('',(#1863,#1864,#1872,#1880));
#1863 = ORIENTED_EDGE('',*,*,#1841,.T.);
#1864 = ORIENTED_EDGE('',*,*,#1865,.T.);
#1865 = EDGE_CURVE('',#1833,#1866,#1868,.T.);
#1866 = VERTEX_POINT('',#1867);
#1867 = CARTESIAN_POINT('',(900.,-15.,-295.));
#1868 = LINE('',#1869,#1870);
#1869 = CARTESIAN_POINT('',(-23.15213496218,-15.,-127.9217676812));
#1870 = VECTOR('',#1871,1.);
#1871 = DIRECTION('',(0.984013597548,0.,-0.178093345863));
#1872 = ORIENTED_EDGE('',*,*,#1873,.F.);
#1873 = EDGE_CURVE('',#1874,#1866,#1876,.T.);
#1874 = VERTEX_POINT('',#1875);
#1875 = CARTESIAN_POINT('',(900.,-6.6E-14,-295.));
#1876 = LINE('',#1877,#1878);
#1877 = CARTESIAN_POINT('',(900.,-6.55E-14,-295.));
#1878 = VECTOR('',#1879,1.);
#1879 = DIRECTION('',(0.,-1.,2.2E-16));
#1880 = ORIENTED_EDGE('',*,*,#1881,.F.);
#1881 = EDGE_CURVE('',#1842,#1874,#1882,.T.);
#1882 = LINE('',#1883,#1884);
#1883 = CARTESIAN_POINT('',(-23.15213496218,0.,-127.9217676812));
#1884 = VECTOR('',#1885,1.);
#1885 = DIRECTION('',(0.984013597548,0.,-0.178093345863));
#1886 = PLANE('',#1887);
#1887 = AXIS2_PLACEMENT_3D('',#1888,#1889,#1890);
#1888 = CARTESIAN_POINT('',(-23.15213496218,-2.84E-14,-127.9217676812));
#1889 = DIRECTION('',(0.178093345863,2.2E-16,0.984013597548));
#1890 = DIRECTION('',(0.984013597548,-4.E-17,-0.178093345863));
#1891 = ADVANCED_FACE('',(#1892),#1917,.F.);
#1892 = FACE_BOUND('',#1893,.F.);
#1893 = EDGE_LOOP('',(#1894,#1895,#1903,#1911));
#1894 = ORIENTED_EDGE('',*,*,#1873,.T.);
#1895 = ORIENTED_EDGE('',*,*,#1896,.T.);
#1896 = EDGE_CURVE('',#1866,#1897,#1899,.T.);
#1897 = VERTEX_POINT('',#1898);
#1898 = CARTESIAN_POINT('',(1.78E+03,-15.,-130.));
#1899 = LINE('',#1900,#1901);
#1900 = CARTESIAN_POINT('',(900.,-15.,-295.));
#1901 = VECTOR('',#1902,1.);
#1902 = DIRECTION('',(0.982872186934,0.,0.18428853505));
#1903 = ORIENTED_EDGE('',*,*,#1904,.F.);
#1904 = EDGE_CURVE('',#1905,#1897,#1907,.T.);
#1905 = VERTEX_POINT('',#1906);
#1906 = CARTESIAN_POINT('',(1.78E+03,-2.9E-14,-130.));
#1907 = LINE('',#1908,#1909);
#1908 = CARTESIAN_POINT('',(1.78E+03,-2.887E-14,-130.));
#1909 = VECTOR('',#1910,1.);
#1910 = DIRECTION('',(0.,-1.,2.2E-16));
#1911 = ORIENTED_EDGE('',*,*,#1912,.F.);
#1912 = EDGE_CURVE('',#1874,#1905,#1913,.T.);
#1913 = LINE('',#1914,#1915);
#1914 = CARTESIAN_POINT('',(900.,0.,-295.));
#1915 = VECTOR('',#1916,1.);
#1916 = DIRECTION('',(0.982872186934,0.,0.18428853505));
#1917 = PLANE('',#1918);
#1918 = AXIS2_PLACEMENT_3D('',#1919,#1920,#1921);
#1919 = CARTESIAN_POINT('',(900.,-6.55E-14,-295.));
#1920 = DIRECTION('',(-0.18428853505,2.2E-16,0.982872186934));
#1921 = DIRECTION('',(0.982872186934,4.E-17,0.18428853505));
#1922 = ADVANCED_FACE('',(#1923),#1948,.F.);
#1923 = FACE_BOUND('',#1924,.F.);
#1924 = EDGE_LOOP('',(#1925,#1926,#1934,#1942));
#1925 = ORIENTED_EDGE('',*,*,#1904,.T.);
#1926 = ORIENTED_EDGE('',*,*,#1927,.T.);
#1927 = EDGE_CURVE('',#1897,#1928,#1930,.T.);
#1928 = VERTEX_POINT('',#1929);
#1929 = CARTESIAN_POINT('',(1.976471683533E+03,-15.,-55.02856297614));
#1930 = LINE('',#1931,#1932);
#1931 = CARTESIAN_POINT('',(1.78E+03,-15.,-130.));
#1932 = VECTOR('',#1933,1.);
#1933 = DIRECTION('',(0.934289714987,0.,0.356514696009));
#1934 = ORIENTED_EDGE('',*,*,#1935,.F.);
#1935 = EDGE_CURVE('',#1936,#1928,#1938,.T.);
#1936 = VERTEX_POINT('',#1937);
#1937 = CARTESIAN_POINT('',(1.976471683533E+03,-1.2E-14,-55.02856297614)
  );
#1938 = LINE('',#1939,#1940);
#1939 = CARTESIAN_POINT('',(1.976471683533E+03,-1.222E-14,
    -55.02856297614));
#1940 = VECTOR('',#1941,1.);
#1941 = DIRECTION('',(0.,-1.,2.2E-16));
#1942 = ORIENTED_EDGE('',*,*,#1943,.F.);
#1943 = EDGE_CURVE('',#1905,#1936,#1944,.T.);
#1944 = LINE('',#1945,#1946);
#1945 = CARTESIAN_POINT('',(1.78E+03,0.,-130.));
#1946 = VECTOR('',#1947,1.);
#1947 = DIRECTION('',(0.934289714987,0.,0.356514696009));
#1948 = PLANE('',#1949);
#1949 = AXIS2_PLACEMENT_3D('',#1950,#1951,#1952);
#1950 = CARTESIAN_POINT('',(1.78E+03,-2.887E-14,-130.));
#1951 = DIRECTION('',(-0.356514696009,2.1E-16,0.934289714987));
#1952 = DIRECTION('',(0.934289714987,8.E-17,0.356514696009));
#1953 = ADVANCED_FACE('',(#1954),#1981,.T.);
#1954 = FACE_BOUND('',#1955,.F.);
#1955 = EDGE_LOOP('',(#1956,#1957,#1966,#1974));
#1956 = ORIENTED_EDGE('',*,*,#1935,.T.);
#1957 = ORIENTED_EDGE('',*,*,#1958,.T.);
#1958 = EDGE_CURVE('',#1928,#1959,#1961,.T.);
#1959 = VERTEX_POINT('',#1960);
#1960 = CARTESIAN_POINT('',(1.976471683533E+03,-15.,-25.36486452532));
#1961 = CIRCLE('',#1962,15.875);
#1962 = AXIS2_PLACEMENT_3D('',#1963,#1964,#1965);
#1963 = CARTESIAN_POINT('',(1.970812012734E+03,-15.,-40.19671375073));
#1964 = DIRECTION('',(0.,-1.,0.));
#1965 = DIRECTION('',(1.,0.,0.));
#1966 = ORIENTED_EDGE('',*,*,#1967,.F.);
#1967 = EDGE_CURVE('',#1968,#1959,#1970,.T.);
#1968 = VERTEX_POINT('',#1969);
#1969 = CARTESIAN_POINT('',(1.976471683533E+03,-6.E-15,-25.36486452532)
  );
#1970 = LINE('',#1971,#1972);
#1971 = CARTESIAN_POINT('',(1.976471683533E+03,-5.63E-15,-25.36486452532
    ));
#1972 = VECTOR('',#1973,1.);
#1973 = DIRECTION('',(0.,-1.,2.2E-16));
#1974 = ORIENTED_EDGE('',*,*,#1975,.F.);
#1975 = EDGE_CURVE('',#1936,#1968,#1976,.T.);
#1976 = CIRCLE('',#1977,15.875);
#1977 = AXIS2_PLACEMENT_3D('',#1978,#1979,#1980);
#1978 = CARTESIAN_POINT('',(1.970812012734E+03,0.,-40.19671375073));
#1979 = DIRECTION('',(0.,-1.,0.));
#1980 = DIRECTION('',(1.,0.,0.));
#1981 = CYLINDRICAL_SURFACE('',#1982,15.875);
#1982 = AXIS2_PLACEMENT_3D('',#1983,#1984,#1985);
#1983 = CARTESIAN_POINT('',(1.970812012734E+03,-8.93E-15,-40.19671375073
    ));
#1984 = DIRECTION('',(0.,1.,-2.2E-16));
#1985 = DIRECTION('',(1.,0.,0.));
#1986 = ADVANCED_FACE('',(#1987),#2012,.T.);
#1987 = FACE_BOUND('',#1988,.T.);
#1988 = EDGE_LOOP('',(#1989,#1999,#2005,#2006));
#1989 = ORIENTED_EDGE('',*,*,#1990,.T.);
#1990 = EDGE_CURVE('',#1991,#1993,#1995,.T.);
#1991 = VERTEX_POINT('',#1992);
#1992 = CARTESIAN_POINT('',(1.91E+03,0.,0.));
#1993 = VERTEX_POINT('',#1994);
#1994 = CARTESIAN_POINT('',(1.91E+03,-15.,3.E-15));
#1995 = LINE('',#1996,#1997);
#1996 = CARTESIAN_POINT('',(1.91E+03,0.,0.));
#1997 = VECTOR('',#1998,1.);
#1998 = DIRECTION('',(0.,-1.,2.2E-16));
#1999 = ORIENTED_EDGE('',*,*,#2000,.T.);
#2000 = EDGE_CURVE('',#1993,#1959,#2001,.T.);
#2001 = LINE('',#2002,#2003);
#2002 = CARTESIAN_POINT('',(1.91E+03,-15.,3.E-15));
#2003 = VECTOR('',#2004,1.);
#2004 = DIRECTION('',(0.934289714987,0.,-0.356514696009));
#2005 = ORIENTED_EDGE('',*,*,#1967,.F.);
#2006 = ORIENTED_EDGE('',*,*,#2007,.F.);
#2007 = EDGE_CURVE('',#1991,#1968,#2008,.T.);
#2008 = LINE('',#2009,#2010);
#2009 = CARTESIAN_POINT('',(1.91E+03,0.,0.));
#2010 = VECTOR('',#2011,1.);
#2011 = DIRECTION('',(0.934289714987,0.,-0.356514696009));
#2012 = PLANE('',#2013);
#2013 = AXIS2_PLACEMENT_3D('',#2014,#2015,#2016);
#2014 = CARTESIAN_POINT('',(1.91E+03,0.,0.));
#2015 = DIRECTION('',(0.356514696009,2.1E-16,0.934289714987));
#2016 = DIRECTION('',(0.934289714987,-8.E-17,-0.356514696009));
#2017 = ADVANCED_FACE('',(#2018),#2045,.T.);
#2018 = FACE_BOUND('',#2019,.F.);
#2019 = EDGE_LOOP('',(#2020,#2021,#2030,#2038));
#2020 = ORIENTED_EDGE('',*,*,#1990,.T.);
#2021 = ORIENTED_EDGE('',*,*,#2022,.T.);
#2022 = EDGE_CURVE('',#1993,#2023,#2025,.T.);
#2023 = VERTEX_POINT('',#2024);
#2024 = CARTESIAN_POINT('',(1.832557827707E+03,-15.,118.90195434367));
#2025 = CIRCLE('',#2026,130.);
#2026 = AXIS2_PLACEMENT_3D('',#2027,#2028,#2029);
#2027 = CARTESIAN_POINT('',(1.78E+03,-15.,3.E-15));
#2028 = DIRECTION('',(0.,-1.,0.));
#2029 = DIRECTION('',(1.,0.,0.));
#2030 = ORIENTED_EDGE('',*,*,#2031,.F.);
#2031 = EDGE_CURVE('',#2032,#2023,#2034,.T.);
#2032 = VERTEX_POINT('',#2033);
#2033 = CARTESIAN_POINT('',(1.832557827707E+03,2.6E-14,118.90195434367)
  );
#2034 = LINE('',#2035,#2036);
#2035 = CARTESIAN_POINT('',(1.832557827707E+03,2.64E-14,118.90195434367)
  );
#2036 = VECTOR('',#2037,1.);
#2037 = DIRECTION('',(0.,-1.,2.2E-16));
#2038 = ORIENTED_EDGE('',*,*,#2039,.F.);
#2039 = EDGE_CURVE('',#1991,#2032,#2040,.T.);
#2040 = CIRCLE('',#2041,130.);
#2041 = AXIS2_PLACEMENT_3D('',#2042,#2043,#2044);
#2042 = CARTESIAN_POINT('',(1.78E+03,0.,0.));
#2043 = DIRECTION('',(0.,-1.,0.));
#2044 = DIRECTION('',(1.,0.,0.));
#2045 = CYLINDRICAL_SURFACE('',#2046,130.);
#2046 = AXIS2_PLACEMENT_3D('',#2047,#2048,#2049);
#2047 = CARTESIAN_POINT('',(1.78E+03,0.,0.));
#2048 = DIRECTION('',(0.,1.,-2.2E-16));
#2049 = DIRECTION('',(1.,0.,0.));
#2050 = ADVANCED_FACE('',(#2051),#2076,.F.);
#2051 = FACE_BOUND('',#2052,.F.);
#2052 = EDGE_LOOP('',(#2053,#2054,#2062,#2070));
#2053 = ORIENTED_EDGE('',*,*,#2031,.T.);
#2054 = ORIENTED_EDGE('',*,*,#2055,.T.);
#2055 = EDGE_CURVE('',#2023,#2056,#2058,.T.);
#2056 = VERTEX_POINT('',#2057);
#2057 = CARTESIAN_POINT('',(1.794417075987E+03,-15.,201.64556581428));
#2058 = LINE('',#2059,#2060);
#2059 = CARTESIAN_POINT('',(1.832557827707E+03,-15.,118.90195434367));
#2060 = VECTOR('',#2061,1.);
#2061 = DIRECTION('',(-0.41861831901,0.,0.908162266883));
#2062 = ORIENTED_EDGE('',*,*,#2063,.F.);
#2063 = EDGE_CURVE('',#2064,#2056,#2066,.T.);
#2064 = VERTEX_POINT('',#2065);
#2065 = CARTESIAN_POINT('',(1.794417075987E+03,4.5E-14,201.64556581428)
  );
#2066 = LINE('',#2067,#2068);
#2067 = CARTESIAN_POINT('',(1.794417075987E+03,4.477E-14,201.64556581428
    ));
#2068 = VECTOR('',#2069,1.);
#2069 = DIRECTION('',(0.,-1.,2.2E-16));
#2070 = ORIENTED_EDGE('',*,*,#2071,.F.);
#2071 = EDGE_CURVE('',#2032,#2064,#2072,.T.);
#2072 = LINE('',#2073,#2074);
#2073 = CARTESIAN_POINT('',(1.832557827707E+03,0.,118.90195434367));
#2074 = VECTOR('',#2075,1.);
#2075 = DIRECTION('',(-0.41861831901,0.,0.908162266883));
#2076 = PLANE('',#2077);
#2077 = AXIS2_PLACEMENT_3D('',#2078,#2079,#2080);
#2078 = CARTESIAN_POINT('',(1.832557827707E+03,2.64E-14,118.90195434367)
  );
#2079 = DIRECTION('',(-0.908162266883,-9.E-17,-0.41861831901));
#2080 = DIRECTION('',(-0.41861831901,2.E-16,0.908162266883));
#2081 = ADVANCED_FACE('',(#2082),#2109,.T.);
#2082 = FACE_BOUND('',#2083,.F.);
#2083 = EDGE_LOOP('',(#2084,#2085,#2094,#2102));
#2084 = ORIENTED_EDGE('',*,*,#2063,.T.);
#2085 = ORIENTED_EDGE('',*,*,#2086,.T.);
#2086 = EDGE_CURVE('',#2056,#2087,#2089,.T.);
#2087 = VERTEX_POINT('',#2088);
#2088 = CARTESIAN_POINT('',(1.765582924013E+03,-15.,201.64556581428));
#2089 = CIRCLE('',#2090,15.875);
#2090 = AXIS2_PLACEMENT_3D('',#2091,#2092,#2093);
#2091 = CARTESIAN_POINT('',(1.78E+03,-15.,195.));
#2092 = DIRECTION('',(0.,-1.,0.));
#2093 = DIRECTION('',(1.,0.,0.));
#2094 = ORIENTED_EDGE('',*,*,#2095,.F.);
#2095 = EDGE_CURVE('',#2096,#2087,#2098,.T.);
#2096 = VERTEX_POINT('',#2097);
#2097 = CARTESIAN_POINT('',(1.765582924013E+03,4.5E-14,201.64556581428)
  );
#2098 = LINE('',#2099,#2100);
#2099 = CARTESIAN_POINT('',(1.765582924013E+03,4.477E-14,201.64556581428
    ));
#2100 = VECTOR('',#2101,1.);
#2101 = DIRECTION('',(0.,-1.,2.2E-16));
#2102 = ORIENTED_EDGE('',*,*,#2103,.F.);
#2103 = EDGE_CURVE('',#2064,#2096,#2104,.T.);
#2104 = CIRCLE('',#2105,15.875);
#2105 = AXIS2_PLACEMENT_3D('',#2106,#2107,#2108);
#2106 = CARTESIAN_POINT('',(1.78E+03,0.,195.));
#2107 = DIRECTION('',(0.,-1.,0.));
#2108 = DIRECTION('',(1.,0.,0.));
#2109 = CYLINDRICAL_SURFACE('',#2110,15.875);
#2110 = AXIS2_PLACEMENT_3D('',#2111,#2112,#2113);
#2111 = CARTESIAN_POINT('',(1.78E+03,4.33E-14,195.));
#2112 = DIRECTION('',(0.,1.,-2.2E-16));
#2113 = DIRECTION('',(1.,0.,0.));
#2114 = ADVANCED_FACE('',(#2115),#2140,.T.);
#2115 = FACE_BOUND('',#2116,.T.);
#2116 = EDGE_LOOP('',(#2117,#2127,#2133,#2134));
#2117 = ORIENTED_EDGE('',*,*,#2118,.T.);
#2118 = EDGE_CURVE('',#2119,#2121,#2123,.T.);
#2119 = VERTEX_POINT('',#2120);
#2120 = CARTESIAN_POINT('',(1.732557827707E+03,2.9E-14,130.));
#2121 = VERTEX_POINT('',#2122);
#2122 = CARTESIAN_POINT('',(1.732557827707E+03,-15.,130.));
#2123 = LINE('',#2124,#2125);
#2124 = CARTESIAN_POINT('',(1.732557827707E+03,2.887E-14,130.));
#2125 = VECTOR('',#2126,1.);
#2126 = DIRECTION('',(0.,-1.,2.2E-16));
#2127 = ORIENTED_EDGE('',*,*,#2128,.T.);
#2128 = EDGE_CURVE('',#2121,#2087,#2129,.T.);
#2129 = LINE('',#2130,#2131);
#2130 = CARTESIAN_POINT('',(1.732557827707E+03,-15.,130.));
#2131 = VECTOR('',#2132,1.);
#2132 = DIRECTION('',(0.41861831901,0.,0.908162266883));
#2133 = ORIENTED_EDGE('',*,*,#2095,.F.);
#2134 = ORIENTED_EDGE('',*,*,#2135,.F.);
#2135 = EDGE_CURVE('',#2119,#2096,#2136,.T.);
#2136 = LINE('',#2137,#2138);
#2137 = CARTESIAN_POINT('',(1.732557827707E+03,0.,130.));
#2138 = VECTOR('',#2139,1.);
#2139 = DIRECTION('',(0.41861831901,0.,0.908162266883));
#2140 = PLANE('',#2141);
#2141 = AXIS2_PLACEMENT_3D('',#2142,#2143,#2144);
#2142 = CARTESIAN_POINT('',(1.732557827707E+03,2.887E-14,130.));
#2143 = DIRECTION('',(-0.908162266883,9.E-17,0.41861831901));
#2144 = DIRECTION('',(0.41861831901,2.E-16,0.908162266883));
#2145 = ADVANCED_FACE('',(#2146),#2162,.T.);
#2146 = FACE_BOUND('',#2147,.T.);
#2147 = EDGE_LOOP('',(#2148,#2149,#2155,#2156));
#2148 = ORIENTED_EDGE('',*,*,#1599,.T.);
#2149 = ORIENTED_EDGE('',*,*,#2150,.T.);
#2150 = EDGE_CURVE('',#1602,#2121,#2151,.T.);
#2151 = LINE('',#2152,#2153);
#2152 = CARTESIAN_POINT('',(47.442172293232,-15.,130.));
#2153 = VECTOR('',#2154,1.);
#2154 = DIRECTION('',(1.,0.,0.));
#2155 = ORIENTED_EDGE('',*,*,#2118,.F.);
#2156 = ORIENTED_EDGE('',*,*,#2157,.F.);
#2157 = EDGE_CURVE('',#1600,#2119,#2158,.T.);
#2158 = LINE('',#2159,#2160);
#2159 = CARTESIAN_POINT('',(47.442172293232,0.,130.));
#2160 = VECTOR('',#2161,1.);
#2161 = DIRECTION('',(1.,0.,0.));
#2162 = PLANE('',#2163);
#2163 = AXIS2_PLACEMENT_3D('',#2164,#2165,#2166);
#2164 = CARTESIAN_POINT('',(47.442172293232,2.887E-14,130.));
#2165 = DIRECTION('',(0.,2.2E-16,1.));
#2166 = DIRECTION('',(1.,0.,-0.));
#2167 = ADVANCED_FACE('',(#2168),#2195,.F.);
#2168 = FACE_BOUND('',#2169,.T.);
#2169 = EDGE_LOOP('',(#2170,#2180,#2187,#2188));
#2170 = ORIENTED_EDGE('',*,*,#2171,.T.);
#2171 = EDGE_CURVE('',#2172,#2174,#2176,.T.);
#2172 = VERTEX_POINT('',#2173);
#2173 = CARTESIAN_POINT('',(30.,0.,0.));
#2174 = VERTEX_POINT('',#2175);
#2175 = CARTESIAN_POINT('',(30.,-15.,3.E-15));
#2176 = LINE('',#2177,#2178);
#2177 = CARTESIAN_POINT('',(30.,0.,0.));
#2178 = VECTOR('',#2179,1.);
#2179 = DIRECTION('',(0.,-1.,2.2E-16));
#2180 = ORIENTED_EDGE('',*,*,#2181,.T.);
#2181 = EDGE_CURVE('',#2174,#2174,#2182,.T.);
#2182 = CIRCLE('',#2183,30.);
#2183 = AXIS2_PLACEMENT_3D('',#2184,#2185,#2186);
#2184 = CARTESIAN_POINT('',(0.,-15.,3.E-15));
#2185 = DIRECTION('',(0.,-1.,0.));
#2186 = DIRECTION('',(1.,0.,0.));
#2187 = ORIENTED_EDGE('',*,*,#2171,.F.);
#2188 = ORIENTED_EDGE('',*,*,#2189,.F.);
#2189 = EDGE_CURVE('',#2172,#2172,#2190,.T.);
#2190 = CIRCLE('',#2191,30.);
#2191 = AXIS2_PLACEMENT_3D('',#2192,#2193,#2194);
#2192 = CARTESIAN_POINT('',(0.,0.,0.));
#2193 = DIRECTION('',(0.,-1.,0.));
#2194 = DIRECTION('',(1.,0.,0.));
#2195 = CYLINDRICAL_SURFACE('',#2196,30.);
#2196 = AXIS2_PLACEMENT_3D('',#2197,#2198,#2199);
#2197 = CARTESIAN_POINT('',(0.,0.,0.));
#2198 = DIRECTION('',(0.,1.,-2.2E-16));
#2199 = DIRECTION('',(1.,0.,0.));
#2200 = ADVANCED_FACE('',(#2201),#2228,.F.);
#2201 = FACE_BOUND('',#2202,.T.);
#2202 = EDGE_LOOP('',(#2203,#2213,#2220,#2221));
#2203 = ORIENTED_EDGE('',*,*,#2204,.T.);
#2204 = EDGE_CURVE('',#2205,#2207,#2209,.T.);
#2205 = VERTEX_POINT('',#2206);
#2206 = CARTESIAN_POINT('',(1.81E+03,0.,0.));
#2207 = VERTEX_POINT('',#2208);
#2208 = CARTESIAN_POINT('',(1.81E+03,-15.,3.E-15));
#2209 = LINE('',#2210,#2211);
#2210 = CARTESIAN_POINT('',(1.81E+03,0.,0.));
#2211 = VECTOR('',#2212,1.);
#2212 = DIRECTION('',(0.,-1.,2.2E-16));
#2213 = ORIENTED_EDGE('',*,*,#2214,.T.);
#2214 = EDGE_CURVE('',#2207,#2207,#2215,.T.);
#2215 = CIRCLE('',#2216,30.);
#2216 = AXIS2_PLACEMENT_3D('',#2217,#2218,#2219);
#2217 = CARTESIAN_POINT('',(1.78E+03,-15.,3.E-15));
#2218 = DIRECTION('',(0.,-1.,0.));
#2219 = DIRECTION('',(1.,0.,0.));
#2220 = ORIENTED_EDGE('',*,*,#2204,.F.);
#2221 = ORIENTED_EDGE('',*,*,#2222,.F.);
#2222 = EDGE_CURVE('',#2205,#2205,#2223,.T.);
#2223 = CIRCLE('',#2224,30.);
#2224 = AXIS2_PLACEMENT_3D('',#2225,#2226,#2227);
#2225 = CARTESIAN_POINT('',(1.78E+03,0.,0.));
#2226 = DIRECTION('',(0.,-1.,0.));
#2227 = DIRECTION('',(1.,0.,0.));
#2228 = CYLINDRICAL_SURFACE('',#2229,30.);
#2229 = AXIS2_PLACEMENT_3D('',#2230,#2231,#2232);
#2230 = CARTESIAN_POINT('',(1.78E+03,0.,0.));
#2231 = DIRECTION('',(0.,1.,-2.2E-16));
#2232 = DIRECTION('',(1.,0.,0.));
#2233 = ADVANCED_FACE('',(#2234),#2261,.F.);
#2234 = FACE_BOUND('',#2235,.T.);
#2235 = EDGE_LOOP('',(#2236,#2246,#2253,#2254));
#2236 = ORIENTED_EDGE('',*,*,#2237,.T.);
#2237 = EDGE_CURVE('',#2238,#2240,#2242,.T.);
#2238 = VERTEX_POINT('',#2239);
#2239 = CARTESIAN_POINT('',(1.441615336358E+03,-8.E-15,-34.53606221643)
  );
#2240 = VERTEX_POINT('',#2241);
#2241 = CARTESIAN_POINT('',(1.441615336358E+03,-15.,-34.53606221643));
#2242 = LINE('',#2243,#2244);
#2243 = CARTESIAN_POINT('',(1.441615336358E+03,-7.67E-15,-34.53606221643
    ));
#2244 = VECTOR('',#2245,1.);
#2245 = DIRECTION('',(0.,-1.,2.2E-16));
#2246 = ORIENTED_EDGE('',*,*,#2247,.T.);
#2247 = EDGE_CURVE('',#2240,#2240,#2248,.T.);
#2248 = CIRCLE('',#2249,30.);
#2249 = AXIS2_PLACEMENT_3D('',#2250,#2251,#2252);
#2250 = CARTESIAN_POINT('',(1.411615336358E+03,-15.,-34.53606221643));
#2251 = DIRECTION('',(0.,-1.,0.));
#2252 = DIRECTION('',(1.,0.,0.));
#2253 = ORIENTED_EDGE('',*,*,#2237,.F.);
#2254 = ORIENTED_EDGE('',*,*,#2255,.F.);
#2255 = EDGE_CURVE('',#2238,#2238,#2256,.T.);
#2256 = CIRCLE('',#2257,30.);
#2257 = AXIS2_PLACEMENT_3D('',#2258,#2259,#2260);
#2258 = CARTESIAN_POINT('',(1.411615336358E+03,0.,-34.53606221643));
#2259 = DIRECTION('',(0.,-1.,0.));
#2260 = DIRECTION('',(1.,0.,0.));
#2261 = CYLINDRICAL_SURFACE('',#2262,30.);
#2262 = AXIS2_PLACEMENT_3D('',#2263,#2264,#2265);
#2263 = CARTESIAN_POINT('',(1.411615336358E+03,-7.67E-15,-34.53606221643
    ));
#2264 = DIRECTION('',(0.,1.,-2.2E-16));
#2265 = DIRECTION('',(1.,0.,0.));
#2266 = ADVANCED_FACE('',(#2267),#2294,.F.);
#2267 = FACE_BOUND('',#2268,.T.);
#2268 = EDGE_LOOP('',(#2269,#2279,#2286,#2287));
#2269 = ORIENTED_EDGE('',*,*,#2270,.T.);
#2270 = EDGE_CURVE('',#2271,#2273,#2275,.T.);
#2271 = VERTEX_POINT('',#2272);
#2272 = CARTESIAN_POINT('',(1.977162012734E+03,-9.E-15,-40.19671375073)
  );
#2273 = VERTEX_POINT('',#2274);
#2274 = CARTESIAN_POINT('',(1.977162012734E+03,-15.,-40.19671375073));
#2275 = LINE('',#2276,#2277);
#2276 = CARTESIAN_POINT('',(1.977162012734E+03,-8.93E-15,-40.19671375073
    ));
#2277 = VECTOR('',#2278,1.);
#2278 = DIRECTION('',(0.,-1.,2.2E-16));
#2279 = ORIENTED_EDGE('',*,*,#2280,.T.);
#2280 = EDGE_CURVE('',#2273,#2273,#2281,.T.);
#2281 = CIRCLE('',#2282,6.35);
#2282 = AXIS2_PLACEMENT_3D('',#2283,#2284,#2285);
#2283 = CARTESIAN_POINT('',(1.970812012734E+03,-15.,-40.19671375073));
#2284 = DIRECTION('',(0.,-1.,0.));
#2285 = DIRECTION('',(1.,0.,0.));
#2286 = ORIENTED_EDGE('',*,*,#2270,.F.);
#2287 = ORIENTED_EDGE('',*,*,#2288,.F.);
#2288 = EDGE_CURVE('',#2271,#2271,#2289,.T.);
#2289 = CIRCLE('',#2290,6.35);
#2290 = AXIS2_PLACEMENT_3D('',#2291,#2292,#2293);
#2291 = CARTESIAN_POINT('',(1.970812012734E+03,0.,-40.19671375073));
#2292 = DIRECTION('',(0.,-1.,0.));
#2293 = DIRECTION('',(1.,0.,0.));
#2294 = CYLINDRICAL_SURFACE('',#2295,6.35);
#2295 = AXIS2_PLACEMENT_3D('',#2296,#2297,#2298);
#2296 = CARTESIAN_POINT('',(1.970812012734E+03,-8.93E-15,-40.19671375073
    ));
#2297 = DIRECTION('',(0.,1.,-2.2E-16));
#2298 = DIRECTION('',(1.,0.,0.));
#2299 = ADVANCED_FACE('',(#2300),#2327,.F.);
#2300 = FACE_BOUND('',#2301,.T.);
#2301 = EDGE_LOOP('',(#2302,#2312,#2319,#2320));
#2302 = ORIENTED_EDGE('',*,*,#2303,.T.);
#2303 = EDGE_CURVE('',#2304,#2306,#2308,.T.);
#2304 = VERTEX_POINT('',#2305);
#2305 = CARTESIAN_POINT('',(1.78635E+03,4.3E-14,195.));
#2306 = VERTEX_POINT('',#2307);
#2307 = CARTESIAN_POINT('',(1.78635E+03,-15.,195.));
#2308 = LINE('',#2309,#2310);
#2309 = CARTESIAN_POINT('',(1.78635E+03,4.33E-14,195.));
#2310 = VECTOR('',#2311,1.);
#2311 = DIRECTION('',(0.,-1.,2.2E-16));
#2312 = ORIENTED_EDGE('',*,*,#2313,.T.);
#2313 = EDGE_CURVE('',#2306,#2306,#2314,.T.);
#2314 = CIRCLE('',#2315,6.35);
#2315 = AXIS2_PLACEMENT_3D('',#2316,#2317,#2318);
#2316 = CARTESIAN_POINT('',(1.78E+03,-15.,195.));
#2317 = DIRECTION('',(0.,-1.,0.));
#2318 = DIRECTION('',(1.,0.,0.));
#2319 = ORIENTED_EDGE('',*,*,#2303,.F.);
#2320 = ORIENTED_EDGE('',*,*,#2321,.F.);
#2321 = EDGE_CURVE('',#2304,#2304,#2322,.T.);
#2322 = CIRCLE('',#2323,6.35);
#2323 = AXIS2_PLACEMENT_3D('',#2324,#2325,#2326);
#2324 = CARTESIAN_POINT('',(1.78E+03,0.,195.));
#2325 = DIRECTION('',(0.,-1.,0.));
#2326 = DIRECTION('',(1.,0.,0.));
#2327 = CYLINDRICAL_SURFACE('',#2328,6.35);
#2328 = AXIS2_PLACEMENT_3D('',#2329,#2330,#2331);
#2329 = CARTESIAN_POINT('',(1.78E+03,4.33E-14,195.));
#2330 = DIRECTION('',(0.,1.,-2.2E-16));
#2331 = DIRECTION('',(1.,0.,0.));
#2332 = ADVANCED_FACE('',(#2333),#2360,.F.);
#2333 = FACE_BOUND('',#2334,.T.);
#2334 = EDGE_LOOP('',(#2335,#2345,#2352,#2353));
#2335 = ORIENTED_EDGE('',*,*,#2336,.T.);
#2336 = EDGE_CURVE('',#2337,#2339,#2341,.T.);
#2337 = VERTEX_POINT('',#2338);
#2338 = CARTESIAN_POINT('',(6.35,4.3E-14,195.));
#2339 = VERTEX_POINT('',#2340);
#2340 = CARTESIAN_POINT('',(6.35,-15.,195.));
#2341 = LINE('',#2342,#2343);
#2342 = CARTESIAN_POINT('',(6.35,4.33E-14,195.));
#2343 = VECTOR('',#2344,1.);
#2344 = DIRECTION('',(0.,-1.,2.2E-16));
#2345 = ORIENTED_EDGE('',*,*,#2346,.T.);
#2346 = EDGE_CURVE('',#2339,#2339,#2347,.T.);
#2347 = CIRCLE('',#2348,6.35);
#2348 = AXIS2_PLACEMENT_3D('',#2349,#2350,#2351);
#2349 = CARTESIAN_POINT('',(0.,-15.,195.));
#2350 = DIRECTION('',(0.,-1.,0.));
#2351 = DIRECTION('',(1.,0.,0.));
#2352 = ORIENTED_EDGE('',*,*,#2336,.F.);
#2353 = ORIENTED_EDGE('',*,*,#2354,.F.);
#2354 = EDGE_CURVE('',#2337,#2337,#2355,.T.);
#2355 = CIRCLE('',#2356,6.35);
#2356 = AXIS2_PLACEMENT_3D('',#2357,#2358,#2359);
#2357 = CARTESIAN_POINT('',(0.,0.,195.));
#2358 = DIRECTION('',(0.,-1.,0.));
#2359 = DIRECTION('',(1.,0.,0.));
#2360 = CYLINDRICAL_SURFACE('',#2361,6.35);
#2361 = AXIS2_PLACEMENT_3D('',#2362,#2363,#2364);
#2362 = CARTESIAN_POINT('',(0.,4.33E-14,195.));
#2363 = DIRECTION('',(0.,1.,-2.2E-16));
#2364 = DIRECTION('',(1.,0.,0.));
#2365 = ADVANCED_FACE('',(#2366),#2393,.F.);
#2366 = FACE_BOUND('',#2367,.T.);
#2367 = EDGE_LOOP('',(#2368,#2378,#2385,#2386));
#2368 = ORIENTED_EDGE('',*,*,#2369,.T.);
#2369 = EDGE_CURVE('',#2370,#2372,#2374,.T.);
#2370 = VERTEX_POINT('',#2371);
#2371 = CARTESIAN_POINT('',(-188.65,0.,0.));
#2372 = VERTEX_POINT('',#2373);
#2373 = CARTESIAN_POINT('',(-188.65,-15.,3.E-15));
#2374 = LINE('',#2375,#2376);
#2375 = CARTESIAN_POINT('',(-188.65,0.,0.));
#2376 = VECTOR('',#2377,1.);
#2377 = DIRECTION('',(0.,-1.,2.2E-16));
#2378 = ORIENTED_EDGE('',*,*,#2379,.T.);
#2379 = EDGE_CURVE('',#2372,#2372,#2380,.T.);
#2380 = CIRCLE('',#2381,6.35);
#2381 = AXIS2_PLACEMENT_3D('',#2382,#2383,#2384);
#2382 = CARTESIAN_POINT('',(-195.,-15.,3.E-15));
#2383 = DIRECTION('',(0.,-1.,0.));
#2384 = DIRECTION('',(1.,0.,0.));
#2385 = ORIENTED_EDGE('',*,*,#2369,.F.);
#2386 = ORIENTED_EDGE('',*,*,#2387,.F.);
#2387 = EDGE_CURVE('',#2370,#2370,#2388,.T.);
#2388 = CIRCLE('',#2389,6.35);
#2389 = AXIS2_PLACEMENT_3D('',#2390,#2391,#2392);
#2390 = CARTESIAN_POINT('',(-195.,0.,0.));
#2391 = DIRECTION('',(0.,-1.,0.));
#2392 = DIRECTION('',(1.,0.,0.));
#2393 = CYLINDRICAL_SURFACE('',#2394,6.35);
#2394 = AXIS2_PLACEMENT_3D('',#2395,#2396,#2397);
#2395 = CARTESIAN_POINT('',(-195.,0.,0.));
#2396 = DIRECTION('',(0.,1.,-2.2E-16));
#2397 = DIRECTION('',(1.,0.,0.));
#2398 = ADVANCED_FACE('',(#2399),#2426,.F.);
#2399 = FACE_BOUND('',#2400,.T.);
#2400 = EDGE_LOOP('',(#2401,#2411,#2418,#2419));
#2401 = ORIENTED_EDGE('',*,*,#2402,.T.);
#2402 = EDGE_CURVE('',#2403,#2405,#2407,.T.);
#2403 = VERTEX_POINT('',#2404);
#2404 = CARTESIAN_POINT('',(1.607803744148E+03,-1.9E-14,-87.17045142797)
  );
#2405 = VERTEX_POINT('',#2406);
#2406 = CARTESIAN_POINT('',(1.607803744148E+03,-15.,-87.17045142797));
#2407 = LINE('',#2408,#2409);
#2408 = CARTESIAN_POINT('',(1.607803744148E+03,-1.936E-14,
    -87.17045142797));
#2409 = VECTOR('',#2410,1.);
#2410 = DIRECTION('',(0.,-1.,2.2E-16));
#2411 = ORIENTED_EDGE('',*,*,#2412,.T.);
#2412 = EDGE_CURVE('',#2405,#2405,#2413,.T.);
#2413 = CIRCLE('',#2414,6.35);
#2414 = AXIS2_PLACEMENT_3D('',#2415,#2416,#2417);
#2415 = CARTESIAN_POINT('',(1.601453744148E+03,-15.,-87.17045142797));
#2416 = DIRECTION('',(0.,-1.,0.));
#2417 = DIRECTION('',(1.,0.,0.));
#2418 = ORIENTED_EDGE('',*,*,#2402,.F.);
#2419 = ORIENTED_EDGE('',*,*,#2420,.F.);
#2420 = EDGE_CURVE('',#2403,#2403,#2421,.T.);
#2421 = CIRCLE('',#2422,6.35);
#2422 = AXIS2_PLACEMENT_3D('',#2423,#2424,#2425);
#2423 = CARTESIAN_POINT('',(1.601453744148E+03,0.,-87.17045142797));
#2424 = DIRECTION('',(0.,-1.,0.));
#2425 = DIRECTION('',(1.,0.,0.));
#2426 = CYLINDRICAL_SURFACE('',#2427,6.35);
#2427 = AXIS2_PLACEMENT_3D('',#2428,#2429,#2430);
#2428 = CARTESIAN_POINT('',(1.601453744148E+03,-1.936E-14,
    -87.17045142797));
#2429 = DIRECTION('',(0.,1.,-2.2E-16));
#2430 = DIRECTION('',(1.,0.,0.));
#2431 = ADVANCED_FACE('',(#2432,#2452,#2455,#2458,#2461,#2464,#2467,
    #2470,#2473),#2476,.T.);
#2432 = FACE_BOUND('',#2433,.F.);
#2433 = EDGE_LOOP('',(#2434,#2435,#2436,#2437,#2438,#2439,#2440,#2441,
    #2442,#2443,#2444,#2445,#2446,#2447,#2448,#2449,#2450,#2451));
#2434 = ORIENTED_EDGE('',*,*,#1625,.T.);
#2435 = ORIENTED_EDGE('',*,*,#1657,.T.);
#2436 = ORIENTED_EDGE('',*,*,#1689,.F.);
#2437 = ORIENTED_EDGE('',*,*,#1721,.T.);
#2438 = ORIENTED_EDGE('',*,*,#1753,.T.);
#2439 = ORIENTED_EDGE('',*,*,#1785,.T.);
#2440 = ORIENTED_EDGE('',*,*,#1817,.F.);
#2441 = ORIENTED_EDGE('',*,*,#1849,.T.);
#2442 = ORIENTED_EDGE('',*,*,#1881,.T.);
#2443 = ORIENTED_EDGE('',*,*,#1912,.T.);
#2444 = ORIENTED_EDGE('',*,*,#1943,.T.);
#2445 = ORIENTED_EDGE('',*,*,#1975,.T.);
#2446 = ORIENTED_EDGE('',*,*,#2007,.F.);
#2447 = ORIENTED_EDGE('',*,*,#2039,.T.);
#2448 = ORIENTED_EDGE('',*,*,#2071,.T.);
#2449 = ORIENTED_EDGE('',*,*,#2103,.T.);
#2450 = ORIENTED_EDGE('',*,*,#2135,.F.);
#2451 = ORIENTED_EDGE('',*,*,#2157,.F.);
#2452 = FACE_BOUND('',#2453,.T.);
#2453 = EDGE_LOOP('',(#2454));
#2454 = ORIENTED_EDGE('',*,*,#2189,.T.);
#2455 = FACE_BOUND('',#2456,.T.);
#2456 = EDGE_LOOP('',(#2457));
#2457 = ORIENTED_EDGE('',*,*,#2222,.T.);
#2458 = FACE_BOUND('',#2459,.T.);
#2459 = EDGE_LOOP('',(#2460));
#2460 = ORIENTED_EDGE('',*,*,#2255,.T.);
#2461 = FACE_BOUND('',#2462,.T.);
#2462 = EDGE_LOOP('',(#2463));
#2463 = ORIENTED_EDGE('',*,*,#2288,.T.);
#2464 = FACE_BOUND('',#2465,.T.);
#2465 = EDGE_LOOP('',(#2466));
#2466 = ORIENTED_EDGE('',*,*,#2321,.T.);
#2467 = FACE_BOUND('',#2468,.T.);
#2468 = EDGE_LOOP('',(#2469));
#2469 = ORIENTED_EDGE('',*,*,#2354,.T.);
#2470 = FACE_BOUND('',#2471,.T.);
#2471 = EDGE_LOOP('',(#2472));
#2472 = ORIENTED_EDGE('',*,*,#2387,.T.);
#2473 = FACE_BOUND('',#2474,.T.);
#2474 = EDGE_LOOP('',(#2475));
#2475 = ORIENTED_EDGE('',*,*,#2420,.T.);
#2476 = PLANE('',#2477);
#2477 = AXIS2_PLACEMENT_3D('',#2478,#2479,#2480);
#2478 = CARTESIAN_POINT('',(909.75925602632,-4.55E-15,-20.47335024974));
#2479 = DIRECTION('',(0.,1.,-2.2E-16));
#2480 = DIRECTION('',(0.,2.2E-16,1.));
#2481 = ADVANCED_FACE('',(#2482,#2502,#2505,#2508,#2511,#2514,#2517,
    #2520,#2523),#2526,.F.);
#2482 = FACE_BOUND('',#2483,.T.);
#2483 = EDGE_LOOP('',(#2484,#2485,#2486,#2487,#2488,#2489,#2490,#2491,
    #2492,#2493,#2494,#2495,#2496,#2497,#2498,#2499,#2500,#2501));
#2484 = ORIENTED_EDGE('',*,*,#1609,.T.);
#2485 = ORIENTED_EDGE('',*,*,#1640,.T.);
#2486 = ORIENTED_EDGE('',*,*,#1682,.F.);
#2487 = ORIENTED_EDGE('',*,*,#1704,.T.);
#2488 = ORIENTED_EDGE('',*,*,#1737,.T.);
#2489 = ORIENTED_EDGE('',*,*,#1768,.T.);
#2490 = ORIENTED_EDGE('',*,*,#1810,.F.);
#2491 = ORIENTED_EDGE('',*,*,#1832,.T.);
#2492 = ORIENTED_EDGE('',*,*,#1865,.T.);
#2493 = ORIENTED_EDGE('',*,*,#1896,.T.);
#2494 = ORIENTED_EDGE('',*,*,#1927,.T.);
#2495 = ORIENTED_EDGE('',*,*,#1958,.T.);
#2496 = ORIENTED_EDGE('',*,*,#2000,.F.);
#2497 = ORIENTED_EDGE('',*,*,#2022,.T.);
#2498 = ORIENTED_EDGE('',*,*,#2055,.T.);
#2499 = ORIENTED_EDGE('',*,*,#2086,.T.);
#2500 = ORIENTED_EDGE('',*,*,#2128,.F.);
#2501 = ORIENTED_EDGE('',*,*,#2150,.F.);
#2502 = FACE_BOUND('',#2503,.F.);
#2503 = EDGE_LOOP('',(#2504));
#2504 = ORIENTED_EDGE('',*,*,#2181,.T.);
#2505 = FACE_BOUND('',#2506,.F.);
#2506 = EDGE_LOOP('',(#2507));
#2507 = ORIENTED_EDGE('',*,*,#2214,.T.);
#2508 = FACE_BOUND('',#2509,.F.);
#2509 = EDGE_LOOP('',(#2510));
#2510 = ORIENTED_EDGE('',*,*,#2247,.T.);
#2511 = FACE_BOUND('',#2512,.F.);
#2512 = EDGE_LOOP('',(#2513));
#2513 = ORIENTED_EDGE('',*,*,#2280,.T.);
#2514 = FACE_BOUND('',#2515,.F.);
#2515 = EDGE_LOOP('',(#2516));
#2516 = ORIENTED_EDGE('',*,*,#2313,.T.);
#2517 = FACE_BOUND('',#2518,.F.);
#2518 = EDGE_LOOP('',(#2519));
#2519 = ORIENTED_EDGE('',*,*,#2346,.T.);
#2520 = FACE_BOUND('',#2521,.F.);
#2521 = EDGE_LOOP('',(#2522));
#2522 = ORIENTED_EDGE('',*,*,#2379,.T.);
#2523 = FACE_BOUND('',#2524,.F.);
#2524 = EDGE_LOOP('',(#2525));
#2525 = ORIENTED_EDGE('',*,*,#2412,.T.);
#2526 = PLANE('',#2527);
#2527 = AXIS2_PLACEMENT_3D('',#2528,#2529,#2530);
#2528 = CARTESIAN_POINT('',(909.75925602632,-15.,-20.47335024974));
#2529 = DIRECTION('',(0.,1.,-2.2E-16));
#2530 = DIRECTION('',(0.,2.2E-16,1.));
#2531 = ( GEOMETRIC_REPRESENTATION_CONTEXT(3) 
GLOBAL_UNCERTAINTY_ASSIGNED_CONTEXT((#2535)) 
GLOBAL_UNIT_ASSIGNED_CONTEXT((#2532,#2533,#2534)) REPRESENTATION_CONTEXT
('Context #1','3D Context with UNIT and UNCERTAINTY') );
#2532 = ( LENGTH_UNIT() NAMED_UNIT(*) SI_UNIT(.MILLI.,.METRE.) );
#2533 = ( NAMED_UNIT(*) PLANE_ANGLE_UNIT() SI_UNIT($,.RADIAN.) );
#2534 = ( NAMED_UNIT(*) SI_UNIT($,.STERADIAN.) SOLID_ANGLE_UNIT() );
#2535 = UNCERTAINTY_MEASURE_WITH_UNIT(LENGTH_MEASURE(1.E-07),#2532,
  'distance_accuracy_value','confusion accuracy');
#2536 = CONTEXT_DEPENDENT_SHAPE_REPRESENTATION(#2537,#2539);
#2537 = ( REPRESENTATION_RELATIONSHIP('','',#1592,#1545) 
REPRESENTATION_RELATIONSHIP_WITH_TRANSFORMATION(#2538) 
SHAPE_REPRESENTATION_RELATIONSHIP() );
#2538 = ITEM_DEFINED_TRANSFORMATION('','',#11,#1546);
#2539 = PRODUCT_DEFINITION_SHAPE('Placement','Placement of an item',
  #2540);
#2540 = NEXT_ASSEMBLY_USAGE_OCCURRENCE('18','Body014','',#1540,#1587,$);
#2541 = CC_DESIGN_SECURITY_CLASSIFICATION(#2542,(#2540));
#2542 = SECURITY_CLASSIFICATION('','',#47);
#2543 = CC_DESIGN_PERSON_AND_ORGANIZATION_ASSIGNMENT(#36,#45,(#2542));
#2544 = CC_DESIGN_DATE_AND_TIME_ASSIGNMENT(#50,#56,(#2542));
#2545 = CC_DESIGN_APPROVAL(#58,(#2542));
#2546 = PRODUCT_RELATED_PRODUCT_CATEGORY('detail',$,(#1589));
#2547 = PRODUCT_CATEGORY_RELATIONSHIP('','',#2548,#2546);
#2548 = PRODUCT_CATEGORY('part',$);
#2549 = CC_DESIGN_PERSON_AND_ORGANIZATION_ASSIGNMENT(#36,#39,(#1588,
    #1587));
#2550 = CC_DESIGN_PERSON_AND_ORGANIZATION_ASSIGNMENT(#36,#41,(#1589));
#2551 = CC_DESIGN_PERSON_AND_ORGANIZATION_ASSIGNMENT(#36,#43,(#1588));
#2552 = CC_DESIGN_PERSON_AND_ORGANIZATION_ASSIGNMENT(#36,#45,(#2553));
#2553 = SECURITY_CLASSIFICATION('','',#47);
#2554 = CC_DESIGN_SECURITY_CLASSIFICATION(#2553,(#1588));
#2555 = CC_DESIGN_DATE_AND_TIME_ASSIGNMENT(#50,#54,(#1587));
#2556 = CC_DESIGN_DATE_AND_TIME_ASSIGNMENT(#50,#56,(#2553));
#2557 = CC_DESIGN_APPROVAL(#58,(#1588,#1587,#2553));
#2558 = SHAPE_DEFINITION_REPRESENTATION(#2559,#2565);
#2559 = PRODUCT_DEFINITION_SHAPE('','',#2560);
#2560 = PRODUCT_DEFINITION('design','',#2561,#2564);
#2561 = PRODUCT_DEFINITION_FORMATION_WITH_SPECIFIED_SOURCE('','',#2562,
  .NOT_KNOWN.);
#2562 = PRODUCT('Body','Body','',(#2563));
#2563 = MECHANICAL_CONTEXT('',#2,'mechanical');
#2564 = DESIGN_CONTEXT('',#2,'design');
#2565 = ADVANCED_BREP_SHAPE_REPRESENTATION('',(#11,#2566),#3268);
#2566 = MANIFOLD_SOLID_BREP('',#2567);
#2567 = CLOSED_SHELL('',(#2568,#2608,#2641,#2674,#2707,#2738,#2769,#2800
    ,#2833,#2866,#2899,#2930,#2963,#2996,#3029,#3060,#3091,#3122,#3155,
    #3188,#3212,#3240));
#2568 = ADVANCED_FACE('',(#2569),#2603,.T.);
#2569 = FACE_BOUND('',#2570,.T.);
#2570 = EDGE_LOOP('',(#2571,#2581,#2589,#2597));
#2571 = ORIENTED_EDGE('',*,*,#2572,.T.);
#2572 = EDGE_CURVE('',#2573,#2575,#2577,.T.);
#2573 = VERTEX_POINT('',#2574);
#2574 = CARTESIAN_POINT('',(208.74903363522,1.9E-14,85.));
#2575 = VERTEX_POINT('',#2576);
#2576 = CARTESIAN_POINT('',(208.74903363522,-85.,85.));
#2577 = LINE('',#2578,#2579);
#2578 = CARTESIAN_POINT('',(208.74903363522,1.887E-14,85.));
#2579 = VECTOR('',#2580,1.);
#2580 = DIRECTION('',(0.,-1.,2.2E-16));
#2581 = ORIENTED_EDGE('',*,*,#2582,.T.);
#2582 = EDGE_CURVE('',#2575,#2583,#2585,.T.);
#2583 = VERTEX_POINT('',#2584);
#2584 = CARTESIAN_POINT('',(1.259279150235E+03,-85.,85.));
#2585 = LINE('',#2586,#2587);
#2586 = CARTESIAN_POINT('',(208.74903363522,-85.,85.));
#2587 = VECTOR('',#2588,1.);
#2588 = DIRECTION('',(1.,0.,0.));
#2589 = ORIENTED_EDGE('',*,*,#2590,.F.);
#2590 = EDGE_CURVE('',#2591,#2583,#2593,.T.);
#2591 = VERTEX_POINT('',#2592);
#2592 = CARTESIAN_POINT('',(1.259279150235E+03,1.9E-14,85.));
#2593 = LINE('',#2594,#2595);
#2594 = CARTESIAN_POINT('',(1.259279150235E+03,1.887E-14,85.));
#2595 = VECTOR('',#2596,1.);
#2596 = DIRECTION('',(0.,-1.,2.2E-16));
#2597 = ORIENTED_EDGE('',*,*,#2598,.F.);
#2598 = EDGE_CURVE('',#2573,#2591,#2599,.T.);
#2599 = LINE('',#2600,#2601);
#2600 = CARTESIAN_POINT('',(208.74903363522,0.,85.));
#2601 = VECTOR('',#2602,1.);
#2602 = DIRECTION('',(1.,0.,0.));
#2603 = PLANE('',#2604);
#2604 = AXIS2_PLACEMENT_3D('',#2605,#2606,#2607);
#2605 = CARTESIAN_POINT('',(208.74903363522,1.887E-14,85.));
#2606 = DIRECTION('',(0.,2.2E-16,1.));
#2607 = DIRECTION('',(1.,0.,-0.));
#2608 = ADVANCED_FACE('',(#2609),#2636,.T.);
#2609 = FACE_BOUND('',#2610,.F.);
#2610 = EDGE_LOOP('',(#2611,#2621,#2628,#2629));
#2611 = ORIENTED_EDGE('',*,*,#2612,.T.);
#2612 = EDGE_CURVE('',#2613,#2615,#2617,.T.);
#2613 = VERTEX_POINT('',#2614);
#2614 = CARTESIAN_POINT('',(1.279633884864E+03,1.E-14,45.485015391793));
#2615 = VERTEX_POINT('',#2616);
#2616 = CARTESIAN_POINT('',(1.279633884864E+03,-85.,45.485015391793));
#2617 = LINE('',#2618,#2619);
#2618 = CARTESIAN_POINT('',(1.279633884864E+03,1.01E-14,45.485015391793)
  );
#2619 = VECTOR('',#2620,1.);
#2620 = DIRECTION('',(0.,-1.,2.2E-16));
#2621 = ORIENTED_EDGE('',*,*,#2622,.T.);
#2622 = EDGE_CURVE('',#2615,#2583,#2623,.T.);
#2623 = CIRCLE('',#2624,25.);
#2624 = AXIS2_PLACEMENT_3D('',#2625,#2626,#2627);
#2625 = CARTESIAN_POINT('',(1.259279150235E+03,-85.,60.));
#2626 = DIRECTION('',(0.,-1.,0.));
#2627 = DIRECTION('',(1.,0.,0.));
#2628 = ORIENTED_EDGE('',*,*,#2590,.F.);
#2629 = ORIENTED_EDGE('',*,*,#2630,.F.);
#2630 = EDGE_CURVE('',#2613,#2591,#2631,.T.);
#2631 = CIRCLE('',#2632,25.);
#2632 = AXIS2_PLACEMENT_3D('',#2633,#2634,#2635);
#2633 = CARTESIAN_POINT('',(1.259279150235E+03,0.,60.));
#2634 = DIRECTION('',(0.,-1.,0.));
#2635 = DIRECTION('',(1.,0.,0.));
#2636 = CYLINDRICAL_SURFACE('',#2637,25.);
#2637 = AXIS2_PLACEMENT_3D('',#2638,#2639,#2640);
#2638 = CARTESIAN_POINT('',(1.259279150235E+03,1.332E-14,60.));
#2639 = DIRECTION('',(0.,1.,-2.2E-16));
#2640 = DIRECTION('',(1.,0.,0.));
#2641 = ADVANCED_FACE('',(#2642),#2669,.F.);
#2642 = FACE_BOUND('',#2643,.T.);
#2643 = EDGE_LOOP('',(#2644,#2645,#2654,#2662));
#2644 = ORIENTED_EDGE('',*,*,#2612,.T.);
#2645 = ORIENTED_EDGE('',*,*,#2646,.T.);
#2646 = EDGE_CURVE('',#2615,#2647,#2649,.T.);
#2647 = VERTEX_POINT('',#2648);
#2648 = CARTESIAN_POINT('',(1.279633884864E+03,-85.,-142.8330078664));
#2649 = CIRCLE('',#2650,162.17552786082);
#2650 = AXIS2_PLACEMENT_3D('',#2651,#2652,#2653);
#2651 = CARTESIAN_POINT('',(1.411675478182E+03,-85.,-48.67399623731));
#2652 = DIRECTION('',(0.,-1.,0.));
#2653 = DIRECTION('',(1.,0.,0.));
#2654 = ORIENTED_EDGE('',*,*,#2655,.F.);
#2655 = EDGE_CURVE('',#2656,#2647,#2658,.T.);
#2656 = VERTEX_POINT('',#2657);
#2657 = CARTESIAN_POINT('',(1.279633884864E+03,-3.2E-14,-142.8330078664)
  );
#2658 = LINE('',#2659,#2660);
#2659 = CARTESIAN_POINT('',(1.279633884864E+03,-3.172E-14,
    -142.8330078664));
#2660 = VECTOR('',#2661,1.);
#2661 = DIRECTION('',(0.,-1.,2.2E-16));
#2662 = ORIENTED_EDGE('',*,*,#2663,.F.);
#2663 = EDGE_CURVE('',#2613,#2656,#2664,.T.);
#2664 = CIRCLE('',#2665,162.17552786082);
#2665 = AXIS2_PLACEMENT_3D('',#2666,#2667,#2668);
#2666 = CARTESIAN_POINT('',(1.411675478182E+03,0.,-48.67399623731));
#2667 = DIRECTION('',(0.,-1.,0.));
#2668 = DIRECTION('',(1.,0.,0.));
#2669 = CYLINDRICAL_SURFACE('',#2670,162.17552786082);
#2670 = AXIS2_PLACEMENT_3D('',#2671,#2672,#2673);
#2671 = CARTESIAN_POINT('',(1.411675478182E+03,-1.081E-14,
    -48.67399623731));
#2672 = DIRECTION('',(0.,1.,-2.2E-16));
#2673 = DIRECTION('',(1.,0.,0.));
#2674 = ADVANCED_FACE('',(#2675),#2702,.T.);
#2675 = FACE_BOUND('',#2676,.F.);
#2676 = EDGE_LOOP('',(#2677,#2687,#2694,#2695));
#2677 = ORIENTED_EDGE('',*,*,#2678,.T.);
#2678 = EDGE_CURVE('',#2679,#2681,#2683,.T.);
#2679 = VERTEX_POINT('',#2680);
#2680 = CARTESIAN_POINT('',(1.263826824792E+03,-4.E-14,-181.9308860416)
  );
#2681 = VERTEX_POINT('',#2682);
#2682 = CARTESIAN_POINT('',(1.263826824792E+03,-85.,-181.9308860416));
#2683 = LINE('',#2684,#2685);
#2684 = CARTESIAN_POINT('',(1.263826824792E+03,-4.04E-14,-181.9308860416
    ));
#2685 = VECTOR('',#2686,1.);
#2686 = DIRECTION('',(0.,-1.,2.2E-16));
#2687 = ORIENTED_EDGE('',*,*,#2688,.T.);
#2688 = EDGE_CURVE('',#2681,#2647,#2689,.T.);
#2689 = CIRCLE('',#2690,25.);
#2690 = AXIS2_PLACEMENT_3D('',#2691,#2692,#2693);
#2691 = CARTESIAN_POINT('',(1.259279150235E+03,-85.,-157.3479924746));
#2692 = DIRECTION('',(0.,-1.,0.));
#2693 = DIRECTION('',(1.,0.,0.));
#2694 = ORIENTED_EDGE('',*,*,#2655,.F.);
#2695 = ORIENTED_EDGE('',*,*,#2696,.F.);
#2696 = EDGE_CURVE('',#2679,#2656,#2697,.T.);
#2697 = CIRCLE('',#2698,25.);
#2698 = AXIS2_PLACEMENT_3D('',#2699,#2700,#2701);
#2699 = CARTESIAN_POINT('',(1.259279150235E+03,0.,-157.3479924746));
#2700 = DIRECTION('',(0.,-1.,0.));
#2701 = DIRECTION('',(1.,0.,0.));
#2702 = CYLINDRICAL_SURFACE('',#2703,25.);
#2703 = AXIS2_PLACEMENT_3D('',#2704,#2705,#2706);
#2704 = CARTESIAN_POINT('',(1.259279150235E+03,-3.494E-14,
    -157.3479924746));
#2705 = DIRECTION('',(0.,1.,-2.2E-16));
#2706 = DIRECTION('',(1.,0.,0.));
#2707 = ADVANCED_FACE('',(#2708),#2733,.F.);
#2708 = FACE_BOUND('',#2709,.F.);
#2709 = EDGE_LOOP('',(#2710,#2720,#2726,#2727));
#2710 = ORIENTED_EDGE('',*,*,#2711,.T.);
#2711 = EDGE_CURVE('',#2712,#2714,#2716,.T.);
#2712 = VERTEX_POINT('',#2713);
#2713 = CARTESIAN_POINT('',(900.,-5.5E-14,-249.2364694809));
#2714 = VERTEX_POINT('',#2715);
#2715 = CARTESIAN_POINT('',(900.,-85.,-249.2364694809));
#2716 = LINE('',#2717,#2718);
#2717 = CARTESIAN_POINT('',(900.,-5.534E-14,-249.2364694809));
#2718 = VECTOR('',#2719,1.);
#2719 = DIRECTION('',(0.,-1.,2.2E-16));
#2720 = ORIENTED_EDGE('',*,*,#2721,.T.);
#2721 = EDGE_CURVE('',#2714,#2681,#2722,.T.);
#2722 = LINE('',#2723,#2724);
#2723 = CARTESIAN_POINT('',(900.,-85.,-249.2364694809));
#2724 = VECTOR('',#2725,1.);
#2725 = DIRECTION('',(0.98331574268,0.,0.181906982268));
#2726 = ORIENTED_EDGE('',*,*,#2678,.F.);
#2727 = ORIENTED_EDGE('',*,*,#2728,.F.);
#2728 = EDGE_CURVE('',#2712,#2679,#2729,.T.);
#2729 = LINE('',#2730,#2731);
#2730 = CARTESIAN_POINT('',(900.,0.,-249.2364694809));
#2731 = VECTOR('',#2732,1.);
#2732 = DIRECTION('',(0.98331574268,0.,0.181906982268));
#2733 = PLANE('',#2734);
#2734 = AXIS2_PLACEMENT_3D('',#2735,#2736,#2737);
#2735 = CARTESIAN_POINT('',(900.,-5.534E-14,-249.2364694809));
#2736 = DIRECTION('',(-0.181906982268,2.2E-16,0.98331574268));
#2737 = DIRECTION('',(0.98331574268,4.E-17,0.181906982268));
#2738 = ADVANCED_FACE('',(#2739),#2764,.F.);
#2739 = FACE_BOUND('',#2740,.F.);
#2740 = EDGE_LOOP('',(#2741,#2751,#2757,#2758));
#2741 = ORIENTED_EDGE('',*,*,#2742,.T.);
#2742 = EDGE_CURVE('',#2743,#2745,#2747,.T.);
#2743 = VERTEX_POINT('',#2744);
#2744 = CARTESIAN_POINT('',(898.54474414185,-5.4E-14,-241.3699435395));
#2745 = VERTEX_POINT('',#2746);
#2746 = CARTESIAN_POINT('',(898.54474414185,-85.,-241.3699435395));
#2747 = LINE('',#2748,#2749);
#2748 = CARTESIAN_POINT('',(898.54474414185,-5.359E-14,-241.3699435395)
  );
#2749 = VECTOR('',#2750,1.);
#2750 = DIRECTION('',(0.,-1.,2.2E-16));
#2751 = ORIENTED_EDGE('',*,*,#2752,.T.);
#2752 = EDGE_CURVE('',#2745,#2714,#2753,.T.);
#2753 = LINE('',#2754,#2755);
#2754 = CARTESIAN_POINT('',(898.54474414185,-85.,-241.3699435395));
#2755 = VECTOR('',#2756,1.);
#2756 = DIRECTION('',(0.181906982268,0.,-0.98331574268));
#2757 = ORIENTED_EDGE('',*,*,#2711,.F.);
#2758 = ORIENTED_EDGE('',*,*,#2759,.F.);
#2759 = EDGE_CURVE('',#2743,#2712,#2760,.T.);
#2760 = LINE('',#2761,#2762);
#2761 = CARTESIAN_POINT('',(898.54474414185,0.,-241.3699435395));
#2762 = VECTOR('',#2763,1.);
#2763 = DIRECTION('',(0.181906982268,0.,-0.98331574268));
#2764 = PLANE('',#2765);
#2765 = AXIS2_PLACEMENT_3D('',#2766,#2767,#2768);
#2766 = CARTESIAN_POINT('',(898.54474414185,-5.359E-14,-241.3699435395)
  );
#2767 = DIRECTION('',(0.98331574268,4.E-17,0.181906982268));
#2768 = DIRECTION('',(0.181906982268,-2.2E-16,-0.98331574268));
#2769 = ADVANCED_FACE('',(#2770),#2795,.T.);
#2770 = FACE_BOUND('',#2771,.T.);
#2771 = EDGE_LOOP('',(#2772,#2773,#2781,#2789));
#2772 = ORIENTED_EDGE('',*,*,#2742,.T.);
#2773 = ORIENTED_EDGE('',*,*,#2774,.T.);
#2774 = EDGE_CURVE('',#2745,#2775,#2777,.T.);
#2775 = VERTEX_POINT('',#2776);
#2776 = CARTESIAN_POINT('',(1.262371568933E+03,-85.,-174.0643601001));
#2777 = LINE('',#2778,#2779);
#2778 = CARTESIAN_POINT('',(898.54474414185,-85.,-241.3699435395));
#2779 = VECTOR('',#2780,1.);
#2780 = DIRECTION('',(0.98331574268,0.,0.181906982268));
#2781 = ORIENTED_EDGE('',*,*,#2782,.F.);
#2782 = EDGE_CURVE('',#2783,#2775,#2785,.T.);
#2783 = VERTEX_POINT('',#2784);
#2784 = CARTESIAN_POINT('',(1.262371568933E+03,-3.9E-14,-174.0643601001)
  );
#2785 = LINE('',#2786,#2787);
#2786 = CARTESIAN_POINT('',(1.262371568933E+03,-3.865E-14,
    -174.0643601001));
#2787 = VECTOR('',#2788,1.);
#2788 = DIRECTION('',(0.,-1.,2.2E-16));
#2789 = ORIENTED_EDGE('',*,*,#2790,.F.);
#2790 = EDGE_CURVE('',#2743,#2783,#2791,.T.);
#2791 = LINE('',#2792,#2793);
#2792 = CARTESIAN_POINT('',(898.54474414185,0.,-241.3699435395));
#2793 = VECTOR('',#2794,1.);
#2794 = DIRECTION('',(0.98331574268,0.,0.181906982268));
#2795 = PLANE('',#2796);
#2796 = AXIS2_PLACEMENT_3D('',#2797,#2798,#2799);
#2797 = CARTESIAN_POINT('',(898.54474414185,-5.359E-14,-241.3699435395)
  );
#2798 = DIRECTION('',(-0.181906982268,2.2E-16,0.98331574268));
#2799 = DIRECTION('',(0.98331574268,4.E-17,0.181906982268));
#2800 = ADVANCED_FACE('',(#2801),#2828,.F.);
#2801 = FACE_BOUND('',#2802,.T.);
#2802 = EDGE_LOOP('',(#2803,#2804,#2813,#2821));
#2803 = ORIENTED_EDGE('',*,*,#2782,.T.);
#2804 = ORIENTED_EDGE('',*,*,#2805,.T.);
#2805 = EDGE_CURVE('',#2775,#2806,#2808,.T.);
#2806 = VERTEX_POINT('',#2807);
#2807 = CARTESIAN_POINT('',(1.273120369783E+03,-85.,-147.477802941));
#2808 = CIRCLE('',#2809,17.);
#2809 = AXIS2_PLACEMENT_3D('',#2810,#2811,#2812);
#2810 = CARTESIAN_POINT('',(1.259279150235E+03,-85.,-157.3479924746));
#2811 = DIRECTION('',(0.,-1.,0.));
#2812 = DIRECTION('',(1.,0.,0.));
#2813 = ORIENTED_EDGE('',*,*,#2814,.F.);
#2814 = EDGE_CURVE('',#2815,#2806,#2817,.T.);
#2815 = VERTEX_POINT('',#2816);
#2816 = CARTESIAN_POINT('',(1.273120369783E+03,-3.3E-14,-147.477802941)
  );
#2817 = LINE('',#2818,#2819);
#2818 = CARTESIAN_POINT('',(1.273120369783E+03,-3.275E-14,-147.477802941
    ));
#2819 = VECTOR('',#2820,1.);
#2820 = DIRECTION('',(0.,-1.,2.2E-16));
#2821 = ORIENTED_EDGE('',*,*,#2822,.F.);
#2822 = EDGE_CURVE('',#2783,#2815,#2823,.T.);
#2823 = CIRCLE('',#2824,17.);
#2824 = AXIS2_PLACEMENT_3D('',#2825,#2826,#2827);
#2825 = CARTESIAN_POINT('',(1.259279150235E+03,0.,-157.3479924746));
#2826 = DIRECTION('',(0.,-1.,0.));
#2827 = DIRECTION('',(1.,0.,0.));
#2828 = CYLINDRICAL_SURFACE('',#2829,17.);
#2829 = AXIS2_PLACEMENT_3D('',#2830,#2831,#2832);
#2830 = CARTESIAN_POINT('',(1.259279150235E+03,-3.494E-14,
    -157.3479924746));
#2831 = DIRECTION('',(0.,1.,-2.2E-16));
#2832 = DIRECTION('',(1.,0.,0.));
#2833 = ADVANCED_FACE('',(#2834),#2861,.T.);
#2834 = FACE_BOUND('',#2835,.F.);
#2835 = EDGE_LOOP('',(#2836,#2846,#2853,#2854));
#2836 = ORIENTED_EDGE('',*,*,#2837,.T.);
#2837 = EDGE_CURVE('',#2838,#2840,#2842,.T.);
#2838 = VERTEX_POINT('',#2839);
#2839 = CARTESIAN_POINT('',(1.273120369783E+03,1.1E-14,50.129810466419)
  );
#2840 = VERTEX_POINT('',#2841);
#2841 = CARTESIAN_POINT('',(1.273120369783E+03,-85.,50.129810466419));
#2842 = LINE('',#2843,#2844);
#2843 = CARTESIAN_POINT('',(1.273120369783E+03,1.113E-14,50.129810466419
    ));
#2844 = VECTOR('',#2845,1.);
#2845 = DIRECTION('',(0.,-1.,2.2E-16));
#2846 = ORIENTED_EDGE('',*,*,#2847,.T.);
#2847 = EDGE_CURVE('',#2840,#2806,#2848,.T.);
#2848 = CIRCLE('',#2849,170.17552786082);
#2849 = AXIS2_PLACEMENT_3D('',#2850,#2851,#2852);
#2850 = CARTESIAN_POINT('',(1.411675478182E+03,-85.,-48.67399623731));
#2851 = DIRECTION('',(0.,-1.,0.));
#2852 = DIRECTION('',(1.,0.,0.));
#2853 = ORIENTED_EDGE('',*,*,#2814,.F.);
#2854 = ORIENTED_EDGE('',*,*,#2855,.F.);
#2855 = EDGE_CURVE('',#2838,#2815,#2856,.T.);
#2856 = CIRCLE('',#2857,170.17552786082);
#2857 = AXIS2_PLACEMENT_3D('',#2858,#2859,#2860);
#2858 = CARTESIAN_POINT('',(1.411675478182E+03,0.,-48.67399623731));
#2859 = DIRECTION('',(0.,-1.,0.));
#2860 = DIRECTION('',(1.,0.,0.));
#2861 = CYLINDRICAL_SURFACE('',#2862,170.17552786082);
#2862 = AXIS2_PLACEMENT_3D('',#2863,#2864,#2865);
#2863 = CARTESIAN_POINT('',(1.411675478182E+03,-1.081E-14,
    -48.67399623731));
#2864 = DIRECTION('',(0.,1.,-2.2E-16));
#2865 = DIRECTION('',(1.,0.,0.));
#2866 = ADVANCED_FACE('',(#2867),#2894,.F.);
#2867 = FACE_BOUND('',#2868,.T.);
#2868 = EDGE_LOOP('',(#2869,#2870,#2879,#2887));
#2869 = ORIENTED_EDGE('',*,*,#2837,.T.);
#2870 = ORIENTED_EDGE('',*,*,#2871,.T.);
#2871 = EDGE_CURVE('',#2840,#2872,#2874,.T.);
#2872 = VERTEX_POINT('',#2873);
#2873 = CARTESIAN_POINT('',(1.259279150235E+03,-85.,77.));
#2874 = CIRCLE('',#2875,17.);
#2875 = AXIS2_PLACEMENT_3D('',#2876,#2877,#2878);
#2876 = CARTESIAN_POINT('',(1.259279150235E+03,-85.,60.));
#2877 = DIRECTION('',(0.,-1.,0.));
#2878 = DIRECTION('',(1.,0.,0.));
#2879 = ORIENTED_EDGE('',*,*,#2880,.F.);
#2880 = EDGE_CURVE('',#2881,#2872,#2883,.T.);
#2881 = VERTEX_POINT('',#2882);
#2882 = CARTESIAN_POINT('',(1.259279150235E+03,1.7E-14,77.));
#2883 = LINE('',#2884,#2885);
#2884 = CARTESIAN_POINT('',(1.259279150235E+03,1.71E-14,77.));
#2885 = VECTOR('',#2886,1.);
#2886 = DIRECTION('',(0.,-1.,2.2E-16));
#2887 = ORIENTED_EDGE('',*,*,#2888,.F.);
#2888 = EDGE_CURVE('',#2838,#2881,#2889,.T.);
#2889 = CIRCLE('',#2890,17.);
#2890 = AXIS2_PLACEMENT_3D('',#2891,#2892,#2893);
#2891 = CARTESIAN_POINT('',(1.259279150235E+03,0.,60.));
#2892 = DIRECTION('',(0.,-1.,0.));
#2893 = DIRECTION('',(1.,0.,0.));
#2894 = CYLINDRICAL_SURFACE('',#2895,17.);
#2895 = AXIS2_PLACEMENT_3D('',#2896,#2897,#2898);
#2896 = CARTESIAN_POINT('',(1.259279150235E+03,1.332E-14,60.));
#2897 = DIRECTION('',(0.,1.,-2.2E-16));
#2898 = DIRECTION('',(1.,0.,0.));
#2899 = ADVANCED_FACE('',(#2900),#2925,.F.);
#2900 = FACE_BOUND('',#2901,.F.);
#2901 = EDGE_LOOP('',(#2902,#2912,#2918,#2919));
#2902 = ORIENTED_EDGE('',*,*,#2903,.T.);
#2903 = EDGE_CURVE('',#2904,#2906,#2908,.T.);
#2904 = VERTEX_POINT('',#2905);
#2905 = CARTESIAN_POINT('',(208.74903363522,1.7E-14,77.));
#2906 = VERTEX_POINT('',#2907);
#2907 = CARTESIAN_POINT('',(208.74903363522,-85.,77.));
#2908 = LINE('',#2909,#2910);
#2909 = CARTESIAN_POINT('',(208.74903363522,1.71E-14,77.));
#2910 = VECTOR('',#2911,1.);
#2911 = DIRECTION('',(0.,-1.,2.2E-16));
#2912 = ORIENTED_EDGE('',*,*,#2913,.T.);
#2913 = EDGE_CURVE('',#2906,#2872,#2914,.T.);
#2914 = LINE('',#2915,#2916);
#2915 = CARTESIAN_POINT('',(208.74903363522,-85.,77.));
#2916 = VECTOR('',#2917,1.);
#2917 = DIRECTION('',(1.,0.,0.));
#2918 = ORIENTED_EDGE('',*,*,#2880,.F.);
#2919 = ORIENTED_EDGE('',*,*,#2920,.F.);
#2920 = EDGE_CURVE('',#2904,#2881,#2921,.T.);
#2921 = LINE('',#2922,#2923);
#2922 = CARTESIAN_POINT('',(208.74903363522,0.,77.));
#2923 = VECTOR('',#2924,1.);
#2924 = DIRECTION('',(1.,0.,0.));
#2925 = PLANE('',#2926);
#2926 = AXIS2_PLACEMENT_3D('',#2927,#2928,#2929);
#2927 = CARTESIAN_POINT('',(208.74903363522,1.71E-14,77.));
#2928 = DIRECTION('',(0.,2.2E-16,1.));
#2929 = DIRECTION('',(1.,0.,-0.));
#2930 = ADVANCED_FACE('',(#2931),#2958,.F.);
#2931 = FACE_BOUND('',#2932,.T.);
#2932 = EDGE_LOOP('',(#2933,#2934,#2943,#2951));
#2933 = ORIENTED_EDGE('',*,*,#2903,.T.);
#2934 = ORIENTED_EDGE('',*,*,#2935,.T.);
#2935 = EDGE_CURVE('',#2906,#2936,#2938,.T.);
#2936 = VERTEX_POINT('',#2937);
#2937 = CARTESIAN_POINT('',(192.8590564954,-85.,53.957763121483));
#2938 = CIRCLE('',#2939,17.);
#2939 = AXIS2_PLACEMENT_3D('',#2940,#2941,#2942);
#2940 = CARTESIAN_POINT('',(208.74903363522,-85.,60.));
#2941 = DIRECTION('',(0.,-1.,0.));
#2942 = DIRECTION('',(1.,0.,0.));
#2943 = ORIENTED_EDGE('',*,*,#2944,.F.);
#2944 = EDGE_CURVE('',#2945,#2936,#2947,.T.);
#2945 = VERTEX_POINT('',#2946);
#2946 = CARTESIAN_POINT('',(192.8590564954,1.2E-14,53.957763121483));
#2947 = LINE('',#2948,#2949);
#2948 = CARTESIAN_POINT('',(192.8590564954,1.198E-14,53.957763121483));
#2949 = VECTOR('',#2950,1.);
#2950 = DIRECTION('',(0.,-1.,2.2E-16));
#2951 = ORIENTED_EDGE('',*,*,#2952,.F.);
#2952 = EDGE_CURVE('',#2904,#2945,#2953,.T.);
#2953 = CIRCLE('',#2954,17.);
#2954 = AXIS2_PLACEMENT_3D('',#2955,#2956,#2957);
#2955 = CARTESIAN_POINT('',(208.74903363522,0.,60.));
#2956 = DIRECTION('',(0.,-1.,0.));
#2957 = DIRECTION('',(1.,0.,0.));
#2958 = CYLINDRICAL_SURFACE('',#2959,17.);
#2959 = AXIS2_PLACEMENT_3D('',#2960,#2961,#2962);
#2960 = CARTESIAN_POINT('',(208.74903363522,1.332E-14,60.));
#2961 = DIRECTION('',(0.,1.,-2.2E-16));
#2962 = DIRECTION('',(1.,0.,0.));
#2963 = ADVANCED_FACE('',(#2964),#2991,.T.);
#2964 = FACE_BOUND('',#2965,.F.);
#2965 = EDGE_LOOP('',(#2966,#2976,#2983,#2984));
#2966 = ORIENTED_EDGE('',*,*,#2967,.T.);
#2967 = EDGE_CURVE('',#2968,#2970,#2972,.T.);
#2968 = VERTEX_POINT('',#2969);
#2969 = CARTESIAN_POINT('',(192.8590564954,-2.1E-14,-92.71332309332));
#2970 = VERTEX_POINT('',#2971);
#2971 = CARTESIAN_POINT('',(192.8590564954,-85.,-92.71332309332));
#2972 = LINE('',#2973,#2974);
#2973 = CARTESIAN_POINT('',(192.8590564954,-2.059E-14,-92.71332309332));
#2974 = VECTOR('',#2975,1.);
#2975 = DIRECTION('',(0.,-1.,2.2E-16));
#2976 = ORIENTED_EDGE('',*,*,#2977,.T.);
#2977 = EDGE_CURVE('',#2970,#2936,#2978,.T.);
#2978 = CIRCLE('',#2979,206.33157188165);
#2979 = AXIS2_PLACEMENT_3D('',#2980,#2981,#2982);
#2980 = CARTESIAN_POINT('',(0.,-85.,-19.37777998591));
#2981 = DIRECTION('',(0.,-1.,0.));
#2982 = DIRECTION('',(1.,0.,0.));
#2983 = ORIENTED_EDGE('',*,*,#2944,.F.);
#2984 = ORIENTED_EDGE('',*,*,#2985,.F.);
#2985 = EDGE_CURVE('',#2968,#2945,#2986,.T.);
#2986 = CIRCLE('',#2987,206.33157188165);
#2987 = AXIS2_PLACEMENT_3D('',#2988,#2989,#2990);
#2988 = CARTESIAN_POINT('',(0.,0.,-19.37777998591));
#2989 = DIRECTION('',(0.,-1.,0.));
#2990 = DIRECTION('',(1.,0.,0.));
#2991 = CYLINDRICAL_SURFACE('',#2992,206.33157188165);
#2992 = AXIS2_PLACEMENT_3D('',#2993,#2994,#2995);
#2993 = CARTESIAN_POINT('',(0.,-4.3E-15,-19.37777998591));
#2994 = DIRECTION('',(0.,1.,-2.2E-16));
#2995 = DIRECTION('',(1.,0.,0.));
#2996 = ADVANCED_FACE('',(#2997),#3024,.F.);
#2997 = FACE_BOUND('',#2998,.T.);
#2998 = EDGE_LOOP('',(#2999,#3000,#3009,#3017));
#2999 = ORIENTED_EDGE('',*,*,#2967,.T.);
#3000 = ORIENTED_EDGE('',*,*,#3001,.T.);
#3001 = EDGE_CURVE('',#2970,#3002,#3004,.T.);
#3002 = VERTEX_POINT('',#3003);
#3003 = CARTESIAN_POINT('',(205.72144675555,-85.,-115.4837911301));
#3004 = CIRCLE('',#3005,17.);
#3005 = AXIS2_PLACEMENT_3D('',#3006,#3007,#3008);
#3006 = CARTESIAN_POINT('',(208.74903363522,-85.,-98.75555997183));
#3007 = DIRECTION('',(0.,-1.,0.));
#3008 = DIRECTION('',(1.,0.,0.));
#3009 = ORIENTED_EDGE('',*,*,#3010,.F.);
#3010 = EDGE_CURVE('',#3011,#3002,#3013,.T.);
#3011 = VERTEX_POINT('',#3012);
#3012 = CARTESIAN_POINT('',(205.72144675555,-2.6E-14,-115.4837911301));
#3013 = LINE('',#3014,#3015);
#3014 = CARTESIAN_POINT('',(205.72144675555,-2.564E-14,-115.4837911301)
  );
#3015 = VECTOR('',#3016,1.);
#3016 = DIRECTION('',(0.,-1.,2.2E-16));
#3017 = ORIENTED_EDGE('',*,*,#3018,.F.);
#3018 = EDGE_CURVE('',#2968,#3011,#3019,.T.);
#3019 = CIRCLE('',#3020,17.);
#3020 = AXIS2_PLACEMENT_3D('',#3021,#3022,#3023);
#3021 = CARTESIAN_POINT('',(208.74903363522,0.,-98.75555997183));
#3022 = DIRECTION('',(0.,-1.,0.));
#3023 = DIRECTION('',(1.,0.,0.));
#3024 = CYLINDRICAL_SURFACE('',#3025,17.);
#3025 = AXIS2_PLACEMENT_3D('',#3026,#3027,#3028);
#3026 = CARTESIAN_POINT('',(208.74903363522,-2.193E-14,-98.75555997183)
  );
#3027 = DIRECTION('',(0.,1.,-2.2E-16));
#3028 = DIRECTION('',(1.,0.,0.));
#3029 = ADVANCED_FACE('',(#3030),#3055,.F.);
#3030 = FACE_BOUND('',#3031,.F.);
#3031 = EDGE_LOOP('',(#3032,#3042,#3048,#3049));
#3032 = ORIENTED_EDGE('',*,*,#3033,.T.);
#3033 = EDGE_CURVE('',#3034,#3036,#3038,.T.);
#3034 = VERTEX_POINT('',#3035);
#3035 = CARTESIAN_POINT('',(451.72484614255,-3.6E-14,-160.0071275958));
#3036 = VERTEX_POINT('',#3037);
#3037 = CARTESIAN_POINT('',(451.72484614255,-85.,-160.0071275958));
#3038 = LINE('',#3039,#3040);
#3039 = CARTESIAN_POINT('',(451.72484614255,-3.553E-14,-160.0071275958)
  );
#3040 = VECTOR('',#3041,1.);
#3041 = DIRECTION('',(0.,-1.,2.2E-16));
#3042 = ORIENTED_EDGE('',*,*,#3043,.T.);
#3043 = EDGE_CURVE('',#3036,#3002,#3044,.T.);
#3044 = LINE('',#3045,#3046);
#3045 = CARTESIAN_POINT('',(451.72484614255,-85.,-160.0071275958));
#3046 = VECTOR('',#3047,1.);
#3047 = DIRECTION('',(-0.984013597548,0.,0.178093345863));
#3048 = ORIENTED_EDGE('',*,*,#3010,.F.);
#3049 = ORIENTED_EDGE('',*,*,#3050,.F.);
#3050 = EDGE_CURVE('',#3034,#3011,#3051,.T.);
#3051 = LINE('',#3052,#3053);
#3052 = CARTESIAN_POINT('',(451.72484614255,0.,-160.0071275958));
#3053 = VECTOR('',#3054,1.);
#3054 = DIRECTION('',(-0.984013597548,0.,0.178093345863));
#3055 = PLANE('',#3056);
#3056 = AXIS2_PLACEMENT_3D('',#3057,#3058,#3059);
#3057 = CARTESIAN_POINT('',(451.72484614255,-3.553E-14,-160.0071275958)
  );
#3058 = DIRECTION('',(-0.178093345863,-2.2E-16,-0.984013597548));
#3059 = DIRECTION('',(-0.984013597548,4.E-17,0.178093345863));
#3060 = ADVANCED_FACE('',(#3061),#3086,.T.);
#3061 = FACE_BOUND('',#3062,.T.);
#3062 = EDGE_LOOP('',(#3063,#3064,#3072,#3080));
#3063 = ORIENTED_EDGE('',*,*,#3033,.T.);
#3064 = ORIENTED_EDGE('',*,*,#3065,.T.);
#3065 = EDGE_CURVE('',#3036,#3066,#3068,.T.);
#3066 = VERTEX_POINT('',#3067);
#3067 = CARTESIAN_POINT('',(450.30009937564,-85.,-167.8792363762));
#3068 = LINE('',#3069,#3070);
#3069 = CARTESIAN_POINT('',(451.72484614255,-85.,-160.0071275958));
#3070 = VECTOR('',#3071,1.);
#3071 = DIRECTION('',(-0.178093345863,-0.,-0.984013597548));
#3072 = ORIENTED_EDGE('',*,*,#3073,.F.);
#3073 = EDGE_CURVE('',#3074,#3066,#3076,.T.);
#3074 = VERTEX_POINT('',#3075);
#3075 = CARTESIAN_POINT('',(450.30009937564,-3.7E-14,-167.8792363762));
#3076 = LINE('',#3077,#3078);
#3077 = CARTESIAN_POINT('',(450.30009937564,-3.728E-14,-167.8792363762)
  );
#3078 = VECTOR('',#3079,1.);
#3079 = DIRECTION('',(0.,-1.,2.2E-16));
#3080 = ORIENTED_EDGE('',*,*,#3081,.F.);
#3081 = EDGE_CURVE('',#3034,#3074,#3082,.T.);
#3082 = LINE('',#3083,#3084);
#3083 = CARTESIAN_POINT('',(451.72484614255,0.,-160.0071275958));
#3084 = VECTOR('',#3085,1.);
#3085 = DIRECTION('',(-0.178093345863,-0.,-0.984013597548));
#3086 = PLANE('',#3087);
#3087 = AXIS2_PLACEMENT_3D('',#3088,#3089,#3090);
#3088 = CARTESIAN_POINT('',(451.72484614255,-3.553E-14,-160.0071275958)
  );
#3089 = DIRECTION('',(0.984013597548,-4.E-17,-0.178093345863));
#3090 = DIRECTION('',(-0.178093345863,-2.2E-16,-0.984013597548));
#3091 = ADVANCED_FACE('',(#3092),#3117,.T.);
#3092 = FACE_BOUND('',#3093,.T.);
#3093 = EDGE_LOOP('',(#3094,#3095,#3103,#3111));
#3094 = ORIENTED_EDGE('',*,*,#3073,.T.);
#3095 = ORIENTED_EDGE('',*,*,#3096,.T.);
#3096 = EDGE_CURVE('',#3066,#3097,#3099,.T.);
#3097 = VERTEX_POINT('',#3098);
#3098 = CARTESIAN_POINT('',(204.29669998864,-85.,-123.3558999105));
#3099 = LINE('',#3100,#3101);
#3100 = CARTESIAN_POINT('',(450.30009937564,-85.,-167.8792363762));
#3101 = VECTOR('',#3102,1.);
#3102 = DIRECTION('',(-0.984013597548,0.,0.178093345863));
#3103 = ORIENTED_EDGE('',*,*,#3104,.F.);
#3104 = EDGE_CURVE('',#3105,#3097,#3107,.T.);
#3105 = VERTEX_POINT('',#3106);
#3106 = CARTESIAN_POINT('',(204.29669998864,-2.7E-14,-123.3558999105));
#3107 = LINE('',#3108,#3109);
#3108 = CARTESIAN_POINT('',(204.29669998864,-2.739E-14,-123.3558999105)
  );
#3109 = VECTOR('',#3110,1.);
#3110 = DIRECTION('',(0.,-1.,2.2E-16));
#3111 = ORIENTED_EDGE('',*,*,#3112,.F.);
#3112 = EDGE_CURVE('',#3074,#3105,#3113,.T.);
#3113 = LINE('',#3114,#3115);
#3114 = CARTESIAN_POINT('',(450.30009937564,0.,-167.8792363762));
#3115 = VECTOR('',#3116,1.);
#3116 = DIRECTION('',(-0.984013597548,0.,0.178093345863));
#3117 = PLANE('',#3118);
#3118 = AXIS2_PLACEMENT_3D('',#3119,#3120,#3121);
#3119 = CARTESIAN_POINT('',(450.30009937564,-3.728E-14,-167.8792363762)
  );
#3120 = DIRECTION('',(-0.178093345863,-2.2E-16,-0.984013597548));
#3121 = DIRECTION('',(-0.984013597548,4.E-17,0.178093345863));
#3122 = ADVANCED_FACE('',(#3123),#3150,.T.);
#3123 = FACE_BOUND('',#3124,.F.);
#3124 = EDGE_LOOP('',(#3125,#3135,#3142,#3143));
#3125 = ORIENTED_EDGE('',*,*,#3126,.T.);
#3126 = EDGE_CURVE('',#3127,#3129,#3131,.T.);
#3127 = VERTEX_POINT('',#3128);
#3128 = CARTESIAN_POINT('',(185.38142019431,-2.E-14,-89.86991750343));
#3129 = VERTEX_POINT('',#3130);
#3130 = CARTESIAN_POINT('',(185.38142019431,-85.,-89.86991750343));
#3131 = LINE('',#3132,#3133);
#3132 = CARTESIAN_POINT('',(185.38142019431,-1.996E-14,-89.86991750343)
  );
#3133 = VECTOR('',#3134,1.);
#3134 = DIRECTION('',(0.,-1.,2.2E-16));
#3135 = ORIENTED_EDGE('',*,*,#3136,.T.);
#3136 = EDGE_CURVE('',#3129,#3097,#3137,.T.);
#3137 = CIRCLE('',#3138,25.);
#3138 = AXIS2_PLACEMENT_3D('',#3139,#3140,#3141);
#3139 = CARTESIAN_POINT('',(208.74903363522,-85.,-98.75555997183));
#3140 = DIRECTION('',(0.,-1.,0.));
#3141 = DIRECTION('',(1.,0.,0.));
#3142 = ORIENTED_EDGE('',*,*,#3104,.F.);
#3143 = ORIENTED_EDGE('',*,*,#3144,.F.);
#3144 = EDGE_CURVE('',#3127,#3105,#3145,.T.);
#3145 = CIRCLE('',#3146,25.);
#3146 = AXIS2_PLACEMENT_3D('',#3147,#3148,#3149);
#3147 = CARTESIAN_POINT('',(208.74903363522,0.,-98.75555997183));
#3148 = DIRECTION('',(0.,-1.,0.));
#3149 = DIRECTION('',(1.,0.,0.));
#3150 = CYLINDRICAL_SURFACE('',#3151,25.);
#3151 = AXIS2_PLACEMENT_3D('',#3152,#3153,#3154);
#3152 = CARTESIAN_POINT('',(208.74903363522,-2.193E-14,-98.75555997183)
  );
#3153 = DIRECTION('',(0.,1.,-2.2E-16));
#3154 = DIRECTION('',(1.,0.,0.));
#3155 = ADVANCED_FACE('',(#3156),#3183,.F.);
#3156 = FACE_BOUND('',#3157,.T.);
#3157 = EDGE_LOOP('',(#3158,#3159,#3168,#3176));
#3158 = ORIENTED_EDGE('',*,*,#3126,.T.);
#3159 = ORIENTED_EDGE('',*,*,#3160,.T.);
#3160 = EDGE_CURVE('',#3129,#3161,#3163,.T.);
#3161 = VERTEX_POINT('',#3162);
#3162 = CARTESIAN_POINT('',(185.38142019431,-85.,51.114357531592));
#3163 = CIRCLE('',#3164,198.33157188165);
#3164 = AXIS2_PLACEMENT_3D('',#3165,#3166,#3167);
#3165 = CARTESIAN_POINT('',(0.,-85.,-19.37777998591));
#3166 = DIRECTION('',(0.,-1.,0.));
#3167 = DIRECTION('',(1.,0.,0.));
#3168 = ORIENTED_EDGE('',*,*,#3169,.F.);
#3169 = EDGE_CURVE('',#3170,#3161,#3172,.T.);
#3170 = VERTEX_POINT('',#3171);
#3171 = CARTESIAN_POINT('',(185.38142019431,1.1E-14,51.114357531592));
#3172 = LINE('',#3173,#3174);
#3173 = CARTESIAN_POINT('',(185.38142019431,1.135E-14,51.114357531592));
#3174 = VECTOR('',#3175,1.);
#3175 = DIRECTION('',(0.,-1.,2.2E-16));
#3176 = ORIENTED_EDGE('',*,*,#3177,.F.);
#3177 = EDGE_CURVE('',#3127,#3170,#3178,.T.);
#3178 = CIRCLE('',#3179,198.33157188165);
#3179 = AXIS2_PLACEMENT_3D('',#3180,#3181,#3182);
#3180 = CARTESIAN_POINT('',(0.,0.,-19.37777998591));
#3181 = DIRECTION('',(0.,-1.,0.));
#3182 = DIRECTION('',(1.,0.,0.));
#3183 = CYLINDRICAL_SURFACE('',#3184,198.33157188165);
#3184 = AXIS2_PLACEMENT_3D('',#3185,#3186,#3187);
#3185 = CARTESIAN_POINT('',(0.,-4.3E-15,-19.37777998591));
#3186 = DIRECTION('',(0.,1.,-2.2E-16));
#3187 = DIRECTION('',(1.,0.,0.));
#3188 = ADVANCED_FACE('',(#3189),#3207,.T.);
#3189 = FACE_BOUND('',#3190,.F.);
#3190 = EDGE_LOOP('',(#3191,#3192,#3199,#3200));
#3191 = ORIENTED_EDGE('',*,*,#2572,.T.);
#3192 = ORIENTED_EDGE('',*,*,#3193,.T.);
#3193 = EDGE_CURVE('',#2575,#3161,#3194,.T.);
#3194 = CIRCLE('',#3195,25.);
#3195 = AXIS2_PLACEMENT_3D('',#3196,#3197,#3198);
#3196 = CARTESIAN_POINT('',(208.74903363522,-85.,60.));
#3197 = DIRECTION('',(0.,-1.,0.));
#3198 = DIRECTION('',(1.,0.,0.));
#3199 = ORIENTED_EDGE('',*,*,#3169,.F.);
#3200 = ORIENTED_EDGE('',*,*,#3201,.F.);
#3201 = EDGE_CURVE('',#2573,#3170,#3202,.T.);
#3202 = CIRCLE('',#3203,25.);
#3203 = AXIS2_PLACEMENT_3D('',#3204,#3205,#3206);
#3204 = CARTESIAN_POINT('',(208.74903363522,0.,60.));
#3205 = DIRECTION('',(0.,-1.,0.));
#3206 = DIRECTION('',(1.,0.,0.));
#3207 = CYLINDRICAL_SURFACE('',#3208,25.);
#3208 = AXIS2_PLACEMENT_3D('',#3209,#3210,#3211);
#3209 = CARTESIAN_POINT('',(208.74903363522,1.332E-14,60.));
#3210 = DIRECTION('',(0.,1.,-2.2E-16));
#3211 = DIRECTION('',(1.,0.,0.));
#3212 = ADVANCED_FACE('',(#3213),#3235,.T.);
#3213 = FACE_BOUND('',#3214,.T.);
#3214 = EDGE_LOOP('',(#3215,#3216,#3217,#3218,#3219,#3220,#3221,#3222,
    #3223,#3224,#3225,#3226,#3227,#3228,#3229,#3230,#3231,#3232,#3233,
    #3234));
#3215 = ORIENTED_EDGE('',*,*,#2598,.T.);
#3216 = ORIENTED_EDGE('',*,*,#2630,.F.);
#3217 = ORIENTED_EDGE('',*,*,#2663,.T.);
#3218 = ORIENTED_EDGE('',*,*,#2696,.F.);
#3219 = ORIENTED_EDGE('',*,*,#2728,.F.);
#3220 = ORIENTED_EDGE('',*,*,#2759,.F.);
#3221 = ORIENTED_EDGE('',*,*,#2790,.T.);
#3222 = ORIENTED_EDGE('',*,*,#2822,.T.);
#3223 = ORIENTED_EDGE('',*,*,#2855,.F.);
#3224 = ORIENTED_EDGE('',*,*,#2888,.T.);
#3225 = ORIENTED_EDGE('',*,*,#2920,.F.);
#3226 = ORIENTED_EDGE('',*,*,#2952,.T.);
#3227 = ORIENTED_EDGE('',*,*,#2985,.F.);
#3228 = ORIENTED_EDGE('',*,*,#3018,.T.);
#3229 = ORIENTED_EDGE('',*,*,#3050,.F.);
#3230 = ORIENTED_EDGE('',*,*,#3081,.T.);
#3231 = ORIENTED_EDGE('',*,*,#3112,.T.);
#3232 = ORIENTED_EDGE('',*,*,#3144,.F.);
#3233 = ORIENTED_EDGE('',*,*,#3177,.T.);
#3234 = ORIENTED_EDGE('',*,*,#3201,.F.);
#3235 = PLANE('',#3236);
#3236 = AXIS2_PLACEMENT_3D('',#3237,#3238,#3239);
#3237 = CARTESIAN_POINT('',(761.52934182605,-4.85E-15,-21.8602186691));
#3238 = DIRECTION('',(0.,1.,0.));
#3239 = DIRECTION('',(0.,0.,1.));
#3240 = ADVANCED_FACE('',(#3241),#3263,.F.);
#3241 = FACE_BOUND('',#3242,.F.);
#3242 = EDGE_LOOP('',(#3243,#3244,#3245,#3246,#3247,#3248,#3249,#3250,
    #3251,#3252,#3253,#3254,#3255,#3256,#3257,#3258,#3259,#3260,#3261,
    #3262));
#3243 = ORIENTED_EDGE('',*,*,#2582,.T.);
#3244 = ORIENTED_EDGE('',*,*,#2622,.F.);
#3245 = ORIENTED_EDGE('',*,*,#2646,.T.);
#3246 = ORIENTED_EDGE('',*,*,#2688,.F.);
#3247 = ORIENTED_EDGE('',*,*,#2721,.F.);
#3248 = ORIENTED_EDGE('',*,*,#2752,.F.);
#3249 = ORIENTED_EDGE('',*,*,#2774,.T.);
#3250 = ORIENTED_EDGE('',*,*,#2805,.T.);
#3251 = ORIENTED_EDGE('',*,*,#2847,.F.);
#3252 = ORIENTED_EDGE('',*,*,#2871,.T.);
#3253 = ORIENTED_EDGE('',*,*,#2913,.F.);
#3254 = ORIENTED_EDGE('',*,*,#2935,.T.);
#3255 = ORIENTED_EDGE('',*,*,#2977,.F.);
#3256 = ORIENTED_EDGE('',*,*,#3001,.T.);
#3257 = ORIENTED_EDGE('',*,*,#3043,.F.);
#3258 = ORIENTED_EDGE('',*,*,#3065,.T.);
#3259 = ORIENTED_EDGE('',*,*,#3096,.T.);
#3260 = ORIENTED_EDGE('',*,*,#3136,.F.);
#3261 = ORIENTED_EDGE('',*,*,#3160,.T.);
#3262 = ORIENTED_EDGE('',*,*,#3193,.F.);
#3263 = PLANE('',#3264);
#3264 = AXIS2_PLACEMENT_3D('',#3265,#3266,#3267);
#3265 = CARTESIAN_POINT('',(761.52934182605,-85.,-21.8602186691));
#3266 = DIRECTION('',(0.,1.,0.));
#3267 = DIRECTION('',(0.,0.,1.));
#3268 = ( GEOMETRIC_REPRESENTATION_CONTEXT(3) 
GLOBAL_UNCERTAINTY_ASSIGNED_CONTEXT((#3272)) 
GLOBAL_UNIT_ASSIGNED_CONTEXT((#3269,#3270,#3271)) REPRESENTATION_CONTEXT
('Context #1','3D Context with UNIT and UNCERTAINTY') );
#3269 = ( LENGTH_UNIT() NAMED_UNIT(*) SI_UNIT(.MILLI.,.METRE.) );
#3270 = ( NAMED_UNIT(*) PLANE_ANGLE_UNIT() SI_UNIT($,.RADIAN.) );
#3271 = ( NAMED_UNIT(*) SI_UNIT($,.STERADIAN.) SOLID_ANGLE_UNIT() );
#3272 = UNCERTAINTY_MEASURE_WITH_UNIT(LENGTH_MEASURE(1.E-07),#3269,
  'distance_accuracy_value','confusion accuracy');
#3273 = CONTEXT_DEPENDENT_SHAPE_REPRESENTATION(#3274,#3276);
#3274 = ( REPRESENTATION_RELATIONSHIP('','',#2565,#1545) 
REPRESENTATION_RELATIONSHIP_WITH_TRANSFORMATION(#3275) 
SHAPE_REPRESENTATION_RELATIONSHIP() );
#3275 = ITEM_DEFINED_TRANSFORMATION('','',#11,#1550);
#3276 = PRODUCT_DEFINITION_SHAPE('Placement','Placement of an item',
  #3277);
#3277 = NEXT_ASSEMBLY_USAGE_OCCURRENCE('19','Body015','',#1540,#2560,$);
#3278 = CC_DESIGN_SECURITY_CLASSIFICATION(#3279,(#3277));
#3279 = SECURITY_CLASSIFICATION('','',#47);
#3280 = CC_DESIGN_PERSON_AND_ORGANIZATION_ASSIGNMENT(#36,#45,(#3279));
#3281 = CC_DESIGN_DATE_AND_TIME_ASSIGNMENT(#50,#56,(#3279));
#3282 = CC_DESIGN_APPROVAL(#58,(#3279));
#3283 = PRODUCT_RELATED_PRODUCT_CATEGORY('detail',$,(#2562));
#3284 = PRODUCT_CATEGORY_RELATIONSHIP('','',#3285,#3283);
#3285 = PRODUCT_CATEGORY('part',$);
#3286 = CC_DESIGN_PERSON_AND_ORGANIZATION_ASSIGNMENT(#36,#39,(#2561,
    #2560));
#3287 = CC_DESIGN_PERSON_AND_ORGANIZATION_ASSIGNMENT(#36,#41,(#2562));
#3288 = CC_DESIGN_PERSON_AND_ORGANIZATION_ASSIGNMENT(#36,#43,(#2561));
#3289 = CC_DESIGN_PERSON_AND_ORGANIZATION_ASSIGNMENT(#36,#45,(#3290));
#3290 = SECURITY_CLASSIFICATION('','',#47);
#3291 = CC_DESIGN_SECURITY_CLASSIFICATION(#3290,(#2561));
#3292 = CC_DESIGN_DATE_AND_TIME_ASSIGNMENT(#50,#54,(#2560));
#3293 = CC_DESIGN_DATE_AND_TIME_ASSIGNMENT(#50,#56,(#3290));
#3294 = CC_DESIGN_APPROVAL(#58,(#2561,#2560,#3290));
#3295 = SHAPE_DEFINITION_REPRESENTATION(#3296,#3302);
#3296 = PRODUCT_DEFINITION_SHAPE('','',#3297);
#3297 = PRODUCT_DEFINITION('design','',#3298,#3301);
#3298 = PRODUCT_DEFINITION_FORMATION_WITH_SPECIFIED_SOURCE('','',#3299,
  .NOT_KNOWN.);
#3299 = PRODUCT('Body','Body','',(#3300));
#3300 = MECHANICAL_CONTEXT('',#2,'mechanical');
#3301 = DESIGN_CONTEXT('',#2,'design');
#3302 = ADVANCED_BREP_SHAPE_REPRESENTATION('',(#11,#3303),#4346);
#3303 = MANIFOLD_SOLID_BREP('',#3304);
#3304 = CLOSED_SHELL('',(#3305,#3345,#3378,#3409,#3442,#3473,#3506,#3537
    ,#3568,#3601,#3632,#3663,#3694,#3725,#3758,#3789,#3822,#3853,#3886,
    #3917,#3939,#3972,#4005,#4038,#4071,#4104,#4137,#4170,#4203,#4236,
    #4291));
#3305 = ADVANCED_FACE('',(#3306),#3340,.F.);
#3306 = FACE_BOUND('',#3307,.F.);
#3307 = EDGE_LOOP('',(#3308,#3318,#3326,#3334));
#3308 = ORIENTED_EDGE('',*,*,#3309,.T.);
#3309 = EDGE_CURVE('',#3310,#3312,#3314,.T.);
#3310 = VERTEX_POINT('',#3311);
#3311 = CARTESIAN_POINT('',(47.442172293232,2.9E-14,130.));
#3312 = VERTEX_POINT('',#3313);
#3313 = CARTESIAN_POINT('',(47.442172293232,-15.,130.));
#3314 = LINE('',#3315,#3316);
#3315 = CARTESIAN_POINT('',(47.442172293232,2.887E-14,130.));
#3316 = VECTOR('',#3317,1.);
#3317 = DIRECTION('',(0.,-1.,2.2E-16));
#3318 = ORIENTED_EDGE('',*,*,#3319,.T.);
#3319 = EDGE_CURVE('',#3312,#3320,#3322,.T.);
#3320 = VERTEX_POINT('',#3321);
#3321 = CARTESIAN_POINT('',(14.41707598676,-15.,201.64556581428));
#3322 = LINE('',#3323,#3324);
#3323 = CARTESIAN_POINT('',(47.442172293232,-15.,130.));
#3324 = VECTOR('',#3325,1.);
#3325 = DIRECTION('',(-0.41861831901,0.,0.908162266883));
#3326 = ORIENTED_EDGE('',*,*,#3327,.F.);
#3327 = EDGE_CURVE('',#3328,#3320,#3330,.T.);
#3328 = VERTEX_POINT('',#3329);
#3329 = CARTESIAN_POINT('',(14.41707598676,4.5E-14,201.64556581428));
#3330 = LINE('',#3331,#3332);
#3331 = CARTESIAN_POINT('',(14.41707598676,4.477E-14,201.64556581428));
#3332 = VECTOR('',#3333,1.);
#3333 = DIRECTION('',(0.,-1.,2.2E-16));
#3334 = ORIENTED_EDGE('',*,*,#3335,.F.);
#3335 = EDGE_CURVE('',#3310,#3328,#3336,.T.);
#3336 = LINE('',#3337,#3338);
#3337 = CARTESIAN_POINT('',(47.442172293232,0.,130.));
#3338 = VECTOR('',#3339,1.);
#3339 = DIRECTION('',(-0.41861831901,0.,0.908162266883));
#3340 = PLANE('',#3341);
#3341 = AXIS2_PLACEMENT_3D('',#3342,#3343,#3344);
#3342 = CARTESIAN_POINT('',(47.442172293232,2.887E-14,130.));
#3343 = DIRECTION('',(-0.908162266883,-9.E-17,-0.41861831901));
#3344 = DIRECTION('',(-0.41861831901,2.E-16,0.908162266883));
#3345 = ADVANCED_FACE('',(#3346),#3373,.T.);
#3346 = FACE_BOUND('',#3347,.F.);
#3347 = EDGE_LOOP('',(#3348,#3349,#3358,#3366));
#3348 = ORIENTED_EDGE('',*,*,#3327,.T.);
#3349 = ORIENTED_EDGE('',*,*,#3350,.T.);
#3350 = EDGE_CURVE('',#3320,#3351,#3353,.T.);
#3351 = VERTEX_POINT('',#3352);
#3352 = CARTESIAN_POINT('',(-14.41707598676,-15.,201.64556581428));
#3353 = CIRCLE('',#3354,15.875);
#3354 = AXIS2_PLACEMENT_3D('',#3355,#3356,#3357);
#3355 = CARTESIAN_POINT('',(0.,-15.,195.));
#3356 = DIRECTION('',(0.,-1.,0.));
#3357 = DIRECTION('',(1.,0.,0.));
#3358 = ORIENTED_EDGE('',*,*,#3359,.F.);
#3359 = EDGE_CURVE('',#3360,#3351,#3362,.T.);
#3360 = VERTEX_POINT('',#3361);
#3361 = CARTESIAN_POINT('',(-14.41707598676,4.5E-14,201.64556581428));
#3362 = LINE('',#3363,#3364);
#3363 = CARTESIAN_POINT('',(-14.41707598676,4.477E-14,201.64556581428));
#3364 = VECTOR('',#3365,1.);
#3365 = DIRECTION('',(0.,-1.,2.2E-16));
#3366 = ORIENTED_EDGE('',*,*,#3367,.F.);
#3367 = EDGE_CURVE('',#3328,#3360,#3368,.T.);
#3368 = CIRCLE('',#3369,15.875);
#3369 = AXIS2_PLACEMENT_3D('',#3370,#3371,#3372);
#3370 = CARTESIAN_POINT('',(0.,0.,195.));
#3371 = DIRECTION('',(0.,-1.,0.));
#3372 = DIRECTION('',(1.,0.,0.));
#3373 = CYLINDRICAL_SURFACE('',#3374,15.875);
#3374 = AXIS2_PLACEMENT_3D('',#3375,#3376,#3377);
#3375 = CARTESIAN_POINT('',(0.,4.33E-14,195.));
#3376 = DIRECTION('',(0.,1.,-2.2E-16));
#3377 = DIRECTION('',(1.,0.,0.));
#3378 = ADVANCED_FACE('',(#3379),#3404,.T.);
#3379 = FACE_BOUND('',#3380,.T.);
#3380 = EDGE_LOOP('',(#3381,#3391,#3397,#3398));
#3381 = ORIENTED_EDGE('',*,*,#3382,.T.);
#3382 = EDGE_CURVE('',#3383,#3385,#3387,.T.);
#3383 = VERTEX_POINT('',#3384);
#3384 = CARTESIAN_POINT('',(-52.55782770676,2.6E-14,118.90195434367));
#3385 = VERTEX_POINT('',#3386);
#3386 = CARTESIAN_POINT('',(-52.55782770676,-15.,118.90195434367));
#3387 = LINE('',#3388,#3389);
#3388 = CARTESIAN_POINT('',(-52.55782770676,2.64E-14,118.90195434367));
#3389 = VECTOR('',#3390,1.);
#3390 = DIRECTION('',(0.,-1.,2.2E-16));
#3391 = ORIENTED_EDGE('',*,*,#3392,.T.);
#3392 = EDGE_CURVE('',#3385,#3351,#3393,.T.);
#3393 = LINE('',#3394,#3395);
#3394 = CARTESIAN_POINT('',(-52.55782770676,-15.,118.90195434367));
#3395 = VECTOR('',#3396,1.);
#3396 = DIRECTION('',(0.41861831901,0.,0.908162266883));
#3397 = ORIENTED_EDGE('',*,*,#3359,.F.);
#3398 = ORIENTED_EDGE('',*,*,#3399,.F.);
#3399 = EDGE_CURVE('',#3383,#3360,#3400,.T.);
#3400 = LINE('',#3401,#3402);
#3401 = CARTESIAN_POINT('',(-52.55782770676,0.,118.90195434367));
#3402 = VECTOR('',#3403,1.);
#3403 = DIRECTION('',(0.41861831901,0.,0.908162266883));
#3404 = PLANE('',#3405);
#3405 = AXIS2_PLACEMENT_3D('',#3406,#3407,#3408);
#3406 = CARTESIAN_POINT('',(-52.55782770676,2.64E-14,118.90195434367));
#3407 = DIRECTION('',(-0.908162266883,9.E-17,0.41861831901));
#3408 = DIRECTION('',(0.41861831901,2.E-16,0.908162266883));
#3409 = ADVANCED_FACE('',(#3410),#3437,.T.);
#3410 = FACE_BOUND('',#3411,.F.);
#3411 = EDGE_LOOP('',(#3412,#3413,#3422,#3430));
#3412 = ORIENTED_EDGE('',*,*,#3382,.T.);
#3413 = ORIENTED_EDGE('',*,*,#3414,.T.);
#3414 = EDGE_CURVE('',#3385,#3415,#3417,.T.);
#3415 = VERTEX_POINT('',#3416);
#3416 = CARTESIAN_POINT('',(-120.,-15.,50.));
#3417 = CIRCLE('',#3418,130.);
#3418 = AXIS2_PLACEMENT_3D('',#3419,#3420,#3421);
#3419 = CARTESIAN_POINT('',(0.,-15.,3.E-15));
#3420 = DIRECTION('',(0.,-1.,0.));
#3421 = DIRECTION('',(1.,0.,0.));
#3422 = ORIENTED_EDGE('',*,*,#3423,.F.);
#3423 = EDGE_CURVE('',#3424,#3415,#3426,.T.);
#3424 = VERTEX_POINT('',#3425);
#3425 = CARTESIAN_POINT('',(-120.,1.1E-14,50.));
#3426 = LINE('',#3427,#3428);
#3427 = CARTESIAN_POINT('',(-120.,1.11E-14,50.));
#3428 = VECTOR('',#3429,1.);
#3429 = DIRECTION('',(0.,-1.,2.2E-16));
#3430 = ORIENTED_EDGE('',*,*,#3431,.F.);
#3431 = EDGE_CURVE('',#3383,#3424,#3432,.T.);
#3432 = CIRCLE('',#3433,130.);
#3433 = AXIS2_PLACEMENT_3D('',#3434,#3435,#3436);
#3434 = CARTESIAN_POINT('',(0.,0.,0.));
#3435 = DIRECTION('',(0.,-1.,0.));
#3436 = DIRECTION('',(1.,0.,0.));
#3437 = CYLINDRICAL_SURFACE('',#3438,130.);
#3438 = AXIS2_PLACEMENT_3D('',#3439,#3440,#3441);
#3439 = CARTESIAN_POINT('',(0.,0.,0.));
#3440 = DIRECTION('',(0.,1.,-2.2E-16));
#3441 = DIRECTION('',(1.,0.,0.));
#3442 = ADVANCED_FACE('',(#3443),#3468,.F.);
#3443 = FACE_BOUND('',#3444,.F.);
#3444 = EDGE_LOOP('',(#3445,#3446,#3454,#3462));
#3445 = ORIENTED_EDGE('',*,*,#3423,.T.);
#3446 = ORIENTED_EDGE('',*,*,#3447,.T.);
#3447 = EDGE_CURVE('',#3415,#3448,#3450,.T.);
#3448 = VERTEX_POINT('',#3449);
#3449 = CARTESIAN_POINT('',(-201.3419246814,-15.,14.553199522244));
#3450 = LINE('',#3451,#3452);
#3451 = CARTESIAN_POINT('',(-120.,-15.,50.));
#3452 = VECTOR('',#3453,1.);
#3453 = DIRECTION('',(-0.916736977779,-0.,-0.399491318519));
#3454 = ORIENTED_EDGE('',*,*,#3455,.F.);
#3455 = EDGE_CURVE('',#3456,#3448,#3458,.T.);
#3456 = VERTEX_POINT('',#3457);
#3457 = CARTESIAN_POINT('',(-201.3419246814,3.E-15,14.553199522244));
#3458 = LINE('',#3459,#3460);
#3459 = CARTESIAN_POINT('',(-201.3419246814,3.23E-15,14.553199522244));
#3460 = VECTOR('',#3461,1.);
#3461 = DIRECTION('',(0.,-1.,2.2E-16));
#3462 = ORIENTED_EDGE('',*,*,#3463,.F.);
#3463 = EDGE_CURVE('',#3424,#3456,#3464,.T.);
#3464 = LINE('',#3465,#3466);
#3465 = CARTESIAN_POINT('',(-120.,0.,50.));
#3466 = VECTOR('',#3467,1.);
#3467 = DIRECTION('',(-0.916736977779,-0.,-0.399491318519));
#3468 = PLANE('',#3469);
#3469 = AXIS2_PLACEMENT_3D('',#3470,#3471,#3472);
#3470 = CARTESIAN_POINT('',(-120.,1.11E-14,50.));
#3471 = DIRECTION('',(0.399491318519,-2.E-16,-0.916736977779));
#3472 = DIRECTION('',(-0.916736977779,-9.E-17,-0.399491318519));
#3473 = ADVANCED_FACE('',(#3474),#3501,.T.);
#3474 = FACE_BOUND('',#3475,.F.);
#3475 = EDGE_LOOP('',(#3476,#3477,#3486,#3494));
#3476 = ORIENTED_EDGE('',*,*,#3455,.T.);
#3477 = ORIENTED_EDGE('',*,*,#3478,.T.);
#3478 = EDGE_CURVE('',#3448,#3479,#3481,.T.);
#3479 = VERTEX_POINT('',#3480);
#3480 = CARTESIAN_POINT('',(-201.3419246814,-15.,-14.55319952224));
#3481 = CIRCLE('',#3482,15.875);
#3482 = AXIS2_PLACEMENT_3D('',#3483,#3484,#3485);
#3483 = CARTESIAN_POINT('',(-195.,-15.,3.E-15));
#3484 = DIRECTION('',(0.,-1.,0.));
#3485 = DIRECTION('',(1.,0.,0.));
#3486 = ORIENTED_EDGE('',*,*,#3487,.F.);
#3487 = EDGE_CURVE('',#3488,#3479,#3490,.T.);
#3488 = VERTEX_POINT('',#3489);
#3489 = CARTESIAN_POINT('',(-201.3419246814,-3.E-15,-14.55319952224));
#3490 = LINE('',#3491,#3492);
#3491 = CARTESIAN_POINT('',(-201.3419246814,-3.23E-15,-14.55319952224));
#3492 = VECTOR('',#3493,1.);
#3493 = DIRECTION('',(0.,-1.,2.2E-16));
#3494 = ORIENTED_EDGE('',*,*,#3495,.F.);
#3495 = EDGE_CURVE('',#3456,#3488,#3496,.T.);
#3496 = CIRCLE('',#3497,15.875);
#3497 = AXIS2_PLACEMENT_3D('',#3498,#3499,#3500);
#3498 = CARTESIAN_POINT('',(-195.,0.,0.));
#3499 = DIRECTION('',(0.,-1.,0.));
#3500 = DIRECTION('',(1.,0.,0.));
#3501 = CYLINDRICAL_SURFACE('',#3502,15.875);
#3502 = AXIS2_PLACEMENT_3D('',#3503,#3504,#3505);
#3503 = CARTESIAN_POINT('',(-195.,0.,0.));
#3504 = DIRECTION('',(0.,1.,-2.2E-16));
#3505 = DIRECTION('',(1.,0.,0.));
#3506 = ADVANCED_FACE('',(#3507),#3532,.T.);
#3507 = FACE_BOUND('',#3508,.T.);
#3508 = EDGE_LOOP('',(#3509,#3519,#3525,#3526));
#3509 = ORIENTED_EDGE('',*,*,#3510,.T.);
#3510 = EDGE_CURVE('',#3511,#3513,#3515,.T.);
#3511 = VERTEX_POINT('',#3512);
#3512 = CARTESIAN_POINT('',(-120.,-1.1E-14,-50.));
#3513 = VERTEX_POINT('',#3514);
#3514 = CARTESIAN_POINT('',(-120.,-15.,-50.));
#3515 = LINE('',#3516,#3517);
#3516 = CARTESIAN_POINT('',(-120.,-1.11E-14,-50.));
#3517 = VECTOR('',#3518,1.);
#3518 = DIRECTION('',(0.,-1.,2.2E-16));
#3519 = ORIENTED_EDGE('',*,*,#3520,.T.);
#3520 = EDGE_CURVE('',#3513,#3479,#3521,.T.);
#3521 = LINE('',#3522,#3523);
#3522 = CARTESIAN_POINT('',(-120.,-15.,-50.));
#3523 = VECTOR('',#3524,1.);
#3524 = DIRECTION('',(-0.916736977779,0.,0.399491318519));
#3525 = ORIENTED_EDGE('',*,*,#3487,.F.);
#3526 = ORIENTED_EDGE('',*,*,#3527,.F.);
#3527 = EDGE_CURVE('',#3511,#3488,#3528,.T.);
#3528 = LINE('',#3529,#3530);
#3529 = CARTESIAN_POINT('',(-120.,0.,-50.));
#3530 = VECTOR('',#3531,1.);
#3531 = DIRECTION('',(-0.916736977779,0.,0.399491318519));
#3532 = PLANE('',#3533);
#3533 = AXIS2_PLACEMENT_3D('',#3534,#3535,#3536);
#3534 = CARTESIAN_POINT('',(-120.,-1.11E-14,-50.));
#3535 = DIRECTION('',(-0.399491318519,-2.E-16,-0.916736977779));
#3536 = DIRECTION('',(-0.916736977779,9.E-17,0.399491318519));
#3537 = ADVANCED_FACE('',(#3538),#3563,.F.);
#3538 = FACE_BOUND('',#3539,.F.);
#3539 = EDGE_LOOP('',(#3540,#3541,#3549,#3557));
#3540 = ORIENTED_EDGE('',*,*,#3510,.T.);
#3541 = ORIENTED_EDGE('',*,*,#3542,.T.);
#3542 = EDGE_CURVE('',#3513,#3543,#3545,.T.);
#3543 = VERTEX_POINT('',#3544);
#3544 = CARTESIAN_POINT('',(-88.92096424013,-15.,-248.8946795071));
#3545 = LINE('',#3546,#3547);
#3546 = CARTESIAN_POINT('',(-120.,-15.,-50.));
#3547 = VECTOR('',#3548,1.);
#3548 = DIRECTION('',(0.154385327857,0.,-0.988010713779));
#3549 = ORIENTED_EDGE('',*,*,#3550,.F.);
#3550 = EDGE_CURVE('',#3551,#3543,#3553,.T.);
#3551 = VERTEX_POINT('',#3552);
#3552 = CARTESIAN_POINT('',(-88.92096424013,-5.5E-14,-248.8946795071));
#3553 = LINE('',#3554,#3555);
#3554 = CARTESIAN_POINT('',(-88.92096424013,-5.527E-14,-248.8946795071)
  );
#3555 = VECTOR('',#3556,1.);
#3556 = DIRECTION('',(0.,-1.,2.2E-16));
#3557 = ORIENTED_EDGE('',*,*,#3558,.F.);
#3558 = EDGE_CURVE('',#3511,#3551,#3559,.T.);
#3559 = LINE('',#3560,#3561);
#3560 = CARTESIAN_POINT('',(-120.,0.,-50.));
#3561 = VECTOR('',#3562,1.);
#3562 = DIRECTION('',(0.154385327857,0.,-0.988010713779));
#3563 = PLANE('',#3564);
#3564 = AXIS2_PLACEMENT_3D('',#3565,#3566,#3567);
#3565 = CARTESIAN_POINT('',(-120.,-1.11E-14,-50.));
#3566 = DIRECTION('',(0.988010713779,3.E-17,0.154385327857));
#3567 = DIRECTION('',(0.154385327857,-2.2E-16,-0.988010713779));
#3568 = ADVANCED_FACE('',(#3569),#3596,.T.);
#3569 = FACE_BOUND('',#3570,.F.);
#3570 = EDGE_LOOP('',(#3571,#3572,#3581,#3589));
#3571 = ORIENTED_EDGE('',*,*,#3550,.T.);
#3572 = ORIENTED_EDGE('',*,*,#3573,.T.);
#3573 = EDGE_CURVE('',#3543,#3574,#3576,.T.);
#3574 = VERTEX_POINT('',#3575);
#3575 = CARTESIAN_POINT('',(88.920964240131,-15.,-248.8946795071));
#3576 = CIRCLE('',#3577,90.);
#3577 = AXIS2_PLACEMENT_3D('',#3578,#3579,#3580);
#3578 = CARTESIAN_POINT('',(0.,-15.,-235.));
#3579 = DIRECTION('',(0.,-1.,0.));
#3580 = DIRECTION('',(1.,0.,0.));
#3581 = ORIENTED_EDGE('',*,*,#3582,.F.);
#3582 = EDGE_CURVE('',#3583,#3574,#3585,.T.);
#3583 = VERTEX_POINT('',#3584);
#3584 = CARTESIAN_POINT('',(88.920964240131,-5.5E-14,-248.8946795071));
#3585 = LINE('',#3586,#3587);
#3586 = CARTESIAN_POINT('',(88.920964240131,-5.527E-14,-248.8946795071)
  );
#3587 = VECTOR('',#3588,1.);
#3588 = DIRECTION('',(0.,-1.,2.2E-16));
#3589 = ORIENTED_EDGE('',*,*,#3590,.F.);
#3590 = EDGE_CURVE('',#3551,#3583,#3591,.T.);
#3591 = CIRCLE('',#3592,90.);
#3592 = AXIS2_PLACEMENT_3D('',#3593,#3594,#3595);
#3593 = CARTESIAN_POINT('',(0.,0.,-235.));
#3594 = DIRECTION('',(0.,-1.,0.));
#3595 = DIRECTION('',(1.,0.,0.));
#3596 = CYLINDRICAL_SURFACE('',#3597,90.);
#3597 = AXIS2_PLACEMENT_3D('',#3598,#3599,#3600);
#3598 = CARTESIAN_POINT('',(0.,-5.218E-14,-235.));
#3599 = DIRECTION('',(0.,1.,-2.2E-16));
#3600 = DIRECTION('',(1.,0.,0.));
#3601 = ADVANCED_FACE('',(#3602),#3627,.T.);
#3602 = FACE_BOUND('',#3603,.T.);
#3603 = EDGE_LOOP('',(#3604,#3614,#3620,#3621));
#3604 = ORIENTED_EDGE('',*,*,#3605,.T.);
#3605 = EDGE_CURVE('',#3606,#3608,#3610,.T.);
#3606 = VERTEX_POINT('',#3607);
#3607 = CARTESIAN_POINT('',(104.22181025338,-3.4E-14,-150.9747540787));
#3608 = VERTEX_POINT('',#3609);
#3609 = CARTESIAN_POINT('',(104.22181025338,-15.,-150.9747540787));
#3610 = LINE('',#3611,#3612);
#3611 = CARTESIAN_POINT('',(104.22181025338,-3.352E-14,-150.9747540787)
  );
#3612 = VECTOR('',#3613,1.);
#3613 = DIRECTION('',(0.,-1.,2.2E-16));
#3614 = ORIENTED_EDGE('',*,*,#3615,.T.);
#3615 = EDGE_CURVE('',#3608,#3574,#3616,.T.);
#3616 = LINE('',#3617,#3618);
#3617 = CARTESIAN_POINT('',(104.22181025338,-15.,-150.9747540787));
#3618 = VECTOR('',#3619,1.);
#3619 = DIRECTION('',(-0.154385327857,-0.,-0.988010713779));
#3620 = ORIENTED_EDGE('',*,*,#3582,.F.);
#3621 = ORIENTED_EDGE('',*,*,#3622,.F.);
#3622 = EDGE_CURVE('',#3606,#3583,#3623,.T.);
#3623 = LINE('',#3624,#3625);
#3624 = CARTESIAN_POINT('',(104.22181025338,0.,-150.9747540787));
#3625 = VECTOR('',#3626,1.);
#3626 = DIRECTION('',(-0.154385327857,-0.,-0.988010713779));
#3627 = PLANE('',#3628);
#3628 = AXIS2_PLACEMENT_3D('',#3629,#3630,#3631);
#3629 = CARTESIAN_POINT('',(104.22181025338,-3.352E-14,-150.9747540787)
  );
#3630 = DIRECTION('',(0.988010713779,-3.E-17,-0.154385327857));
#3631 = DIRECTION('',(-0.154385327857,-2.2E-16,-0.988010713779));
#3632 = ADVANCED_FACE('',(#3633),#3658,.F.);
#3633 = FACE_BOUND('',#3634,.F.);
#3634 = EDGE_LOOP('',(#3635,#3636,#3644,#3652));
#3635 = ORIENTED_EDGE('',*,*,#3605,.T.);
#3636 = ORIENTED_EDGE('',*,*,#3637,.T.);
#3637 = EDGE_CURVE('',#3608,#3638,#3640,.T.);
#3638 = VERTEX_POINT('',#3639);
#3639 = CARTESIAN_POINT('',(900.,-15.,-295.));
#3640 = LINE('',#3641,#3642);
#3641 = CARTESIAN_POINT('',(104.22181025338,-15.,-150.9747540787));
#3642 = VECTOR('',#3643,1.);
#3643 = DIRECTION('',(0.984013597548,0.,-0.178093345863));
#3644 = ORIENTED_EDGE('',*,*,#3645,.F.);
#3645 = EDGE_CURVE('',#3646,#3638,#3648,.T.);
#3646 = VERTEX_POINT('',#3647);
#3647 = CARTESIAN_POINT('',(900.,-6.6E-14,-295.));
#3648 = LINE('',#3649,#3650);
#3649 = CARTESIAN_POINT('',(900.,-6.55E-14,-295.));
#3650 = VECTOR('',#3651,1.);
#3651 = DIRECTION('',(0.,-1.,2.2E-16));
#3652 = ORIENTED_EDGE('',*,*,#3653,.F.);
#3653 = EDGE_CURVE('',#3606,#3646,#3654,.T.);
#3654 = LINE('',#3655,#3656);
#3655 = CARTESIAN_POINT('',(104.22181025338,0.,-150.9747540787));
#3656 = VECTOR('',#3657,1.);
#3657 = DIRECTION('',(0.984013597548,0.,-0.178093345863));
#3658 = PLANE('',#3659);
#3659 = AXIS2_PLACEMENT_3D('',#3660,#3661,#3662);
#3660 = CARTESIAN_POINT('',(104.22181025338,-3.352E-14,-150.9747540787)
  );
#3661 = DIRECTION('',(0.178093345863,2.2E-16,0.984013597548));
#3662 = DIRECTION('',(0.984013597548,-4.E-17,-0.178093345863));
#3663 = ADVANCED_FACE('',(#3664),#3689,.F.);
#3664 = FACE_BOUND('',#3665,.F.);
#3665 = EDGE_LOOP('',(#3666,#3667,#3675,#3683));
#3666 = ORIENTED_EDGE('',*,*,#3645,.T.);
#3667 = ORIENTED_EDGE('',*,*,#3668,.T.);
#3668 = EDGE_CURVE('',#3638,#3669,#3671,.T.);
#3669 = VERTEX_POINT('',#3670);
#3670 = CARTESIAN_POINT('',(1.78E+03,-15.,-130.));
#3671 = LINE('',#3672,#3673);
#3672 = CARTESIAN_POINT('',(900.,-15.,-295.));
#3673 = VECTOR('',#3674,1.);
#3674 = DIRECTION('',(0.982872186934,0.,0.18428853505));
#3675 = ORIENTED_EDGE('',*,*,#3676,.F.);
#3676 = EDGE_CURVE('',#3677,#3669,#3679,.T.);
#3677 = VERTEX_POINT('',#3678);
#3678 = CARTESIAN_POINT('',(1.78E+03,-2.9E-14,-130.));
#3679 = LINE('',#3680,#3681);
#3680 = CARTESIAN_POINT('',(1.78E+03,-2.887E-14,-130.));
#3681 = VECTOR('',#3682,1.);
#3682 = DIRECTION('',(0.,-1.,2.2E-16));
#3683 = ORIENTED_EDGE('',*,*,#3684,.F.);
#3684 = EDGE_CURVE('',#3646,#3677,#3685,.T.);
#3685 = LINE('',#3686,#3687);
#3686 = CARTESIAN_POINT('',(900.,0.,-295.));
#3687 = VECTOR('',#3688,1.);
#3688 = DIRECTION('',(0.982872186934,0.,0.18428853505));
#3689 = PLANE('',#3690);
#3690 = AXIS2_PLACEMENT_3D('',#3691,#3692,#3693);
#3691 = CARTESIAN_POINT('',(900.,-6.55E-14,-295.));
#3692 = DIRECTION('',(-0.18428853505,2.2E-16,0.982872186934));
#3693 = DIRECTION('',(0.982872186934,4.E-17,0.18428853505));
#3694 = ADVANCED_FACE('',(#3695),#3720,.F.);
#3695 = FACE_BOUND('',#3696,.F.);
#3696 = EDGE_LOOP('',(#3697,#3698,#3706,#3714));
#3697 = ORIENTED_EDGE('',*,*,#3676,.T.);
#3698 = ORIENTED_EDGE('',*,*,#3699,.T.);
#3699 = EDGE_CURVE('',#3669,#3700,#3702,.T.);
#3700 = VERTEX_POINT('',#3701);
#3701 = CARTESIAN_POINT('',(1.976471683533E+03,-15.,-55.02856297614));
#3702 = LINE('',#3703,#3704);
#3703 = CARTESIAN_POINT('',(1.78E+03,-15.,-130.));
#3704 = VECTOR('',#3705,1.);
#3705 = DIRECTION('',(0.934289714987,0.,0.356514696009));
#3706 = ORIENTED_EDGE('',*,*,#3707,.F.);
#3707 = EDGE_CURVE('',#3708,#3700,#3710,.T.);
#3708 = VERTEX_POINT('',#3709);
#3709 = CARTESIAN_POINT('',(1.976471683533E+03,-1.2E-14,-55.02856297614)
  );
#3710 = LINE('',#3711,#3712);
#3711 = CARTESIAN_POINT('',(1.976471683533E+03,-1.222E-14,
    -55.02856297614));
#3712 = VECTOR('',#3713,1.);
#3713 = DIRECTION('',(0.,-1.,2.2E-16));
#3714 = ORIENTED_EDGE('',*,*,#3715,.F.);
#3715 = EDGE_CURVE('',#3677,#3708,#3716,.T.);
#3716 = LINE('',#3717,#3718);
#3717 = CARTESIAN_POINT('',(1.78E+03,0.,-130.));
#3718 = VECTOR('',#3719,1.);
#3719 = DIRECTION('',(0.934289714987,0.,0.356514696009));
#3720 = PLANE('',#3721);
#3721 = AXIS2_PLACEMENT_3D('',#3722,#3723,#3724);
#3722 = CARTESIAN_POINT('',(1.78E+03,-2.887E-14,-130.));
#3723 = DIRECTION('',(-0.356514696009,2.1E-16,0.934289714987));
#3724 = DIRECTION('',(0.934289714987,8.E-17,0.356514696009));
#3725 = ADVANCED_FACE('',(#3726),#3753,.T.);
#3726 = FACE_BOUND('',#3727,.F.);
#3727 = EDGE_LOOP('',(#3728,#3729,#3738,#3746));
#3728 = ORIENTED_EDGE('',*,*,#3707,.T.);
#3729 = ORIENTED_EDGE('',*,*,#3730,.T.);
#3730 = EDGE_CURVE('',#3700,#3731,#3733,.T.);
#3731 = VERTEX_POINT('',#3732);
#3732 = CARTESIAN_POINT('',(1.976471683533E+03,-15.,-25.36486452532));
#3733 = CIRCLE('',#3734,15.875);
#3734 = AXIS2_PLACEMENT_3D('',#3735,#3736,#3737);
#3735 = CARTESIAN_POINT('',(1.970812012734E+03,-15.,-40.19671375073));
#3736 = DIRECTION('',(0.,-1.,0.));
#3737 = DIRECTION('',(1.,0.,0.));
#3738 = ORIENTED_EDGE('',*,*,#3739,.F.);
#3739 = EDGE_CURVE('',#3740,#3731,#3742,.T.);
#3740 = VERTEX_POINT('',#3741);
#3741 = CARTESIAN_POINT('',(1.976471683533E+03,-6.E-15,-25.36486452532)
  );
#3742 = LINE('',#3743,#3744);
#3743 = CARTESIAN_POINT('',(1.976471683533E+03,-5.63E-15,-25.36486452532
    ));
#3744 = VECTOR('',#3745,1.);
#3745 = DIRECTION('',(0.,-1.,2.2E-16));
#3746 = ORIENTED_EDGE('',*,*,#3747,.F.);
#3747 = EDGE_CURVE('',#3708,#3740,#3748,.T.);
#3748 = CIRCLE('',#3749,15.875);
#3749 = AXIS2_PLACEMENT_3D('',#3750,#3751,#3752);
#3750 = CARTESIAN_POINT('',(1.970812012734E+03,0.,-40.19671375073));
#3751 = DIRECTION('',(0.,-1.,0.));
#3752 = DIRECTION('',(1.,0.,0.));
#3753 = CYLINDRICAL_SURFACE('',#3754,15.875);
#3754 = AXIS2_PLACEMENT_3D('',#3755,#3756,#3757);
#3755 = CARTESIAN_POINT('',(1.970812012734E+03,-8.93E-15,-40.19671375073
    ));
#3756 = DIRECTION('',(0.,1.,-2.2E-16));
#3757 = DIRECTION('',(1.,0.,0.));
#3758 = ADVANCED_FACE('',(#3759),#3784,.T.);
#3759 = FACE_BOUND('',#3760,.T.);
#3760 = EDGE_LOOP('',(#3761,#3771,#3777,#3778));
#3761 = ORIENTED_EDGE('',*,*,#3762,.T.);
#3762 = EDGE_CURVE('',#3763,#3765,#3767,.T.);
#3763 = VERTEX_POINT('',#3764);
#3764 = CARTESIAN_POINT('',(1.91E+03,0.,0.));
#3765 = VERTEX_POINT('',#3766);
#3766 = CARTESIAN_POINT('',(1.91E+03,-15.,3.E-15));
#3767 = LINE('',#3768,#3769);
#3768 = CARTESIAN_POINT('',(1.91E+03,0.,0.));
#3769 = VECTOR('',#3770,1.);
#3770 = DIRECTION('',(0.,-1.,2.2E-16));
#3771 = ORIENTED_EDGE('',*,*,#3772,.T.);
#3772 = EDGE_CURVE('',#3765,#3731,#3773,.T.);
#3773 = LINE('',#3774,#3775);
#3774 = CARTESIAN_POINT('',(1.91E+03,-15.,3.E-15));
#3775 = VECTOR('',#3776,1.);
#3776 = DIRECTION('',(0.934289714987,0.,-0.356514696009));
#3777 = ORIENTED_EDGE('',*,*,#3739,.F.);
#3778 = ORIENTED_EDGE('',*,*,#3779,.F.);
#3779 = EDGE_CURVE('',#3763,#3740,#3780,.T.);
#3780 = LINE('',#3781,#3782);
#3781 = CARTESIAN_POINT('',(1.91E+03,0.,0.));
#3782 = VECTOR('',#3783,1.);
#3783 = DIRECTION('',(0.934289714987,0.,-0.356514696009));
#3784 = PLANE('',#3785);
#3785 = AXIS2_PLACEMENT_3D('',#3786,#3787,#3788);
#3786 = CARTESIAN_POINT('',(1.91E+03,0.,0.));
#3787 = DIRECTION('',(0.356514696009,2.1E-16,0.934289714987));
#3788 = DIRECTION('',(0.934289714987,-8.E-17,-0.356514696009));
#3789 = ADVANCED_FACE('',(#3790),#3817,.T.);
#3790 = FACE_BOUND('',#3791,.F.);
#3791 = EDGE_LOOP('',(#3792,#3793,#3802,#3810));
#3792 = ORIENTED_EDGE('',*,*,#3762,.T.);
#3793 = ORIENTED_EDGE('',*,*,#3794,.T.);
#3794 = EDGE_CURVE('',#3765,#3795,#3797,.T.);
#3795 = VERTEX_POINT('',#3796);
#3796 = CARTESIAN_POINT('',(1.832557827707E+03,-15.,118.90195434367));
#3797 = CIRCLE('',#3798,130.);
#3798 = AXIS2_PLACEMENT_3D('',#3799,#3800,#3801);
#3799 = CARTESIAN_POINT('',(1.78E+03,-15.,3.E-15));
#3800 = DIRECTION('',(0.,-1.,0.));
#3801 = DIRECTION('',(1.,0.,0.));
#3802 = ORIENTED_EDGE('',*,*,#3803,.F.);
#3803 = EDGE_CURVE('',#3804,#3795,#3806,.T.);
#3804 = VERTEX_POINT('',#3805);
#3805 = CARTESIAN_POINT('',(1.832557827707E+03,2.6E-14,118.90195434367)
  );
#3806 = LINE('',#3807,#3808);
#3807 = CARTESIAN_POINT('',(1.832557827707E+03,2.64E-14,118.90195434367)
  );
#3808 = VECTOR('',#3809,1.);
#3809 = DIRECTION('',(0.,-1.,2.2E-16));
#3810 = ORIENTED_EDGE('',*,*,#3811,.F.);
#3811 = EDGE_CURVE('',#3763,#3804,#3812,.T.);
#3812 = CIRCLE('',#3813,130.);
#3813 = AXIS2_PLACEMENT_3D('',#3814,#3815,#3816);
#3814 = CARTESIAN_POINT('',(1.78E+03,0.,0.));
#3815 = DIRECTION('',(0.,-1.,0.));
#3816 = DIRECTION('',(1.,0.,0.));
#3817 = CYLINDRICAL_SURFACE('',#3818,130.);
#3818 = AXIS2_PLACEMENT_3D('',#3819,#3820,#3821);
#3819 = CARTESIAN_POINT('',(1.78E+03,0.,0.));
#3820 = DIRECTION('',(0.,1.,-2.2E-16));
#3821 = DIRECTION('',(1.,0.,0.));
#3822 = ADVANCED_FACE('',(#3823),#3848,.F.);
#3823 = FACE_BOUND('',#3824,.F.);
#3824 = EDGE_LOOP('',(#3825,#3826,#3834,#3842));
#3825 = ORIENTED_EDGE('',*,*,#3803,.T.);
#3826 = ORIENTED_EDGE('',*,*,#3827,.T.);
#3827 = EDGE_CURVE('',#3795,#3828,#3830,.T.);
#3828 = VERTEX_POINT('',#3829);
#3829 = CARTESIAN_POINT('',(1.794417075987E+03,-15.,201.64556581428));
#3830 = LINE('',#3831,#3832);
#3831 = CARTESIAN_POINT('',(1.832557827707E+03,-15.,118.90195434367));
#3832 = VECTOR('',#3833,1.);
#3833 = DIRECTION('',(-0.41861831901,0.,0.908162266883));
#3834 = ORIENTED_EDGE('',*,*,#3835,.F.);
#3835 = EDGE_CURVE('',#3836,#3828,#3838,.T.);
#3836 = VERTEX_POINT('',#3837);
#3837 = CARTESIAN_POINT('',(1.794417075987E+03,4.5E-14,201.64556581428)
  );
#3838 = LINE('',#3839,#3840);
#3839 = CARTESIAN_POINT('',(1.794417075987E+03,4.477E-14,201.64556581428
    ));
#3840 = VECTOR('',#3841,1.);
#3841 = DIRECTION('',(0.,-1.,2.2E-16));
#3842 = ORIENTED_EDGE('',*,*,#3843,.F.);
#3843 = EDGE_CURVE('',#3804,#3836,#3844,.T.);
#3844 = LINE('',#3845,#3846);
#3845 = CARTESIAN_POINT('',(1.832557827707E+03,0.,118.90195434367));
#3846 = VECTOR('',#3847,1.);
#3847 = DIRECTION('',(-0.41861831901,0.,0.908162266883));
#3848 = PLANE('',#3849);
#3849 = AXIS2_PLACEMENT_3D('',#3850,#3851,#3852);
#3850 = CARTESIAN_POINT('',(1.832557827707E+03,2.64E-14,118.90195434367)
  );
#3851 = DIRECTION('',(-0.908162266883,-9.E-17,-0.41861831901));
#3852 = DIRECTION('',(-0.41861831901,2.E-16,0.908162266883));
#3853 = ADVANCED_FACE('',(#3854),#3881,.T.);
#3854 = FACE_BOUND('',#3855,.F.);
#3855 = EDGE_LOOP('',(#3856,#3857,#3866,#3874));
#3856 = ORIENTED_EDGE('',*,*,#3835,.T.);
#3857 = ORIENTED_EDGE('',*,*,#3858,.T.);
#3858 = EDGE_CURVE('',#3828,#3859,#3861,.T.);
#3859 = VERTEX_POINT('',#3860);
#3860 = CARTESIAN_POINT('',(1.765582924013E+03,-15.,201.64556581428));
#3861 = CIRCLE('',#3862,15.875);
#3862 = AXIS2_PLACEMENT_3D('',#3863,#3864,#3865);
#3863 = CARTESIAN_POINT('',(1.78E+03,-15.,195.));
#3864 = DIRECTION('',(0.,-1.,0.));
#3865 = DIRECTION('',(1.,0.,0.));
#3866 = ORIENTED_EDGE('',*,*,#3867,.F.);
#3867 = EDGE_CURVE('',#3868,#3859,#3870,.T.);
#3868 = VERTEX_POINT('',#3869);
#3869 = CARTESIAN_POINT('',(1.765582924013E+03,4.5E-14,201.64556581428)
  );
#3870 = LINE('',#3871,#3872);
#3871 = CARTESIAN_POINT('',(1.765582924013E+03,4.477E-14,201.64556581428
    ));
#3872 = VECTOR('',#3873,1.);
#3873 = DIRECTION('',(0.,-1.,2.2E-16));
#3874 = ORIENTED_EDGE('',*,*,#3875,.F.);
#3875 = EDGE_CURVE('',#3836,#3868,#3876,.T.);
#3876 = CIRCLE('',#3877,15.875);
#3877 = AXIS2_PLACEMENT_3D('',#3878,#3879,#3880);
#3878 = CARTESIAN_POINT('',(1.78E+03,0.,195.));
#3879 = DIRECTION('',(0.,-1.,0.));
#3880 = DIRECTION('',(1.,0.,0.));
#3881 = CYLINDRICAL_SURFACE('',#3882,15.875);
#3882 = AXIS2_PLACEMENT_3D('',#3883,#3884,#3885);
#3883 = CARTESIAN_POINT('',(1.78E+03,4.33E-14,195.));
#3884 = DIRECTION('',(0.,1.,-2.2E-16));
#3885 = DIRECTION('',(1.,0.,0.));
#3886 = ADVANCED_FACE('',(#3887),#3912,.T.);
#3887 = FACE_BOUND('',#3888,.T.);
#3888 = EDGE_LOOP('',(#3889,#3899,#3905,#3906));
#3889 = ORIENTED_EDGE('',*,*,#3890,.T.);
#3890 = EDGE_CURVE('',#3891,#3893,#3895,.T.);
#3891 = VERTEX_POINT('',#3892);
#3892 = CARTESIAN_POINT('',(1.732557827707E+03,2.9E-14,130.));
#3893 = VERTEX_POINT('',#3894);
#3894 = CARTESIAN_POINT('',(1.732557827707E+03,-15.,130.));
#3895 = LINE('',#3896,#3897);
#3896 = CARTESIAN_POINT('',(1.732557827707E+03,2.887E-14,130.));
#3897 = VECTOR('',#3898,1.);
#3898 = DIRECTION('',(0.,-1.,2.2E-16));
#3899 = ORIENTED_EDGE('',*,*,#3900,.T.);
#3900 = EDGE_CURVE('',#3893,#3859,#3901,.T.);
#3901 = LINE('',#3902,#3903);
#3902 = CARTESIAN_POINT('',(1.732557827707E+03,-15.,130.));
#3903 = VECTOR('',#3904,1.);
#3904 = DIRECTION('',(0.41861831901,0.,0.908162266883));
#3905 = ORIENTED_EDGE('',*,*,#3867,.F.);
#3906 = ORIENTED_EDGE('',*,*,#3907,.F.);
#3907 = EDGE_CURVE('',#3891,#3868,#3908,.T.);
#3908 = LINE('',#3909,#3910);
#3909 = CARTESIAN_POINT('',(1.732557827707E+03,0.,130.));
#3910 = VECTOR('',#3911,1.);
#3911 = DIRECTION('',(0.41861831901,0.,0.908162266883));
#3912 = PLANE('',#3913);
#3913 = AXIS2_PLACEMENT_3D('',#3914,#3915,#3916);
#3914 = CARTESIAN_POINT('',(1.732557827707E+03,2.887E-14,130.));
#3915 = DIRECTION('',(-0.908162266883,9.E-17,0.41861831901));
#3916 = DIRECTION('',(0.41861831901,2.E-16,0.908162266883));
#3917 = ADVANCED_FACE('',(#3918),#3934,.T.);
#3918 = FACE_BOUND('',#3919,.T.);
#3919 = EDGE_LOOP('',(#3920,#3921,#3927,#3928));
#3920 = ORIENTED_EDGE('',*,*,#3309,.T.);
#3921 = ORIENTED_EDGE('',*,*,#3922,.T.);
#3922 = EDGE_CURVE('',#3312,#3893,#3923,.T.);
#3923 = LINE('',#3924,#3925);
#3924 = CARTESIAN_POINT('',(47.442172293232,-15.,130.));
#3925 = VECTOR('',#3926,1.);
#3926 = DIRECTION('',(1.,0.,0.));
#3927 = ORIENTED_EDGE('',*,*,#3890,.F.);
#3928 = ORIENTED_EDGE('',*,*,#3929,.F.);
#3929 = EDGE_CURVE('',#3310,#3891,#3930,.T.);
#3930 = LINE('',#3931,#3932);
#3931 = CARTESIAN_POINT('',(47.442172293232,0.,130.));
#3932 = VECTOR('',#3933,1.);
#3933 = DIRECTION('',(1.,0.,0.));
#3934 = PLANE('',#3935);
#3935 = AXIS2_PLACEMENT_3D('',#3936,#3937,#3938);
#3936 = CARTESIAN_POINT('',(47.442172293232,2.887E-14,130.));
#3937 = DIRECTION('',(0.,2.2E-16,1.));
#3938 = DIRECTION('',(1.,0.,-0.));
#3939 = ADVANCED_FACE('',(#3940),#3967,.F.);
#3940 = FACE_BOUND('',#3941,.T.);
#3941 = EDGE_LOOP('',(#3942,#3952,#3959,#3960));
#3942 = ORIENTED_EDGE('',*,*,#3943,.T.);
#3943 = EDGE_CURVE('',#3944,#3946,#3948,.T.);
#3944 = VERTEX_POINT('',#3945);
#3945 = CARTESIAN_POINT('',(30.,0.,0.));
#3946 = VERTEX_POINT('',#3947);
#3947 = CARTESIAN_POINT('',(30.,-15.,3.E-15));
#3948 = LINE('',#3949,#3950);
#3949 = CARTESIAN_POINT('',(30.,0.,0.));
#3950 = VECTOR('',#3951,1.);
#3951 = DIRECTION('',(0.,-1.,2.2E-16));
#3952 = ORIENTED_EDGE('',*,*,#3953,.T.);
#3953 = EDGE_CURVE('',#3946,#3946,#3954,.T.);
#3954 = CIRCLE('',#3955,30.);
#3955 = AXIS2_PLACEMENT_3D('',#3956,#3957,#3958);
#3956 = CARTESIAN_POINT('',(0.,-15.,3.E-15));
#3957 = DIRECTION('',(0.,-1.,0.));
#3958 = DIRECTION('',(1.,0.,0.));
#3959 = ORIENTED_EDGE('',*,*,#3943,.F.);
#3960 = ORIENTED_EDGE('',*,*,#3961,.F.);
#3961 = EDGE_CURVE('',#3944,#3944,#3962,.T.);
#3962 = CIRCLE('',#3963,30.);
#3963 = AXIS2_PLACEMENT_3D('',#3964,#3965,#3966);
#3964 = CARTESIAN_POINT('',(0.,0.,0.));
#3965 = DIRECTION('',(0.,-1.,0.));
#3966 = DIRECTION('',(1.,0.,0.));
#3967 = CYLINDRICAL_SURFACE('',#3968,30.);
#3968 = AXIS2_PLACEMENT_3D('',#3969,#3970,#3971);
#3969 = CARTESIAN_POINT('',(0.,0.,0.));
#3970 = DIRECTION('',(0.,1.,-2.2E-16));
#3971 = DIRECTION('',(1.,0.,0.));
#3972 = ADVANCED_FACE('',(#3973),#4000,.F.);
#3973 = FACE_BOUND('',#3974,.T.);
#3974 = EDGE_LOOP('',(#3975,#3985,#3992,#3993));
#3975 = ORIENTED_EDGE('',*,*,#3976,.T.);
#3976 = EDGE_CURVE('',#3977,#3979,#3981,.T.);
#3977 = VERTEX_POINT('',#3978);
#3978 = CARTESIAN_POINT('',(1.81E+03,0.,0.));
#3979 = VERTEX_POINT('',#3980);
#3980 = CARTESIAN_POINT('',(1.81E+03,-15.,3.E-15));
#3981 = LINE('',#3982,#3983);
#3982 = CARTESIAN_POINT('',(1.81E+03,0.,0.));
#3983 = VECTOR('',#3984,1.);
#3984 = DIRECTION('',(0.,-1.,2.2E-16));
#3985 = ORIENTED_EDGE('',*,*,#3986,.T.);
#3986 = EDGE_CURVE('',#3979,#3979,#3987,.T.);
#3987 = CIRCLE('',#3988,30.);
#3988 = AXIS2_PLACEMENT_3D('',#3989,#3990,#3991);
#3989 = CARTESIAN_POINT('',(1.78E+03,-15.,3.E-15));
#3990 = DIRECTION('',(0.,-1.,0.));
#3991 = DIRECTION('',(1.,0.,0.));
#3992 = ORIENTED_EDGE('',*,*,#3976,.F.);
#3993 = ORIENTED_EDGE('',*,*,#3994,.F.);
#3994 = EDGE_CURVE('',#3977,#3977,#3995,.T.);
#3995 = CIRCLE('',#3996,30.);
#3996 = AXIS2_PLACEMENT_3D('',#3997,#3998,#3999);
#3997 = CARTESIAN_POINT('',(1.78E+03,0.,0.));
#3998 = DIRECTION('',(0.,-1.,0.));
#3999 = DIRECTION('',(1.,0.,0.));
#4000 = CYLINDRICAL_SURFACE('',#4001,30.);
#4001 = AXIS2_PLACEMENT_3D('',#4002,#4003,#4004);
#4002 = CARTESIAN_POINT('',(1.78E+03,0.,0.));
#4003 = DIRECTION('',(0.,1.,-2.2E-16));
#4004 = DIRECTION('',(1.,0.,0.));
#4005 = ADVANCED_FACE('',(#4006),#4033,.F.);
#4006 = FACE_BOUND('',#4007,.T.);
#4007 = EDGE_LOOP('',(#4008,#4018,#4025,#4026));
#4008 = ORIENTED_EDGE('',*,*,#4009,.T.);
#4009 = EDGE_CURVE('',#4010,#4012,#4014,.T.);
#4010 = VERTEX_POINT('',#4011);
#4011 = CARTESIAN_POINT('',(1.441615336358E+03,-8.E-15,-34.53606221643)
  );
#4012 = VERTEX_POINT('',#4013);
#4013 = CARTESIAN_POINT('',(1.441615336358E+03,-15.,-34.53606221643));
#4014 = LINE('',#4015,#4016);
#4015 = CARTESIAN_POINT('',(1.441615336358E+03,-7.67E-15,-34.53606221643
    ));
#4016 = VECTOR('',#4017,1.);
#4017 = DIRECTION('',(0.,-1.,2.2E-16));
#4018 = ORIENTED_EDGE('',*,*,#4019,.T.);
#4019 = EDGE_CURVE('',#4012,#4012,#4020,.T.);
#4020 = CIRCLE('',#4021,30.);
#4021 = AXIS2_PLACEMENT_3D('',#4022,#4023,#4024);
#4022 = CARTESIAN_POINT('',(1.411615336358E+03,-15.,-34.53606221643));
#4023 = DIRECTION('',(0.,-1.,0.));
#4024 = DIRECTION('',(1.,0.,0.));
#4025 = ORIENTED_EDGE('',*,*,#4009,.F.);
#4026 = ORIENTED_EDGE('',*,*,#4027,.F.);
#4027 = EDGE_CURVE('',#4010,#4010,#4028,.T.);
#4028 = CIRCLE('',#4029,30.);
#4029 = AXIS2_PLACEMENT_3D('',#4030,#4031,#4032);
#4030 = CARTESIAN_POINT('',(1.411615336358E+03,0.,-34.53606221643));
#4031 = DIRECTION('',(0.,-1.,0.));
#4032 = DIRECTION('',(1.,0.,0.));
#4033 = CYLINDRICAL_SURFACE('',#4034,30.);
#4034 = AXIS2_PLACEMENT_3D('',#4035,#4036,#4037);
#4035 = CARTESIAN_POINT('',(1.411615336358E+03,-7.67E-15,-34.53606221643
    ));
#4036 = DIRECTION('',(0.,1.,-2.2E-16));
#4037 = DIRECTION('',(1.,0.,0.));
#4038 = ADVANCED_FACE('',(#4039),#4066,.F.);
#4039 = FACE_BOUND('',#4040,.T.);
#4040 = EDGE_LOOP('',(#4041,#4051,#4058,#4059));
#4041 = ORIENTED_EDGE('',*,*,#4042,.T.);
#4042 = EDGE_CURVE('',#4043,#4045,#4047,.T.);
#4043 = VERTEX_POINT('',#4044);
#4044 = CARTESIAN_POINT('',(30.,-5.2E-14,-235.));
#4045 = VERTEX_POINT('',#4046);
#4046 = CARTESIAN_POINT('',(30.,-15.,-235.));
#4047 = LINE('',#4048,#4049);
#4048 = CARTESIAN_POINT('',(30.,-5.218E-14,-235.));
#4049 = VECTOR('',#4050,1.);
#4050 = DIRECTION('',(0.,-1.,2.2E-16));
#4051 = ORIENTED_EDGE('',*,*,#4052,.T.);
#4052 = EDGE_CURVE('',#4045,#4045,#4053,.T.);
#4053 = CIRCLE('',#4054,30.);
#4054 = AXIS2_PLACEMENT_3D('',#4055,#4056,#4057);
#4055 = CARTESIAN_POINT('',(0.,-15.,-235.));
#4056 = DIRECTION('',(0.,-1.,0.));
#4057 = DIRECTION('',(1.,0.,0.));
#4058 = ORIENTED_EDGE('',*,*,#4042,.F.);
#4059 = ORIENTED_EDGE('',*,*,#4060,.F.);
#4060 = EDGE_CURVE('',#4043,#4043,#4061,.T.);
#4061 = CIRCLE('',#4062,30.);
#4062 = AXIS2_PLACEMENT_3D('',#4063,#4064,#4065);
#4063 = CARTESIAN_POINT('',(0.,0.,-235.));
#4064 = DIRECTION('',(0.,-1.,0.));
#4065 = DIRECTION('',(1.,0.,0.));
#4066 = CYLINDRICAL_SURFACE('',#4067,30.);
#4067 = AXIS2_PLACEMENT_3D('',#4068,#4069,#4070);
#4068 = CARTESIAN_POINT('',(0.,-5.218E-14,-235.));
#4069 = DIRECTION('',(0.,1.,-2.2E-16));
#4070 = DIRECTION('',(1.,0.,0.));
#4071 = ADVANCED_FACE('',(#4072),#4099,.F.);
#4072 = FACE_BOUND('',#4073,.T.);
#4073 = EDGE_LOOP('',(#4074,#4084,#4091,#4092));
#4074 = ORIENTED_EDGE('',*,*,#4075,.T.);
#4075 = EDGE_CURVE('',#4076,#4078,#4080,.T.);
#4076 = VERTEX_POINT('',#4077);
#4077 = CARTESIAN_POINT('',(1.977162012734E+03,-9.E-15,-40.19671375073)
  );
#4078 = VERTEX_POINT('',#4079);
#4079 = CARTESIAN_POINT('',(1.977162012734E+03,-15.,-40.19671375073));
#4080 = LINE('',#4081,#4082);
#4081 = CARTESIAN_POINT('',(1.977162012734E+03,-8.93E-15,-40.19671375073
    ));
#4082 = VECTOR('',#4083,1.);
#4083 = DIRECTION('',(0.,-1.,2.2E-16));
#4084 = ORIENTED_EDGE('',*,*,#4085,.T.);
#4085 = EDGE_CURVE('',#4078,#4078,#4086,.T.);
#4086 = CIRCLE('',#4087,6.35);
#4087 = AXIS2_PLACEMENT_3D('',#4088,#4089,#4090);
#4088 = CARTESIAN_POINT('',(1.970812012734E+03,-15.,-40.19671375073));
#4089 = DIRECTION('',(0.,-1.,0.));
#4090 = DIRECTION('',(1.,0.,0.));
#4091 = ORIENTED_EDGE('',*,*,#4075,.F.);
#4092 = ORIENTED_EDGE('',*,*,#4093,.F.);
#4093 = EDGE_CURVE('',#4076,#4076,#4094,.T.);
#4094 = CIRCLE('',#4095,6.35);
#4095 = AXIS2_PLACEMENT_3D('',#4096,#4097,#4098);
#4096 = CARTESIAN_POINT('',(1.970812012734E+03,0.,-40.19671375073));
#4097 = DIRECTION('',(0.,-1.,0.));
#4098 = DIRECTION('',(1.,0.,0.));
#4099 = CYLINDRICAL_SURFACE('',#4100,6.35);
#4100 = AXIS2_PLACEMENT_3D('',#4101,#4102,#4103);
#4101 = CARTESIAN_POINT('',(1.970812012734E+03,-8.93E-15,-40.19671375073
    ));
#4102 = DIRECTION('',(0.,1.,-2.2E-16));
#4103 = DIRECTION('',(1.,0.,0.));
#4104 = ADVANCED_FACE('',(#4105),#4132,.F.);
#4105 = FACE_BOUND('',#4106,.T.);
#4106 = EDGE_LOOP('',(#4107,#4117,#4124,#4125));
#4107 = ORIENTED_EDGE('',*,*,#4108,.T.);
#4108 = EDGE_CURVE('',#4109,#4111,#4113,.T.);
#4109 = VERTEX_POINT('',#4110);
#4110 = CARTESIAN_POINT('',(1.78635E+03,4.3E-14,195.));
#4111 = VERTEX_POINT('',#4112);
#4112 = CARTESIAN_POINT('',(1.78635E+03,-15.,195.));
#4113 = LINE('',#4114,#4115);
#4114 = CARTESIAN_POINT('',(1.78635E+03,4.33E-14,195.));
#4115 = VECTOR('',#4116,1.);
#4116 = DIRECTION('',(0.,-1.,2.2E-16));
#4117 = ORIENTED_EDGE('',*,*,#4118,.T.);
#4118 = EDGE_CURVE('',#4111,#4111,#4119,.T.);
#4119 = CIRCLE('',#4120,6.35);
#4120 = AXIS2_PLACEMENT_3D('',#4121,#4122,#4123);
#4121 = CARTESIAN_POINT('',(1.78E+03,-15.,195.));
#4122 = DIRECTION('',(0.,-1.,0.));
#4123 = DIRECTION('',(1.,0.,0.));
#4124 = ORIENTED_EDGE('',*,*,#4108,.F.);
#4125 = ORIENTED_EDGE('',*,*,#4126,.F.);
#4126 = EDGE_CURVE('',#4109,#4109,#4127,.T.);
#4127 = CIRCLE('',#4128,6.35);
#4128 = AXIS2_PLACEMENT_3D('',#4129,#4130,#4131);
#4129 = CARTESIAN_POINT('',(1.78E+03,0.,195.));
#4130 = DIRECTION('',(0.,-1.,0.));
#4131 = DIRECTION('',(1.,0.,0.));
#4132 = CYLINDRICAL_SURFACE('',#4133,6.35);
#4133 = AXIS2_PLACEMENT_3D('',#4134,#4135,#4136);
#4134 = CARTESIAN_POINT('',(1.78E+03,4.33E-14,195.));
#4135 = DIRECTION('',(0.,1.,-2.2E-16));
#4136 = DIRECTION('',(1.,0.,0.));
#4137 = ADVANCED_FACE('',(#4138),#4165,.F.);
#4138 = FACE_BOUND('',#4139,.T.);
#4139 = EDGE_LOOP('',(#4140,#4150,#4157,#4158));
#4140 = ORIENTED_EDGE('',*,*,#4141,.T.);
#4141 = EDGE_CURVE('',#4142,#4144,#4146,.T.);
#4142 = VERTEX_POINT('',#4143);
#4143 = CARTESIAN_POINT('',(6.35,4.3E-14,195.));
#4144 = VERTEX_POINT('',#4145);
#4145 = CARTESIAN_POINT('',(6.35,-15.,195.));
#4146 = LINE('',#4147,#4148);
#4147 = CARTESIAN_POINT('',(6.35,4.33E-14,195.));
#4148 = VECTOR('',#4149,1.);
#4149 = DIRECTION('',(0.,-1.,2.2E-16));
#4150 = ORIENTED_EDGE('',*,*,#4151,.T.);
#4151 = EDGE_CURVE('',#4144,#4144,#4152,.T.);
#4152 = CIRCLE('',#4153,6.35);
#4153 = AXIS2_PLACEMENT_3D('',#4154,#4155,#4156);
#4154 = CARTESIAN_POINT('',(0.,-15.,195.));
#4155 = DIRECTION('',(0.,-1.,0.));
#4156 = DIRECTION('',(1.,0.,0.));
#4157 = ORIENTED_EDGE('',*,*,#4141,.F.);
#4158 = ORIENTED_EDGE('',*,*,#4159,.F.);
#4159 = EDGE_CURVE('',#4142,#4142,#4160,.T.);
#4160 = CIRCLE('',#4161,6.35);
#4161 = AXIS2_PLACEMENT_3D('',#4162,#4163,#4164);
#4162 = CARTESIAN_POINT('',(0.,0.,195.));
#4163 = DIRECTION('',(0.,-1.,0.));
#4164 = DIRECTION('',(1.,0.,0.));
#4165 = CYLINDRICAL_SURFACE('',#4166,6.35);
#4166 = AXIS2_PLACEMENT_3D('',#4167,#4168,#4169);
#4167 = CARTESIAN_POINT('',(0.,4.33E-14,195.));
#4168 = DIRECTION('',(0.,1.,-2.2E-16));
#4169 = DIRECTION('',(1.,0.,0.));
#4170 = ADVANCED_FACE('',(#4171),#4198,.F.);
#4171 = FACE_BOUND('',#4172,.T.);
#4172 = EDGE_LOOP('',(#4173,#4183,#4190,#4191));
#4173 = ORIENTED_EDGE('',*,*,#4174,.T.);
#4174 = EDGE_CURVE('',#4175,#4177,#4179,.T.);
#4175 = VERTEX_POINT('',#4176);
#4176 = CARTESIAN_POINT('',(-188.65,0.,0.));
#4177 = VERTEX_POINT('',#4178);
#4178 = CARTESIAN_POINT('',(-188.65,-15.,3.E-15));
#4179 = LINE('',#4180,#4181);
#4180 = CARTESIAN_POINT('',(-188.65,0.,0.));
#4181 = VECTOR('',#4182,1.);
#4182 = DIRECTION('',(0.,-1.,2.2E-16));
#4183 = ORIENTED_EDGE('',*,*,#4184,.T.);
#4184 = EDGE_CURVE('',#4177,#4177,#4185,.T.);
#4185 = CIRCLE('',#4186,6.35);
#4186 = AXIS2_PLACEMENT_3D('',#4187,#4188,#4189);
#4187 = CARTESIAN_POINT('',(-195.,-15.,3.E-15));
#4188 = DIRECTION('',(0.,-1.,0.));
#4189 = DIRECTION('',(1.,0.,0.));
#4190 = ORIENTED_EDGE('',*,*,#4174,.F.);
#4191 = ORIENTED_EDGE('',*,*,#4192,.F.);
#4192 = EDGE_CURVE('',#4175,#4175,#4193,.T.);
#4193 = CIRCLE('',#4194,6.35);
#4194 = AXIS2_PLACEMENT_3D('',#4195,#4196,#4197);
#4195 = CARTESIAN_POINT('',(-195.,0.,0.));
#4196 = DIRECTION('',(0.,-1.,0.));
#4197 = DIRECTION('',(1.,0.,0.));
#4198 = CYLINDRICAL_SURFACE('',#4199,6.35);
#4199 = AXIS2_PLACEMENT_3D('',#4200,#4201,#4202);
#4200 = CARTESIAN_POINT('',(-195.,0.,0.));
#4201 = DIRECTION('',(0.,1.,-2.2E-16));
#4202 = DIRECTION('',(1.,0.,0.));
#4203 = ADVANCED_FACE('',(#4204),#4231,.F.);
#4204 = FACE_BOUND('',#4205,.T.);
#4205 = EDGE_LOOP('',(#4206,#4216,#4223,#4224));
#4206 = ORIENTED_EDGE('',*,*,#4207,.T.);
#4207 = EDGE_CURVE('',#4208,#4210,#4212,.T.);
#4208 = VERTEX_POINT('',#4209);
#4209 = CARTESIAN_POINT('',(1.607803744148E+03,-1.9E-14,-87.17045142797)
  );
#4210 = VERTEX_POINT('',#4211);
#4211 = CARTESIAN_POINT('',(1.607803744148E+03,-15.,-87.17045142797));
#4212 = LINE('',#4213,#4214);
#4213 = CARTESIAN_POINT('',(1.607803744148E+03,-1.936E-14,
    -87.17045142797));
#4214 = VECTOR('',#4215,1.);
#4215 = DIRECTION('',(0.,-1.,2.2E-16));
#4216 = ORIENTED_EDGE('',*,*,#4217,.T.);
#4217 = EDGE_CURVE('',#4210,#4210,#4218,.T.);
#4218 = CIRCLE('',#4219,6.35);
#4219 = AXIS2_PLACEMENT_3D('',#4220,#4221,#4222);
#4220 = CARTESIAN_POINT('',(1.601453744148E+03,-15.,-87.17045142797));
#4221 = DIRECTION('',(0.,-1.,0.));
#4222 = DIRECTION('',(1.,0.,0.));
#4223 = ORIENTED_EDGE('',*,*,#4207,.F.);
#4224 = ORIENTED_EDGE('',*,*,#4225,.F.);
#4225 = EDGE_CURVE('',#4208,#4208,#4226,.T.);
#4226 = CIRCLE('',#4227,6.35);
#4227 = AXIS2_PLACEMENT_3D('',#4228,#4229,#4230);
#4228 = CARTESIAN_POINT('',(1.601453744148E+03,0.,-87.17045142797));
#4229 = DIRECTION('',(0.,-1.,0.));
#4230 = DIRECTION('',(1.,0.,0.));
#4231 = CYLINDRICAL_SURFACE('',#4232,6.35);
#4232 = AXIS2_PLACEMENT_3D('',#4233,#4234,#4235);
#4233 = CARTESIAN_POINT('',(1.601453744148E+03,-1.936E-14,
    -87.17045142797));
#4234 = DIRECTION('',(0.,1.,-2.2E-16));
#4235 = DIRECTION('',(1.,0.,0.));
#4236 = ADVANCED_FACE('',(#4237,#4259,#4262,#4265,#4268,#4271,#4274,
    #4277,#4280,#4283),#4286,.T.);
#4237 = FACE_BOUND('',#4238,.F.);
#4238 = EDGE_LOOP('',(#4239,#4240,#4241,#4242,#4243,#4244,#4245,#4246,
    #4247,#4248,#4249,#4250,#4251,#4252,#4253,#4254,#4255,#4256,#4257,
    #4258));
#4239 = ORIENTED_EDGE('',*,*,#3335,.T.);
#4240 = ORIENTED_EDGE('',*,*,#3367,.T.);
#4241 = ORIENTED_EDGE('',*,*,#3399,.F.);
#4242 = ORIENTED_EDGE('',*,*,#3431,.T.);
#4243 = ORIENTED_EDGE('',*,*,#3463,.T.);
#4244 = ORIENTED_EDGE('',*,*,#3495,.T.);
#4245 = ORIENTED_EDGE('',*,*,#3527,.F.);
#4246 = ORIENTED_EDGE('',*,*,#3558,.T.);
#4247 = ORIENTED_EDGE('',*,*,#3590,.T.);
#4248 = ORIENTED_EDGE('',*,*,#3622,.F.);
#4249 = ORIENTED_EDGE('',*,*,#3653,.T.);
#4250 = ORIENTED_EDGE('',*,*,#3684,.T.);
#4251 = ORIENTED_EDGE('',*,*,#3715,.T.);
#4252 = ORIENTED_EDGE('',*,*,#3747,.T.);
#4253 = ORIENTED_EDGE('',*,*,#3779,.F.);
#4254 = ORIENTED_EDGE('',*,*,#3811,.T.);
#4255 = ORIENTED_EDGE('',*,*,#3843,.T.);
#4256 = ORIENTED_EDGE('',*,*,#3875,.T.);
#4257 = ORIENTED_EDGE('',*,*,#3907,.F.);
#4258 = ORIENTED_EDGE('',*,*,#3929,.F.);
#4259 = FACE_BOUND('',#4260,.T.);
#4260 = EDGE_LOOP('',(#4261));
#4261 = ORIENTED_EDGE('',*,*,#3961,.T.);
#4262 = FACE_BOUND('',#4263,.T.);
#4263 = EDGE_LOOP('',(#4264));
#4264 = ORIENTED_EDGE('',*,*,#3994,.T.);
#4265 = FACE_BOUND('',#4266,.T.);
#4266 = EDGE_LOOP('',(#4267));
#4267 = ORIENTED_EDGE('',*,*,#4027,.T.);
#4268 = FACE_BOUND('',#4269,.T.);
#4269 = EDGE_LOOP('',(#4270));
#4270 = ORIENTED_EDGE('',*,*,#4060,.T.);
#4271 = FACE_BOUND('',#4272,.T.);
#4272 = EDGE_LOOP('',(#4273));
#4273 = ORIENTED_EDGE('',*,*,#4093,.T.);
#4274 = FACE_BOUND('',#4275,.T.);
#4275 = EDGE_LOOP('',(#4276));
#4276 = ORIENTED_EDGE('',*,*,#4126,.T.);
#4277 = FACE_BOUND('',#4278,.T.);
#4278 = EDGE_LOOP('',(#4279));
#4279 = ORIENTED_EDGE('',*,*,#4159,.T.);
#4280 = FACE_BOUND('',#4281,.T.);
#4281 = EDGE_LOOP('',(#4282));
#4282 = ORIENTED_EDGE('',*,*,#4192,.T.);
#4283 = FACE_BOUND('',#4284,.T.);
#4284 = EDGE_LOOP('',(#4285));
#4285 = ORIENTED_EDGE('',*,*,#4225,.T.);
#4286 = PLANE('',#4287);
#4287 = AXIS2_PLACEMENT_3D('',#4288,#4289,#4290);
#4288 = CARTESIAN_POINT('',(840.42417408046,-9.01E-15,-40.58425631759));
#4289 = DIRECTION('',(0.,1.,0.));
#4290 = DIRECTION('',(0.,0.,1.));
#4291 = ADVANCED_FACE('',(#4292,#4314,#4317,#4320,#4323,#4326,#4329,
    #4332,#4335,#4338),#4341,.F.);
#4292 = FACE_BOUND('',#4293,.T.);
#4293 = EDGE_LOOP('',(#4294,#4295,#4296,#4297,#4298,#4299,#4300,#4301,
    #4302,#4303,#4304,#4305,#4306,#4307,#4308,#4309,#4310,#4311,#4312,
    #4313));
#4294 = ORIENTED_EDGE('',*,*,#3319,.T.);
#4295 = ORIENTED_EDGE('',*,*,#3350,.T.);
#4296 = ORIENTED_EDGE('',*,*,#3392,.F.);
#4297 = ORIENTED_EDGE('',*,*,#3414,.T.);
#4298 = ORIENTED_EDGE('',*,*,#3447,.T.);
#4299 = ORIENTED_EDGE('',*,*,#3478,.T.);
#4300 = ORIENTED_EDGE('',*,*,#3520,.F.);
#4301 = ORIENTED_EDGE('',*,*,#3542,.T.);
#4302 = ORIENTED_EDGE('',*,*,#3573,.T.);
#4303 = ORIENTED_EDGE('',*,*,#3615,.F.);
#4304 = ORIENTED_EDGE('',*,*,#3637,.T.);
#4305 = ORIENTED_EDGE('',*,*,#3668,.T.);
#4306 = ORIENTED_EDGE('',*,*,#3699,.T.);
#4307 = ORIENTED_EDGE('',*,*,#3730,.T.);
#4308 = ORIENTED_EDGE('',*,*,#3772,.F.);
#4309 = ORIENTED_EDGE('',*,*,#3794,.T.);
#4310 = ORIENTED_EDGE('',*,*,#3827,.T.);
#4311 = ORIENTED_EDGE('',*,*,#3858,.T.);
#4312 = ORIENTED_EDGE('',*,*,#3900,.F.);
#4313 = ORIENTED_EDGE('',*,*,#3922,.F.);
#4314 = FACE_BOUND('',#4315,.F.);
#4315 = EDGE_LOOP('',(#4316));
#4316 = ORIENTED_EDGE('',*,*,#3953,.T.);
#4317 = FACE_BOUND('',#4318,.F.);
#4318 = EDGE_LOOP('',(#4319));
#4319 = ORIENTED_EDGE('',*,*,#3986,.T.);
#4320 = FACE_BOUND('',#4321,.F.);
#4321 = EDGE_LOOP('',(#4322));
#4322 = ORIENTED_EDGE('',*,*,#4019,.T.);
#4323 = FACE_BOUND('',#4324,.F.);
#4324 = EDGE_LOOP('',(#4325));
#4325 = ORIENTED_EDGE('',*,*,#4052,.T.);
#4326 = FACE_BOUND('',#4327,.F.);
#4327 = EDGE_LOOP('',(#4328));
#4328 = ORIENTED_EDGE('',*,*,#4085,.T.);
#4329 = FACE_BOUND('',#4330,.F.);
#4330 = EDGE_LOOP('',(#4331));
#4331 = ORIENTED_EDGE('',*,*,#4118,.T.);
#4332 = FACE_BOUND('',#4333,.F.);
#4333 = EDGE_LOOP('',(#4334));
#4334 = ORIENTED_EDGE('',*,*,#4151,.T.);
#4335 = FACE_BOUND('',#4336,.F.);
#4336 = EDGE_LOOP('',(#4337));
#4337 = ORIENTED_EDGE('',*,*,#4184,.T.);
#4338 = FACE_BOUND('',#4339,.F.);
#4339 = EDGE_LOOP('',(#4340));
#4340 = ORIENTED_EDGE('',*,*,#4217,.T.);
#4341 = PLANE('',#4342);
#4342 = AXIS2_PLACEMENT_3D('',#4343,#4344,#4345);
#4343 = CARTESIAN_POINT('',(840.42417408046,-15.,-40.58425631759));
#4344 = DIRECTION('',(0.,1.,0.));
#4345 = DIRECTION('',(0.,0.,1.));
#4346 = ( GEOMETRIC_REPRESENTATION_CONTEXT(3) 
GLOBAL_UNCERTAINTY_ASSIGNED_CONTEXT((#4350)) 
GLOBAL_UNIT_ASSIGNED_CONTEXT((#4347,#4348,#4349)) REPRESENTATION_CONTEXT
('Context #1','3D Context with UNIT and UNCERTAINTY') );
#4347 = ( LENGTH_UNIT() NAMED_UNIT(*) SI_UNIT(.MILLI.,.METRE.) );
#4348 = ( NAMED_UNIT(*) PLANE_ANGLE_UNIT() SI_UNIT($,.RADIAN.) );
#4349 = ( NAMED_UNIT(*) SI_UNIT($,.STERADIAN.) SOLID_ANGLE_UNIT() );
#4350 = UNCERTAINTY_MEASURE_WITH_UNIT(LENGTH_MEASURE(1.E-07),#4347,
  'distance_accuracy_value','confusion accuracy');
#4351 = CONTEXT_DEPENDENT_SHAPE_REPRESENTATION(#4352,#4354);
#4352 = ( REPRESENTATION_RELATIONSHIP('','',#3302,#1545) 
REPRESENTATION_RELATIONSHIP_WITH_TRANSFORMATION(#4353) 
SHAPE_REPRESENTATION_RELATIONSHIP() );
#4353 = ITEM_DEFINED_TRANSFORMATION('','',#11,#1554);
#4354 = PRODUCT_DEFINITION_SHAPE('Placement','Placement of an item',
  #4355);
#4355 = NEXT_ASSEMBLY_USAGE_OCCURRENCE('20','Body016','',#1540,#3297,$);
#4356 = CC_DESIGN_SECURITY_CLASSIFICATION(#4357,(#4355));
#4357 = SECURITY_CLASSIFICATION('','',#47);
#4358 = CC_DESIGN_PERSON_AND_ORGANIZATION_ASSIGNMENT(#36,#45,(#4357));
#4359 = CC_DESIGN_DATE_AND_TIME_ASSIGNMENT(#50,#56,(#4357));
#4360 = CC_DESIGN_APPROVAL(#58,(#4357));
#4361 = PRODUCT_RELATED_PRODUCT_CATEGORY('detail',$,(#3299));
#4362 = PRODUCT_CATEGORY_RELATIONSHIP('','',#4363,#4361);
#4363 = PRODUCT_CATEGORY('part',$);
#4364 = CC_DESIGN_PERSON_AND_ORGANIZATION_ASSIGNMENT(#36,#39,(#3298,
    #3297));
#4365 = CC_DESIGN_PERSON_AND_ORGANIZATION_ASSIGNMENT(#36,#41,(#3299));
#4366 = CC_DESIGN_PERSON_AND_ORGANIZATION_ASSIGNMENT(#36,#43,(#3298));
#4367 = CC_DESIGN_PERSON_AND_ORGANIZATION_ASSIGNMENT(#36,#45,(#4368));
#4368 = SECURITY_CLASSIFICATION('','',#47);
#4369 = CC_DESIGN_SECURITY_CLASSIFICATION(#4368,(#3298));
#4370 = CC_DESIGN_DATE_AND_TIME_ASSIGNMENT(#50,#54,(#3297));
#4371 = CC_DESIGN_DATE_AND_TIME_ASSIGNMENT(#50,#56,(#4368));
#4372 = CC_DESIGN_APPROVAL(#58,(#3298,#3297,#4368));
#4373 = SHAPE_DEFINITION_REPRESENTATION(#4374,#4380);
#4374 = PRODUCT_DEFINITION_SHAPE('','',#4375);
#4375 = PRODUCT_DEFINITION('design','',#4376,#4379);
#4376 = PRODUCT_DEFINITION_FORMATION_WITH_SPECIFIED_SOURCE('','',#4377,
  .NOT_KNOWN.);
#4377 = PRODUCT('Assembly','Assembly','',(#4378));
#4378 = MECHANICAL_CONTEXT('',#2,'mechanical');
#4379 = DESIGN_CONTEXT('',#2,'design');
#4380 = SHAPE_REPRESENTATION('',(#11,#4381,#4385,#4389),#4393);
#4381 = AXIS2_PLACEMENT_3D('',#4382,#4383,#4384);
#4382 = CARTESIAN_POINT('',(0.,0.,0.));
#4383 = DIRECTION('',(0.,0.,1.));
#4384 = DIRECTION('',(1.,0.,0.));
#4385 = AXIS2_PLACEMENT_3D('',#4386,#4387,#4388);
#4386 = CARTESIAN_POINT('',(0.,-15.,6.6E-15));
#4387 = DIRECTION('',(0.,0.,1.));
#4388 = DIRECTION('',(1.,0.,0.));
#4389 = AXIS2_PLACEMENT_3D('',#4390,#4391,#4392);
#4390 = CARTESIAN_POINT('',(0.,-100.,2.22E-14));
#4391 = DIRECTION('',(0.,0.,1.));
#4392 = DIRECTION('',(1.,0.,0.));
#4393 = ( GEOMETRIC_REPRESENTATION_CONTEXT(3) 
GLOBAL_UNCERTAINTY_ASSIGNED_CONTEXT((#4397)) 
GLOBAL_UNIT_ASSIGNED_CONTEXT((#4394,#4395,#4396)) REPRESENTATION_CONTEXT
('Context #1','3D Context with UNIT and UNCERTAINTY') );
#4394 = ( LENGTH_UNIT() NAMED_UNIT(*) SI_UNIT(.MILLI.,.METRE.) );
#4395 = ( NAMED_UNIT(*) PLANE_ANGLE_UNIT() SI_UNIT($,.RADIAN.) );
#4396 = ( NAMED_UNIT(*) SI_UNIT($,.STERADIAN.) SOLID_ANGLE_UNIT() );
#4397 = UNCERTAINTY_MEASURE_WITH_UNIT(LENGTH_MEASURE(1.E-07),#4394,
  'distance_accuracy_value','confusion accuracy');
#4398 = CONTEXT_DEPENDENT_SHAPE_REPRESENTATION(#4399,#4401);
#4399 = ( REPRESENTATION_RELATIONSHIP('','',#4380,#10) 
REPRESENTATION_RELATIONSHIP_WITH_TRANSFORMATION(#4400) 
SHAPE_REPRESENTATION_RELATIONSHIP() );
#4400 = ITEM_DEFINED_TRANSFORMATION('','',#11,#23);
#4401 = PRODUCT_DEFINITION_SHAPE('Placement','Placement of an item',
  #4402);
#4402 = NEXT_ASSEMBLY_USAGE_OCCURRENCE('25','Assembly','',#5,#4375,$);
#4403 = CC_DESIGN_SECURITY_CLASSIFICATION(#4404,(#4402));
#4404 = SECURITY_CLASSIFICATION('','',#47);
#4405 = CC_DESIGN_PERSON_AND_ORGANIZATION_ASSIGNMENT(#36,#45,(#4404));
#4406 = CC_DESIGN_DATE_AND_TIME_ASSIGNMENT(#50,#56,(#4404));
#4407 = CC_DESIGN_APPROVAL(#58,(#4404));
#4408 = PRODUCT_RELATED_PRODUCT_CATEGORY('detail',$,(#4377));
#4409 = PRODUCT_CATEGORY_RELATIONSHIP('','',#4410,#4408);
#4410 = PRODUCT_CATEGORY('part',$);
#4411 = CC_DESIGN_PERSON_AND_ORGANIZATION_ASSIGNMENT(#36,#39,(#4376,
    #4375));
#4412 = CC_DESIGN_PERSON_AND_ORGANIZATION_ASSIGNMENT(#36,#41,(#4377));
#4413 = CC_DESIGN_PERSON_AND_ORGANIZATION_ASSIGNMENT(#36,#43,(#4376));
#4414 = CC_DESIGN_PERSON_AND_ORGANIZATION_ASSIGNMENT(#36,#45,(#4415));
#4415 = SECURITY_CLASSIFICATION('','',#47);
#4416 = CC_DESIGN_SECURITY_CLASSIFICATION(#4415,(#4376));
#4417 = CC_DESIGN_DATE_AND_TIME_ASSIGNMENT(#50,#54,(#4375));
#4418 = CC_DESIGN_DATE_AND_TIME_ASSIGNMENT(#50,#56,(#4415));
#4419 = CC_DESIGN_APPROVAL(#58,(#4376,#4375,#4415));
#4420 = SHAPE_DEFINITION_REPRESENTATION(#4421,#4427);
#4421 = PRODUCT_DEFINITION_SHAPE('','',#4422);
#4422 = PRODUCT_DEFINITION('design','',#4423,#4426);
#4423 = PRODUCT_DEFINITION_FORMATION_WITH_SPECIFIED_SOURCE('','',#4424,
  .NOT_KNOWN.);
#4424 = PRODUCT('Body','Body','',(#4425));
#4425 = MECHANICAL_CONTEXT('',#2,'mechanical');
#4426 = DESIGN_CONTEXT('',#2,'design');
#4427 = ADVANCED_BREP_SHAPE_REPRESENTATION('',(#11,#4428),#5506);
#4428 = MANIFOLD_SOLID_BREP('',#4429);
#4429 = CLOSED_SHELL('',(#4430,#4472,#4503,#4536,#4567,#4600,#4631,#4664
    ,#4695,#4728,#4759,#4790,#4821,#4852,#4885,#4916,#4949,#4980,#5013,
    #5044,#5075,#5097,#5130,#5163,#5196,#5229,#5262,#5295,#5328,#5361,
    #5394,#5450));
#4430 = ADVANCED_FACE('',(#4431),#4467,.T.);
#4431 = FACE_BOUND('',#4432,.F.);
#4432 = EDGE_LOOP('',(#4433,#4443,#4452,#4460));
#4433 = ORIENTED_EDGE('',*,*,#4434,.T.);
#4434 = EDGE_CURVE('',#4435,#4437,#4439,.T.);
#4435 = VERTEX_POINT('',#4436);
#4436 = CARTESIAN_POINT('',(130.,0.,0.));
#4437 = VERTEX_POINT('',#4438);
#4438 = CARTESIAN_POINT('',(130.,-15.,3.E-15));
#4439 = LINE('',#4440,#4441);
#4440 = CARTESIAN_POINT('',(130.,0.,0.));
#4441 = VECTOR('',#4442,1.);
#4442 = DIRECTION('',(0.,-1.,2.2E-16));
#4443 = ORIENTED_EDGE('',*,*,#4444,.T.);
#4444 = EDGE_CURVE('',#4437,#4445,#4447,.T.);
#4445 = VERTEX_POINT('',#4446);
#4446 = CARTESIAN_POINT('',(50.,-15.,120.));
#4447 = CIRCLE('',#4448,130.);
#4448 = AXIS2_PLACEMENT_3D('',#4449,#4450,#4451);
#4449 = CARTESIAN_POINT('',(0.,-15.,3.E-15));
#4450 = DIRECTION('',(0.,-1.,0.));
#4451 = DIRECTION('',(1.,0.,0.));
#4452 = ORIENTED_EDGE('',*,*,#4453,.F.);
#4453 = EDGE_CURVE('',#4454,#4445,#4456,.T.);
#4454 = VERTEX_POINT('',#4455);
#4455 = CARTESIAN_POINT('',(50.,2.7E-14,120.));
#4456 = LINE('',#4457,#4458);
#4457 = CARTESIAN_POINT('',(50.,2.665E-14,120.));
#4458 = VECTOR('',#4459,1.);
#4459 = DIRECTION('',(0.,-1.,2.2E-16));
#4460 = ORIENTED_EDGE('',*,*,#4461,.F.);
#4461 = EDGE_CURVE('',#4435,#4454,#4462,.T.);
#4462 = CIRCLE('',#4463,130.);
#4463 = AXIS2_PLACEMENT_3D('',#4464,#4465,#4466);
#4464 = CARTESIAN_POINT('',(0.,0.,0.));
#4465 = DIRECTION('',(0.,-1.,0.));
#4466 = DIRECTION('',(1.,0.,0.));
#4467 = CYLINDRICAL_SURFACE('',#4468,130.);
#4468 = AXIS2_PLACEMENT_3D('',#4469,#4470,#4471);
#4469 = CARTESIAN_POINT('',(0.,0.,0.));
#4470 = DIRECTION('',(0.,1.,-2.2E-16));
#4471 = DIRECTION('',(1.,0.,0.));
#4472 = ADVANCED_FACE('',(#4473),#4498,.F.);
#4473 = FACE_BOUND('',#4474,.F.);
#4474 = EDGE_LOOP('',(#4475,#4476,#4484,#4492));
#4475 = ORIENTED_EDGE('',*,*,#4453,.T.);
#4476 = ORIENTED_EDGE('',*,*,#4477,.T.);
#4477 = EDGE_CURVE('',#4445,#4478,#4480,.T.);
#4478 = VERTEX_POINT('',#4479);
#4479 = CARTESIAN_POINT('',(14.553199522244,-15.,201.34192468149));
#4480 = LINE('',#4481,#4482);
#4481 = CARTESIAN_POINT('',(50.,-15.,120.));
#4482 = VECTOR('',#4483,1.);
#4483 = DIRECTION('',(-0.399491318519,0.,0.916736977779));
#4484 = ORIENTED_EDGE('',*,*,#4485,.F.);
#4485 = EDGE_CURVE('',#4486,#4478,#4488,.T.);
#4486 = VERTEX_POINT('',#4487);
#4487 = CARTESIAN_POINT('',(14.553199522244,4.5E-14,201.34192468149));
#4488 = LINE('',#4489,#4490);
#4489 = CARTESIAN_POINT('',(14.553199522244,4.471E-14,201.34192468149));
#4490 = VECTOR('',#4491,1.);
#4491 = DIRECTION('',(0.,-1.,2.2E-16));
#4492 = ORIENTED_EDGE('',*,*,#4493,.F.);
#4493 = EDGE_CURVE('',#4454,#4486,#4494,.T.);
#4494 = LINE('',#4495,#4496);
#4495 = CARTESIAN_POINT('',(50.,0.,120.));
#4496 = VECTOR('',#4497,1.);
#4497 = DIRECTION('',(-0.399491318519,0.,0.916736977779));
#4498 = PLANE('',#4499);
#4499 = AXIS2_PLACEMENT_3D('',#4500,#4501,#4502);
#4500 = CARTESIAN_POINT('',(50.,2.665E-14,120.));
#4501 = DIRECTION('',(-0.916736977779,-9.E-17,-0.399491318519));
#4502 = DIRECTION('',(-0.399491318519,2.E-16,0.916736977779));
#4503 = ADVANCED_FACE('',(#4504),#4531,.T.);
#4504 = FACE_BOUND('',#4505,.F.);
#4505 = EDGE_LOOP('',(#4506,#4507,#4516,#4524));
#4506 = ORIENTED_EDGE('',*,*,#4485,.T.);
#4507 = ORIENTED_EDGE('',*,*,#4508,.T.);
#4508 = EDGE_CURVE('',#4478,#4509,#4511,.T.);
#4509 = VERTEX_POINT('',#4510);
#4510 = CARTESIAN_POINT('',(-14.55319952224,-15.,201.34192468149));
#4511 = CIRCLE('',#4512,15.875);
#4512 = AXIS2_PLACEMENT_3D('',#4513,#4514,#4515);
#4513 = CARTESIAN_POINT('',(0.,-15.,195.));
#4514 = DIRECTION('',(0.,-1.,0.));
#4515 = DIRECTION('',(1.,0.,0.));
#4516 = ORIENTED_EDGE('',*,*,#4517,.F.);
#4517 = EDGE_CURVE('',#4518,#4509,#4520,.T.);
#4518 = VERTEX_POINT('',#4519);
#4519 = CARTESIAN_POINT('',(-14.55319952224,4.5E-14,201.34192468149));
#4520 = LINE('',#4521,#4522);
#4521 = CARTESIAN_POINT('',(-14.55319952224,4.471E-14,201.34192468149));
#4522 = VECTOR('',#4523,1.);
#4523 = DIRECTION('',(0.,-1.,2.2E-16));
#4524 = ORIENTED_EDGE('',*,*,#4525,.F.);
#4525 = EDGE_CURVE('',#4486,#4518,#4526,.T.);
#4526 = CIRCLE('',#4527,15.875);
#4527 = AXIS2_PLACEMENT_3D('',#4528,#4529,#4530);
#4528 = CARTESIAN_POINT('',(0.,0.,195.));
#4529 = DIRECTION('',(0.,-1.,0.));
#4530 = DIRECTION('',(1.,0.,0.));
#4531 = CYLINDRICAL_SURFACE('',#4532,15.875);
#4532 = AXIS2_PLACEMENT_3D('',#4533,#4534,#4535);
#4533 = CARTESIAN_POINT('',(0.,4.33E-14,195.));
#4534 = DIRECTION('',(0.,1.,-2.2E-16));
#4535 = DIRECTION('',(1.,0.,0.));
#4536 = ADVANCED_FACE('',(#4537),#4562,.T.);
#4537 = FACE_BOUND('',#4538,.T.);
#4538 = EDGE_LOOP('',(#4539,#4549,#4555,#4556));
#4539 = ORIENTED_EDGE('',*,*,#4540,.T.);
#4540 = EDGE_CURVE('',#4541,#4543,#4545,.T.);
#4541 = VERTEX_POINT('',#4542);
#4542 = CARTESIAN_POINT('',(-50.,2.7E-14,120.));
#4543 = VERTEX_POINT('',#4544);
#4544 = CARTESIAN_POINT('',(-50.,-15.,120.));
#4545 = LINE('',#4546,#4547);
#4546 = CARTESIAN_POINT('',(-50.,2.665E-14,120.));
#4547 = VECTOR('',#4548,1.);
#4548 = DIRECTION('',(0.,-1.,2.2E-16));
#4549 = ORIENTED_EDGE('',*,*,#4550,.T.);
#4550 = EDGE_CURVE('',#4543,#4509,#4551,.T.);
#4551 = LINE('',#4552,#4553);
#4552 = CARTESIAN_POINT('',(-50.,-15.,120.));
#4553 = VECTOR('',#4554,1.);
#4554 = DIRECTION('',(0.399491318519,0.,0.916736977779));
#4555 = ORIENTED_EDGE('',*,*,#4517,.F.);
#4556 = ORIENTED_EDGE('',*,*,#4557,.F.);
#4557 = EDGE_CURVE('',#4541,#4518,#4558,.T.);
#4558 = LINE('',#4559,#4560);
#4559 = CARTESIAN_POINT('',(-50.,0.,120.));
#4560 = VECTOR('',#4561,1.);
#4561 = DIRECTION('',(0.399491318519,0.,0.916736977779));
#4562 = PLANE('',#4563);
#4563 = AXIS2_PLACEMENT_3D('',#4564,#4565,#4566);
#4564 = CARTESIAN_POINT('',(-50.,2.665E-14,120.));
#4565 = DIRECTION('',(-0.916736977779,9.E-17,0.399491318519));
#4566 = DIRECTION('',(0.399491318519,2.E-16,0.916736977779));
#4567 = ADVANCED_FACE('',(#4568),#4595,.T.);
#4568 = FACE_BOUND('',#4569,.F.);
#4569 = EDGE_LOOP('',(#4570,#4571,#4580,#4588));
#4570 = ORIENTED_EDGE('',*,*,#4540,.T.);
#4571 = ORIENTED_EDGE('',*,*,#4572,.T.);
#4572 = EDGE_CURVE('',#4543,#4573,#4575,.T.);
#4573 = VERTEX_POINT('',#4574);
#4574 = CARTESIAN_POINT('',(-120.,-15.,50.));
#4575 = CIRCLE('',#4576,130.);
#4576 = AXIS2_PLACEMENT_3D('',#4577,#4578,#4579);
#4577 = CARTESIAN_POINT('',(0.,-15.,3.E-15));
#4578 = DIRECTION('',(0.,-1.,0.));
#4579 = DIRECTION('',(1.,0.,0.));
#4580 = ORIENTED_EDGE('',*,*,#4581,.F.);
#4581 = EDGE_CURVE('',#4582,#4573,#4584,.T.);
#4582 = VERTEX_POINT('',#4583);
#4583 = CARTESIAN_POINT('',(-120.,1.1E-14,50.));
#4584 = LINE('',#4585,#4586);
#4585 = CARTESIAN_POINT('',(-120.,1.11E-14,50.));
#4586 = VECTOR('',#4587,1.);
#4587 = DIRECTION('',(0.,-1.,2.2E-16));
#4588 = ORIENTED_EDGE('',*,*,#4589,.F.);
#4589 = EDGE_CURVE('',#4541,#4582,#4590,.T.);
#4590 = CIRCLE('',#4591,130.);
#4591 = AXIS2_PLACEMENT_3D('',#4592,#4593,#4594);
#4592 = CARTESIAN_POINT('',(0.,0.,0.));
#4593 = DIRECTION('',(0.,-1.,0.));
#4594 = DIRECTION('',(1.,0.,0.));
#4595 = CYLINDRICAL_SURFACE('',#4596,130.);
#4596 = AXIS2_PLACEMENT_3D('',#4597,#4598,#4599);
#4597 = CARTESIAN_POINT('',(0.,0.,0.));
#4598 = DIRECTION('',(0.,1.,-2.2E-16));
#4599 = DIRECTION('',(1.,0.,0.));
#4600 = ADVANCED_FACE('',(#4601),#4626,.F.);
#4601 = FACE_BOUND('',#4602,.F.);
#4602 = EDGE_LOOP('',(#4603,#4604,#4612,#4620));
#4603 = ORIENTED_EDGE('',*,*,#4581,.T.);
#4604 = ORIENTED_EDGE('',*,*,#4605,.T.);
#4605 = EDGE_CURVE('',#4573,#4606,#4608,.T.);
#4606 = VERTEX_POINT('',#4607);
#4607 = CARTESIAN_POINT('',(-201.3419246814,-15.,14.553199522244));
#4608 = LINE('',#4609,#4610);
#4609 = CARTESIAN_POINT('',(-120.,-15.,50.));
#4610 = VECTOR('',#4611,1.);
#4611 = DIRECTION('',(-0.916736977779,-0.,-0.399491318519));
#4612 = ORIENTED_EDGE('',*,*,#4613,.F.);
#4613 = EDGE_CURVE('',#4614,#4606,#4616,.T.);
#4614 = VERTEX_POINT('',#4615);
#4615 = CARTESIAN_POINT('',(-201.3419246814,3.E-15,14.553199522244));
#4616 = LINE('',#4617,#4618);
#4617 = CARTESIAN_POINT('',(-201.3419246814,3.23E-15,14.553199522244));
#4618 = VECTOR('',#4619,1.);
#4619 = DIRECTION('',(0.,-1.,2.2E-16));
#4620 = ORIENTED_EDGE('',*,*,#4621,.F.);
#4621 = EDGE_CURVE('',#4582,#4614,#4622,.T.);
#4622 = LINE('',#4623,#4624);
#4623 = CARTESIAN_POINT('',(-120.,0.,50.));
#4624 = VECTOR('',#4625,1.);
#4625 = DIRECTION('',(-0.916736977779,-0.,-0.399491318519));
#4626 = PLANE('',#4627);
#4627 = AXIS2_PLACEMENT_3D('',#4628,#4629,#4630);
#4628 = CARTESIAN_POINT('',(-120.,1.11E-14,50.));
#4629 = DIRECTION('',(0.399491318519,-2.E-16,-0.916736977779));
#4630 = DIRECTION('',(-0.916736977779,-9.E-17,-0.399491318519));
#4631 = ADVANCED_FACE('',(#4632),#4659,.T.);
#4632 = FACE_BOUND('',#4633,.F.);
#4633 = EDGE_LOOP('',(#4634,#4635,#4644,#4652));
#4634 = ORIENTED_EDGE('',*,*,#4613,.T.);
#4635 = ORIENTED_EDGE('',*,*,#4636,.T.);
#4636 = EDGE_CURVE('',#4606,#4637,#4639,.T.);
#4637 = VERTEX_POINT('',#4638);
#4638 = CARTESIAN_POINT('',(-201.3419246814,-15.,-14.55319952224));
#4639 = CIRCLE('',#4640,15.875);
#4640 = AXIS2_PLACEMENT_3D('',#4641,#4642,#4643);
#4641 = CARTESIAN_POINT('',(-195.,-15.,3.E-15));
#4642 = DIRECTION('',(0.,-1.,0.));
#4643 = DIRECTION('',(1.,0.,0.));
#4644 = ORIENTED_EDGE('',*,*,#4645,.F.);
#4645 = EDGE_CURVE('',#4646,#4637,#4648,.T.);
#4646 = VERTEX_POINT('',#4647);
#4647 = CARTESIAN_POINT('',(-201.3419246814,-3.E-15,-14.55319952224));
#4648 = LINE('',#4649,#4650);
#4649 = CARTESIAN_POINT('',(-201.3419246814,-3.23E-15,-14.55319952224));
#4650 = VECTOR('',#4651,1.);
#4651 = DIRECTION('',(0.,-1.,2.2E-16));
#4652 = ORIENTED_EDGE('',*,*,#4653,.F.);
#4653 = EDGE_CURVE('',#4614,#4646,#4654,.T.);
#4654 = CIRCLE('',#4655,15.875);
#4655 = AXIS2_PLACEMENT_3D('',#4656,#4657,#4658);
#4656 = CARTESIAN_POINT('',(-195.,0.,0.));
#4657 = DIRECTION('',(0.,-1.,0.));
#4658 = DIRECTION('',(1.,0.,0.));
#4659 = CYLINDRICAL_SURFACE('',#4660,15.875);
#4660 = AXIS2_PLACEMENT_3D('',#4661,#4662,#4663);
#4661 = CARTESIAN_POINT('',(-195.,-0.,-0.));
#4662 = DIRECTION('',(0.,1.,-2.2E-16));
#4663 = DIRECTION('',(1.,0.,0.));
#4664 = ADVANCED_FACE('',(#4665),#4690,.T.);
#4665 = FACE_BOUND('',#4666,.T.);
#4666 = EDGE_LOOP('',(#4667,#4677,#4683,#4684));
#4667 = ORIENTED_EDGE('',*,*,#4668,.T.);
#4668 = EDGE_CURVE('',#4669,#4671,#4673,.T.);
#4669 = VERTEX_POINT('',#4670);
#4670 = CARTESIAN_POINT('',(-120.,-1.1E-14,-50.));
#4671 = VERTEX_POINT('',#4672);
#4672 = CARTESIAN_POINT('',(-120.,-15.,-50.));
#4673 = LINE('',#4674,#4675);
#4674 = CARTESIAN_POINT('',(-120.,-1.11E-14,-50.));
#4675 = VECTOR('',#4676,1.);
#4676 = DIRECTION('',(0.,-1.,2.2E-16));
#4677 = ORIENTED_EDGE('',*,*,#4678,.T.);
#4678 = EDGE_CURVE('',#4671,#4637,#4679,.T.);
#4679 = LINE('',#4680,#4681);
#4680 = CARTESIAN_POINT('',(-120.,-15.,-50.));
#4681 = VECTOR('',#4682,1.);
#4682 = DIRECTION('',(-0.916736977779,0.,0.399491318519));
#4683 = ORIENTED_EDGE('',*,*,#4645,.F.);
#4684 = ORIENTED_EDGE('',*,*,#4685,.F.);
#4685 = EDGE_CURVE('',#4669,#4646,#4686,.T.);
#4686 = LINE('',#4687,#4688);
#4687 = CARTESIAN_POINT('',(-120.,0.,-50.));
#4688 = VECTOR('',#4689,1.);
#4689 = DIRECTION('',(-0.916736977779,0.,0.399491318519));
#4690 = PLANE('',#4691);
#4691 = AXIS2_PLACEMENT_3D('',#4692,#4693,#4694);
#4692 = CARTESIAN_POINT('',(-120.,-1.11E-14,-50.));
#4693 = DIRECTION('',(-0.399491318519,-2.E-16,-0.916736977779));
#4694 = DIRECTION('',(-0.916736977779,9.E-17,0.399491318519));
#4695 = ADVANCED_FACE('',(#4696),#4723,.T.);
#4696 = FACE_BOUND('',#4697,.F.);
#4697 = EDGE_LOOP('',(#4698,#4699,#4708,#4716));
#4698 = ORIENTED_EDGE('',*,*,#4668,.T.);
#4699 = ORIENTED_EDGE('',*,*,#4700,.T.);
#4700 = EDGE_CURVE('',#4671,#4701,#4703,.T.);
#4701 = VERTEX_POINT('',#4702);
#4702 = CARTESIAN_POINT('',(-54.84187477343,-15.,-117.8658931639));
#4703 = CIRCLE('',#4704,130.);
#4704 = AXIS2_PLACEMENT_3D('',#4705,#4706,#4707);
#4705 = CARTESIAN_POINT('',(0.,-15.,3.E-15));
#4706 = DIRECTION('',(0.,-1.,0.));
#4707 = DIRECTION('',(1.,0.,0.));
#4708 = ORIENTED_EDGE('',*,*,#4709,.F.);
#4709 = EDGE_CURVE('',#4710,#4701,#4712,.T.);
#4710 = VERTEX_POINT('',#4711);
#4711 = CARTESIAN_POINT('',(-54.84187477343,-2.6E-14,-117.8658931639));
#4712 = LINE('',#4713,#4714);
#4713 = CARTESIAN_POINT('',(-54.84187477343,-2.617E-14,-117.8658931639)
  );
#4714 = VECTOR('',#4715,1.);
#4715 = DIRECTION('',(0.,-1.,2.2E-16));
#4716 = ORIENTED_EDGE('',*,*,#4717,.F.);
#4717 = EDGE_CURVE('',#4669,#4710,#4718,.T.);
#4718 = CIRCLE('',#4719,130.);
#4719 = AXIS2_PLACEMENT_3D('',#4720,#4721,#4722);
#4720 = CARTESIAN_POINT('',(0.,0.,0.));
#4721 = DIRECTION('',(0.,-1.,0.));
#4722 = DIRECTION('',(1.,0.,0.));
#4723 = CYLINDRICAL_SURFACE('',#4724,130.);
#4724 = AXIS2_PLACEMENT_3D('',#4725,#4726,#4727);
#4725 = CARTESIAN_POINT('',(0.,0.,0.));
#4726 = DIRECTION('',(0.,1.,-2.2E-16));
#4727 = DIRECTION('',(1.,0.,0.));
#4728 = ADVANCED_FACE('',(#4729),#4754,.T.);
#4729 = FACE_BOUND('',#4730,.T.);
#4730 = EDGE_LOOP('',(#4731,#4741,#4747,#4748));
#4731 = ORIENTED_EDGE('',*,*,#4732,.T.);
#4732 = EDGE_CURVE('',#4733,#4735,#4737,.T.);
#4733 = VERTEX_POINT('',#4734);
#4734 = CARTESIAN_POINT('',(430.30760107742,-7.6E-14,-343.6013123492));
#4735 = VERTEX_POINT('',#4736);
#4736 = CARTESIAN_POINT('',(430.30760107742,-15.,-343.6013123492));
#4737 = LINE('',#4738,#4739);
#4738 = CARTESIAN_POINT('',(430.30760107742,-7.629E-14,-343.6013123492)
  );
#4739 = VECTOR('',#4740,1.);
#4740 = DIRECTION('',(0.,-1.,2.2E-16));
#4741 = ORIENTED_EDGE('',*,*,#4742,.T.);
#4742 = EDGE_CURVE('',#4735,#4701,#4743,.T.);
#4743 = LINE('',#4744,#4745);
#4744 = CARTESIAN_POINT('',(430.30760107742,-15.,-343.6013123492));
#4745 = VECTOR('',#4746,1.);
#4746 = DIRECTION('',(-0.906660716646,0.,0.42186057518));
#4747 = ORIENTED_EDGE('',*,*,#4709,.F.);
#4748 = ORIENTED_EDGE('',*,*,#4749,.F.);
#4749 = EDGE_CURVE('',#4733,#4710,#4750,.T.);
#4750 = LINE('',#4751,#4752);
#4751 = CARTESIAN_POINT('',(430.30760107742,0.,-343.6013123492));
#4752 = VECTOR('',#4753,1.);
#4753 = DIRECTION('',(-0.906660716646,0.,0.42186057518));
#4754 = PLANE('',#4755);
#4755 = AXIS2_PLACEMENT_3D('',#4756,#4757,#4758);
#4756 = CARTESIAN_POINT('',(430.30760107742,-7.629E-14,-343.6013123492)
  );
#4757 = DIRECTION('',(-0.42186057518,-2.E-16,-0.906660716646));
#4758 = DIRECTION('',(-0.906660716646,9.E-17,0.42186057518));
#4759 = ADVANCED_FACE('',(#4760),#4785,.F.);
#4760 = FACE_BOUND('',#4761,.F.);
#4761 = EDGE_LOOP('',(#4762,#4763,#4771,#4779));
#4762 = ORIENTED_EDGE('',*,*,#4732,.T.);
#4763 = ORIENTED_EDGE('',*,*,#4764,.T.);
#4764 = EDGE_CURVE('',#4735,#4765,#4767,.T.);
#4765 = VERTEX_POINT('',#4766);
#4766 = CARTESIAN_POINT('',(880.,-15.,-425.));
#4767 = LINE('',#4768,#4769);
#4768 = CARTESIAN_POINT('',(430.30760107742,-15.,-343.6013123492));
#4769 = VECTOR('',#4770,1.);
#4770 = DIRECTION('',(0.984009625651,0.,-0.178115290264));
#4771 = ORIENTED_EDGE('',*,*,#4772,.F.);
#4772 = EDGE_CURVE('',#4773,#4765,#4775,.T.);
#4773 = VERTEX_POINT('',#4774);
#4774 = CARTESIAN_POINT('',(880.,-9.4E-14,-425.));
#4775 = LINE('',#4776,#4777);
#4776 = CARTESIAN_POINT('',(880.,-9.437E-14,-425.));
#4777 = VECTOR('',#4778,1.);
#4778 = DIRECTION('',(0.,-1.,2.2E-16));
#4779 = ORIENTED_EDGE('',*,*,#4780,.F.);
#4780 = EDGE_CURVE('',#4733,#4773,#4781,.T.);
#4781 = LINE('',#4782,#4783);
#4782 = CARTESIAN_POINT('',(430.30760107742,0.,-343.6013123492));
#4783 = VECTOR('',#4784,1.);
#4784 = DIRECTION('',(0.984009625651,0.,-0.178115290264));
#4785 = PLANE('',#4786);
#4786 = AXIS2_PLACEMENT_3D('',#4787,#4788,#4789);
#4787 = CARTESIAN_POINT('',(430.30760107742,-7.629E-14,-343.6013123492)
  );
#4788 = DIRECTION('',(0.178115290264,2.2E-16,0.984009625651));
#4789 = DIRECTION('',(0.984009625651,-4.E-17,-0.178115290264));
#4790 = ADVANCED_FACE('',(#4791),#4816,.F.);
#4791 = FACE_BOUND('',#4792,.F.);
#4792 = EDGE_LOOP('',(#4793,#4794,#4802,#4810));
#4793 = ORIENTED_EDGE('',*,*,#4772,.T.);
#4794 = ORIENTED_EDGE('',*,*,#4795,.T.);
#4795 = EDGE_CURVE('',#4765,#4796,#4798,.T.);
#4796 = VERTEX_POINT('',#4797);
#4797 = CARTESIAN_POINT('',(2.139276803132E+03,-15.,-165.7344550404));
#4798 = LINE('',#4799,#4800);
#4799 = CARTESIAN_POINT('',(880.,-15.,-425.));
#4800 = VECTOR('',#4801,1.);
#4801 = DIRECTION('',(0.979456632511,0.,0.201654915711));
#4802 = ORIENTED_EDGE('',*,*,#4803,.F.);
#4803 = EDGE_CURVE('',#4804,#4796,#4806,.T.);
#4804 = VERTEX_POINT('',#4805);
#4805 = CARTESIAN_POINT('',(2.139276803132E+03,-3.7E-14,-165.7344550404)
  );
#4806 = LINE('',#4807,#4808);
#4807 = CARTESIAN_POINT('',(2.139276803132E+03,-3.68E-14,-165.7344550404
    ));
#4808 = VECTOR('',#4809,1.);
#4809 = DIRECTION('',(0.,-1.,2.2E-16));
#4810 = ORIENTED_EDGE('',*,*,#4811,.F.);
#4811 = EDGE_CURVE('',#4773,#4804,#4812,.T.);
#4812 = LINE('',#4813,#4814);
#4813 = CARTESIAN_POINT('',(880.,0.,-425.));
#4814 = VECTOR('',#4815,1.);
#4815 = DIRECTION('',(0.979456632511,0.,0.201654915711));
#4816 = PLANE('',#4817);
#4817 = AXIS2_PLACEMENT_3D('',#4818,#4819,#4820);
#4818 = CARTESIAN_POINT('',(880.,-9.437E-14,-425.));
#4819 = DIRECTION('',(-0.201654915711,2.2E-16,0.979456632511));
#4820 = DIRECTION('',(0.979456632511,4.E-17,0.201654915711));
#4821 = ADVANCED_FACE('',(#4822),#4847,.F.);
#4822 = FACE_BOUND('',#4823,.F.);
#4823 = EDGE_LOOP('',(#4824,#4825,#4833,#4841));
#4824 = ORIENTED_EDGE('',*,*,#4803,.T.);
#4825 = ORIENTED_EDGE('',*,*,#4826,.T.);
#4826 = EDGE_CURVE('',#4796,#4827,#4829,.T.);
#4827 = VERTEX_POINT('',#4828);
#4828 = CARTESIAN_POINT('',(2.32186823167E+03,-15.,-62.00225066647));
#4829 = LINE('',#4830,#4831);
#4830 = CARTESIAN_POINT('',(2.139276803132E+03,-15.,-165.7344550404));
#4831 = VECTOR('',#4832,1.);
#4832 = DIRECTION('',(0.86948299304,0.,0.493962877971));
#4833 = ORIENTED_EDGE('',*,*,#4834,.F.);
#4834 = EDGE_CURVE('',#4835,#4827,#4837,.T.);
#4835 = VERTEX_POINT('',#4836);
#4836 = CARTESIAN_POINT('',(2.32186823167E+03,-1.4E-14,-62.00225066647)
  );
#4837 = LINE('',#4838,#4839);
#4838 = CARTESIAN_POINT('',(2.32186823167E+03,-1.377E-14,-62.00225066647
    ));
#4839 = VECTOR('',#4840,1.);
#4840 = DIRECTION('',(0.,-1.,2.2E-16));
#4841 = ORIENTED_EDGE('',*,*,#4842,.F.);
#4842 = EDGE_CURVE('',#4804,#4835,#4843,.T.);
#4843 = LINE('',#4844,#4845);
#4844 = CARTESIAN_POINT('',(2.139276803132E+03,0.,-165.7344550404));
#4845 = VECTOR('',#4846,1.);
#4846 = DIRECTION('',(0.86948299304,0.,0.493962877971));
#4847 = PLANE('',#4848);
#4848 = AXIS2_PLACEMENT_3D('',#4849,#4850,#4851);
#4849 = CARTESIAN_POINT('',(2.139276803132E+03,-3.68E-14,-165.7344550404
    ));
#4850 = DIRECTION('',(-0.493962877971,1.9E-16,0.86948299304));
#4851 = DIRECTION('',(0.86948299304,1.1E-16,0.493962877971));
#4852 = ADVANCED_FACE('',(#4853),#4880,.T.);
#4853 = FACE_BOUND('',#4854,.F.);
#4854 = EDGE_LOOP('',(#4855,#4856,#4865,#4873));
#4855 = ORIENTED_EDGE('',*,*,#4834,.T.);
#4856 = ORIENTED_EDGE('',*,*,#4857,.T.);
#4857 = EDGE_CURVE('',#4827,#4858,#4860,.T.);
#4858 = VERTEX_POINT('',#4859);
#4859 = CARTESIAN_POINT('',(2.320422257935E+03,-15.,-33.66955525163));
#4860 = CIRCLE('',#4861,15.875);
#4861 = AXIS2_PLACEMENT_3D('',#4862,#4863,#4864);
#4862 = CARTESIAN_POINT('',(2.314026570983E+03,-15.,-48.19920815195));
#4863 = DIRECTION('',(0.,-1.,0.));
#4864 = DIRECTION('',(1.,0.,0.));
#4865 = ORIENTED_EDGE('',*,*,#4866,.F.);
#4866 = EDGE_CURVE('',#4867,#4858,#4869,.T.);
#4867 = VERTEX_POINT('',#4868);
#4868 = CARTESIAN_POINT('',(2.320422257935E+03,-7.E-15,-33.66955525163)
  );
#4869 = LINE('',#4870,#4871);
#4870 = CARTESIAN_POINT('',(2.320422257935E+03,-7.48E-15,-33.66955525163
    ));
#4871 = VECTOR('',#4872,1.);
#4872 = DIRECTION('',(0.,-1.,2.2E-16));
#4873 = ORIENTED_EDGE('',*,*,#4874,.F.);
#4874 = EDGE_CURVE('',#4835,#4867,#4875,.T.);
#4875 = CIRCLE('',#4876,15.875);
#4876 = AXIS2_PLACEMENT_3D('',#4877,#4878,#4879);
#4877 = CARTESIAN_POINT('',(2.314026570983E+03,0.,-48.19920815195));
#4878 = DIRECTION('',(0.,-1.,0.));
#4879 = DIRECTION('',(1.,0.,0.));
#4880 = CYLINDRICAL_SURFACE('',#4881,15.875);
#4881 = AXIS2_PLACEMENT_3D('',#4882,#4883,#4884);
#4882 = CARTESIAN_POINT('',(2.314026570983E+03,-1.07E-14,-48.19920815195
    ));
#4883 = DIRECTION('',(0.,1.,-2.2E-16));
#4884 = DIRECTION('',(1.,0.,0.));
#4885 = ADVANCED_FACE('',(#4886),#4911,.T.);
#4886 = FACE_BOUND('',#4887,.T.);
#4887 = EDGE_LOOP('',(#4888,#4898,#4904,#4905));
#4888 = ORIENTED_EDGE('',*,*,#4889,.T.);
#4889 = EDGE_CURVE('',#4890,#4892,#4894,.T.);
#4890 = VERTEX_POINT('',#4891);
#4891 = CARTESIAN_POINT('',(2.243932124078E+03,0.,-7.E-15));
#4892 = VERTEX_POINT('',#4893);
#4893 = CARTESIAN_POINT('',(2.243932124078E+03,-15.,-4.E-15));
#4894 = LINE('',#4895,#4896);
#4895 = CARTESIAN_POINT('',(2.243932124078E+03,-0.,-7.11E-15));
#4896 = VECTOR('',#4897,1.);
#4897 = DIRECTION('',(0.,-1.,2.2E-16));
#4898 = ORIENTED_EDGE('',*,*,#4899,.T.);
#4899 = EDGE_CURVE('',#4892,#4858,#4900,.T.);
#4900 = LINE('',#4901,#4902);
#4901 = CARTESIAN_POINT('',(2.243932124078E+03,-15.,-4.11E-15));
#4902 = VECTOR('',#4903,1.);
#4903 = DIRECTION('',(0.915253726005,0.,-0.402877918276));
#4904 = ORIENTED_EDGE('',*,*,#4866,.F.);
#4905 = ORIENTED_EDGE('',*,*,#4906,.F.);
#4906 = EDGE_CURVE('',#4890,#4867,#4907,.T.);
#4907 = LINE('',#4908,#4909);
#4908 = CARTESIAN_POINT('',(2.243932124078E+03,0.,-7.11E-15));
#4909 = VECTOR('',#4910,1.);
#4910 = DIRECTION('',(0.915253726005,0.,-0.402877918276));
#4911 = PLANE('',#4912);
#4912 = AXIS2_PLACEMENT_3D('',#4913,#4914,#4915);
#4913 = CARTESIAN_POINT('',(2.243932124078E+03,-0.,-7.11E-15));
#4914 = DIRECTION('',(0.402877918276,2.E-16,0.915253726005));
#4915 = DIRECTION('',(0.915253726005,-9.E-17,-0.402877918276));
#4916 = ADVANCED_FACE('',(#4917),#4944,.T.);
#4917 = FACE_BOUND('',#4918,.F.);
#4918 = EDGE_LOOP('',(#4919,#4920,#4929,#4937));
#4919 = ORIENTED_EDGE('',*,*,#4889,.T.);
#4920 = ORIENTED_EDGE('',*,*,#4921,.T.);
#4921 = EDGE_CURVE('',#4892,#4922,#4924,.T.);
#4922 = VERTEX_POINT('',#4923);
#4923 = CARTESIAN_POINT('',(2.174445976757E+03,-15.,80.631527548332));
#4924 = CIRCLE('',#4925,130.);
#4925 = AXIS2_PLACEMENT_3D('',#4926,#4927,#4928);
#4926 = CARTESIAN_POINT('',(2.119342017749E+03,-15.,-37.11206549063));
#4927 = DIRECTION('',(0.,-1.,0.));
#4928 = DIRECTION('',(1.,0.,0.));
#4929 = ORIENTED_EDGE('',*,*,#4930,.F.);
#4930 = EDGE_CURVE('',#4931,#4922,#4933,.T.);
#4931 = VERTEX_POINT('',#4932);
#4932 = CARTESIAN_POINT('',(2.174445976757E+03,1.8E-14,80.631527548332)
  );
#4933 = LINE('',#4934,#4935);
#4934 = CARTESIAN_POINT('',(2.174445976757E+03,1.79E-14,80.631527548332)
  );
#4935 = VECTOR('',#4936,1.);
#4936 = DIRECTION('',(0.,-1.,2.2E-16));
#4937 = ORIENTED_EDGE('',*,*,#4938,.F.);
#4938 = EDGE_CURVE('',#4890,#4931,#4939,.T.);
#4939 = CIRCLE('',#4940,130.);
#4940 = AXIS2_PLACEMENT_3D('',#4941,#4942,#4943);
#4941 = CARTESIAN_POINT('',(2.119342017749E+03,0.,-37.11206549063));
#4942 = DIRECTION('',(0.,-1.,0.));
#4943 = DIRECTION('',(1.,0.,0.));
#4944 = CYLINDRICAL_SURFACE('',#4945,130.);
#4945 = AXIS2_PLACEMENT_3D('',#4946,#4947,#4948);
#4946 = CARTESIAN_POINT('',(2.119342017749E+03,-8.24E-15,-37.11206549063
    ));
#4947 = DIRECTION('',(0.,1.,-2.2E-16));
#4948 = DIRECTION('',(1.,0.,0.));
#4949 = ADVANCED_FACE('',(#4950),#4975,.F.);
#4950 = FACE_BOUND('',#4951,.F.);
#4951 = EDGE_LOOP('',(#4952,#4953,#4961,#4969));
#4952 = ORIENTED_EDGE('',*,*,#4930,.T.);
#4953 = ORIENTED_EDGE('',*,*,#4954,.T.);
#4954 = EDGE_CURVE('',#4922,#4955,#4957,.T.);
#4955 = VERTEX_POINT('',#4956);
#4956 = CARTESIAN_POINT('',(2.116310248568E+03,-15.,172.55763003448));
#4957 = LINE('',#4958,#4959);
#4958 = CARTESIAN_POINT('',(2.174445976757E+03,-15.,80.631527548332));
#4959 = VECTOR('',#4960,1.);
#4960 = DIRECTION('',(-0.534499867271,0.,0.84516855827));
#4961 = ORIENTED_EDGE('',*,*,#4962,.F.);
#4962 = EDGE_CURVE('',#4963,#4955,#4965,.T.);
#4963 = VERTEX_POINT('',#4964);
#4964 = CARTESIAN_POINT('',(2.116310248568E+03,3.8E-14,172.55763003448)
  );
#4965 = LINE('',#4966,#4967);
#4966 = CARTESIAN_POINT('',(2.116310248568E+03,3.832E-14,172.55763003448
    ));
#4967 = VECTOR('',#4968,1.);
#4968 = DIRECTION('',(0.,-1.,2.2E-16));
#4969 = ORIENTED_EDGE('',*,*,#4970,.F.);
#4970 = EDGE_CURVE('',#4931,#4963,#4971,.T.);
#4971 = LINE('',#4972,#4973);
#4972 = CARTESIAN_POINT('',(2.174445976757E+03,0.,80.631527548332));
#4973 = VECTOR('',#4974,1.);
#4974 = DIRECTION('',(-0.534499867271,0.,0.84516855827));
#4975 = PLANE('',#4976);
#4976 = AXIS2_PLACEMENT_3D('',#4977,#4978,#4979);
#4977 = CARTESIAN_POINT('',(2.174445976757E+03,1.79E-14,80.631527548332)
  );
#4978 = DIRECTION('',(-0.84516855827,-1.2E-16,-0.534499867271));
#4979 = DIRECTION('',(-0.534499867271,1.9E-16,0.84516855827));
#4980 = ADVANCED_FACE('',(#4981),#5008,.T.);
#4981 = FACE_BOUND('',#4982,.F.);
#4982 = EDGE_LOOP('',(#4983,#4984,#4993,#5001));
#4983 = ORIENTED_EDGE('',*,*,#4962,.T.);
#4984 = ORIENTED_EDGE('',*,*,#4985,.T.);
#4985 = EDGE_CURVE('',#4955,#4986,#4988,.T.);
#4986 = VERTEX_POINT('',#4987);
#4987 = CARTESIAN_POINT('',(2.05876398998E+03,-15.,163.63871382928));
#4988 = CIRCLE('',#4989,31.75);
#4989 = AXIS2_PLACEMENT_3D('',#4990,#4991,#4992);
#4990 = CARTESIAN_POINT('',(2.089476146843E+03,-15.,155.58725924863));
#4991 = DIRECTION('',(0.,-1.,0.));
#4992 = DIRECTION('',(1.,0.,0.));
#4993 = ORIENTED_EDGE('',*,*,#4994,.F.);
#4994 = EDGE_CURVE('',#4995,#4986,#4997,.T.);
#4995 = VERTEX_POINT('',#4996);
#4996 = CARTESIAN_POINT('',(2.05876398998E+03,3.6E-14,163.63871382928));
#4997 = LINE('',#4998,#4999);
#4998 = CARTESIAN_POINT('',(2.05876398998E+03,3.634E-14,163.63871382928)
  );
#4999 = VECTOR('',#5000,1.);
#5000 = DIRECTION('',(0.,-1.,2.2E-16));
#5001 = ORIENTED_EDGE('',*,*,#5002,.F.);
#5002 = EDGE_CURVE('',#4963,#4995,#5003,.T.);
#5003 = CIRCLE('',#5004,31.75);
#5004 = AXIS2_PLACEMENT_3D('',#5005,#5006,#5007);
#5005 = CARTESIAN_POINT('',(2.089476146843E+03,0.,155.58725924863));
#5006 = DIRECTION('',(0.,-1.,0.));
#5007 = DIRECTION('',(1.,0.,0.));
#5008 = CYLINDRICAL_SURFACE('',#5009,31.75);
#5009 = AXIS2_PLACEMENT_3D('',#5010,#5011,#5012);
#5010 = CARTESIAN_POINT('',(2.089476146843E+03,3.455E-14,155.58725924863
    ));
#5011 = DIRECTION('',(0.,1.,-2.2E-16));
#5012 = DIRECTION('',(1.,0.,0.));
#5013 = ADVANCED_FACE('',(#5014),#5039,.T.);
#5014 = FACE_BOUND('',#5015,.T.);
#5015 = EDGE_LOOP('',(#5016,#5026,#5032,#5033));
#5016 = ORIENTED_EDGE('',*,*,#5017,.T.);
#5017 = EDGE_CURVE('',#5018,#5020,#5022,.T.);
#5018 = VERTEX_POINT('',#5019);
#5019 = CARTESIAN_POINT('',(2.037289057847E+03,1.8E-14,81.722896297608)
  );
#5020 = VERTEX_POINT('',#5021);
#5021 = CARTESIAN_POINT('',(2.037289057847E+03,-15.,81.722896297608));
#5022 = LINE('',#5023,#5024);
#5023 = CARTESIAN_POINT('',(2.037289057847E+03,1.815E-14,81.722896297608
    ));
#5024 = VECTOR('',#5025,1.);
#5025 = DIRECTION('',(0.,-1.,2.2E-16));
#5026 = ORIENTED_EDGE('',*,*,#5027,.T.);
#5027 = EDGE_CURVE('',#5020,#4986,#5028,.T.);
#5028 = LINE('',#5029,#5030);
#5029 = CARTESIAN_POINT('',(2.037289057847E+03,-15.,81.722896297608));
#5030 = VECTOR('',#5031,1.);
#5031 = DIRECTION('',(0.25358912065,0.,0.96731202716));
#5032 = ORIENTED_EDGE('',*,*,#4994,.F.);
#5033 = ORIENTED_EDGE('',*,*,#5034,.F.);
#5034 = EDGE_CURVE('',#5018,#4995,#5035,.T.);
#5035 = LINE('',#5036,#5037);
#5036 = CARTESIAN_POINT('',(2.037289057847E+03,0.,81.722896297608));
#5037 = VECTOR('',#5038,1.);
#5038 = DIRECTION('',(0.25358912065,0.,0.96731202716));
#5039 = PLANE('',#5040);
#5040 = AXIS2_PLACEMENT_3D('',#5041,#5042,#5043);
#5041 = CARTESIAN_POINT('',(2.037289057847E+03,1.815E-14,81.722896297608
    ));
#5042 = DIRECTION('',(-0.96731202716,6.E-17,0.25358912065));
#5043 = DIRECTION('',(0.25358912065,2.1E-16,0.96731202716));
#5044 = ADVANCED_FACE('',(#5045),#5070,.T.);
#5045 = FACE_BOUND('',#5046,.T.);
#5046 = EDGE_LOOP('',(#5047,#5057,#5063,#5064));
#5047 = ORIENTED_EDGE('',*,*,#5048,.T.);
#5048 = EDGE_CURVE('',#5049,#5051,#5053,.T.);
#5049 = VERTEX_POINT('',#5050);
#5050 = CARTESIAN_POINT('',(1.51E+03,0.,0.));
#5051 = VERTEX_POINT('',#5052);
#5052 = CARTESIAN_POINT('',(1.51E+03,-15.,3.E-15));
#5053 = LINE('',#5054,#5055);
#5054 = CARTESIAN_POINT('',(1.51E+03,0.,0.));
#5055 = VECTOR('',#5056,1.);
#5056 = DIRECTION('',(0.,-1.,2.2E-16));
#5057 = ORIENTED_EDGE('',*,*,#5058,.T.);
#5058 = EDGE_CURVE('',#5051,#5020,#5059,.T.);
#5059 = LINE('',#5060,#5061);
#5060 = CARTESIAN_POINT('',(1.51E+03,-15.,3.E-15));
#5061 = VECTOR('',#5062,1.);
#5062 = DIRECTION('',(0.98820166533,0.,0.153158312343));
#5063 = ORIENTED_EDGE('',*,*,#5017,.F.);
#5064 = ORIENTED_EDGE('',*,*,#5065,.F.);
#5065 = EDGE_CURVE('',#5049,#5018,#5066,.T.);
#5066 = LINE('',#5067,#5068);
#5067 = CARTESIAN_POINT('',(1.51E+03,0.,0.));
#5068 = VECTOR('',#5069,1.);
#5069 = DIRECTION('',(0.98820166533,0.,0.153158312343));
#5070 = PLANE('',#5071);
#5071 = AXIS2_PLACEMENT_3D('',#5072,#5073,#5074);
#5072 = CARTESIAN_POINT('',(1.51E+03,0.,0.));
#5073 = DIRECTION('',(-0.153158312343,2.2E-16,0.98820166533));
#5074 = DIRECTION('',(0.98820166533,3.E-17,0.153158312343));
#5075 = ADVANCED_FACE('',(#5076),#5092,.T.);
#5076 = FACE_BOUND('',#5077,.T.);
#5077 = EDGE_LOOP('',(#5078,#5079,#5085,#5086));
#5078 = ORIENTED_EDGE('',*,*,#4434,.T.);
#5079 = ORIENTED_EDGE('',*,*,#5080,.T.);
#5080 = EDGE_CURVE('',#4437,#5051,#5081,.T.);
#5081 = LINE('',#5082,#5083);
#5082 = CARTESIAN_POINT('',(130.,-15.,3.E-15));
#5083 = VECTOR('',#5084,1.);
#5084 = DIRECTION('',(1.,0.,0.));
#5085 = ORIENTED_EDGE('',*,*,#5048,.F.);
#5086 = ORIENTED_EDGE('',*,*,#5087,.F.);
#5087 = EDGE_CURVE('',#4435,#5049,#5088,.T.);
#5088 = LINE('',#5089,#5090);
#5089 = CARTESIAN_POINT('',(130.,0.,0.));
#5090 = VECTOR('',#5091,1.);
#5091 = DIRECTION('',(1.,0.,0.));
#5092 = PLANE('',#5093);
#5093 = AXIS2_PLACEMENT_3D('',#5094,#5095,#5096);
#5094 = CARTESIAN_POINT('',(130.,0.,0.));
#5095 = DIRECTION('',(0.,2.2E-16,1.));
#5096 = DIRECTION('',(1.,0.,-0.));
#5097 = ADVANCED_FACE('',(#5098),#5125,.F.);
#5098 = FACE_BOUND('',#5099,.T.);
#5099 = EDGE_LOOP('',(#5100,#5110,#5117,#5118));
#5100 = ORIENTED_EDGE('',*,*,#5101,.T.);
#5101 = EDGE_CURVE('',#5102,#5104,#5106,.T.);
#5102 = VERTEX_POINT('',#5103);
#5103 = CARTESIAN_POINT('',(30.,0.,0.));
#5104 = VERTEX_POINT('',#5105);
#5105 = CARTESIAN_POINT('',(30.,-15.,3.E-15));
#5106 = LINE('',#5107,#5108);
#5107 = CARTESIAN_POINT('',(30.,0.,0.));
#5108 = VECTOR('',#5109,1.);
#5109 = DIRECTION('',(0.,-1.,2.2E-16));
#5110 = ORIENTED_EDGE('',*,*,#5111,.T.);
#5111 = EDGE_CURVE('',#5104,#5104,#5112,.T.);
#5112 = CIRCLE('',#5113,30.);
#5113 = AXIS2_PLACEMENT_3D('',#5114,#5115,#5116);
#5114 = CARTESIAN_POINT('',(0.,-15.,3.E-15));
#5115 = DIRECTION('',(0.,-1.,0.));
#5116 = DIRECTION('',(1.,0.,0.));
#5117 = ORIENTED_EDGE('',*,*,#5101,.F.);
#5118 = ORIENTED_EDGE('',*,*,#5119,.F.);
#5119 = EDGE_CURVE('',#5102,#5102,#5120,.T.);
#5120 = CIRCLE('',#5121,30.);
#5121 = AXIS2_PLACEMENT_3D('',#5122,#5123,#5124);
#5122 = CARTESIAN_POINT('',(0.,0.,0.));
#5123 = DIRECTION('',(0.,-1.,0.));
#5124 = DIRECTION('',(1.,0.,0.));
#5125 = CYLINDRICAL_SURFACE('',#5126,30.);
#5126 = AXIS2_PLACEMENT_3D('',#5127,#5128,#5129);
#5127 = CARTESIAN_POINT('',(0.,0.,0.));
#5128 = DIRECTION('',(0.,1.,-2.2E-16));
#5129 = DIRECTION('',(1.,0.,0.));
#5130 = ADVANCED_FACE('',(#5131),#5158,.F.);
#5131 = FACE_BOUND('',#5132,.T.);
#5132 = EDGE_LOOP('',(#5133,#5143,#5150,#5151));
#5133 = ORIENTED_EDGE('',*,*,#5134,.T.);
#5134 = EDGE_CURVE('',#5135,#5137,#5139,.T.);
#5135 = VERTEX_POINT('',#5136);
#5136 = CARTESIAN_POINT('',(2.149342017749E+03,-8.E-15,-37.11206549063)
  );
#5137 = VERTEX_POINT('',#5138);
#5138 = CARTESIAN_POINT('',(2.149342017749E+03,-15.,-37.11206549063));
#5139 = LINE('',#5140,#5141);
#5140 = CARTESIAN_POINT('',(2.149342017749E+03,-8.24E-15,-37.11206549063
    ));
#5141 = VECTOR('',#5142,1.);
#5142 = DIRECTION('',(0.,-1.,2.2E-16));
#5143 = ORIENTED_EDGE('',*,*,#5144,.T.);
#5144 = EDGE_CURVE('',#5137,#5137,#5145,.T.);
#5145 = CIRCLE('',#5146,30.);
#5146 = AXIS2_PLACEMENT_3D('',#5147,#5148,#5149);
#5147 = CARTESIAN_POINT('',(2.119342017749E+03,-15.,-37.11206549063));
#5148 = DIRECTION('',(0.,-1.,0.));
#5149 = DIRECTION('',(1.,0.,0.));
#5150 = ORIENTED_EDGE('',*,*,#5134,.F.);
#5151 = ORIENTED_EDGE('',*,*,#5152,.F.);
#5152 = EDGE_CURVE('',#5135,#5135,#5153,.T.);
#5153 = CIRCLE('',#5154,30.);
#5154 = AXIS2_PLACEMENT_3D('',#5155,#5156,#5157);
#5155 = CARTESIAN_POINT('',(2.119342017749E+03,0.,-37.11206549063));
#5156 = DIRECTION('',(0.,-1.,0.));
#5157 = DIRECTION('',(1.,0.,0.));
#5158 = CYLINDRICAL_SURFACE('',#5159,30.);
#5159 = AXIS2_PLACEMENT_3D('',#5160,#5161,#5162);
#5160 = CARTESIAN_POINT('',(2.119342017749E+03,-8.24E-15,-37.11206549063
    ));
#5161 = DIRECTION('',(0.,1.,-2.2E-16));
#5162 = DIRECTION('',(1.,0.,0.));
#5163 = ADVANCED_FACE('',(#5164),#5191,.F.);
#5164 = FACE_BOUND('',#5165,.T.);
#5165 = EDGE_LOOP('',(#5166,#5176,#5183,#5184));
#5166 = ORIENTED_EDGE('',*,*,#5167,.T.);
#5167 = EDGE_CURVE('',#5168,#5170,#5172,.T.);
#5168 = VERTEX_POINT('',#5169);
#5169 = CARTESIAN_POINT('',(1.78522969623E+03,-2.3E-14,-102.855637937));
#5170 = VERTEX_POINT('',#5171);
#5171 = CARTESIAN_POINT('',(1.78522969623E+03,-15.,-102.855637937));
#5172 = LINE('',#5173,#5174);
#5173 = CARTESIAN_POINT('',(1.78522969623E+03,-2.284E-14,-102.855637937)
  );
#5174 = VECTOR('',#5175,1.);
#5175 = DIRECTION('',(0.,-1.,2.2E-16));
#5176 = ORIENTED_EDGE('',*,*,#5177,.T.);
#5177 = EDGE_CURVE('',#5170,#5170,#5178,.T.);
#5178 = CIRCLE('',#5179,30.);
#5179 = AXIS2_PLACEMENT_3D('',#5180,#5181,#5182);
#5180 = CARTESIAN_POINT('',(1.75522969623E+03,-15.,-102.855637937));
#5181 = DIRECTION('',(0.,-1.,0.));
#5182 = DIRECTION('',(1.,0.,0.));
#5183 = ORIENTED_EDGE('',*,*,#5167,.F.);
#5184 = ORIENTED_EDGE('',*,*,#5185,.F.);
#5185 = EDGE_CURVE('',#5168,#5168,#5186,.T.);
#5186 = CIRCLE('',#5187,30.);
#5187 = AXIS2_PLACEMENT_3D('',#5188,#5189,#5190);
#5188 = CARTESIAN_POINT('',(1.75522969623E+03,0.,-102.855637937));
#5189 = DIRECTION('',(0.,-1.,0.));
#5190 = DIRECTION('',(1.,0.,0.));
#5191 = CYLINDRICAL_SURFACE('',#5192,30.);
#5192 = AXIS2_PLACEMENT_3D('',#5193,#5194,#5195);
#5193 = CARTESIAN_POINT('',(1.75522969623E+03,-2.284E-14,-102.855637937)
  );
#5194 = DIRECTION('',(0.,1.,-2.2E-16));
#5195 = DIRECTION('',(1.,0.,0.));
#5196 = ADVANCED_FACE('',(#5197),#5224,.F.);
#5197 = FACE_BOUND('',#5198,.T.);
#5198 = EDGE_LOOP('',(#5199,#5209,#5216,#5217));
#5199 = ORIENTED_EDGE('',*,*,#5200,.T.);
#5200 = EDGE_CURVE('',#5201,#5203,#5205,.T.);
#5201 = VERTEX_POINT('',#5202);
#5202 = CARTESIAN_POINT('',(1.561445898347E+03,-4.8E-14,-214.3043337791)
  );
#5203 = VERTEX_POINT('',#5204);
#5204 = CARTESIAN_POINT('',(1.561445898347E+03,-15.,-214.3043337791));
#5205 = LINE('',#5206,#5207);
#5206 = CARTESIAN_POINT('',(1.561445898347E+03,-4.759E-14,
    -214.3043337791));
#5207 = VECTOR('',#5208,1.);
#5208 = DIRECTION('',(0.,-1.,2.2E-16));
#5209 = ORIENTED_EDGE('',*,*,#5210,.T.);
#5210 = EDGE_CURVE('',#5203,#5203,#5211,.T.);
#5211 = CIRCLE('',#5212,30.);
#5212 = AXIS2_PLACEMENT_3D('',#5213,#5214,#5215);
#5213 = CARTESIAN_POINT('',(1.531445898347E+03,-15.,-214.3043337791));
#5214 = DIRECTION('',(0.,-1.,0.));
#5215 = DIRECTION('',(1.,0.,0.));
#5216 = ORIENTED_EDGE('',*,*,#5200,.F.);
#5217 = ORIENTED_EDGE('',*,*,#5218,.F.);
#5218 = EDGE_CURVE('',#5201,#5201,#5219,.T.);
#5219 = CIRCLE('',#5220,30.);
#5220 = AXIS2_PLACEMENT_3D('',#5221,#5222,#5223);
#5221 = CARTESIAN_POINT('',(1.531445898347E+03,0.,-214.3043337791));
#5222 = DIRECTION('',(0.,-1.,0.));
#5223 = DIRECTION('',(1.,0.,0.));
#5224 = CYLINDRICAL_SURFACE('',#5225,30.);
#5225 = AXIS2_PLACEMENT_3D('',#5226,#5227,#5228);
#5226 = CARTESIAN_POINT('',(1.531445898347E+03,-4.759E-14,
    -214.3043337791));
#5227 = DIRECTION('',(0.,1.,-2.2E-16));
#5228 = DIRECTION('',(1.,0.,0.));
#5229 = ADVANCED_FACE('',(#5230),#5257,.F.);
#5230 = FACE_BOUND('',#5231,.T.);
#5231 = EDGE_LOOP('',(#5232,#5242,#5249,#5250));
#5232 = ORIENTED_EDGE('',*,*,#5233,.T.);
#5233 = EDGE_CURVE('',#5234,#5236,#5238,.T.);
#5234 = VERTEX_POINT('',#5235);
#5235 = CARTESIAN_POINT('',(2.320376570983E+03,-1.1E-14,-48.19920815195)
  );
#5236 = VERTEX_POINT('',#5237);
#5237 = CARTESIAN_POINT('',(2.320376570983E+03,-15.,-48.19920815195));
#5238 = LINE('',#5239,#5240);
#5239 = CARTESIAN_POINT('',(2.320376570983E+03,-1.07E-14,-48.19920815195
    ));
#5240 = VECTOR('',#5241,1.);
#5241 = DIRECTION('',(0.,-1.,2.2E-16));
#5242 = ORIENTED_EDGE('',*,*,#5243,.T.);
#5243 = EDGE_CURVE('',#5236,#5236,#5244,.T.);
#5244 = CIRCLE('',#5245,6.35);
#5245 = AXIS2_PLACEMENT_3D('',#5246,#5247,#5248);
#5246 = CARTESIAN_POINT('',(2.314026570983E+03,-15.,-48.19920815195));
#5247 = DIRECTION('',(0.,-1.,0.));
#5248 = DIRECTION('',(1.,0.,0.));
#5249 = ORIENTED_EDGE('',*,*,#5233,.F.);
#5250 = ORIENTED_EDGE('',*,*,#5251,.F.);
#5251 = EDGE_CURVE('',#5234,#5234,#5252,.T.);
#5252 = CIRCLE('',#5253,6.35);
#5253 = AXIS2_PLACEMENT_3D('',#5254,#5255,#5256);
#5254 = CARTESIAN_POINT('',(2.314026570983E+03,0.,-48.19920815195));
#5255 = DIRECTION('',(0.,-1.,0.));
#5256 = DIRECTION('',(1.,0.,0.));
#5257 = CYLINDRICAL_SURFACE('',#5258,6.35);
#5258 = AXIS2_PLACEMENT_3D('',#5259,#5260,#5261);
#5259 = CARTESIAN_POINT('',(2.314026570983E+03,-1.07E-14,-48.19920815195
    ));
#5260 = DIRECTION('',(0.,1.,-2.2E-16));
#5261 = DIRECTION('',(1.,0.,0.));
#5262 = ADVANCED_FACE('',(#5263),#5290,.F.);
#5263 = FACE_BOUND('',#5264,.T.);
#5264 = EDGE_LOOP('',(#5265,#5275,#5282,#5283));
#5265 = ORIENTED_EDGE('',*,*,#5266,.T.);
#5266 = EDGE_CURVE('',#5267,#5269,#5271,.T.);
#5267 = VERTEX_POINT('',#5268);
#5268 = CARTESIAN_POINT('',(2.095826146843E+03,3.5E-14,155.58725924863)
  );
#5269 = VERTEX_POINT('',#5270);
#5270 = CARTESIAN_POINT('',(2.095826146843E+03,-15.,155.58725924863));
#5271 = LINE('',#5272,#5273);
#5272 = CARTESIAN_POINT('',(2.095826146843E+03,3.455E-14,155.58725924863
    ));
#5273 = VECTOR('',#5274,1.);
#5274 = DIRECTION('',(0.,-1.,2.2E-16));
#5275 = ORIENTED_EDGE('',*,*,#5276,.T.);
#5276 = EDGE_CURVE('',#5269,#5269,#5277,.T.);
#5277 = CIRCLE('',#5278,6.35);
#5278 = AXIS2_PLACEMENT_3D('',#5279,#5280,#5281);
#5279 = CARTESIAN_POINT('',(2.089476146843E+03,-15.,155.58725924863));
#5280 = DIRECTION('',(0.,-1.,0.));
#5281 = DIRECTION('',(1.,0.,0.));
#5282 = ORIENTED_EDGE('',*,*,#5266,.F.);
#5283 = ORIENTED_EDGE('',*,*,#5284,.F.);
#5284 = EDGE_CURVE('',#5267,#5267,#5285,.T.);
#5285 = CIRCLE('',#5286,6.35);
#5286 = AXIS2_PLACEMENT_3D('',#5287,#5288,#5289);
#5287 = CARTESIAN_POINT('',(2.089476146843E+03,0.,155.58725924863));
#5288 = DIRECTION('',(0.,-1.,0.));
#5289 = DIRECTION('',(1.,0.,0.));
#5290 = CYLINDRICAL_SURFACE('',#5291,6.35);
#5291 = AXIS2_PLACEMENT_3D('',#5292,#5293,#5294);
#5292 = CARTESIAN_POINT('',(2.089476146843E+03,3.455E-14,155.58725924863
    ));
#5293 = DIRECTION('',(0.,1.,-2.2E-16));
#5294 = DIRECTION('',(1.,0.,0.));
#5295 = ADVANCED_FACE('',(#5296),#5323,.F.);
#5296 = FACE_BOUND('',#5297,.T.);
#5297 = EDGE_LOOP('',(#5298,#5308,#5315,#5316));
#5298 = ORIENTED_EDGE('',*,*,#5299,.T.);
#5299 = EDGE_CURVE('',#5300,#5302,#5304,.T.);
#5300 = VERTEX_POINT('',#5301);
#5301 = CARTESIAN_POINT('',(6.35,4.3E-14,195.));
#5302 = VERTEX_POINT('',#5303);
#5303 = CARTESIAN_POINT('',(6.35,-15.,195.));
#5304 = LINE('',#5305,#5306);
#5305 = CARTESIAN_POINT('',(6.35,4.33E-14,195.));
#5306 = VECTOR('',#5307,1.);
#5307 = DIRECTION('',(0.,-1.,2.2E-16));
#5308 = ORIENTED_EDGE('',*,*,#5309,.T.);
#5309 = EDGE_CURVE('',#5302,#5302,#5310,.T.);
#5310 = CIRCLE('',#5311,6.35);
#5311 = AXIS2_PLACEMENT_3D('',#5312,#5313,#5314);
#5312 = CARTESIAN_POINT('',(0.,-15.,195.));
#5313 = DIRECTION('',(0.,-1.,0.));
#5314 = DIRECTION('',(1.,0.,0.));
#5315 = ORIENTED_EDGE('',*,*,#5299,.F.);
#5316 = ORIENTED_EDGE('',*,*,#5317,.F.);
#5317 = EDGE_CURVE('',#5300,#5300,#5318,.T.);
#5318 = CIRCLE('',#5319,6.35);
#5319 = AXIS2_PLACEMENT_3D('',#5320,#5321,#5322);
#5320 = CARTESIAN_POINT('',(0.,0.,195.));
#5321 = DIRECTION('',(0.,-1.,0.));
#5322 = DIRECTION('',(1.,0.,0.));
#5323 = CYLINDRICAL_SURFACE('',#5324,6.35);
#5324 = AXIS2_PLACEMENT_3D('',#5325,#5326,#5327);
#5325 = CARTESIAN_POINT('',(0.,4.33E-14,195.));
#5326 = DIRECTION('',(0.,1.,-2.2E-16));
#5327 = DIRECTION('',(1.,0.,0.));
#5328 = ADVANCED_FACE('',(#5329),#5356,.F.);
#5329 = FACE_BOUND('',#5330,.T.);
#5330 = EDGE_LOOP('',(#5331,#5341,#5348,#5349));
#5331 = ORIENTED_EDGE('',*,*,#5332,.T.);
#5332 = EDGE_CURVE('',#5333,#5335,#5337,.T.);
#5333 = VERTEX_POINT('',#5334);
#5334 = CARTESIAN_POINT('',(-188.65,-0.,-0.));
#5335 = VERTEX_POINT('',#5336);
#5336 = CARTESIAN_POINT('',(-188.65,-15.,3.E-15));
#5337 = LINE('',#5338,#5339);
#5338 = CARTESIAN_POINT('',(-188.65,-0.,-0.));
#5339 = VECTOR('',#5340,1.);
#5340 = DIRECTION('',(0.,-1.,2.2E-16));
#5341 = ORIENTED_EDGE('',*,*,#5342,.T.);
#5342 = EDGE_CURVE('',#5335,#5335,#5343,.T.);
#5343 = CIRCLE('',#5344,6.35);
#5344 = AXIS2_PLACEMENT_3D('',#5345,#5346,#5347);
#5345 = CARTESIAN_POINT('',(-195.,-15.,3.E-15));
#5346 = DIRECTION('',(0.,-1.,0.));
#5347 = DIRECTION('',(1.,0.,0.));
#5348 = ORIENTED_EDGE('',*,*,#5332,.F.);
#5349 = ORIENTED_EDGE('',*,*,#5350,.F.);
#5350 = EDGE_CURVE('',#5333,#5333,#5351,.T.);
#5351 = CIRCLE('',#5352,6.35);
#5352 = AXIS2_PLACEMENT_3D('',#5353,#5354,#5355);
#5353 = CARTESIAN_POINT('',(-195.,0.,0.));
#5354 = DIRECTION('',(0.,-1.,0.));
#5355 = DIRECTION('',(1.,0.,0.));
#5356 = CYLINDRICAL_SURFACE('',#5357,6.35);
#5357 = AXIS2_PLACEMENT_3D('',#5358,#5359,#5360);
#5358 = CARTESIAN_POINT('',(-195.,-0.,-0.));
#5359 = DIRECTION('',(0.,1.,-2.2E-16));
#5360 = DIRECTION('',(1.,0.,0.));
#5361 = ADVANCED_FACE('',(#5362),#5389,.F.);
#5362 = FACE_BOUND('',#5363,.T.);
#5363 = EDGE_LOOP('',(#5364,#5374,#5381,#5382));
#5364 = ORIENTED_EDGE('',*,*,#5365,.T.);
#5365 = EDGE_CURVE('',#5366,#5368,#5370,.T.);
#5366 = VERTEX_POINT('',#5367);
#5367 = CARTESIAN_POINT('',(1.954895372316E+03,-2.9E-14,-128.4300270723)
  );
#5368 = VERTEX_POINT('',#5369);
#5369 = CARTESIAN_POINT('',(1.954895372316E+03,-15.,-128.4300270723));
#5370 = LINE('',#5371,#5372);
#5371 = CARTESIAN_POINT('',(1.954895372316E+03,-2.852E-14,
    -128.4300270723));
#5372 = VECTOR('',#5373,1.);
#5373 = DIRECTION('',(0.,-1.,2.2E-16));
#5374 = ORIENTED_EDGE('',*,*,#5375,.T.);
#5375 = EDGE_CURVE('',#5368,#5368,#5376,.T.);
#5376 = CIRCLE('',#5377,6.35);
#5377 = AXIS2_PLACEMENT_3D('',#5378,#5379,#5380);
#5378 = CARTESIAN_POINT('',(1.948545372316E+03,-15.,-128.4300270723));
#5379 = DIRECTION('',(0.,-1.,0.));
#5380 = DIRECTION('',(1.,0.,0.));
#5381 = ORIENTED_EDGE('',*,*,#5365,.F.);
#5382 = ORIENTED_EDGE('',*,*,#5383,.F.);
#5383 = EDGE_CURVE('',#5366,#5366,#5384,.T.);
#5384 = CIRCLE('',#5385,6.35);
#5385 = AXIS2_PLACEMENT_3D('',#5386,#5387,#5388);
#5386 = CARTESIAN_POINT('',(1.948545372316E+03,0.,-128.4300270723));
#5387 = DIRECTION('',(0.,-1.,0.));
#5388 = DIRECTION('',(1.,0.,0.));
#5389 = CYLINDRICAL_SURFACE('',#5390,6.35);
#5390 = AXIS2_PLACEMENT_3D('',#5391,#5392,#5393);
#5391 = CARTESIAN_POINT('',(1.948545372316E+03,-2.852E-14,
    -128.4300270723));
#5392 = DIRECTION('',(0.,1.,-2.2E-16));
#5393 = DIRECTION('',(1.,0.,0.));
#5394 = ADVANCED_FACE('',(#5395,#5418,#5421,#5424,#5427,#5430,#5433,
    #5436,#5439,#5442),#5445,.T.);
#5395 = FACE_BOUND('',#5396,.F.);
#5396 = EDGE_LOOP('',(#5397,#5398,#5399,#5400,#5401,#5402,#5403,#5404,
    #5405,#5406,#5407,#5408,#5409,#5410,#5411,#5412,#5413,#5414,#5415,
    #5416,#5417));
#5397 = ORIENTED_EDGE('',*,*,#4461,.T.);
#5398 = ORIENTED_EDGE('',*,*,#4493,.T.);
#5399 = ORIENTED_EDGE('',*,*,#4525,.T.);
#5400 = ORIENTED_EDGE('',*,*,#4557,.F.);
#5401 = ORIENTED_EDGE('',*,*,#4589,.T.);
#5402 = ORIENTED_EDGE('',*,*,#4621,.T.);
#5403 = ORIENTED_EDGE('',*,*,#4653,.T.);
#5404 = ORIENTED_EDGE('',*,*,#4685,.F.);
#5405 = ORIENTED_EDGE('',*,*,#4717,.T.);
#5406 = ORIENTED_EDGE('',*,*,#4749,.F.);
#5407 = ORIENTED_EDGE('',*,*,#4780,.T.);
#5408 = ORIENTED_EDGE('',*,*,#4811,.T.);
#5409 = ORIENTED_EDGE('',*,*,#4842,.T.);
#5410 = ORIENTED_EDGE('',*,*,#4874,.T.);
#5411 = ORIENTED_EDGE('',*,*,#4906,.F.);
#5412 = ORIENTED_EDGE('',*,*,#4938,.T.);
#5413 = ORIENTED_EDGE('',*,*,#4970,.T.);
#5414 = ORIENTED_EDGE('',*,*,#5002,.T.);
#5415 = ORIENTED_EDGE('',*,*,#5034,.F.);
#5416 = ORIENTED_EDGE('',*,*,#5065,.F.);
#5417 = ORIENTED_EDGE('',*,*,#5087,.F.);
#5418 = FACE_BOUND('',#5419,.T.);
#5419 = EDGE_LOOP('',(#5420));
#5420 = ORIENTED_EDGE('',*,*,#5119,.T.);
#5421 = FACE_BOUND('',#5422,.T.);
#5422 = EDGE_LOOP('',(#5423));
#5423 = ORIENTED_EDGE('',*,*,#5152,.T.);
#5424 = FACE_BOUND('',#5425,.T.);
#5425 = EDGE_LOOP('',(#5426));
#5426 = ORIENTED_EDGE('',*,*,#5185,.T.);
#5427 = FACE_BOUND('',#5428,.T.);
#5428 = EDGE_LOOP('',(#5429));
#5429 = ORIENTED_EDGE('',*,*,#5218,.T.);
#5430 = FACE_BOUND('',#5431,.T.);
#5431 = EDGE_LOOP('',(#5432));
#5432 = ORIENTED_EDGE('',*,*,#5251,.T.);
#5433 = FACE_BOUND('',#5434,.T.);
#5434 = EDGE_LOOP('',(#5435));
#5435 = ORIENTED_EDGE('',*,*,#5284,.T.);
#5436 = FACE_BOUND('',#5437,.T.);
#5437 = EDGE_LOOP('',(#5438));
#5438 = ORIENTED_EDGE('',*,*,#5317,.T.);
#5439 = FACE_BOUND('',#5440,.T.);
#5440 = EDGE_LOOP('',(#5441));
#5441 = ORIENTED_EDGE('',*,*,#5350,.T.);
#5442 = FACE_BOUND('',#5443,.T.);
#5443 = EDGE_LOOP('',(#5444));
#5444 = ORIENTED_EDGE('',*,*,#5383,.T.);
#5445 = PLANE('',#5446);
#5446 = AXIS2_PLACEMENT_3D('',#5447,#5448,#5449);
#5447 = CARTESIAN_POINT('',(1.078280632144E+03,-2.217E-14,
    -99.83869361729));
#5448 = DIRECTION('',(0.,1.,0.));
#5449 = DIRECTION('',(0.,0.,1.));
#5450 = ADVANCED_FACE('',(#5451,#5474,#5477,#5480,#5483,#5486,#5489,
    #5492,#5495,#5498),#5501,.F.);
#5451 = FACE_BOUND('',#5452,.T.);
#5452 = EDGE_LOOP('',(#5453,#5454,#5455,#5456,#5457,#5458,#5459,#5460,
    #5461,#5462,#5463,#5464,#5465,#5466,#5467,#5468,#5469,#5470,#5471,
    #5472,#5473));
#5453 = ORIENTED_EDGE('',*,*,#4444,.T.);
#5454 = ORIENTED_EDGE('',*,*,#4477,.T.);
#5455 = ORIENTED_EDGE('',*,*,#4508,.T.);
#5456 = ORIENTED_EDGE('',*,*,#4550,.F.);
#5457 = ORIENTED_EDGE('',*,*,#4572,.T.);
#5458 = ORIENTED_EDGE('',*,*,#4605,.T.);
#5459 = ORIENTED_EDGE('',*,*,#4636,.T.);
#5460 = ORIENTED_EDGE('',*,*,#4678,.F.);
#5461 = ORIENTED_EDGE('',*,*,#4700,.T.);
#5462 = ORIENTED_EDGE('',*,*,#4742,.F.);
#5463 = ORIENTED_EDGE('',*,*,#4764,.T.);
#5464 = ORIENTED_EDGE('',*,*,#4795,.T.);
#5465 = ORIENTED_EDGE('',*,*,#4826,.T.);
#5466 = ORIENTED_EDGE('',*,*,#4857,.T.);
#5467 = ORIENTED_EDGE('',*,*,#4899,.F.);
#5468 = ORIENTED_EDGE('',*,*,#4921,.T.);
#5469 = ORIENTED_EDGE('',*,*,#4954,.T.);
#5470 = ORIENTED_EDGE('',*,*,#4985,.T.);
#5471 = ORIENTED_EDGE('',*,*,#5027,.F.);
#5472 = ORIENTED_EDGE('',*,*,#5058,.F.);
#5473 = ORIENTED_EDGE('',*,*,#5080,.F.);
#5474 = FACE_BOUND('',#5475,.F.);
#5475 = EDGE_LOOP('',(#5476));
#5476 = ORIENTED_EDGE('',*,*,#5111,.T.);
#5477 = FACE_BOUND('',#5478,.F.);
#5478 = EDGE_LOOP('',(#5479));
#5479 = ORIENTED_EDGE('',*,*,#5144,.T.);
#5480 = FACE_BOUND('',#5481,.F.);
#5481 = EDGE_LOOP('',(#5482));
#5482 = ORIENTED_EDGE('',*,*,#5177,.T.);
#5483 = FACE_BOUND('',#5484,.F.);
#5484 = EDGE_LOOP('',(#5485));
#5485 = ORIENTED_EDGE('',*,*,#5210,.T.);
#5486 = FACE_BOUND('',#5487,.F.);
#5487 = EDGE_LOOP('',(#5488));
#5488 = ORIENTED_EDGE('',*,*,#5243,.T.);
#5489 = FACE_BOUND('',#5490,.F.);
#5490 = EDGE_LOOP('',(#5491));
#5491 = ORIENTED_EDGE('',*,*,#5276,.T.);
#5492 = FACE_BOUND('',#5493,.F.);
#5493 = EDGE_LOOP('',(#5494));
#5494 = ORIENTED_EDGE('',*,*,#5309,.T.);
#5495 = FACE_BOUND('',#5496,.F.);
#5496 = EDGE_LOOP('',(#5497));
#5497 = ORIENTED_EDGE('',*,*,#5342,.T.);
#5498 = FACE_BOUND('',#5499,.F.);
#5499 = EDGE_LOOP('',(#5500));
#5500 = ORIENTED_EDGE('',*,*,#5375,.T.);
#5501 = PLANE('',#5502);
#5502 = AXIS2_PLACEMENT_3D('',#5503,#5504,#5505);
#5503 = CARTESIAN_POINT('',(1.078280632144E+03,-15.,-99.83869361729));
#5504 = DIRECTION('',(0.,1.,0.));
#5505 = DIRECTION('',(0.,0.,1.));
#5506 = ( GEOMETRIC_REPRESENTATION_CONTEXT(3) 
GLOBAL_UNCERTAINTY_ASSIGNED_CONTEXT((#5510)) 
GLOBAL_UNIT_ASSIGNED_CONTEXT((#5507,#5508,#5509)) REPRESENTATION_CONTEXT
('Context #1','3D Context with UNIT and UNCERTAINTY') );
#5507 = ( LENGTH_UNIT() NAMED_UNIT(*) SI_UNIT(.MILLI.,.METRE.) );
#5508 = ( NAMED_UNIT(*) PLANE_ANGLE_UNIT() SI_UNIT($,.RADIAN.) );
#5509 = ( NAMED_UNIT(*) SI_UNIT($,.STERADIAN.) SOLID_ANGLE_UNIT() );
#5510 = UNCERTAINTY_MEASURE_WITH_UNIT(LENGTH_MEASURE(1.E-07),#5507,
  'distance_accuracy_value','confusion accuracy');
#5511 = CONTEXT_DEPENDENT_SHAPE_REPRESENTATION(#5512,#5514);
#5512 = ( REPRESENTATION_RELATIONSHIP('','',#4427,#4380) 
REPRESENTATION_RELATIONSHIP_WITH_TRANSFORMATION(#5513) 
SHAPE_REPRESENTATION_RELATIONSHIP() );
#5513 = ITEM_DEFINED_TRANSFORMATION('','',#11,#4381);
#5514 = PRODUCT_DEFINITION_SHAPE('Placement','Placement of an item',
  #5515);
#5515 = NEXT_ASSEMBLY_USAGE_OCCURRENCE('22','Body017','',#4375,#4422,$);
#5516 = CC_DESIGN_SECURITY_CLASSIFICATION(#5517,(#5515));
#5517 = SECURITY_CLASSIFICATION('','',#47);
#5518 = CC_DESIGN_PERSON_AND_ORGANIZATION_ASSIGNMENT(#36,#45,(#5517));
#5519 = CC_DESIGN_DATE_AND_TIME_ASSIGNMENT(#50,#56,(#5517));
#5520 = CC_DESIGN_APPROVAL(#58,(#5517));
#5521 = PRODUCT_RELATED_PRODUCT_CATEGORY('detail',$,(#4424));
#5522 = PRODUCT_CATEGORY_RELATIONSHIP('','',#5523,#5521);
#5523 = PRODUCT_CATEGORY('part',$);
#5524 = CC_DESIGN_PERSON_AND_ORGANIZATION_ASSIGNMENT(#36,#39,(#4423,
    #4422));
#5525 = CC_DESIGN_PERSON_AND_ORGANIZATION_ASSIGNMENT(#36,#41,(#4424));
#5526 = CC_DESIGN_PERSON_AND_ORGANIZATION_ASSIGNMENT(#36,#43,(#4423));
#5527 = CC_DESIGN_PERSON_AND_ORGANIZATION_ASSIGNMENT(#36,#45,(#5528));
#5528 = SECURITY_CLASSIFICATION('','',#47);
#5529 = CC_DESIGN_SECURITY_CLASSIFICATION(#5528,(#4423));
#5530 = CC_DESIGN_DATE_AND_TIME_ASSIGNMENT(#50,#54,(#4422));
#5531 = CC_DESIGN_DATE_AND_TIME_ASSIGNMENT(#50,#56,(#5528));
#5532 = CC_DESIGN_APPROVAL(#58,(#4423,#4422,#5528));
#5533 = SHAPE_DEFINITION_REPRESENTATION(#5534,#5540);
#5534 = PRODUCT_DEFINITION_SHAPE('','',#5535);
#5535 = PRODUCT_DEFINITION('design','',#5536,#5539);
#5536 = PRODUCT_DEFINITION_FORMATION_WITH_SPECIFIED_SOURCE('','',#5537,
  .NOT_KNOWN.);
#5537 = PRODUCT('Body','Body','',(#5538));
#5538 = MECHANICAL_CONTEXT('',#2,'mechanical');
#5539 = DESIGN_CONTEXT('',#2,'design');
#5540 = ADVANCED_BREP_SHAPE_REPRESENTATION('',(#11,#5541),#6243);
#5541 = MANIFOLD_SOLID_BREP('',#5542);
#5542 = CLOSED_SHELL('',(#5543,#5583,#5614,#5647,#5680,#5713,#5744,#5777
    ,#5810,#5843,#5874,#5905,#5936,#5969,#6002,#6035,#6066,#6099,#6132,
    #6165,#6187,#6215));
#5543 = ADVANCED_FACE('',(#5544),#5578,.F.);
#5544 = FACE_BOUND('',#5545,.F.);
#5545 = EDGE_LOOP('',(#5546,#5556,#5564,#5572));
#5546 = ORIENTED_EDGE('',*,*,#5547,.T.);
#5547 = EDGE_CURVE('',#5548,#5550,#5552,.T.);
#5548 = VERTEX_POINT('',#5549);
#5549 = CARTESIAN_POINT('',(428.46369669626,-6.8E-14,-304.4396192927));
#5550 = VERTEX_POINT('',#5551);
#5551 = CARTESIAN_POINT('',(428.46369669626,-85.,-304.4396192927));
#5552 = LINE('',#5553,#5554);
#5553 = CARTESIAN_POINT('',(428.46369669626,-6.76E-14,-304.4396192927));
#5554 = VECTOR('',#5555,1.);
#5555 = DIRECTION('',(0.,-1.,2.2E-16));
#5556 = ORIENTED_EDGE('',*,*,#5557,.T.);
#5557 = EDGE_CURVE('',#5550,#5558,#5560,.T.);
#5558 = VERTEX_POINT('',#5559);
#5559 = CARTESIAN_POINT('',(431.98178629961,-85.,-297.2547013709));
#5560 = LINE('',#5561,#5562);
#5561 = CARTESIAN_POINT('',(428.46369669626,-85.,-304.4396192927));
#5562 = VECTOR('',#5563,1.);
#5563 = DIRECTION('',(0.439761200418,0.,0.898114740223));
#5564 = ORIENTED_EDGE('',*,*,#5565,.F.);
#5565 = EDGE_CURVE('',#5566,#5558,#5568,.T.);
#5566 = VERTEX_POINT('',#5567);
#5567 = CARTESIAN_POINT('',(431.98178629961,-6.6E-14,-297.2547013709));
#5568 = LINE('',#5569,#5570);
#5569 = CARTESIAN_POINT('',(431.98178629961,-6.6E-14,-297.2547013709));
#5570 = VECTOR('',#5571,1.);
#5571 = DIRECTION('',(0.,-1.,2.2E-16));
#5572 = ORIENTED_EDGE('',*,*,#5573,.F.);
#5573 = EDGE_CURVE('',#5548,#5566,#5574,.T.);
#5574 = LINE('',#5575,#5576);
#5575 = CARTESIAN_POINT('',(428.46369669626,0.,-304.4396192927));
#5576 = VECTOR('',#5577,1.);
#5577 = DIRECTION('',(0.439761200418,0.,0.898114740223));
#5578 = PLANE('',#5579);
#5579 = AXIS2_PLACEMENT_3D('',#5580,#5581,#5582);
#5580 = CARTESIAN_POINT('',(428.46369669626,-6.76E-14,-304.4396192927));
#5581 = DIRECTION('',(-0.898114740223,1.E-16,0.439761200418));
#5582 = DIRECTION('',(0.439761200418,2.E-16,0.898114740223));
#5583 = ADVANCED_FACE('',(#5584),#5609,.T.);
#5584 = FACE_BOUND('',#5585,.T.);
#5585 = EDGE_LOOP('',(#5586,#5587,#5595,#5603));
#5586 = ORIENTED_EDGE('',*,*,#5547,.T.);
#5587 = ORIENTED_EDGE('',*,*,#5588,.T.);
#5588 = EDGE_CURVE('',#5550,#5589,#5591,.T.);
#5589 = VERTEX_POINT('',#5590);
#5590 = CARTESIAN_POINT('',(141.06697982476,-85.,-163.7160351588));
#5591 = LINE('',#5592,#5593);
#5592 = CARTESIAN_POINT('',(428.46369669626,-85.,-304.4396192927));
#5593 = VECTOR('',#5594,1.);
#5594 = DIRECTION('',(-0.898114740223,0.,0.439761200418));
#5595 = ORIENTED_EDGE('',*,*,#5596,.F.);
#5596 = EDGE_CURVE('',#5597,#5589,#5599,.T.);
#5597 = VERTEX_POINT('',#5598);
#5598 = CARTESIAN_POINT('',(141.06697982476,-3.6E-14,-163.7160351588));
#5599 = LINE('',#5600,#5601);
#5600 = CARTESIAN_POINT('',(141.06697982476,-3.635E-14,-163.7160351588)
  );
#5601 = VECTOR('',#5602,1.);
#5602 = DIRECTION('',(0.,-1.,2.2E-16));
#5603 = ORIENTED_EDGE('',*,*,#5604,.F.);
#5604 = EDGE_CURVE('',#5548,#5597,#5605,.T.);
#5605 = LINE('',#5606,#5607);
#5606 = CARTESIAN_POINT('',(428.46369669626,0.,-304.4396192927));
#5607 = VECTOR('',#5608,1.);
#5608 = DIRECTION('',(-0.898114740223,0.,0.439761200418));
#5609 = PLANE('',#5610);
#5610 = AXIS2_PLACEMENT_3D('',#5611,#5612,#5613);
#5611 = CARTESIAN_POINT('',(428.46369669626,-6.76E-14,-304.4396192927));
#5612 = DIRECTION('',(-0.439761200418,-2.E-16,-0.898114740223));
#5613 = DIRECTION('',(-0.898114740223,1.E-16,0.439761200418));
#5614 = ADVANCED_FACE('',(#5615),#5642,.T.);
#5615 = FACE_BOUND('',#5616,.F.);
#5616 = EDGE_LOOP('',(#5617,#5627,#5634,#5635));
#5617 = ORIENTED_EDGE('',*,*,#5618,.T.);
#5618 = EDGE_CURVE('',#5619,#5621,#5623,.T.);
#5619 = VERTEX_POINT('',#5620);
#5620 = CARTESIAN_POINT('',(133.74499633323,-2.8E-14,-124.2477721707));
#5621 = VERTEX_POINT('',#5622);
#5622 = CARTESIAN_POINT('',(133.74499633323,-85.,-124.2477721707));
#5623 = LINE('',#5624,#5625);
#5624 = CARTESIAN_POINT('',(133.74499633323,-2.759E-14,-124.2477721707)
  );
#5625 = VECTOR('',#5626,1.);
#5626 = DIRECTION('',(0.,-1.,2.2E-16));
#5627 = ORIENTED_EDGE('',*,*,#5628,.T.);
#5628 = EDGE_CURVE('',#5621,#5589,#5629,.T.);
#5629 = CIRCLE('',#5630,25.);
#5630 = AXIS2_PLACEMENT_3D('',#5631,#5632,#5633);
#5631 = CARTESIAN_POINT('',(152.06100983521,-85.,-141.2631666532));
#5632 = DIRECTION('',(0.,-1.,0.));
#5633 = DIRECTION('',(1.,0.,0.));
#5634 = ORIENTED_EDGE('',*,*,#5596,.F.);
#5635 = ORIENTED_EDGE('',*,*,#5636,.F.);
#5636 = EDGE_CURVE('',#5619,#5597,#5637,.T.);
#5637 = CIRCLE('',#5638,25.);
#5638 = AXIS2_PLACEMENT_3D('',#5639,#5640,#5641);
#5639 = CARTESIAN_POINT('',(152.06100983521,0.,-141.2631666532));
#5640 = DIRECTION('',(0.,-1.,0.));
#5641 = DIRECTION('',(1.,0.,0.));
#5642 = CYLINDRICAL_SURFACE('',#5643,25.);
#5643 = AXIS2_PLACEMENT_3D('',#5644,#5645,#5646);
#5644 = CARTESIAN_POINT('',(152.06100983521,-3.137E-14,-141.2631666532)
  );
#5645 = DIRECTION('',(0.,1.,-2.2E-16));
#5646 = DIRECTION('',(1.,0.,0.));
#5647 = ADVANCED_FACE('',(#5648),#5675,.F.);
#5648 = FACE_BOUND('',#5649,.T.);
#5649 = EDGE_LOOP('',(#5650,#5651,#5660,#5668));
#5650 = ORIENTED_EDGE('',*,*,#5618,.T.);
#5651 = ORIENTED_EDGE('',*,*,#5652,.T.);
#5652 = EDGE_CURVE('',#5621,#5653,#5655,.T.);
#5653 = VERTEX_POINT('',#5654);
#5654 = CARTESIAN_POINT('',(171.85624153733,-85.,-61.56837807056));
#5655 = CIRCLE('',#5656,182.5520006288);
#5656 = AXIS2_PLACEMENT_3D('',#5657,#5658,#5659);
#5657 = CARTESIAN_POINT('',(0.,-85.,1.9E-14));
#5658 = DIRECTION('',(0.,-1.,0.));
#5659 = DIRECTION('',(1.,0.,0.));
#5660 = ORIENTED_EDGE('',*,*,#5661,.F.);
#5661 = EDGE_CURVE('',#5662,#5653,#5664,.T.);
#5662 = VERTEX_POINT('',#5663);
#5663 = CARTESIAN_POINT('',(171.85624153733,-1.4E-14,-61.56837807056));
#5664 = LINE('',#5665,#5666);
#5665 = CARTESIAN_POINT('',(171.85624153733,-1.367E-14,-61.56837807056)
  );
#5666 = VECTOR('',#5667,1.);
#5667 = DIRECTION('',(0.,-1.,2.2E-16));
#5668 = ORIENTED_EDGE('',*,*,#5669,.F.);
#5669 = EDGE_CURVE('',#5619,#5662,#5670,.T.);
#5670 = CIRCLE('',#5671,182.5520006288);
#5671 = AXIS2_PLACEMENT_3D('',#5672,#5673,#5674);
#5672 = CARTESIAN_POINT('',(0.,0.,0.));
#5673 = DIRECTION('',(0.,-1.,0.));
#5674 = DIRECTION('',(1.,0.,0.));
#5675 = CYLINDRICAL_SURFACE('',#5676,182.5520006288);
#5676 = AXIS2_PLACEMENT_3D('',#5677,#5678,#5679);
#5677 = CARTESIAN_POINT('',(-0.,-0.,-0.));
#5678 = DIRECTION('',(0.,1.,-2.2E-16));
#5679 = DIRECTION('',(1.,0.,0.));
#5680 = ADVANCED_FACE('',(#5681),#5708,.T.);
#5681 = FACE_BOUND('',#5682,.F.);
#5682 = EDGE_LOOP('',(#5683,#5693,#5700,#5701));
#5683 = ORIENTED_EDGE('',*,*,#5684,.T.);
#5684 = EDGE_CURVE('',#5685,#5687,#5689,.T.);
#5685 = VERTEX_POINT('',#5686);
#5686 = CARTESIAN_POINT('',(195.39148641898,-1.E-14,-45.));
#5687 = VERTEX_POINT('',#5688);
#5688 = CARTESIAN_POINT('',(195.39148641898,-85.,-45.));
#5689 = LINE('',#5690,#5691);
#5690 = CARTESIAN_POINT('',(195.39148641898,-9.99E-15,-45.));
#5691 = VECTOR('',#5692,1.);
#5692 = DIRECTION('',(0.,-1.,2.2E-16));
#5693 = ORIENTED_EDGE('',*,*,#5694,.T.);
#5694 = EDGE_CURVE('',#5687,#5653,#5695,.T.);
#5695 = CIRCLE('',#5696,25.);
#5696 = AXIS2_PLACEMENT_3D('',#5697,#5698,#5699);
#5697 = CARTESIAN_POINT('',(195.39148641898,-85.,-70.));
#5698 = DIRECTION('',(0.,-1.,0.));
#5699 = DIRECTION('',(1.,0.,0.));
#5700 = ORIENTED_EDGE('',*,*,#5661,.F.);
#5701 = ORIENTED_EDGE('',*,*,#5702,.F.);
#5702 = EDGE_CURVE('',#5685,#5662,#5703,.T.);
#5703 = CIRCLE('',#5704,25.);
#5704 = AXIS2_PLACEMENT_3D('',#5705,#5706,#5707);
#5705 = CARTESIAN_POINT('',(195.39148641898,0.,-70.));
#5706 = DIRECTION('',(0.,-1.,0.));
#5707 = DIRECTION('',(1.,0.,0.));
#5708 = CYLINDRICAL_SURFACE('',#5709,25.);
#5709 = AXIS2_PLACEMENT_3D('',#5710,#5711,#5712);
#5710 = CARTESIAN_POINT('',(195.39148641898,-1.554E-14,-70.));
#5711 = DIRECTION('',(0.,1.,-2.2E-16));
#5712 = DIRECTION('',(1.,0.,0.));
#5713 = ADVANCED_FACE('',(#5714),#5739,.T.);
#5714 = FACE_BOUND('',#5715,.T.);
#5715 = EDGE_LOOP('',(#5716,#5717,#5725,#5733));
#5716 = ORIENTED_EDGE('',*,*,#5684,.T.);
#5717 = ORIENTED_EDGE('',*,*,#5718,.T.);
#5718 = EDGE_CURVE('',#5687,#5719,#5721,.T.);
#5719 = VERTEX_POINT('',#5720);
#5720 = CARTESIAN_POINT('',(1.545391486419E+03,-85.,-45.));
#5721 = LINE('',#5722,#5723);
#5722 = CARTESIAN_POINT('',(195.39148641898,-85.,-45.));
#5723 = VECTOR('',#5724,1.);
#5724 = DIRECTION('',(1.,0.,0.));
#5725 = ORIENTED_EDGE('',*,*,#5726,.F.);
#5726 = EDGE_CURVE('',#5727,#5719,#5729,.T.);
#5727 = VERTEX_POINT('',#5728);
#5728 = CARTESIAN_POINT('',(1.545391486419E+03,-1.E-14,-45.));
#5729 = LINE('',#5730,#5731);
#5730 = CARTESIAN_POINT('',(1.545391486419E+03,-9.99E-15,-45.));
#5731 = VECTOR('',#5732,1.);
#5732 = DIRECTION('',(0.,-1.,2.2E-16));
#5733 = ORIENTED_EDGE('',*,*,#5734,.F.);
#5734 = EDGE_CURVE('',#5685,#5727,#5735,.T.);
#5735 = LINE('',#5736,#5737);
#5736 = CARTESIAN_POINT('',(195.39148641898,0.,-45.));
#5737 = VECTOR('',#5738,1.);
#5738 = DIRECTION('',(1.,0.,0.));
#5739 = PLANE('',#5740);
#5740 = AXIS2_PLACEMENT_3D('',#5741,#5742,#5743);
#5741 = CARTESIAN_POINT('',(195.39148641898,-9.99E-15,-45.));
#5742 = DIRECTION('',(0.,2.2E-16,1.));
#5743 = DIRECTION('',(1.,0.,-0.));
#5744 = ADVANCED_FACE('',(#5745),#5772,.T.);
#5745 = FACE_BOUND('',#5746,.F.);
#5746 = EDGE_LOOP('',(#5747,#5757,#5764,#5765));
#5747 = ORIENTED_EDGE('',*,*,#5748,.T.);
#5748 = EDGE_CURVE('',#5749,#5751,#5753,.T.);
#5749 = VERTEX_POINT('',#5750);
#5750 = CARTESIAN_POINT('',(1.54947553952E+03,-2.1E-14,-94.66415435955)
  );
#5751 = VERTEX_POINT('',#5752);
#5752 = CARTESIAN_POINT('',(1.54947553952E+03,-85.,-94.66415435955));
#5753 = LINE('',#5754,#5755);
#5754 = CARTESIAN_POINT('',(1.54947553952E+03,-2.102E-14,-94.66415435955
    ));
#5755 = VECTOR('',#5756,1.);
#5756 = DIRECTION('',(0.,-1.,2.2E-16));
#5757 = ORIENTED_EDGE('',*,*,#5758,.T.);
#5758 = EDGE_CURVE('',#5751,#5719,#5759,.T.);
#5759 = CIRCLE('',#5760,25.);
#5760 = AXIS2_PLACEMENT_3D('',#5761,#5762,#5763);
#5761 = CARTESIAN_POINT('',(1.545391486419E+03,-85.,-70.));
#5762 = DIRECTION('',(0.,-1.,0.));
#5763 = DIRECTION('',(1.,0.,0.));
#5764 = ORIENTED_EDGE('',*,*,#5726,.F.);
#5765 = ORIENTED_EDGE('',*,*,#5766,.F.);
#5766 = EDGE_CURVE('',#5749,#5727,#5767,.T.);
#5767 = CIRCLE('',#5768,25.);
#5768 = AXIS2_PLACEMENT_3D('',#5769,#5770,#5771);
#5769 = CARTESIAN_POINT('',(1.545391486419E+03,0.,-70.));
#5770 = DIRECTION('',(0.,-1.,0.));
#5771 = DIRECTION('',(1.,0.,0.));
#5772 = CYLINDRICAL_SURFACE('',#5773,25.);
#5773 = AXIS2_PLACEMENT_3D('',#5774,#5775,#5776);
#5774 = CARTESIAN_POINT('',(1.545391486419E+03,-1.554E-14,-70.));
#5775 = DIRECTION('',(0.,1.,-2.2E-16));
#5776 = DIRECTION('',(1.,0.,0.));
#5777 = ADVANCED_FACE('',(#5778),#5805,.F.);
#5778 = FACE_BOUND('',#5779,.T.);
#5779 = EDGE_LOOP('',(#5780,#5781,#5790,#5798));
#5780 = ORIENTED_EDGE('',*,*,#5748,.T.);
#5781 = ORIENTED_EDGE('',*,*,#5782,.T.);
#5782 = EDGE_CURVE('',#5751,#5783,#5785,.T.);
#5783 = VERTEX_POINT('',#5784);
#5784 = CARTESIAN_POINT('',(1.457557194103E+03,-85.,-233.7845010959));
#5785 = CIRCLE('',#5786,113.72908848951);
#5786 = AXIS2_PLACEMENT_3D('',#5787,#5788,#5789);
#5787 = CARTESIAN_POINT('',(1.568054564978E+03,-85.,-206.8654261066));
#5788 = DIRECTION('',(0.,-1.,0.));
#5789 = DIRECTION('',(1.,0.,0.));
#5790 = ORIENTED_EDGE('',*,*,#5791,.F.);
#5791 = EDGE_CURVE('',#5792,#5783,#5794,.T.);
#5792 = VERTEX_POINT('',#5793);
#5793 = CARTESIAN_POINT('',(1.457557194103E+03,-5.2E-14,-233.7845010959)
  );
#5794 = LINE('',#5795,#5796);
#5795 = CARTESIAN_POINT('',(1.457557194103E+03,-5.191E-14,
    -233.7845010959));
#5796 = VECTOR('',#5797,1.);
#5797 = DIRECTION('',(0.,-1.,2.2E-16));
#5798 = ORIENTED_EDGE('',*,*,#5799,.F.);
#5799 = EDGE_CURVE('',#5749,#5792,#5800,.T.);
#5800 = CIRCLE('',#5801,113.72908848951);
#5801 = AXIS2_PLACEMENT_3D('',#5802,#5803,#5804);
#5802 = CARTESIAN_POINT('',(1.568054564978E+03,0.,-206.8654261066));
#5803 = DIRECTION('',(0.,-1.,0.));
#5804 = DIRECTION('',(1.,0.,0.));
#5805 = CYLINDRICAL_SURFACE('',#5806,113.72908848951);
#5806 = AXIS2_PLACEMENT_3D('',#5807,#5808,#5809);
#5807 = CARTESIAN_POINT('',(1.568054564978E+03,-4.593E-14,
    -206.8654261066));
#5808 = DIRECTION('',(0.,1.,-2.2E-16));
#5809 = DIRECTION('',(1.,0.,0.));
#5810 = ADVANCED_FACE('',(#5811),#5838,.T.);
#5811 = FACE_BOUND('',#5812,.F.);
#5812 = EDGE_LOOP('',(#5813,#5823,#5830,#5831));
#5813 = ORIENTED_EDGE('',*,*,#5814,.T.);
#5814 = EDGE_CURVE('',#5815,#5817,#5819,.T.);
#5815 = VERTEX_POINT('',#5816);
#5816 = CARTESIAN_POINT('',(1.438305682912E+03,-5.9E-14,-264.1889605031)
  );
#5817 = VERTEX_POINT('',#5818);
#5818 = CARTESIAN_POINT('',(1.438305682912E+03,-85.,-264.1889605031));
#5819 = LINE('',#5820,#5821);
#5820 = CARTESIAN_POINT('',(1.438305682912E+03,-5.866E-14,
    -264.1889605031));
#5821 = VECTOR('',#5822,1.);
#5822 = DIRECTION('',(0.,-1.,2.2E-16));
#5823 = ORIENTED_EDGE('',*,*,#5824,.T.);
#5824 = EDGE_CURVE('',#5817,#5783,#5825,.T.);
#5825 = CIRCLE('',#5826,25.);
#5826 = AXIS2_PLACEMENT_3D('',#5827,#5828,#5829);
#5827 = CARTESIAN_POINT('',(1.433267592308E+03,-85.,-239.7018691473));
#5828 = DIRECTION('',(0.,-1.,0.));
#5829 = DIRECTION('',(1.,0.,0.));
#5830 = ORIENTED_EDGE('',*,*,#5791,.F.);
#5831 = ORIENTED_EDGE('',*,*,#5832,.F.);
#5832 = EDGE_CURVE('',#5815,#5792,#5833,.T.);
#5833 = CIRCLE('',#5834,25.);
#5834 = AXIS2_PLACEMENT_3D('',#5835,#5836,#5837);
#5835 = CARTESIAN_POINT('',(1.433267592308E+03,0.,-239.7018691473));
#5836 = DIRECTION('',(0.,-1.,0.));
#5837 = DIRECTION('',(1.,0.,0.));
#5838 = CYLINDRICAL_SURFACE('',#5839,25.);
#5839 = AXIS2_PLACEMENT_3D('',#5840,#5841,#5842);
#5840 = CARTESIAN_POINT('',(1.433267592308E+03,-5.322E-14,
    -239.7018691473));
#5841 = DIRECTION('',(0.,1.,-2.2E-16));
#5842 = DIRECTION('',(1.,0.,0.));
#5843 = ADVANCED_FACE('',(#5844),#5869,.F.);
#5844 = FACE_BOUND('',#5845,.F.);
#5845 = EDGE_LOOP('',(#5846,#5856,#5862,#5863));
#5846 = ORIENTED_EDGE('',*,*,#5847,.T.);
#5847 = EDGE_CURVE('',#5848,#5850,#5852,.T.);
#5848 = VERTEX_POINT('',#5849);
#5849 = CARTESIAN_POINT('',(880.,-8.4E-14,-379.0574262719));
#5850 = VERTEX_POINT('',#5851);
#5851 = CARTESIAN_POINT('',(880.,-85.,-379.0574262719));
#5852 = LINE('',#5853,#5854);
#5853 = CARTESIAN_POINT('',(880.,-8.417E-14,-379.0574262719));
#5854 = VECTOR('',#5855,1.);
#5855 = DIRECTION('',(0.,-1.,2.2E-16));
#5856 = ORIENTED_EDGE('',*,*,#5857,.T.);
#5857 = EDGE_CURVE('',#5850,#5817,#5858,.T.);
#5858 = LINE('',#5859,#5860);
#5859 = CARTESIAN_POINT('',(880.,-85.,-379.0574262719));
#5860 = VECTOR('',#5861,1.);
#5861 = DIRECTION('',(0.979483654232,0.,0.201523624156));
#5862 = ORIENTED_EDGE('',*,*,#5814,.F.);
#5863 = ORIENTED_EDGE('',*,*,#5864,.F.);
#5864 = EDGE_CURVE('',#5848,#5815,#5865,.T.);
#5865 = LINE('',#5866,#5867);
#5866 = CARTESIAN_POINT('',(880.,0.,-379.0574262719));
#5867 = VECTOR('',#5868,1.);
#5868 = DIRECTION('',(0.979483654232,0.,0.201523624156));
#5869 = PLANE('',#5870);
#5870 = AXIS2_PLACEMENT_3D('',#5871,#5872,#5873);
#5871 = CARTESIAN_POINT('',(880.,-8.417E-14,-379.0574262719));
#5872 = DIRECTION('',(-0.201523624156,2.2E-16,0.979483654232));
#5873 = DIRECTION('',(0.979483654232,4.E-17,0.201523624156));
#5874 = ADVANCED_FACE('',(#5875),#5900,.F.);
#5875 = FACE_BOUND('',#5876,.F.);
#5876 = EDGE_LOOP('',(#5877,#5887,#5893,#5894));
#5877 = ORIENTED_EDGE('',*,*,#5878,.T.);
#5878 = EDGE_CURVE('',#5879,#5881,#5883,.T.);
#5879 = VERTEX_POINT('',#5880);
#5880 = CARTESIAN_POINT('',(878.38781100675,-8.2E-14,-371.221557038));
#5881 = VERTEX_POINT('',#5882);
#5882 = CARTESIAN_POINT('',(878.38781100675,-85.,-371.221557038));
#5883 = LINE('',#5884,#5885);
#5884 = CARTESIAN_POINT('',(878.38781100675,-8.243E-14,-371.221557038));
#5885 = VECTOR('',#5886,1.);
#5886 = DIRECTION('',(0.,-1.,2.2E-16));
#5887 = ORIENTED_EDGE('',*,*,#5888,.T.);
#5888 = EDGE_CURVE('',#5881,#5850,#5889,.T.);
#5889 = LINE('',#5890,#5891);
#5890 = CARTESIAN_POINT('',(878.38781100675,-85.,-371.221557038));
#5891 = VECTOR('',#5892,1.);
#5892 = DIRECTION('',(0.201523624156,0.,-0.979483654232));
#5893 = ORIENTED_EDGE('',*,*,#5847,.F.);
#5894 = ORIENTED_EDGE('',*,*,#5895,.F.);
#5895 = EDGE_CURVE('',#5879,#5848,#5896,.T.);
#5896 = LINE('',#5897,#5898);
#5897 = CARTESIAN_POINT('',(878.38781100675,0.,-371.221557038));
#5898 = VECTOR('',#5899,1.);
#5899 = DIRECTION('',(0.201523624156,0.,-0.979483654232));
#5900 = PLANE('',#5901);
#5901 = AXIS2_PLACEMENT_3D('',#5902,#5903,#5904);
#5902 = CARTESIAN_POINT('',(878.38781100675,-8.243E-14,-371.221557038));
#5903 = DIRECTION('',(0.979483654232,4.E-17,0.201523624156));
#5904 = DIRECTION('',(0.201523624156,-2.2E-16,-0.979483654232));
#5905 = ADVANCED_FACE('',(#5906),#5931,.T.);
#5906 = FACE_BOUND('',#5907,.T.);
#5907 = EDGE_LOOP('',(#5908,#5909,#5917,#5925));
#5908 = ORIENTED_EDGE('',*,*,#5878,.T.);
#5909 = ORIENTED_EDGE('',*,*,#5910,.T.);
#5910 = EDGE_CURVE('',#5881,#5911,#5913,.T.);
#5911 = VERTEX_POINT('',#5912);
#5912 = CARTESIAN_POINT('',(1.436693493919E+03,-85.,-256.3530912692));
#5913 = LINE('',#5914,#5915);
#5914 = CARTESIAN_POINT('',(878.38781100675,-85.,-371.221557038));
#5915 = VECTOR('',#5916,1.);
#5916 = DIRECTION('',(0.979483654232,0.,0.201523624156));
#5917 = ORIENTED_EDGE('',*,*,#5918,.F.);
#5918 = EDGE_CURVE('',#5919,#5911,#5921,.T.);
#5919 = VERTEX_POINT('',#5920);
#5920 = CARTESIAN_POINT('',(1.436693493919E+03,-5.7E-14,-256.3530912692)
  );
#5921 = LINE('',#5922,#5923);
#5922 = CARTESIAN_POINT('',(1.436693493919E+03,-5.692E-14,
    -256.3530912692));
#5923 = VECTOR('',#5924,1.);
#5924 = DIRECTION('',(0.,-1.,2.2E-16));
#5925 = ORIENTED_EDGE('',*,*,#5926,.F.);
#5926 = EDGE_CURVE('',#5879,#5919,#5927,.T.);
#5927 = LINE('',#5928,#5929);
#5928 = CARTESIAN_POINT('',(878.38781100675,0.,-371.221557038));
#5929 = VECTOR('',#5930,1.);
#5930 = DIRECTION('',(0.979483654232,0.,0.201523624156));
#5931 = PLANE('',#5932);
#5932 = AXIS2_PLACEMENT_3D('',#5933,#5934,#5935);
#5933 = CARTESIAN_POINT('',(878.38781100675,-8.243E-14,-371.221557038));
#5934 = DIRECTION('',(-0.201523624156,2.2E-16,0.979483654232));
#5935 = DIRECTION('',(0.979483654232,4.E-17,0.201523624156));
#5936 = ADVANCED_FACE('',(#5937),#5964,.F.);
#5937 = FACE_BOUND('',#5938,.T.);
#5938 = EDGE_LOOP('',(#5939,#5940,#5949,#5957));
#5939 = ORIENTED_EDGE('',*,*,#5918,.T.);
#5940 = ORIENTED_EDGE('',*,*,#5941,.T.);
#5941 = EDGE_CURVE('',#5911,#5942,#5944,.T.);
#5942 = VERTEX_POINT('',#5943);
#5943 = CARTESIAN_POINT('',(1.449784521529E+03,-85.,-235.6780588724));
#5944 = CIRCLE('',#5945,17.);
#5945 = AXIS2_PLACEMENT_3D('',#5946,#5947,#5948);
#5946 = CARTESIAN_POINT('',(1.433267592308E+03,-85.,-239.7018691473));
#5947 = DIRECTION('',(0.,-1.,0.));
#5948 = DIRECTION('',(1.,0.,0.));
#5949 = ORIENTED_EDGE('',*,*,#5950,.F.);
#5950 = EDGE_CURVE('',#5951,#5942,#5953,.T.);
#5951 = VERTEX_POINT('',#5952);
#5952 = CARTESIAN_POINT('',(1.449784521529E+03,-5.2E-14,-235.6780588724)
  );
#5953 = LINE('',#5954,#5955);
#5954 = CARTESIAN_POINT('',(1.449784521529E+03,-5.233E-14,
    -235.6780588724));
#5955 = VECTOR('',#5956,1.);
#5956 = DIRECTION('',(0.,-1.,2.2E-16));
#5957 = ORIENTED_EDGE('',*,*,#5958,.F.);
#5958 = EDGE_CURVE('',#5919,#5951,#5959,.T.);
#5959 = CIRCLE('',#5960,17.);
#5960 = AXIS2_PLACEMENT_3D('',#5961,#5962,#5963);
#5961 = CARTESIAN_POINT('',(1.433267592308E+03,0.,-239.7018691473));
#5962 = DIRECTION('',(0.,-1.,0.));
#5963 = DIRECTION('',(1.,0.,0.));
#5964 = CYLINDRICAL_SURFACE('',#5965,17.);
#5965 = AXIS2_PLACEMENT_3D('',#5966,#5967,#5968);
#5966 = CARTESIAN_POINT('',(1.433267592308E+03,-5.322E-14,
    -239.7018691473));
#5967 = DIRECTION('',(0.,1.,-2.2E-16));
#5968 = DIRECTION('',(1.,0.,0.));
#5969 = ADVANCED_FACE('',(#5970),#5997,.T.);
#5970 = FACE_BOUND('',#5971,.F.);
#5971 = EDGE_LOOP('',(#5972,#5982,#5989,#5990));
#5972 = ORIENTED_EDGE('',*,*,#5973,.T.);
#5973 = EDGE_CURVE('',#5974,#5976,#5978,.T.);
#5974 = VERTEX_POINT('',#5975);
#5975 = CARTESIAN_POINT('',(1.548168642527E+03,-1.9E-14,-86.77162496449)
  );
#5976 = VERTEX_POINT('',#5977);
#5977 = CARTESIAN_POINT('',(1.548168642527E+03,-85.,-86.77162496449));
#5978 = LINE('',#5979,#5980);
#5979 = CARTESIAN_POINT('',(1.548168642527E+03,-1.927E-14,
    -86.77162496449));
#5980 = VECTOR('',#5981,1.);
#5981 = DIRECTION('',(0.,-1.,2.2E-16));
#5982 = ORIENTED_EDGE('',*,*,#5983,.T.);
#5983 = EDGE_CURVE('',#5976,#5942,#5984,.T.);
#5984 = CIRCLE('',#5985,121.72908848951);
#5985 = AXIS2_PLACEMENT_3D('',#5986,#5987,#5988);
#5986 = CARTESIAN_POINT('',(1.568054564978E+03,-85.,-206.8654261066));
#5987 = DIRECTION('',(0.,-1.,0.));
#5988 = DIRECTION('',(1.,0.,0.));
#5989 = ORIENTED_EDGE('',*,*,#5950,.F.);
#5990 = ORIENTED_EDGE('',*,*,#5991,.F.);
#5991 = EDGE_CURVE('',#5974,#5951,#5992,.T.);
#5992 = CIRCLE('',#5993,121.72908848951);
#5993 = AXIS2_PLACEMENT_3D('',#5994,#5995,#5996);
#5994 = CARTESIAN_POINT('',(1.568054564978E+03,0.,-206.8654261066));
#5995 = DIRECTION('',(0.,-1.,0.));
#5996 = DIRECTION('',(1.,0.,0.));
#5997 = CYLINDRICAL_SURFACE('',#5998,121.72908848951);
#5998 = AXIS2_PLACEMENT_3D('',#5999,#6000,#6001);
#5999 = CARTESIAN_POINT('',(1.568054564978E+03,-4.593E-14,
    -206.8654261066));
#6000 = DIRECTION('',(0.,1.,-2.2E-16));
#6001 = DIRECTION('',(1.,0.,0.));
#6002 = ADVANCED_FACE('',(#6003),#6030,.F.);
#6003 = FACE_BOUND('',#6004,.T.);
#6004 = EDGE_LOOP('',(#6005,#6006,#6015,#6023));
#6005 = ORIENTED_EDGE('',*,*,#5973,.T.);
#6006 = ORIENTED_EDGE('',*,*,#6007,.T.);
#6007 = EDGE_CURVE('',#5976,#6008,#6010,.T.);
#6008 = VERTEX_POINT('',#6009);
#6009 = CARTESIAN_POINT('',(1.545391486419E+03,-85.,-53.));
#6010 = CIRCLE('',#6011,17.);
#6011 = AXIS2_PLACEMENT_3D('',#6012,#6013,#6014);
#6012 = CARTESIAN_POINT('',(1.545391486419E+03,-85.,-70.));
#6013 = DIRECTION('',(0.,-1.,0.));
#6014 = DIRECTION('',(1.,0.,0.));
#6015 = ORIENTED_EDGE('',*,*,#6016,.F.);
#6016 = EDGE_CURVE('',#6017,#6008,#6019,.T.);
#6017 = VERTEX_POINT('',#6018);
#6018 = CARTESIAN_POINT('',(1.545391486419E+03,-1.2E-14,-53.));
#6019 = LINE('',#6020,#6021);
#6020 = CARTESIAN_POINT('',(1.545391486419E+03,-1.177E-14,-53.));
#6021 = VECTOR('',#6022,1.);
#6022 = DIRECTION('',(0.,-1.,2.2E-16));
#6023 = ORIENTED_EDGE('',*,*,#6024,.F.);
#6024 = EDGE_CURVE('',#5974,#6017,#6025,.T.);
#6025 = CIRCLE('',#6026,17.);
#6026 = AXIS2_PLACEMENT_3D('',#6027,#6028,#6029);
#6027 = CARTESIAN_POINT('',(1.545391486419E+03,0.,-70.));
#6028 = DIRECTION('',(0.,-1.,0.));
#6029 = DIRECTION('',(1.,0.,0.));
#6030 = CYLINDRICAL_SURFACE('',#6031,17.);
#6031 = AXIS2_PLACEMENT_3D('',#6032,#6033,#6034);
#6032 = CARTESIAN_POINT('',(1.545391486419E+03,-1.554E-14,-70.));
#6033 = DIRECTION('',(0.,1.,-2.2E-16));
#6034 = DIRECTION('',(1.,0.,0.));
#6035 = ADVANCED_FACE('',(#6036),#6061,.F.);
#6036 = FACE_BOUND('',#6037,.F.);
#6037 = EDGE_LOOP('',(#6038,#6048,#6054,#6055));
#6038 = ORIENTED_EDGE('',*,*,#6039,.T.);
#6039 = EDGE_CURVE('',#6040,#6042,#6044,.T.);
#6040 = VERTEX_POINT('',#6041);
#6041 = CARTESIAN_POINT('',(195.39148641898,-1.2E-14,-53.));
#6042 = VERTEX_POINT('',#6043);
#6043 = CARTESIAN_POINT('',(195.39148641898,-85.,-53.));
#6044 = LINE('',#6045,#6046);
#6045 = CARTESIAN_POINT('',(195.39148641898,-1.177E-14,-53.));
#6046 = VECTOR('',#6047,1.);
#6047 = DIRECTION('',(0.,-1.,2.2E-16));
#6048 = ORIENTED_EDGE('',*,*,#6049,.T.);
#6049 = EDGE_CURVE('',#6042,#6008,#6050,.T.);
#6050 = LINE('',#6051,#6052);
#6051 = CARTESIAN_POINT('',(195.39148641898,-85.,-53.));
#6052 = VECTOR('',#6053,1.);
#6053 = DIRECTION('',(1.,0.,0.));
#6054 = ORIENTED_EDGE('',*,*,#6016,.F.);
#6055 = ORIENTED_EDGE('',*,*,#6056,.F.);
#6056 = EDGE_CURVE('',#6040,#6017,#6057,.T.);
#6057 = LINE('',#6058,#6059);
#6058 = CARTESIAN_POINT('',(195.39148641898,0.,-53.));
#6059 = VECTOR('',#6060,1.);
#6060 = DIRECTION('',(1.,0.,0.));
#6061 = PLANE('',#6062);
#6062 = AXIS2_PLACEMENT_3D('',#6063,#6064,#6065);
#6063 = CARTESIAN_POINT('',(195.39148641898,-1.177E-14,-53.));
#6064 = DIRECTION('',(0.,2.2E-16,1.));
#6065 = DIRECTION('',(1.,0.,-0.));
#6066 = ADVANCED_FACE('',(#6067),#6094,.F.);
#6067 = FACE_BOUND('',#6068,.T.);
#6068 = EDGE_LOOP('',(#6069,#6070,#6079,#6087));
#6069 = ORIENTED_EDGE('',*,*,#6039,.T.);
#6070 = ORIENTED_EDGE('',*,*,#6071,.T.);
#6071 = EDGE_CURVE('',#6042,#6072,#6074,.T.);
#6072 = VERTEX_POINT('',#6073);
#6073 = CARTESIAN_POINT('',(179.38751989946,-85.,-64.26649708798));
#6074 = CIRCLE('',#6075,17.);
#6075 = AXIS2_PLACEMENT_3D('',#6076,#6077,#6078);
#6076 = CARTESIAN_POINT('',(195.39148641898,-85.,-70.));
#6077 = DIRECTION('',(0.,-1.,0.));
#6078 = DIRECTION('',(1.,0.,0.));
#6079 = ORIENTED_EDGE('',*,*,#6080,.F.);
#6080 = EDGE_CURVE('',#6081,#6072,#6083,.T.);
#6081 = VERTEX_POINT('',#6082);
#6082 = CARTESIAN_POINT('',(179.38751989946,-1.4E-14,-64.26649708798));
#6083 = LINE('',#6084,#6085);
#6084 = CARTESIAN_POINT('',(179.38751989946,-1.427E-14,-64.26649708798)
  );
#6085 = VECTOR('',#6086,1.);
#6086 = DIRECTION('',(0.,-1.,2.2E-16));
#6087 = ORIENTED_EDGE('',*,*,#6088,.F.);
#6088 = EDGE_CURVE('',#6040,#6081,#6089,.T.);
#6089 = CIRCLE('',#6090,17.);
#6090 = AXIS2_PLACEMENT_3D('',#6091,#6092,#6093);
#6091 = CARTESIAN_POINT('',(195.39148641898,0.,-70.));
#6092 = DIRECTION('',(0.,-1.,0.));
#6093 = DIRECTION('',(1.,0.,0.));
#6094 = CYLINDRICAL_SURFACE('',#6095,17.);
#6095 = AXIS2_PLACEMENT_3D('',#6096,#6097,#6098);
#6096 = CARTESIAN_POINT('',(195.39148641898,-1.554E-14,-70.));
#6097 = DIRECTION('',(0.,1.,-2.2E-16));
#6098 = DIRECTION('',(1.,0.,0.));
#6099 = ADVANCED_FACE('',(#6100),#6127,.T.);
#6100 = FACE_BOUND('',#6101,.F.);
#6101 = EDGE_LOOP('',(#6102,#6112,#6119,#6120));
#6102 = ORIENTED_EDGE('',*,*,#6103,.T.);
#6103 = EDGE_CURVE('',#6104,#6106,#6108,.T.);
#6104 = VERTEX_POINT('',#6105);
#6105 = CARTESIAN_POINT('',(139.60612065387,-2.9E-14,-129.6926984051));
#6106 = VERTEX_POINT('',#6107);
#6107 = CARTESIAN_POINT('',(139.60612065387,-85.,-129.6926984051));
#6108 = LINE('',#6109,#6110);
#6109 = CARTESIAN_POINT('',(139.60612065387,-2.88E-14,-129.6926984051));
#6110 = VECTOR('',#6111,1.);
#6111 = DIRECTION('',(0.,-1.,2.2E-16));
#6112 = ORIENTED_EDGE('',*,*,#6113,.T.);
#6113 = EDGE_CURVE('',#6106,#6072,#6114,.T.);
#6114 = CIRCLE('',#6115,190.5520006288);
#6115 = AXIS2_PLACEMENT_3D('',#6116,#6117,#6118);
#6116 = CARTESIAN_POINT('',(0.,-85.,1.9E-14));
#6117 = DIRECTION('',(0.,-1.,0.));
#6118 = DIRECTION('',(1.,0.,0.));
#6119 = ORIENTED_EDGE('',*,*,#6080,.F.);
#6120 = ORIENTED_EDGE('',*,*,#6121,.F.);
#6121 = EDGE_CURVE('',#6104,#6081,#6122,.T.);
#6122 = CIRCLE('',#6123,190.5520006288);
#6123 = AXIS2_PLACEMENT_3D('',#6124,#6125,#6126);
#6124 = CARTESIAN_POINT('',(0.,0.,0.));
#6125 = DIRECTION('',(0.,-1.,0.));
#6126 = DIRECTION('',(1.,0.,0.));
#6127 = CYLINDRICAL_SURFACE('',#6128,190.5520006288);
#6128 = AXIS2_PLACEMENT_3D('',#6129,#6130,#6131);
#6129 = CARTESIAN_POINT('',(-0.,-0.,-0.));
#6130 = DIRECTION('',(0.,1.,-2.2E-16));
#6131 = DIRECTION('',(1.,0.,0.));
#6132 = ADVANCED_FACE('',(#6133),#6160,.F.);
#6133 = FACE_BOUND('',#6134,.T.);
#6134 = EDGE_LOOP('',(#6135,#6136,#6145,#6153));
#6135 = ORIENTED_EDGE('',*,*,#6103,.T.);
#6136 = ORIENTED_EDGE('',*,*,#6137,.T.);
#6137 = EDGE_CURVE('',#6106,#6138,#6140,.T.);
#6138 = VERTEX_POINT('',#6139);
#6139 = CARTESIAN_POINT('',(144.5850694281,-85.,-156.531117237));
#6140 = CIRCLE('',#6141,17.);
#6141 = AXIS2_PLACEMENT_3D('',#6142,#6143,#6144);
#6142 = CARTESIAN_POINT('',(152.06100983521,-85.,-141.2631666532));
#6143 = DIRECTION('',(0.,-1.,0.));
#6144 = DIRECTION('',(1.,0.,0.));
#6145 = ORIENTED_EDGE('',*,*,#6146,.F.);
#6146 = EDGE_CURVE('',#6147,#6138,#6149,.T.);
#6147 = VERTEX_POINT('',#6148);
#6148 = CARTESIAN_POINT('',(144.5850694281,-3.5E-14,-156.531117237));
#6149 = LINE('',#6150,#6151);
#6150 = CARTESIAN_POINT('',(144.5850694281,-3.476E-14,-156.531117237));
#6151 = VECTOR('',#6152,1.);
#6152 = DIRECTION('',(0.,-1.,2.2E-16));
#6153 = ORIENTED_EDGE('',*,*,#6154,.F.);
#6154 = EDGE_CURVE('',#6104,#6147,#6155,.T.);
#6155 = CIRCLE('',#6156,17.);
#6156 = AXIS2_PLACEMENT_3D('',#6157,#6158,#6159);
#6157 = CARTESIAN_POINT('',(152.06100983521,0.,-141.2631666532));
#6158 = DIRECTION('',(0.,-1.,0.));
#6159 = DIRECTION('',(1.,0.,0.));
#6160 = CYLINDRICAL_SURFACE('',#6161,17.);
#6161 = AXIS2_PLACEMENT_3D('',#6162,#6163,#6164);
#6162 = CARTESIAN_POINT('',(152.06100983521,-3.137E-14,-141.2631666532)
  );
#6163 = DIRECTION('',(0.,1.,-2.2E-16));
#6164 = DIRECTION('',(1.,0.,0.));
#6165 = ADVANCED_FACE('',(#6166),#6182,.F.);
#6166 = FACE_BOUND('',#6167,.F.);
#6167 = EDGE_LOOP('',(#6168,#6169,#6175,#6176));
#6168 = ORIENTED_EDGE('',*,*,#5565,.T.);
#6169 = ORIENTED_EDGE('',*,*,#6170,.T.);
#6170 = EDGE_CURVE('',#5558,#6138,#6171,.T.);
#6171 = LINE('',#6172,#6173);
#6172 = CARTESIAN_POINT('',(431.98178629961,-85.,-297.2547013709));
#6173 = VECTOR('',#6174,1.);
#6174 = DIRECTION('',(-0.898114740223,0.,0.439761200418));
#6175 = ORIENTED_EDGE('',*,*,#6146,.F.);
#6176 = ORIENTED_EDGE('',*,*,#6177,.F.);
#6177 = EDGE_CURVE('',#5566,#6147,#6178,.T.);
#6178 = LINE('',#6179,#6180);
#6179 = CARTESIAN_POINT('',(431.98178629961,0.,-297.2547013709));
#6180 = VECTOR('',#6181,1.);
#6181 = DIRECTION('',(-0.898114740223,0.,0.439761200418));
#6182 = PLANE('',#6183);
#6183 = AXIS2_PLACEMENT_3D('',#6184,#6185,#6186);
#6184 = CARTESIAN_POINT('',(431.98178629961,-6.6E-14,-297.2547013709));
#6185 = DIRECTION('',(-0.439761200418,-2.E-16,-0.898114740223));
#6186 = DIRECTION('',(-0.898114740223,1.E-16,0.439761200418));
#6187 = ADVANCED_FACE('',(#6188),#6210,.T.);
#6188 = FACE_BOUND('',#6189,.T.);
#6189 = EDGE_LOOP('',(#6190,#6191,#6192,#6193,#6194,#6195,#6196,#6197,
    #6198,#6199,#6200,#6201,#6202,#6203,#6204,#6205,#6206,#6207,#6208,
    #6209));
#6190 = ORIENTED_EDGE('',*,*,#5573,.F.);
#6191 = ORIENTED_EDGE('',*,*,#5604,.T.);
#6192 = ORIENTED_EDGE('',*,*,#5636,.F.);
#6193 = ORIENTED_EDGE('',*,*,#5669,.T.);
#6194 = ORIENTED_EDGE('',*,*,#5702,.F.);
#6195 = ORIENTED_EDGE('',*,*,#5734,.T.);
#6196 = ORIENTED_EDGE('',*,*,#5766,.F.);
#6197 = ORIENTED_EDGE('',*,*,#5799,.T.);
#6198 = ORIENTED_EDGE('',*,*,#5832,.F.);
#6199 = ORIENTED_EDGE('',*,*,#5864,.F.);
#6200 = ORIENTED_EDGE('',*,*,#5895,.F.);
#6201 = ORIENTED_EDGE('',*,*,#5926,.T.);
#6202 = ORIENTED_EDGE('',*,*,#5958,.T.);
#6203 = ORIENTED_EDGE('',*,*,#5991,.F.);
#6204 = ORIENTED_EDGE('',*,*,#6024,.T.);
#6205 = ORIENTED_EDGE('',*,*,#6056,.F.);
#6206 = ORIENTED_EDGE('',*,*,#6088,.T.);
#6207 = ORIENTED_EDGE('',*,*,#6121,.F.);
#6208 = ORIENTED_EDGE('',*,*,#6154,.T.);
#6209 = ORIENTED_EDGE('',*,*,#6177,.F.);
#6210 = PLANE('',#6211);
#6211 = AXIS2_PLACEMENT_3D('',#6212,#6213,#6214);
#6212 = CARTESIAN_POINT('',(890.47534265284,-3.15E-14,-141.8839574452));
#6213 = DIRECTION('',(0.,1.,0.));
#6214 = DIRECTION('',(0.,0.,1.));
#6215 = ADVANCED_FACE('',(#6216),#6238,.F.);
#6216 = FACE_BOUND('',#6217,.F.);
#6217 = EDGE_LOOP('',(#6218,#6219,#6220,#6221,#6222,#6223,#6224,#6225,
    #6226,#6227,#6228,#6229,#6230,#6231,#6232,#6233,#6234,#6235,#6236,
    #6237));
#6218 = ORIENTED_EDGE('',*,*,#5557,.F.);
#6219 = ORIENTED_EDGE('',*,*,#5588,.T.);
#6220 = ORIENTED_EDGE('',*,*,#5628,.F.);
#6221 = ORIENTED_EDGE('',*,*,#5652,.T.);
#6222 = ORIENTED_EDGE('',*,*,#5694,.F.);
#6223 = ORIENTED_EDGE('',*,*,#5718,.T.);
#6224 = ORIENTED_EDGE('',*,*,#5758,.F.);
#6225 = ORIENTED_EDGE('',*,*,#5782,.T.);
#6226 = ORIENTED_EDGE('',*,*,#5824,.F.);
#6227 = ORIENTED_EDGE('',*,*,#5857,.F.);
#6228 = ORIENTED_EDGE('',*,*,#5888,.F.);
#6229 = ORIENTED_EDGE('',*,*,#5910,.T.);
#6230 = ORIENTED_EDGE('',*,*,#5941,.T.);
#6231 = ORIENTED_EDGE('',*,*,#5983,.F.);
#6232 = ORIENTED_EDGE('',*,*,#6007,.T.);
#6233 = ORIENTED_EDGE('',*,*,#6049,.F.);
#6234 = ORIENTED_EDGE('',*,*,#6071,.T.);
#6235 = ORIENTED_EDGE('',*,*,#6113,.F.);
#6236 = ORIENTED_EDGE('',*,*,#6137,.T.);
#6237 = ORIENTED_EDGE('',*,*,#6170,.F.);
#6238 = PLANE('',#6239);
#6239 = AXIS2_PLACEMENT_3D('',#6240,#6241,#6242);
#6240 = CARTESIAN_POINT('',(890.47534265284,-85.,-141.8839574452));
#6241 = DIRECTION('',(0.,1.,0.));
#6242 = DIRECTION('',(0.,0.,1.));
#6243 = ( GEOMETRIC_REPRESENTATION_CONTEXT(3) 
GLOBAL_UNCERTAINTY_ASSIGNED_CONTEXT((#6247)) 
GLOBAL_UNIT_ASSIGNED_CONTEXT((#6244,#6245,#6246)) REPRESENTATION_CONTEXT
('Context #1','3D Context with UNIT and UNCERTAINTY') );
#6244 = ( LENGTH_UNIT() NAMED_UNIT(*) SI_UNIT(.MILLI.,.METRE.) );
#6245 = ( NAMED_UNIT(*) PLANE_ANGLE_UNIT() SI_UNIT($,.RADIAN.) );
#6246 = ( NAMED_UNIT(*) SI_UNIT($,.STERADIAN.) SOLID_ANGLE_UNIT() );
#6247 = UNCERTAINTY_MEASURE_WITH_UNIT(LENGTH_MEASURE(1.E-07),#6244,
  'distance_accuracy_value','confusion accuracy');
#6248 = CONTEXT_DEPENDENT_SHAPE_REPRESENTATION(#6249,#6251);
#6249 = ( REPRESENTATION_RELATIONSHIP('','',#5540,#4380) 
REPRESENTATION_RELATIONSHIP_WITH_TRANSFORMATION(#6250) 
SHAPE_REPRESENTATION_RELATIONSHIP() );
#6250 = ITEM_DEFINED_TRANSFORMATION('','',#11,#4385);
#6251 = PRODUCT_DEFINITION_SHAPE('Placement','Placement of an item',
  #6252);
#6252 = NEXT_ASSEMBLY_USAGE_OCCURRENCE('23','Body018','',#4375,#5535,$);
#6253 = CC_DESIGN_SECURITY_CLASSIFICATION(#6254,(#6252));
#6254 = SECURITY_CLASSIFICATION('','',#47);
#6255 = CC_DESIGN_PERSON_AND_ORGANIZATION_ASSIGNMENT(#36,#45,(#6254));
#6256 = CC_DESIGN_DATE_AND_TIME_ASSIGNMENT(#50,#56,(#6254));
#6257 = CC_DESIGN_APPROVAL(#58,(#6254));
#6258 = PRODUCT_RELATED_PRODUCT_CATEGORY('detail',$,(#5537));
#6259 = PRODUCT_CATEGORY_RELATIONSHIP('','',#6260,#6258);
#6260 = PRODUCT_CATEGORY('part',$);
#6261 = CC_DESIGN_PERSON_AND_ORGANIZATION_ASSIGNMENT(#36,#39,(#5536,
    #5535));
#6262 = CC_DESIGN_PERSON_AND_ORGANIZATION_ASSIGNMENT(#36,#41,(#5537));
#6263 = CC_DESIGN_PERSON_AND_ORGANIZATION_ASSIGNMENT(#36,#43,(#5536));
#6264 = CC_DESIGN_PERSON_AND_ORGANIZATION_ASSIGNMENT(#36,#45,(#6265));
#6265 = SECURITY_CLASSIFICATION('','',#47);
#6266 = CC_DESIGN_SECURITY_CLASSIFICATION(#6265,(#5536));
#6267 = CC_DESIGN_DATE_AND_TIME_ASSIGNMENT(#50,#54,(#5535));
#6268 = CC_DESIGN_DATE_AND_TIME_ASSIGNMENT(#50,#56,(#6265));
#6269 = CC_DESIGN_APPROVAL(#58,(#5536,#5535,#6265));
#6270 = SHAPE_DEFINITION_REPRESENTATION(#6271,#6277);
#6271 = PRODUCT_DEFINITION_SHAPE('','',#6272);
#6272 = PRODUCT_DEFINITION('design','',#6273,#6276);
#6273 = PRODUCT_DEFINITION_FORMATION_WITH_SPECIFIED_SOURCE('','',#6274,
  .NOT_KNOWN.);
#6274 = PRODUCT('Body','Body','',(#6275));
#6275 = MECHANICAL_CONTEXT('',#2,'mechanical');
#6276 = DESIGN_CONTEXT('',#2,'design');
#6277 = ADVANCED_BREP_SHAPE_REPRESENTATION('',(#11,#6278),#7461);
#6278 = MANIFOLD_SOLID_BREP('',#6279);
#6279 = CLOSED_SHELL('',(#6280,#6322,#6353,#6386,#6417,#6450,#6481,#6514
    ,#6545,#6576,#6609,#6640,#6671,#6702,#6733,#6764,#6797,#6828,#6861,
    #6892,#6925,#6956,#6987,#7009,#7042,#7075,#7108,#7141,#7174,#7207,
    #7240,#7273,#7306,#7339,#7400));
#6280 = ADVANCED_FACE('',(#6281),#6317,.T.);
#6281 = FACE_BOUND('',#6282,.F.);
#6282 = EDGE_LOOP('',(#6283,#6293,#6302,#6310));
#6283 = ORIENTED_EDGE('',*,*,#6284,.T.);
#6284 = EDGE_CURVE('',#6285,#6287,#6289,.T.);
#6285 = VERTEX_POINT('',#6286);
#6286 = CARTESIAN_POINT('',(130.,0.,0.));
#6287 = VERTEX_POINT('',#6288);
#6288 = CARTESIAN_POINT('',(130.,-15.,3.E-15));
#6289 = LINE('',#6290,#6291);
#6290 = CARTESIAN_POINT('',(130.,0.,0.));
#6291 = VECTOR('',#6292,1.);
#6292 = DIRECTION('',(0.,-1.,2.2E-16));
#6293 = ORIENTED_EDGE('',*,*,#6294,.T.);
#6294 = EDGE_CURVE('',#6287,#6295,#6297,.T.);
#6295 = VERTEX_POINT('',#6296);
#6296 = CARTESIAN_POINT('',(50.,-15.,120.));
#6297 = CIRCLE('',#6298,130.);
#6298 = AXIS2_PLACEMENT_3D('',#6299,#6300,#6301);
#6299 = CARTESIAN_POINT('',(0.,-15.,3.E-15));
#6300 = DIRECTION('',(0.,-1.,0.));
#6301 = DIRECTION('',(1.,0.,0.));
#6302 = ORIENTED_EDGE('',*,*,#6303,.F.);
#6303 = EDGE_CURVE('',#6304,#6295,#6306,.T.);
#6304 = VERTEX_POINT('',#6305);
#6305 = CARTESIAN_POINT('',(50.,2.7E-14,120.));
#6306 = LINE('',#6307,#6308);
#6307 = CARTESIAN_POINT('',(50.,2.665E-14,120.));
#6308 = VECTOR('',#6309,1.);
#6309 = DIRECTION('',(0.,-1.,2.2E-16));
#6310 = ORIENTED_EDGE('',*,*,#6311,.F.);
#6311 = EDGE_CURVE('',#6285,#6304,#6312,.T.);
#6312 = CIRCLE('',#6313,130.);
#6313 = AXIS2_PLACEMENT_3D('',#6314,#6315,#6316);
#6314 = CARTESIAN_POINT('',(0.,0.,0.));
#6315 = DIRECTION('',(0.,-1.,0.));
#6316 = DIRECTION('',(1.,0.,0.));
#6317 = CYLINDRICAL_SURFACE('',#6318,130.);
#6318 = AXIS2_PLACEMENT_3D('',#6319,#6320,#6321);
#6319 = CARTESIAN_POINT('',(0.,0.,0.));
#6320 = DIRECTION('',(0.,1.,-2.2E-16));
#6321 = DIRECTION('',(1.,0.,0.));
#6322 = ADVANCED_FACE('',(#6323),#6348,.F.);
#6323 = FACE_BOUND('',#6324,.F.);
#6324 = EDGE_LOOP('',(#6325,#6326,#6334,#6342));
#6325 = ORIENTED_EDGE('',*,*,#6303,.T.);
#6326 = ORIENTED_EDGE('',*,*,#6327,.T.);
#6327 = EDGE_CURVE('',#6295,#6328,#6330,.T.);
#6328 = VERTEX_POINT('',#6329);
#6329 = CARTESIAN_POINT('',(14.553199522244,-15.,201.34192468149));
#6330 = LINE('',#6331,#6332);
#6331 = CARTESIAN_POINT('',(50.,-15.,120.));
#6332 = VECTOR('',#6333,1.);
#6333 = DIRECTION('',(-0.399491318519,0.,0.916736977779));
#6334 = ORIENTED_EDGE('',*,*,#6335,.F.);
#6335 = EDGE_CURVE('',#6336,#6328,#6338,.T.);
#6336 = VERTEX_POINT('',#6337);
#6337 = CARTESIAN_POINT('',(14.553199522244,4.5E-14,201.34192468149));
#6338 = LINE('',#6339,#6340);
#6339 = CARTESIAN_POINT('',(14.553199522244,4.471E-14,201.34192468149));
#6340 = VECTOR('',#6341,1.);
#6341 = DIRECTION('',(0.,-1.,2.2E-16));
#6342 = ORIENTED_EDGE('',*,*,#6343,.F.);
#6343 = EDGE_CURVE('',#6304,#6336,#6344,.T.);
#6344 = LINE('',#6345,#6346);
#6345 = CARTESIAN_POINT('',(50.,0.,120.));
#6346 = VECTOR('',#6347,1.);
#6347 = DIRECTION('',(-0.399491318519,0.,0.916736977779));
#6348 = PLANE('',#6349);
#6349 = AXIS2_PLACEMENT_3D('',#6350,#6351,#6352);
#6350 = CARTESIAN_POINT('',(50.,2.665E-14,120.));
#6351 = DIRECTION('',(-0.916736977779,-9.E-17,-0.399491318519));
#6352 = DIRECTION('',(-0.399491318519,2.E-16,0.916736977779));
#6353 = ADVANCED_FACE('',(#6354),#6381,.T.);
#6354 = FACE_BOUND('',#6355,.F.);
#6355 = EDGE_LOOP('',(#6356,#6357,#6366,#6374));
#6356 = ORIENTED_EDGE('',*,*,#6335,.T.);
#6357 = ORIENTED_EDGE('',*,*,#6358,.T.);
#6358 = EDGE_CURVE('',#6328,#6359,#6361,.T.);
#6359 = VERTEX_POINT('',#6360);
#6360 = CARTESIAN_POINT('',(-14.55319952224,-15.,201.34192468149));
#6361 = CIRCLE('',#6362,15.875);
#6362 = AXIS2_PLACEMENT_3D('',#6363,#6364,#6365);
#6363 = CARTESIAN_POINT('',(0.,-15.,195.));
#6364 = DIRECTION('',(0.,-1.,0.));
#6365 = DIRECTION('',(1.,0.,0.));
#6366 = ORIENTED_EDGE('',*,*,#6367,.F.);
#6367 = EDGE_CURVE('',#6368,#6359,#6370,.T.);
#6368 = VERTEX_POINT('',#6369);
#6369 = CARTESIAN_POINT('',(-14.55319952224,4.5E-14,201.34192468149));
#6370 = LINE('',#6371,#6372);
#6371 = CARTESIAN_POINT('',(-14.55319952224,4.471E-14,201.34192468149));
#6372 = VECTOR('',#6373,1.);
#6373 = DIRECTION('',(0.,-1.,2.2E-16));
#6374 = ORIENTED_EDGE('',*,*,#6375,.F.);
#6375 = EDGE_CURVE('',#6336,#6368,#6376,.T.);
#6376 = CIRCLE('',#6377,15.875);
#6377 = AXIS2_PLACEMENT_3D('',#6378,#6379,#6380);
#6378 = CARTESIAN_POINT('',(0.,0.,195.));
#6379 = DIRECTION('',(0.,-1.,0.));
#6380 = DIRECTION('',(1.,0.,0.));
#6381 = CYLINDRICAL_SURFACE('',#6382,15.875);
#6382 = AXIS2_PLACEMENT_3D('',#6383,#6384,#6385);
#6383 = CARTESIAN_POINT('',(0.,4.33E-14,195.));
#6384 = DIRECTION('',(0.,1.,-2.2E-16));
#6385 = DIRECTION('',(1.,0.,0.));
#6386 = ADVANCED_FACE('',(#6387),#6412,.T.);
#6387 = FACE_BOUND('',#6388,.T.);
#6388 = EDGE_LOOP('',(#6389,#6399,#6405,#6406));
#6389 = ORIENTED_EDGE('',*,*,#6390,.T.);
#6390 = EDGE_CURVE('',#6391,#6393,#6395,.T.);
#6391 = VERTEX_POINT('',#6392);
#6392 = CARTESIAN_POINT('',(-50.,2.7E-14,120.));
#6393 = VERTEX_POINT('',#6394);
#6394 = CARTESIAN_POINT('',(-50.,-15.,120.));
#6395 = LINE('',#6396,#6397);
#6396 = CARTESIAN_POINT('',(-50.,2.665E-14,120.));
#6397 = VECTOR('',#6398,1.);
#6398 = DIRECTION('',(0.,-1.,2.2E-16));
#6399 = ORIENTED_EDGE('',*,*,#6400,.T.);
#6400 = EDGE_CURVE('',#6393,#6359,#6401,.T.);
#6401 = LINE('',#6402,#6403);
#6402 = CARTESIAN_POINT('',(-50.,-15.,120.));
#6403 = VECTOR('',#6404,1.);
#6404 = DIRECTION('',(0.399491318519,0.,0.916736977779));
#6405 = ORIENTED_EDGE('',*,*,#6367,.F.);
#6406 = ORIENTED_EDGE('',*,*,#6407,.F.);
#6407 = EDGE_CURVE('',#6391,#6368,#6408,.T.);
#6408 = LINE('',#6409,#6410);
#6409 = CARTESIAN_POINT('',(-50.,0.,120.));
#6410 = VECTOR('',#6411,1.);
#6411 = DIRECTION('',(0.399491318519,0.,0.916736977779));
#6412 = PLANE('',#6413);
#6413 = AXIS2_PLACEMENT_3D('',#6414,#6415,#6416);
#6414 = CARTESIAN_POINT('',(-50.,2.665E-14,120.));
#6415 = DIRECTION('',(-0.916736977779,9.E-17,0.399491318519));
#6416 = DIRECTION('',(0.399491318519,2.E-16,0.916736977779));
#6417 = ADVANCED_FACE('',(#6418),#6445,.T.);
#6418 = FACE_BOUND('',#6419,.F.);
#6419 = EDGE_LOOP('',(#6420,#6421,#6430,#6438));
#6420 = ORIENTED_EDGE('',*,*,#6390,.T.);
#6421 = ORIENTED_EDGE('',*,*,#6422,.T.);
#6422 = EDGE_CURVE('',#6393,#6423,#6425,.T.);
#6423 = VERTEX_POINT('',#6424);
#6424 = CARTESIAN_POINT('',(-120.,-15.,50.));
#6425 = CIRCLE('',#6426,130.);
#6426 = AXIS2_PLACEMENT_3D('',#6427,#6428,#6429);
#6427 = CARTESIAN_POINT('',(0.,-15.,3.E-15));
#6428 = DIRECTION('',(0.,-1.,0.));
#6429 = DIRECTION('',(1.,0.,0.));
#6430 = ORIENTED_EDGE('',*,*,#6431,.F.);
#6431 = EDGE_CURVE('',#6432,#6423,#6434,.T.);
#6432 = VERTEX_POINT('',#6433);
#6433 = CARTESIAN_POINT('',(-120.,1.1E-14,50.));
#6434 = LINE('',#6435,#6436);
#6435 = CARTESIAN_POINT('',(-120.,1.11E-14,50.));
#6436 = VECTOR('',#6437,1.);
#6437 = DIRECTION('',(0.,-1.,2.2E-16));
#6438 = ORIENTED_EDGE('',*,*,#6439,.F.);
#6439 = EDGE_CURVE('',#6391,#6432,#6440,.T.);
#6440 = CIRCLE('',#6441,130.);
#6441 = AXIS2_PLACEMENT_3D('',#6442,#6443,#6444);
#6442 = CARTESIAN_POINT('',(0.,0.,0.));
#6443 = DIRECTION('',(0.,-1.,0.));
#6444 = DIRECTION('',(1.,0.,0.));
#6445 = CYLINDRICAL_SURFACE('',#6446,130.);
#6446 = AXIS2_PLACEMENT_3D('',#6447,#6448,#6449);
#6447 = CARTESIAN_POINT('',(0.,0.,0.));
#6448 = DIRECTION('',(0.,1.,-2.2E-16));
#6449 = DIRECTION('',(1.,0.,0.));
#6450 = ADVANCED_FACE('',(#6451),#6476,.F.);
#6451 = FACE_BOUND('',#6452,.F.);
#6452 = EDGE_LOOP('',(#6453,#6454,#6462,#6470));
#6453 = ORIENTED_EDGE('',*,*,#6431,.T.);
#6454 = ORIENTED_EDGE('',*,*,#6455,.T.);
#6455 = EDGE_CURVE('',#6423,#6456,#6458,.T.);
#6456 = VERTEX_POINT('',#6457);
#6457 = CARTESIAN_POINT('',(-201.3419246814,-15.,14.553199522244));
#6458 = LINE('',#6459,#6460);
#6459 = CARTESIAN_POINT('',(-120.,-15.,50.));
#6460 = VECTOR('',#6461,1.);
#6461 = DIRECTION('',(-0.916736977779,-0.,-0.399491318519));
#6462 = ORIENTED_EDGE('',*,*,#6463,.F.);
#6463 = EDGE_CURVE('',#6464,#6456,#6466,.T.);
#6464 = VERTEX_POINT('',#6465);
#6465 = CARTESIAN_POINT('',(-201.3419246814,3.E-15,14.553199522244));
#6466 = LINE('',#6467,#6468);
#6467 = CARTESIAN_POINT('',(-201.3419246814,3.23E-15,14.553199522244));
#6468 = VECTOR('',#6469,1.);
#6469 = DIRECTION('',(0.,-1.,2.2E-16));
#6470 = ORIENTED_EDGE('',*,*,#6471,.F.);
#6471 = EDGE_CURVE('',#6432,#6464,#6472,.T.);
#6472 = LINE('',#6473,#6474);
#6473 = CARTESIAN_POINT('',(-120.,0.,50.));
#6474 = VECTOR('',#6475,1.);
#6475 = DIRECTION('',(-0.916736977779,-0.,-0.399491318519));
#6476 = PLANE('',#6477);
#6477 = AXIS2_PLACEMENT_3D('',#6478,#6479,#6480);
#6478 = CARTESIAN_POINT('',(-120.,1.11E-14,50.));
#6479 = DIRECTION('',(0.399491318519,-2.E-16,-0.916736977779));
#6480 = DIRECTION('',(-0.916736977779,-9.E-17,-0.399491318519));
#6481 = ADVANCED_FACE('',(#6482),#6509,.T.);
#6482 = FACE_BOUND('',#6483,.F.);
#6483 = EDGE_LOOP('',(#6484,#6485,#6494,#6502));
#6484 = ORIENTED_EDGE('',*,*,#6463,.T.);
#6485 = ORIENTED_EDGE('',*,*,#6486,.T.);
#6486 = EDGE_CURVE('',#6456,#6487,#6489,.T.);
#6487 = VERTEX_POINT('',#6488);
#6488 = CARTESIAN_POINT('',(-201.3419246814,-15.,-14.55319952224));
#6489 = CIRCLE('',#6490,15.875);
#6490 = AXIS2_PLACEMENT_3D('',#6491,#6492,#6493);
#6491 = CARTESIAN_POINT('',(-195.,-15.,3.E-15));
#6492 = DIRECTION('',(0.,-1.,0.));
#6493 = DIRECTION('',(1.,0.,0.));
#6494 = ORIENTED_EDGE('',*,*,#6495,.F.);
#6495 = EDGE_CURVE('',#6496,#6487,#6498,.T.);
#6496 = VERTEX_POINT('',#6497);
#6497 = CARTESIAN_POINT('',(-201.3419246814,-3.E-15,-14.55319952224));
#6498 = LINE('',#6499,#6500);
#6499 = CARTESIAN_POINT('',(-201.3419246814,-3.23E-15,-14.55319952224));
#6500 = VECTOR('',#6501,1.);
#6501 = DIRECTION('',(0.,-1.,2.2E-16));
#6502 = ORIENTED_EDGE('',*,*,#6503,.F.);
#6503 = EDGE_CURVE('',#6464,#6496,#6504,.T.);
#6504 = CIRCLE('',#6505,15.875);
#6505 = AXIS2_PLACEMENT_3D('',#6506,#6507,#6508);
#6506 = CARTESIAN_POINT('',(-195.,0.,0.));
#6507 = DIRECTION('',(0.,-1.,0.));
#6508 = DIRECTION('',(1.,0.,0.));
#6509 = CYLINDRICAL_SURFACE('',#6510,15.875);
#6510 = AXIS2_PLACEMENT_3D('',#6511,#6512,#6513);
#6511 = CARTESIAN_POINT('',(-195.,0.,0.));
#6512 = DIRECTION('',(0.,1.,-2.2E-16));
#6513 = DIRECTION('',(1.,0.,0.));
#6514 = ADVANCED_FACE('',(#6515),#6540,.T.);
#6515 = FACE_BOUND('',#6516,.T.);
#6516 = EDGE_LOOP('',(#6517,#6527,#6533,#6534));
#6517 = ORIENTED_EDGE('',*,*,#6518,.T.);
#6518 = EDGE_CURVE('',#6519,#6521,#6523,.T.);
#6519 = VERTEX_POINT('',#6520);
#6520 = CARTESIAN_POINT('',(-120.,-1.1E-14,-50.));
#6521 = VERTEX_POINT('',#6522);
#6522 = CARTESIAN_POINT('',(-120.,-15.,-50.));
#6523 = LINE('',#6524,#6525);
#6524 = CARTESIAN_POINT('',(-120.,-1.11E-14,-50.));
#6525 = VECTOR('',#6526,1.);
#6526 = DIRECTION('',(0.,-1.,2.2E-16));
#6527 = ORIENTED_EDGE('',*,*,#6528,.T.);
#6528 = EDGE_CURVE('',#6521,#6487,#6529,.T.);
#6529 = LINE('',#6530,#6531);
#6530 = CARTESIAN_POINT('',(-120.,-15.,-50.));
#6531 = VECTOR('',#6532,1.);
#6532 = DIRECTION('',(-0.916736977779,0.,0.399491318519));
#6533 = ORIENTED_EDGE('',*,*,#6495,.F.);
#6534 = ORIENTED_EDGE('',*,*,#6535,.F.);
#6535 = EDGE_CURVE('',#6519,#6496,#6536,.T.);
#6536 = LINE('',#6537,#6538);
#6537 = CARTESIAN_POINT('',(-120.,0.,-50.));
#6538 = VECTOR('',#6539,1.);
#6539 = DIRECTION('',(-0.916736977779,0.,0.399491318519));
#6540 = PLANE('',#6541);
#6541 = AXIS2_PLACEMENT_3D('',#6542,#6543,#6544);
#6542 = CARTESIAN_POINT('',(-120.,-1.11E-14,-50.));
#6543 = DIRECTION('',(-0.399491318519,-2.E-16,-0.916736977779));
#6544 = DIRECTION('',(-0.916736977779,9.E-17,0.399491318519));
#6545 = ADVANCED_FACE('',(#6546),#6571,.F.);
#6546 = FACE_BOUND('',#6547,.F.);
#6547 = EDGE_LOOP('',(#6548,#6549,#6557,#6565));
#6548 = ORIENTED_EDGE('',*,*,#6518,.T.);
#6549 = ORIENTED_EDGE('',*,*,#6550,.T.);
#6550 = EDGE_CURVE('',#6521,#6551,#6553,.T.);
#6551 = VERTEX_POINT('',#6552);
#6552 = CARTESIAN_POINT('',(-89.62836259627,-15.,-383.1704723432));
#6553 = LINE('',#6554,#6555);
#6554 = CARTESIAN_POINT('',(-120.,-15.,-50.));
#6555 = VECTOR('',#6556,1.);
#6556 = DIRECTION('',(9.078302603598E-02,0.,-0.995870695514));
#6557 = ORIENTED_EDGE('',*,*,#6558,.F.);
#6558 = EDGE_CURVE('',#6559,#6551,#6561,.T.);
#6559 = VERTEX_POINT('',#6560);
#6560 = CARTESIAN_POINT('',(-89.62836259627,-8.5E-14,-383.1704723432));
#6561 = LINE('',#6562,#6563);
#6562 = CARTESIAN_POINT('',(-89.62836259627,-8.508E-14,-383.1704723432)
  );
#6563 = VECTOR('',#6564,1.);
#6564 = DIRECTION('',(0.,-1.,2.2E-16));
#6565 = ORIENTED_EDGE('',*,*,#6566,.F.);
#6566 = EDGE_CURVE('',#6519,#6559,#6567,.T.);
#6567 = LINE('',#6568,#6569);
#6568 = CARTESIAN_POINT('',(-120.,0.,-50.));
#6569 = VECTOR('',#6570,1.);
#6570 = DIRECTION('',(9.078302603598E-02,0.,-0.995870695514));
#6571 = PLANE('',#6572);
#6572 = AXIS2_PLACEMENT_3D('',#6573,#6574,#6575);
#6573 = CARTESIAN_POINT('',(-120.,-1.11E-14,-50.));
#6574 = DIRECTION('',(0.995870695514,2.E-17,9.078302603598E-02));
#6575 = DIRECTION('',(9.078302603598E-02,-2.2E-16,-0.995870695514));
#6576 = ADVANCED_FACE('',(#6577),#6604,.T.);
#6577 = FACE_BOUND('',#6578,.F.);
#6578 = EDGE_LOOP('',(#6579,#6580,#6589,#6597));
#6579 = ORIENTED_EDGE('',*,*,#6558,.T.);
#6580 = ORIENTED_EDGE('',*,*,#6581,.T.);
#6581 = EDGE_CURVE('',#6551,#6582,#6584,.T.);
#6582 = VERTEX_POINT('',#6583);
#6583 = CARTESIAN_POINT('',(85.978382996081,-15.,-401.6029633195));
#6584 = CIRCLE('',#6585,90.);
#6585 = AXIS2_PLACEMENT_3D('',#6586,#6587,#6588);
#6586 = CARTESIAN_POINT('',(0.,-15.,-375.));
#6587 = DIRECTION('',(0.,-1.,0.));
#6588 = DIRECTION('',(1.,0.,0.));
#6589 = ORIENTED_EDGE('',*,*,#6590,.F.);
#6590 = EDGE_CURVE('',#6591,#6582,#6593,.T.);
#6591 = VERTEX_POINT('',#6592);
#6592 = CARTESIAN_POINT('',(85.978382996081,-8.9E-14,-401.6029633195));
#6593 = LINE('',#6594,#6595);
#6594 = CARTESIAN_POINT('',(85.978382996081,-8.917E-14,-401.6029633195)
  );
#6595 = VECTOR('',#6596,1.);
#6596 = DIRECTION('',(0.,-1.,2.2E-16));
#6597 = ORIENTED_EDGE('',*,*,#6598,.F.);
#6598 = EDGE_CURVE('',#6559,#6591,#6599,.T.);
#6599 = CIRCLE('',#6600,90.);
#6600 = AXIS2_PLACEMENT_3D('',#6601,#6602,#6603);
#6601 = CARTESIAN_POINT('',(0.,0.,-375.));
#6602 = DIRECTION('',(0.,-1.,0.));
#6603 = DIRECTION('',(1.,0.,0.));
#6604 = CYLINDRICAL_SURFACE('',#6605,90.);
#6605 = AXIS2_PLACEMENT_3D('',#6606,#6607,#6608);
#6606 = CARTESIAN_POINT('',(0.,-8.327E-14,-375.));
#6607 = DIRECTION('',(0.,1.,-2.2E-16));
#6608 = DIRECTION('',(1.,0.,0.));
#6609 = ADVANCED_FACE('',(#6610),#6635,.T.);
#6610 = FACE_BOUND('',#6611,.T.);
#6611 = EDGE_LOOP('',(#6612,#6622,#6628,#6629));
#6612 = ORIENTED_EDGE('',*,*,#6613,.T.);
#6613 = EDGE_CURVE('',#6614,#6616,#6618,.T.);
#6614 = VERTEX_POINT('',#6615);
#6615 = CARTESIAN_POINT('',(145.,-4.7E-14,-210.8504095207));
#6616 = VERTEX_POINT('',#6617);
#6617 = CARTESIAN_POINT('',(145.,-15.,-210.8504095207));
#6618 = LINE('',#6619,#6620);
#6619 = CARTESIAN_POINT('',(145.,-4.682E-14,-210.8504095207));
#6620 = VECTOR('',#6621,1.);
#6621 = DIRECTION('',(0.,-1.,2.2E-16));
#6622 = ORIENTED_EDGE('',*,*,#6623,.T.);
#6623 = EDGE_CURVE('',#6616,#6582,#6624,.T.);
#6624 = LINE('',#6625,#6626);
#6625 = CARTESIAN_POINT('',(145.,-15.,-210.8504095207));
#6626 = VECTOR('',#6627,1.);
#6627 = DIRECTION('',(-0.295588481328,-0.,-0.955315366623));
#6628 = ORIENTED_EDGE('',*,*,#6590,.F.);
#6629 = ORIENTED_EDGE('',*,*,#6630,.F.);
#6630 = EDGE_CURVE('',#6614,#6591,#6631,.T.);
#6631 = LINE('',#6632,#6633);
#6632 = CARTESIAN_POINT('',(145.,0.,-210.8504095207));
#6633 = VECTOR('',#6634,1.);
#6634 = DIRECTION('',(-0.295588481328,-0.,-0.955315366623));
#6635 = PLANE('',#6636);
#6636 = AXIS2_PLACEMENT_3D('',#6637,#6638,#6639);
#6637 = CARTESIAN_POINT('',(145.,-4.682E-14,-210.8504095207));
#6638 = DIRECTION('',(0.955315366623,-7.E-17,-0.295588481328));
#6639 = DIRECTION('',(-0.295588481328,-2.1E-16,-0.955315366623));
#6640 = ADVANCED_FACE('',(#6641),#6666,.T.);
#6641 = FACE_BOUND('',#6642,.T.);
#6642 = EDGE_LOOP('',(#6643,#6653,#6659,#6660));
#6643 = ORIENTED_EDGE('',*,*,#6644,.T.);
#6644 = EDGE_CURVE('',#6645,#6647,#6649,.T.);
#6645 = VERTEX_POINT('',#6646);
#6646 = CARTESIAN_POINT('',(430.30760107742,-7.6E-14,-343.6013123492));
#6647 = VERTEX_POINT('',#6648);
#6648 = CARTESIAN_POINT('',(430.30760107742,-15.,-343.6013123492));
#6649 = LINE('',#6650,#6651);
#6650 = CARTESIAN_POINT('',(430.30760107742,-7.629E-14,-343.6013123492)
  );
#6651 = VECTOR('',#6652,1.);
#6652 = DIRECTION('',(0.,-1.,2.2E-16));
#6653 = ORIENTED_EDGE('',*,*,#6654,.T.);
#6654 = EDGE_CURVE('',#6647,#6616,#6655,.T.);
#6655 = LINE('',#6656,#6657);
#6656 = CARTESIAN_POINT('',(430.30760107742,-15.,-343.6013123492));
#6657 = VECTOR('',#6658,1.);
#6658 = DIRECTION('',(-0.906660716646,0.,0.42186057518));
#6659 = ORIENTED_EDGE('',*,*,#6613,.F.);
#6660 = ORIENTED_EDGE('',*,*,#6661,.F.);
#6661 = EDGE_CURVE('',#6645,#6614,#6662,.T.);
#6662 = LINE('',#6663,#6664);
#6663 = CARTESIAN_POINT('',(430.30760107742,0.,-343.6013123492));
#6664 = VECTOR('',#6665,1.);
#6665 = DIRECTION('',(-0.906660716646,0.,0.42186057518));
#6666 = PLANE('',#6667);
#6667 = AXIS2_PLACEMENT_3D('',#6668,#6669,#6670);
#6668 = CARTESIAN_POINT('',(430.30760107742,-7.629E-14,-343.6013123492)
  );
#6669 = DIRECTION('',(-0.42186057518,-2.E-16,-0.906660716646));
#6670 = DIRECTION('',(-0.906660716646,9.E-17,0.42186057518));
#6671 = ADVANCED_FACE('',(#6672),#6697,.F.);
#6672 = FACE_BOUND('',#6673,.F.);
#6673 = EDGE_LOOP('',(#6674,#6675,#6683,#6691));
#6674 = ORIENTED_EDGE('',*,*,#6644,.T.);
#6675 = ORIENTED_EDGE('',*,*,#6676,.T.);
#6676 = EDGE_CURVE('',#6647,#6677,#6679,.T.);
#6677 = VERTEX_POINT('',#6678);
#6678 = CARTESIAN_POINT('',(880.,-15.,-425.));
#6679 = LINE('',#6680,#6681);
#6680 = CARTESIAN_POINT('',(430.30760107742,-15.,-343.6013123492));
#6681 = VECTOR('',#6682,1.);
#6682 = DIRECTION('',(0.984009625651,0.,-0.178115290264));
#6683 = ORIENTED_EDGE('',*,*,#6684,.F.);
#6684 = EDGE_CURVE('',#6685,#6677,#6687,.T.);
#6685 = VERTEX_POINT('',#6686);
#6686 = CARTESIAN_POINT('',(880.,-9.4E-14,-425.));
#6687 = LINE('',#6688,#6689);
#6688 = CARTESIAN_POINT('',(880.,-9.437E-14,-425.));
#6689 = VECTOR('',#6690,1.);
#6690 = DIRECTION('',(0.,-1.,2.2E-16));
#6691 = ORIENTED_EDGE('',*,*,#6692,.F.);
#6692 = EDGE_CURVE('',#6645,#6685,#6693,.T.);
#6693 = LINE('',#6694,#6695);
#6694 = CARTESIAN_POINT('',(430.30760107742,0.,-343.6013123492));
#6695 = VECTOR('',#6696,1.);
#6696 = DIRECTION('',(0.984009625651,0.,-0.178115290264));
#6697 = PLANE('',#6698);
#6698 = AXIS2_PLACEMENT_3D('',#6699,#6700,#6701);
#6699 = CARTESIAN_POINT('',(430.30760107742,-7.629E-14,-343.6013123492)
  );
#6700 = DIRECTION('',(0.178115290264,2.2E-16,0.984009625651));
#6701 = DIRECTION('',(0.984009625651,-4.E-17,-0.178115290264));
#6702 = ADVANCED_FACE('',(#6703),#6728,.F.);
#6703 = FACE_BOUND('',#6704,.F.);
#6704 = EDGE_LOOP('',(#6705,#6706,#6714,#6722));
#6705 = ORIENTED_EDGE('',*,*,#6684,.T.);
#6706 = ORIENTED_EDGE('',*,*,#6707,.T.);
#6707 = EDGE_CURVE('',#6677,#6708,#6710,.T.);
#6708 = VERTEX_POINT('',#6709);
#6709 = CARTESIAN_POINT('',(2.139276803132E+03,-15.,-165.7344550404));
#6710 = LINE('',#6711,#6712);
#6711 = CARTESIAN_POINT('',(880.,-15.,-425.));
#6712 = VECTOR('',#6713,1.);
#6713 = DIRECTION('',(0.979456632511,0.,0.201654915711));
#6714 = ORIENTED_EDGE('',*,*,#6715,.F.);
#6715 = EDGE_CURVE('',#6716,#6708,#6718,.T.);
#6716 = VERTEX_POINT('',#6717);
#6717 = CARTESIAN_POINT('',(2.139276803132E+03,-3.7E-14,-165.7344550404)
  );
#6718 = LINE('',#6719,#6720);
#6719 = CARTESIAN_POINT('',(2.139276803132E+03,-3.68E-14,-165.7344550404
    ));
#6720 = VECTOR('',#6721,1.);
#6721 = DIRECTION('',(0.,-1.,2.2E-16));
#6722 = ORIENTED_EDGE('',*,*,#6723,.F.);
#6723 = EDGE_CURVE('',#6685,#6716,#6724,.T.);
#6724 = LINE('',#6725,#6726);
#6725 = CARTESIAN_POINT('',(880.,0.,-425.));
#6726 = VECTOR('',#6727,1.);
#6727 = DIRECTION('',(0.979456632511,0.,0.201654915711));
#6728 = PLANE('',#6729);
#6729 = AXIS2_PLACEMENT_3D('',#6730,#6731,#6732);
#6730 = CARTESIAN_POINT('',(880.,-9.437E-14,-425.));
#6731 = DIRECTION('',(-0.201654915711,2.2E-16,0.979456632511));
#6732 = DIRECTION('',(0.979456632511,4.E-17,0.201654915711));
#6733 = ADVANCED_FACE('',(#6734),#6759,.F.);
#6734 = FACE_BOUND('',#6735,.F.);
#6735 = EDGE_LOOP('',(#6736,#6737,#6745,#6753));
#6736 = ORIENTED_EDGE('',*,*,#6715,.T.);
#6737 = ORIENTED_EDGE('',*,*,#6738,.T.);
#6738 = EDGE_CURVE('',#6708,#6739,#6741,.T.);
#6739 = VERTEX_POINT('',#6740);
#6740 = CARTESIAN_POINT('',(2.32186823167E+03,-15.,-62.00225066647));
#6741 = LINE('',#6742,#6743);
#6742 = CARTESIAN_POINT('',(2.139276803132E+03,-15.,-165.7344550404));
#6743 = VECTOR('',#6744,1.);
#6744 = DIRECTION('',(0.86948299304,0.,0.493962877971));
#6745 = ORIENTED_EDGE('',*,*,#6746,.F.);
#6746 = EDGE_CURVE('',#6747,#6739,#6749,.T.);
#6747 = VERTEX_POINT('',#6748);
#6748 = CARTESIAN_POINT('',(2.32186823167E+03,-1.4E-14,-62.00225066647)
  );
#6749 = LINE('',#6750,#6751);
#6750 = CARTESIAN_POINT('',(2.32186823167E+03,-1.377E-14,-62.00225066647
    ));
#6751 = VECTOR('',#6752,1.);
#6752 = DIRECTION('',(0.,-1.,2.2E-16));
#6753 = ORIENTED_EDGE('',*,*,#6754,.F.);
#6754 = EDGE_CURVE('',#6716,#6747,#6755,.T.);
#6755 = LINE('',#6756,#6757);
#6756 = CARTESIAN_POINT('',(2.139276803132E+03,0.,-165.7344550404));
#6757 = VECTOR('',#6758,1.);
#6758 = DIRECTION('',(0.86948299304,0.,0.493962877971));
#6759 = PLANE('',#6760);
#6760 = AXIS2_PLACEMENT_3D('',#6761,#6762,#6763);
#6761 = CARTESIAN_POINT('',(2.139276803132E+03,-3.68E-14,-165.7344550404
    ));
#6762 = DIRECTION('',(-0.493962877971,1.9E-16,0.86948299304));
#6763 = DIRECTION('',(0.86948299304,1.1E-16,0.493962877971));
#6764 = ADVANCED_FACE('',(#6765),#6792,.T.);
#6765 = FACE_BOUND('',#6766,.F.);
#6766 = EDGE_LOOP('',(#6767,#6768,#6777,#6785));
#6767 = ORIENTED_EDGE('',*,*,#6746,.T.);
#6768 = ORIENTED_EDGE('',*,*,#6769,.T.);
#6769 = EDGE_CURVE('',#6739,#6770,#6772,.T.);
#6770 = VERTEX_POINT('',#6771);
#6771 = CARTESIAN_POINT('',(2.320422257935E+03,-15.,-33.66955525163));
#6772 = CIRCLE('',#6773,15.875);
#6773 = AXIS2_PLACEMENT_3D('',#6774,#6775,#6776);
#6774 = CARTESIAN_POINT('',(2.314026570983E+03,-15.,-48.19920815195));
#6775 = DIRECTION('',(0.,-1.,0.));
#6776 = DIRECTION('',(1.,0.,0.));
#6777 = ORIENTED_EDGE('',*,*,#6778,.F.);
#6778 = EDGE_CURVE('',#6779,#6770,#6781,.T.);
#6779 = VERTEX_POINT('',#6780);
#6780 = CARTESIAN_POINT('',(2.320422257935E+03,-7.E-15,-33.66955525163)
  );
#6781 = LINE('',#6782,#6783);
#6782 = CARTESIAN_POINT('',(2.320422257935E+03,-7.48E-15,-33.66955525163
    ));
#6783 = VECTOR('',#6784,1.);
#6784 = DIRECTION('',(0.,-1.,2.2E-16));
#6785 = ORIENTED_EDGE('',*,*,#6786,.F.);
#6786 = EDGE_CURVE('',#6747,#6779,#6787,.T.);
#6787 = CIRCLE('',#6788,15.875);
#6788 = AXIS2_PLACEMENT_3D('',#6789,#6790,#6791);
#6789 = CARTESIAN_POINT('',(2.314026570983E+03,0.,-48.19920815195));
#6790 = DIRECTION('',(0.,-1.,0.));
#6791 = DIRECTION('',(1.,0.,0.));
#6792 = CYLINDRICAL_SURFACE('',#6793,15.875);
#6793 = AXIS2_PLACEMENT_3D('',#6794,#6795,#6796);
#6794 = CARTESIAN_POINT('',(2.314026570983E+03,-1.07E-14,-48.19920815195
    ));
#6795 = DIRECTION('',(0.,1.,-2.2E-16));
#6796 = DIRECTION('',(1.,0.,0.));
#6797 = ADVANCED_FACE('',(#6798),#6823,.T.);
#6798 = FACE_BOUND('',#6799,.T.);
#6799 = EDGE_LOOP('',(#6800,#6810,#6816,#6817));
#6800 = ORIENTED_EDGE('',*,*,#6801,.T.);
#6801 = EDGE_CURVE('',#6802,#6804,#6806,.T.);
#6802 = VERTEX_POINT('',#6803);
#6803 = CARTESIAN_POINT('',(2.243932124078E+03,0.,0.));
#6804 = VERTEX_POINT('',#6805);
#6805 = CARTESIAN_POINT('',(2.243932124078E+03,-15.,3.E-15));
#6806 = LINE('',#6807,#6808);
#6807 = CARTESIAN_POINT('',(2.243932124078E+03,0.,0.));
#6808 = VECTOR('',#6809,1.);
#6809 = DIRECTION('',(0.,-1.,2.2E-16));
#6810 = ORIENTED_EDGE('',*,*,#6811,.T.);
#6811 = EDGE_CURVE('',#6804,#6770,#6812,.T.);
#6812 = LINE('',#6813,#6814);
#6813 = CARTESIAN_POINT('',(2.243932124078E+03,-15.,3.E-15));
#6814 = VECTOR('',#6815,1.);
#6815 = DIRECTION('',(0.915253726005,0.,-0.402877918276));
#6816 = ORIENTED_EDGE('',*,*,#6778,.F.);
#6817 = ORIENTED_EDGE('',*,*,#6818,.F.);
#6818 = EDGE_CURVE('',#6802,#6779,#6819,.T.);
#6819 = LINE('',#6820,#6821);
#6820 = CARTESIAN_POINT('',(2.243932124078E+03,0.,0.));
#6821 = VECTOR('',#6822,1.);
#6822 = DIRECTION('',(0.915253726005,0.,-0.402877918276));
#6823 = PLANE('',#6824);
#6824 = AXIS2_PLACEMENT_3D('',#6825,#6826,#6827);
#6825 = CARTESIAN_POINT('',(2.243932124078E+03,0.,0.));
#6826 = DIRECTION('',(0.402877918276,2.E-16,0.915253726005));
#6827 = DIRECTION('',(0.915253726005,-9.E-17,-0.402877918276));
#6828 = ADVANCED_FACE('',(#6829),#6856,.T.);
#6829 = FACE_BOUND('',#6830,.F.);
#6830 = EDGE_LOOP('',(#6831,#6832,#6841,#6849));
#6831 = ORIENTED_EDGE('',*,*,#6801,.T.);
#6832 = ORIENTED_EDGE('',*,*,#6833,.T.);
#6833 = EDGE_CURVE('',#6804,#6834,#6836,.T.);
#6834 = VERTEX_POINT('',#6835);
#6835 = CARTESIAN_POINT('',(2.174445976757E+03,-15.,80.631527548332));
#6836 = CIRCLE('',#6837,130.);
#6837 = AXIS2_PLACEMENT_3D('',#6838,#6839,#6840);
#6838 = CARTESIAN_POINT('',(2.119342017749E+03,-15.,-37.11206549063));
#6839 = DIRECTION('',(0.,-1.,0.));
#6840 = DIRECTION('',(1.,0.,0.));
#6841 = ORIENTED_EDGE('',*,*,#6842,.F.);
#6842 = EDGE_CURVE('',#6843,#6834,#6845,.T.);
#6843 = VERTEX_POINT('',#6844);
#6844 = CARTESIAN_POINT('',(2.174445976757E+03,1.8E-14,80.631527548332)
  );
#6845 = LINE('',#6846,#6847);
#6846 = CARTESIAN_POINT('',(2.174445976757E+03,1.79E-14,80.631527548332)
  );
#6847 = VECTOR('',#6848,1.);
#6848 = DIRECTION('',(0.,-1.,2.2E-16));
#6849 = ORIENTED_EDGE('',*,*,#6850,.F.);
#6850 = EDGE_CURVE('',#6802,#6843,#6851,.T.);
#6851 = CIRCLE('',#6852,130.);
#6852 = AXIS2_PLACEMENT_3D('',#6853,#6854,#6855);
#6853 = CARTESIAN_POINT('',(2.119342017749E+03,0.,-37.11206549063));
#6854 = DIRECTION('',(0.,-1.,0.));
#6855 = DIRECTION('',(1.,0.,0.));
#6856 = CYLINDRICAL_SURFACE('',#6857,130.);
#6857 = AXIS2_PLACEMENT_3D('',#6858,#6859,#6860);
#6858 = CARTESIAN_POINT('',(2.119342017749E+03,-8.24E-15,-37.11206549063
    ));
#6859 = DIRECTION('',(0.,1.,-2.2E-16));
#6860 = DIRECTION('',(1.,0.,0.));
#6861 = ADVANCED_FACE('',(#6862),#6887,.F.);
#6862 = FACE_BOUND('',#6863,.F.);
#6863 = EDGE_LOOP('',(#6864,#6865,#6873,#6881));
#6864 = ORIENTED_EDGE('',*,*,#6842,.T.);
#6865 = ORIENTED_EDGE('',*,*,#6866,.T.);
#6866 = EDGE_CURVE('',#6834,#6867,#6869,.T.);
#6867 = VERTEX_POINT('',#6868);
#6868 = CARTESIAN_POINT('',(2.116310248568E+03,-15.,172.55763003448));
#6869 = LINE('',#6870,#6871);
#6870 = CARTESIAN_POINT('',(2.174445976757E+03,-15.,80.631527548332));
#6871 = VECTOR('',#6872,1.);
#6872 = DIRECTION('',(-0.534499867271,0.,0.84516855827));
#6873 = ORIENTED_EDGE('',*,*,#6874,.F.);
#6874 = EDGE_CURVE('',#6875,#6867,#6877,.T.);
#6875 = VERTEX_POINT('',#6876);
#6876 = CARTESIAN_POINT('',(2.116310248568E+03,3.8E-14,172.55763003448)
  );
#6877 = LINE('',#6878,#6879);
#6878 = CARTESIAN_POINT('',(2.116310248568E+03,3.832E-14,172.55763003448
    ));
#6879 = VECTOR('',#6880,1.);
#6880 = DIRECTION('',(0.,-1.,2.2E-16));
#6881 = ORIENTED_EDGE('',*,*,#6882,.F.);
#6882 = EDGE_CURVE('',#6843,#6875,#6883,.T.);
#6883 = LINE('',#6884,#6885);
#6884 = CARTESIAN_POINT('',(2.174445976757E+03,0.,80.631527548332));
#6885 = VECTOR('',#6886,1.);
#6886 = DIRECTION('',(-0.534499867271,0.,0.84516855827));
#6887 = PLANE('',#6888);
#6888 = AXIS2_PLACEMENT_3D('',#6889,#6890,#6891);
#6889 = CARTESIAN_POINT('',(2.174445976757E+03,1.79E-14,80.631527548332)
  );
#6890 = DIRECTION('',(-0.84516855827,-1.2E-16,-0.534499867271));
#6891 = DIRECTION('',(-0.534499867271,1.9E-16,0.84516855827));
#6892 = ADVANCED_FACE('',(#6893),#6920,.T.);
#6893 = FACE_BOUND('',#6894,.F.);
#6894 = EDGE_LOOP('',(#6895,#6896,#6905,#6913));
#6895 = ORIENTED_EDGE('',*,*,#6874,.T.);
#6896 = ORIENTED_EDGE('',*,*,#6897,.T.);
#6897 = EDGE_CURVE('',#6867,#6898,#6900,.T.);
#6898 = VERTEX_POINT('',#6899);
#6899 = CARTESIAN_POINT('',(2.05876398998E+03,-15.,163.63871382928));
#6900 = CIRCLE('',#6901,31.75);
#6901 = AXIS2_PLACEMENT_3D('',#6902,#6903,#6904);
#6902 = CARTESIAN_POINT('',(2.089476146843E+03,-15.,155.58725924863));
#6903 = DIRECTION('',(0.,-1.,0.));
#6904 = DIRECTION('',(1.,0.,0.));
#6905 = ORIENTED_EDGE('',*,*,#6906,.F.);
#6906 = EDGE_CURVE('',#6907,#6898,#6909,.T.);
#6907 = VERTEX_POINT('',#6908);
#6908 = CARTESIAN_POINT('',(2.05876398998E+03,3.6E-14,163.63871382928));
#6909 = LINE('',#6910,#6911);
#6910 = CARTESIAN_POINT('',(2.05876398998E+03,3.634E-14,163.63871382928)
  );
#6911 = VECTOR('',#6912,1.);
#6912 = DIRECTION('',(0.,-1.,2.2E-16));
#6913 = ORIENTED_EDGE('',*,*,#6914,.F.);
#6914 = EDGE_CURVE('',#6875,#6907,#6915,.T.);
#6915 = CIRCLE('',#6916,31.75);
#6916 = AXIS2_PLACEMENT_3D('',#6917,#6918,#6919);
#6917 = CARTESIAN_POINT('',(2.089476146843E+03,0.,155.58725924863));
#6918 = DIRECTION('',(0.,-1.,0.));
#6919 = DIRECTION('',(1.,0.,0.));
#6920 = CYLINDRICAL_SURFACE('',#6921,31.75);
#6921 = AXIS2_PLACEMENT_3D('',#6922,#6923,#6924);
#6922 = CARTESIAN_POINT('',(2.089476146843E+03,3.455E-14,155.58725924863
    ));
#6923 = DIRECTION('',(0.,1.,-2.2E-16));
#6924 = DIRECTION('',(1.,0.,0.));
#6925 = ADVANCED_FACE('',(#6926),#6951,.T.);
#6926 = FACE_BOUND('',#6927,.T.);
#6927 = EDGE_LOOP('',(#6928,#6938,#6944,#6945));
#6928 = ORIENTED_EDGE('',*,*,#6929,.T.);
#6929 = EDGE_CURVE('',#6930,#6932,#6934,.T.);
#6930 = VERTEX_POINT('',#6931);
#6931 = CARTESIAN_POINT('',(2.037289057847E+03,1.8E-14,81.722896297608)
  );
#6932 = VERTEX_POINT('',#6933);
#6933 = CARTESIAN_POINT('',(2.037289057847E+03,-15.,81.722896297608));
#6934 = LINE('',#6935,#6936);
#6935 = CARTESIAN_POINT('',(2.037289057847E+03,1.815E-14,81.722896297608
    ));
#6936 = VECTOR('',#6937,1.);
#6937 = DIRECTION('',(0.,-1.,2.2E-16));
#6938 = ORIENTED_EDGE('',*,*,#6939,.T.);
#6939 = EDGE_CURVE('',#6932,#6898,#6940,.T.);
#6940 = LINE('',#6941,#6942);
#6941 = CARTESIAN_POINT('',(2.037289057847E+03,-15.,81.722896297608));
#6942 = VECTOR('',#6943,1.);
#6943 = DIRECTION('',(0.25358912065,0.,0.96731202716));
#6944 = ORIENTED_EDGE('',*,*,#6906,.F.);
#6945 = ORIENTED_EDGE('',*,*,#6946,.F.);
#6946 = EDGE_CURVE('',#6930,#6907,#6947,.T.);
#6947 = LINE('',#6948,#6949);
#6948 = CARTESIAN_POINT('',(2.037289057847E+03,0.,81.722896297608));
#6949 = VECTOR('',#6950,1.);
#6950 = DIRECTION('',(0.25358912065,0.,0.96731202716));
#6951 = PLANE('',#6952);
#6952 = AXIS2_PLACEMENT_3D('',#6953,#6954,#6955);
#6953 = CARTESIAN_POINT('',(2.037289057847E+03,1.815E-14,81.722896297608
    ));
#6954 = DIRECTION('',(-0.96731202716,6.E-17,0.25358912065));
#6955 = DIRECTION('',(0.25358912065,2.1E-16,0.96731202716));
#6956 = ADVANCED_FACE('',(#6957),#6982,.T.);
#6957 = FACE_BOUND('',#6958,.T.);
#6958 = EDGE_LOOP('',(#6959,#6969,#6975,#6976));
#6959 = ORIENTED_EDGE('',*,*,#6960,.T.);
#6960 = EDGE_CURVE('',#6961,#6963,#6965,.T.);
#6961 = VERTEX_POINT('',#6962);
#6962 = CARTESIAN_POINT('',(1.51E+03,0.,0.));
#6963 = VERTEX_POINT('',#6964);
#6964 = CARTESIAN_POINT('',(1.51E+03,-15.,3.E-15));
#6965 = LINE('',#6966,#6967);
#6966 = CARTESIAN_POINT('',(1.51E+03,0.,0.));
#6967 = VECTOR('',#6968,1.);
#6968 = DIRECTION('',(0.,-1.,2.2E-16));
#6969 = ORIENTED_EDGE('',*,*,#6970,.T.);
#6970 = EDGE_CURVE('',#6963,#6932,#6971,.T.);
#6971 = LINE('',#6972,#6973);
#6972 = CARTESIAN_POINT('',(1.51E+03,-15.,3.E-15));
#6973 = VECTOR('',#6974,1.);
#6974 = DIRECTION('',(0.98820166533,0.,0.153158312343));
#6975 = ORIENTED_EDGE('',*,*,#6929,.F.);
#6976 = ORIENTED_EDGE('',*,*,#6977,.F.);
#6977 = EDGE_CURVE('',#6961,#6930,#6978,.T.);
#6978 = LINE('',#6979,#6980);
#6979 = CARTESIAN_POINT('',(1.51E+03,0.,0.));
#6980 = VECTOR('',#6981,1.);
#6981 = DIRECTION('',(0.98820166533,0.,0.153158312343));
#6982 = PLANE('',#6983);
#6983 = AXIS2_PLACEMENT_3D('',#6984,#6985,#6986);
#6984 = CARTESIAN_POINT('',(1.51E+03,0.,0.));
#6985 = DIRECTION('',(-0.153158312343,2.2E-16,0.98820166533));
#6986 = DIRECTION('',(0.98820166533,3.E-17,0.153158312343));
#6987 = ADVANCED_FACE('',(#6988),#7004,.T.);
#6988 = FACE_BOUND('',#6989,.T.);
#6989 = EDGE_LOOP('',(#6990,#6991,#6997,#6998));
#6990 = ORIENTED_EDGE('',*,*,#6284,.T.);
#6991 = ORIENTED_EDGE('',*,*,#6992,.T.);
#6992 = EDGE_CURVE('',#6287,#6963,#6993,.T.);
#6993 = LINE('',#6994,#6995);
#6994 = CARTESIAN_POINT('',(130.,-15.,3.E-15));
#6995 = VECTOR('',#6996,1.);
#6996 = DIRECTION('',(1.,0.,0.));
#6997 = ORIENTED_EDGE('',*,*,#6960,.F.);
#6998 = ORIENTED_EDGE('',*,*,#6999,.F.);
#6999 = EDGE_CURVE('',#6285,#6961,#7000,.T.);
#7000 = LINE('',#7001,#7002);
#7001 = CARTESIAN_POINT('',(130.,0.,0.));
#7002 = VECTOR('',#7003,1.);
#7003 = DIRECTION('',(1.,0.,0.));
#7004 = PLANE('',#7005);
#7005 = AXIS2_PLACEMENT_3D('',#7006,#7007,#7008);
#7006 = CARTESIAN_POINT('',(130.,0.,0.));
#7007 = DIRECTION('',(0.,2.2E-16,1.));
#7008 = DIRECTION('',(1.,0.,-0.));
#7009 = ADVANCED_FACE('',(#7010),#7037,.F.);
#7010 = FACE_BOUND('',#7011,.T.);
#7011 = EDGE_LOOP('',(#7012,#7022,#7029,#7030));
#7012 = ORIENTED_EDGE('',*,*,#7013,.T.);
#7013 = EDGE_CURVE('',#7014,#7016,#7018,.T.);
#7014 = VERTEX_POINT('',#7015);
#7015 = CARTESIAN_POINT('',(30.,0.,0.));
#7016 = VERTEX_POINT('',#7017);
#7017 = CARTESIAN_POINT('',(30.,-15.,3.E-15));
#7018 = LINE('',#7019,#7020);
#7019 = CARTESIAN_POINT('',(30.,0.,0.));
#7020 = VECTOR('',#7021,1.);
#7021 = DIRECTION('',(0.,-1.,2.2E-16));
#7022 = ORIENTED_EDGE('',*,*,#7023,.T.);
#7023 = EDGE_CURVE('',#7016,#7016,#7024,.T.);
#7024 = CIRCLE('',#7025,30.);
#7025 = AXIS2_PLACEMENT_3D('',#7026,#7027,#7028);
#7026 = CARTESIAN_POINT('',(0.,-15.,3.E-15));
#7027 = DIRECTION('',(0.,-1.,0.));
#7028 = DIRECTION('',(1.,0.,0.));
#7029 = ORIENTED_EDGE('',*,*,#7013,.F.);
#7030 = ORIENTED_EDGE('',*,*,#7031,.F.);
#7031 = EDGE_CURVE('',#7014,#7014,#7032,.T.);
#7032 = CIRCLE('',#7033,30.);
#7033 = AXIS2_PLACEMENT_3D('',#7034,#7035,#7036);
#7034 = CARTESIAN_POINT('',(0.,0.,0.));
#7035 = DIRECTION('',(0.,-1.,0.));
#7036 = DIRECTION('',(1.,0.,0.));
#7037 = CYLINDRICAL_SURFACE('',#7038,30.);
#7038 = AXIS2_PLACEMENT_3D('',#7039,#7040,#7041);
#7039 = CARTESIAN_POINT('',(0.,0.,0.));
#7040 = DIRECTION('',(0.,1.,-2.2E-16));
#7041 = DIRECTION('',(1.,0.,0.));
#7042 = ADVANCED_FACE('',(#7043),#7070,.F.);
#7043 = FACE_BOUND('',#7044,.T.);
#7044 = EDGE_LOOP('',(#7045,#7055,#7062,#7063));
#7045 = ORIENTED_EDGE('',*,*,#7046,.T.);
#7046 = EDGE_CURVE('',#7047,#7049,#7051,.T.);
#7047 = VERTEX_POINT('',#7048);
#7048 = CARTESIAN_POINT('',(2.149342017749E+03,-8.E-15,-37.11206549063)
  );
#7049 = VERTEX_POINT('',#7050);
#7050 = CARTESIAN_POINT('',(2.149342017749E+03,-15.,-37.11206549063));
#7051 = LINE('',#7052,#7053);
#7052 = CARTESIAN_POINT('',(2.149342017749E+03,-8.24E-15,-37.11206549063
    ));
#7053 = VECTOR('',#7054,1.);
#7054 = DIRECTION('',(0.,-1.,2.2E-16));
#7055 = ORIENTED_EDGE('',*,*,#7056,.T.);
#7056 = EDGE_CURVE('',#7049,#7049,#7057,.T.);
#7057 = CIRCLE('',#7058,30.);
#7058 = AXIS2_PLACEMENT_3D('',#7059,#7060,#7061);
#7059 = CARTESIAN_POINT('',(2.119342017749E+03,-15.,-37.11206549063));
#7060 = DIRECTION('',(0.,-1.,0.));
#7061 = DIRECTION('',(1.,0.,0.));
#7062 = ORIENTED_EDGE('',*,*,#7046,.F.);
#7063 = ORIENTED_EDGE('',*,*,#7064,.F.);
#7064 = EDGE_CURVE('',#7047,#7047,#7065,.T.);
#7065 = CIRCLE('',#7066,30.);
#7066 = AXIS2_PLACEMENT_3D('',#7067,#7068,#7069);
#7067 = CARTESIAN_POINT('',(2.119342017749E+03,0.,-37.11206549063));
#7068 = DIRECTION('',(0.,-1.,0.));
#7069 = DIRECTION('',(1.,0.,0.));
#7070 = CYLINDRICAL_SURFACE('',#7071,30.);
#7071 = AXIS2_PLACEMENT_3D('',#7072,#7073,#7074);
#7072 = CARTESIAN_POINT('',(2.119342017749E+03,-8.24E-15,-37.11206549063
    ));
#7073 = DIRECTION('',(0.,1.,-2.2E-16));
#7074 = DIRECTION('',(1.,0.,0.));
#7075 = ADVANCED_FACE('',(#7076),#7103,.F.);
#7076 = FACE_BOUND('',#7077,.T.);
#7077 = EDGE_LOOP('',(#7078,#7088,#7095,#7096));
#7078 = ORIENTED_EDGE('',*,*,#7079,.T.);
#7079 = EDGE_CURVE('',#7080,#7082,#7084,.T.);
#7080 = VERTEX_POINT('',#7081);
#7081 = CARTESIAN_POINT('',(1.78522969623E+03,-2.3E-14,-102.855637937));
#7082 = VERTEX_POINT('',#7083);
#7083 = CARTESIAN_POINT('',(1.78522969623E+03,-15.,-102.855637937));
#7084 = LINE('',#7085,#7086);
#7085 = CARTESIAN_POINT('',(1.78522969623E+03,-2.284E-14,-102.855637937)
  );
#7086 = VECTOR('',#7087,1.);
#7087 = DIRECTION('',(0.,-1.,2.2E-16));
#7088 = ORIENTED_EDGE('',*,*,#7089,.T.);
#7089 = EDGE_CURVE('',#7082,#7082,#7090,.T.);
#7090 = CIRCLE('',#7091,30.);
#7091 = AXIS2_PLACEMENT_3D('',#7092,#7093,#7094);
#7092 = CARTESIAN_POINT('',(1.75522969623E+03,-15.,-102.855637937));
#7093 = DIRECTION('',(0.,-1.,0.));
#7094 = DIRECTION('',(1.,0.,0.));
#7095 = ORIENTED_EDGE('',*,*,#7079,.F.);
#7096 = ORIENTED_EDGE('',*,*,#7097,.F.);
#7097 = EDGE_CURVE('',#7080,#7080,#7098,.T.);
#7098 = CIRCLE('',#7099,30.);
#7099 = AXIS2_PLACEMENT_3D('',#7100,#7101,#7102);
#7100 = CARTESIAN_POINT('',(1.75522969623E+03,0.,-102.855637937));
#7101 = DIRECTION('',(0.,-1.,0.));
#7102 = DIRECTION('',(1.,0.,0.));
#7103 = CYLINDRICAL_SURFACE('',#7104,30.);
#7104 = AXIS2_PLACEMENT_3D('',#7105,#7106,#7107);
#7105 = CARTESIAN_POINT('',(1.75522969623E+03,-2.284E-14,-102.855637937)
  );
#7106 = DIRECTION('',(0.,1.,-2.2E-16));
#7107 = DIRECTION('',(1.,0.,0.));
#7108 = ADVANCED_FACE('',(#7109),#7136,.F.);
#7109 = FACE_BOUND('',#7110,.T.);
#7110 = EDGE_LOOP('',(#7111,#7121,#7128,#7129));
#7111 = ORIENTED_EDGE('',*,*,#7112,.T.);
#7112 = EDGE_CURVE('',#7113,#7115,#7117,.T.);
#7113 = VERTEX_POINT('',#7114);
#7114 = CARTESIAN_POINT('',(30.,-8.3E-14,-375.));
#7115 = VERTEX_POINT('',#7116);
#7116 = CARTESIAN_POINT('',(30.,-15.,-375.));
#7117 = LINE('',#7118,#7119);
#7118 = CARTESIAN_POINT('',(30.,-8.327E-14,-375.));
#7119 = VECTOR('',#7120,1.);
#7120 = DIRECTION('',(0.,-1.,2.2E-16));
#7121 = ORIENTED_EDGE('',*,*,#7122,.T.);
#7122 = EDGE_CURVE('',#7115,#7115,#7123,.T.);
#7123 = CIRCLE('',#7124,30.);
#7124 = AXIS2_PLACEMENT_3D('',#7125,#7126,#7127);
#7125 = CARTESIAN_POINT('',(0.,-15.,-375.));
#7126 = DIRECTION('',(0.,-1.,0.));
#7127 = DIRECTION('',(1.,0.,0.));
#7128 = ORIENTED_EDGE('',*,*,#7112,.F.);
#7129 = ORIENTED_EDGE('',*,*,#7130,.F.);
#7130 = EDGE_CURVE('',#7113,#7113,#7131,.T.);
#7131 = CIRCLE('',#7132,30.);
#7132 = AXIS2_PLACEMENT_3D('',#7133,#7134,#7135);
#7133 = CARTESIAN_POINT('',(0.,0.,-375.));
#7134 = DIRECTION('',(0.,-1.,0.));
#7135 = DIRECTION('',(1.,0.,0.));
#7136 = CYLINDRICAL_SURFACE('',#7137,30.);
#7137 = AXIS2_PLACEMENT_3D('',#7138,#7139,#7140);
#7138 = CARTESIAN_POINT('',(0.,-8.327E-14,-375.));
#7139 = DIRECTION('',(0.,1.,-2.2E-16));
#7140 = DIRECTION('',(1.,0.,0.));
#7141 = ADVANCED_FACE('',(#7142),#7169,.F.);
#7142 = FACE_BOUND('',#7143,.T.);
#7143 = EDGE_LOOP('',(#7144,#7154,#7161,#7162));
#7144 = ORIENTED_EDGE('',*,*,#7145,.T.);
#7145 = EDGE_CURVE('',#7146,#7148,#7150,.T.);
#7146 = VERTEX_POINT('',#7147);
#7147 = CARTESIAN_POINT('',(1.561445898347E+03,-4.8E-14,-214.3043337791)
  );
#7148 = VERTEX_POINT('',#7149);
#7149 = CARTESIAN_POINT('',(1.561445898347E+03,-15.,-214.3043337791));
#7150 = LINE('',#7151,#7152);
#7151 = CARTESIAN_POINT('',(1.561445898347E+03,-4.759E-14,
    -214.3043337791));
#7152 = VECTOR('',#7153,1.);
#7153 = DIRECTION('',(0.,-1.,2.2E-16));
#7154 = ORIENTED_EDGE('',*,*,#7155,.T.);
#7155 = EDGE_CURVE('',#7148,#7148,#7156,.T.);
#7156 = CIRCLE('',#7157,30.);
#7157 = AXIS2_PLACEMENT_3D('',#7158,#7159,#7160);
#7158 = CARTESIAN_POINT('',(1.531445898347E+03,-15.,-214.3043337791));
#7159 = DIRECTION('',(0.,-1.,0.));
#7160 = DIRECTION('',(1.,0.,0.));
#7161 = ORIENTED_EDGE('',*,*,#7145,.F.);
#7162 = ORIENTED_EDGE('',*,*,#7163,.F.);
#7163 = EDGE_CURVE('',#7146,#7146,#7164,.T.);
#7164 = CIRCLE('',#7165,30.);
#7165 = AXIS2_PLACEMENT_3D('',#7166,#7167,#7168);
#7166 = CARTESIAN_POINT('',(1.531445898347E+03,0.,-214.3043337791));
#7167 = DIRECTION('',(0.,-1.,0.));
#7168 = DIRECTION('',(1.,0.,0.));
#7169 = CYLINDRICAL_SURFACE('',#7170,30.);
#7170 = AXIS2_PLACEMENT_3D('',#7171,#7172,#7173);
#7171 = CARTESIAN_POINT('',(1.531445898347E+03,-4.759E-14,
    -214.3043337791));
#7172 = DIRECTION('',(0.,1.,-2.2E-16));
#7173 = DIRECTION('',(1.,0.,0.));
#7174 = ADVANCED_FACE('',(#7175),#7202,.F.);
#7175 = FACE_BOUND('',#7176,.T.);
#7176 = EDGE_LOOP('',(#7177,#7187,#7194,#7195));
#7177 = ORIENTED_EDGE('',*,*,#7178,.T.);
#7178 = EDGE_CURVE('',#7179,#7181,#7183,.T.);
#7179 = VERTEX_POINT('',#7180);
#7180 = CARTESIAN_POINT('',(2.320376570983E+03,-1.1E-14,-48.19920815195)
  );
#7181 = VERTEX_POINT('',#7182);
#7182 = CARTESIAN_POINT('',(2.320376570983E+03,-15.,-48.19920815195));
#7183 = LINE('',#7184,#7185);
#7184 = CARTESIAN_POINT('',(2.320376570983E+03,-1.07E-14,-48.19920815195
    ));
#7185 = VECTOR('',#7186,1.);
#7186 = DIRECTION('',(0.,-1.,2.2E-16));
#7187 = ORIENTED_EDGE('',*,*,#7188,.T.);
#7188 = EDGE_CURVE('',#7181,#7181,#7189,.T.);
#7189 = CIRCLE('',#7190,6.35);
#7190 = AXIS2_PLACEMENT_3D('',#7191,#7192,#7193);
#7191 = CARTESIAN_POINT('',(2.314026570983E+03,-15.,-48.19920815195));
#7192 = DIRECTION('',(0.,-1.,0.));
#7193 = DIRECTION('',(1.,0.,0.));
#7194 = ORIENTED_EDGE('',*,*,#7178,.F.);
#7195 = ORIENTED_EDGE('',*,*,#7196,.F.);
#7196 = EDGE_CURVE('',#7179,#7179,#7197,.T.);
#7197 = CIRCLE('',#7198,6.35);
#7198 = AXIS2_PLACEMENT_3D('',#7199,#7200,#7201);
#7199 = CARTESIAN_POINT('',(2.314026570983E+03,0.,-48.19920815195));
#7200 = DIRECTION('',(0.,-1.,0.));
#7201 = DIRECTION('',(1.,0.,0.));
#7202 = CYLINDRICAL_SURFACE('',#7203,6.35);
#7203 = AXIS2_PLACEMENT_3D('',#7204,#7205,#7206);
#7204 = CARTESIAN_POINT('',(2.314026570983E+03,-1.07E-14,-48.19920815195
    ));
#7205 = DIRECTION('',(0.,1.,-2.2E-16));
#7206 = DIRECTION('',(1.,0.,0.));
#7207 = ADVANCED_FACE('',(#7208),#7235,.F.);
#7208 = FACE_BOUND('',#7209,.T.);
#7209 = EDGE_LOOP('',(#7210,#7220,#7227,#7228));
#7210 = ORIENTED_EDGE('',*,*,#7211,.T.);
#7211 = EDGE_CURVE('',#7212,#7214,#7216,.T.);
#7212 = VERTEX_POINT('',#7213);
#7213 = CARTESIAN_POINT('',(2.095826146843E+03,3.5E-14,155.58725924863)
  );
#7214 = VERTEX_POINT('',#7215);
#7215 = CARTESIAN_POINT('',(2.095826146843E+03,-15.,155.58725924863));
#7216 = LINE('',#7217,#7218);
#7217 = CARTESIAN_POINT('',(2.095826146843E+03,3.455E-14,155.58725924863
    ));
#7218 = VECTOR('',#7219,1.);
#7219 = DIRECTION('',(0.,-1.,2.2E-16));
#7220 = ORIENTED_EDGE('',*,*,#7221,.T.);
#7221 = EDGE_CURVE('',#7214,#7214,#7222,.T.);
#7222 = CIRCLE('',#7223,6.35);
#7223 = AXIS2_PLACEMENT_3D('',#7224,#7225,#7226);
#7224 = CARTESIAN_POINT('',(2.089476146843E+03,-15.,155.58725924863));
#7225 = DIRECTION('',(0.,-1.,0.));
#7226 = DIRECTION('',(1.,0.,0.));
#7227 = ORIENTED_EDGE('',*,*,#7211,.F.);
#7228 = ORIENTED_EDGE('',*,*,#7229,.F.);
#7229 = EDGE_CURVE('',#7212,#7212,#7230,.T.);
#7230 = CIRCLE('',#7231,6.35);
#7231 = AXIS2_PLACEMENT_3D('',#7232,#7233,#7234);
#7232 = CARTESIAN_POINT('',(2.089476146843E+03,0.,155.58725924863));
#7233 = DIRECTION('',(0.,-1.,0.));
#7234 = DIRECTION('',(1.,0.,0.));
#7235 = CYLINDRICAL_SURFACE('',#7236,6.35);
#7236 = AXIS2_PLACEMENT_3D('',#7237,#7238,#7239);
#7237 = CARTESIAN_POINT('',(2.089476146843E+03,3.455E-14,155.58725924863
    ));
#7238 = DIRECTION('',(0.,1.,-2.2E-16));
#7239 = DIRECTION('',(1.,0.,0.));
#7240 = ADVANCED_FACE('',(#7241),#7268,.F.);
#7241 = FACE_BOUND('',#7242,.T.);
#7242 = EDGE_LOOP('',(#7243,#7253,#7260,#7261));
#7243 = ORIENTED_EDGE('',*,*,#7244,.T.);
#7244 = EDGE_CURVE('',#7245,#7247,#7249,.T.);
#7245 = VERTEX_POINT('',#7246);
#7246 = CARTESIAN_POINT('',(6.35,4.3E-14,195.));
#7247 = VERTEX_POINT('',#7248);
#7248 = CARTESIAN_POINT('',(6.35,-15.,195.));
#7249 = LINE('',#7250,#7251);
#7250 = CARTESIAN_POINT('',(6.35,4.33E-14,195.));
#7251 = VECTOR('',#7252,1.);
#7252 = DIRECTION('',(0.,-1.,2.2E-16));
#7253 = ORIENTED_EDGE('',*,*,#7254,.T.);
#7254 = EDGE_CURVE('',#7247,#7247,#7255,.T.);
#7255 = CIRCLE('',#7256,6.35);
#7256 = AXIS2_PLACEMENT_3D('',#7257,#7258,#7259);
#7257 = CARTESIAN_POINT('',(0.,-15.,195.));
#7258 = DIRECTION('',(0.,-1.,0.));
#7259 = DIRECTION('',(1.,0.,0.));
#7260 = ORIENTED_EDGE('',*,*,#7244,.F.);
#7261 = ORIENTED_EDGE('',*,*,#7262,.F.);
#7262 = EDGE_CURVE('',#7245,#7245,#7263,.T.);
#7263 = CIRCLE('',#7264,6.35);
#7264 = AXIS2_PLACEMENT_3D('',#7265,#7266,#7267);
#7265 = CARTESIAN_POINT('',(0.,0.,195.));
#7266 = DIRECTION('',(0.,-1.,0.));
#7267 = DIRECTION('',(1.,0.,0.));
#7268 = CYLINDRICAL_SURFACE('',#7269,6.35);
#7269 = AXIS2_PLACEMENT_3D('',#7270,#7271,#7272);
#7270 = CARTESIAN_POINT('',(0.,4.33E-14,195.));
#7271 = DIRECTION('',(0.,1.,-2.2E-16));
#7272 = DIRECTION('',(1.,0.,0.));
#7273 = ADVANCED_FACE('',(#7274),#7301,.F.);
#7274 = FACE_BOUND('',#7275,.T.);
#7275 = EDGE_LOOP('',(#7276,#7286,#7293,#7294));
#7276 = ORIENTED_EDGE('',*,*,#7277,.T.);
#7277 = EDGE_CURVE('',#7278,#7280,#7282,.T.);
#7278 = VERTEX_POINT('',#7279);
#7279 = CARTESIAN_POINT('',(-188.65,0.,0.));
#7280 = VERTEX_POINT('',#7281);
#7281 = CARTESIAN_POINT('',(-188.65,-15.,3.E-15));
#7282 = LINE('',#7283,#7284);
#7283 = CARTESIAN_POINT('',(-188.65,0.,0.));
#7284 = VECTOR('',#7285,1.);
#7285 = DIRECTION('',(0.,-1.,2.2E-16));
#7286 = ORIENTED_EDGE('',*,*,#7287,.T.);
#7287 = EDGE_CURVE('',#7280,#7280,#7288,.T.);
#7288 = CIRCLE('',#7289,6.35);
#7289 = AXIS2_PLACEMENT_3D('',#7290,#7291,#7292);
#7290 = CARTESIAN_POINT('',(-195.,-15.,3.E-15));
#7291 = DIRECTION('',(0.,-1.,0.));
#7292 = DIRECTION('',(1.,0.,0.));
#7293 = ORIENTED_EDGE('',*,*,#7277,.F.);
#7294 = ORIENTED_EDGE('',*,*,#7295,.F.);
#7295 = EDGE_CURVE('',#7278,#7278,#7296,.T.);
#7296 = CIRCLE('',#7297,6.35);
#7297 = AXIS2_PLACEMENT_3D('',#7298,#7299,#7300);
#7298 = CARTESIAN_POINT('',(-195.,0.,0.));
#7299 = DIRECTION('',(0.,-1.,0.));
#7300 = DIRECTION('',(1.,0.,0.));
#7301 = CYLINDRICAL_SURFACE('',#7302,6.35);
#7302 = AXIS2_PLACEMENT_3D('',#7303,#7304,#7305);
#7303 = CARTESIAN_POINT('',(-195.,0.,0.));
#7304 = DIRECTION('',(0.,1.,-2.2E-16));
#7305 = DIRECTION('',(1.,0.,0.));
#7306 = ADVANCED_FACE('',(#7307),#7334,.F.);
#7307 = FACE_BOUND('',#7308,.T.);
#7308 = EDGE_LOOP('',(#7309,#7319,#7326,#7327));
#7309 = ORIENTED_EDGE('',*,*,#7310,.T.);
#7310 = EDGE_CURVE('',#7311,#7313,#7315,.T.);
#7311 = VERTEX_POINT('',#7312);
#7312 = CARTESIAN_POINT('',(1.954895372316E+03,-2.9E-14,-128.4300270723)
  );
#7313 = VERTEX_POINT('',#7314);
#7314 = CARTESIAN_POINT('',(1.954895372316E+03,-15.,-128.4300270723));
#7315 = LINE('',#7316,#7317);
#7316 = CARTESIAN_POINT('',(1.954895372316E+03,-2.852E-14,
    -128.4300270723));
#7317 = VECTOR('',#7318,1.);
#7318 = DIRECTION('',(0.,-1.,2.2E-16));
#7319 = ORIENTED_EDGE('',*,*,#7320,.T.);
#7320 = EDGE_CURVE('',#7313,#7313,#7321,.T.);
#7321 = CIRCLE('',#7322,6.35);
#7322 = AXIS2_PLACEMENT_3D('',#7323,#7324,#7325);
#7323 = CARTESIAN_POINT('',(1.948545372316E+03,-15.,-128.4300270723));
#7324 = DIRECTION('',(0.,-1.,0.));
#7325 = DIRECTION('',(1.,0.,0.));
#7326 = ORIENTED_EDGE('',*,*,#7310,.F.);
#7327 = ORIENTED_EDGE('',*,*,#7328,.F.);
#7328 = EDGE_CURVE('',#7311,#7311,#7329,.T.);
#7329 = CIRCLE('',#7330,6.35);
#7330 = AXIS2_PLACEMENT_3D('',#7331,#7332,#7333);
#7331 = CARTESIAN_POINT('',(1.948545372316E+03,0.,-128.4300270723));
#7332 = DIRECTION('',(0.,-1.,0.));
#7333 = DIRECTION('',(1.,0.,0.));
#7334 = CYLINDRICAL_SURFACE('',#7335,6.35);
#7335 = AXIS2_PLACEMENT_3D('',#7336,#7337,#7338);
#7336 = CARTESIAN_POINT('',(1.948545372316E+03,-2.852E-14,
    -128.4300270723));
#7337 = DIRECTION('',(0.,1.,-2.2E-16));
#7338 = DIRECTION('',(1.,0.,0.));
#7339 = ADVANCED_FACE('',(#7340,#7365,#7368,#7371,#7374,#7377,#7380,
    #7383,#7386,#7389,#7392),#7395,.T.);
#7340 = FACE_BOUND('',#7341,.F.);
#7341 = EDGE_LOOP('',(#7342,#7343,#7344,#7345,#7346,#7347,#7348,#7349,
    #7350,#7351,#7352,#7353,#7354,#7355,#7356,#7357,#7358,#7359,#7360,
    #7361,#7362,#7363,#7364));
#7342 = ORIENTED_EDGE('',*,*,#6311,.T.);
#7343 = ORIENTED_EDGE('',*,*,#6343,.T.);
#7344 = ORIENTED_EDGE('',*,*,#6375,.T.);
#7345 = ORIENTED_EDGE('',*,*,#6407,.F.);
#7346 = ORIENTED_EDGE('',*,*,#6439,.T.);
#7347 = ORIENTED_EDGE('',*,*,#6471,.T.);
#7348 = ORIENTED_EDGE('',*,*,#6503,.T.);
#7349 = ORIENTED_EDGE('',*,*,#6535,.F.);
#7350 = ORIENTED_EDGE('',*,*,#6566,.T.);
#7351 = ORIENTED_EDGE('',*,*,#6598,.T.);
#7352 = ORIENTED_EDGE('',*,*,#6630,.F.);
#7353 = ORIENTED_EDGE('',*,*,#6661,.F.);
#7354 = ORIENTED_EDGE('',*,*,#6692,.T.);
#7355 = ORIENTED_EDGE('',*,*,#6723,.T.);
#7356 = ORIENTED_EDGE('',*,*,#6754,.T.);
#7357 = ORIENTED_EDGE('',*,*,#6786,.T.);
#7358 = ORIENTED_EDGE('',*,*,#6818,.F.);
#7359 = ORIENTED_EDGE('',*,*,#6850,.T.);
#7360 = ORIENTED_EDGE('',*,*,#6882,.T.);
#7361 = ORIENTED_EDGE('',*,*,#6914,.T.);
#7362 = ORIENTED_EDGE('',*,*,#6946,.F.);
#7363 = ORIENTED_EDGE('',*,*,#6977,.F.);
#7364 = ORIENTED_EDGE('',*,*,#6999,.F.);
#7365 = FACE_BOUND('',#7366,.T.);
#7366 = EDGE_LOOP('',(#7367));
#7367 = ORIENTED_EDGE('',*,*,#7031,.T.);
#7368 = FACE_BOUND('',#7369,.T.);
#7369 = EDGE_LOOP('',(#7370));
#7370 = ORIENTED_EDGE('',*,*,#7064,.T.);
#7371 = FACE_BOUND('',#7372,.T.);
#7372 = EDGE_LOOP('',(#7373));
#7373 = ORIENTED_EDGE('',*,*,#7097,.T.);
#7374 = FACE_BOUND('',#7375,.T.);
#7375 = EDGE_LOOP('',(#7376));
#7376 = ORIENTED_EDGE('',*,*,#7130,.T.);
#7377 = FACE_BOUND('',#7378,.T.);
#7378 = EDGE_LOOP('',(#7379));
#7379 = ORIENTED_EDGE('',*,*,#7163,.T.);
#7380 = FACE_BOUND('',#7381,.T.);
#7381 = EDGE_LOOP('',(#7382));
#7382 = ORIENTED_EDGE('',*,*,#7196,.T.);
#7383 = FACE_BOUND('',#7384,.T.);
#7384 = EDGE_LOOP('',(#7385));
#7385 = ORIENTED_EDGE('',*,*,#7229,.T.);
#7386 = FACE_BOUND('',#7387,.T.);
#7387 = EDGE_LOOP('',(#7388));
#7388 = ORIENTED_EDGE('',*,*,#7262,.T.);
#7389 = FACE_BOUND('',#7390,.T.);
#7390 = EDGE_LOOP('',(#7391));
#7391 = ORIENTED_EDGE('',*,*,#7295,.T.);
#7392 = FACE_BOUND('',#7393,.T.);
#7393 = EDGE_LOOP('',(#7394));
#7394 = ORIENTED_EDGE('',*,*,#7328,.T.);
#7395 = PLANE('',#7396);
#7396 = AXIS2_PLACEMENT_3D('',#7397,#7398,#7399);
#7397 = CARTESIAN_POINT('',(982.78026553681,-2.814E-14,-126.7162245992)
  );
#7398 = DIRECTION('',(0.,1.,0.));
#7399 = DIRECTION('',(0.,0.,1.));
#7400 = ADVANCED_FACE('',(#7401,#7426,#7429,#7432,#7435,#7438,#7441,
    #7444,#7447,#7450,#7453),#7456,.F.);
#7401 = FACE_BOUND('',#7402,.T.);
#7402 = EDGE_LOOP('',(#7403,#7404,#7405,#7406,#7407,#7408,#7409,#7410,
    #7411,#7412,#7413,#7414,#7415,#7416,#7417,#7418,#7419,#7420,#7421,
    #7422,#7423,#7424,#7425));
#7403 = ORIENTED_EDGE('',*,*,#6294,.T.);
#7404 = ORIENTED_EDGE('',*,*,#6327,.T.);
#7405 = ORIENTED_EDGE('',*,*,#6358,.T.);
#7406 = ORIENTED_EDGE('',*,*,#6400,.F.);
#7407 = ORIENTED_EDGE('',*,*,#6422,.T.);
#7408 = ORIENTED_EDGE('',*,*,#6455,.T.);
#7409 = ORIENTED_EDGE('',*,*,#6486,.T.);
#7410 = ORIENTED_EDGE('',*,*,#6528,.F.);
#7411 = ORIENTED_EDGE('',*,*,#6550,.T.);
#7412 = ORIENTED_EDGE('',*,*,#6581,.T.);
#7413 = ORIENTED_EDGE('',*,*,#6623,.F.);
#7414 = ORIENTED_EDGE('',*,*,#6654,.F.);
#7415 = ORIENTED_EDGE('',*,*,#6676,.T.);
#7416 = ORIENTED_EDGE('',*,*,#6707,.T.);
#7417 = ORIENTED_EDGE('',*,*,#6738,.T.);
#7418 = ORIENTED_EDGE('',*,*,#6769,.T.);
#7419 = ORIENTED_EDGE('',*,*,#6811,.F.);
#7420 = ORIENTED_EDGE('',*,*,#6833,.T.);
#7421 = ORIENTED_EDGE('',*,*,#6866,.T.);
#7422 = ORIENTED_EDGE('',*,*,#6897,.T.);
#7423 = ORIENTED_EDGE('',*,*,#6939,.F.);
#7424 = ORIENTED_EDGE('',*,*,#6970,.F.);
#7425 = ORIENTED_EDGE('',*,*,#6992,.F.);
#7426 = FACE_BOUND('',#7427,.F.);
#7427 = EDGE_LOOP('',(#7428));
#7428 = ORIENTED_EDGE('',*,*,#7023,.T.);
#7429 = FACE_BOUND('',#7430,.F.);
#7430 = EDGE_LOOP('',(#7431));
#7431 = ORIENTED_EDGE('',*,*,#7056,.T.);
#7432 = FACE_BOUND('',#7433,.F.);
#7433 = EDGE_LOOP('',(#7434));
#7434 = ORIENTED_EDGE('',*,*,#7089,.T.);
#7435 = FACE_BOUND('',#7436,.F.);
#7436 = EDGE_LOOP('',(#7437));
#7437 = ORIENTED_EDGE('',*,*,#7122,.T.);
#7438 = FACE_BOUND('',#7439,.F.);
#7439 = EDGE_LOOP('',(#7440));
#7440 = ORIENTED_EDGE('',*,*,#7155,.T.);
#7441 = FACE_BOUND('',#7442,.F.);
#7442 = EDGE_LOOP('',(#7443));
#7443 = ORIENTED_EDGE('',*,*,#7188,.T.);
#7444 = FACE_BOUND('',#7445,.F.);
#7445 = EDGE_LOOP('',(#7446));
#7446 = ORIENTED_EDGE('',*,*,#7221,.T.);
#7447 = FACE_BOUND('',#7448,.F.);
#7448 = EDGE_LOOP('',(#7449));
#7449 = ORIENTED_EDGE('',*,*,#7254,.T.);
#7450 = FACE_BOUND('',#7451,.F.);
#7451 = EDGE_LOOP('',(#7452));
#7452 = ORIENTED_EDGE('',*,*,#7287,.T.);
#7453 = FACE_BOUND('',#7454,.F.);
#7454 = EDGE_LOOP('',(#7455));
#7455 = ORIENTED_EDGE('',*,*,#7320,.T.);
#7456 = PLANE('',#7457);
#7457 = AXIS2_PLACEMENT_3D('',#7458,#7459,#7460);
#7458 = CARTESIAN_POINT('',(982.78026553681,-15.,-126.7162245992));
#7459 = DIRECTION('',(0.,1.,0.));
#7460 = DIRECTION('',(0.,0.,1.));
#7461 = ( GEOMETRIC_REPRESENTATION_CONTEXT(3) 
GLOBAL_UNCERTAINTY_ASSIGNED_CONTEXT((#7465)) 
GLOBAL_UNIT_ASSIGNED_CONTEXT((#7462,#7463,#7464)) REPRESENTATION_CONTEXT
('Context #1','3D Context with UNIT and UNCERTAINTY') );
#7462 = ( LENGTH_UNIT() NAMED_UNIT(*) SI_UNIT(.MILLI.,.METRE.) );
#7463 = ( NAMED_UNIT(*) PLANE_ANGLE_UNIT() SI_UNIT($,.RADIAN.) );
#7464 = ( NAMED_UNIT(*) SI_UNIT($,.STERADIAN.) SOLID_ANGLE_UNIT() );
#7465 = UNCERTAINTY_MEASURE_WITH_UNIT(LENGTH_MEASURE(1.E-07),#7462,
  'distance_accuracy_value','confusion accuracy');
#7466 = CONTEXT_DEPENDENT_SHAPE_REPRESENTATION(#7467,#7469);
#7467 = ( REPRESENTATION_RELATIONSHIP('','',#6277,#4380) 
REPRESENTATION_RELATIONSHIP_WITH_TRANSFORMATION(#7468) 
SHAPE_REPRESENTATION_RELATIONSHIP() );
#7468 = ITEM_DEFINED_TRANSFORMATION('','',#11,#4389);
#7469 = PRODUCT_DEFINITION_SHAPE('Placement','Placement of an item',
  #7470);
#7470 = NEXT_ASSEMBLY_USAGE_OCCURRENCE('24','Body019','',#4375,#6272,$);
#7471 = CC_DESIGN_SECURITY_CLASSIFICATION(#7472,(#7470));
#7472 = SECURITY_CLASSIFICATION('','',#47);
#7473 = CC_DESIGN_PERSON_AND_ORGANIZATION_ASSIGNMENT(#36,#45,(#7472));
#7474 = CC_DESIGN_DATE_AND_TIME_ASSIGNMENT(#50,#56,(#7472));
#7475 = CC_DESIGN_APPROVAL(#58,(#7472));
#7476 = PRODUCT_RELATED_PRODUCT_CATEGORY('detail',$,(#6274));
#7477 = PRODUCT_CATEGORY_RELATIONSHIP('','',#7478,#7476);
#7478 = PRODUCT_CATEGORY('part',$);
#7479 = CC_DESIGN_PERSON_AND_ORGANIZATION_ASSIGNMENT(#36,#39,(#6273,
    #6272));
#7480 = CC_DESIGN_PERSON_AND_ORGANIZATION_ASSIGNMENT(#36,#41,(#6274));
#7481 = CC_DESIGN_PERSON_AND_ORGANIZATION_ASSIGNMENT(#36,#43,(#6273));
#7482 = CC_DESIGN_PERSON_AND_ORGANIZATION_ASSIGNMENT(#36,#45,(#7483));
#7483 = SECURITY_CLASSIFICATION('','',#47);
#7484 = CC_DESIGN_SECURITY_CLASSIFICATION(#7483,(#6273));
#7485 = CC_DESIGN_DATE_AND_TIME_ASSIGNMENT(#50,#54,(#6272));
#7486 = CC_DESIGN_DATE_AND_TIME_ASSIGNMENT(#50,#56,(#7483));
#7487 = CC_DESIGN_APPROVAL(#58,(#6273,#6272,#7483));
#7488 = MECHANICAL_DESIGN_GEOMETRIC_PRESENTATION_REPRESENTATION('',(
    #7489),#3268);
#7489 = STYLED_ITEM('color',(#7490),#2566);
#7490 = PRESENTATION_STYLE_ASSIGNMENT((#7491,#7497));
#7491 = SURFACE_STYLE_USAGE(.BOTH.,#7492);
#7492 = SURFACE_SIDE_STYLE('',(#7493));
#7493 = SURFACE_STYLE_FILL_AREA(#7494);
#7494 = FILL_AREA_STYLE('',(#7495));
#7495 = FILL_AREA_STYLE_COLOUR('',#7496);
#7496 = COLOUR_RGB('',0.447058818107,0.474509808674,0.501960817233);
#7497 = CURVE_STYLE('',#7498,POSITIVE_LENGTH_MEASURE(0.1),#7499);
#7498 = DRAUGHTING_PRE_DEFINED_CURVE_FONT('continuous');
#7499 = COLOUR_RGB('',9.803921802644E-02,9.803921802644E-02,
  9.803921802644E-02);
#7500 = MECHANICAL_DESIGN_GEOMETRIC_PRESENTATION_REPRESENTATION('',(
    #7501),#5506);
#7501 = STYLED_ITEM('color',(#7502),#4428);
#7502 = PRESENTATION_STYLE_ASSIGNMENT((#7503,#7508));
#7503 = SURFACE_STYLE_USAGE(.BOTH.,#7504);
#7504 = SURFACE_SIDE_STYLE('',(#7505));
#7505 = SURFACE_STYLE_FILL_AREA(#7506);
#7506 = FILL_AREA_STYLE('',(#7507));
#7507 = FILL_AREA_STYLE_COLOUR('',#7496);
#7508 = CURVE_STYLE('',#7509,POSITIVE_LENGTH_MEASURE(0.1),#7499);
#7509 = DRAUGHTING_PRE_DEFINED_CURVE_FONT('continuous');
#7510 = MECHANICAL_DESIGN_GEOMETRIC_PRESENTATION_REPRESENTATION('',(
    #7511),#2531);
#7511 = STYLED_ITEM('color',(#7512),#1593);
#7512 = PRESENTATION_STYLE_ASSIGNMENT((#7513,#7518));
#7513 = SURFACE_STYLE_USAGE(.BOTH.,#7514);
#7514 = SURFACE_SIDE_STYLE('',(#7515));
#7515 = SURFACE_STYLE_FILL_AREA(#7516);
#7516 = FILL_AREA_STYLE('',(#7517));
#7517 = FILL_AREA_STYLE_COLOUR('',#7496);
#7518 = CURVE_STYLE('',#7519,POSITIVE_LENGTH_MEASURE(0.1),#7499);
#7519 = DRAUGHTING_PRE_DEFINED_CURVE_FONT('continuous');
#7520 = MECHANICAL_DESIGN_GEOMETRIC_PRESENTATION_REPRESENTATION('',(
    #7521),#6243);
#7521 = STYLED_ITEM('color',(#7522),#5541);
#7522 = PRESENTATION_STYLE_ASSIGNMENT((#7523,#7528));
#7523 = SURFACE_STYLE_USAGE(.BOTH.,#7524);
#7524 = SURFACE_SIDE_STYLE('',(#7525));
#7525 = SURFACE_STYLE_FILL_AREA(#7526);
#7526 = FILL_AREA_STYLE('',(#7527));
#7527 = FILL_AREA_STYLE_COLOUR('',#7496);
#7528 = CURVE_STYLE('',#7529,POSITIVE_LENGTH_MEASURE(0.1),#7499);
#7529 = DRAUGHTING_PRE_DEFINED_CURVE_FONT('continuous');
#7530 = MECHANICAL_DESIGN_GEOMETRIC_PRESENTATION_REPRESENTATION('',(
    #7531),#878);
#7531 = STYLED_ITEM('color',(#7532),#728);
#7532 = PRESENTATION_STYLE_ASSIGNMENT((#7533,#7538));
#7533 = SURFACE_STYLE_USAGE(.BOTH.,#7534);
#7534 = SURFACE_SIDE_STYLE('',(#7535));
#7535 = SURFACE_STYLE_FILL_AREA(#7536);
#7536 = FILL_AREA_STYLE('',(#7537));
#7537 = FILL_AREA_STYLE_COLOUR('',#7496);
#7538 = CURVE_STYLE('',#7539,POSITIVE_LENGTH_MEASURE(0.1),#7499);
#7539 = DRAUGHTING_PRE_DEFINED_CURVE_FONT('continuous');
#7540 = MECHANICAL_DESIGN_GEOMETRIC_PRESENTATION_REPRESENTATION('',(
    #7541),#1511);
#7541 = STYLED_ITEM('color',(#7542),#1361);
#7542 = PRESENTATION_STYLE_ASSIGNMENT((#7543,#7548));
#7543 = SURFACE_STYLE_USAGE(.BOTH.,#7544);
#7544 = SURFACE_SIDE_STYLE('',(#7545));
#7545 = SURFACE_STYLE_FILL_AREA(#7546);
#7546 = FILL_AREA_STYLE('',(#7547));
#7547 = FILL_AREA_STYLE_COLOUR('',#7496);
#7548 = CURVE_STYLE('',#7549,POSITIVE_LENGTH_MEASURE(0.1),#7499);
#7549 = DRAUGHTING_PRE_DEFINED_CURVE_FONT('continuous');
#7550 = MECHANICAL_DESIGN_GEOMETRIC_PRESENTATION_REPRESENTATION('',(
    #7551),#4346);
#7551 = STYLED_ITEM('color',(#7552),#3303);
#7552 = PRESENTATION_STYLE_ASSIGNMENT((#7553,#7558));
#7553 = SURFACE_STYLE_USAGE(.BOTH.,#7554);
#7554 = SURFACE_SIDE_STYLE('',(#7555));
#7555 = SURFACE_STYLE_FILL_AREA(#7556);
#7556 = FILL_AREA_STYLE('',(#7557));
#7557 = FILL_AREA_STYLE_COLOUR('',#7496);
#7558 = CURVE_STYLE('',#7559,POSITIVE_LENGTH_MEASURE(0.1),#7499);
#7559 = DRAUGHTING_PRE_DEFINED_CURVE_FONT('continuous');
#7560 = MECHANICAL_DESIGN_GEOMETRIC_PRESENTATION_REPRESENTATION('',(
    #7561),#561);
#7561 = STYLED_ITEM('color',(#7562),#370);
#7562 = PRESENTATION_STYLE_ASSIGNMENT((#7563,#7568));
#7563 = SURFACE_STYLE_USAGE(.BOTH.,#7564);
#7564 = SURFACE_SIDE_STYLE('',(#7565));
#7565 = SURFACE_STYLE_FILL_AREA(#7566);
#7566 = FILL_AREA_STYLE('',(#7567));
#7567 = FILL_AREA_STYLE_COLOUR('',#7496);
#7568 = CURVE_STYLE('',#7569,POSITIVE_LENGTH_MEASURE(0.1),#7499);
#7569 = DRAUGHTING_PRE_DEFINED_CURVE_FONT('continuous');
#7570 = MECHANICAL_DESIGN_GEOMETRIC_PRESENTATION_REPRESENTATION('',(
    #7571),#1321);
#7571 = STYLED_ITEM('color',(#7572),#998);
#7572 = PRESENTATION_STYLE_ASSIGNMENT((#7573,#7578));
#7573 = SURFACE_STYLE_USAGE(.BOTH.,#7574);
#7574 = SURFACE_SIDE_STYLE('',(#7575));
#7575 = SURFACE_STYLE_FILL_AREA(#7576);
#7576 = FILL_AREA_STYLE('',(#7577));
#7577 = FILL_AREA_STYLE_COLOUR('',#7496);
#7578 = CURVE_STYLE('',#7579,POSITIVE_LENGTH_MEASURE(0.1),#7499);
#7579 = DRAUGHTING_PRE_DEFINED_CURVE_FONT('continuous');
#7580 = MECHANICAL_DESIGN_GEOMETRIC_PRESENTATION_REPRESENTATION('',(
    #7581),#7461);
#7581 = STYLED_ITEM('color',(#7582),#6278);
#7582 = PRESENTATION_STYLE_ASSIGNMENT((#7583,#7588));
#7583 = SURFACE_STYLE_USAGE(.BOTH.,#7584);
#7584 = SURFACE_SIDE_STYLE('',(#7585));
#7585 = SURFACE_STYLE_FILL_AREA(#7586);
#7586 = FILL_AREA_STYLE('',(#7587));
#7587 = FILL_AREA_STYLE_COLOUR('',#7496);
#7588 = CURVE_STYLE('',#7589,POSITIVE_LENGTH_MEASURE(0.1),#7499);
#7589 = DRAUGHTING_PRE_DEFINED_CURVE_FONT('continuous');
#7590 = MECHANICAL_DESIGN_GEOMETRIC_PRESENTATION_REPRESENTATION('',(
    #7591),#280);
#7591 = STYLED_ITEM('color',(#7592),#130);
#7592 = PRESENTATION_STYLE_ASSIGNMENT((#7593,#7598));
#7593 = SURFACE_STYLE_USAGE(.BOTH.,#7594);
#7594 = SURFACE_SIDE_STYLE('',(#7595));
#7595 = SURFACE_STYLE_FILL_AREA(#7596);
#7596 = FILL_AREA_STYLE('',(#7597));
#7597 = FILL_AREA_STYLE_COLOUR('',#7496);
#7598 = CURVE_STYLE('',#7599,POSITIVE_LENGTH_MEASURE(0.1),#7499);
#7599 = DRAUGHTING_PRE_DEFINED_CURVE_FONT('continuous');
#7600 = MECHANICAL_DESIGN_GEOMETRIC_PRESENTATION_REPRESENTATION('',(
    #7601),#693);
#7601 = STYLED_ITEM('color',(#7602),#601);
#7602 = PRESENTATION_STYLE_ASSIGNMENT((#7603,#7608));
#7603 = SURFACE_STYLE_USAGE(.BOTH.,#7604);
#7604 = SURFACE_SIDE_STYLE('',(#7605));
#7605 = SURFACE_STYLE_FILL_AREA(#7606);
#7606 = FILL_AREA_STYLE('',(#7607));
#7607 = FILL_AREA_STYLE_COLOUR('',#7496);
#7608 = CURVE_STYLE('',#7609,POSITIVE_LENGTH_MEASURE(0.1),#7499);
#7609 = DRAUGHTING_PRE_DEFINED_CURVE_FONT('continuous');
ENDSEC;
END-ISO-10303-21;
